2025-08-16 03:34:37,190 -                train: [    INFO] - Training in distributed mode with multiple processes, 1 GPU per process. Process 1, total 4.
2025-08-16 03:34:37,190 -                train: [    INFO] - Training in distributed mode with multiple processes, 1 GPU per process. Process 3, total 4.
2025-08-16 03:34:37,190 -                train: [    INFO] - Training in distributed mode with multiple processes, 1 GPU per process. Process 0, total 4.
2025-08-16 03:34:37,190 -                train: [    INFO] - Training in distributed mode with multiple processes, 1 GPU per process. Process 2, total 4.
2025-08-16 03:34:37,342 -               dinov3: [    INFO] - using base=100 for rope new
2025-08-16 03:34:37,342 -               dinov3: [    INFO] - using base=100 for rope new
2025-08-16 03:34:37,342 -               dinov3: [    INFO] - using min_period=None for rope new
2025-08-16 03:34:37,342 -               dinov3: [    INFO] - using min_period=None for rope new
2025-08-16 03:34:37,342 -               dinov3: [    INFO] - using max_period=None for rope new
2025-08-16 03:34:37,342 -               dinov3: [    INFO] - using base=100 for rope new
2025-08-16 03:34:37,342 -               dinov3: [    INFO] - using max_period=None for rope new
2025-08-16 03:34:37,343 -               dinov3: [    INFO] - using base=100 for rope new
2025-08-16 03:34:37,344 -               dinov3: [    INFO] - using normalize_coords=separate for rope new
2025-08-16 03:34:37,344 -               dinov3: [    INFO] - using normalize_coords=separate for rope new
2025-08-16 03:34:37,344 -               dinov3: [    INFO] - using min_period=None for rope new
2025-08-16 03:34:37,344 -               dinov3: [    INFO] - using shift_coords=None for rope new
2025-08-16 03:34:37,344 -               dinov3: [    INFO] - using shift_coords=None for rope new
2025-08-16 03:34:37,344 -               dinov3: [    INFO] - using min_period=None for rope new
2025-08-16 03:34:37,344 -               dinov3: [    INFO] - using max_period=None for rope new
2025-08-16 03:34:37,344 -               dinov3: [    INFO] - using rescale_coords=2 for rope new
2025-08-16 03:34:37,344 -               dinov3: [    INFO] - using rescale_coords=2 for rope new
2025-08-16 03:34:37,344 -               dinov3: [    INFO] - using normalize_coords=separate for rope new
2025-08-16 03:34:37,344 -               dinov3: [    INFO] - using jitter_coords=None for rope new
2025-08-16 03:34:37,344 -               dinov3: [    INFO] - using max_period=None for rope new
2025-08-16 03:34:37,345 -               dinov3: [    INFO] - using shift_coords=None for rope new
2025-08-16 03:34:37,344 -               dinov3: [    INFO] - using jitter_coords=None for rope new
2025-08-16 03:34:37,345 -               dinov3: [    INFO] - using dtype=fp32 for rope new
2025-08-16 03:34:37,345 -               dinov3: [    INFO] - using rescale_coords=2 for rope new
2025-08-16 03:34:37,345 -               dinov3: [    INFO] - using normalize_coords=separate for rope new
2025-08-16 03:34:37,345 -               dinov3: [    INFO] - using dtype=fp32 for rope new
2025-08-16 03:34:37,345 -               dinov3: [    INFO] - using jitter_coords=None for rope new
2025-08-16 03:34:37,345 -               dinov3: [    INFO] - using shift_coords=None for rope new
2025-08-16 03:34:37,345 -               dinov3: [    INFO] - using dtype=fp32 for rope new
2025-08-16 03:34:37,345 -               dinov3: [    INFO] - using rescale_coords=2 for rope new
2025-08-16 03:34:37,345 -               dinov3: [    INFO] - using jitter_coords=None for rope new
2025-08-16 03:34:37,345 -               dinov3: [    INFO] - using dtype=fp32 for rope new
2025-08-16 03:34:37,346 -               dinov3: [    INFO] - using mlp layer as FFN
2025-08-16 03:34:37,346 -               dinov3: [    INFO] - using mlp layer as FFN
2025-08-16 03:34:37,346 -               dinov3: [    INFO] - using mlp layer as FFN
2025-08-16 03:34:37,347 -               dinov3: [    INFO] - using mlp layer as FFN
2025-08-16 03:34:37,517 -                train: [    INFO] - Model resnet18 created, param count:11490724
2025-08-16 03:34:37,517 -     timm.data.config: [    INFO] - Data processing configuration for current model + dataset:
2025-08-16 03:34:37,519 -     timm.data.config: [    INFO] - 	input_size: (3, 224, 224)
2025-08-16 03:34:37,519 -     timm.data.config: [    INFO] - 	interpolation: bicubic
2025-08-16 03:34:37,519 -     timm.data.config: [    INFO] - 	mean: (0.485, 0.456, 0.406)
2025-08-16 03:34:37,519 -     timm.data.config: [    INFO] - 	std: (0.229, 0.224, 0.225)
2025-08-16 03:34:37,519 -     timm.data.config: [    INFO] - 	crop_pct: 0.875
2025-08-16 03:34:37,521 -                train: [    INFO] - Converted model to use Synchronized BatchNorm. WARNING: You may have issues if using zero initialized BN layers (enabled by default for ResNets) while sync-bn enabled.
2025-08-16 03:34:38,979 -                train: [    INFO] - 
-------------------------------
Learnable parameters
Student: 11.49M
Extra: 0.00M
-------------------------------
2025-08-16 03:34:38,981 -                train: [    INFO] - AMP not enabled. Training in float32.
2025-08-16 03:34:38,981 -                train: [    INFO] - Using native Torch DistributedDataParallel.
2025-08-16 03:34:39,367 -                train: [    INFO] - Scheduled epochs: 240
2025-08-16 03:34:41,331 -                train: [    INFO] - Train: 0 [   0/97 (  0%)]  Loss: 503.5 (504.)  Loss_feat: 498.9 (499.)  Loss_gt: 4.645 (4.65) LR: 1.000e-04
2025-08-16 03:34:57,429 -                train: [    INFO] - Train: 0 [  96/97 (100%)]  Loss: 399.9 (452.)  Loss_feat: 395.3 (447.)  Loss_gt: 4.642 (4.64) LR: 1.000e-04
2025-08-16 03:34:57,430 -                train: [    INFO] - Distributing BatchNorm running means and vars
2025-08-16 03:34:58,080 -                train: [    INFO] - Test: [   0/19]  Time: 0.647 (0.647)  Loss:  4.5981 (4.5981)  Acc@1:  1.3672 ( 1.3672)  Acc@5:  6.4453 ( 6.4453)
2025-08-16 03:34:58,674 -                train: [    INFO] - Test: [  19/19]  Time: 0.144 (0.062)  Loss:  4.5985 (4.6136)  Acc@1:  1.4706 ( 1.0700)  Acc@5:  5.8824 ( 5.6100)
2025-08-16 03:34:58,904 - timm.utils.checkpoint_saver: [    INFO] - Current checkpoints:
 ('./output/train/20250816-033439-resnet18-224/checkpoint/checkpoint-0.pth.tar', 1.0699999992370606)

2025-08-16 03:34:59,223 -                train: [    INFO] - Train: 1 [   0/97 (  0%)]  Loss: 399.1 (399.)  Loss_feat: 394.5 (395.)  Loss_gt: 4.622 (4.62) LR: 1.673e-02
2025-08-16 03:35:15,122 -                train: [    INFO] - Train: 1 [  96/97 (100%)]  Loss: 250.6 (325.)  Loss_feat: 246.4 (320.)  Loss_gt: 4.258 (4.44) LR: 1.673e-02
2025-08-16 03:35:15,123 -                train: [    INFO] - Distributing BatchNorm running means and vars
2025-08-16 03:35:15,419 -                train: [    INFO] - Test: [   0/19]  Time: 0.293 (0.293)  Loss:  4.1882 (4.1882)  Acc@1:  7.6172 ( 7.6172)  Acc@5: 23.8281 (23.8281)
2025-08-16 03:35:15,943 -                train: [    INFO] - Test: [  19/19]  Time: 0.009 (0.041)  Loss:  4.1302 (4.1713)  Acc@1:  4.7794 ( 8.0000)  Acc@5: 24.2647 (24.2900)
2025-08-16 03:35:16,253 - timm.utils.checkpoint_saver: [    INFO] - Current checkpoints:
 ('./output/train/20250816-033439-resnet18-224/checkpoint/checkpoint-1.pth.tar', 7.999999987792969)
 ('./output/train/20250816-033439-resnet18-224/checkpoint/checkpoint-0.pth.tar', 1.0699999992370606)

2025-08-16 03:35:16,528 -                train: [    INFO] - Train: 2 [   0/97 (  0%)]  Loss: 252.3 (252.)  Loss_feat: 248.1 (248.)  Loss_gt: 4.277 (4.28) LR: 3.337e-02
2025-08-16 03:35:32,416 -                train: [    INFO] - Train: 2 [  96/97 (100%)]  Loss: 246.7 (250.)  Loss_feat: 242.6 (245.)  Loss_gt: 4.084 (4.18) LR: 3.337e-02
2025-08-16 03:35:32,416 -                train: [    INFO] - Distributing BatchNorm running means and vars
2025-08-16 03:35:32,744 -                train: [    INFO] - Test: [   0/19]  Time: 0.324 (0.324)  Loss:  5.2995 (5.2995)  Acc@1:  8.3984 ( 8.3984)  Acc@5: 28.1250 (28.1250)
2025-08-16 03:35:33,254 -                train: [    INFO] - Test: [  19/19]  Time: 0.009 (0.042)  Loss:  5.7248 (5.4476)  Acc@1:  8.8235 ( 9.3400)  Acc@5: 30.5147 (28.7400)
2025-08-16 03:35:33,476 - timm.utils.checkpoint_saver: [    INFO] - Current checkpoints:
 ('./output/train/20250816-033439-resnet18-224/checkpoint/checkpoint-2.pth.tar', 9.339999995422364)
 ('./output/train/20250816-033439-resnet18-224/checkpoint/checkpoint-1.pth.tar', 7.999999987792969)
 ('./output/train/20250816-033439-resnet18-224/checkpoint/checkpoint-0.pth.tar', 1.0699999992370606)

2025-08-16 03:35:33,867 -                train: [    INFO] - Train: 3 [   0/97 (  0%)]  Loss: 244.6 (245.)  Loss_feat: 240.7 (241.)  Loss_gt: 3.926 (3.93) LR: 5.000e-02
2025-08-16 03:35:49,913 -                train: [    INFO] - Train: 3 [  96/97 (100%)]  Loss: 237.4 (241.)  Loss_feat: 233.6 (237.)  Loss_gt: 3.796 (3.86) LR: 5.000e-02
2025-08-16 03:35:49,913 -                train: [    INFO] - Distributing BatchNorm running means and vars
2025-08-16 03:35:50,230 -                train: [    INFO] - Test: [   0/19]  Time: 0.312 (0.312)  Loss:  3.6146 (3.6146)  Acc@1: 12.3047 (12.3047)  Acc@5: 36.5234 (36.5234)
2025-08-16 03:35:50,740 -                train: [    INFO] - Test: [  19/19]  Time: 0.009 (0.041)  Loss:  3.5760 (3.5799)  Acc@1: 13.6029 (14.9800)  Acc@5: 40.0735 (40.2000)
2025-08-16 03:35:51,050 - timm.utils.checkpoint_saver: [    INFO] - Current checkpoints:
 ('./output/train/20250816-033439-resnet18-224/checkpoint/checkpoint-3.pth.tar', 14.979999983215333)
 ('./output/train/20250816-033439-resnet18-224/checkpoint/checkpoint-2.pth.tar', 9.339999995422364)
 ('./output/train/20250816-033439-resnet18-224/checkpoint/checkpoint-1.pth.tar', 7.999999987792969)
 ('./output/train/20250816-033439-resnet18-224/checkpoint/checkpoint-0.pth.tar', 1.0699999992370606)

2025-08-16 03:35:51,341 -                train: [    INFO] - Train: 4 [   0/97 (  0%)]  Loss: 238.4 (238.)  Loss_feat: 234.7 (235.)  Loss_gt: 3.681 (3.68) LR: 5.000e-02
2025-08-16 03:36:07,363 -                train: [    INFO] - Train: 4 [  96/97 (100%)]  Loss: 234.3 (236.)  Loss_feat: 230.8 (233.)  Loss_gt: 3.526 (3.60) LR: 5.000e-02
2025-08-16 03:36:07,364 -                train: [    INFO] - Distributing BatchNorm running means and vars
2025-08-16 03:36:07,739 -                train: [    INFO] - Test: [   0/19]  Time: 0.372 (0.372)  Loss:  3.3274 (3.3274)  Acc@1: 19.5312 (19.5312)  Acc@5: 48.4375 (48.4375)
2025-08-16 03:36:08,207 -                train: [    INFO] - Test: [  19/19]  Time: 0.009 (0.042)  Loss:  3.2282 (3.2579)  Acc@1: 25.7353 (20.9800)  Acc@5: 50.7353 (50.5400)
2025-08-16 03:36:08,535 - timm.utils.checkpoint_saver: [    INFO] - Current checkpoints:
 ('./output/train/20250816-033439-resnet18-224/checkpoint/checkpoint-4.pth.tar', 20.980000006103516)
 ('./output/train/20250816-033439-resnet18-224/checkpoint/checkpoint-3.pth.tar', 14.979999983215333)
 ('./output/train/20250816-033439-resnet18-224/checkpoint/checkpoint-2.pth.tar', 9.339999995422364)
 ('./output/train/20250816-033439-resnet18-224/checkpoint/checkpoint-1.pth.tar', 7.999999987792969)
 ('./output/train/20250816-033439-resnet18-224/checkpoint/checkpoint-0.pth.tar', 1.0699999992370606)

2025-08-16 03:36:08,801 -                train: [    INFO] - Train: 5 [   0/97 (  0%)]  Loss: 233.8 (234.)  Loss_feat: 230.2 (230.)  Loss_gt: 3.581 (3.58) LR: 5.000e-02
2025-08-16 03:36:24,735 -                train: [    INFO] - Train: 5 [  96/97 (100%)]  Loss: 229.7 (232.)  Loss_feat: 226.3 (228.)  Loss_gt: 3.409 (3.49) LR: 5.000e-02
2025-08-16 03:36:24,736 -                train: [    INFO] - Distributing BatchNorm running means and vars
2025-08-16 03:36:25,027 -                train: [    INFO] - Test: [   0/19]  Time: 0.287 (0.287)  Loss:  3.3269 (3.3269)  Acc@1: 20.8984 (20.8984)  Acc@5: 48.2422 (48.2422)
2025-08-16 03:36:25,561 -                train: [    INFO] - Test: [  19/19]  Time: 0.009 (0.041)  Loss:  3.3743 (3.3231)  Acc@1: 20.2206 (20.9800)  Acc@5: 46.6912 (47.4800)
2025-08-16 03:36:25,895 - timm.utils.checkpoint_saver: [    INFO] - Current checkpoints:
 ('./output/train/20250816-033439-resnet18-224/checkpoint/checkpoint-5.pth.tar', 20.980000012207032)
 ('./output/train/20250816-033439-resnet18-224/checkpoint/checkpoint-4.pth.tar', 20.980000006103516)
 ('./output/train/20250816-033439-resnet18-224/checkpoint/checkpoint-3.pth.tar', 14.979999983215333)
 ('./output/train/20250816-033439-resnet18-224/checkpoint/checkpoint-2.pth.tar', 9.339999995422364)
 ('./output/train/20250816-033439-resnet18-224/checkpoint/checkpoint-1.pth.tar', 7.999999987792969)
 ('./output/train/20250816-033439-resnet18-224/checkpoint/checkpoint-0.pth.tar', 1.0699999992370606)

2025-08-16 03:36:26,181 -                train: [    INFO] - Train: 6 [   0/97 (  0%)]  Loss: 231.3 (231.)  Loss_feat: 227.9 (228.)  Loss_gt: 3.363 (3.36) LR: 5.000e-02
2025-08-16 03:36:42,152 -                train: [    INFO] - Train: 6 [  96/97 (100%)]  Loss: 227.3 (229.)  Loss_feat: 224.0 (226.)  Loss_gt: 3.327 (3.35) LR: 5.000e-02
2025-08-16 03:36:42,152 -                train: [    INFO] - Distributing BatchNorm running means and vars
2025-08-16 03:36:42,523 -                train: [    INFO] - Test: [   0/19]  Time: 0.367 (0.367)  Loss:  3.0977 (3.0977)  Acc@1: 25.0000 (25.0000)  Acc@5: 54.4922 (54.4922)
2025-08-16 03:36:43,004 -                train: [    INFO] - Test: [  19/19]  Time: 0.009 (0.042)  Loss:  2.9702 (3.0234)  Acc@1: 29.0441 (26.2900)  Acc@5: 59.1912 (55.4500)
2025-08-16 03:36:43,256 - timm.utils.checkpoint_saver: [    INFO] - Current checkpoints:
 ('./output/train/20250816-033439-resnet18-224/checkpoint/checkpoint-6.pth.tar', 26.28999998168945)
 ('./output/train/20250816-033439-resnet18-224/checkpoint/checkpoint-5.pth.tar', 20.980000012207032)
 ('./output/train/20250816-033439-resnet18-224/checkpoint/checkpoint-4.pth.tar', 20.980000006103516)
 ('./output/train/20250816-033439-resnet18-224/checkpoint/checkpoint-3.pth.tar', 14.979999983215333)
 ('./output/train/20250816-033439-resnet18-224/checkpoint/checkpoint-2.pth.tar', 9.339999995422364)
 ('./output/train/20250816-033439-resnet18-224/checkpoint/checkpoint-1.pth.tar', 7.999999987792969)
 ('./output/train/20250816-033439-resnet18-224/checkpoint/checkpoint-0.pth.tar', 1.0699999992370606)

2025-08-16 03:36:43,582 -                train: [    INFO] - Train: 7 [   0/97 (  0%)]  Loss: 228.7 (229.)  Loss_feat: 225.3 (225.)  Loss_gt: 3.368 (3.37) LR: 5.000e-02
2025-08-16 03:36:59,601 -                train: [    INFO] - Train: 7 [  96/97 (100%)]  Loss: 223.2 (226.)  Loss_feat: 220.2 (223.)  Loss_gt: 3.042 (3.20) LR: 5.000e-02
2025-08-16 03:36:59,601 -                train: [    INFO] - Distributing BatchNorm running means and vars
2025-08-16 03:36:59,964 -                train: [    INFO] - Test: [   0/19]  Time: 0.359 (0.359)  Loss:  2.5511 (2.5511)  Acc@1: 38.0859 (38.0859)  Acc@5: 67.5781 (67.5781)
2025-08-16 03:37:00,443 -                train: [    INFO] - Test: [  19/19]  Time: 0.009 (0.042)  Loss:  2.5559 (2.5435)  Acc@1: 36.3971 (35.5500)  Acc@5: 68.7500 (68.2400)
2025-08-16 03:37:00,754 - timm.utils.checkpoint_saver: [    INFO] - Current checkpoints:
 ('./output/train/20250816-033439-resnet18-224/checkpoint/checkpoint-7.pth.tar', 35.549999938964845)
 ('./output/train/20250816-033439-resnet18-224/checkpoint/checkpoint-6.pth.tar', 26.28999998168945)
 ('./output/train/20250816-033439-resnet18-224/checkpoint/checkpoint-5.pth.tar', 20.980000012207032)
 ('./output/train/20250816-033439-resnet18-224/checkpoint/checkpoint-4.pth.tar', 20.980000006103516)
 ('./output/train/20250816-033439-resnet18-224/checkpoint/checkpoint-3.pth.tar', 14.979999983215333)
 ('./output/train/20250816-033439-resnet18-224/checkpoint/checkpoint-2.pth.tar', 9.339999995422364)
 ('./output/train/20250816-033439-resnet18-224/checkpoint/checkpoint-1.pth.tar', 7.999999987792969)
 ('./output/train/20250816-033439-resnet18-224/checkpoint/checkpoint-0.pth.tar', 1.0699999992370606)

2025-08-16 03:37:01,036 -                train: [    INFO] - Train: 8 [   0/97 (  0%)]  Loss: 224.3 (224.)  Loss_feat: 221.2 (221.)  Loss_gt: 3.093 (3.09) LR: 5.000e-02
2025-08-16 03:37:17,036 -                train: [    INFO] - Train: 8 [  96/97 (100%)]  Loss: 222.2 (223.)  Loss_feat: 219.2 (220.)  Loss_gt: 2.933 (3.01) LR: 5.000e-02
2025-08-16 03:37:17,037 -                train: [    INFO] - Distributing BatchNorm running means and vars
2025-08-16 03:37:17,405 -                train: [    INFO] - Test: [   0/19]  Time: 0.364 (0.364)  Loss:  2.4522 (2.4522)  Acc@1: 39.2578 (39.2578)  Acc@5: 71.4844 (71.4844)
2025-08-16 03:37:17,881 -                train: [    INFO] - Test: [  19/19]  Time: 0.009 (0.042)  Loss:  2.3823 (2.4388)  Acc@1: 39.7059 (37.4300)  Acc@5: 69.1176 (70.2500)
2025-08-16 03:37:18,249 - timm.utils.checkpoint_saver: [    INFO] - Current checkpoints:
 ('./output/train/20250816-033439-resnet18-224/checkpoint/checkpoint-8.pth.tar', 37.430000018310544)
 ('./output/train/20250816-033439-resnet18-224/checkpoint/checkpoint-7.pth.tar', 35.549999938964845)
 ('./output/train/20250816-033439-resnet18-224/checkpoint/checkpoint-6.pth.tar', 26.28999998168945)
 ('./output/train/20250816-033439-resnet18-224/checkpoint/checkpoint-5.pth.tar', 20.980000012207032)
 ('./output/train/20250816-033439-resnet18-224/checkpoint/checkpoint-4.pth.tar', 20.980000006103516)
 ('./output/train/20250816-033439-resnet18-224/checkpoint/checkpoint-3.pth.tar', 14.979999983215333)
 ('./output/train/20250816-033439-resnet18-224/checkpoint/checkpoint-2.pth.tar', 9.339999995422364)
 ('./output/train/20250816-033439-resnet18-224/checkpoint/checkpoint-1.pth.tar', 7.999999987792969)
 ('./output/train/20250816-033439-resnet18-224/checkpoint/checkpoint-0.pth.tar', 1.0699999992370606)

2025-08-16 03:37:18,526 -                train: [    INFO] - Train: 9 [   0/97 (  0%)]  Loss: 222.4 (222.)  Loss_feat: 219.6 (220.)  Loss_gt: 2.844 (2.84) LR: 5.000e-02
2025-08-16 03:37:34,462 -                train: [    INFO] - Train: 9 [  96/97 (100%)]  Loss: 221.6 (222.)  Loss_feat: 218.8 (219.)  Loss_gt: 2.855 (2.85) LR: 5.000e-02
2025-08-16 03:37:34,462 -                train: [    INFO] - Distributing BatchNorm running means and vars
2025-08-16 03:37:34,784 -                train: [    INFO] - Test: [   0/19]  Time: 0.318 (0.318)  Loss:  2.2868 (2.2868)  Acc@1: 40.2344 (40.2344)  Acc@5: 72.0703 (72.0703)
2025-08-16 03:37:35,261 -                train: [    INFO] - Test: [  19/19]  Time: 0.009 (0.040)  Loss:  2.3273 (2.2949)  Acc@1: 38.2353 (40.1100)  Acc@5: 70.2206 (72.8900)
2025-08-16 03:37:35,438 - timm.utils.checkpoint_saver: [    INFO] - Current checkpoints:
 ('./output/train/20250816-033439-resnet18-224/checkpoint/checkpoint-9.pth.tar', 40.11000000610352)
 ('./output/train/20250816-033439-resnet18-224/checkpoint/checkpoint-8.pth.tar', 37.430000018310544)
 ('./output/train/20250816-033439-resnet18-224/checkpoint/checkpoint-7.pth.tar', 35.549999938964845)
 ('./output/train/20250816-033439-resnet18-224/checkpoint/checkpoint-6.pth.tar', 26.28999998168945)
 ('./output/train/20250816-033439-resnet18-224/checkpoint/checkpoint-5.pth.tar', 20.980000012207032)
 ('./output/train/20250816-033439-resnet18-224/checkpoint/checkpoint-4.pth.tar', 20.980000006103516)
 ('./output/train/20250816-033439-resnet18-224/checkpoint/checkpoint-3.pth.tar', 14.979999983215333)
 ('./output/train/20250816-033439-resnet18-224/checkpoint/checkpoint-2.pth.tar', 9.339999995422364)
 ('./output/train/20250816-033439-resnet18-224/checkpoint/checkpoint-1.pth.tar', 7.999999987792969)
 ('./output/train/20250816-033439-resnet18-224/checkpoint/checkpoint-0.pth.tar', 1.0699999992370606)

2025-08-16 03:37:35,815 -                train: [    INFO] - Train: 10 [   0/97 (  0%)]  Loss: 222.3 (222.)  Loss_feat: 219.3 (219.)  Loss_gt: 2.948 (2.95) LR: 5.000e-02
2025-08-16 03:37:51,744 -                train: [    INFO] - Train: 10 [  96/97 (100%)]  Loss: 220.3 (221.)  Loss_feat: 217.5 (218.)  Loss_gt: 2.769 (2.86) LR: 5.000e-02
2025-08-16 03:37:51,744 -                train: [    INFO] - Distributing BatchNorm running means and vars
2025-08-16 03:37:52,028 -                train: [    INFO] - Test: [   0/19]  Time: 0.280 (0.280)  Loss:  2.4180 (2.4180)  Acc@1: 37.8906 (37.8906)  Acc@5: 70.5078 (70.5078)
2025-08-16 03:37:52,551 -                train: [    INFO] - Test: [  19/19]  Time: 0.009 (0.040)  Loss:  2.3478 (2.3839)  Acc@1: 36.0294 (38.3700)  Acc@5: 68.7500 (70.3900)
2025-08-16 03:37:52,748 - timm.utils.checkpoint_saver: [    INFO] - Current checkpoints:
 ('./output/train/20250816-033439-resnet18-224/checkpoint/checkpoint-9.pth.tar', 40.11000000610352)
 ('./output/train/20250816-033439-resnet18-224/checkpoint/checkpoint-10.pth.tar', 38.369999987792966)
 ('./output/train/20250816-033439-resnet18-224/checkpoint/checkpoint-8.pth.tar', 37.430000018310544)
 ('./output/train/20250816-033439-resnet18-224/checkpoint/checkpoint-7.pth.tar', 35.549999938964845)
 ('./output/train/20250816-033439-resnet18-224/checkpoint/checkpoint-6.pth.tar', 26.28999998168945)
 ('./output/train/20250816-033439-resnet18-224/checkpoint/checkpoint-5.pth.tar', 20.980000012207032)
 ('./output/train/20250816-033439-resnet18-224/checkpoint/checkpoint-4.pth.tar', 20.980000006103516)
 ('./output/train/20250816-033439-resnet18-224/checkpoint/checkpoint-3.pth.tar', 14.979999983215333)
 ('./output/train/20250816-033439-resnet18-224/checkpoint/checkpoint-2.pth.tar', 9.339999995422364)
 ('./output/train/20250816-033439-resnet18-224/checkpoint/checkpoint-1.pth.tar', 7.999999987792969)

2025-08-16 03:37:53,124 -                train: [    INFO] - Train: 11 [   0/97 (  0%)]  Loss: 219.9 (220.)  Loss_feat: 217.0 (217.)  Loss_gt: 2.857 (2.86) LR: 5.000e-02
2025-08-16 03:38:09,045 -                train: [    INFO] - Train: 11 [  96/97 (100%)]  Loss: 217.9 (219.)  Loss_feat: 215.0 (216.)  Loss_gt: 2.854 (2.86) LR: 5.000e-02
2025-08-16 03:38:09,045 -                train: [    INFO] - Distributing BatchNorm running means and vars
2025-08-16 03:38:09,408 -                train: [    INFO] - Test: [   0/19]  Time: 0.359 (0.359)  Loss:  2.1437 (2.1437)  Acc@1: 45.8984 (45.8984)  Acc@5: 76.7578 (76.7578)
2025-08-16 03:38:09,885 -                train: [    INFO] - Test: [  19/19]  Time: 0.009 (0.042)  Loss:  2.0641 (2.1210)  Acc@1: 49.2647 (44.8200)  Acc@5: 78.3088 (76.6600)
2025-08-16 03:38:10,078 - timm.utils.checkpoint_saver: [    INFO] - Current checkpoints:
 ('./output/train/20250816-033439-resnet18-224/checkpoint/checkpoint-11.pth.tar', 44.82000009765625)
 ('./output/train/20250816-033439-resnet18-224/checkpoint/checkpoint-9.pth.tar', 40.11000000610352)
 ('./output/train/20250816-033439-resnet18-224/checkpoint/checkpoint-10.pth.tar', 38.369999987792966)
 ('./output/train/20250816-033439-resnet18-224/checkpoint/checkpoint-8.pth.tar', 37.430000018310544)
 ('./output/train/20250816-033439-resnet18-224/checkpoint/checkpoint-7.pth.tar', 35.549999938964845)
 ('./output/train/20250816-033439-resnet18-224/checkpoint/checkpoint-6.pth.tar', 26.28999998168945)
 ('./output/train/20250816-033439-resnet18-224/checkpoint/checkpoint-5.pth.tar', 20.980000012207032)
 ('./output/train/20250816-033439-resnet18-224/checkpoint/checkpoint-4.pth.tar', 20.980000006103516)
 ('./output/train/20250816-033439-resnet18-224/checkpoint/checkpoint-3.pth.tar', 14.979999983215333)
 ('./output/train/20250816-033439-resnet18-224/checkpoint/checkpoint-2.pth.tar', 9.339999995422364)

2025-08-16 03:38:10,441 -                train: [    INFO] - Train: 12 [   0/97 (  0%)]  Loss: 218.0 (218.)  Loss_feat: 215.3 (215.)  Loss_gt: 2.737 (2.74) LR: 5.000e-02
2025-08-16 03:38:26,328 -                train: [    INFO] - Train: 12 [  96/97 (100%)]  Loss: 218.1 (218.)  Loss_feat: 215.3 (215.)  Loss_gt: 2.754 (2.75) LR: 5.000e-02
2025-08-16 03:38:26,328 -                train: [    INFO] - Distributing BatchNorm running means and vars
2025-08-16 03:38:26,672 -                train: [    INFO] - Test: [   0/19]  Time: 0.340 (0.340)  Loss:  2.1909 (2.1909)  Acc@1: 42.5781 (42.5781)  Acc@5: 76.1719 (76.1719)
2025-08-16 03:38:27,147 -                train: [    INFO] - Test: [  19/19]  Time: 0.009 (0.041)  Loss:  2.1358 (2.1461)  Acc@1: 44.1176 (44.3500)  Acc@5: 76.8382 (76.7200)
2025-08-16 03:38:27,339 - timm.utils.checkpoint_saver: [    INFO] - Current checkpoints:
 ('./output/train/20250816-033439-resnet18-224/checkpoint/checkpoint-11.pth.tar', 44.82000009765625)
 ('./output/train/20250816-033439-resnet18-224/checkpoint/checkpoint-12.pth.tar', 44.349999951171874)
 ('./output/train/20250816-033439-resnet18-224/checkpoint/checkpoint-9.pth.tar', 40.11000000610352)
 ('./output/train/20250816-033439-resnet18-224/checkpoint/checkpoint-10.pth.tar', 38.369999987792966)
 ('./output/train/20250816-033439-resnet18-224/checkpoint/checkpoint-8.pth.tar', 37.430000018310544)
 ('./output/train/20250816-033439-resnet18-224/checkpoint/checkpoint-7.pth.tar', 35.549999938964845)
 ('./output/train/20250816-033439-resnet18-224/checkpoint/checkpoint-6.pth.tar', 26.28999998168945)
 ('./output/train/20250816-033439-resnet18-224/checkpoint/checkpoint-5.pth.tar', 20.980000012207032)
 ('./output/train/20250816-033439-resnet18-224/checkpoint/checkpoint-4.pth.tar', 20.980000006103516)
 ('./output/train/20250816-033439-resnet18-224/checkpoint/checkpoint-3.pth.tar', 14.979999983215333)

2025-08-16 03:38:27,707 -                train: [    INFO] - Train: 13 [   0/97 (  0%)]  Loss: 216.3 (216.)  Loss_feat: 213.6 (214.)  Loss_gt: 2.691 (2.69) LR: 5.000e-02
2025-08-16 03:38:43,591 -                train: [    INFO] - Train: 13 [  96/97 (100%)]  Loss: 220.1 (218.)  Loss_feat: 217.3 (215.)  Loss_gt: 2.767 (2.73) LR: 5.000e-02
2025-08-16 03:38:43,591 -                train: [    INFO] - Distributing BatchNorm running means and vars
2025-08-16 03:38:43,980 -                train: [    INFO] - Test: [   0/19]  Time: 0.385 (0.385)  Loss:  2.5862 (2.5862)  Acc@1: 35.7422 (35.7422)  Acc@5: 67.3828 (67.3828)
2025-08-16 03:38:44,431 -                train: [    INFO] - Test: [  19/19]  Time: 0.009 (0.042)  Loss:  2.5768 (2.5630)  Acc@1: 34.5588 (35.5800)  Acc@5: 68.7500 (66.4700)
2025-08-16 03:38:44,722 - timm.utils.checkpoint_saver: [    INFO] - Current checkpoints:
 ('./output/train/20250816-033439-resnet18-224/checkpoint/checkpoint-11.pth.tar', 44.82000009765625)
 ('./output/train/20250816-033439-resnet18-224/checkpoint/checkpoint-12.pth.tar', 44.349999951171874)
 ('./output/train/20250816-033439-resnet18-224/checkpoint/checkpoint-9.pth.tar', 40.11000000610352)
 ('./output/train/20250816-033439-resnet18-224/checkpoint/checkpoint-10.pth.tar', 38.369999987792966)
 ('./output/train/20250816-033439-resnet18-224/checkpoint/checkpoint-8.pth.tar', 37.430000018310544)
 ('./output/train/20250816-033439-resnet18-224/checkpoint/checkpoint-13.pth.tar', 35.579999975585935)
 ('./output/train/20250816-033439-resnet18-224/checkpoint/checkpoint-7.pth.tar', 35.549999938964845)
 ('./output/train/20250816-033439-resnet18-224/checkpoint/checkpoint-6.pth.tar', 26.28999998168945)
 ('./output/train/20250816-033439-resnet18-224/checkpoint/checkpoint-5.pth.tar', 20.980000012207032)
 ('./output/train/20250816-033439-resnet18-224/checkpoint/checkpoint-4.pth.tar', 20.980000006103516)

2025-08-16 03:38:45,011 -                train: [    INFO] - Train: 14 [   0/97 (  0%)]  Loss: 217.3 (217.)  Loss_feat: 214.6 (215.)  Loss_gt: 2.672 (2.67) LR: 5.000e-02
2025-08-16 03:39:00,879 -                train: [    INFO] - Train: 14 [  96/97 (100%)]  Loss: 216.2 (217.)  Loss_feat: 213.5 (214.)  Loss_gt: 2.707 (2.69) LR: 5.000e-02
2025-08-16 03:39:00,879 -                train: [    INFO] - Distributing BatchNorm running means and vars
2025-08-16 03:39:01,304 -                train: [    INFO] - Test: [   0/19]  Time: 0.421 (0.421)  Loss:  2.1982 (2.1982)  Acc@1: 42.5781 (42.5781)  Acc@5: 75.9766 (75.9766)
2025-08-16 03:39:01,749 -                train: [    INFO] - Test: [  19/19]  Time: 0.009 (0.043)  Loss:  2.1619 (2.1557)  Acc@1: 44.8529 (43.5700)  Acc@5: 72.4265 (75.9600)
2025-08-16 03:39:02,008 - timm.utils.checkpoint_saver: [    INFO] - Current checkpoints:
 ('./output/train/20250816-033439-resnet18-224/checkpoint/checkpoint-11.pth.tar', 44.82000009765625)
 ('./output/train/20250816-033439-resnet18-224/checkpoint/checkpoint-12.pth.tar', 44.349999951171874)
 ('./output/train/20250816-033439-resnet18-224/checkpoint/checkpoint-14.pth.tar', 43.57000006103516)
 ('./output/train/20250816-033439-resnet18-224/checkpoint/checkpoint-9.pth.tar', 40.11000000610352)
 ('./output/train/20250816-033439-resnet18-224/checkpoint/checkpoint-10.pth.tar', 38.369999987792966)
 ('./output/train/20250816-033439-resnet18-224/checkpoint/checkpoint-8.pth.tar', 37.430000018310544)
 ('./output/train/20250816-033439-resnet18-224/checkpoint/checkpoint-13.pth.tar', 35.579999975585935)
 ('./output/train/20250816-033439-resnet18-224/checkpoint/checkpoint-7.pth.tar', 35.549999938964845)
 ('./output/train/20250816-033439-resnet18-224/checkpoint/checkpoint-6.pth.tar', 26.28999998168945)
 ('./output/train/20250816-033439-resnet18-224/checkpoint/checkpoint-5.pth.tar', 20.980000012207032)

2025-08-16 03:39:02,295 -                train: [    INFO] - Train: 15 [   0/97 (  0%)]  Loss: 215.0 (215.)  Loss_feat: 212.4 (212.)  Loss_gt: 2.618 (2.62) LR: 5.000e-02
2025-08-16 03:39:18,260 -                train: [    INFO] - Train: 15 [  96/97 (100%)]  Loss: 215.0 (215.)  Loss_feat: 212.4 (212.)  Loss_gt: 2.662 (2.64) LR: 5.000e-02
2025-08-16 03:39:18,260 -                train: [    INFO] - Distributing BatchNorm running means and vars
2025-08-16 03:39:18,600 -                train: [    INFO] - Test: [   0/19]  Time: 0.288 (0.288)  Loss:  2.0287 (2.0287)  Acc@1: 46.0938 (46.0938)  Acc@5: 77.5391 (77.5391)
2025-08-16 03:39:19,077 -                train: [    INFO] - Test: [  19/19]  Time: 0.009 (0.038)  Loss:  2.0508 (2.0273)  Acc@1: 47.7941 (46.8400)  Acc@5: 76.8382 (78.1500)
2025-08-16 03:39:19,349 - timm.utils.checkpoint_saver: [    INFO] - Current checkpoints:
 ('./output/train/20250816-033439-resnet18-224/checkpoint/checkpoint-15.pth.tar', 46.83999998168945)
 ('./output/train/20250816-033439-resnet18-224/checkpoint/checkpoint-11.pth.tar', 44.82000009765625)
 ('./output/train/20250816-033439-resnet18-224/checkpoint/checkpoint-12.pth.tar', 44.349999951171874)
 ('./output/train/20250816-033439-resnet18-224/checkpoint/checkpoint-14.pth.tar', 43.57000006103516)
 ('./output/train/20250816-033439-resnet18-224/checkpoint/checkpoint-9.pth.tar', 40.11000000610352)
 ('./output/train/20250816-033439-resnet18-224/checkpoint/checkpoint-10.pth.tar', 38.369999987792966)
 ('./output/train/20250816-033439-resnet18-224/checkpoint/checkpoint-8.pth.tar', 37.430000018310544)
 ('./output/train/20250816-033439-resnet18-224/checkpoint/checkpoint-13.pth.tar', 35.579999975585935)
 ('./output/train/20250816-033439-resnet18-224/checkpoint/checkpoint-7.pth.tar', 35.549999938964845)
 ('./output/train/20250816-033439-resnet18-224/checkpoint/checkpoint-6.pth.tar', 26.28999998168945)

2025-08-16 03:39:19,646 -                train: [    INFO] - Train: 16 [   0/97 (  0%)]  Loss: 213.8 (214.)  Loss_feat: 211.2 (211.)  Loss_gt: 2.641 (2.64) LR: 5.000e-02
2025-08-16 03:39:35,528 -                train: [    INFO] - Train: 16 [  96/97 (100%)]  Loss: 213.0 (213.)  Loss_feat: 210.5 (211.)  Loss_gt: 2.501 (2.57) LR: 5.000e-02
2025-08-16 03:39:35,528 -                train: [    INFO] - Distributing BatchNorm running means and vars
2025-08-16 03:39:35,852 -                train: [    INFO] - Test: [   0/19]  Time: 0.320 (0.320)  Loss:  1.9793 (1.9793)  Acc@1: 48.4375 (48.4375)  Acc@5: 77.3438 (77.3438)
2025-08-16 03:39:36,359 -                train: [    INFO] - Test: [  19/19]  Time: 0.009 (0.041)  Loss:  1.9033 (1.9268)  Acc@1: 49.2647 (48.4100)  Acc@5: 81.6176 (79.9900)
2025-08-16 03:39:36,835 - timm.utils.checkpoint_saver: [    INFO] - Current checkpoints:
 ('./output/train/20250816-033439-resnet18-224/checkpoint/checkpoint-16.pth.tar', 48.409999993896484)
 ('./output/train/20250816-033439-resnet18-224/checkpoint/checkpoint-15.pth.tar', 46.83999998168945)
 ('./output/train/20250816-033439-resnet18-224/checkpoint/checkpoint-11.pth.tar', 44.82000009765625)
 ('./output/train/20250816-033439-resnet18-224/checkpoint/checkpoint-12.pth.tar', 44.349999951171874)
 ('./output/train/20250816-033439-resnet18-224/checkpoint/checkpoint-14.pth.tar', 43.57000006103516)
 ('./output/train/20250816-033439-resnet18-224/checkpoint/checkpoint-9.pth.tar', 40.11000000610352)
 ('./output/train/20250816-033439-resnet18-224/checkpoint/checkpoint-10.pth.tar', 38.369999987792966)
 ('./output/train/20250816-033439-resnet18-224/checkpoint/checkpoint-8.pth.tar', 37.430000018310544)
 ('./output/train/20250816-033439-resnet18-224/checkpoint/checkpoint-13.pth.tar', 35.579999975585935)
 ('./output/train/20250816-033439-resnet18-224/checkpoint/checkpoint-7.pth.tar', 35.549999938964845)

2025-08-16 03:39:37,096 -                train: [    INFO] - Train: 17 [   0/97 (  0%)]  Loss: 212.8 (213.)  Loss_feat: 210.3 (210.)  Loss_gt: 2.476 (2.48) LR: 5.000e-02
2025-08-16 03:39:53,050 -                train: [    INFO] - Train: 17 [  96/97 (100%)]  Loss: 212.1 (212.)  Loss_feat: 209.6 (210.)  Loss_gt: 2.572 (2.52) LR: 5.000e-02
2025-08-16 03:39:53,050 -                train: [    INFO] - Distributing BatchNorm running means and vars
2025-08-16 03:39:53,364 -                train: [    INFO] - Test: [   0/19]  Time: 0.311 (0.311)  Loss:  1.8948 (1.8948)  Acc@1: 51.3672 (51.3672)  Acc@5: 79.8828 (79.8828)
2025-08-16 03:39:53,855 -                train: [    INFO] - Test: [  19/19]  Time: 0.009 (0.040)  Loss:  1.8630 (1.8643)  Acc@1: 49.2647 (50.4400)  Acc@5: 83.0882 (81.9100)
2025-08-16 03:39:54,049 - timm.utils.checkpoint_saver: [    INFO] - Current checkpoints:
 ('./output/train/20250816-033439-resnet18-224/checkpoint/checkpoint-17.pth.tar', 50.439999993896485)
 ('./output/train/20250816-033439-resnet18-224/checkpoint/checkpoint-16.pth.tar', 48.409999993896484)
 ('./output/train/20250816-033439-resnet18-224/checkpoint/checkpoint-15.pth.tar', 46.83999998168945)
 ('./output/train/20250816-033439-resnet18-224/checkpoint/checkpoint-11.pth.tar', 44.82000009765625)
 ('./output/train/20250816-033439-resnet18-224/checkpoint/checkpoint-12.pth.tar', 44.349999951171874)
 ('./output/train/20250816-033439-resnet18-224/checkpoint/checkpoint-14.pth.tar', 43.57000006103516)
 ('./output/train/20250816-033439-resnet18-224/checkpoint/checkpoint-9.pth.tar', 40.11000000610352)
 ('./output/train/20250816-033439-resnet18-224/checkpoint/checkpoint-10.pth.tar', 38.369999987792966)
 ('./output/train/20250816-033439-resnet18-224/checkpoint/checkpoint-8.pth.tar', 37.430000018310544)
 ('./output/train/20250816-033439-resnet18-224/checkpoint/checkpoint-13.pth.tar', 35.579999975585935)

2025-08-16 03:39:54,402 -                train: [    INFO] - Train: 18 [   0/97 (  0%)]  Loss: 212.4 (212.)  Loss_feat: 209.8 (210.)  Loss_gt: 2.569 (2.57) LR: 5.000e-02
2025-08-16 03:40:10,260 -                train: [    INFO] - Train: 18 [  96/97 (100%)]  Loss: 213.0 (213.)  Loss_feat: 210.5 (210.)  Loss_gt: 2.489 (2.53) LR: 5.000e-02
2025-08-16 03:40:10,260 -                train: [    INFO] - Distributing BatchNorm running means and vars
2025-08-16 03:40:10,596 -                train: [    INFO] - Test: [   0/19]  Time: 0.331 (0.331)  Loss:  1.8451 (1.8451)  Acc@1: 51.1719 (51.1719)  Acc@5: 80.4688 (80.4688)
2025-08-16 03:40:11,080 -                train: [    INFO] - Test: [  19/19]  Time: 0.009 (0.041)  Loss:  1.9052 (1.8737)  Acc@1: 48.1618 (49.5500)  Acc@5: 80.1471 (80.8700)
2025-08-16 03:40:11,332 - timm.utils.checkpoint_saver: [    INFO] - Current checkpoints:
 ('./output/train/20250816-033439-resnet18-224/checkpoint/checkpoint-17.pth.tar', 50.439999993896485)
 ('./output/train/20250816-033439-resnet18-224/checkpoint/checkpoint-18.pth.tar', 49.55000003662109)
 ('./output/train/20250816-033439-resnet18-224/checkpoint/checkpoint-16.pth.tar', 48.409999993896484)
 ('./output/train/20250816-033439-resnet18-224/checkpoint/checkpoint-15.pth.tar', 46.83999998168945)
 ('./output/train/20250816-033439-resnet18-224/checkpoint/checkpoint-11.pth.tar', 44.82000009765625)
 ('./output/train/20250816-033439-resnet18-224/checkpoint/checkpoint-12.pth.tar', 44.349999951171874)
 ('./output/train/20250816-033439-resnet18-224/checkpoint/checkpoint-14.pth.tar', 43.57000006103516)
 ('./output/train/20250816-033439-resnet18-224/checkpoint/checkpoint-9.pth.tar', 40.11000000610352)
 ('./output/train/20250816-033439-resnet18-224/checkpoint/checkpoint-10.pth.tar', 38.369999987792966)
 ('./output/train/20250816-033439-resnet18-224/checkpoint/checkpoint-8.pth.tar', 37.430000018310544)

2025-08-16 03:40:11,659 -                train: [    INFO] - Train: 19 [   0/97 (  0%)]  Loss: 210.5 (211.)  Loss_feat: 208.1 (208.)  Loss_gt: 2.480 (2.48) LR: 5.000e-02
2025-08-16 03:40:27,580 -                train: [    INFO] - Train: 19 [  96/97 (100%)]  Loss: 210.7 (211.)  Loss_feat: 208.3 (208.)  Loss_gt: 2.444 (2.46) LR: 5.000e-02
2025-08-16 03:40:27,580 -                train: [    INFO] - Distributing BatchNorm running means and vars
2025-08-16 03:40:27,884 -                train: [    INFO] - Test: [   0/19]  Time: 0.300 (0.300)  Loss:  1.9141 (1.9141)  Acc@1: 49.8047 (49.8047)  Acc@5: 79.8828 (79.8828)
2025-08-16 03:40:28,388 -                train: [    INFO] - Test: [  19/19]  Time: 0.009 (0.040)  Loss:  1.8985 (1.8595)  Acc@1: 47.7941 (50.1200)  Acc@5: 81.2500 (81.6800)
2025-08-16 03:40:28,689 - timm.utils.checkpoint_saver: [    INFO] - Current checkpoints:
 ('./output/train/20250816-033439-resnet18-224/checkpoint/checkpoint-17.pth.tar', 50.439999993896485)
 ('./output/train/20250816-033439-resnet18-224/checkpoint/checkpoint-19.pth.tar', 50.12000008544922)
 ('./output/train/20250816-033439-resnet18-224/checkpoint/checkpoint-18.pth.tar', 49.55000003662109)
 ('./output/train/20250816-033439-resnet18-224/checkpoint/checkpoint-16.pth.tar', 48.409999993896484)
 ('./output/train/20250816-033439-resnet18-224/checkpoint/checkpoint-15.pth.tar', 46.83999998168945)
 ('./output/train/20250816-033439-resnet18-224/checkpoint/checkpoint-11.pth.tar', 44.82000009765625)
 ('./output/train/20250816-033439-resnet18-224/checkpoint/checkpoint-12.pth.tar', 44.349999951171874)
 ('./output/train/20250816-033439-resnet18-224/checkpoint/checkpoint-14.pth.tar', 43.57000006103516)
 ('./output/train/20250816-033439-resnet18-224/checkpoint/checkpoint-9.pth.tar', 40.11000000610352)
 ('./output/train/20250816-033439-resnet18-224/checkpoint/checkpoint-10.pth.tar', 38.369999987792966)

2025-08-16 03:40:28,967 -                train: [    INFO] - Train: 20 [   0/97 (  0%)]  Loss: 212.3 (212.)  Loss_feat: 209.8 (210.)  Loss_gt: 2.417 (2.42) LR: 5.000e-02
2025-08-16 03:40:44,933 -                train: [    INFO] - Train: 20 [  96/97 (100%)]  Loss: 210.3 (211.)  Loss_feat: 207.9 (209.)  Loss_gt: 2.453 (2.44) LR: 5.000e-02
2025-08-16 03:40:44,933 -                train: [    INFO] - Distributing BatchNorm running means and vars
2025-08-16 03:40:45,331 -                train: [    INFO] - Test: [   0/19]  Time: 0.395 (0.395)  Loss:  1.9610 (1.9610)  Acc@1: 49.8047 (49.8047)  Acc@5: 80.4688 (80.4688)
2025-08-16 03:40:45,783 -                train: [    INFO] - Test: [  19/19]  Time: 0.009 (0.042)  Loss:  1.9370 (1.9571)  Acc@1: 50.3676 (48.3800)  Acc@5: 79.7794 (80.2900)
2025-08-16 03:40:46,101 - timm.utils.checkpoint_saver: [    INFO] - Current checkpoints:
 ('./output/train/20250816-033439-resnet18-224/checkpoint/checkpoint-17.pth.tar', 50.439999993896485)
 ('./output/train/20250816-033439-resnet18-224/checkpoint/checkpoint-19.pth.tar', 50.12000008544922)
 ('./output/train/20250816-033439-resnet18-224/checkpoint/checkpoint-18.pth.tar', 49.55000003662109)
 ('./output/train/20250816-033439-resnet18-224/checkpoint/checkpoint-16.pth.tar', 48.409999993896484)
 ('./output/train/20250816-033439-resnet18-224/checkpoint/checkpoint-20.pth.tar', 48.379999951171875)
 ('./output/train/20250816-033439-resnet18-224/checkpoint/checkpoint-15.pth.tar', 46.83999998168945)
 ('./output/train/20250816-033439-resnet18-224/checkpoint/checkpoint-11.pth.tar', 44.82000009765625)
 ('./output/train/20250816-033439-resnet18-224/checkpoint/checkpoint-12.pth.tar', 44.349999951171874)
 ('./output/train/20250816-033439-resnet18-224/checkpoint/checkpoint-14.pth.tar', 43.57000006103516)
 ('./output/train/20250816-033439-resnet18-224/checkpoint/checkpoint-9.pth.tar', 40.11000000610352)

2025-08-16 03:40:46,370 -                train: [    INFO] - Train: 21 [   0/97 (  0%)]  Loss: 209.2 (209.)  Loss_feat: 206.8 (207.)  Loss_gt: 2.411 (2.41) LR: 5.000e-02
2025-08-16 03:41:02,306 -                train: [    INFO] - Train: 21 [  96/97 (100%)]  Loss: 210.8 (210.)  Loss_feat: 208.3 (208.)  Loss_gt: 2.552 (2.48) LR: 5.000e-02
2025-08-16 03:41:02,307 -                train: [    INFO] - Distributing BatchNorm running means and vars
2025-08-16 03:41:02,608 -                train: [    INFO] - Test: [   0/19]  Time: 0.298 (0.298)  Loss:  1.9287 (1.9287)  Acc@1: 52.1484 (52.1484)  Acc@5: 77.3438 (77.3438)
2025-08-16 03:41:03,121 -                train: [    INFO] - Test: [  19/19]  Time: 0.009 (0.041)  Loss:  1.9566 (1.9264)  Acc@1: 51.8382 (49.5100)  Acc@5: 79.4118 (79.9600)
2025-08-16 03:41:03,405 - timm.utils.checkpoint_saver: [    INFO] - Current checkpoints:
 ('./output/train/20250816-033439-resnet18-224/checkpoint/checkpoint-17.pth.tar', 50.439999993896485)
 ('./output/train/20250816-033439-resnet18-224/checkpoint/checkpoint-19.pth.tar', 50.12000008544922)
 ('./output/train/20250816-033439-resnet18-224/checkpoint/checkpoint-18.pth.tar', 49.55000003662109)
 ('./output/train/20250816-033439-resnet18-224/checkpoint/checkpoint-21.pth.tar', 49.50999996337891)
 ('./output/train/20250816-033439-resnet18-224/checkpoint/checkpoint-16.pth.tar', 48.409999993896484)
 ('./output/train/20250816-033439-resnet18-224/checkpoint/checkpoint-20.pth.tar', 48.379999951171875)
 ('./output/train/20250816-033439-resnet18-224/checkpoint/checkpoint-15.pth.tar', 46.83999998168945)
 ('./output/train/20250816-033439-resnet18-224/checkpoint/checkpoint-11.pth.tar', 44.82000009765625)
 ('./output/train/20250816-033439-resnet18-224/checkpoint/checkpoint-12.pth.tar', 44.349999951171874)
 ('./output/train/20250816-033439-resnet18-224/checkpoint/checkpoint-14.pth.tar', 43.57000006103516)

2025-08-16 03:41:03,695 -                train: [    INFO] - Train: 22 [   0/97 (  0%)]  Loss: 208.9 (209.)  Loss_feat: 206.4 (206.)  Loss_gt: 2.468 (2.47) LR: 5.000e-02
2025-08-16 03:41:19,656 -                train: [    INFO] - Train: 22 [  96/97 (100%)]  Loss: 210.1 (209.)  Loss_feat: 207.7 (207.)  Loss_gt: 2.380 (2.42) LR: 5.000e-02
2025-08-16 03:41:19,657 -                train: [    INFO] - Distributing BatchNorm running means and vars
2025-08-16 03:41:19,968 -                train: [    INFO] - Test: [   0/19]  Time: 0.307 (0.307)  Loss:  1.7466 (1.7466)  Acc@1: 52.3438 (52.3438)  Acc@5: 82.4219 (82.4219)
2025-08-16 03:41:20,478 -                train: [    INFO] - Test: [  19/19]  Time: 0.009 (0.041)  Loss:  1.7495 (1.7598)  Acc@1: 51.8382 (52.2000)  Acc@5: 84.5588 (83.4400)
2025-08-16 03:41:20,694 - timm.utils.checkpoint_saver: [    INFO] - Current checkpoints:
 ('./output/train/20250816-033439-resnet18-224/checkpoint/checkpoint-22.pth.tar', 52.19999996337891)
 ('./output/train/20250816-033439-resnet18-224/checkpoint/checkpoint-17.pth.tar', 50.439999993896485)
 ('./output/train/20250816-033439-resnet18-224/checkpoint/checkpoint-19.pth.tar', 50.12000008544922)
 ('./output/train/20250816-033439-resnet18-224/checkpoint/checkpoint-18.pth.tar', 49.55000003662109)
 ('./output/train/20250816-033439-resnet18-224/checkpoint/checkpoint-21.pth.tar', 49.50999996337891)
 ('./output/train/20250816-033439-resnet18-224/checkpoint/checkpoint-16.pth.tar', 48.409999993896484)
 ('./output/train/20250816-033439-resnet18-224/checkpoint/checkpoint-20.pth.tar', 48.379999951171875)
 ('./output/train/20250816-033439-resnet18-224/checkpoint/checkpoint-15.pth.tar', 46.83999998168945)
 ('./output/train/20250816-033439-resnet18-224/checkpoint/checkpoint-11.pth.tar', 44.82000009765625)
 ('./output/train/20250816-033439-resnet18-224/checkpoint/checkpoint-12.pth.tar', 44.349999951171874)

2025-08-16 03:41:21,054 -                train: [    INFO] - Train: 23 [   0/97 (  0%)]  Loss: 209.6 (210.)  Loss_feat: 207.2 (207.)  Loss_gt: 2.474 (2.47) LR: 5.000e-02
2025-08-16 03:41:36,952 -                train: [    INFO] - Train: 23 [  96/97 (100%)]  Loss: 210.2 (210.)  Loss_feat: 207.7 (207.)  Loss_gt: 2.454 (2.46) LR: 5.000e-02
2025-08-16 03:41:36,952 -                train: [    INFO] - Distributing BatchNorm running means and vars
2025-08-16 03:41:37,294 -                train: [    INFO] - Test: [   0/19]  Time: 0.337 (0.337)  Loss:  1.8037 (1.8037)  Acc@1: 53.3203 (53.3203)  Acc@5: 82.0312 (82.0312)
2025-08-16 03:41:37,777 -                train: [    INFO] - Test: [  19/19]  Time: 0.009 (0.041)  Loss:  1.8205 (1.8463)  Acc@1: 51.1029 (51.7300)  Acc@5: 81.2500 (81.1300)
2025-08-16 03:41:38,041 - timm.utils.checkpoint_saver: [    INFO] - Current checkpoints:
 ('./output/train/20250816-033439-resnet18-224/checkpoint/checkpoint-22.pth.tar', 52.19999996337891)
 ('./output/train/20250816-033439-resnet18-224/checkpoint/checkpoint-23.pth.tar', 51.730000061035156)
 ('./output/train/20250816-033439-resnet18-224/checkpoint/checkpoint-17.pth.tar', 50.439999993896485)
 ('./output/train/20250816-033439-resnet18-224/checkpoint/checkpoint-19.pth.tar', 50.12000008544922)
 ('./output/train/20250816-033439-resnet18-224/checkpoint/checkpoint-18.pth.tar', 49.55000003662109)
 ('./output/train/20250816-033439-resnet18-224/checkpoint/checkpoint-21.pth.tar', 49.50999996337891)
 ('./output/train/20250816-033439-resnet18-224/checkpoint/checkpoint-16.pth.tar', 48.409999993896484)
 ('./output/train/20250816-033439-resnet18-224/checkpoint/checkpoint-20.pth.tar', 48.379999951171875)
 ('./output/train/20250816-033439-resnet18-224/checkpoint/checkpoint-15.pth.tar', 46.83999998168945)
 ('./output/train/20250816-033439-resnet18-224/checkpoint/checkpoint-11.pth.tar', 44.82000009765625)

2025-08-16 03:41:38,336 -                train: [    INFO] - Train: 24 [   0/97 (  0%)]  Loss: 208.9 (209.)  Loss_feat: 206.6 (207.)  Loss_gt: 2.284 (2.28) LR: 5.000e-02
2025-08-16 03:41:54,288 -                train: [    INFO] - Train: 24 [  96/97 (100%)]  Loss: 208.6 (209.)  Loss_feat: 206.2 (206.)  Loss_gt: 2.391 (2.34) LR: 5.000e-02
2025-08-16 03:41:54,288 -                train: [    INFO] - Distributing BatchNorm running means and vars
2025-08-16 03:41:54,678 -                train: [    INFO] - Test: [   0/19]  Time: 0.386 (0.386)  Loss:  1.7571 (1.7571)  Acc@1: 52.7344 (52.7344)  Acc@5: 80.8594 (80.8594)
2025-08-16 03:41:55,157 -                train: [    INFO] - Test: [  19/19]  Time: 0.009 (0.043)  Loss:  1.7539 (1.7564)  Acc@1: 53.3088 (51.9400)  Acc@5: 83.0882 (82.3400)
2025-08-16 03:41:55,350 - timm.utils.checkpoint_saver: [    INFO] - Current checkpoints:
 ('./output/train/20250816-033439-resnet18-224/checkpoint/checkpoint-22.pth.tar', 52.19999996337891)
 ('./output/train/20250816-033439-resnet18-224/checkpoint/checkpoint-24.pth.tar', 51.939999975585934)
 ('./output/train/20250816-033439-resnet18-224/checkpoint/checkpoint-23.pth.tar', 51.730000061035156)
 ('./output/train/20250816-033439-resnet18-224/checkpoint/checkpoint-17.pth.tar', 50.439999993896485)
 ('./output/train/20250816-033439-resnet18-224/checkpoint/checkpoint-19.pth.tar', 50.12000008544922)
 ('./output/train/20250816-033439-resnet18-224/checkpoint/checkpoint-18.pth.tar', 49.55000003662109)
 ('./output/train/20250816-033439-resnet18-224/checkpoint/checkpoint-21.pth.tar', 49.50999996337891)
 ('./output/train/20250816-033439-resnet18-224/checkpoint/checkpoint-16.pth.tar', 48.409999993896484)
 ('./output/train/20250816-033439-resnet18-224/checkpoint/checkpoint-20.pth.tar', 48.379999951171875)
 ('./output/train/20250816-033439-resnet18-224/checkpoint/checkpoint-15.pth.tar', 46.83999998168945)

2025-08-16 03:41:55,681 -                train: [    INFO] - Train: 25 [   0/97 (  0%)]  Loss: 207.5 (207.)  Loss_feat: 205.0 (205.)  Loss_gt: 2.446 (2.45) LR: 5.000e-02
2025-08-16 03:42:11,651 -                train: [    INFO] - Train: 25 [  96/97 (100%)]  Loss: 209.1 (208.)  Loss_feat: 206.7 (206.)  Loss_gt: 2.414 (2.43) LR: 5.000e-02
2025-08-16 03:42:11,652 -                train: [    INFO] - Distributing BatchNorm running means and vars
2025-08-16 03:42:12,006 -                train: [    INFO] - Test: [   0/19]  Time: 0.351 (0.351)  Loss:  1.9096 (1.9096)  Acc@1: 48.6328 (48.6328)  Acc@5: 80.4688 (80.4688)
2025-08-16 03:42:12,492 -                train: [    INFO] - Test: [  19/19]  Time: 0.009 (0.042)  Loss:  1.8090 (1.8597)  Acc@1: 54.7794 (50.1600)  Acc@5: 84.1912 (81.4600)
2025-08-16 03:42:12,727 - timm.utils.checkpoint_saver: [    INFO] - Current checkpoints:
 ('./output/train/20250816-033439-resnet18-224/checkpoint/checkpoint-22.pth.tar', 52.19999996337891)
 ('./output/train/20250816-033439-resnet18-224/checkpoint/checkpoint-24.pth.tar', 51.939999975585934)
 ('./output/train/20250816-033439-resnet18-224/checkpoint/checkpoint-23.pth.tar', 51.730000061035156)
 ('./output/train/20250816-033439-resnet18-224/checkpoint/checkpoint-17.pth.tar', 50.439999993896485)
 ('./output/train/20250816-033439-resnet18-224/checkpoint/checkpoint-25.pth.tar', 50.15999998779297)
 ('./output/train/20250816-033439-resnet18-224/checkpoint/checkpoint-19.pth.tar', 50.12000008544922)
 ('./output/train/20250816-033439-resnet18-224/checkpoint/checkpoint-18.pth.tar', 49.55000003662109)
 ('./output/train/20250816-033439-resnet18-224/checkpoint/checkpoint-21.pth.tar', 49.50999996337891)
 ('./output/train/20250816-033439-resnet18-224/checkpoint/checkpoint-16.pth.tar', 48.409999993896484)
 ('./output/train/20250816-033439-resnet18-224/checkpoint/checkpoint-20.pth.tar', 48.379999951171875)

2025-08-16 03:42:13,056 -                train: [    INFO] - Train: 26 [   0/97 (  0%)]  Loss: 207.2 (207.)  Loss_feat: 204.8 (205.)  Loss_gt: 2.397 (2.40) LR: 5.000e-02
2025-08-16 03:42:29,021 -                train: [    INFO] - Train: 26 [  96/97 (100%)]  Loss: 207.6 (207.)  Loss_feat: 205.2 (205.)  Loss_gt: 2.356 (2.38) LR: 5.000e-02
2025-08-16 03:42:29,021 -                train: [    INFO] - Distributing BatchNorm running means and vars
2025-08-16 03:42:29,376 -                train: [    INFO] - Test: [   0/19]  Time: 0.351 (0.351)  Loss:  1.7436 (1.7436)  Acc@1: 57.0312 (57.0312)  Acc@5: 81.8359 (81.8359)
2025-08-16 03:42:29,856 -                train: [    INFO] - Test: [  19/19]  Time: 0.009 (0.042)  Loss:  1.7312 (1.7264)  Acc@1: 54.7794 (54.6900)  Acc@5: 83.0882 (83.7200)
2025-08-16 03:42:30,116 - timm.utils.checkpoint_saver: [    INFO] - Current checkpoints:
 ('./output/train/20250816-033439-resnet18-224/checkpoint/checkpoint-26.pth.tar', 54.689999987792966)
 ('./output/train/20250816-033439-resnet18-224/checkpoint/checkpoint-22.pth.tar', 52.19999996337891)
 ('./output/train/20250816-033439-resnet18-224/checkpoint/checkpoint-24.pth.tar', 51.939999975585934)
 ('./output/train/20250816-033439-resnet18-224/checkpoint/checkpoint-23.pth.tar', 51.730000061035156)
 ('./output/train/20250816-033439-resnet18-224/checkpoint/checkpoint-17.pth.tar', 50.439999993896485)
 ('./output/train/20250816-033439-resnet18-224/checkpoint/checkpoint-25.pth.tar', 50.15999998779297)
 ('./output/train/20250816-033439-resnet18-224/checkpoint/checkpoint-19.pth.tar', 50.12000008544922)
 ('./output/train/20250816-033439-resnet18-224/checkpoint/checkpoint-18.pth.tar', 49.55000003662109)
 ('./output/train/20250816-033439-resnet18-224/checkpoint/checkpoint-21.pth.tar', 49.50999996337891)
 ('./output/train/20250816-033439-resnet18-224/checkpoint/checkpoint-16.pth.tar', 48.409999993896484)

2025-08-16 03:42:30,437 -                train: [    INFO] - Train: 27 [   0/97 (  0%)]  Loss: 205.4 (205.)  Loss_feat: 203.0 (203.)  Loss_gt: 2.371 (2.37) LR: 5.000e-02
2025-08-16 03:42:46,321 -                train: [    INFO] - Train: 27 [  96/97 (100%)]  Loss: 207.1 (206.)  Loss_feat: 204.7 (204.)  Loss_gt: 2.439 (2.40) LR: 5.000e-02
2025-08-16 03:42:46,321 -                train: [    INFO] - Distributing BatchNorm running means and vars
2025-08-16 03:42:46,732 -                train: [    INFO] - Test: [   0/19]  Time: 0.407 (0.407)  Loss:  1.7993 (1.7993)  Acc@1: 51.1719 (51.1719)  Acc@5: 82.2266 (82.2266)
2025-08-16 03:42:47,183 -                train: [    INFO] - Test: [  19/19]  Time: 0.009 (0.043)  Loss:  1.7027 (1.7513)  Acc@1: 52.2059 (53.1000)  Acc@5: 84.5588 (83.7000)
2025-08-16 03:42:47,391 - timm.utils.checkpoint_saver: [    INFO] - Current checkpoints:
 ('./output/train/20250816-033439-resnet18-224/checkpoint/checkpoint-26.pth.tar', 54.689999987792966)
 ('./output/train/20250816-033439-resnet18-224/checkpoint/checkpoint-27.pth.tar', 53.100000018310546)
 ('./output/train/20250816-033439-resnet18-224/checkpoint/checkpoint-22.pth.tar', 52.19999996337891)
 ('./output/train/20250816-033439-resnet18-224/checkpoint/checkpoint-24.pth.tar', 51.939999975585934)
 ('./output/train/20250816-033439-resnet18-224/checkpoint/checkpoint-23.pth.tar', 51.730000061035156)
 ('./output/train/20250816-033439-resnet18-224/checkpoint/checkpoint-17.pth.tar', 50.439999993896485)
 ('./output/train/20250816-033439-resnet18-224/checkpoint/checkpoint-25.pth.tar', 50.15999998779297)
 ('./output/train/20250816-033439-resnet18-224/checkpoint/checkpoint-19.pth.tar', 50.12000008544922)
 ('./output/train/20250816-033439-resnet18-224/checkpoint/checkpoint-18.pth.tar', 49.55000003662109)
 ('./output/train/20250816-033439-resnet18-224/checkpoint/checkpoint-21.pth.tar', 49.50999996337891)

2025-08-16 03:42:47,790 -                train: [    INFO] - Train: 28 [   0/97 (  0%)]  Loss: 204.8 (205.)  Loss_feat: 202.5 (202.)  Loss_gt: 2.277 (2.28) LR: 5.000e-02
2025-08-16 03:43:03,757 -                train: [    INFO] - Train: 28 [  96/97 (100%)]  Loss: 205.7 (205.)  Loss_feat: 203.4 (203.)  Loss_gt: 2.360 (2.32) LR: 5.000e-02
2025-08-16 03:43:03,758 -                train: [    INFO] - Distributing BatchNorm running means and vars
2025-08-16 03:43:04,064 -                train: [    INFO] - Test: [   0/19]  Time: 0.302 (0.302)  Loss:  1.8223 (1.8223)  Acc@1: 54.1016 (54.1016)  Acc@5: 81.8359 (81.8359)
2025-08-16 03:43:04,612 -                train: [    INFO] - Test: [  19/19]  Time: 0.009 (0.043)  Loss:  1.7326 (1.7751)  Acc@1: 56.6176 (53.3300)  Acc@5: 84.1912 (82.4900)
2025-08-16 03:43:04,870 - timm.utils.checkpoint_saver: [    INFO] - Current checkpoints:
 ('./output/train/20250816-033439-resnet18-224/checkpoint/checkpoint-26.pth.tar', 54.689999987792966)
 ('./output/train/20250816-033439-resnet18-224/checkpoint/checkpoint-28.pth.tar', 53.32999995117188)
 ('./output/train/20250816-033439-resnet18-224/checkpoint/checkpoint-27.pth.tar', 53.100000018310546)
 ('./output/train/20250816-033439-resnet18-224/checkpoint/checkpoint-22.pth.tar', 52.19999996337891)
 ('./output/train/20250816-033439-resnet18-224/checkpoint/checkpoint-24.pth.tar', 51.939999975585934)
 ('./output/train/20250816-033439-resnet18-224/checkpoint/checkpoint-23.pth.tar', 51.730000061035156)
 ('./output/train/20250816-033439-resnet18-224/checkpoint/checkpoint-17.pth.tar', 50.439999993896485)
 ('./output/train/20250816-033439-resnet18-224/checkpoint/checkpoint-25.pth.tar', 50.15999998779297)
 ('./output/train/20250816-033439-resnet18-224/checkpoint/checkpoint-19.pth.tar', 50.12000008544922)
 ('./output/train/20250816-033439-resnet18-224/checkpoint/checkpoint-18.pth.tar', 49.55000003662109)

2025-08-16 03:43:05,166 -                train: [    INFO] - Train: 29 [   0/97 (  0%)]  Loss: 204.7 (205.)  Loss_feat: 202.4 (202.)  Loss_gt: 2.348 (2.35) LR: 5.000e-02
2025-08-16 03:43:21,103 -                train: [    INFO] - Train: 29 [  96/97 (100%)]  Loss: 206.1 (205.)  Loss_feat: 203.9 (203.)  Loss_gt: 2.259 (2.30) LR: 5.000e-02
2025-08-16 03:43:21,103 -                train: [    INFO] - Distributing BatchNorm running means and vars
2025-08-16 03:43:21,472 -                train: [    INFO] - Test: [   0/19]  Time: 0.366 (0.366)  Loss:  1.6662 (1.6662)  Acc@1: 56.2500 (56.2500)  Acc@5: 83.5938 (83.5938)
2025-08-16 03:43:21,941 -                train: [    INFO] - Test: [  19/19]  Time: 0.009 (0.042)  Loss:  1.5690 (1.6205)  Acc@1: 58.0882 (56.9100)  Acc@5: 86.3971 (85.2700)
2025-08-16 03:43:22,276 - timm.utils.checkpoint_saver: [    INFO] - Current checkpoints:
 ('./output/train/20250816-033439-resnet18-224/checkpoint/checkpoint-29.pth.tar', 56.90999996337891)
 ('./output/train/20250816-033439-resnet18-224/checkpoint/checkpoint-26.pth.tar', 54.689999987792966)
 ('./output/train/20250816-033439-resnet18-224/checkpoint/checkpoint-28.pth.tar', 53.32999995117188)
 ('./output/train/20250816-033439-resnet18-224/checkpoint/checkpoint-27.pth.tar', 53.100000018310546)
 ('./output/train/20250816-033439-resnet18-224/checkpoint/checkpoint-22.pth.tar', 52.19999996337891)
 ('./output/train/20250816-033439-resnet18-224/checkpoint/checkpoint-24.pth.tar', 51.939999975585934)
 ('./output/train/20250816-033439-resnet18-224/checkpoint/checkpoint-23.pth.tar', 51.730000061035156)
 ('./output/train/20250816-033439-resnet18-224/checkpoint/checkpoint-17.pth.tar', 50.439999993896485)
 ('./output/train/20250816-033439-resnet18-224/checkpoint/checkpoint-25.pth.tar', 50.15999998779297)
 ('./output/train/20250816-033439-resnet18-224/checkpoint/checkpoint-19.pth.tar', 50.12000008544922)

2025-08-16 03:43:22,546 -                train: [    INFO] - Train: 30 [   0/97 (  0%)]  Loss: 204.1 (204.)  Loss_feat: 201.8 (202.)  Loss_gt: 2.271 (2.27) LR: 5.000e-02
2025-08-16 03:43:38,541 -                train: [    INFO] - Train: 30 [  96/97 (100%)]  Loss: 204.5 (204.)  Loss_feat: 202.0 (202.)  Loss_gt: 2.445 (2.36) LR: 5.000e-02
2025-08-16 03:43:38,542 -                train: [    INFO] - Distributing BatchNorm running means and vars
2025-08-16 03:43:38,896 -                train: [    INFO] - Test: [   0/19]  Time: 0.351 (0.351)  Loss:  1.6692 (1.6692)  Acc@1: 57.2266 (57.2266)  Acc@5: 83.9844 (83.9844)
2025-08-16 03:43:39,365 -                train: [    INFO] - Test: [  19/19]  Time: 0.009 (0.041)  Loss:  1.6660 (1.6456)  Acc@1: 57.3529 (58.3000)  Acc@5: 86.3971 (86.6000)
2025-08-16 03:43:39,631 - timm.utils.checkpoint_saver: [    INFO] - Current checkpoints:
 ('./output/train/20250816-033439-resnet18-224/checkpoint/checkpoint-30.pth.tar', 58.29999995727539)
 ('./output/train/20250816-033439-resnet18-224/checkpoint/checkpoint-29.pth.tar', 56.90999996337891)
 ('./output/train/20250816-033439-resnet18-224/checkpoint/checkpoint-26.pth.tar', 54.689999987792966)
 ('./output/train/20250816-033439-resnet18-224/checkpoint/checkpoint-28.pth.tar', 53.32999995117188)
 ('./output/train/20250816-033439-resnet18-224/checkpoint/checkpoint-27.pth.tar', 53.100000018310546)
 ('./output/train/20250816-033439-resnet18-224/checkpoint/checkpoint-22.pth.tar', 52.19999996337891)
 ('./output/train/20250816-033439-resnet18-224/checkpoint/checkpoint-24.pth.tar', 51.939999975585934)
 ('./output/train/20250816-033439-resnet18-224/checkpoint/checkpoint-23.pth.tar', 51.730000061035156)
 ('./output/train/20250816-033439-resnet18-224/checkpoint/checkpoint-17.pth.tar', 50.439999993896485)
 ('./output/train/20250816-033439-resnet18-224/checkpoint/checkpoint-25.pth.tar', 50.15999998779297)

2025-08-16 03:43:39,949 -                train: [    INFO] - Train: 31 [   0/97 (  0%)]  Loss: 203.0 (203.)  Loss_feat: 200.8 (201.)  Loss_gt: 2.214 (2.21) LR: 5.000e-02
2025-08-16 03:43:55,905 -                train: [    INFO] - Train: 31 [  96/97 (100%)]  Loss: 202.4 (203.)  Loss_feat: 200.0 (200.)  Loss_gt: 2.347 (2.28) LR: 5.000e-02
2025-08-16 03:43:55,905 -                train: [    INFO] - Distributing BatchNorm running means and vars
2025-08-16 03:43:56,193 -                train: [    INFO] - Test: [   0/19]  Time: 0.284 (0.284)  Loss:  1.6347 (1.6347)  Acc@1: 54.8828 (54.8828)  Acc@5: 81.8359 (81.8359)
2025-08-16 03:43:56,721 -                train: [    INFO] - Test: [  19/19]  Time: 0.009 (0.041)  Loss:  1.5718 (1.5844)  Acc@1: 60.6618 (57.1700)  Acc@5: 84.9265 (85.6300)
2025-08-16 03:43:56,973 - timm.utils.checkpoint_saver: [    INFO] - Current checkpoints:
 ('./output/train/20250816-033439-resnet18-224/checkpoint/checkpoint-30.pth.tar', 58.29999995727539)
 ('./output/train/20250816-033439-resnet18-224/checkpoint/checkpoint-31.pth.tar', 57.1700000366211)
 ('./output/train/20250816-033439-resnet18-224/checkpoint/checkpoint-29.pth.tar', 56.90999996337891)
 ('./output/train/20250816-033439-resnet18-224/checkpoint/checkpoint-26.pth.tar', 54.689999987792966)
 ('./output/train/20250816-033439-resnet18-224/checkpoint/checkpoint-28.pth.tar', 53.32999995117188)
 ('./output/train/20250816-033439-resnet18-224/checkpoint/checkpoint-27.pth.tar', 53.100000018310546)
 ('./output/train/20250816-033439-resnet18-224/checkpoint/checkpoint-22.pth.tar', 52.19999996337891)
 ('./output/train/20250816-033439-resnet18-224/checkpoint/checkpoint-24.pth.tar', 51.939999975585934)
 ('./output/train/20250816-033439-resnet18-224/checkpoint/checkpoint-23.pth.tar', 51.730000061035156)
 ('./output/train/20250816-033439-resnet18-224/checkpoint/checkpoint-17.pth.tar', 50.439999993896485)

2025-08-16 03:43:57,304 -                train: [    INFO] - Train: 32 [   0/97 (  0%)]  Loss: 203.3 (203.)  Loss_feat: 201.1 (201.)  Loss_gt: 2.221 (2.22) LR: 5.000e-02
2025-08-16 03:44:13,244 -                train: [    INFO] - Train: 32 [  96/97 (100%)]  Loss: 202.8 (203.)  Loss_feat: 200.4 (201.)  Loss_gt: 2.346 (2.28) LR: 5.000e-02
2025-08-16 03:44:13,245 -                train: [    INFO] - Distributing BatchNorm running means and vars
2025-08-16 03:44:13,592 -                train: [    INFO] - Test: [   0/19]  Time: 0.343 (0.343)  Loss:  1.7805 (1.7805)  Acc@1: 52.9297 (52.9297)  Acc@5: 80.8594 (80.8594)
2025-08-16 03:44:14,092 -                train: [    INFO] - Test: [  19/19]  Time: 0.009 (0.042)  Loss:  1.8211 (1.8010)  Acc@1: 54.4118 (51.7500)  Acc@5: 81.6177 (81.8700)
2025-08-16 03:44:14,300 - timm.utils.checkpoint_saver: [    INFO] - Current checkpoints:
 ('./output/train/20250816-033439-resnet18-224/checkpoint/checkpoint-30.pth.tar', 58.29999995727539)
 ('./output/train/20250816-033439-resnet18-224/checkpoint/checkpoint-31.pth.tar', 57.1700000366211)
 ('./output/train/20250816-033439-resnet18-224/checkpoint/checkpoint-29.pth.tar', 56.90999996337891)
 ('./output/train/20250816-033439-resnet18-224/checkpoint/checkpoint-26.pth.tar', 54.689999987792966)
 ('./output/train/20250816-033439-resnet18-224/checkpoint/checkpoint-28.pth.tar', 53.32999995117188)
 ('./output/train/20250816-033439-resnet18-224/checkpoint/checkpoint-27.pth.tar', 53.100000018310546)
 ('./output/train/20250816-033439-resnet18-224/checkpoint/checkpoint-22.pth.tar', 52.19999996337891)
 ('./output/train/20250816-033439-resnet18-224/checkpoint/checkpoint-24.pth.tar', 51.939999975585934)
 ('./output/train/20250816-033439-resnet18-224/checkpoint/checkpoint-32.pth.tar', 51.750000036621095)
 ('./output/train/20250816-033439-resnet18-224/checkpoint/checkpoint-23.pth.tar', 51.730000061035156)

2025-08-16 03:44:14,624 -                train: [    INFO] - Train: 33 [   0/97 (  0%)]  Loss: 201.8 (202.)  Loss_feat: 199.4 (199.)  Loss_gt: 2.364 (2.36) LR: 5.000e-02
2025-08-16 03:44:30,499 -                train: [    INFO] - Train: 33 [  96/97 (100%)]  Loss: 202.0 (202.)  Loss_feat: 199.7 (200.)  Loss_gt: 2.272 (2.32) LR: 5.000e-02
2025-08-16 03:44:30,499 -                train: [    INFO] - Distributing BatchNorm running means and vars
2025-08-16 03:44:30,831 -                train: [    INFO] - Test: [   0/19]  Time: 0.329 (0.329)  Loss:  1.5648 (1.5648)  Acc@1: 57.6172 (57.6172)  Acc@5: 83.7891 (83.7891)
2025-08-16 03:44:31,318 -                train: [    INFO] - Test: [  19/19]  Time: 0.009 (0.041)  Loss:  1.5225 (1.5919)  Acc@1: 59.9265 (57.0600)  Acc@5: 86.3971 (85.5600)
2025-08-16 03:44:31,599 - timm.utils.checkpoint_saver: [    INFO] - Current checkpoints:
 ('./output/train/20250816-033439-resnet18-224/checkpoint/checkpoint-30.pth.tar', 58.29999995727539)
 ('./output/train/20250816-033439-resnet18-224/checkpoint/checkpoint-31.pth.tar', 57.1700000366211)
 ('./output/train/20250816-033439-resnet18-224/checkpoint/checkpoint-33.pth.tar', 57.05999992675781)
 ('./output/train/20250816-033439-resnet18-224/checkpoint/checkpoint-29.pth.tar', 56.90999996337891)
 ('./output/train/20250816-033439-resnet18-224/checkpoint/checkpoint-26.pth.tar', 54.689999987792966)
 ('./output/train/20250816-033439-resnet18-224/checkpoint/checkpoint-28.pth.tar', 53.32999995117188)
 ('./output/train/20250816-033439-resnet18-224/checkpoint/checkpoint-27.pth.tar', 53.100000018310546)
 ('./output/train/20250816-033439-resnet18-224/checkpoint/checkpoint-22.pth.tar', 52.19999996337891)
 ('./output/train/20250816-033439-resnet18-224/checkpoint/checkpoint-24.pth.tar', 51.939999975585934)
 ('./output/train/20250816-033439-resnet18-224/checkpoint/checkpoint-32.pth.tar', 51.750000036621095)

2025-08-16 03:44:31,877 -                train: [    INFO] - Train: 34 [   0/97 (  0%)]  Loss: 201.2 (201.)  Loss_feat: 198.9 (199.)  Loss_gt: 2.262 (2.26) LR: 5.000e-02
2025-08-16 03:44:47,788 -                train: [    INFO] - Train: 34 [  96/97 (100%)]  Loss: 200.4 (201.)  Loss_feat: 198.1 (199.)  Loss_gt: 2.340 (2.30) LR: 5.000e-02
2025-08-16 03:44:47,789 -                train: [    INFO] - Distributing BatchNorm running means and vars
2025-08-16 03:44:48,095 -                train: [    INFO] - Test: [   0/19]  Time: 0.297 (0.297)  Loss:  1.5661 (1.5661)  Acc@1: 56.8359 (56.8359)  Acc@5: 85.7422 (85.7422)
2025-08-16 03:44:48,620 -                train: [    INFO] - Test: [  19/19]  Time: 0.009 (0.041)  Loss:  1.5554 (1.5725)  Acc@1: 59.9265 (57.1000)  Acc@5: 87.1324 (86.9300)
2025-08-16 03:44:48,843 - timm.utils.checkpoint_saver: [    INFO] - Current checkpoints:
 ('./output/train/20250816-033439-resnet18-224/checkpoint/checkpoint-30.pth.tar', 58.29999995727539)
 ('./output/train/20250816-033439-resnet18-224/checkpoint/checkpoint-31.pth.tar', 57.1700000366211)
 ('./output/train/20250816-033439-resnet18-224/checkpoint/checkpoint-34.pth.tar', 57.10000003051758)
 ('./output/train/20250816-033439-resnet18-224/checkpoint/checkpoint-33.pth.tar', 57.05999992675781)
 ('./output/train/20250816-033439-resnet18-224/checkpoint/checkpoint-29.pth.tar', 56.90999996337891)
 ('./output/train/20250816-033439-resnet18-224/checkpoint/checkpoint-26.pth.tar', 54.689999987792966)
 ('./output/train/20250816-033439-resnet18-224/checkpoint/checkpoint-28.pth.tar', 53.32999995117188)
 ('./output/train/20250816-033439-resnet18-224/checkpoint/checkpoint-27.pth.tar', 53.100000018310546)
 ('./output/train/20250816-033439-resnet18-224/checkpoint/checkpoint-22.pth.tar', 52.19999996337891)
 ('./output/train/20250816-033439-resnet18-224/checkpoint/checkpoint-24.pth.tar', 51.939999975585934)

2025-08-16 03:44:49,152 -                train: [    INFO] - Train: 35 [   0/97 (  0%)]  Loss: 200.2 (200.)  Loss_feat: 198.0 (198.)  Loss_gt: 2.255 (2.25) LR: 5.000e-02
2025-08-16 03:45:05,017 -                train: [    INFO] - Train: 35 [  96/97 (100%)]  Loss: 199.4 (200.)  Loss_feat: 197.2 (198.)  Loss_gt: 2.261 (2.26) LR: 5.000e-02
2025-08-16 03:45:05,017 -                train: [    INFO] - Distributing BatchNorm running means and vars
2025-08-16 03:45:05,348 -                train: [    INFO] - Test: [   0/19]  Time: 0.327 (0.327)  Loss:  1.7017 (1.7017)  Acc@1: 54.6875 (54.6875)  Acc@5: 85.3516 (85.3516)
2025-08-16 03:45:05,845 -                train: [    INFO] - Test: [  19/19]  Time: 0.009 (0.041)  Loss:  1.5508 (1.6489)  Acc@1: 60.2941 (56.6500)  Acc@5: 86.7647 (84.9300)
2025-08-16 03:45:06,150 - timm.utils.checkpoint_saver: [    INFO] - Current checkpoints:
 ('./output/train/20250816-033439-resnet18-224/checkpoint/checkpoint-30.pth.tar', 58.29999995727539)
 ('./output/train/20250816-033439-resnet18-224/checkpoint/checkpoint-31.pth.tar', 57.1700000366211)
 ('./output/train/20250816-033439-resnet18-224/checkpoint/checkpoint-34.pth.tar', 57.10000003051758)
 ('./output/train/20250816-033439-resnet18-224/checkpoint/checkpoint-33.pth.tar', 57.05999992675781)
 ('./output/train/20250816-033439-resnet18-224/checkpoint/checkpoint-29.pth.tar', 56.90999996337891)
 ('./output/train/20250816-033439-resnet18-224/checkpoint/checkpoint-35.pth.tar', 56.64999987792969)
 ('./output/train/20250816-033439-resnet18-224/checkpoint/checkpoint-26.pth.tar', 54.689999987792966)
 ('./output/train/20250816-033439-resnet18-224/checkpoint/checkpoint-28.pth.tar', 53.32999995117188)
 ('./output/train/20250816-033439-resnet18-224/checkpoint/checkpoint-27.pth.tar', 53.100000018310546)
 ('./output/train/20250816-033439-resnet18-224/checkpoint/checkpoint-22.pth.tar', 52.19999996337891)

2025-08-16 03:45:06,418 -                train: [    INFO] - Train: 36 [   0/97 (  0%)]  Loss: 200.1 (200.)  Loss_feat: 197.8 (198.)  Loss_gt: 2.233 (2.23) LR: 5.000e-02
2025-08-16 03:45:22,378 -                train: [    INFO] - Train: 36 [  96/97 (100%)]  Loss: 199.1 (200.)  Loss_feat: 196.8 (197.)  Loss_gt: 2.363 (2.30) LR: 5.000e-02
2025-08-16 03:45:22,378 -                train: [    INFO] - Distributing BatchNorm running means and vars
2025-08-16 03:45:22,648 -                train: [    INFO] - Test: [   0/19]  Time: 0.266 (0.266)  Loss:  1.7308 (1.7308)  Acc@1: 55.6641 (55.6641)  Acc@5: 83.7891 (83.7891)
2025-08-16 03:45:23,182 -                train: [    INFO] - Test: [  19/19]  Time: 0.009 (0.040)  Loss:  1.7111 (1.7099)  Acc@1: 56.6176 (54.3800)  Acc@5: 82.7206 (84.1800)
2025-08-16 03:45:23,489 - timm.utils.checkpoint_saver: [    INFO] - Current checkpoints:
 ('./output/train/20250816-033439-resnet18-224/checkpoint/checkpoint-30.pth.tar', 58.29999995727539)
 ('./output/train/20250816-033439-resnet18-224/checkpoint/checkpoint-31.pth.tar', 57.1700000366211)
 ('./output/train/20250816-033439-resnet18-224/checkpoint/checkpoint-34.pth.tar', 57.10000003051758)
 ('./output/train/20250816-033439-resnet18-224/checkpoint/checkpoint-33.pth.tar', 57.05999992675781)
 ('./output/train/20250816-033439-resnet18-224/checkpoint/checkpoint-29.pth.tar', 56.90999996337891)
 ('./output/train/20250816-033439-resnet18-224/checkpoint/checkpoint-35.pth.tar', 56.64999987792969)
 ('./output/train/20250816-033439-resnet18-224/checkpoint/checkpoint-26.pth.tar', 54.689999987792966)
 ('./output/train/20250816-033439-resnet18-224/checkpoint/checkpoint-36.pth.tar', 54.379999951171875)
 ('./output/train/20250816-033439-resnet18-224/checkpoint/checkpoint-28.pth.tar', 53.32999995117188)
 ('./output/train/20250816-033439-resnet18-224/checkpoint/checkpoint-27.pth.tar', 53.100000018310546)

2025-08-16 03:45:23,806 -                train: [    INFO] - Train: 37 [   0/97 (  0%)]  Loss: 199.4 (199.)  Loss_feat: 197.2 (197.)  Loss_gt: 2.239 (2.24) LR: 5.000e-02
2025-08-16 03:45:39,777 -                train: [    INFO] - Train: 37 [  96/97 (100%)]  Loss: 198.3 (199.)  Loss_feat: 195.9 (197.)  Loss_gt: 2.331 (2.29) LR: 5.000e-02
2025-08-16 03:45:39,777 -                train: [    INFO] - Distributing BatchNorm running means and vars
2025-08-16 03:45:40,096 -                train: [    INFO] - Test: [   0/19]  Time: 0.315 (0.315)  Loss:  1.6496 (1.6496)  Acc@1: 57.8125 (57.8125)  Acc@5: 85.1562 (85.1562)
2025-08-16 03:45:40,587 -                train: [    INFO] - Test: [  19/19]  Time: 0.009 (0.040)  Loss:  1.6003 (1.6450)  Acc@1: 56.9853 (56.4200)  Acc@5: 87.8676 (85.1600)
2025-08-16 03:45:40,797 - timm.utils.checkpoint_saver: [    INFO] - Current checkpoints:
 ('./output/train/20250816-033439-resnet18-224/checkpoint/checkpoint-30.pth.tar', 58.29999995727539)
 ('./output/train/20250816-033439-resnet18-224/checkpoint/checkpoint-31.pth.tar', 57.1700000366211)
 ('./output/train/20250816-033439-resnet18-224/checkpoint/checkpoint-34.pth.tar', 57.10000003051758)
 ('./output/train/20250816-033439-resnet18-224/checkpoint/checkpoint-33.pth.tar', 57.05999992675781)
 ('./output/train/20250816-033439-resnet18-224/checkpoint/checkpoint-29.pth.tar', 56.90999996337891)
 ('./output/train/20250816-033439-resnet18-224/checkpoint/checkpoint-35.pth.tar', 56.64999987792969)
 ('./output/train/20250816-033439-resnet18-224/checkpoint/checkpoint-37.pth.tar', 56.420000006103514)
 ('./output/train/20250816-033439-resnet18-224/checkpoint/checkpoint-26.pth.tar', 54.689999987792966)
 ('./output/train/20250816-033439-resnet18-224/checkpoint/checkpoint-36.pth.tar', 54.379999951171875)
 ('./output/train/20250816-033439-resnet18-224/checkpoint/checkpoint-28.pth.tar', 53.32999995117188)

2025-08-16 03:45:41,121 -                train: [    INFO] - Train: 38 [   0/97 (  0%)]  Loss: 198.5 (199.)  Loss_feat: 196.2 (196.)  Loss_gt: 2.298 (2.30) LR: 5.000e-02
2025-08-16 03:45:57,024 -                train: [    INFO] - Train: 38 [  96/97 (100%)]  Loss: 197.0 (198.)  Loss_feat: 194.7 (195.)  Loss_gt: 2.279 (2.29) LR: 5.000e-02
2025-08-16 03:45:57,024 -                train: [    INFO] - Distributing BatchNorm running means and vars
2025-08-16 03:45:57,356 -                train: [    INFO] - Test: [   0/19]  Time: 0.328 (0.328)  Loss:  1.6511 (1.6511)  Acc@1: 56.4453 (56.4453)  Acc@5: 85.7422 (85.7422)
2025-08-16 03:45:57,865 -                train: [    INFO] - Test: [  19/19]  Time: 0.009 (0.042)  Loss:  1.6598 (1.6415)  Acc@1: 56.2500 (56.4700)  Acc@5: 87.1324 (86.7900)
2025-08-16 03:45:58,075 - timm.utils.checkpoint_saver: [    INFO] - Current checkpoints:
 ('./output/train/20250816-033439-resnet18-224/checkpoint/checkpoint-30.pth.tar', 58.29999995727539)
 ('./output/train/20250816-033439-resnet18-224/checkpoint/checkpoint-31.pth.tar', 57.1700000366211)
 ('./output/train/20250816-033439-resnet18-224/checkpoint/checkpoint-34.pth.tar', 57.10000003051758)
 ('./output/train/20250816-033439-resnet18-224/checkpoint/checkpoint-33.pth.tar', 57.05999992675781)
 ('./output/train/20250816-033439-resnet18-224/checkpoint/checkpoint-29.pth.tar', 56.90999996337891)
 ('./output/train/20250816-033439-resnet18-224/checkpoint/checkpoint-35.pth.tar', 56.64999987792969)
 ('./output/train/20250816-033439-resnet18-224/checkpoint/checkpoint-38.pth.tar', 56.47)
 ('./output/train/20250816-033439-resnet18-224/checkpoint/checkpoint-37.pth.tar', 56.420000006103514)
 ('./output/train/20250816-033439-resnet18-224/checkpoint/checkpoint-26.pth.tar', 54.689999987792966)
 ('./output/train/20250816-033439-resnet18-224/checkpoint/checkpoint-36.pth.tar', 54.379999951171875)

2025-08-16 03:45:58,444 -                train: [    INFO] - Train: 39 [   0/97 (  0%)]  Loss: 196.2 (196.)  Loss_feat: 194.0 (194.)  Loss_gt: 2.151 (2.15) LR: 5.000e-02
2025-08-16 03:46:14,322 -                train: [    INFO] - Train: 39 [  96/97 (100%)]  Loss: 197.0 (197.)  Loss_feat: 194.7 (194.)  Loss_gt: 2.274 (2.21) LR: 5.000e-02
2025-08-16 03:46:14,322 -                train: [    INFO] - Distributing BatchNorm running means and vars
2025-08-16 03:46:14,713 -                train: [    INFO] - Test: [   0/19]  Time: 0.387 (0.387)  Loss:  1.4297 (1.4297)  Acc@1: 62.1094 (62.1094)  Acc@5: 87.8906 (87.8906)
2025-08-16 03:46:15,199 -                train: [    INFO] - Test: [  19/19]  Time: 0.009 (0.044)  Loss:  1.5034 (1.4923)  Acc@1: 58.4559 (58.9900)  Acc@5: 87.5000 (87.7600)
2025-08-16 03:46:15,659 - timm.utils.checkpoint_saver: [    INFO] - Current checkpoints:
 ('./output/train/20250816-033439-resnet18-224/checkpoint/checkpoint-39.pth.tar', 58.98999991455078)
 ('./output/train/20250816-033439-resnet18-224/checkpoint/checkpoint-30.pth.tar', 58.29999995727539)
 ('./output/train/20250816-033439-resnet18-224/checkpoint/checkpoint-31.pth.tar', 57.1700000366211)
 ('./output/train/20250816-033439-resnet18-224/checkpoint/checkpoint-34.pth.tar', 57.10000003051758)
 ('./output/train/20250816-033439-resnet18-224/checkpoint/checkpoint-33.pth.tar', 57.05999992675781)
 ('./output/train/20250816-033439-resnet18-224/checkpoint/checkpoint-29.pth.tar', 56.90999996337891)
 ('./output/train/20250816-033439-resnet18-224/checkpoint/checkpoint-35.pth.tar', 56.64999987792969)
 ('./output/train/20250816-033439-resnet18-224/checkpoint/checkpoint-38.pth.tar', 56.47)
 ('./output/train/20250816-033439-resnet18-224/checkpoint/checkpoint-37.pth.tar', 56.420000006103514)
 ('./output/train/20250816-033439-resnet18-224/checkpoint/checkpoint-26.pth.tar', 54.689999987792966)

2025-08-16 03:46:15,919 -                train: [    INFO] - Train: 40 [   0/97 (  0%)]  Loss: 193.6 (194.)  Loss_feat: 191.4 (191.)  Loss_gt: 2.130 (2.13) LR: 5.000e-02
2025-08-16 03:46:31,807 -                train: [    INFO] - Train: 40 [  96/97 (100%)]  Loss: 195.6 (195.)  Loss_feat: 193.4 (192.)  Loss_gt: 2.224 (2.18) LR: 5.000e-02
2025-08-16 03:46:31,807 -                train: [    INFO] - Distributing BatchNorm running means and vars
2025-08-16 03:46:32,094 -                train: [    INFO] - Test: [   0/19]  Time: 0.283 (0.283)  Loss:  1.6256 (1.6256)  Acc@1: 57.0312 (57.0312)  Acc@5: 83.3984 (83.3984)
2025-08-16 03:46:32,616 -                train: [    INFO] - Test: [  19/19]  Time: 0.009 (0.040)  Loss:  1.5973 (1.6372)  Acc@1: 58.0882 (57.3200)  Acc@5: 86.0294 (85.0500)
2025-08-16 03:46:32,846 - timm.utils.checkpoint_saver: [    INFO] - Current checkpoints:
 ('./output/train/20250816-033439-resnet18-224/checkpoint/checkpoint-39.pth.tar', 58.98999991455078)
 ('./output/train/20250816-033439-resnet18-224/checkpoint/checkpoint-30.pth.tar', 58.29999995727539)
 ('./output/train/20250816-033439-resnet18-224/checkpoint/checkpoint-40.pth.tar', 57.319999963378905)
 ('./output/train/20250816-033439-resnet18-224/checkpoint/checkpoint-31.pth.tar', 57.1700000366211)
 ('./output/train/20250816-033439-resnet18-224/checkpoint/checkpoint-34.pth.tar', 57.10000003051758)
 ('./output/train/20250816-033439-resnet18-224/checkpoint/checkpoint-33.pth.tar', 57.05999992675781)
 ('./output/train/20250816-033439-resnet18-224/checkpoint/checkpoint-29.pth.tar', 56.90999996337891)
 ('./output/train/20250816-033439-resnet18-224/checkpoint/checkpoint-35.pth.tar', 56.64999987792969)
 ('./output/train/20250816-033439-resnet18-224/checkpoint/checkpoint-38.pth.tar', 56.47)
 ('./output/train/20250816-033439-resnet18-224/checkpoint/checkpoint-37.pth.tar', 56.420000006103514)

2025-08-16 03:46:33,186 -                train: [    INFO] - Train: 41 [   0/97 (  0%)]  Loss: 195.2 (195.)  Loss_feat: 193.2 (193.)  Loss_gt: 2.095 (2.09) LR: 5.000e-02
2025-08-16 03:46:49,102 -                train: [    INFO] - Train: 41 [  96/97 (100%)]  Loss: 197.0 (196.)  Loss_feat: 194.8 (194.)  Loss_gt: 2.231 (2.16) LR: 5.000e-02
2025-08-16 03:46:49,102 -                train: [    INFO] - Distributing BatchNorm running means and vars
2025-08-16 03:46:49,488 -                train: [    INFO] - Test: [   0/19]  Time: 0.382 (0.382)  Loss:  1.6659 (1.6659)  Acc@1: 55.6641 (55.6641)  Acc@5: 84.9609 (84.9609)
2025-08-16 03:46:49,923 -                train: [    INFO] - Test: [  19/19]  Time: 0.009 (0.041)  Loss:  1.6511 (1.6887)  Acc@1: 52.2059 (54.5700)  Acc@5: 83.8235 (83.5500)
2025-08-16 03:46:50,492 -                train: [    INFO] - Train: 42 [   0/97 (  0%)]  Loss: 193.7 (194.)  Loss_feat: 191.6 (192.)  Loss_gt: 2.112 (2.11) LR: 5.000e-02
2025-08-16 03:47:06,359 -                train: [    INFO] - Train: 42 [  96/97 (100%)]  Loss: 194.3 (194.)  Loss_feat: 192.1 (192.)  Loss_gt: 2.215 (2.16) LR: 5.000e-02
2025-08-16 03:47:06,360 -                train: [    INFO] - Distributing BatchNorm running means and vars
2025-08-16 03:47:06,742 -                train: [    INFO] - Test: [   0/19]  Time: 0.378 (0.378)  Loss:  1.5796 (1.5796)  Acc@1: 59.7656 (59.7656)  Acc@5: 85.5469 (85.5469)
2025-08-16 03:47:07,214 -                train: [    INFO] - Test: [  19/19]  Time: 0.009 (0.043)  Loss:  1.6393 (1.6359)  Acc@1: 56.2500 (56.1400)  Acc@5: 85.2941 (84.6100)
2025-08-16 03:47:07,770 -                train: [    INFO] - Train: 43 [   0/97 (  0%)]  Loss: 193.4 (193.)  Loss_feat: 191.2 (191.)  Loss_gt: 2.188 (2.19) LR: 5.000e-02
2025-08-16 03:47:23,644 -                train: [    INFO] - Train: 43 [  96/97 (100%)]  Loss: 201.4 (197.)  Loss_feat: 198.9 (195.)  Loss_gt: 2.497 (2.34) LR: 5.000e-02
2025-08-16 03:47:23,644 -                train: [    INFO] - Distributing BatchNorm running means and vars
2025-08-16 03:47:23,960 -                train: [    INFO] - Test: [   0/19]  Time: 0.312 (0.312)  Loss:  1.8634 (1.8634)  Acc@1: 47.2656 (47.2656)  Acc@5: 80.6641 (80.6641)
2025-08-16 03:47:24,436 -                train: [    INFO] - Test: [  19/19]  Time: 0.009 (0.039)  Loss:  1.7813 (1.8379)  Acc@1: 50.0000 (50.6000)  Acc@5: 84.1912 (82.6200)
2025-08-16 03:47:24,977 -                train: [    INFO] - Train: 44 [   0/97 (  0%)]  Loss: 197.7 (198.)  Loss_feat: 195.3 (195.)  Loss_gt: 2.436 (2.44) LR: 5.000e-02
2025-08-16 03:47:40,892 -                train: [    INFO] - Train: 44 [  96/97 (100%)]  Loss: 194.7 (196.)  Loss_feat: 192.4 (194.)  Loss_gt: 2.301 (2.37) LR: 5.000e-02
2025-08-16 03:47:40,892 -                train: [    INFO] - Distributing BatchNorm running means and vars
2025-08-16 03:47:41,175 -                train: [    INFO] - Test: [   0/19]  Time: 0.279 (0.279)  Loss:  1.6553 (1.6553)  Acc@1: 56.0547 (56.0547)  Acc@5: 83.3984 (83.3984)
2025-08-16 03:47:41,681 -                train: [    INFO] - Test: [  19/19]  Time: 0.009 (0.039)  Loss:  1.5779 (1.6204)  Acc@1: 55.5147 (56.3200)  Acc@5: 86.0294 (84.4900)
2025-08-16 03:47:42,231 -                train: [    INFO] - Train: 45 [   0/97 (  0%)]  Loss: 195.6 (196.)  Loss_feat: 193.4 (193.)  Loss_gt: 2.265 (2.27) LR: 5.000e-02
2025-08-16 03:47:58,140 -                train: [    INFO] - Train: 45 [  96/97 (100%)]  Loss: 194.3 (195.)  Loss_feat: 192.1 (193.)  Loss_gt: 2.244 (2.25) LR: 5.000e-02
2025-08-16 03:47:58,141 -                train: [    INFO] - Distributing BatchNorm running means and vars
2025-08-16 03:47:58,476 -                train: [    INFO] - Test: [   0/19]  Time: 0.331 (0.331)  Loss:  1.5350 (1.5350)  Acc@1: 60.1562 (60.1562)  Acc@5: 87.3047 (87.3047)
2025-08-16 03:47:58,945 -                train: [    INFO] - Test: [  19/19]  Time: 0.009 (0.040)  Loss:  1.4839 (1.5001)  Acc@1: 61.3971 (60.0000)  Acc@5: 86.3971 (87.0900)
2025-08-16 03:47:59,292 - timm.utils.checkpoint_saver: [    INFO] - Current checkpoints:
 ('./output/train/20250816-033439-resnet18-224/checkpoint/checkpoint-45.pth.tar', 60.00000004272461)
 ('./output/train/20250816-033439-resnet18-224/checkpoint/checkpoint-39.pth.tar', 58.98999991455078)
 ('./output/train/20250816-033439-resnet18-224/checkpoint/checkpoint-30.pth.tar', 58.29999995727539)
 ('./output/train/20250816-033439-resnet18-224/checkpoint/checkpoint-40.pth.tar', 57.319999963378905)
 ('./output/train/20250816-033439-resnet18-224/checkpoint/checkpoint-31.pth.tar', 57.1700000366211)
 ('./output/train/20250816-033439-resnet18-224/checkpoint/checkpoint-34.pth.tar', 57.10000003051758)
 ('./output/train/20250816-033439-resnet18-224/checkpoint/checkpoint-33.pth.tar', 57.05999992675781)
 ('./output/train/20250816-033439-resnet18-224/checkpoint/checkpoint-29.pth.tar', 56.90999996337891)
 ('./output/train/20250816-033439-resnet18-224/checkpoint/checkpoint-35.pth.tar', 56.64999987792969)
 ('./output/train/20250816-033439-resnet18-224/checkpoint/checkpoint-38.pth.tar', 56.47)

2025-08-16 03:47:59,559 -                train: [    INFO] - Train: 46 [   0/97 (  0%)]  Loss: 193.4 (193.)  Loss_feat: 191.2 (191.)  Loss_gt: 2.226 (2.23) LR: 5.000e-02
2025-08-16 03:48:15,481 -                train: [    INFO] - Train: 46 [  96/97 (100%)]  Loss: 192.3 (193.)  Loss_feat: 190.1 (191.)  Loss_gt: 2.202 (2.21) LR: 5.000e-02
2025-08-16 03:48:15,481 -                train: [    INFO] - Distributing BatchNorm running means and vars
2025-08-16 03:48:15,840 -                train: [    INFO] - Test: [   0/19]  Time: 0.355 (0.355)  Loss:  1.5969 (1.5969)  Acc@1: 60.1562 (60.1562)  Acc@5: 85.9375 (85.9375)
2025-08-16 03:48:16,327 -                train: [    INFO] - Test: [  19/19]  Time: 0.009 (0.042)  Loss:  1.5494 (1.5708)  Acc@1: 61.0294 (59.5900)  Acc@5: 88.2353 (87.0500)
2025-08-16 03:48:16,588 - timm.utils.checkpoint_saver: [    INFO] - Current checkpoints:
 ('./output/train/20250816-033439-resnet18-224/checkpoint/checkpoint-45.pth.tar', 60.00000004272461)
 ('./output/train/20250816-033439-resnet18-224/checkpoint/checkpoint-46.pth.tar', 59.58999998779297)
 ('./output/train/20250816-033439-resnet18-224/checkpoint/checkpoint-39.pth.tar', 58.98999991455078)
 ('./output/train/20250816-033439-resnet18-224/checkpoint/checkpoint-30.pth.tar', 58.29999995727539)
 ('./output/train/20250816-033439-resnet18-224/checkpoint/checkpoint-40.pth.tar', 57.319999963378905)
 ('./output/train/20250816-033439-resnet18-224/checkpoint/checkpoint-31.pth.tar', 57.1700000366211)
 ('./output/train/20250816-033439-resnet18-224/checkpoint/checkpoint-34.pth.tar', 57.10000003051758)
 ('./output/train/20250816-033439-resnet18-224/checkpoint/checkpoint-33.pth.tar', 57.05999992675781)
 ('./output/train/20250816-033439-resnet18-224/checkpoint/checkpoint-29.pth.tar', 56.90999996337891)
 ('./output/train/20250816-033439-resnet18-224/checkpoint/checkpoint-35.pth.tar', 56.64999987792969)

2025-08-16 03:48:16,887 -                train: [    INFO] - Train: 47 [   0/97 (  0%)]  Loss: 192.1 (192.)  Loss_feat: 189.9 (190.)  Loss_gt: 2.171 (2.17) LR: 5.000e-02
2025-08-16 03:48:32,857 -                train: [    INFO] - Train: 47 [  96/97 (100%)]  Loss: 190.3 (191.)  Loss_feat: 188.1 (189.)  Loss_gt: 2.161 (2.17) LR: 5.000e-02
2025-08-16 03:48:32,857 -                train: [    INFO] - Distributing BatchNorm running means and vars
2025-08-16 03:48:33,202 -                train: [    INFO] - Test: [   0/19]  Time: 0.341 (0.341)  Loss:  1.5524 (1.5524)  Acc@1: 60.1562 (60.1562)  Acc@5: 86.7188 (86.7188)
2025-08-16 03:48:33,664 -                train: [    INFO] - Test: [  19/19]  Time: 0.009 (0.040)  Loss:  1.5221 (1.5079)  Acc@1: 58.4559 (59.2500)  Acc@5: 88.6029 (87.4900)
2025-08-16 03:48:33,879 - timm.utils.checkpoint_saver: [    INFO] - Current checkpoints:
 ('./output/train/20250816-033439-resnet18-224/checkpoint/checkpoint-45.pth.tar', 60.00000004272461)
 ('./output/train/20250816-033439-resnet18-224/checkpoint/checkpoint-46.pth.tar', 59.58999998779297)
 ('./output/train/20250816-033439-resnet18-224/checkpoint/checkpoint-47.pth.tar', 59.250000018310544)
 ('./output/train/20250816-033439-resnet18-224/checkpoint/checkpoint-39.pth.tar', 58.98999991455078)
 ('./output/train/20250816-033439-resnet18-224/checkpoint/checkpoint-30.pth.tar', 58.29999995727539)
 ('./output/train/20250816-033439-resnet18-224/checkpoint/checkpoint-40.pth.tar', 57.319999963378905)
 ('./output/train/20250816-033439-resnet18-224/checkpoint/checkpoint-31.pth.tar', 57.1700000366211)
 ('./output/train/20250816-033439-resnet18-224/checkpoint/checkpoint-34.pth.tar', 57.10000003051758)
 ('./output/train/20250816-033439-resnet18-224/checkpoint/checkpoint-33.pth.tar', 57.05999992675781)
 ('./output/train/20250816-033439-resnet18-224/checkpoint/checkpoint-29.pth.tar', 56.90999996337891)

2025-08-16 03:48:34,234 -                train: [    INFO] - Train: 48 [   0/97 (  0%)]  Loss: 190.6 (191.)  Loss_feat: 188.4 (188.)  Loss_gt: 2.225 (2.22) LR: 5.000e-02
2025-08-16 03:48:50,163 -                train: [    INFO] - Train: 48 [  96/97 (100%)]  Loss: 190.5 (191.)  Loss_feat: 188.3 (188.)  Loss_gt: 2.185 (2.21) LR: 5.000e-02
2025-08-16 03:48:50,163 -                train: [    INFO] - Distributing BatchNorm running means and vars
2025-08-16 03:48:50,512 -                train: [    INFO] - Test: [   0/19]  Time: 0.344 (0.344)  Loss:  1.4651 (1.4651)  Acc@1: 60.7422 (60.7422)  Acc@5: 85.3516 (85.3516)
2025-08-16 03:48:50,993 -                train: [    INFO] - Test: [  19/19]  Time: 0.009 (0.041)  Loss:  1.4281 (1.4933)  Acc@1: 60.2941 (59.0400)  Acc@5: 87.5000 (87.2500)
2025-08-16 03:48:51,254 - timm.utils.checkpoint_saver: [    INFO] - Current checkpoints:
 ('./output/train/20250816-033439-resnet18-224/checkpoint/checkpoint-45.pth.tar', 60.00000004272461)
 ('./output/train/20250816-033439-resnet18-224/checkpoint/checkpoint-46.pth.tar', 59.58999998779297)
 ('./output/train/20250816-033439-resnet18-224/checkpoint/checkpoint-47.pth.tar', 59.250000018310544)
 ('./output/train/20250816-033439-resnet18-224/checkpoint/checkpoint-48.pth.tar', 59.039999981689455)
 ('./output/train/20250816-033439-resnet18-224/checkpoint/checkpoint-39.pth.tar', 58.98999991455078)
 ('./output/train/20250816-033439-resnet18-224/checkpoint/checkpoint-30.pth.tar', 58.29999995727539)
 ('./output/train/20250816-033439-resnet18-224/checkpoint/checkpoint-40.pth.tar', 57.319999963378905)
 ('./output/train/20250816-033439-resnet18-224/checkpoint/checkpoint-31.pth.tar', 57.1700000366211)
 ('./output/train/20250816-033439-resnet18-224/checkpoint/checkpoint-34.pth.tar', 57.10000003051758)
 ('./output/train/20250816-033439-resnet18-224/checkpoint/checkpoint-33.pth.tar', 57.05999992675781)

2025-08-16 03:48:51,577 -                train: [    INFO] - Train: 49 [   0/97 (  0%)]  Loss: 189.4 (189.)  Loss_feat: 187.4 (187.)  Loss_gt: 2.031 (2.03) LR: 5.000e-02
2025-08-16 03:49:07,567 -                train: [    INFO] - Train: 49 [  96/97 (100%)]  Loss: 189.9 (190.)  Loss_feat: 187.7 (188.)  Loss_gt: 2.193 (2.11) LR: 5.000e-02
2025-08-16 03:49:07,567 -                train: [    INFO] - Distributing BatchNorm running means and vars
2025-08-16 03:49:07,928 -                train: [    INFO] - Test: [   0/19]  Time: 0.357 (0.357)  Loss:  1.3766 (1.3766)  Acc@1: 63.8672 (63.8672)  Acc@5: 89.0625 (89.0625)
2025-08-16 03:49:08,379 -                train: [    INFO] - Test: [  19/19]  Time: 0.009 (0.040)  Loss:  1.4058 (1.4190)  Acc@1: 62.1324 (61.6100)  Acc@5: 88.2353 (88.4800)
2025-08-16 03:49:08,758 - timm.utils.checkpoint_saver: [    INFO] - Current checkpoints:
 ('./output/train/20250816-033439-resnet18-224/checkpoint/checkpoint-49.pth.tar', 61.60999994506836)
 ('./output/train/20250816-033439-resnet18-224/checkpoint/checkpoint-45.pth.tar', 60.00000004272461)
 ('./output/train/20250816-033439-resnet18-224/checkpoint/checkpoint-46.pth.tar', 59.58999998779297)
 ('./output/train/20250816-033439-resnet18-224/checkpoint/checkpoint-47.pth.tar', 59.250000018310544)
 ('./output/train/20250816-033439-resnet18-224/checkpoint/checkpoint-48.pth.tar', 59.039999981689455)
 ('./output/train/20250816-033439-resnet18-224/checkpoint/checkpoint-39.pth.tar', 58.98999991455078)
 ('./output/train/20250816-033439-resnet18-224/checkpoint/checkpoint-30.pth.tar', 58.29999995727539)
 ('./output/train/20250816-033439-resnet18-224/checkpoint/checkpoint-40.pth.tar', 57.319999963378905)
 ('./output/train/20250816-033439-resnet18-224/checkpoint/checkpoint-31.pth.tar', 57.1700000366211)
 ('./output/train/20250816-033439-resnet18-224/checkpoint/checkpoint-34.pth.tar', 57.10000003051758)

2025-08-16 03:49:09,019 -                train: [    INFO] - Train: 50 [   0/97 (  0%)]  Loss: 189.0 (189.)  Loss_feat: 186.8 (187.)  Loss_gt: 2.175 (2.18) LR: 5.000e-02
2025-08-16 03:49:24,918 -                train: [    INFO] - Train: 50 [  96/97 (100%)]  Loss: 188.8 (189.)  Loss_feat: 186.5 (187.)  Loss_gt: 2.262 (2.22) LR: 5.000e-02
2025-08-16 03:49:24,918 -                train: [    INFO] - Distributing BatchNorm running means and vars
2025-08-16 03:49:25,248 -                train: [    INFO] - Test: [   0/19]  Time: 0.327 (0.327)  Loss:  1.4770 (1.4770)  Acc@1: 62.8906 (62.8906)  Acc@5: 85.3516 (85.3516)
2025-08-16 03:49:25,767 -                train: [    INFO] - Test: [  19/19]  Time: 0.009 (0.042)  Loss:  1.4875 (1.5048)  Acc@1: 59.5588 (59.4600)  Acc@5: 87.5000 (87.5200)
2025-08-16 03:49:26,234 - timm.utils.checkpoint_saver: [    INFO] - Current checkpoints:
 ('./output/train/20250816-033439-resnet18-224/checkpoint/checkpoint-49.pth.tar', 61.60999994506836)
 ('./output/train/20250816-033439-resnet18-224/checkpoint/checkpoint-45.pth.tar', 60.00000004272461)
 ('./output/train/20250816-033439-resnet18-224/checkpoint/checkpoint-46.pth.tar', 59.58999998779297)
 ('./output/train/20250816-033439-resnet18-224/checkpoint/checkpoint-50.pth.tar', 59.45999997558594)
 ('./output/train/20250816-033439-resnet18-224/checkpoint/checkpoint-47.pth.tar', 59.250000018310544)
 ('./output/train/20250816-033439-resnet18-224/checkpoint/checkpoint-48.pth.tar', 59.039999981689455)
 ('./output/train/20250816-033439-resnet18-224/checkpoint/checkpoint-39.pth.tar', 58.98999991455078)
 ('./output/train/20250816-033439-resnet18-224/checkpoint/checkpoint-30.pth.tar', 58.29999995727539)
 ('./output/train/20250816-033439-resnet18-224/checkpoint/checkpoint-40.pth.tar', 57.319999963378905)
 ('./output/train/20250816-033439-resnet18-224/checkpoint/checkpoint-31.pth.tar', 57.1700000366211)

2025-08-16 03:49:26,499 -                train: [    INFO] - Train: 51 [   0/97 (  0%)]  Loss: 188.5 (188.)  Loss_feat: 186.4 (186.)  Loss_gt: 2.067 (2.07) LR: 5.000e-02
2025-08-16 03:49:42,473 -                train: [    INFO] - Train: 51 [  96/97 (100%)]  Loss: 187.7 (188.)  Loss_feat: 185.5 (186.)  Loss_gt: 2.185 (2.13) LR: 5.000e-02
2025-08-16 03:49:42,474 -                train: [    INFO] - Distributing BatchNorm running means and vars
2025-08-16 03:49:42,756 -                train: [    INFO] - Test: [   0/19]  Time: 0.278 (0.278)  Loss:  1.5873 (1.5873)  Acc@1: 56.6406 (56.6406)  Acc@5: 84.7656 (84.7656)
2025-08-16 03:49:43,258 -                train: [    INFO] - Test: [  19/19]  Time: 0.009 (0.039)  Loss:  1.4841 (1.5513)  Acc@1: 60.6618 (57.7600)  Acc@5: 88.6029 (86.6800)
2025-08-16 03:49:43,726 - timm.utils.checkpoint_saver: [    INFO] - Current checkpoints:
 ('./output/train/20250816-033439-resnet18-224/checkpoint/checkpoint-49.pth.tar', 61.60999994506836)
 ('./output/train/20250816-033439-resnet18-224/checkpoint/checkpoint-45.pth.tar', 60.00000004272461)
 ('./output/train/20250816-033439-resnet18-224/checkpoint/checkpoint-46.pth.tar', 59.58999998779297)
 ('./output/train/20250816-033439-resnet18-224/checkpoint/checkpoint-50.pth.tar', 59.45999997558594)
 ('./output/train/20250816-033439-resnet18-224/checkpoint/checkpoint-47.pth.tar', 59.250000018310544)
 ('./output/train/20250816-033439-resnet18-224/checkpoint/checkpoint-48.pth.tar', 59.039999981689455)
 ('./output/train/20250816-033439-resnet18-224/checkpoint/checkpoint-39.pth.tar', 58.98999991455078)
 ('./output/train/20250816-033439-resnet18-224/checkpoint/checkpoint-30.pth.tar', 58.29999995727539)
 ('./output/train/20250816-033439-resnet18-224/checkpoint/checkpoint-51.pth.tar', 57.75999993286133)
 ('./output/train/20250816-033439-resnet18-224/checkpoint/checkpoint-40.pth.tar', 57.319999963378905)

2025-08-16 03:49:43,984 -                train: [    INFO] - Train: 52 [   0/97 (  0%)]  Loss: 186.0 (186.)  Loss_feat: 184.0 (184.)  Loss_gt: 2.046 (2.05) LR: 5.000e-02
2025-08-16 03:49:59,945 -                train: [    INFO] - Train: 52 [  96/97 (100%)]  Loss: 186.2 (186.)  Loss_feat: 184.0 (184.)  Loss_gt: 2.145 (2.10) LR: 5.000e-02
2025-08-16 03:49:59,946 -                train: [    INFO] - Distributing BatchNorm running means and vars
2025-08-16 03:50:00,265 -                train: [    INFO] - Test: [   0/19]  Time: 0.315 (0.315)  Loss:  1.5310 (1.5310)  Acc@1: 58.5938 (58.5938)  Acc@5: 86.3281 (86.3281)
2025-08-16 03:50:00,743 -                train: [    INFO] - Test: [  19/19]  Time: 0.009 (0.040)  Loss:  1.5170 (1.5238)  Acc@1: 56.9853 (59.0500)  Acc@5: 87.5000 (87.3900)
2025-08-16 03:50:01,130 - timm.utils.checkpoint_saver: [    INFO] - Current checkpoints:
 ('./output/train/20250816-033439-resnet18-224/checkpoint/checkpoint-49.pth.tar', 61.60999994506836)
 ('./output/train/20250816-033439-resnet18-224/checkpoint/checkpoint-45.pth.tar', 60.00000004272461)
 ('./output/train/20250816-033439-resnet18-224/checkpoint/checkpoint-46.pth.tar', 59.58999998779297)
 ('./output/train/20250816-033439-resnet18-224/checkpoint/checkpoint-50.pth.tar', 59.45999997558594)
 ('./output/train/20250816-033439-resnet18-224/checkpoint/checkpoint-47.pth.tar', 59.250000018310544)
 ('./output/train/20250816-033439-resnet18-224/checkpoint/checkpoint-52.pth.tar', 59.04999990234375)
 ('./output/train/20250816-033439-resnet18-224/checkpoint/checkpoint-48.pth.tar', 59.039999981689455)
 ('./output/train/20250816-033439-resnet18-224/checkpoint/checkpoint-39.pth.tar', 58.98999991455078)
 ('./output/train/20250816-033439-resnet18-224/checkpoint/checkpoint-30.pth.tar', 58.29999995727539)
 ('./output/train/20250816-033439-resnet18-224/checkpoint/checkpoint-51.pth.tar', 57.75999993286133)

2025-08-16 03:50:01,391 -                train: [    INFO] - Train: 53 [   0/97 (  0%)]  Loss: 185.8 (186.)  Loss_feat: 183.6 (184.)  Loss_gt: 2.211 (2.21) LR: 5.000e-02
2025-08-16 03:50:17,324 -                train: [    INFO] - Train: 53 [  96/97 (100%)]  Loss: 186.2 (186.)  Loss_feat: 184.0 (184.)  Loss_gt: 2.256 (2.23) LR: 5.000e-02
2025-08-16 03:50:17,325 -                train: [    INFO] - Distributing BatchNorm running means and vars
2025-08-16 03:50:17,646 -                train: [    INFO] - Test: [   0/19]  Time: 0.317 (0.317)  Loss:  1.4730 (1.4730)  Acc@1: 62.8906 (62.8906)  Acc@5: 85.7422 (85.7422)
2025-08-16 03:50:18,144 -                train: [    INFO] - Test: [  19/19]  Time: 0.009 (0.041)  Loss:  1.5610 (1.4972)  Acc@1: 56.6176 (58.0200)  Acc@5: 86.3971 (87.0600)
2025-08-16 03:50:18,602 - timm.utils.checkpoint_saver: [    INFO] - Current checkpoints:
 ('./output/train/20250816-033439-resnet18-224/checkpoint/checkpoint-49.pth.tar', 61.60999994506836)
 ('./output/train/20250816-033439-resnet18-224/checkpoint/checkpoint-45.pth.tar', 60.00000004272461)
 ('./output/train/20250816-033439-resnet18-224/checkpoint/checkpoint-46.pth.tar', 59.58999998779297)
 ('./output/train/20250816-033439-resnet18-224/checkpoint/checkpoint-50.pth.tar', 59.45999997558594)
 ('./output/train/20250816-033439-resnet18-224/checkpoint/checkpoint-47.pth.tar', 59.250000018310544)
 ('./output/train/20250816-033439-resnet18-224/checkpoint/checkpoint-52.pth.tar', 59.04999990234375)
 ('./output/train/20250816-033439-resnet18-224/checkpoint/checkpoint-48.pth.tar', 59.039999981689455)
 ('./output/train/20250816-033439-resnet18-224/checkpoint/checkpoint-39.pth.tar', 58.98999991455078)
 ('./output/train/20250816-033439-resnet18-224/checkpoint/checkpoint-30.pth.tar', 58.29999995727539)
 ('./output/train/20250816-033439-resnet18-224/checkpoint/checkpoint-53.pth.tar', 58.02000005493164)

2025-08-16 03:50:18,867 -                train: [    INFO] - Train: 54 [   0/97 (  0%)]  Loss: 185.6 (186.)  Loss_feat: 183.6 (184.)  Loss_gt: 2.040 (2.04) LR: 5.000e-02
2025-08-16 03:50:34,822 -                train: [    INFO] - Train: 54 [  96/97 (100%)]  Loss: 186.0 (186.)  Loss_feat: 183.8 (184.)  Loss_gt: 2.236 (2.14) LR: 5.000e-02
2025-08-16 03:50:34,822 -                train: [    INFO] - Distributing BatchNorm running means and vars
2025-08-16 03:50:35,248 -                train: [    INFO] - Test: [   0/19]  Time: 0.224 (0.224)  Loss:  1.4982 (1.4982)  Acc@1: 60.7422 (60.7422)  Acc@5: 87.3047 (87.3047)
2025-08-16 03:50:35,696 -                train: [    INFO] - Test: [  19/19]  Time: 0.009 (0.034)  Loss:  1.4461 (1.4949)  Acc@1: 59.9265 (60.3900)  Acc@5: 87.8676 (87.3100)
2025-08-16 03:50:35,997 - timm.utils.checkpoint_saver: [    INFO] - Current checkpoints:
 ('./output/train/20250816-033439-resnet18-224/checkpoint/checkpoint-49.pth.tar', 61.60999994506836)
 ('./output/train/20250816-033439-resnet18-224/checkpoint/checkpoint-54.pth.tar', 60.39000003051758)
 ('./output/train/20250816-033439-resnet18-224/checkpoint/checkpoint-45.pth.tar', 60.00000004272461)
 ('./output/train/20250816-033439-resnet18-224/checkpoint/checkpoint-46.pth.tar', 59.58999998779297)
 ('./output/train/20250816-033439-resnet18-224/checkpoint/checkpoint-50.pth.tar', 59.45999997558594)
 ('./output/train/20250816-033439-resnet18-224/checkpoint/checkpoint-47.pth.tar', 59.250000018310544)
 ('./output/train/20250816-033439-resnet18-224/checkpoint/checkpoint-52.pth.tar', 59.04999990234375)
 ('./output/train/20250816-033439-resnet18-224/checkpoint/checkpoint-48.pth.tar', 59.039999981689455)
 ('./output/train/20250816-033439-resnet18-224/checkpoint/checkpoint-39.pth.tar', 58.98999991455078)
 ('./output/train/20250816-033439-resnet18-224/checkpoint/checkpoint-30.pth.tar', 58.29999995727539)

2025-08-16 03:50:36,273 -                train: [    INFO] - Train: 55 [   0/97 (  0%)]  Loss: 183.4 (183.)  Loss_feat: 181.2 (181.)  Loss_gt: 2.183 (2.18) LR: 5.000e-02
2025-08-16 03:50:52,246 -                train: [    INFO] - Train: 55 [  96/97 (100%)]  Loss: 183.7 (184.)  Loss_feat: 181.5 (181.)  Loss_gt: 2.204 (2.19) LR: 5.000e-02
2025-08-16 03:50:52,246 -                train: [    INFO] - Distributing BatchNorm running means and vars
2025-08-16 03:50:52,612 -                train: [    INFO] - Test: [   0/19]  Time: 0.362 (0.362)  Loss:  1.5210 (1.5210)  Acc@1: 60.7422 (60.7422)  Acc@5: 85.1562 (85.1562)
2025-08-16 03:50:53,075 -                train: [    INFO] - Test: [  19/19]  Time: 0.009 (0.041)  Loss:  1.4382 (1.4907)  Acc@1: 61.7647 (59.8800)  Acc@5: 87.1324 (87.1600)
2025-08-16 03:50:53,702 - timm.utils.checkpoint_saver: [    INFO] - Current checkpoints:
 ('./output/train/20250816-033439-resnet18-224/checkpoint/checkpoint-49.pth.tar', 61.60999994506836)
 ('./output/train/20250816-033439-resnet18-224/checkpoint/checkpoint-54.pth.tar', 60.39000003051758)
 ('./output/train/20250816-033439-resnet18-224/checkpoint/checkpoint-45.pth.tar', 60.00000004272461)
 ('./output/train/20250816-033439-resnet18-224/checkpoint/checkpoint-55.pth.tar', 59.87999999389648)
 ('./output/train/20250816-033439-resnet18-224/checkpoint/checkpoint-46.pth.tar', 59.58999998779297)
 ('./output/train/20250816-033439-resnet18-224/checkpoint/checkpoint-50.pth.tar', 59.45999997558594)
 ('./output/train/20250816-033439-resnet18-224/checkpoint/checkpoint-47.pth.tar', 59.250000018310544)
 ('./output/train/20250816-033439-resnet18-224/checkpoint/checkpoint-52.pth.tar', 59.04999990234375)
 ('./output/train/20250816-033439-resnet18-224/checkpoint/checkpoint-48.pth.tar', 59.039999981689455)
 ('./output/train/20250816-033439-resnet18-224/checkpoint/checkpoint-39.pth.tar', 58.98999991455078)

2025-08-16 03:50:53,967 -                train: [    INFO] - Train: 56 [   0/97 (  0%)]  Loss: 182.9 (183.)  Loss_feat: 180.8 (181.)  Loss_gt: 2.119 (2.12) LR: 5.000e-02
2025-08-16 03:51:09,870 -                train: [    INFO] - Train: 56 [  96/97 (100%)]  Loss: 183.9 (183.)  Loss_feat: 181.8 (181.)  Loss_gt: 2.122 (2.12) LR: 5.000e-02
2025-08-16 03:51:09,870 -                train: [    INFO] - Distributing BatchNorm running means and vars
2025-08-16 03:51:10,236 -                train: [    INFO] - Test: [   0/19]  Time: 0.362 (0.362)  Loss:  1.6174 (1.6174)  Acc@1: 59.3750 (59.3750)  Acc@5: 86.1328 (86.1328)
2025-08-16 03:51:10,738 -                train: [    INFO] - Test: [  19/19]  Time: 0.009 (0.043)  Loss:  1.5836 (1.5975)  Acc@1: 59.5588 (58.5700)  Acc@5: 86.0294 (86.7400)
2025-08-16 03:51:11,298 -                train: [    INFO] - Train: 57 [   0/97 (  0%)]  Loss: 181.1 (181.)  Loss_feat: 179.0 (179.)  Loss_gt: 2.090 (2.09) LR: 5.000e-02
2025-08-16 03:51:27,240 -                train: [    INFO] - Train: 57 [  96/97 (100%)]  Loss: 181.4 (181.)  Loss_feat: 179.1 (179.)  Loss_gt: 2.255 (2.17) LR: 5.000e-02
2025-08-16 03:51:27,240 -                train: [    INFO] - Distributing BatchNorm running means and vars
2025-08-16 03:51:27,600 -                train: [    INFO] - Test: [   0/19]  Time: 0.356 (0.356)  Loss:  1.4666 (1.4666)  Acc@1: 59.5703 (59.5703)  Acc@5: 87.6953 (87.6953)
2025-08-16 03:51:28,085 -                train: [    INFO] - Test: [  19/19]  Time: 0.009 (0.042)  Loss:  1.3197 (1.4202)  Acc@1: 64.7059 (61.4100)  Acc@5: 90.0735 (88.5900)
2025-08-16 03:51:28,384 - timm.utils.checkpoint_saver: [    INFO] - Current checkpoints:
 ('./output/train/20250816-033439-resnet18-224/checkpoint/checkpoint-49.pth.tar', 61.60999994506836)
 ('./output/train/20250816-033439-resnet18-224/checkpoint/checkpoint-57.pth.tar', 61.40999991455078)
 ('./output/train/20250816-033439-resnet18-224/checkpoint/checkpoint-54.pth.tar', 60.39000003051758)
 ('./output/train/20250816-033439-resnet18-224/checkpoint/checkpoint-45.pth.tar', 60.00000004272461)
 ('./output/train/20250816-033439-resnet18-224/checkpoint/checkpoint-55.pth.tar', 59.87999999389648)
 ('./output/train/20250816-033439-resnet18-224/checkpoint/checkpoint-46.pth.tar', 59.58999998779297)
 ('./output/train/20250816-033439-resnet18-224/checkpoint/checkpoint-50.pth.tar', 59.45999997558594)
 ('./output/train/20250816-033439-resnet18-224/checkpoint/checkpoint-47.pth.tar', 59.250000018310544)
 ('./output/train/20250816-033439-resnet18-224/checkpoint/checkpoint-52.pth.tar', 59.04999990234375)
 ('./output/train/20250816-033439-resnet18-224/checkpoint/checkpoint-48.pth.tar', 59.039999981689455)

2025-08-16 03:51:28,659 -                train: [    INFO] - Train: 58 [   0/97 (  0%)]  Loss: 179.4 (179.)  Loss_feat: 177.3 (177.)  Loss_gt: 2.143 (2.14) LR: 5.000e-02
2025-08-16 03:51:44,589 -                train: [    INFO] - Train: 58 [  96/97 (100%)]  Loss: 181.1 (180.)  Loss_feat: 178.9 (178.)  Loss_gt: 2.228 (2.19) LR: 5.000e-02
2025-08-16 03:51:44,589 -                train: [    INFO] - Distributing BatchNorm running means and vars
2025-08-16 03:51:44,944 -                train: [    INFO] - Test: [   0/19]  Time: 0.351 (0.351)  Loss:  1.4715 (1.4715)  Acc@1: 59.9609 (59.9609)  Acc@5: 86.7188 (86.7188)
2025-08-16 03:51:45,431 -                train: [    INFO] - Test: [  19/19]  Time: 0.009 (0.042)  Loss:  1.4563 (1.4555)  Acc@1: 59.9265 (59.1400)  Acc@5: 87.1324 (87.6600)
2025-08-16 03:51:45,653 - timm.utils.checkpoint_saver: [    INFO] - Current checkpoints:
 ('./output/train/20250816-033439-resnet18-224/checkpoint/checkpoint-49.pth.tar', 61.60999994506836)
 ('./output/train/20250816-033439-resnet18-224/checkpoint/checkpoint-57.pth.tar', 61.40999991455078)
 ('./output/train/20250816-033439-resnet18-224/checkpoint/checkpoint-54.pth.tar', 60.39000003051758)
 ('./output/train/20250816-033439-resnet18-224/checkpoint/checkpoint-45.pth.tar', 60.00000004272461)
 ('./output/train/20250816-033439-resnet18-224/checkpoint/checkpoint-55.pth.tar', 59.87999999389648)
 ('./output/train/20250816-033439-resnet18-224/checkpoint/checkpoint-46.pth.tar', 59.58999998779297)
 ('./output/train/20250816-033439-resnet18-224/checkpoint/checkpoint-50.pth.tar', 59.45999997558594)
 ('./output/train/20250816-033439-resnet18-224/checkpoint/checkpoint-47.pth.tar', 59.250000018310544)
 ('./output/train/20250816-033439-resnet18-224/checkpoint/checkpoint-58.pth.tar', 59.13999992675781)
 ('./output/train/20250816-033439-resnet18-224/checkpoint/checkpoint-52.pth.tar', 59.04999990234375)

2025-08-16 03:51:46,019 -                train: [    INFO] - Train: 59 [   0/97 (  0%)]  Loss: 179.2 (179.)  Loss_feat: 177.2 (177.)  Loss_gt: 2.044 (2.04) LR: 5.000e-02
2025-08-16 03:52:01,994 -                train: [    INFO] - Train: 59 [  96/97 (100%)]  Loss: 180.3 (180.)  Loss_feat: 178.1 (178.)  Loss_gt: 2.212 (2.13) LR: 5.000e-02
2025-08-16 03:52:01,994 -                train: [    INFO] - Distributing BatchNorm running means and vars
2025-08-16 03:52:02,298 -                train: [    INFO] - Test: [   0/19]  Time: 0.300 (0.300)  Loss:  1.5016 (1.5016)  Acc@1: 62.3047 (62.3047)  Acc@5: 87.3047 (87.3047)
2025-08-16 03:52:02,809 -                train: [    INFO] - Test: [  19/19]  Time: 0.009 (0.041)  Loss:  1.4929 (1.5185)  Acc@1: 61.3971 (60.8300)  Acc@5: 88.6029 (87.2600)
2025-08-16 03:52:03,031 - timm.utils.checkpoint_saver: [    INFO] - Current checkpoints:
 ('./output/train/20250816-033439-resnet18-224/checkpoint/checkpoint-49.pth.tar', 61.60999994506836)
 ('./output/train/20250816-033439-resnet18-224/checkpoint/checkpoint-57.pth.tar', 61.40999991455078)
 ('./output/train/20250816-033439-resnet18-224/checkpoint/checkpoint-59.pth.tar', 60.830000042724606)
 ('./output/train/20250816-033439-resnet18-224/checkpoint/checkpoint-54.pth.tar', 60.39000003051758)
 ('./output/train/20250816-033439-resnet18-224/checkpoint/checkpoint-45.pth.tar', 60.00000004272461)
 ('./output/train/20250816-033439-resnet18-224/checkpoint/checkpoint-55.pth.tar', 59.87999999389648)
 ('./output/train/20250816-033439-resnet18-224/checkpoint/checkpoint-46.pth.tar', 59.58999998779297)
 ('./output/train/20250816-033439-resnet18-224/checkpoint/checkpoint-50.pth.tar', 59.45999997558594)
 ('./output/train/20250816-033439-resnet18-224/checkpoint/checkpoint-47.pth.tar', 59.250000018310544)
 ('./output/train/20250816-033439-resnet18-224/checkpoint/checkpoint-58.pth.tar', 59.13999992675781)

2025-08-16 03:52:03,377 -                train: [    INFO] - Train: 60 [   0/97 (  0%)]  Loss: 179.4 (179.)  Loss_feat: 177.3 (177.)  Loss_gt: 2.029 (2.03) LR: 5.000e-02
2025-08-16 03:52:19,356 -                train: [    INFO] - Train: 60 [  96/97 (100%)]  Loss: 178.4 (179.)  Loss_feat: 176.2 (177.)  Loss_gt: 2.172 (2.10) LR: 5.000e-02
2025-08-16 03:52:19,357 -                train: [    INFO] - Distributing BatchNorm running means and vars
2025-08-16 03:52:19,662 -                train: [    INFO] - Test: [   0/19]  Time: 0.302 (0.302)  Loss:  1.5152 (1.5152)  Acc@1: 60.1562 (60.1562)  Acc@5: 86.5234 (86.5234)
2025-08-16 03:52:20,163 -                train: [    INFO] - Test: [  19/19]  Time: 0.009 (0.040)  Loss:  1.4884 (1.5250)  Acc@1: 60.6618 (59.5900)  Acc@5: 88.2353 (86.8100)
2025-08-16 03:52:20,443 - timm.utils.checkpoint_saver: [    INFO] - Current checkpoints:
 ('./output/train/20250816-033439-resnet18-224/checkpoint/checkpoint-49.pth.tar', 61.60999994506836)
 ('./output/train/20250816-033439-resnet18-224/checkpoint/checkpoint-57.pth.tar', 61.40999991455078)
 ('./output/train/20250816-033439-resnet18-224/checkpoint/checkpoint-59.pth.tar', 60.830000042724606)
 ('./output/train/20250816-033439-resnet18-224/checkpoint/checkpoint-54.pth.tar', 60.39000003051758)
 ('./output/train/20250816-033439-resnet18-224/checkpoint/checkpoint-45.pth.tar', 60.00000004272461)
 ('./output/train/20250816-033439-resnet18-224/checkpoint/checkpoint-55.pth.tar', 59.87999999389648)
 ('./output/train/20250816-033439-resnet18-224/checkpoint/checkpoint-46.pth.tar', 59.58999998779297)
 ('./output/train/20250816-033439-resnet18-224/checkpoint/checkpoint-60.pth.tar', 59.589999932861325)
 ('./output/train/20250816-033439-resnet18-224/checkpoint/checkpoint-50.pth.tar', 59.45999997558594)
 ('./output/train/20250816-033439-resnet18-224/checkpoint/checkpoint-47.pth.tar', 59.250000018310544)

2025-08-16 03:52:20,733 -                train: [    INFO] - Train: 61 [   0/97 (  0%)]  Loss: 178.2 (178.)  Loss_feat: 176.0 (176.)  Loss_gt: 2.133 (2.13) LR: 5.000e-02
2025-08-16 03:52:36,676 -                train: [    INFO] - Train: 61 [  96/97 (100%)]  Loss: 177.4 (178.)  Loss_feat: 175.3 (176.)  Loss_gt: 2.107 (2.12) LR: 5.000e-02
2025-08-16 03:52:36,676 -                train: [    INFO] - Distributing BatchNorm running means and vars
2025-08-16 03:52:37,091 -                train: [    INFO] - Test: [   0/19]  Time: 0.412 (0.412)  Loss:  1.5367 (1.5367)  Acc@1: 59.9609 (59.9609)  Acc@5: 85.9375 (85.9375)
2025-08-16 03:52:37,562 -                train: [    INFO] - Test: [  19/19]  Time: 0.009 (0.044)  Loss:  1.5004 (1.5229)  Acc@1: 58.0882 (58.1100)  Acc@5: 87.5000 (86.9100)
2025-08-16 03:52:38,291 -                train: [    INFO] - Train: 62 [   0/97 (  0%)]  Loss: 176.8 (177.)  Loss_feat: 174.7 (175.)  Loss_gt: 2.110 (2.11) LR: 5.000e-02
2025-08-16 03:52:54,241 -                train: [    INFO] - Train: 62 [  96/97 (100%)]  Loss: 176.2 (177.)  Loss_feat: 174.2 (174.)  Loss_gt: 2.029 (2.07) LR: 5.000e-02
2025-08-16 03:52:54,241 -                train: [    INFO] - Distributing BatchNorm running means and vars
2025-08-16 03:52:54,624 -                train: [    INFO] - Test: [   0/19]  Time: 0.379 (0.379)  Loss:  1.5742 (1.5742)  Acc@1: 57.6172 (57.6172)  Acc@5: 84.5703 (84.5703)
2025-08-16 03:52:55,096 -                train: [    INFO] - Test: [  19/19]  Time: 0.009 (0.043)  Loss:  1.4428 (1.5261)  Acc@1: 62.5000 (58.9200)  Acc@5: 89.3382 (86.7000)
2025-08-16 03:52:55,658 -                train: [    INFO] - Train: 63 [   0/97 (  0%)]  Loss: 175.6 (176.)  Loss_feat: 173.5 (174.)  Loss_gt: 2.100 (2.10) LR: 5.000e-02
2025-08-16 03:53:11,588 -                train: [    INFO] - Train: 63 [  96/97 (100%)]  Loss: 176.5 (176.)  Loss_feat: 174.4 (174.)  Loss_gt: 2.094 (2.10) LR: 5.000e-02
2025-08-16 03:53:11,588 -                train: [    INFO] - Distributing BatchNorm running means and vars
2025-08-16 03:53:11,918 -                train: [    INFO] - Test: [   0/19]  Time: 0.326 (0.326)  Loss:  1.5173 (1.5173)  Acc@1: 61.3281 (61.3281)  Acc@5: 86.5234 (86.5234)
2025-08-16 03:53:12,405 -                train: [    INFO] - Test: [  19/19]  Time: 0.009 (0.041)  Loss:  1.5837 (1.5676)  Acc@1: 63.9706 (59.5900)  Acc@5: 84.9265 (86.5300)
2025-08-16 03:53:12,849 - timm.utils.checkpoint_saver: [    INFO] - Current checkpoints:
 ('./output/train/20250816-033439-resnet18-224/checkpoint/checkpoint-49.pth.tar', 61.60999994506836)
 ('./output/train/20250816-033439-resnet18-224/checkpoint/checkpoint-57.pth.tar', 61.40999991455078)
 ('./output/train/20250816-033439-resnet18-224/checkpoint/checkpoint-59.pth.tar', 60.830000042724606)
 ('./output/train/20250816-033439-resnet18-224/checkpoint/checkpoint-54.pth.tar', 60.39000003051758)
 ('./output/train/20250816-033439-resnet18-224/checkpoint/checkpoint-45.pth.tar', 60.00000004272461)
 ('./output/train/20250816-033439-resnet18-224/checkpoint/checkpoint-55.pth.tar', 59.87999999389648)
 ('./output/train/20250816-033439-resnet18-224/checkpoint/checkpoint-46.pth.tar', 59.58999998779297)
 ('./output/train/20250816-033439-resnet18-224/checkpoint/checkpoint-60.pth.tar', 59.589999932861325)
 ('./output/train/20250816-033439-resnet18-224/checkpoint/checkpoint-63.pth.tar', 59.58999990844727)
 ('./output/train/20250816-033439-resnet18-224/checkpoint/checkpoint-50.pth.tar', 59.45999997558594)

2025-08-16 03:53:13,113 -                train: [    INFO] - Train: 64 [   0/97 (  0%)]  Loss: 175.2 (175.)  Loss_feat: 173.2 (173.)  Loss_gt: 1.983 (1.98) LR: 5.000e-02
2025-08-16 03:53:29,065 -                train: [    INFO] - Train: 64 [  96/97 (100%)]  Loss: 174.8 (175.)  Loss_feat: 172.5 (173.)  Loss_gt: 2.248 (2.12) LR: 5.000e-02
2025-08-16 03:53:29,065 -                train: [    INFO] - Distributing BatchNorm running means and vars
2025-08-16 03:53:29,427 -                train: [    INFO] - Test: [   0/19]  Time: 0.358 (0.358)  Loss:  1.4844 (1.4844)  Acc@1: 60.7422 (60.7422)  Acc@5: 87.5000 (87.5000)
2025-08-16 03:53:29,907 -                train: [    INFO] - Test: [  19/19]  Time: 0.009 (0.042)  Loss:  1.3259 (1.4939)  Acc@1: 65.4412 (59.8400)  Acc@5: 89.3382 (87.6800)
2025-08-16 03:53:30,139 - timm.utils.checkpoint_saver: [    INFO] - Current checkpoints:
 ('./output/train/20250816-033439-resnet18-224/checkpoint/checkpoint-49.pth.tar', 61.60999994506836)
 ('./output/train/20250816-033439-resnet18-224/checkpoint/checkpoint-57.pth.tar', 61.40999991455078)
 ('./output/train/20250816-033439-resnet18-224/checkpoint/checkpoint-59.pth.tar', 60.830000042724606)
 ('./output/train/20250816-033439-resnet18-224/checkpoint/checkpoint-54.pth.tar', 60.39000003051758)
 ('./output/train/20250816-033439-resnet18-224/checkpoint/checkpoint-45.pth.tar', 60.00000004272461)
 ('./output/train/20250816-033439-resnet18-224/checkpoint/checkpoint-55.pth.tar', 59.87999999389648)
 ('./output/train/20250816-033439-resnet18-224/checkpoint/checkpoint-64.pth.tar', 59.83999981689453)
 ('./output/train/20250816-033439-resnet18-224/checkpoint/checkpoint-46.pth.tar', 59.58999998779297)
 ('./output/train/20250816-033439-resnet18-224/checkpoint/checkpoint-60.pth.tar', 59.589999932861325)
 ('./output/train/20250816-033439-resnet18-224/checkpoint/checkpoint-63.pth.tar', 59.58999990844727)

2025-08-16 03:53:30,471 -                train: [    INFO] - Train: 65 [   0/97 (  0%)]  Loss: 174.4 (174.)  Loss_feat: 172.3 (172.)  Loss_gt: 2.066 (2.07) LR: 5.000e-02
2025-08-16 03:53:45,682 -                train: [    INFO] - *** Best metric: 61.60999994506836 (epoch 49)
