2025-08-23 13:10:28,273 -                train: [    INFO] - Training with a single process on 1 GPUs.
2025-08-23 13:10:28,496 -               dinov2: [    INFO] - using MLP layer as FFN
2025-08-23 13:10:30,655 -                train: [    INFO] - Model resnet18_vcaV2 created, param count:26875376
2025-08-23 13:10:30,655 -     timm.data.config: [    INFO] - Data processing configuration for current model + dataset:
2025-08-23 13:10:30,655 -     timm.data.config: [    INFO] - 	input_size: (3, 224, 224)
2025-08-23 13:10:30,655 -     timm.data.config: [    INFO] - 	interpolation: bicubic
2025-08-23 13:10:30,657 -     timm.data.config: [    INFO] - 	mean: (0.485, 0.456, 0.406)
2025-08-23 13:10:30,657 -     timm.data.config: [    INFO] - 	std: (0.229, 0.224, 0.225)
2025-08-23 13:10:30,657 -     timm.data.config: [    INFO] - 	crop_pct: 0.875
2025-08-23 13:10:30,827 -                train: [    INFO] - 
-------------------------------
Learnable parameters
Student: 26.88M
Extra: 0.00M
-------------------------------
2025-08-23 13:10:30,972 -                train: [    INFO] - AMP not enabled. Training in float32.
2025-08-23 13:10:30,973 -                train: [    INFO] - Scheduled epochs: 200
2025-08-23 13:10:35,326 -                train: [    INFO] - Train: 0 [   0/391 (  0%)]  Loss: 519.9 (520.)  Loss_cat: 20.19 (20.2)  Loss_feat: 494.3 (494.)  Loss_gt: 5.371 (5.37) LR: 1.000e-04
2025-08-23 13:12:04,466 -                train: [    INFO] - Train: 0 [ 200/391 ( 51%)]  Loss: 335.1 (379.)  Loss_cat: 8.191 (10.1)  Loss_feat: 321.6 (363.)  Loss_gt: 5.368 (5.43) LR: 1.000e-04
2025-08-23 13:13:31,481 -                train: [    INFO] - Train: 0 [ 390/391 (100%)]  Loss: 330.8 (356.)  Loss_cat: 6.979 (8.86)  Loss_feat: 318.5 (342.)  Loss_gt: 5.335 (5.39) LR: 1.000e-04
2025-08-23 13:13:32,169 -                train: [    INFO] - Test: [   0/39]  Time: 0.642 (0.642)  Loss:  5.4573 (5.4573)  Acc@1:  0.0000 ( 0.0000)  Acc@5:  1.1719 ( 1.1719)
2025-08-23 13:13:50,802 -                train: [    INFO] - Test: [  39/39]  Time: 1.097 (0.482)  Loss:  5.3272 (5.3366)  Acc@1:  0.0000 ( 0.5500)  Acc@5:  0.0000 ( 3.2500)
2025-08-23 13:13:51,223 - timm.utils.checkpoint_saver: [    INFO] - Current checkpoints:
 ('./output/train/20250823-131030-resnet18_vcaV2-224/checkpoint/checkpoint-0.pth.tar', 0.55)

2025-08-23 13:13:52,500 -                train: [    INFO] - Train: 1 [   0/391 (  0%)]  Loss: 326.6 (327.)  Loss_cat: 6.923 (6.92)  Loss_feat: 314.3 (314.)  Loss_gt: 5.307 (5.31) LR: 1.673e-02
2025-08-23 13:15:21,488 -                train: [    INFO] - Train: 1 [ 200/391 ( 51%)]  Loss: 306.6 (324.)  Loss_cat: 4.977 (5.65)  Loss_feat: 296.4 (313.)  Loss_gt: 5.211 (5.30) LR: 1.673e-02
2025-08-23 13:16:46,419 -                train: [    INFO] - Train: 1 [ 390/391 (100%)]  Loss: 290.5 (311.)  Loss_cat: 4.141 (5.14)  Loss_feat: 281.3 (301.)  Loss_gt: 5.051 (5.23) LR: 1.673e-02
2025-08-23 13:16:47,136 -                train: [    INFO] - Test: [   0/39]  Time: 0.646 (0.646)  Loss:  5.1234 (5.1234)  Acc@1:  7.0312 ( 7.0312)  Acc@5: 13.6719 (13.6719)
2025-08-23 13:17:04,064 -                train: [    INFO] - Test: [  39/39]  Time: 0.025 (0.439)  Loss:  4.7314 (5.0876)  Acc@1:  0.0000 ( 3.2500)  Acc@5:  0.0000 (13.9800)
2025-08-23 13:17:04,697 - timm.utils.checkpoint_saver: [    INFO] - Current checkpoints:
 ('./output/train/20250823-131030-resnet18_vcaV2-224/checkpoint/checkpoint-1.pth.tar', 3.25)
 ('./output/train/20250823-131030-resnet18_vcaV2-224/checkpoint/checkpoint-0.pth.tar', 0.55)

2025-08-23 13:17:06,080 -                train: [    INFO] - Train: 2 [   0/391 (  0%)]  Loss: 291.1 (291.)  Loss_cat: 4.383 (4.38)  Loss_feat: 281.7 (282.)  Loss_gt: 5.058 (5.06) LR: 3.337e-02
2025-08-23 13:18:35,466 -                train: [    INFO] - Train: 2 [ 200/391 ( 51%)]  Loss: 277.0 (287.)  Loss_cat: 3.854 (4.20)  Loss_feat: 268.4 (278.)  Loss_gt: 4.719 (4.95) LR: 3.337e-02
2025-08-23 13:20:00,342 -                train: [    INFO] - Train: 2 [ 390/391 (100%)]  Loss: 272.5 (281.)  Loss_cat: 3.765 (4.01)  Loss_feat: 264.3 (272.)  Loss_gt: 4.352 (4.77) LR: 3.337e-02
2025-08-23 13:20:01,178 -                train: [    INFO] - Test: [   0/39]  Time: 0.778 (0.778)  Loss:  4.2047 (4.2047)  Acc@1: 16.4062 (16.4062)  Acc@5: 30.4688 (30.4688)
2025-08-23 13:20:18,652 -                train: [    INFO] - Test: [  39/39]  Time: 0.027 (0.456)  Loss:  4.1409 (4.1975)  Acc@1:  0.0000 (12.0500)  Acc@5: 25.0000 (35.1200)
2025-08-23 13:20:19,341 - timm.utils.checkpoint_saver: [    INFO] - Current checkpoints:
 ('./output/train/20250823-131030-resnet18_vcaV2-224/checkpoint/checkpoint-2.pth.tar', 12.05)
 ('./output/train/20250823-131030-resnet18_vcaV2-224/checkpoint/checkpoint-1.pth.tar', 3.25)
 ('./output/train/20250823-131030-resnet18_vcaV2-224/checkpoint/checkpoint-0.pth.tar', 0.55)

2025-08-23 13:20:20,589 -                train: [    INFO] - Train: 3 [   0/391 (  0%)]  Loss: 267.7 (268.)  Loss_cat: 3.670 (3.67)  Loss_feat: 259.7 (260.)  Loss_gt: 4.307 (4.31) LR: 5.000e-02
2025-08-23 13:21:49,855 -                train: [    INFO] - Train: 3 [ 200/391 ( 51%)]  Loss: 265.4 (269.)  Loss_cat: 3.583 (3.71)  Loss_feat: 257.8 (261.)  Loss_gt: 4.046 (4.21) LR: 5.000e-02
2025-08-23 13:23:14,852 -                train: [    INFO] - Train: 3 [ 390/391 (100%)]  Loss: 269.7 (268.)  Loss_cat: 3.741 (3.72)  Loss_feat: 261.9 (260.)  Loss_gt: 4.011 (4.10) LR: 5.000e-02
2025-08-23 13:23:15,560 -                train: [    INFO] - Test: [   0/39]  Time: 0.641 (0.641)  Loss:  3.9936 (3.9936)  Acc@1: 20.7031 (20.7031)  Acc@5: 41.4062 (41.4062)
2025-08-23 13:23:35,455 -                train: [    INFO] - Test: [  39/39]  Time: 0.026 (0.513)  Loss:  3.9558 (3.7948)  Acc@1: 12.5000 (18.5600)  Acc@5: 31.2500 (42.6700)
2025-08-23 13:23:35,912 - timm.utils.checkpoint_saver: [    INFO] - Current checkpoints:
 ('./output/train/20250823-131030-resnet18_vcaV2-224/checkpoint/checkpoint-3.pth.tar', 18.56)
 ('./output/train/20250823-131030-resnet18_vcaV2-224/checkpoint/checkpoint-2.pth.tar', 12.05)
 ('./output/train/20250823-131030-resnet18_vcaV2-224/checkpoint/checkpoint-1.pth.tar', 3.25)
 ('./output/train/20250823-131030-resnet18_vcaV2-224/checkpoint/checkpoint-0.pth.tar', 0.55)

2025-08-23 13:23:37,049 -                train: [    INFO] - Train: 4 [   0/391 (  0%)]  Loss: 269.4 (269.)  Loss_cat: 3.718 (3.72)  Loss_feat: 261.8 (262.)  Loss_gt: 3.846 (3.85) LR: 5.000e-02
2025-08-23 13:25:06,179 -                train: [    INFO] - Train: 4 [ 200/391 ( 51%)]  Loss: 263.7 (262.)  Loss_cat: 3.607 (3.55)  Loss_feat: 256.3 (255.)  Loss_gt: 3.797 (3.72) LR: 5.000e-02
2025-08-23 13:26:31,182 -                train: [    INFO] - Train: 4 [ 390/391 (100%)]  Loss: 251.1 (259.)  Loss_cat: 3.212 (3.47)  Loss_feat: 244.5 (252.)  Loss_gt: 3.361 (3.61) LR: 5.000e-02
2025-08-23 13:26:31,969 -                train: [    INFO] - Test: [   0/39]  Time: 0.705 (0.705)  Loss:  3.2127 (3.2127)  Acc@1: 27.7344 (27.7344)  Acc@5: 60.9375 (60.9375)
2025-08-23 13:26:50,938 -                train: [    INFO] - Test: [  39/39]  Time: 0.026 (0.492)  Loss:  2.6960 (3.1568)  Acc@1: 37.5000 (28.1300)  Acc@5: 68.7500 (57.6800)
2025-08-23 13:26:51,645 - timm.utils.checkpoint_saver: [    INFO] - Current checkpoints:
 ('./output/train/20250823-131030-resnet18_vcaV2-224/checkpoint/checkpoint-4.pth.tar', 28.13)
 ('./output/train/20250823-131030-resnet18_vcaV2-224/checkpoint/checkpoint-3.pth.tar', 18.56)
 ('./output/train/20250823-131030-resnet18_vcaV2-224/checkpoint/checkpoint-2.pth.tar', 12.05)
 ('./output/train/20250823-131030-resnet18_vcaV2-224/checkpoint/checkpoint-1.pth.tar', 3.25)
 ('./output/train/20250823-131030-resnet18_vcaV2-224/checkpoint/checkpoint-0.pth.tar', 0.55)

2025-08-23 13:26:52,998 -                train: [    INFO] - Train: 5 [   0/391 (  0%)]  Loss: 254.2 (254.)  Loss_cat: 3.349 (3.35)  Loss_feat: 247.6 (248.)  Loss_gt: 3.263 (3.26) LR: 5.000e-02
2025-08-23 13:28:22,474 -                train: [    INFO] - Train: 5 [ 200/391 ( 51%)]  Loss: 250.6 (252.)  Loss_cat: 3.192 (3.27)  Loss_feat: 244.1 (246.)  Loss_gt: 3.357 (3.33) LR: 5.000e-02
2025-08-23 13:29:47,674 -                train: [    INFO] - Train: 5 [ 390/391 (100%)]  Loss: 255.6 (255.)  Loss_cat: 3.252 (3.35)  Loss_feat: 249.0 (249.)  Loss_gt: 3.304 (3.38) LR: 5.000e-02
2025-08-23 13:29:48,406 -                train: [    INFO] - Test: [   0/39]  Time: 0.651 (0.651)  Loss:  2.4976 (2.4976)  Acc@1: 49.2188 (49.2188)  Acc@5: 73.4375 (73.4375)
2025-08-23 13:30:04,504 -                train: [    INFO] - Test: [  39/39]  Time: 0.026 (0.419)  Loss:  2.9179 (3.0084)  Acc@1: 37.5000 (31.2100)  Acc@5: 68.7500 (60.1100)
2025-08-23 13:30:05,028 - timm.utils.checkpoint_saver: [    INFO] - Current checkpoints:
 ('./output/train/20250823-131030-resnet18_vcaV2-224/checkpoint/checkpoint-5.pth.tar', 31.21)
 ('./output/train/20250823-131030-resnet18_vcaV2-224/checkpoint/checkpoint-4.pth.tar', 28.13)
 ('./output/train/20250823-131030-resnet18_vcaV2-224/checkpoint/checkpoint-3.pth.tar', 18.56)
 ('./output/train/20250823-131030-resnet18_vcaV2-224/checkpoint/checkpoint-2.pth.tar', 12.05)
 ('./output/train/20250823-131030-resnet18_vcaV2-224/checkpoint/checkpoint-1.pth.tar', 3.25)
 ('./output/train/20250823-131030-resnet18_vcaV2-224/checkpoint/checkpoint-0.pth.tar', 0.55)

2025-08-23 13:30:06,167 -                train: [    INFO] - Train: 6 [   0/391 (  0%)]  Loss: 250.4 (250.)  Loss_cat: 3.286 (3.29)  Loss_feat: 243.8 (244.)  Loss_gt: 3.304 (3.30) LR: 5.000e-02
2025-08-23 13:31:35,819 -                train: [    INFO] - Train: 6 [ 200/391 ( 51%)]  Loss: 251.2 (250.)  Loss_cat: 3.220 (3.19)  Loss_feat: 244.8 (243.)  Loss_gt: 3.167 (3.18) LR: 5.000e-02
2025-08-23 13:33:00,981 -                train: [    INFO] - Train: 6 [ 390/391 (100%)]  Loss: 244.1 (248.)  Loss_cat: 3.060 (3.15)  Loss_feat: 238.1 (242.)  Loss_gt: 2.895 (3.15) LR: 5.000e-02
2025-08-23 13:33:01,839 -                train: [    INFO] - Test: [   0/39]  Time: 0.783 (0.783)  Loss:  2.0990 (2.0990)  Acc@1: 49.6094 (49.6094)  Acc@5: 78.1250 (78.1250)
2025-08-23 13:33:22,774 -                train: [    INFO] - Test: [  39/39]  Time: 0.026 (0.543)  Loss:  2.6909 (2.7716)  Acc@1: 18.7500 (35.9500)  Acc@5: 68.7500 (64.0300)
2025-08-23 13:33:23,297 - timm.utils.checkpoint_saver: [    INFO] - Current checkpoints:
 ('./output/train/20250823-131030-resnet18_vcaV2-224/checkpoint/checkpoint-6.pth.tar', 35.95)
 ('./output/train/20250823-131030-resnet18_vcaV2-224/checkpoint/checkpoint-5.pth.tar', 31.21)
 ('./output/train/20250823-131030-resnet18_vcaV2-224/checkpoint/checkpoint-4.pth.tar', 28.13)
 ('./output/train/20250823-131030-resnet18_vcaV2-224/checkpoint/checkpoint-3.pth.tar', 18.56)
 ('./output/train/20250823-131030-resnet18_vcaV2-224/checkpoint/checkpoint-2.pth.tar', 12.05)
 ('./output/train/20250823-131030-resnet18_vcaV2-224/checkpoint/checkpoint-1.pth.tar', 3.25)
 ('./output/train/20250823-131030-resnet18_vcaV2-224/checkpoint/checkpoint-0.pth.tar', 0.55)

2025-08-23 13:33:24,580 -                train: [    INFO] - Train: 7 [   0/391 (  0%)]  Loss: 245.2 (245.)  Loss_cat: 3.048 (3.05)  Loss_feat: 239.1 (239.)  Loss_gt: 3.046 (3.05) LR: 5.000e-02
2025-08-23 13:34:54,134 -                train: [    INFO] - Train: 7 [ 200/391 ( 51%)]  Loss: 243.0 (245.)  Loss_cat: 2.986 (3.07)  Loss_feat: 237.1 (239.)  Loss_gt: 2.915 (3.04) LR: 5.000e-02
2025-08-23 13:36:18,782 -                train: [    INFO] - Train: 7 [ 390/391 (100%)]  Loss: 242.1 (244.)  Loss_cat: 2.968 (3.06)  Loss_feat: 236.1 (238.)  Loss_gt: 2.996 (3.03) LR: 5.000e-02
2025-08-23 13:36:19,579 -                train: [    INFO] - Test: [   0/39]  Time: 0.722 (0.722)  Loss:  2.2352 (2.2352)  Acc@1: 50.3906 (50.3906)  Acc@5: 74.6094 (74.6094)
2025-08-23 13:36:38,528 -                train: [    INFO] - Test: [  39/39]  Time: 0.025 (0.492)  Loss:  2.2985 (2.7185)  Acc@1: 37.5000 (36.9800)  Acc@5: 81.2500 (65.1600)
2025-08-23 13:36:39,066 - timm.utils.checkpoint_saver: [    INFO] - Current checkpoints:
 ('./output/train/20250823-131030-resnet18_vcaV2-224/checkpoint/checkpoint-7.pth.tar', 36.98)
 ('./output/train/20250823-131030-resnet18_vcaV2-224/checkpoint/checkpoint-6.pth.tar', 35.95)
 ('./output/train/20250823-131030-resnet18_vcaV2-224/checkpoint/checkpoint-5.pth.tar', 31.21)
 ('./output/train/20250823-131030-resnet18_vcaV2-224/checkpoint/checkpoint-4.pth.tar', 28.13)
 ('./output/train/20250823-131030-resnet18_vcaV2-224/checkpoint/checkpoint-3.pth.tar', 18.56)
 ('./output/train/20250823-131030-resnet18_vcaV2-224/checkpoint/checkpoint-2.pth.tar', 12.05)
 ('./output/train/20250823-131030-resnet18_vcaV2-224/checkpoint/checkpoint-1.pth.tar', 3.25)
 ('./output/train/20250823-131030-resnet18_vcaV2-224/checkpoint/checkpoint-0.pth.tar', 0.55)

2025-08-23 13:36:40,352 -                train: [    INFO] - Train: 8 [   0/391 (  0%)]  Loss: 245.9 (246.)  Loss_cat: 3.063 (3.06)  Loss_feat: 239.8 (240.)  Loss_gt: 3.064 (3.06) LR: 5.000e-02
2025-08-23 13:38:09,298 -                train: [    INFO] - Train: 8 [ 200/391 ( 51%)]  Loss: 241.9 (242.)  Loss_cat: 2.986 (3.00)  Loss_feat: 235.9 (236.)  Loss_gt: 3.074 (2.95) LR: 5.000e-02
2025-08-23 13:39:34,386 -                train: [    INFO] - Train: 8 [ 390/391 (100%)]  Loss: 239.9 (242.)  Loss_cat: 2.972 (2.99)  Loss_feat: 234.1 (236.)  Loss_gt: 2.838 (2.94) LR: 5.000e-02
2025-08-23 13:39:35,108 -                train: [    INFO] - Test: [   0/39]  Time: 0.658 (0.658)  Loss:  2.8507 (2.8507)  Acc@1: 36.3281 (36.3281)  Acc@5: 56.6406 (56.6406)
2025-08-23 13:39:53,728 -                train: [    INFO] - Test: [  39/39]  Time: 0.025 (0.482)  Loss:  2.6835 (2.6729)  Acc@1: 18.7500 (38.0900)  Acc@5: 87.5000 (66.4700)
2025-08-23 13:39:54,251 - timm.utils.checkpoint_saver: [    INFO] - Current checkpoints:
 ('./output/train/20250823-131030-resnet18_vcaV2-224/checkpoint/checkpoint-8.pth.tar', 38.09)
 ('./output/train/20250823-131030-resnet18_vcaV2-224/checkpoint/checkpoint-7.pth.tar', 36.98)
 ('./output/train/20250823-131030-resnet18_vcaV2-224/checkpoint/checkpoint-6.pth.tar', 35.95)
 ('./output/train/20250823-131030-resnet18_vcaV2-224/checkpoint/checkpoint-5.pth.tar', 31.21)
 ('./output/train/20250823-131030-resnet18_vcaV2-224/checkpoint/checkpoint-4.pth.tar', 28.13)
 ('./output/train/20250823-131030-resnet18_vcaV2-224/checkpoint/checkpoint-3.pth.tar', 18.56)
 ('./output/train/20250823-131030-resnet18_vcaV2-224/checkpoint/checkpoint-2.pth.tar', 12.05)
 ('./output/train/20250823-131030-resnet18_vcaV2-224/checkpoint/checkpoint-1.pth.tar', 3.25)
 ('./output/train/20250823-131030-resnet18_vcaV2-224/checkpoint/checkpoint-0.pth.tar', 0.55)

2025-08-23 13:39:55,418 -                train: [    INFO] - Train: 9 [   0/391 (  0%)]  Loss: 243.4 (243.)  Loss_cat: 3.016 (3.02)  Loss_feat: 237.5 (238.)  Loss_gt: 2.870 (2.87) LR: 5.000e-02
2025-08-23 13:41:24,826 -                train: [    INFO] - Train: 9 [ 200/391 ( 51%)]  Loss: 240.8 (240.)  Loss_cat: 2.961 (2.94)  Loss_feat: 235.0 (234.)  Loss_gt: 2.837 (2.88) LR: 5.000e-02
2025-08-23 13:42:50,124 -                train: [    INFO] - Train: 9 [ 390/391 (100%)]  Loss: 237.0 (240.)  Loss_cat: 2.798 (2.93)  Loss_feat: 231.2 (234.)  Loss_gt: 3.024 (2.87) LR: 5.000e-02
2025-08-23 13:42:50,927 -                train: [    INFO] - Test: [   0/39]  Time: 0.732 (0.732)  Loss:  2.2807 (2.2807)  Acc@1: 49.6094 (49.6094)  Acc@5: 74.2188 (74.2188)
2025-08-23 13:43:12,479 -                train: [    INFO] - Test: [  39/39]  Time: 0.025 (0.557)  Loss:  2.3143 (2.7725)  Acc@1: 50.0000 (37.0100)  Acc@5: 75.0000 (65.1400)
2025-08-23 13:43:12,992 - timm.utils.checkpoint_saver: [    INFO] - Current checkpoints:
 ('./output/train/20250823-131030-resnet18_vcaV2-224/checkpoint/checkpoint-8.pth.tar', 38.09)
 ('./output/train/20250823-131030-resnet18_vcaV2-224/checkpoint/checkpoint-9.pth.tar', 37.01)
 ('./output/train/20250823-131030-resnet18_vcaV2-224/checkpoint/checkpoint-7.pth.tar', 36.98)
 ('./output/train/20250823-131030-resnet18_vcaV2-224/checkpoint/checkpoint-6.pth.tar', 35.95)
 ('./output/train/20250823-131030-resnet18_vcaV2-224/checkpoint/checkpoint-5.pth.tar', 31.21)
 ('./output/train/20250823-131030-resnet18_vcaV2-224/checkpoint/checkpoint-4.pth.tar', 28.13)
 ('./output/train/20250823-131030-resnet18_vcaV2-224/checkpoint/checkpoint-3.pth.tar', 18.56)
 ('./output/train/20250823-131030-resnet18_vcaV2-224/checkpoint/checkpoint-2.pth.tar', 12.05)
 ('./output/train/20250823-131030-resnet18_vcaV2-224/checkpoint/checkpoint-1.pth.tar', 3.25)
 ('./output/train/20250823-131030-resnet18_vcaV2-224/checkpoint/checkpoint-0.pth.tar', 0.55)

2025-08-23 13:43:14,306 -                train: [    INFO] - Train: 10 [   0/391 (  0%)]  Loss: 239.9 (240.)  Loss_cat: 2.955 (2.96)  Loss_feat: 234.0 (234.)  Loss_gt: 2.933 (2.93) LR: 5.000e-02
2025-08-23 13:44:43,651 -                train: [    INFO] - Train: 10 [ 200/391 ( 51%)]  Loss: 237.4 (238.)  Loss_cat: 2.813 (2.88)  Loss_feat: 231.8 (233.)  Loss_gt: 2.826 (2.81) LR: 5.000e-02
2025-08-23 13:46:08,340 -                train: [    INFO] - Train: 10 [ 390/391 (100%)]  Loss: 238.3 (238.)  Loss_cat: 2.829 (2.88)  Loss_feat: 232.7 (233.)  Loss_gt: 2.776 (2.82) LR: 5.000e-02
2025-08-23 13:46:09,209 -                train: [    INFO] - Test: [   0/39]  Time: 0.797 (0.797)  Loss:  1.9930 (1.9930)  Acc@1: 51.9531 (51.9531)  Acc@5: 81.2500 (81.2500)
2025-08-23 13:46:29,952 -                train: [    INFO] - Test: [  39/39]  Time: 0.026 (0.539)  Loss:  3.0187 (2.6584)  Acc@1: 31.2500 (38.4500)  Acc@5: 62.5000 (67.3300)
2025-08-23 13:46:30,527 - timm.utils.checkpoint_saver: [    INFO] - Current checkpoints:
 ('./output/train/20250823-131030-resnet18_vcaV2-224/checkpoint/checkpoint-10.pth.tar', 38.45)
 ('./output/train/20250823-131030-resnet18_vcaV2-224/checkpoint/checkpoint-8.pth.tar', 38.09)
 ('./output/train/20250823-131030-resnet18_vcaV2-224/checkpoint/checkpoint-9.pth.tar', 37.01)
 ('./output/train/20250823-131030-resnet18_vcaV2-224/checkpoint/checkpoint-7.pth.tar', 36.98)
 ('./output/train/20250823-131030-resnet18_vcaV2-224/checkpoint/checkpoint-6.pth.tar', 35.95)
 ('./output/train/20250823-131030-resnet18_vcaV2-224/checkpoint/checkpoint-5.pth.tar', 31.21)
 ('./output/train/20250823-131030-resnet18_vcaV2-224/checkpoint/checkpoint-4.pth.tar', 28.13)
 ('./output/train/20250823-131030-resnet18_vcaV2-224/checkpoint/checkpoint-3.pth.tar', 18.56)
 ('./output/train/20250823-131030-resnet18_vcaV2-224/checkpoint/checkpoint-2.pth.tar', 12.05)
 ('./output/train/20250823-131030-resnet18_vcaV2-224/checkpoint/checkpoint-1.pth.tar', 3.25)

2025-08-23 13:46:31,681 -                train: [    INFO] - Train: 11 [   0/391 (  0%)]  Loss: 235.8 (236.)  Loss_cat: 2.853 (2.85)  Loss_feat: 230.2 (230.)  Loss_gt: 2.818 (2.82) LR: 5.000e-02
2025-08-23 13:48:00,813 -                train: [    INFO] - Train: 11 [ 200/391 ( 51%)]  Loss: 236.2 (237.)  Loss_cat: 2.764 (2.85)  Loss_feat: 230.8 (231.)  Loss_gt: 2.609 (2.78) LR: 5.000e-02
2025-08-23 13:49:25,966 -                train: [    INFO] - Train: 11 [ 390/391 (100%)]  Loss: 241.3 (237.)  Loss_cat: 3.036 (2.85)  Loss_feat: 235.3 (231.)  Loss_gt: 2.933 (2.78) LR: 5.000e-02
2025-08-23 13:49:26,781 -                train: [    INFO] - Test: [   0/39]  Time: 0.720 (0.720)  Loss:  2.2772 (2.2772)  Acc@1: 48.8281 (48.8281)  Acc@5: 74.2188 (74.2188)
2025-08-23 13:49:41,875 -                train: [    INFO] - Test: [  39/39]  Time: 0.028 (0.395)  Loss:  3.0523 (2.7132)  Acc@1: 12.5000 (37.7400)  Acc@5: 68.7500 (65.3400)
2025-08-23 13:49:42,395 - timm.utils.checkpoint_saver: [    INFO] - Current checkpoints:
 ('./output/train/20250823-131030-resnet18_vcaV2-224/checkpoint/checkpoint-10.pth.tar', 38.45)
 ('./output/train/20250823-131030-resnet18_vcaV2-224/checkpoint/checkpoint-8.pth.tar', 38.09)
 ('./output/train/20250823-131030-resnet18_vcaV2-224/checkpoint/checkpoint-11.pth.tar', 37.74)
 ('./output/train/20250823-131030-resnet18_vcaV2-224/checkpoint/checkpoint-9.pth.tar', 37.01)
 ('./output/train/20250823-131030-resnet18_vcaV2-224/checkpoint/checkpoint-7.pth.tar', 36.98)
 ('./output/train/20250823-131030-resnet18_vcaV2-224/checkpoint/checkpoint-6.pth.tar', 35.95)
 ('./output/train/20250823-131030-resnet18_vcaV2-224/checkpoint/checkpoint-5.pth.tar', 31.21)
 ('./output/train/20250823-131030-resnet18_vcaV2-224/checkpoint/checkpoint-4.pth.tar', 28.13)
 ('./output/train/20250823-131030-resnet18_vcaV2-224/checkpoint/checkpoint-3.pth.tar', 18.56)
 ('./output/train/20250823-131030-resnet18_vcaV2-224/checkpoint/checkpoint-2.pth.tar', 12.05)

2025-08-23 13:49:43,615 -                train: [    INFO] - Train: 12 [   0/391 (  0%)]  Loss: 237.8 (238.)  Loss_cat: 2.864 (2.86)  Loss_feat: 232.3 (232.)  Loss_gt: 2.692 (2.69) LR: 5.000e-02
2025-08-23 13:51:12,957 -                train: [    INFO] - Train: 12 [ 200/391 ( 51%)]  Loss: 235.0 (236.)  Loss_cat: 2.824 (2.81)  Loss_feat: 229.5 (230.)  Loss_gt: 2.616 (2.73) LR: 5.000e-02
2025-08-23 13:52:37,956 -                train: [    INFO] - Train: 12 [ 390/391 (100%)]  Loss: 233.4 (236.)  Loss_cat: 2.754 (2.81)  Loss_feat: 227.8 (230.)  Loss_gt: 2.816 (2.75) LR: 5.000e-02
2025-08-23 13:52:38,712 -                train: [    INFO] - Test: [   0/39]  Time: 0.684 (0.684)  Loss:  2.3484 (2.3484)  Acc@1: 44.1406 (44.1406)  Acc@5: 74.6094 (74.6094)
2025-08-23 13:52:59,314 -                train: [    INFO] - Test: [  39/39]  Time: 0.027 (0.532)  Loss:  3.2974 (2.4818)  Acc@1: 12.5000 (42.9100)  Acc@5: 62.5000 (70.5700)
2025-08-23 13:52:59,910 - timm.utils.checkpoint_saver: [    INFO] - Current checkpoints:
 ('./output/train/20250823-131030-resnet18_vcaV2-224/checkpoint/checkpoint-12.pth.tar', 42.91)
 ('./output/train/20250823-131030-resnet18_vcaV2-224/checkpoint/checkpoint-10.pth.tar', 38.45)
 ('./output/train/20250823-131030-resnet18_vcaV2-224/checkpoint/checkpoint-8.pth.tar', 38.09)
 ('./output/train/20250823-131030-resnet18_vcaV2-224/checkpoint/checkpoint-11.pth.tar', 37.74)
 ('./output/train/20250823-131030-resnet18_vcaV2-224/checkpoint/checkpoint-9.pth.tar', 37.01)
 ('./output/train/20250823-131030-resnet18_vcaV2-224/checkpoint/checkpoint-7.pth.tar', 36.98)
 ('./output/train/20250823-131030-resnet18_vcaV2-224/checkpoint/checkpoint-6.pth.tar', 35.95)
 ('./output/train/20250823-131030-resnet18_vcaV2-224/checkpoint/checkpoint-5.pth.tar', 31.21)
 ('./output/train/20250823-131030-resnet18_vcaV2-224/checkpoint/checkpoint-4.pth.tar', 28.13)
 ('./output/train/20250823-131030-resnet18_vcaV2-224/checkpoint/checkpoint-3.pth.tar', 18.56)

2025-08-23 13:53:01,179 -                train: [    INFO] - Train: 13 [   0/391 (  0%)]  Loss: 233.9 (234.)  Loss_cat: 2.779 (2.78)  Loss_feat: 228.4 (228.)  Loss_gt: 2.687 (2.69) LR: 5.000e-02
2025-08-23 13:54:30,336 -                train: [    INFO] - Train: 13 [ 200/391 ( 51%)]  Loss: 233.5 (235.)  Loss_cat: 2.750 (2.79)  Loss_feat: 228.3 (229.)  Loss_gt: 2.529 (2.71) LR: 5.000e-02
2025-08-23 13:55:55,748 -                train: [    INFO] - Train: 13 [ 390/391 (100%)]  Loss: 236.0 (235.)  Loss_cat: 2.813 (2.79)  Loss_feat: 230.5 (229.)  Loss_gt: 2.776 (2.72) LR: 5.000e-02
2025-08-23 13:55:56,536 -                train: [    INFO] - Test: [   0/39]  Time: 0.709 (0.709)  Loss:  1.7711 (1.7711)  Acc@1: 58.2031 (58.2031)  Acc@5: 84.3750 (84.3750)
2025-08-23 13:56:15,138 -                train: [    INFO] - Test: [  39/39]  Time: 0.026 (0.483)  Loss:  1.8656 (2.4018)  Acc@1: 62.5000 (43.8200)  Acc@5: 93.7500 (71.1100)
2025-08-23 13:56:15,703 - timm.utils.checkpoint_saver: [    INFO] - Current checkpoints:
 ('./output/train/20250823-131030-resnet18_vcaV2-224/checkpoint/checkpoint-13.pth.tar', 43.82)
 ('./output/train/20250823-131030-resnet18_vcaV2-224/checkpoint/checkpoint-12.pth.tar', 42.91)
 ('./output/train/20250823-131030-resnet18_vcaV2-224/checkpoint/checkpoint-10.pth.tar', 38.45)
 ('./output/train/20250823-131030-resnet18_vcaV2-224/checkpoint/checkpoint-8.pth.tar', 38.09)
 ('./output/train/20250823-131030-resnet18_vcaV2-224/checkpoint/checkpoint-11.pth.tar', 37.74)
 ('./output/train/20250823-131030-resnet18_vcaV2-224/checkpoint/checkpoint-9.pth.tar', 37.01)
 ('./output/train/20250823-131030-resnet18_vcaV2-224/checkpoint/checkpoint-7.pth.tar', 36.98)
 ('./output/train/20250823-131030-resnet18_vcaV2-224/checkpoint/checkpoint-6.pth.tar', 35.95)
 ('./output/train/20250823-131030-resnet18_vcaV2-224/checkpoint/checkpoint-5.pth.tar', 31.21)
 ('./output/train/20250823-131030-resnet18_vcaV2-224/checkpoint/checkpoint-4.pth.tar', 28.13)

2025-08-23 13:56:16,899 -                train: [    INFO] - Train: 14 [   0/391 (  0%)]  Loss: 233.9 (234.)  Loss_cat: 2.770 (2.77)  Loss_feat: 228.4 (228.)  Loss_gt: 2.706 (2.71) LR: 5.000e-02
2025-08-23 13:57:46,676 -                train: [    INFO] - Train: 14 [ 200/391 ( 51%)]  Loss: 234.1 (234.)  Loss_cat: 2.781 (2.77)  Loss_feat: 228.6 (228.)  Loss_gt: 2.669 (2.68) LR: 5.000e-02
2025-08-23 13:59:11,636 -                train: [    INFO] - Train: 14 [ 390/391 (100%)]  Loss: 234.7 (234.)  Loss_cat: 2.772 (2.77)  Loss_feat: 229.2 (228.)  Loss_gt: 2.770 (2.69) LR: 5.000e-02
2025-08-23 13:59:12,392 -                train: [    INFO] - Test: [   0/39]  Time: 0.682 (0.682)  Loss:  3.3058 (3.3058)  Acc@1: 28.5156 (28.5156)  Acc@5: 51.5625 (51.5625)
2025-08-23 13:59:30,527 -                train: [    INFO] - Test: [  39/39]  Time: 0.026 (0.470)  Loss:  3.0194 (2.5401)  Acc@1: 25.0000 (41.1400)  Acc@5: 68.7500 (68.9500)
2025-08-23 13:59:31,115 - timm.utils.checkpoint_saver: [    INFO] - Current checkpoints:
 ('./output/train/20250823-131030-resnet18_vcaV2-224/checkpoint/checkpoint-13.pth.tar', 43.82)
 ('./output/train/20250823-131030-resnet18_vcaV2-224/checkpoint/checkpoint-12.pth.tar', 42.91)
 ('./output/train/20250823-131030-resnet18_vcaV2-224/checkpoint/checkpoint-14.pth.tar', 41.14)
 ('./output/train/20250823-131030-resnet18_vcaV2-224/checkpoint/checkpoint-10.pth.tar', 38.45)
 ('./output/train/20250823-131030-resnet18_vcaV2-224/checkpoint/checkpoint-8.pth.tar', 38.09)
 ('./output/train/20250823-131030-resnet18_vcaV2-224/checkpoint/checkpoint-11.pth.tar', 37.74)
 ('./output/train/20250823-131030-resnet18_vcaV2-224/checkpoint/checkpoint-9.pth.tar', 37.01)
 ('./output/train/20250823-131030-resnet18_vcaV2-224/checkpoint/checkpoint-7.pth.tar', 36.98)
 ('./output/train/20250823-131030-resnet18_vcaV2-224/checkpoint/checkpoint-6.pth.tar', 35.95)
 ('./output/train/20250823-131030-resnet18_vcaV2-224/checkpoint/checkpoint-5.pth.tar', 31.21)

2025-08-23 13:59:32,293 -                train: [    INFO] - Train: 15 [   0/391 (  0%)]  Loss: 232.5 (233.)  Loss_cat: 2.706 (2.71)  Loss_feat: 227.2 (227.)  Loss_gt: 2.570 (2.57) LR: 5.000e-02
2025-08-23 14:01:01,387 -                train: [    INFO] - Train: 15 [ 200/391 ( 51%)]  Loss: 231.6 (233.)  Loss_cat: 2.694 (2.74)  Loss_feat: 226.1 (227.)  Loss_gt: 2.800 (2.67) LR: 5.000e-02
2025-08-23 14:02:26,551 -                train: [    INFO] - Train: 15 [ 390/391 (100%)]  Loss: 233.6 (233.)  Loss_cat: 2.798 (2.75)  Loss_feat: 228.1 (227.)  Loss_gt: 2.675 (2.68) LR: 5.000e-02
2025-08-23 14:02:27,285 -                train: [    INFO] - Test: [   0/39]  Time: 0.659 (0.659)  Loss:  2.2913 (2.2913)  Acc@1: 42.9688 (42.9688)  Acc@5: 72.6562 (72.6562)
2025-08-23 14:02:42,813 -                train: [    INFO] - Test: [  39/39]  Time: 0.029 (0.405)  Loss:  2.3600 (2.5250)  Acc@1: 37.5000 (41.8700)  Acc@5: 81.2500 (69.0000)
2025-08-23 14:02:43,339 - timm.utils.checkpoint_saver: [    INFO] - Current checkpoints:
 ('./output/train/20250823-131030-resnet18_vcaV2-224/checkpoint/checkpoint-13.pth.tar', 43.82)
 ('./output/train/20250823-131030-resnet18_vcaV2-224/checkpoint/checkpoint-12.pth.tar', 42.91)
 ('./output/train/20250823-131030-resnet18_vcaV2-224/checkpoint/checkpoint-15.pth.tar', 41.87)
 ('./output/train/20250823-131030-resnet18_vcaV2-224/checkpoint/checkpoint-14.pth.tar', 41.14)
 ('./output/train/20250823-131030-resnet18_vcaV2-224/checkpoint/checkpoint-10.pth.tar', 38.45)
 ('./output/train/20250823-131030-resnet18_vcaV2-224/checkpoint/checkpoint-8.pth.tar', 38.09)
 ('./output/train/20250823-131030-resnet18_vcaV2-224/checkpoint/checkpoint-11.pth.tar', 37.74)
 ('./output/train/20250823-131030-resnet18_vcaV2-224/checkpoint/checkpoint-9.pth.tar', 37.01)
 ('./output/train/20250823-131030-resnet18_vcaV2-224/checkpoint/checkpoint-7.pth.tar', 36.98)
 ('./output/train/20250823-131030-resnet18_vcaV2-224/checkpoint/checkpoint-6.pth.tar', 35.95)

2025-08-23 14:02:44,546 -                train: [    INFO] - Train: 16 [   0/391 (  0%)]  Loss: 232.3 (232.)  Loss_cat: 2.723 (2.72)  Loss_feat: 227.0 (227.)  Loss_gt: 2.627 (2.63) LR: 5.000e-02
2025-08-23 14:04:14,030 -                train: [    INFO] - Train: 16 [ 200/391 ( 51%)]  Loss: 232.0 (232.)  Loss_cat: 2.745 (2.72)  Loss_feat: 226.6 (226.)  Loss_gt: 2.625 (2.64) LR: 5.000e-02
2025-08-23 14:05:38,952 -                train: [    INFO] - Train: 16 [ 390/391 (100%)]  Loss: 233.5 (232.)  Loss_cat: 2.735 (2.73)  Loss_feat: 228.2 (227.)  Loss_gt: 2.527 (2.65) LR: 5.000e-02
2025-08-23 14:05:39,776 -                train: [    INFO] - Test: [   0/39]  Time: 0.734 (0.734)  Loss:  2.1984 (2.1984)  Acc@1: 50.7812 (50.7812)  Acc@5: 75.3906 (75.3906)
2025-08-23 14:05:59,274 -                train: [    INFO] - Test: [  39/39]  Time: 0.026 (0.506)  Loss:  2.5488 (2.4186)  Acc@1: 31.2500 (43.4700)  Acc@5: 68.7500 (70.9900)
2025-08-23 14:05:59,865 - timm.utils.checkpoint_saver: [    INFO] - Current checkpoints:
 ('./output/train/20250823-131030-resnet18_vcaV2-224/checkpoint/checkpoint-13.pth.tar', 43.82)
 ('./output/train/20250823-131030-resnet18_vcaV2-224/checkpoint/checkpoint-16.pth.tar', 43.47)
 ('./output/train/20250823-131030-resnet18_vcaV2-224/checkpoint/checkpoint-12.pth.tar', 42.91)
 ('./output/train/20250823-131030-resnet18_vcaV2-224/checkpoint/checkpoint-15.pth.tar', 41.87)
 ('./output/train/20250823-131030-resnet18_vcaV2-224/checkpoint/checkpoint-14.pth.tar', 41.14)
 ('./output/train/20250823-131030-resnet18_vcaV2-224/checkpoint/checkpoint-10.pth.tar', 38.45)
 ('./output/train/20250823-131030-resnet18_vcaV2-224/checkpoint/checkpoint-8.pth.tar', 38.09)
 ('./output/train/20250823-131030-resnet18_vcaV2-224/checkpoint/checkpoint-11.pth.tar', 37.74)
 ('./output/train/20250823-131030-resnet18_vcaV2-224/checkpoint/checkpoint-9.pth.tar', 37.01)
 ('./output/train/20250823-131030-resnet18_vcaV2-224/checkpoint/checkpoint-7.pth.tar', 36.98)

2025-08-23 14:06:01,172 -                train: [    INFO] - Train: 17 [   0/391 (  0%)]  Loss: 231.3 (231.)  Loss_cat: 2.705 (2.70)  Loss_feat: 225.9 (226.)  Loss_gt: 2.635 (2.64) LR: 5.000e-02
2025-08-23 14:07:30,463 -                train: [    INFO] - Train: 17 [ 200/391 ( 51%)]  Loss: 229.6 (231.)  Loss_cat: 2.640 (2.70)  Loss_feat: 224.3 (225.)  Loss_gt: 2.701 (2.63) LR: 5.000e-02
2025-08-23 14:08:55,178 -                train: [    INFO] - Train: 17 [ 390/391 (100%)]  Loss: 231.4 (231.)  Loss_cat: 2.722 (2.71)  Loss_feat: 226.1 (226.)  Loss_gt: 2.651 (2.64) LR: 5.000e-02
2025-08-23 14:08:55,996 -                train: [    INFO] - Test: [   0/39]  Time: 0.745 (0.745)  Loss:  2.1314 (2.1314)  Acc@1: 52.3438 (52.3438)  Acc@5: 77.7344 (77.7344)
2025-08-23 14:09:13,846 -                train: [    INFO] - Test: [  39/39]  Time: 0.028 (0.465)  Loss:  2.9286 (2.4806)  Acc@1: 37.5000 (42.2400)  Acc@5: 62.5000 (69.1700)
2025-08-23 14:09:14,405 - timm.utils.checkpoint_saver: [    INFO] - Current checkpoints:
 ('./output/train/20250823-131030-resnet18_vcaV2-224/checkpoint/checkpoint-13.pth.tar', 43.82)
 ('./output/train/20250823-131030-resnet18_vcaV2-224/checkpoint/checkpoint-16.pth.tar', 43.47)
 ('./output/train/20250823-131030-resnet18_vcaV2-224/checkpoint/checkpoint-12.pth.tar', 42.91)
 ('./output/train/20250823-131030-resnet18_vcaV2-224/checkpoint/checkpoint-17.pth.tar', 42.24)
 ('./output/train/20250823-131030-resnet18_vcaV2-224/checkpoint/checkpoint-15.pth.tar', 41.87)
 ('./output/train/20250823-131030-resnet18_vcaV2-224/checkpoint/checkpoint-14.pth.tar', 41.14)
 ('./output/train/20250823-131030-resnet18_vcaV2-224/checkpoint/checkpoint-10.pth.tar', 38.45)
 ('./output/train/20250823-131030-resnet18_vcaV2-224/checkpoint/checkpoint-8.pth.tar', 38.09)
 ('./output/train/20250823-131030-resnet18_vcaV2-224/checkpoint/checkpoint-11.pth.tar', 37.74)
 ('./output/train/20250823-131030-resnet18_vcaV2-224/checkpoint/checkpoint-9.pth.tar', 37.01)

2025-08-23 14:09:15,597 -                train: [    INFO] - Train: 18 [   0/391 (  0%)]  Loss: 231.4 (231.)  Loss_cat: 2.740 (2.74)  Loss_feat: 226.1 (226.)  Loss_gt: 2.548 (2.55) LR: 5.000e-02
2025-08-23 14:10:44,780 -                train: [    INFO] - Train: 18 [ 200/391 ( 51%)]  Loss: 228.7 (230.)  Loss_cat: 2.623 (2.69)  Loss_feat: 223.4 (225.)  Loss_gt: 2.646 (2.61) LR: 5.000e-02
2025-08-23 14:12:09,459 -                train: [    INFO] - Train: 18 [ 390/391 (100%)]  Loss: 235.8 (230.)  Loss_cat: 2.776 (2.70)  Loss_feat: 230.1 (225.)  Loss_gt: 2.866 (2.62) LR: 5.000e-02
2025-08-23 14:12:10,154 -                train: [    INFO] - Test: [   0/39]  Time: 0.630 (0.630)  Loss:  2.3041 (2.3041)  Acc@1: 48.4375 (48.4375)  Acc@5: 73.0469 (73.0469)
2025-08-23 14:12:26,080 -                train: [    INFO] - Test: [  39/39]  Time: 0.026 (0.414)  Loss:  3.6011 (2.5417)  Acc@1: 31.2500 (41.4200)  Acc@5: 56.2500 (68.9300)
2025-08-23 14:12:26,642 - timm.utils.checkpoint_saver: [    INFO] - Current checkpoints:
 ('./output/train/20250823-131030-resnet18_vcaV2-224/checkpoint/checkpoint-13.pth.tar', 43.82)
 ('./output/train/20250823-131030-resnet18_vcaV2-224/checkpoint/checkpoint-16.pth.tar', 43.47)
 ('./output/train/20250823-131030-resnet18_vcaV2-224/checkpoint/checkpoint-12.pth.tar', 42.91)
 ('./output/train/20250823-131030-resnet18_vcaV2-224/checkpoint/checkpoint-17.pth.tar', 42.24)
 ('./output/train/20250823-131030-resnet18_vcaV2-224/checkpoint/checkpoint-15.pth.tar', 41.87)
 ('./output/train/20250823-131030-resnet18_vcaV2-224/checkpoint/checkpoint-18.pth.tar', 41.42)
 ('./output/train/20250823-131030-resnet18_vcaV2-224/checkpoint/checkpoint-14.pth.tar', 41.14)
 ('./output/train/20250823-131030-resnet18_vcaV2-224/checkpoint/checkpoint-10.pth.tar', 38.45)
 ('./output/train/20250823-131030-resnet18_vcaV2-224/checkpoint/checkpoint-8.pth.tar', 38.09)
 ('./output/train/20250823-131030-resnet18_vcaV2-224/checkpoint/checkpoint-11.pth.tar', 37.74)

2025-08-23 14:12:27,824 -                train: [    INFO] - Train: 19 [   0/391 (  0%)]  Loss: 229.5 (230.)  Loss_cat: 2.743 (2.74)  Loss_feat: 224.1 (224.)  Loss_gt: 2.663 (2.66) LR: 5.000e-02
2025-08-23 14:13:56,955 -                train: [    INFO] - Train: 19 [ 200/391 ( 51%)]  Loss: 229.2 (229.)  Loss_cat: 2.641 (2.68)  Loss_feat: 224.0 (224.)  Loss_gt: 2.585 (2.60) LR: 5.000e-02
2025-08-23 14:15:22,083 -                train: [    INFO] - Train: 19 [ 390/391 (100%)]  Loss: 230.7 (229.)  Loss_cat: 2.619 (2.69)  Loss_feat: 225.4 (224.)  Loss_gt: 2.609 (2.61) LR: 5.000e-02
2025-08-23 14:15:22,784 -                train: [    INFO] - Test: [   0/39]  Time: 0.633 (0.633)  Loss:  2.6065 (2.6065)  Acc@1: 41.0156 (41.0156)  Acc@5: 62.5000 (62.5000)
2025-08-23 14:15:42,301 -                train: [    INFO] - Test: [  39/39]  Time: 0.024 (0.504)  Loss:  3.0151 (2.4418)  Acc@1:  6.2500 (43.6900)  Acc@5: 68.7500 (70.1100)
2025-08-23 14:15:42,812 - timm.utils.checkpoint_saver: [    INFO] - Current checkpoints:
 ('./output/train/20250823-131030-resnet18_vcaV2-224/checkpoint/checkpoint-13.pth.tar', 43.82)
 ('./output/train/20250823-131030-resnet18_vcaV2-224/checkpoint/checkpoint-19.pth.tar', 43.69)
 ('./output/train/20250823-131030-resnet18_vcaV2-224/checkpoint/checkpoint-16.pth.tar', 43.47)
 ('./output/train/20250823-131030-resnet18_vcaV2-224/checkpoint/checkpoint-12.pth.tar', 42.91)
 ('./output/train/20250823-131030-resnet18_vcaV2-224/checkpoint/checkpoint-17.pth.tar', 42.24)
 ('./output/train/20250823-131030-resnet18_vcaV2-224/checkpoint/checkpoint-15.pth.tar', 41.87)
 ('./output/train/20250823-131030-resnet18_vcaV2-224/checkpoint/checkpoint-18.pth.tar', 41.42)
 ('./output/train/20250823-131030-resnet18_vcaV2-224/checkpoint/checkpoint-14.pth.tar', 41.14)
 ('./output/train/20250823-131030-resnet18_vcaV2-224/checkpoint/checkpoint-10.pth.tar', 38.45)
 ('./output/train/20250823-131030-resnet18_vcaV2-224/checkpoint/checkpoint-8.pth.tar', 38.09)

2025-08-23 14:15:44,043 -                train: [    INFO] - Train: 20 [   0/391 (  0%)]  Loss: 229.2 (229.)  Loss_cat: 2.759 (2.76)  Loss_feat: 224.0 (224.)  Loss_gt: 2.488 (2.49) LR: 5.000e-02
2025-08-23 14:17:13,378 -                train: [    INFO] - Train: 20 [ 200/391 ( 51%)]  Loss: 229.0 (228.)  Loss_cat: 2.648 (2.66)  Loss_feat: 223.7 (223.)  Loss_gt: 2.649 (2.58) LR: 5.000e-02
2025-08-23 14:18:38,474 -                train: [    INFO] - Train: 20 [ 390/391 (100%)]  Loss: 231.2 (229.)  Loss_cat: 2.779 (2.67)  Loss_feat: 225.8 (223.)  Loss_gt: 2.674 (2.59) LR: 5.000e-02
2025-08-23 14:18:39,203 -                train: [    INFO] - Test: [   0/39]  Time: 0.650 (0.650)  Loss:  2.2156 (2.2156)  Acc@1: 48.8281 (48.8281)  Acc@5: 75.7812 (75.7812)
2025-08-23 14:18:59,583 -                train: [    INFO] - Test: [  39/39]  Time: 0.026 (0.526)  Loss:  1.5554 (2.4766)  Acc@1: 62.5000 (42.5900)  Acc@5: 93.7500 (70.4500)
2025-08-23 14:19:00,199 - timm.utils.checkpoint_saver: [    INFO] - Current checkpoints:
 ('./output/train/20250823-131030-resnet18_vcaV2-224/checkpoint/checkpoint-13.pth.tar', 43.82)
 ('./output/train/20250823-131030-resnet18_vcaV2-224/checkpoint/checkpoint-19.pth.tar', 43.69)
 ('./output/train/20250823-131030-resnet18_vcaV2-224/checkpoint/checkpoint-16.pth.tar', 43.47)
 ('./output/train/20250823-131030-resnet18_vcaV2-224/checkpoint/checkpoint-12.pth.tar', 42.91)
 ('./output/train/20250823-131030-resnet18_vcaV2-224/checkpoint/checkpoint-20.pth.tar', 42.59)
 ('./output/train/20250823-131030-resnet18_vcaV2-224/checkpoint/checkpoint-17.pth.tar', 42.24)
 ('./output/train/20250823-131030-resnet18_vcaV2-224/checkpoint/checkpoint-15.pth.tar', 41.87)
 ('./output/train/20250823-131030-resnet18_vcaV2-224/checkpoint/checkpoint-18.pth.tar', 41.42)
 ('./output/train/20250823-131030-resnet18_vcaV2-224/checkpoint/checkpoint-14.pth.tar', 41.14)
 ('./output/train/20250823-131030-resnet18_vcaV2-224/checkpoint/checkpoint-10.pth.tar', 38.45)

2025-08-23 14:19:01,404 -                train: [    INFO] - Train: 21 [   0/391 (  0%)]  Loss: 225.7 (226.)  Loss_cat: 2.634 (2.63)  Loss_feat: 220.5 (220.)  Loss_gt: 2.609 (2.61) LR: 5.000e-02
2025-08-23 14:20:30,548 -                train: [    INFO] - Train: 21 [ 200/391 ( 51%)]  Loss: 227.3 (227.)  Loss_cat: 2.633 (2.65)  Loss_feat: 222.0 (222.)  Loss_gt: 2.604 (2.58) LR: 5.000e-02
2025-08-23 14:21:55,209 -                train: [    INFO] - Train: 21 [ 390/391 (100%)]  Loss: 231.1 (228.)  Loss_cat: 2.816 (2.66)  Loss_feat: 225.8 (222.)  Loss_gt: 2.495 (2.58) LR: 5.000e-02
2025-08-23 14:21:56,742 -                train: [    INFO] - Test: [   0/39]  Time: 1.466 (1.466)  Loss:  2.8553 (2.8553)  Acc@1: 34.7656 (34.7656)  Acc@5: 62.8906 (62.8906)
2025-08-23 14:22:22,804 -                train: [    INFO] - Test: [  39/39]  Time: 0.025 (0.688)  Loss:  1.5748 (2.6075)  Acc@1: 62.5000 (40.5300)  Acc@5: 93.7500 (67.9900)
2025-08-23 14:22:23,389 - timm.utils.checkpoint_saver: [    INFO] - Current checkpoints:
 ('./output/train/20250823-131030-resnet18_vcaV2-224/checkpoint/checkpoint-13.pth.tar', 43.82)
 ('./output/train/20250823-131030-resnet18_vcaV2-224/checkpoint/checkpoint-19.pth.tar', 43.69)
 ('./output/train/20250823-131030-resnet18_vcaV2-224/checkpoint/checkpoint-16.pth.tar', 43.47)
 ('./output/train/20250823-131030-resnet18_vcaV2-224/checkpoint/checkpoint-12.pth.tar', 42.91)
 ('./output/train/20250823-131030-resnet18_vcaV2-224/checkpoint/checkpoint-20.pth.tar', 42.59)
 ('./output/train/20250823-131030-resnet18_vcaV2-224/checkpoint/checkpoint-17.pth.tar', 42.24)
 ('./output/train/20250823-131030-resnet18_vcaV2-224/checkpoint/checkpoint-15.pth.tar', 41.87)
 ('./output/train/20250823-131030-resnet18_vcaV2-224/checkpoint/checkpoint-18.pth.tar', 41.42)
 ('./output/train/20250823-131030-resnet18_vcaV2-224/checkpoint/checkpoint-14.pth.tar', 41.14)
 ('./output/train/20250823-131030-resnet18_vcaV2-224/checkpoint/checkpoint-21.pth.tar', 40.53)

2025-08-23 14:22:24,565 -                train: [    INFO] - Train: 22 [   0/391 (  0%)]  Loss: 229.6 (230.)  Loss_cat: 2.668 (2.67)  Loss_feat: 224.3 (224.)  Loss_gt: 2.613 (2.61) LR: 5.000e-02
2025-08-23 14:23:53,962 -                train: [    INFO] - Train: 22 [ 200/391 ( 51%)]  Loss: 228.1 (227.)  Loss_cat: 2.628 (2.65)  Loss_feat: 222.8 (222.)  Loss_gt: 2.667 (2.57) LR: 5.000e-02
2025-08-23 14:25:19,025 -                train: [    INFO] - Train: 22 [ 390/391 (100%)]  Loss: 229.8 (227.)  Loss_cat: 2.792 (2.66)  Loss_feat: 224.4 (222.)  Loss_gt: 2.571 (2.58) LR: 5.000e-02
2025-08-23 14:25:19,730 -                train: [    INFO] - Test: [   0/39]  Time: 0.637 (0.637)  Loss:  2.0050 (2.0050)  Acc@1: 53.1250 (53.1250)  Acc@5: 76.9531 (76.9531)
2025-08-23 14:25:40,012 -                train: [    INFO] - Test: [  39/39]  Time: 0.026 (0.523)  Loss:  2.0218 (2.2779)  Acc@1: 43.7500 (46.9400)  Acc@5: 87.5000 (73.6500)
2025-08-23 14:25:40,588 - timm.utils.checkpoint_saver: [    INFO] - Current checkpoints:
 ('./output/train/20250823-131030-resnet18_vcaV2-224/checkpoint/checkpoint-22.pth.tar', 46.94)
 ('./output/train/20250823-131030-resnet18_vcaV2-224/checkpoint/checkpoint-13.pth.tar', 43.82)
 ('./output/train/20250823-131030-resnet18_vcaV2-224/checkpoint/checkpoint-19.pth.tar', 43.69)
 ('./output/train/20250823-131030-resnet18_vcaV2-224/checkpoint/checkpoint-16.pth.tar', 43.47)
 ('./output/train/20250823-131030-resnet18_vcaV2-224/checkpoint/checkpoint-12.pth.tar', 42.91)
 ('./output/train/20250823-131030-resnet18_vcaV2-224/checkpoint/checkpoint-20.pth.tar', 42.59)
 ('./output/train/20250823-131030-resnet18_vcaV2-224/checkpoint/checkpoint-17.pth.tar', 42.24)
 ('./output/train/20250823-131030-resnet18_vcaV2-224/checkpoint/checkpoint-15.pth.tar', 41.87)
 ('./output/train/20250823-131030-resnet18_vcaV2-224/checkpoint/checkpoint-18.pth.tar', 41.42)
 ('./output/train/20250823-131030-resnet18_vcaV2-224/checkpoint/checkpoint-14.pth.tar', 41.14)

2025-08-23 14:25:41,858 -                train: [    INFO] - Train: 23 [   0/391 (  0%)]  Loss: 225.2 (225.)  Loss_cat: 2.619 (2.62)  Loss_feat: 220.0 (220.)  Loss_gt: 2.586 (2.59) LR: 5.000e-02
2025-08-23 14:27:10,965 -                train: [    INFO] - Train: 23 [ 200/391 ( 51%)]  Loss: 225.0 (226.)  Loss_cat: 2.608 (2.64)  Loss_feat: 219.9 (221.)  Loss_gt: 2.463 (2.55) LR: 5.000e-02
2025-08-23 14:28:35,931 -                train: [    INFO] - Train: 23 [ 390/391 (100%)]  Loss: 224.8 (226.)  Loss_cat: 2.623 (2.65)  Loss_feat: 219.7 (221.)  Loss_gt: 2.513 (2.56) LR: 5.000e-02
2025-08-23 14:28:36,709 -                train: [    INFO] - Test: [   0/39]  Time: 0.712 (0.712)  Loss:  1.7101 (1.7101)  Acc@1: 53.1250 (53.1250)  Acc@5: 85.9375 (85.9375)
2025-08-23 14:28:54,870 -                train: [    INFO] - Test: [  39/39]  Time: 0.027 (0.472)  Loss:  2.4014 (2.3887)  Acc@1: 31.2500 (44.7900)  Acc@5: 87.5000 (71.1100)
2025-08-23 14:28:55,417 - timm.utils.checkpoint_saver: [    INFO] - Current checkpoints:
 ('./output/train/20250823-131030-resnet18_vcaV2-224/checkpoint/checkpoint-22.pth.tar', 46.94)
 ('./output/train/20250823-131030-resnet18_vcaV2-224/checkpoint/checkpoint-23.pth.tar', 44.79)
 ('./output/train/20250823-131030-resnet18_vcaV2-224/checkpoint/checkpoint-13.pth.tar', 43.82)
 ('./output/train/20250823-131030-resnet18_vcaV2-224/checkpoint/checkpoint-19.pth.tar', 43.69)
 ('./output/train/20250823-131030-resnet18_vcaV2-224/checkpoint/checkpoint-16.pth.tar', 43.47)
 ('./output/train/20250823-131030-resnet18_vcaV2-224/checkpoint/checkpoint-12.pth.tar', 42.91)
 ('./output/train/20250823-131030-resnet18_vcaV2-224/checkpoint/checkpoint-20.pth.tar', 42.59)
 ('./output/train/20250823-131030-resnet18_vcaV2-224/checkpoint/checkpoint-17.pth.tar', 42.24)
 ('./output/train/20250823-131030-resnet18_vcaV2-224/checkpoint/checkpoint-15.pth.tar', 41.87)
 ('./output/train/20250823-131030-resnet18_vcaV2-224/checkpoint/checkpoint-18.pth.tar', 41.42)

2025-08-23 14:28:56,619 -                train: [    INFO] - Train: 24 [   0/391 (  0%)]  Loss: 221.7 (222.)  Loss_cat: 2.536 (2.54)  Loss_feat: 216.8 (217.)  Loss_gt: 2.458 (2.46) LR: 5.000e-02
2025-08-23 14:30:26,168 -                train: [    INFO] - Train: 24 [ 200/391 ( 51%)]  Loss: 224.1 (225.)  Loss_cat: 2.612 (2.63)  Loss_feat: 218.7 (220.)  Loss_gt: 2.731 (2.55) LR: 5.000e-02
2025-08-23 14:31:51,026 -                train: [    INFO] - Train: 24 [ 390/391 (100%)]  Loss: 225.8 (225.)  Loss_cat: 2.641 (2.63)  Loss_feat: 220.5 (220.)  Loss_gt: 2.686 (2.56) LR: 5.000e-02
2025-08-23 14:31:51,774 -                train: [    INFO] - Test: [   0/39]  Time: 0.680 (0.680)  Loss:  2.0152 (2.0152)  Acc@1: 50.7812 (50.7812)  Acc@5: 78.1250 (78.1250)
2025-08-23 14:32:11,700 -                train: [    INFO] - Test: [  39/39]  Time: 0.030 (0.515)  Loss:  3.4922 (2.2456)  Acc@1: 12.5000 (47.0700)  Acc@5: 50.0000 (74.2300)
2025-08-23 14:32:12,370 - timm.utils.checkpoint_saver: [    INFO] - Current checkpoints:
 ('./output/train/20250823-131030-resnet18_vcaV2-224/checkpoint/checkpoint-24.pth.tar', 47.07)
 ('./output/train/20250823-131030-resnet18_vcaV2-224/checkpoint/checkpoint-22.pth.tar', 46.94)
 ('./output/train/20250823-131030-resnet18_vcaV2-224/checkpoint/checkpoint-23.pth.tar', 44.79)
 ('./output/train/20250823-131030-resnet18_vcaV2-224/checkpoint/checkpoint-13.pth.tar', 43.82)
 ('./output/train/20250823-131030-resnet18_vcaV2-224/checkpoint/checkpoint-19.pth.tar', 43.69)
 ('./output/train/20250823-131030-resnet18_vcaV2-224/checkpoint/checkpoint-16.pth.tar', 43.47)
 ('./output/train/20250823-131030-resnet18_vcaV2-224/checkpoint/checkpoint-12.pth.tar', 42.91)
 ('./output/train/20250823-131030-resnet18_vcaV2-224/checkpoint/checkpoint-20.pth.tar', 42.59)
 ('./output/train/20250823-131030-resnet18_vcaV2-224/checkpoint/checkpoint-17.pth.tar', 42.24)
 ('./output/train/20250823-131030-resnet18_vcaV2-224/checkpoint/checkpoint-15.pth.tar', 41.87)

2025-08-23 14:32:13,646 -                train: [    INFO] - Train: 25 [   0/391 (  0%)]  Loss: 224.1 (224.)  Loss_cat: 2.601 (2.60)  Loss_feat: 219.0 (219.)  Loss_gt: 2.500 (2.50) LR: 5.000e-02
2025-08-23 14:33:43,555 -                train: [    INFO] - Train: 25 [ 200/391 ( 51%)]  Loss: 223.3 (224.)  Loss_cat: 2.638 (2.62)  Loss_feat: 218.2 (219.)  Loss_gt: 2.423 (2.54) LR: 5.000e-02
2025-08-23 14:35:08,465 -                train: [    INFO] - Train: 25 [ 390/391 (100%)]  Loss: 224.8 (224.)  Loss_cat: 2.743 (2.63)  Loss_feat: 219.4 (219.)  Loss_gt: 2.701 (2.55) LR: 5.000e-02
2025-08-23 14:35:09,256 -                train: [    INFO] - Test: [   0/39]  Time: 0.702 (0.702)  Loss:  2.2055 (2.2055)  Acc@1: 52.7344 (52.7344)  Acc@5: 74.6094 (74.6094)
2025-08-23 14:35:25,471 -                train: [    INFO] - Test: [  39/39]  Time: 0.027 (0.423)  Loss:  2.9319 (2.4124)  Acc@1: 25.0000 (44.6100)  Acc@5: 75.0000 (70.9200)
2025-08-23 14:35:26,158 - timm.utils.checkpoint_saver: [    INFO] - Current checkpoints:
 ('./output/train/20250823-131030-resnet18_vcaV2-224/checkpoint/checkpoint-24.pth.tar', 47.07)
 ('./output/train/20250823-131030-resnet18_vcaV2-224/checkpoint/checkpoint-22.pth.tar', 46.94)
 ('./output/train/20250823-131030-resnet18_vcaV2-224/checkpoint/checkpoint-23.pth.tar', 44.79)
 ('./output/train/20250823-131030-resnet18_vcaV2-224/checkpoint/checkpoint-25.pth.tar', 44.61)
 ('./output/train/20250823-131030-resnet18_vcaV2-224/checkpoint/checkpoint-13.pth.tar', 43.82)
 ('./output/train/20250823-131030-resnet18_vcaV2-224/checkpoint/checkpoint-19.pth.tar', 43.69)
 ('./output/train/20250823-131030-resnet18_vcaV2-224/checkpoint/checkpoint-16.pth.tar', 43.47)
 ('./output/train/20250823-131030-resnet18_vcaV2-224/checkpoint/checkpoint-12.pth.tar', 42.91)
 ('./output/train/20250823-131030-resnet18_vcaV2-224/checkpoint/checkpoint-20.pth.tar', 42.59)
 ('./output/train/20250823-131030-resnet18_vcaV2-224/checkpoint/checkpoint-17.pth.tar', 42.24)

2025-08-23 14:35:27,433 -                train: [    INFO] - Train: 26 [   0/391 (  0%)]  Loss: 223.7 (224.)  Loss_cat: 2.640 (2.64)  Loss_feat: 218.4 (218.)  Loss_gt: 2.673 (2.67) LR: 5.000e-02
2025-08-23 14:36:57,422 -                train: [    INFO] - Train: 26 [ 200/391 ( 51%)]  Loss: 222.9 (223.)  Loss_cat: 2.618 (2.61)  Loss_feat: 217.7 (218.)  Loss_gt: 2.595 (2.53) LR: 5.000e-02
2025-08-23 14:38:23,152 -                train: [    INFO] - Train: 26 [ 390/391 (100%)]  Loss: 225.4 (223.)  Loss_cat: 2.603 (2.62)  Loss_feat: 220.1 (218.)  Loss_gt: 2.656 (2.54) LR: 5.000e-02
2025-08-23 14:38:23,953 -                train: [    INFO] - Test: [   0/39]  Time: 0.719 (0.719)  Loss:  2.2976 (2.2976)  Acc@1: 48.8281 (48.8281)  Acc@5: 75.7812 (75.7812)
2025-08-23 14:38:41,391 -                train: [    INFO] - Test: [  39/39]  Time: 0.026 (0.454)  Loss:  2.4830 (2.3899)  Acc@1: 37.5000 (44.5200)  Acc@5: 75.0000 (72.1100)
2025-08-23 14:38:42,065 - timm.utils.checkpoint_saver: [    INFO] - Current checkpoints:
 ('./output/train/20250823-131030-resnet18_vcaV2-224/checkpoint/checkpoint-24.pth.tar', 47.07)
 ('./output/train/20250823-131030-resnet18_vcaV2-224/checkpoint/checkpoint-22.pth.tar', 46.94)
 ('./output/train/20250823-131030-resnet18_vcaV2-224/checkpoint/checkpoint-23.pth.tar', 44.79)
 ('./output/train/20250823-131030-resnet18_vcaV2-224/checkpoint/checkpoint-25.pth.tar', 44.61)
 ('./output/train/20250823-131030-resnet18_vcaV2-224/checkpoint/checkpoint-26.pth.tar', 44.52)
 ('./output/train/20250823-131030-resnet18_vcaV2-224/checkpoint/checkpoint-13.pth.tar', 43.82)
 ('./output/train/20250823-131030-resnet18_vcaV2-224/checkpoint/checkpoint-19.pth.tar', 43.69)
 ('./output/train/20250823-131030-resnet18_vcaV2-224/checkpoint/checkpoint-16.pth.tar', 43.47)
 ('./output/train/20250823-131030-resnet18_vcaV2-224/checkpoint/checkpoint-12.pth.tar', 42.91)
 ('./output/train/20250823-131030-resnet18_vcaV2-224/checkpoint/checkpoint-20.pth.tar', 42.59)

2025-08-23 14:38:43,260 -                train: [    INFO] - Train: 27 [   0/391 (  0%)]  Loss: 222.1 (222.)  Loss_cat: 2.597 (2.60)  Loss_feat: 217.1 (217.)  Loss_gt: 2.432 (2.43) LR: 5.000e-02
2025-08-23 14:40:12,991 -                train: [    INFO] - Train: 27 [ 200/391 ( 51%)]  Loss: 225.1 (222.)  Loss_cat: 2.720 (2.61)  Loss_feat: 219.8 (217.)  Loss_gt: 2.526 (2.52) LR: 5.000e-02
2025-08-23 14:41:37,856 -                train: [    INFO] - Train: 27 [ 390/391 (100%)]  Loss: 223.5 (223.)  Loss_cat: 2.688 (2.62)  Loss_feat: 218.3 (218.)  Loss_gt: 2.558 (2.54) LR: 5.000e-02
2025-08-23 14:41:38,621 -                train: [    INFO] - Test: [   0/39]  Time: 0.694 (0.694)  Loss:  1.9401 (1.9401)  Acc@1: 55.8594 (55.8594)  Acc@5: 77.3438 (77.3438)
2025-08-23 14:41:55,708 -                train: [    INFO] - Test: [  39/39]  Time: 0.025 (0.445)  Loss:  3.6708 (2.2603)  Acc@1: 18.7500 (47.5200)  Acc@5: 56.2500 (73.2100)
2025-08-23 14:41:56,269 - timm.utils.checkpoint_saver: [    INFO] - Current checkpoints:
 ('./output/train/20250823-131030-resnet18_vcaV2-224/checkpoint/checkpoint-27.pth.tar', 47.52)
 ('./output/train/20250823-131030-resnet18_vcaV2-224/checkpoint/checkpoint-24.pth.tar', 47.07)
 ('./output/train/20250823-131030-resnet18_vcaV2-224/checkpoint/checkpoint-22.pth.tar', 46.94)
 ('./output/train/20250823-131030-resnet18_vcaV2-224/checkpoint/checkpoint-23.pth.tar', 44.79)
 ('./output/train/20250823-131030-resnet18_vcaV2-224/checkpoint/checkpoint-25.pth.tar', 44.61)
 ('./output/train/20250823-131030-resnet18_vcaV2-224/checkpoint/checkpoint-26.pth.tar', 44.52)
 ('./output/train/20250823-131030-resnet18_vcaV2-224/checkpoint/checkpoint-13.pth.tar', 43.82)
 ('./output/train/20250823-131030-resnet18_vcaV2-224/checkpoint/checkpoint-19.pth.tar', 43.69)
 ('./output/train/20250823-131030-resnet18_vcaV2-224/checkpoint/checkpoint-16.pth.tar', 43.47)
 ('./output/train/20250823-131030-resnet18_vcaV2-224/checkpoint/checkpoint-12.pth.tar', 42.91)

2025-08-23 14:41:57,419 -                train: [    INFO] - Train: 28 [   0/391 (  0%)]  Loss: 220.6 (221.)  Loss_cat: 2.554 (2.55)  Loss_feat: 215.4 (215.)  Loss_gt: 2.634 (2.63) LR: 5.000e-02
2025-08-23 14:43:27,037 -                train: [    INFO] - Train: 28 [ 200/391 ( 51%)]  Loss: 220.9 (222.)  Loss_cat: 2.612 (2.60)  Loss_feat: 215.8 (217.)  Loss_gt: 2.556 (2.52) LR: 5.000e-02
2025-08-23 14:44:52,418 -                train: [    INFO] - Train: 28 [ 390/391 (100%)]  Loss: 222.6 (222.)  Loss_cat: 2.706 (2.61)  Loss_feat: 217.1 (217.)  Loss_gt: 2.795 (2.53) LR: 5.000e-02
2025-08-23 14:44:53,143 -                train: [    INFO] - Test: [   0/39]  Time: 0.656 (0.656)  Loss:  1.5637 (1.5637)  Acc@1: 57.4219 (57.4219)  Acc@5: 87.1094 (87.1094)
2025-08-23 14:45:09,028 -                train: [    INFO] - Test: [  39/39]  Time: 0.028 (0.414)  Loss:  2.6105 (2.3529)  Acc@1: 25.0000 (45.4900)  Acc@5: 81.2500 (72.2300)
2025-08-23 14:45:09,582 - timm.utils.checkpoint_saver: [    INFO] - Current checkpoints:
 ('./output/train/20250823-131030-resnet18_vcaV2-224/checkpoint/checkpoint-27.pth.tar', 47.52)
 ('./output/train/20250823-131030-resnet18_vcaV2-224/checkpoint/checkpoint-24.pth.tar', 47.07)
 ('./output/train/20250823-131030-resnet18_vcaV2-224/checkpoint/checkpoint-22.pth.tar', 46.94)
 ('./output/train/20250823-131030-resnet18_vcaV2-224/checkpoint/checkpoint-28.pth.tar', 45.49)
 ('./output/train/20250823-131030-resnet18_vcaV2-224/checkpoint/checkpoint-23.pth.tar', 44.79)
 ('./output/train/20250823-131030-resnet18_vcaV2-224/checkpoint/checkpoint-25.pth.tar', 44.61)
 ('./output/train/20250823-131030-resnet18_vcaV2-224/checkpoint/checkpoint-26.pth.tar', 44.52)
 ('./output/train/20250823-131030-resnet18_vcaV2-224/checkpoint/checkpoint-13.pth.tar', 43.82)
 ('./output/train/20250823-131030-resnet18_vcaV2-224/checkpoint/checkpoint-19.pth.tar', 43.69)
 ('./output/train/20250823-131030-resnet18_vcaV2-224/checkpoint/checkpoint-16.pth.tar', 43.47)

2025-08-23 14:45:10,815 -                train: [    INFO] - Train: 29 [   0/391 (  0%)]  Loss: 220.4 (220.)  Loss_cat: 2.589 (2.59)  Loss_feat: 215.4 (215.)  Loss_gt: 2.444 (2.44) LR: 5.000e-02
2025-08-23 14:46:40,538 -                train: [    INFO] - Train: 29 [ 200/391 ( 51%)]  Loss: 220.4 (221.)  Loss_cat: 2.597 (2.60)  Loss_feat: 215.3 (216.)  Loss_gt: 2.516 (2.51) LR: 5.000e-02
2025-08-23 14:48:05,307 -                train: [    INFO] - Train: 29 [ 390/391 (100%)]  Loss: 219.3 (221.)  Loss_cat: 2.642 (2.61)  Loss_feat: 214.2 (216.)  Loss_gt: 2.499 (2.52) LR: 5.000e-02
2025-08-23 14:48:06,038 -                train: [    INFO] - Test: [   0/39]  Time: 0.655 (0.655)  Loss:  2.0388 (2.0388)  Acc@1: 51.9531 (51.9531)  Acc@5: 76.1719 (76.1719)
2025-08-23 14:48:23,639 -                train: [    INFO] - Test: [  39/39]  Time: 0.035 (0.456)  Loss:  2.4801 (2.3656)  Acc@1: 43.7500 (45.9200)  Acc@5: 75.0000 (71.4000)
2025-08-23 14:48:24,174 - timm.utils.checkpoint_saver: [    INFO] - Current checkpoints:
 ('./output/train/20250823-131030-resnet18_vcaV2-224/checkpoint/checkpoint-27.pth.tar', 47.52)
 ('./output/train/20250823-131030-resnet18_vcaV2-224/checkpoint/checkpoint-24.pth.tar', 47.07)
 ('./output/train/20250823-131030-resnet18_vcaV2-224/checkpoint/checkpoint-22.pth.tar', 46.94)
 ('./output/train/20250823-131030-resnet18_vcaV2-224/checkpoint/checkpoint-29.pth.tar', 45.92)
 ('./output/train/20250823-131030-resnet18_vcaV2-224/checkpoint/checkpoint-28.pth.tar', 45.49)
 ('./output/train/20250823-131030-resnet18_vcaV2-224/checkpoint/checkpoint-23.pth.tar', 44.79)
 ('./output/train/20250823-131030-resnet18_vcaV2-224/checkpoint/checkpoint-25.pth.tar', 44.61)
 ('./output/train/20250823-131030-resnet18_vcaV2-224/checkpoint/checkpoint-26.pth.tar', 44.52)
 ('./output/train/20250823-131030-resnet18_vcaV2-224/checkpoint/checkpoint-13.pth.tar', 43.82)
 ('./output/train/20250823-131030-resnet18_vcaV2-224/checkpoint/checkpoint-19.pth.tar', 43.69)

2025-08-23 14:48:25,418 -                train: [    INFO] - Train: 30 [   0/391 (  0%)]  Loss: 220.8 (221.)  Loss_cat: 2.629 (2.63)  Loss_feat: 215.7 (216.)  Loss_gt: 2.526 (2.53) LR: 5.000e-02
2025-08-23 14:49:54,891 -                train: [    INFO] - Train: 30 [ 200/391 ( 51%)]  Loss: 221.1 (220.)  Loss_cat: 2.621 (2.59)  Loss_feat: 215.9 (215.)  Loss_gt: 2.527 (2.50) LR: 5.000e-02
2025-08-23 14:51:19,722 -                train: [    INFO] - Train: 30 [ 390/391 (100%)]  Loss: 221.8 (220.)  Loss_cat: 2.652 (2.60)  Loss_feat: 216.5 (215.)  Loss_gt: 2.571 (2.52) LR: 5.000e-02
2025-08-23 14:51:20,420 -                train: [    INFO] - Test: [   0/39]  Time: 0.631 (0.631)  Loss:  2.4085 (2.4085)  Acc@1: 46.0938 (46.0938)  Acc@5: 71.4844 (71.4844)
2025-08-23 14:51:36,985 -                train: [    INFO] - Test: [  39/39]  Time: 0.024 (0.430)  Loss:  1.8743 (2.3890)  Acc@1: 68.7500 (43.9200)  Acc@5: 75.0000 (71.6600)
2025-08-23 14:51:37,525 - timm.utils.checkpoint_saver: [    INFO] - Current checkpoints:
 ('./output/train/20250823-131030-resnet18_vcaV2-224/checkpoint/checkpoint-27.pth.tar', 47.52)
 ('./output/train/20250823-131030-resnet18_vcaV2-224/checkpoint/checkpoint-24.pth.tar', 47.07)
 ('./output/train/20250823-131030-resnet18_vcaV2-224/checkpoint/checkpoint-22.pth.tar', 46.94)
 ('./output/train/20250823-131030-resnet18_vcaV2-224/checkpoint/checkpoint-29.pth.tar', 45.92)
 ('./output/train/20250823-131030-resnet18_vcaV2-224/checkpoint/checkpoint-28.pth.tar', 45.49)
 ('./output/train/20250823-131030-resnet18_vcaV2-224/checkpoint/checkpoint-23.pth.tar', 44.79)
 ('./output/train/20250823-131030-resnet18_vcaV2-224/checkpoint/checkpoint-25.pth.tar', 44.61)
 ('./output/train/20250823-131030-resnet18_vcaV2-224/checkpoint/checkpoint-26.pth.tar', 44.52)
 ('./output/train/20250823-131030-resnet18_vcaV2-224/checkpoint/checkpoint-30.pth.tar', 43.92)
 ('./output/train/20250823-131030-resnet18_vcaV2-224/checkpoint/checkpoint-13.pth.tar', 43.82)

2025-08-23 14:51:38,706 -                train: [    INFO] - Train: 31 [   0/391 (  0%)]  Loss: 219.4 (219.)  Loss_cat: 2.540 (2.54)  Loss_feat: 214.3 (214.)  Loss_gt: 2.573 (2.57) LR: 5.000e-02
2025-08-23 14:53:08,212 -                train: [    INFO] - Train: 31 [ 200/391 ( 51%)]  Loss: 219.8 (219.)  Loss_cat: 2.644 (2.58)  Loss_feat: 214.6 (214.)  Loss_gt: 2.537 (2.50) LR: 5.000e-02
2025-08-23 14:54:33,353 -                train: [    INFO] - Train: 31 [ 390/391 (100%)]  Loss: 219.6 (219.)  Loss_cat: 2.566 (2.59)  Loss_feat: 214.4 (214.)  Loss_gt: 2.622 (2.52) LR: 5.000e-02
2025-08-23 14:54:34,085 -                train: [    INFO] - Test: [   0/39]  Time: 0.664 (0.664)  Loss:  1.6112 (1.6112)  Acc@1: 60.9375 (60.9375)  Acc@5: 84.3750 (84.3750)
2025-08-23 14:54:49,704 -                train: [    INFO] - Test: [  39/39]  Time: 0.030 (0.407)  Loss:  2.2095 (2.3154)  Acc@1: 56.2500 (46.4300)  Acc@5: 87.5000 (72.2500)
2025-08-23 14:54:50,287 - timm.utils.checkpoint_saver: [    INFO] - Current checkpoints:
 ('./output/train/20250823-131030-resnet18_vcaV2-224/checkpoint/checkpoint-27.pth.tar', 47.52)
 ('./output/train/20250823-131030-resnet18_vcaV2-224/checkpoint/checkpoint-24.pth.tar', 47.07)
 ('./output/train/20250823-131030-resnet18_vcaV2-224/checkpoint/checkpoint-22.pth.tar', 46.94)
 ('./output/train/20250823-131030-resnet18_vcaV2-224/checkpoint/checkpoint-31.pth.tar', 46.43)
 ('./output/train/20250823-131030-resnet18_vcaV2-224/checkpoint/checkpoint-29.pth.tar', 45.92)
 ('./output/train/20250823-131030-resnet18_vcaV2-224/checkpoint/checkpoint-28.pth.tar', 45.49)
 ('./output/train/20250823-131030-resnet18_vcaV2-224/checkpoint/checkpoint-23.pth.tar', 44.79)
 ('./output/train/20250823-131030-resnet18_vcaV2-224/checkpoint/checkpoint-25.pth.tar', 44.61)
 ('./output/train/20250823-131030-resnet18_vcaV2-224/checkpoint/checkpoint-26.pth.tar', 44.52)
 ('./output/train/20250823-131030-resnet18_vcaV2-224/checkpoint/checkpoint-30.pth.tar', 43.92)

2025-08-23 14:54:51,543 -                train: [    INFO] - Train: 32 [   0/391 (  0%)]  Loss: 216.7 (217.)  Loss_cat: 2.458 (2.46)  Loss_feat: 211.8 (212.)  Loss_gt: 2.487 (2.49) LR: 5.000e-02
2025-08-23 14:56:21,358 -                train: [    INFO] - Train: 32 [ 200/391 ( 51%)]  Loss: 215.7 (218.)  Loss_cat: 2.542 (2.58)  Loss_feat: 210.7 (213.)  Loss_gt: 2.472 (2.49) LR: 5.000e-02
2025-08-23 14:57:46,052 -                train: [    INFO] - Train: 32 [ 390/391 (100%)]  Loss: 219.7 (218.)  Loss_cat: 2.583 (2.59)  Loss_feat: 214.6 (213.)  Loss_gt: 2.484 (2.51) LR: 5.000e-02
2025-08-23 14:57:47,980 -                train: [    INFO] - Test: [   0/39]  Time: 1.848 (1.848)  Loss:  2.3417 (2.3417)  Acc@1: 45.3125 (45.3125)  Acc@5: 73.8281 (73.8281)
2025-08-23 14:58:02,798 -                train: [    INFO] - Test: [  39/39]  Time: 0.030 (0.417)  Loss:  2.4147 (2.2899)  Acc@1: 37.5000 (46.4600)  Acc@5: 75.0000 (73.5500)
2025-08-23 14:58:03,370 - timm.utils.checkpoint_saver: [    INFO] - Current checkpoints:
 ('./output/train/20250823-131030-resnet18_vcaV2-224/checkpoint/checkpoint-27.pth.tar', 47.52)
 ('./output/train/20250823-131030-resnet18_vcaV2-224/checkpoint/checkpoint-24.pth.tar', 47.07)
 ('./output/train/20250823-131030-resnet18_vcaV2-224/checkpoint/checkpoint-22.pth.tar', 46.94)
 ('./output/train/20250823-131030-resnet18_vcaV2-224/checkpoint/checkpoint-32.pth.tar', 46.46)
 ('./output/train/20250823-131030-resnet18_vcaV2-224/checkpoint/checkpoint-31.pth.tar', 46.43)
 ('./output/train/20250823-131030-resnet18_vcaV2-224/checkpoint/checkpoint-29.pth.tar', 45.92)
 ('./output/train/20250823-131030-resnet18_vcaV2-224/checkpoint/checkpoint-28.pth.tar', 45.49)
 ('./output/train/20250823-131030-resnet18_vcaV2-224/checkpoint/checkpoint-23.pth.tar', 44.79)
 ('./output/train/20250823-131030-resnet18_vcaV2-224/checkpoint/checkpoint-25.pth.tar', 44.61)
 ('./output/train/20250823-131030-resnet18_vcaV2-224/checkpoint/checkpoint-26.pth.tar', 44.52)

2025-08-23 14:58:04,561 -                train: [    INFO] - Train: 33 [   0/391 (  0%)]  Loss: 215.8 (216.)  Loss_cat: 2.560 (2.56)  Loss_feat: 210.7 (211.)  Loss_gt: 2.529 (2.53) LR: 5.000e-02
2025-08-23 14:59:33,982 -                train: [    INFO] - Train: 33 [ 200/391 ( 51%)]  Loss: 216.9 (217.)  Loss_cat: 2.595 (2.58)  Loss_feat: 212.0 (212.)  Loss_gt: 2.382 (2.48) LR: 5.000e-02
2025-08-23 15:00:59,059 -                train: [    INFO] - Train: 33 [ 390/391 (100%)]  Loss: 217.5 (217.)  Loss_cat: 2.602 (2.58)  Loss_feat: 212.4 (212.)  Loss_gt: 2.549 (2.50) LR: 5.000e-02
2025-08-23 15:00:59,807 -                train: [    INFO] - Test: [   0/39]  Time: 0.671 (0.671)  Loss:  2.2078 (2.2078)  Acc@1: 46.8750 (46.8750)  Acc@5: 76.9531 (76.9531)
2025-08-23 15:01:16,572 -                train: [    INFO] - Test: [  39/39]  Time: 0.029 (0.436)  Loss:  1.4460 (2.2557)  Acc@1: 62.5000 (46.9800)  Acc@5: 87.5000 (74.0500)
2025-08-23 15:01:17,171 - timm.utils.checkpoint_saver: [    INFO] - Current checkpoints:
 ('./output/train/20250823-131030-resnet18_vcaV2-224/checkpoint/checkpoint-27.pth.tar', 47.52)
 ('./output/train/20250823-131030-resnet18_vcaV2-224/checkpoint/checkpoint-24.pth.tar', 47.07)
 ('./output/train/20250823-131030-resnet18_vcaV2-224/checkpoint/checkpoint-33.pth.tar', 46.98)
 ('./output/train/20250823-131030-resnet18_vcaV2-224/checkpoint/checkpoint-22.pth.tar', 46.94)
 ('./output/train/20250823-131030-resnet18_vcaV2-224/checkpoint/checkpoint-32.pth.tar', 46.46)
 ('./output/train/20250823-131030-resnet18_vcaV2-224/checkpoint/checkpoint-31.pth.tar', 46.43)
 ('./output/train/20250823-131030-resnet18_vcaV2-224/checkpoint/checkpoint-29.pth.tar', 45.92)
 ('./output/train/20250823-131030-resnet18_vcaV2-224/checkpoint/checkpoint-28.pth.tar', 45.49)
 ('./output/train/20250823-131030-resnet18_vcaV2-224/checkpoint/checkpoint-23.pth.tar', 44.79)
 ('./output/train/20250823-131030-resnet18_vcaV2-224/checkpoint/checkpoint-25.pth.tar', 44.61)

2025-08-23 15:01:18,350 -                train: [    INFO] - Train: 34 [   0/391 (  0%)]  Loss: 217.8 (218.)  Loss_cat: 2.681 (2.68)  Loss_feat: 212.5 (213.)  Loss_gt: 2.560 (2.56) LR: 5.000e-02
2025-08-23 15:02:47,314 -                train: [    INFO] - Train: 34 [ 200/391 ( 51%)]  Loss: 216.1 (216.)  Loss_cat: 2.537 (2.57)  Loss_feat: 211.1 (211.)  Loss_gt: 2.439 (2.49) LR: 5.000e-02
2025-08-23 15:04:12,085 -                train: [    INFO] - Train: 34 [ 390/391 (100%)]  Loss: 218.8 (216.)  Loss_cat: 2.653 (2.58)  Loss_feat: 213.6 (211.)  Loss_gt: 2.615 (2.50) LR: 5.000e-02
2025-08-23 15:04:12,806 -                train: [    INFO] - Test: [   0/39]  Time: 0.644 (0.644)  Loss:  2.1257 (2.1257)  Acc@1: 51.9531 (51.9531)  Acc@5: 76.9531 (76.9531)
2025-08-23 15:04:30,108 -                train: [    INFO] - Test: [  39/39]  Time: 0.029 (0.449)  Loss:  3.2885 (2.1655)  Acc@1: 25.0000 (49.4400)  Acc@5: 62.5000 (75.2500)
2025-08-23 15:04:30,748 - timm.utils.checkpoint_saver: [    INFO] - Current checkpoints:
 ('./output/train/20250823-131030-resnet18_vcaV2-224/checkpoint/checkpoint-34.pth.tar', 49.44)
 ('./output/train/20250823-131030-resnet18_vcaV2-224/checkpoint/checkpoint-27.pth.tar', 47.52)
 ('./output/train/20250823-131030-resnet18_vcaV2-224/checkpoint/checkpoint-24.pth.tar', 47.07)
 ('./output/train/20250823-131030-resnet18_vcaV2-224/checkpoint/checkpoint-33.pth.tar', 46.98)
 ('./output/train/20250823-131030-resnet18_vcaV2-224/checkpoint/checkpoint-22.pth.tar', 46.94)
 ('./output/train/20250823-131030-resnet18_vcaV2-224/checkpoint/checkpoint-32.pth.tar', 46.46)
 ('./output/train/20250823-131030-resnet18_vcaV2-224/checkpoint/checkpoint-31.pth.tar', 46.43)
 ('./output/train/20250823-131030-resnet18_vcaV2-224/checkpoint/checkpoint-29.pth.tar', 45.92)
 ('./output/train/20250823-131030-resnet18_vcaV2-224/checkpoint/checkpoint-28.pth.tar', 45.49)
 ('./output/train/20250823-131030-resnet18_vcaV2-224/checkpoint/checkpoint-23.pth.tar', 44.79)

2025-08-23 15:04:31,954 -                train: [    INFO] - Train: 35 [   0/391 (  0%)]  Loss: 213.6 (214.)  Loss_cat: 2.596 (2.60)  Loss_feat: 208.6 (209.)  Loss_gt: 2.418 (2.42) LR: 5.000e-02
2025-08-23 15:06:01,113 -                train: [    INFO] - Train: 35 [ 200/391 ( 51%)]  Loss: 214.8 (215.)  Loss_cat: 2.585 (2.57)  Loss_feat: 209.7 (210.)  Loss_gt: 2.562 (2.47) LR: 5.000e-02
2025-08-23 15:07:25,800 -                train: [    INFO] - Train: 35 [ 390/391 (100%)]  Loss: 217.2 (215.)  Loss_cat: 2.520 (2.57)  Loss_feat: 212.0 (210.)  Loss_gt: 2.732 (2.50) LR: 5.000e-02
2025-08-23 15:07:26,542 -                train: [    INFO] - Test: [   0/39]  Time: 0.680 (0.680)  Loss:  1.4545 (1.4545)  Acc@1: 62.1094 (62.1094)  Acc@5: 86.3281 (86.3281)
2025-08-23 15:07:44,649 -                train: [    INFO] - Test: [  39/39]  Time: 0.027 (0.470)  Loss:  1.8905 (2.2969)  Acc@1: 50.0000 (45.9900)  Acc@5: 81.2500 (74.1300)
2025-08-23 15:07:45,254 - timm.utils.checkpoint_saver: [    INFO] - Current checkpoints:
 ('./output/train/20250823-131030-resnet18_vcaV2-224/checkpoint/checkpoint-34.pth.tar', 49.44)
 ('./output/train/20250823-131030-resnet18_vcaV2-224/checkpoint/checkpoint-27.pth.tar', 47.52)
 ('./output/train/20250823-131030-resnet18_vcaV2-224/checkpoint/checkpoint-24.pth.tar', 47.07)
 ('./output/train/20250823-131030-resnet18_vcaV2-224/checkpoint/checkpoint-33.pth.tar', 46.98)
 ('./output/train/20250823-131030-resnet18_vcaV2-224/checkpoint/checkpoint-22.pth.tar', 46.94)
 ('./output/train/20250823-131030-resnet18_vcaV2-224/checkpoint/checkpoint-32.pth.tar', 46.46)
 ('./output/train/20250823-131030-resnet18_vcaV2-224/checkpoint/checkpoint-31.pth.tar', 46.43)
 ('./output/train/20250823-131030-resnet18_vcaV2-224/checkpoint/checkpoint-35.pth.tar', 45.99)
 ('./output/train/20250823-131030-resnet18_vcaV2-224/checkpoint/checkpoint-29.pth.tar', 45.92)
 ('./output/train/20250823-131030-resnet18_vcaV2-224/checkpoint/checkpoint-28.pth.tar', 45.49)

2025-08-23 15:07:46,456 -                train: [    INFO] - Train: 36 [   0/391 (  0%)]  Loss: 213.0 (213.)  Loss_cat: 2.529 (2.53)  Loss_feat: 208.1 (208.)  Loss_gt: 2.401 (2.40) LR: 5.000e-02
2025-08-23 15:09:16,050 -                train: [    INFO] - Train: 36 [ 200/391 ( 51%)]  Loss: 212.3 (214.)  Loss_cat: 2.552 (2.57)  Loss_feat: 207.3 (209.)  Loss_gt: 2.454 (2.48) LR: 5.000e-02
2025-08-23 15:10:41,145 -                train: [    INFO] - Train: 36 [ 390/391 (100%)]  Loss: 214.8 (214.)  Loss_cat: 2.665 (2.57)  Loss_feat: 209.7 (209.)  Loss_gt: 2.422 (2.49) LR: 5.000e-02
2025-08-23 15:10:41,920 -                train: [    INFO] - Test: [   0/39]  Time: 0.708 (0.708)  Loss:  2.0358 (2.0358)  Acc@1: 52.7344 (52.7344)  Acc@5: 80.0781 (80.0781)
2025-08-23 15:11:00,112 -                train: [    INFO] - Test: [  39/39]  Time: 0.029 (0.472)  Loss:  3.2148 (2.6320)  Acc@1: 37.5000 (42.2700)  Acc@5: 62.5000 (66.5200)
2025-08-23 15:11:01,745 -                train: [    INFO] - Train: 37 [   0/391 (  0%)]  Loss: 211.4 (211.)  Loss_cat: 2.534 (2.53)  Loss_feat: 206.4 (206.)  Loss_gt: 2.416 (2.42) LR: 5.000e-02
2025-08-23 15:12:31,192 -                train: [    INFO] - Train: 37 [ 200/391 ( 51%)]  Loss: 214.2 (213.)  Loss_cat: 2.616 (2.56)  Loss_feat: 209.0 (208.)  Loss_gt: 2.504 (2.47) LR: 5.000e-02
2025-08-23 15:13:56,205 -                train: [    INFO] - Train: 37 [ 390/391 (100%)]  Loss: 211.7 (213.)  Loss_cat: 2.517 (2.57)  Loss_feat: 206.7 (208.)  Loss_gt: 2.494 (2.49) LR: 5.000e-02
2025-08-23 15:13:57,007 -                train: [    INFO] - Test: [   0/39]  Time: 0.727 (0.727)  Loss:  1.7603 (1.7603)  Acc@1: 56.6406 (56.6406)  Acc@5: 83.5938 (83.5938)
2025-08-23 15:14:16,281 -                train: [    INFO] - Test: [  39/39]  Time: 0.031 (0.500)  Loss:  2.8900 (2.3837)  Acc@1: 43.7500 (44.6100)  Acc@5: 68.7500 (71.5800)
2025-08-23 15:14:18,028 -                train: [    INFO] - Train: 38 [   0/391 (  0%)]  Loss: 211.8 (212.)  Loss_cat: 2.628 (2.63)  Loss_feat: 206.7 (207.)  Loss_gt: 2.436 (2.44) LR: 5.000e-02
2025-08-23 15:15:47,345 -                train: [    INFO] - Train: 38 [ 200/391 ( 51%)]  Loss: 212.4 (212.)  Loss_cat: 2.603 (2.55)  Loss_feat: 207.4 (207.)  Loss_gt: 2.423 (2.46) LR: 5.000e-02
2025-08-23 15:17:12,438 -                train: [    INFO] - Train: 38 [ 390/391 (100%)]  Loss: 213.4 (212.)  Loss_cat: 2.667 (2.56)  Loss_feat: 208.2 (207.)  Loss_gt: 2.553 (2.48) LR: 5.000e-02
2025-08-23 15:17:13,193 -                train: [    INFO] - Test: [   0/39]  Time: 0.671 (0.671)  Loss:  1.4254 (1.4254)  Acc@1: 63.2812 (63.2812)  Acc@5: 87.8906 (87.8906)
2025-08-23 15:17:30,831 -                train: [    INFO] - Test: [  39/39]  Time: 0.026 (0.458)  Loss:  2.5460 (2.0899)  Acc@1: 25.0000 (50.9800)  Acc@5: 81.2500 (76.9100)
2025-08-23 15:17:31,410 - timm.utils.checkpoint_saver: [    INFO] - Current checkpoints:
 ('./output/train/20250823-131030-resnet18_vcaV2-224/checkpoint/checkpoint-38.pth.tar', 50.98)
 ('./output/train/20250823-131030-resnet18_vcaV2-224/checkpoint/checkpoint-34.pth.tar', 49.44)
 ('./output/train/20250823-131030-resnet18_vcaV2-224/checkpoint/checkpoint-27.pth.tar', 47.52)
 ('./output/train/20250823-131030-resnet18_vcaV2-224/checkpoint/checkpoint-24.pth.tar', 47.07)
 ('./output/train/20250823-131030-resnet18_vcaV2-224/checkpoint/checkpoint-33.pth.tar', 46.98)
 ('./output/train/20250823-131030-resnet18_vcaV2-224/checkpoint/checkpoint-22.pth.tar', 46.94)
 ('./output/train/20250823-131030-resnet18_vcaV2-224/checkpoint/checkpoint-32.pth.tar', 46.46)
 ('./output/train/20250823-131030-resnet18_vcaV2-224/checkpoint/checkpoint-31.pth.tar', 46.43)
 ('./output/train/20250823-131030-resnet18_vcaV2-224/checkpoint/checkpoint-35.pth.tar', 45.99)
 ('./output/train/20250823-131030-resnet18_vcaV2-224/checkpoint/checkpoint-29.pth.tar', 45.92)

2025-08-23 15:17:33,785 -                train: [    INFO] - Train: 39 [   0/391 (  0%)]  Loss: 211.6 (212.)  Loss_cat: 2.585 (2.59)  Loss_feat: 206.6 (207.)  Loss_gt: 2.471 (2.47) LR: 5.000e-02
2025-08-23 15:19:02,899 -                train: [    INFO] - Train: 39 [ 200/391 ( 51%)]  Loss: 209.9 (211.)  Loss_cat: 2.585 (2.55)  Loss_feat: 205.1 (206.)  Loss_gt: 2.290 (2.45) LR: 5.000e-02
2025-08-23 15:20:27,792 -                train: [    INFO] - Train: 39 [ 390/391 (100%)]  Loss: 211.4 (211.)  Loss_cat: 2.559 (2.56)  Loss_feat: 206.4 (206.)  Loss_gt: 2.459 (2.48) LR: 5.000e-02
2025-08-23 15:20:28,621 -                train: [    INFO] - Test: [   0/39]  Time: 0.760 (0.760)  Loss:  2.1288 (2.1288)  Acc@1: 51.9531 (51.9531)  Acc@5: 72.6562 (72.6562)
2025-08-23 15:20:43,572 -                train: [    INFO] - Test: [  39/39]  Time: 0.027 (0.393)  Loss:  1.3097 (2.2088)  Acc@1: 56.2500 (48.4200)  Acc@5: 93.7500 (74.6300)
2025-08-23 15:20:44,197 - timm.utils.checkpoint_saver: [    INFO] - Current checkpoints:
 ('./output/train/20250823-131030-resnet18_vcaV2-224/checkpoint/checkpoint-38.pth.tar', 50.98)
 ('./output/train/20250823-131030-resnet18_vcaV2-224/checkpoint/checkpoint-34.pth.tar', 49.44)
 ('./output/train/20250823-131030-resnet18_vcaV2-224/checkpoint/checkpoint-39.pth.tar', 48.42)
 ('./output/train/20250823-131030-resnet18_vcaV2-224/checkpoint/checkpoint-27.pth.tar', 47.52)
 ('./output/train/20250823-131030-resnet18_vcaV2-224/checkpoint/checkpoint-24.pth.tar', 47.07)
 ('./output/train/20250823-131030-resnet18_vcaV2-224/checkpoint/checkpoint-33.pth.tar', 46.98)
 ('./output/train/20250823-131030-resnet18_vcaV2-224/checkpoint/checkpoint-22.pth.tar', 46.94)
 ('./output/train/20250823-131030-resnet18_vcaV2-224/checkpoint/checkpoint-32.pth.tar', 46.46)
 ('./output/train/20250823-131030-resnet18_vcaV2-224/checkpoint/checkpoint-31.pth.tar', 46.43)
 ('./output/train/20250823-131030-resnet18_vcaV2-224/checkpoint/checkpoint-35.pth.tar', 45.99)

2025-08-23 15:20:45,417 -                train: [    INFO] - Train: 40 [   0/391 (  0%)]  Loss: 209.3 (209.)  Loss_cat: 2.544 (2.54)  Loss_feat: 204.4 (204.)  Loss_gt: 2.341 (2.34) LR: 5.000e-02
2025-08-23 15:22:15,336 -                train: [    INFO] - Train: 40 [ 200/391 ( 51%)]  Loss: 210.0 (210.)  Loss_cat: 2.584 (2.55)  Loss_feat: 205.0 (205.)  Loss_gt: 2.435 (2.45) LR: 5.000e-02
2025-08-23 15:23:40,386 -                train: [    INFO] - Train: 40 [ 390/391 (100%)]  Loss: 212.1 (210.)  Loss_cat: 2.569 (2.56)  Loss_feat: 206.9 (205.)  Loss_gt: 2.628 (2.47) LR: 5.000e-02
2025-08-23 15:23:41,189 -                train: [    INFO] - Test: [   0/39]  Time: 0.727 (0.727)  Loss:  1.7556 (1.7556)  Acc@1: 57.8125 (57.8125)  Acc@5: 84.3750 (84.3750)
2025-08-23 15:23:58,442 -                train: [    INFO] - Test: [  39/39]  Time: 0.034 (0.449)  Loss:  1.7159 (2.3116)  Acc@1: 50.0000 (46.9400)  Acc@5: 93.7500 (73.2300)
2025-08-23 15:23:59,091 - timm.utils.checkpoint_saver: [    INFO] - Current checkpoints:
 ('./output/train/20250823-131030-resnet18_vcaV2-224/checkpoint/checkpoint-38.pth.tar', 50.98)
 ('./output/train/20250823-131030-resnet18_vcaV2-224/checkpoint/checkpoint-34.pth.tar', 49.44)
 ('./output/train/20250823-131030-resnet18_vcaV2-224/checkpoint/checkpoint-39.pth.tar', 48.42)
 ('./output/train/20250823-131030-resnet18_vcaV2-224/checkpoint/checkpoint-27.pth.tar', 47.52)
 ('./output/train/20250823-131030-resnet18_vcaV2-224/checkpoint/checkpoint-24.pth.tar', 47.07)
 ('./output/train/20250823-131030-resnet18_vcaV2-224/checkpoint/checkpoint-33.pth.tar', 46.98)
 ('./output/train/20250823-131030-resnet18_vcaV2-224/checkpoint/checkpoint-22.pth.tar', 46.94)
 ('./output/train/20250823-131030-resnet18_vcaV2-224/checkpoint/checkpoint-40.pth.tar', 46.94)
 ('./output/train/20250823-131030-resnet18_vcaV2-224/checkpoint/checkpoint-32.pth.tar', 46.46)
 ('./output/train/20250823-131030-resnet18_vcaV2-224/checkpoint/checkpoint-31.pth.tar', 46.43)

2025-08-23 15:24:00,380 -                train: [    INFO] - Train: 41 [   0/391 (  0%)]  Loss: 208.2 (208.)  Loss_cat: 2.518 (2.52)  Loss_feat: 203.4 (203.)  Loss_gt: 2.318 (2.32) LR: 5.000e-02
2025-08-23 15:25:29,668 -                train: [    INFO] - Train: 41 [ 200/391 ( 51%)]  Loss: 207.8 (209.)  Loss_cat: 2.525 (2.55)  Loss_feat: 202.9 (204.)  Loss_gt: 2.377 (2.45) LR: 5.000e-02
2025-08-23 15:26:54,656 -                train: [    INFO] - Train: 41 [ 390/391 (100%)]  Loss: 209.7 (209.)  Loss_cat: 2.593 (2.55)  Loss_feat: 204.7 (204.)  Loss_gt: 2.429 (2.47) LR: 5.000e-02
2025-08-23 15:26:55,379 -                train: [    INFO] - Test: [   0/39]  Time: 0.648 (0.648)  Loss:  1.4899 (1.4899)  Acc@1: 62.1094 (62.1094)  Acc@5: 87.1094 (87.1094)
2025-08-23 15:27:11,840 -                train: [    INFO] - Test: [  39/39]  Time: 0.026 (0.428)  Loss:  3.3152 (2.1587)  Acc@1: 18.7500 (49.3600)  Acc@5: 56.2500 (75.5100)
2025-08-23 15:27:12,521 - timm.utils.checkpoint_saver: [    INFO] - Current checkpoints:
 ('./output/train/20250823-131030-resnet18_vcaV2-224/checkpoint/checkpoint-38.pth.tar', 50.98)
 ('./output/train/20250823-131030-resnet18_vcaV2-224/checkpoint/checkpoint-34.pth.tar', 49.44)
 ('./output/train/20250823-131030-resnet18_vcaV2-224/checkpoint/checkpoint-41.pth.tar', 49.36)
 ('./output/train/20250823-131030-resnet18_vcaV2-224/checkpoint/checkpoint-39.pth.tar', 48.42)
 ('./output/train/20250823-131030-resnet18_vcaV2-224/checkpoint/checkpoint-27.pth.tar', 47.52)
 ('./output/train/20250823-131030-resnet18_vcaV2-224/checkpoint/checkpoint-24.pth.tar', 47.07)
 ('./output/train/20250823-131030-resnet18_vcaV2-224/checkpoint/checkpoint-33.pth.tar', 46.98)
 ('./output/train/20250823-131030-resnet18_vcaV2-224/checkpoint/checkpoint-22.pth.tar', 46.94)
 ('./output/train/20250823-131030-resnet18_vcaV2-224/checkpoint/checkpoint-40.pth.tar', 46.94)
 ('./output/train/20250823-131030-resnet18_vcaV2-224/checkpoint/checkpoint-32.pth.tar', 46.46)

2025-08-23 15:27:13,726 -                train: [    INFO] - Train: 42 [   0/391 (  0%)]  Loss: 207.0 (207.)  Loss_cat: 2.542 (2.54)  Loss_feat: 202.0 (202.)  Loss_gt: 2.415 (2.41) LR: 5.000e-02
2025-08-23 15:28:42,605 -                train: [    INFO] - Train: 42 [ 200/391 ( 51%)]  Loss: 207.9 (207.)  Loss_cat: 2.555 (2.54)  Loss_feat: 202.8 (202.)  Loss_gt: 2.478 (2.46) LR: 5.000e-02
2025-08-23 15:30:07,332 -                train: [    INFO] - Train: 42 [ 390/391 (100%)]  Loss: 208.1 (208.)  Loss_cat: 2.534 (2.55)  Loss_feat: 203.1 (203.)  Loss_gt: 2.460 (2.47) LR: 5.000e-02
2025-08-23 15:30:08,034 -                train: [    INFO] - Test: [   0/39]  Time: 0.641 (0.641)  Loss:  1.6523 (1.6523)  Acc@1: 58.9844 (58.9844)  Acc@5: 85.5469 (85.5469)
2025-08-23 15:30:23,995 -                train: [    INFO] - Test: [  39/39]  Time: 0.030 (0.415)  Loss:  2.6437 (2.2508)  Acc@1: 43.7500 (47.2500)  Acc@5: 75.0000 (73.7800)
2025-08-23 15:30:24,748 - timm.utils.checkpoint_saver: [    INFO] - Current checkpoints:
 ('./output/train/20250823-131030-resnet18_vcaV2-224/checkpoint/checkpoint-38.pth.tar', 50.98)
 ('./output/train/20250823-131030-resnet18_vcaV2-224/checkpoint/checkpoint-34.pth.tar', 49.44)
 ('./output/train/20250823-131030-resnet18_vcaV2-224/checkpoint/checkpoint-41.pth.tar', 49.36)
 ('./output/train/20250823-131030-resnet18_vcaV2-224/checkpoint/checkpoint-39.pth.tar', 48.42)
 ('./output/train/20250823-131030-resnet18_vcaV2-224/checkpoint/checkpoint-27.pth.tar', 47.52)
 ('./output/train/20250823-131030-resnet18_vcaV2-224/checkpoint/checkpoint-42.pth.tar', 47.25)
 ('./output/train/20250823-131030-resnet18_vcaV2-224/checkpoint/checkpoint-24.pth.tar', 47.07)
 ('./output/train/20250823-131030-resnet18_vcaV2-224/checkpoint/checkpoint-33.pth.tar', 46.98)
 ('./output/train/20250823-131030-resnet18_vcaV2-224/checkpoint/checkpoint-22.pth.tar', 46.94)
 ('./output/train/20250823-131030-resnet18_vcaV2-224/checkpoint/checkpoint-40.pth.tar', 46.94)

2025-08-23 15:30:25,922 -                train: [    INFO] - Train: 43 [   0/391 (  0%)]  Loss: 205.8 (206.)  Loss_cat: 2.610 (2.61)  Loss_feat: 200.8 (201.)  Loss_gt: 2.377 (2.38) LR: 5.000e-02
2025-08-23 15:31:55,240 -                train: [    INFO] - Train: 43 [ 200/391 ( 51%)]  Loss: 206.8 (206.)  Loss_cat: 2.550 (2.54)  Loss_feat: 201.9 (201.)  Loss_gt: 2.392 (2.45) LR: 5.000e-02
2025-08-23 15:33:20,196 -                train: [    INFO] - Train: 43 [ 390/391 (100%)]  Loss: 207.3 (207.)  Loss_cat: 2.507 (2.55)  Loss_feat: 202.1 (202.)  Loss_gt: 2.637 (2.47) LR: 5.000e-02
2025-08-23 15:33:20,921 -                train: [    INFO] - Test: [   0/39]  Time: 0.653 (0.653)  Loss:  2.0189 (2.0189)  Acc@1: 55.0781 (55.0781)  Acc@5: 77.7344 (77.7344)
2025-08-23 15:33:37,139 -                train: [    INFO] - Test: [  39/39]  Time: 0.025 (0.422)  Loss:  2.4930 (2.4210)  Acc@1: 37.5000 (44.7300)  Acc@5: 81.2500 (70.2900)
2025-08-23 15:33:38,865 -                train: [    INFO] - Train: 44 [   0/391 (  0%)]  Loss: 204.7 (205.)  Loss_cat: 2.516 (2.52)  Loss_feat: 199.7 (200.)  Loss_gt: 2.498 (2.50) LR: 5.000e-02
2025-08-23 15:35:08,147 -                train: [    INFO] - Train: 44 [ 200/391 ( 51%)]  Loss: 204.6 (205.)  Loss_cat: 2.607 (2.54)  Loss_feat: 199.6 (200.)  Loss_gt: 2.447 (2.44) LR: 5.000e-02
2025-08-23 15:36:32,891 -                train: [    INFO] - Train: 44 [ 390/391 (100%)]  Loss: 205.0 (205.)  Loss_cat: 2.596 (2.54)  Loss_feat: 200.2 (200.)  Loss_gt: 2.186 (2.46) LR: 5.000e-02
2025-08-23 15:36:33,643 -                train: [    INFO] - Test: [   0/39]  Time: 0.678 (0.678)  Loss:  2.7826 (2.7826)  Acc@1: 38.6719 (38.6719)  Acc@5: 60.9375 (60.9375)
2025-08-23 15:36:50,100 -                train: [    INFO] - Test: [  39/39]  Time: 0.026 (0.428)  Loss:  2.0031 (2.2738)  Acc@1: 43.7500 (47.5500)  Acc@5: 87.5000 (73.4800)
2025-08-23 15:36:50,704 - timm.utils.checkpoint_saver: [    INFO] - Current checkpoints:
 ('./output/train/20250823-131030-resnet18_vcaV2-224/checkpoint/checkpoint-38.pth.tar', 50.98)
 ('./output/train/20250823-131030-resnet18_vcaV2-224/checkpoint/checkpoint-34.pth.tar', 49.44)
 ('./output/train/20250823-131030-resnet18_vcaV2-224/checkpoint/checkpoint-41.pth.tar', 49.36)
 ('./output/train/20250823-131030-resnet18_vcaV2-224/checkpoint/checkpoint-39.pth.tar', 48.42)
 ('./output/train/20250823-131030-resnet18_vcaV2-224/checkpoint/checkpoint-44.pth.tar', 47.55)
 ('./output/train/20250823-131030-resnet18_vcaV2-224/checkpoint/checkpoint-27.pth.tar', 47.52)
 ('./output/train/20250823-131030-resnet18_vcaV2-224/checkpoint/checkpoint-42.pth.tar', 47.25)
 ('./output/train/20250823-131030-resnet18_vcaV2-224/checkpoint/checkpoint-24.pth.tar', 47.07)
 ('./output/train/20250823-131030-resnet18_vcaV2-224/checkpoint/checkpoint-33.pth.tar', 46.98)
 ('./output/train/20250823-131030-resnet18_vcaV2-224/checkpoint/checkpoint-22.pth.tar', 46.94)

2025-08-23 15:36:51,842 -                train: [    INFO] - Train: 45 [   0/391 (  0%)]  Loss: 202.6 (203.)  Loss_cat: 2.493 (2.49)  Loss_feat: 197.8 (198.)  Loss_gt: 2.275 (2.28) LR: 5.000e-02
2025-08-23 15:38:21,164 -                train: [    INFO] - Train: 45 [ 200/391 ( 51%)]  Loss: 206.6 (204.)  Loss_cat: 2.611 (2.53)  Loss_feat: 201.4 (199.)  Loss_gt: 2.561 (2.44) LR: 5.000e-02
2025-08-23 15:39:46,182 -                train: [    INFO] - Train: 45 [ 390/391 (100%)]  Loss: 204.4 (204.)  Loss_cat: 2.606 (2.54)  Loss_feat: 199.3 (199.)  Loss_gt: 2.518 (2.46) LR: 5.000e-02
2025-08-23 15:39:46,914 -                train: [    INFO] - Test: [   0/39]  Time: 0.650 (0.650)  Loss:  2.8017 (2.8017)  Acc@1: 39.4531 (39.4531)  Acc@5: 60.9375 (60.9375)
2025-08-23 15:40:01,904 -                train: [    INFO] - Test: [  39/39]  Time: 0.025 (0.391)  Loss:  1.8513 (2.3098)  Acc@1: 68.7500 (46.7700)  Acc@5: 81.2500 (72.9700)
2025-08-23 15:40:03,637 -                train: [    INFO] - Train: 46 [   0/391 (  0%)]  Loss: 204.6 (205.)  Loss_cat: 2.620 (2.62)  Loss_feat: 199.6 (200.)  Loss_gt: 2.429 (2.43) LR: 5.000e-02
2025-08-23 15:41:33,081 -                train: [    INFO] - Train: 46 [ 200/391 ( 51%)]  Loss: 201.9 (203.)  Loss_cat: 2.552 (2.54)  Loss_feat: 196.7 (198.)  Loss_gt: 2.639 (2.44) LR: 5.000e-02
2025-08-23 15:42:58,224 -                train: [    INFO] - Train: 46 [ 390/391 (100%)]  Loss: 207.2 (203.)  Loss_cat: 2.733 (2.54)  Loss_feat: 201.7 (198.)  Loss_gt: 2.756 (2.46) LR: 5.000e-02
2025-08-23 15:42:58,993 -                train: [    INFO] - Test: [   0/39]  Time: 0.686 (0.686)  Loss:  1.8126 (1.8126)  Acc@1: 57.0312 (57.0312)  Acc@5: 82.0312 (82.0312)
2025-08-23 15:43:18,396 -                train: [    INFO] - Test: [  39/39]  Time: 0.024 (0.502)  Loss:  2.2378 (2.1511)  Acc@1: 50.0000 (49.2300)  Acc@5: 81.2500 (75.7300)
2025-08-23 15:43:19,011 - timm.utils.checkpoint_saver: [    INFO] - Current checkpoints:
 ('./output/train/20250823-131030-resnet18_vcaV2-224/checkpoint/checkpoint-38.pth.tar', 50.98)
 ('./output/train/20250823-131030-resnet18_vcaV2-224/checkpoint/checkpoint-34.pth.tar', 49.44)
 ('./output/train/20250823-131030-resnet18_vcaV2-224/checkpoint/checkpoint-41.pth.tar', 49.36)
 ('./output/train/20250823-131030-resnet18_vcaV2-224/checkpoint/checkpoint-46.pth.tar', 49.23)
 ('./output/train/20250823-131030-resnet18_vcaV2-224/checkpoint/checkpoint-39.pth.tar', 48.42)
 ('./output/train/20250823-131030-resnet18_vcaV2-224/checkpoint/checkpoint-44.pth.tar', 47.55)
 ('./output/train/20250823-131030-resnet18_vcaV2-224/checkpoint/checkpoint-27.pth.tar', 47.52)
 ('./output/train/20250823-131030-resnet18_vcaV2-224/checkpoint/checkpoint-42.pth.tar', 47.25)
 ('./output/train/20250823-131030-resnet18_vcaV2-224/checkpoint/checkpoint-24.pth.tar', 47.07)
 ('./output/train/20250823-131030-resnet18_vcaV2-224/checkpoint/checkpoint-33.pth.tar', 46.98)

2025-08-23 15:43:20,432 -                train: [    INFO] - Train: 47 [   0/391 (  0%)]  Loss: 201.7 (202.)  Loss_cat: 2.539 (2.54)  Loss_feat: 196.7 (197.)  Loss_gt: 2.433 (2.43) LR: 5.000e-02
2025-08-23 15:44:50,047 -                train: [    INFO] - Train: 47 [ 200/391 ( 51%)]  Loss: 201.6 (201.)  Loss_cat: 2.527 (2.53)  Loss_feat: 196.7 (197.)  Loss_gt: 2.359 (2.44) LR: 5.000e-02
2025-08-23 15:46:15,284 -                train: [    INFO] - Train: 47 [ 390/391 (100%)]  Loss: 201.2 (202.)  Loss_cat: 2.563 (2.54)  Loss_feat: 196.3 (197.)  Loss_gt: 2.374 (2.46) LR: 5.000e-02
2025-08-23 15:46:16,135 -                train: [    INFO] - Test: [   0/39]  Time: 0.776 (0.776)  Loss:  1.3906 (1.3906)  Acc@1: 66.4062 (66.4062)  Acc@5: 86.7188 (86.7188)
2025-08-23 15:46:32,602 -                train: [    INFO] - Test: [  39/39]  Time: 0.025 (0.431)  Loss:  2.3581 (2.1585)  Acc@1: 31.2500 (49.3000)  Acc@5: 68.7500 (75.0400)
2025-08-23 15:46:33,277 - timm.utils.checkpoint_saver: [    INFO] - Current checkpoints:
 ('./output/train/20250823-131030-resnet18_vcaV2-224/checkpoint/checkpoint-38.pth.tar', 50.98)
 ('./output/train/20250823-131030-resnet18_vcaV2-224/checkpoint/checkpoint-34.pth.tar', 49.44)
 ('./output/train/20250823-131030-resnet18_vcaV2-224/checkpoint/checkpoint-41.pth.tar', 49.36)
 ('./output/train/20250823-131030-resnet18_vcaV2-224/checkpoint/checkpoint-47.pth.tar', 49.3)
 ('./output/train/20250823-131030-resnet18_vcaV2-224/checkpoint/checkpoint-46.pth.tar', 49.23)
 ('./output/train/20250823-131030-resnet18_vcaV2-224/checkpoint/checkpoint-39.pth.tar', 48.42)
 ('./output/train/20250823-131030-resnet18_vcaV2-224/checkpoint/checkpoint-44.pth.tar', 47.55)
 ('./output/train/20250823-131030-resnet18_vcaV2-224/checkpoint/checkpoint-27.pth.tar', 47.52)
 ('./output/train/20250823-131030-resnet18_vcaV2-224/checkpoint/checkpoint-42.pth.tar', 47.25)
 ('./output/train/20250823-131030-resnet18_vcaV2-224/checkpoint/checkpoint-24.pth.tar', 47.07)

2025-08-23 15:46:34,588 -                train: [    INFO] - Train: 48 [   0/391 (  0%)]  Loss: 199.7 (200.)  Loss_cat: 2.523 (2.52)  Loss_feat: 194.7 (195.)  Loss_gt: 2.489 (2.49) LR: 5.000e-02
2025-08-23 15:48:04,435 -                train: [    INFO] - Train: 48 [ 200/391 ( 51%)]  Loss: 203.0 (200.)  Loss_cat: 2.621 (2.53)  Loss_feat: 197.8 (195.)  Loss_gt: 2.602 (2.44) LR: 5.000e-02
2025-08-23 15:49:29,205 -                train: [    INFO] - Train: 48 [ 390/391 (100%)]  Loss: 202.0 (200.)  Loss_cat: 2.524 (2.54)  Loss_feat: 196.9 (195.)  Loss_gt: 2.511 (2.45) LR: 5.000e-02
2025-08-23 15:49:29,913 -                train: [    INFO] - Test: [   0/39]  Time: 0.631 (0.631)  Loss:  2.8396 (2.8396)  Acc@1: 36.3281 (36.3281)  Acc@5: 64.4531 (64.4531)
2025-08-23 15:49:44,938 -                train: [    INFO] - Test: [  39/39]  Time: 0.031 (0.391)  Loss:  2.2729 (2.3437)  Acc@1: 56.2500 (46.5700)  Acc@5: 75.0000 (72.4600)
2025-08-23 15:49:46,722 -                train: [    INFO] - Train: 49 [   0/391 (  0%)]  Loss: 200.0 (200.)  Loss_cat: 2.549 (2.55)  Loss_feat: 195.0 (195.)  Loss_gt: 2.388 (2.39) LR: 5.000e-02
2025-08-23 15:51:15,787 -                train: [    INFO] - Train: 49 [ 200/391 ( 51%)]  Loss: 203.5 (199.)  Loss_cat: 2.667 (2.53)  Loss_feat: 198.2 (194.)  Loss_gt: 2.658 (2.44) LR: 5.000e-02
2025-08-23 15:52:40,778 -                train: [    INFO] - Train: 49 [ 390/391 (100%)]  Loss: 199.5 (199.)  Loss_cat: 2.466 (2.53)  Loss_feat: 194.6 (194.)  Loss_gt: 2.394 (2.45) LR: 5.000e-02
2025-08-23 15:52:41,541 -                train: [    INFO] - Test: [   0/39]  Time: 0.684 (0.684)  Loss:  1.6616 (1.6616)  Acc@1: 57.8125 (57.8125)  Acc@5: 84.7656 (84.7656)
2025-08-23 15:52:55,984 -                train: [    INFO] - Test: [  39/39]  Time: 0.029 (0.378)  Loss:  2.5233 (2.1115)  Acc@1: 43.7500 (50.8700)  Acc@5: 62.5000 (76.5300)
2025-08-23 15:52:56,571 - timm.utils.checkpoint_saver: [    INFO] - Current checkpoints:
 ('./output/train/20250823-131030-resnet18_vcaV2-224/checkpoint/checkpoint-38.pth.tar', 50.98)
 ('./output/train/20250823-131030-resnet18_vcaV2-224/checkpoint/checkpoint-49.pth.tar', 50.87)
 ('./output/train/20250823-131030-resnet18_vcaV2-224/checkpoint/checkpoint-34.pth.tar', 49.44)
 ('./output/train/20250823-131030-resnet18_vcaV2-224/checkpoint/checkpoint-41.pth.tar', 49.36)
 ('./output/train/20250823-131030-resnet18_vcaV2-224/checkpoint/checkpoint-47.pth.tar', 49.3)
 ('./output/train/20250823-131030-resnet18_vcaV2-224/checkpoint/checkpoint-46.pth.tar', 49.23)
 ('./output/train/20250823-131030-resnet18_vcaV2-224/checkpoint/checkpoint-39.pth.tar', 48.42)
 ('./output/train/20250823-131030-resnet18_vcaV2-224/checkpoint/checkpoint-44.pth.tar', 47.55)
 ('./output/train/20250823-131030-resnet18_vcaV2-224/checkpoint/checkpoint-27.pth.tar', 47.52)
 ('./output/train/20250823-131030-resnet18_vcaV2-224/checkpoint/checkpoint-42.pth.tar', 47.25)

2025-08-23 15:52:57,736 -                train: [    INFO] - Train: 50 [   0/391 (  0%)]  Loss: 198.3 (198.)  Loss_cat: 2.517 (2.52)  Loss_feat: 193.3 (193.)  Loss_gt: 2.474 (2.47) LR: 5.000e-02
2025-08-23 15:54:26,730 -                train: [    INFO] - Train: 50 [ 200/391 ( 51%)]  Loss: 196.1 (198.)  Loss_cat: 2.483 (2.53)  Loss_feat: 191.2 (193.)  Loss_gt: 2.429 (2.43) LR: 5.000e-02
2025-08-23 15:55:51,785 -                train: [    INFO] - Train: 50 [ 390/391 (100%)]  Loss: 199.1 (198.)  Loss_cat: 2.536 (2.53)  Loss_feat: 193.8 (193.)  Loss_gt: 2.709 (2.45) LR: 5.000e-02
2025-08-23 15:55:53,630 -                train: [    INFO] - Test: [   0/39]  Time: 1.760 (1.760)  Loss:  1.6637 (1.6637)  Acc@1: 54.2969 (54.2969)  Acc@5: 84.7656 (84.7656)
2025-08-23 15:56:11,251 -                train: [    INFO] - Test: [  39/39]  Time: 0.028 (0.485)  Loss:  2.3571 (2.4202)  Acc@1: 43.7500 (44.9300)  Acc@5: 81.2500 (69.9700)
2025-08-23 15:56:12,998 -                train: [    INFO] - Train: 51 [   0/391 (  0%)]  Loss: 194.6 (195.)  Loss_cat: 2.483 (2.48)  Loss_feat: 189.7 (190.)  Loss_gt: 2.387 (2.39) LR: 5.000e-02
2025-08-23 15:57:42,466 -                train: [    INFO] - Train: 51 [ 200/391 ( 51%)]  Loss: 196.9 (196.)  Loss_cat: 2.566 (2.53)  Loss_feat: 191.9 (192.)  Loss_gt: 2.427 (2.43) LR: 5.000e-02
2025-08-23 15:59:07,393 -                train: [    INFO] - Train: 51 [ 390/391 (100%)]  Loss: 197.1 (197.)  Loss_cat: 2.594 (2.53)  Loss_feat: 192.1 (192.)  Loss_gt: 2.427 (2.44) LR: 5.000e-02
2025-08-23 15:59:08,104 -                train: [    INFO] - Test: [   0/39]  Time: 0.637 (0.637)  Loss:  2.5630 (2.5630)  Acc@1: 42.1875 (42.1875)  Acc@5: 66.4062 (66.4062)
2025-08-23 15:59:24,131 -                train: [    INFO] - Test: [  39/39]  Time: 0.026 (0.417)  Loss:  3.3548 (2.3629)  Acc@1: 31.2500 (46.0600)  Acc@5: 56.2500 (71.6500)
2025-08-23 15:59:26,081 -                train: [    INFO] - Train: 52 [   0/391 (  0%)]  Loss: 193.8 (194.)  Loss_cat: 2.452 (2.45)  Loss_feat: 189.0 (189.)  Loss_gt: 2.372 (2.37) LR: 5.000e-02
2025-08-23 16:00:55,499 -                train: [    INFO] - Train: 52 [ 200/391 ( 51%)]  Loss: 196.0 (195.)  Loss_cat: 2.588 (2.52)  Loss_feat: 191.0 (190.)  Loss_gt: 2.396 (2.42) LR: 5.000e-02
2025-08-23 16:02:20,470 -                train: [    INFO] - Train: 52 [ 390/391 (100%)]  Loss: 196.5 (195.)  Loss_cat: 2.650 (2.53)  Loss_feat: 191.4 (190.)  Loss_gt: 2.464 (2.45) LR: 5.000e-02
2025-08-23 16:02:21,212 -                train: [    INFO] - Test: [   0/39]  Time: 0.670 (0.670)  Loss:  2.6033 (2.6033)  Acc@1: 45.7031 (45.7031)  Acc@5: 67.1875 (67.1875)
2025-08-23 16:02:38,863 -                train: [    INFO] - Test: [  39/39]  Time: 0.030 (0.458)  Loss:  2.5496 (2.2611)  Acc@1: 37.5000 (47.8800)  Acc@5: 68.7500 (73.6200)
2025-08-23 16:02:39,526 - timm.utils.checkpoint_saver: [    INFO] - Current checkpoints:
 ('./output/train/20250823-131030-resnet18_vcaV2-224/checkpoint/checkpoint-38.pth.tar', 50.98)
 ('./output/train/20250823-131030-resnet18_vcaV2-224/checkpoint/checkpoint-49.pth.tar', 50.87)
 ('./output/train/20250823-131030-resnet18_vcaV2-224/checkpoint/checkpoint-34.pth.tar', 49.44)
 ('./output/train/20250823-131030-resnet18_vcaV2-224/checkpoint/checkpoint-41.pth.tar', 49.36)
 ('./output/train/20250823-131030-resnet18_vcaV2-224/checkpoint/checkpoint-47.pth.tar', 49.3)
 ('./output/train/20250823-131030-resnet18_vcaV2-224/checkpoint/checkpoint-46.pth.tar', 49.23)
 ('./output/train/20250823-131030-resnet18_vcaV2-224/checkpoint/checkpoint-39.pth.tar', 48.42)
 ('./output/train/20250823-131030-resnet18_vcaV2-224/checkpoint/checkpoint-52.pth.tar', 47.88)
 ('./output/train/20250823-131030-resnet18_vcaV2-224/checkpoint/checkpoint-44.pth.tar', 47.55)
 ('./output/train/20250823-131030-resnet18_vcaV2-224/checkpoint/checkpoint-27.pth.tar', 47.52)

2025-08-23 16:02:40,774 -                train: [    INFO] - Train: 53 [   0/391 (  0%)]  Loss: 192.4 (192.)  Loss_cat: 2.506 (2.51)  Loss_feat: 187.5 (187.)  Loss_gt: 2.407 (2.41) LR: 5.000e-02
2025-08-23 16:04:10,179 -                train: [    INFO] - Train: 53 [ 200/391 ( 51%)]  Loss: 194.3 (194.)  Loss_cat: 2.546 (2.52)  Loss_feat: 189.3 (189.)  Loss_gt: 2.437 (2.42) LR: 5.000e-02
2025-08-23 16:05:34,958 -                train: [    INFO] - Train: 53 [ 390/391 (100%)]  Loss: 195.6 (194.)  Loss_cat: 2.553 (2.53)  Loss_feat: 190.6 (189.)  Loss_gt: 2.448 (2.44) LR: 5.000e-02
2025-08-23 16:05:35,698 -                train: [    INFO] - Test: [   0/39]  Time: 0.658 (0.658)  Loss:  2.0462 (2.0462)  Acc@1: 51.1719 (51.1719)  Acc@5: 75.0000 (75.0000)
2025-08-23 16:05:54,083 -                train: [    INFO] - Test: [  39/39]  Time: 0.025 (0.476)  Loss:  1.8120 (2.2144)  Acc@1: 43.7500 (48.9700)  Acc@5: 81.2500 (74.2900)
2025-08-23 16:05:54,714 - timm.utils.checkpoint_saver: [    INFO] - Current checkpoints:
 ('./output/train/20250823-131030-resnet18_vcaV2-224/checkpoint/checkpoint-38.pth.tar', 50.98)
 ('./output/train/20250823-131030-resnet18_vcaV2-224/checkpoint/checkpoint-49.pth.tar', 50.87)
 ('./output/train/20250823-131030-resnet18_vcaV2-224/checkpoint/checkpoint-34.pth.tar', 49.44)
 ('./output/train/20250823-131030-resnet18_vcaV2-224/checkpoint/checkpoint-41.pth.tar', 49.36)
 ('./output/train/20250823-131030-resnet18_vcaV2-224/checkpoint/checkpoint-47.pth.tar', 49.3)
 ('./output/train/20250823-131030-resnet18_vcaV2-224/checkpoint/checkpoint-46.pth.tar', 49.23)
 ('./output/train/20250823-131030-resnet18_vcaV2-224/checkpoint/checkpoint-53.pth.tar', 48.97)
 ('./output/train/20250823-131030-resnet18_vcaV2-224/checkpoint/checkpoint-39.pth.tar', 48.42)
 ('./output/train/20250823-131030-resnet18_vcaV2-224/checkpoint/checkpoint-52.pth.tar', 47.88)
 ('./output/train/20250823-131030-resnet18_vcaV2-224/checkpoint/checkpoint-44.pth.tar', 47.55)

2025-08-23 16:05:55,975 -                train: [    INFO] - Train: 54 [   0/391 (  0%)]  Loss: 192.0 (192.)  Loss_cat: 2.508 (2.51)  Loss_feat: 187.0 (187.)  Loss_gt: 2.487 (2.49) LR: 5.000e-02
2025-08-23 16:07:25,024 -                train: [    INFO] - Train: 54 [ 200/391 ( 51%)]  Loss: 191.8 (193.)  Loss_cat: 2.489 (2.52)  Loss_feat: 186.8 (188.)  Loss_gt: 2.505 (2.42) LR: 5.000e-02
2025-08-23 16:08:49,596 -                train: [    INFO] - Train: 54 [ 390/391 (100%)]  Loss: 194.3 (193.)  Loss_cat: 2.604 (2.53)  Loss_feat: 189.0 (188.)  Loss_gt: 2.672 (2.44) LR: 5.000e-02
2025-08-23 16:08:50,326 -                train: [    INFO] - Test: [   0/39]  Time: 0.661 (0.661)  Loss:  1.5639 (1.5639)  Acc@1: 63.2812 (63.2812)  Acc@5: 83.5938 (83.5938)
2025-08-23 16:09:07,664 -                train: [    INFO] - Test: [  39/39]  Time: 0.025 (0.450)  Loss:  2.7285 (2.1242)  Acc@1: 25.0000 (50.3200)  Acc@5: 87.5000 (76.1900)
2025-08-23 16:09:08,193 - timm.utils.checkpoint_saver: [    INFO] - Current checkpoints:
 ('./output/train/20250823-131030-resnet18_vcaV2-224/checkpoint/checkpoint-38.pth.tar', 50.98)
 ('./output/train/20250823-131030-resnet18_vcaV2-224/checkpoint/checkpoint-49.pth.tar', 50.87)
 ('./output/train/20250823-131030-resnet18_vcaV2-224/checkpoint/checkpoint-54.pth.tar', 50.32)
 ('./output/train/20250823-131030-resnet18_vcaV2-224/checkpoint/checkpoint-34.pth.tar', 49.44)
 ('./output/train/20250823-131030-resnet18_vcaV2-224/checkpoint/checkpoint-41.pth.tar', 49.36)
 ('./output/train/20250823-131030-resnet18_vcaV2-224/checkpoint/checkpoint-47.pth.tar', 49.3)
 ('./output/train/20250823-131030-resnet18_vcaV2-224/checkpoint/checkpoint-46.pth.tar', 49.23)
 ('./output/train/20250823-131030-resnet18_vcaV2-224/checkpoint/checkpoint-53.pth.tar', 48.97)
 ('./output/train/20250823-131030-resnet18_vcaV2-224/checkpoint/checkpoint-39.pth.tar', 48.42)
 ('./output/train/20250823-131030-resnet18_vcaV2-224/checkpoint/checkpoint-52.pth.tar', 47.88)

2025-08-23 16:09:09,372 -                train: [    INFO] - Train: 55 [   0/391 (  0%)]  Loss: 188.5 (189.)  Loss_cat: 2.442 (2.44)  Loss_feat: 183.7 (184.)  Loss_gt: 2.377 (2.38) LR: 5.000e-02
2025-08-23 16:10:38,638 -                train: [    INFO] - Train: 55 [ 200/391 ( 51%)]  Loss: 193.4 (191.)  Loss_cat: 2.591 (2.51)  Loss_feat: 188.3 (186.)  Loss_gt: 2.563 (2.41) LR: 5.000e-02
2025-08-23 16:12:03,151 -                train: [    INFO] - Train: 55 [ 390/391 (100%)]  Loss: 192.0 (191.)  Loss_cat: 2.581 (2.52)  Loss_feat: 186.8 (186.)  Loss_gt: 2.563 (2.44) LR: 5.000e-02
2025-08-23 16:12:03,859 -                train: [    INFO] - Test: [   0/39]  Time: 0.638 (0.638)  Loss:  2.1504 (2.1504)  Acc@1: 53.1250 (53.1250)  Acc@5: 78.9062 (78.9062)
2025-08-23 16:12:21,432 -                train: [    INFO] - Test: [  39/39]  Time: 0.025 (0.455)  Loss:  3.2723 (2.3053)  Acc@1: 18.7500 (47.6100)  Acc@5: 68.7500 (73.0900)
2025-08-23 16:12:23,347 -                train: [    INFO] - Train: 56 [   0/391 (  0%)]  Loss: 190.2 (190.)  Loss_cat: 2.583 (2.58)  Loss_feat: 185.3 (185.)  Loss_gt: 2.273 (2.27) LR: 5.000e-02
2025-08-23 16:13:52,531 -                train: [    INFO] - Train: 56 [ 200/391 ( 51%)]  Loss: 191.4 (190.)  Loss_cat: 2.593 (2.52)  Loss_feat: 186.4 (185.)  Loss_gt: 2.420 (2.42) LR: 5.000e-02
2025-08-23 16:15:17,323 -                train: [    INFO] - Train: 56 [ 390/391 (100%)]  Loss: 190.6 (190.)  Loss_cat: 2.575 (2.52)  Loss_feat: 185.6 (185.)  Loss_gt: 2.461 (2.44) LR: 5.000e-02
2025-08-23 16:15:18,044 -                train: [    INFO] - Test: [   0/39]  Time: 0.645 (0.645)  Loss:  2.4691 (2.4691)  Acc@1: 47.6562 (47.6562)  Acc@5: 68.3594 (68.3594)
2025-08-23 16:15:32,763 -                train: [    INFO] - Test: [  39/39]  Time: 0.029 (0.384)  Loss:  2.7285 (2.4691)  Acc@1: 31.2500 (45.2100)  Acc@5: 75.0000 (69.6100)
2025-08-23 16:15:34,509 -                train: [    INFO] - Train: 57 [   0/391 (  0%)]  Loss: 189.1 (189.)  Loss_cat: 2.538 (2.54)  Loss_feat: 184.2 (184.)  Loss_gt: 2.366 (2.37) LR: 5.000e-02
2025-08-23 16:17:03,689 -                train: [    INFO] - Train: 57 [ 200/391 ( 51%)]  Loss: 188.6 (188.)  Loss_cat: 2.545 (2.51)  Loss_feat: 183.7 (183.)  Loss_gt: 2.366 (2.41) LR: 5.000e-02
2025-08-23 16:18:28,618 -                train: [    INFO] - Train: 57 [ 390/391 (100%)]  Loss: 189.7 (189.)  Loss_cat: 2.599 (2.52)  Loss_feat: 184.4 (184.)  Loss_gt: 2.673 (2.43) LR: 5.000e-02
2025-08-23 16:18:29,335 -                train: [    INFO] - Test: [   0/39]  Time: 0.645 (0.645)  Loss:  2.6363 (2.6363)  Acc@1: 46.8750 (46.8750)  Acc@5: 67.5781 (67.5781)
2025-08-23 16:18:44,543 -                train: [    INFO] - Test: [  39/39]  Time: 0.029 (0.396)  Loss:  3.2822 (2.3415)  Acc@1: 31.2500 (46.4500)  Acc@5: 68.7500 (72.2100)
2025-08-23 16:18:46,256 -                train: [    INFO] - Train: 58 [   0/391 (  0%)]  Loss: 187.1 (187.)  Loss_cat: 2.554 (2.55)  Loss_feat: 182.1 (182.)  Loss_gt: 2.456 (2.46) LR: 5.000e-02
2025-08-23 16:20:15,330 -                train: [    INFO] - Train: 58 [ 200/391 ( 51%)]  Loss: 189.7 (187.)  Loss_cat: 2.643 (2.51)  Loss_feat: 184.6 (182.)  Loss_gt: 2.483 (2.41) LR: 5.000e-02
2025-08-23 16:21:40,236 -                train: [    INFO] - Train: 58 [ 390/391 (100%)]  Loss: 186.0 (187.)  Loss_cat: 2.467 (2.52)  Loss_feat: 181.2 (182.)  Loss_gt: 2.325 (2.43) LR: 5.000e-02
2025-08-23 16:21:41,125 -                train: [    INFO] - Test: [   0/39]  Time: 0.825 (0.825)  Loss:  1.8235 (1.8235)  Acc@1: 60.1562 (60.1562)  Acc@5: 79.6875 (79.6875)
2025-08-23 16:22:20,661 -                train: [    INFO] - Test: [  39/39]  Time: 0.026 (1.009)  Loss:  2.7097 (2.1603)  Acc@1: 31.2500 (51.2100)  Acc@5: 68.7500 (75.6400)
2025-08-23 16:22:21,423 - timm.utils.checkpoint_saver: [    INFO] - Current checkpoints:
 ('./output/train/20250823-131030-resnet18_vcaV2-224/checkpoint/checkpoint-58.pth.tar', 51.21)
 ('./output/train/20250823-131030-resnet18_vcaV2-224/checkpoint/checkpoint-38.pth.tar', 50.98)
 ('./output/train/20250823-131030-resnet18_vcaV2-224/checkpoint/checkpoint-49.pth.tar', 50.87)
 ('./output/train/20250823-131030-resnet18_vcaV2-224/checkpoint/checkpoint-54.pth.tar', 50.32)
 ('./output/train/20250823-131030-resnet18_vcaV2-224/checkpoint/checkpoint-34.pth.tar', 49.44)
 ('./output/train/20250823-131030-resnet18_vcaV2-224/checkpoint/checkpoint-41.pth.tar', 49.36)
 ('./output/train/20250823-131030-resnet18_vcaV2-224/checkpoint/checkpoint-47.pth.tar', 49.3)
 ('./output/train/20250823-131030-resnet18_vcaV2-224/checkpoint/checkpoint-46.pth.tar', 49.23)
 ('./output/train/20250823-131030-resnet18_vcaV2-224/checkpoint/checkpoint-53.pth.tar', 48.97)
 ('./output/train/20250823-131030-resnet18_vcaV2-224/checkpoint/checkpoint-39.pth.tar', 48.42)

2025-08-23 16:22:22,705 -                train: [    INFO] - Train: 59 [   0/391 (  0%)]  Loss: 185.6 (186.)  Loss_cat: 2.549 (2.55)  Loss_feat: 180.4 (180.)  Loss_gt: 2.618 (2.62) LR: 5.000e-03
2025-08-23 16:23:52,068 -                train: [    INFO] - Train: 59 [ 200/391 ( 51%)]  Loss: 177.2 (180.)  Loss_cat: 2.162 (2.27)  Loss_feat: 172.9 (175.)  Loss_gt: 2.130 (2.15) LR: 5.000e-03
2025-08-23 16:25:16,872 -                train: [    INFO] - Train: 59 [ 390/391 (100%)]  Loss: 178.7 (179.)  Loss_cat: 2.213 (2.23)  Loss_feat: 174.3 (174.)  Loss_gt: 2.160 (2.12) LR: 5.000e-03
2025-08-23 16:25:17,557 -                train: [    INFO] - Test: [   0/39]  Time: 0.619 (0.619)  Loss:  1.3128 (1.3128)  Acc@1: 67.5781 (67.5781)  Acc@5: 88.6719 (88.6719)
2025-08-23 16:25:36,062 -                train: [    INFO] - Test: [  39/39]  Time: 0.026 (0.478)  Loss:  1.5480 (1.5236)  Acc@1: 50.0000 (64.2900)  Acc@5: 93.7500 (85.5500)
2025-08-23 16:25:36,605 - timm.utils.checkpoint_saver: [    INFO] - Current checkpoints:
 ('./output/train/20250823-131030-resnet18_vcaV2-224/checkpoint/checkpoint-59.pth.tar', 64.29)
 ('./output/train/20250823-131030-resnet18_vcaV2-224/checkpoint/checkpoint-58.pth.tar', 51.21)
 ('./output/train/20250823-131030-resnet18_vcaV2-224/checkpoint/checkpoint-38.pth.tar', 50.98)
 ('./output/train/20250823-131030-resnet18_vcaV2-224/checkpoint/checkpoint-49.pth.tar', 50.87)
 ('./output/train/20250823-131030-resnet18_vcaV2-224/checkpoint/checkpoint-54.pth.tar', 50.32)
 ('./output/train/20250823-131030-resnet18_vcaV2-224/checkpoint/checkpoint-34.pth.tar', 49.44)
 ('./output/train/20250823-131030-resnet18_vcaV2-224/checkpoint/checkpoint-41.pth.tar', 49.36)
 ('./output/train/20250823-131030-resnet18_vcaV2-224/checkpoint/checkpoint-47.pth.tar', 49.3)
 ('./output/train/20250823-131030-resnet18_vcaV2-224/checkpoint/checkpoint-46.pth.tar', 49.23)
 ('./output/train/20250823-131030-resnet18_vcaV2-224/checkpoint/checkpoint-53.pth.tar', 48.97)

2025-08-23 16:25:37,768 -                train: [    INFO] - Train: 60 [   0/391 (  0%)]  Loss: 175.4 (175.)  Loss_cat: 2.173 (2.17)  Loss_feat: 171.3 (171.)  Loss_gt: 1.987 (1.99) LR: 5.000e-03
2025-08-23 16:27:06,973 -                train: [    INFO] - Train: 60 [ 200/391 ( 51%)]  Loss: 175.3 (175.)  Loss_cat: 2.146 (2.16)  Loss_feat: 171.1 (171.)  Loss_gt: 2.011 (2.04) LR: 5.000e-03
2025-08-23 16:28:31,920 -                train: [    INFO] - Train: 60 [ 390/391 (100%)]  Loss: 176.8 (175.)  Loss_cat: 2.161 (2.16)  Loss_feat: 172.6 (171.)  Loss_gt: 2.033 (2.04) LR: 5.000e-03
2025-08-23 16:28:32,651 -                train: [    INFO] - Test: [   0/39]  Time: 0.661 (0.661)  Loss:  1.2176 (1.2176)  Acc@1: 68.3594 (68.3594)  Acc@5: 89.8438 (89.8438)
2025-08-23 16:28:48,210 -                train: [    INFO] - Test: [  39/39]  Time: 0.029 (0.405)  Loss:  1.6394 (1.4856)  Acc@1: 50.0000 (64.9400)  Acc@5: 87.5000 (86.0500)
2025-08-23 16:28:48,752 - timm.utils.checkpoint_saver: [    INFO] - Current checkpoints:
 ('./output/train/20250823-131030-resnet18_vcaV2-224/checkpoint/checkpoint-60.pth.tar', 64.94)
 ('./output/train/20250823-131030-resnet18_vcaV2-224/checkpoint/checkpoint-59.pth.tar', 64.29)
 ('./output/train/20250823-131030-resnet18_vcaV2-224/checkpoint/checkpoint-58.pth.tar', 51.21)
 ('./output/train/20250823-131030-resnet18_vcaV2-224/checkpoint/checkpoint-38.pth.tar', 50.98)
 ('./output/train/20250823-131030-resnet18_vcaV2-224/checkpoint/checkpoint-49.pth.tar', 50.87)
 ('./output/train/20250823-131030-resnet18_vcaV2-224/checkpoint/checkpoint-54.pth.tar', 50.32)
 ('./output/train/20250823-131030-resnet18_vcaV2-224/checkpoint/checkpoint-34.pth.tar', 49.44)
 ('./output/train/20250823-131030-resnet18_vcaV2-224/checkpoint/checkpoint-41.pth.tar', 49.36)
 ('./output/train/20250823-131030-resnet18_vcaV2-224/checkpoint/checkpoint-47.pth.tar', 49.3)
 ('./output/train/20250823-131030-resnet18_vcaV2-224/checkpoint/checkpoint-46.pth.tar', 49.23)

2025-08-23 16:28:50,081 -                train: [    INFO] - Train: 61 [   0/391 (  0%)]  Loss: 172.8 (173.)  Loss_cat: 2.052 (2.05)  Loss_feat: 168.6 (169.)  Loss_gt: 2.136 (2.14) LR: 5.000e-03
2025-08-23 16:30:19,413 -                train: [    INFO] - Train: 61 [ 200/391 ( 51%)]  Loss: 173.2 (173.)  Loss_cat: 2.125 (2.13)  Loss_feat: 169.1 (169.)  Loss_gt: 2.016 (2.01) LR: 5.000e-03
2025-08-23 16:31:44,384 -                train: [    INFO] - Train: 61 [ 390/391 (100%)]  Loss: 173.9 (173.)  Loss_cat: 2.145 (2.13)  Loss_feat: 169.6 (169.)  Loss_gt: 2.126 (2.01) LR: 5.000e-03
2025-08-23 16:31:45,115 -                train: [    INFO] - Test: [   0/39]  Time: 0.656 (0.656)  Loss:  1.2153 (1.2153)  Acc@1: 68.7500 (68.7500)  Acc@5: 90.2344 (90.2344)
2025-08-23 16:32:00,060 -                train: [    INFO] - Test: [  39/39]  Time: 0.034 (0.390)  Loss:  1.5992 (1.5079)  Acc@1: 50.0000 (65.2100)  Acc@5: 87.5000 (85.9400)
2025-08-23 16:32:00,689 - timm.utils.checkpoint_saver: [    INFO] - Current checkpoints:
 ('./output/train/20250823-131030-resnet18_vcaV2-224/checkpoint/checkpoint-61.pth.tar', 65.21)
 ('./output/train/20250823-131030-resnet18_vcaV2-224/checkpoint/checkpoint-60.pth.tar', 64.94)
 ('./output/train/20250823-131030-resnet18_vcaV2-224/checkpoint/checkpoint-59.pth.tar', 64.29)
 ('./output/train/20250823-131030-resnet18_vcaV2-224/checkpoint/checkpoint-58.pth.tar', 51.21)
 ('./output/train/20250823-131030-resnet18_vcaV2-224/checkpoint/checkpoint-38.pth.tar', 50.98)
 ('./output/train/20250823-131030-resnet18_vcaV2-224/checkpoint/checkpoint-49.pth.tar', 50.87)
 ('./output/train/20250823-131030-resnet18_vcaV2-224/checkpoint/checkpoint-54.pth.tar', 50.32)
 ('./output/train/20250823-131030-resnet18_vcaV2-224/checkpoint/checkpoint-34.pth.tar', 49.44)
 ('./output/train/20250823-131030-resnet18_vcaV2-224/checkpoint/checkpoint-41.pth.tar', 49.36)
 ('./output/train/20250823-131030-resnet18_vcaV2-224/checkpoint/checkpoint-47.pth.tar', 49.3)

2025-08-23 16:32:01,976 -                train: [    INFO] - Train: 62 [   0/391 (  0%)]  Loss: 171.8 (172.)  Loss_cat: 2.145 (2.15)  Loss_feat: 167.8 (168.)  Loss_gt: 1.889 (1.89) LR: 5.000e-03
2025-08-23 16:33:31,948 -                train: [    INFO] - Train: 62 [ 200/391 ( 51%)]  Loss: 170.2 (171.)  Loss_cat: 2.048 (2.12)  Loss_feat: 166.3 (167.)  Loss_gt: 1.907 (1.98) LR: 5.000e-03
2025-08-23 16:34:56,720 -                train: [    INFO] - Train: 62 [ 390/391 (100%)]  Loss: 173.0 (171.)  Loss_cat: 2.123 (2.12)  Loss_feat: 168.7 (167.)  Loss_gt: 2.179 (1.99) LR: 5.000e-03
2025-08-23 16:34:57,453 -                train: [    INFO] - Test: [   0/39]  Time: 0.662 (0.662)  Loss:  1.1808 (1.1808)  Acc@1: 69.5312 (69.5312)  Acc@5: 89.4531 (89.4531)
2025-08-23 16:35:12,666 -                train: [    INFO] - Test: [  39/39]  Time: 0.025 (0.397)  Loss:  1.4882 (1.4606)  Acc@1: 56.2500 (66.0200)  Acc@5: 93.7500 (86.2400)
2025-08-23 16:35:13,319 - timm.utils.checkpoint_saver: [    INFO] - Current checkpoints:
 ('./output/train/20250823-131030-resnet18_vcaV2-224/checkpoint/checkpoint-62.pth.tar', 66.02)
 ('./output/train/20250823-131030-resnet18_vcaV2-224/checkpoint/checkpoint-61.pth.tar', 65.21)
 ('./output/train/20250823-131030-resnet18_vcaV2-224/checkpoint/checkpoint-60.pth.tar', 64.94)
 ('./output/train/20250823-131030-resnet18_vcaV2-224/checkpoint/checkpoint-59.pth.tar', 64.29)
 ('./output/train/20250823-131030-resnet18_vcaV2-224/checkpoint/checkpoint-58.pth.tar', 51.21)
 ('./output/train/20250823-131030-resnet18_vcaV2-224/checkpoint/checkpoint-38.pth.tar', 50.98)
 ('./output/train/20250823-131030-resnet18_vcaV2-224/checkpoint/checkpoint-49.pth.tar', 50.87)
 ('./output/train/20250823-131030-resnet18_vcaV2-224/checkpoint/checkpoint-54.pth.tar', 50.32)
 ('./output/train/20250823-131030-resnet18_vcaV2-224/checkpoint/checkpoint-34.pth.tar', 49.44)
 ('./output/train/20250823-131030-resnet18_vcaV2-224/checkpoint/checkpoint-41.pth.tar', 49.36)

2025-08-23 16:35:14,517 -                train: [    INFO] - Train: 63 [   0/391 (  0%)]  Loss: 170.7 (171.)  Loss_cat: 2.115 (2.12)  Loss_feat: 166.7 (167.)  Loss_gt: 1.981 (1.98) LR: 5.000e-03
2025-08-23 16:36:43,651 -                train: [    INFO] - Train: 63 [ 200/391 ( 51%)]  Loss: 169.1 (169.)  Loss_cat: 2.092 (2.10)  Loss_feat: 165.0 (165.)  Loss_gt: 2.018 (1.96) LR: 5.000e-03
2025-08-23 16:38:08,237 -                train: [    INFO] - Train: 63 [ 390/391 (100%)]  Loss: 172.0 (170.)  Loss_cat: 2.261 (2.10)  Loss_feat: 167.6 (165.)  Loss_gt: 2.045 (1.97) LR: 5.000e-03
2025-08-23 16:38:08,948 -                train: [    INFO] - Test: [   0/39]  Time: 0.640 (0.640)  Loss:  1.0280 (1.0280)  Acc@1: 75.0000 (75.0000)  Acc@5: 93.7500 (93.7500)
2025-08-23 16:38:26,896 -                train: [    INFO] - Test: [  39/39]  Time: 0.026 (0.465)  Loss:  2.0016 (1.4834)  Acc@1: 37.5000 (65.0800)  Acc@5: 81.2500 (85.9900)
2025-08-23 16:38:27,717 - timm.utils.checkpoint_saver: [    INFO] - Current checkpoints:
 ('./output/train/20250823-131030-resnet18_vcaV2-224/checkpoint/checkpoint-62.pth.tar', 66.02)
 ('./output/train/20250823-131030-resnet18_vcaV2-224/checkpoint/checkpoint-61.pth.tar', 65.21)
 ('./output/train/20250823-131030-resnet18_vcaV2-224/checkpoint/checkpoint-63.pth.tar', 65.08)
 ('./output/train/20250823-131030-resnet18_vcaV2-224/checkpoint/checkpoint-60.pth.tar', 64.94)
 ('./output/train/20250823-131030-resnet18_vcaV2-224/checkpoint/checkpoint-59.pth.tar', 64.29)
 ('./output/train/20250823-131030-resnet18_vcaV2-224/checkpoint/checkpoint-58.pth.tar', 51.21)
 ('./output/train/20250823-131030-resnet18_vcaV2-224/checkpoint/checkpoint-38.pth.tar', 50.98)
 ('./output/train/20250823-131030-resnet18_vcaV2-224/checkpoint/checkpoint-49.pth.tar', 50.87)
 ('./output/train/20250823-131030-resnet18_vcaV2-224/checkpoint/checkpoint-54.pth.tar', 50.32)
 ('./output/train/20250823-131030-resnet18_vcaV2-224/checkpoint/checkpoint-34.pth.tar', 49.44)

2025-08-23 16:38:29,026 -                train: [    INFO] - Train: 64 [   0/391 (  0%)]  Loss: 169.6 (170.)  Loss_cat: 2.153 (2.15)  Loss_feat: 165.4 (165.)  Loss_gt: 2.011 (2.01) LR: 5.000e-03
2025-08-23 16:39:57,820 -                train: [    INFO] - Train: 64 [ 200/391 ( 51%)]  Loss: 168.4 (168.)  Loss_cat: 2.132 (2.09)  Loss_feat: 164.3 (164.)  Loss_gt: 1.972 (1.96) LR: 5.000e-03
2025-08-23 16:41:22,377 -                train: [    INFO] - Train: 64 [ 390/391 (100%)]  Loss: 169.6 (168.)  Loss_cat: 2.166 (2.10)  Loss_feat: 165.6 (164.)  Loss_gt: 1.881 (1.96) LR: 5.000e-03
2025-08-23 16:41:23,011 -                train: [    INFO] - Test: [   0/39]  Time: 0.576 (0.576)  Loss:  1.1663 (1.1663)  Acc@1: 67.9688 (67.9688)  Acc@5: 91.4062 (91.4062)
2025-08-23 16:41:40,107 -                train: [    INFO] - Test: [  39/39]  Time: 0.028 (0.442)  Loss:  1.8510 (1.4630)  Acc@1: 56.2500 (65.8000)  Acc@5: 87.5000 (85.9700)
2025-08-23 16:41:40,664 - timm.utils.checkpoint_saver: [    INFO] - Current checkpoints:
 ('./output/train/20250823-131030-resnet18_vcaV2-224/checkpoint/checkpoint-62.pth.tar', 66.02)
 ('./output/train/20250823-131030-resnet18_vcaV2-224/checkpoint/checkpoint-64.pth.tar', 65.8)
 ('./output/train/20250823-131030-resnet18_vcaV2-224/checkpoint/checkpoint-61.pth.tar', 65.21)
 ('./output/train/20250823-131030-resnet18_vcaV2-224/checkpoint/checkpoint-63.pth.tar', 65.08)
 ('./output/train/20250823-131030-resnet18_vcaV2-224/checkpoint/checkpoint-60.pth.tar', 64.94)
 ('./output/train/20250823-131030-resnet18_vcaV2-224/checkpoint/checkpoint-59.pth.tar', 64.29)
 ('./output/train/20250823-131030-resnet18_vcaV2-224/checkpoint/checkpoint-58.pth.tar', 51.21)
 ('./output/train/20250823-131030-resnet18_vcaV2-224/checkpoint/checkpoint-38.pth.tar', 50.98)
 ('./output/train/20250823-131030-resnet18_vcaV2-224/checkpoint/checkpoint-49.pth.tar', 50.87)
 ('./output/train/20250823-131030-resnet18_vcaV2-224/checkpoint/checkpoint-54.pth.tar', 50.32)

2025-08-23 16:41:41,835 -                train: [    INFO] - Train: 65 [   0/391 (  0%)]  Loss: 165.3 (165.)  Loss_cat: 2.105 (2.10)  Loss_feat: 161.2 (161.)  Loss_gt: 1.938 (1.94) LR: 5.000e-03
2025-08-23 16:43:10,525 -                train: [    INFO] - Train: 65 [ 200/391 ( 51%)]  Loss: 165.4 (166.)  Loss_cat: 2.036 (2.09)  Loss_feat: 161.5 (162.)  Loss_gt: 1.820 (1.95) LR: 5.000e-03
2025-08-23 16:44:35,322 -                train: [    INFO] - Train: 65 [ 390/391 (100%)]  Loss: 167.1 (166.)  Loss_cat: 2.065 (2.09)  Loss_feat: 163.2 (162.)  Loss_gt: 1.916 (1.95) LR: 5.000e-03
2025-08-23 16:44:36,040 -                train: [    INFO] - Test: [   0/39]  Time: 0.654 (0.654)  Loss:  1.2944 (1.2944)  Acc@1: 67.5781 (67.5781)  Acc@5: 87.5000 (87.5000)
2025-08-23 16:44:51,358 -                train: [    INFO] - Test: [  39/39]  Time: 0.026 (0.399)  Loss:  1.3588 (1.4622)  Acc@1: 68.7500 (65.6200)  Acc@5: 93.7500 (86.0700)
2025-08-23 16:44:51,856 - timm.utils.checkpoint_saver: [    INFO] - Current checkpoints:
 ('./output/train/20250823-131030-resnet18_vcaV2-224/checkpoint/checkpoint-62.pth.tar', 66.02)
 ('./output/train/20250823-131030-resnet18_vcaV2-224/checkpoint/checkpoint-64.pth.tar', 65.8)
 ('./output/train/20250823-131030-resnet18_vcaV2-224/checkpoint/checkpoint-65.pth.tar', 65.62)
 ('./output/train/20250823-131030-resnet18_vcaV2-224/checkpoint/checkpoint-61.pth.tar', 65.21)
 ('./output/train/20250823-131030-resnet18_vcaV2-224/checkpoint/checkpoint-63.pth.tar', 65.08)
 ('./output/train/20250823-131030-resnet18_vcaV2-224/checkpoint/checkpoint-60.pth.tar', 64.94)
 ('./output/train/20250823-131030-resnet18_vcaV2-224/checkpoint/checkpoint-59.pth.tar', 64.29)
 ('./output/train/20250823-131030-resnet18_vcaV2-224/checkpoint/checkpoint-58.pth.tar', 51.21)
 ('./output/train/20250823-131030-resnet18_vcaV2-224/checkpoint/checkpoint-38.pth.tar', 50.98)
 ('./output/train/20250823-131030-resnet18_vcaV2-224/checkpoint/checkpoint-49.pth.tar', 50.87)

2025-08-23 16:44:53,071 -                train: [    INFO] - Train: 66 [   0/391 (  0%)]  Loss: 164.3 (164.)  Loss_cat: 2.064 (2.06)  Loss_feat: 160.4 (160.)  Loss_gt: 1.806 (1.81) LR: 5.000e-03
2025-08-23 16:46:22,739 -                train: [    INFO] - Train: 66 [ 200/391 ( 51%)]  Loss: 163.9 (165.)  Loss_cat: 2.044 (2.08)  Loss_feat: 159.9 (161.)  Loss_gt: 1.999 (1.94) LR: 5.000e-03
2025-08-23 16:47:47,562 -                train: [    INFO] - Train: 66 [ 390/391 (100%)]  Loss: 164.4 (165.)  Loss_cat: 2.025 (2.08)  Loss_feat: 160.3 (161.)  Loss_gt: 2.025 (1.94) LR: 5.000e-03
2025-08-23 16:47:48,263 -                train: [    INFO] - Test: [   0/39]  Time: 0.639 (0.639)  Loss:  1.1621 (1.1621)  Acc@1: 69.9219 (69.9219)  Acc@5: 91.4062 (91.4062)
2025-08-23 16:48:03,011 -                train: [    INFO] - Test: [  39/39]  Time: 0.025 (0.385)  Loss:  1.8515 (1.4432)  Acc@1: 50.0000 (65.9800)  Acc@5: 93.7500 (86.3100)
2025-08-23 16:48:03,596 - timm.utils.checkpoint_saver: [    INFO] - Current checkpoints:
 ('./output/train/20250823-131030-resnet18_vcaV2-224/checkpoint/checkpoint-62.pth.tar', 66.02)
 ('./output/train/20250823-131030-resnet18_vcaV2-224/checkpoint/checkpoint-66.pth.tar', 65.98)
 ('./output/train/20250823-131030-resnet18_vcaV2-224/checkpoint/checkpoint-64.pth.tar', 65.8)
 ('./output/train/20250823-131030-resnet18_vcaV2-224/checkpoint/checkpoint-65.pth.tar', 65.62)
 ('./output/train/20250823-131030-resnet18_vcaV2-224/checkpoint/checkpoint-61.pth.tar', 65.21)
 ('./output/train/20250823-131030-resnet18_vcaV2-224/checkpoint/checkpoint-63.pth.tar', 65.08)
 ('./output/train/20250823-131030-resnet18_vcaV2-224/checkpoint/checkpoint-60.pth.tar', 64.94)
 ('./output/train/20250823-131030-resnet18_vcaV2-224/checkpoint/checkpoint-59.pth.tar', 64.29)
 ('./output/train/20250823-131030-resnet18_vcaV2-224/checkpoint/checkpoint-58.pth.tar', 51.21)
 ('./output/train/20250823-131030-resnet18_vcaV2-224/checkpoint/checkpoint-38.pth.tar', 50.98)

2025-08-23 16:48:04,796 -                train: [    INFO] - Train: 67 [   0/391 (  0%)]  Loss: 163.0 (163.)  Loss_cat: 2.061 (2.06)  Loss_feat: 159.0 (159.)  Loss_gt: 1.981 (1.98) LR: 5.000e-03
2025-08-23 16:49:34,534 -                train: [    INFO] - Train: 67 [ 200/391 ( 51%)]  Loss: 163.6 (163.)  Loss_cat: 2.092 (2.08)  Loss_feat: 159.6 (159.)  Loss_gt: 1.893 (1.92) LR: 5.000e-03
2025-08-23 16:50:59,458 -                train: [    INFO] - Train: 67 [ 390/391 (100%)]  Loss: 162.5 (163.)  Loss_cat: 2.026 (2.08)  Loss_feat: 158.5 (159.)  Loss_gt: 1.981 (1.94) LR: 5.000e-03
2025-08-23 16:51:00,257 -                train: [    INFO] - Test: [   0/39]  Time: 0.713 (0.713)  Loss:  1.1114 (1.1114)  Acc@1: 73.8281 (73.8281)  Acc@5: 92.5781 (92.5781)
2025-08-23 16:51:16,612 -                train: [    INFO] - Test: [  39/39]  Time: 0.026 (0.427)  Loss:  1.5297 (1.4673)  Acc@1: 50.0000 (65.7200)  Acc@5: 93.7500 (86.1500)
2025-08-23 16:51:17,478 - timm.utils.checkpoint_saver: [    INFO] - Current checkpoints:
 ('./output/train/20250823-131030-resnet18_vcaV2-224/checkpoint/checkpoint-62.pth.tar', 66.02)
 ('./output/train/20250823-131030-resnet18_vcaV2-224/checkpoint/checkpoint-66.pth.tar', 65.98)
 ('./output/train/20250823-131030-resnet18_vcaV2-224/checkpoint/checkpoint-64.pth.tar', 65.8)
 ('./output/train/20250823-131030-resnet18_vcaV2-224/checkpoint/checkpoint-67.pth.tar', 65.72)
 ('./output/train/20250823-131030-resnet18_vcaV2-224/checkpoint/checkpoint-65.pth.tar', 65.62)
 ('./output/train/20250823-131030-resnet18_vcaV2-224/checkpoint/checkpoint-61.pth.tar', 65.21)
 ('./output/train/20250823-131030-resnet18_vcaV2-224/checkpoint/checkpoint-63.pth.tar', 65.08)
 ('./output/train/20250823-131030-resnet18_vcaV2-224/checkpoint/checkpoint-60.pth.tar', 64.94)
 ('./output/train/20250823-131030-resnet18_vcaV2-224/checkpoint/checkpoint-59.pth.tar', 64.29)
 ('./output/train/20250823-131030-resnet18_vcaV2-224/checkpoint/checkpoint-58.pth.tar', 51.21)

2025-08-23 16:51:18,700 -                train: [    INFO] - Train: 68 [   0/391 (  0%)]  Loss: 162.6 (163.)  Loss_cat: 2.131 (2.13)  Loss_feat: 158.6 (159.)  Loss_gt: 1.901 (1.90) LR: 5.000e-03
2025-08-23 16:52:48,146 -                train: [    INFO] - Train: 68 [ 200/391 ( 51%)]  Loss: 162.6 (162.)  Loss_cat: 2.062 (2.07)  Loss_feat: 158.5 (158.)  Loss_gt: 1.980 (1.92) LR: 5.000e-03
2025-08-23 16:54:13,160 -                train: [    INFO] - Train: 68 [ 390/391 (100%)]  Loss: 161.1 (162.)  Loss_cat: 2.048 (2.08)  Loss_feat: 157.1 (158.)  Loss_gt: 1.900 (1.93) LR: 5.000e-03
2025-08-23 16:54:14,010 -                train: [    INFO] - Test: [   0/39]  Time: 0.764 (0.764)  Loss:  1.2158 (1.2158)  Acc@1: 67.9688 (67.9688)  Acc@5: 89.8438 (89.8438)
2025-08-23 16:54:31,335 -                train: [    INFO] - Test: [  39/39]  Time: 0.026 (0.452)  Loss:  2.0786 (1.4751)  Acc@1: 43.7500 (65.0500)  Acc@5: 81.2500 (85.8000)
2025-08-23 16:54:31,909 - timm.utils.checkpoint_saver: [    INFO] - Current checkpoints:
 ('./output/train/20250823-131030-resnet18_vcaV2-224/checkpoint/checkpoint-62.pth.tar', 66.02)
 ('./output/train/20250823-131030-resnet18_vcaV2-224/checkpoint/checkpoint-66.pth.tar', 65.98)
 ('./output/train/20250823-131030-resnet18_vcaV2-224/checkpoint/checkpoint-64.pth.tar', 65.8)
 ('./output/train/20250823-131030-resnet18_vcaV2-224/checkpoint/checkpoint-67.pth.tar', 65.72)
 ('./output/train/20250823-131030-resnet18_vcaV2-224/checkpoint/checkpoint-65.pth.tar', 65.62)
 ('./output/train/20250823-131030-resnet18_vcaV2-224/checkpoint/checkpoint-61.pth.tar', 65.21)
 ('./output/train/20250823-131030-resnet18_vcaV2-224/checkpoint/checkpoint-63.pth.tar', 65.08)
 ('./output/train/20250823-131030-resnet18_vcaV2-224/checkpoint/checkpoint-68.pth.tar', 65.05)
 ('./output/train/20250823-131030-resnet18_vcaV2-224/checkpoint/checkpoint-60.pth.tar', 64.94)
 ('./output/train/20250823-131030-resnet18_vcaV2-224/checkpoint/checkpoint-59.pth.tar', 64.29)

2025-08-23 16:54:33,164 -                train: [    INFO] - Train: 69 [   0/391 (  0%)]  Loss: 161.4 (161.)  Loss_cat: 2.090 (2.09)  Loss_feat: 157.4 (157.)  Loss_gt: 1.929 (1.93) LR: 5.000e-03
2025-08-23 16:56:02,338 -                train: [    INFO] - Train: 69 [ 200/391 ( 51%)]  Loss: 160.5 (160.)  Loss_cat: 2.073 (2.07)  Loss_feat: 156.5 (156.)  Loss_gt: 1.951 (1.91) LR: 5.000e-03
2025-08-23 16:57:27,382 -                train: [    INFO] - Train: 69 [ 390/391 (100%)]  Loss: 158.5 (160.)  Loss_cat: 2.016 (2.07)  Loss_feat: 154.6 (156.)  Loss_gt: 1.944 (1.93) LR: 5.000e-03
2025-08-23 16:57:28,129 -                train: [    INFO] - Test: [   0/39]  Time: 0.677 (0.677)  Loss:  1.0538 (1.0538)  Acc@1: 73.8281 (73.8281)  Acc@5: 91.7969 (91.7969)
2025-08-23 16:57:44,742 -                train: [    INFO] - Test: [  39/39]  Time: 0.033 (0.432)  Loss:  1.3878 (1.4958)  Acc@1: 68.7500 (65.2400)  Acc@5: 93.7500 (85.6200)
2025-08-23 16:57:45,364 - timm.utils.checkpoint_saver: [    INFO] - Current checkpoints:
 ('./output/train/20250823-131030-resnet18_vcaV2-224/checkpoint/checkpoint-62.pth.tar', 66.02)
 ('./output/train/20250823-131030-resnet18_vcaV2-224/checkpoint/checkpoint-66.pth.tar', 65.98)
 ('./output/train/20250823-131030-resnet18_vcaV2-224/checkpoint/checkpoint-64.pth.tar', 65.8)
 ('./output/train/20250823-131030-resnet18_vcaV2-224/checkpoint/checkpoint-67.pth.tar', 65.72)
 ('./output/train/20250823-131030-resnet18_vcaV2-224/checkpoint/checkpoint-65.pth.tar', 65.62)
 ('./output/train/20250823-131030-resnet18_vcaV2-224/checkpoint/checkpoint-69.pth.tar', 65.24)
 ('./output/train/20250823-131030-resnet18_vcaV2-224/checkpoint/checkpoint-61.pth.tar', 65.21)
 ('./output/train/20250823-131030-resnet18_vcaV2-224/checkpoint/checkpoint-63.pth.tar', 65.08)
 ('./output/train/20250823-131030-resnet18_vcaV2-224/checkpoint/checkpoint-68.pth.tar', 65.05)
 ('./output/train/20250823-131030-resnet18_vcaV2-224/checkpoint/checkpoint-60.pth.tar', 64.94)

2025-08-23 16:57:46,621 -                train: [    INFO] - Train: 70 [   0/391 (  0%)]  Loss: 158.4 (158.)  Loss_cat: 2.040 (2.04)  Loss_feat: 154.4 (154.)  Loss_gt: 1.972 (1.97) LR: 5.000e-03
2025-08-23 16:59:15,901 -                train: [    INFO] - Train: 70 [ 200/391 ( 51%)]  Loss: 157.4 (158.)  Loss_cat: 2.052 (2.07)  Loss_feat: 153.5 (155.)  Loss_gt: 1.931 (1.91) LR: 5.000e-03
2025-08-23 17:00:40,825 -                train: [    INFO] - Train: 70 [ 390/391 (100%)]  Loss: 158.1 (159.)  Loss_cat: 2.043 (2.07)  Loss_feat: 154.3 (155.)  Loss_gt: 1.837 (1.92) LR: 5.000e-03
2025-08-23 17:00:41,549 -                train: [    INFO] - Test: [   0/39]  Time: 0.645 (0.645)  Loss:  1.3447 (1.3447)  Acc@1: 69.1406 (69.1406)  Acc@5: 87.1094 (87.1094)
2025-08-23 17:00:56,577 -                train: [    INFO] - Test: [  39/39]  Time: 0.026 (0.392)  Loss:  1.7101 (1.4607)  Acc@1: 62.5000 (65.6000)  Acc@5: 93.7500 (86.0900)
2025-08-23 17:00:57,195 - timm.utils.checkpoint_saver: [    INFO] - Current checkpoints:
 ('./output/train/20250823-131030-resnet18_vcaV2-224/checkpoint/checkpoint-62.pth.tar', 66.02)
 ('./output/train/20250823-131030-resnet18_vcaV2-224/checkpoint/checkpoint-66.pth.tar', 65.98)
 ('./output/train/20250823-131030-resnet18_vcaV2-224/checkpoint/checkpoint-64.pth.tar', 65.8)
 ('./output/train/20250823-131030-resnet18_vcaV2-224/checkpoint/checkpoint-67.pth.tar', 65.72)
 ('./output/train/20250823-131030-resnet18_vcaV2-224/checkpoint/checkpoint-65.pth.tar', 65.62)
 ('./output/train/20250823-131030-resnet18_vcaV2-224/checkpoint/checkpoint-70.pth.tar', 65.6)
 ('./output/train/20250823-131030-resnet18_vcaV2-224/checkpoint/checkpoint-69.pth.tar', 65.24)
 ('./output/train/20250823-131030-resnet18_vcaV2-224/checkpoint/checkpoint-61.pth.tar', 65.21)
 ('./output/train/20250823-131030-resnet18_vcaV2-224/checkpoint/checkpoint-63.pth.tar', 65.08)
 ('./output/train/20250823-131030-resnet18_vcaV2-224/checkpoint/checkpoint-68.pth.tar', 65.05)

2025-08-23 17:00:58,524 -                train: [    INFO] - Train: 71 [   0/391 (  0%)]  Loss: 156.6 (157.)  Loss_cat: 2.090 (2.09)  Loss_feat: 152.7 (153.)  Loss_gt: 1.868 (1.87) LR: 5.000e-03
2025-08-23 17:02:28,068 -                train: [    INFO] - Train: 71 [ 200/391 ( 51%)]  Loss: 156.2 (157.)  Loss_cat: 2.061 (2.06)  Loss_feat: 152.2 (153.)  Loss_gt: 1.901 (1.91) LR: 5.000e-03
2025-08-23 17:03:53,724 -                train: [    INFO] - Train: 71 [ 390/391 (100%)]  Loss: 158.1 (157.)  Loss_cat: 2.076 (2.07)  Loss_feat: 154.1 (153.)  Loss_gt: 1.935 (1.92) LR: 5.000e-03
2025-08-23 17:03:54,373 -                train: [    INFO] - Test: [   0/39]  Time: 0.576 (0.576)  Loss:  1.1080 (1.1080)  Acc@1: 74.2188 (74.2188)  Acc@5: 91.7969 (91.7969)
2025-08-23 17:04:12,126 -                train: [    INFO] - Test: [  39/39]  Time: 0.025 (0.458)  Loss:  1.9178 (1.4410)  Acc@1: 56.2500 (65.9200)  Acc@5: 81.2500 (86.5200)
2025-08-23 17:04:12,709 - timm.utils.checkpoint_saver: [    INFO] - Current checkpoints:
 ('./output/train/20250823-131030-resnet18_vcaV2-224/checkpoint/checkpoint-62.pth.tar', 66.02)
 ('./output/train/20250823-131030-resnet18_vcaV2-224/checkpoint/checkpoint-66.pth.tar', 65.98)
 ('./output/train/20250823-131030-resnet18_vcaV2-224/checkpoint/checkpoint-71.pth.tar', 65.92)
 ('./output/train/20250823-131030-resnet18_vcaV2-224/checkpoint/checkpoint-64.pth.tar', 65.8)
 ('./output/train/20250823-131030-resnet18_vcaV2-224/checkpoint/checkpoint-67.pth.tar', 65.72)
 ('./output/train/20250823-131030-resnet18_vcaV2-224/checkpoint/checkpoint-65.pth.tar', 65.62)
 ('./output/train/20250823-131030-resnet18_vcaV2-224/checkpoint/checkpoint-70.pth.tar', 65.6)
 ('./output/train/20250823-131030-resnet18_vcaV2-224/checkpoint/checkpoint-69.pth.tar', 65.24)
 ('./output/train/20250823-131030-resnet18_vcaV2-224/checkpoint/checkpoint-61.pth.tar', 65.21)
 ('./output/train/20250823-131030-resnet18_vcaV2-224/checkpoint/checkpoint-63.pth.tar', 65.08)

2025-08-23 17:04:14,033 -                train: [    INFO] - Train: 72 [   0/391 (  0%)]  Loss: 155.9 (156.)  Loss_cat: 2.050 (2.05)  Loss_feat: 151.9 (152.)  Loss_gt: 1.954 (1.95) LR: 5.000e-03
2025-08-23 17:05:43,447 -                train: [    INFO] - Train: 72 [ 200/391 ( 51%)]  Loss: 155.3 (156.)  Loss_cat: 2.058 (2.07)  Loss_feat: 151.3 (152.)  Loss_gt: 1.863 (1.90) LR: 5.000e-03
2025-08-23 17:07:07,992 -                train: [    INFO] - Train: 72 [ 390/391 (100%)]  Loss: 156.4 (156.)  Loss_cat: 2.073 (2.07)  Loss_feat: 152.3 (152.)  Loss_gt: 2.034 (1.92) LR: 5.000e-03
2025-08-23 17:07:08,675 -                train: [    INFO] - Test: [   0/39]  Time: 0.604 (0.604)  Loss:  1.1106 (1.1106)  Acc@1: 70.7031 (70.7031)  Acc@5: 91.7969 (91.7969)
2025-08-23 17:07:26,888 -                train: [    INFO] - Test: [  39/39]  Time: 0.026 (0.470)  Loss:  1.8489 (1.4534)  Acc@1: 50.0000 (65.5200)  Acc@5: 87.5000 (86.0700)
2025-08-23 17:07:27,520 - timm.utils.checkpoint_saver: [    INFO] - Current checkpoints:
 ('./output/train/20250823-131030-resnet18_vcaV2-224/checkpoint/checkpoint-62.pth.tar', 66.02)
 ('./output/train/20250823-131030-resnet18_vcaV2-224/checkpoint/checkpoint-66.pth.tar', 65.98)
 ('./output/train/20250823-131030-resnet18_vcaV2-224/checkpoint/checkpoint-71.pth.tar', 65.92)
 ('./output/train/20250823-131030-resnet18_vcaV2-224/checkpoint/checkpoint-64.pth.tar', 65.8)
 ('./output/train/20250823-131030-resnet18_vcaV2-224/checkpoint/checkpoint-67.pth.tar', 65.72)
 ('./output/train/20250823-131030-resnet18_vcaV2-224/checkpoint/checkpoint-65.pth.tar', 65.62)
 ('./output/train/20250823-131030-resnet18_vcaV2-224/checkpoint/checkpoint-70.pth.tar', 65.6)
 ('./output/train/20250823-131030-resnet18_vcaV2-224/checkpoint/checkpoint-72.pth.tar', 65.52)
 ('./output/train/20250823-131030-resnet18_vcaV2-224/checkpoint/checkpoint-69.pth.tar', 65.24)
 ('./output/train/20250823-131030-resnet18_vcaV2-224/checkpoint/checkpoint-61.pth.tar', 65.21)

2025-08-23 17:07:28,716 -                train: [    INFO] - Train: 73 [   0/391 (  0%)]  Loss: 153.3 (153.)  Loss_cat: 2.100 (2.10)  Loss_feat: 149.1 (149.)  Loss_gt: 2.035 (2.03) LR: 5.000e-03
2025-08-23 17:08:58,239 -                train: [    INFO] - Train: 73 [ 200/391 ( 51%)]  Loss: 153.9 (154.)  Loss_cat: 2.071 (2.06)  Loss_feat: 149.9 (150.)  Loss_gt: 1.970 (1.90) LR: 5.000e-03
2025-08-23 17:10:23,029 -                train: [    INFO] - Train: 73 [ 390/391 (100%)]  Loss: 153.0 (154.)  Loss_cat: 1.973 (2.07)  Loss_feat: 149.1 (150.)  Loss_gt: 1.882 (1.92) LR: 5.000e-03
2025-08-23 17:10:23,787 -                train: [    INFO] - Test: [   0/39]  Time: 0.687 (0.687)  Loss:  1.2856 (1.2856)  Acc@1: 67.9688 (67.9688)  Acc@5: 91.4062 (91.4062)
2025-08-23 17:10:41,022 -                train: [    INFO] - Test: [  39/39]  Time: 0.028 (0.448)  Loss:  1.9333 (1.5224)  Acc@1: 50.0000 (64.5700)  Acc@5: 87.5000 (85.4700)
2025-08-23 17:10:42,836 -                train: [    INFO] - Train: 74 [   0/391 (  0%)]  Loss: 152.9 (153.)  Loss_cat: 2.125 (2.13)  Loss_feat: 148.9 (149.)  Loss_gt: 1.928 (1.93) LR: 5.000e-03
2025-08-23 17:12:12,739 -                train: [    INFO] - Train: 74 [ 200/391 ( 51%)]  Loss: 151.9 (152.)  Loss_cat: 2.087 (2.06)  Loss_feat: 148.0 (148.)  Loss_gt: 1.809 (1.90) LR: 5.000e-03
2025-08-23 17:13:37,673 -                train: [    INFO] - Train: 74 [ 390/391 (100%)]  Loss: 154.2 (153.)  Loss_cat: 2.101 (2.07)  Loss_feat: 150.2 (149.)  Loss_gt: 1.969 (1.91) LR: 5.000e-03
2025-08-23 17:13:38,429 -                train: [    INFO] - Test: [   0/39]  Time: 0.680 (0.680)  Loss:  1.1080 (1.1080)  Acc@1: 71.8750 (71.8750)  Acc@5: 91.4062 (91.4062)
2025-08-23 17:13:54,978 -                train: [    INFO] - Test: [  39/39]  Time: 0.027 (0.431)  Loss:  1.4423 (1.4609)  Acc@1: 43.7500 (65.4000)  Acc@5: 93.7500 (86.2800)
2025-08-23 17:13:55,836 - timm.utils.checkpoint_saver: [    INFO] - Current checkpoints:
 ('./output/train/20250823-131030-resnet18_vcaV2-224/checkpoint/checkpoint-62.pth.tar', 66.02)
 ('./output/train/20250823-131030-resnet18_vcaV2-224/checkpoint/checkpoint-66.pth.tar', 65.98)
 ('./output/train/20250823-131030-resnet18_vcaV2-224/checkpoint/checkpoint-71.pth.tar', 65.92)
 ('./output/train/20250823-131030-resnet18_vcaV2-224/checkpoint/checkpoint-64.pth.tar', 65.8)
 ('./output/train/20250823-131030-resnet18_vcaV2-224/checkpoint/checkpoint-67.pth.tar', 65.72)
 ('./output/train/20250823-131030-resnet18_vcaV2-224/checkpoint/checkpoint-65.pth.tar', 65.62)
 ('./output/train/20250823-131030-resnet18_vcaV2-224/checkpoint/checkpoint-70.pth.tar', 65.6)
 ('./output/train/20250823-131030-resnet18_vcaV2-224/checkpoint/checkpoint-72.pth.tar', 65.52)
 ('./output/train/20250823-131030-resnet18_vcaV2-224/checkpoint/checkpoint-74.pth.tar', 65.4)
 ('./output/train/20250823-131030-resnet18_vcaV2-224/checkpoint/checkpoint-69.pth.tar', 65.24)

2025-08-23 17:13:57,091 -                train: [    INFO] - Train: 75 [   0/391 (  0%)]  Loss: 152.2 (152.)  Loss_cat: 2.137 (2.14)  Loss_feat: 148.2 (148.)  Loss_gt: 1.882 (1.88) LR: 5.000e-03
2025-08-23 17:15:26,373 -                train: [    INFO] - Train: 75 [ 200/391 ( 51%)]  Loss: 152.1 (151.)  Loss_cat: 2.116 (2.06)  Loss_feat: 148.1 (147.)  Loss_gt: 1.848 (1.90) LR: 5.000e-03
2025-08-23 17:16:51,388 -                train: [    INFO] - Train: 75 [ 390/391 (100%)]  Loss: 152.6 (151.)  Loss_cat: 2.146 (2.06)  Loss_feat: 148.6 (147.)  Loss_gt: 1.848 (1.91) LR: 5.000e-03
2025-08-23 17:16:52,195 -                train: [    INFO] - Test: [   0/39]  Time: 0.724 (0.724)  Loss:  1.3299 (1.3299)  Acc@1: 69.9219 (69.9219)  Acc@5: 87.8906 (87.8906)
2025-08-23 17:17:11,126 -                train: [    INFO] - Test: [  39/39]  Time: 0.025 (0.491)  Loss:  1.4891 (1.4764)  Acc@1: 62.5000 (65.1700)  Acc@5: 93.7500 (85.7800)
2025-08-23 17:17:12,930 -                train: [    INFO] - Train: 76 [   0/391 (  0%)]  Loss: 148.2 (148.)  Loss_cat: 2.054 (2.05)  Loss_feat: 144.2 (144.)  Loss_gt: 1.972 (1.97) LR: 5.000e-03
2025-08-23 17:18:42,548 -                train: [    INFO] - Train: 76 [ 200/391 ( 51%)]  Loss: 149.8 (149.)  Loss_cat: 2.144 (2.06)  Loss_feat: 145.7 (145.)  Loss_gt: 1.928 (1.89) LR: 5.000e-03
2025-08-23 17:20:07,927 -                train: [    INFO] - Train: 76 [ 390/391 (100%)]  Loss: 151.2 (150.)  Loss_cat: 2.126 (2.07)  Loss_feat: 147.0 (146.)  Loss_gt: 2.016 (1.91) LR: 5.000e-03
2025-08-23 17:20:08,681 -                train: [    INFO] - Test: [   0/39]  Time: 0.684 (0.684)  Loss:  1.1659 (1.1659)  Acc@1: 71.8750 (71.8750)  Acc@5: 89.0625 (89.0625)
2025-08-23 17:20:24,808 -                train: [    INFO] - Test: [  39/39]  Time: 0.031 (0.420)  Loss:  1.6509 (1.4865)  Acc@1: 56.2500 (65.6700)  Acc@5: 87.5000 (85.8500)
2025-08-23 17:20:25,604 - timm.utils.checkpoint_saver: [    INFO] - Current checkpoints:
 ('./output/train/20250823-131030-resnet18_vcaV2-224/checkpoint/checkpoint-62.pth.tar', 66.02)
 ('./output/train/20250823-131030-resnet18_vcaV2-224/checkpoint/checkpoint-66.pth.tar', 65.98)
 ('./output/train/20250823-131030-resnet18_vcaV2-224/checkpoint/checkpoint-71.pth.tar', 65.92)
 ('./output/train/20250823-131030-resnet18_vcaV2-224/checkpoint/checkpoint-64.pth.tar', 65.8)
 ('./output/train/20250823-131030-resnet18_vcaV2-224/checkpoint/checkpoint-67.pth.tar', 65.72)
 ('./output/train/20250823-131030-resnet18_vcaV2-224/checkpoint/checkpoint-76.pth.tar', 65.67)
 ('./output/train/20250823-131030-resnet18_vcaV2-224/checkpoint/checkpoint-65.pth.tar', 65.62)
 ('./output/train/20250823-131030-resnet18_vcaV2-224/checkpoint/checkpoint-70.pth.tar', 65.6)
 ('./output/train/20250823-131030-resnet18_vcaV2-224/checkpoint/checkpoint-72.pth.tar', 65.52)
 ('./output/train/20250823-131030-resnet18_vcaV2-224/checkpoint/checkpoint-74.pth.tar', 65.4)

2025-08-23 17:20:26,806 -                train: [    INFO] - Train: 77 [   0/391 (  0%)]  Loss: 148.6 (149.)  Loss_cat: 2.048 (2.05)  Loss_feat: 144.8 (145.)  Loss_gt: 1.839 (1.84) LR: 5.000e-03
2025-08-23 17:21:56,809 -                train: [    INFO] - Train: 77 [ 200/391 ( 51%)]  Loss: 148.5 (148.)  Loss_cat: 2.119 (2.06)  Loss_feat: 144.6 (144.)  Loss_gt: 1.762 (1.89) LR: 5.000e-03
2025-08-23 17:23:22,246 -                train: [    INFO] - Train: 77 [ 390/391 (100%)]  Loss: 148.8 (148.)  Loss_cat: 2.098 (2.06)  Loss_feat: 144.8 (144.)  Loss_gt: 1.842 (1.90) LR: 5.000e-03
2025-08-23 17:23:22,914 -                train: [    INFO] - Test: [   0/39]  Time: 0.599 (0.599)  Loss:  1.4175 (1.4175)  Acc@1: 65.2344 (65.2344)  Acc@5: 86.7188 (86.7188)
2025-08-23 17:23:38,940 -                train: [    INFO] - Test: [  39/39]  Time: 0.025 (0.416)  Loss:  1.6153 (1.5368)  Acc@1: 56.2500 (63.9900)  Acc@5: 93.7500 (85.2400)
2025-08-23 17:23:41,680 -                train: [    INFO] - Train: 78 [   0/391 (  0%)]  Loss: 146.1 (146.)  Loss_cat: 2.064 (2.06)  Loss_feat: 142.3 (142.)  Loss_gt: 1.821 (1.82) LR: 5.000e-03
2025-08-23 17:25:11,424 -                train: [    INFO] - Train: 78 [ 200/391 ( 51%)]  Loss: 146.2 (146.)  Loss_cat: 2.050 (2.06)  Loss_feat: 142.2 (142.)  Loss_gt: 1.909 (1.89) LR: 5.000e-03
2025-08-23 17:26:36,428 -                train: [    INFO] - Train: 78 [ 390/391 (100%)]  Loss: 147.8 (146.)  Loss_cat: 2.103 (2.07)  Loss_feat: 143.7 (142.)  Loss_gt: 1.960 (1.91) LR: 5.000e-03
2025-08-23 17:26:37,094 -                train: [    INFO] - Test: [   0/39]  Time: 0.604 (0.604)  Loss:  1.4086 (1.4086)  Acc@1: 66.0156 (66.0156)  Acc@5: 84.7656 (84.7656)
2025-08-23 17:26:54,169 -                train: [    INFO] - Test: [  39/39]  Time: 0.026 (0.442)  Loss:  1.8506 (1.5261)  Acc@1: 50.0000 (64.7700)  Acc@5: 93.7500 (85.0500)
2025-08-23 17:26:55,961 -                train: [    INFO] - Train: 79 [   0/391 (  0%)]  Loss: 144.2 (144.)  Loss_cat: 2.061 (2.06)  Loss_feat: 140.4 (140.)  Loss_gt: 1.812 (1.81) LR: 5.000e-03
2025-08-23 17:28:25,413 -                train: [    INFO] - Train: 79 [ 200/391 ( 51%)]  Loss: 144.3 (145.)  Loss_cat: 2.071 (2.06)  Loss_feat: 140.5 (141.)  Loss_gt: 1.706 (1.88) LR: 5.000e-03
2025-08-23 17:29:50,639 -                train: [    INFO] - Train: 79 [ 390/391 (100%)]  Loss: 143.7 (145.)  Loss_cat: 2.002 (2.06)  Loss_feat: 139.9 (141.)  Loss_gt: 1.780 (1.90) LR: 5.000e-03
2025-08-23 17:29:51,503 -                train: [    INFO] - Test: [   0/39]  Time: 0.794 (0.794)  Loss:  1.2367 (1.2367)  Acc@1: 72.2656 (72.2656)  Acc@5: 89.0625 (89.0625)
2025-08-23 17:30:11,263 -                train: [    INFO] - Test: [  39/39]  Time: 0.025 (0.514)  Loss:  1.9251 (1.4986)  Acc@1: 62.5000 (65.5300)  Acc@5: 93.7500 (85.9900)
2025-08-23 17:30:11,930 - timm.utils.checkpoint_saver: [    INFO] - Current checkpoints:
 ('./output/train/20250823-131030-resnet18_vcaV2-224/checkpoint/checkpoint-62.pth.tar', 66.02)
 ('./output/train/20250823-131030-resnet18_vcaV2-224/checkpoint/checkpoint-66.pth.tar', 65.98)
 ('./output/train/20250823-131030-resnet18_vcaV2-224/checkpoint/checkpoint-71.pth.tar', 65.92)
 ('./output/train/20250823-131030-resnet18_vcaV2-224/checkpoint/checkpoint-64.pth.tar', 65.8)
 ('./output/train/20250823-131030-resnet18_vcaV2-224/checkpoint/checkpoint-67.pth.tar', 65.72)
 ('./output/train/20250823-131030-resnet18_vcaV2-224/checkpoint/checkpoint-76.pth.tar', 65.67)
 ('./output/train/20250823-131030-resnet18_vcaV2-224/checkpoint/checkpoint-65.pth.tar', 65.62)
 ('./output/train/20250823-131030-resnet18_vcaV2-224/checkpoint/checkpoint-70.pth.tar', 65.6)
 ('./output/train/20250823-131030-resnet18_vcaV2-224/checkpoint/checkpoint-79.pth.tar', 65.53)
 ('./output/train/20250823-131030-resnet18_vcaV2-224/checkpoint/checkpoint-72.pth.tar', 65.52)

2025-08-23 17:30:13,293 -                train: [    INFO] - Train: 80 [   0/391 (  0%)]  Loss: 142.9 (143.)  Loss_cat: 2.044 (2.04)  Loss_feat: 138.9 (139.)  Loss_gt: 1.970 (1.97) LR: 5.000e-03
2025-08-23 17:31:43,004 -                train: [    INFO] - Train: 80 [ 200/391 ( 51%)]  Loss: 144.2 (143.)  Loss_cat: 2.098 (2.05)  Loss_feat: 140.1 (139.)  Loss_gt: 1.964 (1.88) LR: 5.000e-03
2025-08-23 17:33:08,181 -                train: [    INFO] - Train: 80 [ 390/391 (100%)]  Loss: 144.4 (143.)  Loss_cat: 2.116 (2.06)  Loss_feat: 140.4 (139.)  Loss_gt: 1.817 (1.90) LR: 5.000e-03
2025-08-23 17:33:08,911 -                train: [    INFO] - Test: [   0/39]  Time: 0.653 (0.653)  Loss:  1.2393 (1.2393)  Acc@1: 69.1406 (69.1406)  Acc@5: 89.8438 (89.8438)
2025-08-23 17:33:27,533 -                train: [    INFO] - Test: [  39/39]  Time: 0.029 (0.482)  Loss:  1.8138 (1.4683)  Acc@1: 43.7500 (65.0400)  Acc@5: 93.7500 (86.1400)
2025-08-23 17:33:29,306 -                train: [    INFO] - Train: 81 [   0/391 (  0%)]  Loss: 141.8 (142.)  Loss_cat: 2.045 (2.05)  Loss_feat: 137.9 (138.)  Loss_gt: 1.880 (1.88) LR: 5.000e-03
2025-08-23 17:34:59,256 -                train: [    INFO] - Train: 81 [ 200/391 ( 51%)]  Loss: 141.2 (142.)  Loss_cat: 2.014 (2.06)  Loss_feat: 137.2 (138.)  Loss_gt: 1.983 (1.88) LR: 5.000e-03
2025-08-23 17:36:24,167 -                train: [    INFO] - Train: 81 [ 390/391 (100%)]  Loss: 140.9 (142.)  Loss_cat: 2.076 (2.06)  Loss_feat: 136.9 (138.)  Loss_gt: 1.867 (1.90) LR: 5.000e-03
2025-08-23 17:36:24,875 -                train: [    INFO] - Test: [   0/39]  Time: 0.622 (0.622)  Loss:  1.3421 (1.3421)  Acc@1: 67.9688 (67.9688)  Acc@5: 87.8906 (87.8906)
2025-08-23 17:36:40,102 -                train: [    INFO] - Test: [  39/39]  Time: 0.027 (0.396)  Loss:  1.1525 (1.4746)  Acc@1: 62.5000 (65.0400)  Acc@5: 100.0000 (85.9100)
2025-08-23 17:36:42,193 -                train: [    INFO] - Train: 82 [   0/391 (  0%)]  Loss: 139.4 (139.)  Loss_cat: 2.056 (2.06)  Loss_feat: 135.5 (136.)  Loss_gt: 1.817 (1.82) LR: 5.000e-03
2025-08-23 17:38:11,356 -                train: [    INFO] - Train: 82 [ 200/391 ( 51%)]  Loss: 141.1 (140.)  Loss_cat: 2.084 (2.05)  Loss_feat: 137.0 (136.)  Loss_gt: 2.054 (1.88) LR: 5.000e-03
2025-08-23 17:39:36,524 -                train: [    INFO] - Train: 82 [ 390/391 (100%)]  Loss: 140.6 (140.)  Loss_cat: 2.109 (2.06)  Loss_feat: 136.6 (136.)  Loss_gt: 1.856 (1.89) LR: 5.000e-03
2025-08-23 17:39:37,186 -                train: [    INFO] - Test: [   0/39]  Time: 0.583 (0.583)  Loss:  1.2963 (1.2963)  Acc@1: 67.5781 (67.5781)  Acc@5: 87.8906 (87.8906)
2025-08-23 17:39:55,600 -                train: [    INFO] - Test: [  39/39]  Time: 0.029 (0.475)  Loss:  1.3307 (1.4994)  Acc@1: 68.7500 (65.3100)  Acc@5: 93.7500 (85.7600)
2025-08-23 17:39:57,333 -                train: [    INFO] - Train: 83 [   0/391 (  0%)]  Loss: 137.7 (138.)  Loss_cat: 2.057 (2.06)  Loss_feat: 133.8 (134.)  Loss_gt: 1.836 (1.84) LR: 5.000e-03
2025-08-23 17:41:27,006 -                train: [    INFO] - Train: 83 [ 200/391 ( 51%)]  Loss: 138.4 (138.)  Loss_cat: 2.026 (2.05)  Loss_feat: 134.5 (134.)  Loss_gt: 1.917 (1.87) LR: 5.000e-03
2025-08-23 17:42:52,413 -                train: [    INFO] - Train: 83 [ 390/391 (100%)]  Loss: 140.8 (138.)  Loss_cat: 2.131 (2.06)  Loss_feat: 136.6 (135.)  Loss_gt: 2.029 (1.89) LR: 5.000e-03
2025-08-23 17:42:53,177 -                train: [    INFO] - Test: [   0/39]  Time: 0.693 (0.693)  Loss:  1.0473 (1.0473)  Acc@1: 73.0469 (73.0469)  Acc@5: 91.0156 (91.0156)
2025-08-23 17:43:09,476 -                train: [    INFO] - Test: [  39/39]  Time: 0.026 (0.425)  Loss:  1.6710 (1.5135)  Acc@1: 50.0000 (64.3100)  Acc@5: 93.7500 (85.3100)
2025-08-23 17:43:11,484 -                train: [    INFO] - Train: 84 [   0/391 (  0%)]  Loss: 136.1 (136.)  Loss_cat: 2.026 (2.03)  Loss_feat: 132.3 (132.)  Loss_gt: 1.795 (1.80) LR: 5.000e-03
2025-08-23 17:44:40,787 -                train: [    INFO] - Train: 84 [ 200/391 ( 51%)]  Loss: 138.4 (137.)  Loss_cat: 2.123 (2.05)  Loss_feat: 134.3 (133.)  Loss_gt: 1.967 (1.87) LR: 5.000e-03
2025-08-23 17:46:06,181 -                train: [    INFO] - Train: 84 [ 390/391 (100%)]  Loss: 138.8 (137.)  Loss_cat: 2.111 (2.06)  Loss_feat: 134.5 (133.)  Loss_gt: 2.204 (1.89) LR: 5.000e-03
2025-08-23 17:46:06,905 -                train: [    INFO] - Test: [   0/39]  Time: 0.649 (0.649)  Loss:  1.3200 (1.3200)  Acc@1: 71.0938 (71.0938)  Acc@5: 88.6719 (88.6719)
2025-08-23 17:46:26,628 -                train: [    INFO] - Test: [  39/39]  Time: 0.031 (0.509)  Loss:  1.3996 (1.4750)  Acc@1: 56.2500 (65.1900)  Acc@5: 93.7500 (85.8500)
2025-08-23 17:46:28,544 -                train: [    INFO] - Train: 85 [   0/391 (  0%)]  Loss: 135.1 (135.)  Loss_cat: 2.047 (2.05)  Loss_feat: 131.3 (131.)  Loss_gt: 1.778 (1.78) LR: 5.000e-03
2025-08-23 17:47:58,231 -                train: [    INFO] - Train: 85 [ 200/391 ( 51%)]  Loss: 136.9 (135.)  Loss_cat: 2.146 (2.05)  Loss_feat: 132.8 (131.)  Loss_gt: 1.962 (1.87) LR: 5.000e-03
2025-08-23 17:49:23,072 -                train: [    INFO] - Train: 85 [ 390/391 (100%)]  Loss: 135.1 (135.)  Loss_cat: 2.033 (2.06)  Loss_feat: 131.3 (131.)  Loss_gt: 1.803 (1.88) LR: 5.000e-03
2025-08-23 17:49:23,860 -                train: [    INFO] - Test: [   0/39]  Time: 0.703 (0.703)  Loss:  1.0562 (1.0562)  Acc@1: 73.4375 (73.4375)  Acc@5: 92.5781 (92.5781)
2025-08-23 17:49:41,158 -                train: [    INFO] - Test: [  39/39]  Time: 0.030 (0.450)  Loss:  1.6303 (1.5621)  Acc@1: 68.7500 (64.0200)  Acc@5: 93.7500 (84.8300)
2025-08-23 17:49:43,070 -                train: [    INFO] - Train: 86 [   0/391 (  0%)]  Loss: 132.8 (133.)  Loss_cat: 2.011 (2.01)  Loss_feat: 129.0 (129.)  Loss_gt: 1.791 (1.79) LR: 5.000e-03
2025-08-23 17:51:12,841 -                train: [    INFO] - Train: 86 [ 200/391 ( 51%)]  Loss: 134.6 (133.)  Loss_cat: 2.095 (2.05)  Loss_feat: 130.6 (130.)  Loss_gt: 1.914 (1.87) LR: 5.000e-03
2025-08-23 17:52:38,148 -                train: [    INFO] - Train: 86 [ 390/391 (100%)]  Loss: 132.9 (134.)  Loss_cat: 2.071 (2.06)  Loss_feat: 129.0 (130.)  Loss_gt: 1.774 (1.88) LR: 5.000e-03
2025-08-23 17:52:38,968 -                train: [    INFO] - Test: [   0/39]  Time: 0.743 (0.743)  Loss:  1.1532 (1.1532)  Acc@1: 71.0938 (71.0938)  Acc@5: 89.4531 (89.4531)
2025-08-23 17:52:56,457 -                train: [    INFO] - Test: [  39/39]  Time: 0.026 (0.456)  Loss:  1.4983 (1.4992)  Acc@1: 62.5000 (65.1700)  Acc@5: 93.7500 (85.8600)
2025-08-23 17:52:58,396 -                train: [    INFO] - Train: 87 [   0/391 (  0%)]  Loss: 130.8 (131.)  Loss_cat: 2.025 (2.02)  Loss_feat: 127.0 (127.)  Loss_gt: 1.827 (1.83) LR: 5.000e-03
2025-08-23 17:54:28,593 -                train: [    INFO] - Train: 87 [ 200/391 ( 51%)]  Loss: 132.0 (132.)  Loss_cat: 2.054 (2.05)  Loss_feat: 128.2 (128.)  Loss_gt: 1.757 (1.87) LR: 5.000e-03
2025-08-23 17:55:53,979 -                train: [    INFO] - Train: 87 [ 390/391 (100%)]  Loss: 130.6 (132.)  Loss_cat: 2.024 (2.05)  Loss_feat: 126.8 (128.)  Loss_gt: 1.779 (1.88) LR: 5.000e-03
2025-08-23 17:55:54,707 -                train: [    INFO] - Test: [   0/39]  Time: 0.654 (0.654)  Loss:  1.3240 (1.3240)  Acc@1: 69.1406 (69.1406)  Acc@5: 89.4531 (89.4531)
2025-08-23 17:56:11,629 -                train: [    INFO] - Test: [  39/39]  Time: 0.026 (0.439)  Loss:  2.3039 (1.5288)  Acc@1: 43.7500 (65.1500)  Acc@5: 87.5000 (85.6900)
2025-08-23 17:56:13,513 -                train: [    INFO] - Train: 88 [   0/391 (  0%)]  Loss: 130.8 (131.)  Loss_cat: 2.034 (2.03)  Loss_feat: 127.0 (127.)  Loss_gt: 1.816 (1.82) LR: 5.000e-03
2025-08-23 17:57:43,035 -                train: [    INFO] - Train: 88 [ 200/391 ( 51%)]  Loss: 130.1 (130.)  Loss_cat: 2.035 (2.05)  Loss_feat: 126.3 (126.)  Loss_gt: 1.790 (1.86) LR: 5.000e-03
2025-08-23 17:59:08,406 -                train: [    INFO] - Train: 88 [ 390/391 (100%)]  Loss: 132.0 (130.)  Loss_cat: 2.156 (2.05)  Loss_feat: 128.0 (126.)  Loss_gt: 1.847 (1.88) LR: 5.000e-03
2025-08-23 17:59:09,162 -                train: [    INFO] - Test: [   0/39]  Time: 0.669 (0.669)  Loss:  1.0343 (1.0343)  Acc@1: 71.0938 (71.0938)  Acc@5: 93.3594 (93.3594)
2025-08-23 17:59:27,267 -                train: [    INFO] - Test: [  39/39]  Time: 0.025 (0.469)  Loss:  0.9322 (1.5475)  Acc@1: 81.2500 (63.3300)  Acc@5: 93.7500 (84.7600)
2025-08-23 17:59:29,006 -                train: [    INFO] - Train: 89 [   0/391 (  0%)]  Loss: 127.6 (128.)  Loss_cat: 2.069 (2.07)  Loss_feat: 123.7 (124.)  Loss_gt: 1.768 (1.77) LR: 5.000e-03
2025-08-23 18:01:17,422 -                train: [    INFO] - Train: 89 [ 200/391 ( 51%)]  Loss: 129.9 (129.)  Loss_cat: 2.116 (2.04)  Loss_feat: 126.0 (125.)  Loss_gt: 1.853 (1.85) LR: 5.000e-03
2025-08-23 18:03:08,996 -                train: [    INFO] - Train: 89 [ 390/391 (100%)]  Loss: 130.6 (129.)  Loss_cat: 2.134 (2.05)  Loss_feat: 126.6 (125.)  Loss_gt: 1.888 (1.87) LR: 5.000e-03
2025-08-23 18:03:11,446 -                train: [    INFO] - Test: [   0/39]  Time: 2.090 (2.090)  Loss:  1.1778 (1.1778)  Acc@1: 71.4844 (71.4844)  Acc@5: 91.0156 (91.0156)
2025-08-23 18:03:49,262 -                train: [    INFO] - Test: [  39/39]  Time: 0.028 (0.998)  Loss:  1.3188 (1.4861)  Acc@1: 68.7500 (64.9700)  Acc@5: 100.0000 (85.8100)
2025-08-23 18:03:56,295 -                train: [    INFO] - Train: 90 [   0/391 (  0%)]  Loss: 126.7 (127.)  Loss_cat: 2.027 (2.03)  Loss_feat: 122.9 (123.)  Loss_gt: 1.725 (1.72) LR: 5.000e-03
2025-08-23 18:05:30,551 -                train: [    INFO] - Train: 90 [ 200/391 ( 51%)]  Loss: 126.5 (127.)  Loss_cat: 2.053 (2.04)  Loss_feat: 122.7 (123.)  Loss_gt: 1.807 (1.85) LR: 5.000e-03
2025-08-23 18:06:55,347 -                train: [    INFO] - Train: 90 [ 390/391 (100%)]  Loss: 126.3 (127.)  Loss_cat: 2.034 (2.05)  Loss_feat: 122.5 (123.)  Loss_gt: 1.749 (1.87) LR: 5.000e-03
2025-08-23 18:06:56,155 -                train: [    INFO] - Test: [   0/39]  Time: 0.733 (0.733)  Loss:  1.4069 (1.4069)  Acc@1: 66.0156 (66.0156)  Acc@5: 89.4531 (89.4531)
2025-08-23 18:07:13,347 -                train: [    INFO] - Test: [  39/39]  Time: 0.027 (0.448)  Loss:  1.6623 (1.5518)  Acc@1: 68.7500 (64.0200)  Acc@5: 81.2500 (85.1100)
2025-08-23 18:07:15,310 -                train: [    INFO] - Train: 91 [   0/391 (  0%)]  Loss: 125.1 (125.)  Loss_cat: 2.047 (2.05)  Loss_feat: 121.2 (121.)  Loss_gt: 1.844 (1.84) LR: 5.000e-03
2025-08-23 18:08:45,189 -                train: [    INFO] - Train: 91 [ 200/391 ( 51%)]  Loss: 125.0 (125.)  Loss_cat: 2.020 (2.04)  Loss_feat: 121.2 (121.)  Loss_gt: 1.764 (1.85) LR: 5.000e-03
2025-08-23 18:10:10,208 -                train: [    INFO] - Train: 91 [ 390/391 (100%)]  Loss: 127.0 (125.)  Loss_cat: 2.081 (2.05)  Loss_feat: 123.1 (121.)  Loss_gt: 1.872 (1.86) LR: 5.000e-03
2025-08-23 18:10:10,969 -                train: [    INFO] - Test: [   0/39]  Time: 0.673 (0.673)  Loss:  1.3313 (1.3313)  Acc@1: 64.4531 (64.4531)  Acc@5: 87.5000 (87.5000)
2025-08-23 18:10:26,531 -                train: [    INFO] - Test: [  39/39]  Time: 0.026 (0.406)  Loss:  1.3863 (1.4815)  Acc@1: 62.5000 (64.5500)  Acc@5: 93.7500 (85.4900)
2025-08-23 18:10:28,744 -                train: [    INFO] - Train: 92 [   0/391 (  0%)]  Loss: 123.7 (124.)  Loss_cat: 2.050 (2.05)  Loss_feat: 119.8 (120.)  Loss_gt: 1.843 (1.84) LR: 5.000e-03
2025-08-23 18:11:58,834 -                train: [    INFO] - Train: 92 [ 200/391 ( 51%)]  Loss: 123.7 (124.)  Loss_cat: 2.057 (2.04)  Loss_feat: 119.9 (120.)  Loss_gt: 1.761 (1.84) LR: 5.000e-03
2025-08-23 18:13:24,214 -                train: [    INFO] - Train: 92 [ 390/391 (100%)]  Loss: 124.8 (124.)  Loss_cat: 2.060 (2.05)  Loss_feat: 120.5 (120.)  Loss_gt: 2.226 (1.86) LR: 5.000e-03
2025-08-23 18:13:24,940 -                train: [    INFO] - Test: [   0/39]  Time: 0.655 (0.655)  Loss:  1.3739 (1.3739)  Acc@1: 68.3594 (68.3594)  Acc@5: 87.5000 (87.5000)
2025-08-23 18:13:44,523 -                train: [    INFO] - Test: [  39/39]  Time: 0.024 (0.506)  Loss:  1.6076 (1.4874)  Acc@1: 56.2500 (65.0700)  Acc@5: 87.5000 (86.1200)
2025-08-23 18:13:46,360 -                train: [    INFO] - Train: 93 [   0/391 (  0%)]  Loss: 121.8 (122.)  Loss_cat: 2.040 (2.04)  Loss_feat: 117.9 (118.)  Loss_gt: 1.824 (1.82) LR: 5.000e-03
2025-08-23 18:15:15,862 -                train: [    INFO] - Train: 93 [ 200/391 ( 51%)]  Loss: 122.8 (122.)  Loss_cat: 2.087 (2.04)  Loss_feat: 118.9 (118.)  Loss_gt: 1.854 (1.84) LR: 5.000e-03
2025-08-23 18:16:40,844 -                train: [    INFO] - Train: 93 [ 390/391 (100%)]  Loss: 121.7 (122.)  Loss_cat: 2.033 (2.05)  Loss_feat: 117.9 (118.)  Loss_gt: 1.820 (1.86) LR: 5.000e-03
2025-08-23 18:16:41,712 -                train: [    INFO] - Test: [   0/39]  Time: 0.780 (0.780)  Loss:  1.2066 (1.2066)  Acc@1: 68.3594 (68.3594)  Acc@5: 89.8438 (89.8438)
2025-08-23 18:16:58,230 -                train: [    INFO] - Test: [  39/39]  Time: 0.026 (0.432)  Loss:  1.4525 (1.5019)  Acc@1: 68.7500 (65.2900)  Acc@5: 93.7500 (85.8200)
2025-08-23 18:16:59,896 -                train: [    INFO] - Train: 94 [   0/391 (  0%)]  Loss: 120.2 (120.)  Loss_cat: 2.028 (2.03)  Loss_feat: 116.3 (116.)  Loss_gt: 1.906 (1.91) LR: 5.000e-03
2025-08-23 18:18:29,633 -                train: [    INFO] - Train: 94 [ 200/391 ( 51%)]  Loss: 119.2 (120.)  Loss_cat: 2.005 (2.04)  Loss_feat: 115.5 (116.)  Loss_gt: 1.670 (1.83) LR: 5.000e-03
2025-08-23 18:19:54,986 -                train: [    INFO] - Train: 94 [ 390/391 (100%)]  Loss: 122.4 (120.)  Loss_cat: 2.134 (2.04)  Loss_feat: 118.3 (117.)  Loss_gt: 1.951 (1.85) LR: 5.000e-03
2025-08-23 18:19:55,730 -                train: [    INFO] - Test: [   0/39]  Time: 0.666 (0.666)  Loss:  1.3692 (1.3692)  Acc@1: 67.9688 (67.9688)  Acc@5: 88.6719 (88.6719)
2025-08-23 18:20:15,613 -                train: [    INFO] - Test: [  39/39]  Time: 0.031 (0.514)  Loss:  2.1335 (1.5345)  Acc@1: 56.2500 (65.1300)  Acc@5: 68.7500 (85.3500)
2025-08-23 18:20:18,344 -                train: [    INFO] - Train: 95 [   0/391 (  0%)]  Loss: 118.8 (119.)  Loss_cat: 2.059 (2.06)  Loss_feat: 115.0 (115.)  Loss_gt: 1.803 (1.80) LR: 5.000e-03
2025-08-23 18:21:47,851 -                train: [    INFO] - Train: 95 [ 200/391 ( 51%)]  Loss: 119.0 (119.)  Loss_cat: 2.040 (2.04)  Loss_feat: 115.2 (115.)  Loss_gt: 1.721 (1.84) LR: 5.000e-03
2025-08-23 18:23:13,183 -                train: [    INFO] - Train: 95 [ 390/391 (100%)]  Loss: 120.0 (119.)  Loss_cat: 2.050 (2.04)  Loss_feat: 116.0 (115.)  Loss_gt: 1.904 (1.85) LR: 5.000e-03
2025-08-23 18:23:13,992 -                train: [    INFO] - Test: [   0/39]  Time: 0.729 (0.729)  Loss:  1.3906 (1.3906)  Acc@1: 67.1875 (67.1875)  Acc@5: 87.8906 (87.8906)
2025-08-23 18:23:34,513 -                train: [    INFO] - Test: [  39/39]  Time: 0.026 (0.531)  Loss:  1.3586 (1.5452)  Acc@1: 68.7500 (64.6600)  Acc@5: 93.7500 (85.0600)
2025-08-23 18:23:36,354 -                train: [    INFO] - Train: 96 [   0/391 (  0%)]  Loss: 116.1 (116.)  Loss_cat: 1.970 (1.97)  Loss_feat: 112.2 (112.)  Loss_gt: 1.860 (1.86) LR: 5.000e-03
2025-08-23 18:25:05,847 -                train: [    INFO] - Train: 96 [ 200/391 ( 51%)]  Loss: 117.0 (117.)  Loss_cat: 2.061 (2.04)  Loss_feat: 113.3 (113.)  Loss_gt: 1.644 (1.83) LR: 5.000e-03
2025-08-23 18:26:30,808 -                train: [    INFO] - Train: 96 [ 390/391 (100%)]  Loss: 118.2 (117.)  Loss_cat: 2.084 (2.05)  Loss_feat: 114.2 (113.)  Loss_gt: 1.915 (1.85) LR: 5.000e-03
2025-08-23 18:26:31,532 -                train: [    INFO] - Test: [   0/39]  Time: 0.657 (0.657)  Loss:  1.1461 (1.1461)  Acc@1: 72.6562 (72.6562)  Acc@5: 92.9688 (92.9688)
2025-08-23 18:26:49,721 -                train: [    INFO] - Test: [  39/39]  Time: 0.026 (0.471)  Loss:  1.7706 (1.5028)  Acc@1: 43.7500 (64.9000)  Acc@5: 81.2500 (86.0100)
2025-08-23 18:26:51,753 -                train: [    INFO] - Train: 97 [   0/391 (  0%)]  Loss: 116.0 (116.)  Loss_cat: 2.080 (2.08)  Loss_feat: 112.2 (112.)  Loss_gt: 1.677 (1.68) LR: 5.000e-03
2025-08-23 18:28:21,319 -                train: [    INFO] - Train: 97 [ 200/391 ( 51%)]  Loss: 115.2 (115.)  Loss_cat: 2.042 (2.03)  Loss_feat: 111.3 (111.)  Loss_gt: 1.874 (1.82) LR: 5.000e-03
2025-08-23 18:29:46,065 -                train: [    INFO] - Train: 97 [ 390/391 (100%)]  Loss: 116.5 (115.)  Loss_cat: 2.063 (2.04)  Loss_feat: 112.7 (112.)  Loss_gt: 1.726 (1.84) LR: 5.000e-03
2025-08-23 18:29:46,853 -                train: [    INFO] - Test: [   0/39]  Time: 0.707 (0.707)  Loss:  1.1145 (1.1145)  Acc@1: 73.8281 (73.8281)  Acc@5: 90.6250 (90.6250)
2025-08-23 18:30:02,932 -                train: [    INFO] - Test: [  39/39]  Time: 0.026 (0.420)  Loss:  1.5659 (1.4540)  Acc@1: 62.5000 (66.0700)  Acc@5: 93.7500 (85.9000)
2025-08-23 18:30:03,713 - timm.utils.checkpoint_saver: [    INFO] - Current checkpoints:
 ('./output/train/20250823-131030-resnet18_vcaV2-224/checkpoint/checkpoint-97.pth.tar', 66.07)
 ('./output/train/20250823-131030-resnet18_vcaV2-224/checkpoint/checkpoint-62.pth.tar', 66.02)
 ('./output/train/20250823-131030-resnet18_vcaV2-224/checkpoint/checkpoint-66.pth.tar', 65.98)
 ('./output/train/20250823-131030-resnet18_vcaV2-224/checkpoint/checkpoint-71.pth.tar', 65.92)
 ('./output/train/20250823-131030-resnet18_vcaV2-224/checkpoint/checkpoint-64.pth.tar', 65.8)
 ('./output/train/20250823-131030-resnet18_vcaV2-224/checkpoint/checkpoint-67.pth.tar', 65.72)
 ('./output/train/20250823-131030-resnet18_vcaV2-224/checkpoint/checkpoint-76.pth.tar', 65.67)
 ('./output/train/20250823-131030-resnet18_vcaV2-224/checkpoint/checkpoint-65.pth.tar', 65.62)
 ('./output/train/20250823-131030-resnet18_vcaV2-224/checkpoint/checkpoint-70.pth.tar', 65.6)
 ('./output/train/20250823-131030-resnet18_vcaV2-224/checkpoint/checkpoint-79.pth.tar', 65.53)

2025-08-23 18:30:05,020 -                train: [    INFO] - Train: 98 [   0/391 (  0%)]  Loss: 112.7 (113.)  Loss_cat: 1.977 (1.98)  Loss_feat: 109.0 (109.)  Loss_gt: 1.776 (1.78) LR: 5.000e-03
2025-08-23 18:31:35,327 -                train: [    INFO] - Train: 98 [ 200/391 ( 51%)]  Loss: 113.8 (114.)  Loss_cat: 2.043 (2.04)  Loss_feat: 109.9 (110.)  Loss_gt: 1.807 (1.83) LR: 5.000e-03
2025-08-23 18:33:01,276 -                train: [    INFO] - Train: 98 [ 390/391 (100%)]  Loss: 114.2 (114.)  Loss_cat: 2.096 (2.04)  Loss_feat: 110.2 (110.)  Loss_gt: 1.939 (1.84) LR: 5.000e-03
2025-08-23 18:33:02,001 -                train: [    INFO] - Test: [   0/39]  Time: 0.650 (0.650)  Loss:  1.1813 (1.1813)  Acc@1: 70.7031 (70.7031)  Acc@5: 89.0625 (89.0625)
2025-08-23 18:33:17,751 -                train: [    INFO] - Test: [  39/39]  Time: 0.027 (0.410)  Loss:  1.8788 (1.5058)  Acc@1: 56.2500 (64.8700)  Acc@5: 81.2500 (85.9400)
2025-08-23 18:33:19,674 -                train: [    INFO] - Train: 99 [   0/391 (  0%)]  Loss: 112.2 (112.)  Loss_cat: 2.094 (2.09)  Loss_feat: 108.3 (108.)  Loss_gt: 1.812 (1.81) LR: 5.000e-03
2025-08-23 18:34:49,525 -                train: [    INFO] - Train: 99 [ 200/391 ( 51%)]  Loss: 112.1 (112.)  Loss_cat: 2.054 (2.03)  Loss_feat: 108.2 (108.)  Loss_gt: 1.872 (1.82) LR: 5.000e-03
2025-08-23 18:36:14,603 -                train: [    INFO] - Train: 99 [ 390/391 (100%)]  Loss: 113.3 (112.)  Loss_cat: 2.101 (2.04)  Loss_feat: 109.1 (108.)  Loss_gt: 2.039 (1.84) LR: 5.000e-03
2025-08-23 18:36:15,341 -                train: [    INFO] - Test: [   0/39]  Time: 0.666 (0.666)  Loss:  1.0548 (1.0548)  Acc@1: 75.0000 (75.0000)  Acc@5: 91.0156 (91.0156)
2025-08-23 18:36:30,287 -                train: [    INFO] - Test: [  39/39]  Time: 0.028 (0.390)  Loss:  1.5815 (1.4971)  Acc@1: 56.2500 (64.9400)  Acc@5: 87.5000 (85.8700)
2025-08-23 18:36:32,199 -                train: [    INFO] - Train: 100 [   0/391 (  0%)]  Loss: 110.4 (110.)  Loss_cat: 2.102 (2.10)  Loss_feat: 106.6 (107.)  Loss_gt: 1.742 (1.74) LR: 5.000e-03
2025-08-23 18:38:01,391 -                train: [    INFO] - Train: 100 [ 200/391 ( 51%)]  Loss: 111.1 (110.)  Loss_cat: 2.034 (2.03)  Loss_feat: 107.1 (106.)  Loss_gt: 1.973 (1.81) LR: 5.000e-03
2025-08-23 18:39:26,239 -                train: [    INFO] - Train: 100 [ 390/391 (100%)]  Loss: 111.7 (110.)  Loss_cat: 2.123 (2.03)  Loss_feat: 107.8 (107.)  Loss_gt: 1.838 (1.83) LR: 5.000e-03
2025-08-23 18:39:26,968 -                train: [    INFO] - Test: [   0/39]  Time: 0.653 (0.653)  Loss:  1.3520 (1.3520)  Acc@1: 66.0156 (66.0156)  Acc@5: 85.1562 (85.1562)
2025-08-23 18:39:42,828 -                train: [    INFO] - Test: [  39/39]  Time: 0.026 (0.413)  Loss:  1.9296 (1.5589)  Acc@1: 50.0000 (63.9000)  Acc@5: 87.5000 (84.5900)
2025-08-23 18:39:44,930 -                train: [    INFO] - Train: 101 [   0/391 (  0%)]  Loss: 109.4 (109.)  Loss_cat: 2.096 (2.10)  Loss_feat: 105.5 (105.)  Loss_gt: 1.834 (1.83) LR: 5.000e-03
2025-08-23 18:41:14,521 -                train: [    INFO] - Train: 101 [ 200/391 ( 51%)]  Loss: 108.0 (109.)  Loss_cat: 2.020 (2.04)  Loss_feat: 104.3 (105.)  Loss_gt: 1.730 (1.82) LR: 5.000e-03
2025-08-23 18:42:39,863 -                train: [    INFO] - Train: 101 [ 390/391 (100%)]  Loss: 108.6 (109.)  Loss_cat: 2.086 (2.04)  Loss_feat: 104.9 (105.)  Loss_gt: 1.646 (1.83) LR: 5.000e-03
2025-08-23 18:42:40,627 -                train: [    INFO] - Test: [   0/39]  Time: 0.661 (0.661)  Loss:  1.4477 (1.4477)  Acc@1: 67.1875 (67.1875)  Acc@5: 84.7656 (84.7656)
2025-08-23 18:42:58,072 -                train: [    INFO] - Test: [  39/39]  Time: 0.031 (0.453)  Loss:  1.4825 (1.4985)  Acc@1: 56.2500 (65.2700)  Acc@5: 87.5000 (85.5300)
2025-08-23 18:42:59,796 -                train: [    INFO] - Train: 102 [   0/391 (  0%)]  Loss: 107.1 (107.)  Loss_cat: 1.996 (2.00)  Loss_feat: 103.2 (103.)  Loss_gt: 1.893 (1.89) LR: 5.000e-03
2025-08-23 18:44:29,477 -                train: [    INFO] - Train: 102 [ 200/391 ( 51%)]  Loss: 107.8 (107.)  Loss_cat: 2.084 (2.03)  Loss_feat: 103.8 (103.)  Loss_gt: 1.850 (1.81) LR: 5.000e-03
2025-08-23 18:45:55,127 -                train: [    INFO] - Train: 102 [ 390/391 (100%)]  Loss: 106.8 (107.)  Loss_cat: 2.019 (2.03)  Loss_feat: 103.0 (103.)  Loss_gt: 1.849 (1.83) LR: 5.000e-03
2025-08-23 18:45:55,852 -                train: [    INFO] - Test: [   0/39]  Time: 0.656 (0.656)  Loss:  1.2295 (1.2295)  Acc@1: 67.5781 (67.5781)  Acc@5: 91.7969 (91.7969)
2025-08-23 18:46:11,905 -                train: [    INFO] - Test: [  39/39]  Time: 0.034 (0.418)  Loss:  1.9153 (1.5689)  Acc@1: 62.5000 (64.6200)  Acc@5: 81.2500 (84.6600)
2025-08-23 18:46:13,722 -                train: [    INFO] - Train: 103 [   0/391 (  0%)]  Loss: 105.0 (105.)  Loss_cat: 2.039 (2.04)  Loss_feat: 101.2 (101.)  Loss_gt: 1.746 (1.75) LR: 5.000e-03
2025-08-23 18:47:42,886 -                train: [    INFO] - Train: 103 [ 200/391 ( 51%)]  Loss: 105.0 (105.)  Loss_cat: 2.029 (2.03)  Loss_feat: 101.1 (102.)  Loss_gt: 1.890 (1.81) LR: 5.000e-03
2025-08-23 18:49:07,953 -                train: [    INFO] - Train: 103 [ 390/391 (100%)]  Loss: 106.4 (106.)  Loss_cat: 2.063 (2.04)  Loss_feat: 102.6 (102.)  Loss_gt: 1.754 (1.82) LR: 5.000e-03
2025-08-23 18:49:08,692 -                train: [    INFO] - Test: [   0/39]  Time: 0.667 (0.667)  Loss:  1.2095 (1.2095)  Acc@1: 71.4844 (71.4844)  Acc@5: 89.4531 (89.4531)
2025-08-23 18:49:28,080 -                train: [    INFO] - Test: [  39/39]  Time: 0.036 (0.501)  Loss:  1.3165 (1.4924)  Acc@1: 87.5000 (65.4700)  Acc@5: 93.7500 (86.1700)
2025-08-23 18:49:30,269 -                train: [    INFO] - Train: 104 [   0/391 (  0%)]  Loss: 103.6 (104.)  Loss_cat: 1.996 (2.00)  Loss_feat: 99.73 (99.7)  Loss_gt: 1.908 (1.91) LR: 5.000e-03
2025-08-23 18:50:59,293 -                train: [    INFO] - Train: 104 [ 200/391 ( 51%)]  Loss: 103.5 (104.)  Loss_cat: 2.024 (2.03)  Loss_feat: 99.78 (100.)  Loss_gt: 1.732 (1.81) LR: 5.000e-03
2025-08-23 18:52:24,220 -                train: [    INFO] - Train: 104 [ 390/391 (100%)]  Loss: 104.6 (104.)  Loss_cat: 2.085 (2.03)  Loss_feat: 100.7 (100.)  Loss_gt: 1.794 (1.82) LR: 5.000e-03
2025-08-23 18:52:24,930 -                train: [    INFO] - Test: [   0/39]  Time: 0.644 (0.644)  Loss:  1.5513 (1.5513)  Acc@1: 65.2344 (65.2344)  Acc@5: 84.7656 (84.7656)
2025-08-23 18:52:46,307 -                train: [    INFO] - Test: [  39/39]  Time: 0.036 (0.551)  Loss:  1.7459 (1.5646)  Acc@1: 56.2500 (64.0600)  Acc@5: 81.2500 (84.9700)
2025-08-23 18:52:48,225 -                train: [    INFO] - Train: 105 [   0/391 (  0%)]  Loss: 102.4 (102.)  Loss_cat: 2.051 (2.05)  Loss_feat: 98.62 (98.6)  Loss_gt: 1.725 (1.72) LR: 5.000e-03
2025-08-23 18:54:17,215 -                train: [    INFO] - Train: 105 [ 200/391 ( 51%)]  Loss: 102.0 (102.)  Loss_cat: 2.039 (2.02)  Loss_feat: 98.31 (98.3)  Loss_gt: 1.662 (1.80) LR: 5.000e-03
2025-08-23 18:55:41,541 -                train: [    INFO] - Train: 105 [ 390/391 (100%)]  Loss: 101.5 (102.)  Loss_cat: 2.008 (2.03)  Loss_feat: 97.65 (98.4)  Loss_gt: 1.788 (1.82) LR: 5.000e-03
2025-08-23 18:55:42,282 -                train: [    INFO] - Test: [   0/39]  Time: 0.673 (0.673)  Loss:  1.0301 (1.0301)  Acc@1: 73.0469 (73.0469)  Acc@5: 92.9688 (92.9688)
2025-08-23 18:56:00,284 -                train: [    INFO] - Test: [  39/39]  Time: 0.031 (0.467)  Loss:  2.3278 (1.4882)  Acc@1: 50.0000 (65.1100)  Acc@5: 81.2500 (85.7600)
2025-08-23 18:56:02,200 -                train: [    INFO] - Train: 106 [   0/391 (  0%)]  Loss: 100.0 (100.)  Loss_cat: 2.004 (2.00)  Loss_feat: 96.25 (96.2)  Loss_gt: 1.769 (1.77) LR: 5.000e-03
2025-08-23 18:57:31,653 -                train: [    INFO] - Train: 106 [ 200/391 ( 51%)]  Loss: 100.5 (100.)  Loss_cat: 2.045 (2.03)  Loss_feat: 96.58 (96.7)  Loss_gt: 1.882 (1.79) LR: 5.000e-03
2025-08-23 18:58:56,734 -                train: [    INFO] - Train: 106 [ 390/391 (100%)]  Loss: 100.8 (101.)  Loss_cat: 2.004 (2.03)  Loss_feat: 96.88 (96.7)  Loss_gt: 1.866 (1.81) LR: 5.000e-03
2025-08-23 18:58:58,505 -                train: [    INFO] - Test: [   0/39]  Time: 1.689 (1.689)  Loss:  1.2727 (1.2727)  Acc@1: 67.1875 (67.1875)  Acc@5: 89.0625 (89.0625)
2025-08-23 18:59:18,541 -                train: [    INFO] - Test: [  39/39]  Time: 0.027 (0.543)  Loss:  1.4376 (1.5098)  Acc@1: 56.2500 (64.6700)  Acc@5: 93.7500 (85.2800)
2025-08-23 18:59:20,511 -                train: [    INFO] - Train: 107 [   0/391 (  0%)]  Loss: 98.67 (98.7)  Loss_cat: 1.971 (1.97)  Loss_feat: 94.86 (94.9)  Loss_gt: 1.838 (1.84) LR: 5.000e-03
2025-08-23 19:00:50,076 -                train: [    INFO] - Train: 107 [ 200/391 ( 51%)]  Loss: 99.24 (98.8)  Loss_cat: 2.075 (2.02)  Loss_feat: 95.30 (95.0)  Loss_gt: 1.865 (1.79) LR: 5.000e-03
2025-08-23 19:02:14,949 -                train: [    INFO] - Train: 107 [ 390/391 (100%)]  Loss: 99.81 (98.9)  Loss_cat: 2.032 (2.03)  Loss_feat: 95.87 (95.1)  Loss_gt: 1.912 (1.81) LR: 5.000e-03
2025-08-23 19:02:15,763 -                train: [    INFO] - Test: [   0/39]  Time: 0.738 (0.738)  Loss:  1.1103 (1.1103)  Acc@1: 71.4844 (71.4844)  Acc@5: 90.6250 (90.6250)
2025-08-23 19:02:34,989 -                train: [    INFO] - Test: [  39/39]  Time: 0.027 (0.499)  Loss:  1.8291 (1.4600)  Acc@1: 56.2500 (65.9200)  Acc@5: 87.5000 (86.1800)
2025-08-23 19:02:35,629 - timm.utils.checkpoint_saver: [    INFO] - Current checkpoints:
 ('./output/train/20250823-131030-resnet18_vcaV2-224/checkpoint/checkpoint-97.pth.tar', 66.07)
 ('./output/train/20250823-131030-resnet18_vcaV2-224/checkpoint/checkpoint-62.pth.tar', 66.02)
 ('./output/train/20250823-131030-resnet18_vcaV2-224/checkpoint/checkpoint-66.pth.tar', 65.98)
 ('./output/train/20250823-131030-resnet18_vcaV2-224/checkpoint/checkpoint-71.pth.tar', 65.92)
 ('./output/train/20250823-131030-resnet18_vcaV2-224/checkpoint/checkpoint-107.pth.tar', 65.92)
 ('./output/train/20250823-131030-resnet18_vcaV2-224/checkpoint/checkpoint-64.pth.tar', 65.8)
 ('./output/train/20250823-131030-resnet18_vcaV2-224/checkpoint/checkpoint-67.pth.tar', 65.72)
 ('./output/train/20250823-131030-resnet18_vcaV2-224/checkpoint/checkpoint-76.pth.tar', 65.67)
 ('./output/train/20250823-131030-resnet18_vcaV2-224/checkpoint/checkpoint-65.pth.tar', 65.62)
 ('./output/train/20250823-131030-resnet18_vcaV2-224/checkpoint/checkpoint-70.pth.tar', 65.6)

2025-08-23 19:02:36,980 -                train: [    INFO] - Train: 108 [   0/391 (  0%)]  Loss: 97.43 (97.4)  Loss_cat: 2.008 (2.01)  Loss_feat: 93.62 (93.6)  Loss_gt: 1.807 (1.81) LR: 5.000e-03
2025-08-23 19:04:06,624 -                train: [    INFO] - Train: 108 [ 200/391 ( 51%)]  Loss: 97.37 (97.2)  Loss_cat: 2.013 (2.02)  Loss_feat: 93.44 (93.4)  Loss_gt: 1.909 (1.78) LR: 5.000e-03
2025-08-23 19:05:31,742 -                train: [    INFO] - Train: 108 [ 390/391 (100%)]  Loss: 98.30 (97.3)  Loss_cat: 2.020 (2.03)  Loss_feat: 94.50 (93.4)  Loss_gt: 1.778 (1.80) LR: 5.000e-03
2025-08-23 19:05:32,443 -                train: [    INFO] - Test: [   0/39]  Time: 0.639 (0.639)  Loss:  0.8476 (0.8476)  Acc@1: 75.3906 (75.3906)  Acc@5: 94.1406 (94.1406)
2025-08-23 19:05:47,602 -                train: [    INFO] - Test: [  39/39]  Time: 0.026 (0.395)  Loss:  2.2567 (1.5055)  Acc@1: 43.7500 (65.0000)  Acc@5: 75.0000 (85.5900)
2025-08-23 19:05:49,310 -                train: [    INFO] - Train: 109 [   0/391 (  0%)]  Loss: 95.67 (95.7)  Loss_cat: 2.023 (2.02)  Loss_feat: 91.89 (91.9)  Loss_gt: 1.758 (1.76) LR: 5.000e-03
2025-08-23 19:07:18,940 -                train: [    INFO] - Train: 109 [ 200/391 ( 51%)]  Loss: 95.59 (95.5)  Loss_cat: 2.044 (2.01)  Loss_feat: 91.73 (91.7)  Loss_gt: 1.813 (1.79) LR: 5.000e-03
2025-08-23 19:08:44,284 -                train: [    INFO] - Train: 109 [ 390/391 (100%)]  Loss: 95.64 (95.6)  Loss_cat: 2.053 (2.02)  Loss_feat: 91.80 (91.8)  Loss_gt: 1.793 (1.80) LR: 5.000e-03
2025-08-23 19:08:45,052 -                train: [    INFO] - Test: [   0/39]  Time: 0.681 (0.681)  Loss:  1.4518 (1.4518)  Acc@1: 64.8438 (64.8438)  Acc@5: 85.5469 (85.5469)
2025-08-23 19:09:03,180 -                train: [    INFO] - Test: [  39/39]  Time: 0.026 (0.470)  Loss:  1.3845 (1.5343)  Acc@1: 62.5000 (65.0700)  Acc@5: 87.5000 (85.3200)
2025-08-23 19:09:04,852 -                train: [    INFO] - Train: 110 [   0/391 (  0%)]  Loss: 93.84 (93.8)  Loss_cat: 2.018 (2.02)  Loss_feat: 89.88 (89.9)  Loss_gt: 1.937 (1.94) LR: 5.000e-03
2025-08-23 19:10:34,571 -                train: [    INFO] - Train: 110 [ 200/391 ( 51%)]  Loss: 94.25 (93.9)  Loss_cat: 2.018 (2.02)  Loss_feat: 90.40 (90.1)  Loss_gt: 1.830 (1.78) LR: 5.000e-03
2025-08-23 19:11:59,260 -                train: [    INFO] - Train: 110 [ 390/391 (100%)]  Loss: 93.82 (94.0)  Loss_cat: 1.947 (2.02)  Loss_feat: 89.96 (90.2)  Loss_gt: 1.916 (1.80) LR: 5.000e-03
2025-08-23 19:12:00,021 -                train: [    INFO] - Test: [   0/39]  Time: 0.693 (0.693)  Loss:  1.2419 (1.2419)  Acc@1: 69.9219 (69.9219)  Acc@5: 89.8438 (89.8438)
2025-08-23 19:12:18,116 -                train: [    INFO] - Test: [  39/39]  Time: 0.031 (0.470)  Loss:  2.0613 (1.5055)  Acc@1: 56.2500 (65.0300)  Acc@5: 93.7500 (85.5700)
2025-08-23 19:12:20,214 -                train: [    INFO] - Train: 111 [   0/391 (  0%)]  Loss: 92.15 (92.2)  Loss_cat: 1.972 (1.97)  Loss_feat: 88.37 (88.4)  Loss_gt: 1.807 (1.81) LR: 5.000e-03
2025-08-23 19:13:49,351 -                train: [    INFO] - Train: 111 [ 200/391 ( 51%)]  Loss: 92.90 (92.3)  Loss_cat: 2.068 (2.02)  Loss_feat: 89.00 (88.5)  Loss_gt: 1.833 (1.78) LR: 5.000e-03
2025-08-23 19:15:14,778 -                train: [    INFO] - Train: 111 [ 390/391 (100%)]  Loss: 92.86 (92.4)  Loss_cat: 2.015 (2.02)  Loss_feat: 89.02 (88.6)  Loss_gt: 1.826 (1.79) LR: 5.000e-03
2025-08-23 19:15:15,544 -                train: [    INFO] - Test: [   0/39]  Time: 0.687 (0.687)  Loss:  1.1665 (1.1665)  Acc@1: 69.9219 (69.9219)  Acc@5: 89.8438 (89.8438)
2025-08-23 19:15:34,295 -                train: [    INFO] - Test: [  39/39]  Time: 0.026 (0.486)  Loss:  1.8029 (1.4739)  Acc@1: 50.0000 (65.0500)  Acc@5: 87.5000 (85.8200)
2025-08-23 19:15:36,196 -                train: [    INFO] - Train: 112 [   0/391 (  0%)]  Loss: 90.26 (90.3)  Loss_cat: 2.002 (2.00)  Loss_feat: 86.49 (86.5)  Loss_gt: 1.770 (1.77) LR: 5.000e-03
2025-08-23 19:17:06,303 -                train: [    INFO] - Train: 112 [ 200/391 ( 51%)]  Loss: 90.46 (90.6)  Loss_cat: 1.988 (2.01)  Loss_feat: 86.79 (86.8)  Loss_gt: 1.680 (1.77) LR: 5.000e-03
2025-08-23 19:18:31,688 -                train: [    INFO] - Train: 112 [ 390/391 (100%)]  Loss: 90.72 (90.7)  Loss_cat: 2.050 (2.02)  Loss_feat: 86.97 (86.9)  Loss_gt: 1.701 (1.79) LR: 5.000e-03
2025-08-23 19:18:32,393 -                train: [    INFO] - Test: [   0/39]  Time: 0.639 (0.639)  Loss:  1.4033 (1.4033)  Acc@1: 65.6250 (65.6250)  Acc@5: 87.1094 (87.1094)
2025-08-23 19:18:47,459 -                train: [    INFO] - Test: [  39/39]  Time: 0.025 (0.393)  Loss:  1.9111 (1.5312)  Acc@1: 56.2500 (64.5200)  Acc@5: 81.2500 (84.9800)
2025-08-23 19:18:49,239 -                train: [    INFO] - Train: 113 [   0/391 (  0%)]  Loss: 89.27 (89.3)  Loss_cat: 2.022 (2.02)  Loss_feat: 85.43 (85.4)  Loss_gt: 1.816 (1.82) LR: 5.000e-03
2025-08-23 19:20:18,160 -                train: [    INFO] - Train: 113 [ 200/391 ( 51%)]  Loss: 88.66 (89.0)  Loss_cat: 1.989 (2.02)  Loss_feat: 84.92 (85.2)  Loss_gt: 1.759 (1.77) LR: 5.000e-03
2025-08-23 19:21:42,883 -                train: [    INFO] - Train: 113 [ 390/391 (100%)]  Loss: 89.57 (89.1)  Loss_cat: 2.097 (2.02)  Loss_feat: 85.68 (85.3)  Loss_gt: 1.795 (1.79) LR: 5.000e-03
2025-08-23 19:21:43,603 -                train: [    INFO] - Test: [   0/39]  Time: 0.653 (0.653)  Loss:  1.5224 (1.5224)  Acc@1: 61.7188 (61.7188)  Acc@5: 84.3750 (84.3750)
2025-08-23 19:22:02,015 -                train: [    INFO] - Test: [  39/39]  Time: 0.026 (0.477)  Loss:  2.0609 (1.5011)  Acc@1: 37.5000 (64.5800)  Acc@5: 75.0000 (85.8000)
2025-08-23 19:22:03,678 -                train: [    INFO] - Train: 114 [   0/391 (  0%)]  Loss: 86.25 (86.2)  Loss_cat: 1.975 (1.97)  Loss_feat: 82.54 (82.5)  Loss_gt: 1.732 (1.73) LR: 5.000e-03
2025-08-23 19:23:32,715 -                train: [    INFO] - Train: 114 [ 200/391 ( 51%)]  Loss: 87.92 (87.4)  Loss_cat: 2.024 (2.01)  Loss_feat: 84.08 (83.6)  Loss_gt: 1.812 (1.77) LR: 5.000e-03
2025-08-23 19:24:57,344 -                train: [    INFO] - Train: 114 [ 390/391 (100%)]  Loss: 88.10 (87.5)  Loss_cat: 2.018 (2.02)  Loss_feat: 84.25 (83.7)  Loss_gt: 1.828 (1.78) LR: 5.000e-03
2025-08-23 19:24:58,039 -                train: [    INFO] - Test: [   0/39]  Time: 0.634 (0.634)  Loss:  1.3117 (1.3117)  Acc@1: 67.5781 (67.5781)  Acc@5: 87.5000 (87.5000)
2025-08-23 19:25:15,345 -                train: [    INFO] - Test: [  39/39]  Time: 0.025 (0.449)  Loss:  1.4078 (1.4931)  Acc@1: 75.0000 (65.5300)  Acc@5: 87.5000 (85.7100)
2025-08-23 19:25:17,090 -                train: [    INFO] - Train: 115 [   0/391 (  0%)]  Loss: 85.98 (86.0)  Loss_cat: 2.023 (2.02)  Loss_feat: 82.28 (82.3)  Loss_gt: 1.679 (1.68) LR: 5.000e-03
2025-08-23 19:26:45,571 -                train: [    INFO] - Train: 115 [ 200/391 ( 51%)]  Loss: 86.15 (85.8)  Loss_cat: 2.030 (2.01)  Loss_feat: 82.21 (82.0)  Loss_gt: 1.911 (1.76) LR: 5.000e-03
2025-08-23 19:28:09,854 -                train: [    INFO] - Train: 115 [ 390/391 (100%)]  Loss: 85.94 (85.9)  Loss_cat: 1.983 (2.02)  Loss_feat: 81.98 (82.1)  Loss_gt: 1.976 (1.78) LR: 5.000e-03
2025-08-23 19:28:10,553 -                train: [    INFO] - Test: [   0/39]  Time: 0.630 (0.630)  Loss:  1.0567 (1.0567)  Acc@1: 68.7500 (68.7500)  Acc@5: 92.1875 (92.1875)
2025-08-23 19:28:28,573 -                train: [    INFO] - Test: [  39/39]  Time: 0.023 (0.466)  Loss:  1.4623 (1.5349)  Acc@1: 62.5000 (64.4200)  Acc@5: 87.5000 (84.8400)
2025-08-23 19:28:30,494 -                train: [    INFO] - Train: 116 [   0/391 (  0%)]  Loss: 84.27 (84.3)  Loss_cat: 2.067 (2.07)  Loss_feat: 80.40 (80.4)  Loss_gt: 1.800 (1.80) LR: 5.000e-03
2025-08-23 19:29:59,692 -                train: [    INFO] - Train: 116 [ 200/391 ( 51%)]  Loss: 84.52 (84.2)  Loss_cat: 2.019 (2.01)  Loss_feat: 80.72 (80.4)  Loss_gt: 1.777 (1.76) LR: 5.000e-03
2025-08-23 19:31:24,918 -                train: [    INFO] - Train: 116 [ 390/391 (100%)]  Loss: 84.55 (84.3)  Loss_cat: 1.994 (2.02)  Loss_feat: 80.58 (80.5)  Loss_gt: 1.979 (1.77) LR: 5.000e-03
2025-08-23 19:31:25,809 -                train: [    INFO] - Test: [   0/39]  Time: 0.817 (0.817)  Loss:  1.0212 (1.0212)  Acc@1: 73.0469 (73.0469)  Acc@5: 91.0156 (91.0156)
2025-08-23 19:31:43,754 -                train: [    INFO] - Test: [  39/39]  Time: 0.025 (0.469)  Loss:  1.3376 (1.4869)  Acc@1: 75.0000 (65.3400)  Acc@5: 87.5000 (85.4600)
2025-08-23 19:31:45,587 -                train: [    INFO] - Train: 117 [   0/391 (  0%)]  Loss: 83.61 (83.6)  Loss_cat: 2.048 (2.05)  Loss_feat: 79.74 (79.7)  Loss_gt: 1.821 (1.82) LR: 5.000e-03
2025-08-23 19:33:14,640 -                train: [    INFO] - Train: 117 [ 200/391 ( 51%)]  Loss: 82.84 (82.6)  Loss_cat: 2.011 (2.02)  Loss_feat: 79.00 (78.9)  Loss_gt: 1.828 (1.75) LR: 5.000e-03
2025-08-23 19:34:39,498 -                train: [    INFO] - Train: 117 [ 390/391 (100%)]  Loss: 82.53 (82.7)  Loss_cat: 1.949 (2.02)  Loss_feat: 78.78 (78.9)  Loss_gt: 1.802 (1.77) LR: 5.000e-03
2025-08-23 19:34:40,276 -                train: [    INFO] - Test: [   0/39]  Time: 0.701 (0.701)  Loss:  1.0989 (1.0989)  Acc@1: 69.9219 (69.9219)  Acc@5: 90.2344 (90.2344)
2025-08-23 19:34:55,461 -                train: [    INFO] - Test: [  39/39]  Time: 0.026 (0.397)  Loss:  1.2076 (1.4693)  Acc@1: 75.0000 (65.8200)  Acc@5: 93.7500 (85.7600)
2025-08-23 19:34:56,082 - timm.utils.checkpoint_saver: [    INFO] - Current checkpoints:
 ('./output/train/20250823-131030-resnet18_vcaV2-224/checkpoint/checkpoint-97.pth.tar', 66.07)
 ('./output/train/20250823-131030-resnet18_vcaV2-224/checkpoint/checkpoint-62.pth.tar', 66.02)
 ('./output/train/20250823-131030-resnet18_vcaV2-224/checkpoint/checkpoint-66.pth.tar', 65.98)
 ('./output/train/20250823-131030-resnet18_vcaV2-224/checkpoint/checkpoint-71.pth.tar', 65.92)
 ('./output/train/20250823-131030-resnet18_vcaV2-224/checkpoint/checkpoint-107.pth.tar', 65.92)
 ('./output/train/20250823-131030-resnet18_vcaV2-224/checkpoint/checkpoint-117.pth.tar', 65.82)
 ('./output/train/20250823-131030-resnet18_vcaV2-224/checkpoint/checkpoint-64.pth.tar', 65.8)
 ('./output/train/20250823-131030-resnet18_vcaV2-224/checkpoint/checkpoint-67.pth.tar', 65.72)
 ('./output/train/20250823-131030-resnet18_vcaV2-224/checkpoint/checkpoint-76.pth.tar', 65.67)
 ('./output/train/20250823-131030-resnet18_vcaV2-224/checkpoint/checkpoint-65.pth.tar', 65.62)

2025-08-23 19:34:57,219 -                train: [    INFO] - Train: 118 [   0/391 (  0%)]  Loss: 80.92 (80.9)  Loss_cat: 2.007 (2.01)  Loss_feat: 77.23 (77.2)  Loss_gt: 1.682 (1.68) LR: 5.000e-03
2025-08-23 19:36:26,606 -                train: [    INFO] - Train: 118 [ 200/391 ( 51%)]  Loss: 81.16 (81.0)  Loss_cat: 1.987 (2.01)  Loss_feat: 77.37 (77.2)  Loss_gt: 1.802 (1.75) LR: 5.000e-03
2025-08-23 19:37:51,128 -                train: [    INFO] - Train: 118 [ 390/391 (100%)]  Loss: 81.34 (81.1)  Loss_cat: 2.085 (2.01)  Loss_feat: 77.30 (77.3)  Loss_gt: 1.948 (1.76) LR: 5.000e-03
2025-08-23 19:37:51,926 -                train: [    INFO] - Test: [   0/39]  Time: 0.727 (0.727)  Loss:  1.1948 (1.1948)  Acc@1: 70.3125 (70.3125)  Acc@5: 89.4531 (89.4531)
2025-08-23 19:38:10,476 -                train: [    INFO] - Test: [  39/39]  Time: 0.025 (0.482)  Loss:  1.7241 (1.6168)  Acc@1: 62.5000 (64.3100)  Acc@5: 81.2500 (83.3600)
2025-08-23 19:38:13,349 -                train: [    INFO] - Train: 119 [   0/391 (  0%)]  Loss: 79.62 (79.6)  Loss_cat: 1.987 (1.99)  Loss_feat: 75.90 (75.9)  Loss_gt: 1.730 (1.73) LR: 5.000e-04
2025-08-23 19:39:42,146 -                train: [    INFO] - Train: 119 [ 200/391 ( 51%)]  Loss: 78.47 (78.4)  Loss_cat: 1.932 (1.94)  Loss_feat: 74.79 (74.8)  Loss_gt: 1.746 (1.64) LR: 5.000e-04
2025-08-23 19:41:06,664 -                train: [    INFO] - Train: 119 [ 390/391 (100%)]  Loss: 78.71 (78.3)  Loss_cat: 1.908 (1.93)  Loss_feat: 74.95 (74.7)  Loss_gt: 1.858 (1.63) LR: 5.000e-04
2025-08-23 19:41:07,304 -                train: [    INFO] - Test: [   0/39]  Time: 0.568 (0.568)  Loss:  0.9322 (0.9322)  Acc@1: 76.9531 (76.9531)  Acc@5: 93.7500 (93.7500)
2025-08-23 19:41:25,286 -                train: [    INFO] - Test: [  39/39]  Time: 0.024 (0.464)  Loss:  1.5190 (1.2850)  Acc@1: 62.5000 (70.7700)  Acc@5: 87.5000 (88.4600)
2025-08-23 19:41:25,950 - timm.utils.checkpoint_saver: [    INFO] - Current checkpoints:
 ('./output/train/20250823-131030-resnet18_vcaV2-224/checkpoint/checkpoint-119.pth.tar', 70.77)
 ('./output/train/20250823-131030-resnet18_vcaV2-224/checkpoint/checkpoint-97.pth.tar', 66.07)
 ('./output/train/20250823-131030-resnet18_vcaV2-224/checkpoint/checkpoint-62.pth.tar', 66.02)
 ('./output/train/20250823-131030-resnet18_vcaV2-224/checkpoint/checkpoint-66.pth.tar', 65.98)
 ('./output/train/20250823-131030-resnet18_vcaV2-224/checkpoint/checkpoint-71.pth.tar', 65.92)
 ('./output/train/20250823-131030-resnet18_vcaV2-224/checkpoint/checkpoint-107.pth.tar', 65.92)
 ('./output/train/20250823-131030-resnet18_vcaV2-224/checkpoint/checkpoint-117.pth.tar', 65.82)
 ('./output/train/20250823-131030-resnet18_vcaV2-224/checkpoint/checkpoint-64.pth.tar', 65.8)
 ('./output/train/20250823-131030-resnet18_vcaV2-224/checkpoint/checkpoint-67.pth.tar', 65.72)
 ('./output/train/20250823-131030-resnet18_vcaV2-224/checkpoint/checkpoint-76.pth.tar', 65.67)

2025-08-23 19:41:27,164 -                train: [    INFO] - Train: 120 [   0/391 (  0%)]  Loss: 76.81 (76.8)  Loss_cat: 1.912 (1.91)  Loss_feat: 73.26 (73.3)  Loss_gt: 1.638 (1.64) LR: 5.000e-04
2025-08-23 19:42:56,259 -                train: [    INFO] - Train: 120 [ 200/391 ( 51%)]  Loss: 76.28 (76.4)  Loss_cat: 1.938 (1.90)  Loss_feat: 72.82 (72.9)  Loss_gt: 1.516 (1.60) LR: 5.000e-04
2025-08-23 19:44:21,212 -                train: [    INFO] - Train: 120 [ 390/391 (100%)]  Loss: 76.32 (76.4)  Loss_cat: 1.930 (1.90)  Loss_feat: 72.71 (72.9)  Loss_gt: 1.681 (1.60) LR: 5.000e-04
2025-08-23 19:44:21,986 -                train: [    INFO] - Test: [   0/39]  Time: 0.700 (0.700)  Loss:  0.9099 (0.9099)  Acc@1: 77.3438 (77.3438)  Acc@5: 93.7500 (93.7500)
2025-08-23 19:44:37,647 -                train: [    INFO] - Test: [  39/39]  Time: 0.025 (0.409)  Loss:  1.3004 (1.2750)  Acc@1: 68.7500 (70.8600)  Acc@5: 87.5000 (88.7400)
2025-08-23 19:44:38,191 - timm.utils.checkpoint_saver: [    INFO] - Current checkpoints:
 ('./output/train/20250823-131030-resnet18_vcaV2-224/checkpoint/checkpoint-120.pth.tar', 70.86)
 ('./output/train/20250823-131030-resnet18_vcaV2-224/checkpoint/checkpoint-119.pth.tar', 70.77)
 ('./output/train/20250823-131030-resnet18_vcaV2-224/checkpoint/checkpoint-97.pth.tar', 66.07)
 ('./output/train/20250823-131030-resnet18_vcaV2-224/checkpoint/checkpoint-62.pth.tar', 66.02)
 ('./output/train/20250823-131030-resnet18_vcaV2-224/checkpoint/checkpoint-66.pth.tar', 65.98)
 ('./output/train/20250823-131030-resnet18_vcaV2-224/checkpoint/checkpoint-71.pth.tar', 65.92)
 ('./output/train/20250823-131030-resnet18_vcaV2-224/checkpoint/checkpoint-107.pth.tar', 65.92)
 ('./output/train/20250823-131030-resnet18_vcaV2-224/checkpoint/checkpoint-117.pth.tar', 65.82)
 ('./output/train/20250823-131030-resnet18_vcaV2-224/checkpoint/checkpoint-64.pth.tar', 65.8)
 ('./output/train/20250823-131030-resnet18_vcaV2-224/checkpoint/checkpoint-67.pth.tar', 65.72)

2025-08-23 19:44:39,345 -                train: [    INFO] - Train: 121 [   0/391 (  0%)]  Loss: 74.32 (74.3)  Loss_cat: 1.886 (1.89)  Loss_feat: 70.92 (70.9)  Loss_gt: 1.513 (1.51) LR: 5.000e-04
2025-08-23 19:46:08,875 -                train: [    INFO] - Train: 121 [ 200/391 ( 51%)]  Loss: 75.05 (74.7)  Loss_cat: 1.936 (1.89)  Loss_feat: 71.56 (71.3)  Loss_gt: 1.555 (1.58) LR: 5.000e-04
2025-08-23 19:47:33,499 -                train: [    INFO] - Train: 121 [ 390/391 (100%)]  Loss: 74.66 (74.7)  Loss_cat: 1.911 (1.89)  Loss_feat: 71.17 (71.3)  Loss_gt: 1.576 (1.59) LR: 5.000e-04
2025-08-23 19:47:34,236 -                train: [    INFO] - Test: [   0/39]  Time: 0.666 (0.666)  Loss:  0.9522 (0.9522)  Acc@1: 76.5625 (76.5625)  Acc@5: 93.3594 (93.3594)
2025-08-23 19:47:52,644 -                train: [    INFO] - Test: [  39/39]  Time: 0.028 (0.477)  Loss:  1.4205 (1.2701)  Acc@1: 62.5000 (71.0200)  Acc@5: 87.5000 (88.8300)
2025-08-23 19:47:53,711 - timm.utils.checkpoint_saver: [    INFO] - Current checkpoints:
 ('./output/train/20250823-131030-resnet18_vcaV2-224/checkpoint/checkpoint-121.pth.tar', 71.02)
 ('./output/train/20250823-131030-resnet18_vcaV2-224/checkpoint/checkpoint-120.pth.tar', 70.86)
 ('./output/train/20250823-131030-resnet18_vcaV2-224/checkpoint/checkpoint-119.pth.tar', 70.77)
 ('./output/train/20250823-131030-resnet18_vcaV2-224/checkpoint/checkpoint-97.pth.tar', 66.07)
 ('./output/train/20250823-131030-resnet18_vcaV2-224/checkpoint/checkpoint-62.pth.tar', 66.02)
 ('./output/train/20250823-131030-resnet18_vcaV2-224/checkpoint/checkpoint-66.pth.tar', 65.98)
 ('./output/train/20250823-131030-resnet18_vcaV2-224/checkpoint/checkpoint-71.pth.tar', 65.92)
 ('./output/train/20250823-131030-resnet18_vcaV2-224/checkpoint/checkpoint-107.pth.tar', 65.92)
 ('./output/train/20250823-131030-resnet18_vcaV2-224/checkpoint/checkpoint-117.pth.tar', 65.82)
 ('./output/train/20250823-131030-resnet18_vcaV2-224/checkpoint/checkpoint-64.pth.tar', 65.8)

2025-08-23 19:47:54,921 -                train: [    INFO] - Train: 122 [   0/391 (  0%)]  Loss: 72.44 (72.4)  Loss_cat: 1.866 (1.87)  Loss_feat: 69.08 (69.1)  Loss_gt: 1.494 (1.49) LR: 5.000e-04
2025-08-23 19:49:23,954 -                train: [    INFO] - Train: 122 [ 200/391 ( 51%)]  Loss: 73.09 (73.1)  Loss_cat: 1.891 (1.89)  Loss_feat: 69.61 (69.7)  Loss_gt: 1.590 (1.58) LR: 5.000e-04
2025-08-23 19:50:48,498 -                train: [    INFO] - Train: 122 [ 390/391 (100%)]  Loss: 73.20 (73.2)  Loss_cat: 1.871 (1.89)  Loss_feat: 69.72 (69.7)  Loss_gt: 1.612 (1.58) LR: 5.000e-04
2025-08-23 19:50:49,269 -                train: [    INFO] - Test: [   0/39]  Time: 0.711 (0.711)  Loss:  1.0272 (1.0272)  Acc@1: 74.6094 (74.6094)  Acc@5: 92.1875 (92.1875)
2025-08-23 19:51:08,921 -                train: [    INFO] - Test: [  39/39]  Time: 0.026 (0.509)  Loss:  1.4726 (1.2734)  Acc@1: 68.7500 (71.2800)  Acc@5: 87.5000 (88.8200)
2025-08-23 19:51:09,462 - timm.utils.checkpoint_saver: [    INFO] - Current checkpoints:
 ('./output/train/20250823-131030-resnet18_vcaV2-224/checkpoint/checkpoint-122.pth.tar', 71.28)
 ('./output/train/20250823-131030-resnet18_vcaV2-224/checkpoint/checkpoint-121.pth.tar', 71.02)
 ('./output/train/20250823-131030-resnet18_vcaV2-224/checkpoint/checkpoint-120.pth.tar', 70.86)
 ('./output/train/20250823-131030-resnet18_vcaV2-224/checkpoint/checkpoint-119.pth.tar', 70.77)
 ('./output/train/20250823-131030-resnet18_vcaV2-224/checkpoint/checkpoint-97.pth.tar', 66.07)
 ('./output/train/20250823-131030-resnet18_vcaV2-224/checkpoint/checkpoint-62.pth.tar', 66.02)
 ('./output/train/20250823-131030-resnet18_vcaV2-224/checkpoint/checkpoint-66.pth.tar', 65.98)
 ('./output/train/20250823-131030-resnet18_vcaV2-224/checkpoint/checkpoint-71.pth.tar', 65.92)
 ('./output/train/20250823-131030-resnet18_vcaV2-224/checkpoint/checkpoint-107.pth.tar', 65.92)
 ('./output/train/20250823-131030-resnet18_vcaV2-224/checkpoint/checkpoint-117.pth.tar', 65.82)

2025-08-23 19:51:10,683 -                train: [    INFO] - Train: 123 [   0/391 (  0%)]  Loss: 72.02 (72.0)  Loss_cat: 1.894 (1.89)  Loss_feat: 68.67 (68.7)  Loss_gt: 1.461 (1.46) LR: 5.000e-04
2025-08-23 19:52:39,319 -                train: [    INFO] - Train: 123 [ 200/391 ( 51%)]  Loss: 71.34 (71.6)  Loss_cat: 1.894 (1.89)  Loss_feat: 67.90 (68.1)  Loss_gt: 1.540 (1.56) LR: 5.000e-04
2025-08-23 19:54:03,533 -                train: [    INFO] - Train: 123 [ 390/391 (100%)]  Loss: 72.13 (71.6)  Loss_cat: 1.976 (1.89)  Loss_feat: 68.56 (68.1)  Loss_gt: 1.601 (1.57) LR: 5.000e-04
2025-08-23 19:54:04,338 -                train: [    INFO] - Test: [   0/39]  Time: 0.732 (0.732)  Loss:  1.0257 (1.0257)  Acc@1: 75.0000 (75.0000)  Acc@5: 91.7969 (91.7969)
2025-08-23 19:54:22,021 -                train: [    INFO] - Test: [  39/39]  Time: 0.026 (0.460)  Loss:  1.4420 (1.2541)  Acc@1: 62.5000 (71.0300)  Acc@5: 87.5000 (89.0800)
2025-08-23 19:54:23,085 - timm.utils.checkpoint_saver: [    INFO] - Current checkpoints:
 ('./output/train/20250823-131030-resnet18_vcaV2-224/checkpoint/checkpoint-122.pth.tar', 71.28)
 ('./output/train/20250823-131030-resnet18_vcaV2-224/checkpoint/checkpoint-123.pth.tar', 71.03)
 ('./output/train/20250823-131030-resnet18_vcaV2-224/checkpoint/checkpoint-121.pth.tar', 71.02)
 ('./output/train/20250823-131030-resnet18_vcaV2-224/checkpoint/checkpoint-120.pth.tar', 70.86)
 ('./output/train/20250823-131030-resnet18_vcaV2-224/checkpoint/checkpoint-119.pth.tar', 70.77)
 ('./output/train/20250823-131030-resnet18_vcaV2-224/checkpoint/checkpoint-97.pth.tar', 66.07)
 ('./output/train/20250823-131030-resnet18_vcaV2-224/checkpoint/checkpoint-62.pth.tar', 66.02)
 ('./output/train/20250823-131030-resnet18_vcaV2-224/checkpoint/checkpoint-66.pth.tar', 65.98)
 ('./output/train/20250823-131030-resnet18_vcaV2-224/checkpoint/checkpoint-71.pth.tar', 65.92)
 ('./output/train/20250823-131030-resnet18_vcaV2-224/checkpoint/checkpoint-107.pth.tar', 65.92)

2025-08-23 19:54:24,267 -                train: [    INFO] - Train: 124 [   0/391 (  0%)]  Loss: 69.81 (69.8)  Loss_cat: 1.859 (1.86)  Loss_feat: 66.33 (66.3)  Loss_gt: 1.625 (1.63) LR: 5.000e-04
2025-08-23 19:55:53,183 -                train: [    INFO] - Train: 124 [ 200/391 ( 51%)]  Loss: 69.91 (70.1)  Loss_cat: 1.879 (1.89)  Loss_feat: 66.51 (66.6)  Loss_gt: 1.520 (1.56) LR: 5.000e-04
2025-08-23 19:57:17,639 -                train: [    INFO] - Train: 124 [ 390/391 (100%)]  Loss: 70.28 (70.1)  Loss_cat: 1.870 (1.88)  Loss_feat: 66.77 (66.6)  Loss_gt: 1.633 (1.57) LR: 5.000e-04
2025-08-23 19:57:18,430 -                train: [    INFO] - Test: [   0/39]  Time: 0.719 (0.719)  Loss:  0.9775 (0.9775)  Acc@1: 76.1719 (76.1719)  Acc@5: 93.3594 (93.3594)
2025-08-23 19:57:34,714 -                train: [    INFO] - Test: [  39/39]  Time: 0.026 (0.425)  Loss:  1.4148 (1.2677)  Acc@1: 62.5000 (71.0900)  Acc@5: 93.7500 (88.9500)
2025-08-23 19:57:35,309 - timm.utils.checkpoint_saver: [    INFO] - Current checkpoints:
 ('./output/train/20250823-131030-resnet18_vcaV2-224/checkpoint/checkpoint-122.pth.tar', 71.28)
 ('./output/train/20250823-131030-resnet18_vcaV2-224/checkpoint/checkpoint-124.pth.tar', 71.09)
 ('./output/train/20250823-131030-resnet18_vcaV2-224/checkpoint/checkpoint-123.pth.tar', 71.03)
 ('./output/train/20250823-131030-resnet18_vcaV2-224/checkpoint/checkpoint-121.pth.tar', 71.02)
 ('./output/train/20250823-131030-resnet18_vcaV2-224/checkpoint/checkpoint-120.pth.tar', 70.86)
 ('./output/train/20250823-131030-resnet18_vcaV2-224/checkpoint/checkpoint-119.pth.tar', 70.77)
 ('./output/train/20250823-131030-resnet18_vcaV2-224/checkpoint/checkpoint-97.pth.tar', 66.07)
 ('./output/train/20250823-131030-resnet18_vcaV2-224/checkpoint/checkpoint-62.pth.tar', 66.02)
 ('./output/train/20250823-131030-resnet18_vcaV2-224/checkpoint/checkpoint-66.pth.tar', 65.98)
 ('./output/train/20250823-131030-resnet18_vcaV2-224/checkpoint/checkpoint-71.pth.tar', 65.92)

2025-08-23 19:57:36,559 -                train: [    INFO] - Train: 125 [   0/391 (  0%)]  Loss: 68.21 (68.2)  Loss_cat: 1.866 (1.87)  Loss_feat: 64.76 (64.8)  Loss_gt: 1.582 (1.58) LR: 5.000e-04
2025-08-23 19:59:05,601 -                train: [    INFO] - Train: 125 [ 200/391 ( 51%)]  Loss: 68.59 (68.5)  Loss_cat: 1.885 (1.88)  Loss_feat: 65.16 (65.1)  Loss_gt: 1.545 (1.56) LR: 5.000e-04
2025-08-23 20:00:30,565 -                train: [    INFO] - Train: 125 [ 390/391 (100%)]  Loss: 68.47 (68.5)  Loss_cat: 1.852 (1.88)  Loss_feat: 65.03 (65.1)  Loss_gt: 1.586 (1.56) LR: 5.000e-04
2025-08-23 20:00:31,381 -                train: [    INFO] - Test: [   0/39]  Time: 0.747 (0.747)  Loss:  0.9989 (0.9989)  Acc@1: 76.1719 (76.1719)  Acc@5: 92.9688 (92.9688)
2025-08-23 20:00:53,573 -                train: [    INFO] - Test: [  39/39]  Time: 0.026 (0.573)  Loss:  1.3695 (1.2612)  Acc@1: 68.7500 (71.1900)  Acc@5: 87.5000 (88.9500)
2025-08-23 20:00:54,117 - timm.utils.checkpoint_saver: [    INFO] - Current checkpoints:
 ('./output/train/20250823-131030-resnet18_vcaV2-224/checkpoint/checkpoint-122.pth.tar', 71.28)
 ('./output/train/20250823-131030-resnet18_vcaV2-224/checkpoint/checkpoint-125.pth.tar', 71.19)
 ('./output/train/20250823-131030-resnet18_vcaV2-224/checkpoint/checkpoint-124.pth.tar', 71.09)
 ('./output/train/20250823-131030-resnet18_vcaV2-224/checkpoint/checkpoint-123.pth.tar', 71.03)
 ('./output/train/20250823-131030-resnet18_vcaV2-224/checkpoint/checkpoint-121.pth.tar', 71.02)
 ('./output/train/20250823-131030-resnet18_vcaV2-224/checkpoint/checkpoint-120.pth.tar', 70.86)
 ('./output/train/20250823-131030-resnet18_vcaV2-224/checkpoint/checkpoint-119.pth.tar', 70.77)
 ('./output/train/20250823-131030-resnet18_vcaV2-224/checkpoint/checkpoint-97.pth.tar', 66.07)
 ('./output/train/20250823-131030-resnet18_vcaV2-224/checkpoint/checkpoint-62.pth.tar', 66.02)
 ('./output/train/20250823-131030-resnet18_vcaV2-224/checkpoint/checkpoint-66.pth.tar', 65.98)

2025-08-23 20:00:55,512 -                train: [    INFO] - Train: 126 [   0/391 (  0%)]  Loss: 66.77 (66.8)  Loss_cat: 1.822 (1.82)  Loss_feat: 63.30 (63.3)  Loss_gt: 1.649 (1.65) LR: 5.000e-04
2025-08-23 20:02:24,866 -                train: [    INFO] - Train: 126 [ 200/391 ( 51%)]  Loss: 66.91 (67.0)  Loss_cat: 1.919 (1.88)  Loss_feat: 63.46 (63.6)  Loss_gt: 1.525 (1.55) LR: 5.000e-04
2025-08-23 20:03:49,723 -                train: [    INFO] - Train: 126 [ 390/391 (100%)]  Loss: 67.10 (67.0)  Loss_cat: 1.884 (1.88)  Loss_feat: 63.66 (63.6)  Loss_gt: 1.559 (1.56) LR: 5.000e-04
2025-08-23 20:03:50,647 -                train: [    INFO] - Test: [   0/39]  Time: 0.853 (0.853)  Loss:  1.0179 (1.0179)  Acc@1: 75.7812 (75.7812)  Acc@5: 92.5781 (92.5781)
2025-08-23 20:04:09,627 -                train: [    INFO] - Test: [  39/39]  Time: 0.025 (0.496)  Loss:  1.4486 (1.2670)  Acc@1: 62.5000 (70.9700)  Acc@5: 87.5000 (88.8600)
2025-08-23 20:04:10,510 - timm.utils.checkpoint_saver: [    INFO] - Current checkpoints:
 ('./output/train/20250823-131030-resnet18_vcaV2-224/checkpoint/checkpoint-122.pth.tar', 71.28)
 ('./output/train/20250823-131030-resnet18_vcaV2-224/checkpoint/checkpoint-125.pth.tar', 71.19)
 ('./output/train/20250823-131030-resnet18_vcaV2-224/checkpoint/checkpoint-124.pth.tar', 71.09)
 ('./output/train/20250823-131030-resnet18_vcaV2-224/checkpoint/checkpoint-123.pth.tar', 71.03)
 ('./output/train/20250823-131030-resnet18_vcaV2-224/checkpoint/checkpoint-121.pth.tar', 71.02)
 ('./output/train/20250823-131030-resnet18_vcaV2-224/checkpoint/checkpoint-126.pth.tar', 70.97)
 ('./output/train/20250823-131030-resnet18_vcaV2-224/checkpoint/checkpoint-120.pth.tar', 70.86)
 ('./output/train/20250823-131030-resnet18_vcaV2-224/checkpoint/checkpoint-119.pth.tar', 70.77)
 ('./output/train/20250823-131030-resnet18_vcaV2-224/checkpoint/checkpoint-97.pth.tar', 66.07)
 ('./output/train/20250823-131030-resnet18_vcaV2-224/checkpoint/checkpoint-62.pth.tar', 66.02)

2025-08-23 20:04:11,857 -                train: [    INFO] - Train: 127 [   0/391 (  0%)]  Loss: 65.17 (65.2)  Loss_cat: 1.892 (1.89)  Loss_feat: 61.77 (61.8)  Loss_gt: 1.504 (1.50) LR: 5.000e-04
2025-08-23 20:05:41,249 -                train: [    INFO] - Train: 127 [ 200/391 ( 51%)]  Loss: 65.39 (65.5)  Loss_cat: 1.854 (1.88)  Loss_feat: 61.93 (62.1)  Loss_gt: 1.609 (1.55) LR: 5.000e-04
2025-08-23 20:07:05,848 -                train: [    INFO] - Train: 127 [ 390/391 (100%)]  Loss: 66.41 (65.6)  Loss_cat: 1.915 (1.88)  Loss_feat: 62.76 (62.1)  Loss_gt: 1.729 (1.55) LR: 5.000e-04
2025-08-23 20:07:06,654 -                train: [    INFO] - Test: [   0/39]  Time: 0.739 (0.739)  Loss:  0.9684 (0.9684)  Acc@1: 75.7812 (75.7812)  Acc@5: 92.5781 (92.5781)
2025-08-23 20:07:23,575 -                train: [    INFO] - Test: [  39/39]  Time: 0.025 (0.442)  Loss:  1.4187 (1.2572)  Acc@1: 68.7500 (70.9900)  Acc@5: 87.5000 (88.9100)
2025-08-23 20:07:24,139 - timm.utils.checkpoint_saver: [    INFO] - Current checkpoints:
 ('./output/train/20250823-131030-resnet18_vcaV2-224/checkpoint/checkpoint-122.pth.tar', 71.28)
 ('./output/train/20250823-131030-resnet18_vcaV2-224/checkpoint/checkpoint-125.pth.tar', 71.19)
 ('./output/train/20250823-131030-resnet18_vcaV2-224/checkpoint/checkpoint-124.pth.tar', 71.09)
 ('./output/train/20250823-131030-resnet18_vcaV2-224/checkpoint/checkpoint-123.pth.tar', 71.03)
 ('./output/train/20250823-131030-resnet18_vcaV2-224/checkpoint/checkpoint-121.pth.tar', 71.02)
 ('./output/train/20250823-131030-resnet18_vcaV2-224/checkpoint/checkpoint-127.pth.tar', 70.99)
 ('./output/train/20250823-131030-resnet18_vcaV2-224/checkpoint/checkpoint-126.pth.tar', 70.97)
 ('./output/train/20250823-131030-resnet18_vcaV2-224/checkpoint/checkpoint-120.pth.tar', 70.86)
 ('./output/train/20250823-131030-resnet18_vcaV2-224/checkpoint/checkpoint-119.pth.tar', 70.77)
 ('./output/train/20250823-131030-resnet18_vcaV2-224/checkpoint/checkpoint-97.pth.tar', 66.07)

2025-08-23 20:07:25,329 -                train: [    INFO] - Train: 128 [   0/391 (  0%)]  Loss: 63.67 (63.7)  Loss_cat: 1.839 (1.84)  Loss_feat: 60.30 (60.3)  Loss_gt: 1.527 (1.53) LR: 5.000e-04
2025-08-23 20:08:54,400 -                train: [    INFO] - Train: 128 [ 200/391 ( 51%)]  Loss: 64.23 (64.0)  Loss_cat: 1.874 (1.88)  Loss_feat: 60.90 (60.6)  Loss_gt: 1.459 (1.54) LR: 5.000e-04
2025-08-23 20:10:19,235 -                train: [    INFO] - Train: 128 [ 390/391 (100%)]  Loss: 65.13 (64.1)  Loss_cat: 1.880 (1.88)  Loss_feat: 61.56 (60.6)  Loss_gt: 1.690 (1.55) LR: 5.000e-04
2025-08-23 20:10:19,961 -                train: [    INFO] - Test: [   0/39]  Time: 0.667 (0.667)  Loss:  1.0022 (1.0022)  Acc@1: 76.1719 (76.1719)  Acc@5: 92.9688 (92.9688)
2025-08-23 20:10:38,101 -                train: [    INFO] - Test: [  39/39]  Time: 0.030 (0.470)  Loss:  1.4684 (1.2622)  Acc@1: 62.5000 (71.2700)  Acc@5: 87.5000 (89.0200)
2025-08-23 20:10:38,808 - timm.utils.checkpoint_saver: [    INFO] - Current checkpoints:
 ('./output/train/20250823-131030-resnet18_vcaV2-224/checkpoint/checkpoint-122.pth.tar', 71.28)
 ('./output/train/20250823-131030-resnet18_vcaV2-224/checkpoint/checkpoint-128.pth.tar', 71.27)
 ('./output/train/20250823-131030-resnet18_vcaV2-224/checkpoint/checkpoint-125.pth.tar', 71.19)
 ('./output/train/20250823-131030-resnet18_vcaV2-224/checkpoint/checkpoint-124.pth.tar', 71.09)
 ('./output/train/20250823-131030-resnet18_vcaV2-224/checkpoint/checkpoint-123.pth.tar', 71.03)
 ('./output/train/20250823-131030-resnet18_vcaV2-224/checkpoint/checkpoint-121.pth.tar', 71.02)
 ('./output/train/20250823-131030-resnet18_vcaV2-224/checkpoint/checkpoint-127.pth.tar', 70.99)
 ('./output/train/20250823-131030-resnet18_vcaV2-224/checkpoint/checkpoint-126.pth.tar', 70.97)
 ('./output/train/20250823-131030-resnet18_vcaV2-224/checkpoint/checkpoint-120.pth.tar', 70.86)
 ('./output/train/20250823-131030-resnet18_vcaV2-224/checkpoint/checkpoint-119.pth.tar', 70.77)

2025-08-23 20:10:40,278 -                train: [    INFO] - Train: 129 [   0/391 (  0%)]  Loss: 61.98 (62.0)  Loss_cat: 1.860 (1.86)  Loss_feat: 58.56 (58.6)  Loss_gt: 1.552 (1.55) LR: 5.000e-04
2025-08-23 20:12:09,294 -                train: [    INFO] - Train: 129 [ 200/391 ( 51%)]  Loss: 62.56 (62.6)  Loss_cat: 1.845 (1.87)  Loss_feat: 59.26 (59.2)  Loss_gt: 1.457 (1.53) LR: 5.000e-04
2025-08-23 20:13:33,924 -                train: [    INFO] - Train: 129 [ 390/391 (100%)]  Loss: 63.43 (62.6)  Loss_cat: 1.870 (1.87)  Loss_feat: 59.86 (59.2)  Loss_gt: 1.698 (1.54) LR: 5.000e-04
2025-08-23 20:13:34,655 -                train: [    INFO] - Test: [   0/39]  Time: 0.658 (0.658)  Loss:  0.9853 (0.9853)  Acc@1: 75.3906 (75.3906)  Acc@5: 92.1875 (92.1875)
2025-08-23 20:13:52,365 -                train: [    INFO] - Test: [  39/39]  Time: 0.023 (0.459)  Loss:  1.3919 (1.2774)  Acc@1: 68.7500 (70.8300)  Acc@5: 87.5000 (88.7500)
2025-08-23 20:13:53,115 - timm.utils.checkpoint_saver: [    INFO] - Current checkpoints:
 ('./output/train/20250823-131030-resnet18_vcaV2-224/checkpoint/checkpoint-122.pth.tar', 71.28)
 ('./output/train/20250823-131030-resnet18_vcaV2-224/checkpoint/checkpoint-128.pth.tar', 71.27)
 ('./output/train/20250823-131030-resnet18_vcaV2-224/checkpoint/checkpoint-125.pth.tar', 71.19)
 ('./output/train/20250823-131030-resnet18_vcaV2-224/checkpoint/checkpoint-124.pth.tar', 71.09)
 ('./output/train/20250823-131030-resnet18_vcaV2-224/checkpoint/checkpoint-123.pth.tar', 71.03)
 ('./output/train/20250823-131030-resnet18_vcaV2-224/checkpoint/checkpoint-121.pth.tar', 71.02)
 ('./output/train/20250823-131030-resnet18_vcaV2-224/checkpoint/checkpoint-127.pth.tar', 70.99)
 ('./output/train/20250823-131030-resnet18_vcaV2-224/checkpoint/checkpoint-126.pth.tar', 70.97)
 ('./output/train/20250823-131030-resnet18_vcaV2-224/checkpoint/checkpoint-120.pth.tar', 70.86)
 ('./output/train/20250823-131030-resnet18_vcaV2-224/checkpoint/checkpoint-129.pth.tar', 70.83)

2025-08-23 20:13:54,378 -                train: [    INFO] - Train: 130 [   0/391 (  0%)]  Loss: 61.24 (61.2)  Loss_cat: 1.875 (1.88)  Loss_feat: 57.81 (57.8)  Loss_gt: 1.549 (1.55) LR: 5.000e-04
2025-08-23 20:15:22,942 -                train: [    INFO] - Train: 130 [ 200/391 ( 51%)]  Loss: 61.79 (61.1)  Loss_cat: 1.926 (1.87)  Loss_feat: 58.32 (57.7)  Loss_gt: 1.540 (1.54) LR: 5.000e-04
2025-08-23 20:16:47,904 -                train: [    INFO] - Train: 130 [ 390/391 (100%)]  Loss: 61.06 (61.2)  Loss_cat: 1.874 (1.87)  Loss_feat: 57.67 (57.7)  Loss_gt: 1.511 (1.54) LR: 5.000e-04
2025-08-23 20:16:48,618 -                train: [    INFO] - Test: [   0/39]  Time: 0.640 (0.640)  Loss:  0.9755 (0.9755)  Acc@1: 75.7812 (75.7812)  Acc@5: 92.5781 (92.5781)
2025-08-23 20:17:05,611 -                train: [    INFO] - Test: [  39/39]  Time: 0.026 (0.441)  Loss:  1.5922 (1.2627)  Acc@1: 62.5000 (70.9900)  Acc@5: 87.5000 (88.9400)
2025-08-23 20:17:06,212 - timm.utils.checkpoint_saver: [    INFO] - Current checkpoints:
 ('./output/train/20250823-131030-resnet18_vcaV2-224/checkpoint/checkpoint-122.pth.tar', 71.28)
 ('./output/train/20250823-131030-resnet18_vcaV2-224/checkpoint/checkpoint-128.pth.tar', 71.27)
 ('./output/train/20250823-131030-resnet18_vcaV2-224/checkpoint/checkpoint-125.pth.tar', 71.19)
 ('./output/train/20250823-131030-resnet18_vcaV2-224/checkpoint/checkpoint-124.pth.tar', 71.09)
 ('./output/train/20250823-131030-resnet18_vcaV2-224/checkpoint/checkpoint-123.pth.tar', 71.03)
 ('./output/train/20250823-131030-resnet18_vcaV2-224/checkpoint/checkpoint-121.pth.tar', 71.02)
 ('./output/train/20250823-131030-resnet18_vcaV2-224/checkpoint/checkpoint-127.pth.tar', 70.99)
 ('./output/train/20250823-131030-resnet18_vcaV2-224/checkpoint/checkpoint-130.pth.tar', 70.99)
 ('./output/train/20250823-131030-resnet18_vcaV2-224/checkpoint/checkpoint-126.pth.tar', 70.97)
 ('./output/train/20250823-131030-resnet18_vcaV2-224/checkpoint/checkpoint-120.pth.tar', 70.86)

2025-08-23 20:17:07,475 -                train: [    INFO] - Train: 131 [   0/391 (  0%)]  Loss: 59.96 (60.0)  Loss_cat: 1.909 (1.91)  Loss_feat: 56.55 (56.6)  Loss_gt: 1.504 (1.50) LR: 5.000e-04
2025-08-23 20:18:36,857 -                train: [    INFO] - Train: 131 [ 200/391 ( 51%)]  Loss: 59.72 (59.7)  Loss_cat: 1.918 (1.87)  Loss_feat: 56.27 (56.3)  Loss_gt: 1.529 (1.53) LR: 5.000e-04
2025-08-23 20:20:01,295 -                train: [    INFO] - Train: 131 [ 390/391 (100%)]  Loss: 59.66 (59.7)  Loss_cat: 1.884 (1.87)  Loss_feat: 56.19 (56.3)  Loss_gt: 1.594 (1.53) LR: 5.000e-04
2025-08-23 20:20:02,027 -                train: [    INFO] - Test: [   0/39]  Time: 0.660 (0.660)  Loss:  0.9743 (0.9743)  Acc@1: 76.5625 (76.5625)  Acc@5: 92.5781 (92.5781)
2025-08-23 20:20:19,849 -                train: [    INFO] - Test: [  39/39]  Time: 0.029 (0.462)  Loss:  1.4833 (1.2704)  Acc@1: 62.5000 (71.0300)  Acc@5: 87.5000 (88.7700)
2025-08-23 20:20:20,707 - timm.utils.checkpoint_saver: [    INFO] - Current checkpoints:
 ('./output/train/20250823-131030-resnet18_vcaV2-224/checkpoint/checkpoint-122.pth.tar', 71.28)
 ('./output/train/20250823-131030-resnet18_vcaV2-224/checkpoint/checkpoint-128.pth.tar', 71.27)
 ('./output/train/20250823-131030-resnet18_vcaV2-224/checkpoint/checkpoint-125.pth.tar', 71.19)
 ('./output/train/20250823-131030-resnet18_vcaV2-224/checkpoint/checkpoint-124.pth.tar', 71.09)
 ('./output/train/20250823-131030-resnet18_vcaV2-224/checkpoint/checkpoint-123.pth.tar', 71.03)
 ('./output/train/20250823-131030-resnet18_vcaV2-224/checkpoint/checkpoint-131.pth.tar', 71.03)
 ('./output/train/20250823-131030-resnet18_vcaV2-224/checkpoint/checkpoint-121.pth.tar', 71.02)
 ('./output/train/20250823-131030-resnet18_vcaV2-224/checkpoint/checkpoint-127.pth.tar', 70.99)
 ('./output/train/20250823-131030-resnet18_vcaV2-224/checkpoint/checkpoint-130.pth.tar', 70.99)
 ('./output/train/20250823-131030-resnet18_vcaV2-224/checkpoint/checkpoint-126.pth.tar', 70.97)

2025-08-23 20:20:22,027 -                train: [    INFO] - Train: 132 [   0/391 (  0%)]  Loss: 58.28 (58.3)  Loss_cat: 1.871 (1.87)  Loss_feat: 54.77 (54.8)  Loss_gt: 1.643 (1.64) LR: 5.000e-04
2025-08-23 20:21:51,186 -                train: [    INFO] - Train: 132 [ 200/391 ( 51%)]  Loss: 58.06 (58.3)  Loss_cat: 1.837 (1.87)  Loss_feat: 54.75 (54.9)  Loss_gt: 1.477 (1.53) LR: 5.000e-04
2025-08-23 20:23:15,909 -                train: [    INFO] - Train: 132 [ 390/391 (100%)]  Loss: 58.83 (58.3)  Loss_cat: 1.932 (1.87)  Loss_feat: 55.33 (54.9)  Loss_gt: 1.568 (1.53) LR: 5.000e-04
2025-08-23 20:23:16,628 -                train: [    INFO] - Test: [   0/39]  Time: 0.640 (0.640)  Loss:  0.9421 (0.9421)  Acc@1: 77.7344 (77.7344)  Acc@5: 93.3594 (93.3594)
2025-08-23 20:23:31,891 -                train: [    INFO] - Test: [  39/39]  Time: 0.031 (0.398)  Loss:  1.4458 (1.2621)  Acc@1: 75.0000 (71.3700)  Acc@5: 87.5000 (88.9600)
2025-08-23 20:23:32,467 - timm.utils.checkpoint_saver: [    INFO] - Current checkpoints:
 ('./output/train/20250823-131030-resnet18_vcaV2-224/checkpoint/checkpoint-132.pth.tar', 71.37)
 ('./output/train/20250823-131030-resnet18_vcaV2-224/checkpoint/checkpoint-122.pth.tar', 71.28)
 ('./output/train/20250823-131030-resnet18_vcaV2-224/checkpoint/checkpoint-128.pth.tar', 71.27)
 ('./output/train/20250823-131030-resnet18_vcaV2-224/checkpoint/checkpoint-125.pth.tar', 71.19)
 ('./output/train/20250823-131030-resnet18_vcaV2-224/checkpoint/checkpoint-124.pth.tar', 71.09)
 ('./output/train/20250823-131030-resnet18_vcaV2-224/checkpoint/checkpoint-123.pth.tar', 71.03)
 ('./output/train/20250823-131030-resnet18_vcaV2-224/checkpoint/checkpoint-131.pth.tar', 71.03)
 ('./output/train/20250823-131030-resnet18_vcaV2-224/checkpoint/checkpoint-121.pth.tar', 71.02)
 ('./output/train/20250823-131030-resnet18_vcaV2-224/checkpoint/checkpoint-127.pth.tar', 70.99)
 ('./output/train/20250823-131030-resnet18_vcaV2-224/checkpoint/checkpoint-130.pth.tar', 70.99)

2025-08-23 20:23:33,611 -                train: [    INFO] - Train: 133 [   0/391 (  0%)]  Loss: 56.67 (56.7)  Loss_cat: 1.832 (1.83)  Loss_feat: 53.32 (53.3)  Loss_gt: 1.517 (1.52) LR: 5.000e-04
2025-08-23 20:25:03,061 -                train: [    INFO] - Train: 133 [ 200/391 ( 51%)]  Loss: 56.74 (56.9)  Loss_cat: 1.826 (1.87)  Loss_feat: 53.40 (53.5)  Loss_gt: 1.514 (1.52) LR: 5.000e-04
2025-08-23 20:26:27,740 -                train: [    INFO] - Train: 133 [ 390/391 (100%)]  Loss: 57.22 (56.9)  Loss_cat: 1.953 (1.87)  Loss_feat: 53.68 (53.5)  Loss_gt: 1.592 (1.52) LR: 5.000e-04
2025-08-23 20:26:28,460 -                train: [    INFO] - Test: [   0/39]  Time: 0.643 (0.643)  Loss:  0.9752 (0.9752)  Acc@1: 76.9531 (76.9531)  Acc@5: 92.1875 (92.1875)
2025-08-23 20:26:42,895 -                train: [    INFO] - Test: [  39/39]  Time: 0.030 (0.377)  Loss:  1.3126 (1.2531)  Acc@1: 68.7500 (71.2800)  Acc@5: 93.7500 (88.9900)
2025-08-23 20:26:43,462 - timm.utils.checkpoint_saver: [    INFO] - Current checkpoints:
 ('./output/train/20250823-131030-resnet18_vcaV2-224/checkpoint/checkpoint-132.pth.tar', 71.37)
 ('./output/train/20250823-131030-resnet18_vcaV2-224/checkpoint/checkpoint-122.pth.tar', 71.28)
 ('./output/train/20250823-131030-resnet18_vcaV2-224/checkpoint/checkpoint-133.pth.tar', 71.28)
 ('./output/train/20250823-131030-resnet18_vcaV2-224/checkpoint/checkpoint-128.pth.tar', 71.27)
 ('./output/train/20250823-131030-resnet18_vcaV2-224/checkpoint/checkpoint-125.pth.tar', 71.19)
 ('./output/train/20250823-131030-resnet18_vcaV2-224/checkpoint/checkpoint-124.pth.tar', 71.09)
 ('./output/train/20250823-131030-resnet18_vcaV2-224/checkpoint/checkpoint-123.pth.tar', 71.03)
 ('./output/train/20250823-131030-resnet18_vcaV2-224/checkpoint/checkpoint-131.pth.tar', 71.03)
 ('./output/train/20250823-131030-resnet18_vcaV2-224/checkpoint/checkpoint-121.pth.tar', 71.02)
 ('./output/train/20250823-131030-resnet18_vcaV2-224/checkpoint/checkpoint-127.pth.tar', 70.99)

2025-08-23 20:26:44,723 -                train: [    INFO] - Train: 134 [   0/391 (  0%)]  Loss: 55.16 (55.2)  Loss_cat: 1.828 (1.83)  Loss_feat: 51.82 (51.8)  Loss_gt: 1.515 (1.52) LR: 5.000e-04
2025-08-23 20:28:14,062 -                train: [    INFO] - Train: 134 [ 200/391 ( 51%)]  Loss: 55.51 (55.5)  Loss_cat: 1.884 (1.87)  Loss_feat: 52.04 (52.1)  Loss_gt: 1.581 (1.51) LR: 5.000e-04
2025-08-23 20:29:38,535 -                train: [    INFO] - Train: 134 [ 390/391 (100%)]  Loss: 55.94 (55.5)  Loss_cat: 1.912 (1.87)  Loss_feat: 52.44 (52.1)  Loss_gt: 1.588 (1.52) LR: 5.000e-04
2025-08-23 20:29:39,342 -                train: [    INFO] - Test: [   0/39]  Time: 0.732 (0.732)  Loss:  0.9378 (0.9378)  Acc@1: 76.1719 (76.1719)  Acc@5: 92.9688 (92.9688)
2025-08-23 20:29:56,010 -                train: [    INFO] - Test: [  39/39]  Time: 0.029 (0.435)  Loss:  1.4815 (1.2718)  Acc@1: 68.7500 (71.3800)  Acc@5: 87.5000 (88.8700)
2025-08-23 20:29:56,472 - timm.utils.checkpoint_saver: [    INFO] - Current checkpoints:
 ('./output/train/20250823-131030-resnet18_vcaV2-224/checkpoint/checkpoint-134.pth.tar', 71.38)
 ('./output/train/20250823-131030-resnet18_vcaV2-224/checkpoint/checkpoint-132.pth.tar', 71.37)
 ('./output/train/20250823-131030-resnet18_vcaV2-224/checkpoint/checkpoint-122.pth.tar', 71.28)
 ('./output/train/20250823-131030-resnet18_vcaV2-224/checkpoint/checkpoint-133.pth.tar', 71.28)
 ('./output/train/20250823-131030-resnet18_vcaV2-224/checkpoint/checkpoint-128.pth.tar', 71.27)
 ('./output/train/20250823-131030-resnet18_vcaV2-224/checkpoint/checkpoint-125.pth.tar', 71.19)
 ('./output/train/20250823-131030-resnet18_vcaV2-224/checkpoint/checkpoint-124.pth.tar', 71.09)
 ('./output/train/20250823-131030-resnet18_vcaV2-224/checkpoint/checkpoint-123.pth.tar', 71.03)
 ('./output/train/20250823-131030-resnet18_vcaV2-224/checkpoint/checkpoint-131.pth.tar', 71.03)
 ('./output/train/20250823-131030-resnet18_vcaV2-224/checkpoint/checkpoint-121.pth.tar', 71.02)

2025-08-23 20:29:57,664 -                train: [    INFO] - Train: 135 [   0/391 (  0%)]  Loss: 54.61 (54.6)  Loss_cat: 1.891 (1.89)  Loss_feat: 51.20 (51.2)  Loss_gt: 1.519 (1.52) LR: 5.000e-04
2025-08-23 20:31:26,690 -                train: [    INFO] - Train: 135 [ 200/391 ( 51%)]  Loss: 53.85 (54.0)  Loss_cat: 1.819 (1.86)  Loss_feat: 50.50 (50.7)  Loss_gt: 1.541 (1.51) LR: 5.000e-04
2025-08-23 20:32:50,865 -                train: [    INFO] - Train: 135 [ 390/391 (100%)]  Loss: 54.47 (54.1)  Loss_cat: 1.915 (1.87)  Loss_feat: 51.04 (50.7)  Loss_gt: 1.520 (1.52) LR: 5.000e-04
2025-08-23 20:32:51,575 -                train: [    INFO] - Test: [   0/39]  Time: 0.638 (0.638)  Loss:  1.0036 (1.0036)  Acc@1: 76.9531 (76.9531)  Acc@5: 92.1875 (92.1875)
2025-08-23 20:33:07,464 -                train: [    INFO] - Test: [  39/39]  Time: 0.025 (0.413)  Loss:  1.4177 (1.2690)  Acc@1: 68.7500 (71.3700)  Acc@5: 87.5000 (88.6800)
2025-08-23 20:33:08,025 - timm.utils.checkpoint_saver: [    INFO] - Current checkpoints:
 ('./output/train/20250823-131030-resnet18_vcaV2-224/checkpoint/checkpoint-134.pth.tar', 71.38)
 ('./output/train/20250823-131030-resnet18_vcaV2-224/checkpoint/checkpoint-132.pth.tar', 71.37)
 ('./output/train/20250823-131030-resnet18_vcaV2-224/checkpoint/checkpoint-135.pth.tar', 71.37)
 ('./output/train/20250823-131030-resnet18_vcaV2-224/checkpoint/checkpoint-122.pth.tar', 71.28)
 ('./output/train/20250823-131030-resnet18_vcaV2-224/checkpoint/checkpoint-133.pth.tar', 71.28)
 ('./output/train/20250823-131030-resnet18_vcaV2-224/checkpoint/checkpoint-128.pth.tar', 71.27)
 ('./output/train/20250823-131030-resnet18_vcaV2-224/checkpoint/checkpoint-125.pth.tar', 71.19)
 ('./output/train/20250823-131030-resnet18_vcaV2-224/checkpoint/checkpoint-124.pth.tar', 71.09)
 ('./output/train/20250823-131030-resnet18_vcaV2-224/checkpoint/checkpoint-123.pth.tar', 71.03)
 ('./output/train/20250823-131030-resnet18_vcaV2-224/checkpoint/checkpoint-131.pth.tar', 71.03)

2025-08-23 20:33:09,177 -                train: [    INFO] - Train: 136 [   0/391 (  0%)]  Loss: 53.02 (53.0)  Loss_cat: 1.883 (1.88)  Loss_feat: 49.60 (49.6)  Loss_gt: 1.541 (1.54) LR: 5.000e-04
2025-08-23 20:34:38,239 -                train: [    INFO] - Train: 136 [ 200/391 ( 51%)]  Loss: 52.54 (52.7)  Loss_cat: 1.834 (1.87)  Loss_feat: 49.24 (49.3)  Loss_gt: 1.474 (1.51) LR: 5.000e-04
2025-08-23 20:36:02,972 -                train: [    INFO] - Train: 136 [ 390/391 (100%)]  Loss: 52.55 (52.7)  Loss_cat: 1.838 (1.87)  Loss_feat: 49.14 (49.3)  Loss_gt: 1.571 (1.51) LR: 5.000e-04
2025-08-23 20:36:03,779 -                train: [    INFO] - Test: [   0/39]  Time: 0.725 (0.725)  Loss:  0.9617 (0.9617)  Acc@1: 75.7812 (75.7812)  Acc@5: 93.7500 (93.7500)
2025-08-23 20:36:21,182 -                train: [    INFO] - Test: [  39/39]  Time: 0.031 (0.453)  Loss:  1.4477 (1.2486)  Acc@1: 62.5000 (71.1100)  Acc@5: 87.5000 (89.2800)
2025-08-23 20:36:21,761 - timm.utils.checkpoint_saver: [    INFO] - Current checkpoints:
 ('./output/train/20250823-131030-resnet18_vcaV2-224/checkpoint/checkpoint-134.pth.tar', 71.38)
 ('./output/train/20250823-131030-resnet18_vcaV2-224/checkpoint/checkpoint-132.pth.tar', 71.37)
 ('./output/train/20250823-131030-resnet18_vcaV2-224/checkpoint/checkpoint-135.pth.tar', 71.37)
 ('./output/train/20250823-131030-resnet18_vcaV2-224/checkpoint/checkpoint-122.pth.tar', 71.28)
 ('./output/train/20250823-131030-resnet18_vcaV2-224/checkpoint/checkpoint-133.pth.tar', 71.28)
 ('./output/train/20250823-131030-resnet18_vcaV2-224/checkpoint/checkpoint-128.pth.tar', 71.27)
 ('./output/train/20250823-131030-resnet18_vcaV2-224/checkpoint/checkpoint-125.pth.tar', 71.19)
 ('./output/train/20250823-131030-resnet18_vcaV2-224/checkpoint/checkpoint-136.pth.tar', 71.11)
 ('./output/train/20250823-131030-resnet18_vcaV2-224/checkpoint/checkpoint-124.pth.tar', 71.09)
 ('./output/train/20250823-131030-resnet18_vcaV2-224/checkpoint/checkpoint-123.pth.tar', 71.03)

2025-08-23 20:36:22,953 -                train: [    INFO] - Train: 137 [   0/391 (  0%)]  Loss: 51.79 (51.8)  Loss_cat: 1.891 (1.89)  Loss_feat: 48.30 (48.3)  Loss_gt: 1.597 (1.60) LR: 5.000e-04
2025-08-23 20:37:52,083 -                train: [    INFO] - Train: 137 [ 200/391 ( 51%)]  Loss: 51.71 (51.3)  Loss_cat: 1.894 (1.86)  Loss_feat: 48.33 (48.0)  Loss_gt: 1.488 (1.50) LR: 5.000e-04
2025-08-23 20:39:16,348 -                train: [    INFO] - Train: 137 [ 390/391 (100%)]  Loss: 51.40 (51.4)  Loss_cat: 1.879 (1.86)  Loss_feat: 47.95 (48.0)  Loss_gt: 1.569 (1.51) LR: 5.000e-04
2025-08-23 20:39:17,068 -                train: [    INFO] - Test: [   0/39]  Time: 0.651 (0.651)  Loss:  0.9570 (0.9570)  Acc@1: 76.5625 (76.5625)  Acc@5: 92.9688 (92.9688)
2025-08-23 20:39:33,243 -                train: [    INFO] - Test: [  39/39]  Time: 0.026 (0.421)  Loss:  1.4008 (1.2567)  Acc@1: 62.5000 (71.1200)  Acc@5: 87.5000 (89.1200)
2025-08-23 20:39:33,819 - timm.utils.checkpoint_saver: [    INFO] - Current checkpoints:
 ('./output/train/20250823-131030-resnet18_vcaV2-224/checkpoint/checkpoint-134.pth.tar', 71.38)
 ('./output/train/20250823-131030-resnet18_vcaV2-224/checkpoint/checkpoint-132.pth.tar', 71.37)
 ('./output/train/20250823-131030-resnet18_vcaV2-224/checkpoint/checkpoint-135.pth.tar', 71.37)
 ('./output/train/20250823-131030-resnet18_vcaV2-224/checkpoint/checkpoint-122.pth.tar', 71.28)
 ('./output/train/20250823-131030-resnet18_vcaV2-224/checkpoint/checkpoint-133.pth.tar', 71.28)
 ('./output/train/20250823-131030-resnet18_vcaV2-224/checkpoint/checkpoint-128.pth.tar', 71.27)
 ('./output/train/20250823-131030-resnet18_vcaV2-224/checkpoint/checkpoint-125.pth.tar', 71.19)
 ('./output/train/20250823-131030-resnet18_vcaV2-224/checkpoint/checkpoint-137.pth.tar', 71.12)
 ('./output/train/20250823-131030-resnet18_vcaV2-224/checkpoint/checkpoint-136.pth.tar', 71.11)
 ('./output/train/20250823-131030-resnet18_vcaV2-224/checkpoint/checkpoint-124.pth.tar', 71.09)

2025-08-23 20:39:35,045 -                train: [    INFO] - Train: 138 [   0/391 (  0%)]  Loss: 49.79 (49.8)  Loss_cat: 1.830 (1.83)  Loss_feat: 46.42 (46.4)  Loss_gt: 1.538 (1.54) LR: 5.000e-04
2025-08-23 20:41:03,663 -                train: [    INFO] - Train: 138 [ 200/391 ( 51%)]  Loss: 50.14 (50.0)  Loss_cat: 1.876 (1.86)  Loss_feat: 46.65 (46.6)  Loss_gt: 1.611 (1.50) LR: 5.000e-04
2025-08-23 20:42:27,968 -                train: [    INFO] - Train: 138 [ 390/391 (100%)]  Loss: 50.15 (50.0)  Loss_cat: 1.866 (1.86)  Loss_feat: 46.83 (46.6)  Loss_gt: 1.446 (1.51) LR: 5.000e-04
2025-08-23 20:42:28,783 -                train: [    INFO] - Test: [   0/39]  Time: 0.721 (0.721)  Loss:  0.9647 (0.9647)  Acc@1: 76.1719 (76.1719)  Acc@5: 93.3594 (93.3594)
2025-08-23 20:42:46,219 -                train: [    INFO] - Test: [  39/39]  Time: 0.029 (0.454)  Loss:  1.5652 (1.2553)  Acc@1: 62.5000 (71.1200)  Acc@5: 87.5000 (89.0700)
2025-08-23 20:42:46,766 - timm.utils.checkpoint_saver: [    INFO] - Current checkpoints:
 ('./output/train/20250823-131030-resnet18_vcaV2-224/checkpoint/checkpoint-134.pth.tar', 71.38)
 ('./output/train/20250823-131030-resnet18_vcaV2-224/checkpoint/checkpoint-132.pth.tar', 71.37)
 ('./output/train/20250823-131030-resnet18_vcaV2-224/checkpoint/checkpoint-135.pth.tar', 71.37)
 ('./output/train/20250823-131030-resnet18_vcaV2-224/checkpoint/checkpoint-122.pth.tar', 71.28)
 ('./output/train/20250823-131030-resnet18_vcaV2-224/checkpoint/checkpoint-133.pth.tar', 71.28)
 ('./output/train/20250823-131030-resnet18_vcaV2-224/checkpoint/checkpoint-128.pth.tar', 71.27)
 ('./output/train/20250823-131030-resnet18_vcaV2-224/checkpoint/checkpoint-125.pth.tar', 71.19)
 ('./output/train/20250823-131030-resnet18_vcaV2-224/checkpoint/checkpoint-137.pth.tar', 71.12)
 ('./output/train/20250823-131030-resnet18_vcaV2-224/checkpoint/checkpoint-138.pth.tar', 71.12)
 ('./output/train/20250823-131030-resnet18_vcaV2-224/checkpoint/checkpoint-136.pth.tar', 71.11)

2025-08-23 20:42:47,940 -                train: [    INFO] - Train: 139 [   0/391 (  0%)]  Loss: 48.31 (48.3)  Loss_cat: 1.833 (1.83)  Loss_feat: 45.00 (45.0)  Loss_gt: 1.482 (1.48) LR: 5.000e-04
2025-08-23 20:44:16,775 -                train: [    INFO] - Train: 139 [ 200/391 ( 51%)]  Loss: 48.60 (48.6)  Loss_cat: 1.806 (1.86)  Loss_feat: 45.14 (45.3)  Loss_gt: 1.654 (1.49) LR: 5.000e-04
2025-08-23 20:45:41,019 -                train: [    INFO] - Train: 139 [ 390/391 (100%)]  Loss: 48.58 (48.7)  Loss_cat: 1.907 (1.86)  Loss_feat: 45.15 (45.3)  Loss_gt: 1.525 (1.50) LR: 5.000e-04
2025-08-23 20:45:41,836 -                train: [    INFO] - Test: [   0/39]  Time: 0.733 (0.733)  Loss:  0.9834 (0.9834)  Acc@1: 76.9531 (76.9531)  Acc@5: 92.9688 (92.9688)
2025-08-23 20:45:59,524 -                train: [    INFO] - Test: [  39/39]  Time: 0.026 (0.461)  Loss:  1.4808 (1.2607)  Acc@1: 62.5000 (71.3200)  Acc@5: 87.5000 (88.7600)
2025-08-23 20:46:00,034 - timm.utils.checkpoint_saver: [    INFO] - Current checkpoints:
 ('./output/train/20250823-131030-resnet18_vcaV2-224/checkpoint/checkpoint-134.pth.tar', 71.38)
 ('./output/train/20250823-131030-resnet18_vcaV2-224/checkpoint/checkpoint-132.pth.tar', 71.37)
 ('./output/train/20250823-131030-resnet18_vcaV2-224/checkpoint/checkpoint-135.pth.tar', 71.37)
 ('./output/train/20250823-131030-resnet18_vcaV2-224/checkpoint/checkpoint-139.pth.tar', 71.32)
 ('./output/train/20250823-131030-resnet18_vcaV2-224/checkpoint/checkpoint-122.pth.tar', 71.28)
 ('./output/train/20250823-131030-resnet18_vcaV2-224/checkpoint/checkpoint-133.pth.tar', 71.28)
 ('./output/train/20250823-131030-resnet18_vcaV2-224/checkpoint/checkpoint-128.pth.tar', 71.27)
 ('./output/train/20250823-131030-resnet18_vcaV2-224/checkpoint/checkpoint-125.pth.tar', 71.19)
 ('./output/train/20250823-131030-resnet18_vcaV2-224/checkpoint/checkpoint-137.pth.tar', 71.12)
 ('./output/train/20250823-131030-resnet18_vcaV2-224/checkpoint/checkpoint-138.pth.tar', 71.12)

2025-08-23 20:46:01,258 -                train: [    INFO] - Train: 140 [   0/391 (  0%)]  Loss: 47.19 (47.2)  Loss_cat: 1.820 (1.82)  Loss_feat: 43.90 (43.9)  Loss_gt: 1.471 (1.47) LR: 5.000e-04
2025-08-23 20:47:30,184 -                train: [    INFO] - Train: 140 [ 200/391 ( 51%)]  Loss: 47.34 (47.4)  Loss_cat: 1.878 (1.86)  Loss_feat: 44.01 (44.0)  Loss_gt: 1.451 (1.49) LR: 5.000e-04
2025-08-23 20:48:54,524 -                train: [    INFO] - Train: 140 [ 390/391 (100%)]  Loss: 47.55 (47.4)  Loss_cat: 1.863 (1.86)  Loss_feat: 44.10 (44.0)  Loss_gt: 1.587 (1.50) LR: 5.000e-04
2025-08-23 20:48:55,321 -                train: [    INFO] - Test: [   0/39]  Time: 0.718 (0.718)  Loss:  0.9237 (0.9237)  Acc@1: 76.5625 (76.5625)  Acc@5: 92.9688 (92.9688)
2025-08-23 20:49:10,996 -                train: [    INFO] - Test: [  39/39]  Time: 0.024 (0.410)  Loss:  1.4716 (1.2582)  Acc@1: 68.7500 (71.3900)  Acc@5: 87.5000 (89.0200)
2025-08-23 20:49:11,528 - timm.utils.checkpoint_saver: [    INFO] - Current checkpoints:
 ('./output/train/20250823-131030-resnet18_vcaV2-224/checkpoint/checkpoint-140.pth.tar', 71.39)
 ('./output/train/20250823-131030-resnet18_vcaV2-224/checkpoint/checkpoint-134.pth.tar', 71.38)
 ('./output/train/20250823-131030-resnet18_vcaV2-224/checkpoint/checkpoint-132.pth.tar', 71.37)
 ('./output/train/20250823-131030-resnet18_vcaV2-224/checkpoint/checkpoint-135.pth.tar', 71.37)
 ('./output/train/20250823-131030-resnet18_vcaV2-224/checkpoint/checkpoint-139.pth.tar', 71.32)
 ('./output/train/20250823-131030-resnet18_vcaV2-224/checkpoint/checkpoint-122.pth.tar', 71.28)
 ('./output/train/20250823-131030-resnet18_vcaV2-224/checkpoint/checkpoint-133.pth.tar', 71.28)
 ('./output/train/20250823-131030-resnet18_vcaV2-224/checkpoint/checkpoint-128.pth.tar', 71.27)
 ('./output/train/20250823-131030-resnet18_vcaV2-224/checkpoint/checkpoint-125.pth.tar', 71.19)
 ('./output/train/20250823-131030-resnet18_vcaV2-224/checkpoint/checkpoint-137.pth.tar', 71.12)

2025-08-23 20:49:12,696 -                train: [    INFO] - Train: 141 [   0/391 (  0%)]  Loss: 46.27 (46.3)  Loss_cat: 1.862 (1.86)  Loss_feat: 42.89 (42.9)  Loss_gt: 1.523 (1.52) LR: 5.000e-04
2025-08-23 20:50:41,583 -                train: [    INFO] - Train: 141 [ 200/391 ( 51%)]  Loss: 46.48 (46.1)  Loss_cat: 1.900 (1.86)  Loss_feat: 43.10 (42.7)  Loss_gt: 1.476 (1.49) LR: 5.000e-04
2025-08-23 20:52:05,653 -                train: [    INFO] - Train: 141 [ 390/391 (100%)]  Loss: 45.90 (46.1)  Loss_cat: 1.802 (1.86)  Loss_feat: 42.53 (42.7)  Loss_gt: 1.565 (1.49) LR: 5.000e-04
2025-08-23 20:52:06,287 -                train: [    INFO] - Test: [   0/39]  Time: 0.569 (0.569)  Loss:  0.9873 (0.9873)  Acc@1: 76.1719 (76.1719)  Acc@5: 92.9688 (92.9688)
2025-08-23 20:52:22,331 -                train: [    INFO] - Test: [  39/39]  Time: 0.024 (0.415)  Loss:  1.4839 (1.2814)  Acc@1: 68.7500 (71.1200)  Acc@5: 87.5000 (88.5700)
2025-08-23 20:52:24,130 -                train: [    INFO] - Train: 142 [   0/391 (  0%)]  Loss: 44.73 (44.7)  Loss_cat: 1.814 (1.81)  Loss_feat: 41.41 (41.4)  Loss_gt: 1.503 (1.50) LR: 5.000e-04
2025-08-23 20:53:53,211 -                train: [    INFO] - Train: 142 [ 200/391 ( 51%)]  Loss: 44.66 (44.8)  Loss_cat: 1.860 (1.86)  Loss_feat: 41.33 (41.4)  Loss_gt: 1.466 (1.48) LR: 5.000e-04
2025-08-23 20:55:17,804 -                train: [    INFO] - Train: 142 [ 390/391 (100%)]  Loss: 44.71 (44.8)  Loss_cat: 1.864 (1.86)  Loss_feat: 41.39 (41.5)  Loss_gt: 1.459 (1.49) LR: 5.000e-04
2025-08-23 20:55:18,522 -                train: [    INFO] - Test: [   0/39]  Time: 0.645 (0.645)  Loss:  1.0019 (1.0019)  Acc@1: 75.3906 (75.3906)  Acc@5: 92.1875 (92.1875)
2025-08-23 20:55:37,618 -                train: [    INFO] - Test: [  39/39]  Time: 0.030 (0.494)  Loss:  1.4683 (1.2766)  Acc@1: 62.5000 (71.2500)  Acc@5: 87.5000 (88.8300)
2025-08-23 20:55:38,200 - timm.utils.checkpoint_saver: [    INFO] - Current checkpoints:
 ('./output/train/20250823-131030-resnet18_vcaV2-224/checkpoint/checkpoint-140.pth.tar', 71.39)
 ('./output/train/20250823-131030-resnet18_vcaV2-224/checkpoint/checkpoint-134.pth.tar', 71.38)
 ('./output/train/20250823-131030-resnet18_vcaV2-224/checkpoint/checkpoint-132.pth.tar', 71.37)
 ('./output/train/20250823-131030-resnet18_vcaV2-224/checkpoint/checkpoint-135.pth.tar', 71.37)
 ('./output/train/20250823-131030-resnet18_vcaV2-224/checkpoint/checkpoint-139.pth.tar', 71.32)
 ('./output/train/20250823-131030-resnet18_vcaV2-224/checkpoint/checkpoint-122.pth.tar', 71.28)
 ('./output/train/20250823-131030-resnet18_vcaV2-224/checkpoint/checkpoint-133.pth.tar', 71.28)
 ('./output/train/20250823-131030-resnet18_vcaV2-224/checkpoint/checkpoint-128.pth.tar', 71.27)
 ('./output/train/20250823-131030-resnet18_vcaV2-224/checkpoint/checkpoint-142.pth.tar', 71.25)
 ('./output/train/20250823-131030-resnet18_vcaV2-224/checkpoint/checkpoint-125.pth.tar', 71.19)

2025-08-23 20:55:39,424 -                train: [    INFO] - Train: 143 [   0/391 (  0%)]  Loss: 43.64 (43.6)  Loss_cat: 1.882 (1.88)  Loss_feat: 40.25 (40.3)  Loss_gt: 1.504 (1.50) LR: 5.000e-04
2025-08-23 20:57:08,709 -                train: [    INFO] - Train: 143 [ 200/391 ( 51%)]  Loss: 43.55 (43.5)  Loss_cat: 1.846 (1.86)  Loss_feat: 40.24 (40.2)  Loss_gt: 1.472 (1.48) LR: 5.000e-04
2025-08-23 20:58:33,108 -                train: [    INFO] - Train: 143 [ 390/391 (100%)]  Loss: 43.87 (43.5)  Loss_cat: 1.859 (1.86)  Loss_feat: 40.58 (40.2)  Loss_gt: 1.438 (1.48) LR: 5.000e-04
2025-08-23 20:58:33,814 -                train: [    INFO] - Test: [   0/39]  Time: 0.634 (0.634)  Loss:  0.9424 (0.9424)  Acc@1: 76.5625 (76.5625)  Acc@5: 93.7500 (93.7500)
2025-08-23 20:58:50,178 -                train: [    INFO] - Test: [  39/39]  Time: 0.027 (0.425)  Loss:  1.5213 (1.2705)  Acc@1: 62.5000 (71.2600)  Acc@5: 87.5000 (88.7300)
2025-08-23 20:58:50,690 - timm.utils.checkpoint_saver: [    INFO] - Current checkpoints:
 ('./output/train/20250823-131030-resnet18_vcaV2-224/checkpoint/checkpoint-140.pth.tar', 71.39)
 ('./output/train/20250823-131030-resnet18_vcaV2-224/checkpoint/checkpoint-134.pth.tar', 71.38)
 ('./output/train/20250823-131030-resnet18_vcaV2-224/checkpoint/checkpoint-132.pth.tar', 71.37)
 ('./output/train/20250823-131030-resnet18_vcaV2-224/checkpoint/checkpoint-135.pth.tar', 71.37)
 ('./output/train/20250823-131030-resnet18_vcaV2-224/checkpoint/checkpoint-139.pth.tar', 71.32)
 ('./output/train/20250823-131030-resnet18_vcaV2-224/checkpoint/checkpoint-122.pth.tar', 71.28)
 ('./output/train/20250823-131030-resnet18_vcaV2-224/checkpoint/checkpoint-133.pth.tar', 71.28)
 ('./output/train/20250823-131030-resnet18_vcaV2-224/checkpoint/checkpoint-128.pth.tar', 71.27)
 ('./output/train/20250823-131030-resnet18_vcaV2-224/checkpoint/checkpoint-143.pth.tar', 71.26)
 ('./output/train/20250823-131030-resnet18_vcaV2-224/checkpoint/checkpoint-142.pth.tar', 71.25)

2025-08-23 20:58:52,070 -                train: [    INFO] - Train: 144 [   0/391 (  0%)]  Loss: 42.40 (42.4)  Loss_cat: 1.881 (1.88)  Loss_feat: 39.05 (39.0)  Loss_gt: 1.468 (1.47) LR: 5.000e-04
2025-08-23 21:00:21,385 -                train: [    INFO] - Train: 144 [ 200/391 ( 51%)]  Loss: 42.26 (42.3)  Loss_cat: 1.878 (1.86)  Loss_feat: 38.89 (39.0)  Loss_gt: 1.494 (1.48) LR: 5.000e-04
2025-08-23 21:01:45,829 -                train: [    INFO] - Train: 144 [ 390/391 (100%)]  Loss: 42.63 (42.3)  Loss_cat: 1.907 (1.86)  Loss_feat: 39.24 (39.0)  Loss_gt: 1.482 (1.48) LR: 5.000e-04
2025-08-23 21:01:46,562 -                train: [    INFO] - Test: [   0/39]  Time: 0.656 (0.656)  Loss:  0.9579 (0.9579)  Acc@1: 76.9531 (76.9531)  Acc@5: 92.5781 (92.5781)
2025-08-23 21:02:01,655 -                train: [    INFO] - Test: [  39/39]  Time: 0.026 (0.394)  Loss:  1.4431 (1.2645)  Acc@1: 62.5000 (71.1700)  Acc@5: 87.5000 (88.8000)
2025-08-23 21:02:03,466 -                train: [    INFO] - Train: 145 [   0/391 (  0%)]  Loss: 41.05 (41.1)  Loss_cat: 1.863 (1.86)  Loss_feat: 37.66 (37.7)  Loss_gt: 1.535 (1.54) LR: 5.000e-04
2025-08-23 21:03:32,720 -                train: [    INFO] - Train: 145 [ 200/391 ( 51%)]  Loss: 41.22 (41.1)  Loss_cat: 1.840 (1.86)  Loss_feat: 37.84 (37.7)  Loss_gt: 1.534 (1.47) LR: 5.000e-04
2025-08-23 21:04:57,246 -                train: [    INFO] - Train: 145 [ 390/391 (100%)]  Loss: 41.41 (41.1)  Loss_cat: 1.897 (1.86)  Loss_feat: 38.04 (37.7)  Loss_gt: 1.468 (1.47) LR: 5.000e-04
2025-08-23 21:04:57,908 -                train: [    INFO] - Test: [   0/39]  Time: 0.570 (0.570)  Loss:  1.0070 (1.0070)  Acc@1: 75.3906 (75.3906)  Acc@5: 92.9688 (92.9688)
2025-08-23 21:05:12,365 -                train: [    INFO] - Test: [  39/39]  Time: 0.025 (0.376)  Loss:  1.4630 (1.2721)  Acc@1: 62.5000 (71.4100)  Acc@5: 87.5000 (88.6800)
2025-08-23 21:05:13,043 - timm.utils.checkpoint_saver: [    INFO] - Current checkpoints:
 ('./output/train/20250823-131030-resnet18_vcaV2-224/checkpoint/checkpoint-145.pth.tar', 71.41)
 ('./output/train/20250823-131030-resnet18_vcaV2-224/checkpoint/checkpoint-140.pth.tar', 71.39)
 ('./output/train/20250823-131030-resnet18_vcaV2-224/checkpoint/checkpoint-134.pth.tar', 71.38)
 ('./output/train/20250823-131030-resnet18_vcaV2-224/checkpoint/checkpoint-132.pth.tar', 71.37)
 ('./output/train/20250823-131030-resnet18_vcaV2-224/checkpoint/checkpoint-135.pth.tar', 71.37)
 ('./output/train/20250823-131030-resnet18_vcaV2-224/checkpoint/checkpoint-139.pth.tar', 71.32)
 ('./output/train/20250823-131030-resnet18_vcaV2-224/checkpoint/checkpoint-122.pth.tar', 71.28)
 ('./output/train/20250823-131030-resnet18_vcaV2-224/checkpoint/checkpoint-133.pth.tar', 71.28)
 ('./output/train/20250823-131030-resnet18_vcaV2-224/checkpoint/checkpoint-128.pth.tar', 71.27)
 ('./output/train/20250823-131030-resnet18_vcaV2-224/checkpoint/checkpoint-143.pth.tar', 71.26)

2025-08-23 21:05:14,202 -                train: [    INFO] - Train: 146 [   0/391 (  0%)]  Loss: 39.71 (39.7)  Loss_cat: 1.870 (1.87)  Loss_feat: 36.38 (36.4)  Loss_gt: 1.453 (1.45) LR: 5.000e-04
2025-08-23 21:06:42,906 -                train: [    INFO] - Train: 146 [ 200/391 ( 51%)]  Loss: 40.08 (39.8)  Loss_cat: 1.872 (1.86)  Loss_feat: 36.63 (36.5)  Loss_gt: 1.585 (1.47) LR: 5.000e-04
2025-08-23 21:08:07,385 -                train: [    INFO] - Train: 146 [ 390/391 (100%)]  Loss: 39.78 (39.8)  Loss_cat: 1.833 (1.86)  Loss_feat: 36.53 (36.5)  Loss_gt: 1.416 (1.47) LR: 5.000e-04
2025-08-23 21:08:08,035 -                train: [    INFO] - Test: [   0/39]  Time: 0.582 (0.582)  Loss:  0.9551 (0.9551)  Acc@1: 77.3438 (77.3438)  Acc@5: 93.3594 (93.3594)
2025-08-23 21:08:27,077 -                train: [    INFO] - Test: [  39/39]  Time: 0.024 (0.491)  Loss:  1.3961 (1.2719)  Acc@1: 68.7500 (71.5300)  Acc@5: 87.5000 (88.8200)
2025-08-23 21:08:27,643 - timm.utils.checkpoint_saver: [    INFO] - Current checkpoints:
 ('./output/train/20250823-131030-resnet18_vcaV2-224/checkpoint/checkpoint-146.pth.tar', 71.53)
 ('./output/train/20250823-131030-resnet18_vcaV2-224/checkpoint/checkpoint-145.pth.tar', 71.41)
 ('./output/train/20250823-131030-resnet18_vcaV2-224/checkpoint/checkpoint-140.pth.tar', 71.39)
 ('./output/train/20250823-131030-resnet18_vcaV2-224/checkpoint/checkpoint-134.pth.tar', 71.38)
 ('./output/train/20250823-131030-resnet18_vcaV2-224/checkpoint/checkpoint-132.pth.tar', 71.37)
 ('./output/train/20250823-131030-resnet18_vcaV2-224/checkpoint/checkpoint-135.pth.tar', 71.37)
 ('./output/train/20250823-131030-resnet18_vcaV2-224/checkpoint/checkpoint-139.pth.tar', 71.32)
 ('./output/train/20250823-131030-resnet18_vcaV2-224/checkpoint/checkpoint-122.pth.tar', 71.28)
 ('./output/train/20250823-131030-resnet18_vcaV2-224/checkpoint/checkpoint-133.pth.tar', 71.28)
 ('./output/train/20250823-131030-resnet18_vcaV2-224/checkpoint/checkpoint-128.pth.tar', 71.27)

2025-08-23 21:08:28,780 -                train: [    INFO] - Train: 147 [   0/391 (  0%)]  Loss: 38.73 (38.7)  Loss_cat: 1.881 (1.88)  Loss_feat: 35.43 (35.4)  Loss_gt: 1.417 (1.42) LR: 5.000e-04
2025-08-23 21:09:57,692 -                train: [    INFO] - Train: 147 [ 200/391 ( 51%)]  Loss: 38.71 (38.6)  Loss_cat: 1.829 (1.86)  Loss_feat: 35.34 (35.3)  Loss_gt: 1.542 (1.46) LR: 5.000e-04
2025-08-23 21:11:22,335 -                train: [    INFO] - Train: 147 [ 390/391 (100%)]  Loss: 38.32 (38.7)  Loss_cat: 1.793 (1.86)  Loss_feat: 35.18 (35.3)  Loss_gt: 1.354 (1.47) LR: 5.000e-04
2025-08-23 21:11:23,130 -                train: [    INFO] - Test: [   0/39]  Time: 0.725 (0.725)  Loss:  1.0104 (1.0104)  Acc@1: 75.0000 (75.0000)  Acc@5: 92.9688 (92.9688)
2025-08-23 21:11:39,613 -                train: [    INFO] - Test: [  39/39]  Time: 0.026 (0.430)  Loss:  1.4336 (1.2779)  Acc@1: 68.7500 (71.4700)  Acc@5: 93.7500 (88.7400)
2025-08-23 21:11:40,137 - timm.utils.checkpoint_saver: [    INFO] - Current checkpoints:
 ('./output/train/20250823-131030-resnet18_vcaV2-224/checkpoint/checkpoint-146.pth.tar', 71.53)
 ('./output/train/20250823-131030-resnet18_vcaV2-224/checkpoint/checkpoint-147.pth.tar', 71.47)
 ('./output/train/20250823-131030-resnet18_vcaV2-224/checkpoint/checkpoint-145.pth.tar', 71.41)
 ('./output/train/20250823-131030-resnet18_vcaV2-224/checkpoint/checkpoint-140.pth.tar', 71.39)
 ('./output/train/20250823-131030-resnet18_vcaV2-224/checkpoint/checkpoint-134.pth.tar', 71.38)
 ('./output/train/20250823-131030-resnet18_vcaV2-224/checkpoint/checkpoint-132.pth.tar', 71.37)
 ('./output/train/20250823-131030-resnet18_vcaV2-224/checkpoint/checkpoint-135.pth.tar', 71.37)
 ('./output/train/20250823-131030-resnet18_vcaV2-224/checkpoint/checkpoint-139.pth.tar', 71.32)
 ('./output/train/20250823-131030-resnet18_vcaV2-224/checkpoint/checkpoint-122.pth.tar', 71.28)
 ('./output/train/20250823-131030-resnet18_vcaV2-224/checkpoint/checkpoint-133.pth.tar', 71.28)

2025-08-23 21:11:41,292 -                train: [    INFO] - Train: 148 [   0/391 (  0%)]  Loss: 37.46 (37.5)  Loss_cat: 1.829 (1.83)  Loss_feat: 34.10 (34.1)  Loss_gt: 1.529 (1.53) LR: 5.000e-04
2025-08-23 21:13:10,652 -                train: [    INFO] - Train: 148 [ 200/391 ( 51%)]  Loss: 37.36 (37.5)  Loss_cat: 1.847 (1.86)  Loss_feat: 34.04 (34.1)  Loss_gt: 1.475 (1.46) LR: 5.000e-04
2025-08-23 21:14:35,409 -                train: [    INFO] - Train: 148 [ 390/391 (100%)]  Loss: 37.75 (37.5)  Loss_cat: 1.883 (1.86)  Loss_feat: 34.27 (34.2)  Loss_gt: 1.605 (1.46) LR: 5.000e-04
2025-08-23 21:14:36,185 -                train: [    INFO] - Test: [   0/39]  Time: 0.684 (0.684)  Loss:  0.8987 (0.8987)  Acc@1: 77.7344 (77.7344)  Acc@5: 94.9219 (94.9219)
2025-08-23 21:14:51,381 -                train: [    INFO] - Test: [  39/39]  Time: 0.029 (0.397)  Loss:  1.4681 (1.2729)  Acc@1: 62.5000 (71.3500)  Acc@5: 87.5000 (88.7000)
2025-08-23 21:14:52,104 - timm.utils.checkpoint_saver: [    INFO] - Current checkpoints:
 ('./output/train/20250823-131030-resnet18_vcaV2-224/checkpoint/checkpoint-146.pth.tar', 71.53)
 ('./output/train/20250823-131030-resnet18_vcaV2-224/checkpoint/checkpoint-147.pth.tar', 71.47)
 ('./output/train/20250823-131030-resnet18_vcaV2-224/checkpoint/checkpoint-145.pth.tar', 71.41)
 ('./output/train/20250823-131030-resnet18_vcaV2-224/checkpoint/checkpoint-140.pth.tar', 71.39)
 ('./output/train/20250823-131030-resnet18_vcaV2-224/checkpoint/checkpoint-134.pth.tar', 71.38)
 ('./output/train/20250823-131030-resnet18_vcaV2-224/checkpoint/checkpoint-132.pth.tar', 71.37)
 ('./output/train/20250823-131030-resnet18_vcaV2-224/checkpoint/checkpoint-135.pth.tar', 71.37)
 ('./output/train/20250823-131030-resnet18_vcaV2-224/checkpoint/checkpoint-148.pth.tar', 71.35)
 ('./output/train/20250823-131030-resnet18_vcaV2-224/checkpoint/checkpoint-139.pth.tar', 71.32)
 ('./output/train/20250823-131030-resnet18_vcaV2-224/checkpoint/checkpoint-122.pth.tar', 71.28)

2025-08-23 21:14:53,278 -                train: [    INFO] - Train: 149 [   0/391 (  0%)]  Loss: 36.39 (36.4)  Loss_cat: 1.884 (1.88)  Loss_feat: 33.02 (33.0)  Loss_gt: 1.490 (1.49) LR: 5.000e-04
2025-08-23 21:16:22,516 -                train: [    INFO] - Train: 149 [ 200/391 ( 51%)]  Loss: 36.30 (36.3)  Loss_cat: 1.849 (1.86)  Loss_feat: 33.03 (33.0)  Loss_gt: 1.421 (1.45) LR: 5.000e-04
2025-08-23 21:17:47,025 -                train: [    INFO] - Train: 149 [ 390/391 (100%)]  Loss: 36.61 (36.3)  Loss_cat: 1.849 (1.86)  Loss_feat: 33.30 (33.0)  Loss_gt: 1.460 (1.46) LR: 5.000e-04
2025-08-23 21:17:47,733 -                train: [    INFO] - Test: [   0/39]  Time: 0.638 (0.638)  Loss:  0.9928 (0.9928)  Acc@1: 75.7812 (75.7812)  Acc@5: 92.9688 (92.9688)
2025-08-23 21:18:01,989 -                train: [    INFO] - Test: [  39/39]  Time: 0.027 (0.372)  Loss:  1.2966 (1.2740)  Acc@1: 75.0000 (71.5200)  Acc@5: 87.5000 (88.6800)
2025-08-23 21:18:02,490 - timm.utils.checkpoint_saver: [    INFO] - Current checkpoints:
 ('./output/train/20250823-131030-resnet18_vcaV2-224/checkpoint/checkpoint-146.pth.tar', 71.53)
 ('./output/train/20250823-131030-resnet18_vcaV2-224/checkpoint/checkpoint-149.pth.tar', 71.52)
 ('./output/train/20250823-131030-resnet18_vcaV2-224/checkpoint/checkpoint-147.pth.tar', 71.47)
 ('./output/train/20250823-131030-resnet18_vcaV2-224/checkpoint/checkpoint-145.pth.tar', 71.41)
 ('./output/train/20250823-131030-resnet18_vcaV2-224/checkpoint/checkpoint-140.pth.tar', 71.39)
 ('./output/train/20250823-131030-resnet18_vcaV2-224/checkpoint/checkpoint-134.pth.tar', 71.38)
 ('./output/train/20250823-131030-resnet18_vcaV2-224/checkpoint/checkpoint-132.pth.tar', 71.37)
 ('./output/train/20250823-131030-resnet18_vcaV2-224/checkpoint/checkpoint-135.pth.tar', 71.37)
 ('./output/train/20250823-131030-resnet18_vcaV2-224/checkpoint/checkpoint-148.pth.tar', 71.35)
 ('./output/train/20250823-131030-resnet18_vcaV2-224/checkpoint/checkpoint-139.pth.tar', 71.32)

2025-08-23 21:18:03,737 -                train: [    INFO] - Train: 150 [   0/391 (  0%)]  Loss: 34.94 (34.9)  Loss_cat: 1.852 (1.85)  Loss_feat: 31.76 (31.8)  Loss_gt: 1.324 (1.32) LR: 5.000e-04
2025-08-23 21:19:32,602 -                train: [    INFO] - Train: 150 [ 200/391 ( 51%)]  Loss: 35.40 (35.2)  Loss_cat: 1.939 (1.85)  Loss_feat: 32.03 (31.9)  Loss_gt: 1.431 (1.45) LR: 5.000e-04
2025-08-23 21:20:58,470 -                train: [    INFO] - Train: 150 [ 390/391 (100%)]  Loss: 35.63 (35.2)  Loss_cat: 1.901 (1.86)  Loss_feat: 32.21 (31.9)  Loss_gt: 1.516 (1.45) LR: 5.000e-04
2025-08-23 21:20:59,122 -                train: [    INFO] - Test: [   0/39]  Time: 0.576 (0.576)  Loss:  0.9768 (0.9768)  Acc@1: 77.3438 (77.3438)  Acc@5: 93.7500 (93.7500)
2025-08-23 21:21:20,093 -                train: [    INFO] - Test: [  39/39]  Time: 0.026 (0.539)  Loss:  1.3904 (1.2787)  Acc@1: 68.7500 (71.4200)  Acc@5: 87.5000 (88.6400)
2025-08-23 21:21:20,960 - timm.utils.checkpoint_saver: [    INFO] - Current checkpoints:
 ('./output/train/20250823-131030-resnet18_vcaV2-224/checkpoint/checkpoint-146.pth.tar', 71.53)
 ('./output/train/20250823-131030-resnet18_vcaV2-224/checkpoint/checkpoint-149.pth.tar', 71.52)
 ('./output/train/20250823-131030-resnet18_vcaV2-224/checkpoint/checkpoint-147.pth.tar', 71.47)
 ('./output/train/20250823-131030-resnet18_vcaV2-224/checkpoint/checkpoint-150.pth.tar', 71.42)
 ('./output/train/20250823-131030-resnet18_vcaV2-224/checkpoint/checkpoint-145.pth.tar', 71.41)
 ('./output/train/20250823-131030-resnet18_vcaV2-224/checkpoint/checkpoint-140.pth.tar', 71.39)
 ('./output/train/20250823-131030-resnet18_vcaV2-224/checkpoint/checkpoint-134.pth.tar', 71.38)
 ('./output/train/20250823-131030-resnet18_vcaV2-224/checkpoint/checkpoint-132.pth.tar', 71.37)
 ('./output/train/20250823-131030-resnet18_vcaV2-224/checkpoint/checkpoint-135.pth.tar', 71.37)
 ('./output/train/20250823-131030-resnet18_vcaV2-224/checkpoint/checkpoint-148.pth.tar', 71.35)

2025-08-23 21:21:22,137 -                train: [    INFO] - Train: 151 [   0/391 (  0%)]  Loss: 34.22 (34.2)  Loss_cat: 1.868 (1.87)  Loss_feat: 30.96 (31.0)  Loss_gt: 1.394 (1.39) LR: 5.000e-04
2025-08-23 21:22:51,156 -                train: [    INFO] - Train: 151 [ 200/391 ( 51%)]  Loss: 34.23 (34.0)  Loss_cat: 1.880 (1.85)  Loss_feat: 30.97 (30.7)  Loss_gt: 1.380 (1.44) LR: 5.000e-04
2025-08-23 21:24:15,744 -                train: [    INFO] - Train: 151 [ 390/391 (100%)]  Loss: 33.83 (34.0)  Loss_cat: 1.854 (1.85)  Loss_feat: 30.57 (30.7)  Loss_gt: 1.412 (1.45) LR: 5.000e-04
2025-08-23 21:24:16,640 -                train: [    INFO] - Test: [   0/39]  Time: 0.833 (0.833)  Loss:  1.0015 (1.0015)  Acc@1: 75.3906 (75.3906)  Acc@5: 91.7969 (91.7969)
2025-08-23 21:24:34,801 -                train: [    INFO] - Test: [  39/39]  Time: 0.026 (0.475)  Loss:  1.3978 (1.2619)  Acc@1: 75.0000 (71.1900)  Acc@5: 93.7500 (88.9700)
2025-08-23 21:24:36,616 -                train: [    INFO] - Train: 152 [   0/391 (  0%)]  Loss: 32.96 (33.0)  Loss_cat: 1.842 (1.84)  Loss_feat: 29.66 (29.7)  Loss_gt: 1.458 (1.46) LR: 5.000e-04
2025-08-23 21:26:06,131 -                train: [    INFO] - Train: 152 [ 200/391 ( 51%)]  Loss: 32.98 (32.9)  Loss_cat: 1.847 (1.86)  Loss_feat: 29.61 (29.6)  Loss_gt: 1.520 (1.44) LR: 5.000e-04
2025-08-23 21:27:30,521 -                train: [    INFO] - Train: 152 [ 390/391 (100%)]  Loss: 33.19 (32.9)  Loss_cat: 1.818 (1.86)  Loss_feat: 29.77 (29.6)  Loss_gt: 1.601 (1.44) LR: 5.000e-04
2025-08-23 21:27:31,252 -                train: [    INFO] - Test: [   0/39]  Time: 0.654 (0.654)  Loss:  0.9481 (0.9481)  Acc@1: 77.7344 (77.7344)  Acc@5: 93.3594 (93.3594)
2025-08-23 21:27:46,462 -                train: [    INFO] - Test: [  39/39]  Time: 0.033 (0.397)  Loss:  1.4841 (1.2749)  Acc@1: 68.7500 (71.3700)  Acc@5: 93.7500 (88.9600)
2025-08-23 21:27:47,110 - timm.utils.checkpoint_saver: [    INFO] - Current checkpoints:
 ('./output/train/20250823-131030-resnet18_vcaV2-224/checkpoint/checkpoint-146.pth.tar', 71.53)
 ('./output/train/20250823-131030-resnet18_vcaV2-224/checkpoint/checkpoint-149.pth.tar', 71.52)
 ('./output/train/20250823-131030-resnet18_vcaV2-224/checkpoint/checkpoint-147.pth.tar', 71.47)
 ('./output/train/20250823-131030-resnet18_vcaV2-224/checkpoint/checkpoint-150.pth.tar', 71.42)
 ('./output/train/20250823-131030-resnet18_vcaV2-224/checkpoint/checkpoint-145.pth.tar', 71.41)
 ('./output/train/20250823-131030-resnet18_vcaV2-224/checkpoint/checkpoint-140.pth.tar', 71.39)
 ('./output/train/20250823-131030-resnet18_vcaV2-224/checkpoint/checkpoint-134.pth.tar', 71.38)
 ('./output/train/20250823-131030-resnet18_vcaV2-224/checkpoint/checkpoint-132.pth.tar', 71.37)
 ('./output/train/20250823-131030-resnet18_vcaV2-224/checkpoint/checkpoint-135.pth.tar', 71.37)
 ('./output/train/20250823-131030-resnet18_vcaV2-224/checkpoint/checkpoint-152.pth.tar', 71.37)

2025-08-23 21:27:48,292 -                train: [    INFO] - Train: 153 [   0/391 (  0%)]  Loss: 31.73 (31.7)  Loss_cat: 1.840 (1.84)  Loss_feat: 28.44 (28.4)  Loss_gt: 1.452 (1.45) LR: 5.000e-04
2025-08-23 21:29:17,306 -                train: [    INFO] - Train: 153 [ 200/391 ( 51%)]  Loss: 32.13 (31.8)  Loss_cat: 1.850 (1.85)  Loss_feat: 28.75 (28.5)  Loss_gt: 1.523 (1.44) LR: 5.000e-04
2025-08-23 21:30:41,478 -                train: [    INFO] - Train: 153 [ 390/391 (100%)]  Loss: 31.89 (31.8)  Loss_cat: 1.837 (1.85)  Loss_feat: 28.52 (28.5)  Loss_gt: 1.536 (1.44) LR: 5.000e-04
2025-08-23 21:30:42,169 -                train: [    INFO] - Test: [   0/39]  Time: 0.627 (0.627)  Loss:  0.9511 (0.9511)  Acc@1: 76.9531 (76.9531)  Acc@5: 92.5781 (92.5781)
2025-08-23 21:30:56,985 -                train: [    INFO] - Test: [  39/39]  Time: 0.026 (0.386)  Loss:  1.5023 (1.2721)  Acc@1: 62.5000 (71.1600)  Acc@5: 87.5000 (88.8100)
2025-08-23 21:30:58,711 -                train: [    INFO] - Train: 154 [   0/391 (  0%)]  Loss: 30.76 (30.8)  Loss_cat: 1.867 (1.87)  Loss_feat: 27.44 (27.4)  Loss_gt: 1.456 (1.46) LR: 5.000e-04
2025-08-23 21:32:27,428 -                train: [    INFO] - Train: 154 [ 200/391 ( 51%)]  Loss: 30.49 (30.8)  Loss_cat: 1.782 (1.85)  Loss_feat: 27.33 (27.5)  Loss_gt: 1.379 (1.43) LR: 5.000e-04
2025-08-23 21:33:51,901 -                train: [    INFO] - Train: 154 [ 390/391 (100%)]  Loss: 30.89 (30.8)  Loss_cat: 1.850 (1.85)  Loss_feat: 27.62 (27.5)  Loss_gt: 1.415 (1.43) LR: 5.000e-04
2025-08-23 21:33:52,615 -                train: [    INFO] - Test: [   0/39]  Time: 0.641 (0.641)  Loss:  0.9426 (0.9426)  Acc@1: 76.9531 (76.9531)  Acc@5: 92.9688 (92.9688)
2025-08-23 21:34:08,250 -                train: [    INFO] - Test: [  39/39]  Time: 0.029 (0.407)  Loss:  1.4241 (1.2630)  Acc@1: 75.0000 (71.5600)  Acc@5: 93.7500 (88.8500)
2025-08-23 21:34:08,768 - timm.utils.checkpoint_saver: [    INFO] - Current checkpoints:
 ('./output/train/20250823-131030-resnet18_vcaV2-224/checkpoint/checkpoint-154.pth.tar', 71.56)
 ('./output/train/20250823-131030-resnet18_vcaV2-224/checkpoint/checkpoint-146.pth.tar', 71.53)
 ('./output/train/20250823-131030-resnet18_vcaV2-224/checkpoint/checkpoint-149.pth.tar', 71.52)
 ('./output/train/20250823-131030-resnet18_vcaV2-224/checkpoint/checkpoint-147.pth.tar', 71.47)
 ('./output/train/20250823-131030-resnet18_vcaV2-224/checkpoint/checkpoint-150.pth.tar', 71.42)
 ('./output/train/20250823-131030-resnet18_vcaV2-224/checkpoint/checkpoint-145.pth.tar', 71.41)
 ('./output/train/20250823-131030-resnet18_vcaV2-224/checkpoint/checkpoint-140.pth.tar', 71.39)
 ('./output/train/20250823-131030-resnet18_vcaV2-224/checkpoint/checkpoint-134.pth.tar', 71.38)
 ('./output/train/20250823-131030-resnet18_vcaV2-224/checkpoint/checkpoint-132.pth.tar', 71.37)
 ('./output/train/20250823-131030-resnet18_vcaV2-224/checkpoint/checkpoint-135.pth.tar', 71.37)

2025-08-23 21:34:09,976 -                train: [    INFO] - Train: 155 [   0/391 (  0%)]  Loss: 29.47 (29.5)  Loss_cat: 1.775 (1.78)  Loss_feat: 26.27 (26.3)  Loss_gt: 1.421 (1.42) LR: 5.000e-04
2025-08-23 21:35:40,638 -                train: [    INFO] - Train: 155 [ 200/391 ( 51%)]  Loss: 29.90 (29.7)  Loss_cat: 1.891 (1.85)  Loss_feat: 26.57 (26.4)  Loss_gt: 1.436 (1.43) LR: 5.000e-04
2025-08-23 21:37:05,165 -                train: [    INFO] - Train: 155 [ 390/391 (100%)]  Loss: 29.80 (29.7)  Loss_cat: 1.860 (1.85)  Loss_feat: 26.56 (26.4)  Loss_gt: 1.385 (1.43) LR: 5.000e-04
2025-08-23 21:37:05,860 -                train: [    INFO] - Test: [   0/39]  Time: 0.631 (0.631)  Loss:  0.9557 (0.9557)  Acc@1: 75.7812 (75.7812)  Acc@5: 92.9688 (92.9688)
2025-08-23 21:37:20,602 -                train: [    INFO] - Test: [  39/39]  Time: 0.025 (0.384)  Loss:  1.4362 (1.2923)  Acc@1: 68.7500 (71.1100)  Acc@5: 93.7500 (88.5300)
2025-08-23 21:37:22,205 -                train: [    INFO] - Train: 156 [   0/391 (  0%)]  Loss: 28.68 (28.7)  Loss_cat: 1.826 (1.83)  Loss_feat: 25.39 (25.4)  Loss_gt: 1.460 (1.46) LR: 5.000e-04
2025-08-23 21:38:52,335 -                train: [    INFO] - Train: 156 [ 200/391 ( 51%)]  Loss: 28.90 (28.7)  Loss_cat: 1.877 (1.85)  Loss_feat: 25.58 (25.4)  Loss_gt: 1.448 (1.42) LR: 5.000e-04
2025-08-23 21:40:17,148 -                train: [    INFO] - Train: 156 [ 390/391 (100%)]  Loss: 28.91 (28.7)  Loss_cat: 1.936 (1.85)  Loss_feat: 25.55 (25.4)  Loss_gt: 1.427 (1.42) LR: 5.000e-04
2025-08-23 21:40:17,865 -                train: [    INFO] - Test: [   0/39]  Time: 0.650 (0.650)  Loss:  0.9676 (0.9676)  Acc@1: 76.9531 (76.9531)  Acc@5: 93.3594 (93.3594)
2025-08-23 21:40:33,358 -                train: [    INFO] - Test: [  39/39]  Time: 0.027 (0.404)  Loss:  1.4757 (1.2723)  Acc@1: 68.7500 (71.3400)  Acc@5: 93.7500 (88.9300)
2025-08-23 21:40:35,029 -                train: [    INFO] - Train: 157 [   0/391 (  0%)]  Loss: 27.80 (27.8)  Loss_cat: 1.843 (1.84)  Loss_feat: 24.47 (24.5)  Loss_gt: 1.478 (1.48) LR: 5.000e-04
2025-08-23 21:42:04,520 -                train: [    INFO] - Train: 157 [ 200/391 ( 51%)]  Loss: 27.89 (27.7)  Loss_cat: 1.886 (1.85)  Loss_feat: 24.57 (24.4)  Loss_gt: 1.435 (1.42) LR: 5.000e-04
2025-08-23 21:43:30,504 -                train: [    INFO] - Train: 157 [ 390/391 (100%)]  Loss: 27.72 (27.7)  Loss_cat: 1.899 (1.85)  Loss_feat: 24.54 (24.4)  Loss_gt: 1.284 (1.42) LR: 5.000e-04
2025-08-23 21:43:31,293 -                train: [    INFO] - Test: [   0/39]  Time: 0.725 (0.725)  Loss:  0.9186 (0.9186)  Acc@1: 76.9531 (76.9531)  Acc@5: 93.7500 (93.7500)
2025-08-23 21:43:49,449 -                train: [    INFO] - Test: [  39/39]  Time: 0.027 (0.472)  Loss:  1.3571 (1.2754)  Acc@1: 75.0000 (71.1200)  Acc@5: 93.7500 (88.6800)
2025-08-23 21:43:51,373 -                train: [    INFO] - Train: 158 [   0/391 (  0%)]  Loss: 26.71 (26.7)  Loss_cat: 1.835 (1.83)  Loss_feat: 23.41 (23.4)  Loss_gt: 1.467 (1.47) LR: 5.000e-04
2025-08-23 21:45:21,021 -                train: [    INFO] - Train: 158 [ 200/391 ( 51%)]  Loss: 26.63 (26.7)  Loss_cat: 1.850 (1.85)  Loss_feat: 23.40 (23.4)  Loss_gt: 1.377 (1.41) LR: 5.000e-04
2025-08-23 21:46:45,959 -                train: [    INFO] - Train: 158 [ 390/391 (100%)]  Loss: 27.04 (26.7)  Loss_cat: 1.904 (1.85)  Loss_feat: 23.61 (23.4)  Loss_gt: 1.528 (1.42) LR: 5.000e-04
2025-08-23 21:46:46,615 -                train: [    INFO] - Test: [   0/39]  Time: 0.581 (0.581)  Loss:  0.9777 (0.9777)  Acc@1: 75.7812 (75.7812)  Acc@5: 92.9688 (92.9688)
2025-08-23 21:47:05,920 -                train: [    INFO] - Test: [  39/39]  Time: 0.027 (0.497)  Loss:  1.4381 (1.2569)  Acc@1: 68.7500 (71.3600)  Acc@5: 93.7500 (89.1000)
2025-08-23 21:47:07,665 -                train: [    INFO] - Train: 159 [   0/391 (  0%)]  Loss: 25.65 (25.7)  Loss_cat: 1.878 (1.88)  Loss_feat: 22.41 (22.4)  Loss_gt: 1.363 (1.36) LR: 5.000e-05
2025-08-23 21:48:36,789 -                train: [    INFO] - Train: 159 [ 200/391 ( 51%)]  Loss: 25.60 (25.7)  Loss_cat: 1.815 (1.85)  Loss_feat: 22.34 (22.4)  Loss_gt: 1.447 (1.39) LR: 5.000e-05
2025-08-23 21:50:01,218 -                train: [    INFO] - Train: 159 [ 390/391 (100%)]  Loss: 25.72 (25.6)  Loss_cat: 1.804 (1.84)  Loss_feat: 22.44 (22.4)  Loss_gt: 1.475 (1.39) LR: 5.000e-05
2025-08-23 21:50:01,987 -                train: [    INFO] - Test: [   0/39]  Time: 0.707 (0.707)  Loss:  0.9507 (0.9507)  Acc@1: 76.9531 (76.9531)  Acc@5: 93.3594 (93.3594)
2025-08-23 21:50:19,063 -                train: [    INFO] - Test: [  39/39]  Time: 0.026 (0.445)  Loss:  1.3966 (1.2632)  Acc@1: 75.0000 (71.5300)  Acc@5: 93.7500 (89.0200)
2025-08-23 21:50:19,852 - timm.utils.checkpoint_saver: [    INFO] - Current checkpoints:
 ('./output/train/20250823-131030-resnet18_vcaV2-224/checkpoint/checkpoint-154.pth.tar', 71.56)
 ('./output/train/20250823-131030-resnet18_vcaV2-224/checkpoint/checkpoint-146.pth.tar', 71.53)
 ('./output/train/20250823-131030-resnet18_vcaV2-224/checkpoint/checkpoint-159.pth.tar', 71.53)
 ('./output/train/20250823-131030-resnet18_vcaV2-224/checkpoint/checkpoint-149.pth.tar', 71.52)
 ('./output/train/20250823-131030-resnet18_vcaV2-224/checkpoint/checkpoint-147.pth.tar', 71.47)
 ('./output/train/20250823-131030-resnet18_vcaV2-224/checkpoint/checkpoint-150.pth.tar', 71.42)
 ('./output/train/20250823-131030-resnet18_vcaV2-224/checkpoint/checkpoint-145.pth.tar', 71.41)
 ('./output/train/20250823-131030-resnet18_vcaV2-224/checkpoint/checkpoint-140.pth.tar', 71.39)
 ('./output/train/20250823-131030-resnet18_vcaV2-224/checkpoint/checkpoint-134.pth.tar', 71.38)
 ('./output/train/20250823-131030-resnet18_vcaV2-224/checkpoint/checkpoint-132.pth.tar', 71.37)

2025-08-23 21:50:21,040 -                train: [    INFO] - Train: 160 [   0/391 (  0%)]  Loss: 24.84 (24.8)  Loss_cat: 1.875 (1.88)  Loss_feat: 21.61 (21.6)  Loss_gt: 1.357 (1.36) LR: 5.000e-05
2025-08-23 21:51:52,212 -                train: [    INFO] - Train: 160 [ 200/391 ( 51%)]  Loss: 24.74 (24.7)  Loss_cat: 1.876 (1.84)  Loss_feat: 21.52 (21.5)  Loss_gt: 1.342 (1.39) LR: 5.000e-05
2025-08-23 21:53:17,077 -                train: [    INFO] - Train: 160 [ 390/391 (100%)]  Loss: 24.67 (24.7)  Loss_cat: 1.877 (1.84)  Loss_feat: 21.38 (21.5)  Loss_gt: 1.405 (1.39) LR: 5.000e-05
2025-08-23 21:53:17,788 -                train: [    INFO] - Test: [   0/39]  Time: 0.635 (0.635)  Loss:  0.9787 (0.9787)  Acc@1: 75.7812 (75.7812)  Acc@5: 92.5781 (92.5781)
2025-08-23 21:53:34,833 -                train: [    INFO] - Test: [  39/39]  Time: 0.026 (0.442)  Loss:  1.4082 (1.2670)  Acc@1: 68.7500 (71.4600)  Acc@5: 87.5000 (88.8900)
2025-08-23 21:53:35,296 - timm.utils.checkpoint_saver: [    INFO] - Current checkpoints:
 ('./output/train/20250823-131030-resnet18_vcaV2-224/checkpoint/checkpoint-154.pth.tar', 71.56)
 ('./output/train/20250823-131030-resnet18_vcaV2-224/checkpoint/checkpoint-146.pth.tar', 71.53)
 ('./output/train/20250823-131030-resnet18_vcaV2-224/checkpoint/checkpoint-159.pth.tar', 71.53)
 ('./output/train/20250823-131030-resnet18_vcaV2-224/checkpoint/checkpoint-149.pth.tar', 71.52)
 ('./output/train/20250823-131030-resnet18_vcaV2-224/checkpoint/checkpoint-147.pth.tar', 71.47)
 ('./output/train/20250823-131030-resnet18_vcaV2-224/checkpoint/checkpoint-160.pth.tar', 71.46)
 ('./output/train/20250823-131030-resnet18_vcaV2-224/checkpoint/checkpoint-150.pth.tar', 71.42)
 ('./output/train/20250823-131030-resnet18_vcaV2-224/checkpoint/checkpoint-145.pth.tar', 71.41)
 ('./output/train/20250823-131030-resnet18_vcaV2-224/checkpoint/checkpoint-140.pth.tar', 71.39)
 ('./output/train/20250823-131030-resnet18_vcaV2-224/checkpoint/checkpoint-134.pth.tar', 71.38)

2025-08-23 21:53:36,401 -                train: [    INFO] - Train: 161 [   0/391 (  0%)]  Loss: 23.71 (23.7)  Loss_cat: 1.808 (1.81)  Loss_feat: 20.48 (20.5)  Loss_gt: 1.419 (1.42) LR: 5.000e-05
2025-08-23 21:55:05,580 -                train: [    INFO] - Train: 161 [ 200/391 ( 51%)]  Loss: 23.82 (23.8)  Loss_cat: 1.838 (1.84)  Loss_feat: 20.50 (20.5)  Loss_gt: 1.478 (1.39) LR: 5.000e-05
2025-08-23 21:56:29,993 -                train: [    INFO] - Train: 161 [ 390/391 (100%)]  Loss: 23.49 (23.8)  Loss_cat: 1.786 (1.84)  Loss_feat: 20.43 (20.5)  Loss_gt: 1.279 (1.39) LR: 5.000e-05
2025-08-23 21:56:30,738 -                train: [    INFO] - Test: [   0/39]  Time: 0.667 (0.667)  Loss:  0.9778 (0.9778)  Acc@1: 74.6094 (74.6094)  Acc@5: 92.9688 (92.9688)
2025-08-23 21:56:50,670 -                train: [    INFO] - Test: [  39/39]  Time: 0.024 (0.515)  Loss:  1.4093 (1.2631)  Acc@1: 75.0000 (71.5600)  Acc@5: 87.5000 (89.0700)
2025-08-23 21:56:51,258 - timm.utils.checkpoint_saver: [    INFO] - Current checkpoints:
 ('./output/train/20250823-131030-resnet18_vcaV2-224/checkpoint/checkpoint-154.pth.tar', 71.56)
 ('./output/train/20250823-131030-resnet18_vcaV2-224/checkpoint/checkpoint-161.pth.tar', 71.56)
 ('./output/train/20250823-131030-resnet18_vcaV2-224/checkpoint/checkpoint-146.pth.tar', 71.53)
 ('./output/train/20250823-131030-resnet18_vcaV2-224/checkpoint/checkpoint-159.pth.tar', 71.53)
 ('./output/train/20250823-131030-resnet18_vcaV2-224/checkpoint/checkpoint-149.pth.tar', 71.52)
 ('./output/train/20250823-131030-resnet18_vcaV2-224/checkpoint/checkpoint-147.pth.tar', 71.47)
 ('./output/train/20250823-131030-resnet18_vcaV2-224/checkpoint/checkpoint-160.pth.tar', 71.46)
 ('./output/train/20250823-131030-resnet18_vcaV2-224/checkpoint/checkpoint-150.pth.tar', 71.42)
 ('./output/train/20250823-131030-resnet18_vcaV2-224/checkpoint/checkpoint-145.pth.tar', 71.41)
 ('./output/train/20250823-131030-resnet18_vcaV2-224/checkpoint/checkpoint-140.pth.tar', 71.39)

2025-08-23 21:56:52,445 -                train: [    INFO] - Train: 162 [   0/391 (  0%)]  Loss: 23.04 (23.0)  Loss_cat: 1.881 (1.88)  Loss_feat: 19.69 (19.7)  Loss_gt: 1.469 (1.47) LR: 5.000e-05
2025-08-23 21:58:21,497 -                train: [    INFO] - Train: 162 [ 200/391 ( 51%)]  Loss: 23.06 (22.8)  Loss_cat: 1.842 (1.84)  Loss_feat: 19.73 (19.6)  Loss_gt: 1.492 (1.39) LR: 5.000e-05
2025-08-23 21:59:46,265 -                train: [    INFO] - Train: 162 [ 390/391 (100%)]  Loss: 23.03 (22.8)  Loss_cat: 1.818 (1.84)  Loss_feat: 19.68 (19.6)  Loss_gt: 1.533 (1.39) LR: 5.000e-05
2025-08-23 21:59:46,968 -                train: [    INFO] - Test: [   0/39]  Time: 0.644 (0.644)  Loss:  0.9771 (0.9771)  Acc@1: 75.7812 (75.7812)  Acc@5: 92.5781 (92.5781)
2025-08-23 22:00:02,315 -                train: [    INFO] - Test: [  39/39]  Time: 0.025 (0.400)  Loss:  1.4157 (1.2600)  Acc@1: 75.0000 (71.6900)  Acc@5: 87.5000 (89.0600)
2025-08-23 22:00:02,877 - timm.utils.checkpoint_saver: [    INFO] - Current checkpoints:
 ('./output/train/20250823-131030-resnet18_vcaV2-224/checkpoint/checkpoint-162.pth.tar', 71.69)
 ('./output/train/20250823-131030-resnet18_vcaV2-224/checkpoint/checkpoint-154.pth.tar', 71.56)
 ('./output/train/20250823-131030-resnet18_vcaV2-224/checkpoint/checkpoint-161.pth.tar', 71.56)
 ('./output/train/20250823-131030-resnet18_vcaV2-224/checkpoint/checkpoint-146.pth.tar', 71.53)
 ('./output/train/20250823-131030-resnet18_vcaV2-224/checkpoint/checkpoint-159.pth.tar', 71.53)
 ('./output/train/20250823-131030-resnet18_vcaV2-224/checkpoint/checkpoint-149.pth.tar', 71.52)
 ('./output/train/20250823-131030-resnet18_vcaV2-224/checkpoint/checkpoint-147.pth.tar', 71.47)
 ('./output/train/20250823-131030-resnet18_vcaV2-224/checkpoint/checkpoint-160.pth.tar', 71.46)
 ('./output/train/20250823-131030-resnet18_vcaV2-224/checkpoint/checkpoint-150.pth.tar', 71.42)
 ('./output/train/20250823-131030-resnet18_vcaV2-224/checkpoint/checkpoint-145.pth.tar', 71.41)

2025-08-23 22:00:04,061 -                train: [    INFO] - Train: 163 [   0/391 (  0%)]  Loss: 21.95 (21.9)  Loss_cat: 1.819 (1.82)  Loss_feat: 18.71 (18.7)  Loss_gt: 1.414 (1.41) LR: 5.000e-05
2025-08-23 22:01:33,467 -                train: [    INFO] - Train: 163 [ 200/391 ( 51%)]  Loss: 22.01 (22.0)  Loss_cat: 1.838 (1.83)  Loss_feat: 18.77 (18.7)  Loss_gt: 1.398 (1.39) LR: 5.000e-05
2025-08-23 22:03:01,415 -                train: [    INFO] - Train: 163 [ 390/391 (100%)]  Loss: 21.94 (22.0)  Loss_cat: 1.815 (1.84)  Loss_feat: 18.77 (18.7)  Loss_gt: 1.358 (1.39) LR: 5.000e-05
2025-08-23 22:03:02,245 -                train: [    INFO] - Test: [   0/39]  Time: 0.754 (0.754)  Loss:  0.9649 (0.9649)  Acc@1: 75.7812 (75.7812)  Acc@5: 92.9688 (92.9688)
2025-08-23 22:03:20,685 -                train: [    INFO] - Test: [  39/39]  Time: 0.026 (0.480)  Loss:  1.4111 (1.2613)  Acc@1: 75.0000 (71.5700)  Acc@5: 87.5000 (88.9800)
2025-08-23 22:03:21,265 - timm.utils.checkpoint_saver: [    INFO] - Current checkpoints:
 ('./output/train/20250823-131030-resnet18_vcaV2-224/checkpoint/checkpoint-162.pth.tar', 71.69)
 ('./output/train/20250823-131030-resnet18_vcaV2-224/checkpoint/checkpoint-163.pth.tar', 71.57)
 ('./output/train/20250823-131030-resnet18_vcaV2-224/checkpoint/checkpoint-154.pth.tar', 71.56)
 ('./output/train/20250823-131030-resnet18_vcaV2-224/checkpoint/checkpoint-161.pth.tar', 71.56)
 ('./output/train/20250823-131030-resnet18_vcaV2-224/checkpoint/checkpoint-146.pth.tar', 71.53)
 ('./output/train/20250823-131030-resnet18_vcaV2-224/checkpoint/checkpoint-159.pth.tar', 71.53)
 ('./output/train/20250823-131030-resnet18_vcaV2-224/checkpoint/checkpoint-149.pth.tar', 71.52)
 ('./output/train/20250823-131030-resnet18_vcaV2-224/checkpoint/checkpoint-147.pth.tar', 71.47)
 ('./output/train/20250823-131030-resnet18_vcaV2-224/checkpoint/checkpoint-160.pth.tar', 71.46)
 ('./output/train/20250823-131030-resnet18_vcaV2-224/checkpoint/checkpoint-150.pth.tar', 71.42)

2025-08-23 22:03:22,464 -                train: [    INFO] - Train: 164 [   0/391 (  0%)]  Loss: 21.31 (21.3)  Loss_cat: 1.913 (1.91)  Loss_feat: 17.98 (18.0)  Loss_gt: 1.417 (1.42) LR: 5.000e-05
2025-08-23 22:04:52,379 -                train: [    INFO] - Train: 164 [ 200/391 ( 51%)]  Loss: 21.12 (21.1)  Loss_cat: 1.855 (1.84)  Loss_feat: 17.88 (17.9)  Loss_gt: 1.386 (1.39) LR: 5.000e-05
2025-08-23 22:06:17,452 -                train: [    INFO] - Train: 164 [ 390/391 (100%)]  Loss: 21.19 (21.1)  Loss_cat: 1.842 (1.84)  Loss_feat: 17.97 (17.9)  Loss_gt: 1.379 (1.39) LR: 5.000e-05
2025-08-23 22:06:18,164 -                train: [    INFO] - Test: [   0/39]  Time: 0.634 (0.634)  Loss:  0.9597 (0.9597)  Acc@1: 76.5625 (76.5625)  Acc@5: 93.7500 (93.7500)
2025-08-23 22:06:34,100 -                train: [    INFO] - Test: [  39/39]  Time: 0.025 (0.414)  Loss:  1.3613 (1.2640)  Acc@1: 75.0000 (71.6600)  Acc@5: 87.5000 (88.8800)
2025-08-23 22:06:34,572 - timm.utils.checkpoint_saver: [    INFO] - Current checkpoints:
 ('./output/train/20250823-131030-resnet18_vcaV2-224/checkpoint/checkpoint-162.pth.tar', 71.69)
 ('./output/train/20250823-131030-resnet18_vcaV2-224/checkpoint/checkpoint-164.pth.tar', 71.66)
 ('./output/train/20250823-131030-resnet18_vcaV2-224/checkpoint/checkpoint-163.pth.tar', 71.57)
 ('./output/train/20250823-131030-resnet18_vcaV2-224/checkpoint/checkpoint-154.pth.tar', 71.56)
 ('./output/train/20250823-131030-resnet18_vcaV2-224/checkpoint/checkpoint-161.pth.tar', 71.56)
 ('./output/train/20250823-131030-resnet18_vcaV2-224/checkpoint/checkpoint-146.pth.tar', 71.53)
 ('./output/train/20250823-131030-resnet18_vcaV2-224/checkpoint/checkpoint-159.pth.tar', 71.53)
 ('./output/train/20250823-131030-resnet18_vcaV2-224/checkpoint/checkpoint-149.pth.tar', 71.52)
 ('./output/train/20250823-131030-resnet18_vcaV2-224/checkpoint/checkpoint-147.pth.tar', 71.47)
 ('./output/train/20250823-131030-resnet18_vcaV2-224/checkpoint/checkpoint-160.pth.tar', 71.46)

2025-08-23 22:06:35,706 -                train: [    INFO] - Train: 165 [   0/391 (  0%)]  Loss: 20.20 (20.2)  Loss_cat: 1.802 (1.80)  Loss_feat: 16.94 (16.9)  Loss_gt: 1.455 (1.46) LR: 5.000e-05
2025-08-23 22:08:05,787 -                train: [    INFO] - Train: 165 [ 200/391 ( 51%)]  Loss: 20.29 (20.2)  Loss_cat: 1.840 (1.84)  Loss_feat: 17.03 (17.0)  Loss_gt: 1.420 (1.39) LR: 5.000e-05
2025-08-23 22:09:33,326 -                train: [    INFO] - Train: 165 [ 390/391 (100%)]  Loss: 20.47 (20.3)  Loss_cat: 1.857 (1.84)  Loss_feat: 17.20 (17.0)  Loss_gt: 1.407 (1.38) LR: 5.000e-05
2025-08-23 22:09:34,099 -                train: [    INFO] - Test: [   0/39]  Time: 0.682 (0.682)  Loss:  0.9319 (0.9319)  Acc@1: 77.3438 (77.3438)  Acc@5: 93.7500 (93.7500)
2025-08-23 22:09:50,196 -                train: [    INFO] - Test: [  39/39]  Time: 0.028 (0.419)  Loss:  1.4229 (1.2617)  Acc@1: 75.0000 (71.5800)  Acc@5: 87.5000 (89.0700)
2025-08-23 22:09:51,077 - timm.utils.checkpoint_saver: [    INFO] - Current checkpoints:
 ('./output/train/20250823-131030-resnet18_vcaV2-224/checkpoint/checkpoint-162.pth.tar', 71.69)
 ('./output/train/20250823-131030-resnet18_vcaV2-224/checkpoint/checkpoint-164.pth.tar', 71.66)
 ('./output/train/20250823-131030-resnet18_vcaV2-224/checkpoint/checkpoint-165.pth.tar', 71.58)
 ('./output/train/20250823-131030-resnet18_vcaV2-224/checkpoint/checkpoint-163.pth.tar', 71.57)
 ('./output/train/20250823-131030-resnet18_vcaV2-224/checkpoint/checkpoint-154.pth.tar', 71.56)
 ('./output/train/20250823-131030-resnet18_vcaV2-224/checkpoint/checkpoint-161.pth.tar', 71.56)
 ('./output/train/20250823-131030-resnet18_vcaV2-224/checkpoint/checkpoint-146.pth.tar', 71.53)
 ('./output/train/20250823-131030-resnet18_vcaV2-224/checkpoint/checkpoint-159.pth.tar', 71.53)
 ('./output/train/20250823-131030-resnet18_vcaV2-224/checkpoint/checkpoint-149.pth.tar', 71.52)
 ('./output/train/20250823-131030-resnet18_vcaV2-224/checkpoint/checkpoint-147.pth.tar', 71.47)

2025-08-23 22:09:52,287 -                train: [    INFO] - Train: 166 [   0/391 (  0%)]  Loss: 19.62 (19.6)  Loss_cat: 1.895 (1.89)  Loss_feat: 16.38 (16.4)  Loss_gt: 1.349 (1.35) LR: 5.000e-05
2025-08-23 22:11:28,059 -                train: [    INFO] - Train: 166 [ 200/391 ( 51%)]  Loss: 19.41 (19.4)  Loss_cat: 1.833 (1.84)  Loss_feat: 16.22 (16.2)  Loss_gt: 1.360 (1.39) LR: 5.000e-05
2025-08-23 22:12:53,350 -                train: [    INFO] - Train: 166 [ 390/391 (100%)]  Loss: 19.47 (19.4)  Loss_cat: 1.871 (1.84)  Loss_feat: 16.22 (16.2)  Loss_gt: 1.375 (1.39) LR: 5.000e-05
2025-08-23 22:12:54,188 -                train: [    INFO] - Test: [   0/39]  Time: 0.763 (0.763)  Loss:  0.9582 (0.9582)  Acc@1: 76.1719 (76.1719)  Acc@5: 92.5781 (92.5781)
2025-08-23 22:13:13,373 -                train: [    INFO] - Test: [  39/39]  Time: 0.026 (0.499)  Loss:  1.4386 (1.2600)  Acc@1: 75.0000 (71.7300)  Acc@5: 87.5000 (89.0000)
2025-08-23 22:13:14,156 - timm.utils.checkpoint_saver: [    INFO] - Current checkpoints:
 ('./output/train/20250823-131030-resnet18_vcaV2-224/checkpoint/checkpoint-166.pth.tar', 71.73)
 ('./output/train/20250823-131030-resnet18_vcaV2-224/checkpoint/checkpoint-162.pth.tar', 71.69)
 ('./output/train/20250823-131030-resnet18_vcaV2-224/checkpoint/checkpoint-164.pth.tar', 71.66)
 ('./output/train/20250823-131030-resnet18_vcaV2-224/checkpoint/checkpoint-165.pth.tar', 71.58)
 ('./output/train/20250823-131030-resnet18_vcaV2-224/checkpoint/checkpoint-163.pth.tar', 71.57)
 ('./output/train/20250823-131030-resnet18_vcaV2-224/checkpoint/checkpoint-154.pth.tar', 71.56)
 ('./output/train/20250823-131030-resnet18_vcaV2-224/checkpoint/checkpoint-161.pth.tar', 71.56)
 ('./output/train/20250823-131030-resnet18_vcaV2-224/checkpoint/checkpoint-146.pth.tar', 71.53)
 ('./output/train/20250823-131030-resnet18_vcaV2-224/checkpoint/checkpoint-159.pth.tar', 71.53)
 ('./output/train/20250823-131030-resnet18_vcaV2-224/checkpoint/checkpoint-149.pth.tar', 71.52)

2025-08-23 22:13:15,419 -                train: [    INFO] - Train: 167 [   0/391 (  0%)]  Loss: 18.49 (18.5)  Loss_cat: 1.801 (1.80)  Loss_feat: 15.35 (15.3)  Loss_gt: 1.336 (1.34) LR: 5.000e-05
2025-08-23 22:14:44,855 -                train: [    INFO] - Train: 167 [ 200/391 ( 51%)]  Loss: 18.54 (18.6)  Loss_cat: 1.836 (1.84)  Loss_feat: 15.32 (15.4)  Loss_gt: 1.382 (1.38) LR: 5.000e-05
2025-08-23 22:16:09,464 -                train: [    INFO] - Train: 167 [ 390/391 (100%)]  Loss: 18.78 (18.6)  Loss_cat: 1.867 (1.84)  Loss_feat: 15.57 (15.4)  Loss_gt: 1.348 (1.38) LR: 5.000e-05
2025-08-23 22:16:10,170 -                train: [    INFO] - Test: [   0/39]  Time: 0.636 (0.636)  Loss:  0.9976 (0.9976)  Acc@1: 75.0000 (75.0000)  Acc@5: 92.9688 (92.9688)
2025-08-23 22:16:24,802 -                train: [    INFO] - Test: [  39/39]  Time: 0.026 (0.382)  Loss:  1.4070 (1.2725)  Acc@1: 68.7500 (71.4700)  Acc@5: 93.7500 (88.8700)
2025-08-23 22:16:26,548 -                train: [    INFO] - Train: 168 [   0/391 (  0%)]  Loss: 17.99 (18.0)  Loss_cat: 1.826 (1.83)  Loss_feat: 14.69 (14.7)  Loss_gt: 1.469 (1.47) LR: 5.000e-05
2025-08-23 22:17:55,871 -                train: [    INFO] - Train: 168 [ 200/391 ( 51%)]  Loss: 17.91 (17.8)  Loss_cat: 1.874 (1.84)  Loss_feat: 14.68 (14.6)  Loss_gt: 1.352 (1.38) LR: 5.000e-05
2025-08-23 22:19:20,376 -                train: [    INFO] - Train: 168 [ 390/391 (100%)]  Loss: 17.89 (17.8)  Loss_cat: 1.802 (1.84)  Loss_feat: 14.56 (14.6)  Loss_gt: 1.522 (1.38) LR: 5.000e-05
2025-08-23 22:19:21,172 -                train: [    INFO] - Test: [   0/39]  Time: 0.724 (0.724)  Loss:  0.9575 (0.9575)  Acc@1: 75.7812 (75.7812)  Acc@5: 93.7500 (93.7500)
2025-08-23 22:19:37,799 -                train: [    INFO] - Test: [  39/39]  Time: 0.026 (0.434)  Loss:  1.3870 (1.2642)  Acc@1: 75.0000 (71.4500)  Acc@5: 87.5000 (88.9700)
2025-08-23 22:19:39,883 -                train: [    INFO] - Train: 169 [   0/391 (  0%)]  Loss: 17.05 (17.1)  Loss_cat: 1.803 (1.80)  Loss_feat: 13.83 (13.8)  Loss_gt: 1.416 (1.42) LR: 5.000e-05
2025-08-23 22:21:09,244 -                train: [    INFO] - Train: 169 [ 200/391 ( 51%)]  Loss: 16.94 (17.1)  Loss_cat: 1.799 (1.84)  Loss_feat: 13.76 (13.9)  Loss_gt: 1.380 (1.38) LR: 5.000e-05
2025-08-23 22:22:33,936 -                train: [    INFO] - Train: 169 [ 390/391 (100%)]  Loss: 17.19 (17.1)  Loss_cat: 1.828 (1.84)  Loss_feat: 13.85 (13.9)  Loss_gt: 1.508 (1.38) LR: 5.000e-05
2025-08-23 22:22:34,668 -                train: [    INFO] - Test: [   0/39]  Time: 0.658 (0.658)  Loss:  0.9787 (0.9787)  Acc@1: 76.1719 (76.1719)  Acc@5: 92.9688 (92.9688)
2025-08-23 22:22:51,303 -                train: [    INFO] - Test: [  39/39]  Time: 0.027 (0.432)  Loss:  1.4377 (1.2629)  Acc@1: 68.7500 (71.6200)  Acc@5: 93.7500 (88.9900)
2025-08-23 22:22:52,193 - timm.utils.checkpoint_saver: [    INFO] - Current checkpoints:
 ('./output/train/20250823-131030-resnet18_vcaV2-224/checkpoint/checkpoint-166.pth.tar', 71.73)
 ('./output/train/20250823-131030-resnet18_vcaV2-224/checkpoint/checkpoint-162.pth.tar', 71.69)
 ('./output/train/20250823-131030-resnet18_vcaV2-224/checkpoint/checkpoint-164.pth.tar', 71.66)
 ('./output/train/20250823-131030-resnet18_vcaV2-224/checkpoint/checkpoint-169.pth.tar', 71.62)
 ('./output/train/20250823-131030-resnet18_vcaV2-224/checkpoint/checkpoint-165.pth.tar', 71.58)
 ('./output/train/20250823-131030-resnet18_vcaV2-224/checkpoint/checkpoint-163.pth.tar', 71.57)
 ('./output/train/20250823-131030-resnet18_vcaV2-224/checkpoint/checkpoint-154.pth.tar', 71.56)
 ('./output/train/20250823-131030-resnet18_vcaV2-224/checkpoint/checkpoint-161.pth.tar', 71.56)
 ('./output/train/20250823-131030-resnet18_vcaV2-224/checkpoint/checkpoint-146.pth.tar', 71.53)
 ('./output/train/20250823-131030-resnet18_vcaV2-224/checkpoint/checkpoint-159.pth.tar', 71.53)

2025-08-23 22:22:53,376 -                train: [    INFO] - Train: 170 [   0/391 (  0%)]  Loss: 16.37 (16.4)  Loss_cat: 1.811 (1.81)  Loss_feat: 13.13 (13.1)  Loss_gt: 1.436 (1.44) LR: 5.000e-05
2025-08-23 22:24:22,713 -                train: [    INFO] - Train: 170 [ 200/391 ( 51%)]  Loss: 16.43 (16.3)  Loss_cat: 1.827 (1.84)  Loss_feat: 13.11 (13.1)  Loss_gt: 1.484 (1.38) LR: 5.000e-05
2025-08-23 22:25:47,467 -                train: [    INFO] - Train: 170 [ 390/391 (100%)]  Loss: 16.21 (16.3)  Loss_cat: 1.807 (1.84)  Loss_feat: 13.06 (13.1)  Loss_gt: 1.346 (1.38) LR: 5.000e-05
2025-08-23 22:25:48,179 -                train: [    INFO] - Test: [   0/39]  Time: 0.642 (0.642)  Loss:  0.9568 (0.9568)  Acc@1: 76.9531 (76.9531)  Acc@5: 92.5781 (92.5781)
2025-08-23 22:26:04,284 -                train: [    INFO] - Test: [  39/39]  Time: 0.026 (0.419)  Loss:  1.4656 (1.2674)  Acc@1: 68.7500 (71.5100)  Acc@5: 93.7500 (88.9200)
2025-08-23 22:26:06,284 -                train: [    INFO] - Train: 171 [   0/391 (  0%)]  Loss: 15.68 (15.7)  Loss_cat: 1.868 (1.87)  Loss_feat: 12.45 (12.4)  Loss_gt: 1.363 (1.36) LR: 5.000e-05
2025-08-23 22:27:35,675 -                train: [    INFO] - Train: 171 [ 200/391 ( 51%)]  Loss: 15.64 (15.6)  Loss_cat: 1.808 (1.84)  Loss_feat: 12.42 (12.4)  Loss_gt: 1.414 (1.38) LR: 5.000e-05
2025-08-23 22:29:00,314 -                train: [    INFO] - Train: 171 [ 390/391 (100%)]  Loss: 15.70 (15.6)  Loss_cat: 1.866 (1.84)  Loss_feat: 12.50 (12.4)  Loss_gt: 1.340 (1.38) LR: 5.000e-05
2025-08-23 22:29:01,020 -                train: [    INFO] - Test: [   0/39]  Time: 0.632 (0.632)  Loss:  0.9912 (0.9912)  Acc@1: 75.0000 (75.0000)  Acc@5: 92.5781 (92.5781)
2025-08-23 22:29:16,915 -                train: [    INFO] - Test: [  39/39]  Time: 0.027 (0.413)  Loss:  1.4722 (1.2592)  Acc@1: 68.7500 (71.6100)  Acc@5: 93.7500 (89.0900)
2025-08-23 22:29:17,438 - timm.utils.checkpoint_saver: [    INFO] - Current checkpoints:
 ('./output/train/20250823-131030-resnet18_vcaV2-224/checkpoint/checkpoint-166.pth.tar', 71.73)
 ('./output/train/20250823-131030-resnet18_vcaV2-224/checkpoint/checkpoint-162.pth.tar', 71.69)
 ('./output/train/20250823-131030-resnet18_vcaV2-224/checkpoint/checkpoint-164.pth.tar', 71.66)
 ('./output/train/20250823-131030-resnet18_vcaV2-224/checkpoint/checkpoint-169.pth.tar', 71.62)
 ('./output/train/20250823-131030-resnet18_vcaV2-224/checkpoint/checkpoint-171.pth.tar', 71.61)
 ('./output/train/20250823-131030-resnet18_vcaV2-224/checkpoint/checkpoint-165.pth.tar', 71.58)
 ('./output/train/20250823-131030-resnet18_vcaV2-224/checkpoint/checkpoint-163.pth.tar', 71.57)
 ('./output/train/20250823-131030-resnet18_vcaV2-224/checkpoint/checkpoint-154.pth.tar', 71.56)
 ('./output/train/20250823-131030-resnet18_vcaV2-224/checkpoint/checkpoint-161.pth.tar', 71.56)
 ('./output/train/20250823-131030-resnet18_vcaV2-224/checkpoint/checkpoint-146.pth.tar', 71.53)

2025-08-23 22:29:18,649 -                train: [    INFO] - Train: 172 [   0/391 (  0%)]  Loss: 14.85 (14.8)  Loss_cat: 1.829 (1.83)  Loss_feat: 11.69 (11.7)  Loss_gt: 1.330 (1.33) LR: 5.000e-05
2025-08-23 22:30:48,045 -                train: [    INFO] - Train: 172 [ 200/391 ( 51%)]  Loss: 14.87 (14.9)  Loss_cat: 1.816 (1.83)  Loss_feat: 11.69 (11.7)  Loss_gt: 1.357 (1.38) LR: 5.000e-05
2025-08-23 22:32:12,394 -                train: [    INFO] - Train: 172 [ 390/391 (100%)]  Loss: 14.88 (14.9)  Loss_cat: 1.789 (1.84)  Loss_feat: 11.73 (11.7)  Loss_gt: 1.354 (1.38) LR: 5.000e-05
2025-08-23 22:32:13,221 -                train: [    INFO] - Test: [   0/39]  Time: 0.754 (0.754)  Loss:  0.9537 (0.9537)  Acc@1: 76.9531 (76.9531)  Acc@5: 93.3594 (93.3594)
2025-08-23 22:32:30,739 -                train: [    INFO] - Test: [  39/39]  Time: 0.024 (0.457)  Loss:  1.3957 (1.2606)  Acc@1: 75.0000 (71.6000)  Acc@5: 87.5000 (88.9900)
2025-08-23 22:32:31,295 - timm.utils.checkpoint_saver: [    INFO] - Current checkpoints:
 ('./output/train/20250823-131030-resnet18_vcaV2-224/checkpoint/checkpoint-166.pth.tar', 71.73)
 ('./output/train/20250823-131030-resnet18_vcaV2-224/checkpoint/checkpoint-162.pth.tar', 71.69)
 ('./output/train/20250823-131030-resnet18_vcaV2-224/checkpoint/checkpoint-164.pth.tar', 71.66)
 ('./output/train/20250823-131030-resnet18_vcaV2-224/checkpoint/checkpoint-169.pth.tar', 71.62)
 ('./output/train/20250823-131030-resnet18_vcaV2-224/checkpoint/checkpoint-171.pth.tar', 71.61)
 ('./output/train/20250823-131030-resnet18_vcaV2-224/checkpoint/checkpoint-172.pth.tar', 71.6)
 ('./output/train/20250823-131030-resnet18_vcaV2-224/checkpoint/checkpoint-165.pth.tar', 71.58)
 ('./output/train/20250823-131030-resnet18_vcaV2-224/checkpoint/checkpoint-163.pth.tar', 71.57)
 ('./output/train/20250823-131030-resnet18_vcaV2-224/checkpoint/checkpoint-154.pth.tar', 71.56)
 ('./output/train/20250823-131030-resnet18_vcaV2-224/checkpoint/checkpoint-161.pth.tar', 71.56)

2025-08-23 22:32:32,504 -                train: [    INFO] - Train: 173 [   0/391 (  0%)]  Loss: 14.20 (14.2)  Loss_cat: 1.824 (1.82)  Loss_feat: 11.02 (11.0)  Loss_gt: 1.353 (1.35) LR: 5.000e-05
2025-08-23 22:34:01,710 -                train: [    INFO] - Train: 173 [ 200/391 ( 51%)]  Loss: 14.25 (14.3)  Loss_cat: 1.836 (1.83)  Loss_feat: 11.07 (11.1)  Loss_gt: 1.349 (1.37) LR: 5.000e-05
2025-08-23 22:35:27,296 -                train: [    INFO] - Train: 173 [ 390/391 (100%)]  Loss: 14.38 (14.3)  Loss_cat: 1.835 (1.84)  Loss_feat: 11.16 (11.1)  Loss_gt: 1.386 (1.37) LR: 5.000e-05
2025-08-23 22:35:28,034 -                train: [    INFO] - Test: [   0/39]  Time: 0.660 (0.660)  Loss:  0.9662 (0.9662)  Acc@1: 76.1719 (76.1719)  Acc@5: 93.3594 (93.3594)
2025-08-23 22:35:45,303 -                train: [    INFO] - Test: [  39/39]  Time: 0.026 (0.448)  Loss:  1.3665 (1.2677)  Acc@1: 75.0000 (71.4200)  Acc@5: 87.5000 (88.9000)
2025-08-23 22:35:47,078 -                train: [    INFO] - Train: 174 [   0/391 (  0%)]  Loss: 13.53 (13.5)  Loss_cat: 1.791 (1.79)  Loss_feat: 10.38 (10.4)  Loss_gt: 1.359 (1.36) LR: 5.000e-05
2025-08-23 22:37:16,298 -                train: [    INFO] - Train: 174 [ 200/391 ( 51%)]  Loss: 13.64 (13.6)  Loss_cat: 1.817 (1.83)  Loss_feat: 10.43 (10.4)  Loss_gt: 1.396 (1.37) LR: 5.000e-05
2025-08-23 22:38:41,126 -                train: [    INFO] - Train: 174 [ 390/391 (100%)]  Loss: 13.56 (13.6)  Loss_cat: 1.835 (1.84)  Loss_feat: 10.42 (10.4)  Loss_gt: 1.301 (1.38) LR: 5.000e-05
2025-08-23 22:38:41,941 -                train: [    INFO] - Test: [   0/39]  Time: 0.736 (0.736)  Loss:  0.9681 (0.9681)  Acc@1: 75.7812 (75.7812)  Acc@5: 93.3594 (93.3594)
2025-08-23 22:38:57,955 -                train: [    INFO] - Test: [  39/39]  Time: 0.026 (0.419)  Loss:  1.4181 (1.2662)  Acc@1: 75.0000 (71.5900)  Acc@5: 87.5000 (89.0400)
2025-08-23 22:38:58,739 - timm.utils.checkpoint_saver: [    INFO] - Current checkpoints:
 ('./output/train/20250823-131030-resnet18_vcaV2-224/checkpoint/checkpoint-166.pth.tar', 71.73)
 ('./output/train/20250823-131030-resnet18_vcaV2-224/checkpoint/checkpoint-162.pth.tar', 71.69)
 ('./output/train/20250823-131030-resnet18_vcaV2-224/checkpoint/checkpoint-164.pth.tar', 71.66)
 ('./output/train/20250823-131030-resnet18_vcaV2-224/checkpoint/checkpoint-169.pth.tar', 71.62)
 ('./output/train/20250823-131030-resnet18_vcaV2-224/checkpoint/checkpoint-171.pth.tar', 71.61)
 ('./output/train/20250823-131030-resnet18_vcaV2-224/checkpoint/checkpoint-172.pth.tar', 71.6)
 ('./output/train/20250823-131030-resnet18_vcaV2-224/checkpoint/checkpoint-174.pth.tar', 71.59)
 ('./output/train/20250823-131030-resnet18_vcaV2-224/checkpoint/checkpoint-165.pth.tar', 71.58)
 ('./output/train/20250823-131030-resnet18_vcaV2-224/checkpoint/checkpoint-163.pth.tar', 71.57)
 ('./output/train/20250823-131030-resnet18_vcaV2-224/checkpoint/checkpoint-154.pth.tar', 71.56)

2025-08-23 22:38:59,996 -                train: [    INFO] - Train: 175 [   0/391 (  0%)]  Loss: 12.95 (12.9)  Loss_cat: 1.814 (1.81)  Loss_feat: 9.765 (9.77)  Loss_gt: 1.368 (1.37) LR: 5.000e-05
2025-08-23 22:40:29,815 -                train: [    INFO] - Train: 175 [ 200/391 ( 51%)]  Loss: 12.92 (13.0)  Loss_cat: 1.814 (1.84)  Loss_feat: 9.755 (9.79)  Loss_gt: 1.350 (1.37) LR: 5.000e-05
2025-08-23 22:41:54,639 -                train: [    INFO] - Train: 175 [ 390/391 (100%)]  Loss: 13.02 (13.0)  Loss_cat: 1.873 (1.84)  Loss_feat: 9.832 (9.79)  Loss_gt: 1.314 (1.37) LR: 5.000e-05
2025-08-23 22:41:55,360 -                train: [    INFO] - Test: [   0/39]  Time: 0.637 (0.637)  Loss:  0.9605 (0.9605)  Acc@1: 76.5625 (76.5625)  Acc@5: 93.7500 (93.7500)
2025-08-23 22:42:10,729 -                train: [    INFO] - Test: [  39/39]  Time: 0.026 (0.400)  Loss:  1.3873 (1.2682)  Acc@1: 75.0000 (71.5600)  Acc@5: 93.7500 (88.8600)
2025-08-23 22:42:12,485 -                train: [    INFO] - Train: 176 [   0/391 (  0%)]  Loss: 12.39 (12.4)  Loss_cat: 1.840 (1.84)  Loss_feat: 9.205 (9.20)  Loss_gt: 1.347 (1.35) LR: 5.000e-05
2025-08-23 22:43:41,983 -                train: [    INFO] - Train: 176 [ 200/391 ( 51%)]  Loss: 12.46 (12.4)  Loss_cat: 1.873 (1.83)  Loss_feat: 9.208 (9.19)  Loss_gt: 1.382 (1.37) LR: 5.000e-05
2025-08-23 22:45:06,513 -                train: [    INFO] - Train: 176 [ 390/391 (100%)]  Loss: 12.46 (12.4)  Loss_cat: 1.806 (1.83)  Loss_feat: 9.169 (9.19)  Loss_gt: 1.483 (1.37) LR: 5.000e-05
2025-08-23 22:45:07,308 -                train: [    INFO] - Test: [   0/39]  Time: 0.720 (0.720)  Loss:  1.0013 (1.0013)  Acc@1: 75.3906 (75.3906)  Acc@5: 93.3594 (93.3594)
2025-08-23 22:45:26,341 -                train: [    INFO] - Test: [  39/39]  Time: 0.025 (0.494)  Loss:  1.4301 (1.2699)  Acc@1: 68.7500 (71.4500)  Acc@5: 87.5000 (88.9000)
2025-08-23 22:45:28,110 -                train: [    INFO] - Train: 177 [   0/391 (  0%)]  Loss: 11.68 (11.7)  Loss_cat: 1.802 (1.80)  Loss_feat: 8.585 (8.58)  Loss_gt: 1.297 (1.30) LR: 5.000e-05
2025-08-23 22:46:57,705 -                train: [    INFO] - Train: 177 [ 200/391 ( 51%)]  Loss: 11.75 (11.8)  Loss_cat: 1.814 (1.84)  Loss_feat: 8.582 (8.61)  Loss_gt: 1.354 (1.37) LR: 5.000e-05
2025-08-23 22:48:22,647 -                train: [    INFO] - Train: 177 [ 390/391 (100%)]  Loss: 11.77 (11.8)  Loss_cat: 1.871 (1.84)  Loss_feat: 8.622 (8.61)  Loss_gt: 1.273 (1.37) LR: 5.000e-05
2025-08-23 22:48:23,358 -                train: [    INFO] - Test: [   0/39]  Time: 0.648 (0.648)  Loss:  0.9870 (0.9870)  Acc@1: 75.7812 (75.7812)  Acc@5: 93.3594 (93.3594)
2025-08-23 22:48:40,482 -                train: [    INFO] - Test: [  39/39]  Time: 0.027 (0.444)  Loss:  1.3839 (1.2700)  Acc@1: 75.0000 (71.5700)  Acc@5: 87.5000 (88.8200)
2025-08-23 22:48:41,127 - timm.utils.checkpoint_saver: [    INFO] - Current checkpoints:
 ('./output/train/20250823-131030-resnet18_vcaV2-224/checkpoint/checkpoint-166.pth.tar', 71.73)
 ('./output/train/20250823-131030-resnet18_vcaV2-224/checkpoint/checkpoint-162.pth.tar', 71.69)
 ('./output/train/20250823-131030-resnet18_vcaV2-224/checkpoint/checkpoint-164.pth.tar', 71.66)
 ('./output/train/20250823-131030-resnet18_vcaV2-224/checkpoint/checkpoint-169.pth.tar', 71.62)
 ('./output/train/20250823-131030-resnet18_vcaV2-224/checkpoint/checkpoint-171.pth.tar', 71.61)
 ('./output/train/20250823-131030-resnet18_vcaV2-224/checkpoint/checkpoint-172.pth.tar', 71.6)
 ('./output/train/20250823-131030-resnet18_vcaV2-224/checkpoint/checkpoint-174.pth.tar', 71.59)
 ('./output/train/20250823-131030-resnet18_vcaV2-224/checkpoint/checkpoint-165.pth.tar', 71.58)
 ('./output/train/20250823-131030-resnet18_vcaV2-224/checkpoint/checkpoint-163.pth.tar', 71.57)
 ('./output/train/20250823-131030-resnet18_vcaV2-224/checkpoint/checkpoint-177.pth.tar', 71.57)

2025-08-23 22:48:42,290 -                train: [    INFO] - Train: 178 [   0/391 (  0%)]  Loss: 11.35 (11.3)  Loss_cat: 1.890 (1.89)  Loss_feat: 8.086 (8.09)  Loss_gt: 1.369 (1.37) LR: 5.000e-05
2025-08-23 22:50:11,301 -                train: [    INFO] - Train: 178 [ 200/391 ( 51%)]  Loss: 11.35 (11.3)  Loss_cat: 1.856 (1.84)  Loss_feat: 8.086 (8.06)  Loss_gt: 1.412 (1.38) LR: 5.000e-05
2025-08-23 22:51:36,096 -                train: [    INFO] - Train: 178 [ 390/391 (100%)]  Loss: 11.27 (11.3)  Loss_cat: 1.857 (1.84)  Loss_feat: 8.035 (8.06)  Loss_gt: 1.377 (1.37) LR: 5.000e-05
2025-08-23 22:51:37,325 -                train: [    INFO] - Test: [   0/39]  Time: 0.639 (0.639)  Loss:  0.9785 (0.9785)  Acc@1: 75.7812 (75.7812)  Acc@5: 92.9688 (92.9688)
2025-08-23 22:52:07,086 -                train: [    INFO] - Test: [  39/39]  Time: 0.030 (0.760)  Loss:  1.4252 (1.2683)  Acc@1: 75.0000 (71.3800)  Acc@5: 93.7500 (88.9600)
2025-08-23 22:52:10,424 -                train: [    INFO] - Train: 179 [   0/391 (  0%)]  Loss: 10.59 (10.6)  Loss_cat: 1.780 (1.78)  Loss_feat: 7.469 (7.47)  Loss_gt: 1.341 (1.34) LR: 5.000e-05
2025-08-23 22:53:40,001 -                train: [    INFO] - Train: 179 [ 200/391 ( 51%)]  Loss: 10.66 (10.7)  Loss_cat: 1.778 (1.83)  Loss_feat: 7.512 (7.53)  Loss_gt: 1.366 (1.37) LR: 5.000e-05
2025-08-23 22:55:05,068 -                train: [    INFO] - Train: 179 [ 390/391 (100%)]  Loss: 10.55 (10.7)  Loss_cat: 1.783 (1.84)  Loss_feat: 7.453 (7.53)  Loss_gt: 1.317 (1.37) LR: 5.000e-05
2025-08-23 22:55:05,802 -                train: [    INFO] - Test: [   0/39]  Time: 0.654 (0.654)  Loss:  0.9556 (0.9556)  Acc@1: 75.3906 (75.3906)  Acc@5: 94.1406 (94.1406)
2025-08-23 22:55:21,100 -                train: [    INFO] - Test: [  39/39]  Time: 0.030 (0.399)  Loss:  1.4127 (1.2648)  Acc@1: 75.0000 (71.3700)  Acc@5: 87.5000 (89.0000)
2025-08-23 22:55:23,147 -                train: [    INFO] - Train: 180 [   0/391 (  0%)]  Loss: 10.34 (10.3)  Loss_cat: 1.874 (1.87)  Loss_feat: 7.058 (7.06)  Loss_gt: 1.412 (1.41) LR: 5.000e-05
2025-08-23 22:56:52,567 -                train: [    INFO] - Train: 180 [ 200/391 ( 51%)]  Loss: 10.32 (10.2)  Loss_cat: 1.884 (1.84)  Loss_feat: 7.093 (7.03)  Loss_gt: 1.344 (1.37) LR: 5.000e-05
2025-08-23 22:58:16,853 -                train: [    INFO] - Train: 180 [ 390/391 (100%)]  Loss: 10.30 (10.2)  Loss_cat: 1.859 (1.84)  Loss_feat: 7.096 (7.03)  Loss_gt: 1.341 (1.37) LR: 5.000e-05
2025-08-23 22:58:17,505 -                train: [    INFO] - Test: [   0/39]  Time: 0.573 (0.573)  Loss:  0.9708 (0.9708)  Acc@1: 76.9531 (76.9531)  Acc@5: 93.3594 (93.3594)
2025-08-23 22:58:31,202 -                train: [    INFO] - Test: [  39/39]  Time: 0.026 (0.357)  Loss:  1.4033 (1.2621)  Acc@1: 75.0000 (71.4500)  Acc@5: 93.7500 (88.8700)
2025-08-23 22:58:33,058 -                train: [    INFO] - Train: 181 [   0/391 (  0%)]  Loss: 9.645 (9.64)  Loss_cat: 1.808 (1.81)  Loss_feat: 6.548 (6.55)  Loss_gt: 1.289 (1.29) LR: 5.000e-05
2025-08-23 23:00:02,575 -                train: [    INFO] - Train: 181 [ 200/391 ( 51%)]  Loss: 9.700 (9.75)  Loss_cat: 1.836 (1.84)  Loss_feat: 6.541 (6.55)  Loss_gt: 1.324 (1.36) LR: 5.000e-05
2025-08-23 23:01:27,312 -                train: [    INFO] - Train: 181 [ 390/391 (100%)]  Loss: 9.738 (9.75)  Loss_cat: 1.859 (1.84)  Loss_feat: 6.556 (6.55)  Loss_gt: 1.323 (1.37) LR: 5.000e-05
2025-08-23 23:01:28,063 -                train: [    INFO] - Test: [   0/39]  Time: 0.679 (0.679)  Loss:  0.9912 (0.9912)  Acc@1: 74.2188 (74.2188)  Acc@5: 93.3594 (93.3594)
2025-08-23 23:01:43,515 -                train: [    INFO] - Test: [  39/39]  Time: 0.029 (0.403)  Loss:  1.3648 (1.2633)  Acc@1: 75.0000 (71.4300)  Acc@5: 93.7500 (88.7900)
2025-08-23 23:01:45,260 -                train: [    INFO] - Train: 182 [   0/391 (  0%)]  Loss: 9.267 (9.27)  Loss_cat: 1.844 (1.84)  Loss_feat: 6.092 (6.09)  Loss_gt: 1.331 (1.33) LR: 5.000e-05
2025-08-23 23:03:14,609 -                train: [    INFO] - Train: 182 [ 200/391 ( 51%)]  Loss: 9.273 (9.28)  Loss_cat: 1.839 (1.83)  Loss_feat: 6.086 (6.09)  Loss_gt: 1.347 (1.36) LR: 5.000e-05
2025-08-23 23:04:39,260 -                train: [    INFO] - Train: 182 [ 390/391 (100%)]  Loss: 9.337 (9.29)  Loss_cat: 1.827 (1.84)  Loss_feat: 6.114 (6.09)  Loss_gt: 1.395 (1.37) LR: 5.000e-05
2025-08-23 23:04:40,024 -                train: [    INFO] - Test: [   0/39]  Time: 0.675 (0.675)  Loss:  0.9724 (0.9724)  Acc@1: 76.1719 (76.1719)  Acc@5: 93.3594 (93.3594)
2025-08-23 23:04:56,598 -                train: [    INFO] - Test: [  39/39]  Time: 0.027 (0.431)  Loss:  1.3688 (1.2720)  Acc@1: 75.0000 (71.3200)  Acc@5: 93.7500 (88.8400)
2025-08-23 23:04:58,433 -                train: [    INFO] - Train: 183 [   0/391 (  0%)]  Loss: 8.782 (8.78)  Loss_cat: 1.811 (1.81)  Loss_feat: 5.623 (5.62)  Loss_gt: 1.347 (1.35) LR: 5.000e-05
2025-08-23 23:06:28,079 -                train: [    INFO] - Train: 183 [ 200/391 ( 51%)]  Loss: 8.724 (8.86)  Loss_cat: 1.802 (1.84)  Loss_feat: 5.614 (5.66)  Loss_gt: 1.308 (1.37) LR: 5.000e-05
2025-08-23 23:07:53,110 -                train: [    INFO] - Train: 183 [ 390/391 (100%)]  Loss: 8.994 (8.86)  Loss_cat: 1.824 (1.84)  Loss_feat: 5.648 (5.66)  Loss_gt: 1.522 (1.36) LR: 5.000e-05
2025-08-23 23:07:53,930 -                train: [    INFO] - Test: [   0/39]  Time: 0.738 (0.738)  Loss:  0.9708 (0.9708)  Acc@1: 75.7812 (75.7812)  Acc@5: 93.3594 (93.3594)
2025-08-23 23:08:11,363 -                train: [    INFO] - Test: [  39/39]  Time: 0.026 (0.454)  Loss:  1.4302 (1.2734)  Acc@1: 75.0000 (71.3500)  Acc@5: 87.5000 (88.8400)
2025-08-23 23:08:13,407 -                train: [    INFO] - Train: 184 [   0/391 (  0%)]  Loss: 8.428 (8.43)  Loss_cat: 1.852 (1.85)  Loss_feat: 5.216 (5.22)  Loss_gt: 1.360 (1.36) LR: 5.000e-05
2025-08-23 23:09:42,917 -                train: [    INFO] - Train: 184 [ 200/391 ( 51%)]  Loss: 8.504 (8.45)  Loss_cat: 1.844 (1.84)  Loss_feat: 5.279 (5.25)  Loss_gt: 1.381 (1.37) LR: 5.000e-05
2025-08-23 23:11:07,509 -                train: [    INFO] - Train: 184 [ 390/391 (100%)]  Loss: 8.425 (8.45)  Loss_cat: 1.811 (1.84)  Loss_feat: 5.239 (5.25)  Loss_gt: 1.375 (1.36) LR: 5.000e-05
2025-08-23 23:11:08,320 -                train: [    INFO] - Test: [   0/39]  Time: 0.730 (0.730)  Loss:  0.9483 (0.9483)  Acc@1: 76.1719 (76.1719)  Acc@5: 93.3594 (93.3594)
2025-08-23 23:11:26,464 -                train: [    INFO] - Test: [  39/39]  Time: 0.026 (0.472)  Loss:  1.3984 (1.2574)  Acc@1: 75.0000 (71.4500)  Acc@5: 93.7500 (88.9100)
2025-08-23 23:11:28,221 -                train: [    INFO] - Train: 185 [   0/391 (  0%)]  Loss: 8.008 (8.01)  Loss_cat: 1.815 (1.82)  Loss_feat: 4.846 (4.85)  Loss_gt: 1.346 (1.35) LR: 5.000e-05
2025-08-23 23:12:57,777 -                train: [    INFO] - Train: 185 [ 200/391 ( 51%)]  Loss: 8.015 (8.06)  Loss_cat: 1.796 (1.84)  Loss_feat: 4.849 (4.86)  Loss_gt: 1.370 (1.36) LR: 5.000e-05
2025-08-23 23:14:22,599 -                train: [    INFO] - Train: 185 [ 390/391 (100%)]  Loss: 8.032 (8.06)  Loss_cat: 1.828 (1.84)  Loss_feat: 4.867 (4.86)  Loss_gt: 1.336 (1.36) LR: 5.000e-05
2025-08-23 23:14:23,430 -                train: [    INFO] - Test: [   0/39]  Time: 0.743 (0.743)  Loss:  0.9801 (0.9801)  Acc@1: 75.3906 (75.3906)  Acc@5: 93.3594 (93.3594)
2025-08-23 23:14:43,271 -                train: [    INFO] - Test: [  39/39]  Time: 0.032 (0.515)  Loss:  1.3938 (1.2669)  Acc@1: 75.0000 (71.5100)  Acc@5: 87.5000 (88.8000)
2025-08-23 23:14:45,256 -                train: [    INFO] - Train: 186 [   0/391 (  0%)]  Loss: 7.709 (7.71)  Loss_cat: 1.856 (1.86)  Loss_feat: 4.513 (4.51)  Loss_gt: 1.340 (1.34) LR: 5.000e-05
2025-08-23 23:16:15,280 -                train: [    INFO] - Train: 186 [ 200/391 ( 51%)]  Loss: 7.746 (7.70)  Loss_cat: 1.825 (1.83)  Loss_feat: 4.500 (4.50)  Loss_gt: 1.421 (1.36) LR: 5.000e-05
2025-08-23 23:17:40,268 -                train: [    INFO] - Train: 186 [ 390/391 (100%)]  Loss: 7.709 (7.70)  Loss_cat: 1.799 (1.84)  Loss_feat: 4.512 (4.50)  Loss_gt: 1.398 (1.36) LR: 5.000e-05
2025-08-23 23:17:40,995 -                train: [    INFO] - Test: [   0/39]  Time: 0.650 (0.650)  Loss:  0.9771 (0.9771)  Acc@1: 74.6094 (74.6094)  Acc@5: 92.5781 (92.5781)
2025-08-23 23:18:01,146 -                train: [    INFO] - Test: [  39/39]  Time: 0.031 (0.520)  Loss:  1.4399 (1.2679)  Acc@1: 75.0000 (71.4400)  Acc@5: 93.7500 (88.9500)
2025-08-23 23:18:03,190 -                train: [    INFO] - Train: 187 [   0/391 (  0%)]  Loss: 7.349 (7.35)  Loss_cat: 1.833 (1.83)  Loss_feat: 4.152 (4.15)  Loss_gt: 1.365 (1.36) LR: 5.000e-05
2025-08-23 23:19:32,787 -                train: [    INFO] - Train: 187 [ 200/391 ( 51%)]  Loss: 7.388 (7.37)  Loss_cat: 1.841 (1.84)  Loss_feat: 4.179 (4.17)  Loss_gt: 1.368 (1.36) LR: 5.000e-05
2025-08-23 23:20:57,830 -                train: [    INFO] - Train: 187 [ 390/391 (100%)]  Loss: 7.450 (7.36)  Loss_cat: 1.871 (1.84)  Loss_feat: 4.185 (4.17)  Loss_gt: 1.395 (1.36) LR: 5.000e-05
2025-08-23 23:20:58,541 -                train: [    INFO] - Test: [   0/39]  Time: 0.652 (0.652)  Loss:  0.9721 (0.9721)  Acc@1: 75.7812 (75.7812)  Acc@5: 93.3594 (93.3594)
2025-08-23 23:21:25,179 -                train: [    INFO] - Test: [  39/39]  Time: 0.026 (0.682)  Loss:  1.3851 (1.2726)  Acc@1: 75.0000 (71.4400)  Acc@5: 87.5000 (88.8300)
2025-08-23 23:21:27,597 -                train: [    INFO] - Train: 188 [   0/391 (  0%)]  Loss: 7.054 (7.05)  Loss_cat: 1.835 (1.83)  Loss_feat: 3.851 (3.85)  Loss_gt: 1.369 (1.37) LR: 5.000e-05
2025-08-23 23:22:57,137 -                train: [    INFO] - Train: 188 [ 200/391 ( 51%)]  Loss: 7.039 (7.05)  Loss_cat: 1.844 (1.84)  Loss_feat: 3.849 (3.86)  Loss_gt: 1.346 (1.36) LR: 5.000e-05
2025-08-23 23:24:22,050 -                train: [    INFO] - Train: 188 [ 390/391 (100%)]  Loss: 6.988 (7.05)  Loss_cat: 1.845 (1.84)  Loss_feat: 3.846 (3.85)  Loss_gt: 1.297 (1.36) LR: 5.000e-05
2025-08-23 23:24:22,750 -                train: [    INFO] - Test: [   0/39]  Time: 0.638 (0.638)  Loss:  0.9637 (0.9637)  Acc@1: 75.7812 (75.7812)  Acc@5: 93.7500 (93.7500)
2025-08-23 23:24:40,452 -                train: [    INFO] - Test: [  39/39]  Time: 0.027 (0.459)  Loss:  1.4172 (1.2659)  Acc@1: 75.0000 (71.5600)  Acc@5: 93.7500 (88.8800)
2025-08-23 23:24:42,207 -                train: [    INFO] - Train: 189 [   0/391 (  0%)]  Loss: 6.663 (6.66)  Loss_cat: 1.819 (1.82)  Loss_feat: 3.564 (3.56)  Loss_gt: 1.281 (1.28) LR: 5.000e-05
2025-08-23 23:26:11,702 -                train: [    INFO] - Train: 189 [ 200/391 ( 51%)]  Loss: 6.722 (6.76)  Loss_cat: 1.831 (1.84)  Loss_feat: 3.560 (3.57)  Loss_gt: 1.330 (1.36) LR: 5.000e-05
2025-08-23 23:27:37,420 -                train: [    INFO] - Train: 189 [ 390/391 (100%)]  Loss: 6.729 (6.76)  Loss_cat: 1.842 (1.84)  Loss_feat: 3.608 (3.57)  Loss_gt: 1.279 (1.36) LR: 5.000e-05
2025-08-23 23:27:38,077 -                train: [    INFO] - Test: [   0/39]  Time: 0.576 (0.576)  Loss:  0.9415 (0.9415)  Acc@1: 76.5625 (76.5625)  Acc@5: 93.3594 (93.3594)
2025-08-23 23:27:54,717 -                train: [    INFO] - Test: [  39/39]  Time: 0.026 (0.430)  Loss:  1.3852 (1.2629)  Acc@1: 75.0000 (71.4000)  Acc@5: 93.7500 (88.9200)
2025-08-23 23:27:56,491 -                train: [    INFO] - Train: 190 [   0/391 (  0%)]  Loss: 6.440 (6.44)  Loss_cat: 1.820 (1.82)  Loss_feat: 3.299 (3.30)  Loss_gt: 1.321 (1.32) LR: 5.000e-05
2025-08-23 23:29:26,067 -                train: [    INFO] - Train: 190 [ 200/391 ( 51%)]  Loss: 6.406 (6.50)  Loss_cat: 1.872 (1.84)  Loss_feat: 3.297 (3.31)  Loss_gt: 1.237 (1.35) LR: 5.000e-05
2025-08-23 23:30:51,078 -                train: [    INFO] - Train: 190 [ 390/391 (100%)]  Loss: 6.484 (6.50)  Loss_cat: 1.819 (1.84)  Loss_feat: 3.318 (3.31)  Loss_gt: 1.347 (1.36) LR: 5.000e-05
2025-08-23 23:30:51,867 -                train: [    INFO] - Test: [   0/39]  Time: 0.714 (0.714)  Loss:  0.9824 (0.9824)  Acc@1: 75.7812 (75.7812)  Acc@5: 92.9688 (92.9688)
2025-08-23 23:31:11,336 -                train: [    INFO] - Test: [  39/39]  Time: 0.025 (0.505)  Loss:  1.4347 (1.2670)  Acc@1: 75.0000 (71.4900)  Acc@5: 93.7500 (88.9100)
2025-08-23 23:31:13,135 -                train: [    INFO] - Train: 191 [   0/391 (  0%)]  Loss: 6.141 (6.14)  Loss_cat: 1.802 (1.80)  Loss_feat: 3.054 (3.05)  Loss_gt: 1.286 (1.29) LR: 5.000e-05
2025-08-23 23:32:43,214 -                train: [    INFO] - Train: 191 [ 200/391 ( 51%)]  Loss: 6.282 (6.26)  Loss_cat: 1.843 (1.84)  Loss_feat: 3.081 (3.07)  Loss_gt: 1.358 (1.35) LR: 5.000e-05
2025-08-23 23:34:08,305 -                train: [    INFO] - Train: 191 [ 390/391 (100%)]  Loss: 6.316 (6.26)  Loss_cat: 1.814 (1.84)  Loss_feat: 3.088 (3.07)  Loss_gt: 1.414 (1.36) LR: 5.000e-05
2025-08-23 23:34:09,029 -                train: [    INFO] - Test: [   0/39]  Time: 0.657 (0.657)  Loss:  0.9624 (0.9624)  Acc@1: 76.1719 (76.1719)  Acc@5: 94.1406 (94.1406)
2025-08-23 23:34:26,133 -                train: [    INFO] - Test: [  39/39]  Time: 0.030 (0.444)  Loss:  1.3980 (1.2640)  Acc@1: 75.0000 (71.5600)  Acc@5: 87.5000 (88.9000)
2025-08-23 23:34:28,130 -                train: [    INFO] - Train: 192 [   0/391 (  0%)]  Loss: 5.986 (5.99)  Loss_cat: 1.811 (1.81)  Loss_feat: 2.843 (2.84)  Loss_gt: 1.332 (1.33) LR: 5.000e-05
2025-08-23 23:35:57,861 -                train: [    INFO] - Train: 192 [ 200/391 ( 51%)]  Loss: 6.095 (6.04)  Loss_cat: 1.843 (1.83)  Loss_feat: 2.861 (2.86)  Loss_gt: 1.391 (1.35) LR: 5.000e-05
2025-08-23 23:37:23,177 -                train: [    INFO] - Train: 192 [ 390/391 (100%)]  Loss: 6.144 (6.05)  Loss_cat: 1.876 (1.84)  Loss_feat: 2.868 (2.86)  Loss_gt: 1.400 (1.35) LR: 5.000e-05
2025-08-23 23:37:23,908 -                train: [    INFO] - Test: [   0/39]  Time: 0.650 (0.650)  Loss:  0.9694 (0.9694)  Acc@1: 75.7812 (75.7812)  Acc@5: 94.1406 (94.1406)
2025-08-23 23:37:41,118 -                train: [    INFO] - Test: [  39/39]  Time: 0.027 (0.446)  Loss:  1.4422 (1.2765)  Acc@1: 75.0000 (71.5700)  Acc@5: 87.5000 (88.7800)
2025-08-23 23:37:43,186 -                train: [    INFO] - Train: 193 [   0/391 (  0%)]  Loss: 5.794 (5.79)  Loss_cat: 1.847 (1.85)  Loss_feat: 2.671 (2.67)  Loss_gt: 1.277 (1.28) LR: 5.000e-05
2025-08-23 23:39:12,986 -                train: [    INFO] - Train: 193 [ 200/391 ( 51%)]  Loss: 5.826 (5.85)  Loss_cat: 1.855 (1.83)  Loss_feat: 2.667 (2.67)  Loss_gt: 1.304 (1.35) LR: 5.000e-05
2025-08-23 23:40:38,062 -                train: [    INFO] - Train: 193 [ 390/391 (100%)]  Loss: 5.769 (5.86)  Loss_cat: 1.861 (1.84)  Loss_feat: 2.670 (2.67)  Loss_gt: 1.238 (1.35) LR: 5.000e-05
2025-08-23 23:40:38,924 -                train: [    INFO] - Test: [   0/39]  Time: 0.777 (0.777)  Loss:  1.0219 (1.0219)  Acc@1: 76.1719 (76.1719)  Acc@5: 92.5781 (92.5781)
2025-08-23 23:40:55,570 -                train: [    INFO] - Test: [  39/39]  Time: 0.026 (0.436)  Loss:  1.3857 (1.2773)  Acc@1: 75.0000 (71.5900)  Acc@5: 93.7500 (88.6400)
2025-08-23 23:40:56,153 - timm.utils.checkpoint_saver: [    INFO] - Current checkpoints:
 ('./output/train/20250823-131030-resnet18_vcaV2-224/checkpoint/checkpoint-166.pth.tar', 71.73)
 ('./output/train/20250823-131030-resnet18_vcaV2-224/checkpoint/checkpoint-162.pth.tar', 71.69)
 ('./output/train/20250823-131030-resnet18_vcaV2-224/checkpoint/checkpoint-164.pth.tar', 71.66)
 ('./output/train/20250823-131030-resnet18_vcaV2-224/checkpoint/checkpoint-169.pth.tar', 71.62)
 ('./output/train/20250823-131030-resnet18_vcaV2-224/checkpoint/checkpoint-171.pth.tar', 71.61)
 ('./output/train/20250823-131030-resnet18_vcaV2-224/checkpoint/checkpoint-172.pth.tar', 71.6)
 ('./output/train/20250823-131030-resnet18_vcaV2-224/checkpoint/checkpoint-174.pth.tar', 71.59)
 ('./output/train/20250823-131030-resnet18_vcaV2-224/checkpoint/checkpoint-193.pth.tar', 71.59)
 ('./output/train/20250823-131030-resnet18_vcaV2-224/checkpoint/checkpoint-165.pth.tar', 71.58)
 ('./output/train/20250823-131030-resnet18_vcaV2-224/checkpoint/checkpoint-163.pth.tar', 71.57)

2025-08-23 23:40:57,327 -                train: [    INFO] - Train: 194 [   0/391 (  0%)]  Loss: 5.575 (5.57)  Loss_cat: 1.808 (1.81)  Loss_feat: 2.492 (2.49)  Loss_gt: 1.274 (1.27) LR: 5.000e-05
2025-08-23 23:42:27,070 -                train: [    INFO] - Train: 194 [ 200/391 ( 51%)]  Loss: 5.715 (5.69)  Loss_cat: 1.814 (1.84)  Loss_feat: 2.512 (2.51)  Loss_gt: 1.389 (1.35) LR: 5.000e-05
2025-08-23 23:43:52,302 -                train: [    INFO] - Train: 194 [ 390/391 (100%)]  Loss: 5.640 (5.70)  Loss_cat: 1.827 (1.84)  Loss_feat: 2.495 (2.51)  Loss_gt: 1.317 (1.35) LR: 5.000e-05
2025-08-23 23:43:53,040 -                train: [    INFO] - Test: [   0/39]  Time: 0.648 (0.648)  Loss:  0.9501 (0.9501)  Acc@1: 75.7812 (75.7812)  Acc@5: 94.1406 (94.1406)
2025-08-23 23:44:09,277 -                train: [    INFO] - Test: [  39/39]  Time: 0.027 (0.422)  Loss:  1.3812 (1.2674)  Acc@1: 75.0000 (71.4000)  Acc@5: 93.7500 (89.1100)
2025-08-23 23:44:10,989 -                train: [    INFO] - Train: 195 [   0/391 (  0%)]  Loss: 5.486 (5.49)  Loss_cat: 1.819 (1.82)  Loss_feat: 2.361 (2.36)  Loss_gt: 1.306 (1.31) LR: 5.000e-05
2025-08-23 23:45:40,493 -                train: [    INFO] - Train: 195 [ 200/391 ( 51%)]  Loss: 5.579 (5.56)  Loss_cat: 1.809 (1.84)  Loss_feat: 2.356 (2.37)  Loss_gt: 1.414 (1.35) LR: 5.000e-05
2025-08-23 23:47:05,394 -                train: [    INFO] - Train: 195 [ 390/391 (100%)]  Loss: 5.492 (5.56)  Loss_cat: 1.784 (1.84)  Loss_feat: 2.367 (2.37)  Loss_gt: 1.341 (1.35) LR: 5.000e-05
2025-08-23 23:47:06,149 -                train: [    INFO] - Test: [   0/39]  Time: 0.677 (0.677)  Loss:  0.9714 (0.9714)  Acc@1: 76.1719 (76.1719)  Acc@5: 93.7500 (93.7500)
2025-08-23 23:47:24,153 -                train: [    INFO] - Test: [  39/39]  Time: 0.030 (0.467)  Loss:  1.4315 (1.2693)  Acc@1: 75.0000 (71.4500)  Acc@5: 93.7500 (88.9000)
2025-08-23 23:47:25,909 -                train: [    INFO] - Train: 196 [   0/391 (  0%)]  Loss: 5.482 (5.48)  Loss_cat: 1.847 (1.85)  Loss_feat: 2.258 (2.26)  Loss_gt: 1.377 (1.38) LR: 5.000e-05
2025-08-23 23:48:56,585 -                train: [    INFO] - Train: 196 [ 200/391 ( 51%)]  Loss: 5.423 (5.44)  Loss_cat: 1.849 (1.84)  Loss_feat: 2.272 (2.26)  Loss_gt: 1.302 (1.35) LR: 5.000e-05
2025-08-23 23:50:22,033 -                train: [    INFO] - Train: 196 [ 390/391 (100%)]  Loss: 5.446 (5.44)  Loss_cat: 1.838 (1.83)  Loss_feat: 2.255 (2.25)  Loss_gt: 1.353 (1.35) LR: 5.000e-05
2025-08-23 23:50:22,691 -                train: [    INFO] - Test: [   0/39]  Time: 0.577 (0.577)  Loss:  0.9910 (0.9910)  Acc@1: 76.5625 (76.5625)  Acc@5: 93.3594 (93.3594)
2025-08-23 23:50:37,205 -                train: [    INFO] - Test: [  39/39]  Time: 0.029 (0.377)  Loss:  1.4036 (1.2732)  Acc@1: 75.0000 (71.3600)  Acc@5: 93.7500 (88.8200)
2025-08-23 23:50:39,228 -                train: [    INFO] - Train: 197 [   0/391 (  0%)]  Loss: 5.355 (5.35)  Loss_cat: 1.832 (1.83)  Loss_feat: 2.169 (2.17)  Loss_gt: 1.353 (1.35) LR: 5.000e-05
2025-08-23 23:52:08,979 -                train: [    INFO] - Train: 197 [ 200/391 ( 51%)]  Loss: 5.397 (5.35)  Loss_cat: 1.858 (1.83)  Loss_feat: 2.162 (2.17)  Loss_gt: 1.377 (1.35) LR: 5.000e-05
2025-08-23 23:53:33,892 -                train: [    INFO] - Train: 197 [ 390/391 (100%)]  Loss: 5.392 (5.35)  Loss_cat: 1.852 (1.84)  Loss_feat: 2.179 (2.17)  Loss_gt: 1.362 (1.35) LR: 5.000e-05
2025-08-23 23:53:34,553 -                train: [    INFO] - Test: [   0/39]  Time: 0.593 (0.593)  Loss:  0.9820 (0.9820)  Acc@1: 76.1719 (76.1719)  Acc@5: 92.9688 (92.9688)
2025-08-23 23:53:50,068 -                train: [    INFO] - Test: [  39/39]  Time: 0.030 (0.403)  Loss:  1.4017 (1.2687)  Acc@1: 75.0000 (71.3600)  Acc@5: 93.7500 (89.0000)
2025-08-23 23:53:52,225 -                train: [    INFO] - Train: 198 [   0/391 (  0%)]  Loss: 5.262 (5.26)  Loss_cat: 1.828 (1.83)  Loss_feat: 2.098 (2.10)  Loss_gt: 1.337 (1.34) LR: 5.000e-05
2025-08-23 23:55:21,932 -                train: [    INFO] - Train: 198 [ 200/391 ( 51%)]  Loss: 5.220 (5.29)  Loss_cat: 1.813 (1.84)  Loss_feat: 2.099 (2.11)  Loss_gt: 1.308 (1.35) LR: 5.000e-05
2025-08-23 23:56:47,064 -                train: [    INFO] - Train: 198 [ 390/391 (100%)]  Loss: 5.259 (5.29)  Loss_cat: 1.791 (1.83)  Loss_feat: 2.091 (2.10)  Loss_gt: 1.377 (1.35) LR: 5.000e-05
2025-08-23 23:56:47,809 -                train: [    INFO] - Test: [   0/39]  Time: 0.670 (0.670)  Loss:  0.9927 (0.9927)  Acc@1: 76.1719 (76.1719)  Acc@5: 92.9688 (92.9688)
2025-08-23 23:57:04,366 -                train: [    INFO] - Test: [  39/39]  Time: 0.027 (0.431)  Loss:  1.4287 (1.2709)  Acc@1: 75.0000 (71.3900)  Acc@5: 93.7500 (88.8800)
2025-08-23 23:57:06,162 -                train: [    INFO] - Train: 199 [   0/391 (  0%)]  Loss: 5.301 (5.30)  Loss_cat: 1.831 (1.83)  Loss_feat: 2.070 (2.07)  Loss_gt: 1.399 (1.40) LR: 5.000e-05
2025-08-23 23:58:35,983 -                train: [    INFO] - Train: 199 [ 200/391 ( 51%)]  Loss: 5.304 (5.25)  Loss_cat: 1.837 (1.84)  Loss_feat: 2.070 (2.07)  Loss_gt: 1.397 (1.35) LR: 5.000e-05
2025-08-24 00:00:01,533 -                train: [    INFO] - Train: 199 [ 390/391 (100%)]  Loss: 5.468 (5.25)  Loss_cat: 1.944 (1.84)  Loss_feat: 2.108 (2.07)  Loss_gt: 1.416 (1.35) LR: 5.000e-05
2025-08-24 00:00:02,349 -                train: [    INFO] - Test: [   0/39]  Time: 0.745 (0.745)  Loss:  0.9701 (0.9701)  Acc@1: 76.1719 (76.1719)  Acc@5: 93.3594 (93.3594)
2025-08-24 00:00:18,646 -                train: [    INFO] - Test: [  39/39]  Time: 0.030 (0.426)  Loss:  1.4209 (1.2825)  Acc@1: 75.0000 (71.2800)  Acc@5: 87.5000 (88.7100)
2025-08-24 00:00:19,320 -                train: [    INFO] - *** Best metric: 71.73 (epoch 166)
