2025-08-29 06:41:42,270 -                train: [    INFO] - Training with a single process on 1 GPUs.
2025-08-29 06:41:42,583 -  timm.models.helpers: [    INFO] - Loaded  from checkpoint '/nfs4/wangyb/projects/OFAKD/teacher_checkpoint/vit_small_patch16_224_tiny_imagenet.pth'
2025-08-29 06:41:42,590 -                train: [    INFO] - Model resnet18 created, param count:11279112
2025-08-29 06:41:42,590 -     timm.data.config: [    INFO] - Data processing configuration for current model + dataset:
2025-08-29 06:41:42,590 -     timm.data.config: [    INFO] - 	input_size: (3, 224, 224)
2025-08-29 06:41:42,592 -     timm.data.config: [    INFO] - 	interpolation: bilinear
2025-08-29 06:41:42,592 -     timm.data.config: [    INFO] - 	mean: (0.485, 0.456, 0.406)
2025-08-29 06:41:42,592 -     timm.data.config: [    INFO] - 	std: (0.229, 0.224, 0.225)
2025-08-29 06:41:42,592 -     timm.data.config: [    INFO] - 	crop_pct: 0.875
2025-08-29 06:41:42,776 -                train: [    INFO] - 
-------------------------------
Learnable parameters
Student: 11.28M
Extra: 1.40M
-------------------------------
2025-08-29 06:41:42,907 -                train: [    INFO] - AMP not enabled. Training in float32.
2025-08-29 06:41:42,908 -                train: [    INFO] - Scheduled epochs: 200
2025-08-29 06:41:45,214 -                train: [    INFO] - Train: 0 [   0/391 (  0%)]  Loss: 31.95 (32.0)  Loss_gt: 5.328 (5.33)  Loss_kd: 5.325 (5.33)  Loss_ofa: 21.30 (21.3) LR: 1.000e-04
2025-08-29 06:42:46,397 -                train: [    INFO] - Train: 0 [ 200/391 ( 51%)]  Loss: 31.88 (31.9)  Loss_gt: 5.314 (5.32)  Loss_kd: 5.307 (5.32)  Loss_ofa: 21.26 (21.3) LR: 1.000e-04
2025-08-29 06:43:45,030 -                train: [    INFO] - Train: 0 [ 390/391 (100%)]  Loss: 31.80 (31.9)  Loss_gt: 5.295 (5.31)  Loss_kd: 5.289 (5.31)  Loss_ofa: 21.21 (21.3) LR: 1.000e-04
2025-08-29 06:43:45,659 -                train: [    INFO] - Test: [   0/39]  Time: 0.589 (0.589)  Loss:  5.2886 (5.2886)  Acc@1:  0.0000 ( 0.0000)  Acc@5:  0.7812 ( 0.7812)
2025-08-29 06:44:00,442 -                train: [    INFO] - Test: [  39/39]  Time: 0.071 (0.384)  Loss:  4.9648 (5.2830)  Acc@1: 25.0000 ( 1.3600)  Acc@5: 43.7500 ( 3.8700)
2025-08-29 06:44:00,802 - timm.utils.checkpoint_saver: [    INFO] - Current checkpoints:
 ('./output/train/20250829-064142-resnet18-224/checkpoint/checkpoint-0.pth.tar', 1.36)

2025-08-29 06:44:01,807 -                train: [    INFO] - Train: 1 [   0/391 (  0%)]  Loss: 31.79 (31.8)  Loss_gt: 5.298 (5.30)  Loss_kd: 5.295 (5.30)  Loss_ofa: 21.20 (21.2) LR: 1.673e-02
2025-08-29 06:45:03,351 -                train: [    INFO] - Train: 1 [ 200/391 ( 51%)]  Loss: 28.85 (30.0)  Loss_gt: 4.793 (4.98)  Loss_kd: 4.813 (4.99)  Loss_ofa: 19.25 (20.0) LR: 1.673e-02
2025-08-29 06:46:01,925 -                train: [    INFO] - Train: 1 [ 390/391 (100%)]  Loss: 27.44 (29.2)  Loss_gt: 4.612 (4.86)  Loss_kd: 4.630 (4.87)  Loss_ofa: 18.20 (19.4) LR: 1.673e-02
2025-08-29 06:46:02,576 -                train: [    INFO] - Test: [   0/39]  Time: 0.591 (0.591)  Loss:  4.0328 (4.0328)  Acc@1: 18.3594 (18.3594)  Acc@5: 39.4531 (39.4531)
2025-08-29 06:46:20,925 -                train: [    INFO] - Test: [  39/39]  Time: 0.022 (0.473)  Loss:  4.4598 (4.5110)  Acc@1:  0.0000 ( 7.9300)  Acc@5: 18.7500 (23.1200)
2025-08-29 06:46:21,259 - timm.utils.checkpoint_saver: [    INFO] - Current checkpoints:
 ('./output/train/20250829-064142-resnet18-224/checkpoint/checkpoint-1.pth.tar', 7.93)
 ('./output/train/20250829-064142-resnet18-224/checkpoint/checkpoint-0.pth.tar', 1.36)

2025-08-29 06:46:22,341 -                train: [    INFO] - Train: 2 [   0/391 (  0%)]  Loss: 27.03 (27.0)  Loss_gt: 4.556 (4.56)  Loss_kd: 4.548 (4.55)  Loss_ofa: 17.93 (17.9) LR: 3.337e-02
2025-08-29 06:47:24,069 -                train: [    INFO] - Train: 2 [ 200/391 ( 51%)]  Loss: 25.49 (26.7)  Loss_gt: 4.245 (4.47)  Loss_kd: 4.286 (4.49)  Loss_ofa: 16.95 (17.8) LR: 3.337e-02
2025-08-29 06:48:22,940 -                train: [    INFO] - Train: 2 [ 390/391 (100%)]  Loss: 24.17 (26.0)  Loss_gt: 4.086 (4.33)  Loss_kd: 4.049 (4.36)  Loss_ofa: 16.03 (17.3) LR: 3.337e-02
2025-08-29 06:48:23,680 -                train: [    INFO] - Test: [   0/39]  Time: 0.669 (0.669)  Loss:  3.9109 (3.9109)  Acc@1: 14.8438 (14.8438)  Acc@5: 43.3594 (43.3594)
2025-08-29 06:48:41,617 -                train: [    INFO] - Test: [  39/39]  Time: 0.021 (0.465)  Loss:  4.3588 (4.0638)  Acc@1:  0.0000 (12.5000)  Acc@5: 18.7500 (34.0800)
2025-08-29 06:48:41,995 - timm.utils.checkpoint_saver: [    INFO] - Current checkpoints:
 ('./output/train/20250829-064142-resnet18-224/checkpoint/checkpoint-2.pth.tar', 12.5)
 ('./output/train/20250829-064142-resnet18-224/checkpoint/checkpoint-1.pth.tar', 7.93)
 ('./output/train/20250829-064142-resnet18-224/checkpoint/checkpoint-0.pth.tar', 1.36)

2025-08-29 06:48:43,021 -                train: [    INFO] - Train: 3 [   0/391 (  0%)]  Loss: 24.52 (24.5)  Loss_gt: 4.110 (4.11)  Loss_kd: 4.106 (4.11)  Loss_ofa: 16.30 (16.3) LR: 5.000e-02
2025-08-29 06:49:44,917 -                train: [    INFO] - Train: 3 [ 200/391 ( 51%)]  Loss: 23.56 (24.2)  Loss_gt: 3.896 (4.01)  Loss_kd: 3.936 (4.06)  Loss_ofa: 15.73 (16.2) LR: 5.000e-02
2025-08-29 06:50:43,936 -                train: [    INFO] - Train: 3 [ 390/391 (100%)]  Loss: 23.92 (23.7)  Loss_gt: 3.913 (3.91)  Loss_kd: 3.990 (3.97)  Loss_ofa: 16.02 (15.8) LR: 5.000e-02
2025-08-29 06:50:44,680 -                train: [    INFO] - Test: [   0/39]  Time: 0.672 (0.672)  Loss:  3.5144 (3.5144)  Acc@1: 21.8750 (21.8750)  Acc@5: 43.3594 (43.3594)
2025-08-29 06:51:02,805 -                train: [    INFO] - Test: [  39/39]  Time: 0.020 (0.470)  Loss:  4.0723 (3.9688)  Acc@1: 18.7500 (15.9500)  Acc@5: 50.0000 (38.9000)
2025-08-29 06:51:03,152 - timm.utils.checkpoint_saver: [    INFO] - Current checkpoints:
 ('./output/train/20250829-064142-resnet18-224/checkpoint/checkpoint-3.pth.tar', 15.95)
 ('./output/train/20250829-064142-resnet18-224/checkpoint/checkpoint-2.pth.tar', 12.5)
 ('./output/train/20250829-064142-resnet18-224/checkpoint/checkpoint-1.pth.tar', 7.93)
 ('./output/train/20250829-064142-resnet18-224/checkpoint/checkpoint-0.pth.tar', 1.36)

2025-08-29 06:51:04,214 -                train: [    INFO] - Train: 4 [   0/391 (  0%)]  Loss: 22.29 (22.3)  Loss_gt: 3.662 (3.66)  Loss_kd: 3.701 (3.70)  Loss_ofa: 14.93 (14.9) LR: 5.000e-02
2025-08-29 06:52:06,298 -                train: [    INFO] - Train: 4 [ 200/391 ( 51%)]  Loss: 22.65 (22.3)  Loss_gt: 3.695 (3.63)  Loss_kd: 3.783 (3.71)  Loss_ofa: 15.17 (14.9) LR: 5.000e-02
2025-08-29 06:53:05,375 -                train: [    INFO] - Train: 4 [ 390/391 (100%)]  Loss: 21.13 (21.9)  Loss_gt: 3.389 (3.57)  Loss_kd: 3.504 (3.65)  Loss_ofa: 14.23 (14.7) LR: 5.000e-02
2025-08-29 06:53:06,038 -                train: [    INFO] - Test: [   0/39]  Time: 0.598 (0.598)  Loss:  2.8181 (2.8181)  Acc@1: 34.3750 (34.3750)  Acc@5: 60.9375 (60.9375)
2025-08-29 06:53:24,231 -                train: [    INFO] - Test: [  39/39]  Time: 0.021 (0.470)  Loss:  4.4535 (3.2011)  Acc@1:  0.0000 (27.0500)  Acc@5: 18.7500 (53.8100)
2025-08-29 06:53:24,530 - timm.utils.checkpoint_saver: [    INFO] - Current checkpoints:
 ('./output/train/20250829-064142-resnet18-224/checkpoint/checkpoint-4.pth.tar', 27.05)
 ('./output/train/20250829-064142-resnet18-224/checkpoint/checkpoint-3.pth.tar', 15.95)
 ('./output/train/20250829-064142-resnet18-224/checkpoint/checkpoint-2.pth.tar', 12.5)
 ('./output/train/20250829-064142-resnet18-224/checkpoint/checkpoint-1.pth.tar', 7.93)
 ('./output/train/20250829-064142-resnet18-224/checkpoint/checkpoint-0.pth.tar', 1.36)

2025-08-29 06:53:25,557 -                train: [    INFO] - Train: 5 [   0/391 (  0%)]  Loss: 21.21 (21.2)  Loss_gt: 3.434 (3.43)  Loss_kd: 3.505 (3.50)  Loss_ofa: 14.27 (14.3) LR: 5.000e-02
2025-08-29 06:54:27,195 -                train: [    INFO] - Train: 5 [ 200/391 ( 51%)]  Loss: 20.80 (20.9)  Loss_gt: 3.305 (3.37)  Loss_kd: 3.454 (3.47)  Loss_ofa: 14.05 (14.1) LR: 5.000e-02
2025-08-29 06:55:25,780 -                train: [    INFO] - Train: 5 [ 390/391 (100%)]  Loss: 20.28 (20.8)  Loss_gt: 3.151 (3.34)  Loss_kd: 3.343 (3.44)  Loss_ofa: 13.78 (14.0) LR: 5.000e-02
2025-08-29 06:55:26,424 -                train: [    INFO] - Test: [   0/39]  Time: 0.588 (0.588)  Loss:  2.8048 (2.8048)  Acc@1: 36.3281 (36.3281)  Acc@5: 62.5000 (62.5000)
2025-08-29 06:55:45,023 -                train: [    INFO] - Test: [  39/39]  Time: 0.021 (0.480)  Loss:  4.6126 (3.1437)  Acc@1:  0.0000 (28.0100)  Acc@5: 31.2500 (55.2500)
2025-08-29 06:55:45,313 - timm.utils.checkpoint_saver: [    INFO] - Current checkpoints:
 ('./output/train/20250829-064142-resnet18-224/checkpoint/checkpoint-5.pth.tar', 28.01)
 ('./output/train/20250829-064142-resnet18-224/checkpoint/checkpoint-4.pth.tar', 27.05)
 ('./output/train/20250829-064142-resnet18-224/checkpoint/checkpoint-3.pth.tar', 15.95)
 ('./output/train/20250829-064142-resnet18-224/checkpoint/checkpoint-2.pth.tar', 12.5)
 ('./output/train/20250829-064142-resnet18-224/checkpoint/checkpoint-1.pth.tar', 7.93)
 ('./output/train/20250829-064142-resnet18-224/checkpoint/checkpoint-0.pth.tar', 1.36)

2025-08-29 06:55:46,479 -                train: [    INFO] - Train: 6 [   0/391 (  0%)]  Loss: 20.25 (20.3)  Loss_gt: 3.232 (3.23)  Loss_kd: 3.356 (3.36)  Loss_ofa: 13.67 (13.7) LR: 5.000e-02
2025-08-29 06:56:48,233 -                train: [    INFO] - Train: 6 [ 200/391 ( 51%)]  Loss: 20.49 (20.0)  Loss_gt: 3.271 (3.19)  Loss_kd: 3.401 (3.31)  Loss_ofa: 13.82 (13.5) LR: 5.000e-02
2025-08-29 06:57:46,977 -                train: [    INFO] - Train: 6 [ 390/391 (100%)]  Loss: 19.42 (19.9)  Loss_gt: 3.040 (3.17)  Loss_kd: 3.205 (3.29)  Loss_ofa: 13.18 (13.5) LR: 5.000e-02
2025-08-29 06:57:47,608 -                train: [    INFO] - Test: [   0/39]  Time: 0.580 (0.580)  Loss:  2.3160 (2.3160)  Acc@1: 44.1406 (44.1406)  Acc@5: 73.4375 (73.4375)
2025-08-29 06:58:03,527 -                train: [    INFO] - Test: [  39/39]  Time: 0.020 (0.412)  Loss:  3.4970 (2.9926)  Acc@1: 18.7500 (30.3500)  Acc@5: 50.0000 (58.6700)
2025-08-29 06:58:03,868 - timm.utils.checkpoint_saver: [    INFO] - Current checkpoints:
 ('./output/train/20250829-064142-resnet18-224/checkpoint/checkpoint-6.pth.tar', 30.35)
 ('./output/train/20250829-064142-resnet18-224/checkpoint/checkpoint-5.pth.tar', 28.01)
 ('./output/train/20250829-064142-resnet18-224/checkpoint/checkpoint-4.pth.tar', 27.05)
 ('./output/train/20250829-064142-resnet18-224/checkpoint/checkpoint-3.pth.tar', 15.95)
 ('./output/train/20250829-064142-resnet18-224/checkpoint/checkpoint-2.pth.tar', 12.5)
 ('./output/train/20250829-064142-resnet18-224/checkpoint/checkpoint-1.pth.tar', 7.93)
 ('./output/train/20250829-064142-resnet18-224/checkpoint/checkpoint-0.pth.tar', 1.36)

2025-08-29 06:58:04,992 -                train: [    INFO] - Train: 7 [   0/391 (  0%)]  Loss: 18.99 (19.0)  Loss_gt: 3.054 (3.05)  Loss_kd: 3.104 (3.10)  Loss_ofa: 12.83 (12.8) LR: 5.000e-02
2025-08-29 06:59:06,495 -                train: [    INFO] - Train: 7 [ 200/391 ( 51%)]  Loss: 18.13 (19.3)  Loss_gt: 2.775 (3.05)  Loss_kd: 2.986 (3.18)  Loss_ofa: 12.37 (13.1) LR: 5.000e-02
2025-08-29 07:00:05,062 -                train: [    INFO] - Train: 7 [ 390/391 (100%)]  Loss: 19.95 (19.3)  Loss_gt: 3.232 (3.04)  Loss_kd: 3.266 (3.16)  Loss_ofa: 13.45 (13.1) LR: 5.000e-02
2025-08-29 07:00:06,353 -                train: [    INFO] - Test: [   0/39]  Time: 1.206 (1.206)  Loss:  1.7958 (1.7958)  Acc@1: 53.9062 (53.9062)  Acc@5: 84.3750 (84.3750)
2025-08-29 07:00:21,610 -                train: [    INFO] - Test: [  39/39]  Time: 0.022 (0.412)  Loss:  2.4116 (2.7369)  Acc@1: 25.0000 (35.1400)  Acc@5: 75.0000 (64.4500)
2025-08-29 07:00:21,944 - timm.utils.checkpoint_saver: [    INFO] - Current checkpoints:
 ('./output/train/20250829-064142-resnet18-224/checkpoint/checkpoint-7.pth.tar', 35.14)
 ('./output/train/20250829-064142-resnet18-224/checkpoint/checkpoint-6.pth.tar', 30.35)
 ('./output/train/20250829-064142-resnet18-224/checkpoint/checkpoint-5.pth.tar', 28.01)
 ('./output/train/20250829-064142-resnet18-224/checkpoint/checkpoint-4.pth.tar', 27.05)
 ('./output/train/20250829-064142-resnet18-224/checkpoint/checkpoint-3.pth.tar', 15.95)
 ('./output/train/20250829-064142-resnet18-224/checkpoint/checkpoint-2.pth.tar', 12.5)
 ('./output/train/20250829-064142-resnet18-224/checkpoint/checkpoint-1.pth.tar', 7.93)
 ('./output/train/20250829-064142-resnet18-224/checkpoint/checkpoint-0.pth.tar', 1.36)

2025-08-29 07:00:23,004 -                train: [    INFO] - Train: 8 [   0/391 (  0%)]  Loss: 19.12 (19.1)  Loss_gt: 3.060 (3.06)  Loss_kd: 3.155 (3.16)  Loss_ofa: 12.90 (12.9) LR: 5.000e-02
2025-08-29 07:01:24,733 -                train: [    INFO] - Train: 8 [ 200/391 ( 51%)]  Loss: 18.41 (18.8)  Loss_gt: 2.939 (2.94)  Loss_kd: 3.014 (3.09)  Loss_ofa: 12.46 (12.8) LR: 5.000e-02
2025-08-29 07:02:23,091 -                train: [    INFO] - Train: 8 [ 390/391 (100%)]  Loss: 20.33 (18.8)  Loss_gt: 3.217 (2.94)  Loss_kd: 3.339 (3.08)  Loss_ofa: 13.77 (12.7) LR: 5.000e-02
2025-08-29 07:02:23,755 -                train: [    INFO] - Test: [   0/39]  Time: 0.608 (0.608)  Loss:  2.1498 (2.1498)  Acc@1: 50.0000 (50.0000)  Acc@5: 73.0469 (73.0469)
2025-08-29 07:02:40,426 -                train: [    INFO] - Test: [  39/39]  Time: 0.020 (0.432)  Loss:  3.9107 (2.7041)  Acc@1: 18.7500 (36.7200)  Acc@5: 31.2500 (64.8400)
2025-08-29 07:02:40,903 - timm.utils.checkpoint_saver: [    INFO] - Current checkpoints:
 ('./output/train/20250829-064142-resnet18-224/checkpoint/checkpoint-8.pth.tar', 36.72)
 ('./output/train/20250829-064142-resnet18-224/checkpoint/checkpoint-7.pth.tar', 35.14)
 ('./output/train/20250829-064142-resnet18-224/checkpoint/checkpoint-6.pth.tar', 30.35)
 ('./output/train/20250829-064142-resnet18-224/checkpoint/checkpoint-5.pth.tar', 28.01)
 ('./output/train/20250829-064142-resnet18-224/checkpoint/checkpoint-4.pth.tar', 27.05)
 ('./output/train/20250829-064142-resnet18-224/checkpoint/checkpoint-3.pth.tar', 15.95)
 ('./output/train/20250829-064142-resnet18-224/checkpoint/checkpoint-2.pth.tar', 12.5)
 ('./output/train/20250829-064142-resnet18-224/checkpoint/checkpoint-1.pth.tar', 7.93)
 ('./output/train/20250829-064142-resnet18-224/checkpoint/checkpoint-0.pth.tar', 1.36)

2025-08-29 07:02:41,938 -                train: [    INFO] - Train: 9 [   0/391 (  0%)]  Loss: 19.07 (19.1)  Loss_gt: 3.003 (3.00)  Loss_kd: 3.126 (3.13)  Loss_ofa: 12.94 (12.9) LR: 5.000e-02
2025-08-29 07:03:43,529 -                train: [    INFO] - Train: 9 [ 200/391 ( 51%)]  Loss: 19.01 (18.4)  Loss_gt: 2.943 (2.86)  Loss_kd: 3.129 (3.01)  Loss_ofa: 12.94 (12.5) LR: 5.000e-02
2025-08-29 07:04:42,139 -                train: [    INFO] - Train: 9 [ 390/391 (100%)]  Loss: 18.47 (18.4)  Loss_gt: 2.843 (2.86)  Loss_kd: 3.018 (3.01)  Loss_ofa: 12.61 (12.5) LR: 5.000e-02
2025-08-29 07:04:42,934 -                train: [    INFO] - Test: [   0/39]  Time: 0.727 (0.727)  Loss:  3.1308 (3.1308)  Acc@1: 28.5156 (28.5156)  Acc@5: 55.4688 (55.4688)
2025-08-29 07:04:59,485 -                train: [    INFO] - Test: [  39/39]  Time: 0.020 (0.432)  Loss:  2.3028 (2.5903)  Acc@1: 37.5000 (38.7600)  Acc@5: 75.0000 (67.3600)
2025-08-29 07:04:59,864 - timm.utils.checkpoint_saver: [    INFO] - Current checkpoints:
 ('./output/train/20250829-064142-resnet18-224/checkpoint/checkpoint-9.pth.tar', 38.76)
 ('./output/train/20250829-064142-resnet18-224/checkpoint/checkpoint-8.pth.tar', 36.72)
 ('./output/train/20250829-064142-resnet18-224/checkpoint/checkpoint-7.pth.tar', 35.14)
 ('./output/train/20250829-064142-resnet18-224/checkpoint/checkpoint-6.pth.tar', 30.35)
 ('./output/train/20250829-064142-resnet18-224/checkpoint/checkpoint-5.pth.tar', 28.01)
 ('./output/train/20250829-064142-resnet18-224/checkpoint/checkpoint-4.pth.tar', 27.05)
 ('./output/train/20250829-064142-resnet18-224/checkpoint/checkpoint-3.pth.tar', 15.95)
 ('./output/train/20250829-064142-resnet18-224/checkpoint/checkpoint-2.pth.tar', 12.5)
 ('./output/train/20250829-064142-resnet18-224/checkpoint/checkpoint-1.pth.tar', 7.93)
 ('./output/train/20250829-064142-resnet18-224/checkpoint/checkpoint-0.pth.tar', 1.36)

2025-08-29 07:05:00,899 -                train: [    INFO] - Train: 10 [   0/391 (  0%)]  Loss: 18.51 (18.5)  Loss_gt: 2.882 (2.88)  Loss_kd: 3.021 (3.02)  Loss_ofa: 12.61 (12.6) LR: 5.000e-02
2025-08-29 07:06:02,512 -                train: [    INFO] - Train: 10 [ 200/391 ( 51%)]  Loss: 18.08 (18.0)  Loss_gt: 2.789 (2.79)  Loss_kd: 2.954 (2.95)  Loss_ofa: 12.33 (12.3) LR: 5.000e-02
2025-08-29 07:07:01,139 -                train: [    INFO] - Train: 10 [ 390/391 (100%)]  Loss: 18.40 (18.1)  Loss_gt: 2.834 (2.80)  Loss_kd: 3.025 (2.96)  Loss_ofa: 12.55 (12.3) LR: 5.000e-02
2025-08-29 07:07:01,809 -                train: [    INFO] - Test: [   0/39]  Time: 0.607 (0.607)  Loss:  1.8864 (1.8864)  Acc@1: 54.2969 (54.2969)  Acc@5: 77.7344 (77.7344)
2025-08-29 07:07:17,289 -                train: [    INFO] - Test: [  39/39]  Time: 0.022 (0.402)  Loss:  2.3291 (2.4142)  Acc@1: 37.5000 (42.3400)  Acc@5: 81.2500 (70.1400)
2025-08-29 07:07:17,649 - timm.utils.checkpoint_saver: [    INFO] - Current checkpoints:
 ('./output/train/20250829-064142-resnet18-224/checkpoint/checkpoint-10.pth.tar', 42.34)
 ('./output/train/20250829-064142-resnet18-224/checkpoint/checkpoint-9.pth.tar', 38.76)
 ('./output/train/20250829-064142-resnet18-224/checkpoint/checkpoint-8.pth.tar', 36.72)
 ('./output/train/20250829-064142-resnet18-224/checkpoint/checkpoint-7.pth.tar', 35.14)
 ('./output/train/20250829-064142-resnet18-224/checkpoint/checkpoint-6.pth.tar', 30.35)
 ('./output/train/20250829-064142-resnet18-224/checkpoint/checkpoint-5.pth.tar', 28.01)
 ('./output/train/20250829-064142-resnet18-224/checkpoint/checkpoint-4.pth.tar', 27.05)
 ('./output/train/20250829-064142-resnet18-224/checkpoint/checkpoint-3.pth.tar', 15.95)
 ('./output/train/20250829-064142-resnet18-224/checkpoint/checkpoint-2.pth.tar', 12.5)
 ('./output/train/20250829-064142-resnet18-224/checkpoint/checkpoint-1.pth.tar', 7.93)

2025-08-29 07:07:18,803 -                train: [    INFO] - Train: 11 [   0/391 (  0%)]  Loss: 17.97 (18.0)  Loss_gt: 2.791 (2.79)  Loss_kd: 2.942 (2.94)  Loss_ofa: 12.23 (12.2) LR: 5.000e-02
2025-08-29 07:08:20,631 -                train: [    INFO] - Train: 11 [ 200/391 ( 51%)]  Loss: 18.03 (17.8)  Loss_gt: 2.811 (2.72)  Loss_kd: 2.976 (2.90)  Loss_ofa: 12.24 (12.1) LR: 5.000e-02
2025-08-29 07:09:19,628 -                train: [    INFO] - Train: 11 [ 390/391 (100%)]  Loss: 16.72 (17.8)  Loss_gt: 2.566 (2.74)  Loss_kd: 2.706 (2.91)  Loss_ofa: 11.45 (12.1) LR: 5.000e-02
2025-08-29 07:09:20,477 -                train: [    INFO] - Test: [   0/39]  Time: 0.773 (0.773)  Loss:  1.9786 (1.9786)  Acc@1: 49.6094 (49.6094)  Acc@5: 79.2969 (79.2969)
2025-08-29 07:09:37,064 -                train: [    INFO] - Test: [  39/39]  Time: 0.022 (0.434)  Loss:  2.6844 (2.7072)  Acc@1: 25.0000 (37.3600)  Acc@5: 93.7500 (65.5700)
2025-08-29 07:09:37,393 - timm.utils.checkpoint_saver: [    INFO] - Current checkpoints:
 ('./output/train/20250829-064142-resnet18-224/checkpoint/checkpoint-10.pth.tar', 42.34)
 ('./output/train/20250829-064142-resnet18-224/checkpoint/checkpoint-9.pth.tar', 38.76)
 ('./output/train/20250829-064142-resnet18-224/checkpoint/checkpoint-11.pth.tar', 37.36)
 ('./output/train/20250829-064142-resnet18-224/checkpoint/checkpoint-8.pth.tar', 36.72)
 ('./output/train/20250829-064142-resnet18-224/checkpoint/checkpoint-7.pth.tar', 35.14)
 ('./output/train/20250829-064142-resnet18-224/checkpoint/checkpoint-6.pth.tar', 30.35)
 ('./output/train/20250829-064142-resnet18-224/checkpoint/checkpoint-5.pth.tar', 28.01)
 ('./output/train/20250829-064142-resnet18-224/checkpoint/checkpoint-4.pth.tar', 27.05)
 ('./output/train/20250829-064142-resnet18-224/checkpoint/checkpoint-3.pth.tar', 15.95)
 ('./output/train/20250829-064142-resnet18-224/checkpoint/checkpoint-2.pth.tar', 12.5)

2025-08-29 07:09:38,444 -                train: [    INFO] - Train: 12 [   0/391 (  0%)]  Loss: 17.75 (17.8)  Loss_gt: 2.724 (2.72)  Loss_kd: 2.894 (2.89)  Loss_ofa: 12.13 (12.1) LR: 5.000e-02
2025-08-29 07:10:40,289 -                train: [    INFO] - Train: 12 [ 200/391 ( 51%)]  Loss: 17.45 (17.6)  Loss_gt: 2.695 (2.69)  Loss_kd: 2.848 (2.87)  Loss_ofa: 11.90 (12.0) LR: 5.000e-02
2025-08-29 07:11:39,096 -                train: [    INFO] - Train: 12 [ 390/391 (100%)]  Loss: 17.57 (17.6)  Loss_gt: 2.762 (2.70)  Loss_kd: 2.854 (2.88)  Loss_ofa: 11.96 (12.0) LR: 5.000e-02
2025-08-29 07:11:40,796 -                train: [    INFO] - Test: [   0/39]  Time: 1.633 (1.633)  Loss:  2.0763 (2.0763)  Acc@1: 53.1250 (53.1250)  Acc@5: 78.5156 (78.5156)
2025-08-29 07:12:03,713 -                train: [    INFO] - Test: [  39/39]  Time: 0.021 (0.614)  Loss:  2.3234 (2.4901)  Acc@1: 37.5000 (41.7100)  Acc@5: 81.2500 (69.2000)
2025-08-29 07:12:04,097 - timm.utils.checkpoint_saver: [    INFO] - Current checkpoints:
 ('./output/train/20250829-064142-resnet18-224/checkpoint/checkpoint-10.pth.tar', 42.34)
 ('./output/train/20250829-064142-resnet18-224/checkpoint/checkpoint-12.pth.tar', 41.71)
 ('./output/train/20250829-064142-resnet18-224/checkpoint/checkpoint-9.pth.tar', 38.76)
 ('./output/train/20250829-064142-resnet18-224/checkpoint/checkpoint-11.pth.tar', 37.36)
 ('./output/train/20250829-064142-resnet18-224/checkpoint/checkpoint-8.pth.tar', 36.72)
 ('./output/train/20250829-064142-resnet18-224/checkpoint/checkpoint-7.pth.tar', 35.14)
 ('./output/train/20250829-064142-resnet18-224/checkpoint/checkpoint-6.pth.tar', 30.35)
 ('./output/train/20250829-064142-resnet18-224/checkpoint/checkpoint-5.pth.tar', 28.01)
 ('./output/train/20250829-064142-resnet18-224/checkpoint/checkpoint-4.pth.tar', 27.05)
 ('./output/train/20250829-064142-resnet18-224/checkpoint/checkpoint-3.pth.tar', 15.95)

2025-08-29 07:12:05,216 -                train: [    INFO] - Train: 13 [   0/391 (  0%)]  Loss: 16.97 (17.0)  Loss_gt: 2.598 (2.60)  Loss_kd: 2.774 (2.77)  Loss_ofa: 11.60 (11.6) LR: 5.000e-02
2025-08-29 07:13:07,919 -                train: [    INFO] - Train: 13 [ 200/391 ( 51%)]  Loss: 17.45 (17.4)  Loss_gt: 2.626 (2.65)  Loss_kd: 2.846 (2.84)  Loss_ofa: 11.98 (11.9) LR: 5.000e-02
2025-08-29 07:14:06,633 -                train: [    INFO] - Train: 13 [ 390/391 (100%)]  Loss: 17.87 (17.4)  Loss_gt: 2.748 (2.66)  Loss_kd: 2.923 (2.85)  Loss_ofa: 12.19 (11.9) LR: 5.000e-02
2025-08-29 07:14:07,358 -                train: [    INFO] - Test: [   0/39]  Time: 0.618 (0.618)  Loss:  2.6313 (2.6313)  Acc@1: 44.9219 (44.9219)  Acc@5: 63.2812 (63.2812)
2025-08-29 07:14:25,209 -                train: [    INFO] - Test: [  39/39]  Time: 0.048 (0.462)  Loss:  3.3434 (2.5414)  Acc@1: 25.0000 (41.1600)  Acc@5: 62.5000 (69.0700)
2025-08-29 07:14:25,520 - timm.utils.checkpoint_saver: [    INFO] - Current checkpoints:
 ('./output/train/20250829-064142-resnet18-224/checkpoint/checkpoint-10.pth.tar', 42.34)
 ('./output/train/20250829-064142-resnet18-224/checkpoint/checkpoint-12.pth.tar', 41.71)
 ('./output/train/20250829-064142-resnet18-224/checkpoint/checkpoint-13.pth.tar', 41.16)
 ('./output/train/20250829-064142-resnet18-224/checkpoint/checkpoint-9.pth.tar', 38.76)
 ('./output/train/20250829-064142-resnet18-224/checkpoint/checkpoint-11.pth.tar', 37.36)
 ('./output/train/20250829-064142-resnet18-224/checkpoint/checkpoint-8.pth.tar', 36.72)
 ('./output/train/20250829-064142-resnet18-224/checkpoint/checkpoint-7.pth.tar', 35.14)
 ('./output/train/20250829-064142-resnet18-224/checkpoint/checkpoint-6.pth.tar', 30.35)
 ('./output/train/20250829-064142-resnet18-224/checkpoint/checkpoint-5.pth.tar', 28.01)
 ('./output/train/20250829-064142-resnet18-224/checkpoint/checkpoint-4.pth.tar', 27.05)

2025-08-29 07:14:26,695 -                train: [    INFO] - Train: 14 [   0/391 (  0%)]  Loss: 16.16 (16.2)  Loss_gt: 2.436 (2.44)  Loss_kd: 2.610 (2.61)  Loss_ofa: 11.12 (11.1) LR: 5.000e-02
2025-08-29 07:15:29,031 -                train: [    INFO] - Train: 14 [ 200/391 ( 51%)]  Loss: 17.67 (17.1)  Loss_gt: 2.641 (2.60)  Loss_kd: 2.879 (2.79)  Loss_ofa: 12.15 (11.7) LR: 5.000e-02
2025-08-29 07:16:28,260 -                train: [    INFO] - Train: 14 [ 390/391 (100%)]  Loss: 16.99 (17.2)  Loss_gt: 2.529 (2.63)  Loss_kd: 2.743 (2.82)  Loss_ofa: 11.72 (11.8) LR: 5.000e-02
2025-08-29 07:16:29,063 -                train: [    INFO] - Test: [   0/39]  Time: 0.733 (0.733)  Loss:  2.0524 (2.0524)  Acc@1: 47.2656 (47.2656)  Acc@5: 77.7344 (77.7344)
2025-08-29 07:16:47,994 -                train: [    INFO] - Test: [  39/39]  Time: 0.022 (0.492)  Loss:  3.1017 (2.3864)  Acc@1: 31.2500 (43.7400)  Acc@5: 68.7500 (71.0600)
2025-08-29 07:16:48,298 - timm.utils.checkpoint_saver: [    INFO] - Current checkpoints:
 ('./output/train/20250829-064142-resnet18-224/checkpoint/checkpoint-14.pth.tar', 43.74)
 ('./output/train/20250829-064142-resnet18-224/checkpoint/checkpoint-10.pth.tar', 42.34)
 ('./output/train/20250829-064142-resnet18-224/checkpoint/checkpoint-12.pth.tar', 41.71)
 ('./output/train/20250829-064142-resnet18-224/checkpoint/checkpoint-13.pth.tar', 41.16)
 ('./output/train/20250829-064142-resnet18-224/checkpoint/checkpoint-9.pth.tar', 38.76)
 ('./output/train/20250829-064142-resnet18-224/checkpoint/checkpoint-11.pth.tar', 37.36)
 ('./output/train/20250829-064142-resnet18-224/checkpoint/checkpoint-8.pth.tar', 36.72)
 ('./output/train/20250829-064142-resnet18-224/checkpoint/checkpoint-7.pth.tar', 35.14)
 ('./output/train/20250829-064142-resnet18-224/checkpoint/checkpoint-6.pth.tar', 30.35)
 ('./output/train/20250829-064142-resnet18-224/checkpoint/checkpoint-5.pth.tar', 28.01)

2025-08-29 07:16:49,359 -                train: [    INFO] - Train: 15 [   0/391 (  0%)]  Loss: 16.58 (16.6)  Loss_gt: 2.542 (2.54)  Loss_kd: 2.711 (2.71)  Loss_ofa: 11.33 (11.3) LR: 5.000e-02
2025-08-29 07:17:51,534 -                train: [    INFO] - Train: 15 [ 200/391 ( 51%)]  Loss: 17.63 (17.0)  Loss_gt: 2.690 (2.58)  Loss_kd: 2.889 (2.78)  Loss_ofa: 12.05 (11.7) LR: 5.000e-02
2025-08-29 07:18:50,599 -                train: [    INFO] - Train: 15 [ 390/391 (100%)]  Loss: 16.19 (17.1)  Loss_gt: 2.473 (2.60)  Loss_kd: 2.629 (2.79)  Loss_ofa: 11.09 (11.7) LR: 5.000e-02
2025-08-29 07:18:51,275 -                train: [    INFO] - Test: [   0/39]  Time: 0.606 (0.606)  Loss:  1.9642 (1.9642)  Acc@1: 50.3906 (50.3906)  Acc@5: 76.9531 (76.9531)
2025-08-29 07:19:09,097 -                train: [    INFO] - Test: [  39/39]  Time: 0.021 (0.461)  Loss:  2.4468 (2.4116)  Acc@1: 50.0000 (43.2800)  Acc@5: 75.0000 (70.5100)
2025-08-29 07:19:09,448 - timm.utils.checkpoint_saver: [    INFO] - Current checkpoints:
 ('./output/train/20250829-064142-resnet18-224/checkpoint/checkpoint-14.pth.tar', 43.74)
 ('./output/train/20250829-064142-resnet18-224/checkpoint/checkpoint-15.pth.tar', 43.28)
 ('./output/train/20250829-064142-resnet18-224/checkpoint/checkpoint-10.pth.tar', 42.34)
 ('./output/train/20250829-064142-resnet18-224/checkpoint/checkpoint-12.pth.tar', 41.71)
 ('./output/train/20250829-064142-resnet18-224/checkpoint/checkpoint-13.pth.tar', 41.16)
 ('./output/train/20250829-064142-resnet18-224/checkpoint/checkpoint-9.pth.tar', 38.76)
 ('./output/train/20250829-064142-resnet18-224/checkpoint/checkpoint-11.pth.tar', 37.36)
 ('./output/train/20250829-064142-resnet18-224/checkpoint/checkpoint-8.pth.tar', 36.72)
 ('./output/train/20250829-064142-resnet18-224/checkpoint/checkpoint-7.pth.tar', 35.14)
 ('./output/train/20250829-064142-resnet18-224/checkpoint/checkpoint-6.pth.tar', 30.35)

2025-08-29 07:19:10,509 -                train: [    INFO] - Train: 16 [   0/391 (  0%)]  Loss: 17.44 (17.4)  Loss_gt: 2.601 (2.60)  Loss_kd: 2.864 (2.86)  Loss_ofa: 11.97 (12.0) LR: 5.000e-02
2025-08-29 07:20:12,996 -                train: [    INFO] - Train: 16 [ 200/391 ( 51%)]  Loss: 17.62 (16.9)  Loss_gt: 2.682 (2.55)  Loss_kd: 2.882 (2.76)  Loss_ofa: 12.06 (11.6) LR: 5.000e-02
2025-08-29 07:21:12,430 -                train: [    INFO] - Train: 16 [ 390/391 (100%)]  Loss: 15.70 (17.0)  Loss_gt: 2.422 (2.57)  Loss_kd: 2.549 (2.77)  Loss_ofa: 10.73 (11.7) LR: 5.000e-02
2025-08-29 07:21:13,095 -                train: [    INFO] - Test: [   0/39]  Time: 0.597 (0.597)  Loss:  2.0197 (2.0197)  Acc@1: 48.8281 (48.8281)  Acc@5: 76.1719 (76.1719)
2025-08-29 07:21:28,439 -                train: [    INFO] - Test: [  39/39]  Time: 0.021 (0.399)  Loss:  2.5626 (2.3765)  Acc@1: 25.0000 (44.0200)  Acc@5: 68.7500 (71.4500)
2025-08-29 07:21:28,786 - timm.utils.checkpoint_saver: [    INFO] - Current checkpoints:
 ('./output/train/20250829-064142-resnet18-224/checkpoint/checkpoint-16.pth.tar', 44.02)
 ('./output/train/20250829-064142-resnet18-224/checkpoint/checkpoint-14.pth.tar', 43.74)
 ('./output/train/20250829-064142-resnet18-224/checkpoint/checkpoint-15.pth.tar', 43.28)
 ('./output/train/20250829-064142-resnet18-224/checkpoint/checkpoint-10.pth.tar', 42.34)
 ('./output/train/20250829-064142-resnet18-224/checkpoint/checkpoint-12.pth.tar', 41.71)
 ('./output/train/20250829-064142-resnet18-224/checkpoint/checkpoint-13.pth.tar', 41.16)
 ('./output/train/20250829-064142-resnet18-224/checkpoint/checkpoint-9.pth.tar', 38.76)
 ('./output/train/20250829-064142-resnet18-224/checkpoint/checkpoint-11.pth.tar', 37.36)
 ('./output/train/20250829-064142-resnet18-224/checkpoint/checkpoint-8.pth.tar', 36.72)
 ('./output/train/20250829-064142-resnet18-224/checkpoint/checkpoint-7.pth.tar', 35.14)

2025-08-29 07:21:29,864 -                train: [    INFO] - Train: 17 [   0/391 (  0%)]  Loss: 15.69 (15.7)  Loss_gt: 2.303 (2.30)  Loss_kd: 2.545 (2.54)  Loss_ofa: 10.84 (10.8) LR: 5.000e-02
2025-08-29 07:22:32,479 -                train: [    INFO] - Train: 17 [ 200/391 ( 51%)]  Loss: 16.38 (16.8)  Loss_gt: 2.439 (2.52)  Loss_kd: 2.629 (2.73)  Loss_ofa: 11.32 (11.5) LR: 5.000e-02
2025-08-29 07:23:31,484 -                train: [    INFO] - Train: 17 [ 390/391 (100%)]  Loss: 17.15 (16.9)  Loss_gt: 2.600 (2.55)  Loss_kd: 2.801 (2.75)  Loss_ofa: 11.75 (11.6) LR: 5.000e-02
2025-08-29 07:23:32,144 -                train: [    INFO] - Test: [   0/39]  Time: 0.598 (0.598)  Loss:  1.9796 (1.9796)  Acc@1: 55.4688 (55.4688)  Acc@5: 78.5156 (78.5156)
2025-08-29 07:23:47,944 -                train: [    INFO] - Test: [  39/39]  Time: 0.022 (0.410)  Loss:  2.6016 (2.3075)  Acc@1: 31.2500 (45.8600)  Acc@5: 81.2500 (73.4100)
2025-08-29 07:23:48,287 - timm.utils.checkpoint_saver: [    INFO] - Current checkpoints:
 ('./output/train/20250829-064142-resnet18-224/checkpoint/checkpoint-17.pth.tar', 45.86)
 ('./output/train/20250829-064142-resnet18-224/checkpoint/checkpoint-16.pth.tar', 44.02)
 ('./output/train/20250829-064142-resnet18-224/checkpoint/checkpoint-14.pth.tar', 43.74)
 ('./output/train/20250829-064142-resnet18-224/checkpoint/checkpoint-15.pth.tar', 43.28)
 ('./output/train/20250829-064142-resnet18-224/checkpoint/checkpoint-10.pth.tar', 42.34)
 ('./output/train/20250829-064142-resnet18-224/checkpoint/checkpoint-12.pth.tar', 41.71)
 ('./output/train/20250829-064142-resnet18-224/checkpoint/checkpoint-13.pth.tar', 41.16)
 ('./output/train/20250829-064142-resnet18-224/checkpoint/checkpoint-9.pth.tar', 38.76)
 ('./output/train/20250829-064142-resnet18-224/checkpoint/checkpoint-11.pth.tar', 37.36)
 ('./output/train/20250829-064142-resnet18-224/checkpoint/checkpoint-8.pth.tar', 36.72)

2025-08-29 07:23:49,392 -                train: [    INFO] - Train: 18 [   0/391 (  0%)]  Loss: 17.06 (17.1)  Loss_gt: 2.594 (2.59)  Loss_kd: 2.771 (2.77)  Loss_ofa: 11.70 (11.7) LR: 5.000e-02
2025-08-29 07:24:51,548 -                train: [    INFO] - Train: 18 [ 200/391 ( 51%)]  Loss: 16.33 (16.7)  Loss_gt: 2.458 (2.51)  Loss_kd: 2.657 (2.72)  Loss_ofa: 11.21 (11.5) LR: 5.000e-02
2025-08-29 07:25:50,610 -                train: [    INFO] - Train: 18 [ 390/391 (100%)]  Loss: 17.84 (16.8)  Loss_gt: 2.745 (2.53)  Loss_kd: 2.906 (2.74)  Loss_ofa: 12.19 (11.5) LR: 5.000e-02
2025-08-29 07:25:51,247 -                train: [    INFO] - Test: [   0/39]  Time: 0.582 (0.582)  Loss:  2.3668 (2.3668)  Acc@1: 43.3594 (43.3594)  Acc@5: 70.7031 (70.7031)
2025-08-29 07:26:10,924 -                train: [    INFO] - Test: [  39/39]  Time: 0.023 (0.506)  Loss:  2.1547 (2.4306)  Acc@1: 56.2500 (42.9200)  Acc@5: 81.2500 (70.6800)
2025-08-29 07:26:11,311 - timm.utils.checkpoint_saver: [    INFO] - Current checkpoints:
 ('./output/train/20250829-064142-resnet18-224/checkpoint/checkpoint-17.pth.tar', 45.86)
 ('./output/train/20250829-064142-resnet18-224/checkpoint/checkpoint-16.pth.tar', 44.02)
 ('./output/train/20250829-064142-resnet18-224/checkpoint/checkpoint-14.pth.tar', 43.74)
 ('./output/train/20250829-064142-resnet18-224/checkpoint/checkpoint-15.pth.tar', 43.28)
 ('./output/train/20250829-064142-resnet18-224/checkpoint/checkpoint-18.pth.tar', 42.92)
 ('./output/train/20250829-064142-resnet18-224/checkpoint/checkpoint-10.pth.tar', 42.34)
 ('./output/train/20250829-064142-resnet18-224/checkpoint/checkpoint-12.pth.tar', 41.71)
 ('./output/train/20250829-064142-resnet18-224/checkpoint/checkpoint-13.pth.tar', 41.16)
 ('./output/train/20250829-064142-resnet18-224/checkpoint/checkpoint-9.pth.tar', 38.76)
 ('./output/train/20250829-064142-resnet18-224/checkpoint/checkpoint-11.pth.tar', 37.36)

2025-08-29 07:26:12,375 -                train: [    INFO] - Train: 19 [   0/391 (  0%)]  Loss: 15.99 (16.0)  Loss_gt: 2.406 (2.41)  Loss_kd: 2.628 (2.63)  Loss_ofa: 10.95 (11.0) LR: 5.000e-02
2025-08-29 07:27:14,203 -                train: [    INFO] - Train: 19 [ 200/391 ( 51%)]  Loss: 17.10 (16.6)  Loss_gt: 2.572 (2.49)  Loss_kd: 2.781 (2.71)  Loss_ofa: 11.75 (11.4) LR: 5.000e-02
2025-08-29 07:28:12,915 -                train: [    INFO] - Train: 19 [ 390/391 (100%)]  Loss: 17.73 (16.8)  Loss_gt: 2.580 (2.52)  Loss_kd: 2.925 (2.73)  Loss_ofa: 12.22 (11.5) LR: 5.000e-02
2025-08-29 07:28:13,561 -                train: [    INFO] - Test: [   0/39]  Time: 0.591 (0.591)  Loss:  2.4832 (2.4832)  Acc@1: 44.5312 (44.5312)  Acc@5: 72.6562 (72.6562)
2025-08-29 07:28:30,753 -                train: [    INFO] - Test: [  39/39]  Time: 0.022 (0.445)  Loss:  2.6577 (2.3637)  Acc@1: 18.7500 (44.2600)  Acc@5: 68.7500 (71.7400)
2025-08-29 07:28:31,096 - timm.utils.checkpoint_saver: [    INFO] - Current checkpoints:
 ('./output/train/20250829-064142-resnet18-224/checkpoint/checkpoint-17.pth.tar', 45.86)
 ('./output/train/20250829-064142-resnet18-224/checkpoint/checkpoint-19.pth.tar', 44.26)
 ('./output/train/20250829-064142-resnet18-224/checkpoint/checkpoint-16.pth.tar', 44.02)
 ('./output/train/20250829-064142-resnet18-224/checkpoint/checkpoint-14.pth.tar', 43.74)
 ('./output/train/20250829-064142-resnet18-224/checkpoint/checkpoint-15.pth.tar', 43.28)
 ('./output/train/20250829-064142-resnet18-224/checkpoint/checkpoint-18.pth.tar', 42.92)
 ('./output/train/20250829-064142-resnet18-224/checkpoint/checkpoint-10.pth.tar', 42.34)
 ('./output/train/20250829-064142-resnet18-224/checkpoint/checkpoint-12.pth.tar', 41.71)
 ('./output/train/20250829-064142-resnet18-224/checkpoint/checkpoint-13.pth.tar', 41.16)
 ('./output/train/20250829-064142-resnet18-224/checkpoint/checkpoint-9.pth.tar', 38.76)

2025-08-29 07:28:32,153 -                train: [    INFO] - Train: 20 [   0/391 (  0%)]  Loss: 16.00 (16.0)  Loss_gt: 2.326 (2.33)  Loss_kd: 2.620 (2.62)  Loss_ofa: 11.06 (11.1) LR: 5.000e-02
2025-08-29 07:29:33,905 -                train: [    INFO] - Train: 20 [ 200/391 ( 51%)]  Loss: 16.54 (16.6)  Loss_gt: 2.469 (2.47)  Loss_kd: 2.695 (2.69)  Loss_ofa: 11.38 (11.4) LR: 5.000e-02
2025-08-29 07:30:32,408 -                train: [    INFO] - Train: 20 [ 390/391 (100%)]  Loss: 17.31 (16.7)  Loss_gt: 2.606 (2.50)  Loss_kd: 2.828 (2.71)  Loss_ofa: 11.87 (11.4) LR: 5.000e-02
2025-08-29 07:30:33,186 -                train: [    INFO] - Test: [   0/39]  Time: 0.727 (0.727)  Loss:  1.7464 (1.7464)  Acc@1: 59.7656 (59.7656)  Acc@5: 81.2500 (81.2500)
2025-08-29 07:30:49,432 -                train: [    INFO] - Test: [  39/39]  Time: 0.022 (0.424)  Loss:  2.8229 (2.2905)  Acc@1: 18.7500 (45.8700)  Acc@5: 75.0000 (73.3000)
2025-08-29 07:30:49,762 - timm.utils.checkpoint_saver: [    INFO] - Current checkpoints:
 ('./output/train/20250829-064142-resnet18-224/checkpoint/checkpoint-20.pth.tar', 45.87)
 ('./output/train/20250829-064142-resnet18-224/checkpoint/checkpoint-17.pth.tar', 45.86)
 ('./output/train/20250829-064142-resnet18-224/checkpoint/checkpoint-19.pth.tar', 44.26)
 ('./output/train/20250829-064142-resnet18-224/checkpoint/checkpoint-16.pth.tar', 44.02)
 ('./output/train/20250829-064142-resnet18-224/checkpoint/checkpoint-14.pth.tar', 43.74)
 ('./output/train/20250829-064142-resnet18-224/checkpoint/checkpoint-15.pth.tar', 43.28)
 ('./output/train/20250829-064142-resnet18-224/checkpoint/checkpoint-18.pth.tar', 42.92)
 ('./output/train/20250829-064142-resnet18-224/checkpoint/checkpoint-10.pth.tar', 42.34)
 ('./output/train/20250829-064142-resnet18-224/checkpoint/checkpoint-12.pth.tar', 41.71)
 ('./output/train/20250829-064142-resnet18-224/checkpoint/checkpoint-13.pth.tar', 41.16)

2025-08-29 07:30:50,806 -                train: [    INFO] - Train: 21 [   0/391 (  0%)]  Loss: 16.22 (16.2)  Loss_gt: 2.411 (2.41)  Loss_kd: 2.649 (2.65)  Loss_ofa: 11.16 (11.2) LR: 5.000e-02
2025-08-29 07:31:52,881 -                train: [    INFO] - Train: 21 [ 200/391 ( 51%)]  Loss: 17.14 (16.5)  Loss_gt: 2.626 (2.45)  Loss_kd: 2.822 (2.68)  Loss_ofa: 11.69 (11.3) LR: 5.000e-02
2025-08-29 07:32:52,127 -                train: [    INFO] - Train: 21 [ 390/391 (100%)]  Loss: 15.94 (16.6)  Loss_gt: 2.482 (2.48)  Loss_kd: 2.609 (2.70)  Loss_ofa: 10.85 (11.4) LR: 5.000e-02
2025-08-29 07:32:52,774 -                train: [    INFO] - Test: [   0/39]  Time: 0.576 (0.576)  Loss:  1.5390 (1.5390)  Acc@1: 56.6406 (56.6406)  Acc@5: 85.5469 (85.5469)
2025-08-29 07:33:08,679 -                train: [    INFO] - Test: [  39/39]  Time: 0.021 (0.412)  Loss:  1.3611 (2.3807)  Acc@1: 56.2500 (44.5200)  Acc@5: 100.0000 (72.0500)
2025-08-29 07:33:09,059 - timm.utils.checkpoint_saver: [    INFO] - Current checkpoints:
 ('./output/train/20250829-064142-resnet18-224/checkpoint/checkpoint-20.pth.tar', 45.87)
 ('./output/train/20250829-064142-resnet18-224/checkpoint/checkpoint-17.pth.tar', 45.86)
 ('./output/train/20250829-064142-resnet18-224/checkpoint/checkpoint-21.pth.tar', 44.52)
 ('./output/train/20250829-064142-resnet18-224/checkpoint/checkpoint-19.pth.tar', 44.26)
 ('./output/train/20250829-064142-resnet18-224/checkpoint/checkpoint-16.pth.tar', 44.02)
 ('./output/train/20250829-064142-resnet18-224/checkpoint/checkpoint-14.pth.tar', 43.74)
 ('./output/train/20250829-064142-resnet18-224/checkpoint/checkpoint-15.pth.tar', 43.28)
 ('./output/train/20250829-064142-resnet18-224/checkpoint/checkpoint-18.pth.tar', 42.92)
 ('./output/train/20250829-064142-resnet18-224/checkpoint/checkpoint-10.pth.tar', 42.34)
 ('./output/train/20250829-064142-resnet18-224/checkpoint/checkpoint-12.pth.tar', 41.71)

2025-08-29 07:33:10,159 -                train: [    INFO] - Train: 22 [   0/391 (  0%)]  Loss: 16.33 (16.3)  Loss_gt: 2.354 (2.35)  Loss_kd: 2.675 (2.67)  Loss_ofa: 11.30 (11.3) LR: 5.000e-02
2025-08-29 07:34:12,106 -                train: [    INFO] - Train: 22 [ 200/391 ( 51%)]  Loss: 16.67 (16.4)  Loss_gt: 2.531 (2.44)  Loss_kd: 2.731 (2.66)  Loss_ofa: 11.41 (11.3) LR: 5.000e-02
2025-08-29 07:35:10,852 -                train: [    INFO] - Train: 22 [ 390/391 (100%)]  Loss: 16.27 (16.5)  Loss_gt: 2.538 (2.47)  Loss_kd: 2.616 (2.69)  Loss_ofa: 11.11 (11.4) LR: 5.000e-02
2025-08-29 07:35:11,471 -                train: [    INFO] - Test: [   0/39]  Time: 0.566 (0.566)  Loss:  2.2328 (2.2328)  Acc@1: 42.5781 (42.5781)  Acc@5: 73.0469 (73.0469)
2025-08-29 07:35:26,734 -                train: [    INFO] - Test: [  39/39]  Time: 0.021 (0.396)  Loss:  2.2627 (2.3412)  Acc@1: 37.5000 (45.3700)  Acc@5: 87.5000 (72.3100)
2025-08-29 07:35:27,041 - timm.utils.checkpoint_saver: [    INFO] - Current checkpoints:
 ('./output/train/20250829-064142-resnet18-224/checkpoint/checkpoint-20.pth.tar', 45.87)
 ('./output/train/20250829-064142-resnet18-224/checkpoint/checkpoint-17.pth.tar', 45.86)
 ('./output/train/20250829-064142-resnet18-224/checkpoint/checkpoint-22.pth.tar', 45.37)
 ('./output/train/20250829-064142-resnet18-224/checkpoint/checkpoint-21.pth.tar', 44.52)
 ('./output/train/20250829-064142-resnet18-224/checkpoint/checkpoint-19.pth.tar', 44.26)
 ('./output/train/20250829-064142-resnet18-224/checkpoint/checkpoint-16.pth.tar', 44.02)
 ('./output/train/20250829-064142-resnet18-224/checkpoint/checkpoint-14.pth.tar', 43.74)
 ('./output/train/20250829-064142-resnet18-224/checkpoint/checkpoint-15.pth.tar', 43.28)
 ('./output/train/20250829-064142-resnet18-224/checkpoint/checkpoint-18.pth.tar', 42.92)
 ('./output/train/20250829-064142-resnet18-224/checkpoint/checkpoint-10.pth.tar', 42.34)

2025-08-29 07:35:28,041 -                train: [    INFO] - Train: 23 [   0/391 (  0%)]  Loss: 15.93 (15.9)  Loss_gt: 2.404 (2.40)  Loss_kd: 2.561 (2.56)  Loss_ofa: 10.96 (11.0) LR: 5.000e-02
2025-08-29 07:36:29,957 -                train: [    INFO] - Train: 23 [ 200/391 ( 51%)]  Loss: 16.31 (16.4)  Loss_gt: 2.413 (2.42)  Loss_kd: 2.619 (2.66)  Loss_ofa: 11.28 (11.3) LR: 5.000e-02
2025-08-29 07:37:28,961 -                train: [    INFO] - Train: 23 [ 390/391 (100%)]  Loss: 17.78 (16.5)  Loss_gt: 2.657 (2.45)  Loss_kd: 2.891 (2.68)  Loss_ofa: 12.23 (11.4) LR: 5.000e-02
2025-08-29 07:37:29,603 -                train: [    INFO] - Test: [   0/39]  Time: 0.577 (0.577)  Loss:  1.9809 (1.9809)  Acc@1: 53.5156 (53.5156)  Acc@5: 75.0000 (75.0000)
2025-08-29 07:37:47,744 -                train: [    INFO] - Test: [  39/39]  Time: 0.021 (0.468)  Loss:  1.8024 (2.2676)  Acc@1: 50.0000 (46.2800)  Acc@5: 87.5000 (73.7900)
2025-08-29 07:37:48,061 - timm.utils.checkpoint_saver: [    INFO] - Current checkpoints:
 ('./output/train/20250829-064142-resnet18-224/checkpoint/checkpoint-23.pth.tar', 46.28)
 ('./output/train/20250829-064142-resnet18-224/checkpoint/checkpoint-20.pth.tar', 45.87)
 ('./output/train/20250829-064142-resnet18-224/checkpoint/checkpoint-17.pth.tar', 45.86)
 ('./output/train/20250829-064142-resnet18-224/checkpoint/checkpoint-22.pth.tar', 45.37)
 ('./output/train/20250829-064142-resnet18-224/checkpoint/checkpoint-21.pth.tar', 44.52)
 ('./output/train/20250829-064142-resnet18-224/checkpoint/checkpoint-19.pth.tar', 44.26)
 ('./output/train/20250829-064142-resnet18-224/checkpoint/checkpoint-16.pth.tar', 44.02)
 ('./output/train/20250829-064142-resnet18-224/checkpoint/checkpoint-14.pth.tar', 43.74)
 ('./output/train/20250829-064142-resnet18-224/checkpoint/checkpoint-15.pth.tar', 43.28)
 ('./output/train/20250829-064142-resnet18-224/checkpoint/checkpoint-18.pth.tar', 42.92)

2025-08-29 07:37:49,096 -                train: [    INFO] - Train: 24 [   0/391 (  0%)]  Loss: 17.15 (17.2)  Loss_gt: 2.521 (2.52)  Loss_kd: 2.782 (2.78)  Loss_ofa: 11.85 (11.8) LR: 5.000e-02
2025-08-29 07:38:52,124 -                train: [    INFO] - Train: 24 [ 200/391 ( 51%)]  Loss: 15.78 (16.3)  Loss_gt: 2.312 (2.41)  Loss_kd: 2.517 (2.65)  Loss_ofa: 10.95 (11.3) LR: 5.000e-02
2025-08-29 07:39:50,851 -                train: [    INFO] - Train: 24 [ 390/391 (100%)]  Loss: 16.10 (16.4)  Loss_gt: 2.433 (2.44)  Loss_kd: 2.632 (2.67)  Loss_ofa: 11.04 (11.3) LR: 5.000e-02
2025-08-29 07:39:51,475 -                train: [    INFO] - Test: [   0/39]  Time: 0.566 (0.566)  Loss:  2.0671 (2.0671)  Acc@1: 52.3438 (52.3438)  Acc@5: 74.2188 (74.2188)
2025-08-29 07:40:10,849 -                train: [    INFO] - Test: [  39/39]  Time: 0.019 (0.499)  Loss:  1.7475 (2.3952)  Acc@1: 56.2500 (44.2900)  Acc@5: 100.0000 (71.1900)
2025-08-29 07:40:11,199 - timm.utils.checkpoint_saver: [    INFO] - Current checkpoints:
 ('./output/train/20250829-064142-resnet18-224/checkpoint/checkpoint-23.pth.tar', 46.28)
 ('./output/train/20250829-064142-resnet18-224/checkpoint/checkpoint-20.pth.tar', 45.87)
 ('./output/train/20250829-064142-resnet18-224/checkpoint/checkpoint-17.pth.tar', 45.86)
 ('./output/train/20250829-064142-resnet18-224/checkpoint/checkpoint-22.pth.tar', 45.37)
 ('./output/train/20250829-064142-resnet18-224/checkpoint/checkpoint-21.pth.tar', 44.52)
 ('./output/train/20250829-064142-resnet18-224/checkpoint/checkpoint-24.pth.tar', 44.29)
 ('./output/train/20250829-064142-resnet18-224/checkpoint/checkpoint-19.pth.tar', 44.26)
 ('./output/train/20250829-064142-resnet18-224/checkpoint/checkpoint-16.pth.tar', 44.02)
 ('./output/train/20250829-064142-resnet18-224/checkpoint/checkpoint-14.pth.tar', 43.74)
 ('./output/train/20250829-064142-resnet18-224/checkpoint/checkpoint-15.pth.tar', 43.28)

2025-08-29 07:40:12,208 -                train: [    INFO] - Train: 25 [   0/391 (  0%)]  Loss: 15.36 (15.4)  Loss_gt: 2.197 (2.20)  Loss_kd: 2.481 (2.48)  Loss_ofa: 10.68 (10.7) LR: 5.000e-02
2025-08-29 07:41:15,018 -                train: [    INFO] - Train: 25 [ 200/391 ( 51%)]  Loss: 17.59 (16.3)  Loss_gt: 2.583 (2.40)  Loss_kd: 2.871 (2.64)  Loss_ofa: 12.14 (11.2) LR: 5.000e-02
2025-08-29 07:42:14,706 -                train: [    INFO] - Train: 25 [ 390/391 (100%)]  Loss: 16.25 (16.4)  Loss_gt: 2.452 (2.43)  Loss_kd: 2.625 (2.66)  Loss_ofa: 11.17 (11.3) LR: 5.000e-02
2025-08-29 07:42:15,376 -                train: [    INFO] - Test: [   0/39]  Time: 0.614 (0.614)  Loss:  2.9560 (2.9560)  Acc@1: 34.3750 (34.3750)  Acc@5: 56.2500 (56.2500)
2025-08-29 07:42:33,611 -                train: [    INFO] - Test: [  39/39]  Time: 0.022 (0.471)  Loss:  3.4971 (2.5068)  Acc@1: 25.0000 (42.0800)  Acc@5: 50.0000 (69.6900)
2025-08-29 07:42:34,993 -                train: [    INFO] - Train: 26 [   0/391 (  0%)]  Loss: 15.58 (15.6)  Loss_gt: 2.262 (2.26)  Loss_kd: 2.522 (2.52)  Loss_ofa: 10.80 (10.8) LR: 5.000e-02
2025-08-29 07:43:36,768 -                train: [    INFO] - Train: 26 [ 200/391 ( 51%)]  Loss: 16.43 (16.2)  Loss_gt: 2.465 (2.39)  Loss_kd: 2.694 (2.63)  Loss_ofa: 11.27 (11.2) LR: 5.000e-02
2025-08-29 07:44:35,376 -                train: [    INFO] - Train: 26 [ 390/391 (100%)]  Loss: 17.36 (16.4)  Loss_gt: 2.654 (2.42)  Loss_kd: 2.829 (2.65)  Loss_ofa: 11.88 (11.3) LR: 5.000e-02
2025-08-29 07:44:36,072 -                train: [    INFO] - Test: [   0/39]  Time: 0.616 (0.616)  Loss:  2.3574 (2.3574)  Acc@1: 47.2656 (47.2656)  Acc@5: 74.2188 (74.2188)
2025-08-29 07:44:54,968 -                train: [    INFO] - Test: [  39/39]  Time: 0.022 (0.488)  Loss:  2.4257 (2.3722)  Acc@1: 31.2500 (44.4100)  Acc@5: 75.0000 (71.8100)
2025-08-29 07:44:55,316 - timm.utils.checkpoint_saver: [    INFO] - Current checkpoints:
 ('./output/train/20250829-064142-resnet18-224/checkpoint/checkpoint-23.pth.tar', 46.28)
 ('./output/train/20250829-064142-resnet18-224/checkpoint/checkpoint-20.pth.tar', 45.87)
 ('./output/train/20250829-064142-resnet18-224/checkpoint/checkpoint-17.pth.tar', 45.86)
 ('./output/train/20250829-064142-resnet18-224/checkpoint/checkpoint-22.pth.tar', 45.37)
 ('./output/train/20250829-064142-resnet18-224/checkpoint/checkpoint-21.pth.tar', 44.52)
 ('./output/train/20250829-064142-resnet18-224/checkpoint/checkpoint-26.pth.tar', 44.41)
 ('./output/train/20250829-064142-resnet18-224/checkpoint/checkpoint-24.pth.tar', 44.29)
 ('./output/train/20250829-064142-resnet18-224/checkpoint/checkpoint-19.pth.tar', 44.26)
 ('./output/train/20250829-064142-resnet18-224/checkpoint/checkpoint-16.pth.tar', 44.02)
 ('./output/train/20250829-064142-resnet18-224/checkpoint/checkpoint-14.pth.tar', 43.74)

2025-08-29 07:44:56,374 -                train: [    INFO] - Train: 27 [   0/391 (  0%)]  Loss: 15.83 (15.8)  Loss_gt: 2.266 (2.27)  Loss_kd: 2.579 (2.58)  Loss_ofa: 10.98 (11.0) LR: 5.000e-02
2025-08-29 07:45:58,572 -                train: [    INFO] - Train: 27 [ 200/391 ( 51%)]  Loss: 15.93 (16.2)  Loss_gt: 2.388 (2.38)  Loss_kd: 2.578 (2.62)  Loss_ofa: 10.97 (11.2) LR: 5.000e-02
2025-08-29 07:46:57,297 -                train: [    INFO] - Train: 27 [ 390/391 (100%)]  Loss: 16.97 (16.3)  Loss_gt: 2.564 (2.41)  Loss_kd: 2.764 (2.64)  Loss_ofa: 11.64 (11.2) LR: 5.000e-02
2025-08-29 07:46:57,942 -                train: [    INFO] - Test: [   0/39]  Time: 0.581 (0.581)  Loss:  2.2241 (2.2241)  Acc@1: 49.2188 (49.2188)  Acc@5: 70.7031 (70.7031)
2025-08-29 07:47:13,417 -                train: [    INFO] - Test: [  39/39]  Time: 0.021 (0.401)  Loss:  2.5489 (2.4528)  Acc@1: 31.2500 (43.2400)  Acc@5: 75.0000 (69.9700)
2025-08-29 07:47:14,858 -                train: [    INFO] - Train: 28 [   0/391 (  0%)]  Loss: 15.25 (15.2)  Loss_gt: 2.238 (2.24)  Loss_kd: 2.447 (2.45)  Loss_ofa: 10.57 (10.6) LR: 5.000e-02
2025-08-29 07:48:16,924 -                train: [    INFO] - Train: 28 [ 200/391 ( 51%)]  Loss: 16.39 (16.1)  Loss_gt: 2.407 (2.36)  Loss_kd: 2.680 (2.61)  Loss_ofa: 11.30 (11.1) LR: 5.000e-02
2025-08-29 07:49:16,098 -                train: [    INFO] - Train: 28 [ 390/391 (100%)]  Loss: 16.47 (16.3)  Loss_gt: 2.439 (2.40)  Loss_kd: 2.683 (2.64)  Loss_ofa: 11.35 (11.2) LR: 5.000e-02
2025-08-29 07:49:16,761 -                train: [    INFO] - Test: [   0/39]  Time: 0.604 (0.604)  Loss:  2.0438 (2.0438)  Acc@1: 57.0312 (57.0312)  Acc@5: 75.7812 (75.7812)
2025-08-29 07:49:34,579 -                train: [    INFO] - Test: [  39/39]  Time: 0.025 (0.461)  Loss:  3.3279 (2.2354)  Acc@1: 25.0000 (47.3100)  Acc@5: 62.5000 (74.0800)
2025-08-29 07:49:35,024 - timm.utils.checkpoint_saver: [    INFO] - Current checkpoints:
 ('./output/train/20250829-064142-resnet18-224/checkpoint/checkpoint-28.pth.tar', 47.31)
 ('./output/train/20250829-064142-resnet18-224/checkpoint/checkpoint-23.pth.tar', 46.28)
 ('./output/train/20250829-064142-resnet18-224/checkpoint/checkpoint-20.pth.tar', 45.87)
 ('./output/train/20250829-064142-resnet18-224/checkpoint/checkpoint-17.pth.tar', 45.86)
 ('./output/train/20250829-064142-resnet18-224/checkpoint/checkpoint-22.pth.tar', 45.37)
 ('./output/train/20250829-064142-resnet18-224/checkpoint/checkpoint-21.pth.tar', 44.52)
 ('./output/train/20250829-064142-resnet18-224/checkpoint/checkpoint-26.pth.tar', 44.41)
 ('./output/train/20250829-064142-resnet18-224/checkpoint/checkpoint-24.pth.tar', 44.29)
 ('./output/train/20250829-064142-resnet18-224/checkpoint/checkpoint-19.pth.tar', 44.26)
 ('./output/train/20250829-064142-resnet18-224/checkpoint/checkpoint-16.pth.tar', 44.02)

2025-08-29 07:49:36,096 -                train: [    INFO] - Train: 29 [   0/391 (  0%)]  Loss: 15.79 (15.8)  Loss_gt: 2.244 (2.24)  Loss_kd: 2.536 (2.54)  Loss_ofa: 11.01 (11.0) LR: 5.000e-02
2025-08-29 07:50:38,842 -                train: [    INFO] - Train: 29 [ 200/391 ( 51%)]  Loss: 15.81 (16.1)  Loss_gt: 2.295 (2.36)  Loss_kd: 2.562 (2.61)  Loss_ofa: 10.96 (11.1) LR: 5.000e-02
2025-08-29 07:51:38,251 -                train: [    INFO] - Train: 29 [ 390/391 (100%)]  Loss: 16.49 (16.2)  Loss_gt: 2.423 (2.39)  Loss_kd: 2.667 (2.63)  Loss_ofa: 11.40 (11.2) LR: 5.000e-02
2025-08-29 07:51:38,895 -                train: [    INFO] - Test: [   0/39]  Time: 0.580 (0.580)  Loss:  2.6108 (2.6108)  Acc@1: 41.7969 (41.7969)  Acc@5: 62.5000 (62.5000)
2025-08-29 07:51:54,183 -                train: [    INFO] - Test: [  39/39]  Time: 0.026 (0.397)  Loss:  1.3564 (2.2044)  Acc@1: 62.5000 (47.3800)  Acc@5: 93.7500 (74.1300)
2025-08-29 07:51:54,516 - timm.utils.checkpoint_saver: [    INFO] - Current checkpoints:
 ('./output/train/20250829-064142-resnet18-224/checkpoint/checkpoint-29.pth.tar', 47.38)
 ('./output/train/20250829-064142-resnet18-224/checkpoint/checkpoint-28.pth.tar', 47.31)
 ('./output/train/20250829-064142-resnet18-224/checkpoint/checkpoint-23.pth.tar', 46.28)
 ('./output/train/20250829-064142-resnet18-224/checkpoint/checkpoint-20.pth.tar', 45.87)
 ('./output/train/20250829-064142-resnet18-224/checkpoint/checkpoint-17.pth.tar', 45.86)
 ('./output/train/20250829-064142-resnet18-224/checkpoint/checkpoint-22.pth.tar', 45.37)
 ('./output/train/20250829-064142-resnet18-224/checkpoint/checkpoint-21.pth.tar', 44.52)
 ('./output/train/20250829-064142-resnet18-224/checkpoint/checkpoint-26.pth.tar', 44.41)
 ('./output/train/20250829-064142-resnet18-224/checkpoint/checkpoint-24.pth.tar', 44.29)
 ('./output/train/20250829-064142-resnet18-224/checkpoint/checkpoint-19.pth.tar', 44.26)

2025-08-29 07:51:55,568 -                train: [    INFO] - Train: 30 [   0/391 (  0%)]  Loss: 15.82 (15.8)  Loss_gt: 2.257 (2.26)  Loss_kd: 2.563 (2.56)  Loss_ofa: 11.00 (11.0) LR: 5.000e-02
2025-08-29 07:52:57,946 -                train: [    INFO] - Train: 30 [ 200/391 ( 51%)]  Loss: 15.86 (16.0)  Loss_gt: 2.335 (2.34)  Loss_kd: 2.594 (2.59)  Loss_ofa: 10.93 (11.1) LR: 5.000e-02
2025-08-29 07:53:56,657 -                train: [    INFO] - Train: 30 [ 390/391 (100%)]  Loss: 15.64 (16.2)  Loss_gt: 2.288 (2.38)  Loss_kd: 2.585 (2.62)  Loss_ofa: 10.77 (11.2) LR: 5.000e-02
2025-08-29 07:53:57,306 -                train: [    INFO] - Test: [   0/39]  Time: 0.582 (0.582)  Loss:  2.4056 (2.4056)  Acc@1: 45.3125 (45.3125)  Acc@5: 65.2344 (65.2344)
2025-08-29 07:54:15,273 -                train: [    INFO] - Test: [  39/39]  Time: 0.026 (0.464)  Loss:  1.4976 (2.2557)  Acc@1: 62.5000 (46.7400)  Acc@5: 93.7500 (73.8400)
2025-08-29 07:54:15,974 - timm.utils.checkpoint_saver: [    INFO] - Current checkpoints:
 ('./output/train/20250829-064142-resnet18-224/checkpoint/checkpoint-29.pth.tar', 47.38)
 ('./output/train/20250829-064142-resnet18-224/checkpoint/checkpoint-28.pth.tar', 47.31)
 ('./output/train/20250829-064142-resnet18-224/checkpoint/checkpoint-30.pth.tar', 46.74)
 ('./output/train/20250829-064142-resnet18-224/checkpoint/checkpoint-23.pth.tar', 46.28)
 ('./output/train/20250829-064142-resnet18-224/checkpoint/checkpoint-20.pth.tar', 45.87)
 ('./output/train/20250829-064142-resnet18-224/checkpoint/checkpoint-17.pth.tar', 45.86)
 ('./output/train/20250829-064142-resnet18-224/checkpoint/checkpoint-22.pth.tar', 45.37)
 ('./output/train/20250829-064142-resnet18-224/checkpoint/checkpoint-21.pth.tar', 44.52)
 ('./output/train/20250829-064142-resnet18-224/checkpoint/checkpoint-26.pth.tar', 44.41)
 ('./output/train/20250829-064142-resnet18-224/checkpoint/checkpoint-24.pth.tar', 44.29)

2025-08-29 07:54:17,041 -                train: [    INFO] - Train: 31 [   0/391 (  0%)]  Loss: 15.68 (15.7)  Loss_gt: 2.277 (2.28)  Loss_kd: 2.508 (2.51)  Loss_ofa: 10.89 (10.9) LR: 5.000e-02
2025-08-29 07:55:19,181 -                train: [    INFO] - Train: 31 [ 200/391 ( 51%)]  Loss: 16.36 (16.1)  Loss_gt: 2.383 (2.35)  Loss_kd: 2.640 (2.60)  Loss_ofa: 11.34 (11.1) LR: 5.000e-02
2025-08-29 07:56:17,773 -                train: [    INFO] - Train: 31 [ 390/391 (100%)]  Loss: 15.96 (16.2)  Loss_gt: 2.379 (2.38)  Loss_kd: 2.584 (2.62)  Loss_ofa: 11.00 (11.2) LR: 5.000e-02
2025-08-29 07:56:18,432 -                train: [    INFO] - Test: [   0/39]  Time: 0.596 (0.596)  Loss:  2.7569 (2.7569)  Acc@1: 38.2812 (38.2812)  Acc@5: 61.7188 (61.7188)
2025-08-29 07:56:39,437 -                train: [    INFO] - Test: [  39/39]  Time: 0.026 (0.540)  Loss:  2.7991 (2.5281)  Acc@1: 25.0000 (41.6400)  Acc@5: 68.7500 (68.7200)
2025-08-29 07:56:41,064 -                train: [    INFO] - Train: 32 [   0/391 (  0%)]  Loss: 15.73 (15.7)  Loss_gt: 2.362 (2.36)  Loss_kd: 2.531 (2.53)  Loss_ofa: 10.84 (10.8) LR: 5.000e-02
2025-08-29 07:57:43,681 -                train: [    INFO] - Train: 32 [ 200/391 ( 51%)]  Loss: 16.73 (16.0)  Loss_gt: 2.489 (2.33)  Loss_kd: 2.688 (2.58)  Loss_ofa: 11.56 (11.0) LR: 5.000e-02
2025-08-29 07:58:42,544 -                train: [    INFO] - Train: 32 [ 390/391 (100%)]  Loss: 17.68 (16.1)  Loss_gt: 2.595 (2.37)  Loss_kd: 2.898 (2.62)  Loss_ofa: 12.19 (11.2) LR: 5.000e-02
2025-08-29 07:58:43,203 -                train: [    INFO] - Test: [   0/39]  Time: 0.588 (0.588)  Loss:  2.1193 (2.1193)  Acc@1: 49.2188 (49.2188)  Acc@5: 77.3438 (77.3438)
2025-08-29 07:58:58,888 -                train: [    INFO] - Test: [  39/39]  Time: 0.022 (0.407)  Loss:  2.7320 (2.2290)  Acc@1: 25.0000 (47.1700)  Acc@5: 75.0000 (74.4200)
2025-08-29 07:58:59,255 - timm.utils.checkpoint_saver: [    INFO] - Current checkpoints:
 ('./output/train/20250829-064142-resnet18-224/checkpoint/checkpoint-29.pth.tar', 47.38)
 ('./output/train/20250829-064142-resnet18-224/checkpoint/checkpoint-28.pth.tar', 47.31)
 ('./output/train/20250829-064142-resnet18-224/checkpoint/checkpoint-32.pth.tar', 47.17)
 ('./output/train/20250829-064142-resnet18-224/checkpoint/checkpoint-30.pth.tar', 46.74)
 ('./output/train/20250829-064142-resnet18-224/checkpoint/checkpoint-23.pth.tar', 46.28)
 ('./output/train/20250829-064142-resnet18-224/checkpoint/checkpoint-20.pth.tar', 45.87)
 ('./output/train/20250829-064142-resnet18-224/checkpoint/checkpoint-17.pth.tar', 45.86)
 ('./output/train/20250829-064142-resnet18-224/checkpoint/checkpoint-22.pth.tar', 45.37)
 ('./output/train/20250829-064142-resnet18-224/checkpoint/checkpoint-21.pth.tar', 44.52)
 ('./output/train/20250829-064142-resnet18-224/checkpoint/checkpoint-26.pth.tar', 44.41)

2025-08-29 07:59:00,317 -                train: [    INFO] - Train: 33 [   0/391 (  0%)]  Loss: 15.88 (15.9)  Loss_gt: 2.335 (2.33)  Loss_kd: 2.575 (2.58)  Loss_ofa: 10.97 (11.0) LR: 5.000e-02
2025-08-29 08:00:02,205 -                train: [    INFO] - Train: 33 [ 200/391 ( 51%)]  Loss: 16.49 (16.0)  Loss_gt: 2.393 (2.33)  Loss_kd: 2.659 (2.59)  Loss_ofa: 11.44 (11.1) LR: 5.000e-02
2025-08-29 08:01:00,777 -                train: [    INFO] - Train: 33 [ 390/391 (100%)]  Loss: 16.28 (16.1)  Loss_gt: 2.458 (2.36)  Loss_kd: 2.665 (2.61)  Loss_ofa: 11.15 (11.1) LR: 5.000e-02
2025-08-29 08:01:01,456 -                train: [    INFO] - Test: [   0/39]  Time: 0.613 (0.613)  Loss:  2.1010 (2.1010)  Acc@1: 51.9531 (51.9531)  Acc@5: 78.5156 (78.5156)
2025-08-29 08:01:20,033 -                train: [    INFO] - Test: [  39/39]  Time: 0.021 (0.480)  Loss:  2.5348 (2.2690)  Acc@1: 37.5000 (46.9700)  Acc@5: 81.2500 (73.3700)
2025-08-29 08:01:20,342 - timm.utils.checkpoint_saver: [    INFO] - Current checkpoints:
 ('./output/train/20250829-064142-resnet18-224/checkpoint/checkpoint-29.pth.tar', 47.38)
 ('./output/train/20250829-064142-resnet18-224/checkpoint/checkpoint-28.pth.tar', 47.31)
 ('./output/train/20250829-064142-resnet18-224/checkpoint/checkpoint-32.pth.tar', 47.17)
 ('./output/train/20250829-064142-resnet18-224/checkpoint/checkpoint-33.pth.tar', 46.97)
 ('./output/train/20250829-064142-resnet18-224/checkpoint/checkpoint-30.pth.tar', 46.74)
 ('./output/train/20250829-064142-resnet18-224/checkpoint/checkpoint-23.pth.tar', 46.28)
 ('./output/train/20250829-064142-resnet18-224/checkpoint/checkpoint-20.pth.tar', 45.87)
 ('./output/train/20250829-064142-resnet18-224/checkpoint/checkpoint-17.pth.tar', 45.86)
 ('./output/train/20250829-064142-resnet18-224/checkpoint/checkpoint-22.pth.tar', 45.37)
 ('./output/train/20250829-064142-resnet18-224/checkpoint/checkpoint-21.pth.tar', 44.52)

2025-08-29 08:01:21,408 -                train: [    INFO] - Train: 34 [   0/391 (  0%)]  Loss: 15.42 (15.4)  Loss_gt: 2.281 (2.28)  Loss_kd: 2.484 (2.48)  Loss_ofa: 10.65 (10.7) LR: 5.000e-02
2025-08-29 08:02:23,462 -                train: [    INFO] - Train: 34 [ 200/391 ( 51%)]  Loss: 15.92 (15.9)  Loss_gt: 2.314 (2.32)  Loss_kd: 2.608 (2.58)  Loss_ofa: 11.00 (11.0) LR: 5.000e-02
2025-08-29 08:03:22,006 -                train: [    INFO] - Train: 34 [ 390/391 (100%)]  Loss: 16.18 (16.1)  Loss_gt: 2.419 (2.36)  Loss_kd: 2.612 (2.61)  Loss_ofa: 11.15 (11.1) LR: 5.000e-02
2025-08-29 08:03:22,640 -                train: [    INFO] - Test: [   0/39]  Time: 0.577 (0.577)  Loss:  2.3705 (2.3705)  Acc@1: 45.3125 (45.3125)  Acc@5: 71.4844 (71.4844)
2025-08-29 08:03:39,256 -                train: [    INFO] - Test: [  39/39]  Time: 0.022 (0.430)  Loss:  2.4789 (2.3153)  Acc@1: 31.2500 (46.2100)  Acc@5: 81.2500 (72.7200)
2025-08-29 08:03:39,691 - timm.utils.checkpoint_saver: [    INFO] - Current checkpoints:
 ('./output/train/20250829-064142-resnet18-224/checkpoint/checkpoint-29.pth.tar', 47.38)
 ('./output/train/20250829-064142-resnet18-224/checkpoint/checkpoint-28.pth.tar', 47.31)
 ('./output/train/20250829-064142-resnet18-224/checkpoint/checkpoint-32.pth.tar', 47.17)
 ('./output/train/20250829-064142-resnet18-224/checkpoint/checkpoint-33.pth.tar', 46.97)
 ('./output/train/20250829-064142-resnet18-224/checkpoint/checkpoint-30.pth.tar', 46.74)
 ('./output/train/20250829-064142-resnet18-224/checkpoint/checkpoint-23.pth.tar', 46.28)
 ('./output/train/20250829-064142-resnet18-224/checkpoint/checkpoint-34.pth.tar', 46.21)
 ('./output/train/20250829-064142-resnet18-224/checkpoint/checkpoint-20.pth.tar', 45.87)
 ('./output/train/20250829-064142-resnet18-224/checkpoint/checkpoint-17.pth.tar', 45.86)
 ('./output/train/20250829-064142-resnet18-224/checkpoint/checkpoint-22.pth.tar', 45.37)

2025-08-29 08:03:40,911 -                train: [    INFO] - Train: 35 [   0/391 (  0%)]  Loss: 15.45 (15.4)  Loss_gt: 2.168 (2.17)  Loss_kd: 2.489 (2.49)  Loss_ofa: 10.79 (10.8) LR: 5.000e-02
2025-08-29 08:04:42,814 -                train: [    INFO] - Train: 35 [ 200/391 ( 51%)]  Loss: 16.30 (15.9)  Loss_gt: 2.428 (2.31)  Loss_kd: 2.690 (2.58)  Loss_ofa: 11.19 (11.0) LR: 5.000e-02
2025-08-29 08:05:41,402 -                train: [    INFO] - Train: 35 [ 390/391 (100%)]  Loss: 15.70 (16.0)  Loss_gt: 2.438 (2.35)  Loss_kd: 2.534 (2.60)  Loss_ofa: 10.73 (11.1) LR: 5.000e-02
2025-08-29 08:05:42,092 -                train: [    INFO] - Test: [   0/39]  Time: 0.638 (0.638)  Loss:  1.8217 (1.8217)  Acc@1: 58.2031 (58.2031)  Acc@5: 77.7344 (77.7344)
2025-08-29 08:06:00,469 -                train: [    INFO] - Test: [  39/39]  Time: 0.022 (0.475)  Loss:  3.1528 (2.2140)  Acc@1: 31.2500 (48.3600)  Acc@5: 62.5000 (73.7500)
2025-08-29 08:06:00,828 - timm.utils.checkpoint_saver: [    INFO] - Current checkpoints:
 ('./output/train/20250829-064142-resnet18-224/checkpoint/checkpoint-35.pth.tar', 48.36)
 ('./output/train/20250829-064142-resnet18-224/checkpoint/checkpoint-29.pth.tar', 47.38)
 ('./output/train/20250829-064142-resnet18-224/checkpoint/checkpoint-28.pth.tar', 47.31)
 ('./output/train/20250829-064142-resnet18-224/checkpoint/checkpoint-32.pth.tar', 47.17)
 ('./output/train/20250829-064142-resnet18-224/checkpoint/checkpoint-33.pth.tar', 46.97)
 ('./output/train/20250829-064142-resnet18-224/checkpoint/checkpoint-30.pth.tar', 46.74)
 ('./output/train/20250829-064142-resnet18-224/checkpoint/checkpoint-23.pth.tar', 46.28)
 ('./output/train/20250829-064142-resnet18-224/checkpoint/checkpoint-34.pth.tar', 46.21)
 ('./output/train/20250829-064142-resnet18-224/checkpoint/checkpoint-20.pth.tar', 45.87)
 ('./output/train/20250829-064142-resnet18-224/checkpoint/checkpoint-17.pth.tar', 45.86)

2025-08-29 08:06:01,915 -                train: [    INFO] - Train: 36 [   0/391 (  0%)]  Loss: 15.35 (15.4)  Loss_gt: 2.232 (2.23)  Loss_kd: 2.477 (2.48)  Loss_ofa: 10.64 (10.6) LR: 5.000e-02
2025-08-29 08:07:03,804 -                train: [    INFO] - Train: 36 [ 200/391 ( 51%)]  Loss: 16.24 (15.9)  Loss_gt: 2.405 (2.31)  Loss_kd: 2.643 (2.57)  Loss_ofa: 11.19 (11.0) LR: 5.000e-02
2025-08-29 08:08:02,340 -                train: [    INFO] - Train: 36 [ 390/391 (100%)]  Loss: 16.08 (16.0)  Loss_gt: 2.421 (2.34)  Loss_kd: 2.647 (2.60)  Loss_ofa: 11.01 (11.1) LR: 5.000e-02
2025-08-29 08:08:02,987 -                train: [    INFO] - Test: [   0/39]  Time: 0.585 (0.585)  Loss:  2.4287 (2.4287)  Acc@1: 50.7812 (50.7812)  Acc@5: 67.9688 (67.9688)
2025-08-29 08:08:22,215 -                train: [    INFO] - Test: [  39/39]  Time: 0.022 (0.495)  Loss:  2.2434 (2.2660)  Acc@1: 56.2500 (46.9200)  Acc@5: 87.5000 (73.2400)
2025-08-29 08:08:22,534 - timm.utils.checkpoint_saver: [    INFO] - Current checkpoints:
 ('./output/train/20250829-064142-resnet18-224/checkpoint/checkpoint-35.pth.tar', 48.36)
 ('./output/train/20250829-064142-resnet18-224/checkpoint/checkpoint-29.pth.tar', 47.38)
 ('./output/train/20250829-064142-resnet18-224/checkpoint/checkpoint-28.pth.tar', 47.31)
 ('./output/train/20250829-064142-resnet18-224/checkpoint/checkpoint-32.pth.tar', 47.17)
 ('./output/train/20250829-064142-resnet18-224/checkpoint/checkpoint-33.pth.tar', 46.97)
 ('./output/train/20250829-064142-resnet18-224/checkpoint/checkpoint-36.pth.tar', 46.92)
 ('./output/train/20250829-064142-resnet18-224/checkpoint/checkpoint-30.pth.tar', 46.74)
 ('./output/train/20250829-064142-resnet18-224/checkpoint/checkpoint-23.pth.tar', 46.28)
 ('./output/train/20250829-064142-resnet18-224/checkpoint/checkpoint-34.pth.tar', 46.21)
 ('./output/train/20250829-064142-resnet18-224/checkpoint/checkpoint-20.pth.tar', 45.87)

2025-08-29 08:08:23,576 -                train: [    INFO] - Train: 37 [   0/391 (  0%)]  Loss: 15.85 (15.9)  Loss_gt: 2.274 (2.27)  Loss_kd: 2.560 (2.56)  Loss_ofa: 11.02 (11.0) LR: 5.000e-02
2025-08-29 08:09:25,480 -                train: [    INFO] - Train: 37 [ 200/391 ( 51%)]  Loss: 15.81 (15.9)  Loss_gt: 2.344 (2.31)  Loss_kd: 2.548 (2.57)  Loss_ofa: 10.92 (11.0) LR: 5.000e-02
2025-08-29 08:10:23,973 -                train: [    INFO] - Train: 37 [ 390/391 (100%)]  Loss: 15.78 (16.0)  Loss_gt: 2.319 (2.34)  Loss_kd: 2.528 (2.59)  Loss_ofa: 10.93 (11.1) LR: 5.000e-02
2025-08-29 08:10:24,603 -                train: [    INFO] - Test: [   0/39]  Time: 0.580 (0.580)  Loss:  1.7910 (1.7910)  Acc@1: 59.7656 (59.7656)  Acc@5: 82.4219 (82.4219)
2025-08-29 08:10:43,603 -                train: [    INFO] - Test: [  39/39]  Time: 0.021 (0.490)  Loss:  2.4254 (2.1458)  Acc@1: 50.0000 (49.1300)  Acc@5: 81.2500 (76.2500)
2025-08-29 08:10:43,955 - timm.utils.checkpoint_saver: [    INFO] - Current checkpoints:
 ('./output/train/20250829-064142-resnet18-224/checkpoint/checkpoint-37.pth.tar', 49.13)
 ('./output/train/20250829-064142-resnet18-224/checkpoint/checkpoint-35.pth.tar', 48.36)
 ('./output/train/20250829-064142-resnet18-224/checkpoint/checkpoint-29.pth.tar', 47.38)
 ('./output/train/20250829-064142-resnet18-224/checkpoint/checkpoint-28.pth.tar', 47.31)
 ('./output/train/20250829-064142-resnet18-224/checkpoint/checkpoint-32.pth.tar', 47.17)
 ('./output/train/20250829-064142-resnet18-224/checkpoint/checkpoint-33.pth.tar', 46.97)
 ('./output/train/20250829-064142-resnet18-224/checkpoint/checkpoint-36.pth.tar', 46.92)
 ('./output/train/20250829-064142-resnet18-224/checkpoint/checkpoint-30.pth.tar', 46.74)
 ('./output/train/20250829-064142-resnet18-224/checkpoint/checkpoint-23.pth.tar', 46.28)
 ('./output/train/20250829-064142-resnet18-224/checkpoint/checkpoint-34.pth.tar', 46.21)

2025-08-29 08:10:45,002 -                train: [    INFO] - Train: 38 [   0/391 (  0%)]  Loss: 15.48 (15.5)  Loss_gt: 2.256 (2.26)  Loss_kd: 2.493 (2.49)  Loss_ofa: 10.73 (10.7) LR: 5.000e-02
2025-08-29 08:11:46,755 -                train: [    INFO] - Train: 38 [ 200/391 ( 51%)]  Loss: 15.18 (15.8)  Loss_gt: 2.240 (2.30)  Loss_kd: 2.456 (2.56)  Loss_ofa: 10.49 (11.0) LR: 5.000e-02
2025-08-29 08:12:45,235 -                train: [    INFO] - Train: 38 [ 390/391 (100%)]  Loss: 16.20 (16.0)  Loss_gt: 2.298 (2.33)  Loss_kd: 2.629 (2.59)  Loss_ofa: 11.28 (11.1) LR: 5.000e-02
2025-08-29 08:12:45,870 -                train: [    INFO] - Test: [   0/39]  Time: 0.584 (0.584)  Loss:  2.4188 (2.4188)  Acc@1: 47.6562 (47.6562)  Acc@5: 75.0000 (75.0000)
2025-08-29 08:13:03,584 -                train: [    INFO] - Test: [  39/39]  Time: 0.021 (0.457)  Loss:  2.5110 (2.2067)  Acc@1: 43.7500 (48.0500)  Acc@5: 75.0000 (74.7300)
2025-08-29 08:13:03,889 - timm.utils.checkpoint_saver: [    INFO] - Current checkpoints:
 ('./output/train/20250829-064142-resnet18-224/checkpoint/checkpoint-37.pth.tar', 49.13)
 ('./output/train/20250829-064142-resnet18-224/checkpoint/checkpoint-35.pth.tar', 48.36)
 ('./output/train/20250829-064142-resnet18-224/checkpoint/checkpoint-38.pth.tar', 48.05)
 ('./output/train/20250829-064142-resnet18-224/checkpoint/checkpoint-29.pth.tar', 47.38)
 ('./output/train/20250829-064142-resnet18-224/checkpoint/checkpoint-28.pth.tar', 47.31)
 ('./output/train/20250829-064142-resnet18-224/checkpoint/checkpoint-32.pth.tar', 47.17)
 ('./output/train/20250829-064142-resnet18-224/checkpoint/checkpoint-33.pth.tar', 46.97)
 ('./output/train/20250829-064142-resnet18-224/checkpoint/checkpoint-36.pth.tar', 46.92)
 ('./output/train/20250829-064142-resnet18-224/checkpoint/checkpoint-30.pth.tar', 46.74)
 ('./output/train/20250829-064142-resnet18-224/checkpoint/checkpoint-23.pth.tar', 46.28)

2025-08-29 08:13:04,953 -                train: [    INFO] - Train: 39 [   0/391 (  0%)]  Loss: 15.87 (15.9)  Loss_gt: 2.245 (2.24)  Loss_kd: 2.546 (2.55)  Loss_ofa: 11.08 (11.1) LR: 5.000e-02
2025-08-29 08:14:06,791 -                train: [    INFO] - Train: 39 [ 200/391 ( 51%)]  Loss: 17.02 (15.8)  Loss_gt: 2.474 (2.29)  Loss_kd: 2.795 (2.56)  Loss_ofa: 11.75 (11.0) LR: 5.000e-02
2025-08-29 08:15:05,421 -                train: [    INFO] - Train: 39 [ 390/391 (100%)]  Loss: 15.34 (16.0)  Loss_gt: 2.208 (2.33)  Loss_kd: 2.485 (2.58)  Loss_ofa: 10.65 (11.1) LR: 5.000e-02
2025-08-29 08:15:06,034 -                train: [    INFO] - Test: [   0/39]  Time: 0.567 (0.567)  Loss:  1.9745 (1.9745)  Acc@1: 52.7344 (52.7344)  Acc@5: 76.9531 (76.9531)
2025-08-29 08:15:24,040 -                train: [    INFO] - Test: [  39/39]  Time: 0.021 (0.464)  Loss:  2.3903 (2.1669)  Acc@1: 43.7500 (49.0900)  Acc@5: 81.2500 (75.3400)
2025-08-29 08:15:24,398 - timm.utils.checkpoint_saver: [    INFO] - Current checkpoints:
 ('./output/train/20250829-064142-resnet18-224/checkpoint/checkpoint-37.pth.tar', 49.13)
 ('./output/train/20250829-064142-resnet18-224/checkpoint/checkpoint-39.pth.tar', 49.09)
 ('./output/train/20250829-064142-resnet18-224/checkpoint/checkpoint-35.pth.tar', 48.36)
 ('./output/train/20250829-064142-resnet18-224/checkpoint/checkpoint-38.pth.tar', 48.05)
 ('./output/train/20250829-064142-resnet18-224/checkpoint/checkpoint-29.pth.tar', 47.38)
 ('./output/train/20250829-064142-resnet18-224/checkpoint/checkpoint-28.pth.tar', 47.31)
 ('./output/train/20250829-064142-resnet18-224/checkpoint/checkpoint-32.pth.tar', 47.17)
 ('./output/train/20250829-064142-resnet18-224/checkpoint/checkpoint-33.pth.tar', 46.97)
 ('./output/train/20250829-064142-resnet18-224/checkpoint/checkpoint-36.pth.tar', 46.92)
 ('./output/train/20250829-064142-resnet18-224/checkpoint/checkpoint-30.pth.tar', 46.74)

2025-08-29 08:15:25,396 -                train: [    INFO] - Train: 40 [   0/391 (  0%)]  Loss: 15.19 (15.2)  Loss_gt: 2.176 (2.18)  Loss_kd: 2.469 (2.47)  Loss_ofa: 10.55 (10.5) LR: 5.000e-02
2025-08-29 08:16:27,137 -                train: [    INFO] - Train: 40 [ 200/391 ( 51%)]  Loss: 15.99 (15.8)  Loss_gt: 2.318 (2.29)  Loss_kd: 2.590 (2.56)  Loss_ofa: 11.08 (11.0) LR: 5.000e-02
2025-08-29 08:17:25,659 -                train: [    INFO] - Train: 40 [ 390/391 (100%)]  Loss: 15.70 (16.0)  Loss_gt: 2.297 (2.33)  Loss_kd: 2.497 (2.58)  Loss_ofa: 10.91 (11.0) LR: 5.000e-02
2025-08-29 08:17:26,320 -                train: [    INFO] - Test: [   0/39]  Time: 0.615 (0.615)  Loss:  1.3887 (1.3887)  Acc@1: 62.5000 (62.5000)  Acc@5: 86.7188 (86.7188)
2025-08-29 08:17:43,896 -                train: [    INFO] - Test: [  39/39]  Time: 0.019 (0.455)  Loss:  3.2185 (2.1318)  Acc@1: 25.0000 (49.4600)  Acc@5: 62.5000 (75.8400)
2025-08-29 08:17:44,270 - timm.utils.checkpoint_saver: [    INFO] - Current checkpoints:
 ('./output/train/20250829-064142-resnet18-224/checkpoint/checkpoint-40.pth.tar', 49.46)
 ('./output/train/20250829-064142-resnet18-224/checkpoint/checkpoint-37.pth.tar', 49.13)
 ('./output/train/20250829-064142-resnet18-224/checkpoint/checkpoint-39.pth.tar', 49.09)
 ('./output/train/20250829-064142-resnet18-224/checkpoint/checkpoint-35.pth.tar', 48.36)
 ('./output/train/20250829-064142-resnet18-224/checkpoint/checkpoint-38.pth.tar', 48.05)
 ('./output/train/20250829-064142-resnet18-224/checkpoint/checkpoint-29.pth.tar', 47.38)
 ('./output/train/20250829-064142-resnet18-224/checkpoint/checkpoint-28.pth.tar', 47.31)
 ('./output/train/20250829-064142-resnet18-224/checkpoint/checkpoint-32.pth.tar', 47.17)
 ('./output/train/20250829-064142-resnet18-224/checkpoint/checkpoint-33.pth.tar', 46.97)
 ('./output/train/20250829-064142-resnet18-224/checkpoint/checkpoint-36.pth.tar', 46.92)

2025-08-29 08:17:45,300 -                train: [    INFO] - Train: 41 [   0/391 (  0%)]  Loss: 16.68 (16.7)  Loss_gt: 2.343 (2.34)  Loss_kd: 2.731 (2.73)  Loss_ofa: 11.60 (11.6) LR: 5.000e-02
2025-08-29 08:18:46,668 -                train: [    INFO] - Train: 41 [ 200/391 ( 51%)]  Loss: 17.39 (15.8)  Loss_gt: 2.497 (2.28)  Loss_kd: 2.821 (2.55)  Loss_ofa: 12.08 (11.0) LR: 5.000e-02
2025-08-29 08:19:45,396 -                train: [    INFO] - Train: 41 [ 390/391 (100%)]  Loss: 16.36 (15.9)  Loss_gt: 2.459 (2.32)  Loss_kd: 2.659 (2.58)  Loss_ofa: 11.24 (11.0) LR: 5.000e-02
2025-08-29 08:19:46,043 -                train: [    INFO] - Test: [   0/39]  Time: 0.599 (0.599)  Loss:  2.2568 (2.2568)  Acc@1: 48.8281 (48.8281)  Acc@5: 73.4375 (73.4375)
2025-08-29 08:20:04,506 -                train: [    INFO] - Test: [  39/39]  Time: 0.022 (0.477)  Loss:  3.2852 (2.3213)  Acc@1: 37.5000 (45.3800)  Acc@5: 68.7500 (72.8100)
2025-08-29 08:20:05,866 -                train: [    INFO] - Train: 42 [   0/391 (  0%)]  Loss: 15.07 (15.1)  Loss_gt: 2.209 (2.21)  Loss_kd: 2.404 (2.40)  Loss_ofa: 10.46 (10.5) LR: 5.000e-02
2025-08-29 08:21:07,812 -                train: [    INFO] - Train: 42 [ 200/391 ( 51%)]  Loss: 15.03 (15.8)  Loss_gt: 2.211 (2.27)  Loss_kd: 2.444 (2.55)  Loss_ofa: 10.38 (10.9) LR: 5.000e-02
2025-08-29 08:22:06,442 -                train: [    INFO] - Train: 42 [ 390/391 (100%)]  Loss: 16.33 (15.9)  Loss_gt: 2.387 (2.32)  Loss_kd: 2.665 (2.58)  Loss_ofa: 11.28 (11.0) LR: 5.000e-02
2025-08-29 08:22:07,066 -                train: [    INFO] - Test: [   0/39]  Time: 0.571 (0.571)  Loss:  1.9533 (1.9533)  Acc@1: 52.3438 (52.3438)  Acc@5: 78.5156 (78.5156)
2025-08-29 08:22:24,802 -                train: [    INFO] - Test: [  39/39]  Time: 0.022 (0.458)  Loss:  1.6448 (2.1632)  Acc@1: 62.5000 (48.9900)  Acc@5: 87.5000 (74.7900)
2025-08-29 08:22:25,154 - timm.utils.checkpoint_saver: [    INFO] - Current checkpoints:
 ('./output/train/20250829-064142-resnet18-224/checkpoint/checkpoint-40.pth.tar', 49.46)
 ('./output/train/20250829-064142-resnet18-224/checkpoint/checkpoint-37.pth.tar', 49.13)
 ('./output/train/20250829-064142-resnet18-224/checkpoint/checkpoint-39.pth.tar', 49.09)
 ('./output/train/20250829-064142-resnet18-224/checkpoint/checkpoint-42.pth.tar', 48.99)
 ('./output/train/20250829-064142-resnet18-224/checkpoint/checkpoint-35.pth.tar', 48.36)
 ('./output/train/20250829-064142-resnet18-224/checkpoint/checkpoint-38.pth.tar', 48.05)
 ('./output/train/20250829-064142-resnet18-224/checkpoint/checkpoint-29.pth.tar', 47.38)
 ('./output/train/20250829-064142-resnet18-224/checkpoint/checkpoint-28.pth.tar', 47.31)
 ('./output/train/20250829-064142-resnet18-224/checkpoint/checkpoint-32.pth.tar', 47.17)
 ('./output/train/20250829-064142-resnet18-224/checkpoint/checkpoint-33.pth.tar', 46.97)

2025-08-29 08:22:26,185 -                train: [    INFO] - Train: 43 [   0/391 (  0%)]  Loss: 15.73 (15.7)  Loss_gt: 2.295 (2.29)  Loss_kd: 2.537 (2.54)  Loss_ofa: 10.90 (10.9) LR: 5.000e-02
2025-08-29 08:23:27,861 -                train: [    INFO] - Train: 43 [ 200/391 ( 51%)]  Loss: 16.32 (15.7)  Loss_gt: 2.411 (2.27)  Loss_kd: 2.657 (2.54)  Loss_ofa: 11.25 (10.9) LR: 5.000e-02
2025-08-29 08:24:26,290 -                train: [    INFO] - Train: 43 [ 390/391 (100%)]  Loss: 15.06 (15.9)  Loss_gt: 2.291 (2.31)  Loss_kd: 2.457 (2.57)  Loss_ofa: 10.31 (11.0) LR: 5.000e-02
2025-08-29 08:24:26,931 -                train: [    INFO] - Test: [   0/39]  Time: 0.578 (0.578)  Loss:  3.1216 (3.1216)  Acc@1: 32.4219 (32.4219)  Acc@5: 57.0312 (57.0312)
2025-08-29 08:24:44,605 -                train: [    INFO] - Test: [  39/39]  Time: 0.022 (0.456)  Loss:  3.3795 (2.4062)  Acc@1: 37.5000 (44.8000)  Acc@5: 43.7500 (70.3800)
2025-08-29 08:24:46,202 -                train: [    INFO] - Train: 44 [   0/391 (  0%)]  Loss: 16.27 (16.3)  Loss_gt: 2.322 (2.32)  Loss_kd: 2.632 (2.63)  Loss_ofa: 11.31 (11.3) LR: 5.000e-02
2025-08-29 08:25:48,004 -                train: [    INFO] - Train: 44 [ 200/391 ( 51%)]  Loss: 16.36 (15.7)  Loss_gt: 2.454 (2.27)  Loss_kd: 2.666 (2.54)  Loss_ofa: 11.24 (10.9) LR: 5.000e-02
2025-08-29 08:26:46,515 -                train: [    INFO] - Train: 44 [ 390/391 (100%)]  Loss: 16.73 (15.9)  Loss_gt: 2.448 (2.31)  Loss_kd: 2.699 (2.57)  Loss_ofa: 11.59 (11.0) LR: 5.000e-02
2025-08-29 08:26:47,182 -                train: [    INFO] - Test: [   0/39]  Time: 0.603 (0.603)  Loss:  2.1225 (2.1225)  Acc@1: 48.0469 (48.0469)  Acc@5: 73.8281 (73.8281)
2025-08-29 08:27:05,288 -                train: [    INFO] - Test: [  39/39]  Time: 0.021 (0.468)  Loss:  2.7506 (2.1857)  Acc@1: 37.5000 (48.6500)  Acc@5: 68.7500 (74.6600)
2025-08-29 08:27:05,617 - timm.utils.checkpoint_saver: [    INFO] - Current checkpoints:
 ('./output/train/20250829-064142-resnet18-224/checkpoint/checkpoint-40.pth.tar', 49.46)
 ('./output/train/20250829-064142-resnet18-224/checkpoint/checkpoint-37.pth.tar', 49.13)
 ('./output/train/20250829-064142-resnet18-224/checkpoint/checkpoint-39.pth.tar', 49.09)
 ('./output/train/20250829-064142-resnet18-224/checkpoint/checkpoint-42.pth.tar', 48.99)
 ('./output/train/20250829-064142-resnet18-224/checkpoint/checkpoint-44.pth.tar', 48.65)
 ('./output/train/20250829-064142-resnet18-224/checkpoint/checkpoint-35.pth.tar', 48.36)
 ('./output/train/20250829-064142-resnet18-224/checkpoint/checkpoint-38.pth.tar', 48.05)
 ('./output/train/20250829-064142-resnet18-224/checkpoint/checkpoint-29.pth.tar', 47.38)
 ('./output/train/20250829-064142-resnet18-224/checkpoint/checkpoint-28.pth.tar', 47.31)
 ('./output/train/20250829-064142-resnet18-224/checkpoint/checkpoint-32.pth.tar', 47.17)

2025-08-29 08:27:06,673 -                train: [    INFO] - Train: 45 [   0/391 (  0%)]  Loss: 15.24 (15.2)  Loss_gt: 2.178 (2.18)  Loss_kd: 2.440 (2.44)  Loss_ofa: 10.62 (10.6) LR: 5.000e-02
2025-08-29 08:28:08,554 -                train: [    INFO] - Train: 45 [ 200/391 ( 51%)]  Loss: 16.24 (15.7)  Loss_gt: 2.356 (2.26)  Loss_kd: 2.611 (2.54)  Loss_ofa: 11.27 (10.9) LR: 5.000e-02
2025-08-29 08:29:07,354 -                train: [    INFO] - Train: 45 [ 390/391 (100%)]  Loss: 15.79 (15.9)  Loss_gt: 2.295 (2.31)  Loss_kd: 2.553 (2.57)  Loss_ofa: 10.94 (11.0) LR: 5.000e-02
2025-08-29 08:29:07,981 -                train: [    INFO] - Test: [   0/39]  Time: 0.568 (0.568)  Loss:  2.2594 (2.2594)  Acc@1: 48.4375 (48.4375)  Acc@5: 74.6094 (74.6094)
2025-08-29 08:29:28,776 -                train: [    INFO] - Test: [  39/39]  Time: 0.022 (0.534)  Loss:  2.1174 (2.1624)  Acc@1: 56.2500 (49.1500)  Acc@5: 93.7500 (75.4500)
2025-08-29 08:29:29,077 - timm.utils.checkpoint_saver: [    INFO] - Current checkpoints:
 ('./output/train/20250829-064142-resnet18-224/checkpoint/checkpoint-40.pth.tar', 49.46)
 ('./output/train/20250829-064142-resnet18-224/checkpoint/checkpoint-45.pth.tar', 49.15)
 ('./output/train/20250829-064142-resnet18-224/checkpoint/checkpoint-37.pth.tar', 49.13)
 ('./output/train/20250829-064142-resnet18-224/checkpoint/checkpoint-39.pth.tar', 49.09)
 ('./output/train/20250829-064142-resnet18-224/checkpoint/checkpoint-42.pth.tar', 48.99)
 ('./output/train/20250829-064142-resnet18-224/checkpoint/checkpoint-44.pth.tar', 48.65)
 ('./output/train/20250829-064142-resnet18-224/checkpoint/checkpoint-35.pth.tar', 48.36)
 ('./output/train/20250829-064142-resnet18-224/checkpoint/checkpoint-38.pth.tar', 48.05)
 ('./output/train/20250829-064142-resnet18-224/checkpoint/checkpoint-29.pth.tar', 47.38)
 ('./output/train/20250829-064142-resnet18-224/checkpoint/checkpoint-28.pth.tar', 47.31)

2025-08-29 08:29:30,185 -                train: [    INFO] - Train: 46 [   0/391 (  0%)]  Loss: 15.34 (15.3)  Loss_gt: 2.163 (2.16)  Loss_kd: 2.462 (2.46)  Loss_ofa: 10.72 (10.7) LR: 5.000e-02
2025-08-29 08:30:32,288 -                train: [    INFO] - Train: 46 [ 200/391 ( 51%)]  Loss: 15.49 (15.7)  Loss_gt: 2.250 (2.26)  Loss_kd: 2.498 (2.54)  Loss_ofa: 10.74 (10.9) LR: 5.000e-02
2025-08-29 08:31:30,936 -                train: [    INFO] - Train: 46 [ 390/391 (100%)]  Loss: 16.49 (15.9)  Loss_gt: 2.414 (2.30)  Loss_kd: 2.665 (2.56)  Loss_ofa: 11.41 (11.0) LR: 5.000e-02
2025-08-29 08:31:31,571 -                train: [    INFO] - Test: [   0/39]  Time: 0.584 (0.584)  Loss:  1.7972 (1.7972)  Acc@1: 53.9062 (53.9062)  Acc@5: 84.3750 (84.3750)
2025-08-29 08:31:49,329 -                train: [    INFO] - Test: [  39/39]  Time: 0.021 (0.459)  Loss:  1.7927 (2.1221)  Acc@1: 62.5000 (49.8400)  Acc@5: 87.5000 (76.7000)
2025-08-29 08:31:49,781 - timm.utils.checkpoint_saver: [    INFO] - Current checkpoints:
 ('./output/train/20250829-064142-resnet18-224/checkpoint/checkpoint-46.pth.tar', 49.84)
 ('./output/train/20250829-064142-resnet18-224/checkpoint/checkpoint-40.pth.tar', 49.46)
 ('./output/train/20250829-064142-resnet18-224/checkpoint/checkpoint-45.pth.tar', 49.15)
 ('./output/train/20250829-064142-resnet18-224/checkpoint/checkpoint-37.pth.tar', 49.13)
 ('./output/train/20250829-064142-resnet18-224/checkpoint/checkpoint-39.pth.tar', 49.09)
 ('./output/train/20250829-064142-resnet18-224/checkpoint/checkpoint-42.pth.tar', 48.99)
 ('./output/train/20250829-064142-resnet18-224/checkpoint/checkpoint-44.pth.tar', 48.65)
 ('./output/train/20250829-064142-resnet18-224/checkpoint/checkpoint-35.pth.tar', 48.36)
 ('./output/train/20250829-064142-resnet18-224/checkpoint/checkpoint-38.pth.tar', 48.05)
 ('./output/train/20250829-064142-resnet18-224/checkpoint/checkpoint-29.pth.tar', 47.38)

2025-08-29 08:31:50,819 -                train: [    INFO] - Train: 47 [   0/391 (  0%)]  Loss: 15.37 (15.4)  Loss_gt: 2.168 (2.17)  Loss_kd: 2.464 (2.46)  Loss_ofa: 10.74 (10.7) LR: 5.000e-02
2025-08-29 08:32:52,657 -                train: [    INFO] - Train: 47 [ 200/391 ( 51%)]  Loss: 15.75 (15.7)  Loss_gt: 2.267 (2.26)  Loss_kd: 2.547 (2.54)  Loss_ofa: 10.93 (10.9) LR: 5.000e-02
2025-08-29 08:33:51,323 -                train: [    INFO] - Train: 47 [ 390/391 (100%)]  Loss: 16.79 (15.8)  Loss_gt: 2.574 (2.30)  Loss_kd: 2.708 (2.56)  Loss_ofa: 11.50 (11.0) LR: 5.000e-02
2025-08-29 08:33:52,038 -                train: [    INFO] - Test: [   0/39]  Time: 0.653 (0.653)  Loss:  2.2860 (2.2860)  Acc@1: 47.2656 (47.2656)  Acc@5: 69.5312 (69.5312)
2025-08-29 08:34:08,281 -                train: [    INFO] - Test: [  39/39]  Time: 0.022 (0.422)  Loss:  2.1785 (2.2381)  Acc@1: 43.7500 (47.6600)  Acc@5: 87.5000 (73.9900)
2025-08-29 08:34:08,615 - timm.utils.checkpoint_saver: [    INFO] - Current checkpoints:
 ('./output/train/20250829-064142-resnet18-224/checkpoint/checkpoint-46.pth.tar', 49.84)
 ('./output/train/20250829-064142-resnet18-224/checkpoint/checkpoint-40.pth.tar', 49.46)
 ('./output/train/20250829-064142-resnet18-224/checkpoint/checkpoint-45.pth.tar', 49.15)
 ('./output/train/20250829-064142-resnet18-224/checkpoint/checkpoint-37.pth.tar', 49.13)
 ('./output/train/20250829-064142-resnet18-224/checkpoint/checkpoint-39.pth.tar', 49.09)
 ('./output/train/20250829-064142-resnet18-224/checkpoint/checkpoint-42.pth.tar', 48.99)
 ('./output/train/20250829-064142-resnet18-224/checkpoint/checkpoint-44.pth.tar', 48.65)
 ('./output/train/20250829-064142-resnet18-224/checkpoint/checkpoint-35.pth.tar', 48.36)
 ('./output/train/20250829-064142-resnet18-224/checkpoint/checkpoint-38.pth.tar', 48.05)
 ('./output/train/20250829-064142-resnet18-224/checkpoint/checkpoint-47.pth.tar', 47.66)

2025-08-29 08:34:09,668 -                train: [    INFO] - Train: 48 [   0/391 (  0%)]  Loss: 15.07 (15.1)  Loss_gt: 2.123 (2.12)  Loss_kd: 2.463 (2.46)  Loss_ofa: 10.48 (10.5) LR: 5.000e-02
2025-08-29 08:35:11,610 -                train: [    INFO] - Train: 48 [ 200/391 ( 51%)]  Loss: 15.52 (15.7)  Loss_gt: 2.215 (2.26)  Loss_kd: 2.522 (2.53)  Loss_ofa: 10.78 (10.9) LR: 5.000e-02
2025-08-29 08:36:09,999 -                train: [    INFO] - Train: 48 [ 390/391 (100%)]  Loss: 15.37 (15.9)  Loss_gt: 2.314 (2.30)  Loss_kd: 2.424 (2.56)  Loss_ofa: 10.63 (11.0) LR: 5.000e-02
2025-08-29 08:36:10,644 -                train: [    INFO] - Test: [   0/39]  Time: 0.584 (0.584)  Loss:  1.8266 (1.8266)  Acc@1: 55.4688 (55.4688)  Acc@5: 81.6406 (81.6406)
2025-08-29 08:36:28,684 -                train: [    INFO] - Test: [  39/39]  Time: 0.022 (0.466)  Loss:  3.6676 (2.2262)  Acc@1: 18.7500 (47.4600)  Acc@5: 50.0000 (74.6000)
2025-08-29 08:36:30,086 -                train: [    INFO] - Train: 49 [   0/391 (  0%)]  Loss: 15.75 (15.8)  Loss_gt: 2.195 (2.19)  Loss_kd: 2.592 (2.59)  Loss_ofa: 10.97 (11.0) LR: 5.000e-02
2025-08-29 08:37:31,792 -                train: [    INFO] - Train: 49 [ 200/391 ( 51%)]  Loss: 15.41 (15.6)  Loss_gt: 2.350 (2.24)  Loss_kd: 2.496 (2.52)  Loss_ofa: 10.56 (10.8) LR: 5.000e-02
2025-08-29 08:38:30,244 -                train: [    INFO] - Train: 49 [ 390/391 (100%)]  Loss: 16.05 (15.8)  Loss_gt: 2.348 (2.29)  Loss_kd: 2.581 (2.56)  Loss_ofa: 11.13 (11.0) LR: 5.000e-02
2025-08-29 08:38:30,870 -                train: [    INFO] - Test: [   0/39]  Time: 0.575 (0.575)  Loss:  2.1449 (2.1449)  Acc@1: 51.5625 (51.5625)  Acc@5: 77.3438 (77.3438)
2025-08-29 08:38:48,749 -                train: [    INFO] - Test: [  39/39]  Time: 0.021 (0.461)  Loss:  2.9911 (2.2006)  Acc@1: 37.5000 (48.6800)  Acc@5: 75.0000 (75.4700)
2025-08-29 08:38:49,073 - timm.utils.checkpoint_saver: [    INFO] - Current checkpoints:
 ('./output/train/20250829-064142-resnet18-224/checkpoint/checkpoint-46.pth.tar', 49.84)
 ('./output/train/20250829-064142-resnet18-224/checkpoint/checkpoint-40.pth.tar', 49.46)
 ('./output/train/20250829-064142-resnet18-224/checkpoint/checkpoint-45.pth.tar', 49.15)
 ('./output/train/20250829-064142-resnet18-224/checkpoint/checkpoint-37.pth.tar', 49.13)
 ('./output/train/20250829-064142-resnet18-224/checkpoint/checkpoint-39.pth.tar', 49.09)
 ('./output/train/20250829-064142-resnet18-224/checkpoint/checkpoint-42.pth.tar', 48.99)
 ('./output/train/20250829-064142-resnet18-224/checkpoint/checkpoint-49.pth.tar', 48.68)
 ('./output/train/20250829-064142-resnet18-224/checkpoint/checkpoint-44.pth.tar', 48.65)
 ('./output/train/20250829-064142-resnet18-224/checkpoint/checkpoint-35.pth.tar', 48.36)
 ('./output/train/20250829-064142-resnet18-224/checkpoint/checkpoint-38.pth.tar', 48.05)

2025-08-29 08:38:50,067 -                train: [    INFO] - Train: 50 [   0/391 (  0%)]  Loss: 15.16 (15.2)  Loss_gt: 2.149 (2.15)  Loss_kd: 2.461 (2.46)  Loss_ofa: 10.55 (10.6) LR: 5.000e-02
2025-08-29 08:39:51,577 -                train: [    INFO] - Train: 50 [ 200/391 ( 51%)]  Loss: 16.01 (15.6)  Loss_gt: 2.325 (2.25)  Loss_kd: 2.620 (2.53)  Loss_ofa: 11.06 (10.9) LR: 5.000e-02
2025-08-29 08:40:50,733 -                train: [    INFO] - Train: 50 [ 390/391 (100%)]  Loss: 16.75 (15.8)  Loss_gt: 2.558 (2.29)  Loss_kd: 2.775 (2.55)  Loss_ofa: 11.41 (10.9) LR: 5.000e-02
2025-08-29 08:40:51,397 -                train: [    INFO] - Test: [   0/39]  Time: 0.598 (0.598)  Loss:  1.7015 (1.7015)  Acc@1: 59.3750 (59.3750)  Acc@5: 84.7656 (84.7656)
2025-08-29 08:41:09,643 -                train: [    INFO] - Test: [  39/39]  Time: 0.022 (0.471)  Loss:  2.4389 (2.1191)  Acc@1: 43.7500 (50.1500)  Acc@5: 75.0000 (76.3800)
2025-08-29 08:41:09,945 - timm.utils.checkpoint_saver: [    INFO] - Current checkpoints:
 ('./output/train/20250829-064142-resnet18-224/checkpoint/checkpoint-50.pth.tar', 50.15)
 ('./output/train/20250829-064142-resnet18-224/checkpoint/checkpoint-46.pth.tar', 49.84)
 ('./output/train/20250829-064142-resnet18-224/checkpoint/checkpoint-40.pth.tar', 49.46)
 ('./output/train/20250829-064142-resnet18-224/checkpoint/checkpoint-45.pth.tar', 49.15)
 ('./output/train/20250829-064142-resnet18-224/checkpoint/checkpoint-37.pth.tar', 49.13)
 ('./output/train/20250829-064142-resnet18-224/checkpoint/checkpoint-39.pth.tar', 49.09)
 ('./output/train/20250829-064142-resnet18-224/checkpoint/checkpoint-42.pth.tar', 48.99)
 ('./output/train/20250829-064142-resnet18-224/checkpoint/checkpoint-49.pth.tar', 48.68)
 ('./output/train/20250829-064142-resnet18-224/checkpoint/checkpoint-44.pth.tar', 48.65)
 ('./output/train/20250829-064142-resnet18-224/checkpoint/checkpoint-35.pth.tar', 48.36)

2025-08-29 08:41:10,977 -                train: [    INFO] - Train: 51 [   0/391 (  0%)]  Loss: 15.33 (15.3)  Loss_gt: 2.156 (2.16)  Loss_kd: 2.501 (2.50)  Loss_ofa: 10.67 (10.7) LR: 5.000e-02
2025-08-29 08:42:13,101 -                train: [    INFO] - Train: 51 [ 200/391 ( 51%)]  Loss: 15.26 (15.7)  Loss_gt: 2.228 (2.25)  Loss_kd: 2.491 (2.53)  Loss_ofa: 10.54 (10.9) LR: 5.000e-02
2025-08-29 08:43:12,026 -                train: [    INFO] - Train: 51 [ 390/391 (100%)]  Loss: 15.41 (15.8)  Loss_gt: 2.291 (2.29)  Loss_kd: 2.499 (2.56)  Loss_ofa: 10.62 (11.0) LR: 5.000e-02
2025-08-29 08:43:12,670 -                train: [    INFO] - Test: [   0/39]  Time: 0.576 (0.576)  Loss:  1.5417 (1.5417)  Acc@1: 57.8125 (57.8125)  Acc@5: 85.9375 (85.9375)
2025-08-29 08:43:28,011 -                train: [    INFO] - Test: [  39/39]  Time: 0.022 (0.398)  Loss:  3.8671 (2.1068)  Acc@1: 18.7500 (49.8900)  Acc@5: 62.5000 (76.2400)
2025-08-29 08:43:28,342 - timm.utils.checkpoint_saver: [    INFO] - Current checkpoints:
 ('./output/train/20250829-064142-resnet18-224/checkpoint/checkpoint-50.pth.tar', 50.15)
 ('./output/train/20250829-064142-resnet18-224/checkpoint/checkpoint-51.pth.tar', 49.89)
 ('./output/train/20250829-064142-resnet18-224/checkpoint/checkpoint-46.pth.tar', 49.84)
 ('./output/train/20250829-064142-resnet18-224/checkpoint/checkpoint-40.pth.tar', 49.46)
 ('./output/train/20250829-064142-resnet18-224/checkpoint/checkpoint-45.pth.tar', 49.15)
 ('./output/train/20250829-064142-resnet18-224/checkpoint/checkpoint-37.pth.tar', 49.13)
 ('./output/train/20250829-064142-resnet18-224/checkpoint/checkpoint-39.pth.tar', 49.09)
 ('./output/train/20250829-064142-resnet18-224/checkpoint/checkpoint-42.pth.tar', 48.99)
 ('./output/train/20250829-064142-resnet18-224/checkpoint/checkpoint-49.pth.tar', 48.68)
 ('./output/train/20250829-064142-resnet18-224/checkpoint/checkpoint-44.pth.tar', 48.65)

2025-08-29 08:43:29,557 -                train: [    INFO] - Train: 52 [   0/391 (  0%)]  Loss: 15.58 (15.6)  Loss_gt: 2.131 (2.13)  Loss_kd: 2.538 (2.54)  Loss_ofa: 10.92 (10.9) LR: 5.000e-02
2025-08-29 08:44:31,646 -                train: [    INFO] - Train: 52 [ 200/391 ( 51%)]  Loss: 15.15 (15.7)  Loss_gt: 2.149 (2.25)  Loss_kd: 2.454 (2.53)  Loss_ofa: 10.55 (10.9) LR: 5.000e-02
2025-08-29 08:45:30,532 -                train: [    INFO] - Train: 52 [ 390/391 (100%)]  Loss: 15.21 (15.8)  Loss_gt: 2.237 (2.29)  Loss_kd: 2.457 (2.56)  Loss_ofa: 10.51 (11.0) LR: 5.000e-02
2025-08-29 08:45:31,175 -                train: [    INFO] - Test: [   0/39]  Time: 0.579 (0.579)  Loss:  1.7407 (1.7407)  Acc@1: 57.8125 (57.8125)  Acc@5: 81.2500 (81.2500)
2025-08-29 08:45:48,039 -                train: [    INFO] - Test: [  39/39]  Time: 0.023 (0.436)  Loss:  2.8859 (2.1584)  Acc@1: 43.7500 (48.6200)  Acc@5: 68.7500 (76.1300)
2025-08-29 08:45:50,538 -                train: [    INFO] - Train: 53 [   0/391 (  0%)]  Loss: 15.50 (15.5)  Loss_gt: 2.243 (2.24)  Loss_kd: 2.528 (2.53)  Loss_ofa: 10.73 (10.7) LR: 5.000e-02
2025-08-29 08:46:53,444 -                train: [    INFO] - Train: 53 [ 200/391 ( 51%)]  Loss: 16.15 (15.6)  Loss_gt: 2.320 (2.24)  Loss_kd: 2.604 (2.52)  Loss_ofa: 11.22 (10.9) LR: 5.000e-02
2025-08-29 08:47:52,482 -                train: [    INFO] - Train: 53 [ 390/391 (100%)]  Loss: 16.50 (15.8)  Loss_gt: 2.452 (2.28)  Loss_kd: 2.664 (2.55)  Loss_ofa: 11.39 (10.9) LR: 5.000e-02
2025-08-29 08:47:53,152 -                train: [    INFO] - Test: [   0/39]  Time: 0.618 (0.618)  Loss:  2.6669 (2.6669)  Acc@1: 45.7031 (45.7031)  Acc@5: 64.8438 (64.8438)
2025-08-29 08:48:11,611 -                train: [    INFO] - Test: [  39/39]  Time: 0.022 (0.477)  Loss:  1.8393 (2.2296)  Acc@1: 56.2500 (47.2900)  Acc@5: 81.2500 (74.6500)
2025-08-29 08:48:12,994 -                train: [    INFO] - Train: 54 [   0/391 (  0%)]  Loss: 15.54 (15.5)  Loss_gt: 2.198 (2.20)  Loss_kd: 2.469 (2.47)  Loss_ofa: 10.87 (10.9) LR: 5.000e-02
2025-08-29 08:49:15,929 -                train: [    INFO] - Train: 54 [ 200/391 ( 51%)]  Loss: 16.02 (15.6)  Loss_gt: 2.359 (2.24)  Loss_kd: 2.569 (2.52)  Loss_ofa: 11.09 (10.9) LR: 5.000e-02
2025-08-29 08:50:15,368 -                train: [    INFO] - Train: 54 [ 390/391 (100%)]  Loss: 15.97 (15.8)  Loss_gt: 2.388 (2.28)  Loss_kd: 2.575 (2.55)  Loss_ofa: 11.01 (10.9) LR: 5.000e-02
2025-08-29 08:50:16,007 -                train: [    INFO] - Test: [   0/39]  Time: 0.576 (0.576)  Loss:  1.9850 (1.9850)  Acc@1: 53.9062 (53.9062)  Acc@5: 76.9531 (76.9531)
2025-08-29 08:50:34,108 -                train: [    INFO] - Test: [  39/39]  Time: 0.022 (0.467)  Loss:  2.0284 (2.1589)  Acc@1: 50.0000 (49.3600)  Acc@5: 81.2500 (75.0200)
2025-08-29 08:50:34,414 - timm.utils.checkpoint_saver: [    INFO] - Current checkpoints:
 ('./output/train/20250829-064142-resnet18-224/checkpoint/checkpoint-50.pth.tar', 50.15)
 ('./output/train/20250829-064142-resnet18-224/checkpoint/checkpoint-51.pth.tar', 49.89)
 ('./output/train/20250829-064142-resnet18-224/checkpoint/checkpoint-46.pth.tar', 49.84)
 ('./output/train/20250829-064142-resnet18-224/checkpoint/checkpoint-40.pth.tar', 49.46)
 ('./output/train/20250829-064142-resnet18-224/checkpoint/checkpoint-54.pth.tar', 49.36)
 ('./output/train/20250829-064142-resnet18-224/checkpoint/checkpoint-45.pth.tar', 49.15)
 ('./output/train/20250829-064142-resnet18-224/checkpoint/checkpoint-37.pth.tar', 49.13)
 ('./output/train/20250829-064142-resnet18-224/checkpoint/checkpoint-39.pth.tar', 49.09)
 ('./output/train/20250829-064142-resnet18-224/checkpoint/checkpoint-42.pth.tar', 48.99)
 ('./output/train/20250829-064142-resnet18-224/checkpoint/checkpoint-49.pth.tar', 48.68)

2025-08-29 08:50:35,504 -                train: [    INFO] - Train: 55 [   0/391 (  0%)]  Loss: 15.75 (15.8)  Loss_gt: 2.238 (2.24)  Loss_kd: 2.550 (2.55)  Loss_ofa: 10.96 (11.0) LR: 5.000e-02
2025-08-29 08:51:37,561 -                train: [    INFO] - Train: 55 [ 200/391 ( 51%)]  Loss: 15.47 (15.6)  Loss_gt: 2.273 (2.23)  Loss_kd: 2.502 (2.52)  Loss_ofa: 10.70 (10.8) LR: 5.000e-02
2025-08-29 08:52:36,470 -                train: [    INFO] - Train: 55 [ 390/391 (100%)]  Loss: 15.93 (15.8)  Loss_gt: 2.224 (2.28)  Loss_kd: 2.604 (2.55)  Loss_ofa: 11.10 (10.9) LR: 5.000e-02
2025-08-29 08:52:37,152 -                train: [    INFO] - Test: [   0/39]  Time: 0.613 (0.613)  Loss:  1.3586 (1.3586)  Acc@1: 66.4062 (66.4062)  Acc@5: 88.2812 (88.2812)
2025-08-29 08:52:51,756 -                train: [    INFO] - Test: [  39/39]  Time: 0.022 (0.380)  Loss:  2.2260 (2.2558)  Acc@1: 43.7500 (47.6900)  Acc@5: 81.2500 (73.3300)
2025-08-29 08:52:53,088 -                train: [    INFO] - Train: 56 [   0/391 (  0%)]  Loss: 15.96 (16.0)  Loss_gt: 2.253 (2.25)  Loss_kd: 2.550 (2.55)  Loss_ofa: 11.15 (11.2) LR: 5.000e-02
2025-08-29 08:53:55,304 -                train: [    INFO] - Train: 56 [ 200/391 ( 51%)]  Loss: 15.74 (15.6)  Loss_gt: 2.261 (2.23)  Loss_kd: 2.579 (2.52)  Loss_ofa: 10.90 (10.8) LR: 5.000e-02
2025-08-29 08:54:54,090 -                train: [    INFO] - Train: 56 [ 390/391 (100%)]  Loss: 15.08 (15.8)  Loss_gt: 2.128 (2.28)  Loss_kd: 2.463 (2.55)  Loss_ofa: 10.49 (10.9) LR: 5.000e-02
2025-08-29 08:54:54,710 -                train: [    INFO] - Test: [   0/39]  Time: 0.564 (0.564)  Loss:  1.5780 (1.5780)  Acc@1: 62.8906 (62.8906)  Acc@5: 84.7656 (84.7656)
2025-08-29 08:55:10,512 -                train: [    INFO] - Test: [  39/39]  Time: 0.021 (0.409)  Loss:  3.6468 (2.0934)  Acc@1:  6.2500 (50.7400)  Acc@5: 50.0000 (76.7000)
2025-08-29 08:55:10,908 - timm.utils.checkpoint_saver: [    INFO] - Current checkpoints:
 ('./output/train/20250829-064142-resnet18-224/checkpoint/checkpoint-56.pth.tar', 50.74)
 ('./output/train/20250829-064142-resnet18-224/checkpoint/checkpoint-50.pth.tar', 50.15)
 ('./output/train/20250829-064142-resnet18-224/checkpoint/checkpoint-51.pth.tar', 49.89)
 ('./output/train/20250829-064142-resnet18-224/checkpoint/checkpoint-46.pth.tar', 49.84)
 ('./output/train/20250829-064142-resnet18-224/checkpoint/checkpoint-40.pth.tar', 49.46)
 ('./output/train/20250829-064142-resnet18-224/checkpoint/checkpoint-54.pth.tar', 49.36)
 ('./output/train/20250829-064142-resnet18-224/checkpoint/checkpoint-45.pth.tar', 49.15)
 ('./output/train/20250829-064142-resnet18-224/checkpoint/checkpoint-37.pth.tar', 49.13)
 ('./output/train/20250829-064142-resnet18-224/checkpoint/checkpoint-39.pth.tar', 49.09)
 ('./output/train/20250829-064142-resnet18-224/checkpoint/checkpoint-42.pth.tar', 48.99)

2025-08-29 08:55:11,949 -                train: [    INFO] - Train: 57 [   0/391 (  0%)]  Loss: 15.94 (15.9)  Loss_gt: 2.225 (2.23)  Loss_kd: 2.567 (2.57)  Loss_ofa: 11.15 (11.1) LR: 5.000e-02
2025-08-29 08:56:14,037 -                train: [    INFO] - Train: 57 [ 200/391 ( 51%)]  Loss: 16.83 (15.5)  Loss_gt: 2.472 (2.22)  Loss_kd: 2.702 (2.51)  Loss_ofa: 11.66 (10.8) LR: 5.000e-02
2025-08-29 08:57:12,904 -                train: [    INFO] - Train: 57 [ 390/391 (100%)]  Loss: 16.71 (15.7)  Loss_gt: 2.457 (2.27)  Loss_kd: 2.715 (2.54)  Loss_ofa: 11.54 (10.9) LR: 5.000e-02
2025-08-29 08:57:13,521 -                train: [    INFO] - Test: [   0/39]  Time: 0.560 (0.560)  Loss:  2.0435 (2.0435)  Acc@1: 54.6875 (54.6875)  Acc@5: 74.6094 (74.6094)
2025-08-29 08:57:28,914 -                train: [    INFO] - Test: [  39/39]  Time: 0.022 (0.399)  Loss:  2.9114 (2.1504)  Acc@1: 43.7500 (49.4900)  Acc@5: 81.2500 (75.7600)
2025-08-29 08:57:29,229 - timm.utils.checkpoint_saver: [    INFO] - Current checkpoints:
 ('./output/train/20250829-064142-resnet18-224/checkpoint/checkpoint-56.pth.tar', 50.74)
 ('./output/train/20250829-064142-resnet18-224/checkpoint/checkpoint-50.pth.tar', 50.15)
 ('./output/train/20250829-064142-resnet18-224/checkpoint/checkpoint-51.pth.tar', 49.89)
 ('./output/train/20250829-064142-resnet18-224/checkpoint/checkpoint-46.pth.tar', 49.84)
 ('./output/train/20250829-064142-resnet18-224/checkpoint/checkpoint-57.pth.tar', 49.49)
 ('./output/train/20250829-064142-resnet18-224/checkpoint/checkpoint-40.pth.tar', 49.46)
 ('./output/train/20250829-064142-resnet18-224/checkpoint/checkpoint-54.pth.tar', 49.36)
 ('./output/train/20250829-064142-resnet18-224/checkpoint/checkpoint-45.pth.tar', 49.15)
 ('./output/train/20250829-064142-resnet18-224/checkpoint/checkpoint-37.pth.tar', 49.13)
 ('./output/train/20250829-064142-resnet18-224/checkpoint/checkpoint-39.pth.tar', 49.09)

2025-08-29 08:57:30,314 -                train: [    INFO] - Train: 58 [   0/391 (  0%)]  Loss: 15.71 (15.7)  Loss_gt: 2.202 (2.20)  Loss_kd: 2.549 (2.55)  Loss_ofa: 10.96 (11.0) LR: 5.000e-02
2025-08-29 08:58:32,461 -                train: [    INFO] - Train: 58 [ 200/391 ( 51%)]  Loss: 15.56 (15.6)  Loss_gt: 2.237 (2.24)  Loss_kd: 2.493 (2.52)  Loss_ofa: 10.83 (10.9) LR: 5.000e-02
2025-08-29 08:59:31,363 -                train: [    INFO] - Train: 58 [ 390/391 (100%)]  Loss: 16.33 (15.7)  Loss_gt: 2.328 (2.27)  Loss_kd: 2.603 (2.55)  Loss_ofa: 11.40 (10.9) LR: 5.000e-02
2025-08-29 08:59:31,990 -                train: [    INFO] - Test: [   0/39]  Time: 0.575 (0.575)  Loss:  2.1855 (2.1855)  Acc@1: 47.2656 (47.2656)  Acc@5: 72.2656 (72.2656)
2025-08-29 08:59:48,374 -                train: [    INFO] - Test: [  39/39]  Time: 0.021 (0.424)  Loss:  2.1509 (2.1716)  Acc@1: 31.2500 (48.9000)  Acc@5: 87.5000 (75.1600)
2025-08-29 08:59:49,810 -                train: [    INFO] - Train: 59 [   0/391 (  0%)]  Loss: 14.69 (14.7)  Loss_gt: 2.081 (2.08)  Loss_kd: 2.393 (2.39)  Loss_ofa: 10.22 (10.2) LR: 5.000e-03
2025-08-29 09:00:51,885 -                train: [    INFO] - Train: 59 [ 200/391 ( 51%)]  Loss: 13.29 (14.1)  Loss_gt: 1.793 (1.92)  Loss_kd: 2.136 (2.27)  Loss_ofa: 9.357 (9.93) LR: 5.000e-03
2025-08-29 09:01:50,733 -                train: [    INFO] - Train: 59 [ 390/391 (100%)]  Loss: 13.82 (13.9)  Loss_gt: 1.856 (1.87)  Loss_kd: 2.218 (2.24)  Loss_ofa: 9.749 (9.81) LR: 5.000e-03
2025-08-29 09:01:51,358 -                train: [    INFO] - Test: [   0/39]  Time: 0.572 (0.572)  Loss:  1.2974 (1.2974)  Acc@1: 69.5312 (69.5312)  Acc@5: 88.2812 (88.2812)
2025-08-29 09:02:08,041 -                train: [    INFO] - Test: [  39/39]  Time: 0.022 (0.431)  Loss:  1.6349 (1.4818)  Acc@1: 68.7500 (65.0200)  Acc@5: 93.7500 (86.2900)
2025-08-29 09:02:08,394 - timm.utils.checkpoint_saver: [    INFO] - Current checkpoints:
 ('./output/train/20250829-064142-resnet18-224/checkpoint/checkpoint-59.pth.tar', 65.02)
 ('./output/train/20250829-064142-resnet18-224/checkpoint/checkpoint-56.pth.tar', 50.74)
 ('./output/train/20250829-064142-resnet18-224/checkpoint/checkpoint-50.pth.tar', 50.15)
 ('./output/train/20250829-064142-resnet18-224/checkpoint/checkpoint-51.pth.tar', 49.89)
 ('./output/train/20250829-064142-resnet18-224/checkpoint/checkpoint-46.pth.tar', 49.84)
 ('./output/train/20250829-064142-resnet18-224/checkpoint/checkpoint-57.pth.tar', 49.49)
 ('./output/train/20250829-064142-resnet18-224/checkpoint/checkpoint-40.pth.tar', 49.46)
 ('./output/train/20250829-064142-resnet18-224/checkpoint/checkpoint-54.pth.tar', 49.36)
 ('./output/train/20250829-064142-resnet18-224/checkpoint/checkpoint-45.pth.tar', 49.15)
 ('./output/train/20250829-064142-resnet18-224/checkpoint/checkpoint-37.pth.tar', 49.13)

2025-08-29 09:02:09,500 -                train: [    INFO] - Train: 60 [   0/391 (  0%)]  Loss: 13.67 (13.7)  Loss_gt: 1.766 (1.77)  Loss_kd: 2.209 (2.21)  Loss_ofa: 9.696 (9.70) LR: 5.000e-03
2025-08-29 09:03:11,631 -                train: [    INFO] - Train: 60 [ 200/391 ( 51%)]  Loss: 13.94 (13.3)  Loss_gt: 1.842 (1.74)  Loss_kd: 2.249 (2.14)  Loss_ofa: 9.852 (9.46) LR: 5.000e-03
2025-08-29 09:04:10,531 -                train: [    INFO] - Train: 60 [ 390/391 (100%)]  Loss: 13.45 (13.3)  Loss_gt: 1.813 (1.73)  Loss_kd: 2.134 (2.14)  Loss_ofa: 9.501 (9.46) LR: 5.000e-03
2025-08-29 09:04:11,150 -                train: [    INFO] - Test: [   0/39]  Time: 0.568 (0.568)  Loss:  1.2789 (1.2789)  Acc@1: 68.3594 (68.3594)  Acc@5: 87.8906 (87.8906)
2025-08-29 09:04:27,118 -                train: [    INFO] - Test: [  39/39]  Time: 0.021 (0.413)  Loss:  1.6211 (1.4342)  Acc@1: 62.5000 (66.1700)  Acc@5: 93.7500 (87.1100)
2025-08-29 09:04:27,509 - timm.utils.checkpoint_saver: [    INFO] - Current checkpoints:
 ('./output/train/20250829-064142-resnet18-224/checkpoint/checkpoint-60.pth.tar', 66.17)
 ('./output/train/20250829-064142-resnet18-224/checkpoint/checkpoint-59.pth.tar', 65.02)
 ('./output/train/20250829-064142-resnet18-224/checkpoint/checkpoint-56.pth.tar', 50.74)
 ('./output/train/20250829-064142-resnet18-224/checkpoint/checkpoint-50.pth.tar', 50.15)
 ('./output/train/20250829-064142-resnet18-224/checkpoint/checkpoint-51.pth.tar', 49.89)
 ('./output/train/20250829-064142-resnet18-224/checkpoint/checkpoint-46.pth.tar', 49.84)
 ('./output/train/20250829-064142-resnet18-224/checkpoint/checkpoint-57.pth.tar', 49.49)
 ('./output/train/20250829-064142-resnet18-224/checkpoint/checkpoint-40.pth.tar', 49.46)
 ('./output/train/20250829-064142-resnet18-224/checkpoint/checkpoint-54.pth.tar', 49.36)
 ('./output/train/20250829-064142-resnet18-224/checkpoint/checkpoint-45.pth.tar', 49.15)

2025-08-29 09:04:28,571 -                train: [    INFO] - Train: 61 [   0/391 (  0%)]  Loss: 12.86 (12.9)  Loss_gt: 1.549 (1.55)  Loss_kd: 2.083 (2.08)  Loss_ofa: 9.226 (9.23) LR: 5.000e-03
2025-08-29 09:05:30,662 -                train: [    INFO] - Train: 61 [ 200/391 ( 51%)]  Loss: 13.37 (13.1)  Loss_gt: 1.667 (1.67)  Loss_kd: 2.155 (2.10)  Loss_ofa: 9.552 (9.33) LR: 5.000e-03
2025-08-29 09:06:29,482 -                train: [    INFO] - Train: 61 [ 390/391 (100%)]  Loss: 13.20 (13.1)  Loss_gt: 1.668 (1.67)  Loss_kd: 2.128 (2.10)  Loss_ofa: 9.405 (9.34) LR: 5.000e-03
2025-08-29 09:06:30,102 -                train: [    INFO] - Test: [   0/39]  Time: 0.564 (0.564)  Loss:  1.2148 (1.2148)  Acc@1: 70.7031 (70.7031)  Acc@5: 90.2344 (90.2344)
2025-08-29 09:06:47,246 -                train: [    INFO] - Test: [  39/39]  Time: 0.022 (0.443)  Loss:  1.5213 (1.4285)  Acc@1: 68.7500 (66.5800)  Acc@5: 100.0000 (87.1900)
2025-08-29 09:06:47,568 - timm.utils.checkpoint_saver: [    INFO] - Current checkpoints:
 ('./output/train/20250829-064142-resnet18-224/checkpoint/checkpoint-61.pth.tar', 66.58)
 ('./output/train/20250829-064142-resnet18-224/checkpoint/checkpoint-60.pth.tar', 66.17)
 ('./output/train/20250829-064142-resnet18-224/checkpoint/checkpoint-59.pth.tar', 65.02)
 ('./output/train/20250829-064142-resnet18-224/checkpoint/checkpoint-56.pth.tar', 50.74)
 ('./output/train/20250829-064142-resnet18-224/checkpoint/checkpoint-50.pth.tar', 50.15)
 ('./output/train/20250829-064142-resnet18-224/checkpoint/checkpoint-51.pth.tar', 49.89)
 ('./output/train/20250829-064142-resnet18-224/checkpoint/checkpoint-46.pth.tar', 49.84)
 ('./output/train/20250829-064142-resnet18-224/checkpoint/checkpoint-57.pth.tar', 49.49)
 ('./output/train/20250829-064142-resnet18-224/checkpoint/checkpoint-40.pth.tar', 49.46)
 ('./output/train/20250829-064142-resnet18-224/checkpoint/checkpoint-54.pth.tar', 49.36)

2025-08-29 09:06:48,622 -                train: [    INFO] - Train: 62 [   0/391 (  0%)]  Loss: 12.92 (12.9)  Loss_gt: 1.663 (1.66)  Loss_kd: 2.082 (2.08)  Loss_ofa: 9.179 (9.18) LR: 5.000e-03
2025-08-29 09:07:50,679 -                train: [    INFO] - Train: 62 [ 200/391 ( 51%)]  Loss: 12.67 (12.9)  Loss_gt: 1.591 (1.62)  Loss_kd: 2.054 (2.07)  Loss_ofa: 9.025 (9.23) LR: 5.000e-03
2025-08-29 09:08:49,505 -                train: [    INFO] - Train: 62 [ 390/391 (100%)]  Loss: 13.60 (13.0)  Loss_gt: 1.705 (1.63)  Loss_kd: 2.170 (2.08)  Loss_ofa: 9.729 (9.25) LR: 5.000e-03
2025-08-29 09:08:50,170 -                train: [    INFO] - Test: [   0/39]  Time: 0.611 (0.611)  Loss:  1.1438 (1.1438)  Acc@1: 74.6094 (74.6094)  Acc@5: 90.6250 (90.6250)
2025-08-29 09:09:08,271 -                train: [    INFO] - Test: [  39/39]  Time: 0.022 (0.468)  Loss:  1.9101 (1.4094)  Acc@1: 68.7500 (67.2900)  Acc@5: 87.5000 (87.6700)
2025-08-29 09:09:08,633 - timm.utils.checkpoint_saver: [    INFO] - Current checkpoints:
 ('./output/train/20250829-064142-resnet18-224/checkpoint/checkpoint-62.pth.tar', 67.29)
 ('./output/train/20250829-064142-resnet18-224/checkpoint/checkpoint-61.pth.tar', 66.58)
 ('./output/train/20250829-064142-resnet18-224/checkpoint/checkpoint-60.pth.tar', 66.17)
 ('./output/train/20250829-064142-resnet18-224/checkpoint/checkpoint-59.pth.tar', 65.02)
 ('./output/train/20250829-064142-resnet18-224/checkpoint/checkpoint-56.pth.tar', 50.74)
 ('./output/train/20250829-064142-resnet18-224/checkpoint/checkpoint-50.pth.tar', 50.15)
 ('./output/train/20250829-064142-resnet18-224/checkpoint/checkpoint-51.pth.tar', 49.89)
 ('./output/train/20250829-064142-resnet18-224/checkpoint/checkpoint-46.pth.tar', 49.84)
 ('./output/train/20250829-064142-resnet18-224/checkpoint/checkpoint-57.pth.tar', 49.49)
 ('./output/train/20250829-064142-resnet18-224/checkpoint/checkpoint-40.pth.tar', 49.46)

2025-08-29 09:09:09,779 -                train: [    INFO] - Train: 63 [   0/391 (  0%)]  Loss: 12.61 (12.6)  Loss_gt: 1.565 (1.56)  Loss_kd: 2.034 (2.03)  Loss_ofa: 9.013 (9.01) LR: 5.000e-03
2025-08-29 09:10:11,850 -                train: [    INFO] - Train: 63 [ 200/391 ( 51%)]  Loss: 12.54 (12.8)  Loss_gt: 1.552 (1.59)  Loss_kd: 1.997 (2.06)  Loss_ofa: 8.987 (9.18) LR: 5.000e-03
2025-08-29 09:11:10,743 -                train: [    INFO] - Train: 63 [ 390/391 (100%)]  Loss: 13.21 (12.8)  Loss_gt: 1.704 (1.59)  Loss_kd: 2.137 (2.06)  Loss_ofa: 9.373 (9.18) LR: 5.000e-03
2025-08-29 09:11:11,379 -                train: [    INFO] - Test: [   0/39]  Time: 0.570 (0.570)  Loss:  1.1402 (1.1402)  Acc@1: 74.2188 (74.2188)  Acc@5: 92.5781 (92.5781)
2025-08-29 09:11:26,370 -                train: [    INFO] - Test: [  39/39]  Time: 0.022 (0.389)  Loss:  1.8590 (1.4044)  Acc@1: 62.5000 (67.0400)  Acc@5: 87.5000 (87.7300)
2025-08-29 09:11:26,681 - timm.utils.checkpoint_saver: [    INFO] - Current checkpoints:
 ('./output/train/20250829-064142-resnet18-224/checkpoint/checkpoint-62.pth.tar', 67.29)
 ('./output/train/20250829-064142-resnet18-224/checkpoint/checkpoint-63.pth.tar', 67.04)
 ('./output/train/20250829-064142-resnet18-224/checkpoint/checkpoint-61.pth.tar', 66.58)
 ('./output/train/20250829-064142-resnet18-224/checkpoint/checkpoint-60.pth.tar', 66.17)
 ('./output/train/20250829-064142-resnet18-224/checkpoint/checkpoint-59.pth.tar', 65.02)
 ('./output/train/20250829-064142-resnet18-224/checkpoint/checkpoint-56.pth.tar', 50.74)
 ('./output/train/20250829-064142-resnet18-224/checkpoint/checkpoint-50.pth.tar', 50.15)
 ('./output/train/20250829-064142-resnet18-224/checkpoint/checkpoint-51.pth.tar', 49.89)
 ('./output/train/20250829-064142-resnet18-224/checkpoint/checkpoint-46.pth.tar', 49.84)
 ('./output/train/20250829-064142-resnet18-224/checkpoint/checkpoint-57.pth.tar', 49.49)

2025-08-29 09:11:27,715 -                train: [    INFO] - Train: 64 [   0/391 (  0%)]  Loss: 12.71 (12.7)  Loss_gt: 1.578 (1.58)  Loss_kd: 2.046 (2.05)  Loss_ofa: 9.087 (9.09) LR: 5.000e-03
2025-08-29 09:12:29,884 -                train: [    INFO] - Train: 64 [ 200/391 ( 51%)]  Loss: 13.82 (12.7)  Loss_gt: 1.700 (1.54)  Loss_kd: 2.259 (2.04)  Loss_ofa: 9.861 (9.10) LR: 5.000e-03
2025-08-29 09:13:28,816 -                train: [    INFO] - Train: 64 [ 390/391 (100%)]  Loss: 13.71 (12.7)  Loss_gt: 1.700 (1.55)  Loss_kd: 2.159 (2.04)  Loss_ofa: 9.855 (9.13) LR: 5.000e-03
2025-08-29 09:13:29,435 -                train: [    INFO] - Test: [   0/39]  Time: 0.568 (0.568)  Loss:  1.1763 (1.1763)  Acc@1: 73.4375 (73.4375)  Acc@5: 90.6250 (90.6250)
2025-08-29 09:13:44,748 -                train: [    INFO] - Test: [  39/39]  Time: 0.021 (0.397)  Loss:  1.6921 (1.4094)  Acc@1: 68.7500 (67.5200)  Acc@5: 100.0000 (87.6200)
2025-08-29 09:13:45,099 - timm.utils.checkpoint_saver: [    INFO] - Current checkpoints:
 ('./output/train/20250829-064142-resnet18-224/checkpoint/checkpoint-64.pth.tar', 67.52)
 ('./output/train/20250829-064142-resnet18-224/checkpoint/checkpoint-62.pth.tar', 67.29)
 ('./output/train/20250829-064142-resnet18-224/checkpoint/checkpoint-63.pth.tar', 67.04)
 ('./output/train/20250829-064142-resnet18-224/checkpoint/checkpoint-61.pth.tar', 66.58)
 ('./output/train/20250829-064142-resnet18-224/checkpoint/checkpoint-60.pth.tar', 66.17)
 ('./output/train/20250829-064142-resnet18-224/checkpoint/checkpoint-59.pth.tar', 65.02)
 ('./output/train/20250829-064142-resnet18-224/checkpoint/checkpoint-56.pth.tar', 50.74)
 ('./output/train/20250829-064142-resnet18-224/checkpoint/checkpoint-50.pth.tar', 50.15)
 ('./output/train/20250829-064142-resnet18-224/checkpoint/checkpoint-51.pth.tar', 49.89)
 ('./output/train/20250829-064142-resnet18-224/checkpoint/checkpoint-46.pth.tar', 49.84)

2025-08-29 09:13:46,123 -                train: [    INFO] - Train: 65 [   0/391 (  0%)]  Loss: 12.62 (12.6)  Loss_gt: 1.522 (1.52)  Loss_kd: 2.045 (2.05)  Loss_ofa: 9.055 (9.06) LR: 5.000e-03
2025-08-29 09:14:48,077 -                train: [    INFO] - Train: 65 [ 200/391 ( 51%)]  Loss: 12.50 (12.6)  Loss_gt: 1.457 (1.51)  Loss_kd: 2.001 (2.02)  Loss_ofa: 9.038 (9.05) LR: 5.000e-03
2025-08-29 09:15:46,766 -                train: [    INFO] - Train: 65 [ 390/391 (100%)]  Loss: 13.36 (12.6)  Loss_gt: 1.615 (1.53)  Loss_kd: 2.136 (2.03)  Loss_ofa: 9.605 (9.09) LR: 5.000e-03
2025-08-29 09:15:47,388 -                train: [    INFO] - Test: [   0/39]  Time: 0.565 (0.565)  Loss:  1.1258 (1.1258)  Acc@1: 75.0000 (75.0000)  Acc@5: 91.7969 (91.7969)
2025-08-29 09:16:05,343 -                train: [    INFO] - Test: [  39/39]  Time: 0.022 (0.463)  Loss:  1.6013 (1.4024)  Acc@1: 68.7500 (67.6200)  Acc@5: 100.0000 (87.6300)
2025-08-29 09:16:05,725 - timm.utils.checkpoint_saver: [    INFO] - Current checkpoints:
 ('./output/train/20250829-064142-resnet18-224/checkpoint/checkpoint-65.pth.tar', 67.62)
 ('./output/train/20250829-064142-resnet18-224/checkpoint/checkpoint-64.pth.tar', 67.52)
 ('./output/train/20250829-064142-resnet18-224/checkpoint/checkpoint-62.pth.tar', 67.29)
 ('./output/train/20250829-064142-resnet18-224/checkpoint/checkpoint-63.pth.tar', 67.04)
 ('./output/train/20250829-064142-resnet18-224/checkpoint/checkpoint-61.pth.tar', 66.58)
 ('./output/train/20250829-064142-resnet18-224/checkpoint/checkpoint-60.pth.tar', 66.17)
 ('./output/train/20250829-064142-resnet18-224/checkpoint/checkpoint-59.pth.tar', 65.02)
 ('./output/train/20250829-064142-resnet18-224/checkpoint/checkpoint-56.pth.tar', 50.74)
 ('./output/train/20250829-064142-resnet18-224/checkpoint/checkpoint-50.pth.tar', 50.15)
 ('./output/train/20250829-064142-resnet18-224/checkpoint/checkpoint-51.pth.tar', 49.89)

2025-08-29 09:16:06,741 -                train: [    INFO] - Train: 66 [   0/391 (  0%)]  Loss: 12.63 (12.6)  Loss_gt: 1.540 (1.54)  Loss_kd: 2.051 (2.05)  Loss_ofa: 9.037 (9.04) LR: 5.000e-03
2025-08-29 09:17:08,721 -                train: [    INFO] - Train: 66 [ 200/391 ( 51%)]  Loss: 13.25 (12.5)  Loss_gt: 1.564 (1.49)  Loss_kd: 2.147 (2.02)  Loss_ofa: 9.541 (9.04) LR: 5.000e-03
2025-08-29 09:18:07,476 -                train: [    INFO] - Train: 66 [ 390/391 (100%)]  Loss: 12.57 (12.6)  Loss_gt: 1.524 (1.50)  Loss_kd: 1.979 (2.02)  Loss_ofa: 9.064 (9.05) LR: 5.000e-03
2025-08-29 09:18:08,110 -                train: [    INFO] - Test: [   0/39]  Time: 0.580 (0.580)  Loss:  1.1921 (1.1921)  Acc@1: 73.4375 (73.4375)  Acc@5: 91.7969 (91.7969)
2025-08-29 09:18:24,114 -                train: [    INFO] - Test: [  39/39]  Time: 0.022 (0.415)  Loss:  1.8035 (1.4069)  Acc@1: 62.5000 (67.6100)  Acc@5: 100.0000 (87.9600)
2025-08-29 09:18:24,475 - timm.utils.checkpoint_saver: [    INFO] - Current checkpoints:
 ('./output/train/20250829-064142-resnet18-224/checkpoint/checkpoint-65.pth.tar', 67.62)
 ('./output/train/20250829-064142-resnet18-224/checkpoint/checkpoint-66.pth.tar', 67.61)
 ('./output/train/20250829-064142-resnet18-224/checkpoint/checkpoint-64.pth.tar', 67.52)
 ('./output/train/20250829-064142-resnet18-224/checkpoint/checkpoint-62.pth.tar', 67.29)
 ('./output/train/20250829-064142-resnet18-224/checkpoint/checkpoint-63.pth.tar', 67.04)
 ('./output/train/20250829-064142-resnet18-224/checkpoint/checkpoint-61.pth.tar', 66.58)
 ('./output/train/20250829-064142-resnet18-224/checkpoint/checkpoint-60.pth.tar', 66.17)
 ('./output/train/20250829-064142-resnet18-224/checkpoint/checkpoint-59.pth.tar', 65.02)
 ('./output/train/20250829-064142-resnet18-224/checkpoint/checkpoint-56.pth.tar', 50.74)
 ('./output/train/20250829-064142-resnet18-224/checkpoint/checkpoint-50.pth.tar', 50.15)

2025-08-29 09:18:25,536 -                train: [    INFO] - Train: 67 [   0/391 (  0%)]  Loss: 12.78 (12.8)  Loss_gt: 1.462 (1.46)  Loss_kd: 2.091 (2.09)  Loss_ofa: 9.222 (9.22) LR: 5.000e-03
2025-08-29 09:19:27,470 -                train: [    INFO] - Train: 67 [ 200/391 ( 51%)]  Loss: 12.51 (12.5)  Loss_gt: 1.426 (1.46)  Loss_kd: 2.008 (2.01)  Loss_ofa: 9.077 (9.02) LR: 5.000e-03
2025-08-29 09:20:26,241 -                train: [    INFO] - Train: 67 [ 390/391 (100%)]  Loss: 13.30 (12.5)  Loss_gt: 1.584 (1.47)  Loss_kd: 2.132 (2.01)  Loss_ofa: 9.584 (9.02) LR: 5.000e-03
2025-08-29 09:20:26,878 -                train: [    INFO] - Test: [   0/39]  Time: 0.581 (0.581)  Loss:  1.2180 (1.2180)  Acc@1: 73.8281 (73.8281)  Acc@5: 89.0625 (89.0625)
2025-08-29 09:20:44,620 -                train: [    INFO] - Test: [  39/39]  Time: 0.021 (0.458)  Loss:  1.7836 (1.4121)  Acc@1: 62.5000 (67.2500)  Acc@5: 87.5000 (87.5100)
2025-08-29 09:20:44,966 - timm.utils.checkpoint_saver: [    INFO] - Current checkpoints:
 ('./output/train/20250829-064142-resnet18-224/checkpoint/checkpoint-65.pth.tar', 67.62)
 ('./output/train/20250829-064142-resnet18-224/checkpoint/checkpoint-66.pth.tar', 67.61)
 ('./output/train/20250829-064142-resnet18-224/checkpoint/checkpoint-64.pth.tar', 67.52)
 ('./output/train/20250829-064142-resnet18-224/checkpoint/checkpoint-62.pth.tar', 67.29)
 ('./output/train/20250829-064142-resnet18-224/checkpoint/checkpoint-67.pth.tar', 67.25)
 ('./output/train/20250829-064142-resnet18-224/checkpoint/checkpoint-63.pth.tar', 67.04)
 ('./output/train/20250829-064142-resnet18-224/checkpoint/checkpoint-61.pth.tar', 66.58)
 ('./output/train/20250829-064142-resnet18-224/checkpoint/checkpoint-60.pth.tar', 66.17)
 ('./output/train/20250829-064142-resnet18-224/checkpoint/checkpoint-59.pth.tar', 65.02)
 ('./output/train/20250829-064142-resnet18-224/checkpoint/checkpoint-56.pth.tar', 50.74)

2025-08-29 09:20:45,992 -                train: [    INFO] - Train: 68 [   0/391 (  0%)]  Loss: 11.99 (12.0)  Loss_gt: 1.410 (1.41)  Loss_kd: 1.899 (1.90)  Loss_ofa: 8.679 (8.68) LR: 5.000e-03
2025-08-29 09:21:48,201 -                train: [    INFO] - Train: 68 [ 200/391 ( 51%)]  Loss: 12.79 (12.4)  Loss_gt: 1.488 (1.44)  Loss_kd: 2.044 (2.00)  Loss_ofa: 9.254 (8.98) LR: 5.000e-03
2025-08-29 09:22:47,188 -                train: [    INFO] - Train: 68 [ 390/391 (100%)]  Loss: 12.33 (12.4)  Loss_gt: 1.398 (1.45)  Loss_kd: 1.944 (2.00)  Loss_ofa: 8.988 (8.99) LR: 5.000e-03
2025-08-29 09:22:47,820 -                train: [    INFO] - Test: [   0/39]  Time: 0.581 (0.581)  Loss:  1.2611 (1.2611)  Acc@1: 72.6562 (72.6562)  Acc@5: 90.2344 (90.2344)
2025-08-29 09:23:05,568 -                train: [    INFO] - Test: [  39/39]  Time: 0.022 (0.458)  Loss:  2.1628 (1.4293)  Acc@1: 56.2500 (67.4000)  Acc@5: 87.5000 (87.5100)
2025-08-29 09:23:05,903 - timm.utils.checkpoint_saver: [    INFO] - Current checkpoints:
 ('./output/train/20250829-064142-resnet18-224/checkpoint/checkpoint-65.pth.tar', 67.62)
 ('./output/train/20250829-064142-resnet18-224/checkpoint/checkpoint-66.pth.tar', 67.61)
 ('./output/train/20250829-064142-resnet18-224/checkpoint/checkpoint-64.pth.tar', 67.52)
 ('./output/train/20250829-064142-resnet18-224/checkpoint/checkpoint-68.pth.tar', 67.4)
 ('./output/train/20250829-064142-resnet18-224/checkpoint/checkpoint-62.pth.tar', 67.29)
 ('./output/train/20250829-064142-resnet18-224/checkpoint/checkpoint-67.pth.tar', 67.25)
 ('./output/train/20250829-064142-resnet18-224/checkpoint/checkpoint-63.pth.tar', 67.04)
 ('./output/train/20250829-064142-resnet18-224/checkpoint/checkpoint-61.pth.tar', 66.58)
 ('./output/train/20250829-064142-resnet18-224/checkpoint/checkpoint-60.pth.tar', 66.17)
 ('./output/train/20250829-064142-resnet18-224/checkpoint/checkpoint-59.pth.tar', 65.02)

2025-08-29 09:23:06,915 -                train: [    INFO] - Train: 69 [   0/391 (  0%)]  Loss: 12.19 (12.2)  Loss_gt: 1.419 (1.42)  Loss_kd: 1.975 (1.97)  Loss_ofa: 8.797 (8.80) LR: 5.000e-03
2025-08-29 09:24:08,998 -                train: [    INFO] - Train: 69 [ 200/391 ( 51%)]  Loss: 12.62 (12.4)  Loss_gt: 1.496 (1.42)  Loss_kd: 2.029 (2.00)  Loss_ofa: 9.096 (8.96) LR: 5.000e-03
2025-08-29 09:25:07,787 -                train: [    INFO] - Train: 69 [ 390/391 (100%)]  Loss: 13.39 (12.4)  Loss_gt: 1.594 (1.43)  Loss_kd: 2.165 (2.00)  Loss_ofa: 9.634 (8.98) LR: 5.000e-03
2025-08-29 09:25:08,432 -                train: [    INFO] - Test: [   0/39]  Time: 0.577 (0.577)  Loss:  1.1688 (1.1688)  Acc@1: 74.6094 (74.6094)  Acc@5: 91.4062 (91.4062)
2025-08-29 09:25:24,269 -                train: [    INFO] - Test: [  39/39]  Time: 0.022 (0.410)  Loss:  1.6093 (1.4348)  Acc@1: 62.5000 (67.3100)  Acc@5: 93.7500 (87.4500)
2025-08-29 09:25:24,604 - timm.utils.checkpoint_saver: [    INFO] - Current checkpoints:
 ('./output/train/20250829-064142-resnet18-224/checkpoint/checkpoint-65.pth.tar', 67.62)
 ('./output/train/20250829-064142-resnet18-224/checkpoint/checkpoint-66.pth.tar', 67.61)
 ('./output/train/20250829-064142-resnet18-224/checkpoint/checkpoint-64.pth.tar', 67.52)
 ('./output/train/20250829-064142-resnet18-224/checkpoint/checkpoint-68.pth.tar', 67.4)
 ('./output/train/20250829-064142-resnet18-224/checkpoint/checkpoint-69.pth.tar', 67.31)
 ('./output/train/20250829-064142-resnet18-224/checkpoint/checkpoint-62.pth.tar', 67.29)
 ('./output/train/20250829-064142-resnet18-224/checkpoint/checkpoint-67.pth.tar', 67.25)
 ('./output/train/20250829-064142-resnet18-224/checkpoint/checkpoint-63.pth.tar', 67.04)
 ('./output/train/20250829-064142-resnet18-224/checkpoint/checkpoint-61.pth.tar', 66.58)
 ('./output/train/20250829-064142-resnet18-224/checkpoint/checkpoint-60.pth.tar', 66.17)

2025-08-29 09:25:25,635 -                train: [    INFO] - Train: 70 [   0/391 (  0%)]  Loss: 12.99 (13.0)  Loss_gt: 1.424 (1.42)  Loss_kd: 2.128 (2.13)  Loss_ofa: 9.438 (9.44) LR: 5.000e-03
2025-08-29 09:26:27,664 -                train: [    INFO] - Train: 70 [ 200/391 ( 51%)]  Loss: 12.68 (12.3)  Loss_gt: 1.424 (1.40)  Loss_kd: 2.045 (1.98)  Loss_ofa: 9.215 (8.91) LR: 5.000e-03
2025-08-29 09:27:26,468 -                train: [    INFO] - Train: 70 [ 390/391 (100%)]  Loss: 14.22 (12.4)  Loss_gt: 1.566 (1.41)  Loss_kd: 2.305 (1.99)  Loss_ofa: 10.35 (8.95) LR: 5.000e-03
2025-08-29 09:27:27,096 -                train: [    INFO] - Test: [   0/39]  Time: 0.573 (0.573)  Loss:  1.1921 (1.1921)  Acc@1: 73.0469 (73.0469)  Acc@5: 90.6250 (90.6250)
2025-08-29 09:27:44,696 -                train: [    INFO] - Test: [  39/39]  Time: 0.021 (0.454)  Loss:  1.7241 (1.4309)  Acc@1: 68.7500 (67.0200)  Acc@5: 100.0000 (87.6200)
2025-08-29 09:27:45,046 - timm.utils.checkpoint_saver: [    INFO] - Current checkpoints:
 ('./output/train/20250829-064142-resnet18-224/checkpoint/checkpoint-65.pth.tar', 67.62)
 ('./output/train/20250829-064142-resnet18-224/checkpoint/checkpoint-66.pth.tar', 67.61)
 ('./output/train/20250829-064142-resnet18-224/checkpoint/checkpoint-64.pth.tar', 67.52)
 ('./output/train/20250829-064142-resnet18-224/checkpoint/checkpoint-68.pth.tar', 67.4)
 ('./output/train/20250829-064142-resnet18-224/checkpoint/checkpoint-69.pth.tar', 67.31)
 ('./output/train/20250829-064142-resnet18-224/checkpoint/checkpoint-62.pth.tar', 67.29)
 ('./output/train/20250829-064142-resnet18-224/checkpoint/checkpoint-67.pth.tar', 67.25)
 ('./output/train/20250829-064142-resnet18-224/checkpoint/checkpoint-63.pth.tar', 67.04)
 ('./output/train/20250829-064142-resnet18-224/checkpoint/checkpoint-70.pth.tar', 67.02)
 ('./output/train/20250829-064142-resnet18-224/checkpoint/checkpoint-61.pth.tar', 66.58)

2025-08-29 09:27:46,081 -                train: [    INFO] - Train: 71 [   0/391 (  0%)]  Loss: 12.97 (13.0)  Loss_gt: 1.403 (1.40)  Loss_kd: 2.109 (2.11)  Loss_ofa: 9.460 (9.46) LR: 5.000e-03
2025-08-29 09:28:48,242 -                train: [    INFO] - Train: 71 [ 200/391 ( 51%)]  Loss: 11.86 (12.3)  Loss_gt: 1.376 (1.39)  Loss_kd: 1.901 (1.99)  Loss_ofa: 8.582 (8.91) LR: 5.000e-03
2025-08-29 09:29:47,117 -                train: [    INFO] - Train: 71 [ 390/391 (100%)]  Loss: 12.64 (12.3)  Loss_gt: 1.398 (1.40)  Loss_kd: 2.074 (1.99)  Loss_ofa: 9.172 (8.94) LR: 5.000e-03
2025-08-29 09:29:47,742 -                train: [    INFO] - Test: [   0/39]  Time: 0.571 (0.571)  Loss:  1.1707 (1.1707)  Acc@1: 74.2188 (74.2188)  Acc@5: 91.4062 (91.4062)
2025-08-29 09:30:03,202 -                train: [    INFO] - Test: [  39/39]  Time: 0.022 (0.401)  Loss:  1.6227 (1.4418)  Acc@1: 75.0000 (66.7000)  Acc@5: 93.7500 (87.2300)
2025-08-29 09:30:03,539 - timm.utils.checkpoint_saver: [    INFO] - Current checkpoints:
 ('./output/train/20250829-064142-resnet18-224/checkpoint/checkpoint-65.pth.tar', 67.62)
 ('./output/train/20250829-064142-resnet18-224/checkpoint/checkpoint-66.pth.tar', 67.61)
 ('./output/train/20250829-064142-resnet18-224/checkpoint/checkpoint-64.pth.tar', 67.52)
 ('./output/train/20250829-064142-resnet18-224/checkpoint/checkpoint-68.pth.tar', 67.4)
 ('./output/train/20250829-064142-resnet18-224/checkpoint/checkpoint-69.pth.tar', 67.31)
 ('./output/train/20250829-064142-resnet18-224/checkpoint/checkpoint-62.pth.tar', 67.29)
 ('./output/train/20250829-064142-resnet18-224/checkpoint/checkpoint-67.pth.tar', 67.25)
 ('./output/train/20250829-064142-resnet18-224/checkpoint/checkpoint-63.pth.tar', 67.04)
 ('./output/train/20250829-064142-resnet18-224/checkpoint/checkpoint-70.pth.tar', 67.02)
 ('./output/train/20250829-064142-resnet18-224/checkpoint/checkpoint-71.pth.tar', 66.7)

2025-08-29 09:30:04,565 -                train: [    INFO] - Train: 72 [   0/391 (  0%)]  Loss: 12.47 (12.5)  Loss_gt: 1.348 (1.35)  Loss_kd: 1.992 (1.99)  Loss_ofa: 9.130 (9.13) LR: 5.000e-03
2025-08-29 09:31:06,726 -                train: [    INFO] - Train: 72 [ 200/391 ( 51%)]  Loss: 12.11 (12.3)  Loss_gt: 1.333 (1.37)  Loss_kd: 1.938 (1.99)  Loss_ofa: 8.838 (8.92) LR: 5.000e-03
2025-08-29 09:32:05,582 -                train: [    INFO] - Train: 72 [ 390/391 (100%)]  Loss: 12.30 (12.3)  Loss_gt: 1.428 (1.39)  Loss_kd: 1.993 (1.99)  Loss_ofa: 8.884 (8.93) LR: 5.000e-03
2025-08-29 09:32:06,226 -                train: [    INFO] - Test: [   0/39]  Time: 0.588 (0.588)  Loss:  1.2604 (1.2604)  Acc@1: 69.9219 (69.9219)  Acc@5: 89.8438 (89.8438)
2025-08-29 09:32:23,912 -                train: [    INFO] - Test: [  39/39]  Time: 0.022 (0.457)  Loss:  1.6676 (1.4394)  Acc@1: 62.5000 (66.7600)  Acc@5: 87.5000 (87.2100)
2025-08-29 09:32:24,386 - timm.utils.checkpoint_saver: [    INFO] - Current checkpoints:
 ('./output/train/20250829-064142-resnet18-224/checkpoint/checkpoint-65.pth.tar', 67.62)
 ('./output/train/20250829-064142-resnet18-224/checkpoint/checkpoint-66.pth.tar', 67.61)
 ('./output/train/20250829-064142-resnet18-224/checkpoint/checkpoint-64.pth.tar', 67.52)
 ('./output/train/20250829-064142-resnet18-224/checkpoint/checkpoint-68.pth.tar', 67.4)
 ('./output/train/20250829-064142-resnet18-224/checkpoint/checkpoint-69.pth.tar', 67.31)
 ('./output/train/20250829-064142-resnet18-224/checkpoint/checkpoint-62.pth.tar', 67.29)
 ('./output/train/20250829-064142-resnet18-224/checkpoint/checkpoint-67.pth.tar', 67.25)
 ('./output/train/20250829-064142-resnet18-224/checkpoint/checkpoint-63.pth.tar', 67.04)
 ('./output/train/20250829-064142-resnet18-224/checkpoint/checkpoint-70.pth.tar', 67.02)
 ('./output/train/20250829-064142-resnet18-224/checkpoint/checkpoint-72.pth.tar', 66.76)

2025-08-29 09:32:25,443 -                train: [    INFO] - Train: 73 [   0/391 (  0%)]  Loss: 12.20 (12.2)  Loss_gt: 1.363 (1.36)  Loss_kd: 1.956 (1.96)  Loss_ofa: 8.886 (8.89) LR: 5.000e-03
2025-08-29 09:33:27,499 -                train: [    INFO] - Train: 73 [ 200/391 ( 51%)]  Loss: 11.96 (12.2)  Loss_gt: 1.384 (1.36)  Loss_kd: 1.909 (1.98)  Loss_ofa: 8.663 (8.88) LR: 5.000e-03
2025-08-29 09:34:26,348 -                train: [    INFO] - Train: 73 [ 390/391 (100%)]  Loss: 11.86 (12.3)  Loss_gt: 1.319 (1.38)  Loss_kd: 1.954 (1.98)  Loss_ofa: 8.584 (8.92) LR: 5.000e-03
2025-08-29 09:34:26,987 -                train: [    INFO] - Test: [   0/39]  Time: 0.585 (0.585)  Loss:  1.1749 (1.1749)  Acc@1: 75.0000 (75.0000)  Acc@5: 90.6250 (90.6250)
2025-08-29 09:34:44,984 -                train: [    INFO] - Test: [  39/39]  Time: 0.022 (0.465)  Loss:  1.8207 (1.4464)  Acc@1: 56.2500 (66.9700)  Acc@5: 100.0000 (87.4200)
2025-08-29 09:34:45,540 - timm.utils.checkpoint_saver: [    INFO] - Current checkpoints:
 ('./output/train/20250829-064142-resnet18-224/checkpoint/checkpoint-65.pth.tar', 67.62)
 ('./output/train/20250829-064142-resnet18-224/checkpoint/checkpoint-66.pth.tar', 67.61)
 ('./output/train/20250829-064142-resnet18-224/checkpoint/checkpoint-64.pth.tar', 67.52)
 ('./output/train/20250829-064142-resnet18-224/checkpoint/checkpoint-68.pth.tar', 67.4)
 ('./output/train/20250829-064142-resnet18-224/checkpoint/checkpoint-69.pth.tar', 67.31)
 ('./output/train/20250829-064142-resnet18-224/checkpoint/checkpoint-62.pth.tar', 67.29)
 ('./output/train/20250829-064142-resnet18-224/checkpoint/checkpoint-67.pth.tar', 67.25)
 ('./output/train/20250829-064142-resnet18-224/checkpoint/checkpoint-63.pth.tar', 67.04)
 ('./output/train/20250829-064142-resnet18-224/checkpoint/checkpoint-70.pth.tar', 67.02)
 ('./output/train/20250829-064142-resnet18-224/checkpoint/checkpoint-73.pth.tar', 66.97)

2025-08-29 09:34:46,590 -                train: [    INFO] - Train: 74 [   0/391 (  0%)]  Loss: 12.33 (12.3)  Loss_gt: 1.380 (1.38)  Loss_kd: 2.009 (2.01)  Loss_ofa: 8.945 (8.95) LR: 5.000e-03
2025-08-29 09:35:48,662 -                train: [    INFO] - Train: 74 [ 200/391 ( 51%)]  Loss: 12.16 (12.2)  Loss_gt: 1.352 (1.36)  Loss_kd: 1.944 (1.98)  Loss_ofa: 8.866 (8.89) LR: 5.000e-03
2025-08-29 09:36:47,499 -                train: [    INFO] - Train: 74 [ 390/391 (100%)]  Loss: 12.18 (12.3)  Loss_gt: 1.402 (1.37)  Loss_kd: 1.940 (1.98)  Loss_ofa: 8.834 (8.92) LR: 5.000e-03
2025-08-29 09:36:48,138 -                train: [    INFO] - Test: [   0/39]  Time: 0.586 (0.586)  Loss:  1.2297 (1.2297)  Acc@1: 73.4375 (73.4375)  Acc@5: 91.0156 (91.0156)
2025-08-29 09:37:05,194 -                train: [    INFO] - Test: [  39/39]  Time: 0.022 (0.441)  Loss:  1.7110 (1.4525)  Acc@1: 68.7500 (66.5500)  Acc@5: 87.5000 (87.3200)
2025-08-29 09:37:06,649 -                train: [    INFO] - Train: 75 [   0/391 (  0%)]  Loss: 12.39 (12.4)  Loss_gt: 1.317 (1.32)  Loss_kd: 2.034 (2.03)  Loss_ofa: 9.044 (9.04) LR: 5.000e-03
2025-08-29 09:38:08,741 -                train: [    INFO] - Train: 75 [ 200/391 ( 51%)]  Loss: 12.25 (12.2)  Loss_gt: 1.320 (1.35)  Loss_kd: 1.968 (1.98)  Loss_ofa: 8.963 (8.86) LR: 5.000e-03
2025-08-29 09:39:07,617 -                train: [    INFO] - Train: 75 [ 390/391 (100%)]  Loss: 13.62 (12.3)  Loss_gt: 1.513 (1.37)  Loss_kd: 2.208 (1.98)  Loss_ofa: 9.904 (8.91) LR: 5.000e-03
2025-08-29 09:39:08,268 -                train: [    INFO] - Test: [   0/39]  Time: 0.597 (0.597)  Loss:  1.2071 (1.2071)  Acc@1: 75.0000 (75.0000)  Acc@5: 92.5781 (92.5781)
2025-08-29 09:39:27,919 -                train: [    INFO] - Test: [  39/39]  Time: 0.022 (0.506)  Loss:  1.8169 (1.4655)  Acc@1: 62.5000 (66.5900)  Acc@5: 87.5000 (87.3000)
2025-08-29 09:39:29,274 -                train: [    INFO] - Train: 76 [   0/391 (  0%)]  Loss: 11.76 (11.8)  Loss_gt: 1.276 (1.28)  Loss_kd: 1.921 (1.92)  Loss_ofa: 8.563 (8.56) LR: 5.000e-03
2025-08-29 09:40:31,234 -                train: [    INFO] - Train: 76 [ 200/391 ( 51%)]  Loss: 12.91 (12.2)  Loss_gt: 1.398 (1.35)  Loss_kd: 2.096 (1.99)  Loss_ofa: 9.421 (8.89) LR: 5.000e-03
2025-08-29 09:41:30,007 -                train: [    INFO] - Train: 76 [ 390/391 (100%)]  Loss: 12.26 (12.3)  Loss_gt: 1.346 (1.36)  Loss_kd: 1.936 (1.98)  Loss_ofa: 8.981 (8.91) LR: 5.000e-03
2025-08-29 09:41:30,643 -                train: [    INFO] - Test: [   0/39]  Time: 0.575 (0.575)  Loss:  1.3351 (1.3351)  Acc@1: 72.2656 (72.2656)  Acc@5: 88.6719 (88.6719)
2025-08-29 09:41:50,577 -                train: [    INFO] - Test: [  39/39]  Time: 0.434 (0.513)  Loss:  1.9100 (1.4793)  Acc@1: 56.2500 (66.3100)  Acc@5: 100.0000 (86.9400)
2025-08-29 09:41:52,262 -                train: [    INFO] - Train: 77 [   0/391 (  0%)]  Loss: 12.72 (12.7)  Loss_gt: 1.411 (1.41)  Loss_kd: 2.090 (2.09)  Loss_ofa: 9.215 (9.22) LR: 5.000e-03
2025-08-29 09:42:54,360 -                train: [    INFO] - Train: 77 [ 200/391 ( 51%)]  Loss: 12.50 (12.2)  Loss_gt: 1.362 (1.34)  Loss_kd: 2.050 (1.98)  Loss_ofa: 9.090 (8.86) LR: 5.000e-03
2025-08-29 09:43:53,202 -                train: [    INFO] - Train: 77 [ 390/391 (100%)]  Loss: 12.43 (12.3)  Loss_gt: 1.338 (1.36)  Loss_kd: 1.953 (1.99)  Loss_ofa: 9.140 (8.91) LR: 5.000e-03
2025-08-29 09:43:53,818 -                train: [    INFO] - Test: [   0/39]  Time: 0.569 (0.569)  Loss:  1.1786 (1.1786)  Acc@1: 72.2656 (72.2656)  Acc@5: 89.8438 (89.8438)
2025-08-29 09:44:12,571 -                train: [    INFO] - Test: [  39/39]  Time: 0.022 (0.483)  Loss:  1.4445 (1.4843)  Acc@1: 75.0000 (66.2100)  Acc@5: 100.0000 (86.7000)
2025-08-29 09:44:13,992 -                train: [    INFO] - Train: 78 [   0/391 (  0%)]  Loss: 11.81 (11.8)  Loss_gt: 1.324 (1.32)  Loss_kd: 1.929 (1.93)  Loss_ofa: 8.557 (8.56) LR: 5.000e-03
2025-08-29 09:45:15,919 -                train: [    INFO] - Train: 78 [ 200/391 ( 51%)]  Loss: 12.50 (12.2)  Loss_gt: 1.329 (1.34)  Loss_kd: 2.030 (1.98)  Loss_ofa: 9.145 (8.87) LR: 5.000e-03
2025-08-29 09:46:14,716 -                train: [    INFO] - Train: 78 [ 390/391 (100%)]  Loss: 13.74 (12.2)  Loss_gt: 1.579 (1.36)  Loss_kd: 2.227 (1.98)  Loss_ofa: 9.936 (8.90) LR: 5.000e-03
2025-08-29 09:46:15,359 -                train: [    INFO] - Test: [   0/39]  Time: 0.588 (0.588)  Loss:  1.2444 (1.2444)  Acc@1: 72.2656 (72.2656)  Acc@5: 90.6250 (90.6250)
2025-08-29 09:46:33,084 -                train: [    INFO] - Test: [  39/39]  Time: 0.022 (0.458)  Loss:  1.7777 (1.4761)  Acc@1: 68.7500 (66.4800)  Acc@5: 81.2500 (87.0300)
2025-08-29 09:46:34,456 -                train: [    INFO] - Train: 79 [   0/391 (  0%)]  Loss: 11.95 (12.0)  Loss_gt: 1.259 (1.26)  Loss_kd: 1.932 (1.93)  Loss_ofa: 8.762 (8.76) LR: 5.000e-03
2025-08-29 09:47:36,362 -                train: [    INFO] - Train: 79 [ 200/391 ( 51%)]  Loss: 11.39 (12.2)  Loss_gt: 1.317 (1.33)  Loss_kd: 1.848 (1.98)  Loss_ofa: 8.230 (8.85) LR: 5.000e-03
2025-08-29 09:48:35,126 -                train: [    INFO] - Train: 79 [ 390/391 (100%)]  Loss: 12.85 (12.2)  Loss_gt: 1.410 (1.35)  Loss_kd: 2.095 (1.99)  Loss_ofa: 9.346 (8.91) LR: 5.000e-03
2025-08-29 09:48:35,739 -                train: [    INFO] - Test: [   0/39]  Time: 0.565 (0.565)  Loss:  1.1039 (1.1039)  Acc@1: 77.7344 (77.7344)  Acc@5: 91.4062 (91.4062)
2025-08-29 09:48:53,401 -                train: [    INFO] - Test: [  39/39]  Time: 0.022 (0.456)  Loss:  1.6692 (1.5012)  Acc@1: 62.5000 (65.7700)  Acc@5: 100.0000 (86.4900)
2025-08-29 09:48:54,826 -                train: [    INFO] - Train: 80 [   0/391 (  0%)]  Loss: 11.61 (11.6)  Loss_gt: 1.314 (1.31)  Loss_kd: 1.906 (1.91)  Loss_ofa: 8.395 (8.39) LR: 5.000e-03
2025-08-29 09:49:56,811 -                train: [    INFO] - Train: 80 [ 200/391 ( 51%)]  Loss: 12.18 (12.1)  Loss_gt: 1.335 (1.34)  Loss_kd: 2.010 (1.97)  Loss_ofa: 8.835 (8.82) LR: 5.000e-03
2025-08-29 09:50:55,577 -                train: [    INFO] - Train: 80 [ 390/391 (100%)]  Loss: 12.74 (12.2)  Loss_gt: 1.467 (1.35)  Loss_kd: 2.082 (1.99)  Loss_ofa: 9.194 (8.91) LR: 5.000e-03
2025-08-29 09:50:56,211 -                train: [    INFO] - Test: [   0/39]  Time: 0.579 (0.579)  Loss:  1.4350 (1.4350)  Acc@1: 68.7500 (68.7500)  Acc@5: 85.9375 (85.9375)
2025-08-29 09:51:14,087 -                train: [    INFO] - Test: [  39/39]  Time: 0.022 (0.461)  Loss:  1.5003 (1.5023)  Acc@1: 75.0000 (66.2000)  Acc@5: 93.7500 (86.5700)
2025-08-29 09:51:15,528 -                train: [    INFO] - Train: 81 [   0/391 (  0%)]  Loss: 12.00 (12.0)  Loss_gt: 1.281 (1.28)  Loss_kd: 2.032 (2.03)  Loss_ofa: 8.686 (8.69) LR: 5.000e-03
2025-08-29 09:52:17,397 -                train: [    INFO] - Train: 81 [ 200/391 ( 51%)]  Loss: 11.28 (12.2)  Loss_gt: 1.277 (1.34)  Loss_kd: 1.836 (1.99)  Loss_ofa: 8.166 (8.85) LR: 5.000e-03
2025-08-29 09:53:16,102 -                train: [    INFO] - Train: 81 [ 390/391 (100%)]  Loss: 12.15 (12.2)  Loss_gt: 1.315 (1.35)  Loss_kd: 1.971 (1.99)  Loss_ofa: 8.862 (8.91) LR: 5.000e-03
2025-08-29 09:53:16,719 -                train: [    INFO] - Test: [   0/39]  Time: 0.562 (0.562)  Loss:  1.1273 (1.1273)  Acc@1: 73.4375 (73.4375)  Acc@5: 91.7969 (91.7969)
2025-08-29 09:53:34,303 -                train: [    INFO] - Test: [  39/39]  Time: 0.022 (0.454)  Loss:  1.7370 (1.4929)  Acc@1: 75.0000 (65.8000)  Acc@5: 93.7500 (86.5200)
2025-08-29 09:53:35,907 -                train: [    INFO] - Train: 82 [   0/391 (  0%)]  Loss: 12.06 (12.1)  Loss_gt: 1.302 (1.30)  Loss_kd: 1.973 (1.97)  Loss_ofa: 8.787 (8.79) LR: 5.000e-03
2025-08-29 09:54:37,844 -                train: [    INFO] - Train: 82 [ 200/391 ( 51%)]  Loss: 12.65 (12.2)  Loss_gt: 1.345 (1.34)  Loss_kd: 2.038 (1.99)  Loss_ofa: 9.265 (8.88) LR: 5.000e-03
2025-08-29 09:55:36,548 -                train: [    INFO] - Train: 82 [ 390/391 (100%)]  Loss: 11.54 (12.3)  Loss_gt: 1.321 (1.35)  Loss_kd: 1.817 (1.99)  Loss_ofa: 8.401 (8.91) LR: 5.000e-03
2025-08-29 09:55:37,171 -                train: [    INFO] - Test: [   0/39]  Time: 0.569 (0.569)  Loss:  1.1257 (1.1257)  Acc@1: 74.2188 (74.2188)  Acc@5: 91.0156 (91.0156)
2025-08-29 09:55:53,027 -                train: [    INFO] - Test: [  39/39]  Time: 0.022 (0.411)  Loss:  1.7443 (1.4958)  Acc@1: 68.7500 (65.9200)  Acc@5: 87.5000 (86.4600)
2025-08-29 09:55:54,369 -                train: [    INFO] - Train: 83 [   0/391 (  0%)]  Loss: 12.15 (12.1)  Loss_gt: 1.278 (1.28)  Loss_kd: 1.975 (1.97)  Loss_ofa: 8.894 (8.89) LR: 5.000e-03
2025-08-29 09:56:56,201 -                train: [    INFO] - Train: 83 [ 200/391 ( 51%)]  Loss: 12.58 (12.2)  Loss_gt: 1.353 (1.33)  Loss_kd: 2.063 (1.98)  Loss_ofa: 9.168 (8.84) LR: 5.000e-03
2025-08-29 09:57:54,718 -                train: [    INFO] - Train: 83 [ 390/391 (100%)]  Loss: 13.11 (12.3)  Loss_gt: 1.475 (1.35)  Loss_kd: 2.128 (1.99)  Loss_ofa: 9.507 (8.91) LR: 5.000e-03
2025-08-29 09:57:55,331 -                train: [    INFO] - Test: [   0/39]  Time: 0.561 (0.561)  Loss:  1.2565 (1.2565)  Acc@1: 69.9219 (69.9219)  Acc@5: 89.4531 (89.4531)
2025-08-29 09:58:11,473 -                train: [    INFO] - Test: [  39/39]  Time: 0.022 (0.418)  Loss:  1.9868 (1.5181)  Acc@1: 62.5000 (65.4600)  Acc@5: 87.5000 (86.2500)
2025-08-29 09:58:12,845 -                train: [    INFO] - Train: 84 [   0/391 (  0%)]  Loss: 11.84 (11.8)  Loss_gt: 1.313 (1.31)  Loss_kd: 1.922 (1.92)  Loss_ofa: 8.600 (8.60) LR: 5.000e-03
2025-08-29 09:59:14,551 -                train: [    INFO] - Train: 84 [ 200/391 ( 51%)]  Loss: 12.41 (12.2)  Loss_gt: 1.321 (1.33)  Loss_kd: 2.043 (1.99)  Loss_ofa: 9.050 (8.86) LR: 5.000e-03
2025-08-29 10:00:13,170 -                train: [    INFO] - Train: 84 [ 390/391 (100%)]  Loss: 12.56 (12.3)  Loss_gt: 1.405 (1.35)  Loss_kd: 1.997 (1.99)  Loss_ofa: 9.155 (8.91) LR: 5.000e-03
2025-08-29 10:00:13,787 -                train: [    INFO] - Test: [   0/39]  Time: 0.561 (0.561)  Loss:  1.3652 (1.3652)  Acc@1: 68.7500 (68.7500)  Acc@5: 89.8438 (89.8438)
2025-08-29 10:00:32,999 -                train: [    INFO] - Test: [  39/39]  Time: 0.022 (0.494)  Loss:  1.5268 (1.4912)  Acc@1: 68.7500 (65.9800)  Acc@5: 93.7500 (86.7200)
2025-08-29 10:00:34,355 -                train: [    INFO] - Train: 85 [   0/391 (  0%)]  Loss: 11.66 (11.7)  Loss_gt: 1.269 (1.27)  Loss_kd: 1.907 (1.91)  Loss_ofa: 8.482 (8.48) LR: 5.000e-03
2025-08-29 10:01:36,406 -                train: [    INFO] - Train: 85 [ 200/391 ( 51%)]  Loss: 12.80 (12.1)  Loss_gt: 1.396 (1.33)  Loss_kd: 2.088 (1.98)  Loss_ofa: 9.315 (8.83) LR: 5.000e-03
2025-08-29 10:02:35,220 -                train: [    INFO] - Train: 85 [ 390/391 (100%)]  Loss: 11.08 (12.2)  Loss_gt: 1.302 (1.35)  Loss_kd: 1.756 (1.99)  Loss_ofa: 8.021 (8.90) LR: 5.000e-03
2025-08-29 10:02:35,851 -                train: [    INFO] - Test: [   0/39]  Time: 0.581 (0.581)  Loss:  1.3897 (1.3897)  Acc@1: 67.5781 (67.5781)  Acc@5: 87.5000 (87.5000)
2025-08-29 10:02:53,385 -                train: [    INFO] - Test: [  39/39]  Time: 0.022 (0.453)  Loss:  2.3930 (1.5087)  Acc@1: 43.7500 (65.4100)  Acc@5: 87.5000 (86.4300)
2025-08-29 10:02:54,704 -                train: [    INFO] - Train: 86 [   0/391 (  0%)]  Loss: 10.95 (11.0)  Loss_gt: 1.210 (1.21)  Loss_kd: 1.769 (1.77)  Loss_ofa: 7.972 (7.97) LR: 5.000e-03
2025-08-29 10:03:56,643 -                train: [    INFO] - Train: 86 [ 200/391 ( 51%)]  Loss: 12.13 (12.2)  Loss_gt: 1.384 (1.33)  Loss_kd: 1.946 (1.99)  Loss_ofa: 8.801 (8.86) LR: 5.000e-03
2025-08-29 10:04:55,344 -                train: [    INFO] - Train: 86 [ 390/391 (100%)]  Loss: 12.82 (12.3)  Loss_gt: 1.466 (1.35)  Loss_kd: 2.069 (2.00)  Loss_ofa: 9.289 (8.91) LR: 5.000e-03
2025-08-29 10:04:55,970 -                train: [    INFO] - Test: [   0/39]  Time: 0.573 (0.573)  Loss:  1.3468 (1.3468)  Acc@1: 71.0938 (71.0938)  Acc@5: 87.1094 (87.1094)
2025-08-29 10:05:12,077 -                train: [    INFO] - Test: [  39/39]  Time: 0.021 (0.417)  Loss:  1.4491 (1.4884)  Acc@1: 68.7500 (66.0800)  Acc@5: 93.7500 (86.3800)
2025-08-29 10:05:13,395 -                train: [    INFO] - Train: 87 [   0/391 (  0%)]  Loss: 11.46 (11.5)  Loss_gt: 1.272 (1.27)  Loss_kd: 1.851 (1.85)  Loss_ofa: 8.338 (8.34) LR: 5.000e-03
2025-08-29 10:06:15,433 -                train: [    INFO] - Train: 87 [ 200/391 ( 51%)]  Loss: 11.40 (12.2)  Loss_gt: 1.243 (1.33)  Loss_kd: 1.830 (1.99)  Loss_ofa: 8.322 (8.87) LR: 5.000e-03
2025-08-29 10:07:14,232 -                train: [    INFO] - Train: 87 [ 390/391 (100%)]  Loss: 13.68 (12.2)  Loss_gt: 1.507 (1.35)  Loss_kd: 2.245 (1.99)  Loss_ofa: 9.931 (8.90) LR: 5.000e-03
2025-08-29 10:07:14,999 -                train: [    INFO] - Test: [   0/39]  Time: 0.715 (0.715)  Loss:  1.3407 (1.3407)  Acc@1: 71.8750 (71.8750)  Acc@5: 89.4531 (89.4531)
2025-08-29 10:07:33,707 -                train: [    INFO] - Test: [  39/39]  Time: 0.021 (0.486)  Loss:  1.2046 (1.5121)  Acc@1: 81.2500 (65.1500)  Acc@5: 100.0000 (86.2000)
2025-08-29 10:07:35,075 -                train: [    INFO] - Train: 88 [   0/391 (  0%)]  Loss: 12.05 (12.1)  Loss_gt: 1.296 (1.30)  Loss_kd: 1.951 (1.95)  Loss_ofa: 8.806 (8.81) LR: 5.000e-03
2025-08-29 10:08:37,153 -                train: [    INFO] - Train: 88 [ 200/391 ( 51%)]  Loss: 12.65 (12.2)  Loss_gt: 1.369 (1.33)  Loss_kd: 2.055 (1.99)  Loss_ofa: 9.221 (8.86) LR: 5.000e-03
2025-08-29 10:09:36,015 -                train: [    INFO] - Train: 88 [ 390/391 (100%)]  Loss: 12.64 (12.2)  Loss_gt: 1.444 (1.34)  Loss_kd: 2.049 (1.99)  Loss_ofa: 9.150 (8.90) LR: 5.000e-03
2025-08-29 10:09:36,635 -                train: [    INFO] - Test: [   0/39]  Time: 0.574 (0.574)  Loss:  1.2452 (1.2452)  Acc@1: 72.2656 (72.2656)  Acc@5: 89.4531 (89.4531)
2025-08-29 10:09:51,662 -                train: [    INFO] - Test: [  39/39]  Time: 0.021 (0.390)  Loss:  1.8350 (1.4911)  Acc@1: 68.7500 (65.5800)  Acc@5: 93.7500 (86.4900)
2025-08-29 10:09:53,036 -                train: [    INFO] - Train: 89 [   0/391 (  0%)]  Loss: 11.95 (12.0)  Loss_gt: 1.274 (1.27)  Loss_kd: 1.985 (1.98)  Loss_ofa: 8.697 (8.70) LR: 5.000e-03
2025-08-29 10:10:54,916 -                train: [    INFO] - Train: 89 [ 200/391 ( 51%)]  Loss: 12.37 (12.2)  Loss_gt: 1.330 (1.32)  Loss_kd: 2.038 (1.99)  Loss_ofa: 9.002 (8.85) LR: 5.000e-03
2025-08-29 10:11:53,666 -                train: [    INFO] - Train: 89 [ 390/391 (100%)]  Loss: 11.98 (12.2)  Loss_gt: 1.295 (1.34)  Loss_kd: 1.916 (1.99)  Loss_ofa: 8.770 (8.89) LR: 5.000e-03
2025-08-29 10:11:54,315 -                train: [    INFO] - Test: [   0/39]  Time: 0.583 (0.583)  Loss:  1.3385 (1.3385)  Acc@1: 69.5312 (69.5312)  Acc@5: 88.2812 (88.2812)
2025-08-29 10:12:09,839 -                train: [    INFO] - Test: [  39/39]  Time: 0.022 (0.403)  Loss:  1.1350 (1.5212)  Acc@1: 68.7500 (65.4900)  Acc@5: 100.0000 (85.9400)
2025-08-29 10:12:11,602 -                train: [    INFO] - Train: 90 [   0/391 (  0%)]  Loss: 12.29 (12.3)  Loss_gt: 1.317 (1.32)  Loss_kd: 2.053 (2.05)  Loss_ofa: 8.917 (8.92) LR: 5.000e-03
2025-08-29 10:13:13,604 -                train: [    INFO] - Train: 90 [ 200/391 ( 51%)]  Loss: 12.12 (12.2)  Loss_gt: 1.354 (1.32)  Loss_kd: 1.960 (2.00)  Loss_ofa: 8.811 (8.87) LR: 5.000e-03
2025-08-29 10:14:12,415 -                train: [    INFO] - Train: 90 [ 390/391 (100%)]  Loss: 12.63 (12.2)  Loss_gt: 1.366 (1.34)  Loss_kd: 2.051 (2.00)  Loss_ofa: 9.214 (8.90) LR: 5.000e-03
2025-08-29 10:14:13,076 -                train: [    INFO] - Test: [   0/39]  Time: 0.592 (0.592)  Loss:  1.2333 (1.2333)  Acc@1: 71.8750 (71.8750)  Acc@5: 90.2344 (90.2344)
2025-08-29 10:14:27,906 -                train: [    INFO] - Test: [  39/39]  Time: 0.026 (0.386)  Loss:  1.9310 (1.5098)  Acc@1: 56.2500 (65.4700)  Acc@5: 93.7500 (86.2800)
2025-08-29 10:14:29,320 -                train: [    INFO] - Train: 91 [   0/391 (  0%)]  Loss: 12.18 (12.2)  Loss_gt: 1.321 (1.32)  Loss_kd: 2.031 (2.03)  Loss_ofa: 8.830 (8.83) LR: 5.000e-03
2025-08-29 10:15:31,799 -                train: [    INFO] - Train: 91 [ 200/391 ( 51%)]  Loss: 12.14 (12.1)  Loss_gt: 1.384 (1.31)  Loss_kd: 1.962 (1.99)  Loss_ofa: 8.795 (8.83) LR: 5.000e-03
2025-08-29 10:16:30,494 -                train: [    INFO] - Train: 91 [ 390/391 (100%)]  Loss: 12.60 (12.2)  Loss_gt: 1.390 (1.33)  Loss_kd: 2.078 (1.99)  Loss_ofa: 9.135 (8.89) LR: 5.000e-03
2025-08-29 10:16:31,131 -                train: [    INFO] - Test: [   0/39]  Time: 0.571 (0.571)  Loss:  1.3097 (1.3097)  Acc@1: 70.7031 (70.7031)  Acc@5: 88.6719 (88.6719)
2025-08-29 10:16:48,600 -                train: [    INFO] - Test: [  39/39]  Time: 0.022 (0.451)  Loss:  2.2174 (1.5208)  Acc@1: 50.0000 (65.1000)  Acc@5: 93.7500 (86.0600)
2025-08-29 10:16:50,109 -                train: [    INFO] - Train: 92 [   0/391 (  0%)]  Loss: 11.79 (11.8)  Loss_gt: 1.291 (1.29)  Loss_kd: 1.900 (1.90)  Loss_ofa: 8.598 (8.60) LR: 5.000e-03
2025-08-29 10:17:52,299 -                train: [    INFO] - Train: 92 [ 200/391 ( 51%)]  Loss: 12.11 (12.1)  Loss_gt: 1.296 (1.31)  Loss_kd: 1.963 (1.99)  Loss_ofa: 8.852 (8.83) LR: 5.000e-03
2025-08-29 10:18:51,134 -                train: [    INFO] - Train: 92 [ 390/391 (100%)]  Loss: 12.22 (12.2)  Loss_gt: 1.380 (1.33)  Loss_kd: 1.950 (1.99)  Loss_ofa: 8.889 (8.89) LR: 5.000e-03
2025-08-29 10:18:51,747 -                train: [    INFO] - Test: [   0/39]  Time: 0.566 (0.566)  Loss:  1.2641 (1.2641)  Acc@1: 72.6562 (72.6562)  Acc@5: 88.6719 (88.6719)
2025-08-29 10:19:06,941 -                train: [    INFO] - Test: [  39/39]  Time: 0.022 (0.394)  Loss:  1.9950 (1.5200)  Acc@1: 50.0000 (65.1000)  Acc@5: 87.5000 (86.1600)
2025-08-29 10:19:08,419 -                train: [    INFO] - Train: 93 [   0/391 (  0%)]  Loss: 12.42 (12.4)  Loss_gt: 1.340 (1.34)  Loss_kd: 2.029 (2.03)  Loss_ofa: 9.054 (9.05) LR: 5.000e-03
2025-08-29 10:20:10,424 -                train: [    INFO] - Train: 93 [ 200/391 ( 51%)]  Loss: 11.89 (12.2)  Loss_gt: 1.351 (1.32)  Loss_kd: 1.933 (1.99)  Loss_ofa: 8.611 (8.85) LR: 5.000e-03
2025-08-29 10:21:09,167 -                train: [    INFO] - Train: 93 [ 390/391 (100%)]  Loss: 12.15 (12.2)  Loss_gt: 1.337 (1.33)  Loss_kd: 1.966 (1.99)  Loss_ofa: 8.846 (8.88) LR: 5.000e-03
2025-08-29 10:21:09,838 -                train: [    INFO] - Test: [   0/39]  Time: 0.606 (0.606)  Loss:  1.3028 (1.3028)  Acc@1: 70.3125 (70.3125)  Acc@5: 89.4531 (89.4531)
2025-08-29 10:21:26,251 -                train: [    INFO] - Test: [  39/39]  Time: 0.021 (0.425)  Loss:  1.4062 (1.5227)  Acc@1: 68.7500 (65.3700)  Acc@5: 93.7500 (86.0700)
2025-08-29 10:21:27,635 -                train: [    INFO] - Train: 94 [   0/391 (  0%)]  Loss: 12.00 (12.0)  Loss_gt: 1.318 (1.32)  Loss_kd: 1.976 (1.98)  Loss_ofa: 8.709 (8.71) LR: 5.000e-03
2025-08-29 10:22:29,558 -                train: [    INFO] - Train: 94 [ 200/391 ( 51%)]  Loss: 12.35 (12.1)  Loss_gt: 1.359 (1.31)  Loss_kd: 2.041 (1.99)  Loss_ofa: 8.950 (8.83) LR: 5.000e-03
2025-08-29 10:23:28,194 -                train: [    INFO] - Train: 94 [ 390/391 (100%)]  Loss: 12.33 (12.2)  Loss_gt: 1.363 (1.33)  Loss_kd: 1.953 (1.99)  Loss_ofa: 9.012 (8.87) LR: 5.000e-03
2025-08-29 10:23:28,826 -                train: [    INFO] - Test: [   0/39]  Time: 0.569 (0.569)  Loss:  1.1115 (1.1115)  Acc@1: 72.6562 (72.6562)  Acc@5: 93.3594 (93.3594)
2025-08-29 10:23:47,421 -                train: [    INFO] - Test: [  39/39]  Time: 0.022 (0.479)  Loss:  2.2670 (1.5255)  Acc@1: 56.2500 (65.2500)  Acc@5: 87.5000 (86.2600)
2025-08-29 10:23:48,803 -                train: [    INFO] - Train: 95 [   0/391 (  0%)]  Loss: 12.51 (12.5)  Loss_gt: 1.314 (1.31)  Loss_kd: 2.057 (2.06)  Loss_ofa: 9.137 (9.14) LR: 5.000e-03
2025-08-29 10:24:50,983 -                train: [    INFO] - Train: 95 [ 200/391 ( 51%)]  Loss: 12.74 (12.1)  Loss_gt: 1.360 (1.32)  Loss_kd: 2.098 (1.99)  Loss_ofa: 9.281 (8.84) LR: 5.000e-03
2025-08-29 10:25:49,829 -                train: [    INFO] - Train: 95 [ 390/391 (100%)]  Loss: 12.48 (12.2)  Loss_gt: 1.354 (1.32)  Loss_kd: 2.010 (1.99)  Loss_ofa: 9.113 (8.86) LR: 5.000e-03
2025-08-29 10:25:50,467 -                train: [    INFO] - Test: [   0/39]  Time: 0.580 (0.580)  Loss:  1.1488 (1.1488)  Acc@1: 72.2656 (72.2656)  Acc@5: 91.0156 (91.0156)
2025-08-29 10:26:09,992 -                train: [    INFO] - Test: [  39/39]  Time: 0.022 (0.503)  Loss:  1.5497 (1.5224)  Acc@1: 68.7500 (64.8600)  Acc@5: 87.5000 (86.0100)
2025-08-29 10:26:11,360 -                train: [    INFO] - Train: 96 [   0/391 (  0%)]  Loss: 12.44 (12.4)  Loss_gt: 1.282 (1.28)  Loss_kd: 2.066 (2.07)  Loss_ofa: 9.096 (9.10) LR: 5.000e-03
2025-08-29 10:27:13,433 -                train: [    INFO] - Train: 96 [ 200/391 ( 51%)]  Loss: 11.83 (12.1)  Loss_gt: 1.372 (1.31)  Loss_kd: 1.891 (1.98)  Loss_ofa: 8.571 (8.80) LR: 5.000e-03
2025-08-29 10:28:12,229 -                train: [    INFO] - Train: 96 [ 390/391 (100%)]  Loss: 12.82 (12.2)  Loss_gt: 1.417 (1.32)  Loss_kd: 2.051 (1.99)  Loss_ofa: 9.352 (8.87) LR: 5.000e-03
2025-08-29 10:28:12,866 -                train: [    INFO] - Test: [   0/39]  Time: 0.584 (0.584)  Loss:  1.2031 (1.2031)  Acc@1: 73.4375 (73.4375)  Acc@5: 91.0156 (91.0156)
2025-08-29 10:28:30,256 -                train: [    INFO] - Test: [  39/39]  Time: 0.022 (0.449)  Loss:  1.4060 (1.5121)  Acc@1: 81.2500 (65.2600)  Acc@5: 93.7500 (86.3000)
2025-08-29 10:28:31,645 -                train: [    INFO] - Train: 97 [   0/391 (  0%)]  Loss: 13.17 (13.2)  Loss_gt: 1.301 (1.30)  Loss_kd: 2.227 (2.23)  Loss_ofa: 9.638 (9.64) LR: 5.000e-03
2025-08-29 10:29:33,714 -                train: [    INFO] - Train: 97 [ 200/391 ( 51%)]  Loss: 12.56 (12.1)  Loss_gt: 1.347 (1.30)  Loss_kd: 2.064 (1.99)  Loss_ofa: 9.150 (8.83) LR: 5.000e-03
2025-08-29 10:30:32,333 -                train: [    INFO] - Train: 97 [ 390/391 (100%)]  Loss: 12.32 (12.2)  Loss_gt: 1.388 (1.32)  Loss_kd: 2.002 (1.99)  Loss_ofa: 8.929 (8.86) LR: 5.000e-03
2025-08-29 10:30:32,955 -                train: [    INFO] - Test: [   0/39]  Time: 0.570 (0.570)  Loss:  1.4774 (1.4774)  Acc@1: 66.7969 (66.7969)  Acc@5: 86.7188 (86.7188)
2025-08-29 10:30:48,145 -                train: [    INFO] - Test: [  39/39]  Time: 0.022 (0.394)  Loss:  1.7113 (1.5176)  Acc@1: 68.7500 (65.5500)  Acc@5: 93.7500 (85.8800)
2025-08-29 10:30:49,572 -                train: [    INFO] - Train: 98 [   0/391 (  0%)]  Loss: 11.82 (11.8)  Loss_gt: 1.254 (1.25)  Loss_kd: 1.985 (1.98)  Loss_ofa: 8.581 (8.58) LR: 5.000e-03
2025-08-29 10:31:51,433 -                train: [    INFO] - Train: 98 [ 200/391 ( 51%)]  Loss: 12.49 (12.1)  Loss_gt: 1.376 (1.31)  Loss_kd: 2.028 (2.00)  Loss_ofa: 9.083 (8.83) LR: 5.000e-03
2025-08-29 10:32:50,092 -                train: [    INFO] - Train: 98 [ 390/391 (100%)]  Loss: 11.75 (12.2)  Loss_gt: 1.323 (1.32)  Loss_kd: 1.892 (1.99)  Loss_ofa: 8.531 (8.86) LR: 5.000e-03
2025-08-29 10:32:50,719 -                train: [    INFO] - Test: [   0/39]  Time: 0.574 (0.574)  Loss:  1.1744 (1.1744)  Acc@1: 72.6562 (72.6562)  Acc@5: 92.1875 (92.1875)
2025-08-29 10:33:06,248 -                train: [    INFO] - Test: [  39/39]  Time: 0.022 (0.403)  Loss:  1.8363 (1.5169)  Acc@1: 62.5000 (65.3300)  Acc@5: 100.0000 (85.6700)
2025-08-29 10:33:07,636 -                train: [    INFO] - Train: 99 [   0/391 (  0%)]  Loss: 10.41 (10.4)  Loss_gt: 1.222 (1.22)  Loss_kd: 1.711 (1.71)  Loss_ofa: 7.476 (7.48) LR: 5.000e-03
2025-08-29 10:34:09,607 -                train: [    INFO] - Train: 99 [ 200/391 ( 51%)]  Loss: 12.05 (12.1)  Loss_gt: 1.346 (1.30)  Loss_kd: 1.963 (1.98)  Loss_ofa: 8.743 (8.78) LR: 5.000e-03
2025-08-29 10:35:08,417 -                train: [    INFO] - Train: 99 [ 390/391 (100%)]  Loss: 12.45 (12.2)  Loss_gt: 1.315 (1.32)  Loss_kd: 2.017 (1.99)  Loss_ofa: 9.113 (8.85) LR: 5.000e-03
2025-08-29 10:35:09,043 -                train: [    INFO] - Test: [   0/39]  Time: 0.573 (0.573)  Loss:  1.3919 (1.3919)  Acc@1: 69.9219 (69.9219)  Acc@5: 88.6719 (88.6719)
2025-08-29 10:35:26,120 -                train: [    INFO] - Test: [  39/39]  Time: 0.022 (0.441)  Loss:  2.2389 (1.5339)  Acc@1: 50.0000 (65.1500)  Acc@5: 87.5000 (86.0200)
2025-08-29 10:35:27,477 -                train: [    INFO] - Train: 100 [   0/391 (  0%)]  Loss: 11.39 (11.4)  Loss_gt: 1.270 (1.27)  Loss_kd: 1.880 (1.88)  Loss_ofa: 8.245 (8.24) LR: 5.000e-03
2025-08-29 10:36:29,740 -                train: [    INFO] - Train: 100 [ 200/391 ( 51%)]  Loss: 12.00 (12.1)  Loss_gt: 1.278 (1.30)  Loss_kd: 1.970 (1.99)  Loss_ofa: 8.754 (8.81) LR: 5.000e-03
2025-08-29 10:37:28,452 -                train: [    INFO] - Train: 100 [ 390/391 (100%)]  Loss: 12.50 (12.2)  Loss_gt: 1.455 (1.32)  Loss_kd: 2.007 (1.99)  Loss_ofa: 9.034 (8.85) LR: 5.000e-03
2025-08-29 10:37:29,103 -                train: [    INFO] - Test: [   0/39]  Time: 0.582 (0.582)  Loss:  1.6855 (1.6855)  Acc@1: 62.5000 (62.5000)  Acc@5: 80.8594 (80.8594)
2025-08-29 10:37:47,251 -                train: [    INFO] - Test: [  39/39]  Time: 0.023 (0.468)  Loss:  1.7862 (1.5379)  Acc@1: 75.0000 (64.9000)  Acc@5: 87.5000 (85.4700)
2025-08-29 10:37:48,590 -                train: [    INFO] - Train: 101 [   0/391 (  0%)]  Loss: 12.14 (12.1)  Loss_gt: 1.286 (1.29)  Loss_kd: 1.990 (1.99)  Loss_ofa: 8.860 (8.86) LR: 5.000e-03
2025-08-29 10:38:50,669 -                train: [    INFO] - Train: 101 [ 200/391 ( 51%)]  Loss: 11.64 (12.1)  Loss_gt: 1.280 (1.30)  Loss_kd: 1.892 (1.99)  Loss_ofa: 8.464 (8.81) LR: 5.000e-03
2025-08-29 10:39:49,604 -                train: [    INFO] - Train: 101 [ 390/391 (100%)]  Loss: 12.31 (12.2)  Loss_gt: 1.309 (1.31)  Loss_kd: 1.999 (1.99)  Loss_ofa: 9.005 (8.85) LR: 5.000e-03
2025-08-29 10:39:50,277 -                train: [    INFO] - Test: [   0/39]  Time: 0.610 (0.610)  Loss:  1.2007 (1.2007)  Acc@1: 74.2188 (74.2188)  Acc@5: 90.6250 (90.6250)
2025-08-29 10:40:05,891 -                train: [    INFO] - Test: [  39/39]  Time: 0.021 (0.406)  Loss:  1.9619 (1.5086)  Acc@1: 56.2500 (65.3100)  Acc@5: 93.7500 (86.5100)
2025-08-29 10:40:07,182 -                train: [    INFO] - Train: 102 [   0/391 (  0%)]  Loss: 11.73 (11.7)  Loss_gt: 1.283 (1.28)  Loss_kd: 1.946 (1.95)  Loss_ofa: 8.500 (8.50) LR: 5.000e-03
2025-08-29 10:41:09,302 -                train: [    INFO] - Train: 102 [ 200/391 ( 51%)]  Loss: 12.22 (12.1)  Loss_gt: 1.274 (1.30)  Loss_kd: 2.018 (1.98)  Loss_ofa: 8.933 (8.80) LR: 5.000e-03
2025-08-29 10:42:07,916 -                train: [    INFO] - Train: 102 [ 390/391 (100%)]  Loss: 12.07 (12.1)  Loss_gt: 1.310 (1.31)  Loss_kd: 1.943 (1.99)  Loss_ofa: 8.822 (8.84) LR: 5.000e-03
2025-08-29 10:42:08,914 -                train: [    INFO] - Test: [   0/39]  Time: 0.567 (0.567)  Loss:  1.5176 (1.5176)  Acc@1: 65.6250 (65.6250)  Acc@5: 85.9375 (85.9375)
2025-08-29 10:42:25,999 -                train: [    INFO] - Test: [  39/39]  Time: 0.022 (0.441)  Loss:  2.7024 (1.5393)  Acc@1: 43.7500 (64.5500)  Acc@5: 75.0000 (86.0300)
2025-08-29 10:42:27,600 -                train: [    INFO] - Train: 103 [   0/391 (  0%)]  Loss: 11.16 (11.2)  Loss_gt: 1.275 (1.28)  Loss_kd: 1.807 (1.81)  Loss_ofa: 8.073 (8.07) LR: 5.000e-03
2025-08-29 10:43:29,384 -                train: [    INFO] - Train: 103 [ 200/391 ( 51%)]  Loss: 12.90 (12.1)  Loss_gt: 1.324 (1.29)  Loss_kd: 2.135 (1.99)  Loss_ofa: 9.436 (8.79) LR: 5.000e-03
2025-08-29 10:44:27,994 -                train: [    INFO] - Train: 103 [ 390/391 (100%)]  Loss: 12.47 (12.1)  Loss_gt: 1.430 (1.31)  Loss_kd: 2.039 (1.99)  Loss_ofa: 8.999 (8.84) LR: 5.000e-03
2025-08-29 10:44:28,615 -                train: [    INFO] - Test: [   0/39]  Time: 0.568 (0.568)  Loss:  1.3715 (1.3715)  Acc@1: 69.9219 (69.9219)  Acc@5: 87.8906 (87.8906)
2025-08-29 10:44:43,542 -                train: [    INFO] - Test: [  39/39]  Time: 0.022 (0.387)  Loss:  2.1437 (1.5374)  Acc@1: 56.2500 (64.9400)  Acc@5: 87.5000 (86.4000)
2025-08-29 10:44:44,883 -                train: [    INFO] - Train: 104 [   0/391 (  0%)]  Loss: 12.23 (12.2)  Loss_gt: 1.265 (1.27)  Loss_kd: 2.049 (2.05)  Loss_ofa: 8.912 (8.91) LR: 5.000e-03
2025-08-29 10:45:47,122 -                train: [    INFO] - Train: 104 [ 200/391 ( 51%)]  Loss: 11.53 (12.0)  Loss_gt: 1.283 (1.29)  Loss_kd: 1.856 (1.98)  Loss_ofa: 8.387 (8.77) LR: 5.000e-03
2025-08-29 10:46:46,159 -                train: [    INFO] - Train: 104 [ 390/391 (100%)]  Loss: 13.21 (12.1)  Loss_gt: 1.456 (1.30)  Loss_kd: 2.170 (1.99)  Loss_ofa: 9.585 (8.83) LR: 5.000e-03
2025-08-29 10:46:46,767 -                train: [    INFO] - Test: [   0/39]  Time: 0.556 (0.556)  Loss:  1.1824 (1.1824)  Acc@1: 73.8281 (73.8281)  Acc@5: 90.6250 (90.6250)
2025-08-29 10:47:01,642 -                train: [    INFO] - Test: [  39/39]  Time: 0.022 (0.386)  Loss:  1.7594 (1.5321)  Acc@1: 62.5000 (65.2600)  Acc@5: 93.7500 (86.2000)
2025-08-29 10:47:03,000 -                train: [    INFO] - Train: 105 [   0/391 (  0%)]  Loss: 11.99 (12.0)  Loss_gt: 1.246 (1.25)  Loss_kd: 2.015 (2.01)  Loss_ofa: 8.733 (8.73) LR: 5.000e-03
2025-08-29 10:48:04,922 -                train: [    INFO] - Train: 105 [ 200/391 ( 51%)]  Loss: 12.05 (12.1)  Loss_gt: 1.268 (1.29)  Loss_kd: 1.975 (1.99)  Loss_ofa: 8.804 (8.79) LR: 5.000e-03
2025-08-29 10:49:04,014 -                train: [    INFO] - Train: 105 [ 390/391 (100%)]  Loss: 12.64 (12.1)  Loss_gt: 1.389 (1.31)  Loss_kd: 2.049 (1.99)  Loss_ofa: 9.207 (8.84) LR: 5.000e-03
2025-08-29 10:49:04,651 -                train: [    INFO] - Test: [   0/39]  Time: 0.579 (0.579)  Loss:  1.3968 (1.3968)  Acc@1: 69.1406 (69.1406)  Acc@5: 87.1094 (87.1094)
2025-08-29 10:49:22,208 -                train: [    INFO] - Test: [  39/39]  Time: 0.022 (0.453)  Loss:  1.8074 (1.5060)  Acc@1: 62.5000 (65.8400)  Acc@5: 87.5000 (86.2800)
2025-08-29 10:49:23,615 -                train: [    INFO] - Train: 106 [   0/391 (  0%)]  Loss: 12.11 (12.1)  Loss_gt: 1.225 (1.22)  Loss_kd: 2.030 (2.03)  Loss_ofa: 8.853 (8.85) LR: 5.000e-03
2025-08-29 10:50:25,553 -                train: [    INFO] - Train: 106 [ 200/391 ( 51%)]  Loss: 12.17 (12.0)  Loss_gt: 1.306 (1.29)  Loss_kd: 2.018 (1.98)  Loss_ofa: 8.846 (8.77) LR: 5.000e-03
2025-08-29 10:51:24,194 -                train: [    INFO] - Train: 106 [ 390/391 (100%)]  Loss: 12.67 (12.1)  Loss_gt: 1.386 (1.30)  Loss_kd: 2.031 (1.99)  Loss_ofa: 9.254 (8.83) LR: 5.000e-03
2025-08-29 10:51:24,898 -                train: [    INFO] - Test: [   0/39]  Time: 0.637 (0.637)  Loss:  1.3539 (1.3539)  Acc@1: 70.3125 (70.3125)  Acc@5: 89.4531 (89.4531)
2025-08-29 10:51:42,480 -                train: [    INFO] - Test: [  39/39]  Time: 0.022 (0.455)  Loss:  1.8955 (1.5409)  Acc@1: 56.2500 (64.9700)  Acc@5: 93.7500 (85.8900)
2025-08-29 10:51:43,850 -                train: [    INFO] - Train: 107 [   0/391 (  0%)]  Loss: 11.85 (11.8)  Loss_gt: 1.302 (1.30)  Loss_kd: 1.969 (1.97)  Loss_ofa: 8.576 (8.58) LR: 5.000e-03
2025-08-29 10:52:46,346 -                train: [    INFO] - Train: 107 [ 200/391 ( 51%)]  Loss: 12.57 (12.0)  Loss_gt: 1.308 (1.29)  Loss_kd: 2.072 (1.98)  Loss_ofa: 9.191 (8.76) LR: 5.000e-03
2025-08-29 10:53:45,323 -                train: [    INFO] - Train: 107 [ 390/391 (100%)]  Loss: 12.05 (12.1)  Loss_gt: 1.372 (1.30)  Loss_kd: 2.003 (1.99)  Loss_ofa: 8.670 (8.82) LR: 5.000e-03
2025-08-29 10:53:45,951 -                train: [    INFO] - Test: [   0/39]  Time: 0.577 (0.577)  Loss:  1.4547 (1.4547)  Acc@1: 69.9219 (69.9219)  Acc@5: 85.9375 (85.9375)
2025-08-29 10:54:00,753 -                train: [    INFO] - Test: [  39/39]  Time: 0.022 (0.384)  Loss:  1.5706 (1.5193)  Acc@1: 68.7500 (65.7100)  Acc@5: 93.7500 (86.5300)
2025-08-29 10:54:02,182 -                train: [    INFO] - Train: 108 [   0/391 (  0%)]  Loss: 11.82 (11.8)  Loss_gt: 1.243 (1.24)  Loss_kd: 1.986 (1.99)  Loss_ofa: 8.592 (8.59) LR: 5.000e-03
2025-08-29 10:55:04,206 -                train: [    INFO] - Train: 108 [ 200/391 ( 51%)]  Loss: 12.40 (12.0)  Loss_gt: 1.312 (1.28)  Loss_kd: 2.063 (1.98)  Loss_ofa: 9.021 (8.78) LR: 5.000e-03
2025-08-29 10:56:02,853 -                train: [    INFO] - Train: 108 [ 390/391 (100%)]  Loss: 13.31 (12.1)  Loss_gt: 1.516 (1.30)  Loss_kd: 2.144 (1.99)  Loss_ofa: 9.650 (8.82) LR: 5.000e-03
2025-08-29 10:56:03,499 -                train: [    INFO] - Test: [   0/39]  Time: 0.575 (0.575)  Loss:  1.2592 (1.2592)  Acc@1: 71.4844 (71.4844)  Acc@5: 89.4531 (89.4531)
2025-08-29 10:56:19,159 -                train: [    INFO] - Test: [  39/39]  Time: 0.022 (0.406)  Loss:  1.8161 (1.5103)  Acc@1: 68.7500 (65.8100)  Acc@5: 87.5000 (86.3600)
2025-08-29 10:56:20,488 -                train: [    INFO] - Train: 109 [   0/391 (  0%)]  Loss: 11.98 (12.0)  Loss_gt: 1.228 (1.23)  Loss_kd: 1.988 (1.99)  Loss_ofa: 8.761 (8.76) LR: 5.000e-03
2025-08-29 10:57:22,368 -                train: [    INFO] - Train: 109 [ 200/391 ( 51%)]  Loss: 11.87 (12.1)  Loss_gt: 1.301 (1.29)  Loss_kd: 1.967 (1.99)  Loss_ofa: 8.603 (8.78) LR: 5.000e-03
2025-08-29 10:58:20,975 -                train: [    INFO] - Train: 109 [ 390/391 (100%)]  Loss: 12.01 (12.1)  Loss_gt: 1.313 (1.30)  Loss_kd: 1.985 (1.99)  Loss_ofa: 8.708 (8.82) LR: 5.000e-03
2025-08-29 10:58:21,684 -                train: [    INFO] - Test: [   0/39]  Time: 0.644 (0.644)  Loss:  1.3564 (1.3564)  Acc@1: 68.3594 (68.3594)  Acc@5: 87.5000 (87.5000)
2025-08-29 10:58:39,462 -                train: [    INFO] - Test: [  39/39]  Time: 0.024 (0.461)  Loss:  2.0133 (1.5145)  Acc@1: 62.5000 (64.9000)  Acc@5: 93.7500 (86.1000)
2025-08-29 10:58:40,841 -                train: [    INFO] - Train: 110 [   0/391 (  0%)]  Loss: 12.47 (12.5)  Loss_gt: 1.331 (1.33)  Loss_kd: 2.075 (2.08)  Loss_ofa: 9.066 (9.07) LR: 5.000e-03
2025-08-29 10:59:42,671 -                train: [    INFO] - Train: 110 [ 200/391 ( 51%)]  Loss: 11.81 (12.0)  Loss_gt: 1.295 (1.29)  Loss_kd: 1.937 (1.98)  Loss_ofa: 8.578 (8.76) LR: 5.000e-03
2025-08-29 11:00:41,359 -                train: [    INFO] - Train: 110 [ 390/391 (100%)]  Loss: 12.28 (12.1)  Loss_gt: 1.350 (1.30)  Loss_kd: 1.958 (1.99)  Loss_ofa: 8.975 (8.82) LR: 5.000e-03
2025-08-29 11:00:41,983 -                train: [    INFO] - Test: [   0/39]  Time: 0.571 (0.571)  Loss:  1.2807 (1.2807)  Acc@1: 69.5312 (69.5312)  Acc@5: 88.2812 (88.2812)
2025-08-29 11:00:57,224 -                train: [    INFO] - Test: [  39/39]  Time: 0.022 (0.395)  Loss:  1.6402 (1.5214)  Acc@1: 68.7500 (65.0700)  Acc@5: 93.7500 (86.4900)
2025-08-29 11:00:58,650 -                train: [    INFO] - Train: 111 [   0/391 (  0%)]  Loss: 12.28 (12.3)  Loss_gt: 1.260 (1.26)  Loss_kd: 2.064 (2.06)  Loss_ofa: 8.961 (8.96) LR: 5.000e-03
2025-08-29 11:02:00,572 -                train: [    INFO] - Train: 111 [ 200/391 ( 51%)]  Loss: 11.72 (12.1)  Loss_gt: 1.298 (1.28)  Loss_kd: 1.921 (1.99)  Loss_ofa: 8.503 (8.79) LR: 5.000e-03
2025-08-29 11:02:59,211 -                train: [    INFO] - Train: 111 [ 390/391 (100%)]  Loss: 12.53 (12.1)  Loss_gt: 1.398 (1.30)  Loss_kd: 2.007 (1.99)  Loss_ofa: 9.126 (8.81) LR: 5.000e-03
2025-08-29 11:02:59,854 -                train: [    INFO] - Test: [   0/39]  Time: 0.590 (0.590)  Loss:  1.2529 (1.2529)  Acc@1: 71.0938 (71.0938)  Acc@5: 88.6719 (88.6719)
2025-08-29 11:03:17,439 -                train: [    INFO] - Test: [  39/39]  Time: 0.022 (0.454)  Loss:  1.7322 (1.5625)  Acc@1: 68.7500 (64.2500)  Acc@5: 93.7500 (85.6200)
2025-08-29 11:03:18,765 -                train: [    INFO] - Train: 112 [   0/391 (  0%)]  Loss: 11.87 (11.9)  Loss_gt: 1.234 (1.23)  Loss_kd: 1.990 (1.99)  Loss_ofa: 8.645 (8.65) LR: 5.000e-03
2025-08-29 11:04:20,595 -                train: [    INFO] - Train: 112 [ 200/391 ( 51%)]  Loss: 11.86 (12.0)  Loss_gt: 1.362 (1.29)  Loss_kd: 1.981 (1.98)  Loss_ofa: 8.518 (8.76) LR: 5.000e-03
2025-08-29 11:05:19,219 -                train: [    INFO] - Train: 112 [ 390/391 (100%)]  Loss: 12.15 (12.1)  Loss_gt: 1.306 (1.30)  Loss_kd: 1.947 (1.99)  Loss_ofa: 8.898 (8.82) LR: 5.000e-03
2025-08-29 11:05:19,836 -                train: [    INFO] - Test: [   0/39]  Time: 0.563 (0.563)  Loss:  1.3593 (1.3593)  Acc@1: 69.9219 (69.9219)  Acc@5: 89.0625 (89.0625)
2025-08-29 11:05:36,272 -                train: [    INFO] - Test: [  39/39]  Time: 0.022 (0.425)  Loss:  1.8161 (1.5438)  Acc@1: 68.7500 (65.2200)  Acc@5: 87.5000 (85.8500)
2025-08-29 11:05:37,648 -                train: [    INFO] - Train: 113 [   0/391 (  0%)]  Loss: 12.83 (12.8)  Loss_gt: 1.264 (1.26)  Loss_kd: 2.161 (2.16)  Loss_ofa: 9.410 (9.41) LR: 5.000e-03
2025-08-29 11:06:39,645 -                train: [    INFO] - Train: 113 [ 200/391 ( 51%)]  Loss: 11.74 (12.0)  Loss_gt: 1.269 (1.28)  Loss_kd: 1.931 (1.98)  Loss_ofa: 8.541 (8.76) LR: 5.000e-03
2025-08-29 11:07:38,398 -                train: [    INFO] - Train: 113 [ 390/391 (100%)]  Loss: 12.45 (12.1)  Loss_gt: 1.360 (1.29)  Loss_kd: 2.014 (1.99)  Loss_ofa: 9.081 (8.81) LR: 5.000e-03
2025-08-29 11:07:39,023 -                train: [    INFO] - Test: [   0/39]  Time: 0.571 (0.571)  Loss:  1.1948 (1.1948)  Acc@1: 71.0938 (71.0938)  Acc@5: 89.4531 (89.4531)
2025-08-29 11:07:55,998 -                train: [    INFO] - Test: [  39/39]  Time: 0.021 (0.439)  Loss:  1.9707 (1.5319)  Acc@1: 62.5000 (65.1000)  Acc@5: 93.7500 (86.1500)
2025-08-29 11:07:57,372 -                train: [    INFO] - Train: 114 [   0/391 (  0%)]  Loss: 11.77 (11.8)  Loss_gt: 1.258 (1.26)  Loss_kd: 1.962 (1.96)  Loss_ofa: 8.551 (8.55) LR: 5.000e-03
2025-08-29 11:08:59,270 -                train: [    INFO] - Train: 114 [ 200/391 ( 51%)]  Loss: 12.01 (12.0)  Loss_gt: 1.239 (1.27)  Loss_kd: 1.991 (1.98)  Loss_ofa: 8.782 (8.76) LR: 5.000e-03
2025-08-29 11:09:57,900 -                train: [    INFO] - Train: 114 [ 390/391 (100%)]  Loss: 12.34 (12.1)  Loss_gt: 1.297 (1.29)  Loss_kd: 1.996 (1.99)  Loss_ofa: 9.047 (8.80) LR: 5.000e-03
2025-08-29 11:09:58,527 -                train: [    INFO] - Test: [   0/39]  Time: 0.574 (0.574)  Loss:  1.0993 (1.0993)  Acc@1: 74.6094 (74.6094)  Acc@5: 92.1875 (92.1875)
2025-08-29 11:10:16,323 -                train: [    INFO] - Test: [  39/39]  Time: 0.022 (0.459)  Loss:  1.2894 (1.5197)  Acc@1: 75.0000 (65.4200)  Acc@5: 93.7500 (86.1200)
2025-08-29 11:10:17,758 -                train: [    INFO] - Train: 115 [   0/391 (  0%)]  Loss: 11.90 (11.9)  Loss_gt: 1.245 (1.24)  Loss_kd: 1.977 (1.98)  Loss_ofa: 8.678 (8.68) LR: 5.000e-03
2025-08-29 11:11:19,559 -                train: [    INFO] - Train: 115 [ 200/391 ( 51%)]  Loss: 11.99 (12.0)  Loss_gt: 1.279 (1.28)  Loss_kd: 1.992 (1.99)  Loss_ofa: 8.721 (8.77) LR: 5.000e-03
2025-08-29 11:12:18,123 -                train: [    INFO] - Train: 115 [ 390/391 (100%)]  Loss: 11.86 (12.1)  Loss_gt: 1.341 (1.29)  Loss_kd: 1.917 (1.99)  Loss_ofa: 8.602 (8.80) LR: 5.000e-03
2025-08-29 11:12:18,742 -                train: [    INFO] - Test: [   0/39]  Time: 0.566 (0.566)  Loss:  1.2290 (1.2290)  Acc@1: 71.8750 (71.8750)  Acc@5: 91.7969 (91.7969)
2025-08-29 11:12:36,419 -                train: [    INFO] - Test: [  39/39]  Time: 0.022 (0.456)  Loss:  1.6650 (1.5040)  Acc@1: 75.0000 (65.7900)  Acc@5: 100.0000 (86.6200)
2025-08-29 11:12:37,749 -                train: [    INFO] - Train: 116 [   0/391 (  0%)]  Loss: 12.08 (12.1)  Loss_gt: 1.266 (1.27)  Loss_kd: 2.058 (2.06)  Loss_ofa: 8.761 (8.76) LR: 5.000e-03
2025-08-29 11:13:39,474 -                train: [    INFO] - Train: 116 [ 200/391 ( 51%)]  Loss: 11.78 (12.0)  Loss_gt: 1.213 (1.27)  Loss_kd: 1.888 (1.98)  Loss_ofa: 8.684 (8.75) LR: 5.000e-03
2025-08-29 11:14:37,978 -                train: [    INFO] - Train: 116 [ 390/391 (100%)]  Loss: 11.93 (12.1)  Loss_gt: 1.362 (1.29)  Loss_kd: 1.928 (1.99)  Loss_ofa: 8.644 (8.80) LR: 5.000e-03
2025-08-29 11:14:38,599 -                train: [    INFO] - Test: [   0/39]  Time: 0.567 (0.567)  Loss:  1.2903 (1.2903)  Acc@1: 73.0469 (73.0469)  Acc@5: 89.4531 (89.4531)
2025-08-29 11:14:56,284 -                train: [    INFO] - Test: [  39/39]  Time: 0.022 (0.456)  Loss:  1.8821 (1.5097)  Acc@1: 68.7500 (66.0900)  Acc@5: 100.0000 (86.3000)
2025-08-29 11:14:57,813 -                train: [    INFO] - Train: 117 [   0/391 (  0%)]  Loss: 11.74 (11.7)  Loss_gt: 1.245 (1.25)  Loss_kd: 1.964 (1.96)  Loss_ofa: 8.534 (8.53) LR: 5.000e-03
2025-08-29 11:15:59,454 -                train: [    INFO] - Train: 117 [ 200/391 ( 51%)]  Loss: 12.87 (12.0)  Loss_gt: 1.318 (1.27)  Loss_kd: 2.128 (1.98)  Loss_ofa: 9.428 (8.76) LR: 5.000e-03
2025-08-29 11:16:57,892 -                train: [    INFO] - Train: 117 [ 390/391 (100%)]  Loss: 12.42 (12.1)  Loss_gt: 1.376 (1.29)  Loss_kd: 2.052 (1.99)  Loss_ofa: 8.996 (8.80) LR: 5.000e-03
2025-08-29 11:16:58,547 -                train: [    INFO] - Test: [   0/39]  Time: 0.592 (0.592)  Loss:  1.4204 (1.4204)  Acc@1: 66.0156 (66.0156)  Acc@5: 86.3281 (86.3281)
2025-08-29 11:17:13,580 -                train: [    INFO] - Test: [  39/39]  Time: 0.022 (0.391)  Loss:  1.2796 (1.5568)  Acc@1: 75.0000 (64.2900)  Acc@5: 93.7500 (85.6900)
2025-08-29 11:17:14,940 -                train: [    INFO] - Train: 118 [   0/391 (  0%)]  Loss: 11.57 (11.6)  Loss_gt: 1.240 (1.24)  Loss_kd: 1.929 (1.93)  Loss_ofa: 8.405 (8.40) LR: 5.000e-03
2025-08-29 11:18:16,835 -                train: [    INFO] - Train: 118 [ 200/391 ( 51%)]  Loss: 11.68 (12.0)  Loss_gt: 1.270 (1.28)  Loss_kd: 1.914 (1.99)  Loss_ofa: 8.495 (8.76) LR: 5.000e-03
2025-08-29 11:19:15,465 -                train: [    INFO] - Train: 118 [ 390/391 (100%)]  Loss: 12.19 (12.1)  Loss_gt: 1.309 (1.29)  Loss_kd: 1.910 (1.99)  Loss_ofa: 8.970 (8.80) LR: 5.000e-03
2025-08-29 11:19:16,111 -                train: [    INFO] - Test: [   0/39]  Time: 0.593 (0.593)  Loss:  1.3949 (1.3949)  Acc@1: 66.0156 (66.0156)  Acc@5: 86.3281 (86.3281)
2025-08-29 11:19:34,527 -                train: [    INFO] - Test: [  39/39]  Time: 0.021 (0.475)  Loss:  1.6633 (1.5092)  Acc@1: 75.0000 (65.2000)  Acc@5: 93.7500 (86.0900)
2025-08-29 11:19:35,851 -                train: [    INFO] - Train: 119 [   0/391 (  0%)]  Loss: 12.23 (12.2)  Loss_gt: 1.299 (1.30)  Loss_kd: 2.036 (2.04)  Loss_ofa: 8.899 (8.90) LR: 5.000e-04
2025-08-29 11:20:37,800 -                train: [    INFO] - Train: 119 [ 200/391 ( 51%)]  Loss: 12.14 (11.7)  Loss_gt: 1.213 (1.21)  Loss_kd: 2.027 (1.97)  Loss_ofa: 8.899 (8.53) LR: 5.000e-04
2025-08-29 11:21:36,459 -                train: [    INFO] - Train: 119 [ 390/391 (100%)]  Loss: 12.74 (11.6)  Loss_gt: 1.167 (1.19)  Loss_kd: 2.210 (1.96)  Loss_ofa: 9.367 (8.49) LR: 5.000e-04
2025-08-29 11:21:37,106 -                train: [    INFO] - Test: [   0/39]  Time: 0.585 (0.585)  Loss:  1.1747 (1.1747)  Acc@1: 73.0469 (73.0469)  Acc@5: 91.7969 (91.7969)
2025-08-29 11:21:54,861 -                train: [    INFO] - Test: [  39/39]  Time: 0.026 (0.459)  Loss:  1.5828 (1.4093)  Acc@1: 75.0000 (68.3400)  Acc@5: 93.7500 (88.2100)
2025-08-29 11:21:55,278 - timm.utils.checkpoint_saver: [    INFO] - Current checkpoints:
 ('./output/train/20250829-064142-resnet18-224/checkpoint/checkpoint-119.pth.tar', 68.34)
 ('./output/train/20250829-064142-resnet18-224/checkpoint/checkpoint-65.pth.tar', 67.62)
 ('./output/train/20250829-064142-resnet18-224/checkpoint/checkpoint-66.pth.tar', 67.61)
 ('./output/train/20250829-064142-resnet18-224/checkpoint/checkpoint-64.pth.tar', 67.52)
 ('./output/train/20250829-064142-resnet18-224/checkpoint/checkpoint-68.pth.tar', 67.4)
 ('./output/train/20250829-064142-resnet18-224/checkpoint/checkpoint-69.pth.tar', 67.31)
 ('./output/train/20250829-064142-resnet18-224/checkpoint/checkpoint-62.pth.tar', 67.29)
 ('./output/train/20250829-064142-resnet18-224/checkpoint/checkpoint-67.pth.tar', 67.25)
 ('./output/train/20250829-064142-resnet18-224/checkpoint/checkpoint-63.pth.tar', 67.04)
 ('./output/train/20250829-064142-resnet18-224/checkpoint/checkpoint-70.pth.tar', 67.02)

2025-08-29 11:21:56,307 -                train: [    INFO] - Train: 120 [   0/391 (  0%)]  Loss: 11.46 (11.5)  Loss_gt: 1.157 (1.16)  Loss_kd: 1.927 (1.93)  Loss_ofa: 8.375 (8.38) LR: 5.000e-04
2025-08-29 11:22:58,417 -                train: [    INFO] - Train: 120 [ 200/391 ( 51%)]  Loss: 11.51 (11.5)  Loss_gt: 1.201 (1.16)  Loss_kd: 1.932 (1.94)  Loss_ofa: 8.380 (8.38) LR: 5.000e-04
2025-08-29 11:23:57,145 -                train: [    INFO] - Train: 120 [ 390/391 (100%)]  Loss: 10.07 (11.5)  Loss_gt: 1.125 (1.16)  Loss_kd: 1.645 (1.94)  Loss_ofa: 7.300 (8.39) LR: 5.000e-04
2025-08-29 11:23:57,778 -                train: [    INFO] - Test: [   0/39]  Time: 0.570 (0.570)  Loss:  1.1767 (1.1767)  Acc@1: 74.6094 (74.6094)  Acc@5: 92.1875 (92.1875)
2025-08-29 11:24:13,077 -                train: [    INFO] - Test: [  39/39]  Time: 0.031 (0.397)  Loss:  1.6786 (1.4059)  Acc@1: 68.7500 (68.9100)  Acc@5: 93.7500 (88.3500)
2025-08-29 11:24:13,455 - timm.utils.checkpoint_saver: [    INFO] - Current checkpoints:
 ('./output/train/20250829-064142-resnet18-224/checkpoint/checkpoint-120.pth.tar', 68.91)
 ('./output/train/20250829-064142-resnet18-224/checkpoint/checkpoint-119.pth.tar', 68.34)
 ('./output/train/20250829-064142-resnet18-224/checkpoint/checkpoint-65.pth.tar', 67.62)
 ('./output/train/20250829-064142-resnet18-224/checkpoint/checkpoint-66.pth.tar', 67.61)
 ('./output/train/20250829-064142-resnet18-224/checkpoint/checkpoint-64.pth.tar', 67.52)
 ('./output/train/20250829-064142-resnet18-224/checkpoint/checkpoint-68.pth.tar', 67.4)
 ('./output/train/20250829-064142-resnet18-224/checkpoint/checkpoint-69.pth.tar', 67.31)
 ('./output/train/20250829-064142-resnet18-224/checkpoint/checkpoint-62.pth.tar', 67.29)
 ('./output/train/20250829-064142-resnet18-224/checkpoint/checkpoint-67.pth.tar', 67.25)
 ('./output/train/20250829-064142-resnet18-224/checkpoint/checkpoint-63.pth.tar', 67.04)

2025-08-29 11:24:14,524 -                train: [    INFO] - Train: 121 [   0/391 (  0%)]  Loss: 11.69 (11.7)  Loss_gt: 1.183 (1.18)  Loss_kd: 1.950 (1.95)  Loss_ofa: 8.554 (8.55) LR: 5.000e-04
2025-08-29 11:25:16,794 -                train: [    INFO] - Train: 121 [ 200/391 ( 51%)]  Loss: 10.68 (11.4)  Loss_gt: 1.117 (1.15)  Loss_kd: 1.786 (1.93)  Loss_ofa: 7.776 (8.35) LR: 5.000e-04
2025-08-29 11:26:15,869 -                train: [    INFO] - Train: 121 [ 390/391 (100%)]  Loss: 11.52 (11.4)  Loss_gt: 1.159 (1.15)  Loss_kd: 1.947 (1.93)  Loss_ofa: 8.414 (8.36) LR: 5.000e-04
2025-08-29 11:26:16,510 -                train: [    INFO] - Test: [   0/39]  Time: 0.579 (0.579)  Loss:  1.1857 (1.1857)  Acc@1: 74.2188 (74.2188)  Acc@5: 91.4062 (91.4062)
2025-08-29 11:26:34,309 -                train: [    INFO] - Test: [  39/39]  Time: 0.022 (0.459)  Loss:  1.7405 (1.4005)  Acc@1: 68.7500 (69.0400)  Acc@5: 93.7500 (88.2800)
2025-08-29 11:26:34,624 - timm.utils.checkpoint_saver: [    INFO] - Current checkpoints:
 ('./output/train/20250829-064142-resnet18-224/checkpoint/checkpoint-121.pth.tar', 69.04)
 ('./output/train/20250829-064142-resnet18-224/checkpoint/checkpoint-120.pth.tar', 68.91)
 ('./output/train/20250829-064142-resnet18-224/checkpoint/checkpoint-119.pth.tar', 68.34)
 ('./output/train/20250829-064142-resnet18-224/checkpoint/checkpoint-65.pth.tar', 67.62)
 ('./output/train/20250829-064142-resnet18-224/checkpoint/checkpoint-66.pth.tar', 67.61)
 ('./output/train/20250829-064142-resnet18-224/checkpoint/checkpoint-64.pth.tar', 67.52)
 ('./output/train/20250829-064142-resnet18-224/checkpoint/checkpoint-68.pth.tar', 67.4)
 ('./output/train/20250829-064142-resnet18-224/checkpoint/checkpoint-69.pth.tar', 67.31)
 ('./output/train/20250829-064142-resnet18-224/checkpoint/checkpoint-62.pth.tar', 67.29)
 ('./output/train/20250829-064142-resnet18-224/checkpoint/checkpoint-67.pth.tar', 67.25)

2025-08-29 11:26:35,662 -                train: [    INFO] - Train: 122 [   0/391 (  0%)]  Loss: 11.89 (11.9)  Loss_gt: 1.150 (1.15)  Loss_kd: 2.009 (2.01)  Loss_ofa: 8.728 (8.73) LR: 5.000e-04
2025-08-29 11:27:37,905 -                train: [    INFO] - Train: 122 [ 200/391 ( 51%)]  Loss: 11.08 (11.4)  Loss_gt: 1.140 (1.14)  Loss_kd: 1.857 (1.92)  Loss_ofa: 8.079 (8.31) LR: 5.000e-04
2025-08-29 11:28:36,729 -                train: [    INFO] - Train: 122 [ 390/391 (100%)]  Loss: 11.44 (11.4)  Loss_gt: 1.118 (1.14)  Loss_kd: 1.926 (1.93)  Loss_ofa: 8.400 (8.33) LR: 5.000e-04
2025-08-29 11:28:37,415 -                train: [    INFO] - Test: [   0/39]  Time: 0.627 (0.627)  Loss:  1.1688 (1.1688)  Acc@1: 75.3906 (75.3906)  Acc@5: 91.7969 (91.7969)
2025-08-29 11:28:55,371 -                train: [    INFO] - Test: [  39/39]  Time: 0.021 (0.465)  Loss:  1.7017 (1.4026)  Acc@1: 68.7500 (69.1900)  Acc@5: 93.7500 (88.3800)
2025-08-29 11:28:55,732 - timm.utils.checkpoint_saver: [    INFO] - Current checkpoints:
 ('./output/train/20250829-064142-resnet18-224/checkpoint/checkpoint-122.pth.tar', 69.19)
 ('./output/train/20250829-064142-resnet18-224/checkpoint/checkpoint-121.pth.tar', 69.04)
 ('./output/train/20250829-064142-resnet18-224/checkpoint/checkpoint-120.pth.tar', 68.91)
 ('./output/train/20250829-064142-resnet18-224/checkpoint/checkpoint-119.pth.tar', 68.34)
 ('./output/train/20250829-064142-resnet18-224/checkpoint/checkpoint-65.pth.tar', 67.62)
 ('./output/train/20250829-064142-resnet18-224/checkpoint/checkpoint-66.pth.tar', 67.61)
 ('./output/train/20250829-064142-resnet18-224/checkpoint/checkpoint-64.pth.tar', 67.52)
 ('./output/train/20250829-064142-resnet18-224/checkpoint/checkpoint-68.pth.tar', 67.4)
 ('./output/train/20250829-064142-resnet18-224/checkpoint/checkpoint-69.pth.tar', 67.31)
 ('./output/train/20250829-064142-resnet18-224/checkpoint/checkpoint-62.pth.tar', 67.29)

2025-08-29 11:28:56,821 -                train: [    INFO] - Train: 123 [   0/391 (  0%)]  Loss: 10.71 (10.7)  Loss_gt: 1.108 (1.11)  Loss_kd: 1.775 (1.78)  Loss_ofa: 7.824 (7.82) LR: 5.000e-04
2025-08-29 11:29:59,106 -                train: [    INFO] - Train: 123 [ 200/391 ( 51%)]  Loss: 11.18 (11.4)  Loss_gt: 1.118 (1.13)  Loss_kd: 1.896 (1.92)  Loss_ofa: 8.167 (8.32) LR: 5.000e-04
2025-08-29 11:30:57,875 -                train: [    INFO] - Train: 123 [ 390/391 (100%)]  Loss: 12.26 (11.4)  Loss_gt: 1.213 (1.13)  Loss_kd: 2.060 (1.92)  Loss_ofa: 8.989 (8.32) LR: 5.000e-04
2025-08-29 11:30:58,479 -                train: [    INFO] - Test: [   0/39]  Time: 0.556 (0.556)  Loss:  1.1699 (1.1699)  Acc@1: 74.6094 (74.6094)  Acc@5: 91.7969 (91.7969)
2025-08-29 11:31:13,254 -                train: [    INFO] - Test: [  39/39]  Time: 0.022 (0.383)  Loss:  1.6548 (1.4082)  Acc@1: 68.7500 (68.9800)  Acc@5: 93.7500 (88.4300)
2025-08-29 11:31:13,655 - timm.utils.checkpoint_saver: [    INFO] - Current checkpoints:
 ('./output/train/20250829-064142-resnet18-224/checkpoint/checkpoint-122.pth.tar', 69.19)
 ('./output/train/20250829-064142-resnet18-224/checkpoint/checkpoint-121.pth.tar', 69.04)
 ('./output/train/20250829-064142-resnet18-224/checkpoint/checkpoint-123.pth.tar', 68.98)
 ('./output/train/20250829-064142-resnet18-224/checkpoint/checkpoint-120.pth.tar', 68.91)
 ('./output/train/20250829-064142-resnet18-224/checkpoint/checkpoint-119.pth.tar', 68.34)
 ('./output/train/20250829-064142-resnet18-224/checkpoint/checkpoint-65.pth.tar', 67.62)
 ('./output/train/20250829-064142-resnet18-224/checkpoint/checkpoint-66.pth.tar', 67.61)
 ('./output/train/20250829-064142-resnet18-224/checkpoint/checkpoint-64.pth.tar', 67.52)
 ('./output/train/20250829-064142-resnet18-224/checkpoint/checkpoint-68.pth.tar', 67.4)
 ('./output/train/20250829-064142-resnet18-224/checkpoint/checkpoint-69.pth.tar', 67.31)

2025-08-29 11:31:14,661 -                train: [    INFO] - Train: 124 [   0/391 (  0%)]  Loss: 11.20 (11.2)  Loss_gt: 1.119 (1.12)  Loss_kd: 1.890 (1.89)  Loss_ofa: 8.192 (8.19) LR: 5.000e-04
2025-08-29 11:32:16,681 -                train: [    INFO] - Train: 124 [ 200/391 ( 51%)]  Loss: 11.51 (11.4)  Loss_gt: 1.111 (1.13)  Loss_kd: 1.935 (1.92)  Loss_ofa: 8.468 (8.31) LR: 5.000e-04
2025-08-29 11:33:15,732 -                train: [    INFO] - Train: 124 [ 390/391 (100%)]  Loss: 12.28 (11.4)  Loss_gt: 1.152 (1.13)  Loss_kd: 2.096 (1.92)  Loss_ofa: 9.034 (8.31) LR: 5.000e-04
2025-08-29 11:33:16,338 -                train: [    INFO] - Test: [   0/39]  Time: 0.556 (0.556)  Loss:  1.1980 (1.1980)  Acc@1: 72.6562 (72.6562)  Acc@5: 91.0156 (91.0156)
2025-08-29 11:33:30,990 -                train: [    INFO] - Test: [  39/39]  Time: 0.021 (0.380)  Loss:  1.5677 (1.4109)  Acc@1: 75.0000 (69.2200)  Acc@5: 93.7500 (88.2900)
2025-08-29 11:33:31,305 - timm.utils.checkpoint_saver: [    INFO] - Current checkpoints:
 ('./output/train/20250829-064142-resnet18-224/checkpoint/checkpoint-124.pth.tar', 69.22)
 ('./output/train/20250829-064142-resnet18-224/checkpoint/checkpoint-122.pth.tar', 69.19)
 ('./output/train/20250829-064142-resnet18-224/checkpoint/checkpoint-121.pth.tar', 69.04)
 ('./output/train/20250829-064142-resnet18-224/checkpoint/checkpoint-123.pth.tar', 68.98)
 ('./output/train/20250829-064142-resnet18-224/checkpoint/checkpoint-120.pth.tar', 68.91)
 ('./output/train/20250829-064142-resnet18-224/checkpoint/checkpoint-119.pth.tar', 68.34)
 ('./output/train/20250829-064142-resnet18-224/checkpoint/checkpoint-65.pth.tar', 67.62)
 ('./output/train/20250829-064142-resnet18-224/checkpoint/checkpoint-66.pth.tar', 67.61)
 ('./output/train/20250829-064142-resnet18-224/checkpoint/checkpoint-64.pth.tar', 67.52)
 ('./output/train/20250829-064142-resnet18-224/checkpoint/checkpoint-68.pth.tar', 67.4)

2025-08-29 11:33:32,367 -                train: [    INFO] - Train: 125 [   0/391 (  0%)]  Loss: 11.29 (11.3)  Loss_gt: 1.143 (1.14)  Loss_kd: 1.899 (1.90)  Loss_ofa: 8.245 (8.25) LR: 5.000e-04
2025-08-29 11:34:34,767 -                train: [    INFO] - Train: 125 [ 200/391 ( 51%)]  Loss: 11.53 (11.3)  Loss_gt: 1.139 (1.12)  Loss_kd: 1.960 (1.92)  Loss_ofa: 8.435 (8.30) LR: 5.000e-04
2025-08-29 11:35:33,727 -                train: [    INFO] - Train: 125 [ 390/391 (100%)]  Loss: 11.94 (11.3)  Loss_gt: 1.226 (1.13)  Loss_kd: 2.008 (1.92)  Loss_ofa: 8.711 (8.30) LR: 5.000e-04
2025-08-29 11:35:34,383 -                train: [    INFO] - Test: [   0/39]  Time: 0.615 (0.615)  Loss:  1.1754 (1.1754)  Acc@1: 74.6094 (74.6094)  Acc@5: 91.0156 (91.0156)
2025-08-29 11:35:49,793 -                train: [    INFO] - Test: [  39/39]  Time: 0.022 (0.401)  Loss:  1.5963 (1.4105)  Acc@1: 75.0000 (69.5200)  Acc@5: 93.7500 (88.5200)
2025-08-29 11:35:50,122 - timm.utils.checkpoint_saver: [    INFO] - Current checkpoints:
 ('./output/train/20250829-064142-resnet18-224/checkpoint/checkpoint-125.pth.tar', 69.52)
 ('./output/train/20250829-064142-resnet18-224/checkpoint/checkpoint-124.pth.tar', 69.22)
 ('./output/train/20250829-064142-resnet18-224/checkpoint/checkpoint-122.pth.tar', 69.19)
 ('./output/train/20250829-064142-resnet18-224/checkpoint/checkpoint-121.pth.tar', 69.04)
 ('./output/train/20250829-064142-resnet18-224/checkpoint/checkpoint-123.pth.tar', 68.98)
 ('./output/train/20250829-064142-resnet18-224/checkpoint/checkpoint-120.pth.tar', 68.91)
 ('./output/train/20250829-064142-resnet18-224/checkpoint/checkpoint-119.pth.tar', 68.34)
 ('./output/train/20250829-064142-resnet18-224/checkpoint/checkpoint-65.pth.tar', 67.62)
 ('./output/train/20250829-064142-resnet18-224/checkpoint/checkpoint-66.pth.tar', 67.61)
 ('./output/train/20250829-064142-resnet18-224/checkpoint/checkpoint-64.pth.tar', 67.52)

2025-08-29 11:35:51,185 -                train: [    INFO] - Train: 126 [   0/391 (  0%)]  Loss: 11.18 (11.2)  Loss_gt: 1.128 (1.13)  Loss_kd: 1.874 (1.87)  Loss_ofa: 8.175 (8.17) LR: 5.000e-04
2025-08-29 11:36:53,038 -                train: [    INFO] - Train: 126 [ 200/391 ( 51%)]  Loss: 10.62 (11.3)  Loss_gt: 1.089 (1.12)  Loss_kd: 1.752 (1.92)  Loss_ofa: 7.777 (8.29) LR: 5.000e-04
2025-08-29 11:37:51,781 -                train: [    INFO] - Train: 126 [ 390/391 (100%)]  Loss: 12.13 (11.3)  Loss_gt: 1.147 (1.12)  Loss_kd: 2.089 (1.91)  Loss_ofa: 8.894 (8.28) LR: 5.000e-04
2025-08-29 11:37:52,465 -                train: [    INFO] - Test: [   0/39]  Time: 0.610 (0.610)  Loss:  1.1685 (1.1685)  Acc@1: 74.2188 (74.2188)  Acc@5: 91.4062 (91.4062)
2025-08-29 11:38:07,469 -                train: [    INFO] - Test: [  39/39]  Time: 0.020 (0.390)  Loss:  1.5886 (1.4073)  Acc@1: 75.0000 (69.3900)  Acc@5: 93.7500 (88.5100)
2025-08-29 11:38:07,998 - timm.utils.checkpoint_saver: [    INFO] - Current checkpoints:
 ('./output/train/20250829-064142-resnet18-224/checkpoint/checkpoint-125.pth.tar', 69.52)
 ('./output/train/20250829-064142-resnet18-224/checkpoint/checkpoint-126.pth.tar', 69.39)
 ('./output/train/20250829-064142-resnet18-224/checkpoint/checkpoint-124.pth.tar', 69.22)
 ('./output/train/20250829-064142-resnet18-224/checkpoint/checkpoint-122.pth.tar', 69.19)
 ('./output/train/20250829-064142-resnet18-224/checkpoint/checkpoint-121.pth.tar', 69.04)
 ('./output/train/20250829-064142-resnet18-224/checkpoint/checkpoint-123.pth.tar', 68.98)
 ('./output/train/20250829-064142-resnet18-224/checkpoint/checkpoint-120.pth.tar', 68.91)
 ('./output/train/20250829-064142-resnet18-224/checkpoint/checkpoint-119.pth.tar', 68.34)
 ('./output/train/20250829-064142-resnet18-224/checkpoint/checkpoint-65.pth.tar', 67.62)
 ('./output/train/20250829-064142-resnet18-224/checkpoint/checkpoint-66.pth.tar', 67.61)

2025-08-29 11:38:09,072 -                train: [    INFO] - Train: 127 [   0/391 (  0%)]  Loss: 11.27 (11.3)  Loss_gt: 1.136 (1.14)  Loss_kd: 1.907 (1.91)  Loss_ofa: 8.224 (8.22) LR: 5.000e-04
2025-08-29 11:39:11,367 -                train: [    INFO] - Train: 127 [ 200/391 ( 51%)]  Loss: 12.27 (11.3)  Loss_gt: 1.180 (1.12)  Loss_kd: 2.082 (1.92)  Loss_ofa: 9.004 (8.29) LR: 5.000e-04
2025-08-29 11:40:10,439 -                train: [    INFO] - Train: 127 [ 390/391 (100%)]  Loss: 11.55 (11.3)  Loss_gt: 1.116 (1.12)  Loss_kd: 1.971 (1.91)  Loss_ofa: 8.461 (8.28) LR: 5.000e-04
2025-08-29 11:40:11,108 -                train: [    INFO] - Test: [   0/39]  Time: 0.609 (0.609)  Loss:  1.1932 (1.1932)  Acc@1: 74.2188 (74.2188)  Acc@5: 91.0156 (91.0156)
2025-08-29 11:40:26,609 -                train: [    INFO] - Test: [  39/39]  Time: 0.023 (0.403)  Loss:  1.6490 (1.4084)  Acc@1: 75.0000 (69.4800)  Acc@5: 93.7500 (88.5100)
2025-08-29 11:40:26,951 - timm.utils.checkpoint_saver: [    INFO] - Current checkpoints:
 ('./output/train/20250829-064142-resnet18-224/checkpoint/checkpoint-125.pth.tar', 69.52)
 ('./output/train/20250829-064142-resnet18-224/checkpoint/checkpoint-127.pth.tar', 69.48)
 ('./output/train/20250829-064142-resnet18-224/checkpoint/checkpoint-126.pth.tar', 69.39)
 ('./output/train/20250829-064142-resnet18-224/checkpoint/checkpoint-124.pth.tar', 69.22)
 ('./output/train/20250829-064142-resnet18-224/checkpoint/checkpoint-122.pth.tar', 69.19)
 ('./output/train/20250829-064142-resnet18-224/checkpoint/checkpoint-121.pth.tar', 69.04)
 ('./output/train/20250829-064142-resnet18-224/checkpoint/checkpoint-123.pth.tar', 68.98)
 ('./output/train/20250829-064142-resnet18-224/checkpoint/checkpoint-120.pth.tar', 68.91)
 ('./output/train/20250829-064142-resnet18-224/checkpoint/checkpoint-119.pth.tar', 68.34)
 ('./output/train/20250829-064142-resnet18-224/checkpoint/checkpoint-65.pth.tar', 67.62)

2025-08-29 11:40:28,041 -                train: [    INFO] - Train: 128 [   0/391 (  0%)]  Loss: 11.38 (11.4)  Loss_gt: 1.137 (1.14)  Loss_kd: 1.908 (1.91)  Loss_ofa: 8.332 (8.33) LR: 5.000e-04
2025-08-29 11:41:30,213 -                train: [    INFO] - Train: 128 [ 200/391 ( 51%)]  Loss: 11.23 (11.3)  Loss_gt: 1.090 (1.12)  Loss_kd: 1.900 (1.92)  Loss_ofa: 8.239 (8.28) LR: 5.000e-04
2025-08-29 11:42:28,954 -                train: [    INFO] - Train: 128 [ 390/391 (100%)]  Loss: 11.20 (11.3)  Loss_gt: 1.136 (1.12)  Loss_kd: 1.842 (1.91)  Loss_ofa: 8.217 (8.27) LR: 5.000e-04
2025-08-29 11:42:29,579 -                train: [    INFO] - Test: [   0/39]  Time: 0.565 (0.565)  Loss:  1.1840 (1.1840)  Acc@1: 74.6094 (74.6094)  Acc@5: 91.0156 (91.0156)
2025-08-29 11:42:44,551 -                train: [    INFO] - Test: [  39/39]  Time: 0.026 (0.388)  Loss:  1.6378 (1.4096)  Acc@1: 75.0000 (69.4200)  Acc@5: 93.7500 (88.5000)
2025-08-29 11:42:44,868 - timm.utils.checkpoint_saver: [    INFO] - Current checkpoints:
 ('./output/train/20250829-064142-resnet18-224/checkpoint/checkpoint-125.pth.tar', 69.52)
 ('./output/train/20250829-064142-resnet18-224/checkpoint/checkpoint-127.pth.tar', 69.48)
 ('./output/train/20250829-064142-resnet18-224/checkpoint/checkpoint-128.pth.tar', 69.42)
 ('./output/train/20250829-064142-resnet18-224/checkpoint/checkpoint-126.pth.tar', 69.39)
 ('./output/train/20250829-064142-resnet18-224/checkpoint/checkpoint-124.pth.tar', 69.22)
 ('./output/train/20250829-064142-resnet18-224/checkpoint/checkpoint-122.pth.tar', 69.19)
 ('./output/train/20250829-064142-resnet18-224/checkpoint/checkpoint-121.pth.tar', 69.04)
 ('./output/train/20250829-064142-resnet18-224/checkpoint/checkpoint-123.pth.tar', 68.98)
 ('./output/train/20250829-064142-resnet18-224/checkpoint/checkpoint-120.pth.tar', 68.91)
 ('./output/train/20250829-064142-resnet18-224/checkpoint/checkpoint-119.pth.tar', 68.34)

2025-08-29 11:42:45,929 -                train: [    INFO] - Train: 129 [   0/391 (  0%)]  Loss: 11.59 (11.6)  Loss_gt: 1.132 (1.13)  Loss_kd: 1.965 (1.97)  Loss_ofa: 8.490 (8.49) LR: 5.000e-04
2025-08-29 11:43:47,734 -                train: [    INFO] - Train: 129 [ 200/391 ( 51%)]  Loss: 11.73 (11.3)  Loss_gt: 1.115 (1.11)  Loss_kd: 2.033 (1.91)  Loss_ofa: 8.582 (8.26) LR: 5.000e-04
2025-08-29 11:44:46,365 -                train: [    INFO] - Train: 129 [ 390/391 (100%)]  Loss: 10.97 (11.3)  Loss_gt: 1.112 (1.11)  Loss_kd: 1.837 (1.91)  Loss_ofa: 8.021 (8.27) LR: 5.000e-04
2025-08-29 11:44:46,978 -                train: [    INFO] - Test: [   0/39]  Time: 0.564 (0.564)  Loss:  1.1780 (1.1780)  Acc@1: 74.6094 (74.6094)  Acc@5: 90.6250 (90.6250)
2025-08-29 11:45:03,267 -                train: [    INFO] - Test: [  39/39]  Time: 0.023 (0.421)  Loss:  1.7398 (1.4055)  Acc@1: 75.0000 (69.4700)  Acc@5: 93.7500 (88.5400)
2025-08-29 11:45:03,548 - timm.utils.checkpoint_saver: [    INFO] - Current checkpoints:
 ('./output/train/20250829-064142-resnet18-224/checkpoint/checkpoint-125.pth.tar', 69.52)
 ('./output/train/20250829-064142-resnet18-224/checkpoint/checkpoint-127.pth.tar', 69.48)
 ('./output/train/20250829-064142-resnet18-224/checkpoint/checkpoint-129.pth.tar', 69.47)
 ('./output/train/20250829-064142-resnet18-224/checkpoint/checkpoint-128.pth.tar', 69.42)
 ('./output/train/20250829-064142-resnet18-224/checkpoint/checkpoint-126.pth.tar', 69.39)
 ('./output/train/20250829-064142-resnet18-224/checkpoint/checkpoint-124.pth.tar', 69.22)
 ('./output/train/20250829-064142-resnet18-224/checkpoint/checkpoint-122.pth.tar', 69.19)
 ('./output/train/20250829-064142-resnet18-224/checkpoint/checkpoint-121.pth.tar', 69.04)
 ('./output/train/20250829-064142-resnet18-224/checkpoint/checkpoint-123.pth.tar', 68.98)
 ('./output/train/20250829-064142-resnet18-224/checkpoint/checkpoint-120.pth.tar', 68.91)

2025-08-29 11:45:04,640 -                train: [    INFO] - Train: 130 [   0/391 (  0%)]  Loss: 10.35 (10.4)  Loss_gt: 1.057 (1.06)  Loss_kd: 1.743 (1.74)  Loss_ofa: 7.554 (7.55) LR: 5.000e-04
2025-08-29 11:46:06,587 -                train: [    INFO] - Train: 130 [ 200/391 ( 51%)]  Loss: 11.15 (11.3)  Loss_gt: 1.113 (1.11)  Loss_kd: 1.862 (1.91)  Loss_ofa: 8.180 (8.25) LR: 5.000e-04
2025-08-29 11:47:05,187 -                train: [    INFO] - Train: 130 [ 390/391 (100%)]  Loss: 10.98 (11.3)  Loss_gt: 1.114 (1.11)  Loss_kd: 1.830 (1.91)  Loss_ofa: 8.036 (8.27) LR: 5.000e-04
2025-08-29 11:47:05,962 -                train: [    INFO] - Test: [   0/39]  Time: 0.709 (0.709)  Loss:  1.1954 (1.1954)  Acc@1: 73.4375 (73.4375)  Acc@5: 91.4062 (91.4062)
2025-08-29 11:47:24,368 -                train: [    INFO] - Test: [  39/39]  Time: 0.021 (0.478)  Loss:  1.6178 (1.4077)  Acc@1: 75.0000 (69.5500)  Acc@5: 93.7500 (88.6300)
2025-08-29 11:47:24,836 - timm.utils.checkpoint_saver: [    INFO] - Current checkpoints:
 ('./output/train/20250829-064142-resnet18-224/checkpoint/checkpoint-130.pth.tar', 69.55)
 ('./output/train/20250829-064142-resnet18-224/checkpoint/checkpoint-125.pth.tar', 69.52)
 ('./output/train/20250829-064142-resnet18-224/checkpoint/checkpoint-127.pth.tar', 69.48)
 ('./output/train/20250829-064142-resnet18-224/checkpoint/checkpoint-129.pth.tar', 69.47)
 ('./output/train/20250829-064142-resnet18-224/checkpoint/checkpoint-128.pth.tar', 69.42)
 ('./output/train/20250829-064142-resnet18-224/checkpoint/checkpoint-126.pth.tar', 69.39)
 ('./output/train/20250829-064142-resnet18-224/checkpoint/checkpoint-124.pth.tar', 69.22)
 ('./output/train/20250829-064142-resnet18-224/checkpoint/checkpoint-122.pth.tar', 69.19)
 ('./output/train/20250829-064142-resnet18-224/checkpoint/checkpoint-121.pth.tar', 69.04)
 ('./output/train/20250829-064142-resnet18-224/checkpoint/checkpoint-123.pth.tar', 68.98)

2025-08-29 11:47:25,863 -                train: [    INFO] - Train: 131 [   0/391 (  0%)]  Loss: 11.74 (11.7)  Loss_gt: 1.173 (1.17)  Loss_kd: 2.010 (2.01)  Loss_ofa: 8.555 (8.55) LR: 5.000e-04
2025-08-29 11:48:27,698 -                train: [    INFO] - Train: 131 [ 200/391 ( 51%)]  Loss: 11.42 (11.3)  Loss_gt: 1.138 (1.11)  Loss_kd: 1.940 (1.91)  Loss_ofa: 8.341 (8.25) LR: 5.000e-04
2025-08-29 11:49:26,577 -                train: [    INFO] - Train: 131 [ 390/391 (100%)]  Loss: 10.43 (11.3)  Loss_gt: 1.113 (1.11)  Loss_kd: 1.761 (1.91)  Loss_ofa: 7.560 (8.26) LR: 5.000e-04
2025-08-29 11:49:27,239 -                train: [    INFO] - Test: [   0/39]  Time: 0.612 (0.612)  Loss:  1.1807 (1.1807)  Acc@1: 75.7812 (75.7812)  Acc@5: 91.4062 (91.4062)
2025-08-29 11:49:44,722 -                train: [    INFO] - Test: [  39/39]  Time: 0.023 (0.452)  Loss:  1.6232 (1.4127)  Acc@1: 68.7500 (69.5000)  Acc@5: 93.7500 (88.5300)
2025-08-29 11:49:45,095 - timm.utils.checkpoint_saver: [    INFO] - Current checkpoints:
 ('./output/train/20250829-064142-resnet18-224/checkpoint/checkpoint-130.pth.tar', 69.55)
 ('./output/train/20250829-064142-resnet18-224/checkpoint/checkpoint-125.pth.tar', 69.52)
 ('./output/train/20250829-064142-resnet18-224/checkpoint/checkpoint-131.pth.tar', 69.5)
 ('./output/train/20250829-064142-resnet18-224/checkpoint/checkpoint-127.pth.tar', 69.48)
 ('./output/train/20250829-064142-resnet18-224/checkpoint/checkpoint-129.pth.tar', 69.47)
 ('./output/train/20250829-064142-resnet18-224/checkpoint/checkpoint-128.pth.tar', 69.42)
 ('./output/train/20250829-064142-resnet18-224/checkpoint/checkpoint-126.pth.tar', 69.39)
 ('./output/train/20250829-064142-resnet18-224/checkpoint/checkpoint-124.pth.tar', 69.22)
 ('./output/train/20250829-064142-resnet18-224/checkpoint/checkpoint-122.pth.tar', 69.19)
 ('./output/train/20250829-064142-resnet18-224/checkpoint/checkpoint-121.pth.tar', 69.04)

2025-08-29 11:49:46,112 -                train: [    INFO] - Train: 132 [   0/391 (  0%)]  Loss: 10.89 (10.9)  Loss_gt: 1.089 (1.09)  Loss_kd: 1.838 (1.84)  Loss_ofa: 7.963 (7.96) LR: 5.000e-04
2025-08-29 11:50:47,830 -                train: [    INFO] - Train: 132 [ 200/391 ( 51%)]  Loss: 11.13 (11.3)  Loss_gt: 1.104 (1.11)  Loss_kd: 1.877 (1.91)  Loss_ofa: 8.145 (8.24) LR: 5.000e-04
2025-08-29 11:51:46,424 -                train: [    INFO] - Train: 132 [ 390/391 (100%)]  Loss: 11.13 (11.3)  Loss_gt: 1.107 (1.11)  Loss_kd: 1.840 (1.91)  Loss_ofa: 8.181 (8.25) LR: 5.000e-04
2025-08-29 11:51:47,042 -                train: [    INFO] - Test: [   0/39]  Time: 0.568 (0.568)  Loss:  1.2073 (1.2073)  Acc@1: 72.6562 (72.6562)  Acc@5: 91.0156 (91.0156)
2025-08-29 11:52:02,220 -                train: [    INFO] - Test: [  39/39]  Time: 0.046 (0.394)  Loss:  1.5095 (1.4161)  Acc@1: 75.0000 (69.3100)  Acc@5: 93.7500 (88.4900)
2025-08-29 11:52:02,568 - timm.utils.checkpoint_saver: [    INFO] - Current checkpoints:
 ('./output/train/20250829-064142-resnet18-224/checkpoint/checkpoint-130.pth.tar', 69.55)
 ('./output/train/20250829-064142-resnet18-224/checkpoint/checkpoint-125.pth.tar', 69.52)
 ('./output/train/20250829-064142-resnet18-224/checkpoint/checkpoint-131.pth.tar', 69.5)
 ('./output/train/20250829-064142-resnet18-224/checkpoint/checkpoint-127.pth.tar', 69.48)
 ('./output/train/20250829-064142-resnet18-224/checkpoint/checkpoint-129.pth.tar', 69.47)
 ('./output/train/20250829-064142-resnet18-224/checkpoint/checkpoint-128.pth.tar', 69.42)
 ('./output/train/20250829-064142-resnet18-224/checkpoint/checkpoint-126.pth.tar', 69.39)
 ('./output/train/20250829-064142-resnet18-224/checkpoint/checkpoint-132.pth.tar', 69.31)
 ('./output/train/20250829-064142-resnet18-224/checkpoint/checkpoint-124.pth.tar', 69.22)
 ('./output/train/20250829-064142-resnet18-224/checkpoint/checkpoint-122.pth.tar', 69.19)

2025-08-29 11:52:03,787 -                train: [    INFO] - Train: 133 [   0/391 (  0%)]  Loss: 11.22 (11.2)  Loss_gt: 1.093 (1.09)  Loss_kd: 1.925 (1.92)  Loss_ofa: 8.207 (8.21) LR: 5.000e-04
2025-08-29 11:53:05,479 -                train: [    INFO] - Train: 133 [ 200/391 ( 51%)]  Loss: 10.97 (11.3)  Loss_gt: 1.108 (1.11)  Loss_kd: 1.854 (1.91)  Loss_ofa: 8.010 (8.25) LR: 5.000e-04
2025-08-29 11:54:04,265 -                train: [    INFO] - Train: 133 [ 390/391 (100%)]  Loss: 10.62 (11.3)  Loss_gt: 1.104 (1.11)  Loss_kd: 1.798 (1.91)  Loss_ofa: 7.716 (8.25) LR: 5.000e-04
2025-08-29 11:54:04,891 -                train: [    INFO] - Test: [   0/39]  Time: 0.572 (0.572)  Loss:  1.1706 (1.1706)  Acc@1: 75.3906 (75.3906)  Acc@5: 91.0156 (91.0156)
2025-08-29 11:54:19,652 -                train: [    INFO] - Test: [  39/39]  Time: 0.021 (0.383)  Loss:  1.5237 (1.4079)  Acc@1: 75.0000 (69.6300)  Acc@5: 93.7500 (88.3500)
2025-08-29 11:54:19,955 - timm.utils.checkpoint_saver: [    INFO] - Current checkpoints:
 ('./output/train/20250829-064142-resnet18-224/checkpoint/checkpoint-133.pth.tar', 69.63)
 ('./output/train/20250829-064142-resnet18-224/checkpoint/checkpoint-130.pth.tar', 69.55)
 ('./output/train/20250829-064142-resnet18-224/checkpoint/checkpoint-125.pth.tar', 69.52)
 ('./output/train/20250829-064142-resnet18-224/checkpoint/checkpoint-131.pth.tar', 69.5)
 ('./output/train/20250829-064142-resnet18-224/checkpoint/checkpoint-127.pth.tar', 69.48)
 ('./output/train/20250829-064142-resnet18-224/checkpoint/checkpoint-129.pth.tar', 69.47)
 ('./output/train/20250829-064142-resnet18-224/checkpoint/checkpoint-128.pth.tar', 69.42)
 ('./output/train/20250829-064142-resnet18-224/checkpoint/checkpoint-126.pth.tar', 69.39)
 ('./output/train/20250829-064142-resnet18-224/checkpoint/checkpoint-132.pth.tar', 69.31)
 ('./output/train/20250829-064142-resnet18-224/checkpoint/checkpoint-124.pth.tar', 69.22)

2025-08-29 11:54:20,990 -                train: [    INFO] - Train: 134 [   0/391 (  0%)]  Loss: 10.69 (10.7)  Loss_gt: 1.075 (1.08)  Loss_kd: 1.749 (1.75)  Loss_ofa: 7.870 (7.87) LR: 5.000e-04
2025-08-29 11:55:22,699 -                train: [    INFO] - Train: 134 [ 200/391 ( 51%)]  Loss: 11.38 (11.3)  Loss_gt: 1.137 (1.11)  Loss_kd: 1.894 (1.91)  Loss_ofa: 8.344 (8.25) LR: 5.000e-04
2025-08-29 11:56:21,224 -                train: [    INFO] - Train: 134 [ 390/391 (100%)]  Loss: 10.97 (11.3)  Loss_gt: 1.113 (1.11)  Loss_kd: 1.844 (1.90)  Loss_ofa: 8.012 (8.24) LR: 5.000e-04
2025-08-29 11:56:22,031 -                train: [    INFO] - Test: [   0/39]  Time: 0.752 (0.752)  Loss:  1.1819 (1.1819)  Acc@1: 75.0000 (75.0000)  Acc@5: 91.0156 (91.0156)
2025-08-29 11:56:39,933 -                train: [    INFO] - Test: [  39/39]  Time: 0.023 (0.466)  Loss:  1.6134 (1.4170)  Acc@1: 75.0000 (69.4200)  Acc@5: 93.7500 (88.4100)
2025-08-29 11:56:40,294 - timm.utils.checkpoint_saver: [    INFO] - Current checkpoints:
 ('./output/train/20250829-064142-resnet18-224/checkpoint/checkpoint-133.pth.tar', 69.63)
 ('./output/train/20250829-064142-resnet18-224/checkpoint/checkpoint-130.pth.tar', 69.55)
 ('./output/train/20250829-064142-resnet18-224/checkpoint/checkpoint-125.pth.tar', 69.52)
 ('./output/train/20250829-064142-resnet18-224/checkpoint/checkpoint-131.pth.tar', 69.5)
 ('./output/train/20250829-064142-resnet18-224/checkpoint/checkpoint-127.pth.tar', 69.48)
 ('./output/train/20250829-064142-resnet18-224/checkpoint/checkpoint-129.pth.tar', 69.47)
 ('./output/train/20250829-064142-resnet18-224/checkpoint/checkpoint-128.pth.tar', 69.42)
 ('./output/train/20250829-064142-resnet18-224/checkpoint/checkpoint-134.pth.tar', 69.42)
 ('./output/train/20250829-064142-resnet18-224/checkpoint/checkpoint-126.pth.tar', 69.39)
 ('./output/train/20250829-064142-resnet18-224/checkpoint/checkpoint-132.pth.tar', 69.31)

2025-08-29 11:56:41,363 -                train: [    INFO] - Train: 135 [   0/391 (  0%)]  Loss: 11.88 (11.9)  Loss_gt: 1.151 (1.15)  Loss_kd: 2.012 (2.01)  Loss_ofa: 8.720 (8.72) LR: 5.000e-04
2025-08-29 11:57:43,279 -                train: [    INFO] - Train: 135 [ 200/391 ( 51%)]  Loss: 11.03 (11.2)  Loss_gt: 1.115 (1.10)  Loss_kd: 1.851 (1.90)  Loss_ofa: 8.066 (8.22) LR: 5.000e-04
2025-08-29 11:58:41,974 -                train: [    INFO] - Train: 135 [ 390/391 (100%)]  Loss: 10.75 (11.2)  Loss_gt: 1.110 (1.11)  Loss_kd: 1.810 (1.90)  Loss_ofa: 7.829 (8.24) LR: 5.000e-04
2025-08-29 11:58:42,623 -                train: [    INFO] - Test: [   0/39]  Time: 0.609 (0.609)  Loss:  1.2199 (1.2199)  Acc@1: 73.8281 (73.8281)  Acc@5: 89.8438 (89.8438)
2025-08-29 11:58:57,712 -                train: [    INFO] - Test: [  39/39]  Time: 0.022 (0.392)  Loss:  1.6392 (1.4171)  Acc@1: 75.0000 (69.6500)  Acc@5: 93.7500 (88.5100)
2025-08-29 11:58:58,088 - timm.utils.checkpoint_saver: [    INFO] - Current checkpoints:
 ('./output/train/20250829-064142-resnet18-224/checkpoint/checkpoint-135.pth.tar', 69.65)
 ('./output/train/20250829-064142-resnet18-224/checkpoint/checkpoint-133.pth.tar', 69.63)
 ('./output/train/20250829-064142-resnet18-224/checkpoint/checkpoint-130.pth.tar', 69.55)
 ('./output/train/20250829-064142-resnet18-224/checkpoint/checkpoint-125.pth.tar', 69.52)
 ('./output/train/20250829-064142-resnet18-224/checkpoint/checkpoint-131.pth.tar', 69.5)
 ('./output/train/20250829-064142-resnet18-224/checkpoint/checkpoint-127.pth.tar', 69.48)
 ('./output/train/20250829-064142-resnet18-224/checkpoint/checkpoint-129.pth.tar', 69.47)
 ('./output/train/20250829-064142-resnet18-224/checkpoint/checkpoint-128.pth.tar', 69.42)
 ('./output/train/20250829-064142-resnet18-224/checkpoint/checkpoint-134.pth.tar', 69.42)
 ('./output/train/20250829-064142-resnet18-224/checkpoint/checkpoint-126.pth.tar', 69.39)

2025-08-29 11:58:59,141 -                train: [    INFO] - Train: 136 [   0/391 (  0%)]  Loss: 11.56 (11.6)  Loss_gt: 1.094 (1.09)  Loss_kd: 1.991 (1.99)  Loss_ofa: 8.473 (8.47) LR: 5.000e-04
2025-08-29 12:00:00,904 -                train: [    INFO] - Train: 136 [ 200/391 ( 51%)]  Loss: 11.18 (11.3)  Loss_gt: 1.083 (1.10)  Loss_kd: 1.883 (1.91)  Loss_ofa: 8.213 (8.27) LR: 5.000e-04
2025-08-29 12:00:59,721 -                train: [    INFO] - Train: 136 [ 390/391 (100%)]  Loss: 11.81 (11.3)  Loss_gt: 1.068 (1.10)  Loss_kd: 2.042 (1.91)  Loss_ofa: 8.698 (8.24) LR: 5.000e-04
2025-08-29 12:01:00,380 -                train: [    INFO] - Test: [   0/39]  Time: 0.609 (0.609)  Loss:  1.1570 (1.1570)  Acc@1: 74.6094 (74.6094)  Acc@5: 91.0156 (91.0156)
2025-08-29 12:01:15,479 -                train: [    INFO] - Test: [  39/39]  Time: 0.025 (0.393)  Loss:  1.6857 (1.4162)  Acc@1: 75.0000 (69.5800)  Acc@5: 93.7500 (88.3500)
2025-08-29 12:01:15,883 - timm.utils.checkpoint_saver: [    INFO] - Current checkpoints:
 ('./output/train/20250829-064142-resnet18-224/checkpoint/checkpoint-135.pth.tar', 69.65)
 ('./output/train/20250829-064142-resnet18-224/checkpoint/checkpoint-133.pth.tar', 69.63)
 ('./output/train/20250829-064142-resnet18-224/checkpoint/checkpoint-136.pth.tar', 69.58)
 ('./output/train/20250829-064142-resnet18-224/checkpoint/checkpoint-130.pth.tar', 69.55)
 ('./output/train/20250829-064142-resnet18-224/checkpoint/checkpoint-125.pth.tar', 69.52)
 ('./output/train/20250829-064142-resnet18-224/checkpoint/checkpoint-131.pth.tar', 69.5)
 ('./output/train/20250829-064142-resnet18-224/checkpoint/checkpoint-127.pth.tar', 69.48)
 ('./output/train/20250829-064142-resnet18-224/checkpoint/checkpoint-129.pth.tar', 69.47)
 ('./output/train/20250829-064142-resnet18-224/checkpoint/checkpoint-128.pth.tar', 69.42)
 ('./output/train/20250829-064142-resnet18-224/checkpoint/checkpoint-134.pth.tar', 69.42)

2025-08-29 12:01:16,943 -                train: [    INFO] - Train: 137 [   0/391 (  0%)]  Loss: 11.85 (11.9)  Loss_gt: 1.179 (1.18)  Loss_kd: 2.005 (2.01)  Loss_ofa: 8.666 (8.67) LR: 5.000e-04
2025-08-29 12:02:18,743 -                train: [    INFO] - Train: 137 [ 200/391 ( 51%)]  Loss: 10.68 (11.2)  Loss_gt: 1.081 (1.10)  Loss_kd: 1.806 (1.90)  Loss_ofa: 7.793 (8.22) LR: 5.000e-04
2025-08-29 12:03:17,354 -                train: [    INFO] - Train: 137 [ 390/391 (100%)]  Loss: 11.65 (11.2)  Loss_gt: 1.181 (1.10)  Loss_kd: 1.963 (1.90)  Loss_ofa: 8.501 (8.23) LR: 5.000e-04
2025-08-29 12:03:18,007 -                train: [    INFO] - Test: [   0/39]  Time: 0.597 (0.597)  Loss:  1.1750 (1.1750)  Acc@1: 74.2188 (74.2188)  Acc@5: 91.7969 (91.7969)
2025-08-29 12:03:32,740 -                train: [    INFO] - Test: [  39/39]  Time: 0.023 (0.383)  Loss:  1.6724 (1.4199)  Acc@1: 75.0000 (69.4600)  Acc@5: 93.7500 (88.2800)
2025-08-29 12:03:33,072 - timm.utils.checkpoint_saver: [    INFO] - Current checkpoints:
 ('./output/train/20250829-064142-resnet18-224/checkpoint/checkpoint-135.pth.tar', 69.65)
 ('./output/train/20250829-064142-resnet18-224/checkpoint/checkpoint-133.pth.tar', 69.63)
 ('./output/train/20250829-064142-resnet18-224/checkpoint/checkpoint-136.pth.tar', 69.58)
 ('./output/train/20250829-064142-resnet18-224/checkpoint/checkpoint-130.pth.tar', 69.55)
 ('./output/train/20250829-064142-resnet18-224/checkpoint/checkpoint-125.pth.tar', 69.52)
 ('./output/train/20250829-064142-resnet18-224/checkpoint/checkpoint-131.pth.tar', 69.5)
 ('./output/train/20250829-064142-resnet18-224/checkpoint/checkpoint-127.pth.tar', 69.48)
 ('./output/train/20250829-064142-resnet18-224/checkpoint/checkpoint-129.pth.tar', 69.47)
 ('./output/train/20250829-064142-resnet18-224/checkpoint/checkpoint-137.pth.tar', 69.46)
 ('./output/train/20250829-064142-resnet18-224/checkpoint/checkpoint-128.pth.tar', 69.42)

2025-08-29 12:03:34,120 -                train: [    INFO] - Train: 138 [   0/391 (  0%)]  Loss: 11.06 (11.1)  Loss_gt: 1.118 (1.12)  Loss_kd: 1.845 (1.84)  Loss_ofa: 8.098 (8.10) LR: 5.000e-04
2025-08-29 12:04:36,152 -                train: [    INFO] - Train: 138 [ 200/391 ( 51%)]  Loss: 11.16 (11.2)  Loss_gt: 1.104 (1.10)  Loss_kd: 1.869 (1.89)  Loss_ofa: 8.185 (8.19) LR: 5.000e-04
2025-08-29 12:05:34,988 -                train: [    INFO] - Train: 138 [ 390/391 (100%)]  Loss: 12.57 (11.2)  Loss_gt: 1.153 (1.10)  Loss_kd: 2.153 (1.90)  Loss_ofa: 9.266 (8.22) LR: 5.000e-04
2025-08-29 12:05:35,720 -                train: [    INFO] - Test: [   0/39]  Time: 0.666 (0.666)  Loss:  1.2235 (1.2235)  Acc@1: 73.4375 (73.4375)  Acc@5: 90.2344 (90.2344)
2025-08-29 12:05:50,582 -                train: [    INFO] - Test: [  39/39]  Time: 0.021 (0.388)  Loss:  1.6494 (1.4192)  Acc@1: 75.0000 (69.3300)  Acc@5: 93.7500 (88.3500)
2025-08-29 12:05:52,023 -                train: [    INFO] - Train: 139 [   0/391 (  0%)]  Loss: 11.49 (11.5)  Loss_gt: 1.130 (1.13)  Loss_kd: 1.939 (1.94)  Loss_ofa: 8.420 (8.42) LR: 5.000e-04
2025-08-29 12:06:53,952 -                train: [    INFO] - Train: 139 [ 200/391 ( 51%)]  Loss: 11.88 (11.3)  Loss_gt: 1.122 (1.10)  Loss_kd: 2.048 (1.91)  Loss_ofa: 8.709 (8.24) LR: 5.000e-04
2025-08-29 12:07:52,850 -                train: [    INFO] - Train: 139 [ 390/391 (100%)]  Loss: 10.77 (11.2)  Loss_gt: 1.051 (1.10)  Loss_kd: 1.826 (1.90)  Loss_ofa: 7.897 (8.22) LR: 5.000e-04
2025-08-29 12:07:53,503 -                train: [    INFO] - Test: [   0/39]  Time: 0.593 (0.593)  Loss:  1.1928 (1.1928)  Acc@1: 74.6094 (74.6094)  Acc@5: 90.6250 (90.6250)
2025-08-29 12:08:12,184 -                train: [    INFO] - Test: [  39/39]  Time: 0.026 (0.482)  Loss:  1.6069 (1.4190)  Acc@1: 75.0000 (69.4100)  Acc@5: 100.0000 (88.3400)
2025-08-29 12:08:13,556 -                train: [    INFO] - Train: 140 [   0/391 (  0%)]  Loss: 12.03 (12.0)  Loss_gt: 1.130 (1.13)  Loss_kd: 2.067 (2.07)  Loss_ofa: 8.832 (8.83) LR: 5.000e-04
2025-08-29 12:09:15,568 -                train: [    INFO] - Train: 140 [ 200/391 ( 51%)]  Loss: 11.59 (11.2)  Loss_gt: 1.091 (1.10)  Loss_kd: 1.997 (1.90)  Loss_ofa: 8.505 (8.19) LR: 5.000e-04
2025-08-29 12:10:14,325 -                train: [    INFO] - Train: 140 [ 390/391 (100%)]  Loss: 11.46 (11.2)  Loss_gt: 1.122 (1.10)  Loss_kd: 1.902 (1.90)  Loss_ofa: 8.434 (8.22) LR: 5.000e-04
2025-08-29 12:10:14,971 -                train: [    INFO] - Test: [   0/39]  Time: 0.592 (0.592)  Loss:  1.1782 (1.1782)  Acc@1: 75.0000 (75.0000)  Acc@5: 90.2344 (90.2344)
2025-08-29 12:10:32,849 -                train: [    INFO] - Test: [  39/39]  Time: 0.021 (0.462)  Loss:  1.6080 (1.4183)  Acc@1: 75.0000 (69.7100)  Acc@5: 93.7500 (88.3000)
2025-08-29 12:10:33,261 - timm.utils.checkpoint_saver: [    INFO] - Current checkpoints:
 ('./output/train/20250829-064142-resnet18-224/checkpoint/checkpoint-140.pth.tar', 69.71)
 ('./output/train/20250829-064142-resnet18-224/checkpoint/checkpoint-135.pth.tar', 69.65)
 ('./output/train/20250829-064142-resnet18-224/checkpoint/checkpoint-133.pth.tar', 69.63)
 ('./output/train/20250829-064142-resnet18-224/checkpoint/checkpoint-136.pth.tar', 69.58)
 ('./output/train/20250829-064142-resnet18-224/checkpoint/checkpoint-130.pth.tar', 69.55)
 ('./output/train/20250829-064142-resnet18-224/checkpoint/checkpoint-125.pth.tar', 69.52)
 ('./output/train/20250829-064142-resnet18-224/checkpoint/checkpoint-131.pth.tar', 69.5)
 ('./output/train/20250829-064142-resnet18-224/checkpoint/checkpoint-127.pth.tar', 69.48)
 ('./output/train/20250829-064142-resnet18-224/checkpoint/checkpoint-129.pth.tar', 69.47)
 ('./output/train/20250829-064142-resnet18-224/checkpoint/checkpoint-137.pth.tar', 69.46)

2025-08-29 12:10:34,420 -                train: [    INFO] - Train: 141 [   0/391 (  0%)]  Loss: 11.71 (11.7)  Loss_gt: 1.123 (1.12)  Loss_kd: 1.996 (2.00)  Loss_ofa: 8.587 (8.59) LR: 5.000e-04
2025-08-29 12:11:36,208 -                train: [    INFO] - Train: 141 [ 200/391 ( 51%)]  Loss: 10.96 (11.2)  Loss_gt: 1.080 (1.10)  Loss_kd: 1.850 (1.90)  Loss_ofa: 8.030 (8.20) LR: 5.000e-04
2025-08-29 12:12:35,133 -                train: [    INFO] - Train: 141 [ 390/391 (100%)]  Loss: 11.08 (11.2)  Loss_gt: 1.144 (1.10)  Loss_kd: 1.852 (1.90)  Loss_ofa: 8.080 (8.22) LR: 5.000e-04
2025-08-29 12:12:35,849 -                train: [    INFO] - Test: [   0/39]  Time: 0.653 (0.653)  Loss:  1.2059 (1.2059)  Acc@1: 73.0469 (73.0469)  Acc@5: 90.6250 (90.6250)
2025-08-29 12:12:50,855 -                train: [    INFO] - Test: [  39/39]  Time: 0.022 (0.391)  Loss:  1.6300 (1.4208)  Acc@1: 75.0000 (69.4700)  Acc@5: 93.7500 (88.4400)
2025-08-29 12:12:51,206 - timm.utils.checkpoint_saver: [    INFO] - Current checkpoints:
 ('./output/train/20250829-064142-resnet18-224/checkpoint/checkpoint-140.pth.tar', 69.71)
 ('./output/train/20250829-064142-resnet18-224/checkpoint/checkpoint-135.pth.tar', 69.65)
 ('./output/train/20250829-064142-resnet18-224/checkpoint/checkpoint-133.pth.tar', 69.63)
 ('./output/train/20250829-064142-resnet18-224/checkpoint/checkpoint-136.pth.tar', 69.58)
 ('./output/train/20250829-064142-resnet18-224/checkpoint/checkpoint-130.pth.tar', 69.55)
 ('./output/train/20250829-064142-resnet18-224/checkpoint/checkpoint-125.pth.tar', 69.52)
 ('./output/train/20250829-064142-resnet18-224/checkpoint/checkpoint-131.pth.tar', 69.5)
 ('./output/train/20250829-064142-resnet18-224/checkpoint/checkpoint-127.pth.tar', 69.48)
 ('./output/train/20250829-064142-resnet18-224/checkpoint/checkpoint-129.pth.tar', 69.47)
 ('./output/train/20250829-064142-resnet18-224/checkpoint/checkpoint-141.pth.tar', 69.47)

2025-08-29 12:12:52,272 -                train: [    INFO] - Train: 142 [   0/391 (  0%)]  Loss: 11.55 (11.6)  Loss_gt: 1.097 (1.10)  Loss_kd: 1.965 (1.97)  Loss_ofa: 8.490 (8.49) LR: 5.000e-04
2025-08-29 12:13:54,253 -                train: [    INFO] - Train: 142 [ 200/391 ( 51%)]  Loss: 11.23 (11.2)  Loss_gt: 1.090 (1.10)  Loss_kd: 1.917 (1.90)  Loss_ofa: 8.226 (8.21) LR: 5.000e-04
2025-08-29 12:14:52,929 -                train: [    INFO] - Train: 142 [ 390/391 (100%)]  Loss: 10.41 (11.2)  Loss_gt: 1.058 (1.10)  Loss_kd: 1.740 (1.90)  Loss_ofa: 7.608 (8.22) LR: 5.000e-04
2025-08-29 12:14:53,583 -                train: [    INFO] - Test: [   0/39]  Time: 0.594 (0.594)  Loss:  1.1711 (1.1711)  Acc@1: 74.2188 (74.2188)  Acc@5: 91.7969 (91.7969)
2025-08-29 12:15:11,951 -                train: [    INFO] - Test: [  39/39]  Time: 0.021 (0.474)  Loss:  1.6577 (1.4211)  Acc@1: 75.0000 (69.6300)  Acc@5: 93.7500 (88.6000)
2025-08-29 12:15:12,265 - timm.utils.checkpoint_saver: [    INFO] - Current checkpoints:
 ('./output/train/20250829-064142-resnet18-224/checkpoint/checkpoint-140.pth.tar', 69.71)
 ('./output/train/20250829-064142-resnet18-224/checkpoint/checkpoint-135.pth.tar', 69.65)
 ('./output/train/20250829-064142-resnet18-224/checkpoint/checkpoint-133.pth.tar', 69.63)
 ('./output/train/20250829-064142-resnet18-224/checkpoint/checkpoint-142.pth.tar', 69.63)
 ('./output/train/20250829-064142-resnet18-224/checkpoint/checkpoint-136.pth.tar', 69.58)
 ('./output/train/20250829-064142-resnet18-224/checkpoint/checkpoint-130.pth.tar', 69.55)
 ('./output/train/20250829-064142-resnet18-224/checkpoint/checkpoint-125.pth.tar', 69.52)
 ('./output/train/20250829-064142-resnet18-224/checkpoint/checkpoint-131.pth.tar', 69.5)
 ('./output/train/20250829-064142-resnet18-224/checkpoint/checkpoint-127.pth.tar', 69.48)
 ('./output/train/20250829-064142-resnet18-224/checkpoint/checkpoint-129.pth.tar', 69.47)

2025-08-29 12:15:13,441 -                train: [    INFO] - Train: 143 [   0/391 (  0%)]  Loss: 11.06 (11.1)  Loss_gt: 1.125 (1.13)  Loss_kd: 1.857 (1.86)  Loss_ofa: 8.077 (8.08) LR: 5.000e-04
2025-08-29 12:16:16,030 -                train: [    INFO] - Train: 143 [ 200/391 ( 51%)]  Loss: 10.75 (11.2)  Loss_gt: 1.101 (1.10)  Loss_kd: 1.810 (1.91)  Loss_ofa: 7.836 (8.22) LR: 5.000e-04
2025-08-29 12:17:19,167 -                train: [    INFO] - Train: 143 [ 390/391 (100%)]  Loss: 11.40 (11.2)  Loss_gt: 1.117 (1.10)  Loss_kd: 1.937 (1.90)  Loss_ofa: 8.346 (8.22) LR: 5.000e-04
2025-08-29 12:17:19,811 -                train: [    INFO] - Test: [   0/39]  Time: 0.579 (0.579)  Loss:  1.1615 (1.1615)  Acc@1: 74.2188 (74.2188)  Acc@5: 91.7969 (91.7969)
2025-08-29 12:17:55,444 -                train: [    INFO] - Test: [  39/39]  Time: 0.067 (0.905)  Loss:  1.7904 (1.4200)  Acc@1: 75.0000 (69.7300)  Acc@5: 93.7500 (88.4300)
2025-08-29 12:17:55,803 - timm.utils.checkpoint_saver: [    INFO] - Current checkpoints:
 ('./output/train/20250829-064142-resnet18-224/checkpoint/checkpoint-143.pth.tar', 69.73)
 ('./output/train/20250829-064142-resnet18-224/checkpoint/checkpoint-140.pth.tar', 69.71)
 ('./output/train/20250829-064142-resnet18-224/checkpoint/checkpoint-135.pth.tar', 69.65)
 ('./output/train/20250829-064142-resnet18-224/checkpoint/checkpoint-133.pth.tar', 69.63)
 ('./output/train/20250829-064142-resnet18-224/checkpoint/checkpoint-142.pth.tar', 69.63)
 ('./output/train/20250829-064142-resnet18-224/checkpoint/checkpoint-136.pth.tar', 69.58)
 ('./output/train/20250829-064142-resnet18-224/checkpoint/checkpoint-130.pth.tar', 69.55)
 ('./output/train/20250829-064142-resnet18-224/checkpoint/checkpoint-125.pth.tar', 69.52)
 ('./output/train/20250829-064142-resnet18-224/checkpoint/checkpoint-131.pth.tar', 69.5)
 ('./output/train/20250829-064142-resnet18-224/checkpoint/checkpoint-127.pth.tar', 69.48)

2025-08-29 12:17:56,894 -                train: [    INFO] - Train: 144 [   0/391 (  0%)]  Loss: 11.06 (11.1)  Loss_gt: 1.081 (1.08)  Loss_kd: 1.892 (1.89)  Loss_ofa: 8.090 (8.09) LR: 5.000e-04
2025-08-29 12:19:00,520 -                train: [    INFO] - Train: 144 [ 200/391 ( 51%)]  Loss: 11.37 (11.2)  Loss_gt: 1.107 (1.10)  Loss_kd: 1.927 (1.90)  Loss_ofa: 8.336 (8.20) LR: 5.000e-04
2025-08-29 12:20:03,373 -                train: [    INFO] - Train: 144 [ 390/391 (100%)]  Loss: 11.36 (11.2)  Loss_gt: 1.100 (1.10)  Loss_kd: 1.930 (1.90)  Loss_ofa: 8.329 (8.20) LR: 5.000e-04
2025-08-29 12:20:04,515 -                train: [    INFO] - Test: [   0/39]  Time: 1.021 (1.021)  Loss:  1.1880 (1.1880)  Acc@1: 74.2188 (74.2188)  Acc@5: 91.4062 (91.4062)
2025-08-29 12:20:28,593 -                train: [    INFO] - Test: [  39/39]  Time: 0.029 (0.627)  Loss:  1.6739 (1.4241)  Acc@1: 75.0000 (69.3700)  Acc@5: 93.7500 (88.2700)
2025-08-29 12:20:29,997 -                train: [    INFO] - Train: 145 [   0/391 (  0%)]  Loss: 10.97 (11.0)  Loss_gt: 1.088 (1.09)  Loss_kd: 1.863 (1.86)  Loss_ofa: 8.018 (8.02) LR: 5.000e-04
2025-08-29 12:21:32,353 -                train: [    INFO] - Train: 145 [ 200/391 ( 51%)]  Loss: 11.26 (11.2)  Loss_gt: 1.104 (1.10)  Loss_kd: 1.932 (1.91)  Loss_ofa: 8.227 (8.23) LR: 5.000e-04
2025-08-29 12:22:31,915 -                train: [    INFO] - Train: 145 [ 390/391 (100%)]  Loss: 11.07 (11.2)  Loss_gt: 1.093 (1.10)  Loss_kd: 1.863 (1.90)  Loss_ofa: 8.115 (8.21) LR: 5.000e-04
2025-08-29 12:22:32,606 -                train: [    INFO] - Test: [   0/39]  Time: 0.620 (0.620)  Loss:  1.2279 (1.2279)  Acc@1: 73.0469 (73.0469)  Acc@5: 91.0156 (91.0156)
2025-08-29 12:22:50,949 -                train: [    INFO] - Test: [  39/39]  Time: 0.027 (0.474)  Loss:  1.6826 (1.4197)  Acc@1: 75.0000 (69.5100)  Acc@5: 93.7500 (88.4600)
2025-08-29 12:22:51,297 - timm.utils.checkpoint_saver: [    INFO] - Current checkpoints:
 ('./output/train/20250829-064142-resnet18-224/checkpoint/checkpoint-143.pth.tar', 69.73)
 ('./output/train/20250829-064142-resnet18-224/checkpoint/checkpoint-140.pth.tar', 69.71)
 ('./output/train/20250829-064142-resnet18-224/checkpoint/checkpoint-135.pth.tar', 69.65)
 ('./output/train/20250829-064142-resnet18-224/checkpoint/checkpoint-133.pth.tar', 69.63)
 ('./output/train/20250829-064142-resnet18-224/checkpoint/checkpoint-142.pth.tar', 69.63)
 ('./output/train/20250829-064142-resnet18-224/checkpoint/checkpoint-136.pth.tar', 69.58)
 ('./output/train/20250829-064142-resnet18-224/checkpoint/checkpoint-130.pth.tar', 69.55)
 ('./output/train/20250829-064142-resnet18-224/checkpoint/checkpoint-125.pth.tar', 69.52)
 ('./output/train/20250829-064142-resnet18-224/checkpoint/checkpoint-145.pth.tar', 69.51)
 ('./output/train/20250829-064142-resnet18-224/checkpoint/checkpoint-131.pth.tar', 69.5)

2025-08-29 12:22:52,322 -                train: [    INFO] - Train: 146 [   0/391 (  0%)]  Loss: 11.17 (11.2)  Loss_gt: 1.068 (1.07)  Loss_kd: 1.910 (1.91)  Loss_ofa: 8.196 (8.20) LR: 5.000e-04
2025-08-29 12:23:55,330 -                train: [    INFO] - Train: 146 [ 200/391 ( 51%)]  Loss: 11.05 (11.2)  Loss_gt: 1.099 (1.10)  Loss_kd: 1.852 (1.90)  Loss_ofa: 8.101 (8.21) LR: 5.000e-04
2025-08-29 12:24:59,098 -                train: [    INFO] - Train: 146 [ 390/391 (100%)]  Loss: 10.48 (11.2)  Loss_gt: 1.088 (1.10)  Loss_kd: 1.743 (1.90)  Loss_ofa: 7.646 (8.20) LR: 5.000e-04
2025-08-29 12:25:00,288 -                train: [    INFO] - Test: [   0/39]  Time: 1.108 (1.108)  Loss:  1.1935 (1.1935)  Acc@1: 74.6094 (74.6094)  Acc@5: 91.4062 (91.4062)
2025-08-29 12:25:16,524 -                train: [    INFO] - Test: [  39/39]  Time: 0.024 (0.434)  Loss:  1.6177 (1.4251)  Acc@1: 68.7500 (69.5900)  Acc@5: 93.7500 (88.4600)
2025-08-29 12:25:16,920 - timm.utils.checkpoint_saver: [    INFO] - Current checkpoints:
 ('./output/train/20250829-064142-resnet18-224/checkpoint/checkpoint-143.pth.tar', 69.73)
 ('./output/train/20250829-064142-resnet18-224/checkpoint/checkpoint-140.pth.tar', 69.71)
 ('./output/train/20250829-064142-resnet18-224/checkpoint/checkpoint-135.pth.tar', 69.65)
 ('./output/train/20250829-064142-resnet18-224/checkpoint/checkpoint-133.pth.tar', 69.63)
 ('./output/train/20250829-064142-resnet18-224/checkpoint/checkpoint-142.pth.tar', 69.63)
 ('./output/train/20250829-064142-resnet18-224/checkpoint/checkpoint-146.pth.tar', 69.59)
 ('./output/train/20250829-064142-resnet18-224/checkpoint/checkpoint-136.pth.tar', 69.58)
 ('./output/train/20250829-064142-resnet18-224/checkpoint/checkpoint-130.pth.tar', 69.55)
 ('./output/train/20250829-064142-resnet18-224/checkpoint/checkpoint-125.pth.tar', 69.52)
 ('./output/train/20250829-064142-resnet18-224/checkpoint/checkpoint-145.pth.tar', 69.51)

2025-08-29 12:25:18,018 -                train: [    INFO] - Train: 147 [   0/391 (  0%)]  Loss: 11.15 (11.2)  Loss_gt: 1.097 (1.10)  Loss_kd: 1.892 (1.89)  Loss_ofa: 8.165 (8.16) LR: 5.000e-04
2025-08-29 12:26:53,508 -                train: [    INFO] - Train: 147 [ 200/391 ( 51%)]  Loss: 10.99 (11.2)  Loss_gt: 1.095 (1.09)  Loss_kd: 1.854 (1.89)  Loss_ofa: 8.038 (8.18) LR: 5.000e-04
2025-08-29 12:27:57,777 -                train: [    INFO] - Train: 147 [ 390/391 (100%)]  Loss: 12.37 (11.2)  Loss_gt: 1.118 (1.09)  Loss_kd: 2.163 (1.90)  Loss_ofa: 9.085 (8.20) LR: 5.000e-04
2025-08-29 12:27:58,446 -                train: [    INFO] - Test: [   0/39]  Time: 0.596 (0.596)  Loss:  1.2234 (1.2234)  Acc@1: 73.8281 (73.8281)  Acc@5: 91.0156 (91.0156)
2025-08-29 12:28:16,523 -                train: [    INFO] - Test: [  39/39]  Time: 0.024 (0.467)  Loss:  1.7517 (1.4210)  Acc@1: 75.0000 (69.6700)  Acc@5: 93.7500 (88.3000)
2025-08-29 12:28:16,908 - timm.utils.checkpoint_saver: [    INFO] - Current checkpoints:
 ('./output/train/20250829-064142-resnet18-224/checkpoint/checkpoint-143.pth.tar', 69.73)
 ('./output/train/20250829-064142-resnet18-224/checkpoint/checkpoint-140.pth.tar', 69.71)
 ('./output/train/20250829-064142-resnet18-224/checkpoint/checkpoint-147.pth.tar', 69.67)
 ('./output/train/20250829-064142-resnet18-224/checkpoint/checkpoint-135.pth.tar', 69.65)
 ('./output/train/20250829-064142-resnet18-224/checkpoint/checkpoint-133.pth.tar', 69.63)
 ('./output/train/20250829-064142-resnet18-224/checkpoint/checkpoint-142.pth.tar', 69.63)
 ('./output/train/20250829-064142-resnet18-224/checkpoint/checkpoint-146.pth.tar', 69.59)
 ('./output/train/20250829-064142-resnet18-224/checkpoint/checkpoint-136.pth.tar', 69.58)
 ('./output/train/20250829-064142-resnet18-224/checkpoint/checkpoint-130.pth.tar', 69.55)
 ('./output/train/20250829-064142-resnet18-224/checkpoint/checkpoint-125.pth.tar', 69.52)

2025-08-29 12:28:17,964 -                train: [    INFO] - Train: 148 [   0/391 (  0%)]  Loss: 11.40 (11.4)  Loss_gt: 1.124 (1.12)  Loss_kd: 1.938 (1.94)  Loss_ofa: 8.335 (8.33) LR: 5.000e-04
2025-08-29 12:29:21,674 -                train: [    INFO] - Train: 148 [ 200/391 ( 51%)]  Loss: 11.44 (11.2)  Loss_gt: 1.128 (1.10)  Loss_kd: 1.940 (1.90)  Loss_ofa: 8.373 (8.21) LR: 5.000e-04
2025-08-29 12:30:21,664 -                train: [    INFO] - Train: 148 [ 390/391 (100%)]  Loss: 11.57 (11.2)  Loss_gt: 1.107 (1.09)  Loss_kd: 1.957 (1.90)  Loss_ofa: 8.503 (8.21) LR: 5.000e-04
2025-08-29 12:30:22,398 -                train: [    INFO] - Test: [   0/39]  Time: 0.677 (0.677)  Loss:  1.1893 (1.1893)  Acc@1: 74.6094 (74.6094)  Acc@5: 91.0156 (91.0156)
2025-08-29 12:30:39,656 -                train: [    INFO] - Test: [  39/39]  Time: 0.019 (0.448)  Loss:  1.7210 (1.4201)  Acc@1: 75.0000 (69.6500)  Acc@5: 93.7500 (88.5700)
2025-08-29 12:30:40,621 - timm.utils.checkpoint_saver: [    INFO] - Current checkpoints:
 ('./output/train/20250829-064142-resnet18-224/checkpoint/checkpoint-143.pth.tar', 69.73)
 ('./output/train/20250829-064142-resnet18-224/checkpoint/checkpoint-140.pth.tar', 69.71)
 ('./output/train/20250829-064142-resnet18-224/checkpoint/checkpoint-147.pth.tar', 69.67)
 ('./output/train/20250829-064142-resnet18-224/checkpoint/checkpoint-135.pth.tar', 69.65)
 ('./output/train/20250829-064142-resnet18-224/checkpoint/checkpoint-148.pth.tar', 69.65)
 ('./output/train/20250829-064142-resnet18-224/checkpoint/checkpoint-133.pth.tar', 69.63)
 ('./output/train/20250829-064142-resnet18-224/checkpoint/checkpoint-142.pth.tar', 69.63)
 ('./output/train/20250829-064142-resnet18-224/checkpoint/checkpoint-146.pth.tar', 69.59)
 ('./output/train/20250829-064142-resnet18-224/checkpoint/checkpoint-136.pth.tar', 69.58)
 ('./output/train/20250829-064142-resnet18-224/checkpoint/checkpoint-130.pth.tar', 69.55)

2025-08-29 12:30:41,857 -                train: [    INFO] - Train: 149 [   0/391 (  0%)]  Loss: 11.55 (11.5)  Loss_gt: 1.097 (1.10)  Loss_kd: 1.957 (1.96)  Loss_ofa: 8.492 (8.49) LR: 5.000e-04
2025-08-29 12:31:44,622 -                train: [    INFO] - Train: 149 [ 200/391 ( 51%)]  Loss: 10.58 (11.2)  Loss_gt: 1.078 (1.09)  Loss_kd: 1.780 (1.90)  Loss_ofa: 7.726 (8.19) LR: 5.000e-04
2025-08-29 12:32:44,262 -                train: [    INFO] - Train: 149 [ 390/391 (100%)]  Loss: 11.36 (11.2)  Loss_gt: 1.137 (1.09)  Loss_kd: 1.905 (1.90)  Loss_ofa: 8.319 (8.20) LR: 5.000e-04
2025-08-29 12:32:45,132 -                train: [    INFO] - Test: [   0/39]  Time: 0.804 (0.804)  Loss:  1.1832 (1.1832)  Acc@1: 75.0000 (75.0000)  Acc@5: 92.1875 (92.1875)
2025-08-29 12:33:03,677 -                train: [    INFO] - Test: [  39/39]  Time: 0.020 (0.484)  Loss:  1.6876 (1.4261)  Acc@1: 75.0000 (69.5000)  Acc@5: 93.7500 (88.5000)
2025-08-29 12:33:05,340 -                train: [    INFO] - Train: 150 [   0/391 (  0%)]  Loss: 11.51 (11.5)  Loss_gt: 1.098 (1.10)  Loss_kd: 1.949 (1.95)  Loss_ofa: 8.467 (8.47) LR: 5.000e-04
2025-08-29 12:34:07,359 -                train: [    INFO] - Train: 150 [ 200/391 ( 51%)]  Loss: 11.14 (11.2)  Loss_gt: 1.100 (1.09)  Loss_kd: 1.891 (1.90)  Loss_ofa: 8.144 (8.19) LR: 5.000e-04
2025-08-29 12:35:10,772 -                train: [    INFO] - Train: 150 [ 390/391 (100%)]  Loss: 11.06 (11.2)  Loss_gt: 1.108 (1.09)  Loss_kd: 1.876 (1.90)  Loss_ofa: 8.074 (8.20) LR: 5.000e-04
2025-08-29 12:35:14,940 -                train: [    INFO] - Test: [   0/39]  Time: 4.100 (4.100)  Loss:  1.1865 (1.1865)  Acc@1: 74.2188 (74.2188)  Acc@5: 92.1875 (92.1875)
2025-08-29 12:35:52,829 -                train: [    INFO] - Test: [  39/39]  Time: 0.084 (1.050)  Loss:  1.6230 (1.4261)  Acc@1: 75.0000 (69.7300)  Acc@5: 100.0000 (88.5400)
2025-08-29 12:35:53,246 - timm.utils.checkpoint_saver: [    INFO] - Current checkpoints:
 ('./output/train/20250829-064142-resnet18-224/checkpoint/checkpoint-143.pth.tar', 69.73)
 ('./output/train/20250829-064142-resnet18-224/checkpoint/checkpoint-150.pth.tar', 69.73)
 ('./output/train/20250829-064142-resnet18-224/checkpoint/checkpoint-140.pth.tar', 69.71)
 ('./output/train/20250829-064142-resnet18-224/checkpoint/checkpoint-147.pth.tar', 69.67)
 ('./output/train/20250829-064142-resnet18-224/checkpoint/checkpoint-135.pth.tar', 69.65)
 ('./output/train/20250829-064142-resnet18-224/checkpoint/checkpoint-148.pth.tar', 69.65)
 ('./output/train/20250829-064142-resnet18-224/checkpoint/checkpoint-133.pth.tar', 69.63)
 ('./output/train/20250829-064142-resnet18-224/checkpoint/checkpoint-142.pth.tar', 69.63)
 ('./output/train/20250829-064142-resnet18-224/checkpoint/checkpoint-146.pth.tar', 69.59)
 ('./output/train/20250829-064142-resnet18-224/checkpoint/checkpoint-136.pth.tar', 69.58)

2025-08-29 12:35:55,174 -                train: [    INFO] - Train: 151 [   0/391 (  0%)]  Loss: 11.91 (11.9)  Loss_gt: 1.105 (1.10)  Loss_kd: 2.042 (2.04)  Loss_ofa: 8.761 (8.76) LR: 5.000e-04
2025-08-29 12:37:06,368 -                train: [    INFO] - Train: 151 [ 200/391 ( 51%)]  Loss: 11.42 (11.2)  Loss_gt: 1.143 (1.09)  Loss_kd: 1.930 (1.90)  Loss_ofa: 8.347 (8.19) LR: 5.000e-04
2025-08-29 12:38:06,054 -                train: [    INFO] - Train: 151 [ 390/391 (100%)]  Loss: 11.08 (11.2)  Loss_gt: 1.100 (1.09)  Loss_kd: 1.879 (1.90)  Loss_ofa: 8.106 (8.19) LR: 5.000e-04
2025-08-29 12:38:06,922 -                train: [    INFO] - Test: [   0/39]  Time: 0.802 (0.802)  Loss:  1.2083 (1.2083)  Acc@1: 72.6562 (72.6562)  Acc@5: 91.4062 (91.4062)
2025-08-29 12:38:32,566 -                train: [    INFO] - Test: [  39/39]  Time: 0.020 (0.661)  Loss:  1.7463 (1.4254)  Acc@1: 68.7500 (69.8700)  Acc@5: 93.7500 (88.4700)
2025-08-29 12:38:33,011 - timm.utils.checkpoint_saver: [    INFO] - Current checkpoints:
 ('./output/train/20250829-064142-resnet18-224/checkpoint/checkpoint-151.pth.tar', 69.87)
 ('./output/train/20250829-064142-resnet18-224/checkpoint/checkpoint-143.pth.tar', 69.73)
 ('./output/train/20250829-064142-resnet18-224/checkpoint/checkpoint-150.pth.tar', 69.73)
 ('./output/train/20250829-064142-resnet18-224/checkpoint/checkpoint-140.pth.tar', 69.71)
 ('./output/train/20250829-064142-resnet18-224/checkpoint/checkpoint-147.pth.tar', 69.67)
 ('./output/train/20250829-064142-resnet18-224/checkpoint/checkpoint-135.pth.tar', 69.65)
 ('./output/train/20250829-064142-resnet18-224/checkpoint/checkpoint-148.pth.tar', 69.65)
 ('./output/train/20250829-064142-resnet18-224/checkpoint/checkpoint-133.pth.tar', 69.63)
 ('./output/train/20250829-064142-resnet18-224/checkpoint/checkpoint-142.pth.tar', 69.63)
 ('./output/train/20250829-064142-resnet18-224/checkpoint/checkpoint-146.pth.tar', 69.59)

2025-08-29 12:38:44,215 -                train: [    INFO] - Train: 152 [   0/391 (  0%)]  Loss: 10.64 (10.6)  Loss_gt: 1.082 (1.08)  Loss_kd: 1.805 (1.80)  Loss_ofa: 7.757 (7.76) LR: 5.000e-04
2025-08-29 12:39:51,431 -                train: [    INFO] - Train: 152 [ 200/391 ( 51%)]  Loss: 11.28 (11.1)  Loss_gt: 1.096 (1.09)  Loss_kd: 1.919 (1.89)  Loss_ofa: 8.264 (8.14) LR: 5.000e-04
2025-08-29 12:40:57,389 -                train: [    INFO] - Train: 152 [ 390/391 (100%)]  Loss: 10.85 (11.2)  Loss_gt: 1.072 (1.09)  Loss_kd: 1.826 (1.89)  Loss_ofa: 7.949 (8.19) LR: 5.000e-04
2025-08-29 12:40:58,204 -                train: [    INFO] - Test: [   0/39]  Time: 0.750 (0.750)  Loss:  1.1482 (1.1482)  Acc@1: 75.0000 (75.0000)  Acc@5: 92.9688 (92.9688)
2025-08-29 12:41:18,196 -                train: [    INFO] - Test: [  39/39]  Time: 0.021 (0.519)  Loss:  1.6194 (1.4219)  Acc@1: 75.0000 (69.4300)  Acc@5: 93.7500 (88.3100)
2025-08-29 12:41:20,336 -                train: [    INFO] - Train: 153 [   0/391 (  0%)]  Loss: 10.85 (10.8)  Loss_gt: 1.065 (1.06)  Loss_kd: 1.814 (1.81)  Loss_ofa: 7.969 (7.97) LR: 5.000e-04
2025-08-29 12:42:41,230 -                train: [    INFO] - Train: 153 [ 200/391 ( 51%)]  Loss: 11.13 (11.2)  Loss_gt: 1.081 (1.09)  Loss_kd: 1.878 (1.89)  Loss_ofa: 8.170 (8.17) LR: 5.000e-04
2025-08-29 12:43:40,220 -                train: [    INFO] - Train: 153 [ 390/391 (100%)]  Loss: 10.87 (11.2)  Loss_gt: 1.099 (1.09)  Loss_kd: 1.814 (1.90)  Loss_ofa: 7.961 (8.19) LR: 5.000e-04
2025-08-29 12:43:40,843 -                train: [    INFO] - Test: [   0/39]  Time: 0.572 (0.572)  Loss:  1.2049 (1.2049)  Acc@1: 73.4375 (73.4375)  Acc@5: 92.1875 (92.1875)
2025-08-29 12:43:56,771 -                train: [    INFO] - Test: [  39/39]  Time: 0.022 (0.412)  Loss:  1.7161 (1.4308)  Acc@1: 75.0000 (69.4700)  Acc@5: 93.7500 (88.3600)
2025-08-29 12:43:58,139 -                train: [    INFO] - Train: 154 [   0/391 (  0%)]  Loss: 10.85 (10.9)  Loss_gt: 1.087 (1.09)  Loss_kd: 1.830 (1.83)  Loss_ofa: 7.938 (7.94) LR: 5.000e-04
2025-08-29 12:45:01,025 -                train: [    INFO] - Train: 154 [ 200/391 ( 51%)]  Loss: 11.75 (11.2)  Loss_gt: 1.129 (1.09)  Loss_kd: 2.011 (1.90)  Loss_ofa: 8.605 (8.18) LR: 5.000e-04
2025-08-29 12:46:02,851 -                train: [    INFO] - Train: 154 [ 390/391 (100%)]  Loss: 11.53 (11.2)  Loss_gt: 1.161 (1.09)  Loss_kd: 1.929 (1.89)  Loss_ofa: 8.437 (8.18) LR: 5.000e-04
2025-08-29 12:46:03,522 -                train: [    INFO] - Test: [   0/39]  Time: 0.589 (0.589)  Loss:  1.1540 (1.1540)  Acc@1: 74.6094 (74.6094)  Acc@5: 92.1875 (92.1875)
2025-08-29 12:46:23,731 -                train: [    INFO] - Test: [  39/39]  Time: 0.021 (0.520)  Loss:  1.7262 (1.4226)  Acc@1: 75.0000 (69.8400)  Acc@5: 93.7500 (88.5000)
2025-08-29 12:46:24,141 - timm.utils.checkpoint_saver: [    INFO] - Current checkpoints:
 ('./output/train/20250829-064142-resnet18-224/checkpoint/checkpoint-151.pth.tar', 69.87)
 ('./output/train/20250829-064142-resnet18-224/checkpoint/checkpoint-154.pth.tar', 69.84)
 ('./output/train/20250829-064142-resnet18-224/checkpoint/checkpoint-143.pth.tar', 69.73)
 ('./output/train/20250829-064142-resnet18-224/checkpoint/checkpoint-150.pth.tar', 69.73)
 ('./output/train/20250829-064142-resnet18-224/checkpoint/checkpoint-140.pth.tar', 69.71)
 ('./output/train/20250829-064142-resnet18-224/checkpoint/checkpoint-147.pth.tar', 69.67)
 ('./output/train/20250829-064142-resnet18-224/checkpoint/checkpoint-135.pth.tar', 69.65)
 ('./output/train/20250829-064142-resnet18-224/checkpoint/checkpoint-148.pth.tar', 69.65)
 ('./output/train/20250829-064142-resnet18-224/checkpoint/checkpoint-133.pth.tar', 69.63)
 ('./output/train/20250829-064142-resnet18-224/checkpoint/checkpoint-142.pth.tar', 69.63)

2025-08-29 12:46:25,208 -                train: [    INFO] - Train: 155 [   0/391 (  0%)]  Loss: 10.70 (10.7)  Loss_gt: 1.082 (1.08)  Loss_kd: 1.815 (1.81)  Loss_ofa: 7.806 (7.81) LR: 5.000e-04
2025-08-29 12:47:27,844 -                train: [    INFO] - Train: 155 [ 200/391 ( 51%)]  Loss: 11.26 (11.2)  Loss_gt: 1.089 (1.09)  Loss_kd: 1.913 (1.90)  Loss_ofa: 8.260 (8.19) LR: 5.000e-04
2025-08-29 12:48:27,110 -                train: [    INFO] - Train: 155 [ 390/391 (100%)]  Loss: 11.47 (11.2)  Loss_gt: 1.128 (1.09)  Loss_kd: 1.905 (1.89)  Loss_ofa: 8.432 (8.18) LR: 5.000e-04
2025-08-29 12:48:29,510 -                train: [    INFO] - Test: [   0/39]  Time: 0.602 (0.602)  Loss:  1.2169 (1.2169)  Acc@1: 74.2188 (74.2188)  Acc@5: 92.1875 (92.1875)
2025-08-29 12:49:02,051 -                train: [    INFO] - Test: [  39/39]  Time: 0.021 (0.829)  Loss:  1.6914 (1.4283)  Acc@1: 68.7500 (69.5500)  Acc@5: 93.7500 (88.4100)
2025-08-29 12:49:03,469 -                train: [    INFO] - Train: 156 [   0/391 (  0%)]  Loss: 11.08 (11.1)  Loss_gt: 1.081 (1.08)  Loss_kd: 1.869 (1.87)  Loss_ofa: 8.131 (8.13) LR: 5.000e-04
2025-08-29 12:50:12,674 -                train: [    INFO] - Train: 156 [ 200/391 ( 51%)]  Loss: 11.11 (11.1)  Loss_gt: 1.096 (1.09)  Loss_kd: 1.896 (1.89)  Loss_ofa: 8.113 (8.16) LR: 5.000e-04
2025-08-29 12:51:13,396 -                train: [    INFO] - Train: 156 [ 390/391 (100%)]  Loss: 11.92 (11.2)  Loss_gt: 1.136 (1.09)  Loss_kd: 2.028 (1.89)  Loss_ofa: 8.757 (8.18) LR: 5.000e-04
2025-08-29 12:51:14,056 -                train: [    INFO] - Test: [   0/39]  Time: 0.605 (0.605)  Loss:  1.1904 (1.1904)  Acc@1: 74.6094 (74.6094)  Acc@5: 91.4062 (91.4062)
2025-08-29 12:51:32,277 -                train: [    INFO] - Test: [  39/39]  Time: 0.024 (0.471)  Loss:  1.6576 (1.4281)  Acc@1: 68.7500 (69.5100)  Acc@5: 93.7500 (88.4800)
2025-08-29 12:51:33,756 -                train: [    INFO] - Train: 157 [   0/391 (  0%)]  Loss: 10.91 (10.9)  Loss_gt: 1.075 (1.07)  Loss_kd: 1.856 (1.86)  Loss_ofa: 7.982 (7.98) LR: 5.000e-04
2025-08-29 12:52:36,021 -                train: [    INFO] - Train: 157 [ 200/391 ( 51%)]  Loss: 12.02 (11.1)  Loss_gt: 1.141 (1.09)  Loss_kd: 2.030 (1.89)  Loss_ofa: 8.846 (8.16) LR: 5.000e-04
2025-08-29 12:53:41,182 -                train: [    INFO] - Train: 157 [ 390/391 (100%)]  Loss: 11.05 (11.2)  Loss_gt: 1.130 (1.09)  Loss_kd: 1.849 (1.89)  Loss_ofa: 8.067 (8.17) LR: 5.000e-04
2025-08-29 12:53:41,856 -                train: [    INFO] - Test: [   0/39]  Time: 0.612 (0.612)  Loss:  1.2075 (1.2075)  Acc@1: 74.2188 (74.2188)  Acc@5: 92.1875 (92.1875)
2025-08-29 12:53:59,962 -                train: [    INFO] - Test: [  39/39]  Time: 0.022 (0.468)  Loss:  1.7452 (1.4288)  Acc@1: 68.7500 (69.4400)  Acc@5: 93.7500 (88.6000)
2025-08-29 12:54:01,308 -                train: [    INFO] - Train: 158 [   0/391 (  0%)]  Loss: 11.64 (11.6)  Loss_gt: 1.121 (1.12)  Loss_kd: 1.985 (1.99)  Loss_ofa: 8.536 (8.54) LR: 5.000e-04
2025-08-29 12:55:04,388 -                train: [    INFO] - Train: 158 [ 200/391 ( 51%)]  Loss: 12.08 (11.2)  Loss_gt: 1.114 (1.09)  Loss_kd: 2.064 (1.90)  Loss_ofa: 8.898 (8.19) LR: 5.000e-04
2025-08-29 12:56:15,780 -                train: [    INFO] - Train: 158 [ 390/391 (100%)]  Loss: 12.36 (11.2)  Loss_gt: 1.164 (1.09)  Loss_kd: 2.104 (1.89)  Loss_ofa: 9.089 (8.18) LR: 5.000e-04
2025-08-29 12:56:16,455 -                train: [    INFO] - Test: [   0/39]  Time: 0.612 (0.612)  Loss:  1.2202 (1.2202)  Acc@1: 73.8281 (73.8281)  Acc@5: 91.7969 (91.7969)
2025-08-29 12:56:32,358 -                train: [    INFO] - Test: [  39/39]  Time: 0.021 (0.413)  Loss:  1.7594 (1.4343)  Acc@1: 75.0000 (69.5800)  Acc@5: 93.7500 (88.4800)
2025-08-29 12:56:33,743 -                train: [    INFO] - Train: 159 [   0/391 (  0%)]  Loss: 11.02 (11.0)  Loss_gt: 1.082 (1.08)  Loss_kd: 1.871 (1.87)  Loss_ofa: 8.070 (8.07) LR: 5.000e-05
2025-08-29 12:57:35,822 -                train: [    INFO] - Train: 159 [ 200/391 ( 51%)]  Loss: 11.04 (11.1)  Loss_gt: 1.088 (1.08)  Loss_kd: 1.855 (1.89)  Loss_ofa: 8.097 (8.13) LR: 5.000e-05
2025-08-29 12:58:35,055 -                train: [    INFO] - Train: 159 [ 390/391 (100%)]  Loss: 10.95 (11.1)  Loss_gt: 1.079 (1.08)  Loss_kd: 1.842 (1.89)  Loss_ofa: 8.026 (8.13) LR: 5.000e-05
2025-08-29 12:58:35,761 -                train: [    INFO] - Test: [   0/39]  Time: 0.635 (0.635)  Loss:  1.2025 (1.2025)  Acc@1: 74.6094 (74.6094)  Acc@5: 91.4062 (91.4062)
2025-08-29 12:58:51,101 -                train: [    INFO] - Test: [  39/39]  Time: 0.027 (0.399)  Loss:  1.7508 (1.4283)  Acc@1: 75.0000 (69.7200)  Acc@5: 93.7500 (88.5400)
2025-08-29 12:58:51,439 - timm.utils.checkpoint_saver: [    INFO] - Current checkpoints:
 ('./output/train/20250829-064142-resnet18-224/checkpoint/checkpoint-151.pth.tar', 69.87)
 ('./output/train/20250829-064142-resnet18-224/checkpoint/checkpoint-154.pth.tar', 69.84)
 ('./output/train/20250829-064142-resnet18-224/checkpoint/checkpoint-143.pth.tar', 69.73)
 ('./output/train/20250829-064142-resnet18-224/checkpoint/checkpoint-150.pth.tar', 69.73)
 ('./output/train/20250829-064142-resnet18-224/checkpoint/checkpoint-159.pth.tar', 69.72)
 ('./output/train/20250829-064142-resnet18-224/checkpoint/checkpoint-140.pth.tar', 69.71)
 ('./output/train/20250829-064142-resnet18-224/checkpoint/checkpoint-147.pth.tar', 69.67)
 ('./output/train/20250829-064142-resnet18-224/checkpoint/checkpoint-135.pth.tar', 69.65)
 ('./output/train/20250829-064142-resnet18-224/checkpoint/checkpoint-148.pth.tar', 69.65)
 ('./output/train/20250829-064142-resnet18-224/checkpoint/checkpoint-133.pth.tar', 69.63)

2025-08-29 12:58:52,545 -                train: [    INFO] - Train: 160 [   0/391 (  0%)]  Loss: 10.93 (10.9)  Loss_gt: 1.088 (1.09)  Loss_kd: 1.846 (1.85)  Loss_ofa: 7.997 (8.00) LR: 5.000e-05
2025-08-29 13:00:01,434 -                train: [    INFO] - Train: 160 [ 200/391 ( 51%)]  Loss: 10.90 (11.1)  Loss_gt: 1.065 (1.08)  Loss_kd: 1.859 (1.90)  Loss_ofa: 7.974 (8.15) LR: 5.000e-05
2025-08-29 13:01:15,255 -                train: [    INFO] - Train: 160 [ 390/391 (100%)]  Loss: 11.09 (11.1)  Loss_gt: 1.052 (1.08)  Loss_kd: 1.862 (1.89)  Loss_ofa: 8.177 (8.13) LR: 5.000e-05
2025-08-29 13:01:15,929 -                train: [    INFO] - Test: [   0/39]  Time: 0.607 (0.607)  Loss:  1.1974 (1.1974)  Acc@1: 75.0000 (75.0000)  Acc@5: 91.4062 (91.4062)
2025-08-29 13:01:34,259 -                train: [    INFO] - Test: [  39/39]  Time: 0.021 (0.473)  Loss:  1.6967 (1.4302)  Acc@1: 75.0000 (69.7200)  Acc@5: 93.7500 (88.4200)
2025-08-29 13:01:34,597 - timm.utils.checkpoint_saver: [    INFO] - Current checkpoints:
 ('./output/train/20250829-064142-resnet18-224/checkpoint/checkpoint-151.pth.tar', 69.87)
 ('./output/train/20250829-064142-resnet18-224/checkpoint/checkpoint-154.pth.tar', 69.84)
 ('./output/train/20250829-064142-resnet18-224/checkpoint/checkpoint-143.pth.tar', 69.73)
 ('./output/train/20250829-064142-resnet18-224/checkpoint/checkpoint-150.pth.tar', 69.73)
 ('./output/train/20250829-064142-resnet18-224/checkpoint/checkpoint-159.pth.tar', 69.72)
 ('./output/train/20250829-064142-resnet18-224/checkpoint/checkpoint-160.pth.tar', 69.72)
 ('./output/train/20250829-064142-resnet18-224/checkpoint/checkpoint-140.pth.tar', 69.71)
 ('./output/train/20250829-064142-resnet18-224/checkpoint/checkpoint-147.pth.tar', 69.67)
 ('./output/train/20250829-064142-resnet18-224/checkpoint/checkpoint-135.pth.tar', 69.65)
 ('./output/train/20250829-064142-resnet18-224/checkpoint/checkpoint-148.pth.tar', 69.65)

2025-08-29 13:01:35,676 -                train: [    INFO] - Train: 161 [   0/391 (  0%)]  Loss: 10.89 (10.9)  Loss_gt: 1.092 (1.09)  Loss_kd: 1.836 (1.84)  Loss_ofa: 7.959 (7.96) LR: 5.000e-05
2025-08-29 13:02:47,472 -                train: [    INFO] - Train: 161 [ 200/391 ( 51%)]  Loss: 10.71 (11.1)  Loss_gt: 1.082 (1.08)  Loss_kd: 1.800 (1.88)  Loss_ofa: 7.827 (8.10) LR: 5.000e-05
2025-08-29 13:03:47,276 -                train: [    INFO] - Train: 161 [ 390/391 (100%)]  Loss: 11.20 (11.1)  Loss_gt: 1.096 (1.08)  Loss_kd: 1.910 (1.89)  Loss_ofa: 8.195 (8.13) LR: 5.000e-05
2025-08-29 13:03:47,940 -                train: [    INFO] - Test: [   0/39]  Time: 0.602 (0.602)  Loss:  1.2412 (1.2412)  Acc@1: 73.0469 (73.0469)  Acc@5: 91.4062 (91.4062)
2025-08-29 13:04:36,482 -                train: [    INFO] - Test: [  39/39]  Time: 0.026 (1.229)  Loss:  1.7099 (1.4312)  Acc@1: 75.0000 (69.6400)  Acc@5: 93.7500 (88.5400)
2025-08-29 13:04:37,957 -                train: [    INFO] - Train: 162 [   0/391 (  0%)]  Loss: 10.82 (10.8)  Loss_gt: 1.075 (1.08)  Loss_kd: 1.836 (1.84)  Loss_ofa: 7.911 (7.91) LR: 5.000e-05
2025-08-29 13:05:42,530 -                train: [    INFO] - Train: 162 [ 200/391 ( 51%)]  Loss: 11.40 (11.1)  Loss_gt: 1.093 (1.08)  Loss_kd: 1.949 (1.89)  Loss_ofa: 8.362 (8.14) LR: 5.000e-05
2025-08-29 13:06:55,341 -                train: [    INFO] - Train: 162 [ 390/391 (100%)]  Loss: 10.99 (11.1)  Loss_gt: 1.055 (1.08)  Loss_kd: 1.844 (1.89)  Loss_ofa: 8.088 (8.13) LR: 5.000e-05
2025-08-29 13:06:55,998 -                train: [    INFO] - Test: [   0/39]  Time: 0.588 (0.588)  Loss:  1.1762 (1.1762)  Acc@1: 75.0000 (75.0000)  Acc@5: 92.1875 (92.1875)
2025-08-29 13:07:12,994 -                train: [    INFO] - Test: [  39/39]  Time: 0.024 (0.440)  Loss:  1.7718 (1.4323)  Acc@1: 75.0000 (69.8400)  Acc@5: 93.7500 (88.4600)
2025-08-29 13:07:13,400 - timm.utils.checkpoint_saver: [    INFO] - Current checkpoints:
 ('./output/train/20250829-064142-resnet18-224/checkpoint/checkpoint-151.pth.tar', 69.87)
 ('./output/train/20250829-064142-resnet18-224/checkpoint/checkpoint-154.pth.tar', 69.84)
 ('./output/train/20250829-064142-resnet18-224/checkpoint/checkpoint-162.pth.tar', 69.84)
 ('./output/train/20250829-064142-resnet18-224/checkpoint/checkpoint-143.pth.tar', 69.73)
 ('./output/train/20250829-064142-resnet18-224/checkpoint/checkpoint-150.pth.tar', 69.73)
 ('./output/train/20250829-064142-resnet18-224/checkpoint/checkpoint-159.pth.tar', 69.72)
 ('./output/train/20250829-064142-resnet18-224/checkpoint/checkpoint-160.pth.tar', 69.72)
 ('./output/train/20250829-064142-resnet18-224/checkpoint/checkpoint-140.pth.tar', 69.71)
 ('./output/train/20250829-064142-resnet18-224/checkpoint/checkpoint-147.pth.tar', 69.67)
 ('./output/train/20250829-064142-resnet18-224/checkpoint/checkpoint-135.pth.tar', 69.65)

2025-08-29 13:07:14,508 -                train: [    INFO] - Train: 163 [   0/391 (  0%)]  Loss: 11.30 (11.3)  Loss_gt: 1.086 (1.09)  Loss_kd: 1.914 (1.91)  Loss_ofa: 8.297 (8.30) LR: 5.000e-05
2025-08-29 13:08:35,778 -                train: [    INFO] - Train: 163 [ 200/391 ( 51%)]  Loss: 11.46 (11.1)  Loss_gt: 1.127 (1.08)  Loss_kd: 1.953 (1.90)  Loss_ofa: 8.383 (8.14) LR: 5.000e-05
2025-08-29 13:10:21,334 -                train: [    INFO] - Train: 163 [ 390/391 (100%)]  Loss: 11.24 (11.1)  Loss_gt: 1.100 (1.08)  Loss_kd: 1.911 (1.89)  Loss_ofa: 8.232 (8.12) LR: 5.000e-05
2025-08-29 13:10:23,496 -                train: [    INFO] - Test: [   0/39]  Time: 2.096 (2.096)  Loss:  1.1756 (1.1756)  Acc@1: 75.3906 (75.3906)  Acc@5: 91.7969 (91.7969)
2025-08-29 13:11:38,209 -                train: [    INFO] - Test: [  39/39]  Time: 0.022 (1.920)  Loss:  1.6960 (1.4256)  Acc@1: 75.0000 (69.8800)  Acc@5: 93.7500 (88.4900)
2025-08-29 13:11:38,534 - timm.utils.checkpoint_saver: [    INFO] - Current checkpoints:
 ('./output/train/20250829-064142-resnet18-224/checkpoint/checkpoint-163.pth.tar', 69.88)
 ('./output/train/20250829-064142-resnet18-224/checkpoint/checkpoint-151.pth.tar', 69.87)
 ('./output/train/20250829-064142-resnet18-224/checkpoint/checkpoint-154.pth.tar', 69.84)
 ('./output/train/20250829-064142-resnet18-224/checkpoint/checkpoint-162.pth.tar', 69.84)
 ('./output/train/20250829-064142-resnet18-224/checkpoint/checkpoint-143.pth.tar', 69.73)
 ('./output/train/20250829-064142-resnet18-224/checkpoint/checkpoint-150.pth.tar', 69.73)
 ('./output/train/20250829-064142-resnet18-224/checkpoint/checkpoint-159.pth.tar', 69.72)
 ('./output/train/20250829-064142-resnet18-224/checkpoint/checkpoint-160.pth.tar', 69.72)
 ('./output/train/20250829-064142-resnet18-224/checkpoint/checkpoint-140.pth.tar', 69.71)
 ('./output/train/20250829-064142-resnet18-224/checkpoint/checkpoint-147.pth.tar', 69.67)

2025-08-29 13:11:39,580 -                train: [    INFO] - Train: 164 [   0/391 (  0%)]  Loss: 10.95 (10.9)  Loss_gt: 1.075 (1.07)  Loss_kd: 1.881 (1.88)  Loss_ofa: 7.995 (7.99) LR: 5.000e-05
2025-08-29 13:13:02,089 -                train: [    INFO] - Train: 164 [ 200/391 ( 51%)]  Loss: 10.81 (11.2)  Loss_gt: 1.050 (1.08)  Loss_kd: 1.858 (1.90)  Loss_ofa: 7.907 (8.17) LR: 5.000e-05
2025-08-29 13:14:00,751 -                train: [    INFO] - Train: 164 [ 390/391 (100%)]  Loss: 11.22 (11.1)  Loss_gt: 1.139 (1.08)  Loss_kd: 1.894 (1.89)  Loss_ofa: 8.185 (8.14) LR: 5.000e-05
2025-08-29 13:14:01,688 -                train: [    INFO] - Test: [   0/39]  Time: 0.615 (0.615)  Loss:  1.1930 (1.1930)  Acc@1: 74.6094 (74.6094)  Acc@5: 91.7969 (91.7969)
2025-08-29 13:14:32,890 -                train: [    INFO] - Test: [  39/39]  Time: 0.020 (0.795)  Loss:  1.7101 (1.4303)  Acc@1: 75.0000 (69.7900)  Acc@5: 93.7500 (88.5000)
2025-08-29 13:14:33,463 - timm.utils.checkpoint_saver: [    INFO] - Current checkpoints:
 ('./output/train/20250829-064142-resnet18-224/checkpoint/checkpoint-163.pth.tar', 69.88)
 ('./output/train/20250829-064142-resnet18-224/checkpoint/checkpoint-151.pth.tar', 69.87)
 ('./output/train/20250829-064142-resnet18-224/checkpoint/checkpoint-154.pth.tar', 69.84)
 ('./output/train/20250829-064142-resnet18-224/checkpoint/checkpoint-162.pth.tar', 69.84)
 ('./output/train/20250829-064142-resnet18-224/checkpoint/checkpoint-164.pth.tar', 69.79)
 ('./output/train/20250829-064142-resnet18-224/checkpoint/checkpoint-143.pth.tar', 69.73)
 ('./output/train/20250829-064142-resnet18-224/checkpoint/checkpoint-150.pth.tar', 69.73)
 ('./output/train/20250829-064142-resnet18-224/checkpoint/checkpoint-159.pth.tar', 69.72)
 ('./output/train/20250829-064142-resnet18-224/checkpoint/checkpoint-160.pth.tar', 69.72)
 ('./output/train/20250829-064142-resnet18-224/checkpoint/checkpoint-140.pth.tar', 69.71)

2025-08-29 13:14:34,564 -                train: [    INFO] - Train: 165 [   0/391 (  0%)]  Loss: 11.28 (11.3)  Loss_gt: 1.111 (1.11)  Loss_kd: 1.918 (1.92)  Loss_ofa: 8.250 (8.25) LR: 5.000e-05
2025-08-29 13:15:42,073 -                train: [    INFO] - Train: 165 [ 200/391 ( 51%)]  Loss: 11.25 (11.1)  Loss_gt: 1.096 (1.08)  Loss_kd: 1.933 (1.88)  Loss_ofa: 8.220 (8.10) LR: 5.000e-05
2025-08-29 13:16:41,220 -                train: [    INFO] - Train: 165 [ 390/391 (100%)]  Loss: 10.72 (11.1)  Loss_gt: 1.048 (1.08)  Loss_kd: 1.820 (1.89)  Loss_ofa: 7.852 (8.12) LR: 5.000e-05
2025-08-29 13:16:41,932 -                train: [    INFO] - Test: [   0/39]  Time: 0.645 (0.645)  Loss:  1.2293 (1.2293)  Acc@1: 74.2188 (74.2188)  Acc@5: 91.4062 (91.4062)
2025-08-29 13:17:11,083 -                train: [    INFO] - Test: [  39/39]  Time: 0.020 (0.745)  Loss:  1.6515 (1.4295)  Acc@1: 75.0000 (69.6600)  Acc@5: 93.7500 (88.4900)
2025-08-29 13:17:12,507 -                train: [    INFO] - Train: 166 [   0/391 (  0%)]  Loss: 10.66 (10.7)  Loss_gt: 1.059 (1.06)  Loss_kd: 1.805 (1.81)  Loss_ofa: 7.794 (7.79) LR: 5.000e-05
2025-08-29 13:18:39,773 -                train: [    INFO] - Train: 166 [ 200/391 ( 51%)]  Loss: 11.44 (11.1)  Loss_gt: 1.096 (1.08)  Loss_kd: 1.944 (1.89)  Loss_ofa: 8.399 (8.14) LR: 5.000e-05
2025-08-29 13:19:51,149 -                train: [    INFO] - Train: 166 [ 390/391 (100%)]  Loss: 11.25 (11.1)  Loss_gt: 1.099 (1.08)  Loss_kd: 1.902 (1.89)  Loss_ofa: 8.253 (8.13) LR: 5.000e-05
2025-08-29 13:19:52,250 -                train: [    INFO] - Test: [   0/39]  Time: 1.007 (1.007)  Loss:  1.1914 (1.1914)  Acc@1: 76.5625 (76.5625)  Acc@5: 91.4062 (91.4062)
2025-08-29 13:20:14,250 -                train: [    INFO] - Test: [  39/39]  Time: 0.022 (0.575)  Loss:  1.6812 (1.4285)  Acc@1: 75.0000 (69.7800)  Acc@5: 93.7500 (88.4200)
2025-08-29 13:20:14,679 - timm.utils.checkpoint_saver: [    INFO] - Current checkpoints:
 ('./output/train/20250829-064142-resnet18-224/checkpoint/checkpoint-163.pth.tar', 69.88)
 ('./output/train/20250829-064142-resnet18-224/checkpoint/checkpoint-151.pth.tar', 69.87)
 ('./output/train/20250829-064142-resnet18-224/checkpoint/checkpoint-154.pth.tar', 69.84)
 ('./output/train/20250829-064142-resnet18-224/checkpoint/checkpoint-162.pth.tar', 69.84)
 ('./output/train/20250829-064142-resnet18-224/checkpoint/checkpoint-164.pth.tar', 69.79)
 ('./output/train/20250829-064142-resnet18-224/checkpoint/checkpoint-166.pth.tar', 69.78)
 ('./output/train/20250829-064142-resnet18-224/checkpoint/checkpoint-143.pth.tar', 69.73)
 ('./output/train/20250829-064142-resnet18-224/checkpoint/checkpoint-150.pth.tar', 69.73)
 ('./output/train/20250829-064142-resnet18-224/checkpoint/checkpoint-159.pth.tar', 69.72)
 ('./output/train/20250829-064142-resnet18-224/checkpoint/checkpoint-160.pth.tar', 69.72)

2025-08-29 13:20:15,746 -                train: [    INFO] - Train: 167 [   0/391 (  0%)]  Loss: 11.48 (11.5)  Loss_gt: 1.120 (1.12)  Loss_kd: 1.938 (1.94)  Loss_ofa: 8.420 (8.42) LR: 5.000e-05
2025-08-29 13:21:18,471 -                train: [    INFO] - Train: 167 [ 200/391 ( 51%)]  Loss: 11.58 (11.1)  Loss_gt: 1.099 (1.08)  Loss_kd: 1.977 (1.89)  Loss_ofa: 8.499 (8.10) LR: 5.000e-05
2025-08-29 13:22:22,558 -                train: [    INFO] - Train: 167 [ 390/391 (100%)]  Loss: 11.49 (11.1)  Loss_gt: 1.132 (1.08)  Loss_kd: 1.964 (1.89)  Loss_ofa: 8.397 (8.12) LR: 5.000e-05
2025-08-29 13:22:23,278 -                train: [    INFO] - Test: [   0/39]  Time: 0.649 (0.649)  Loss:  1.2031 (1.2031)  Acc@1: 74.6094 (74.6094)  Acc@5: 91.7969 (91.7969)
2025-08-29 13:22:39,548 -                train: [    INFO] - Test: [  39/39]  Time: 0.021 (0.423)  Loss:  1.7067 (1.4294)  Acc@1: 75.0000 (69.8000)  Acc@5: 93.7500 (88.5200)
2025-08-29 13:22:39,910 - timm.utils.checkpoint_saver: [    INFO] - Current checkpoints:
 ('./output/train/20250829-064142-resnet18-224/checkpoint/checkpoint-163.pth.tar', 69.88)
 ('./output/train/20250829-064142-resnet18-224/checkpoint/checkpoint-151.pth.tar', 69.87)
 ('./output/train/20250829-064142-resnet18-224/checkpoint/checkpoint-154.pth.tar', 69.84)
 ('./output/train/20250829-064142-resnet18-224/checkpoint/checkpoint-162.pth.tar', 69.84)
 ('./output/train/20250829-064142-resnet18-224/checkpoint/checkpoint-167.pth.tar', 69.8)
 ('./output/train/20250829-064142-resnet18-224/checkpoint/checkpoint-164.pth.tar', 69.79)
 ('./output/train/20250829-064142-resnet18-224/checkpoint/checkpoint-166.pth.tar', 69.78)
 ('./output/train/20250829-064142-resnet18-224/checkpoint/checkpoint-143.pth.tar', 69.73)
 ('./output/train/20250829-064142-resnet18-224/checkpoint/checkpoint-150.pth.tar', 69.73)
 ('./output/train/20250829-064142-resnet18-224/checkpoint/checkpoint-159.pth.tar', 69.72)

2025-08-29 13:22:41,036 -                train: [    INFO] - Train: 168 [   0/391 (  0%)]  Loss: 11.18 (11.2)  Loss_gt: 1.080 (1.08)  Loss_kd: 1.908 (1.91)  Loss_ofa: 8.197 (8.20) LR: 5.000e-05
2025-08-29 13:23:43,467 -                train: [    INFO] - Train: 168 [ 200/391 ( 51%)]  Loss: 11.21 (11.1)  Loss_gt: 1.079 (1.08)  Loss_kd: 1.925 (1.90)  Loss_ofa: 8.205 (8.15) LR: 5.000e-05
2025-08-29 13:24:46,068 -                train: [    INFO] - Train: 168 [ 390/391 (100%)]  Loss: 11.79 (11.1)  Loss_gt: 1.124 (1.08)  Loss_kd: 1.995 (1.89)  Loss_ofa: 8.675 (8.12) LR: 5.000e-05
2025-08-29 13:24:47,516 -                train: [    INFO] - Test: [   0/39]  Time: 1.336 (1.336)  Loss:  1.2106 (1.2106)  Acc@1: 75.3906 (75.3906)  Acc@5: 91.7969 (91.7969)
2025-08-29 13:25:13,820 -                train: [    INFO] - Test: [  39/39]  Time: 0.021 (0.691)  Loss:  1.7205 (1.4315)  Acc@1: 75.0000 (69.6500)  Acc@5: 93.7500 (88.5000)
2025-08-29 13:25:15,221 -                train: [    INFO] - Train: 169 [   0/391 (  0%)]  Loss: 11.51 (11.5)  Loss_gt: 1.099 (1.10)  Loss_kd: 1.955 (1.96)  Loss_ofa: 8.453 (8.45) LR: 5.000e-05
2025-08-29 13:26:16,927 -                train: [    INFO] - Train: 169 [ 200/391 ( 51%)]  Loss: 11.34 (11.1)  Loss_gt: 1.101 (1.08)  Loss_kd: 1.931 (1.89)  Loss_ofa: 8.305 (8.11) LR: 5.000e-05
2025-08-29 13:27:15,766 -                train: [    INFO] - Train: 169 [ 390/391 (100%)]  Loss: 11.24 (11.1)  Loss_gt: 1.091 (1.08)  Loss_kd: 1.939 (1.89)  Loss_ofa: 8.212 (8.12) LR: 5.000e-05
2025-08-29 13:27:16,415 -                train: [    INFO] - Test: [   0/39]  Time: 0.591 (0.591)  Loss:  1.2126 (1.2126)  Acc@1: 75.3906 (75.3906)  Acc@5: 91.4062 (91.4062)
2025-08-29 13:27:31,992 -                train: [    INFO] - Test: [  39/39]  Time: 0.025 (0.404)  Loss:  1.7289 (1.4286)  Acc@1: 68.7500 (69.6000)  Acc@5: 93.7500 (88.4600)
2025-08-29 13:27:33,507 -                train: [    INFO] - Train: 170 [   0/391 (  0%)]  Loss: 10.23 (10.2)  Loss_gt: 1.027 (1.03)  Loss_kd: 1.739 (1.74)  Loss_ofa: 7.468 (7.47) LR: 5.000e-05
2025-08-29 13:28:41,763 -                train: [    INFO] - Train: 170 [ 200/391 ( 51%)]  Loss: 11.02 (11.0)  Loss_gt: 1.071 (1.08)  Loss_kd: 1.858 (1.88)  Loss_ofa: 8.088 (8.09) LR: 5.000e-05
2025-08-29 13:29:40,598 -                train: [    INFO] - Train: 170 [ 390/391 (100%)]  Loss: 11.30 (11.1)  Loss_gt: 1.066 (1.08)  Loss_kd: 1.950 (1.89)  Loss_ofa: 8.285 (8.13) LR: 5.000e-05
2025-08-29 13:29:41,243 -                train: [    INFO] - Test: [   0/39]  Time: 0.571 (0.571)  Loss:  1.1684 (1.1684)  Acc@1: 76.1719 (76.1719)  Acc@5: 92.5781 (92.5781)
2025-08-29 13:29:57,134 -                train: [    INFO] - Test: [  39/39]  Time: 0.021 (0.412)  Loss:  1.7478 (1.4279)  Acc@1: 68.7500 (69.8000)  Acc@5: 93.7500 (88.4500)
2025-08-29 13:29:57,512 - timm.utils.checkpoint_saver: [    INFO] - Current checkpoints:
 ('./output/train/20250829-064142-resnet18-224/checkpoint/checkpoint-163.pth.tar', 69.88)
 ('./output/train/20250829-064142-resnet18-224/checkpoint/checkpoint-151.pth.tar', 69.87)
 ('./output/train/20250829-064142-resnet18-224/checkpoint/checkpoint-154.pth.tar', 69.84)
 ('./output/train/20250829-064142-resnet18-224/checkpoint/checkpoint-162.pth.tar', 69.84)
 ('./output/train/20250829-064142-resnet18-224/checkpoint/checkpoint-167.pth.tar', 69.8)
 ('./output/train/20250829-064142-resnet18-224/checkpoint/checkpoint-170.pth.tar', 69.8)
 ('./output/train/20250829-064142-resnet18-224/checkpoint/checkpoint-164.pth.tar', 69.79)
 ('./output/train/20250829-064142-resnet18-224/checkpoint/checkpoint-166.pth.tar', 69.78)
 ('./output/train/20250829-064142-resnet18-224/checkpoint/checkpoint-143.pth.tar', 69.73)
 ('./output/train/20250829-064142-resnet18-224/checkpoint/checkpoint-150.pth.tar', 69.73)

2025-08-29 13:29:58,586 -                train: [    INFO] - Train: 171 [   0/391 (  0%)]  Loss: 10.96 (11.0)  Loss_gt: 1.060 (1.06)  Loss_kd: 1.877 (1.88)  Loss_ofa: 8.024 (8.02) LR: 5.000e-05
2025-08-29 13:31:00,823 -                train: [    INFO] - Train: 171 [ 200/391 ( 51%)]  Loss: 11.17 (11.1)  Loss_gt: 1.093 (1.08)  Loss_kd: 1.899 (1.89)  Loss_ofa: 8.178 (8.12) LR: 5.000e-05
2025-08-29 13:31:59,712 -                train: [    INFO] - Train: 171 [ 390/391 (100%)]  Loss: 11.44 (11.1)  Loss_gt: 1.108 (1.08)  Loss_kd: 1.947 (1.89)  Loss_ofa: 8.386 (8.13) LR: 5.000e-05
2025-08-29 13:32:00,418 -                train: [    INFO] - Test: [   0/39]  Time: 0.637 (0.637)  Loss:  1.2165 (1.2165)  Acc@1: 75.7812 (75.7812)  Acc@5: 92.1875 (92.1875)
2025-08-29 13:32:20,320 -                train: [    INFO] - Test: [  39/39]  Time: 0.022 (0.513)  Loss:  1.7348 (1.4323)  Acc@1: 75.0000 (69.8100)  Acc@5: 93.7500 (88.2800)
2025-08-29 13:32:20,725 - timm.utils.checkpoint_saver: [    INFO] - Current checkpoints:
 ('./output/train/20250829-064142-resnet18-224/checkpoint/checkpoint-163.pth.tar', 69.88)
 ('./output/train/20250829-064142-resnet18-224/checkpoint/checkpoint-151.pth.tar', 69.87)
 ('./output/train/20250829-064142-resnet18-224/checkpoint/checkpoint-154.pth.tar', 69.84)
 ('./output/train/20250829-064142-resnet18-224/checkpoint/checkpoint-162.pth.tar', 69.84)
 ('./output/train/20250829-064142-resnet18-224/checkpoint/checkpoint-171.pth.tar', 69.81)
 ('./output/train/20250829-064142-resnet18-224/checkpoint/checkpoint-167.pth.tar', 69.8)
 ('./output/train/20250829-064142-resnet18-224/checkpoint/checkpoint-170.pth.tar', 69.8)
 ('./output/train/20250829-064142-resnet18-224/checkpoint/checkpoint-164.pth.tar', 69.79)
 ('./output/train/20250829-064142-resnet18-224/checkpoint/checkpoint-166.pth.tar', 69.78)
 ('./output/train/20250829-064142-resnet18-224/checkpoint/checkpoint-143.pth.tar', 69.73)

2025-08-29 13:32:22,068 -                train: [    INFO] - Train: 172 [   0/391 (  0%)]  Loss: 11.06 (11.1)  Loss_gt: 1.049 (1.05)  Loss_kd: 1.904 (1.90)  Loss_ofa: 8.112 (8.11) LR: 5.000e-05
2025-08-29 13:33:24,472 -                train: [    INFO] - Train: 172 [ 200/391 ( 51%)]  Loss: 10.97 (11.1)  Loss_gt: 1.084 (1.08)  Loss_kd: 1.845 (1.89)  Loss_ofa: 8.043 (8.13) LR: 5.000e-05
2025-08-29 13:34:23,578 -                train: [    INFO] - Train: 172 [ 390/391 (100%)]  Loss: 11.06 (11.1)  Loss_gt: 1.083 (1.08)  Loss_kd: 1.866 (1.89)  Loss_ofa: 8.110 (8.12) LR: 5.000e-05
2025-08-29 13:34:24,283 -                train: [    INFO] - Test: [   0/39]  Time: 0.633 (0.633)  Loss:  1.2039 (1.2039)  Acc@1: 75.0000 (75.0000)  Acc@5: 91.4062 (91.4062)
2025-08-29 13:34:44,580 -                train: [    INFO] - Test: [  39/39]  Time: 0.022 (0.523)  Loss:  1.7862 (1.4274)  Acc@1: 75.0000 (69.6500)  Acc@5: 93.7500 (88.4000)
2025-08-29 13:34:46,338 -                train: [    INFO] - Train: 173 [   0/391 (  0%)]  Loss: 10.77 (10.8)  Loss_gt: 1.064 (1.06)  Loss_kd: 1.816 (1.82)  Loss_ofa: 7.887 (7.89) LR: 5.000e-05
2025-08-29 13:35:48,593 -                train: [    INFO] - Train: 173 [ 200/391 ( 51%)]  Loss: 11.31 (11.1)  Loss_gt: 1.055 (1.08)  Loss_kd: 1.935 (1.89)  Loss_ofa: 8.320 (8.12) LR: 5.000e-05
2025-08-29 13:36:48,567 -                train: [    INFO] - Train: 173 [ 390/391 (100%)]  Loss: 10.51 (11.1)  Loss_gt: 1.101 (1.08)  Loss_kd: 1.758 (1.89)  Loss_ofa: 7.648 (8.12) LR: 5.000e-05
2025-08-29 13:36:49,164 -                train: [    INFO] - Test: [   0/39]  Time: 0.526 (0.526)  Loss:  1.1609 (1.1609)  Acc@1: 75.7812 (75.7812)  Acc@5: 92.5781 (92.5781)
2025-08-29 13:37:07,626 -                train: [    INFO] - Test: [  39/39]  Time: 0.025 (0.475)  Loss:  1.7069 (1.4292)  Acc@1: 75.0000 (69.6400)  Acc@5: 93.7500 (88.5300)
2025-08-29 13:37:09,356 -                train: [    INFO] - Train: 174 [   0/391 (  0%)]  Loss: 11.29 (11.3)  Loss_gt: 1.062 (1.06)  Loss_kd: 1.943 (1.94)  Loss_ofa: 8.290 (8.29) LR: 5.000e-05
2025-08-29 13:38:18,395 -                train: [    INFO] - Train: 174 [ 200/391 ( 51%)]  Loss: 10.53 (11.1)  Loss_gt: 1.030 (1.08)  Loss_kd: 1.806 (1.89)  Loss_ofa: 7.698 (8.12) LR: 5.000e-05
2025-08-29 13:39:23,156 -                train: [    INFO] - Train: 174 [ 390/391 (100%)]  Loss: 11.02 (11.1)  Loss_gt: 1.087 (1.08)  Loss_kd: 1.878 (1.89)  Loss_ofa: 8.051 (8.12) LR: 5.000e-05
2025-08-29 13:39:24,035 -                train: [    INFO] - Test: [   0/39]  Time: 0.828 (0.828)  Loss:  1.2199 (1.2199)  Acc@1: 75.0000 (75.0000)  Acc@5: 91.7969 (91.7969)
2025-08-29 13:39:41,539 -                train: [    INFO] - Test: [  39/39]  Time: 0.023 (0.458)  Loss:  1.7048 (1.4310)  Acc@1: 75.0000 (69.8100)  Acc@5: 93.7500 (88.4800)
2025-08-29 13:39:41,887 - timm.utils.checkpoint_saver: [    INFO] - Current checkpoints:
 ('./output/train/20250829-064142-resnet18-224/checkpoint/checkpoint-163.pth.tar', 69.88)
 ('./output/train/20250829-064142-resnet18-224/checkpoint/checkpoint-151.pth.tar', 69.87)
 ('./output/train/20250829-064142-resnet18-224/checkpoint/checkpoint-154.pth.tar', 69.84)
 ('./output/train/20250829-064142-resnet18-224/checkpoint/checkpoint-162.pth.tar', 69.84)
 ('./output/train/20250829-064142-resnet18-224/checkpoint/checkpoint-171.pth.tar', 69.81)
 ('./output/train/20250829-064142-resnet18-224/checkpoint/checkpoint-174.pth.tar', 69.81)
 ('./output/train/20250829-064142-resnet18-224/checkpoint/checkpoint-167.pth.tar', 69.8)
 ('./output/train/20250829-064142-resnet18-224/checkpoint/checkpoint-170.pth.tar', 69.8)
 ('./output/train/20250829-064142-resnet18-224/checkpoint/checkpoint-164.pth.tar', 69.79)
 ('./output/train/20250829-064142-resnet18-224/checkpoint/checkpoint-166.pth.tar', 69.78)

2025-08-29 13:39:43,021 -                train: [    INFO] - Train: 175 [   0/391 (  0%)]  Loss: 10.52 (10.5)  Loss_gt: 1.067 (1.07)  Loss_kd: 1.782 (1.78)  Loss_ofa: 7.673 (7.67) LR: 5.000e-05
2025-08-29 13:40:46,578 -                train: [    INFO] - Train: 175 [ 200/391 ( 51%)]  Loss: 10.23 (11.1)  Loss_gt: 1.059 (1.08)  Loss_kd: 1.712 (1.89)  Loss_ofa: 7.460 (8.11) LR: 5.000e-05
2025-08-29 13:41:46,503 -                train: [    INFO] - Train: 175 [ 390/391 (100%)]  Loss: 11.13 (11.1)  Loss_gt: 1.070 (1.08)  Loss_kd: 1.931 (1.89)  Loss_ofa: 8.130 (8.12) LR: 5.000e-05
2025-08-29 13:41:47,175 -                train: [    INFO] - Test: [   0/39]  Time: 0.592 (0.592)  Loss:  1.1958 (1.1958)  Acc@1: 75.0000 (75.0000)  Acc@5: 92.1875 (92.1875)
2025-08-29 13:42:02,847 -                train: [    INFO] - Test: [  39/39]  Time: 0.028 (0.407)  Loss:  1.6980 (1.4289)  Acc@1: 75.0000 (69.5300)  Acc@5: 93.7500 (88.5200)
2025-08-29 13:42:04,299 -                train: [    INFO] - Train: 176 [   0/391 (  0%)]  Loss: 11.77 (11.8)  Loss_gt: 1.097 (1.10)  Loss_kd: 2.012 (2.01)  Loss_ofa: 8.660 (8.66) LR: 5.000e-05
2025-08-29 13:43:20,838 -                train: [    INFO] - Train: 176 [ 200/391 ( 51%)]  Loss: 10.78 (11.1)  Loss_gt: 1.057 (1.08)  Loss_kd: 1.837 (1.89)  Loss_ofa: 7.883 (8.11) LR: 5.000e-05
2025-08-29 13:44:20,566 -                train: [    INFO] - Train: 176 [ 390/391 (100%)]  Loss: 11.39 (11.1)  Loss_gt: 1.102 (1.08)  Loss_kd: 1.944 (1.89)  Loss_ofa: 8.343 (8.12) LR: 5.000e-05
2025-08-29 13:44:21,361 -                train: [    INFO] - Test: [   0/39]  Time: 0.709 (0.709)  Loss:  1.2308 (1.2308)  Acc@1: 74.6094 (74.6094)  Acc@5: 91.7969 (91.7969)
2025-08-29 13:44:39,765 -                train: [    INFO] - Test: [  39/39]  Time: 0.025 (0.478)  Loss:  1.6435 (1.4290)  Acc@1: 75.0000 (69.7000)  Acc@5: 93.7500 (88.4800)
2025-08-29 13:44:41,228 -                train: [    INFO] - Train: 177 [   0/391 (  0%)]  Loss: 11.13 (11.1)  Loss_gt: 1.070 (1.07)  Loss_kd: 1.917 (1.92)  Loss_ofa: 8.140 (8.14) LR: 5.000e-05
2025-08-29 13:45:47,050 -                train: [    INFO] - Train: 177 [ 200/391 ( 51%)]  Loss: 10.92 (11.1)  Loss_gt: 1.084 (1.08)  Loss_kd: 1.832 (1.89)  Loss_ofa: 8.001 (8.13) LR: 5.000e-05
2025-08-29 13:46:51,174 -                train: [    INFO] - Train: 177 [ 390/391 (100%)]  Loss: 11.73 (11.1)  Loss_gt: 1.111 (1.08)  Loss_kd: 2.014 (1.89)  Loss_ofa: 8.603 (8.12) LR: 5.000e-05
2025-08-29 13:46:52,184 -                train: [    INFO] - Test: [   0/39]  Time: 0.952 (0.952)  Loss:  1.1800 (1.1800)  Acc@1: 75.3906 (75.3906)  Acc@5: 92.1875 (92.1875)
2025-08-29 13:47:10,988 -                train: [    INFO] - Test: [  39/39]  Time: 0.027 (0.494)  Loss:  1.7483 (1.4297)  Acc@1: 75.0000 (69.7700)  Acc@5: 93.7500 (88.5000)
2025-08-29 13:47:12,641 -                train: [    INFO] - Train: 178 [   0/391 (  0%)]  Loss: 10.86 (10.9)  Loss_gt: 1.103 (1.10)  Loss_kd: 1.811 (1.81)  Loss_ofa: 7.948 (7.95) LR: 5.000e-05
2025-08-29 13:48:15,357 -                train: [    INFO] - Train: 178 [ 200/391 ( 51%)]  Loss: 10.47 (11.1)  Loss_gt: 1.050 (1.08)  Loss_kd: 1.791 (1.88)  Loss_ofa: 7.627 (8.10) LR: 5.000e-05
2025-08-29 13:49:15,113 -                train: [    INFO] - Train: 178 [ 390/391 (100%)]  Loss: 11.20 (11.1)  Loss_gt: 1.091 (1.08)  Loss_kd: 1.896 (1.89)  Loss_ofa: 8.212 (8.12) LR: 5.000e-05
2025-08-29 13:49:15,798 -                train: [    INFO] - Test: [   0/39]  Time: 0.623 (0.623)  Loss:  1.2217 (1.2217)  Acc@1: 74.6094 (74.6094)  Acc@5: 91.7969 (91.7969)
2025-08-29 13:49:46,016 -                train: [    INFO] - Test: [  39/39]  Time: 0.053 (0.771)  Loss:  1.6943 (1.4288)  Acc@1: 75.0000 (69.7400)  Acc@5: 93.7500 (88.4600)
2025-08-29 13:49:48,006 -                train: [    INFO] - Train: 179 [   0/391 (  0%)]  Loss: 11.02 (11.0)  Loss_gt: 1.075 (1.07)  Loss_kd: 1.885 (1.89)  Loss_ofa: 8.060 (8.06) LR: 5.000e-05
2025-08-29 13:50:55,171 -                train: [    INFO] - Train: 179 [ 200/391 ( 51%)]  Loss: 10.65 (11.1)  Loss_gt: 1.062 (1.08)  Loss_kd: 1.794 (1.90)  Loss_ofa: 7.792 (8.14) LR: 5.000e-05
2025-08-29 13:51:57,145 -                train: [    INFO] - Train: 179 [ 390/391 (100%)]  Loss: 11.16 (11.1)  Loss_gt: 1.103 (1.08)  Loss_kd: 1.861 (1.89)  Loss_ofa: 8.192 (8.12) LR: 5.000e-05
2025-08-29 13:51:57,840 -                train: [    INFO] - Test: [   0/39]  Time: 0.634 (0.634)  Loss:  1.2007 (1.2007)  Acc@1: 76.1719 (76.1719)  Acc@5: 92.1875 (92.1875)
2025-08-29 13:52:13,599 -                train: [    INFO] - Test: [  39/39]  Time: 0.027 (0.410)  Loss:  1.6432 (1.4301)  Acc@1: 75.0000 (69.8700)  Acc@5: 93.7500 (88.4500)
2025-08-29 13:52:13,987 - timm.utils.checkpoint_saver: [    INFO] - Current checkpoints:
 ('./output/train/20250829-064142-resnet18-224/checkpoint/checkpoint-163.pth.tar', 69.88)
 ('./output/train/20250829-064142-resnet18-224/checkpoint/checkpoint-151.pth.tar', 69.87)
 ('./output/train/20250829-064142-resnet18-224/checkpoint/checkpoint-179.pth.tar', 69.87)
 ('./output/train/20250829-064142-resnet18-224/checkpoint/checkpoint-154.pth.tar', 69.84)
 ('./output/train/20250829-064142-resnet18-224/checkpoint/checkpoint-162.pth.tar', 69.84)
 ('./output/train/20250829-064142-resnet18-224/checkpoint/checkpoint-171.pth.tar', 69.81)
 ('./output/train/20250829-064142-resnet18-224/checkpoint/checkpoint-174.pth.tar', 69.81)
 ('./output/train/20250829-064142-resnet18-224/checkpoint/checkpoint-167.pth.tar', 69.8)
 ('./output/train/20250829-064142-resnet18-224/checkpoint/checkpoint-170.pth.tar', 69.8)
 ('./output/train/20250829-064142-resnet18-224/checkpoint/checkpoint-164.pth.tar', 69.79)

2025-08-29 13:52:15,166 -                train: [    INFO] - Train: 180 [   0/391 (  0%)]  Loss: 11.72 (11.7)  Loss_gt: 1.119 (1.12)  Loss_kd: 1.995 (2.00)  Loss_ofa: 8.603 (8.60) LR: 5.000e-05
2025-08-29 13:53:18,015 -                train: [    INFO] - Train: 180 [ 200/391 ( 51%)]  Loss: 11.29 (11.1)  Loss_gt: 1.111 (1.08)  Loss_kd: 1.909 (1.89)  Loss_ofa: 8.269 (8.12) LR: 5.000e-05
2025-08-29 13:54:18,263 -                train: [    INFO] - Train: 180 [ 390/391 (100%)]  Loss: 10.32 (11.1)  Loss_gt: 1.068 (1.08)  Loss_kd: 1.724 (1.89)  Loss_ofa: 7.531 (8.12) LR: 5.000e-05
2025-08-29 13:54:19,391 -                train: [    INFO] - Test: [   0/39]  Time: 1.036 (1.036)  Loss:  1.2093 (1.2093)  Acc@1: 75.7812 (75.7812)  Acc@5: 91.7969 (91.7969)
2025-08-29 13:54:45,139 -                train: [    INFO] - Test: [  39/39]  Time: 0.024 (0.670)  Loss:  1.6710 (1.4301)  Acc@1: 75.0000 (69.8900)  Acc@5: 93.7500 (88.3800)
2025-08-29 13:54:45,716 - timm.utils.checkpoint_saver: [    INFO] - Current checkpoints:
 ('./output/train/20250829-064142-resnet18-224/checkpoint/checkpoint-180.pth.tar', 69.89)
 ('./output/train/20250829-064142-resnet18-224/checkpoint/checkpoint-163.pth.tar', 69.88)
 ('./output/train/20250829-064142-resnet18-224/checkpoint/checkpoint-151.pth.tar', 69.87)
 ('./output/train/20250829-064142-resnet18-224/checkpoint/checkpoint-179.pth.tar', 69.87)
 ('./output/train/20250829-064142-resnet18-224/checkpoint/checkpoint-154.pth.tar', 69.84)
 ('./output/train/20250829-064142-resnet18-224/checkpoint/checkpoint-162.pth.tar', 69.84)
 ('./output/train/20250829-064142-resnet18-224/checkpoint/checkpoint-171.pth.tar', 69.81)
 ('./output/train/20250829-064142-resnet18-224/checkpoint/checkpoint-174.pth.tar', 69.81)
 ('./output/train/20250829-064142-resnet18-224/checkpoint/checkpoint-167.pth.tar', 69.8)
 ('./output/train/20250829-064142-resnet18-224/checkpoint/checkpoint-170.pth.tar', 69.8)

2025-08-29 13:54:46,896 -                train: [    INFO] - Train: 181 [   0/391 (  0%)]  Loss: 11.22 (11.2)  Loss_gt: 1.074 (1.07)  Loss_kd: 1.929 (1.93)  Loss_ofa: 8.216 (8.22) LR: 5.000e-05
2025-08-29 13:55:49,382 -                train: [    INFO] - Train: 181 [ 200/391 ( 51%)]  Loss: 10.81 (11.0)  Loss_gt: 1.085 (1.08)  Loss_kd: 1.833 (1.88)  Loss_ofa: 7.897 (8.07) LR: 5.000e-05
2025-08-29 13:56:49,548 -                train: [    INFO] - Train: 181 [ 390/391 (100%)]  Loss: 10.70 (11.1)  Loss_gt: 1.076 (1.08)  Loss_kd: 1.833 (1.89)  Loss_ofa: 7.790 (8.12) LR: 5.000e-05
2025-08-29 13:56:50,303 -                train: [    INFO] - Test: [   0/39]  Time: 0.676 (0.676)  Loss:  1.2046 (1.2046)  Acc@1: 74.2188 (74.2188)  Acc@5: 91.4062 (91.4062)
2025-08-29 13:57:17,464 -                train: [    INFO] - Test: [  39/39]  Time: 0.036 (0.696)  Loss:  1.6595 (1.4292)  Acc@1: 75.0000 (69.7100)  Acc@5: 93.7500 (88.5300)
2025-08-29 13:57:19,238 -                train: [    INFO] - Train: 182 [   0/391 (  0%)]  Loss: 11.58 (11.6)  Loss_gt: 1.102 (1.10)  Loss_kd: 1.969 (1.97)  Loss_ofa: 8.511 (8.51) LR: 5.000e-05
2025-08-29 13:58:33,834 -                train: [    INFO] - Train: 182 [ 200/391 ( 51%)]  Loss: 11.43 (11.1)  Loss_gt: 1.110 (1.08)  Loss_kd: 1.963 (1.88)  Loss_ofa: 8.355 (8.09) LR: 5.000e-05
2025-08-29 13:59:35,240 -                train: [    INFO] - Train: 182 [ 390/391 (100%)]  Loss: 9.947 (11.1)  Loss_gt: 1.070 (1.08)  Loss_kd: 1.664 (1.89)  Loss_ofa: 7.213 (8.12) LR: 5.000e-05
2025-08-29 13:59:36,458 -                train: [    INFO] - Test: [   0/39]  Time: 1.129 (1.129)  Loss:  1.2151 (1.2151)  Acc@1: 75.0000 (75.0000)  Acc@5: 92.1875 (92.1875)
2025-08-29 13:59:59,166 -                train: [    INFO] - Test: [  39/39]  Time: 0.024 (0.596)  Loss:  1.6783 (1.4275)  Acc@1: 75.0000 (69.7200)  Acc@5: 93.7500 (88.5400)
2025-08-29 14:00:00,835 -                train: [    INFO] - Train: 183 [   0/391 (  0%)]  Loss: 11.34 (11.3)  Loss_gt: 1.076 (1.08)  Loss_kd: 1.948 (1.95)  Loss_ofa: 8.312 (8.31) LR: 5.000e-05
2025-08-29 14:01:04,158 -                train: [    INFO] - Train: 183 [ 200/391 ( 51%)]  Loss: 11.24 (11.1)  Loss_gt: 1.072 (1.08)  Loss_kd: 1.918 (1.89)  Loss_ofa: 8.249 (8.12) LR: 5.000e-05
2025-08-29 14:02:04,582 -                train: [    INFO] - Train: 183 [ 390/391 (100%)]  Loss: 12.02 (11.1)  Loss_gt: 1.098 (1.08)  Loss_kd: 2.088 (1.89)  Loss_ofa: 8.838 (8.12) LR: 5.000e-05
2025-08-29 14:02:05,267 -                train: [    INFO] - Test: [   0/39]  Time: 0.617 (0.617)  Loss:  1.1873 (1.1873)  Acc@1: 75.7812 (75.7812)  Acc@5: 91.7969 (91.7969)
2025-08-29 14:02:27,269 -                train: [    INFO] - Test: [  39/39]  Time: 0.026 (0.565)  Loss:  1.6921 (1.4300)  Acc@1: 75.0000 (69.7800)  Acc@5: 93.7500 (88.4700)
2025-08-29 14:02:28,691 -                train: [    INFO] - Train: 184 [   0/391 (  0%)]  Loss: 11.27 (11.3)  Loss_gt: 1.063 (1.06)  Loss_kd: 1.940 (1.94)  Loss_ofa: 8.270 (8.27) LR: 5.000e-05
2025-08-29 14:03:33,029 -                train: [    INFO] - Train: 184 [ 200/391 ( 51%)]  Loss: 10.98 (11.1)  Loss_gt: 1.108 (1.08)  Loss_kd: 1.881 (1.89)  Loss_ofa: 7.987 (8.13) LR: 5.000e-05
2025-08-29 14:04:34,276 -                train: [    INFO] - Train: 184 [ 390/391 (100%)]  Loss: 11.17 (11.1)  Loss_gt: 1.105 (1.08)  Loss_kd: 1.890 (1.89)  Loss_ofa: 8.180 (8.12) LR: 5.000e-05
2025-08-29 14:04:34,993 -                train: [    INFO] - Test: [   0/39]  Time: 0.645 (0.645)  Loss:  1.1773 (1.1773)  Acc@1: 76.1719 (76.1719)  Acc@5: 91.7969 (91.7969)
2025-08-29 14:04:51,249 -                train: [    INFO] - Test: [  39/39]  Time: 0.021 (0.423)  Loss:  1.6803 (1.4292)  Acc@1: 75.0000 (69.6300)  Acc@5: 93.7500 (88.4900)
2025-08-29 14:04:52,644 -                train: [    INFO] - Train: 185 [   0/391 (  0%)]  Loss: 11.19 (11.2)  Loss_gt: 1.094 (1.09)  Loss_kd: 1.894 (1.89)  Loss_ofa: 8.199 (8.20) LR: 5.000e-05
2025-08-29 14:05:56,875 -                train: [    INFO] - Train: 185 [ 200/391 ( 51%)]  Loss: 11.21 (11.1)  Loss_gt: 1.079 (1.08)  Loss_kd: 1.918 (1.89)  Loss_ofa: 8.210 (8.12) LR: 5.000e-05
2025-08-29 14:06:57,039 -                train: [    INFO] - Train: 185 [ 390/391 (100%)]  Loss: 11.38 (11.1)  Loss_gt: 1.106 (1.08)  Loss_kd: 1.954 (1.89)  Loss_ofa: 8.315 (8.12) LR: 5.000e-05
2025-08-29 14:06:57,741 -                train: [    INFO] - Test: [   0/39]  Time: 0.630 (0.630)  Loss:  1.2214 (1.2214)  Acc@1: 75.3906 (75.3906)  Acc@5: 91.7969 (91.7969)
2025-08-29 14:07:29,110 -                train: [    INFO] - Test: [  39/39]  Time: 0.025 (0.800)  Loss:  1.6950 (1.4286)  Acc@1: 75.0000 (69.7000)  Acc@5: 93.7500 (88.5300)
2025-08-29 14:07:30,631 -                train: [    INFO] - Train: 186 [   0/391 (  0%)]  Loss: 11.35 (11.4)  Loss_gt: 1.094 (1.09)  Loss_kd: 1.925 (1.93)  Loss_ofa: 8.333 (8.33) LR: 5.000e-05
2025-08-29 14:08:33,854 -                train: [    INFO] - Train: 186 [ 200/391 ( 51%)]  Loss: 10.61 (11.1)  Loss_gt: 1.057 (1.08)  Loss_kd: 1.815 (1.89)  Loss_ofa: 7.738 (8.10) LR: 5.000e-05
2025-08-29 14:10:19,015 -                train: [    INFO] - Train: 186 [ 390/391 (100%)]  Loss: 11.00 (11.1)  Loss_gt: 1.069 (1.08)  Loss_kd: 1.859 (1.89)  Loss_ofa: 8.073 (8.11) LR: 5.000e-05
2025-08-29 14:10:19,741 -                train: [    INFO] - Test: [   0/39]  Time: 0.657 (0.657)  Loss:  1.1924 (1.1924)  Acc@1: 76.1719 (76.1719)  Acc@5: 91.7969 (91.7969)
2025-08-29 14:10:35,628 -                train: [    INFO] - Test: [  39/39]  Time: 0.020 (0.414)  Loss:  1.7291 (1.4308)  Acc@1: 75.0000 (69.8800)  Acc@5: 93.7500 (88.5200)
2025-08-29 14:10:36,032 - timm.utils.checkpoint_saver: [    INFO] - Current checkpoints:
 ('./output/train/20250829-064142-resnet18-224/checkpoint/checkpoint-180.pth.tar', 69.89)
 ('./output/train/20250829-064142-resnet18-224/checkpoint/checkpoint-163.pth.tar', 69.88)
 ('./output/train/20250829-064142-resnet18-224/checkpoint/checkpoint-186.pth.tar', 69.88)
 ('./output/train/20250829-064142-resnet18-224/checkpoint/checkpoint-151.pth.tar', 69.87)
 ('./output/train/20250829-064142-resnet18-224/checkpoint/checkpoint-179.pth.tar', 69.87)
 ('./output/train/20250829-064142-resnet18-224/checkpoint/checkpoint-154.pth.tar', 69.84)
 ('./output/train/20250829-064142-resnet18-224/checkpoint/checkpoint-162.pth.tar', 69.84)
 ('./output/train/20250829-064142-resnet18-224/checkpoint/checkpoint-171.pth.tar', 69.81)
 ('./output/train/20250829-064142-resnet18-224/checkpoint/checkpoint-174.pth.tar', 69.81)
 ('./output/train/20250829-064142-resnet18-224/checkpoint/checkpoint-167.pth.tar', 69.8)

2025-08-29 14:10:37,241 -                train: [    INFO] - Train: 187 [   0/391 (  0%)]  Loss: 12.89 (12.9)  Loss_gt: 1.134 (1.13)  Loss_kd: 2.240 (2.24)  Loss_ofa: 9.513 (9.51) LR: 5.000e-05
2025-08-29 14:11:40,380 -                train: [    INFO] - Train: 187 [ 200/391 ( 51%)]  Loss: 10.73 (11.1)  Loss_gt: 1.064 (1.08)  Loss_kd: 1.821 (1.89)  Loss_ofa: 7.847 (8.12) LR: 5.000e-05
2025-08-29 14:12:41,101 -                train: [    INFO] - Train: 187 [ 390/391 (100%)]  Loss: 11.16 (11.1)  Loss_gt: 1.092 (1.08)  Loss_kd: 1.892 (1.89)  Loss_ofa: 8.181 (8.11) LR: 5.000e-05
2025-08-29 14:12:41,739 -                train: [    INFO] - Test: [   0/39]  Time: 0.575 (0.575)  Loss:  1.1859 (1.1859)  Acc@1: 75.3906 (75.3906)  Acc@5: 91.7969 (91.7969)
2025-08-29 14:12:56,872 -                train: [    INFO] - Test: [  39/39]  Time: 0.021 (0.393)  Loss:  1.6379 (1.4277)  Acc@1: 75.0000 (69.6600)  Acc@5: 93.7500 (88.6000)
2025-08-29 14:12:58,279 -                train: [    INFO] - Train: 188 [   0/391 (  0%)]  Loss: 10.56 (10.6)  Loss_gt: 1.074 (1.07)  Loss_kd: 1.782 (1.78)  Loss_ofa: 7.705 (7.70) LR: 5.000e-05
2025-08-29 14:14:00,815 -                train: [    INFO] - Train: 188 [ 200/391 ( 51%)]  Loss: 10.90 (11.1)  Loss_gt: 1.096 (1.08)  Loss_kd: 1.854 (1.89)  Loss_ofa: 7.948 (8.11) LR: 5.000e-05
2025-08-29 14:14:59,775 -                train: [    INFO] - Train: 188 [ 390/391 (100%)]  Loss: 10.71 (11.1)  Loss_gt: 1.095 (1.08)  Loss_kd: 1.819 (1.89)  Loss_ofa: 7.797 (8.12) LR: 5.000e-05
2025-08-29 14:15:00,439 -                train: [    INFO] - Test: [   0/39]  Time: 0.599 (0.599)  Loss:  1.2084 (1.2084)  Acc@1: 74.6094 (74.6094)  Acc@5: 91.4062 (91.4062)
2025-08-29 14:15:15,635 -                train: [    INFO] - Test: [  39/39]  Time: 0.023 (0.395)  Loss:  1.6521 (1.4273)  Acc@1: 75.0000 (69.8900)  Acc@5: 93.7500 (88.4500)
2025-08-29 14:15:16,012 - timm.utils.checkpoint_saver: [    INFO] - Current checkpoints:
 ('./output/train/20250829-064142-resnet18-224/checkpoint/checkpoint-180.pth.tar', 69.89)
 ('./output/train/20250829-064142-resnet18-224/checkpoint/checkpoint-188.pth.tar', 69.89)
 ('./output/train/20250829-064142-resnet18-224/checkpoint/checkpoint-163.pth.tar', 69.88)
 ('./output/train/20250829-064142-resnet18-224/checkpoint/checkpoint-186.pth.tar', 69.88)
 ('./output/train/20250829-064142-resnet18-224/checkpoint/checkpoint-151.pth.tar', 69.87)
 ('./output/train/20250829-064142-resnet18-224/checkpoint/checkpoint-179.pth.tar', 69.87)
 ('./output/train/20250829-064142-resnet18-224/checkpoint/checkpoint-154.pth.tar', 69.84)
 ('./output/train/20250829-064142-resnet18-224/checkpoint/checkpoint-162.pth.tar', 69.84)
 ('./output/train/20250829-064142-resnet18-224/checkpoint/checkpoint-171.pth.tar', 69.81)
 ('./output/train/20250829-064142-resnet18-224/checkpoint/checkpoint-174.pth.tar', 69.81)

2025-08-29 14:15:17,180 -                train: [    INFO] - Train: 189 [   0/391 (  0%)]  Loss: 11.42 (11.4)  Loss_gt: 1.080 (1.08)  Loss_kd: 1.938 (1.94)  Loss_ofa: 8.402 (8.40) LR: 5.000e-05
2025-08-29 14:16:20,580 -                train: [    INFO] - Train: 189 [ 200/391 ( 51%)]  Loss: 11.64 (11.1)  Loss_gt: 1.101 (1.08)  Loss_kd: 2.009 (1.89)  Loss_ofa: 8.533 (8.11) LR: 5.000e-05
2025-08-29 14:17:20,404 -                train: [    INFO] - Train: 189 [ 390/391 (100%)]  Loss: 11.41 (11.1)  Loss_gt: 1.078 (1.08)  Loss_kd: 1.933 (1.89)  Loss_ofa: 8.395 (8.11) LR: 5.000e-05
2025-08-29 14:17:21,809 -                train: [    INFO] - Test: [   0/39]  Time: 1.311 (1.311)  Loss:  1.2294 (1.2294)  Acc@1: 75.0000 (75.0000)  Acc@5: 91.7969 (91.7969)
2025-08-29 14:17:41,893 -                train: [    INFO] - Test: [  39/39]  Time: 0.025 (0.535)  Loss:  1.7235 (1.4303)  Acc@1: 75.0000 (69.7400)  Acc@5: 93.7500 (88.4500)
2025-08-29 14:17:43,365 -                train: [    INFO] - Train: 190 [   0/391 (  0%)]  Loss: 11.44 (11.4)  Loss_gt: 1.072 (1.07)  Loss_kd: 1.937 (1.94)  Loss_ofa: 8.429 (8.43) LR: 5.000e-05
2025-08-29 14:18:46,765 -                train: [    INFO] - Train: 190 [ 200/391 ( 51%)]  Loss: 11.33 (11.1)  Loss_gt: 1.091 (1.08)  Loss_kd: 1.944 (1.89)  Loss_ofa: 8.293 (8.12) LR: 5.000e-05
2025-08-29 14:19:51,401 -                train: [    INFO] - Train: 190 [ 390/391 (100%)]  Loss: 11.87 (11.1)  Loss_gt: 1.122 (1.08)  Loss_kd: 2.052 (1.89)  Loss_ofa: 8.695 (8.12) LR: 5.000e-05
2025-08-29 14:19:52,048 -                train: [    INFO] - Test: [   0/39]  Time: 0.584 (0.584)  Loss:  1.2243 (1.2243)  Acc@1: 74.6094 (74.6094)  Acc@5: 91.4062 (91.4062)
2025-08-29 14:20:12,879 -                train: [    INFO] - Test: [  39/39]  Time: 0.021 (0.535)  Loss:  1.6986 (1.4313)  Acc@1: 75.0000 (69.8400)  Acc@5: 93.7500 (88.5500)
2025-08-29 14:20:13,223 - timm.utils.checkpoint_saver: [    INFO] - Current checkpoints:
 ('./output/train/20250829-064142-resnet18-224/checkpoint/checkpoint-180.pth.tar', 69.89)
 ('./output/train/20250829-064142-resnet18-224/checkpoint/checkpoint-188.pth.tar', 69.89)
 ('./output/train/20250829-064142-resnet18-224/checkpoint/checkpoint-163.pth.tar', 69.88)
 ('./output/train/20250829-064142-resnet18-224/checkpoint/checkpoint-186.pth.tar', 69.88)
 ('./output/train/20250829-064142-resnet18-224/checkpoint/checkpoint-151.pth.tar', 69.87)
 ('./output/train/20250829-064142-resnet18-224/checkpoint/checkpoint-179.pth.tar', 69.87)
 ('./output/train/20250829-064142-resnet18-224/checkpoint/checkpoint-154.pth.tar', 69.84)
 ('./output/train/20250829-064142-resnet18-224/checkpoint/checkpoint-162.pth.tar', 69.84)
 ('./output/train/20250829-064142-resnet18-224/checkpoint/checkpoint-190.pth.tar', 69.84)
 ('./output/train/20250829-064142-resnet18-224/checkpoint/checkpoint-171.pth.tar', 69.81)

2025-08-29 14:20:14,316 -                train: [    INFO] - Train: 191 [   0/391 (  0%)]  Loss: 10.91 (10.9)  Loss_gt: 1.079 (1.08)  Loss_kd: 1.879 (1.88)  Loss_ofa: 7.955 (7.96) LR: 5.000e-05
2025-08-29 14:21:33,820 -                train: [    INFO] - Train: 191 [ 200/391 ( 51%)]  Loss: 10.83 (11.1)  Loss_gt: 1.071 (1.08)  Loss_kd: 1.837 (1.89)  Loss_ofa: 7.924 (8.11) LR: 5.000e-05
2025-08-29 14:22:33,786 -                train: [    INFO] - Train: 191 [ 390/391 (100%)]  Loss: 11.31 (11.1)  Loss_gt: 1.113 (1.08)  Loss_kd: 1.948 (1.89)  Loss_ofa: 8.252 (8.12) LR: 5.000e-05
2025-08-29 14:22:34,514 -                train: [    INFO] - Test: [   0/39]  Time: 0.655 (0.655)  Loss:  1.2019 (1.2019)  Acc@1: 74.6094 (74.6094)  Acc@5: 91.7969 (91.7969)
2025-08-29 14:22:58,095 -                train: [    INFO] - Test: [  39/39]  Time: 0.027 (0.606)  Loss:  1.7180 (1.4297)  Acc@1: 75.0000 (69.6900)  Acc@5: 93.7500 (88.5200)
2025-08-29 14:22:59,562 -                train: [    INFO] - Train: 192 [   0/391 (  0%)]  Loss: 10.26 (10.3)  Loss_gt: 1.065 (1.07)  Loss_kd: 1.723 (1.72)  Loss_ofa: 7.467 (7.47) LR: 5.000e-05
2025-08-29 14:24:25,589 -                train: [    INFO] - Train: 192 [ 200/391 ( 51%)]  Loss: 11.54 (11.1)  Loss_gt: 1.117 (1.08)  Loss_kd: 1.985 (1.89)  Loss_ofa: 8.437 (8.10) LR: 5.000e-05
2025-08-29 14:25:30,998 -                train: [    INFO] - Train: 192 [ 390/391 (100%)]  Loss: 11.35 (11.1)  Loss_gt: 1.119 (1.08)  Loss_kd: 1.911 (1.89)  Loss_ofa: 8.324 (8.11) LR: 5.000e-05
2025-08-29 14:25:31,683 -                train: [    INFO] - Test: [   0/39]  Time: 0.615 (0.615)  Loss:  1.2467 (1.2467)  Acc@1: 74.2188 (74.2188)  Acc@5: 91.0156 (91.0156)
2025-08-29 14:25:59,587 -                train: [    INFO] - Test: [  39/39]  Time: 1.600 (0.713)  Loss:  1.7039 (1.4335)  Acc@1: 75.0000 (69.7300)  Acc@5: 93.7500 (88.3600)
2025-08-29 14:26:21,713 -                train: [    INFO] - Train: 193 [   0/391 (  0%)]  Loss: 11.14 (11.1)  Loss_gt: 1.109 (1.11)  Loss_kd: 1.876 (1.88)  Loss_ofa: 8.156 (8.16) LR: 5.000e-05
2025-08-29 14:27:35,547 -                train: [    INFO] - Train: 193 [ 200/391 ( 51%)]  Loss: 11.32 (11.1)  Loss_gt: 1.067 (1.08)  Loss_kd: 1.933 (1.89)  Loss_ofa: 8.319 (8.10) LR: 5.000e-05
2025-08-29 14:28:38,035 -                train: [    INFO] - Train: 193 [ 390/391 (100%)]  Loss: 10.92 (11.1)  Loss_gt: 1.090 (1.08)  Loss_kd: 1.838 (1.89)  Loss_ofa: 7.995 (8.11) LR: 5.000e-05
2025-08-29 14:28:38,696 -                train: [    INFO] - Test: [   0/39]  Time: 0.597 (0.597)  Loss:  1.2010 (1.2010)  Acc@1: 75.3906 (75.3906)  Acc@5: 91.4062 (91.4062)
2025-08-29 14:29:00,978 -                train: [    INFO] - Test: [  39/39]  Time: 0.022 (0.572)  Loss:  1.8493 (1.4302)  Acc@1: 68.7500 (69.7900)  Acc@5: 93.7500 (88.5100)
2025-08-29 14:29:02,439 -                train: [    INFO] - Train: 194 [   0/391 (  0%)]  Loss: 10.62 (10.6)  Loss_gt: 1.065 (1.07)  Loss_kd: 1.780 (1.78)  Loss_ofa: 7.774 (7.77) LR: 5.000e-05
2025-08-29 14:30:26,270 -                train: [    INFO] - Train: 194 [ 200/391 ( 51%)]  Loss: 11.77 (11.1)  Loss_gt: 1.107 (1.08)  Loss_kd: 2.020 (1.89)  Loss_ofa: 8.645 (8.10) LR: 5.000e-05
2025-08-29 14:31:37,609 -                train: [    INFO] - Train: 194 [ 390/391 (100%)]  Loss: 11.14 (11.1)  Loss_gt: 1.093 (1.08)  Loss_kd: 1.899 (1.89)  Loss_ofa: 8.151 (8.11) LR: 5.000e-05
2025-08-29 14:31:38,285 -                train: [    INFO] - Test: [   0/39]  Time: 0.617 (0.617)  Loss:  1.2194 (1.2194)  Acc@1: 74.6094 (74.6094)  Acc@5: 91.7969 (91.7969)
2025-08-29 14:32:01,509 -                train: [    INFO] - Test: [  39/39]  Time: 0.027 (0.596)  Loss:  1.8072 (1.4314)  Acc@1: 68.7500 (69.7900)  Acc@5: 93.7500 (88.6100)
2025-08-29 14:32:03,001 -                train: [    INFO] - Train: 195 [   0/391 (  0%)]  Loss: 11.11 (11.1)  Loss_gt: 1.076 (1.08)  Loss_kd: 1.896 (1.90)  Loss_ofa: 8.142 (8.14) LR: 5.000e-05
2025-08-29 14:33:15,865 -                train: [    INFO] - Train: 195 [ 200/391 ( 51%)]  Loss: 11.02 (11.1)  Loss_gt: 1.076 (1.08)  Loss_kd: 1.872 (1.90)  Loss_ofa: 8.068 (8.14) LR: 5.000e-05
2025-08-29 14:34:15,627 -                train: [    INFO] - Train: 195 [ 390/391 (100%)]  Loss: 11.74 (11.1)  Loss_gt: 1.091 (1.08)  Loss_kd: 2.006 (1.89)  Loss_ofa: 8.642 (8.12) LR: 5.000e-05
2025-08-29 14:34:17,507 -                train: [    INFO] - Test: [   0/39]  Time: 1.250 (1.250)  Loss:  1.2107 (1.2107)  Acc@1: 74.6094 (74.6094)  Acc@5: 91.7969 (91.7969)
2025-08-29 14:34:42,570 -                train: [    INFO] - Test: [  39/39]  Time: 0.022 (0.658)  Loss:  1.7122 (1.4303)  Acc@1: 75.0000 (69.7800)  Acc@5: 93.7500 (88.4900)
2025-08-29 14:34:43,965 -                train: [    INFO] - Train: 196 [   0/391 (  0%)]  Loss: 11.27 (11.3)  Loss_gt: 1.100 (1.10)  Loss_kd: 1.940 (1.94)  Loss_ofa: 8.233 (8.23) LR: 5.000e-05
2025-08-29 14:35:47,140 -                train: [    INFO] - Train: 196 [ 200/391 ( 51%)]  Loss: 11.34 (11.1)  Loss_gt: 1.074 (1.08)  Loss_kd: 1.950 (1.89)  Loss_ofa: 8.320 (8.11) LR: 5.000e-05
2025-08-29 14:36:46,567 -                train: [    INFO] - Train: 196 [ 390/391 (100%)]  Loss: 10.72 (11.1)  Loss_gt: 1.057 (1.08)  Loss_kd: 1.831 (1.89)  Loss_ofa: 7.829 (8.11) LR: 5.000e-05
2025-08-29 14:36:48,189 -                train: [    INFO] - Test: [   0/39]  Time: 1.443 (1.443)  Loss:  1.2143 (1.2143)  Acc@1: 75.3906 (75.3906)  Acc@5: 91.7969 (91.7969)
2025-08-29 14:37:07,501 -                train: [    INFO] - Test: [  39/39]  Time: 0.023 (0.519)  Loss:  1.7374 (1.4311)  Acc@1: 75.0000 (69.8800)  Acc@5: 93.7500 (88.5100)
2025-08-29 14:37:07,828 - timm.utils.checkpoint_saver: [    INFO] - Current checkpoints:
 ('./output/train/20250829-064142-resnet18-224/checkpoint/checkpoint-180.pth.tar', 69.89)
 ('./output/train/20250829-064142-resnet18-224/checkpoint/checkpoint-188.pth.tar', 69.89)
 ('./output/train/20250829-064142-resnet18-224/checkpoint/checkpoint-163.pth.tar', 69.88)
 ('./output/train/20250829-064142-resnet18-224/checkpoint/checkpoint-186.pth.tar', 69.88)
 ('./output/train/20250829-064142-resnet18-224/checkpoint/checkpoint-196.pth.tar', 69.88)
 ('./output/train/20250829-064142-resnet18-224/checkpoint/checkpoint-151.pth.tar', 69.87)
 ('./output/train/20250829-064142-resnet18-224/checkpoint/checkpoint-179.pth.tar', 69.87)
 ('./output/train/20250829-064142-resnet18-224/checkpoint/checkpoint-154.pth.tar', 69.84)
 ('./output/train/20250829-064142-resnet18-224/checkpoint/checkpoint-162.pth.tar', 69.84)
 ('./output/train/20250829-064142-resnet18-224/checkpoint/checkpoint-190.pth.tar', 69.84)

2025-08-29 14:37:08,935 -                train: [    INFO] - Train: 197 [   0/391 (  0%)]  Loss: 10.86 (10.9)  Loss_gt: 1.062 (1.06)  Loss_kd: 1.825 (1.83)  Loss_ofa: 7.978 (7.98) LR: 5.000e-05
2025-08-29 14:38:17,253 -                train: [    INFO] - Train: 197 [ 200/391 ( 51%)]  Loss: 11.68 (11.1)  Loss_gt: 1.097 (1.08)  Loss_kd: 1.997 (1.89)  Loss_ofa: 8.583 (8.13) LR: 5.000e-05
2025-08-29 14:39:21,177 -                train: [    INFO] - Train: 197 [ 390/391 (100%)]  Loss: 10.51 (11.1)  Loss_gt: 1.062 (1.08)  Loss_kd: 1.771 (1.89)  Loss_ofa: 7.675 (8.11) LR: 5.000e-05
2025-08-29 14:39:21,844 -                train: [    INFO] - Test: [   0/39]  Time: 0.606 (0.606)  Loss:  1.1882 (1.1882)  Acc@1: 75.3906 (75.3906)  Acc@5: 91.7969 (91.7969)
2025-08-29 14:39:38,496 -                train: [    INFO] - Test: [  39/39]  Time: 0.022 (0.431)  Loss:  1.6986 (1.4289)  Acc@1: 75.0000 (69.7000)  Acc@5: 93.7500 (88.5700)
2025-08-29 14:39:39,897 -                train: [    INFO] - Train: 198 [   0/391 (  0%)]  Loss: 11.18 (11.2)  Loss_gt: 1.085 (1.09)  Loss_kd: 1.902 (1.90)  Loss_ofa: 8.193 (8.19) LR: 5.000e-05
2025-08-29 14:41:01,474 -                train: [    INFO] - Train: 198 [ 200/391 ( 51%)]  Loss: 11.27 (11.1)  Loss_gt: 1.082 (1.08)  Loss_kd: 1.922 (1.89)  Loss_ofa: 8.268 (8.10) LR: 5.000e-05
2025-08-29 14:42:04,427 -                train: [    INFO] - Train: 198 [ 390/391 (100%)]  Loss: 10.66 (11.1)  Loss_gt: 1.088 (1.08)  Loss_kd: 1.768 (1.89)  Loss_ofa: 7.808 (8.11) LR: 5.000e-05
2025-08-29 14:42:06,196 -                train: [    INFO] - Test: [   0/39]  Time: 1.666 (1.666)  Loss:  1.1706 (1.1706)  Acc@1: 75.7812 (75.7812)  Acc@5: 92.1875 (92.1875)
2025-08-29 14:42:40,516 -                train: [    INFO] - Test: [  39/39]  Time: 0.021 (0.900)  Loss:  1.6242 (1.4285)  Acc@1: 75.0000 (69.7900)  Acc@5: 100.0000 (88.6100)
2025-08-29 14:42:41,985 -                train: [    INFO] - Train: 199 [   0/391 (  0%)]  Loss: 11.91 (11.9)  Loss_gt: 1.106 (1.11)  Loss_kd: 2.060 (2.06)  Loss_ofa: 8.748 (8.75) LR: 5.000e-05
2025-08-29 14:43:44,669 -                train: [    INFO] - Train: 199 [ 200/391 ( 51%)]  Loss: 10.79 (11.1)  Loss_gt: 1.071 (1.08)  Loss_kd: 1.825 (1.89)  Loss_ofa: 7.891 (8.11) LR: 5.000e-05
2025-08-29 14:45:17,779 -                train: [    INFO] - Train: 199 [ 390/391 (100%)]  Loss: 11.74 (11.1)  Loss_gt: 1.115 (1.08)  Loss_kd: 1.992 (1.89)  Loss_ofa: 8.628 (8.12) LR: 5.000e-05
2025-08-29 14:45:18,500 -                train: [    INFO] - Test: [   0/39]  Time: 0.634 (0.634)  Loss:  1.2245 (1.2245)  Acc@1: 74.2188 (74.2188)  Acc@5: 91.4062 (91.4062)
2025-08-29 14:45:35,124 -                train: [    INFO] - Test: [  39/39]  Time: 1.005 (0.431)  Loss:  1.7107 (1.4312)  Acc@1: 75.0000 (69.5600)  Acc@5: 100.0000 (88.5600)
2025-08-29 14:45:38,537 -                train: [    INFO] - *** Best metric: 69.89 (epoch 180)
