2025-08-30 19:37:27,391 -                train: [    INFO] - Training with a single process on 1 GPUs.
2025-08-30 19:37:29,440 -  timm.models.helpers: [    INFO] - Loaded  from checkpoint '/nfs4/wangyb/projects/OFAKD/teacher_checkpoint/swin_tiny_patch4_window7_224_cifar100.pth'
2025-08-30 19:37:29,852 -                train: [    INFO] - Model mobilenetv2_vcaV2 created, param count:4592484
2025-08-30 19:37:29,852 -     timm.data.config: [    INFO] - Data processing configuration for current model + dataset:
2025-08-30 19:37:29,852 -     timm.data.config: [    INFO] - 	input_size: (3, 224, 224)
2025-08-30 19:37:29,854 -     timm.data.config: [    INFO] - 	interpolation: bicubic
2025-08-30 19:37:29,854 -     timm.data.config: [    INFO] - 	mean: (0.485, 0.456, 0.406)
2025-08-30 19:37:29,854 -     timm.data.config: [    INFO] - 	std: (0.229, 0.224, 0.225)
2025-08-30 19:37:29,854 -     timm.data.config: [    INFO] - 	crop_pct: 0.875
2025-08-30 19:37:33,160 -                train: [    INFO] - 
-------------------------------
Learnable parameters
Student: 4.59M
Extra: 0.00M
-------------------------------
2025-08-30 19:37:33,325 -                train: [    INFO] - AMP not enabled. Training in float32.
2025-08-30 19:37:33,325 -                train: [    INFO] - Scheduled epochs: 240
2025-08-30 19:37:36,360 -                train: [    INFO] - Train: 0 [   0/195 (  0%)]  Loss: 514.1 (514.)  Loss_cat: 8.439 (8.44)  Loss_feat: 501.1 (501.)  Loss_gt: 4.616 (4.62) LR: 1.000e-04
2025-08-30 19:39:00,393 -                train: [    INFO] - Train: 0 [ 194/195 (100%)]  Loss: 428.3 (458.)  Loss_cat: 5.648 (6.28)  Loss_feat: 418.1 (447.)  Loss_gt: 4.572 (4.60) LR: 1.000e-04
2025-08-30 19:39:01,107 -                train: [    INFO] - Test: [   0/39]  Time: 0.694 (0.694)  Loss:  4.5539 (4.5539)  Acc@1:  2.7344 ( 2.7344)  Acc@5: 14.4531 (14.4531)
2025-08-30 19:39:04,110 -                train: [    INFO] - Test: [  39/39]  Time: 0.120 (0.092)  Loss:  4.6124 (4.5851)  Acc@1:  0.0000 ( 2.2100)  Acc@5: 12.5000 (10.9400)
2025-08-30 19:39:04,333 - timm.utils.checkpoint_saver: [    INFO] - Current checkpoints:
 ('./output/train/20250830-193733-mobilenetv2_vcaV2-224/checkpoint/checkpoint-0.pth.tar', 2.21)

2025-08-30 19:39:05,265 -                train: [    INFO] - Train: 1 [   0/195 (  0%)]  Loss: 424.6 (425.)  Loss_cat: 5.628 (5.63)  Loss_feat: 414.4 (414.)  Loss_gt: 4.588 (4.59) LR: 1.673e-02
2025-08-30 19:40:29,080 -                train: [    INFO] - Train: 1 [ 194/195 (100%)]  Loss: 374.3 (396.)  Loss_cat: 4.085 (4.73)  Loss_feat: 366.1 (387.)  Loss_gt: 4.109 (4.29) LR: 1.673e-02
2025-08-30 19:40:29,496 -                train: [    INFO] - Test: [   0/39]  Time: 0.398 (0.398)  Loss:  3.8368 (3.8368)  Acc@1: 10.5469 (10.5469)  Acc@5: 35.1562 (35.1562)
2025-08-30 19:40:32,469 -                train: [    INFO] - Test: [  39/39]  Time: 0.022 (0.084)  Loss:  3.5648 (3.8510)  Acc@1:  6.2500 (10.0200)  Acc@5: 37.5000 (31.9900)
2025-08-30 19:40:33,038 - timm.utils.checkpoint_saver: [    INFO] - Current checkpoints:
 ('./output/train/20250830-193733-mobilenetv2_vcaV2-224/checkpoint/checkpoint-1.pth.tar', 10.02)
 ('./output/train/20250830-193733-mobilenetv2_vcaV2-224/checkpoint/checkpoint-0.pth.tar', 2.21)

2025-08-30 19:40:33,788 -                train: [    INFO] - Train: 2 [   0/195 (  0%)]  Loss: 374.8 (375.)  Loss_cat: 4.059 (4.06)  Loss_feat: 366.7 (367.)  Loss_gt: 4.021 (4.02) LR: 3.337e-02
2025-08-30 19:41:57,625 -                train: [    INFO] - Train: 2 [ 194/195 (100%)]  Loss: 348.5 (363.)  Loss_cat: 3.203 (3.71)  Loss_feat: 341.9 (355.)  Loss_gt: 3.428 (3.81) LR: 3.337e-02
2025-08-30 19:41:58,039 -                train: [    INFO] - Test: [   0/39]  Time: 0.391 (0.391)  Loss:  3.2131 (3.2131)  Acc@1: 22.6562 (22.6562)  Acc@5: 53.9062 (53.9062)
2025-08-30 19:42:00,937 -                train: [    INFO] - Test: [  39/39]  Time: 0.022 (0.082)  Loss:  3.0387 (3.1558)  Acc@1: 18.7500 (22.3300)  Acc@5: 62.5000 (53.0800)
2025-08-30 19:42:01,097 - timm.utils.checkpoint_saver: [    INFO] - Current checkpoints:
 ('./output/train/20250830-193733-mobilenetv2_vcaV2-224/checkpoint/checkpoint-2.pth.tar', 22.33)
 ('./output/train/20250830-193733-mobilenetv2_vcaV2-224/checkpoint/checkpoint-1.pth.tar', 10.02)
 ('./output/train/20250830-193733-mobilenetv2_vcaV2-224/checkpoint/checkpoint-0.pth.tar', 2.21)

2025-08-30 19:42:01,881 -                train: [    INFO] - Train: 3 [   0/195 (  0%)]  Loss: 346.7 (347.)  Loss_cat: 3.149 (3.15)  Loss_feat: 339.9 (340.)  Loss_gt: 3.581 (3.58) LR: 5.000e-02
2025-08-30 19:43:25,317 -                train: [    INFO] - Train: 3 [ 194/195 (100%)]  Loss: 329.0 (338.)  Loss_cat: 2.681 (2.97)  Loss_feat: 323.1 (332.)  Loss_gt: 3.184 (3.37) LR: 5.000e-02
2025-08-30 19:43:25,725 -                train: [    INFO] - Test: [   0/39]  Time: 0.389 (0.389)  Loss:  2.5410 (2.5410)  Acc@1: 35.5469 (35.5469)  Acc@5: 68.3594 (68.3594)
2025-08-30 19:43:28,532 -                train: [    INFO] - Test: [  39/39]  Time: 0.021 (0.080)  Loss:  2.5594 (2.6381)  Acc@1: 18.7500 (31.8100)  Acc@5: 68.7500 (65.7000)
2025-08-30 19:43:28,980 - timm.utils.checkpoint_saver: [    INFO] - Current checkpoints:
 ('./output/train/20250830-193733-mobilenetv2_vcaV2-224/checkpoint/checkpoint-3.pth.tar', 31.81)
 ('./output/train/20250830-193733-mobilenetv2_vcaV2-224/checkpoint/checkpoint-2.pth.tar', 22.33)
 ('./output/train/20250830-193733-mobilenetv2_vcaV2-224/checkpoint/checkpoint-1.pth.tar', 10.02)
 ('./output/train/20250830-193733-mobilenetv2_vcaV2-224/checkpoint/checkpoint-0.pth.tar', 2.21)

2025-08-30 19:43:29,728 -                train: [    INFO] - Train: 4 [   0/195 (  0%)]  Loss: 321.1 (321.)  Loss_cat: 2.502 (2.50)  Loss_feat: 315.5 (316.)  Loss_gt: 3.139 (3.14) LR: 5.000e-02
2025-08-30 19:44:53,372 -                train: [    INFO] - Train: 4 [ 194/195 (100%)]  Loss: 313.0 (319.)  Loss_cat: 2.263 (2.43)  Loss_feat: 307.8 (314.)  Loss_gt: 2.990 (3.03) LR: 5.000e-02
2025-08-30 19:44:53,816 -                train: [    INFO] - Test: [   0/39]  Time: 0.425 (0.425)  Loss:  2.1203 (2.1203)  Acc@1: 44.5312 (44.5312)  Acc@5: 80.8594 (80.8594)
2025-08-30 19:44:56,810 -                train: [    INFO] - Test: [  39/39]  Time: 0.021 (0.085)  Loss:  2.0151 (2.2627)  Acc@1: 43.7500 (40.7400)  Acc@5: 75.0000 (74.5700)
2025-08-30 19:44:56,960 - timm.utils.checkpoint_saver: [    INFO] - Current checkpoints:
 ('./output/train/20250830-193733-mobilenetv2_vcaV2-224/checkpoint/checkpoint-4.pth.tar', 40.74)
 ('./output/train/20250830-193733-mobilenetv2_vcaV2-224/checkpoint/checkpoint-3.pth.tar', 31.81)
 ('./output/train/20250830-193733-mobilenetv2_vcaV2-224/checkpoint/checkpoint-2.pth.tar', 22.33)
 ('./output/train/20250830-193733-mobilenetv2_vcaV2-224/checkpoint/checkpoint-1.pth.tar', 10.02)
 ('./output/train/20250830-193733-mobilenetv2_vcaV2-224/checkpoint/checkpoint-0.pth.tar', 2.21)

2025-08-30 19:44:57,721 -                train: [    INFO] - Train: 5 [   0/195 (  0%)]  Loss: 311.9 (312.)  Loss_cat: 2.284 (2.28)  Loss_feat: 306.5 (307.)  Loss_gt: 3.059 (3.06) LR: 5.000e-02
2025-08-30 19:46:21,245 -                train: [    INFO] - Train: 5 [ 194/195 (100%)]  Loss: 303.0 (308.)  Loss_cat: 2.067 (2.16)  Loss_feat: 298.2 (303.)  Loss_gt: 2.812 (2.86) LR: 5.000e-02
2025-08-30 19:46:21,660 -                train: [    INFO] - Test: [   0/39]  Time: 0.396 (0.396)  Loss:  1.7892 (1.7892)  Acc@1: 54.2969 (54.2969)  Acc@5: 85.1562 (85.1562)
2025-08-30 19:46:24,522 -                train: [    INFO] - Test: [  39/39]  Time: 0.024 (0.081)  Loss:  1.4107 (1.9445)  Acc@1: 62.5000 (47.3500)  Acc@5: 81.2500 (80.8700)
2025-08-30 19:46:24,748 - timm.utils.checkpoint_saver: [    INFO] - Current checkpoints:
 ('./output/train/20250830-193733-mobilenetv2_vcaV2-224/checkpoint/checkpoint-5.pth.tar', 47.35)
 ('./output/train/20250830-193733-mobilenetv2_vcaV2-224/checkpoint/checkpoint-4.pth.tar', 40.74)
 ('./output/train/20250830-193733-mobilenetv2_vcaV2-224/checkpoint/checkpoint-3.pth.tar', 31.81)
 ('./output/train/20250830-193733-mobilenetv2_vcaV2-224/checkpoint/checkpoint-2.pth.tar', 22.33)
 ('./output/train/20250830-193733-mobilenetv2_vcaV2-224/checkpoint/checkpoint-1.pth.tar', 10.02)
 ('./output/train/20250830-193733-mobilenetv2_vcaV2-224/checkpoint/checkpoint-0.pth.tar', 2.21)

2025-08-30 19:46:25,534 -                train: [    INFO] - Train: 6 [   0/195 (  0%)]  Loss: 303.8 (304.)  Loss_cat: 2.022 (2.02)  Loss_feat: 299.2 (299.)  Loss_gt: 2.651 (2.65) LR: 5.000e-02
2025-08-30 19:47:49,198 -                train: [    INFO] - Train: 6 [ 194/195 (100%)]  Loss: 298.1 (301.)  Loss_cat: 1.931 (2.01)  Loss_feat: 293.3 (297.)  Loss_gt: 2.867 (2.76) LR: 5.000e-02
2025-08-30 19:47:49,656 -                train: [    INFO] - Test: [   0/39]  Time: 0.438 (0.438)  Loss:  1.9021 (1.9021)  Acc@1: 51.9531 (51.9531)  Acc@5: 81.2500 (81.2500)
2025-08-30 19:47:52,475 -                train: [    INFO] - Test: [  39/39]  Time: 0.022 (0.081)  Loss:  2.1847 (1.9125)  Acc@1: 50.0000 (49.6400)  Acc@5: 81.2500 (81.3400)
2025-08-30 19:47:52,692 - timm.utils.checkpoint_saver: [    INFO] - Current checkpoints:
 ('./output/train/20250830-193733-mobilenetv2_vcaV2-224/checkpoint/checkpoint-6.pth.tar', 49.64)
 ('./output/train/20250830-193733-mobilenetv2_vcaV2-224/checkpoint/checkpoint-5.pth.tar', 47.35)
 ('./output/train/20250830-193733-mobilenetv2_vcaV2-224/checkpoint/checkpoint-4.pth.tar', 40.74)
 ('./output/train/20250830-193733-mobilenetv2_vcaV2-224/checkpoint/checkpoint-3.pth.tar', 31.81)
 ('./output/train/20250830-193733-mobilenetv2_vcaV2-224/checkpoint/checkpoint-2.pth.tar', 22.33)
 ('./output/train/20250830-193733-mobilenetv2_vcaV2-224/checkpoint/checkpoint-1.pth.tar', 10.02)
 ('./output/train/20250830-193733-mobilenetv2_vcaV2-224/checkpoint/checkpoint-0.pth.tar', 2.21)

2025-08-30 19:47:53,479 -                train: [    INFO] - Train: 7 [   0/195 (  0%)]  Loss: 300.6 (301.)  Loss_cat: 2.030 (2.03)  Loss_feat: 295.8 (296.)  Loss_gt: 2.768 (2.77) LR: 5.000e-02
2025-08-30 19:49:17,219 -                train: [    INFO] - Train: 7 [ 194/195 (100%)]  Loss: 294.7 (297.)  Loss_cat: 1.832 (1.91)  Loss_feat: 290.1 (292.)  Loss_gt: 2.698 (2.68) LR: 5.000e-02
2025-08-30 19:49:17,652 -                train: [    INFO] - Test: [   0/39]  Time: 0.416 (0.416)  Loss:  1.8775 (1.8775)  Acc@1: 49.6094 (49.6094)  Acc@5: 78.9062 (78.9062)
2025-08-30 19:49:20,574 -                train: [    INFO] - Test: [  39/39]  Time: 0.026 (0.083)  Loss:  1.7380 (1.9074)  Acc@1: 50.0000 (49.2800)  Acc@5: 81.2500 (80.7700)
2025-08-30 19:49:20,774 - timm.utils.checkpoint_saver: [    INFO] - Current checkpoints:
 ('./output/train/20250830-193733-mobilenetv2_vcaV2-224/checkpoint/checkpoint-6.pth.tar', 49.64)
 ('./output/train/20250830-193733-mobilenetv2_vcaV2-224/checkpoint/checkpoint-7.pth.tar', 49.28)
 ('./output/train/20250830-193733-mobilenetv2_vcaV2-224/checkpoint/checkpoint-5.pth.tar', 47.35)
 ('./output/train/20250830-193733-mobilenetv2_vcaV2-224/checkpoint/checkpoint-4.pth.tar', 40.74)
 ('./output/train/20250830-193733-mobilenetv2_vcaV2-224/checkpoint/checkpoint-3.pth.tar', 31.81)
 ('./output/train/20250830-193733-mobilenetv2_vcaV2-224/checkpoint/checkpoint-2.pth.tar', 22.33)
 ('./output/train/20250830-193733-mobilenetv2_vcaV2-224/checkpoint/checkpoint-1.pth.tar', 10.02)
 ('./output/train/20250830-193733-mobilenetv2_vcaV2-224/checkpoint/checkpoint-0.pth.tar', 2.21)

2025-08-30 19:49:21,531 -                train: [    INFO] - Train: 8 [   0/195 (  0%)]  Loss: 293.9 (294.)  Loss_cat: 1.826 (1.83)  Loss_feat: 289.3 (289.)  Loss_gt: 2.760 (2.76) LR: 5.000e-02
2025-08-30 19:50:45,205 -                train: [    INFO] - Train: 8 [ 194/195 (100%)]  Loss: 291.6 (294.)  Loss_cat: 1.790 (1.84)  Loss_feat: 287.4 (289.)  Loss_gt: 2.367 (2.63) LR: 5.000e-02
2025-08-30 19:50:45,614 -                train: [    INFO] - Test: [   0/39]  Time: 0.392 (0.392)  Loss:  1.7174 (1.7174)  Acc@1: 55.4688 (55.4688)  Acc@5: 82.8125 (82.8125)
2025-08-30 19:50:48,506 -                train: [    INFO] - Test: [  39/39]  Time: 0.022 (0.082)  Loss:  1.5944 (1.8550)  Acc@1: 56.2500 (51.4500)  Acc@5: 87.5000 (81.0600)
2025-08-30 19:50:48,689 - timm.utils.checkpoint_saver: [    INFO] - Current checkpoints:
 ('./output/train/20250830-193733-mobilenetv2_vcaV2-224/checkpoint/checkpoint-8.pth.tar', 51.45)
 ('./output/train/20250830-193733-mobilenetv2_vcaV2-224/checkpoint/checkpoint-6.pth.tar', 49.64)
 ('./output/train/20250830-193733-mobilenetv2_vcaV2-224/checkpoint/checkpoint-7.pth.tar', 49.28)
 ('./output/train/20250830-193733-mobilenetv2_vcaV2-224/checkpoint/checkpoint-5.pth.tar', 47.35)
 ('./output/train/20250830-193733-mobilenetv2_vcaV2-224/checkpoint/checkpoint-4.pth.tar', 40.74)
 ('./output/train/20250830-193733-mobilenetv2_vcaV2-224/checkpoint/checkpoint-3.pth.tar', 31.81)
 ('./output/train/20250830-193733-mobilenetv2_vcaV2-224/checkpoint/checkpoint-2.pth.tar', 22.33)
 ('./output/train/20250830-193733-mobilenetv2_vcaV2-224/checkpoint/checkpoint-1.pth.tar', 10.02)
 ('./output/train/20250830-193733-mobilenetv2_vcaV2-224/checkpoint/checkpoint-0.pth.tar', 2.21)

2025-08-30 19:50:49,441 -                train: [    INFO] - Train: 9 [   0/195 (  0%)]  Loss: 294.1 (294.)  Loss_cat: 1.882 (1.88)  Loss_feat: 289.7 (290.)  Loss_gt: 2.583 (2.58) LR: 5.000e-02
2025-08-30 19:52:13,327 -                train: [    INFO] - Train: 9 [ 194/195 (100%)]  Loss: 290.0 (291.)  Loss_cat: 1.788 (1.79)  Loss_feat: 285.6 (286.)  Loss_gt: 2.557 (2.58) LR: 5.000e-02
2025-08-30 19:52:13,736 -                train: [    INFO] - Test: [   0/39]  Time: 0.391 (0.391)  Loss:  1.5936 (1.5936)  Acc@1: 60.1562 (60.1562)  Acc@5: 84.3750 (84.3750)
2025-08-30 19:52:16,620 -                train: [    INFO] - Test: [  39/39]  Time: 0.021 (0.082)  Loss:  1.4380 (1.6171)  Acc@1: 68.7500 (56.0700)  Acc@5: 93.7500 (86.4300)
2025-08-30 19:52:16,860 - timm.utils.checkpoint_saver: [    INFO] - Current checkpoints:
 ('./output/train/20250830-193733-mobilenetv2_vcaV2-224/checkpoint/checkpoint-9.pth.tar', 56.07)
 ('./output/train/20250830-193733-mobilenetv2_vcaV2-224/checkpoint/checkpoint-8.pth.tar', 51.45)
 ('./output/train/20250830-193733-mobilenetv2_vcaV2-224/checkpoint/checkpoint-6.pth.tar', 49.64)
 ('./output/train/20250830-193733-mobilenetv2_vcaV2-224/checkpoint/checkpoint-7.pth.tar', 49.28)
 ('./output/train/20250830-193733-mobilenetv2_vcaV2-224/checkpoint/checkpoint-5.pth.tar', 47.35)
 ('./output/train/20250830-193733-mobilenetv2_vcaV2-224/checkpoint/checkpoint-4.pth.tar', 40.74)
 ('./output/train/20250830-193733-mobilenetv2_vcaV2-224/checkpoint/checkpoint-3.pth.tar', 31.81)
 ('./output/train/20250830-193733-mobilenetv2_vcaV2-224/checkpoint/checkpoint-2.pth.tar', 22.33)
 ('./output/train/20250830-193733-mobilenetv2_vcaV2-224/checkpoint/checkpoint-1.pth.tar', 10.02)
 ('./output/train/20250830-193733-mobilenetv2_vcaV2-224/checkpoint/checkpoint-0.pth.tar', 2.21)

2025-08-30 19:52:17,619 -                train: [    INFO] - Train: 10 [   0/195 (  0%)]  Loss: 289.1 (289.)  Loss_cat: 1.753 (1.75)  Loss_feat: 284.9 (285.)  Loss_gt: 2.444 (2.44) LR: 5.000e-02
2025-08-30 19:53:41,442 -                train: [    INFO] - Train: 10 [ 194/195 (100%)]  Loss: 292.5 (288.)  Loss_cat: 1.822 (1.75)  Loss_feat: 288.1 (284.)  Loss_gt: 2.674 (2.55) LR: 5.000e-02
2025-08-30 19:53:41,862 -                train: [    INFO] - Test: [   0/39]  Time: 0.400 (0.400)  Loss:  1.5338 (1.5338)  Acc@1: 59.7656 (59.7656)  Acc@5: 84.7656 (84.7656)
2025-08-30 19:53:44,844 -                train: [    INFO] - Test: [  39/39]  Time: 0.023 (0.085)  Loss:  1.0992 (1.6316)  Acc@1: 75.0000 (56.6100)  Acc@5: 87.5000 (85.6300)
2025-08-30 19:53:45,037 - timm.utils.checkpoint_saver: [    INFO] - Current checkpoints:
 ('./output/train/20250830-193733-mobilenetv2_vcaV2-224/checkpoint/checkpoint-10.pth.tar', 56.61)
 ('./output/train/20250830-193733-mobilenetv2_vcaV2-224/checkpoint/checkpoint-9.pth.tar', 56.07)
 ('./output/train/20250830-193733-mobilenetv2_vcaV2-224/checkpoint/checkpoint-8.pth.tar', 51.45)
 ('./output/train/20250830-193733-mobilenetv2_vcaV2-224/checkpoint/checkpoint-6.pth.tar', 49.64)
 ('./output/train/20250830-193733-mobilenetv2_vcaV2-224/checkpoint/checkpoint-7.pth.tar', 49.28)
 ('./output/train/20250830-193733-mobilenetv2_vcaV2-224/checkpoint/checkpoint-5.pth.tar', 47.35)
 ('./output/train/20250830-193733-mobilenetv2_vcaV2-224/checkpoint/checkpoint-4.pth.tar', 40.74)
 ('./output/train/20250830-193733-mobilenetv2_vcaV2-224/checkpoint/checkpoint-3.pth.tar', 31.81)
 ('./output/train/20250830-193733-mobilenetv2_vcaV2-224/checkpoint/checkpoint-2.pth.tar', 22.33)
 ('./output/train/20250830-193733-mobilenetv2_vcaV2-224/checkpoint/checkpoint-1.pth.tar', 10.02)

2025-08-30 19:53:45,989 -                train: [    INFO] - Train: 11 [   0/195 (  0%)]  Loss: 282.5 (283.)  Loss_cat: 1.696 (1.70)  Loss_feat: 278.3 (278.)  Loss_gt: 2.538 (2.54) LR: 5.000e-02
2025-08-30 19:55:09,966 -                train: [    INFO] - Train: 11 [ 194/195 (100%)]  Loss: 282.9 (286.)  Loss_cat: 1.687 (1.72)  Loss_feat: 278.7 (282.)  Loss_gt: 2.523 (2.52) LR: 5.000e-02
2025-08-30 19:55:10,386 -                train: [    INFO] - Test: [   0/39]  Time: 0.404 (0.404)  Loss:  1.5378 (1.5378)  Acc@1: 60.1562 (60.1562)  Acc@5: 86.7188 (86.7188)
2025-08-30 19:55:13,358 -                train: [    INFO] - Test: [  39/39]  Time: 0.023 (0.084)  Loss:  1.6483 (1.5370)  Acc@1: 62.5000 (58.0500)  Acc@5: 87.5000 (87.3600)
2025-08-30 19:55:13,546 - timm.utils.checkpoint_saver: [    INFO] - Current checkpoints:
 ('./output/train/20250830-193733-mobilenetv2_vcaV2-224/checkpoint/checkpoint-11.pth.tar', 58.05)
 ('./output/train/20250830-193733-mobilenetv2_vcaV2-224/checkpoint/checkpoint-10.pth.tar', 56.61)
 ('./output/train/20250830-193733-mobilenetv2_vcaV2-224/checkpoint/checkpoint-9.pth.tar', 56.07)
 ('./output/train/20250830-193733-mobilenetv2_vcaV2-224/checkpoint/checkpoint-8.pth.tar', 51.45)
 ('./output/train/20250830-193733-mobilenetv2_vcaV2-224/checkpoint/checkpoint-6.pth.tar', 49.64)
 ('./output/train/20250830-193733-mobilenetv2_vcaV2-224/checkpoint/checkpoint-7.pth.tar', 49.28)
 ('./output/train/20250830-193733-mobilenetv2_vcaV2-224/checkpoint/checkpoint-5.pth.tar', 47.35)
 ('./output/train/20250830-193733-mobilenetv2_vcaV2-224/checkpoint/checkpoint-4.pth.tar', 40.74)
 ('./output/train/20250830-193733-mobilenetv2_vcaV2-224/checkpoint/checkpoint-3.pth.tar', 31.81)
 ('./output/train/20250830-193733-mobilenetv2_vcaV2-224/checkpoint/checkpoint-2.pth.tar', 22.33)

2025-08-30 19:55:14,354 -                train: [    INFO] - Train: 12 [   0/195 (  0%)]  Loss: 285.3 (285.)  Loss_cat: 1.680 (1.68)  Loss_feat: 281.2 (281.)  Loss_gt: 2.481 (2.48) LR: 5.000e-02
2025-08-30 19:56:38,913 -                train: [    INFO] - Train: 12 [ 194/195 (100%)]  Loss: 284.2 (285.)  Loss_cat: 1.733 (1.69)  Loss_feat: 280.0 (281.)  Loss_gt: 2.470 (2.51) LR: 5.000e-02
2025-08-30 19:56:39,328 -                train: [    INFO] - Test: [   0/39]  Time: 0.396 (0.396)  Loss:  1.5246 (1.5246)  Acc@1: 63.6719 (63.6719)  Acc@5: 85.5469 (85.5469)
2025-08-30 19:56:42,318 -                train: [    INFO] - Test: [  39/39]  Time: 0.022 (0.085)  Loss:  1.3541 (1.6240)  Acc@1: 62.5000 (57.5400)  Acc@5: 93.7500 (85.6300)
2025-08-30 19:56:42,478 - timm.utils.checkpoint_saver: [    INFO] - Current checkpoints:
 ('./output/train/20250830-193733-mobilenetv2_vcaV2-224/checkpoint/checkpoint-11.pth.tar', 58.05)
 ('./output/train/20250830-193733-mobilenetv2_vcaV2-224/checkpoint/checkpoint-12.pth.tar', 57.54)
 ('./output/train/20250830-193733-mobilenetv2_vcaV2-224/checkpoint/checkpoint-10.pth.tar', 56.61)
 ('./output/train/20250830-193733-mobilenetv2_vcaV2-224/checkpoint/checkpoint-9.pth.tar', 56.07)
 ('./output/train/20250830-193733-mobilenetv2_vcaV2-224/checkpoint/checkpoint-8.pth.tar', 51.45)
 ('./output/train/20250830-193733-mobilenetv2_vcaV2-224/checkpoint/checkpoint-6.pth.tar', 49.64)
 ('./output/train/20250830-193733-mobilenetv2_vcaV2-224/checkpoint/checkpoint-7.pth.tar', 49.28)
 ('./output/train/20250830-193733-mobilenetv2_vcaV2-224/checkpoint/checkpoint-5.pth.tar', 47.35)
 ('./output/train/20250830-193733-mobilenetv2_vcaV2-224/checkpoint/checkpoint-4.pth.tar', 40.74)
 ('./output/train/20250830-193733-mobilenetv2_vcaV2-224/checkpoint/checkpoint-3.pth.tar', 31.81)

2025-08-30 19:56:43,233 -                train: [    INFO] - Train: 13 [   0/195 (  0%)]  Loss: 280.7 (281.)  Loss_cat: 1.620 (1.62)  Loss_feat: 276.8 (277.)  Loss_gt: 2.289 (2.29) LR: 5.000e-02
2025-08-30 19:58:07,572 -                train: [    INFO] - Train: 13 [ 194/195 (100%)]  Loss: 283.0 (284.)  Loss_cat: 1.668 (1.67)  Loss_feat: 278.8 (279.)  Loss_gt: 2.486 (2.49) LR: 5.000e-02
2025-08-30 19:58:07,995 -                train: [    INFO] - Test: [   0/39]  Time: 0.403 (0.403)  Loss:  1.4829 (1.4829)  Acc@1: 62.8906 (62.8906)  Acc@5: 86.3281 (86.3281)
2025-08-30 19:58:11,187 -                train: [    INFO] - Test: [  39/39]  Time: 0.026 (0.090)  Loss:  1.2231 (1.4833)  Acc@1: 75.0000 (59.8200)  Acc@5: 87.5000 (87.7900)
2025-08-30 19:58:11,334 - timm.utils.checkpoint_saver: [    INFO] - Current checkpoints:
 ('./output/train/20250830-193733-mobilenetv2_vcaV2-224/checkpoint/checkpoint-13.pth.tar', 59.82)
 ('./output/train/20250830-193733-mobilenetv2_vcaV2-224/checkpoint/checkpoint-11.pth.tar', 58.05)
 ('./output/train/20250830-193733-mobilenetv2_vcaV2-224/checkpoint/checkpoint-12.pth.tar', 57.54)
 ('./output/train/20250830-193733-mobilenetv2_vcaV2-224/checkpoint/checkpoint-10.pth.tar', 56.61)
 ('./output/train/20250830-193733-mobilenetv2_vcaV2-224/checkpoint/checkpoint-9.pth.tar', 56.07)
 ('./output/train/20250830-193733-mobilenetv2_vcaV2-224/checkpoint/checkpoint-8.pth.tar', 51.45)
 ('./output/train/20250830-193733-mobilenetv2_vcaV2-224/checkpoint/checkpoint-6.pth.tar', 49.64)
 ('./output/train/20250830-193733-mobilenetv2_vcaV2-224/checkpoint/checkpoint-7.pth.tar', 49.28)
 ('./output/train/20250830-193733-mobilenetv2_vcaV2-224/checkpoint/checkpoint-5.pth.tar', 47.35)
 ('./output/train/20250830-193733-mobilenetv2_vcaV2-224/checkpoint/checkpoint-4.pth.tar', 40.74)

2025-08-30 19:58:12,088 -                train: [    INFO] - Train: 14 [   0/195 (  0%)]  Loss: 283.2 (283.)  Loss_cat: 1.610 (1.61)  Loss_feat: 279.3 (279.)  Loss_gt: 2.304 (2.30) LR: 5.000e-02
2025-08-30 19:59:36,022 -                train: [    INFO] - Train: 14 [ 194/195 (100%)]  Loss: 280.9 (282.)  Loss_cat: 1.607 (1.65)  Loss_feat: 276.8 (278.)  Loss_gt: 2.438 (2.47) LR: 5.000e-02
2025-08-30 19:59:36,438 -                train: [    INFO] - Test: [   0/39]  Time: 0.394 (0.394)  Loss:  1.4629 (1.4629)  Acc@1: 62.5000 (62.5000)  Acc@5: 87.5000 (87.5000)
2025-08-30 19:59:39,417 -                train: [    INFO] - Test: [  39/39]  Time: 0.024 (0.084)  Loss:  1.3075 (1.5759)  Acc@1: 62.5000 (57.4100)  Acc@5: 81.2500 (86.7500)
2025-08-30 19:59:39,592 - timm.utils.checkpoint_saver: [    INFO] - Current checkpoints:
 ('./output/train/20250830-193733-mobilenetv2_vcaV2-224/checkpoint/checkpoint-13.pth.tar', 59.82)
 ('./output/train/20250830-193733-mobilenetv2_vcaV2-224/checkpoint/checkpoint-11.pth.tar', 58.05)
 ('./output/train/20250830-193733-mobilenetv2_vcaV2-224/checkpoint/checkpoint-12.pth.tar', 57.54)
 ('./output/train/20250830-193733-mobilenetv2_vcaV2-224/checkpoint/checkpoint-14.pth.tar', 57.41)
 ('./output/train/20250830-193733-mobilenetv2_vcaV2-224/checkpoint/checkpoint-10.pth.tar', 56.61)
 ('./output/train/20250830-193733-mobilenetv2_vcaV2-224/checkpoint/checkpoint-9.pth.tar', 56.07)
 ('./output/train/20250830-193733-mobilenetv2_vcaV2-224/checkpoint/checkpoint-8.pth.tar', 51.45)
 ('./output/train/20250830-193733-mobilenetv2_vcaV2-224/checkpoint/checkpoint-6.pth.tar', 49.64)
 ('./output/train/20250830-193733-mobilenetv2_vcaV2-224/checkpoint/checkpoint-7.pth.tar', 49.28)
 ('./output/train/20250830-193733-mobilenetv2_vcaV2-224/checkpoint/checkpoint-5.pth.tar', 47.35)

2025-08-30 19:59:40,352 -                train: [    INFO] - Train: 15 [   0/195 (  0%)]  Loss: 278.9 (279.)  Loss_cat: 1.571 (1.57)  Loss_feat: 275.1 (275.)  Loss_gt: 2.282 (2.28) LR: 5.000e-02
2025-08-30 20:01:04,145 -                train: [    INFO] - Train: 15 [ 194/195 (100%)]  Loss: 280.7 (281.)  Loss_cat: 1.627 (1.64)  Loss_feat: 276.7 (277.)  Loss_gt: 2.378 (2.47) LR: 5.000e-02
2025-08-30 20:01:04,575 -                train: [    INFO] - Test: [   0/39]  Time: 0.410 (0.410)  Loss:  1.3439 (1.3439)  Acc@1: 64.8438 (64.8438)  Acc@5: 89.4531 (89.4531)
2025-08-30 20:01:07,542 -                train: [    INFO] - Test: [  39/39]  Time: 0.023 (0.084)  Loss:  1.1829 (1.4855)  Acc@1: 68.7500 (58.9900)  Acc@5: 87.5000 (88.0800)
2025-08-30 20:01:07,897 - timm.utils.checkpoint_saver: [    INFO] - Current checkpoints:
 ('./output/train/20250830-193733-mobilenetv2_vcaV2-224/checkpoint/checkpoint-13.pth.tar', 59.82)
 ('./output/train/20250830-193733-mobilenetv2_vcaV2-224/checkpoint/checkpoint-15.pth.tar', 58.99)
 ('./output/train/20250830-193733-mobilenetv2_vcaV2-224/checkpoint/checkpoint-11.pth.tar', 58.05)
 ('./output/train/20250830-193733-mobilenetv2_vcaV2-224/checkpoint/checkpoint-12.pth.tar', 57.54)
 ('./output/train/20250830-193733-mobilenetv2_vcaV2-224/checkpoint/checkpoint-14.pth.tar', 57.41)
 ('./output/train/20250830-193733-mobilenetv2_vcaV2-224/checkpoint/checkpoint-10.pth.tar', 56.61)
 ('./output/train/20250830-193733-mobilenetv2_vcaV2-224/checkpoint/checkpoint-9.pth.tar', 56.07)
 ('./output/train/20250830-193733-mobilenetv2_vcaV2-224/checkpoint/checkpoint-8.pth.tar', 51.45)
 ('./output/train/20250830-193733-mobilenetv2_vcaV2-224/checkpoint/checkpoint-6.pth.tar', 49.64)
 ('./output/train/20250830-193733-mobilenetv2_vcaV2-224/checkpoint/checkpoint-7.pth.tar', 49.28)

2025-08-30 20:01:08,645 -                train: [    INFO] - Train: 16 [   0/195 (  0%)]  Loss: 280.9 (281.)  Loss_cat: 1.644 (1.64)  Loss_feat: 276.8 (277.)  Loss_gt: 2.496 (2.50) LR: 5.000e-02
2025-08-30 20:02:32,513 -                train: [    INFO] - Train: 16 [ 194/195 (100%)]  Loss: 274.7 (279.)  Loss_cat: 1.531 (1.62)  Loss_feat: 270.9 (275.)  Loss_gt: 2.287 (2.45) LR: 5.000e-02
2025-08-30 20:02:32,956 -                train: [    INFO] - Test: [   0/39]  Time: 0.423 (0.423)  Loss:  1.4697 (1.4697)  Acc@1: 57.8125 (57.8125)  Acc@5: 86.3281 (86.3281)
2025-08-30 20:02:36,061 -                train: [    INFO] - Test: [  39/39]  Time: 0.023 (0.088)  Loss:  1.0844 (1.4628)  Acc@1: 68.7500 (59.5900)  Acc@5: 93.7500 (88.2000)
2025-08-30 20:02:36,313 - timm.utils.checkpoint_saver: [    INFO] - Current checkpoints:
 ('./output/train/20250830-193733-mobilenetv2_vcaV2-224/checkpoint/checkpoint-13.pth.tar', 59.82)
 ('./output/train/20250830-193733-mobilenetv2_vcaV2-224/checkpoint/checkpoint-16.pth.tar', 59.59)
 ('./output/train/20250830-193733-mobilenetv2_vcaV2-224/checkpoint/checkpoint-15.pth.tar', 58.99)
 ('./output/train/20250830-193733-mobilenetv2_vcaV2-224/checkpoint/checkpoint-11.pth.tar', 58.05)
 ('./output/train/20250830-193733-mobilenetv2_vcaV2-224/checkpoint/checkpoint-12.pth.tar', 57.54)
 ('./output/train/20250830-193733-mobilenetv2_vcaV2-224/checkpoint/checkpoint-14.pth.tar', 57.41)
 ('./output/train/20250830-193733-mobilenetv2_vcaV2-224/checkpoint/checkpoint-10.pth.tar', 56.61)
 ('./output/train/20250830-193733-mobilenetv2_vcaV2-224/checkpoint/checkpoint-9.pth.tar', 56.07)
 ('./output/train/20250830-193733-mobilenetv2_vcaV2-224/checkpoint/checkpoint-8.pth.tar', 51.45)
 ('./output/train/20250830-193733-mobilenetv2_vcaV2-224/checkpoint/checkpoint-6.pth.tar', 49.64)

2025-08-30 20:02:37,060 -                train: [    INFO] - Train: 17 [   0/195 (  0%)]  Loss: 279.5 (280.)  Loss_cat: 1.586 (1.59)  Loss_feat: 275.5 (275.)  Loss_gt: 2.418 (2.42) LR: 5.000e-02
2025-08-30 20:04:00,846 -                train: [    INFO] - Train: 17 [ 194/195 (100%)]  Loss: 277.4 (278.)  Loss_cat: 1.566 (1.60)  Loss_feat: 273.3 (274.)  Loss_gt: 2.520 (2.43) LR: 5.000e-02
2025-08-30 20:04:01,292 -                train: [    INFO] - Test: [   0/39]  Time: 0.426 (0.426)  Loss:  1.2617 (1.2617)  Acc@1: 68.7500 (68.7500)  Acc@5: 91.0156 (91.0156)
2025-08-30 20:04:04,441 -                train: [    INFO] - Test: [  39/39]  Time: 0.024 (0.089)  Loss:  1.1344 (1.4498)  Acc@1: 68.7500 (61.0400)  Acc@5: 87.5000 (88.6200)
2025-08-30 20:04:04,619 - timm.utils.checkpoint_saver: [    INFO] - Current checkpoints:
 ('./output/train/20250830-193733-mobilenetv2_vcaV2-224/checkpoint/checkpoint-17.pth.tar', 61.04)
 ('./output/train/20250830-193733-mobilenetv2_vcaV2-224/checkpoint/checkpoint-13.pth.tar', 59.82)
 ('./output/train/20250830-193733-mobilenetv2_vcaV2-224/checkpoint/checkpoint-16.pth.tar', 59.59)
 ('./output/train/20250830-193733-mobilenetv2_vcaV2-224/checkpoint/checkpoint-15.pth.tar', 58.99)
 ('./output/train/20250830-193733-mobilenetv2_vcaV2-224/checkpoint/checkpoint-11.pth.tar', 58.05)
 ('./output/train/20250830-193733-mobilenetv2_vcaV2-224/checkpoint/checkpoint-12.pth.tar', 57.54)
 ('./output/train/20250830-193733-mobilenetv2_vcaV2-224/checkpoint/checkpoint-14.pth.tar', 57.41)
 ('./output/train/20250830-193733-mobilenetv2_vcaV2-224/checkpoint/checkpoint-10.pth.tar', 56.61)
 ('./output/train/20250830-193733-mobilenetv2_vcaV2-224/checkpoint/checkpoint-9.pth.tar', 56.07)
 ('./output/train/20250830-193733-mobilenetv2_vcaV2-224/checkpoint/checkpoint-8.pth.tar', 51.45)

2025-08-30 20:04:05,416 -                train: [    INFO] - Train: 18 [   0/195 (  0%)]  Loss: 278.9 (279.)  Loss_cat: 1.624 (1.62)  Loss_feat: 274.8 (275.)  Loss_gt: 2.451 (2.45) LR: 5.000e-02
2025-08-30 20:05:29,078 -                train: [    INFO] - Train: 18 [ 194/195 (100%)]  Loss: 277.8 (277.)  Loss_cat: 1.618 (1.59)  Loss_feat: 273.7 (273.)  Loss_gt: 2.550 (2.42) LR: 5.000e-02
2025-08-30 20:05:29,494 -                train: [    INFO] - Test: [   0/39]  Time: 0.397 (0.397)  Loss:  1.3417 (1.3417)  Acc@1: 64.4531 (64.4531)  Acc@5: 89.8438 (89.8438)
2025-08-30 20:05:32,468 -                train: [    INFO] - Test: [  39/39]  Time: 0.023 (0.084)  Loss:  1.1342 (1.5160)  Acc@1: 81.2500 (59.2900)  Acc@5: 87.5000 (87.4700)
2025-08-30 20:05:32,632 - timm.utils.checkpoint_saver: [    INFO] - Current checkpoints:
 ('./output/train/20250830-193733-mobilenetv2_vcaV2-224/checkpoint/checkpoint-17.pth.tar', 61.04)
 ('./output/train/20250830-193733-mobilenetv2_vcaV2-224/checkpoint/checkpoint-13.pth.tar', 59.82)
 ('./output/train/20250830-193733-mobilenetv2_vcaV2-224/checkpoint/checkpoint-16.pth.tar', 59.59)
 ('./output/train/20250830-193733-mobilenetv2_vcaV2-224/checkpoint/checkpoint-18.pth.tar', 59.29)
 ('./output/train/20250830-193733-mobilenetv2_vcaV2-224/checkpoint/checkpoint-15.pth.tar', 58.99)
 ('./output/train/20250830-193733-mobilenetv2_vcaV2-224/checkpoint/checkpoint-11.pth.tar', 58.05)
 ('./output/train/20250830-193733-mobilenetv2_vcaV2-224/checkpoint/checkpoint-12.pth.tar', 57.54)
 ('./output/train/20250830-193733-mobilenetv2_vcaV2-224/checkpoint/checkpoint-14.pth.tar', 57.41)
 ('./output/train/20250830-193733-mobilenetv2_vcaV2-224/checkpoint/checkpoint-10.pth.tar', 56.61)
 ('./output/train/20250830-193733-mobilenetv2_vcaV2-224/checkpoint/checkpoint-9.pth.tar', 56.07)

2025-08-30 20:05:33,383 -                train: [    INFO] - Train: 19 [   0/195 (  0%)]  Loss: 273.6 (274.)  Loss_cat: 1.527 (1.53)  Loss_feat: 269.8 (270.)  Loss_gt: 2.239 (2.24) LR: 5.000e-02
2025-08-30 20:06:57,022 -                train: [    INFO] - Train: 19 [ 194/195 (100%)]  Loss: 277.7 (277.)  Loss_cat: 1.653 (1.58)  Loss_feat: 273.5 (273.)  Loss_gt: 2.531 (2.42) LR: 5.000e-02
2025-08-30 20:06:57,438 -                train: [    INFO] - Test: [   0/39]  Time: 0.397 (0.397)  Loss:  1.4183 (1.4183)  Acc@1: 64.4531 (64.4531)  Acc@5: 88.6719 (88.6719)
2025-08-30 20:07:00,385 -                train: [    INFO] - Test: [  39/39]  Time: 0.022 (0.084)  Loss:  1.2447 (1.4881)  Acc@1: 68.7500 (60.0300)  Acc@5: 81.2500 (87.3700)
2025-08-30 20:07:00,611 - timm.utils.checkpoint_saver: [    INFO] - Current checkpoints:
 ('./output/train/20250830-193733-mobilenetv2_vcaV2-224/checkpoint/checkpoint-17.pth.tar', 61.04)
 ('./output/train/20250830-193733-mobilenetv2_vcaV2-224/checkpoint/checkpoint-19.pth.tar', 60.03)
 ('./output/train/20250830-193733-mobilenetv2_vcaV2-224/checkpoint/checkpoint-13.pth.tar', 59.82)
 ('./output/train/20250830-193733-mobilenetv2_vcaV2-224/checkpoint/checkpoint-16.pth.tar', 59.59)
 ('./output/train/20250830-193733-mobilenetv2_vcaV2-224/checkpoint/checkpoint-18.pth.tar', 59.29)
 ('./output/train/20250830-193733-mobilenetv2_vcaV2-224/checkpoint/checkpoint-15.pth.tar', 58.99)
 ('./output/train/20250830-193733-mobilenetv2_vcaV2-224/checkpoint/checkpoint-11.pth.tar', 58.05)
 ('./output/train/20250830-193733-mobilenetv2_vcaV2-224/checkpoint/checkpoint-12.pth.tar', 57.54)
 ('./output/train/20250830-193733-mobilenetv2_vcaV2-224/checkpoint/checkpoint-14.pth.tar', 57.41)
 ('./output/train/20250830-193733-mobilenetv2_vcaV2-224/checkpoint/checkpoint-10.pth.tar', 56.61)

2025-08-30 20:07:01,362 -                train: [    INFO] - Train: 20 [   0/195 (  0%)]  Loss: 275.8 (276.)  Loss_cat: 1.538 (1.54)  Loss_feat: 271.9 (272.)  Loss_gt: 2.333 (2.33) LR: 5.000e-02
2025-08-30 20:08:25,014 -                train: [    INFO] - Train: 20 [ 194/195 (100%)]  Loss: 270.1 (275.)  Loss_cat: 1.482 (1.57)  Loss_feat: 266.2 (271.)  Loss_gt: 2.405 (2.40) LR: 5.000e-02
2025-08-30 20:08:25,445 -                train: [    INFO] - Test: [   0/39]  Time: 0.412 (0.412)  Loss:  1.4116 (1.4116)  Acc@1: 64.4531 (64.4531)  Acc@5: 87.5000 (87.5000)
2025-08-30 20:08:28,392 -                train: [    INFO] - Test: [  39/39]  Time: 0.023 (0.084)  Loss:  1.1580 (1.5330)  Acc@1: 75.0000 (58.3700)  Acc@5: 87.5000 (87.3700)
2025-08-30 20:08:28,542 - timm.utils.checkpoint_saver: [    INFO] - Current checkpoints:
 ('./output/train/20250830-193733-mobilenetv2_vcaV2-224/checkpoint/checkpoint-17.pth.tar', 61.04)
 ('./output/train/20250830-193733-mobilenetv2_vcaV2-224/checkpoint/checkpoint-19.pth.tar', 60.03)
 ('./output/train/20250830-193733-mobilenetv2_vcaV2-224/checkpoint/checkpoint-13.pth.tar', 59.82)
 ('./output/train/20250830-193733-mobilenetv2_vcaV2-224/checkpoint/checkpoint-16.pth.tar', 59.59)
 ('./output/train/20250830-193733-mobilenetv2_vcaV2-224/checkpoint/checkpoint-18.pth.tar', 59.29)
 ('./output/train/20250830-193733-mobilenetv2_vcaV2-224/checkpoint/checkpoint-15.pth.tar', 58.99)
 ('./output/train/20250830-193733-mobilenetv2_vcaV2-224/checkpoint/checkpoint-20.pth.tar', 58.37)
 ('./output/train/20250830-193733-mobilenetv2_vcaV2-224/checkpoint/checkpoint-11.pth.tar', 58.05)
 ('./output/train/20250830-193733-mobilenetv2_vcaV2-224/checkpoint/checkpoint-12.pth.tar', 57.54)
 ('./output/train/20250830-193733-mobilenetv2_vcaV2-224/checkpoint/checkpoint-14.pth.tar', 57.41)

2025-08-30 20:08:29,294 -                train: [    INFO] - Train: 21 [   0/195 (  0%)]  Loss: 275.7 (276.)  Loss_cat: 1.572 (1.57)  Loss_feat: 271.6 (272.)  Loss_gt: 2.543 (2.54) LR: 5.000e-02
2025-08-30 20:09:53,374 -                train: [    INFO] - Train: 21 [ 194/195 (100%)]  Loss: 271.1 (274.)  Loss_cat: 1.550 (1.56)  Loss_feat: 267.2 (270.)  Loss_gt: 2.429 (2.40) LR: 5.000e-02
2025-08-30 20:09:53,783 -                train: [    INFO] - Test: [   0/39]  Time: 0.391 (0.391)  Loss:  1.4108 (1.4108)  Acc@1: 62.1094 (62.1094)  Acc@5: 89.0625 (89.0625)
2025-08-30 20:09:56,790 -                train: [    INFO] - Test: [  39/39]  Time: 0.023 (0.085)  Loss:  1.3465 (1.5018)  Acc@1: 62.5000 (59.7800)  Acc@5: 81.2500 (88.0200)
2025-08-30 20:09:57,036 - timm.utils.checkpoint_saver: [    INFO] - Current checkpoints:
 ('./output/train/20250830-193733-mobilenetv2_vcaV2-224/checkpoint/checkpoint-17.pth.tar', 61.04)
 ('./output/train/20250830-193733-mobilenetv2_vcaV2-224/checkpoint/checkpoint-19.pth.tar', 60.03)
 ('./output/train/20250830-193733-mobilenetv2_vcaV2-224/checkpoint/checkpoint-13.pth.tar', 59.82)
 ('./output/train/20250830-193733-mobilenetv2_vcaV2-224/checkpoint/checkpoint-21.pth.tar', 59.78)
 ('./output/train/20250830-193733-mobilenetv2_vcaV2-224/checkpoint/checkpoint-16.pth.tar', 59.59)
 ('./output/train/20250830-193733-mobilenetv2_vcaV2-224/checkpoint/checkpoint-18.pth.tar', 59.29)
 ('./output/train/20250830-193733-mobilenetv2_vcaV2-224/checkpoint/checkpoint-15.pth.tar', 58.99)
 ('./output/train/20250830-193733-mobilenetv2_vcaV2-224/checkpoint/checkpoint-20.pth.tar', 58.37)
 ('./output/train/20250830-193733-mobilenetv2_vcaV2-224/checkpoint/checkpoint-11.pth.tar', 58.05)
 ('./output/train/20250830-193733-mobilenetv2_vcaV2-224/checkpoint/checkpoint-12.pth.tar', 57.54)

2025-08-30 20:09:57,792 -                train: [    INFO] - Train: 22 [   0/195 (  0%)]  Loss: 273.3 (273.)  Loss_cat: 1.609 (1.61)  Loss_feat: 269.2 (269.)  Loss_gt: 2.422 (2.42) LR: 5.000e-02
2025-08-30 20:11:22,140 -                train: [    INFO] - Train: 22 [ 194/195 (100%)]  Loss: 275.1 (273.)  Loss_cat: 1.644 (1.56)  Loss_feat: 270.9 (270.)  Loss_gt: 2.550 (2.39) LR: 5.000e-02
2025-08-30 20:11:22,560 -                train: [    INFO] - Test: [   0/39]  Time: 0.397 (0.397)  Loss:  1.2133 (1.2133)  Acc@1: 69.9219 (69.9219)  Acc@5: 89.0625 (89.0625)
2025-08-30 20:11:25,500 -                train: [    INFO] - Test: [  39/39]  Time: 0.022 (0.083)  Loss:  1.2912 (1.4242)  Acc@1: 75.0000 (61.4300)  Acc@5: 87.5000 (88.5100)
2025-08-30 20:11:25,697 - timm.utils.checkpoint_saver: [    INFO] - Current checkpoints:
 ('./output/train/20250830-193733-mobilenetv2_vcaV2-224/checkpoint/checkpoint-22.pth.tar', 61.43)
 ('./output/train/20250830-193733-mobilenetv2_vcaV2-224/checkpoint/checkpoint-17.pth.tar', 61.04)
 ('./output/train/20250830-193733-mobilenetv2_vcaV2-224/checkpoint/checkpoint-19.pth.tar', 60.03)
 ('./output/train/20250830-193733-mobilenetv2_vcaV2-224/checkpoint/checkpoint-13.pth.tar', 59.82)
 ('./output/train/20250830-193733-mobilenetv2_vcaV2-224/checkpoint/checkpoint-21.pth.tar', 59.78)
 ('./output/train/20250830-193733-mobilenetv2_vcaV2-224/checkpoint/checkpoint-16.pth.tar', 59.59)
 ('./output/train/20250830-193733-mobilenetv2_vcaV2-224/checkpoint/checkpoint-18.pth.tar', 59.29)
 ('./output/train/20250830-193733-mobilenetv2_vcaV2-224/checkpoint/checkpoint-15.pth.tar', 58.99)
 ('./output/train/20250830-193733-mobilenetv2_vcaV2-224/checkpoint/checkpoint-20.pth.tar', 58.37)
 ('./output/train/20250830-193733-mobilenetv2_vcaV2-224/checkpoint/checkpoint-11.pth.tar', 58.05)

2025-08-30 20:11:26,449 -                train: [    INFO] - Train: 23 [   0/195 (  0%)]  Loss: 266.8 (267.)  Loss_cat: 1.440 (1.44)  Loss_feat: 263.1 (263.)  Loss_gt: 2.292 (2.29) LR: 5.000e-02
2025-08-30 20:12:50,386 -                train: [    INFO] - Train: 23 [ 194/195 (100%)]  Loss: 271.0 (273.)  Loss_cat: 1.535 (1.55)  Loss_feat: 267.2 (269.)  Loss_gt: 2.253 (2.38) LR: 5.000e-02
2025-08-30 20:12:50,828 -                train: [    INFO] - Test: [   0/39]  Time: 0.421 (0.421)  Loss:  1.3780 (1.3780)  Acc@1: 65.2344 (65.2344)  Acc@5: 89.8438 (89.8438)
2025-08-30 20:12:53,711 -                train: [    INFO] - Test: [  39/39]  Time: 0.021 (0.083)  Loss:  1.1411 (1.4043)  Acc@1: 75.0000 (61.2200)  Acc@5: 87.5000 (89.3900)
2025-08-30 20:12:53,865 - timm.utils.checkpoint_saver: [    INFO] - Current checkpoints:
 ('./output/train/20250830-193733-mobilenetv2_vcaV2-224/checkpoint/checkpoint-22.pth.tar', 61.43)
 ('./output/train/20250830-193733-mobilenetv2_vcaV2-224/checkpoint/checkpoint-23.pth.tar', 61.22)
 ('./output/train/20250830-193733-mobilenetv2_vcaV2-224/checkpoint/checkpoint-17.pth.tar', 61.04)
 ('./output/train/20250830-193733-mobilenetv2_vcaV2-224/checkpoint/checkpoint-19.pth.tar', 60.03)
 ('./output/train/20250830-193733-mobilenetv2_vcaV2-224/checkpoint/checkpoint-13.pth.tar', 59.82)
 ('./output/train/20250830-193733-mobilenetv2_vcaV2-224/checkpoint/checkpoint-21.pth.tar', 59.78)
 ('./output/train/20250830-193733-mobilenetv2_vcaV2-224/checkpoint/checkpoint-16.pth.tar', 59.59)
 ('./output/train/20250830-193733-mobilenetv2_vcaV2-224/checkpoint/checkpoint-18.pth.tar', 59.29)
 ('./output/train/20250830-193733-mobilenetv2_vcaV2-224/checkpoint/checkpoint-15.pth.tar', 58.99)
 ('./output/train/20250830-193733-mobilenetv2_vcaV2-224/checkpoint/checkpoint-20.pth.tar', 58.37)

2025-08-30 20:12:54,622 -                train: [    INFO] - Train: 24 [   0/195 (  0%)]  Loss: 272.3 (272.)  Loss_cat: 1.547 (1.55)  Loss_feat: 268.2 (268.)  Loss_gt: 2.473 (2.47) LR: 5.000e-02
2025-08-30 20:14:18,594 -                train: [    INFO] - Train: 24 [ 194/195 (100%)]  Loss: 267.8 (272.)  Loss_cat: 1.460 (1.54)  Loss_feat: 263.9 (268.)  Loss_gt: 2.428 (2.38) LR: 5.000e-02
2025-08-30 20:14:19,004 -                train: [    INFO] - Test: [   0/39]  Time: 0.394 (0.394)  Loss:  1.3924 (1.3924)  Acc@1: 65.2344 (65.2344)  Acc@5: 87.5000 (87.5000)
2025-08-30 20:14:21,990 -                train: [    INFO] - Test: [  39/39]  Time: 0.027 (0.084)  Loss:  1.8324 (1.5757)  Acc@1: 56.2500 (57.8400)  Acc@5: 75.0000 (86.0200)
2025-08-30 20:14:22,903 -                train: [    INFO] - Train: 25 [   0/195 (  0%)]  Loss: 272.1 (272.)  Loss_cat: 1.625 (1.63)  Loss_feat: 268.1 (268.)  Loss_gt: 2.401 (2.40) LR: 5.000e-02
2025-08-30 20:15:46,839 -                train: [    INFO] - Train: 25 [ 194/195 (100%)]  Loss: 269.0 (271.)  Loss_cat: 1.501 (1.54)  Loss_feat: 265.4 (267.)  Loss_gt: 2.142 (2.38) LR: 5.000e-02
2025-08-30 20:15:47,248 -                train: [    INFO] - Test: [   0/39]  Time: 0.391 (0.391)  Loss:  1.3174 (1.3174)  Acc@1: 67.5781 (67.5781)  Acc@5: 87.5000 (87.5000)
2025-08-30 20:15:50,129 -                train: [    INFO] - Test: [  39/39]  Time: 0.022 (0.082)  Loss:  1.1363 (1.3739)  Acc@1: 68.7500 (62.3900)  Acc@5: 87.5000 (89.1900)
2025-08-30 20:15:50,265 - timm.utils.checkpoint_saver: [    INFO] - Current checkpoints:
 ('./output/train/20250830-193733-mobilenetv2_vcaV2-224/checkpoint/checkpoint-25.pth.tar', 62.39)
 ('./output/train/20250830-193733-mobilenetv2_vcaV2-224/checkpoint/checkpoint-22.pth.tar', 61.43)
 ('./output/train/20250830-193733-mobilenetv2_vcaV2-224/checkpoint/checkpoint-23.pth.tar', 61.22)
 ('./output/train/20250830-193733-mobilenetv2_vcaV2-224/checkpoint/checkpoint-17.pth.tar', 61.04)
 ('./output/train/20250830-193733-mobilenetv2_vcaV2-224/checkpoint/checkpoint-19.pth.tar', 60.03)
 ('./output/train/20250830-193733-mobilenetv2_vcaV2-224/checkpoint/checkpoint-13.pth.tar', 59.82)
 ('./output/train/20250830-193733-mobilenetv2_vcaV2-224/checkpoint/checkpoint-21.pth.tar', 59.78)
 ('./output/train/20250830-193733-mobilenetv2_vcaV2-224/checkpoint/checkpoint-16.pth.tar', 59.59)
 ('./output/train/20250830-193733-mobilenetv2_vcaV2-224/checkpoint/checkpoint-18.pth.tar', 59.29)
 ('./output/train/20250830-193733-mobilenetv2_vcaV2-224/checkpoint/checkpoint-15.pth.tar', 58.99)

2025-08-30 20:15:51,050 -                train: [    INFO] - Train: 26 [   0/195 (  0%)]  Loss: 268.9 (269.)  Loss_cat: 1.490 (1.49)  Loss_feat: 264.9 (265.)  Loss_gt: 2.532 (2.53) LR: 5.000e-02
2025-08-30 20:17:14,884 -                train: [    INFO] - Train: 26 [ 194/195 (100%)]  Loss: 266.6 (270.)  Loss_cat: 1.429 (1.54)  Loss_feat: 262.8 (266.)  Loss_gt: 2.413 (2.38) LR: 5.000e-02
2025-08-30 20:17:15,293 -                train: [    INFO] - Test: [   0/39]  Time: 0.391 (0.391)  Loss:  1.1488 (1.1488)  Acc@1: 69.1406 (69.1406)  Acc@5: 92.5781 (92.5781)
2025-08-30 20:17:18,176 -                train: [    INFO] - Test: [  39/39]  Time: 0.022 (0.082)  Loss:  1.7307 (1.3348)  Acc@1: 56.2500 (63.7700)  Acc@5: 81.2500 (90.2300)
2025-08-30 20:17:18,474 - timm.utils.checkpoint_saver: [    INFO] - Current checkpoints:
 ('./output/train/20250830-193733-mobilenetv2_vcaV2-224/checkpoint/checkpoint-26.pth.tar', 63.77)
 ('./output/train/20250830-193733-mobilenetv2_vcaV2-224/checkpoint/checkpoint-25.pth.tar', 62.39)
 ('./output/train/20250830-193733-mobilenetv2_vcaV2-224/checkpoint/checkpoint-22.pth.tar', 61.43)
 ('./output/train/20250830-193733-mobilenetv2_vcaV2-224/checkpoint/checkpoint-23.pth.tar', 61.22)
 ('./output/train/20250830-193733-mobilenetv2_vcaV2-224/checkpoint/checkpoint-17.pth.tar', 61.04)
 ('./output/train/20250830-193733-mobilenetv2_vcaV2-224/checkpoint/checkpoint-19.pth.tar', 60.03)
 ('./output/train/20250830-193733-mobilenetv2_vcaV2-224/checkpoint/checkpoint-13.pth.tar', 59.82)
 ('./output/train/20250830-193733-mobilenetv2_vcaV2-224/checkpoint/checkpoint-21.pth.tar', 59.78)
 ('./output/train/20250830-193733-mobilenetv2_vcaV2-224/checkpoint/checkpoint-16.pth.tar', 59.59)
 ('./output/train/20250830-193733-mobilenetv2_vcaV2-224/checkpoint/checkpoint-18.pth.tar', 59.29)

2025-08-30 20:17:19,223 -                train: [    INFO] - Train: 27 [   0/195 (  0%)]  Loss: 265.2 (265.)  Loss_cat: 1.444 (1.44)  Loss_feat: 261.4 (261.)  Loss_gt: 2.333 (2.33) LR: 5.000e-02
2025-08-30 20:18:42,667 -                train: [    INFO] - Train: 27 [ 194/195 (100%)]  Loss: 266.3 (269.)  Loss_cat: 1.514 (1.52)  Loss_feat: 262.4 (265.)  Loss_gt: 2.377 (2.37) LR: 5.000e-02
2025-08-30 20:18:43,084 -                train: [    INFO] - Test: [   0/39]  Time: 0.398 (0.398)  Loss:  1.3853 (1.3853)  Acc@1: 63.6719 (63.6719)  Acc@5: 91.7969 (91.7969)
2025-08-30 20:18:46,141 -                train: [    INFO] - Test: [  39/39]  Time: 0.022 (0.086)  Loss:  1.6034 (1.4236)  Acc@1: 62.5000 (61.6700)  Acc@5: 81.2500 (89.3300)
2025-08-30 20:18:46,311 - timm.utils.checkpoint_saver: [    INFO] - Current checkpoints:
 ('./output/train/20250830-193733-mobilenetv2_vcaV2-224/checkpoint/checkpoint-26.pth.tar', 63.77)
 ('./output/train/20250830-193733-mobilenetv2_vcaV2-224/checkpoint/checkpoint-25.pth.tar', 62.39)
 ('./output/train/20250830-193733-mobilenetv2_vcaV2-224/checkpoint/checkpoint-27.pth.tar', 61.67)
 ('./output/train/20250830-193733-mobilenetv2_vcaV2-224/checkpoint/checkpoint-22.pth.tar', 61.43)
 ('./output/train/20250830-193733-mobilenetv2_vcaV2-224/checkpoint/checkpoint-23.pth.tar', 61.22)
 ('./output/train/20250830-193733-mobilenetv2_vcaV2-224/checkpoint/checkpoint-17.pth.tar', 61.04)
 ('./output/train/20250830-193733-mobilenetv2_vcaV2-224/checkpoint/checkpoint-19.pth.tar', 60.03)
 ('./output/train/20250830-193733-mobilenetv2_vcaV2-224/checkpoint/checkpoint-13.pth.tar', 59.82)
 ('./output/train/20250830-193733-mobilenetv2_vcaV2-224/checkpoint/checkpoint-21.pth.tar', 59.78)
 ('./output/train/20250830-193733-mobilenetv2_vcaV2-224/checkpoint/checkpoint-16.pth.tar', 59.59)

2025-08-30 20:18:47,067 -                train: [    INFO] - Train: 28 [   0/195 (  0%)]  Loss: 266.6 (267.)  Loss_cat: 1.472 (1.47)  Loss_feat: 262.8 (263.)  Loss_gt: 2.339 (2.34) LR: 5.000e-02
2025-08-30 20:20:10,567 -                train: [    INFO] - Train: 28 [ 194/195 (100%)]  Loss: 268.0 (268.)  Loss_cat: 1.540 (1.53)  Loss_feat: 264.1 (264.)  Loss_gt: 2.401 (2.38) LR: 5.000e-02
2025-08-30 20:20:10,980 -                train: [    INFO] - Test: [   0/39]  Time: 0.394 (0.394)  Loss:  1.3748 (1.3748)  Acc@1: 62.5000 (62.5000)  Acc@5: 87.5000 (87.5000)
2025-08-30 20:20:13,864 -                train: [    INFO] - Test: [  39/39]  Time: 0.022 (0.082)  Loss:  0.9129 (1.4751)  Acc@1: 75.0000 (59.5500)  Acc@5: 100.0000 (87.6700)
2025-08-30 20:20:14,725 -                train: [    INFO] - Train: 29 [   0/195 (  0%)]  Loss: 267.4 (267.)  Loss_cat: 1.547 (1.55)  Loss_feat: 263.6 (264.)  Loss_gt: 2.265 (2.26) LR: 5.000e-02
2025-08-30 20:21:38,176 -                train: [    INFO] - Train: 29 [ 194/195 (100%)]  Loss: 267.4 (267.)  Loss_cat: 1.517 (1.52)  Loss_feat: 263.5 (263.)  Loss_gt: 2.338 (2.36) LR: 5.000e-02
2025-08-30 20:21:38,587 -                train: [    INFO] - Test: [   0/39]  Time: 0.392 (0.392)  Loss:  1.2877 (1.2877)  Acc@1: 67.1875 (67.1875)  Acc@5: 91.7969 (91.7969)
2025-08-30 20:21:41,466 -                train: [    INFO] - Test: [  39/39]  Time: 0.023 (0.082)  Loss:  1.4894 (1.3804)  Acc@1: 62.5000 (62.7300)  Acc@5: 87.5000 (89.3700)
2025-08-30 20:21:41,624 - timm.utils.checkpoint_saver: [    INFO] - Current checkpoints:
 ('./output/train/20250830-193733-mobilenetv2_vcaV2-224/checkpoint/checkpoint-26.pth.tar', 63.77)
 ('./output/train/20250830-193733-mobilenetv2_vcaV2-224/checkpoint/checkpoint-29.pth.tar', 62.73)
 ('./output/train/20250830-193733-mobilenetv2_vcaV2-224/checkpoint/checkpoint-25.pth.tar', 62.39)
 ('./output/train/20250830-193733-mobilenetv2_vcaV2-224/checkpoint/checkpoint-27.pth.tar', 61.67)
 ('./output/train/20250830-193733-mobilenetv2_vcaV2-224/checkpoint/checkpoint-22.pth.tar', 61.43)
 ('./output/train/20250830-193733-mobilenetv2_vcaV2-224/checkpoint/checkpoint-23.pth.tar', 61.22)
 ('./output/train/20250830-193733-mobilenetv2_vcaV2-224/checkpoint/checkpoint-17.pth.tar', 61.04)
 ('./output/train/20250830-193733-mobilenetv2_vcaV2-224/checkpoint/checkpoint-19.pth.tar', 60.03)
 ('./output/train/20250830-193733-mobilenetv2_vcaV2-224/checkpoint/checkpoint-13.pth.tar', 59.82)
 ('./output/train/20250830-193733-mobilenetv2_vcaV2-224/checkpoint/checkpoint-21.pth.tar', 59.78)

2025-08-30 20:21:42,367 -                train: [    INFO] - Train: 30 [   0/195 (  0%)]  Loss: 266.9 (267.)  Loss_cat: 1.515 (1.52)  Loss_feat: 263.0 (263.)  Loss_gt: 2.412 (2.41) LR: 5.000e-02
2025-08-30 20:23:05,832 -                train: [    INFO] - Train: 30 [ 194/195 (100%)]  Loss: 264.6 (266.)  Loss_cat: 1.440 (1.52)  Loss_feat: 260.9 (262.)  Loss_gt: 2.307 (2.36) LR: 5.000e-02
2025-08-30 20:23:06,246 -                train: [    INFO] - Test: [   0/39]  Time: 0.397 (0.397)  Loss:  1.5138 (1.5138)  Acc@1: 62.8906 (62.8906)  Acc@5: 85.5469 (85.5469)
2025-08-30 20:23:09,136 -                train: [    INFO] - Test: [  39/39]  Time: 0.022 (0.082)  Loss:  1.3606 (1.5821)  Acc@1: 56.2500 (58.4400)  Acc@5: 87.5000 (85.8500)
2025-08-30 20:23:10,041 -                train: [    INFO] - Train: 31 [   0/195 (  0%)]  Loss: 265.1 (265.)  Loss_cat: 1.515 (1.51)  Loss_feat: 261.2 (261.)  Loss_gt: 2.368 (2.37) LR: 5.000e-02
2025-08-30 20:24:33,656 -                train: [    INFO] - Train: 31 [ 194/195 (100%)]  Loss: 267.1 (265.)  Loss_cat: 1.541 (1.50)  Loss_feat: 263.1 (261.)  Loss_gt: 2.472 (2.34) LR: 5.000e-02
2025-08-30 20:24:34,064 -                train: [    INFO] - Test: [   0/39]  Time: 0.390 (0.390)  Loss:  1.3959 (1.3959)  Acc@1: 64.0625 (64.0625)  Acc@5: 89.4531 (89.4531)
2025-08-30 20:24:37,038 -                train: [    INFO] - Test: [  39/39]  Time: 0.026 (0.084)  Loss:  1.3778 (1.5051)  Acc@1: 56.2500 (59.5600)  Acc@5: 93.7500 (87.9900)
2025-08-30 20:24:38,021 -                train: [    INFO] - Train: 32 [   0/195 (  0%)]  Loss: 265.1 (265.)  Loss_cat: 1.513 (1.51)  Loss_feat: 261.3 (261.)  Loss_gt: 2.322 (2.32) LR: 5.000e-02
2025-08-30 20:26:01,463 -                train: [    INFO] - Train: 32 [ 194/195 (100%)]  Loss: 262.8 (264.)  Loss_cat: 1.485 (1.50)  Loss_feat: 259.0 (260.)  Loss_gt: 2.375 (2.35) LR: 5.000e-02
2025-08-30 20:26:01,880 -                train: [    INFO] - Test: [   0/39]  Time: 0.398 (0.398)  Loss:  1.3171 (1.3171)  Acc@1: 67.5781 (67.5781)  Acc@5: 89.0625 (89.0625)
2025-08-30 20:26:04,757 -                train: [    INFO] - Test: [  39/39]  Time: 0.021 (0.082)  Loss:  1.3858 (1.3511)  Acc@1: 62.5000 (63.6800)  Acc@5: 87.5000 (89.8300)
2025-08-30 20:26:05,019 - timm.utils.checkpoint_saver: [    INFO] - Current checkpoints:
 ('./output/train/20250830-193733-mobilenetv2_vcaV2-224/checkpoint/checkpoint-26.pth.tar', 63.77)
 ('./output/train/20250830-193733-mobilenetv2_vcaV2-224/checkpoint/checkpoint-32.pth.tar', 63.68)
 ('./output/train/20250830-193733-mobilenetv2_vcaV2-224/checkpoint/checkpoint-29.pth.tar', 62.73)
 ('./output/train/20250830-193733-mobilenetv2_vcaV2-224/checkpoint/checkpoint-25.pth.tar', 62.39)
 ('./output/train/20250830-193733-mobilenetv2_vcaV2-224/checkpoint/checkpoint-27.pth.tar', 61.67)
 ('./output/train/20250830-193733-mobilenetv2_vcaV2-224/checkpoint/checkpoint-22.pth.tar', 61.43)
 ('./output/train/20250830-193733-mobilenetv2_vcaV2-224/checkpoint/checkpoint-23.pth.tar', 61.22)
 ('./output/train/20250830-193733-mobilenetv2_vcaV2-224/checkpoint/checkpoint-17.pth.tar', 61.04)
 ('./output/train/20250830-193733-mobilenetv2_vcaV2-224/checkpoint/checkpoint-19.pth.tar', 60.03)
 ('./output/train/20250830-193733-mobilenetv2_vcaV2-224/checkpoint/checkpoint-13.pth.tar', 59.82)

2025-08-30 20:26:05,762 -                train: [    INFO] - Train: 33 [   0/195 (  0%)]  Loss: 261.5 (261.)  Loss_cat: 1.472 (1.47)  Loss_feat: 257.6 (258.)  Loss_gt: 2.405 (2.40) LR: 5.000e-02
2025-08-30 20:27:29,388 -                train: [    INFO] - Train: 33 [ 194/195 (100%)]  Loss: 266.6 (264.)  Loss_cat: 1.553 (1.51)  Loss_feat: 262.7 (260.)  Loss_gt: 2.300 (2.36) LR: 5.000e-02
2025-08-30 20:27:29,797 -                train: [    INFO] - Test: [   0/39]  Time: 0.391 (0.391)  Loss:  1.3411 (1.3411)  Acc@1: 63.6719 (63.6719)  Acc@5: 90.2344 (90.2344)
2025-08-30 20:27:32,691 -                train: [    INFO] - Test: [  39/39]  Time: 0.022 (0.082)  Loss:  1.3723 (1.4667)  Acc@1: 68.7500 (60.4400)  Acc@5: 87.5000 (88.3000)
2025-08-30 20:27:32,850 - timm.utils.checkpoint_saver: [    INFO] - Current checkpoints:
 ('./output/train/20250830-193733-mobilenetv2_vcaV2-224/checkpoint/checkpoint-26.pth.tar', 63.77)
 ('./output/train/20250830-193733-mobilenetv2_vcaV2-224/checkpoint/checkpoint-32.pth.tar', 63.68)
 ('./output/train/20250830-193733-mobilenetv2_vcaV2-224/checkpoint/checkpoint-29.pth.tar', 62.73)
 ('./output/train/20250830-193733-mobilenetv2_vcaV2-224/checkpoint/checkpoint-25.pth.tar', 62.39)
 ('./output/train/20250830-193733-mobilenetv2_vcaV2-224/checkpoint/checkpoint-27.pth.tar', 61.67)
 ('./output/train/20250830-193733-mobilenetv2_vcaV2-224/checkpoint/checkpoint-22.pth.tar', 61.43)
 ('./output/train/20250830-193733-mobilenetv2_vcaV2-224/checkpoint/checkpoint-23.pth.tar', 61.22)
 ('./output/train/20250830-193733-mobilenetv2_vcaV2-224/checkpoint/checkpoint-17.pth.tar', 61.04)
 ('./output/train/20250830-193733-mobilenetv2_vcaV2-224/checkpoint/checkpoint-33.pth.tar', 60.44)
 ('./output/train/20250830-193733-mobilenetv2_vcaV2-224/checkpoint/checkpoint-19.pth.tar', 60.03)

2025-08-30 20:27:33,598 -                train: [    INFO] - Train: 34 [   0/195 (  0%)]  Loss: 265.0 (265.)  Loss_cat: 1.582 (1.58)  Loss_feat: 261.0 (261.)  Loss_gt: 2.390 (2.39) LR: 5.000e-02
2025-08-30 20:28:57,091 -                train: [    INFO] - Train: 34 [ 194/195 (100%)]  Loss: 265.2 (262.)  Loss_cat: 1.593 (1.49)  Loss_feat: 261.1 (258.)  Loss_gt: 2.427 (2.34) LR: 5.000e-02
2025-08-30 20:28:57,500 -                train: [    INFO] - Test: [   0/39]  Time: 0.392 (0.392)  Loss:  1.2450 (1.2450)  Acc@1: 67.5781 (67.5781)  Acc@5: 92.1875 (92.1875)
2025-08-30 20:29:00,388 -                train: [    INFO] - Test: [  39/39]  Time: 0.022 (0.082)  Loss:  1.1191 (1.3499)  Acc@1: 68.7500 (62.9900)  Acc@5: 87.5000 (89.8600)
2025-08-30 20:29:00,582 - timm.utils.checkpoint_saver: [    INFO] - Current checkpoints:
 ('./output/train/20250830-193733-mobilenetv2_vcaV2-224/checkpoint/checkpoint-26.pth.tar', 63.77)
 ('./output/train/20250830-193733-mobilenetv2_vcaV2-224/checkpoint/checkpoint-32.pth.tar', 63.68)
 ('./output/train/20250830-193733-mobilenetv2_vcaV2-224/checkpoint/checkpoint-34.pth.tar', 62.99)
 ('./output/train/20250830-193733-mobilenetv2_vcaV2-224/checkpoint/checkpoint-29.pth.tar', 62.73)
 ('./output/train/20250830-193733-mobilenetv2_vcaV2-224/checkpoint/checkpoint-25.pth.tar', 62.39)
 ('./output/train/20250830-193733-mobilenetv2_vcaV2-224/checkpoint/checkpoint-27.pth.tar', 61.67)
 ('./output/train/20250830-193733-mobilenetv2_vcaV2-224/checkpoint/checkpoint-22.pth.tar', 61.43)
 ('./output/train/20250830-193733-mobilenetv2_vcaV2-224/checkpoint/checkpoint-23.pth.tar', 61.22)
 ('./output/train/20250830-193733-mobilenetv2_vcaV2-224/checkpoint/checkpoint-17.pth.tar', 61.04)
 ('./output/train/20250830-193733-mobilenetv2_vcaV2-224/checkpoint/checkpoint-33.pth.tar', 60.44)

2025-08-30 20:29:01,322 -                train: [    INFO] - Train: 35 [   0/195 (  0%)]  Loss: 260.6 (261.)  Loss_cat: 1.526 (1.53)  Loss_feat: 256.6 (257.)  Loss_gt: 2.478 (2.48) LR: 5.000e-02
2025-08-30 20:30:24,879 -                train: [    INFO] - Train: 35 [ 194/195 (100%)]  Loss: 263.5 (262.)  Loss_cat: 1.516 (1.50)  Loss_feat: 259.5 (258.)  Loss_gt: 2.465 (2.35) LR: 5.000e-02
2025-08-30 20:30:25,320 -                train: [    INFO] - Test: [   0/39]  Time: 0.421 (0.421)  Loss:  1.2717 (1.2717)  Acc@1: 66.4062 (66.4062)  Acc@5: 89.4531 (89.4531)
2025-08-30 20:30:28,291 -                train: [    INFO] - Test: [  39/39]  Time: 0.023 (0.085)  Loss:  1.1736 (1.3486)  Acc@1: 68.7500 (62.6700)  Acc@5: 87.5000 (89.5000)
2025-08-30 20:30:28,443 - timm.utils.checkpoint_saver: [    INFO] - Current checkpoints:
 ('./output/train/20250830-193733-mobilenetv2_vcaV2-224/checkpoint/checkpoint-26.pth.tar', 63.77)
 ('./output/train/20250830-193733-mobilenetv2_vcaV2-224/checkpoint/checkpoint-32.pth.tar', 63.68)
 ('./output/train/20250830-193733-mobilenetv2_vcaV2-224/checkpoint/checkpoint-34.pth.tar', 62.99)
 ('./output/train/20250830-193733-mobilenetv2_vcaV2-224/checkpoint/checkpoint-29.pth.tar', 62.73)
 ('./output/train/20250830-193733-mobilenetv2_vcaV2-224/checkpoint/checkpoint-35.pth.tar', 62.67)
 ('./output/train/20250830-193733-mobilenetv2_vcaV2-224/checkpoint/checkpoint-25.pth.tar', 62.39)
 ('./output/train/20250830-193733-mobilenetv2_vcaV2-224/checkpoint/checkpoint-27.pth.tar', 61.67)
 ('./output/train/20250830-193733-mobilenetv2_vcaV2-224/checkpoint/checkpoint-22.pth.tar', 61.43)
 ('./output/train/20250830-193733-mobilenetv2_vcaV2-224/checkpoint/checkpoint-23.pth.tar', 61.22)
 ('./output/train/20250830-193733-mobilenetv2_vcaV2-224/checkpoint/checkpoint-17.pth.tar', 61.04)

2025-08-30 20:30:29,193 -                train: [    INFO] - Train: 36 [   0/195 (  0%)]  Loss: 258.6 (259.)  Loss_cat: 1.432 (1.43)  Loss_feat: 255.0 (255.)  Loss_gt: 2.188 (2.19) LR: 5.000e-02
2025-08-30 20:31:52,714 -                train: [    INFO] - Train: 36 [ 194/195 (100%)]  Loss: 259.0 (261.)  Loss_cat: 1.473 (1.49)  Loss_feat: 255.2 (257.)  Loss_gt: 2.298 (2.34) LR: 5.000e-02
2025-08-30 20:31:53,162 -                train: [    INFO] - Test: [   0/39]  Time: 0.427 (0.427)  Loss:  1.2208 (1.2208)  Acc@1: 70.3125 (70.3125)  Acc@5: 91.4062 (91.4062)
2025-08-30 20:31:56,118 -                train: [    INFO] - Test: [  39/39]  Time: 0.021 (0.085)  Loss:  1.2209 (1.3878)  Acc@1: 62.5000 (63.8100)  Acc@5: 87.5000 (89.4700)
2025-08-30 20:31:56,268 - timm.utils.checkpoint_saver: [    INFO] - Current checkpoints:
 ('./output/train/20250830-193733-mobilenetv2_vcaV2-224/checkpoint/checkpoint-36.pth.tar', 63.81)
 ('./output/train/20250830-193733-mobilenetv2_vcaV2-224/checkpoint/checkpoint-26.pth.tar', 63.77)
 ('./output/train/20250830-193733-mobilenetv2_vcaV2-224/checkpoint/checkpoint-32.pth.tar', 63.68)
 ('./output/train/20250830-193733-mobilenetv2_vcaV2-224/checkpoint/checkpoint-34.pth.tar', 62.99)
 ('./output/train/20250830-193733-mobilenetv2_vcaV2-224/checkpoint/checkpoint-29.pth.tar', 62.73)
 ('./output/train/20250830-193733-mobilenetv2_vcaV2-224/checkpoint/checkpoint-35.pth.tar', 62.67)
 ('./output/train/20250830-193733-mobilenetv2_vcaV2-224/checkpoint/checkpoint-25.pth.tar', 62.39)
 ('./output/train/20250830-193733-mobilenetv2_vcaV2-224/checkpoint/checkpoint-27.pth.tar', 61.67)
 ('./output/train/20250830-193733-mobilenetv2_vcaV2-224/checkpoint/checkpoint-22.pth.tar', 61.43)
 ('./output/train/20250830-193733-mobilenetv2_vcaV2-224/checkpoint/checkpoint-23.pth.tar', 61.22)

2025-08-30 20:31:57,031 -                train: [    INFO] - Train: 37 [   0/195 (  0%)]  Loss: 258.1 (258.)  Loss_cat: 1.453 (1.45)  Loss_feat: 254.5 (254.)  Loss_gt: 2.198 (2.20) LR: 5.000e-02
2025-08-30 20:33:20,730 -                train: [    INFO] - Train: 37 [ 194/195 (100%)]  Loss: 261.0 (259.)  Loss_cat: 1.506 (1.49)  Loss_feat: 257.2 (256.)  Loss_gt: 2.216 (2.33) LR: 5.000e-02
2025-08-30 20:33:21,137 -                train: [    INFO] - Test: [   0/39]  Time: 0.390 (0.390)  Loss:  1.2916 (1.2916)  Acc@1: 64.8438 (64.8438)  Acc@5: 90.6250 (90.6250)
2025-08-30 20:33:24,005 -                train: [    INFO] - Test: [  39/39]  Time: 0.022 (0.081)  Loss:  1.5155 (1.4369)  Acc@1: 56.2500 (61.4100)  Acc@5: 81.2500 (88.4100)
2025-08-30 20:33:24,141 - timm.utils.checkpoint_saver: [    INFO] - Current checkpoints:
 ('./output/train/20250830-193733-mobilenetv2_vcaV2-224/checkpoint/checkpoint-36.pth.tar', 63.81)
 ('./output/train/20250830-193733-mobilenetv2_vcaV2-224/checkpoint/checkpoint-26.pth.tar', 63.77)
 ('./output/train/20250830-193733-mobilenetv2_vcaV2-224/checkpoint/checkpoint-32.pth.tar', 63.68)
 ('./output/train/20250830-193733-mobilenetv2_vcaV2-224/checkpoint/checkpoint-34.pth.tar', 62.99)
 ('./output/train/20250830-193733-mobilenetv2_vcaV2-224/checkpoint/checkpoint-29.pth.tar', 62.73)
 ('./output/train/20250830-193733-mobilenetv2_vcaV2-224/checkpoint/checkpoint-35.pth.tar', 62.67)
 ('./output/train/20250830-193733-mobilenetv2_vcaV2-224/checkpoint/checkpoint-25.pth.tar', 62.39)
 ('./output/train/20250830-193733-mobilenetv2_vcaV2-224/checkpoint/checkpoint-27.pth.tar', 61.67)
 ('./output/train/20250830-193733-mobilenetv2_vcaV2-224/checkpoint/checkpoint-22.pth.tar', 61.43)
 ('./output/train/20250830-193733-mobilenetv2_vcaV2-224/checkpoint/checkpoint-37.pth.tar', 61.41)

2025-08-30 20:33:24,890 -                train: [    INFO] - Train: 38 [   0/195 (  0%)]  Loss: 256.7 (257.)  Loss_cat: 1.505 (1.51)  Loss_feat: 252.9 (253.)  Loss_gt: 2.331 (2.33) LR: 5.000e-02
2025-08-30 20:34:48,420 -                train: [    INFO] - Train: 38 [ 194/195 (100%)]  Loss: 257.5 (259.)  Loss_cat: 1.504 (1.49)  Loss_feat: 253.8 (255.)  Loss_gt: 2.261 (2.33) LR: 5.000e-02
2025-08-30 20:34:48,828 -                train: [    INFO] - Test: [   0/39]  Time: 0.390 (0.390)  Loss:  1.3628 (1.3628)  Acc@1: 64.8438 (64.8438)  Acc@5: 91.0156 (91.0156)
2025-08-30 20:34:51,722 -                train: [    INFO] - Test: [  39/39]  Time: 0.022 (0.082)  Loss:  1.3726 (1.4331)  Acc@1: 68.7500 (61.8100)  Acc@5: 93.7500 (88.6200)
2025-08-30 20:34:51,867 - timm.utils.checkpoint_saver: [    INFO] - Current checkpoints:
 ('./output/train/20250830-193733-mobilenetv2_vcaV2-224/checkpoint/checkpoint-36.pth.tar', 63.81)
 ('./output/train/20250830-193733-mobilenetv2_vcaV2-224/checkpoint/checkpoint-26.pth.tar', 63.77)
 ('./output/train/20250830-193733-mobilenetv2_vcaV2-224/checkpoint/checkpoint-32.pth.tar', 63.68)
 ('./output/train/20250830-193733-mobilenetv2_vcaV2-224/checkpoint/checkpoint-34.pth.tar', 62.99)
 ('./output/train/20250830-193733-mobilenetv2_vcaV2-224/checkpoint/checkpoint-29.pth.tar', 62.73)
 ('./output/train/20250830-193733-mobilenetv2_vcaV2-224/checkpoint/checkpoint-35.pth.tar', 62.67)
 ('./output/train/20250830-193733-mobilenetv2_vcaV2-224/checkpoint/checkpoint-25.pth.tar', 62.39)
 ('./output/train/20250830-193733-mobilenetv2_vcaV2-224/checkpoint/checkpoint-38.pth.tar', 61.81)
 ('./output/train/20250830-193733-mobilenetv2_vcaV2-224/checkpoint/checkpoint-27.pth.tar', 61.67)
 ('./output/train/20250830-193733-mobilenetv2_vcaV2-224/checkpoint/checkpoint-22.pth.tar', 61.43)

2025-08-30 20:34:52,650 -                train: [    INFO] - Train: 39 [   0/195 (  0%)]  Loss: 257.4 (257.)  Loss_cat: 1.465 (1.47)  Loss_feat: 253.7 (254.)  Loss_gt: 2.214 (2.21) LR: 5.000e-02
2025-08-30 20:36:16,186 -                train: [    INFO] - Train: 39 [ 194/195 (100%)]  Loss: 256.6 (258.)  Loss_cat: 1.456 (1.49)  Loss_feat: 252.8 (254.)  Loss_gt: 2.335 (2.33) LR: 5.000e-02
2025-08-30 20:36:16,599 -                train: [    INFO] - Test: [   0/39]  Time: 0.394 (0.394)  Loss:  1.7620 (1.7620)  Acc@1: 55.4688 (55.4688)  Acc@5: 80.4688 (80.4688)
2025-08-30 20:36:19,529 -                train: [    INFO] - Test: [  39/39]  Time: 0.022 (0.083)  Loss:  2.6223 (1.9226)  Acc@1: 50.0000 (51.6000)  Acc@5: 75.0000 (80.7300)
2025-08-30 20:36:20,457 -                train: [    INFO] - Train: 40 [   0/195 (  0%)]  Loss: 257.8 (258.)  Loss_cat: 1.546 (1.55)  Loss_feat: 253.8 (254.)  Loss_gt: 2.430 (2.43) LR: 5.000e-02
2025-08-30 20:37:44,116 -                train: [    INFO] - Train: 40 [ 194/195 (100%)]  Loss: 258.4 (256.)  Loss_cat: 1.546 (1.48)  Loss_feat: 254.4 (253.)  Loss_gt: 2.435 (2.33) LR: 5.000e-02
2025-08-30 20:37:44,532 -                train: [    INFO] - Test: [   0/39]  Time: 0.399 (0.399)  Loss:  1.1890 (1.1890)  Acc@1: 69.5312 (69.5312)  Acc@5: 91.0156 (91.0156)
2025-08-30 20:37:47,435 -                train: [    INFO] - Test: [  39/39]  Time: 0.022 (0.083)  Loss:  1.3677 (1.2932)  Acc@1: 56.2500 (64.4900)  Acc@5: 81.2500 (89.8800)
2025-08-30 20:37:47,704 - timm.utils.checkpoint_saver: [    INFO] - Current checkpoints:
 ('./output/train/20250830-193733-mobilenetv2_vcaV2-224/checkpoint/checkpoint-40.pth.tar', 64.49)
 ('./output/train/20250830-193733-mobilenetv2_vcaV2-224/checkpoint/checkpoint-36.pth.tar', 63.81)
 ('./output/train/20250830-193733-mobilenetv2_vcaV2-224/checkpoint/checkpoint-26.pth.tar', 63.77)
 ('./output/train/20250830-193733-mobilenetv2_vcaV2-224/checkpoint/checkpoint-32.pth.tar', 63.68)
 ('./output/train/20250830-193733-mobilenetv2_vcaV2-224/checkpoint/checkpoint-34.pth.tar', 62.99)
 ('./output/train/20250830-193733-mobilenetv2_vcaV2-224/checkpoint/checkpoint-29.pth.tar', 62.73)
 ('./output/train/20250830-193733-mobilenetv2_vcaV2-224/checkpoint/checkpoint-35.pth.tar', 62.67)
 ('./output/train/20250830-193733-mobilenetv2_vcaV2-224/checkpoint/checkpoint-25.pth.tar', 62.39)
 ('./output/train/20250830-193733-mobilenetv2_vcaV2-224/checkpoint/checkpoint-38.pth.tar', 61.81)
 ('./output/train/20250830-193733-mobilenetv2_vcaV2-224/checkpoint/checkpoint-27.pth.tar', 61.67)

2025-08-30 20:37:48,451 -                train: [    INFO] - Train: 41 [   0/195 (  0%)]  Loss: 253.7 (254.)  Loss_cat: 1.447 (1.45)  Loss_feat: 250.0 (250.)  Loss_gt: 2.256 (2.26) LR: 5.000e-02
2025-08-30 20:39:12,023 -                train: [    INFO] - Train: 41 [ 194/195 (100%)]  Loss: 256.4 (255.)  Loss_cat: 1.544 (1.48)  Loss_feat: 252.6 (252.)  Loss_gt: 2.331 (2.32) LR: 5.000e-02
2025-08-30 20:39:12,439 -                train: [    INFO] - Test: [   0/39]  Time: 0.397 (0.397)  Loss:  1.2530 (1.2530)  Acc@1: 66.0156 (66.0156)  Acc@5: 90.6250 (90.6250)
2025-08-30 20:39:15,474 -                train: [    INFO] - Test: [  39/39]  Time: 0.023 (0.086)  Loss:  1.0820 (1.3388)  Acc@1: 75.0000 (63.3500)  Acc@5: 87.5000 (89.6200)
2025-08-30 20:39:15,639 - timm.utils.checkpoint_saver: [    INFO] - Current checkpoints:
 ('./output/train/20250830-193733-mobilenetv2_vcaV2-224/checkpoint/checkpoint-40.pth.tar', 64.49)
 ('./output/train/20250830-193733-mobilenetv2_vcaV2-224/checkpoint/checkpoint-36.pth.tar', 63.81)
 ('./output/train/20250830-193733-mobilenetv2_vcaV2-224/checkpoint/checkpoint-26.pth.tar', 63.77)
 ('./output/train/20250830-193733-mobilenetv2_vcaV2-224/checkpoint/checkpoint-32.pth.tar', 63.68)
 ('./output/train/20250830-193733-mobilenetv2_vcaV2-224/checkpoint/checkpoint-41.pth.tar', 63.35)
 ('./output/train/20250830-193733-mobilenetv2_vcaV2-224/checkpoint/checkpoint-34.pth.tar', 62.99)
 ('./output/train/20250830-193733-mobilenetv2_vcaV2-224/checkpoint/checkpoint-29.pth.tar', 62.73)
 ('./output/train/20250830-193733-mobilenetv2_vcaV2-224/checkpoint/checkpoint-35.pth.tar', 62.67)
 ('./output/train/20250830-193733-mobilenetv2_vcaV2-224/checkpoint/checkpoint-25.pth.tar', 62.39)
 ('./output/train/20250830-193733-mobilenetv2_vcaV2-224/checkpoint/checkpoint-38.pth.tar', 61.81)

2025-08-30 20:39:16,394 -                train: [    INFO] - Train: 42 [   0/195 (  0%)]  Loss: 258.9 (259.)  Loss_cat: 1.539 (1.54)  Loss_feat: 255.0 (255.)  Loss_gt: 2.338 (2.34) LR: 5.000e-02
2025-08-30 20:40:39,938 -                train: [    INFO] - Train: 42 [ 194/195 (100%)]  Loss: 253.9 (254.)  Loss_cat: 1.525 (1.47)  Loss_feat: 250.0 (251.)  Loss_gt: 2.331 (2.32) LR: 5.000e-02
2025-08-30 20:40:40,354 -                train: [    INFO] - Test: [   0/39]  Time: 0.396 (0.396)  Loss:  1.3296 (1.3296)  Acc@1: 66.0156 (66.0156)  Acc@5: 89.4531 (89.4531)
2025-08-30 20:40:43,263 -                train: [    INFO] - Test: [  39/39]  Time: 0.026 (0.083)  Loss:  1.1039 (1.5575)  Acc@1: 75.0000 (59.2200)  Acc@5: 87.5000 (86.0600)
2025-08-30 20:40:44,194 -                train: [    INFO] - Train: 43 [   0/195 (  0%)]  Loss: 256.9 (257.)  Loss_cat: 1.600 (1.60)  Loss_feat: 252.9 (253.)  Loss_gt: 2.411 (2.41) LR: 5.000e-02
2025-08-30 20:42:07,765 -                train: [    INFO] - Train: 43 [ 194/195 (100%)]  Loss: 253.9 (254.)  Loss_cat: 1.496 (1.48)  Loss_feat: 250.0 (250.)  Loss_gt: 2.365 (2.32) LR: 5.000e-02
2025-08-30 20:42:08,178 -                train: [    INFO] - Test: [   0/39]  Time: 0.394 (0.394)  Loss:  1.2088 (1.2088)  Acc@1: 66.7969 (66.7969)  Acc@5: 93.3594 (93.3594)
2025-08-30 20:42:11,206 -                train: [    INFO] - Test: [  39/39]  Time: 0.022 (0.086)  Loss:  1.4083 (1.3583)  Acc@1: 56.2500 (63.1600)  Acc@5: 87.5000 (89.9000)
2025-08-30 20:42:11,429 - timm.utils.checkpoint_saver: [    INFO] - Current checkpoints:
 ('./output/train/20250830-193733-mobilenetv2_vcaV2-224/checkpoint/checkpoint-40.pth.tar', 64.49)
 ('./output/train/20250830-193733-mobilenetv2_vcaV2-224/checkpoint/checkpoint-36.pth.tar', 63.81)
 ('./output/train/20250830-193733-mobilenetv2_vcaV2-224/checkpoint/checkpoint-26.pth.tar', 63.77)
 ('./output/train/20250830-193733-mobilenetv2_vcaV2-224/checkpoint/checkpoint-32.pth.tar', 63.68)
 ('./output/train/20250830-193733-mobilenetv2_vcaV2-224/checkpoint/checkpoint-41.pth.tar', 63.35)
 ('./output/train/20250830-193733-mobilenetv2_vcaV2-224/checkpoint/checkpoint-43.pth.tar', 63.16)
 ('./output/train/20250830-193733-mobilenetv2_vcaV2-224/checkpoint/checkpoint-34.pth.tar', 62.99)
 ('./output/train/20250830-193733-mobilenetv2_vcaV2-224/checkpoint/checkpoint-29.pth.tar', 62.73)
 ('./output/train/20250830-193733-mobilenetv2_vcaV2-224/checkpoint/checkpoint-35.pth.tar', 62.67)
 ('./output/train/20250830-193733-mobilenetv2_vcaV2-224/checkpoint/checkpoint-25.pth.tar', 62.39)

2025-08-30 20:42:12,178 -                train: [    INFO] - Train: 44 [   0/195 (  0%)]  Loss: 251.2 (251.)  Loss_cat: 1.479 (1.48)  Loss_feat: 247.4 (247.)  Loss_gt: 2.321 (2.32) LR: 5.000e-02
2025-08-30 20:43:35,782 -                train: [    INFO] - Train: 44 [ 194/195 (100%)]  Loss: 252.3 (253.)  Loss_cat: 1.437 (1.48)  Loss_feat: 248.6 (249.)  Loss_gt: 2.255 (2.33) LR: 5.000e-02
2025-08-30 20:43:36,209 -                train: [    INFO] - Test: [   0/39]  Time: 0.407 (0.407)  Loss:  1.3387 (1.3387)  Acc@1: 63.2812 (63.2812)  Acc@5: 88.6719 (88.6719)
2025-08-30 20:43:39,104 -                train: [    INFO] - Test: [  39/39]  Time: 0.022 (0.083)  Loss:  0.8936 (1.4733)  Acc@1: 75.0000 (60.4300)  Acc@5: 87.5000 (88.3200)
2025-08-30 20:43:40,012 -                train: [    INFO] - Train: 45 [   0/195 (  0%)]  Loss: 248.6 (249.)  Loss_cat: 1.417 (1.42)  Loss_feat: 244.8 (245.)  Loss_gt: 2.404 (2.40) LR: 5.000e-02
2025-08-30 20:45:03,613 -                train: [    INFO] - Train: 45 [ 194/195 (100%)]  Loss: 250.7 (252.)  Loss_cat: 1.501 (1.47)  Loss_feat: 247.0 (248.)  Loss_gt: 2.142 (2.33) LR: 5.000e-02
2025-08-30 20:45:04,026 -                train: [    INFO] - Test: [   0/39]  Time: 0.396 (0.396)  Loss:  1.1726 (1.1726)  Acc@1: 70.3125 (70.3125)  Acc@5: 89.0625 (89.0625)
2025-08-30 20:45:07,124 -                train: [    INFO] - Test: [  39/39]  Time: 0.021 (0.087)  Loss:  1.3709 (1.3012)  Acc@1: 68.7500 (64.7900)  Acc@5: 81.2500 (90.1200)
2025-08-30 20:45:07,288 - timm.utils.checkpoint_saver: [    INFO] - Current checkpoints:
 ('./output/train/20250830-193733-mobilenetv2_vcaV2-224/checkpoint/checkpoint-45.pth.tar', 64.79)
 ('./output/train/20250830-193733-mobilenetv2_vcaV2-224/checkpoint/checkpoint-40.pth.tar', 64.49)
 ('./output/train/20250830-193733-mobilenetv2_vcaV2-224/checkpoint/checkpoint-36.pth.tar', 63.81)
 ('./output/train/20250830-193733-mobilenetv2_vcaV2-224/checkpoint/checkpoint-26.pth.tar', 63.77)
 ('./output/train/20250830-193733-mobilenetv2_vcaV2-224/checkpoint/checkpoint-32.pth.tar', 63.68)
 ('./output/train/20250830-193733-mobilenetv2_vcaV2-224/checkpoint/checkpoint-41.pth.tar', 63.35)
 ('./output/train/20250830-193733-mobilenetv2_vcaV2-224/checkpoint/checkpoint-43.pth.tar', 63.16)
 ('./output/train/20250830-193733-mobilenetv2_vcaV2-224/checkpoint/checkpoint-34.pth.tar', 62.99)
 ('./output/train/20250830-193733-mobilenetv2_vcaV2-224/checkpoint/checkpoint-29.pth.tar', 62.73)
 ('./output/train/20250830-193733-mobilenetv2_vcaV2-224/checkpoint/checkpoint-35.pth.tar', 62.67)

2025-08-30 20:45:08,032 -                train: [    INFO] - Train: 46 [   0/195 (  0%)]  Loss: 250.9 (251.)  Loss_cat: 1.456 (1.46)  Loss_feat: 247.0 (247.)  Loss_gt: 2.376 (2.38) LR: 5.000e-02
2025-08-30 20:46:31,936 -                train: [    INFO] - Train: 46 [ 194/195 (100%)]  Loss: 251.7 (250.)  Loss_cat: 1.497 (1.46)  Loss_feat: 248.0 (246.)  Loss_gt: 2.189 (2.33) LR: 5.000e-02
2025-08-30 20:46:32,349 -                train: [    INFO] - Test: [   0/39]  Time: 0.394 (0.394)  Loss:  1.3169 (1.3169)  Acc@1: 66.0156 (66.0156)  Acc@5: 89.4531 (89.4531)
2025-08-30 20:46:35,244 -                train: [    INFO] - Test: [  39/39]  Time: 0.021 (0.082)  Loss:  1.3983 (1.3979)  Acc@1: 68.7500 (62.8300)  Acc@5: 75.0000 (89.1700)
2025-08-30 20:46:35,395 - timm.utils.checkpoint_saver: [    INFO] - Current checkpoints:
 ('./output/train/20250830-193733-mobilenetv2_vcaV2-224/checkpoint/checkpoint-45.pth.tar', 64.79)
 ('./output/train/20250830-193733-mobilenetv2_vcaV2-224/checkpoint/checkpoint-40.pth.tar', 64.49)
 ('./output/train/20250830-193733-mobilenetv2_vcaV2-224/checkpoint/checkpoint-36.pth.tar', 63.81)
 ('./output/train/20250830-193733-mobilenetv2_vcaV2-224/checkpoint/checkpoint-26.pth.tar', 63.77)
 ('./output/train/20250830-193733-mobilenetv2_vcaV2-224/checkpoint/checkpoint-32.pth.tar', 63.68)
 ('./output/train/20250830-193733-mobilenetv2_vcaV2-224/checkpoint/checkpoint-41.pth.tar', 63.35)
 ('./output/train/20250830-193733-mobilenetv2_vcaV2-224/checkpoint/checkpoint-43.pth.tar', 63.16)
 ('./output/train/20250830-193733-mobilenetv2_vcaV2-224/checkpoint/checkpoint-34.pth.tar', 62.99)
 ('./output/train/20250830-193733-mobilenetv2_vcaV2-224/checkpoint/checkpoint-46.pth.tar', 62.83)
 ('./output/train/20250830-193733-mobilenetv2_vcaV2-224/checkpoint/checkpoint-29.pth.tar', 62.73)

2025-08-30 20:46:36,182 -                train: [    INFO] - Train: 47 [   0/195 (  0%)]  Loss: 250.3 (250.)  Loss_cat: 1.511 (1.51)  Loss_feat: 246.3 (246.)  Loss_gt: 2.430 (2.43) LR: 5.000e-02
2025-08-30 20:48:00,212 -                train: [    INFO] - Train: 47 [ 194/195 (100%)]  Loss: 246.1 (249.)  Loss_cat: 1.420 (1.47)  Loss_feat: 242.3 (245.)  Loss_gt: 2.306 (2.32) LR: 5.000e-02
2025-08-30 20:48:00,625 -                train: [    INFO] - Test: [   0/39]  Time: 0.395 (0.395)  Loss:  1.2160 (1.2160)  Acc@1: 68.3594 (68.3594)  Acc@5: 91.7969 (91.7969)
2025-08-30 20:48:03,519 -                train: [    INFO] - Test: [  39/39]  Time: 0.021 (0.082)  Loss:  1.1408 (1.3219)  Acc@1: 68.7500 (64.3500)  Acc@5: 87.5000 (90.1000)
2025-08-30 20:48:03,660 - timm.utils.checkpoint_saver: [    INFO] - Current checkpoints:
 ('./output/train/20250830-193733-mobilenetv2_vcaV2-224/checkpoint/checkpoint-45.pth.tar', 64.79)
 ('./output/train/20250830-193733-mobilenetv2_vcaV2-224/checkpoint/checkpoint-40.pth.tar', 64.49)
 ('./output/train/20250830-193733-mobilenetv2_vcaV2-224/checkpoint/checkpoint-47.pth.tar', 64.35)
 ('./output/train/20250830-193733-mobilenetv2_vcaV2-224/checkpoint/checkpoint-36.pth.tar', 63.81)
 ('./output/train/20250830-193733-mobilenetv2_vcaV2-224/checkpoint/checkpoint-26.pth.tar', 63.77)
 ('./output/train/20250830-193733-mobilenetv2_vcaV2-224/checkpoint/checkpoint-32.pth.tar', 63.68)
 ('./output/train/20250830-193733-mobilenetv2_vcaV2-224/checkpoint/checkpoint-41.pth.tar', 63.35)
 ('./output/train/20250830-193733-mobilenetv2_vcaV2-224/checkpoint/checkpoint-43.pth.tar', 63.16)
 ('./output/train/20250830-193733-mobilenetv2_vcaV2-224/checkpoint/checkpoint-34.pth.tar', 62.99)
 ('./output/train/20250830-193733-mobilenetv2_vcaV2-224/checkpoint/checkpoint-46.pth.tar', 62.83)

2025-08-30 20:48:04,402 -                train: [    INFO] - Train: 48 [   0/195 (  0%)]  Loss: 250.3 (250.)  Loss_cat: 1.518 (1.52)  Loss_feat: 246.6 (247.)  Loss_gt: 2.237 (2.24) LR: 5.000e-02
2025-08-30 20:49:28,159 -                train: [    INFO] - Train: 48 [ 194/195 (100%)]  Loss: 250.2 (248.)  Loss_cat: 1.519 (1.47)  Loss_feat: 246.4 (244.)  Loss_gt: 2.284 (2.31) LR: 5.000e-02
2025-08-30 20:49:28,571 -                train: [    INFO] - Test: [   0/39]  Time: 0.394 (0.394)  Loss:  1.1831 (1.1831)  Acc@1: 69.9219 (69.9219)  Acc@5: 91.4062 (91.4062)
2025-08-30 20:49:31,440 -                train: [    INFO] - Test: [  39/39]  Time: 0.022 (0.082)  Loss:  1.4235 (1.2750)  Acc@1: 62.5000 (65.0600)  Acc@5: 81.2500 (90.7400)
2025-08-30 20:49:31,657 - timm.utils.checkpoint_saver: [    INFO] - Current checkpoints:
 ('./output/train/20250830-193733-mobilenetv2_vcaV2-224/checkpoint/checkpoint-48.pth.tar', 65.06)
 ('./output/train/20250830-193733-mobilenetv2_vcaV2-224/checkpoint/checkpoint-45.pth.tar', 64.79)
 ('./output/train/20250830-193733-mobilenetv2_vcaV2-224/checkpoint/checkpoint-40.pth.tar', 64.49)
 ('./output/train/20250830-193733-mobilenetv2_vcaV2-224/checkpoint/checkpoint-47.pth.tar', 64.35)
 ('./output/train/20250830-193733-mobilenetv2_vcaV2-224/checkpoint/checkpoint-36.pth.tar', 63.81)
 ('./output/train/20250830-193733-mobilenetv2_vcaV2-224/checkpoint/checkpoint-26.pth.tar', 63.77)
 ('./output/train/20250830-193733-mobilenetv2_vcaV2-224/checkpoint/checkpoint-32.pth.tar', 63.68)
 ('./output/train/20250830-193733-mobilenetv2_vcaV2-224/checkpoint/checkpoint-41.pth.tar', 63.35)
 ('./output/train/20250830-193733-mobilenetv2_vcaV2-224/checkpoint/checkpoint-43.pth.tar', 63.16)
 ('./output/train/20250830-193733-mobilenetv2_vcaV2-224/checkpoint/checkpoint-34.pth.tar', 62.99)

2025-08-30 20:49:32,403 -                train: [    INFO] - Train: 49 [   0/195 (  0%)]  Loss: 244.2 (244.)  Loss_cat: 1.405 (1.41)  Loss_feat: 240.6 (241.)  Loss_gt: 2.188 (2.19) LR: 5.000e-02
2025-08-30 20:50:56,252 -                train: [    INFO] - Train: 49 [ 194/195 (100%)]  Loss: 247.9 (247.)  Loss_cat: 1.476 (1.47)  Loss_feat: 244.0 (243.)  Loss_gt: 2.383 (2.32) LR: 5.000e-02
2025-08-30 20:50:56,663 -                train: [    INFO] - Test: [   0/39]  Time: 0.393 (0.393)  Loss:  1.4031 (1.4031)  Acc@1: 63.2812 (63.2812)  Acc@5: 88.6719 (88.6719)
2025-08-30 20:50:59,561 -                train: [    INFO] - Test: [  39/39]  Time: 0.022 (0.082)  Loss:  0.9165 (1.5720)  Acc@1: 68.7500 (57.6100)  Acc@5: 100.0000 (86.5700)
2025-08-30 20:51:00,468 -                train: [    INFO] - Train: 50 [   0/195 (  0%)]  Loss: 245.7 (246.)  Loss_cat: 1.420 (1.42)  Loss_feat: 242.1 (242.)  Loss_gt: 2.227 (2.23) LR: 5.000e-02
2025-08-30 20:52:24,184 -                train: [    INFO] - Train: 50 [ 194/195 (100%)]  Loss: 251.1 (246.)  Loss_cat: 1.560 (1.46)  Loss_feat: 247.3 (242.)  Loss_gt: 2.233 (2.31) LR: 5.000e-02
2025-08-30 20:52:24,596 -                train: [    INFO] - Test: [   0/39]  Time: 0.394 (0.394)  Loss:  1.2227 (1.2227)  Acc@1: 67.1875 (67.1875)  Acc@5: 92.9688 (92.9688)
2025-08-30 20:52:27,563 -                train: [    INFO] - Test: [  39/39]  Time: 0.026 (0.084)  Loss:  1.3271 (1.3687)  Acc@1: 68.7500 (62.6800)  Acc@5: 87.5000 (89.3700)
2025-08-30 20:52:28,471 -                train: [    INFO] - Train: 51 [   0/195 (  0%)]  Loss: 245.6 (246.)  Loss_cat: 1.485 (1.49)  Loss_feat: 241.6 (242.)  Loss_gt: 2.506 (2.51) LR: 5.000e-02
2025-08-30 20:53:52,516 -                train: [    INFO] - Train: 51 [ 194/195 (100%)]  Loss: 247.3 (245.)  Loss_cat: 1.525 (1.46)  Loss_feat: 243.4 (241.)  Loss_gt: 2.358 (2.31) LR: 5.000e-02
2025-08-30 20:53:52,937 -                train: [    INFO] - Test: [   0/39]  Time: 0.397 (0.397)  Loss:  1.2838 (1.2838)  Acc@1: 64.8438 (64.8438)  Acc@5: 91.4062 (91.4062)
2025-08-30 20:53:55,984 -                train: [    INFO] - Test: [  39/39]  Time: 0.021 (0.086)  Loss:  1.1693 (1.4468)  Acc@1: 62.5000 (61.3100)  Acc@5: 93.7500 (89.0500)
2025-08-30 20:53:56,912 -                train: [    INFO] - Train: 52 [   0/195 (  0%)]  Loss: 241.5 (241.)  Loss_cat: 1.399 (1.40)  Loss_feat: 237.8 (238.)  Loss_gt: 2.256 (2.26) LR: 5.000e-02
2025-08-30 20:55:20,680 -                train: [    INFO] - Train: 52 [ 194/195 (100%)]  Loss: 242.7 (243.)  Loss_cat: 1.427 (1.46)  Loss_feat: 239.0 (240.)  Loss_gt: 2.278 (2.31) LR: 5.000e-02
2025-08-30 20:55:21,090 -                train: [    INFO] - Test: [   0/39]  Time: 0.391 (0.391)  Loss:  1.1684 (1.1684)  Acc@1: 67.9688 (67.9688)  Acc@5: 91.0156 (91.0156)
2025-08-30 20:55:24,099 -                train: [    INFO] - Test: [  39/39]  Time: 0.021 (0.085)  Loss:  1.4688 (1.2232)  Acc@1: 68.7500 (66.5000)  Acc@5: 87.5000 (91.8300)
2025-08-30 20:55:24,429 - timm.utils.checkpoint_saver: [    INFO] - Current checkpoints:
 ('./output/train/20250830-193733-mobilenetv2_vcaV2-224/checkpoint/checkpoint-52.pth.tar', 66.5)
 ('./output/train/20250830-193733-mobilenetv2_vcaV2-224/checkpoint/checkpoint-48.pth.tar', 65.06)
 ('./output/train/20250830-193733-mobilenetv2_vcaV2-224/checkpoint/checkpoint-45.pth.tar', 64.79)
 ('./output/train/20250830-193733-mobilenetv2_vcaV2-224/checkpoint/checkpoint-40.pth.tar', 64.49)
 ('./output/train/20250830-193733-mobilenetv2_vcaV2-224/checkpoint/checkpoint-47.pth.tar', 64.35)
 ('./output/train/20250830-193733-mobilenetv2_vcaV2-224/checkpoint/checkpoint-36.pth.tar', 63.81)
 ('./output/train/20250830-193733-mobilenetv2_vcaV2-224/checkpoint/checkpoint-26.pth.tar', 63.77)
 ('./output/train/20250830-193733-mobilenetv2_vcaV2-224/checkpoint/checkpoint-32.pth.tar', 63.68)
 ('./output/train/20250830-193733-mobilenetv2_vcaV2-224/checkpoint/checkpoint-41.pth.tar', 63.35)
 ('./output/train/20250830-193733-mobilenetv2_vcaV2-224/checkpoint/checkpoint-43.pth.tar', 63.16)

2025-08-30 20:55:25,189 -                train: [    INFO] - Train: 53 [   0/195 (  0%)]  Loss: 243.4 (243.)  Loss_cat: 1.447 (1.45)  Loss_feat: 239.7 (240.)  Loss_gt: 2.232 (2.23) LR: 5.000e-02
2025-08-30 20:56:49,244 -                train: [    INFO] - Train: 53 [ 194/195 (100%)]  Loss: 247.2 (242.)  Loss_cat: 1.578 (1.46)  Loss_feat: 243.4 (238.)  Loss_gt: 2.268 (2.30) LR: 5.000e-02
2025-08-30 20:56:49,652 -                train: [    INFO] - Test: [   0/39]  Time: 0.389 (0.389)  Loss:  1.6316 (1.6316)  Acc@1: 62.1094 (62.1094)  Acc@5: 87.5000 (87.5000)
2025-08-30 20:56:52,554 -                train: [    INFO] - Test: [  39/39]  Time: 0.022 (0.082)  Loss:  1.8046 (1.7033)  Acc@1: 50.0000 (55.8500)  Acc@5: 81.2500 (84.8300)
2025-08-30 20:56:53,453 -                train: [    INFO] - Train: 54 [   0/195 (  0%)]  Loss: 244.1 (244.)  Loss_cat: 1.531 (1.53)  Loss_feat: 240.2 (240.)  Loss_gt: 2.305 (2.30) LR: 5.000e-02
2025-08-30 20:58:17,296 -                train: [    INFO] - Train: 54 [ 194/195 (100%)]  Loss: 242.4 (241.)  Loss_cat: 1.471 (1.46)  Loss_feat: 238.6 (237.)  Loss_gt: 2.391 (2.31) LR: 5.000e-02
2025-08-30 20:58:17,709 -                train: [    INFO] - Test: [   0/39]  Time: 0.396 (0.396)  Loss:  1.2039 (1.2039)  Acc@1: 69.9219 (69.9219)  Acc@5: 91.4062 (91.4062)
2025-08-30 20:58:20,671 -                train: [    INFO] - Test: [  39/39]  Time: 0.022 (0.084)  Loss:  1.0516 (1.2760)  Acc@1: 75.0000 (65.8900)  Acc@5: 93.7500 (90.6400)
2025-08-30 20:58:20,828 - timm.utils.checkpoint_saver: [    INFO] - Current checkpoints:
 ('./output/train/20250830-193733-mobilenetv2_vcaV2-224/checkpoint/checkpoint-52.pth.tar', 66.5)
 ('./output/train/20250830-193733-mobilenetv2_vcaV2-224/checkpoint/checkpoint-54.pth.tar', 65.89)
 ('./output/train/20250830-193733-mobilenetv2_vcaV2-224/checkpoint/checkpoint-48.pth.tar', 65.06)
 ('./output/train/20250830-193733-mobilenetv2_vcaV2-224/checkpoint/checkpoint-45.pth.tar', 64.79)
 ('./output/train/20250830-193733-mobilenetv2_vcaV2-224/checkpoint/checkpoint-40.pth.tar', 64.49)
 ('./output/train/20250830-193733-mobilenetv2_vcaV2-224/checkpoint/checkpoint-47.pth.tar', 64.35)
 ('./output/train/20250830-193733-mobilenetv2_vcaV2-224/checkpoint/checkpoint-36.pth.tar', 63.81)
 ('./output/train/20250830-193733-mobilenetv2_vcaV2-224/checkpoint/checkpoint-26.pth.tar', 63.77)
 ('./output/train/20250830-193733-mobilenetv2_vcaV2-224/checkpoint/checkpoint-32.pth.tar', 63.68)
 ('./output/train/20250830-193733-mobilenetv2_vcaV2-224/checkpoint/checkpoint-41.pth.tar', 63.35)

2025-08-30 20:58:21,580 -                train: [    INFO] - Train: 55 [   0/195 (  0%)]  Loss: 239.0 (239.)  Loss_cat: 1.438 (1.44)  Loss_feat: 235.3 (235.)  Loss_gt: 2.280 (2.28) LR: 5.000e-02
2025-08-30 20:59:45,469 -                train: [    INFO] - Train: 55 [ 194/195 (100%)]  Loss: 237.8 (240.)  Loss_cat: 1.391 (1.45)  Loss_feat: 234.1 (236.)  Loss_gt: 2.301 (2.31) LR: 5.000e-02
2025-08-30 20:59:45,883 -                train: [    INFO] - Test: [   0/39]  Time: 0.395 (0.395)  Loss:  1.3590 (1.3590)  Acc@1: 63.6719 (63.6719)  Acc@5: 88.6719 (88.6719)
2025-08-30 20:59:48,829 -                train: [    INFO] - Test: [  39/39]  Time: 0.022 (0.084)  Loss:  1.5950 (1.4718)  Acc@1: 50.0000 (60.4300)  Acc@5: 81.2500 (87.7100)
2025-08-30 20:59:49,725 -                train: [    INFO] - Train: 56 [   0/195 (  0%)]  Loss: 236.4 (236.)  Loss_cat: 1.419 (1.42)  Loss_feat: 232.6 (233.)  Loss_gt: 2.339 (2.34) LR: 5.000e-02
2025-08-30 21:01:13,727 -                train: [    INFO] - Train: 56 [ 194/195 (100%)]  Loss: 241.0 (239.)  Loss_cat: 1.548 (1.46)  Loss_feat: 237.1 (235.)  Loss_gt: 2.422 (2.31) LR: 5.000e-02
2025-08-30 21:01:14,201 -                train: [    INFO] - Test: [   0/39]  Time: 0.455 (0.455)  Loss:  1.1972 (1.1972)  Acc@1: 69.5312 (69.5312)  Acc@5: 89.8438 (89.8438)
2025-08-30 21:01:17,101 -                train: [    INFO] - Test: [  39/39]  Time: 0.021 (0.084)  Loss:  1.5191 (1.3448)  Acc@1: 75.0000 (63.4000)  Acc@5: 81.2500 (90.1800)
2025-08-30 21:01:17,254 - timm.utils.checkpoint_saver: [    INFO] - Current checkpoints:
 ('./output/train/20250830-193733-mobilenetv2_vcaV2-224/checkpoint/checkpoint-52.pth.tar', 66.5)
 ('./output/train/20250830-193733-mobilenetv2_vcaV2-224/checkpoint/checkpoint-54.pth.tar', 65.89)
 ('./output/train/20250830-193733-mobilenetv2_vcaV2-224/checkpoint/checkpoint-48.pth.tar', 65.06)
 ('./output/train/20250830-193733-mobilenetv2_vcaV2-224/checkpoint/checkpoint-45.pth.tar', 64.79)
 ('./output/train/20250830-193733-mobilenetv2_vcaV2-224/checkpoint/checkpoint-40.pth.tar', 64.49)
 ('./output/train/20250830-193733-mobilenetv2_vcaV2-224/checkpoint/checkpoint-47.pth.tar', 64.35)
 ('./output/train/20250830-193733-mobilenetv2_vcaV2-224/checkpoint/checkpoint-36.pth.tar', 63.81)
 ('./output/train/20250830-193733-mobilenetv2_vcaV2-224/checkpoint/checkpoint-26.pth.tar', 63.77)
 ('./output/train/20250830-193733-mobilenetv2_vcaV2-224/checkpoint/checkpoint-32.pth.tar', 63.68)
 ('./output/train/20250830-193733-mobilenetv2_vcaV2-224/checkpoint/checkpoint-56.pth.tar', 63.4)

2025-08-30 21:01:18,045 -                train: [    INFO] - Train: 57 [   0/195 (  0%)]  Loss: 235.2 (235.)  Loss_cat: 1.425 (1.43)  Loss_feat: 231.5 (232.)  Loss_gt: 2.265 (2.26) LR: 5.000e-02
2025-08-30 21:02:41,632 -                train: [    INFO] - Train: 57 [ 194/195 (100%)]  Loss: 234.1 (237.)  Loss_cat: 1.401 (1.46)  Loss_feat: 230.4 (234.)  Loss_gt: 2.282 (2.30) LR: 5.000e-02
2025-08-30 21:02:42,041 -                train: [    INFO] - Test: [   0/39]  Time: 0.392 (0.392)  Loss:  1.2598 (1.2598)  Acc@1: 70.3125 (70.3125)  Acc@5: 87.8906 (87.8906)
2025-08-30 21:02:44,944 -                train: [    INFO] - Test: [  39/39]  Time: 0.022 (0.082)  Loss:  1.5134 (1.5056)  Acc@1: 56.2500 (60.4100)  Acc@5: 81.2500 (86.1700)
2025-08-30 21:02:45,864 -                train: [    INFO] - Train: 58 [   0/195 (  0%)]  Loss: 235.7 (236.)  Loss_cat: 1.433 (1.43)  Loss_feat: 232.0 (232.)  Loss_gt: 2.206 (2.21) LR: 5.000e-02
2025-08-30 21:04:09,535 -                train: [    INFO] - Train: 58 [ 194/195 (100%)]  Loss: 237.2 (236.)  Loss_cat: 1.433 (1.45)  Loss_feat: 233.4 (232.)  Loss_gt: 2.320 (2.31) LR: 5.000e-02
2025-08-30 21:04:09,950 -                train: [    INFO] - Test: [   0/39]  Time: 0.396 (0.396)  Loss:  1.4633 (1.4633)  Acc@1: 63.2812 (63.2812)  Acc@5: 87.8906 (87.8906)
2025-08-30 21:04:12,849 -                train: [    INFO] - Test: [  39/39]  Time: 0.023 (0.082)  Loss:  1.4802 (1.6093)  Acc@1: 62.5000 (57.5900)  Acc@5: 75.0000 (85.5600)
2025-08-30 21:04:13,774 -                train: [    INFO] - Train: 59 [   0/195 (  0%)]  Loss: 232.4 (232.)  Loss_cat: 1.386 (1.39)  Loss_feat: 228.9 (229.)  Loss_gt: 2.165 (2.16) LR: 5.000e-02
2025-08-30 21:05:37,359 -                train: [    INFO] - Train: 59 [ 194/195 (100%)]  Loss: 235.4 (235.)  Loss_cat: 1.485 (1.46)  Loss_feat: 231.6 (231.)  Loss_gt: 2.341 (2.30) LR: 5.000e-02
2025-08-30 21:05:37,771 -                train: [    INFO] - Test: [   0/39]  Time: 0.394 (0.394)  Loss:  1.2454 (1.2454)  Acc@1: 66.0156 (66.0156)  Acc@5: 92.5781 (92.5781)
2025-08-30 21:05:40,809 -                train: [    INFO] - Test: [  39/39]  Time: 0.026 (0.086)  Loss:  1.5845 (1.4123)  Acc@1: 56.2500 (61.4500)  Acc@5: 87.5000 (88.8900)
2025-08-30 21:05:41,691 -                train: [    INFO] - Train: 60 [   0/195 (  0%)]  Loss: 232.4 (232.)  Loss_cat: 1.447 (1.45)  Loss_feat: 228.4 (228.)  Loss_gt: 2.504 (2.50) LR: 5.000e-02
2025-08-30 21:07:05,240 -                train: [    INFO] - Train: 60 [ 194/195 (100%)]  Loss: 235.5 (233.)  Loss_cat: 1.496 (1.44)  Loss_feat: 231.6 (229.)  Loss_gt: 2.391 (2.31) LR: 5.000e-02
2025-08-30 21:07:05,661 -                train: [    INFO] - Test: [   0/39]  Time: 0.404 (0.404)  Loss:  1.1784 (1.1784)  Acc@1: 70.3125 (70.3125)  Acc@5: 93.3594 (93.3594)
2025-08-30 21:07:08,913 -                train: [    INFO] - Test: [  39/39]  Time: 0.027 (0.091)  Loss:  1.4653 (1.3316)  Acc@1: 56.2500 (64.4600)  Acc@5: 81.2500 (90.1200)
2025-08-30 21:07:09,069 - timm.utils.checkpoint_saver: [    INFO] - Current checkpoints:
 ('./output/train/20250830-193733-mobilenetv2_vcaV2-224/checkpoint/checkpoint-52.pth.tar', 66.5)
 ('./output/train/20250830-193733-mobilenetv2_vcaV2-224/checkpoint/checkpoint-54.pth.tar', 65.89)
 ('./output/train/20250830-193733-mobilenetv2_vcaV2-224/checkpoint/checkpoint-48.pth.tar', 65.06)
 ('./output/train/20250830-193733-mobilenetv2_vcaV2-224/checkpoint/checkpoint-45.pth.tar', 64.79)
 ('./output/train/20250830-193733-mobilenetv2_vcaV2-224/checkpoint/checkpoint-40.pth.tar', 64.49)
 ('./output/train/20250830-193733-mobilenetv2_vcaV2-224/checkpoint/checkpoint-60.pth.tar', 64.46)
 ('./output/train/20250830-193733-mobilenetv2_vcaV2-224/checkpoint/checkpoint-47.pth.tar', 64.35)
 ('./output/train/20250830-193733-mobilenetv2_vcaV2-224/checkpoint/checkpoint-36.pth.tar', 63.81)
 ('./output/train/20250830-193733-mobilenetv2_vcaV2-224/checkpoint/checkpoint-26.pth.tar', 63.77)
 ('./output/train/20250830-193733-mobilenetv2_vcaV2-224/checkpoint/checkpoint-32.pth.tar', 63.68)

2025-08-30 21:07:09,849 -                train: [    INFO] - Train: 61 [   0/195 (  0%)]  Loss: 228.8 (229.)  Loss_cat: 1.396 (1.40)  Loss_feat: 225.2 (225.)  Loss_gt: 2.257 (2.26) LR: 5.000e-02
2025-08-30 21:08:33,387 -                train: [    INFO] - Train: 61 [ 194/195 (100%)]  Loss: 234.7 (232.)  Loss_cat: 1.490 (1.45)  Loss_feat: 230.9 (228.)  Loss_gt: 2.282 (2.30) LR: 5.000e-02
2025-08-30 21:08:33,796 -                train: [    INFO] - Test: [   0/39]  Time: 0.392 (0.392)  Loss:  1.4096 (1.4096)  Acc@1: 63.6719 (63.6719)  Acc@5: 87.8906 (87.8906)
2025-08-30 21:08:36,684 -                train: [    INFO] - Test: [  39/39]  Time: 0.022 (0.082)  Loss:  1.5218 (1.6122)  Acc@1: 62.5000 (58.0700)  Acc@5: 81.2500 (85.4100)
2025-08-30 21:08:37,550 -                train: [    INFO] - Train: 62 [   0/195 (  0%)]  Loss: 234.6 (235.)  Loss_cat: 1.490 (1.49)  Loss_feat: 230.9 (231.)  Loss_gt: 2.256 (2.26) LR: 5.000e-02
2025-08-30 21:10:01,408 -                train: [    INFO] - Train: 62 [ 194/195 (100%)]  Loss: 228.2 (231.)  Loss_cat: 1.375 (1.45)  Loss_feat: 224.6 (227.)  Loss_gt: 2.301 (2.30) LR: 5.000e-02
2025-08-30 21:10:01,820 -                train: [    INFO] - Test: [   0/39]  Time: 0.394 (0.394)  Loss:  1.2619 (1.2619)  Acc@1: 68.3594 (68.3594)  Acc@5: 91.4062 (91.4062)
2025-08-30 21:10:04,724 -                train: [    INFO] - Test: [  39/39]  Time: 0.022 (0.082)  Loss:  1.1813 (1.3759)  Acc@1: 68.7500 (62.7100)  Acc@5: 87.5000 (89.4800)
2025-08-30 21:10:05,614 -                train: [    INFO] - Train: 63 [   0/195 (  0%)]  Loss: 231.0 (231.)  Loss_cat: 1.451 (1.45)  Loss_feat: 227.2 (227.)  Loss_gt: 2.362 (2.36) LR: 5.000e-02
2025-08-30 21:11:29,476 -                train: [    INFO] - Train: 63 [ 194/195 (100%)]  Loss: 228.2 (229.)  Loss_cat: 1.384 (1.44)  Loss_feat: 224.6 (225.)  Loss_gt: 2.283 (2.30) LR: 5.000e-02
2025-08-30 21:11:29,887 -                train: [    INFO] - Test: [   0/39]  Time: 0.393 (0.393)  Loss:  1.2668 (1.2668)  Acc@1: 66.7969 (66.7969)  Acc@5: 91.4062 (91.4062)
2025-08-30 21:11:32,776 -                train: [    INFO] - Test: [  39/39]  Time: 0.021 (0.082)  Loss:  1.1149 (1.4091)  Acc@1: 75.0000 (62.1100)  Acc@5: 81.2500 (88.5000)
2025-08-30 21:11:33,692 -                train: [    INFO] - Train: 64 [   0/195 (  0%)]  Loss: 225.5 (225.)  Loss_cat: 1.396 (1.40)  Loss_feat: 221.8 (222.)  Loss_gt: 2.301 (2.30) LR: 5.000e-02
2025-08-30 21:12:57,615 -                train: [    INFO] - Train: 64 [ 194/195 (100%)]  Loss: 224.7 (228.)  Loss_cat: 1.414 (1.44)  Loss_feat: 221.0 (224.)  Loss_gt: 2.291 (2.30) LR: 5.000e-02
2025-08-30 21:12:58,064 -                train: [    INFO] - Test: [   0/39]  Time: 0.429 (0.429)  Loss:  1.2194 (1.2194)  Acc@1: 67.1875 (67.1875)  Acc@5: 91.7969 (91.7969)
2025-08-30 21:13:01,017 -                train: [    INFO] - Test: [  39/39]  Time: 0.023 (0.085)  Loss:  1.1600 (1.3358)  Acc@1: 68.7500 (64.0700)  Acc@5: 87.5000 (89.8400)
2025-08-30 21:13:01,157 - timm.utils.checkpoint_saver: [    INFO] - Current checkpoints:
 ('./output/train/20250830-193733-mobilenetv2_vcaV2-224/checkpoint/checkpoint-52.pth.tar', 66.5)
 ('./output/train/20250830-193733-mobilenetv2_vcaV2-224/checkpoint/checkpoint-54.pth.tar', 65.89)
 ('./output/train/20250830-193733-mobilenetv2_vcaV2-224/checkpoint/checkpoint-48.pth.tar', 65.06)
 ('./output/train/20250830-193733-mobilenetv2_vcaV2-224/checkpoint/checkpoint-45.pth.tar', 64.79)
 ('./output/train/20250830-193733-mobilenetv2_vcaV2-224/checkpoint/checkpoint-40.pth.tar', 64.49)
 ('./output/train/20250830-193733-mobilenetv2_vcaV2-224/checkpoint/checkpoint-60.pth.tar', 64.46)
 ('./output/train/20250830-193733-mobilenetv2_vcaV2-224/checkpoint/checkpoint-47.pth.tar', 64.35)
 ('./output/train/20250830-193733-mobilenetv2_vcaV2-224/checkpoint/checkpoint-64.pth.tar', 64.07)
 ('./output/train/20250830-193733-mobilenetv2_vcaV2-224/checkpoint/checkpoint-36.pth.tar', 63.81)
 ('./output/train/20250830-193733-mobilenetv2_vcaV2-224/checkpoint/checkpoint-26.pth.tar', 63.77)

2025-08-30 21:13:01,940 -                train: [    INFO] - Train: 65 [   0/195 (  0%)]  Loss: 225.7 (226.)  Loss_cat: 1.419 (1.42)  Loss_feat: 222.1 (222.)  Loss_gt: 2.174 (2.17) LR: 5.000e-02
2025-08-30 21:14:25,684 -                train: [    INFO] - Train: 65 [ 194/195 (100%)]  Loss: 227.4 (227.)  Loss_cat: 1.464 (1.45)  Loss_feat: 223.6 (223.)  Loss_gt: 2.396 (2.30) LR: 5.000e-02
2025-08-30 21:14:26,093 -                train: [    INFO] - Test: [   0/39]  Time: 0.390 (0.390)  Loss:  1.2154 (1.2154)  Acc@1: 66.7969 (66.7969)  Acc@5: 90.6250 (90.6250)
2025-08-30 21:14:28,968 -                train: [    INFO] - Test: [  39/39]  Time: 0.022 (0.082)  Loss:  1.0720 (1.3788)  Acc@1: 75.0000 (63.1900)  Acc@5: 93.7500 (90.0600)
2025-08-30 21:14:29,884 -                train: [    INFO] - Train: 66 [   0/195 (  0%)]  Loss: 225.7 (226.)  Loss_cat: 1.467 (1.47)  Loss_feat: 221.9 (222.)  Loss_gt: 2.312 (2.31) LR: 5.000e-02
2025-08-30 21:15:53,767 -                train: [    INFO] - Train: 66 [ 194/195 (100%)]  Loss: 227.3 (225.)  Loss_cat: 1.505 (1.44)  Loss_feat: 223.4 (222.)  Loss_gt: 2.430 (2.29) LR: 5.000e-02
2025-08-30 21:15:54,180 -                train: [    INFO] - Test: [   0/39]  Time: 0.392 (0.392)  Loss:  1.5820 (1.5820)  Acc@1: 61.7188 (61.7188)  Acc@5: 84.3750 (84.3750)
2025-08-30 21:15:57,093 -                train: [    INFO] - Test: [  39/39]  Time: 0.022 (0.083)  Loss:  2.0299 (1.8231)  Acc@1: 50.0000 (53.0900)  Acc@5: 81.2500 (82.1800)
2025-08-30 21:15:57,998 -                train: [    INFO] - Train: 67 [   0/195 (  0%)]  Loss: 225.0 (225.)  Loss_cat: 1.435 (1.44)  Loss_feat: 221.4 (221.)  Loss_gt: 2.206 (2.21) LR: 5.000e-02
2025-08-30 21:17:22,149 -                train: [    INFO] - Train: 67 [ 194/195 (100%)]  Loss: 225.3 (224.)  Loss_cat: 1.466 (1.44)  Loss_feat: 221.5 (220.)  Loss_gt: 2.353 (2.29) LR: 5.000e-02
2025-08-30 21:17:22,562 -                train: [    INFO] - Test: [   0/39]  Time: 0.393 (0.393)  Loss:  1.2789 (1.2789)  Acc@1: 64.8438 (64.8438)  Acc@5: 91.0156 (91.0156)
2025-08-30 21:17:25,646 -                train: [    INFO] - Test: [  39/39]  Time: 0.027 (0.087)  Loss:  1.0854 (1.3422)  Acc@1: 75.0000 (63.5900)  Acc@5: 93.7500 (90.3400)
2025-08-30 21:17:26,534 -                train: [    INFO] - Train: 68 [   0/195 (  0%)]  Loss: 222.7 (223.)  Loss_cat: 1.452 (1.45)  Loss_feat: 218.9 (219.)  Loss_gt: 2.314 (2.31) LR: 5.000e-02
2025-08-30 21:18:50,481 -                train: [    INFO] - Train: 68 [ 194/195 (100%)]  Loss: 217.9 (223.)  Loss_cat: 1.342 (1.45)  Loss_feat: 214.3 (219.)  Loss_gt: 2.194 (2.29) LR: 5.000e-02
2025-08-30 21:18:50,897 -                train: [    INFO] - Test: [   0/39]  Time: 0.394 (0.394)  Loss:  1.2060 (1.2060)  Acc@1: 67.9688 (67.9688)  Acc@5: 91.7969 (91.7969)
2025-08-30 21:18:53,791 -                train: [    INFO] - Test: [  39/39]  Time: 0.022 (0.082)  Loss:  1.2098 (1.3367)  Acc@1: 75.0000 (63.7800)  Acc@5: 81.2500 (90.2700)
2025-08-30 21:18:53,979 - timm.utils.checkpoint_saver: [    INFO] - Current checkpoints:
 ('./output/train/20250830-193733-mobilenetv2_vcaV2-224/checkpoint/checkpoint-52.pth.tar', 66.5)
 ('./output/train/20250830-193733-mobilenetv2_vcaV2-224/checkpoint/checkpoint-54.pth.tar', 65.89)
 ('./output/train/20250830-193733-mobilenetv2_vcaV2-224/checkpoint/checkpoint-48.pth.tar', 65.06)
 ('./output/train/20250830-193733-mobilenetv2_vcaV2-224/checkpoint/checkpoint-45.pth.tar', 64.79)
 ('./output/train/20250830-193733-mobilenetv2_vcaV2-224/checkpoint/checkpoint-40.pth.tar', 64.49)
 ('./output/train/20250830-193733-mobilenetv2_vcaV2-224/checkpoint/checkpoint-60.pth.tar', 64.46)
 ('./output/train/20250830-193733-mobilenetv2_vcaV2-224/checkpoint/checkpoint-47.pth.tar', 64.35)
 ('./output/train/20250830-193733-mobilenetv2_vcaV2-224/checkpoint/checkpoint-64.pth.tar', 64.07)
 ('./output/train/20250830-193733-mobilenetv2_vcaV2-224/checkpoint/checkpoint-36.pth.tar', 63.81)
 ('./output/train/20250830-193733-mobilenetv2_vcaV2-224/checkpoint/checkpoint-68.pth.tar', 63.78)

2025-08-30 21:18:54,731 -                train: [    INFO] - Train: 69 [   0/195 (  0%)]  Loss: 221.5 (222.)  Loss_cat: 1.428 (1.43)  Loss_feat: 218.0 (218.)  Loss_gt: 2.083 (2.08) LR: 5.000e-02
2025-08-30 21:20:18,765 -                train: [    INFO] - Train: 69 [ 194/195 (100%)]  Loss: 217.3 (222.)  Loss_cat: 1.365 (1.45)  Loss_feat: 213.7 (218.)  Loss_gt: 2.246 (2.30) LR: 5.000e-02
2025-08-30 21:20:19,197 -                train: [    INFO] - Test: [   0/39]  Time: 0.414 (0.414)  Loss:  1.2791 (1.2791)  Acc@1: 67.1875 (67.1875)  Acc@5: 90.6250 (90.6250)
2025-08-30 21:20:22,099 -                train: [    INFO] - Test: [  39/39]  Time: 0.022 (0.083)  Loss:  1.3729 (1.4031)  Acc@1: 68.7500 (62.3400)  Acc@5: 75.0000 (89.0700)
2025-08-30 21:20:23,002 -                train: [    INFO] - Train: 70 [   0/195 (  0%)]  Loss: 221.5 (222.)  Loss_cat: 1.494 (1.49)  Loss_feat: 217.6 (218.)  Loss_gt: 2.398 (2.40) LR: 5.000e-02
2025-08-30 21:21:47,158 -                train: [    INFO] - Train: 70 [ 194/195 (100%)]  Loss: 219.8 (220.)  Loss_cat: 1.416 (1.44)  Loss_feat: 216.2 (216.)  Loss_gt: 2.175 (2.29) LR: 5.000e-02
2025-08-30 21:21:47,572 -                train: [    INFO] - Test: [   0/39]  Time: 0.391 (0.391)  Loss:  1.4559 (1.4559)  Acc@1: 60.5469 (60.5469)  Acc@5: 87.5000 (87.5000)
2025-08-30 21:21:50,478 -                train: [    INFO] - Test: [  39/39]  Time: 0.021 (0.082)  Loss:  1.7103 (1.6027)  Acc@1: 62.5000 (57.3900)  Acc@5: 81.2500 (86.1300)
2025-08-30 21:21:51,480 -                train: [    INFO] - Train: 71 [   0/195 (  0%)]  Loss: 218.5 (218.)  Loss_cat: 1.411 (1.41)  Loss_feat: 214.8 (215.)  Loss_gt: 2.256 (2.26) LR: 5.000e-02
2025-08-30 21:23:15,370 -                train: [    INFO] - Train: 71 [ 194/195 (100%)]  Loss: 218.5 (218.)  Loss_cat: 1.458 (1.43)  Loss_feat: 214.8 (215.)  Loss_gt: 2.302 (2.28) LR: 5.000e-02
2025-08-30 21:23:15,793 -                train: [    INFO] - Test: [   0/39]  Time: 0.404 (0.404)  Loss:  1.3460 (1.3460)  Acc@1: 63.2812 (63.2812)  Acc@5: 89.8438 (89.8438)
2025-08-30 21:23:18,836 -                train: [    INFO] - Test: [  39/39]  Time: 0.029 (0.086)  Loss:  1.7659 (1.5003)  Acc@1: 50.0000 (60.2300)  Acc@5: 75.0000 (86.3400)
2025-08-30 21:23:19,749 -                train: [    INFO] - Train: 72 [   0/195 (  0%)]  Loss: 216.4 (216.)  Loss_cat: 1.419 (1.42)  Loss_feat: 212.8 (213.)  Loss_gt: 2.178 (2.18) LR: 5.000e-02
2025-08-30 21:24:43,503 -                train: [    INFO] - Train: 72 [ 194/195 (100%)]  Loss: 216.2 (217.)  Loss_cat: 1.395 (1.43)  Loss_feat: 212.4 (213.)  Loss_gt: 2.337 (2.29) LR: 5.000e-02
2025-08-30 21:24:43,925 -                train: [    INFO] - Test: [   0/39]  Time: 0.405 (0.405)  Loss:  1.2152 (1.2152)  Acc@1: 67.9688 (67.9688)  Acc@5: 89.8438 (89.8438)
2025-08-30 21:24:46,949 -                train: [    INFO] - Test: [  39/39]  Time: 0.026 (0.086)  Loss:  1.2137 (1.2908)  Acc@1: 62.5000 (63.9600)  Acc@5: 93.7500 (90.5900)
2025-08-30 21:24:47,098 - timm.utils.checkpoint_saver: [    INFO] - Current checkpoints:
 ('./output/train/20250830-193733-mobilenetv2_vcaV2-224/checkpoint/checkpoint-52.pth.tar', 66.5)
 ('./output/train/20250830-193733-mobilenetv2_vcaV2-224/checkpoint/checkpoint-54.pth.tar', 65.89)
 ('./output/train/20250830-193733-mobilenetv2_vcaV2-224/checkpoint/checkpoint-48.pth.tar', 65.06)
 ('./output/train/20250830-193733-mobilenetv2_vcaV2-224/checkpoint/checkpoint-45.pth.tar', 64.79)
 ('./output/train/20250830-193733-mobilenetv2_vcaV2-224/checkpoint/checkpoint-40.pth.tar', 64.49)
 ('./output/train/20250830-193733-mobilenetv2_vcaV2-224/checkpoint/checkpoint-60.pth.tar', 64.46)
 ('./output/train/20250830-193733-mobilenetv2_vcaV2-224/checkpoint/checkpoint-47.pth.tar', 64.35)
 ('./output/train/20250830-193733-mobilenetv2_vcaV2-224/checkpoint/checkpoint-64.pth.tar', 64.07)
 ('./output/train/20250830-193733-mobilenetv2_vcaV2-224/checkpoint/checkpoint-72.pth.tar', 63.96)
 ('./output/train/20250830-193733-mobilenetv2_vcaV2-224/checkpoint/checkpoint-36.pth.tar', 63.81)

2025-08-30 21:24:47,878 -                train: [    INFO] - Train: 73 [   0/195 (  0%)]  Loss: 214.9 (215.)  Loss_cat: 1.405 (1.41)  Loss_feat: 211.2 (211.)  Loss_gt: 2.326 (2.33) LR: 5.000e-02
2025-08-30 21:26:12,257 -                train: [    INFO] - Train: 73 [ 194/195 (100%)]  Loss: 214.7 (215.)  Loss_cat: 1.386 (1.43)  Loss_feat: 211.2 (212.)  Loss_gt: 2.183 (2.29) LR: 5.000e-02
2025-08-30 21:26:12,668 -                train: [    INFO] - Test: [   0/39]  Time: 0.392 (0.392)  Loss:  1.2775 (1.2775)  Acc@1: 65.2344 (65.2344)  Acc@5: 91.7969 (91.7969)
2025-08-30 21:26:15,656 -                train: [    INFO] - Test: [  39/39]  Time: 0.023 (0.084)  Loss:  1.0622 (1.3396)  Acc@1: 81.2500 (64.2100)  Acc@5: 87.5000 (89.9900)
2025-08-30 21:26:15,846 - timm.utils.checkpoint_saver: [    INFO] - Current checkpoints:
 ('./output/train/20250830-193733-mobilenetv2_vcaV2-224/checkpoint/checkpoint-52.pth.tar', 66.5)
 ('./output/train/20250830-193733-mobilenetv2_vcaV2-224/checkpoint/checkpoint-54.pth.tar', 65.89)
 ('./output/train/20250830-193733-mobilenetv2_vcaV2-224/checkpoint/checkpoint-48.pth.tar', 65.06)
 ('./output/train/20250830-193733-mobilenetv2_vcaV2-224/checkpoint/checkpoint-45.pth.tar', 64.79)
 ('./output/train/20250830-193733-mobilenetv2_vcaV2-224/checkpoint/checkpoint-40.pth.tar', 64.49)
 ('./output/train/20250830-193733-mobilenetv2_vcaV2-224/checkpoint/checkpoint-60.pth.tar', 64.46)
 ('./output/train/20250830-193733-mobilenetv2_vcaV2-224/checkpoint/checkpoint-47.pth.tar', 64.35)
 ('./output/train/20250830-193733-mobilenetv2_vcaV2-224/checkpoint/checkpoint-73.pth.tar', 64.21)
 ('./output/train/20250830-193733-mobilenetv2_vcaV2-224/checkpoint/checkpoint-64.pth.tar', 64.07)
 ('./output/train/20250830-193733-mobilenetv2_vcaV2-224/checkpoint/checkpoint-72.pth.tar', 63.96)

2025-08-30 21:26:16,589 -                train: [    INFO] - Train: 74 [   0/195 (  0%)]  Loss: 213.0 (213.)  Loss_cat: 1.395 (1.39)  Loss_feat: 209.4 (209.)  Loss_gt: 2.202 (2.20) LR: 5.000e-02
2025-08-30 21:27:40,854 -                train: [    INFO] - Train: 74 [ 194/195 (100%)]  Loss: 212.9 (214.)  Loss_cat: 1.420 (1.43)  Loss_feat: 209.2 (210.)  Loss_gt: 2.288 (2.28) LR: 5.000e-02
2025-08-30 21:27:41,269 -                train: [    INFO] - Test: [   0/39]  Time: 0.397 (0.397)  Loss:  1.2826 (1.2826)  Acc@1: 66.7969 (66.7969)  Acc@5: 88.6719 (88.6719)
2025-08-30 21:27:44,186 -                train: [    INFO] - Test: [  39/39]  Time: 0.022 (0.083)  Loss:  1.1163 (1.4032)  Acc@1: 81.2500 (62.9000)  Acc@5: 87.5000 (88.4900)
2025-08-30 21:27:45,092 -                train: [    INFO] - Train: 75 [   0/195 (  0%)]  Loss: 211.7 (212.)  Loss_cat: 1.403 (1.40)  Loss_feat: 208.0 (208.)  Loss_gt: 2.220 (2.22) LR: 5.000e-02
2025-08-30 21:29:09,274 -                train: [    INFO] - Train: 75 [ 194/195 (100%)]  Loss: 212.5 (212.)  Loss_cat: 1.369 (1.43)  Loss_feat: 208.9 (209.)  Loss_gt: 2.233 (2.29) LR: 5.000e-02
2025-08-30 21:29:09,715 -                train: [    INFO] - Test: [   0/39]  Time: 0.419 (0.419)  Loss:  1.1290 (1.1290)  Acc@1: 69.5312 (69.5312)  Acc@5: 91.7969 (91.7969)
2025-08-30 21:29:12,732 -                train: [    INFO] - Test: [  39/39]  Time: 0.021 (0.086)  Loss:  1.0813 (1.1828)  Acc@1: 81.2500 (67.9700)  Acc@5: 87.5000 (92.0500)
2025-08-30 21:29:12,933 - timm.utils.checkpoint_saver: [    INFO] - Current checkpoints:
 ('./output/train/20250830-193733-mobilenetv2_vcaV2-224/checkpoint/checkpoint-75.pth.tar', 67.97)
 ('./output/train/20250830-193733-mobilenetv2_vcaV2-224/checkpoint/checkpoint-52.pth.tar', 66.5)
 ('./output/train/20250830-193733-mobilenetv2_vcaV2-224/checkpoint/checkpoint-54.pth.tar', 65.89)
 ('./output/train/20250830-193733-mobilenetv2_vcaV2-224/checkpoint/checkpoint-48.pth.tar', 65.06)
 ('./output/train/20250830-193733-mobilenetv2_vcaV2-224/checkpoint/checkpoint-45.pth.tar', 64.79)
 ('./output/train/20250830-193733-mobilenetv2_vcaV2-224/checkpoint/checkpoint-40.pth.tar', 64.49)
 ('./output/train/20250830-193733-mobilenetv2_vcaV2-224/checkpoint/checkpoint-60.pth.tar', 64.46)
 ('./output/train/20250830-193733-mobilenetv2_vcaV2-224/checkpoint/checkpoint-47.pth.tar', 64.35)
 ('./output/train/20250830-193733-mobilenetv2_vcaV2-224/checkpoint/checkpoint-73.pth.tar', 64.21)
 ('./output/train/20250830-193733-mobilenetv2_vcaV2-224/checkpoint/checkpoint-64.pth.tar', 64.07)

2025-08-30 21:29:13,690 -                train: [    INFO] - Train: 76 [   0/195 (  0%)]  Loss: 210.3 (210.)  Loss_cat: 1.367 (1.37)  Loss_feat: 206.6 (207.)  Loss_gt: 2.333 (2.33) LR: 5.000e-02
2025-08-30 21:30:38,354 -                train: [    INFO] - Train: 76 [ 194/195 (100%)]  Loss: 211.0 (211.)  Loss_cat: 1.419 (1.43)  Loss_feat: 207.3 (207.)  Loss_gt: 2.227 (2.29) LR: 5.000e-02
2025-08-30 21:30:38,769 -                train: [    INFO] - Test: [   0/39]  Time: 0.392 (0.392)  Loss:  1.0984 (1.0984)  Acc@1: 69.5312 (69.5312)  Acc@5: 93.3594 (93.3594)
2025-08-30 21:30:41,690 -                train: [    INFO] - Test: [  39/39]  Time: 0.028 (0.083)  Loss:  1.1360 (1.1873)  Acc@1: 75.0000 (67.1400)  Acc@5: 81.2500 (91.8900)
2025-08-30 21:30:41,842 - timm.utils.checkpoint_saver: [    INFO] - Current checkpoints:
 ('./output/train/20250830-193733-mobilenetv2_vcaV2-224/checkpoint/checkpoint-75.pth.tar', 67.97)
 ('./output/train/20250830-193733-mobilenetv2_vcaV2-224/checkpoint/checkpoint-76.pth.tar', 67.14)
 ('./output/train/20250830-193733-mobilenetv2_vcaV2-224/checkpoint/checkpoint-52.pth.tar', 66.5)
 ('./output/train/20250830-193733-mobilenetv2_vcaV2-224/checkpoint/checkpoint-54.pth.tar', 65.89)
 ('./output/train/20250830-193733-mobilenetv2_vcaV2-224/checkpoint/checkpoint-48.pth.tar', 65.06)
 ('./output/train/20250830-193733-mobilenetv2_vcaV2-224/checkpoint/checkpoint-45.pth.tar', 64.79)
 ('./output/train/20250830-193733-mobilenetv2_vcaV2-224/checkpoint/checkpoint-40.pth.tar', 64.49)
 ('./output/train/20250830-193733-mobilenetv2_vcaV2-224/checkpoint/checkpoint-60.pth.tar', 64.46)
 ('./output/train/20250830-193733-mobilenetv2_vcaV2-224/checkpoint/checkpoint-47.pth.tar', 64.35)
 ('./output/train/20250830-193733-mobilenetv2_vcaV2-224/checkpoint/checkpoint-73.pth.tar', 64.21)

2025-08-30 21:30:42,620 -                train: [    INFO] - Train: 77 [   0/195 (  0%)]  Loss: 209.9 (210.)  Loss_cat: 1.417 (1.42)  Loss_feat: 206.1 (206.)  Loss_gt: 2.336 (2.34) LR: 5.000e-02
2025-08-30 21:32:06,862 -                train: [    INFO] - Train: 77 [ 194/195 (100%)]  Loss: 213.8 (209.)  Loss_cat: 1.496 (1.43)  Loss_feat: 210.0 (206.)  Loss_gt: 2.290 (2.28) LR: 5.000e-02
2025-08-30 21:32:07,270 -                train: [    INFO] - Test: [   0/39]  Time: 0.389 (0.389)  Loss:  1.1218 (1.1218)  Acc@1: 72.2656 (72.2656)  Acc@5: 92.5781 (92.5781)
2025-08-30 21:32:10,148 -                train: [    INFO] - Test: [  39/39]  Time: 0.022 (0.082)  Loss:  1.3083 (1.2529)  Acc@1: 62.5000 (66.3000)  Acc@5: 81.2500 (91.1300)
2025-08-30 21:32:10,321 - timm.utils.checkpoint_saver: [    INFO] - Current checkpoints:
 ('./output/train/20250830-193733-mobilenetv2_vcaV2-224/checkpoint/checkpoint-75.pth.tar', 67.97)
 ('./output/train/20250830-193733-mobilenetv2_vcaV2-224/checkpoint/checkpoint-76.pth.tar', 67.14)
 ('./output/train/20250830-193733-mobilenetv2_vcaV2-224/checkpoint/checkpoint-52.pth.tar', 66.5)
 ('./output/train/20250830-193733-mobilenetv2_vcaV2-224/checkpoint/checkpoint-77.pth.tar', 66.3)
 ('./output/train/20250830-193733-mobilenetv2_vcaV2-224/checkpoint/checkpoint-54.pth.tar', 65.89)
 ('./output/train/20250830-193733-mobilenetv2_vcaV2-224/checkpoint/checkpoint-48.pth.tar', 65.06)
 ('./output/train/20250830-193733-mobilenetv2_vcaV2-224/checkpoint/checkpoint-45.pth.tar', 64.79)
 ('./output/train/20250830-193733-mobilenetv2_vcaV2-224/checkpoint/checkpoint-40.pth.tar', 64.49)
 ('./output/train/20250830-193733-mobilenetv2_vcaV2-224/checkpoint/checkpoint-60.pth.tar', 64.46)
 ('./output/train/20250830-193733-mobilenetv2_vcaV2-224/checkpoint/checkpoint-47.pth.tar', 64.35)

2025-08-30 21:32:11,066 -                train: [    INFO] - Train: 78 [   0/195 (  0%)]  Loss: 208.6 (209.)  Loss_cat: 1.444 (1.44)  Loss_feat: 204.9 (205.)  Loss_gt: 2.194 (2.19) LR: 5.000e-02
2025-08-30 21:33:34,943 -                train: [    INFO] - Train: 78 [ 194/195 (100%)]  Loss: 210.4 (208.)  Loss_cat: 1.483 (1.43)  Loss_feat: 206.7 (204.)  Loss_gt: 2.165 (2.28) LR: 5.000e-02
2025-08-30 21:33:35,359 -                train: [    INFO] - Test: [   0/39]  Time: 0.394 (0.394)  Loss:  1.4193 (1.4193)  Acc@1: 61.7188 (61.7188)  Acc@5: 89.8438 (89.8438)
2025-08-30 21:33:38,279 -                train: [    INFO] - Test: [  39/39]  Time: 0.022 (0.083)  Loss:  1.9633 (1.7073)  Acc@1: 62.5000 (55.9300)  Acc@5: 81.2500 (83.3200)
2025-08-30 21:33:39,201 -                train: [    INFO] - Train: 79 [   0/195 (  0%)]  Loss: 206.7 (207.)  Loss_cat: 1.461 (1.46)  Loss_feat: 202.8 (203.)  Loss_gt: 2.449 (2.45) LR: 5.000e-02
2025-08-30 21:35:03,018 -                train: [    INFO] - Train: 79 [ 194/195 (100%)]  Loss: 208.5 (207.)  Loss_cat: 1.477 (1.43)  Loss_feat: 204.8 (203.)  Loss_gt: 2.254 (2.28) LR: 5.000e-02
2025-08-30 21:35:03,430 -                train: [    INFO] - Test: [   0/39]  Time: 0.394 (0.394)  Loss:  1.2710 (1.2710)  Acc@1: 68.3594 (68.3594)  Acc@5: 90.2344 (90.2344)
2025-08-30 21:35:06,312 -                train: [    INFO] - Test: [  39/39]  Time: 0.022 (0.082)  Loss:  1.4019 (1.4115)  Acc@1: 68.7500 (62.3700)  Acc@5: 81.2500 (89.1400)
2025-08-30 21:35:07,233 -                train: [    INFO] - Train: 80 [   0/195 (  0%)]  Loss: 208.2 (208.)  Loss_cat: 1.518 (1.52)  Loss_feat: 204.3 (204.)  Loss_gt: 2.313 (2.31) LR: 5.000e-02
2025-08-30 21:36:31,200 -                train: [    INFO] - Train: 80 [ 194/195 (100%)]  Loss: 205.8 (205.)  Loss_cat: 1.440 (1.43)  Loss_feat: 202.2 (201.)  Loss_gt: 2.232 (2.30) LR: 5.000e-02
2025-08-30 21:36:31,614 -                train: [    INFO] - Test: [   0/39]  Time: 0.395 (0.395)  Loss:  1.1625 (1.1625)  Acc@1: 69.5312 (69.5312)  Acc@5: 92.5781 (92.5781)
2025-08-30 21:36:34,574 -                train: [    INFO] - Test: [  39/39]  Time: 0.021 (0.084)  Loss:  1.2501 (1.2828)  Acc@1: 68.7500 (64.9000)  Acc@5: 81.2500 (90.7900)
2025-08-30 21:36:35,010 - timm.utils.checkpoint_saver: [    INFO] - Current checkpoints:
 ('./output/train/20250830-193733-mobilenetv2_vcaV2-224/checkpoint/checkpoint-75.pth.tar', 67.97)
 ('./output/train/20250830-193733-mobilenetv2_vcaV2-224/checkpoint/checkpoint-76.pth.tar', 67.14)
 ('./output/train/20250830-193733-mobilenetv2_vcaV2-224/checkpoint/checkpoint-52.pth.tar', 66.5)
 ('./output/train/20250830-193733-mobilenetv2_vcaV2-224/checkpoint/checkpoint-77.pth.tar', 66.3)
 ('./output/train/20250830-193733-mobilenetv2_vcaV2-224/checkpoint/checkpoint-54.pth.tar', 65.89)
 ('./output/train/20250830-193733-mobilenetv2_vcaV2-224/checkpoint/checkpoint-48.pth.tar', 65.06)
 ('./output/train/20250830-193733-mobilenetv2_vcaV2-224/checkpoint/checkpoint-80.pth.tar', 64.9)
 ('./output/train/20250830-193733-mobilenetv2_vcaV2-224/checkpoint/checkpoint-45.pth.tar', 64.79)
 ('./output/train/20250830-193733-mobilenetv2_vcaV2-224/checkpoint/checkpoint-40.pth.tar', 64.49)
 ('./output/train/20250830-193733-mobilenetv2_vcaV2-224/checkpoint/checkpoint-60.pth.tar', 64.46)

2025-08-30 21:36:35,765 -                train: [    INFO] - Train: 81 [   0/195 (  0%)]  Loss: 203.1 (203.)  Loss_cat: 1.428 (1.43)  Loss_feat: 199.4 (199.)  Loss_gt: 2.332 (2.33) LR: 5.000e-02
2025-08-30 21:37:59,708 -                train: [    INFO] - Train: 81 [ 194/195 (100%)]  Loss: 205.4 (203.)  Loss_cat: 1.439 (1.43)  Loss_feat: 201.7 (200.)  Loss_gt: 2.325 (2.28) LR: 5.000e-02
2025-08-30 21:38:00,120 -                train: [    INFO] - Test: [   0/39]  Time: 0.393 (0.393)  Loss:  1.1254 (1.1254)  Acc@1: 71.8750 (71.8750)  Acc@5: 92.9688 (92.9688)
2025-08-30 21:38:03,015 -                train: [    INFO] - Test: [  39/39]  Time: 0.023 (0.082)  Loss:  1.1986 (1.2983)  Acc@1: 62.5000 (64.5300)  Acc@5: 93.7500 (90.4200)
2025-08-30 21:38:03,171 - timm.utils.checkpoint_saver: [    INFO] - Current checkpoints:
 ('./output/train/20250830-193733-mobilenetv2_vcaV2-224/checkpoint/checkpoint-75.pth.tar', 67.97)
 ('./output/train/20250830-193733-mobilenetv2_vcaV2-224/checkpoint/checkpoint-76.pth.tar', 67.14)
 ('./output/train/20250830-193733-mobilenetv2_vcaV2-224/checkpoint/checkpoint-52.pth.tar', 66.5)
 ('./output/train/20250830-193733-mobilenetv2_vcaV2-224/checkpoint/checkpoint-77.pth.tar', 66.3)
 ('./output/train/20250830-193733-mobilenetv2_vcaV2-224/checkpoint/checkpoint-54.pth.tar', 65.89)
 ('./output/train/20250830-193733-mobilenetv2_vcaV2-224/checkpoint/checkpoint-48.pth.tar', 65.06)
 ('./output/train/20250830-193733-mobilenetv2_vcaV2-224/checkpoint/checkpoint-80.pth.tar', 64.9)
 ('./output/train/20250830-193733-mobilenetv2_vcaV2-224/checkpoint/checkpoint-45.pth.tar', 64.79)
 ('./output/train/20250830-193733-mobilenetv2_vcaV2-224/checkpoint/checkpoint-81.pth.tar', 64.53)
 ('./output/train/20250830-193733-mobilenetv2_vcaV2-224/checkpoint/checkpoint-40.pth.tar', 64.49)

2025-08-30 21:38:03,919 -                train: [    INFO] - Train: 82 [   0/195 (  0%)]  Loss: 198.6 (199.)  Loss_cat: 1.372 (1.37)  Loss_feat: 195.2 (195.)  Loss_gt: 2.057 (2.06) LR: 5.000e-02
2025-08-30 21:39:27,859 -                train: [    INFO] - Train: 82 [ 194/195 (100%)]  Loss: 201.4 (202.)  Loss_cat: 1.392 (1.43)  Loss_feat: 197.6 (198.)  Loss_gt: 2.346 (2.28) LR: 5.000e-02
2025-08-30 21:39:28,291 -                train: [    INFO] - Test: [   0/39]  Time: 0.414 (0.414)  Loss:  1.3441 (1.3441)  Acc@1: 60.5469 (60.5469)  Acc@5: 90.2344 (90.2344)
2025-08-30 21:39:31,204 -                train: [    INFO] - Test: [  39/39]  Time: 0.022 (0.083)  Loss:  1.3219 (1.5024)  Acc@1: 68.7500 (59.4400)  Acc@5: 87.5000 (88.0300)
2025-08-30 21:39:32,098 -                train: [    INFO] - Train: 83 [   0/195 (  0%)]  Loss: 199.6 (200.)  Loss_cat: 1.441 (1.44)  Loss_feat: 195.9 (196.)  Loss_gt: 2.187 (2.19) LR: 5.000e-02
2025-08-30 21:40:55,913 -                train: [    INFO] - Train: 83 [ 194/195 (100%)]  Loss: 205.2 (200.)  Loss_cat: 1.526 (1.42)  Loss_feat: 201.3 (197.)  Loss_gt: 2.368 (2.27) LR: 5.000e-02
2025-08-30 21:40:56,329 -                train: [    INFO] - Test: [   0/39]  Time: 0.397 (0.397)  Loss:  1.1678 (1.1678)  Acc@1: 70.3125 (70.3125)  Acc@5: 90.2344 (90.2344)
2025-08-30 21:40:59,201 -                train: [    INFO] - Test: [  39/39]  Time: 0.021 (0.082)  Loss:  0.9736 (1.3335)  Acc@1: 81.2500 (63.8100)  Acc@5: 87.5000 (89.9900)
2025-08-30 21:41:00,114 -                train: [    INFO] - Train: 84 [   0/195 (  0%)]  Loss: 198.5 (198.)  Loss_cat: 1.450 (1.45)  Loss_feat: 194.6 (195.)  Loss_gt: 2.372 (2.37) LR: 5.000e-02
2025-08-30 21:42:23,967 -                train: [    INFO] - Train: 84 [ 194/195 (100%)]  Loss: 198.0 (199.)  Loss_cat: 1.434 (1.42)  Loss_feat: 194.3 (195.)  Loss_gt: 2.239 (2.28) LR: 5.000e-02
2025-08-30 21:42:24,377 -                train: [    INFO] - Test: [   0/39]  Time: 0.392 (0.392)  Loss:  1.2038 (1.2038)  Acc@1: 68.7500 (68.7500)  Acc@5: 90.6250 (90.6250)
2025-08-30 21:42:27,294 -                train: [    INFO] - Test: [  39/39]  Time: 0.021 (0.083)  Loss:  1.0790 (1.3323)  Acc@1: 75.0000 (63.5400)  Acc@5: 87.5000 (90.5000)
2025-08-30 21:42:28,192 -                train: [    INFO] - Train: 85 [   0/195 (  0%)]  Loss: 195.7 (196.)  Loss_cat: 1.419 (1.42)  Loss_feat: 192.1 (192.)  Loss_gt: 2.170 (2.17) LR: 5.000e-02
2025-08-30 21:43:51,646 -                train: [    INFO] - Train: 85 [ 194/195 (100%)]  Loss: 198.7 (197.)  Loss_cat: 1.448 (1.43)  Loss_feat: 195.0 (194.)  Loss_gt: 2.273 (2.27) LR: 5.000e-02
2025-08-30 21:43:52,055 -                train: [    INFO] - Test: [   0/39]  Time: 0.389 (0.389)  Loss:  1.3646 (1.3646)  Acc@1: 64.4531 (64.4531)  Acc@5: 89.0625 (89.0625)
2025-08-30 21:43:54,926 -                train: [    INFO] - Test: [  39/39]  Time: 0.021 (0.082)  Loss:  1.6148 (1.5371)  Acc@1: 56.2500 (59.6500)  Acc@5: 87.5000 (86.1800)
2025-08-30 21:43:55,803 -                train: [    INFO] - Train: 86 [   0/195 (  0%)]  Loss: 194.3 (194.)  Loss_cat: 1.391 (1.39)  Loss_feat: 190.5 (191.)  Loss_gt: 2.351 (2.35) LR: 5.000e-02
2025-08-30 21:45:19,325 -                train: [    INFO] - Train: 86 [ 194/195 (100%)]  Loss: 194.8 (196.)  Loss_cat: 1.387 (1.43)  Loss_feat: 191.2 (192.)  Loss_gt: 2.266 (2.28) LR: 5.000e-02
2025-08-30 21:45:19,760 -                train: [    INFO] - Test: [   0/39]  Time: 0.416 (0.416)  Loss:  1.0439 (1.0439)  Acc@1: 73.8281 (73.8281)  Acc@5: 93.3594 (93.3594)
2025-08-30 21:45:22,635 -                train: [    INFO] - Test: [  39/39]  Time: 0.021 (0.082)  Loss:  1.5166 (1.2207)  Acc@1: 68.7500 (66.7700)  Acc@5: 87.5000 (91.7900)
2025-08-30 21:45:22,802 - timm.utils.checkpoint_saver: [    INFO] - Current checkpoints:
 ('./output/train/20250830-193733-mobilenetv2_vcaV2-224/checkpoint/checkpoint-75.pth.tar', 67.97)
 ('./output/train/20250830-193733-mobilenetv2_vcaV2-224/checkpoint/checkpoint-76.pth.tar', 67.14)
 ('./output/train/20250830-193733-mobilenetv2_vcaV2-224/checkpoint/checkpoint-86.pth.tar', 66.77)
 ('./output/train/20250830-193733-mobilenetv2_vcaV2-224/checkpoint/checkpoint-52.pth.tar', 66.5)
 ('./output/train/20250830-193733-mobilenetv2_vcaV2-224/checkpoint/checkpoint-77.pth.tar', 66.3)
 ('./output/train/20250830-193733-mobilenetv2_vcaV2-224/checkpoint/checkpoint-54.pth.tar', 65.89)
 ('./output/train/20250830-193733-mobilenetv2_vcaV2-224/checkpoint/checkpoint-48.pth.tar', 65.06)
 ('./output/train/20250830-193733-mobilenetv2_vcaV2-224/checkpoint/checkpoint-80.pth.tar', 64.9)
 ('./output/train/20250830-193733-mobilenetv2_vcaV2-224/checkpoint/checkpoint-45.pth.tar', 64.79)
 ('./output/train/20250830-193733-mobilenetv2_vcaV2-224/checkpoint/checkpoint-81.pth.tar', 64.53)

2025-08-30 21:45:23,546 -                train: [    INFO] - Train: 87 [   0/195 (  0%)]  Loss: 192.8 (193.)  Loss_cat: 1.371 (1.37)  Loss_feat: 189.3 (189.)  Loss_gt: 2.158 (2.16) LR: 5.000e-02
2025-08-30 21:46:47,384 -                train: [    INFO] - Train: 87 [ 194/195 (100%)]  Loss: 194.0 (194.)  Loss_cat: 1.466 (1.43)  Loss_feat: 190.1 (190.)  Loss_gt: 2.456 (2.28) LR: 5.000e-02
2025-08-30 21:46:47,810 -                train: [    INFO] - Test: [   0/39]  Time: 0.402 (0.402)  Loss:  1.1876 (1.1876)  Acc@1: 70.7031 (70.7031)  Acc@5: 91.7969 (91.7969)
2025-08-30 21:46:50,704 -                train: [    INFO] - Test: [  39/39]  Time: 0.021 (0.082)  Loss:  1.1743 (1.3355)  Acc@1: 75.0000 (64.2900)  Acc@5: 87.5000 (90.0700)
2025-08-30 21:46:51,599 -                train: [    INFO] - Train: 88 [   0/195 (  0%)]  Loss: 192.9 (193.)  Loss_cat: 1.458 (1.46)  Loss_feat: 189.1 (189.)  Loss_gt: 2.353 (2.35) LR: 5.000e-02
2025-08-30 21:48:15,468 -                train: [    INFO] - Train: 88 [ 194/195 (100%)]  Loss: 190.1 (192.)  Loss_cat: 1.380 (1.42)  Loss_feat: 186.5 (189.)  Loss_gt: 2.183 (2.28) LR: 5.000e-02
2025-08-30 21:48:15,880 -                train: [    INFO] - Test: [   0/39]  Time: 0.390 (0.390)  Loss:  1.1120 (1.1120)  Acc@1: 73.0469 (73.0469)  Acc@5: 91.0156 (91.0156)
2025-08-30 21:48:18,757 -                train: [    INFO] - Test: [  39/39]  Time: 0.022 (0.082)  Loss:  0.9491 (1.3556)  Acc@1: 81.2500 (64.2300)  Acc@5: 81.2500 (89.5500)
2025-08-30 21:48:19,654 -                train: [    INFO] - Train: 89 [   0/195 (  0%)]  Loss: 190.1 (190.)  Loss_cat: 1.403 (1.40)  Loss_feat: 186.4 (186.)  Loss_gt: 2.306 (2.31) LR: 5.000e-02
2025-08-30 21:49:43,657 -                train: [    INFO] - Train: 89 [ 194/195 (100%)]  Loss: 188.2 (191.)  Loss_cat: 1.385 (1.43)  Loss_feat: 184.4 (187.)  Loss_gt: 2.418 (2.27) LR: 5.000e-02
2025-08-30 21:49:44,104 -                train: [    INFO] - Test: [   0/39]  Time: 0.424 (0.424)  Loss:  1.4335 (1.4335)  Acc@1: 62.1094 (62.1094)  Acc@5: 86.7188 (86.7188)
2025-08-30 21:49:47,043 -                train: [    INFO] - Test: [  39/39]  Time: 0.022 (0.084)  Loss:  1.0517 (1.6097)  Acc@1: 62.5000 (56.9800)  Acc@5: 87.5000 (85.6400)
2025-08-30 21:49:47,943 -                train: [    INFO] - Train: 90 [   0/195 (  0%)]  Loss: 187.6 (188.)  Loss_cat: 1.395 (1.39)  Loss_feat: 184.0 (184.)  Loss_gt: 2.186 (2.19) LR: 5.000e-02
2025-08-30 21:51:11,787 -                train: [    INFO] - Train: 90 [ 194/195 (100%)]  Loss: 190.6 (189.)  Loss_cat: 1.439 (1.42)  Loss_feat: 186.9 (186.)  Loss_gt: 2.300 (2.27) LR: 5.000e-02
2025-08-30 21:51:12,228 -                train: [    INFO] - Test: [   0/39]  Time: 0.422 (0.422)  Loss:  1.2856 (1.2856)  Acc@1: 67.1875 (67.1875)  Acc@5: 89.4531 (89.4531)
2025-08-30 21:51:15,176 -                train: [    INFO] - Test: [  39/39]  Time: 0.024 (0.084)  Loss:  1.2455 (1.3459)  Acc@1: 68.7500 (63.8800)  Acc@5: 87.5000 (90.0100)
2025-08-30 21:51:16,123 -                train: [    INFO] - Train: 91 [   0/195 (  0%)]  Loss: 186.8 (187.)  Loss_cat: 1.421 (1.42)  Loss_feat: 183.1 (183.)  Loss_gt: 2.247 (2.25) LR: 5.000e-02
2025-08-30 21:52:40,034 -                train: [    INFO] - Train: 91 [ 194/195 (100%)]  Loss: 188.8 (188.)  Loss_cat: 1.482 (1.43)  Loss_feat: 185.0 (184.)  Loss_gt: 2.397 (2.28) LR: 5.000e-02
2025-08-30 21:52:40,455 -                train: [    INFO] - Test: [   0/39]  Time: 0.404 (0.404)  Loss:  1.1849 (1.1849)  Acc@1: 68.7500 (68.7500)  Acc@5: 91.7969 (91.7969)
2025-08-30 21:52:43,343 -                train: [    INFO] - Test: [  39/39]  Time: 0.022 (0.082)  Loss:  1.4166 (1.3162)  Acc@1: 68.7500 (64.0200)  Acc@5: 75.0000 (90.5000)
2025-08-30 21:52:44,207 -                train: [    INFO] - Train: 92 [   0/195 (  0%)]  Loss: 187.9 (188.)  Loss_cat: 1.443 (1.44)  Loss_feat: 184.2 (184.)  Loss_gt: 2.194 (2.19) LR: 5.000e-02
2025-08-30 21:54:08,370 -                train: [    INFO] - Train: 92 [ 194/195 (100%)]  Loss: 189.5 (186.)  Loss_cat: 1.452 (1.42)  Loss_feat: 185.6 (182.)  Loss_gt: 2.409 (2.27) LR: 5.000e-02
2025-08-30 21:54:08,789 -                train: [    INFO] - Test: [   0/39]  Time: 0.396 (0.396)  Loss:  1.1889 (1.1889)  Acc@1: 66.0156 (66.0156)  Acc@5: 90.2344 (90.2344)
2025-08-30 21:54:11,830 -                train: [    INFO] - Test: [  39/39]  Time: 0.022 (0.086)  Loss:  1.1386 (1.3185)  Acc@1: 68.7500 (64.4900)  Acc@5: 87.5000 (89.7300)
2025-08-30 21:54:12,779 -                train: [    INFO] - Train: 93 [   0/195 (  0%)]  Loss: 183.4 (183.)  Loss_cat: 1.370 (1.37)  Loss_feat: 179.9 (180.)  Loss_gt: 2.121 (2.12) LR: 5.000e-02
2025-08-30 21:55:36,552 -                train: [    INFO] - Train: 93 [ 194/195 (100%)]  Loss: 183.8 (184.)  Loss_cat: 1.440 (1.42)  Loss_feat: 180.2 (181.)  Loss_gt: 2.154 (2.27) LR: 5.000e-02
2025-08-30 21:55:36,968 -                train: [    INFO] - Test: [   0/39]  Time: 0.398 (0.398)  Loss:  1.2949 (1.2949)  Acc@1: 62.8906 (62.8906)  Acc@5: 91.0156 (91.0156)
2025-08-30 21:55:40,007 -                train: [    INFO] - Test: [  39/39]  Time: 0.024 (0.086)  Loss:  0.9172 (1.2861)  Acc@1: 68.7500 (64.5500)  Acc@5: 87.5000 (91.2000)
2025-08-30 21:55:40,142 - timm.utils.checkpoint_saver: [    INFO] - Current checkpoints:
 ('./output/train/20250830-193733-mobilenetv2_vcaV2-224/checkpoint/checkpoint-75.pth.tar', 67.97)
 ('./output/train/20250830-193733-mobilenetv2_vcaV2-224/checkpoint/checkpoint-76.pth.tar', 67.14)
 ('./output/train/20250830-193733-mobilenetv2_vcaV2-224/checkpoint/checkpoint-86.pth.tar', 66.77)
 ('./output/train/20250830-193733-mobilenetv2_vcaV2-224/checkpoint/checkpoint-52.pth.tar', 66.5)
 ('./output/train/20250830-193733-mobilenetv2_vcaV2-224/checkpoint/checkpoint-77.pth.tar', 66.3)
 ('./output/train/20250830-193733-mobilenetv2_vcaV2-224/checkpoint/checkpoint-54.pth.tar', 65.89)
 ('./output/train/20250830-193733-mobilenetv2_vcaV2-224/checkpoint/checkpoint-48.pth.tar', 65.06)
 ('./output/train/20250830-193733-mobilenetv2_vcaV2-224/checkpoint/checkpoint-80.pth.tar', 64.9)
 ('./output/train/20250830-193733-mobilenetv2_vcaV2-224/checkpoint/checkpoint-45.pth.tar', 64.79)
 ('./output/train/20250830-193733-mobilenetv2_vcaV2-224/checkpoint/checkpoint-93.pth.tar', 64.55)

2025-08-30 21:55:40,923 -                train: [    INFO] - Train: 94 [   0/195 (  0%)]  Loss: 183.0 (183.)  Loss_cat: 1.441 (1.44)  Loss_feat: 179.4 (179.)  Loss_gt: 2.175 (2.17) LR: 5.000e-02
2025-08-30 21:57:04,797 -                train: [    INFO] - Train: 94 [ 194/195 (100%)]  Loss: 185.2 (183.)  Loss_cat: 1.513 (1.42)  Loss_feat: 181.4 (179.)  Loss_gt: 2.209 (2.27) LR: 5.000e-02
2025-08-30 21:57:05,239 -                train: [    INFO] - Test: [   0/39]  Time: 0.420 (0.420)  Loss:  1.0644 (1.0644)  Acc@1: 72.2656 (72.2656)  Acc@5: 93.3594 (93.3594)
2025-08-30 21:57:08,295 -                train: [    INFO] - Test: [  39/39]  Time: 0.023 (0.087)  Loss:  1.1527 (1.3254)  Acc@1: 75.0000 (63.9400)  Acc@5: 87.5000 (90.1000)
2025-08-30 21:57:09,217 -                train: [    INFO] - Train: 95 [   0/195 (  0%)]  Loss: 180.6 (181.)  Loss_cat: 1.380 (1.38)  Loss_feat: 176.9 (177.)  Loss_gt: 2.327 (2.33) LR: 5.000e-02
2025-08-30 21:58:33,030 -                train: [    INFO] - Train: 95 [ 194/195 (100%)]  Loss: 181.0 (181.)  Loss_cat: 1.376 (1.42)  Loss_feat: 177.4 (177.)  Loss_gt: 2.241 (2.27) LR: 5.000e-02
2025-08-30 21:58:33,478 -                train: [    INFO] - Test: [   0/39]  Time: 0.428 (0.428)  Loss:  1.2788 (1.2788)  Acc@1: 68.3594 (68.3594)  Acc@5: 85.9375 (85.9375)
2025-08-30 21:58:36,436 -                train: [    INFO] - Test: [  39/39]  Time: 0.021 (0.085)  Loss:  1.2777 (1.4194)  Acc@1: 68.7500 (61.9800)  Acc@5: 93.7500 (88.4100)
2025-08-30 21:58:37,453 -                train: [    INFO] - Train: 96 [   0/195 (  0%)]  Loss: 178.0 (178.)  Loss_cat: 1.352 (1.35)  Loss_feat: 174.4 (174.)  Loss_gt: 2.284 (2.28) LR: 5.000e-02
2025-08-30 22:00:01,358 -                train: [    INFO] - Train: 96 [ 194/195 (100%)]  Loss: 179.4 (180.)  Loss_cat: 1.434 (1.42)  Loss_feat: 175.7 (176.)  Loss_gt: 2.271 (2.28) LR: 5.000e-02
2025-08-30 22:00:01,802 -                train: [    INFO] - Test: [   0/39]  Time: 0.425 (0.425)  Loss:  1.2013 (1.2013)  Acc@1: 68.7500 (68.7500)  Acc@5: 91.4062 (91.4062)
2025-08-30 22:00:04,737 -                train: [    INFO] - Test: [  39/39]  Time: 0.022 (0.084)  Loss:  1.8413 (1.2805)  Acc@1: 62.5000 (65.3800)  Acc@5: 68.7500 (90.6400)
2025-08-30 22:00:04,899 - timm.utils.checkpoint_saver: [    INFO] - Current checkpoints:
 ('./output/train/20250830-193733-mobilenetv2_vcaV2-224/checkpoint/checkpoint-75.pth.tar', 67.97)
 ('./output/train/20250830-193733-mobilenetv2_vcaV2-224/checkpoint/checkpoint-76.pth.tar', 67.14)
 ('./output/train/20250830-193733-mobilenetv2_vcaV2-224/checkpoint/checkpoint-86.pth.tar', 66.77)
 ('./output/train/20250830-193733-mobilenetv2_vcaV2-224/checkpoint/checkpoint-52.pth.tar', 66.5)
 ('./output/train/20250830-193733-mobilenetv2_vcaV2-224/checkpoint/checkpoint-77.pth.tar', 66.3)
 ('./output/train/20250830-193733-mobilenetv2_vcaV2-224/checkpoint/checkpoint-54.pth.tar', 65.89)
 ('./output/train/20250830-193733-mobilenetv2_vcaV2-224/checkpoint/checkpoint-96.pth.tar', 65.38)
 ('./output/train/20250830-193733-mobilenetv2_vcaV2-224/checkpoint/checkpoint-48.pth.tar', 65.06)
 ('./output/train/20250830-193733-mobilenetv2_vcaV2-224/checkpoint/checkpoint-80.pth.tar', 64.9)
 ('./output/train/20250830-193733-mobilenetv2_vcaV2-224/checkpoint/checkpoint-45.pth.tar', 64.79)

2025-08-30 22:00:05,675 -                train: [    INFO] - Train: 97 [   0/195 (  0%)]  Loss: 176.6 (177.)  Loss_cat: 1.406 (1.41)  Loss_feat: 172.9 (173.)  Loss_gt: 2.312 (2.31) LR: 5.000e-02
2025-08-30 22:01:29,740 -                train: [    INFO] - Train: 97 [ 194/195 (100%)]  Loss: 178.8 (178.)  Loss_cat: 1.431 (1.42)  Loss_feat: 175.0 (174.)  Loss_gt: 2.305 (2.27) LR: 5.000e-02
2025-08-30 22:01:30,171 -                train: [    INFO] - Test: [   0/39]  Time: 0.403 (0.403)  Loss:  1.1345 (1.1345)  Acc@1: 69.9219 (69.9219)  Acc@5: 91.0156 (91.0156)
2025-08-30 22:01:33,235 -                train: [    INFO] - Test: [  39/39]  Time: 0.023 (0.087)  Loss:  0.9663 (1.2745)  Acc@1: 75.0000 (64.4000)  Acc@5: 93.7500 (90.5900)
2025-08-30 22:01:34,134 -                train: [    INFO] - Train: 98 [   0/195 (  0%)]  Loss: 174.5 (174.)  Loss_cat: 1.373 (1.37)  Loss_feat: 170.7 (171.)  Loss_gt: 2.375 (2.37) LR: 5.000e-02
2025-08-30 22:02:58,073 -                train: [    INFO] - Train: 98 [ 194/195 (100%)]  Loss: 175.8 (176.)  Loss_cat: 1.384 (1.41)  Loss_feat: 172.0 (172.)  Loss_gt: 2.359 (2.27) LR: 5.000e-02
2025-08-30 22:02:58,518 -                train: [    INFO] - Test: [   0/39]  Time: 0.427 (0.427)  Loss:  1.3839 (1.3839)  Acc@1: 67.5781 (67.5781)  Acc@5: 88.2812 (88.2812)
2025-08-30 22:03:01,713 -                train: [    INFO] - Test: [  39/39]  Time: 0.027 (0.091)  Loss:  1.4772 (1.6548)  Acc@1: 68.7500 (56.5200)  Acc@5: 75.0000 (85.2700)
2025-08-30 22:03:02,617 -                train: [    INFO] - Train: 99 [   0/195 (  0%)]  Loss: 175.7 (176.)  Loss_cat: 1.524 (1.52)  Loss_feat: 171.8 (172.)  Loss_gt: 2.406 (2.41) LR: 5.000e-02
2025-08-30 22:04:26,440 -                train: [    INFO] - Train: 99 [ 194/195 (100%)]  Loss: 174.3 (175.)  Loss_cat: 1.449 (1.42)  Loss_feat: 170.7 (171.)  Loss_gt: 2.229 (2.26) LR: 5.000e-02
2025-08-30 22:04:26,855 -                train: [    INFO] - Test: [   0/39]  Time: 0.396 (0.396)  Loss:  1.3927 (1.3927)  Acc@1: 63.2812 (63.2812)  Acc@5: 91.0156 (91.0156)
2025-08-30 22:04:29,739 -                train: [    INFO] - Test: [  39/39]  Time: 0.022 (0.082)  Loss:  1.3480 (1.5695)  Acc@1: 68.7500 (59.6600)  Acc@5: 87.5000 (85.8000)
2025-08-30 22:04:30,640 -                train: [    INFO] - Train: 100 [   0/195 (  0%)]  Loss: 173.6 (174.)  Loss_cat: 1.442 (1.44)  Loss_feat: 170.1 (170.)  Loss_gt: 2.072 (2.07) LR: 5.000e-02
2025-08-30 22:05:54,519 -                train: [    INFO] - Train: 100 [ 194/195 (100%)]  Loss: 173.5 (173.)  Loss_cat: 1.442 (1.42)  Loss_feat: 169.9 (169.)  Loss_gt: 2.132 (2.27) LR: 5.000e-02
2025-08-30 22:05:54,960 -                train: [    INFO] - Test: [   0/39]  Time: 0.421 (0.421)  Loss:  1.3322 (1.3322)  Acc@1: 64.8438 (64.8438)  Acc@5: 88.6719 (88.6719)
2025-08-30 22:05:57,858 -                train: [    INFO] - Test: [  39/39]  Time: 0.022 (0.083)  Loss:  1.1539 (1.3801)  Acc@1: 68.7500 (62.1600)  Acc@5: 81.2500 (88.9000)
2025-08-30 22:05:58,733 -                train: [    INFO] - Train: 101 [   0/195 (  0%)]  Loss: 170.9 (171.)  Loss_cat: 1.444 (1.44)  Loss_feat: 167.0 (167.)  Loss_gt: 2.412 (2.41) LR: 5.000e-02
2025-08-30 22:07:22,463 -                train: [    INFO] - Train: 101 [ 194/195 (100%)]  Loss: 170.0 (171.)  Loss_cat: 1.409 (1.42)  Loss_feat: 166.1 (167.)  Loss_gt: 2.464 (2.27) LR: 5.000e-02
2025-08-30 22:07:22,879 -                train: [    INFO] - Test: [   0/39]  Time: 0.397 (0.397)  Loss:  1.2840 (1.2840)  Acc@1: 66.0156 (66.0156)  Acc@5: 89.0625 (89.0625)
2025-08-30 22:07:25,848 -                train: [    INFO] - Test: [  39/39]  Time: 0.022 (0.084)  Loss:  1.0455 (1.3310)  Acc@1: 81.2500 (63.3900)  Acc@5: 81.2500 (90.1900)
2025-08-30 22:07:26,740 -                train: [    INFO] - Train: 102 [   0/195 (  0%)]  Loss: 166.2 (166.)  Loss_cat: 1.353 (1.35)  Loss_feat: 162.8 (163.)  Loss_gt: 2.115 (2.12) LR: 5.000e-02
2025-08-30 22:08:50,677 -                train: [    INFO] - Train: 102 [ 194/195 (100%)]  Loss: 168.6 (169.)  Loss_cat: 1.419 (1.41)  Loss_feat: 164.9 (165.)  Loss_gt: 2.254 (2.27) LR: 5.000e-02
2025-08-30 22:08:51,096 -                train: [    INFO] - Test: [   0/39]  Time: 0.396 (0.396)  Loss:  1.4464 (1.4464)  Acc@1: 64.0625 (64.0625)  Acc@5: 90.2344 (90.2344)
2025-08-30 22:08:53,973 -                train: [    INFO] - Test: [  39/39]  Time: 0.022 (0.082)  Loss:  1.1463 (1.5612)  Acc@1: 75.0000 (59.7200)  Acc@5: 87.5000 (86.8000)
2025-08-30 22:08:54,861 -                train: [    INFO] - Train: 103 [   0/195 (  0%)]  Loss: 166.1 (166.)  Loss_cat: 1.393 (1.39)  Loss_feat: 162.5 (163.)  Loss_gt: 2.138 (2.14) LR: 5.000e-02
2025-08-30 22:10:18,819 -                train: [    INFO] - Train: 103 [ 194/195 (100%)]  Loss: 169.3 (168.)  Loss_cat: 1.480 (1.42)  Loss_feat: 165.6 (164.)  Loss_gt: 2.196 (2.28) LR: 5.000e-02
2025-08-30 22:10:19,234 -                train: [    INFO] - Test: [   0/39]  Time: 0.393 (0.393)  Loss:  1.3592 (1.3592)  Acc@1: 66.4062 (66.4062)  Acc@5: 89.0625 (89.0625)
2025-08-30 22:10:22,133 -                train: [    INFO] - Test: [  39/39]  Time: 0.022 (0.082)  Loss:  1.2789 (1.4923)  Acc@1: 68.7500 (60.8900)  Acc@5: 87.5000 (87.6000)
2025-08-30 22:10:23,068 -                train: [    INFO] - Train: 104 [   0/195 (  0%)]  Loss: 166.7 (167.)  Loss_cat: 1.475 (1.48)  Loss_feat: 162.9 (163.)  Loss_gt: 2.280 (2.28) LR: 5.000e-02
2025-08-30 22:11:46,968 -                train: [    INFO] - Train: 104 [ 194/195 (100%)]  Loss: 162.7 (166.)  Loss_cat: 1.357 (1.42)  Loss_feat: 159.2 (162.)  Loss_gt: 2.195 (2.26) LR: 5.000e-02
2025-08-30 22:11:47,379 -                train: [    INFO] - Test: [   0/39]  Time: 0.394 (0.394)  Loss:  1.1336 (1.1336)  Acc@1: 69.9219 (69.9219)  Acc@5: 92.9688 (92.9688)
2025-08-30 22:11:50,356 -                train: [    INFO] - Test: [  39/39]  Time: 0.026 (0.084)  Loss:  0.9693 (1.2491)  Acc@1: 75.0000 (66.1300)  Acc@5: 87.5000 (90.9300)
2025-08-30 22:11:50,506 - timm.utils.checkpoint_saver: [    INFO] - Current checkpoints:
 ('./output/train/20250830-193733-mobilenetv2_vcaV2-224/checkpoint/checkpoint-75.pth.tar', 67.97)
 ('./output/train/20250830-193733-mobilenetv2_vcaV2-224/checkpoint/checkpoint-76.pth.tar', 67.14)
 ('./output/train/20250830-193733-mobilenetv2_vcaV2-224/checkpoint/checkpoint-86.pth.tar', 66.77)
 ('./output/train/20250830-193733-mobilenetv2_vcaV2-224/checkpoint/checkpoint-52.pth.tar', 66.5)
 ('./output/train/20250830-193733-mobilenetv2_vcaV2-224/checkpoint/checkpoint-77.pth.tar', 66.3)
 ('./output/train/20250830-193733-mobilenetv2_vcaV2-224/checkpoint/checkpoint-104.pth.tar', 66.13)
 ('./output/train/20250830-193733-mobilenetv2_vcaV2-224/checkpoint/checkpoint-54.pth.tar', 65.89)
 ('./output/train/20250830-193733-mobilenetv2_vcaV2-224/checkpoint/checkpoint-96.pth.tar', 65.38)
 ('./output/train/20250830-193733-mobilenetv2_vcaV2-224/checkpoint/checkpoint-48.pth.tar', 65.06)
 ('./output/train/20250830-193733-mobilenetv2_vcaV2-224/checkpoint/checkpoint-80.pth.tar', 64.9)

2025-08-30 22:11:51,250 -                train: [    INFO] - Train: 105 [   0/195 (  0%)]  Loss: 164.2 (164.)  Loss_cat: 1.399 (1.40)  Loss_feat: 160.6 (161.)  Loss_gt: 2.202 (2.20) LR: 5.000e-02
2025-08-30 22:13:15,494 -                train: [    INFO] - Train: 105 [ 194/195 (100%)]  Loss: 163.9 (164.)  Loss_cat: 1.375 (1.41)  Loss_feat: 160.4 (160.)  Loss_gt: 2.181 (2.27) LR: 5.000e-02
2025-08-30 22:13:15,935 -                train: [    INFO] - Test: [   0/39]  Time: 0.421 (0.421)  Loss:  1.1940 (1.1940)  Acc@1: 68.7500 (68.7500)  Acc@5: 91.4062 (91.4062)
2025-08-30 22:13:19,141 -                train: [    INFO] - Test: [  39/39]  Time: 0.023 (0.091)  Loss:  1.4430 (1.3274)  Acc@1: 56.2500 (64.0300)  Acc@5: 81.2500 (90.2500)
2025-08-30 22:13:20,044 -                train: [    INFO] - Train: 106 [   0/195 (  0%)]  Loss: 160.9 (161.)  Loss_cat: 1.379 (1.38)  Loss_feat: 157.4 (157.)  Loss_gt: 2.151 (2.15) LR: 5.000e-02
2025-08-30 22:14:43,677 -                train: [    INFO] - Train: 106 [ 194/195 (100%)]  Loss: 161.5 (162.)  Loss_cat: 1.415 (1.41)  Loss_feat: 157.8 (159.)  Loss_gt: 2.340 (2.26) LR: 5.000e-02
2025-08-30 22:14:44,084 -                train: [    INFO] - Test: [   0/39]  Time: 0.388 (0.388)  Loss:  1.2049 (1.2049)  Acc@1: 65.6250 (65.6250)  Acc@5: 89.0625 (89.0625)
2025-08-30 22:14:46,962 -                train: [    INFO] - Test: [  39/39]  Time: 0.022 (0.082)  Loss:  1.5138 (1.3324)  Acc@1: 68.7500 (63.9200)  Acc@5: 81.2500 (89.7500)
2025-08-30 22:14:47,833 -                train: [    INFO] - Train: 107 [   0/195 (  0%)]  Loss: 160.1 (160.)  Loss_cat: 1.405 (1.40)  Loss_feat: 156.4 (156.)  Loss_gt: 2.328 (2.33) LR: 5.000e-02
2025-08-30 22:16:11,537 -                train: [    INFO] - Train: 107 [ 194/195 (100%)]  Loss: 158.4 (161.)  Loss_cat: 1.355 (1.42)  Loss_feat: 154.9 (157.)  Loss_gt: 2.124 (2.27) LR: 5.000e-02
2025-08-30 22:16:11,949 -                train: [    INFO] - Test: [   0/39]  Time: 0.393 (0.393)  Loss:  1.2007 (1.2007)  Acc@1: 69.9219 (69.9219)  Acc@5: 91.4062 (91.4062)
2025-08-30 22:16:14,841 -                train: [    INFO] - Test: [  39/39]  Time: 0.022 (0.082)  Loss:  0.8428 (1.2768)  Acc@1: 81.2500 (65.6400)  Acc@5: 87.5000 (90.9200)
2025-08-30 22:16:15,014 - timm.utils.checkpoint_saver: [    INFO] - Current checkpoints:
 ('./output/train/20250830-193733-mobilenetv2_vcaV2-224/checkpoint/checkpoint-75.pth.tar', 67.97)
 ('./output/train/20250830-193733-mobilenetv2_vcaV2-224/checkpoint/checkpoint-76.pth.tar', 67.14)
 ('./output/train/20250830-193733-mobilenetv2_vcaV2-224/checkpoint/checkpoint-86.pth.tar', 66.77)
 ('./output/train/20250830-193733-mobilenetv2_vcaV2-224/checkpoint/checkpoint-52.pth.tar', 66.5)
 ('./output/train/20250830-193733-mobilenetv2_vcaV2-224/checkpoint/checkpoint-77.pth.tar', 66.3)
 ('./output/train/20250830-193733-mobilenetv2_vcaV2-224/checkpoint/checkpoint-104.pth.tar', 66.13)
 ('./output/train/20250830-193733-mobilenetv2_vcaV2-224/checkpoint/checkpoint-54.pth.tar', 65.89)
 ('./output/train/20250830-193733-mobilenetv2_vcaV2-224/checkpoint/checkpoint-107.pth.tar', 65.64)
 ('./output/train/20250830-193733-mobilenetv2_vcaV2-224/checkpoint/checkpoint-96.pth.tar', 65.38)
 ('./output/train/20250830-193733-mobilenetv2_vcaV2-224/checkpoint/checkpoint-48.pth.tar', 65.06)

2025-08-30 22:16:15,756 -                train: [    INFO] - Train: 108 [   0/195 (  0%)]  Loss: 162.0 (162.)  Loss_cat: 1.481 (1.48)  Loss_feat: 158.3 (158.)  Loss_gt: 2.240 (2.24) LR: 5.000e-02
2025-08-30 22:17:39,217 -                train: [    INFO] - Train: 108 [ 194/195 (100%)]  Loss: 155.9 (159.)  Loss_cat: 1.312 (1.41)  Loss_feat: 152.5 (155.)  Loss_gt: 2.119 (2.27) LR: 5.000e-02
2025-08-30 22:17:39,625 -                train: [    INFO] - Test: [   0/39]  Time: 0.390 (0.390)  Loss:  1.1988 (1.1988)  Acc@1: 67.1875 (67.1875)  Acc@5: 91.4062 (91.4062)
2025-08-30 22:17:42,515 -                train: [    INFO] - Test: [  39/39]  Time: 0.021 (0.082)  Loss:  1.0759 (1.3434)  Acc@1: 75.0000 (64.1900)  Acc@5: 87.5000 (89.5400)
2025-08-30 22:17:43,386 -                train: [    INFO] - Train: 109 [   0/195 (  0%)]  Loss: 156.1 (156.)  Loss_cat: 1.411 (1.41)  Loss_feat: 152.5 (153.)  Loss_gt: 2.162 (2.16) LR: 5.000e-02
2025-08-30 22:19:06,765 -                train: [    INFO] - Train: 109 [ 194/195 (100%)]  Loss: 159.3 (157.)  Loss_cat: 1.415 (1.41)  Loss_feat: 155.5 (154.)  Loss_gt: 2.373 (2.26) LR: 5.000e-02
2025-08-30 22:19:07,171 -                train: [    INFO] - Test: [   0/39]  Time: 0.388 (0.388)  Loss:  1.1922 (1.1922)  Acc@1: 69.5312 (69.5312)  Acc@5: 91.4062 (91.4062)
2025-08-30 22:19:10,054 -                train: [    INFO] - Test: [  39/39]  Time: 0.022 (0.082)  Loss:  1.0692 (1.3288)  Acc@1: 81.2500 (64.8700)  Acc@5: 87.5000 (90.3100)
2025-08-30 22:19:10,976 -                train: [    INFO] - Train: 110 [   0/195 (  0%)]  Loss: 154.1 (154.)  Loss_cat: 1.397 (1.40)  Loss_feat: 150.5 (150.)  Loss_gt: 2.216 (2.22) LR: 5.000e-02
2025-08-30 22:20:34,681 -                train: [    INFO] - Train: 110 [ 194/195 (100%)]  Loss: 156.4 (155.)  Loss_cat: 1.412 (1.41)  Loss_feat: 152.7 (152.)  Loss_gt: 2.329 (2.26) LR: 5.000e-02
2025-08-30 22:20:35,165 -                train: [    INFO] - Test: [   0/39]  Time: 0.464 (0.464)  Loss:  1.1258 (1.1258)  Acc@1: 69.1406 (69.1406)  Acc@5: 90.6250 (90.6250)
2025-08-30 22:20:38,052 -                train: [    INFO] - Test: [  39/39]  Time: 0.021 (0.084)  Loss:  1.1492 (1.2295)  Acc@1: 62.5000 (65.6900)  Acc@5: 81.2500 (91.5400)
2025-08-30 22:20:38,513 - timm.utils.checkpoint_saver: [    INFO] - Current checkpoints:
 ('./output/train/20250830-193733-mobilenetv2_vcaV2-224/checkpoint/checkpoint-75.pth.tar', 67.97)
 ('./output/train/20250830-193733-mobilenetv2_vcaV2-224/checkpoint/checkpoint-76.pth.tar', 67.14)
 ('./output/train/20250830-193733-mobilenetv2_vcaV2-224/checkpoint/checkpoint-86.pth.tar', 66.77)
 ('./output/train/20250830-193733-mobilenetv2_vcaV2-224/checkpoint/checkpoint-52.pth.tar', 66.5)
 ('./output/train/20250830-193733-mobilenetv2_vcaV2-224/checkpoint/checkpoint-77.pth.tar', 66.3)
 ('./output/train/20250830-193733-mobilenetv2_vcaV2-224/checkpoint/checkpoint-104.pth.tar', 66.13)
 ('./output/train/20250830-193733-mobilenetv2_vcaV2-224/checkpoint/checkpoint-54.pth.tar', 65.89)
 ('./output/train/20250830-193733-mobilenetv2_vcaV2-224/checkpoint/checkpoint-110.pth.tar', 65.69)
 ('./output/train/20250830-193733-mobilenetv2_vcaV2-224/checkpoint/checkpoint-107.pth.tar', 65.64)
 ('./output/train/20250830-193733-mobilenetv2_vcaV2-224/checkpoint/checkpoint-96.pth.tar', 65.38)

2025-08-30 22:20:39,262 -                train: [    INFO] - Train: 111 [   0/195 (  0%)]  Loss: 151.9 (152.)  Loss_cat: 1.347 (1.35)  Loss_feat: 148.4 (148.)  Loss_gt: 2.178 (2.18) LR: 5.000e-02
2025-08-30 22:22:03,365 -                train: [    INFO] - Train: 111 [ 194/195 (100%)]  Loss: 155.2 (154.)  Loss_cat: 1.425 (1.42)  Loss_feat: 151.5 (150.)  Loss_gt: 2.334 (2.26) LR: 5.000e-02
2025-08-30 22:22:03,783 -                train: [    INFO] - Test: [   0/39]  Time: 0.400 (0.400)  Loss:  1.1113 (1.1113)  Acc@1: 69.5312 (69.5312)  Acc@5: 93.3594 (93.3594)
2025-08-30 22:22:06,685 -                train: [    INFO] - Test: [  39/39]  Time: 0.024 (0.083)  Loss:  1.2782 (1.2286)  Acc@1: 75.0000 (66.5800)  Acc@5: 81.2500 (91.3400)
2025-08-30 22:22:06,828 - timm.utils.checkpoint_saver: [    INFO] - Current checkpoints:
 ('./output/train/20250830-193733-mobilenetv2_vcaV2-224/checkpoint/checkpoint-75.pth.tar', 67.97)
 ('./output/train/20250830-193733-mobilenetv2_vcaV2-224/checkpoint/checkpoint-76.pth.tar', 67.14)
 ('./output/train/20250830-193733-mobilenetv2_vcaV2-224/checkpoint/checkpoint-86.pth.tar', 66.77)
 ('./output/train/20250830-193733-mobilenetv2_vcaV2-224/checkpoint/checkpoint-111.pth.tar', 66.58)
 ('./output/train/20250830-193733-mobilenetv2_vcaV2-224/checkpoint/checkpoint-52.pth.tar', 66.5)
 ('./output/train/20250830-193733-mobilenetv2_vcaV2-224/checkpoint/checkpoint-77.pth.tar', 66.3)
 ('./output/train/20250830-193733-mobilenetv2_vcaV2-224/checkpoint/checkpoint-104.pth.tar', 66.13)
 ('./output/train/20250830-193733-mobilenetv2_vcaV2-224/checkpoint/checkpoint-54.pth.tar', 65.89)
 ('./output/train/20250830-193733-mobilenetv2_vcaV2-224/checkpoint/checkpoint-110.pth.tar', 65.69)
 ('./output/train/20250830-193733-mobilenetv2_vcaV2-224/checkpoint/checkpoint-107.pth.tar', 65.64)

2025-08-30 22:22:07,569 -                train: [    INFO] - Train: 112 [   0/195 (  0%)]  Loss: 148.3 (148.)  Loss_cat: 1.302 (1.30)  Loss_feat: 144.7 (145.)  Loss_gt: 2.232 (2.23) LR: 5.000e-02
2025-08-30 22:23:31,428 -                train: [    INFO] - Train: 112 [ 194/195 (100%)]  Loss: 152.5 (152.)  Loss_cat: 1.430 (1.41)  Loss_feat: 148.7 (148.)  Loss_gt: 2.398 (2.26) LR: 5.000e-02
2025-08-30 22:23:31,846 -                train: [    INFO] - Test: [   0/39]  Time: 0.400 (0.400)  Loss:  1.1539 (1.1539)  Acc@1: 70.7031 (70.7031)  Acc@5: 92.9688 (92.9688)
2025-08-30 22:23:34,723 -                train: [    INFO] - Test: [  39/39]  Time: 0.022 (0.082)  Loss:  1.1854 (1.3826)  Acc@1: 75.0000 (63.1100)  Acc@5: 87.5000 (89.1100)
2025-08-30 22:23:35,627 -                train: [    INFO] - Train: 113 [   0/195 (  0%)]  Loss: 149.1 (149.)  Loss_cat: 1.367 (1.37)  Loss_feat: 145.5 (146.)  Loss_gt: 2.244 (2.24) LR: 5.000e-02
2025-08-30 22:24:59,084 -                train: [    INFO] - Train: 113 [ 194/195 (100%)]  Loss: 149.4 (150.)  Loss_cat: 1.389 (1.41)  Loss_feat: 145.7 (147.)  Loss_gt: 2.290 (2.26) LR: 5.000e-02
2025-08-30 22:24:59,500 -                train: [    INFO] - Test: [   0/39]  Time: 0.397 (0.397)  Loss:  1.6317 (1.6317)  Acc@1: 58.5938 (58.5938)  Acc@5: 83.5938 (83.5938)
2025-08-30 22:25:02,374 -                train: [    INFO] - Test: [  39/39]  Time: 0.021 (0.082)  Loss:  2.6924 (1.6988)  Acc@1: 43.7500 (55.9300)  Acc@5: 56.2500 (83.4000)
2025-08-30 22:25:03,355 -                train: [    INFO] - Train: 114 [   0/195 (  0%)]  Loss: 148.1 (148.)  Loss_cat: 1.364 (1.36)  Loss_feat: 144.4 (144.)  Loss_gt: 2.331 (2.33) LR: 5.000e-02
2025-08-30 22:26:26,922 -                train: [    INFO] - Train: 114 [ 194/195 (100%)]  Loss: 147.9 (149.)  Loss_cat: 1.399 (1.42)  Loss_feat: 144.2 (145.)  Loss_gt: 2.273 (2.26) LR: 5.000e-02
2025-08-30 22:26:27,333 -                train: [    INFO] - Test: [   0/39]  Time: 0.392 (0.392)  Loss:  1.1215 (1.1215)  Acc@1: 70.3125 (70.3125)  Acc@5: 93.3594 (93.3594)
2025-08-30 22:26:30,281 -                train: [    INFO] - Test: [  39/39]  Time: 0.021 (0.083)  Loss:  1.4083 (1.2366)  Acc@1: 62.5000 (66.3200)  Acc@5: 87.5000 (91.1300)
2025-08-30 22:26:30,435 - timm.utils.checkpoint_saver: [    INFO] - Current checkpoints:
 ('./output/train/20250830-193733-mobilenetv2_vcaV2-224/checkpoint/checkpoint-75.pth.tar', 67.97)
 ('./output/train/20250830-193733-mobilenetv2_vcaV2-224/checkpoint/checkpoint-76.pth.tar', 67.14)
 ('./output/train/20250830-193733-mobilenetv2_vcaV2-224/checkpoint/checkpoint-86.pth.tar', 66.77)
 ('./output/train/20250830-193733-mobilenetv2_vcaV2-224/checkpoint/checkpoint-111.pth.tar', 66.58)
 ('./output/train/20250830-193733-mobilenetv2_vcaV2-224/checkpoint/checkpoint-52.pth.tar', 66.5)
 ('./output/train/20250830-193733-mobilenetv2_vcaV2-224/checkpoint/checkpoint-114.pth.tar', 66.32)
 ('./output/train/20250830-193733-mobilenetv2_vcaV2-224/checkpoint/checkpoint-77.pth.tar', 66.3)
 ('./output/train/20250830-193733-mobilenetv2_vcaV2-224/checkpoint/checkpoint-104.pth.tar', 66.13)
 ('./output/train/20250830-193733-mobilenetv2_vcaV2-224/checkpoint/checkpoint-54.pth.tar', 65.89)
 ('./output/train/20250830-193733-mobilenetv2_vcaV2-224/checkpoint/checkpoint-110.pth.tar', 65.69)

2025-08-30 22:26:31,192 -                train: [    INFO] - Train: 115 [   0/195 (  0%)]  Loss: 146.3 (146.)  Loss_cat: 1.373 (1.37)  Loss_feat: 142.8 (143.)  Loss_gt: 2.131 (2.13) LR: 5.000e-02
2025-08-30 22:27:54,728 -                train: [    INFO] - Train: 115 [ 194/195 (100%)]  Loss: 148.0 (147.)  Loss_cat: 1.417 (1.41)  Loss_feat: 144.4 (143.)  Loss_gt: 2.228 (2.26) LR: 5.000e-02
2025-08-30 22:27:55,162 -                train: [    INFO] - Test: [   0/39]  Time: 0.416 (0.416)  Loss:  1.2530 (1.2530)  Acc@1: 68.3594 (68.3594)  Acc@5: 89.4531 (89.4531)
2025-08-30 22:27:58,191 -                train: [    INFO] - Test: [  39/39]  Time: 0.024 (0.086)  Loss:  1.3235 (1.4947)  Acc@1: 56.2500 (61.2300)  Acc@5: 87.5000 (87.2500)
2025-08-30 22:27:59,086 -                train: [    INFO] - Train: 116 [   0/195 (  0%)]  Loss: 145.1 (145.)  Loss_cat: 1.421 (1.42)  Loss_feat: 141.4 (141.)  Loss_gt: 2.230 (2.23) LR: 5.000e-02
2025-08-30 22:29:22,607 -                train: [    INFO] - Train: 116 [ 194/195 (100%)]  Loss: 145.9 (145.)  Loss_cat: 1.402 (1.41)  Loss_feat: 142.3 (142.)  Loss_gt: 2.206 (2.26) LR: 5.000e-02
2025-08-30 22:29:23,039 -                train: [    INFO] - Test: [   0/39]  Time: 0.412 (0.412)  Loss:  1.2374 (1.2374)  Acc@1: 67.5781 (67.5781)  Acc@5: 88.6719 (88.6719)
2025-08-30 22:29:25,908 -                train: [    INFO] - Test: [  39/39]  Time: 0.021 (0.082)  Loss:  1.0268 (1.3835)  Acc@1: 75.0000 (63.0500)  Acc@5: 87.5000 (88.5800)
2025-08-30 22:29:26,787 -                train: [    INFO] - Train: 117 [   0/195 (  0%)]  Loss: 146.5 (146.)  Loss_cat: 1.520 (1.52)  Loss_feat: 142.6 (143.)  Loss_gt: 2.352 (2.35) LR: 5.000e-02
2025-08-30 22:30:50,612 -                train: [    INFO] - Train: 117 [ 194/195 (100%)]  Loss: 143.7 (143.)  Loss_cat: 1.440 (1.41)  Loss_feat: 140.0 (140.)  Loss_gt: 2.247 (2.26) LR: 5.000e-02
2025-08-30 22:30:51,020 -                train: [    INFO] - Test: [   0/39]  Time: 0.388 (0.388)  Loss:  1.1431 (1.1431)  Acc@1: 72.2656 (72.2656)  Acc@5: 89.8438 (89.8438)
2025-08-30 22:30:53,902 -                train: [    INFO] - Test: [  39/39]  Time: 0.021 (0.082)  Loss:  0.8134 (1.3561)  Acc@1: 81.2500 (63.2000)  Acc@5: 100.0000 (89.6100)
2025-08-30 22:30:54,807 -                train: [    INFO] - Train: 118 [   0/195 (  0%)]  Loss: 143.2 (143.)  Loss_cat: 1.493 (1.49)  Loss_feat: 139.5 (140.)  Loss_gt: 2.226 (2.23) LR: 5.000e-02
2025-08-30 22:32:18,373 -                train: [    INFO] - Train: 118 [ 194/195 (100%)]  Loss: 141.2 (142.)  Loss_cat: 1.378 (1.41)  Loss_feat: 137.8 (138.)  Loss_gt: 2.071 (2.25) LR: 5.000e-02
2025-08-30 22:32:18,780 -                train: [    INFO] - Test: [   0/39]  Time: 0.389 (0.389)  Loss:  1.1552 (1.1552)  Acc@1: 69.1406 (69.1406)  Acc@5: 90.2344 (90.2344)
2025-08-30 22:32:21,668 -                train: [    INFO] - Test: [  39/39]  Time: 0.022 (0.082)  Loss:  0.9930 (1.2327)  Acc@1: 81.2500 (66.7700)  Acc@5: 81.2500 (91.3200)
2025-08-30 22:32:21,823 - timm.utils.checkpoint_saver: [    INFO] - Current checkpoints:
 ('./output/train/20250830-193733-mobilenetv2_vcaV2-224/checkpoint/checkpoint-75.pth.tar', 67.97)
 ('./output/train/20250830-193733-mobilenetv2_vcaV2-224/checkpoint/checkpoint-76.pth.tar', 67.14)
 ('./output/train/20250830-193733-mobilenetv2_vcaV2-224/checkpoint/checkpoint-86.pth.tar', 66.77)
 ('./output/train/20250830-193733-mobilenetv2_vcaV2-224/checkpoint/checkpoint-118.pth.tar', 66.77)
 ('./output/train/20250830-193733-mobilenetv2_vcaV2-224/checkpoint/checkpoint-111.pth.tar', 66.58)
 ('./output/train/20250830-193733-mobilenetv2_vcaV2-224/checkpoint/checkpoint-52.pth.tar', 66.5)
 ('./output/train/20250830-193733-mobilenetv2_vcaV2-224/checkpoint/checkpoint-114.pth.tar', 66.32)
 ('./output/train/20250830-193733-mobilenetv2_vcaV2-224/checkpoint/checkpoint-77.pth.tar', 66.3)
 ('./output/train/20250830-193733-mobilenetv2_vcaV2-224/checkpoint/checkpoint-104.pth.tar', 66.13)
 ('./output/train/20250830-193733-mobilenetv2_vcaV2-224/checkpoint/checkpoint-54.pth.tar', 65.89)

2025-08-30 22:32:22,577 -                train: [    INFO] - Train: 119 [   0/195 (  0%)]  Loss: 139.4 (139.)  Loss_cat: 1.364 (1.36)  Loss_feat: 135.6 (136.)  Loss_gt: 2.380 (2.38) LR: 5.000e-02
2025-08-30 22:33:46,181 -                train: [    INFO] - Train: 119 [ 194/195 (100%)]  Loss: 139.1 (140.)  Loss_cat: 1.378 (1.41)  Loss_feat: 135.5 (136.)  Loss_gt: 2.261 (2.25) LR: 5.000e-02
2025-08-30 22:33:46,590 -                train: [    INFO] - Test: [   0/39]  Time: 0.391 (0.391)  Loss:  1.2728 (1.2728)  Acc@1: 66.4062 (66.4062)  Acc@5: 91.0156 (91.0156)
2025-08-30 22:33:49,445 -                train: [    INFO] - Test: [  39/39]  Time: 0.022 (0.081)  Loss:  1.2810 (1.5061)  Acc@1: 62.5000 (60.6300)  Acc@5: 87.5000 (87.1300)
2025-08-30 22:33:50,341 -                train: [    INFO] - Train: 120 [   0/195 (  0%)]  Loss: 138.0 (138.)  Loss_cat: 1.392 (1.39)  Loss_feat: 134.4 (134.)  Loss_gt: 2.240 (2.24) LR: 5.000e-02
2025-08-30 22:35:14,609 -                train: [    INFO] - Train: 120 [ 194/195 (100%)]  Loss: 135.5 (138.)  Loss_cat: 1.330 (1.41)  Loss_feat: 131.9 (134.)  Loss_gt: 2.256 (2.26) LR: 5.000e-02
2025-08-30 22:35:15,017 -                train: [    INFO] - Test: [   0/39]  Time: 0.389 (0.389)  Loss:  1.1608 (1.1608)  Acc@1: 70.7031 (70.7031)  Acc@5: 89.8438 (89.8438)
2025-08-30 22:35:17,981 -                train: [    INFO] - Test: [  39/39]  Time: 0.024 (0.084)  Loss:  0.9340 (1.3632)  Acc@1: 75.0000 (62.9800)  Acc@5: 87.5000 (89.4900)
2025-08-30 22:35:18,940 -                train: [    INFO] - Train: 121 [   0/195 (  0%)]  Loss: 136.8 (137.)  Loss_cat: 1.440 (1.44)  Loss_feat: 133.1 (133.)  Loss_gt: 2.285 (2.28) LR: 5.000e-02
2025-08-30 22:36:42,517 -                train: [    INFO] - Train: 121 [ 194/195 (100%)]  Loss: 137.8 (136.)  Loss_cat: 1.484 (1.40)  Loss_feat: 134.1 (133.)  Loss_gt: 2.192 (2.26) LR: 5.000e-02
2025-08-30 22:36:42,927 -                train: [    INFO] - Test: [   0/39]  Time: 0.391 (0.391)  Loss:  1.2522 (1.2522)  Acc@1: 65.6250 (65.6250)  Acc@5: 91.0156 (91.0156)
2025-08-30 22:36:45,884 -                train: [    INFO] - Test: [  39/39]  Time: 0.027 (0.084)  Loss:  1.1320 (1.2913)  Acc@1: 68.7500 (65.2700)  Acc@5: 87.5000 (90.9100)
2025-08-30 22:36:46,790 -                train: [    INFO] - Train: 122 [   0/195 (  0%)]  Loss: 138.4 (138.)  Loss_cat: 1.508 (1.51)  Loss_feat: 134.7 (135.)  Loss_gt: 2.182 (2.18) LR: 5.000e-02
2025-08-30 22:38:10,329 -                train: [    INFO] - Train: 122 [ 194/195 (100%)]  Loss: 133.5 (135.)  Loss_cat: 1.401 (1.41)  Loss_feat: 129.8 (131.)  Loss_gt: 2.267 (2.26) LR: 5.000e-02
2025-08-30 22:38:10,741 -                train: [    INFO] - Test: [   0/39]  Time: 0.394 (0.394)  Loss:  1.2488 (1.2488)  Acc@1: 67.1875 (67.1875)  Acc@5: 91.0156 (91.0156)
2025-08-30 22:38:13,703 -                train: [    INFO] - Test: [  39/39]  Time: 0.022 (0.084)  Loss:  0.9441 (1.3988)  Acc@1: 81.2500 (62.9400)  Acc@5: 81.2500 (88.7500)
2025-08-30 22:38:14,633 -                train: [    INFO] - Train: 123 [   0/195 (  0%)]  Loss: 133.3 (133.)  Loss_cat: 1.439 (1.44)  Loss_feat: 129.5 (130.)  Loss_gt: 2.372 (2.37) LR: 5.000e-02
2025-08-30 22:39:38,198 -                train: [    INFO] - Train: 123 [ 194/195 (100%)]  Loss: 134.4 (133.)  Loss_cat: 1.424 (1.41)  Loss_feat: 130.6 (129.)  Loss_gt: 2.298 (2.26) LR: 5.000e-02
2025-08-30 22:39:38,609 -                train: [    INFO] - Test: [   0/39]  Time: 0.392 (0.392)  Loss:  1.2384 (1.2384)  Acc@1: 68.7500 (68.7500)  Acc@5: 87.1094 (87.1094)
2025-08-30 22:39:41,492 -                train: [    INFO] - Test: [  39/39]  Time: 0.021 (0.082)  Loss:  0.8783 (1.3666)  Acc@1: 75.0000 (62.9300)  Acc@5: 87.5000 (89.2000)
2025-08-30 22:39:42,357 -                train: [    INFO] - Train: 124 [   0/195 (  0%)]  Loss: 132.2 (132.)  Loss_cat: 1.463 (1.46)  Loss_feat: 128.4 (128.)  Loss_gt: 2.321 (2.32) LR: 5.000e-02
2025-08-30 22:41:06,349 -                train: [    INFO] - Train: 124 [ 194/195 (100%)]  Loss: 130.0 (131.)  Loss_cat: 1.368 (1.41)  Loss_feat: 126.4 (128.)  Loss_gt: 2.225 (2.26) LR: 5.000e-02
2025-08-30 22:41:06,764 -                train: [    INFO] - Test: [   0/39]  Time: 0.397 (0.397)  Loss:  1.1921 (1.1921)  Acc@1: 67.5781 (67.5781)  Acc@5: 91.0156 (91.0156)
2025-08-30 22:41:09,653 -                train: [    INFO] - Test: [  39/39]  Time: 0.021 (0.082)  Loss:  1.2754 (1.3779)  Acc@1: 68.7500 (63.1700)  Acc@5: 81.2500 (89.3400)
2025-08-30 22:41:10,600 -                train: [    INFO] - Train: 125 [   0/195 (  0%)]  Loss: 129.6 (130.)  Loss_cat: 1.466 (1.47)  Loss_feat: 126.0 (126.)  Loss_gt: 2.151 (2.15) LR: 5.000e-02
2025-08-30 22:42:34,372 -                train: [    INFO] - Train: 125 [ 194/195 (100%)]  Loss: 129.7 (130.)  Loss_cat: 1.370 (1.41)  Loss_feat: 126.2 (126.)  Loss_gt: 2.137 (2.25) LR: 5.000e-02
2025-08-30 22:42:34,782 -                train: [    INFO] - Test: [   0/39]  Time: 0.391 (0.391)  Loss:  1.2199 (1.2199)  Acc@1: 67.5781 (67.5781)  Acc@5: 90.6250 (90.6250)
2025-08-30 22:42:37,670 -                train: [    INFO] - Test: [  39/39]  Time: 0.021 (0.082)  Loss:  1.2920 (1.3563)  Acc@1: 75.0000 (62.7400)  Acc@5: 81.2500 (89.1700)
2025-08-30 22:42:38,543 -                train: [    INFO] - Train: 126 [   0/195 (  0%)]  Loss: 127.8 (128.)  Loss_cat: 1.400 (1.40)  Loss_feat: 124.1 (124.)  Loss_gt: 2.283 (2.28) LR: 5.000e-02
2025-08-30 22:44:02,178 -                train: [    INFO] - Train: 126 [ 194/195 (100%)]  Loss: 127.8 (128.)  Loss_cat: 1.421 (1.40)  Loss_feat: 124.2 (124.)  Loss_gt: 2.232 (2.26) LR: 5.000e-02
2025-08-30 22:44:02,606 -                train: [    INFO] - Test: [   0/39]  Time: 0.407 (0.407)  Loss:  1.1778 (1.1778)  Acc@1: 70.3125 (70.3125)  Acc@5: 93.3594 (93.3594)
2025-08-30 22:44:05,598 -                train: [    INFO] - Test: [  39/39]  Time: 0.023 (0.085)  Loss:  0.9655 (1.2791)  Acc@1: 81.2500 (65.0200)  Acc@5: 93.7500 (91.2700)
2025-08-30 22:44:06,521 -                train: [    INFO] - Train: 127 [   0/195 (  0%)]  Loss: 126.9 (127.)  Loss_cat: 1.422 (1.42)  Loss_feat: 123.3 (123.)  Loss_gt: 2.219 (2.22) LR: 5.000e-02
2025-08-30 22:45:30,197 -                train: [    INFO] - Train: 127 [ 194/195 (100%)]  Loss: 126.4 (126.)  Loss_cat: 1.431 (1.40)  Loss_feat: 122.7 (122.)  Loss_gt: 2.270 (2.26) LR: 5.000e-02
2025-08-30 22:45:30,612 -                train: [    INFO] - Test: [   0/39]  Time: 0.396 (0.396)  Loss:  1.1564 (1.1564)  Acc@1: 67.5781 (67.5781)  Acc@5: 92.1875 (92.1875)
2025-08-30 22:45:33,540 -                train: [    INFO] - Test: [  39/39]  Time: 0.022 (0.083)  Loss:  1.4067 (1.2057)  Acc@1: 75.0000 (66.7900)  Acc@5: 81.2500 (92.0400)
2025-08-30 22:45:33,672 - timm.utils.checkpoint_saver: [    INFO] - Current checkpoints:
 ('./output/train/20250830-193733-mobilenetv2_vcaV2-224/checkpoint/checkpoint-75.pth.tar', 67.97)
 ('./output/train/20250830-193733-mobilenetv2_vcaV2-224/checkpoint/checkpoint-76.pth.tar', 67.14)
 ('./output/train/20250830-193733-mobilenetv2_vcaV2-224/checkpoint/checkpoint-127.pth.tar', 66.79)
 ('./output/train/20250830-193733-mobilenetv2_vcaV2-224/checkpoint/checkpoint-86.pth.tar', 66.77)
 ('./output/train/20250830-193733-mobilenetv2_vcaV2-224/checkpoint/checkpoint-118.pth.tar', 66.77)
 ('./output/train/20250830-193733-mobilenetv2_vcaV2-224/checkpoint/checkpoint-111.pth.tar', 66.58)
 ('./output/train/20250830-193733-mobilenetv2_vcaV2-224/checkpoint/checkpoint-52.pth.tar', 66.5)
 ('./output/train/20250830-193733-mobilenetv2_vcaV2-224/checkpoint/checkpoint-114.pth.tar', 66.32)
 ('./output/train/20250830-193733-mobilenetv2_vcaV2-224/checkpoint/checkpoint-77.pth.tar', 66.3)
 ('./output/train/20250830-193733-mobilenetv2_vcaV2-224/checkpoint/checkpoint-104.pth.tar', 66.13)

2025-08-30 22:45:34,423 -                train: [    INFO] - Train: 128 [   0/195 (  0%)]  Loss: 123.2 (123.)  Loss_cat: 1.387 (1.39)  Loss_feat: 119.6 (120.)  Loss_gt: 2.220 (2.22) LR: 5.000e-02
2025-08-30 22:46:57,974 -                train: [    INFO] - Train: 128 [ 194/195 (100%)]  Loss: 125.2 (124.)  Loss_cat: 1.403 (1.40)  Loss_feat: 121.5 (121.)  Loss_gt: 2.311 (2.25) LR: 5.000e-02
2025-08-30 22:46:58,388 -                train: [    INFO] - Test: [   0/39]  Time: 0.396 (0.396)  Loss:  1.3101 (1.3101)  Acc@1: 66.0156 (66.0156)  Acc@5: 91.0156 (91.0156)
2025-08-30 22:47:01,283 -                train: [    INFO] - Test: [  39/39]  Time: 0.022 (0.082)  Loss:  0.9785 (1.5516)  Acc@1: 68.7500 (60.1400)  Acc@5: 100.0000 (86.2200)
2025-08-30 22:47:02,201 -                train: [    INFO] - Train: 129 [   0/195 (  0%)]  Loss: 121.5 (121.)  Loss_cat: 1.411 (1.41)  Loss_feat: 117.7 (118.)  Loss_gt: 2.339 (2.34) LR: 5.000e-02
2025-08-30 22:48:26,053 -                train: [    INFO] - Train: 129 [ 194/195 (100%)]  Loss: 124.0 (123.)  Loss_cat: 1.415 (1.41)  Loss_feat: 120.2 (119.)  Loss_gt: 2.424 (2.26) LR: 5.000e-02
2025-08-30 22:48:26,468 -                train: [    INFO] - Test: [   0/39]  Time: 0.395 (0.395)  Loss:  1.1530 (1.1530)  Acc@1: 66.7969 (66.7969)  Acc@5: 92.5781 (92.5781)
2025-08-30 22:48:29,359 -                train: [    INFO] - Test: [  39/39]  Time: 0.021 (0.082)  Loss:  1.3610 (1.2464)  Acc@1: 68.7500 (66.3600)  Acc@5: 87.5000 (91.2100)
2025-08-30 22:48:29,581 - timm.utils.checkpoint_saver: [    INFO] - Current checkpoints:
 ('./output/train/20250830-193733-mobilenetv2_vcaV2-224/checkpoint/checkpoint-75.pth.tar', 67.97)
 ('./output/train/20250830-193733-mobilenetv2_vcaV2-224/checkpoint/checkpoint-76.pth.tar', 67.14)
 ('./output/train/20250830-193733-mobilenetv2_vcaV2-224/checkpoint/checkpoint-127.pth.tar', 66.79)
 ('./output/train/20250830-193733-mobilenetv2_vcaV2-224/checkpoint/checkpoint-86.pth.tar', 66.77)
 ('./output/train/20250830-193733-mobilenetv2_vcaV2-224/checkpoint/checkpoint-118.pth.tar', 66.77)
 ('./output/train/20250830-193733-mobilenetv2_vcaV2-224/checkpoint/checkpoint-111.pth.tar', 66.58)
 ('./output/train/20250830-193733-mobilenetv2_vcaV2-224/checkpoint/checkpoint-52.pth.tar', 66.5)
 ('./output/train/20250830-193733-mobilenetv2_vcaV2-224/checkpoint/checkpoint-129.pth.tar', 66.36)
 ('./output/train/20250830-193733-mobilenetv2_vcaV2-224/checkpoint/checkpoint-114.pth.tar', 66.32)
 ('./output/train/20250830-193733-mobilenetv2_vcaV2-224/checkpoint/checkpoint-77.pth.tar', 66.3)

2025-08-30 22:48:30,330 -                train: [    INFO] - Train: 130 [   0/195 (  0%)]  Loss: 121.5 (122.)  Loss_cat: 1.435 (1.43)  Loss_feat: 117.8 (118.)  Loss_gt: 2.221 (2.22) LR: 5.000e-02
2025-08-30 22:49:53,856 -                train: [    INFO] - Train: 130 [ 194/195 (100%)]  Loss: 121.1 (121.)  Loss_cat: 1.379 (1.40)  Loss_feat: 117.4 (117.)  Loss_gt: 2.308 (2.25) LR: 5.000e-02
2025-08-30 22:49:54,267 -                train: [    INFO] - Test: [   0/39]  Time: 0.391 (0.391)  Loss:  1.1428 (1.1428)  Acc@1: 72.6562 (72.6562)  Acc@5: 92.1875 (92.1875)
2025-08-30 22:49:57,206 -                train: [    INFO] - Test: [  39/39]  Time: 0.022 (0.083)  Loss:  0.9788 (1.2401)  Acc@1: 75.0000 (66.6300)  Acc@5: 87.5000 (91.3900)
2025-08-30 22:49:57,356 - timm.utils.checkpoint_saver: [    INFO] - Current checkpoints:
 ('./output/train/20250830-193733-mobilenetv2_vcaV2-224/checkpoint/checkpoint-75.pth.tar', 67.97)
 ('./output/train/20250830-193733-mobilenetv2_vcaV2-224/checkpoint/checkpoint-76.pth.tar', 67.14)
 ('./output/train/20250830-193733-mobilenetv2_vcaV2-224/checkpoint/checkpoint-127.pth.tar', 66.79)
 ('./output/train/20250830-193733-mobilenetv2_vcaV2-224/checkpoint/checkpoint-86.pth.tar', 66.77)
 ('./output/train/20250830-193733-mobilenetv2_vcaV2-224/checkpoint/checkpoint-118.pth.tar', 66.77)
 ('./output/train/20250830-193733-mobilenetv2_vcaV2-224/checkpoint/checkpoint-130.pth.tar', 66.63)
 ('./output/train/20250830-193733-mobilenetv2_vcaV2-224/checkpoint/checkpoint-111.pth.tar', 66.58)
 ('./output/train/20250830-193733-mobilenetv2_vcaV2-224/checkpoint/checkpoint-52.pth.tar', 66.5)
 ('./output/train/20250830-193733-mobilenetv2_vcaV2-224/checkpoint/checkpoint-129.pth.tar', 66.36)
 ('./output/train/20250830-193733-mobilenetv2_vcaV2-224/checkpoint/checkpoint-114.pth.tar', 66.32)

2025-08-30 22:49:58,107 -                train: [    INFO] - Train: 131 [   0/195 (  0%)]  Loss: 118.3 (118.)  Loss_cat: 1.389 (1.39)  Loss_feat: 114.8 (115.)  Loss_gt: 2.140 (2.14) LR: 5.000e-02
2025-08-30 22:51:21,886 -                train: [    INFO] - Train: 131 [ 194/195 (100%)]  Loss: 121.1 (119.)  Loss_cat: 1.473 (1.41)  Loss_feat: 117.2 (115.)  Loss_gt: 2.363 (2.26) LR: 5.000e-02
2025-08-30 22:51:22,305 -                train: [    INFO] - Test: [   0/39]  Time: 0.398 (0.398)  Loss:  1.3513 (1.3513)  Acc@1: 64.4531 (64.4531)  Acc@5: 87.5000 (87.5000)
2025-08-30 22:51:25,197 -                train: [    INFO] - Test: [  39/39]  Time: 0.023 (0.082)  Loss:  1.4165 (1.4488)  Acc@1: 75.0000 (61.3600)  Acc@5: 81.2500 (87.7300)
2025-08-30 22:51:26,093 -                train: [    INFO] - Train: 132 [   0/195 (  0%)]  Loss: 117.5 (117.)  Loss_cat: 1.369 (1.37)  Loss_feat: 113.9 (114.)  Loss_gt: 2.185 (2.19) LR: 5.000e-02
2025-08-30 22:52:49,921 -                train: [    INFO] - Train: 132 [ 194/195 (100%)]  Loss: 116.4 (117.)  Loss_cat: 1.392 (1.41)  Loss_feat: 112.8 (114.)  Loss_gt: 2.229 (2.25) LR: 5.000e-02
2025-08-30 22:52:50,351 -                train: [    INFO] - Test: [   0/39]  Time: 0.412 (0.412)  Loss:  1.2626 (1.2626)  Acc@1: 67.5781 (67.5781)  Acc@5: 89.0625 (89.0625)
2025-08-30 22:52:53,218 -                train: [    INFO] - Test: [  39/39]  Time: 0.021 (0.082)  Loss:  0.9414 (1.2832)  Acc@1: 75.0000 (65.3300)  Acc@5: 93.7500 (90.6400)
2025-08-30 22:52:54,129 -                train: [    INFO] - Train: 133 [   0/195 (  0%)]  Loss: 115.2 (115.)  Loss_cat: 1.369 (1.37)  Loss_feat: 111.5 (112.)  Loss_gt: 2.286 (2.29) LR: 5.000e-02
2025-08-30 22:54:17,624 -                train: [    INFO] - Train: 133 [ 194/195 (100%)]  Loss: 114.8 (116.)  Loss_cat: 1.362 (1.40)  Loss_feat: 111.2 (112.)  Loss_gt: 2.196 (2.25) LR: 5.000e-02
2025-08-30 22:54:18,038 -                train: [    INFO] - Test: [   0/39]  Time: 0.396 (0.396)  Loss:  1.0948 (1.0948)  Acc@1: 71.8750 (71.8750)  Acc@5: 92.5781 (92.5781)
2025-08-30 22:54:20,995 -                train: [    INFO] - Test: [  39/39]  Time: 0.021 (0.084)  Loss:  1.0969 (1.3343)  Acc@1: 68.7500 (63.5700)  Acc@5: 100.0000 (89.9300)
2025-08-30 22:54:21,896 -                train: [    INFO] - Train: 134 [   0/195 (  0%)]  Loss: 112.6 (113.)  Loss_cat: 1.368 (1.37)  Loss_feat: 109.1 (109.)  Loss_gt: 2.139 (2.14) LR: 5.000e-02
2025-08-30 22:55:45,445 -                train: [    INFO] - Train: 134 [ 194/195 (100%)]  Loss: 115.7 (114.)  Loss_cat: 1.502 (1.41)  Loss_feat: 111.9 (110.)  Loss_gt: 2.298 (2.26) LR: 5.000e-02
2025-08-30 22:55:45,865 -                train: [    INFO] - Test: [   0/39]  Time: 0.403 (0.403)  Loss:  1.1324 (1.1324)  Acc@1: 71.8750 (71.8750)  Acc@5: 92.9688 (92.9688)
2025-08-30 22:55:49,161 -                train: [    INFO] - Test: [  39/39]  Time: 0.026 (0.092)  Loss:  1.2264 (1.2669)  Acc@1: 75.0000 (66.0100)  Acc@5: 81.2500 (90.8900)
2025-08-30 22:55:50,094 -                train: [    INFO] - Train: 135 [   0/195 (  0%)]  Loss: 112.2 (112.)  Loss_cat: 1.431 (1.43)  Loss_feat: 108.4 (108.)  Loss_gt: 2.430 (2.43) LR: 5.000e-02
2025-08-30 22:57:13,693 -                train: [    INFO] - Train: 135 [ 194/195 (100%)]  Loss: 113.6 (112.)  Loss_cat: 1.472 (1.40)  Loss_feat: 109.9 (109.)  Loss_gt: 2.293 (2.24) LR: 5.000e-02
2025-08-30 22:57:14,130 -                train: [    INFO] - Test: [   0/39]  Time: 0.416 (0.416)  Loss:  1.5349 (1.5349)  Acc@1: 60.5469 (60.5469)  Acc@5: 86.7188 (86.7188)
2025-08-30 22:57:17,229 -                train: [    INFO] - Test: [  39/39]  Time: 0.021 (0.088)  Loss:  1.9882 (1.8432)  Acc@1: 50.0000 (54.0300)  Acc@5: 75.0000 (81.2700)
2025-08-30 22:57:18,138 -                train: [    INFO] - Train: 136 [   0/195 (  0%)]  Loss: 110.5 (111.)  Loss_cat: 1.404 (1.40)  Loss_feat: 107.1 (107.)  Loss_gt: 2.060 (2.06) LR: 5.000e-02
2025-08-30 22:58:41,745 -                train: [    INFO] - Train: 136 [ 194/195 (100%)]  Loss: 113.7 (111.)  Loss_cat: 1.559 (1.41)  Loss_feat: 109.6 (107.)  Loss_gt: 2.540 (2.25) LR: 5.000e-02
2025-08-30 22:58:42,188 -                train: [    INFO] - Test: [   0/39]  Time: 0.425 (0.425)  Loss:  1.2414 (1.2414)  Acc@1: 69.1406 (69.1406)  Acc@5: 91.0156 (91.0156)
2025-08-30 22:58:45,115 -                train: [    INFO] - Test: [  39/39]  Time: 0.024 (0.084)  Loss:  1.2242 (1.3694)  Acc@1: 75.0000 (63.6900)  Acc@5: 87.5000 (89.4100)
2025-08-30 22:58:46,030 -                train: [    INFO] - Train: 137 [   0/195 (  0%)]  Loss: 108.6 (109.)  Loss_cat: 1.401 (1.40)  Loss_feat: 104.9 (105.)  Loss_gt: 2.356 (2.36) LR: 5.000e-02
2025-08-30 23:00:09,871 -                train: [    INFO] - Train: 137 [ 194/195 (100%)]  Loss: 109.8 (109.)  Loss_cat: 1.466 (1.40)  Loss_feat: 106.0 (105.)  Loss_gt: 2.345 (2.25) LR: 5.000e-02
2025-08-30 23:00:10,312 -                train: [    INFO] - Test: [   0/39]  Time: 0.418 (0.418)  Loss:  1.2800 (1.2800)  Acc@1: 66.0156 (66.0156)  Acc@5: 90.6250 (90.6250)
2025-08-30 23:00:13,322 -                train: [    INFO] - Test: [  39/39]  Time: 0.022 (0.086)  Loss:  0.8139 (1.2736)  Acc@1: 81.2500 (65.5800)  Acc@5: 93.7500 (91.1200)
2025-08-30 23:00:14,335 -                train: [    INFO] - Train: 138 [   0/195 (  0%)]  Loss: 106.2 (106.)  Loss_cat: 1.372 (1.37)  Loss_feat: 102.5 (102.)  Loss_gt: 2.346 (2.35) LR: 5.000e-02
2025-08-30 23:01:38,062 -                train: [    INFO] - Train: 138 [ 194/195 (100%)]  Loss: 109.7 (107.)  Loss_cat: 1.516 (1.40)  Loss_feat: 105.9 (104.)  Loss_gt: 2.266 (2.25) LR: 5.000e-02
2025-08-30 23:01:38,497 -                train: [    INFO] - Test: [   0/39]  Time: 0.416 (0.416)  Loss:  1.2544 (1.2544)  Acc@1: 65.6250 (65.6250)  Acc@5: 92.9688 (92.9688)
2025-08-30 23:01:41,381 -                train: [    INFO] - Test: [  39/39]  Time: 0.022 (0.082)  Loss:  1.3464 (1.4934)  Acc@1: 68.7500 (60.2000)  Acc@5: 87.5000 (88.0900)
2025-08-30 23:01:42,279 -                train: [    INFO] - Train: 139 [   0/195 (  0%)]  Loss: 105.3 (105.)  Loss_cat: 1.376 (1.38)  Loss_feat: 101.7 (102.)  Loss_gt: 2.177 (2.18) LR: 5.000e-02
2025-08-30 23:03:06,229 -                train: [    INFO] - Train: 139 [ 194/195 (100%)]  Loss: 105.9 (106.)  Loss_cat: 1.425 (1.41)  Loss_feat: 102.3 (102.)  Loss_gt: 2.113 (2.26) LR: 5.000e-02
2025-08-30 23:03:06,662 -                train: [    INFO] - Test: [   0/39]  Time: 0.414 (0.414)  Loss:  1.3051 (1.3051)  Acc@1: 66.0156 (66.0156)  Acc@5: 89.8438 (89.8438)
2025-08-30 23:03:09,583 -                train: [    INFO] - Test: [  39/39]  Time: 0.022 (0.083)  Loss:  1.0356 (1.3632)  Acc@1: 75.0000 (63.7300)  Acc@5: 87.5000 (89.7200)
2025-08-30 23:03:10,474 -                train: [    INFO] - Train: 140 [   0/195 (  0%)]  Loss: 102.9 (103.)  Loss_cat: 1.380 (1.38)  Loss_feat: 99.51 (99.5)  Loss_gt: 2.021 (2.02) LR: 5.000e-02
2025-08-30 23:04:34,156 -                train: [    INFO] - Train: 140 [ 194/195 (100%)]  Loss: 103.5 (104.)  Loss_cat: 1.419 (1.40)  Loss_feat: 99.85 (100.)  Loss_gt: 2.262 (2.25) LR: 5.000e-02
2025-08-30 23:04:34,596 -                train: [    INFO] - Test: [   0/39]  Time: 0.421 (0.421)  Loss:  1.0487 (1.0487)  Acc@1: 74.2188 (74.2188)  Acc@5: 91.4062 (91.4062)
2025-08-30 23:04:37,782 -                train: [    INFO] - Test: [  39/39]  Time: 0.024 (0.090)  Loss:  1.6133 (1.3015)  Acc@1: 62.5000 (64.9900)  Acc@5: 75.0000 (89.9400)
2025-08-30 23:04:38,672 -                train: [    INFO] - Train: 141 [   0/195 (  0%)]  Loss: 102.2 (102.)  Loss_cat: 1.432 (1.43)  Loss_feat: 98.58 (98.6)  Loss_gt: 2.236 (2.24) LR: 5.000e-02
2025-08-30 23:06:02,432 -                train: [    INFO] - Train: 141 [ 194/195 (100%)]  Loss: 104.3 (102.)  Loss_cat: 1.489 (1.40)  Loss_feat: 100.5 (98.5)  Loss_gt: 2.228 (2.25) LR: 5.000e-02
2025-08-30 23:06:02,874 -                train: [    INFO] - Test: [   0/39]  Time: 0.422 (0.422)  Loss:  1.1395 (1.1395)  Acc@1: 68.7500 (68.7500)  Acc@5: 90.6250 (90.6250)
2025-08-30 23:06:06,000 -                train: [    INFO] - Test: [  39/39]  Time: 0.027 (0.089)  Loss:  1.2322 (1.2726)  Acc@1: 68.7500 (64.9700)  Acc@5: 87.5000 (90.4400)
2025-08-30 23:06:06,935 -                train: [    INFO] - Train: 142 [   0/195 (  0%)]  Loss: 99.86 (99.9)  Loss_cat: 1.377 (1.38)  Loss_feat: 96.17 (96.2)  Loss_gt: 2.318 (2.32) LR: 5.000e-02
2025-08-30 23:07:30,569 -                train: [    INFO] - Train: 142 [ 194/195 (100%)]  Loss: 101.1 (101.)  Loss_cat: 1.424 (1.40)  Loss_feat: 97.44 (96.9)  Loss_gt: 2.199 (2.25) LR: 5.000e-02
2025-08-30 23:07:31,053 -                train: [    INFO] - Test: [   0/39]  Time: 0.465 (0.465)  Loss:  1.1785 (1.1785)  Acc@1: 68.7500 (68.7500)  Acc@5: 91.4062 (91.4062)
2025-08-30 23:07:34,178 -                train: [    INFO] - Test: [  39/39]  Time: 0.024 (0.090)  Loss:  1.5955 (1.3500)  Acc@1: 62.5000 (64.1900)  Acc@5: 87.5000 (89.3900)
2025-08-30 23:07:35,094 -                train: [    INFO] - Train: 143 [   0/195 (  0%)]  Loss: 97.76 (97.8)  Loss_cat: 1.343 (1.34)  Loss_feat: 94.18 (94.2)  Loss_gt: 2.236 (2.24) LR: 5.000e-02
2025-08-30 23:08:58,620 -                train: [    INFO] - Train: 143 [ 194/195 (100%)]  Loss: 98.61 (98.9)  Loss_cat: 1.362 (1.40)  Loss_feat: 95.10 (95.3)  Loss_gt: 2.147 (2.25) LR: 5.000e-02
2025-08-30 23:08:59,062 -                train: [    INFO] - Test: [   0/39]  Time: 0.423 (0.423)  Loss:  1.1666 (1.1666)  Acc@1: 68.7500 (68.7500)  Acc@5: 92.9688 (92.9688)
2025-08-30 23:09:01,985 -                train: [    INFO] - Test: [  39/39]  Time: 0.029 (0.084)  Loss:  1.2283 (1.3013)  Acc@1: 68.7500 (64.2100)  Acc@5: 81.2500 (90.2800)
2025-08-30 23:09:02,946 -                train: [    INFO] - Train: 144 [   0/195 (  0%)]  Loss: 96.59 (96.6)  Loss_cat: 1.400 (1.40)  Loss_feat: 92.91 (92.9)  Loss_gt: 2.279 (2.28) LR: 5.000e-02
2025-08-30 23:10:26,523 -                train: [    INFO] - Train: 144 [ 194/195 (100%)]  Loss: 97.94 (97.2)  Loss_cat: 1.485 (1.40)  Loss_feat: 94.20 (93.6)  Loss_gt: 2.256 (2.23) LR: 5.000e-02
2025-08-30 23:10:26,963 -                train: [    INFO] - Test: [   0/39]  Time: 0.420 (0.420)  Loss:  1.2464 (1.2464)  Acc@1: 69.1406 (69.1406)  Acc@5: 90.6250 (90.6250)
2025-08-30 23:10:29,897 -                train: [    INFO] - Test: [  39/39]  Time: 0.022 (0.084)  Loss:  0.9864 (1.3277)  Acc@1: 75.0000 (64.3500)  Acc@5: 87.5000 (90.1200)
2025-08-30 23:10:30,821 -                train: [    INFO] - Train: 145 [   0/195 (  0%)]  Loss: 95.13 (95.1)  Loss_cat: 1.365 (1.36)  Loss_feat: 91.66 (91.7)  Loss_gt: 2.112 (2.11) LR: 5.000e-02
2025-08-30 23:11:54,621 -                train: [    INFO] - Train: 145 [ 194/195 (100%)]  Loss: 95.51 (95.7)  Loss_cat: 1.388 (1.40)  Loss_feat: 91.97 (92.1)  Loss_gt: 2.160 (2.23) LR: 5.000e-02
2025-08-30 23:11:55,061 -                train: [    INFO] - Test: [   0/39]  Time: 0.423 (0.423)  Loss:  1.2020 (1.2020)  Acc@1: 66.4062 (66.4062)  Acc@5: 92.9688 (92.9688)
2025-08-30 23:11:58,113 -                train: [    INFO] - Test: [  39/39]  Time: 0.022 (0.087)  Loss:  1.0353 (1.3581)  Acc@1: 68.7500 (63.3100)  Acc@5: 93.7500 (89.6800)
2025-08-30 23:11:59,013 -                train: [    INFO] - Train: 146 [   0/195 (  0%)]  Loss: 93.03 (93.0)  Loss_cat: 1.382 (1.38)  Loss_feat: 89.49 (89.5)  Loss_gt: 2.161 (2.16) LR: 5.000e-02
2025-08-30 23:13:22,630 -                train: [    INFO] - Train: 146 [ 194/195 (100%)]  Loss: 94.46 (93.9)  Loss_cat: 1.426 (1.39)  Loss_feat: 90.74 (90.3)  Loss_gt: 2.303 (2.24) LR: 5.000e-02
2025-08-30 23:13:23,069 -                train: [    INFO] - Test: [   0/39]  Time: 0.421 (0.421)  Loss:  1.1383 (1.1383)  Acc@1: 69.1406 (69.1406)  Acc@5: 91.4062 (91.4062)
2025-08-30 23:13:26,184 -                train: [    INFO] - Test: [  39/39]  Time: 0.024 (0.088)  Loss:  1.1814 (1.2380)  Acc@1: 81.2500 (66.5200)  Acc@5: 81.2500 (91.1000)
2025-08-30 23:13:26,323 - timm.utils.checkpoint_saver: [    INFO] - Current checkpoints:
 ('./output/train/20250830-193733-mobilenetv2_vcaV2-224/checkpoint/checkpoint-75.pth.tar', 67.97)
 ('./output/train/20250830-193733-mobilenetv2_vcaV2-224/checkpoint/checkpoint-76.pth.tar', 67.14)
 ('./output/train/20250830-193733-mobilenetv2_vcaV2-224/checkpoint/checkpoint-127.pth.tar', 66.79)
 ('./output/train/20250830-193733-mobilenetv2_vcaV2-224/checkpoint/checkpoint-86.pth.tar', 66.77)
 ('./output/train/20250830-193733-mobilenetv2_vcaV2-224/checkpoint/checkpoint-118.pth.tar', 66.77)
 ('./output/train/20250830-193733-mobilenetv2_vcaV2-224/checkpoint/checkpoint-130.pth.tar', 66.63)
 ('./output/train/20250830-193733-mobilenetv2_vcaV2-224/checkpoint/checkpoint-111.pth.tar', 66.58)
 ('./output/train/20250830-193733-mobilenetv2_vcaV2-224/checkpoint/checkpoint-146.pth.tar', 66.52)
 ('./output/train/20250830-193733-mobilenetv2_vcaV2-224/checkpoint/checkpoint-52.pth.tar', 66.5)
 ('./output/train/20250830-193733-mobilenetv2_vcaV2-224/checkpoint/checkpoint-129.pth.tar', 66.36)

2025-08-30 23:13:27,080 -                train: [    INFO] - Train: 147 [   0/195 (  0%)]  Loss: 93.20 (93.2)  Loss_cat: 1.458 (1.46)  Loss_feat: 89.62 (89.6)  Loss_gt: 2.122 (2.12) LR: 5.000e-02
2025-08-30 23:14:50,582 -                train: [    INFO] - Train: 147 [ 194/195 (100%)]  Loss: 93.00 (92.4)  Loss_cat: 1.444 (1.40)  Loss_feat: 89.26 (88.7)  Loss_gt: 2.288 (2.25) LR: 5.000e-02
2025-08-30 23:14:51,010 -                train: [    INFO] - Test: [   0/39]  Time: 0.411 (0.411)  Loss:  1.1982 (1.1982)  Acc@1: 67.9688 (67.9688)  Acc@5: 92.9688 (92.9688)
2025-08-30 23:14:53,984 -                train: [    INFO] - Test: [  39/39]  Time: 0.024 (0.085)  Loss:  1.2916 (1.3129)  Acc@1: 68.7500 (64.3200)  Acc@5: 87.5000 (90.6400)
2025-08-30 23:14:54,905 -                train: [    INFO] - Train: 148 [   0/195 (  0%)]  Loss: 89.56 (89.6)  Loss_cat: 1.350 (1.35)  Loss_feat: 86.01 (86.0)  Loss_gt: 2.195 (2.20) LR: 5.000e-02
2025-08-30 23:16:19,641 -                train: [    INFO] - Train: 148 [ 194/195 (100%)]  Loss: 88.82 (90.8)  Loss_cat: 1.326 (1.40)  Loss_feat: 85.13 (87.2)  Loss_gt: 2.362 (2.24) LR: 5.000e-02
2025-08-30 23:16:20,078 -                train: [    INFO] - Test: [   0/39]  Time: 0.416 (0.416)  Loss:  1.0633 (1.0633)  Acc@1: 70.3125 (70.3125)  Acc@5: 92.9688 (92.9688)
2025-08-30 23:16:23,118 -                train: [    INFO] - Test: [  39/39]  Time: 0.022 (0.086)  Loss:  0.8622 (1.2138)  Acc@1: 81.2500 (67.0500)  Acc@5: 87.5000 (91.8200)
2025-08-30 23:16:23,259 - timm.utils.checkpoint_saver: [    INFO] - Current checkpoints:
 ('./output/train/20250830-193733-mobilenetv2_vcaV2-224/checkpoint/checkpoint-75.pth.tar', 67.97)
 ('./output/train/20250830-193733-mobilenetv2_vcaV2-224/checkpoint/checkpoint-76.pth.tar', 67.14)
 ('./output/train/20250830-193733-mobilenetv2_vcaV2-224/checkpoint/checkpoint-148.pth.tar', 67.05)
 ('./output/train/20250830-193733-mobilenetv2_vcaV2-224/checkpoint/checkpoint-127.pth.tar', 66.79)
 ('./output/train/20250830-193733-mobilenetv2_vcaV2-224/checkpoint/checkpoint-86.pth.tar', 66.77)
 ('./output/train/20250830-193733-mobilenetv2_vcaV2-224/checkpoint/checkpoint-118.pth.tar', 66.77)
 ('./output/train/20250830-193733-mobilenetv2_vcaV2-224/checkpoint/checkpoint-130.pth.tar', 66.63)
 ('./output/train/20250830-193733-mobilenetv2_vcaV2-224/checkpoint/checkpoint-111.pth.tar', 66.58)
 ('./output/train/20250830-193733-mobilenetv2_vcaV2-224/checkpoint/checkpoint-146.pth.tar', 66.52)
 ('./output/train/20250830-193733-mobilenetv2_vcaV2-224/checkpoint/checkpoint-52.pth.tar', 66.5)

2025-08-30 23:16:24,019 -                train: [    INFO] - Train: 149 [   0/195 (  0%)]  Loss: 88.81 (88.8)  Loss_cat: 1.411 (1.41)  Loss_feat: 85.14 (85.1)  Loss_gt: 2.258 (2.26) LR: 5.000e-03
2025-08-30 23:17:47,726 -                train: [    INFO] - Train: 149 [ 194/195 (100%)]  Loss: 85.56 (85.7)  Loss_cat: 1.183 (1.21)  Loss_feat: 82.19 (82.4)  Loss_gt: 2.193 (2.09) LR: 5.000e-03
2025-08-30 23:17:48,176 -                train: [    INFO] - Test: [   0/39]  Time: 0.432 (0.432)  Loss:  0.7575 (0.7575)  Acc@1: 82.0312 (82.0312)  Acc@5: 95.7031 (95.7031)
2025-08-30 23:17:51,241 -                train: [    INFO] - Test: [  39/39]  Time: 0.027 (0.087)  Loss:  0.8799 (0.8564)  Acc@1: 81.2500 (76.2500)  Acc@5: 81.2500 (95.7700)
2025-08-30 23:17:51,385 - timm.utils.checkpoint_saver: [    INFO] - Current checkpoints:
 ('./output/train/20250830-193733-mobilenetv2_vcaV2-224/checkpoint/checkpoint-149.pth.tar', 76.25)
 ('./output/train/20250830-193733-mobilenetv2_vcaV2-224/checkpoint/checkpoint-75.pth.tar', 67.97)
 ('./output/train/20250830-193733-mobilenetv2_vcaV2-224/checkpoint/checkpoint-76.pth.tar', 67.14)
 ('./output/train/20250830-193733-mobilenetv2_vcaV2-224/checkpoint/checkpoint-148.pth.tar', 67.05)
 ('./output/train/20250830-193733-mobilenetv2_vcaV2-224/checkpoint/checkpoint-127.pth.tar', 66.79)
 ('./output/train/20250830-193733-mobilenetv2_vcaV2-224/checkpoint/checkpoint-86.pth.tar', 66.77)
 ('./output/train/20250830-193733-mobilenetv2_vcaV2-224/checkpoint/checkpoint-118.pth.tar', 66.77)
 ('./output/train/20250830-193733-mobilenetv2_vcaV2-224/checkpoint/checkpoint-130.pth.tar', 66.63)
 ('./output/train/20250830-193733-mobilenetv2_vcaV2-224/checkpoint/checkpoint-111.pth.tar', 66.58)
 ('./output/train/20250830-193733-mobilenetv2_vcaV2-224/checkpoint/checkpoint-146.pth.tar', 66.52)

2025-08-30 23:17:52,133 -                train: [    INFO] - Train: 150 [   0/195 (  0%)]  Loss: 81.99 (82.0)  Loss_cat: 1.109 (1.11)  Loss_feat: 78.97 (79.0)  Loss_gt: 1.910 (1.91) LR: 5.000e-03
2025-08-30 23:19:15,866 -                train: [    INFO] - Train: 150 [ 194/195 (100%)]  Loss: 81.72 (82.9)  Loss_cat: 1.079 (1.15)  Loss_feat: 78.81 (79.8)  Loss_gt: 1.824 (2.04) LR: 5.000e-03
2025-08-30 23:19:16,304 -                train: [    INFO] - Test: [   0/39]  Time: 0.420 (0.420)  Loss:  0.7534 (0.7534)  Acc@1: 81.6406 (81.6406)  Acc@5: 96.8750 (96.8750)
2025-08-30 23:19:19,344 -                train: [    INFO] - Test: [  39/39]  Time: 0.025 (0.086)  Loss:  0.9051 (0.8427)  Acc@1: 81.2500 (76.6300)  Acc@5: 87.5000 (95.8600)
2025-08-30 23:19:19,498 - timm.utils.checkpoint_saver: [    INFO] - Current checkpoints:
 ('./output/train/20250830-193733-mobilenetv2_vcaV2-224/checkpoint/checkpoint-150.pth.tar', 76.63)
 ('./output/train/20250830-193733-mobilenetv2_vcaV2-224/checkpoint/checkpoint-149.pth.tar', 76.25)
 ('./output/train/20250830-193733-mobilenetv2_vcaV2-224/checkpoint/checkpoint-75.pth.tar', 67.97)
 ('./output/train/20250830-193733-mobilenetv2_vcaV2-224/checkpoint/checkpoint-76.pth.tar', 67.14)
 ('./output/train/20250830-193733-mobilenetv2_vcaV2-224/checkpoint/checkpoint-148.pth.tar', 67.05)
 ('./output/train/20250830-193733-mobilenetv2_vcaV2-224/checkpoint/checkpoint-127.pth.tar', 66.79)
 ('./output/train/20250830-193733-mobilenetv2_vcaV2-224/checkpoint/checkpoint-86.pth.tar', 66.77)
 ('./output/train/20250830-193733-mobilenetv2_vcaV2-224/checkpoint/checkpoint-118.pth.tar', 66.77)
 ('./output/train/20250830-193733-mobilenetv2_vcaV2-224/checkpoint/checkpoint-130.pth.tar', 66.63)
 ('./output/train/20250830-193733-mobilenetv2_vcaV2-224/checkpoint/checkpoint-111.pth.tar', 66.58)

2025-08-30 23:19:20,284 -                train: [    INFO] - Train: 151 [   0/195 (  0%)]  Loss: 80.84 (80.8)  Loss_cat: 1.135 (1.14)  Loss_feat: 77.75 (77.7)  Loss_gt: 1.955 (1.95) LR: 5.000e-03
2025-08-30 23:20:43,902 -                train: [    INFO] - Train: 151 [ 194/195 (100%)]  Loss: 80.66 (81.0)  Loss_cat: 1.123 (1.13)  Loss_feat: 77.49 (77.8)  Loss_gt: 2.047 (2.02) LR: 5.000e-03
2025-08-30 23:20:44,367 -                train: [    INFO] - Test: [   0/39]  Time: 0.445 (0.445)  Loss:  0.7615 (0.7615)  Acc@1: 80.4688 (80.4688)  Acc@5: 96.4844 (96.4844)
2025-08-30 23:20:47,373 -                train: [    INFO] - Test: [  39/39]  Time: 0.023 (0.086)  Loss:  0.8594 (0.8291)  Acc@1: 81.2500 (77.1000)  Acc@5: 81.2500 (96.1800)
2025-08-30 23:20:47,515 - timm.utils.checkpoint_saver: [    INFO] - Current checkpoints:
 ('./output/train/20250830-193733-mobilenetv2_vcaV2-224/checkpoint/checkpoint-151.pth.tar', 77.1)
 ('./output/train/20250830-193733-mobilenetv2_vcaV2-224/checkpoint/checkpoint-150.pth.tar', 76.63)
 ('./output/train/20250830-193733-mobilenetv2_vcaV2-224/checkpoint/checkpoint-149.pth.tar', 76.25)
 ('./output/train/20250830-193733-mobilenetv2_vcaV2-224/checkpoint/checkpoint-75.pth.tar', 67.97)
 ('./output/train/20250830-193733-mobilenetv2_vcaV2-224/checkpoint/checkpoint-76.pth.tar', 67.14)
 ('./output/train/20250830-193733-mobilenetv2_vcaV2-224/checkpoint/checkpoint-148.pth.tar', 67.05)
 ('./output/train/20250830-193733-mobilenetv2_vcaV2-224/checkpoint/checkpoint-127.pth.tar', 66.79)
 ('./output/train/20250830-193733-mobilenetv2_vcaV2-224/checkpoint/checkpoint-86.pth.tar', 66.77)
 ('./output/train/20250830-193733-mobilenetv2_vcaV2-224/checkpoint/checkpoint-118.pth.tar', 66.77)
 ('./output/train/20250830-193733-mobilenetv2_vcaV2-224/checkpoint/checkpoint-130.pth.tar', 66.63)

2025-08-30 23:20:48,352 -                train: [    INFO] - Train: 152 [   0/195 (  0%)]  Loss: 78.49 (78.5)  Loss_cat: 1.072 (1.07)  Loss_feat: 75.47 (75.5)  Loss_gt: 1.954 (1.95) LR: 5.000e-03
2025-08-30 23:22:11,898 -                train: [    INFO] - Train: 152 [ 194/195 (100%)]  Loss: 80.12 (79.2)  Loss_cat: 1.198 (1.11)  Loss_feat: 76.88 (76.1)  Loss_gt: 2.035 (2.01) LR: 5.000e-03
2025-08-30 23:22:12,344 -                train: [    INFO] - Test: [   0/39]  Time: 0.428 (0.428)  Loss:  0.7222 (0.7222)  Acc@1: 81.6406 (81.6406)  Acc@5: 96.0938 (96.0938)
2025-08-30 23:22:15,221 -                train: [    INFO] - Test: [  39/39]  Time: 0.022 (0.083)  Loss:  0.8612 (0.8255)  Acc@1: 81.2500 (77.2700)  Acc@5: 87.5000 (95.9600)
2025-08-30 23:22:15,402 - timm.utils.checkpoint_saver: [    INFO] - Current checkpoints:
 ('./output/train/20250830-193733-mobilenetv2_vcaV2-224/checkpoint/checkpoint-152.pth.tar', 77.27)
 ('./output/train/20250830-193733-mobilenetv2_vcaV2-224/checkpoint/checkpoint-151.pth.tar', 77.1)
 ('./output/train/20250830-193733-mobilenetv2_vcaV2-224/checkpoint/checkpoint-150.pth.tar', 76.63)
 ('./output/train/20250830-193733-mobilenetv2_vcaV2-224/checkpoint/checkpoint-149.pth.tar', 76.25)
 ('./output/train/20250830-193733-mobilenetv2_vcaV2-224/checkpoint/checkpoint-75.pth.tar', 67.97)
 ('./output/train/20250830-193733-mobilenetv2_vcaV2-224/checkpoint/checkpoint-76.pth.tar', 67.14)
 ('./output/train/20250830-193733-mobilenetv2_vcaV2-224/checkpoint/checkpoint-148.pth.tar', 67.05)
 ('./output/train/20250830-193733-mobilenetv2_vcaV2-224/checkpoint/checkpoint-127.pth.tar', 66.79)
 ('./output/train/20250830-193733-mobilenetv2_vcaV2-224/checkpoint/checkpoint-86.pth.tar', 66.77)
 ('./output/train/20250830-193733-mobilenetv2_vcaV2-224/checkpoint/checkpoint-118.pth.tar', 66.77)

2025-08-30 23:22:16,177 -                train: [    INFO] - Train: 153 [   0/195 (  0%)]  Loss: 77.47 (77.5)  Loss_cat: 1.078 (1.08)  Loss_feat: 74.42 (74.4)  Loss_gt: 1.971 (1.97) LR: 5.000e-03
2025-08-30 23:23:40,173 -                train: [    INFO] - Train: 153 [ 194/195 (100%)]  Loss: 77.23 (77.5)  Loss_cat: 1.077 (1.10)  Loss_feat: 74.18 (74.4)  Loss_gt: 1.976 (2.01) LR: 5.000e-03
2025-08-30 23:23:40,620 -                train: [    INFO] - Test: [   0/39]  Time: 0.426 (0.426)  Loss:  0.7365 (0.7365)  Acc@1: 79.2969 (79.2969)  Acc@5: 96.4844 (96.4844)
2025-08-30 23:23:43,499 -                train: [    INFO] - Test: [  39/39]  Time: 0.022 (0.083)  Loss:  0.8328 (0.8087)  Acc@1: 81.2500 (77.7300)  Acc@5: 87.5000 (96.2600)
2025-08-30 23:23:43,744 - timm.utils.checkpoint_saver: [    INFO] - Current checkpoints:
 ('./output/train/20250830-193733-mobilenetv2_vcaV2-224/checkpoint/checkpoint-153.pth.tar', 77.73)
 ('./output/train/20250830-193733-mobilenetv2_vcaV2-224/checkpoint/checkpoint-152.pth.tar', 77.27)
 ('./output/train/20250830-193733-mobilenetv2_vcaV2-224/checkpoint/checkpoint-151.pth.tar', 77.1)
 ('./output/train/20250830-193733-mobilenetv2_vcaV2-224/checkpoint/checkpoint-150.pth.tar', 76.63)
 ('./output/train/20250830-193733-mobilenetv2_vcaV2-224/checkpoint/checkpoint-149.pth.tar', 76.25)
 ('./output/train/20250830-193733-mobilenetv2_vcaV2-224/checkpoint/checkpoint-75.pth.tar', 67.97)
 ('./output/train/20250830-193733-mobilenetv2_vcaV2-224/checkpoint/checkpoint-76.pth.tar', 67.14)
 ('./output/train/20250830-193733-mobilenetv2_vcaV2-224/checkpoint/checkpoint-148.pth.tar', 67.05)
 ('./output/train/20250830-193733-mobilenetv2_vcaV2-224/checkpoint/checkpoint-127.pth.tar', 66.79)
 ('./output/train/20250830-193733-mobilenetv2_vcaV2-224/checkpoint/checkpoint-86.pth.tar', 66.77)

2025-08-30 23:23:44,495 -                train: [    INFO] - Train: 154 [   0/195 (  0%)]  Loss: 76.12 (76.1)  Loss_cat: 1.076 (1.08)  Loss_feat: 73.13 (73.1)  Loss_gt: 1.914 (1.91) LR: 5.000e-03
2025-08-30 23:25:08,504 -                train: [    INFO] - Train: 154 [ 194/195 (100%)]  Loss: 76.27 (75.9)  Loss_cat: 1.153 (1.10)  Loss_feat: 73.16 (72.8)  Loss_gt: 1.962 (1.99) LR: 5.000e-03
2025-08-30 23:25:08,917 -                train: [    INFO] - Test: [   0/39]  Time: 0.394 (0.394)  Loss:  0.7445 (0.7445)  Acc@1: 80.0781 (80.0781)  Acc@5: 96.0938 (96.0938)
2025-08-30 23:25:11,848 -                train: [    INFO] - Test: [  39/39]  Time: 0.021 (0.083)  Loss:  0.9576 (0.8100)  Acc@1: 81.2500 (77.9600)  Acc@5: 81.2500 (96.0800)
2025-08-30 23:25:11,988 - timm.utils.checkpoint_saver: [    INFO] - Current checkpoints:
 ('./output/train/20250830-193733-mobilenetv2_vcaV2-224/checkpoint/checkpoint-154.pth.tar', 77.96)
 ('./output/train/20250830-193733-mobilenetv2_vcaV2-224/checkpoint/checkpoint-153.pth.tar', 77.73)
 ('./output/train/20250830-193733-mobilenetv2_vcaV2-224/checkpoint/checkpoint-152.pth.tar', 77.27)
 ('./output/train/20250830-193733-mobilenetv2_vcaV2-224/checkpoint/checkpoint-151.pth.tar', 77.1)
 ('./output/train/20250830-193733-mobilenetv2_vcaV2-224/checkpoint/checkpoint-150.pth.tar', 76.63)
 ('./output/train/20250830-193733-mobilenetv2_vcaV2-224/checkpoint/checkpoint-149.pth.tar', 76.25)
 ('./output/train/20250830-193733-mobilenetv2_vcaV2-224/checkpoint/checkpoint-75.pth.tar', 67.97)
 ('./output/train/20250830-193733-mobilenetv2_vcaV2-224/checkpoint/checkpoint-76.pth.tar', 67.14)
 ('./output/train/20250830-193733-mobilenetv2_vcaV2-224/checkpoint/checkpoint-148.pth.tar', 67.05)
 ('./output/train/20250830-193733-mobilenetv2_vcaV2-224/checkpoint/checkpoint-127.pth.tar', 66.79)

2025-08-30 23:25:12,738 -                train: [    INFO] - Train: 155 [   0/195 (  0%)]  Loss: 75.13 (75.1)  Loss_cat: 1.119 (1.12)  Loss_feat: 71.93 (71.9)  Loss_gt: 2.085 (2.09) LR: 5.000e-03
2025-08-30 23:26:36,245 -                train: [    INFO] - Train: 155 [ 194/195 (100%)]  Loss: 74.03 (74.3)  Loss_cat: 1.051 (1.09)  Loss_feat: 71.15 (71.2)  Loss_gt: 1.825 (1.98) LR: 5.000e-03
2025-08-30 23:26:36,660 -                train: [    INFO] - Test: [   0/39]  Time: 0.395 (0.395)  Loss:  0.7251 (0.7251)  Acc@1: 82.0312 (82.0312)  Acc@5: 96.4844 (96.4844)
2025-08-30 23:26:39,554 -                train: [    INFO] - Test: [  39/39]  Time: 0.022 (0.082)  Loss:  0.8433 (0.8027)  Acc@1: 81.2500 (77.9000)  Acc@5: 87.5000 (96.2600)
2025-08-30 23:26:39,716 - timm.utils.checkpoint_saver: [    INFO] - Current checkpoints:
 ('./output/train/20250830-193733-mobilenetv2_vcaV2-224/checkpoint/checkpoint-154.pth.tar', 77.96)
 ('./output/train/20250830-193733-mobilenetv2_vcaV2-224/checkpoint/checkpoint-155.pth.tar', 77.9)
 ('./output/train/20250830-193733-mobilenetv2_vcaV2-224/checkpoint/checkpoint-153.pth.tar', 77.73)
 ('./output/train/20250830-193733-mobilenetv2_vcaV2-224/checkpoint/checkpoint-152.pth.tar', 77.27)
 ('./output/train/20250830-193733-mobilenetv2_vcaV2-224/checkpoint/checkpoint-151.pth.tar', 77.1)
 ('./output/train/20250830-193733-mobilenetv2_vcaV2-224/checkpoint/checkpoint-150.pth.tar', 76.63)
 ('./output/train/20250830-193733-mobilenetv2_vcaV2-224/checkpoint/checkpoint-149.pth.tar', 76.25)
 ('./output/train/20250830-193733-mobilenetv2_vcaV2-224/checkpoint/checkpoint-75.pth.tar', 67.97)
 ('./output/train/20250830-193733-mobilenetv2_vcaV2-224/checkpoint/checkpoint-76.pth.tar', 67.14)
 ('./output/train/20250830-193733-mobilenetv2_vcaV2-224/checkpoint/checkpoint-148.pth.tar', 67.05)

2025-08-30 23:26:40,465 -                train: [    INFO] - Train: 156 [   0/195 (  0%)]  Loss: 72.92 (72.9)  Loss_cat: 1.129 (1.13)  Loss_feat: 69.88 (69.9)  Loss_gt: 1.910 (1.91) LR: 5.000e-03
2025-08-30 23:28:03,997 -                train: [    INFO] - Train: 156 [ 194/195 (100%)]  Loss: 72.30 (72.8)  Loss_cat: 1.064 (1.08)  Loss_feat: 69.18 (69.7)  Loss_gt: 2.058 (1.98) LR: 5.000e-03
2025-08-30 23:28:04,408 -                train: [    INFO] - Test: [   0/39]  Time: 0.391 (0.391)  Loss:  0.7009 (0.7009)  Acc@1: 82.8125 (82.8125)  Acc@5: 96.4844 (96.4844)
2025-08-30 23:28:07,283 -                train: [    INFO] - Test: [  39/39]  Time: 0.021 (0.082)  Loss:  0.8705 (0.8002)  Acc@1: 81.2500 (78.1500)  Acc@5: 81.2500 (96.1500)
2025-08-30 23:28:07,453 - timm.utils.checkpoint_saver: [    INFO] - Current checkpoints:
 ('./output/train/20250830-193733-mobilenetv2_vcaV2-224/checkpoint/checkpoint-156.pth.tar', 78.15)
 ('./output/train/20250830-193733-mobilenetv2_vcaV2-224/checkpoint/checkpoint-154.pth.tar', 77.96)
 ('./output/train/20250830-193733-mobilenetv2_vcaV2-224/checkpoint/checkpoint-155.pth.tar', 77.9)
 ('./output/train/20250830-193733-mobilenetv2_vcaV2-224/checkpoint/checkpoint-153.pth.tar', 77.73)
 ('./output/train/20250830-193733-mobilenetv2_vcaV2-224/checkpoint/checkpoint-152.pth.tar', 77.27)
 ('./output/train/20250830-193733-mobilenetv2_vcaV2-224/checkpoint/checkpoint-151.pth.tar', 77.1)
 ('./output/train/20250830-193733-mobilenetv2_vcaV2-224/checkpoint/checkpoint-150.pth.tar', 76.63)
 ('./output/train/20250830-193733-mobilenetv2_vcaV2-224/checkpoint/checkpoint-149.pth.tar', 76.25)
 ('./output/train/20250830-193733-mobilenetv2_vcaV2-224/checkpoint/checkpoint-75.pth.tar', 67.97)
 ('./output/train/20250830-193733-mobilenetv2_vcaV2-224/checkpoint/checkpoint-76.pth.tar', 67.14)

2025-08-30 23:28:08,201 -                train: [    INFO] - Train: 157 [   0/195 (  0%)]  Loss: 70.85 (70.8)  Loss_cat: 1.046 (1.05)  Loss_feat: 67.84 (67.8)  Loss_gt: 1.960 (1.96) LR: 5.000e-03
2025-08-30 23:29:31,745 -                train: [    INFO] - Train: 157 [ 194/195 (100%)]  Loss: 70.61 (71.2)  Loss_cat: 1.050 (1.08)  Loss_feat: 67.71 (68.2)  Loss_gt: 1.844 (1.98) LR: 5.000e-03
2025-08-30 23:29:32,153 -                train: [    INFO] - Test: [   0/39]  Time: 0.389 (0.389)  Loss:  0.7013 (0.7013)  Acc@1: 82.8125 (82.8125)  Acc@5: 96.8750 (96.8750)
2025-08-30 23:29:35,024 -                train: [    INFO] - Test: [  39/39]  Time: 0.022 (0.082)  Loss:  0.8926 (0.7872)  Acc@1: 81.2500 (78.2200)  Acc@5: 87.5000 (96.3700)
2025-08-30 23:29:35,184 - timm.utils.checkpoint_saver: [    INFO] - Current checkpoints:
 ('./output/train/20250830-193733-mobilenetv2_vcaV2-224/checkpoint/checkpoint-157.pth.tar', 78.22)
 ('./output/train/20250830-193733-mobilenetv2_vcaV2-224/checkpoint/checkpoint-156.pth.tar', 78.15)
 ('./output/train/20250830-193733-mobilenetv2_vcaV2-224/checkpoint/checkpoint-154.pth.tar', 77.96)
 ('./output/train/20250830-193733-mobilenetv2_vcaV2-224/checkpoint/checkpoint-155.pth.tar', 77.9)
 ('./output/train/20250830-193733-mobilenetv2_vcaV2-224/checkpoint/checkpoint-153.pth.tar', 77.73)
 ('./output/train/20250830-193733-mobilenetv2_vcaV2-224/checkpoint/checkpoint-152.pth.tar', 77.27)
 ('./output/train/20250830-193733-mobilenetv2_vcaV2-224/checkpoint/checkpoint-151.pth.tar', 77.1)
 ('./output/train/20250830-193733-mobilenetv2_vcaV2-224/checkpoint/checkpoint-150.pth.tar', 76.63)
 ('./output/train/20250830-193733-mobilenetv2_vcaV2-224/checkpoint/checkpoint-149.pth.tar', 76.25)
 ('./output/train/20250830-193733-mobilenetv2_vcaV2-224/checkpoint/checkpoint-75.pth.tar', 67.97)

2025-08-30 23:29:35,940 -                train: [    INFO] - Train: 158 [   0/195 (  0%)]  Loss: 69.52 (69.5)  Loss_cat: 1.105 (1.10)  Loss_feat: 66.34 (66.3)  Loss_gt: 2.071 (2.07) LR: 5.000e-03
2025-08-30 23:30:59,638 -                train: [    INFO] - Train: 158 [ 194/195 (100%)]  Loss: 69.66 (69.8)  Loss_cat: 1.038 (1.08)  Loss_feat: 66.64 (66.7)  Loss_gt: 1.982 (1.97) LR: 5.000e-03
2025-08-30 23:31:00,076 -                train: [    INFO] - Test: [   0/39]  Time: 0.417 (0.417)  Loss:  0.7341 (0.7341)  Acc@1: 80.4688 (80.4688)  Acc@5: 96.0938 (96.0938)
2025-08-30 23:31:02,951 -                train: [    INFO] - Test: [  39/39]  Time: 0.021 (0.082)  Loss:  0.9383 (0.8018)  Acc@1: 75.0000 (77.9500)  Acc@5: 87.5000 (96.1400)
2025-08-30 23:31:03,084 - timm.utils.checkpoint_saver: [    INFO] - Current checkpoints:
 ('./output/train/20250830-193733-mobilenetv2_vcaV2-224/checkpoint/checkpoint-157.pth.tar', 78.22)
 ('./output/train/20250830-193733-mobilenetv2_vcaV2-224/checkpoint/checkpoint-156.pth.tar', 78.15)
 ('./output/train/20250830-193733-mobilenetv2_vcaV2-224/checkpoint/checkpoint-154.pth.tar', 77.96)
 ('./output/train/20250830-193733-mobilenetv2_vcaV2-224/checkpoint/checkpoint-158.pth.tar', 77.95)
 ('./output/train/20250830-193733-mobilenetv2_vcaV2-224/checkpoint/checkpoint-155.pth.tar', 77.9)
 ('./output/train/20250830-193733-mobilenetv2_vcaV2-224/checkpoint/checkpoint-153.pth.tar', 77.73)
 ('./output/train/20250830-193733-mobilenetv2_vcaV2-224/checkpoint/checkpoint-152.pth.tar', 77.27)
 ('./output/train/20250830-193733-mobilenetv2_vcaV2-224/checkpoint/checkpoint-151.pth.tar', 77.1)
 ('./output/train/20250830-193733-mobilenetv2_vcaV2-224/checkpoint/checkpoint-150.pth.tar', 76.63)
 ('./output/train/20250830-193733-mobilenetv2_vcaV2-224/checkpoint/checkpoint-149.pth.tar', 76.25)

2025-08-30 23:31:03,842 -                train: [    INFO] - Train: 159 [   0/195 (  0%)]  Loss: 68.29 (68.3)  Loss_cat: 1.037 (1.04)  Loss_feat: 65.29 (65.3)  Loss_gt: 1.962 (1.96) LR: 5.000e-03
2025-08-30 23:32:27,385 -                train: [    INFO] - Train: 159 [ 194/195 (100%)]  Loss: 68.13 (68.3)  Loss_cat: 1.051 (1.07)  Loss_feat: 65.14 (65.2)  Loss_gt: 1.947 (1.97) LR: 5.000e-03
2025-08-30 23:32:27,796 -                train: [    INFO] - Test: [   0/39]  Time: 0.390 (0.390)  Loss:  0.7015 (0.7015)  Acc@1: 83.2031 (83.2031)  Acc@5: 96.0938 (96.0938)
2025-08-30 23:32:30,745 -                train: [    INFO] - Test: [  39/39]  Time: 0.023 (0.083)  Loss:  0.9523 (0.7862)  Acc@1: 81.2500 (78.3500)  Acc@5: 87.5000 (96.4000)
2025-08-30 23:32:30,909 - timm.utils.checkpoint_saver: [    INFO] - Current checkpoints:
 ('./output/train/20250830-193733-mobilenetv2_vcaV2-224/checkpoint/checkpoint-159.pth.tar', 78.35)
 ('./output/train/20250830-193733-mobilenetv2_vcaV2-224/checkpoint/checkpoint-157.pth.tar', 78.22)
 ('./output/train/20250830-193733-mobilenetv2_vcaV2-224/checkpoint/checkpoint-156.pth.tar', 78.15)
 ('./output/train/20250830-193733-mobilenetv2_vcaV2-224/checkpoint/checkpoint-154.pth.tar', 77.96)
 ('./output/train/20250830-193733-mobilenetv2_vcaV2-224/checkpoint/checkpoint-158.pth.tar', 77.95)
 ('./output/train/20250830-193733-mobilenetv2_vcaV2-224/checkpoint/checkpoint-155.pth.tar', 77.9)
 ('./output/train/20250830-193733-mobilenetv2_vcaV2-224/checkpoint/checkpoint-153.pth.tar', 77.73)
 ('./output/train/20250830-193733-mobilenetv2_vcaV2-224/checkpoint/checkpoint-152.pth.tar', 77.27)
 ('./output/train/20250830-193733-mobilenetv2_vcaV2-224/checkpoint/checkpoint-151.pth.tar', 77.1)
 ('./output/train/20250830-193733-mobilenetv2_vcaV2-224/checkpoint/checkpoint-150.pth.tar', 76.63)

2025-08-30 23:32:31,668 -                train: [    INFO] - Train: 160 [   0/195 (  0%)]  Loss: 66.67 (66.7)  Loss_cat: 1.072 (1.07)  Loss_feat: 63.65 (63.7)  Loss_gt: 1.939 (1.94) LR: 5.000e-03
2025-08-30 23:33:55,257 -                train: [    INFO] - Train: 160 [ 194/195 (100%)]  Loss: 66.87 (66.9)  Loss_cat: 1.074 (1.07)  Loss_feat: 63.90 (63.9)  Loss_gt: 1.902 (1.96) LR: 5.000e-03
2025-08-30 23:33:55,678 -                train: [    INFO] - Test: [   0/39]  Time: 0.402 (0.402)  Loss:  0.7218 (0.7218)  Acc@1: 80.8594 (80.8594)  Acc@5: 96.4844 (96.4844)
2025-08-30 23:33:58,780 -                train: [    INFO] - Test: [  39/39]  Time: 0.023 (0.088)  Loss:  0.7842 (0.7854)  Acc@1: 81.2500 (78.1400)  Acc@5: 87.5000 (96.3900)
2025-08-30 23:33:58,915 - timm.utils.checkpoint_saver: [    INFO] - Current checkpoints:
 ('./output/train/20250830-193733-mobilenetv2_vcaV2-224/checkpoint/checkpoint-159.pth.tar', 78.35)
 ('./output/train/20250830-193733-mobilenetv2_vcaV2-224/checkpoint/checkpoint-157.pth.tar', 78.22)
 ('./output/train/20250830-193733-mobilenetv2_vcaV2-224/checkpoint/checkpoint-156.pth.tar', 78.15)
 ('./output/train/20250830-193733-mobilenetv2_vcaV2-224/checkpoint/checkpoint-160.pth.tar', 78.14)
 ('./output/train/20250830-193733-mobilenetv2_vcaV2-224/checkpoint/checkpoint-154.pth.tar', 77.96)
 ('./output/train/20250830-193733-mobilenetv2_vcaV2-224/checkpoint/checkpoint-158.pth.tar', 77.95)
 ('./output/train/20250830-193733-mobilenetv2_vcaV2-224/checkpoint/checkpoint-155.pth.tar', 77.9)
 ('./output/train/20250830-193733-mobilenetv2_vcaV2-224/checkpoint/checkpoint-153.pth.tar', 77.73)
 ('./output/train/20250830-193733-mobilenetv2_vcaV2-224/checkpoint/checkpoint-152.pth.tar', 77.27)
 ('./output/train/20250830-193733-mobilenetv2_vcaV2-224/checkpoint/checkpoint-151.pth.tar', 77.1)

2025-08-30 23:33:59,665 -                train: [    INFO] - Train: 161 [   0/195 (  0%)]  Loss: 65.47 (65.5)  Loss_cat: 1.077 (1.08)  Loss_feat: 62.56 (62.6)  Loss_gt: 1.832 (1.83) LR: 5.000e-03
2025-08-30 23:35:23,375 -                train: [    INFO] - Train: 161 [ 194/195 (100%)]  Loss: 65.18 (65.4)  Loss_cat: 1.027 (1.07)  Loss_feat: 62.15 (62.4)  Loss_gt: 2.009 (1.96) LR: 5.000e-03
2025-08-30 23:35:23,817 -                train: [    INFO] - Test: [   0/39]  Time: 0.422 (0.422)  Loss:  0.6927 (0.6927)  Acc@1: 81.2500 (81.2500)  Acc@5: 96.8750 (96.8750)
2025-08-30 23:35:26,879 -                train: [    INFO] - Test: [  39/39]  Time: 0.026 (0.087)  Loss:  0.8591 (0.7799)  Acc@1: 81.2500 (78.1100)  Acc@5: 87.5000 (96.5000)
2025-08-30 23:35:27,035 - timm.utils.checkpoint_saver: [    INFO] - Current checkpoints:
 ('./output/train/20250830-193733-mobilenetv2_vcaV2-224/checkpoint/checkpoint-159.pth.tar', 78.35)
 ('./output/train/20250830-193733-mobilenetv2_vcaV2-224/checkpoint/checkpoint-157.pth.tar', 78.22)
 ('./output/train/20250830-193733-mobilenetv2_vcaV2-224/checkpoint/checkpoint-156.pth.tar', 78.15)
 ('./output/train/20250830-193733-mobilenetv2_vcaV2-224/checkpoint/checkpoint-160.pth.tar', 78.14)
 ('./output/train/20250830-193733-mobilenetv2_vcaV2-224/checkpoint/checkpoint-161.pth.tar', 78.11)
 ('./output/train/20250830-193733-mobilenetv2_vcaV2-224/checkpoint/checkpoint-154.pth.tar', 77.96)
 ('./output/train/20250830-193733-mobilenetv2_vcaV2-224/checkpoint/checkpoint-158.pth.tar', 77.95)
 ('./output/train/20250830-193733-mobilenetv2_vcaV2-224/checkpoint/checkpoint-155.pth.tar', 77.9)
 ('./output/train/20250830-193733-mobilenetv2_vcaV2-224/checkpoint/checkpoint-153.pth.tar', 77.73)
 ('./output/train/20250830-193733-mobilenetv2_vcaV2-224/checkpoint/checkpoint-152.pth.tar', 77.27)

2025-08-30 23:35:27,791 -                train: [    INFO] - Train: 162 [   0/195 (  0%)]  Loss: 63.34 (63.3)  Loss_cat: 1.052 (1.05)  Loss_feat: 60.29 (60.3)  Loss_gt: 1.999 (2.00) LR: 5.000e-03
2025-08-30 23:36:51,340 -                train: [    INFO] - Train: 162 [ 194/195 (100%)]  Loss: 64.84 (64.0)  Loss_cat: 1.116 (1.06)  Loss_feat: 61.61 (60.9)  Loss_gt: 2.109 (1.96) LR: 5.000e-03
2025-08-30 23:36:51,772 -                train: [    INFO] - Test: [   0/39]  Time: 0.413 (0.413)  Loss:  0.7207 (0.7207)  Acc@1: 81.6406 (81.6406)  Acc@5: 96.4844 (96.4844)
2025-08-30 23:36:54,658 -                train: [    INFO] - Test: [  39/39]  Time: 0.022 (0.082)  Loss:  0.8105 (0.7848)  Acc@1: 81.2500 (78.5000)  Acc@5: 87.5000 (96.4000)
2025-08-30 23:36:54,813 - timm.utils.checkpoint_saver: [    INFO] - Current checkpoints:
 ('./output/train/20250830-193733-mobilenetv2_vcaV2-224/checkpoint/checkpoint-162.pth.tar', 78.5)
 ('./output/train/20250830-193733-mobilenetv2_vcaV2-224/checkpoint/checkpoint-159.pth.tar', 78.35)
 ('./output/train/20250830-193733-mobilenetv2_vcaV2-224/checkpoint/checkpoint-157.pth.tar', 78.22)
 ('./output/train/20250830-193733-mobilenetv2_vcaV2-224/checkpoint/checkpoint-156.pth.tar', 78.15)
 ('./output/train/20250830-193733-mobilenetv2_vcaV2-224/checkpoint/checkpoint-160.pth.tar', 78.14)
 ('./output/train/20250830-193733-mobilenetv2_vcaV2-224/checkpoint/checkpoint-161.pth.tar', 78.11)
 ('./output/train/20250830-193733-mobilenetv2_vcaV2-224/checkpoint/checkpoint-154.pth.tar', 77.96)
 ('./output/train/20250830-193733-mobilenetv2_vcaV2-224/checkpoint/checkpoint-158.pth.tar', 77.95)
 ('./output/train/20250830-193733-mobilenetv2_vcaV2-224/checkpoint/checkpoint-155.pth.tar', 77.9)
 ('./output/train/20250830-193733-mobilenetv2_vcaV2-224/checkpoint/checkpoint-153.pth.tar', 77.73)

2025-08-30 23:36:55,562 -                train: [    INFO] - Train: 163 [   0/195 (  0%)]  Loss: 63.83 (63.8)  Loss_cat: 1.173 (1.17)  Loss_feat: 60.58 (60.6)  Loss_gt: 2.076 (2.08) LR: 5.000e-03
2025-08-30 23:38:19,114 -                train: [    INFO] - Train: 163 [ 194/195 (100%)]  Loss: 62.29 (62.6)  Loss_cat: 1.065 (1.07)  Loss_feat: 59.33 (59.6)  Loss_gt: 1.899 (1.94) LR: 5.000e-03
2025-08-30 23:38:19,529 -                train: [    INFO] - Test: [   0/39]  Time: 0.398 (0.398)  Loss:  0.7142 (0.7142)  Acc@1: 79.2969 (79.2969)  Acc@5: 96.0938 (96.0938)
2025-08-30 23:38:22,581 -                train: [    INFO] - Test: [  39/39]  Time: 0.022 (0.086)  Loss:  0.8634 (0.7821)  Acc@1: 81.2500 (78.8300)  Acc@5: 87.5000 (96.3800)
2025-08-30 23:38:22,725 - timm.utils.checkpoint_saver: [    INFO] - Current checkpoints:
 ('./output/train/20250830-193733-mobilenetv2_vcaV2-224/checkpoint/checkpoint-163.pth.tar', 78.83)
 ('./output/train/20250830-193733-mobilenetv2_vcaV2-224/checkpoint/checkpoint-162.pth.tar', 78.5)
 ('./output/train/20250830-193733-mobilenetv2_vcaV2-224/checkpoint/checkpoint-159.pth.tar', 78.35)
 ('./output/train/20250830-193733-mobilenetv2_vcaV2-224/checkpoint/checkpoint-157.pth.tar', 78.22)
 ('./output/train/20250830-193733-mobilenetv2_vcaV2-224/checkpoint/checkpoint-156.pth.tar', 78.15)
 ('./output/train/20250830-193733-mobilenetv2_vcaV2-224/checkpoint/checkpoint-160.pth.tar', 78.14)
 ('./output/train/20250830-193733-mobilenetv2_vcaV2-224/checkpoint/checkpoint-161.pth.tar', 78.11)
 ('./output/train/20250830-193733-mobilenetv2_vcaV2-224/checkpoint/checkpoint-154.pth.tar', 77.96)
 ('./output/train/20250830-193733-mobilenetv2_vcaV2-224/checkpoint/checkpoint-158.pth.tar', 77.95)
 ('./output/train/20250830-193733-mobilenetv2_vcaV2-224/checkpoint/checkpoint-155.pth.tar', 77.9)

2025-08-30 23:38:23,478 -                train: [    INFO] - Train: 164 [   0/195 (  0%)]  Loss: 61.28 (61.3)  Loss_cat: 1.081 (1.08)  Loss_feat: 58.29 (58.3)  Loss_gt: 1.910 (1.91) LR: 5.000e-03
2025-08-30 23:39:47,059 -                train: [    INFO] - Train: 164 [ 194/195 (100%)]  Loss: 62.58 (61.2)  Loss_cat: 1.136 (1.06)  Loss_feat: 59.22 (58.2)  Loss_gt: 2.226 (1.96) LR: 5.000e-03
2025-08-30 23:39:47,474 -                train: [    INFO] - Test: [   0/39]  Time: 0.396 (0.396)  Loss:  0.7024 (0.7024)  Acc@1: 79.6875 (79.6875)  Acc@5: 96.4844 (96.4844)
2025-08-30 23:39:50,601 -                train: [    INFO] - Test: [  39/39]  Time: 0.026 (0.088)  Loss:  0.8296 (0.7824)  Acc@1: 81.2500 (78.5300)  Acc@5: 93.7500 (96.5200)
2025-08-30 23:39:50,738 - timm.utils.checkpoint_saver: [    INFO] - Current checkpoints:
 ('./output/train/20250830-193733-mobilenetv2_vcaV2-224/checkpoint/checkpoint-163.pth.tar', 78.83)
 ('./output/train/20250830-193733-mobilenetv2_vcaV2-224/checkpoint/checkpoint-164.pth.tar', 78.53)
 ('./output/train/20250830-193733-mobilenetv2_vcaV2-224/checkpoint/checkpoint-162.pth.tar', 78.5)
 ('./output/train/20250830-193733-mobilenetv2_vcaV2-224/checkpoint/checkpoint-159.pth.tar', 78.35)
 ('./output/train/20250830-193733-mobilenetv2_vcaV2-224/checkpoint/checkpoint-157.pth.tar', 78.22)
 ('./output/train/20250830-193733-mobilenetv2_vcaV2-224/checkpoint/checkpoint-156.pth.tar', 78.15)
 ('./output/train/20250830-193733-mobilenetv2_vcaV2-224/checkpoint/checkpoint-160.pth.tar', 78.14)
 ('./output/train/20250830-193733-mobilenetv2_vcaV2-224/checkpoint/checkpoint-161.pth.tar', 78.11)
 ('./output/train/20250830-193733-mobilenetv2_vcaV2-224/checkpoint/checkpoint-154.pth.tar', 77.96)
 ('./output/train/20250830-193733-mobilenetv2_vcaV2-224/checkpoint/checkpoint-158.pth.tar', 77.95)

2025-08-30 23:39:51,520 -                train: [    INFO] - Train: 165 [   0/195 (  0%)]  Loss: 58.77 (58.8)  Loss_cat: 0.9956 (0.996)  Loss_feat: 55.82 (55.8)  Loss_gt: 1.959 (1.96) LR: 5.000e-03
2025-08-30 23:41:15,235 -                train: [    INFO] - Train: 165 [ 194/195 (100%)]  Loss: 60.15 (59.8)  Loss_cat: 1.048 (1.06)  Loss_feat: 57.29 (56.8)  Loss_gt: 1.807 (1.94) LR: 5.000e-03
2025-08-30 23:41:15,676 -                train: [    INFO] - Test: [   0/39]  Time: 0.423 (0.423)  Loss:  0.7002 (0.7002)  Acc@1: 80.4688 (80.4688)  Acc@5: 96.0938 (96.0938)
2025-08-30 23:41:18,623 -                train: [    INFO] - Test: [  39/39]  Time: 0.022 (0.084)  Loss:  0.8237 (0.7792)  Acc@1: 81.2500 (78.5900)  Acc@5: 87.5000 (96.3200)
2025-08-30 23:41:18,769 - timm.utils.checkpoint_saver: [    INFO] - Current checkpoints:
 ('./output/train/20250830-193733-mobilenetv2_vcaV2-224/checkpoint/checkpoint-163.pth.tar', 78.83)
 ('./output/train/20250830-193733-mobilenetv2_vcaV2-224/checkpoint/checkpoint-165.pth.tar', 78.59)
 ('./output/train/20250830-193733-mobilenetv2_vcaV2-224/checkpoint/checkpoint-164.pth.tar', 78.53)
 ('./output/train/20250830-193733-mobilenetv2_vcaV2-224/checkpoint/checkpoint-162.pth.tar', 78.5)
 ('./output/train/20250830-193733-mobilenetv2_vcaV2-224/checkpoint/checkpoint-159.pth.tar', 78.35)
 ('./output/train/20250830-193733-mobilenetv2_vcaV2-224/checkpoint/checkpoint-157.pth.tar', 78.22)
 ('./output/train/20250830-193733-mobilenetv2_vcaV2-224/checkpoint/checkpoint-156.pth.tar', 78.15)
 ('./output/train/20250830-193733-mobilenetv2_vcaV2-224/checkpoint/checkpoint-160.pth.tar', 78.14)
 ('./output/train/20250830-193733-mobilenetv2_vcaV2-224/checkpoint/checkpoint-161.pth.tar', 78.11)
 ('./output/train/20250830-193733-mobilenetv2_vcaV2-224/checkpoint/checkpoint-154.pth.tar', 77.96)

2025-08-30 23:41:19,522 -                train: [    INFO] - Train: 166 [   0/195 (  0%)]  Loss: 58.58 (58.6)  Loss_cat: 1.047 (1.05)  Loss_feat: 55.65 (55.6)  Loss_gt: 1.885 (1.88) LR: 5.000e-03
2025-08-30 23:42:43,123 -                train: [    INFO] - Train: 166 [ 194/195 (100%)]  Loss: 59.03 (58.5)  Loss_cat: 1.076 (1.06)  Loss_feat: 56.02 (55.5)  Loss_gt: 1.935 (1.95) LR: 5.000e-03
2025-08-30 23:42:43,537 -                train: [    INFO] - Test: [   0/39]  Time: 0.396 (0.396)  Loss:  0.6836 (0.6836)  Acc@1: 83.2031 (83.2031)  Acc@5: 96.4844 (96.4844)
2025-08-30 23:42:46,604 -                train: [    INFO] - Test: [  39/39]  Time: 0.021 (0.087)  Loss:  0.8447 (0.7867)  Acc@1: 81.2500 (78.5700)  Acc@5: 87.5000 (96.4600)
2025-08-30 23:42:46,755 - timm.utils.checkpoint_saver: [    INFO] - Current checkpoints:
 ('./output/train/20250830-193733-mobilenetv2_vcaV2-224/checkpoint/checkpoint-163.pth.tar', 78.83)
 ('./output/train/20250830-193733-mobilenetv2_vcaV2-224/checkpoint/checkpoint-165.pth.tar', 78.59)
 ('./output/train/20250830-193733-mobilenetv2_vcaV2-224/checkpoint/checkpoint-166.pth.tar', 78.57)
 ('./output/train/20250830-193733-mobilenetv2_vcaV2-224/checkpoint/checkpoint-164.pth.tar', 78.53)
 ('./output/train/20250830-193733-mobilenetv2_vcaV2-224/checkpoint/checkpoint-162.pth.tar', 78.5)
 ('./output/train/20250830-193733-mobilenetv2_vcaV2-224/checkpoint/checkpoint-159.pth.tar', 78.35)
 ('./output/train/20250830-193733-mobilenetv2_vcaV2-224/checkpoint/checkpoint-157.pth.tar', 78.22)
 ('./output/train/20250830-193733-mobilenetv2_vcaV2-224/checkpoint/checkpoint-156.pth.tar', 78.15)
 ('./output/train/20250830-193733-mobilenetv2_vcaV2-224/checkpoint/checkpoint-160.pth.tar', 78.14)
 ('./output/train/20250830-193733-mobilenetv2_vcaV2-224/checkpoint/checkpoint-161.pth.tar', 78.11)

2025-08-30 23:42:47,506 -                train: [    INFO] - Train: 167 [   0/195 (  0%)]  Loss: 57.31 (57.3)  Loss_cat: 1.028 (1.03)  Loss_feat: 54.29 (54.3)  Loss_gt: 1.985 (1.98) LR: 5.000e-03
2025-08-30 23:44:11,084 -                train: [    INFO] - Train: 167 [ 194/195 (100%)]  Loss: 57.05 (57.1)  Loss_cat: 1.044 (1.06)  Loss_feat: 54.18 (54.1)  Loss_gt: 1.825 (1.94) LR: 5.000e-03
2025-08-30 23:44:11,494 -                train: [    INFO] - Test: [   0/39]  Time: 0.392 (0.392)  Loss:  0.6936 (0.6936)  Acc@1: 83.9844 (83.9844)  Acc@5: 96.4844 (96.4844)
2025-08-30 23:44:14,540 -                train: [    INFO] - Test: [  39/39]  Time: 0.023 (0.086)  Loss:  0.8512 (0.7823)  Acc@1: 81.2500 (78.5300)  Acc@5: 87.5000 (96.4800)
2025-08-30 23:44:14,795 - timm.utils.checkpoint_saver: [    INFO] - Current checkpoints:
 ('./output/train/20250830-193733-mobilenetv2_vcaV2-224/checkpoint/checkpoint-163.pth.tar', 78.83)
 ('./output/train/20250830-193733-mobilenetv2_vcaV2-224/checkpoint/checkpoint-165.pth.tar', 78.59)
 ('./output/train/20250830-193733-mobilenetv2_vcaV2-224/checkpoint/checkpoint-166.pth.tar', 78.57)
 ('./output/train/20250830-193733-mobilenetv2_vcaV2-224/checkpoint/checkpoint-164.pth.tar', 78.53)
 ('./output/train/20250830-193733-mobilenetv2_vcaV2-224/checkpoint/checkpoint-167.pth.tar', 78.53)
 ('./output/train/20250830-193733-mobilenetv2_vcaV2-224/checkpoint/checkpoint-162.pth.tar', 78.5)
 ('./output/train/20250830-193733-mobilenetv2_vcaV2-224/checkpoint/checkpoint-159.pth.tar', 78.35)
 ('./output/train/20250830-193733-mobilenetv2_vcaV2-224/checkpoint/checkpoint-157.pth.tar', 78.22)
 ('./output/train/20250830-193733-mobilenetv2_vcaV2-224/checkpoint/checkpoint-156.pth.tar', 78.15)
 ('./output/train/20250830-193733-mobilenetv2_vcaV2-224/checkpoint/checkpoint-160.pth.tar', 78.14)

2025-08-30 23:44:15,548 -                train: [    INFO] - Train: 168 [   0/195 (  0%)]  Loss: 56.48 (56.5)  Loss_cat: 1.071 (1.07)  Loss_feat: 53.31 (53.3)  Loss_gt: 2.094 (2.09) LR: 5.000e-03
2025-08-30 23:45:39,099 -                train: [    INFO] - Train: 168 [ 194/195 (100%)]  Loss: 55.90 (55.8)  Loss_cat: 1.069 (1.06)  Loss_feat: 53.04 (52.8)  Loss_gt: 1.795 (1.94) LR: 5.000e-03
2025-08-30 23:45:39,512 -                train: [    INFO] - Test: [   0/39]  Time: 0.394 (0.394)  Loss:  0.6712 (0.6712)  Acc@1: 84.3750 (84.3750)  Acc@5: 96.4844 (96.4844)
2025-08-30 23:45:42,561 -                train: [    INFO] - Test: [  39/39]  Time: 0.021 (0.086)  Loss:  0.7902 (0.7734)  Acc@1: 81.2500 (78.9700)  Acc@5: 81.2500 (96.4100)
2025-08-30 23:45:42,682 - timm.utils.checkpoint_saver: [    INFO] - Current checkpoints:
 ('./output/train/20250830-193733-mobilenetv2_vcaV2-224/checkpoint/checkpoint-168.pth.tar', 78.97)
 ('./output/train/20250830-193733-mobilenetv2_vcaV2-224/checkpoint/checkpoint-163.pth.tar', 78.83)
 ('./output/train/20250830-193733-mobilenetv2_vcaV2-224/checkpoint/checkpoint-165.pth.tar', 78.59)
 ('./output/train/20250830-193733-mobilenetv2_vcaV2-224/checkpoint/checkpoint-166.pth.tar', 78.57)
 ('./output/train/20250830-193733-mobilenetv2_vcaV2-224/checkpoint/checkpoint-164.pth.tar', 78.53)
 ('./output/train/20250830-193733-mobilenetv2_vcaV2-224/checkpoint/checkpoint-167.pth.tar', 78.53)
 ('./output/train/20250830-193733-mobilenetv2_vcaV2-224/checkpoint/checkpoint-162.pth.tar', 78.5)
 ('./output/train/20250830-193733-mobilenetv2_vcaV2-224/checkpoint/checkpoint-159.pth.tar', 78.35)
 ('./output/train/20250830-193733-mobilenetv2_vcaV2-224/checkpoint/checkpoint-157.pth.tar', 78.22)
 ('./output/train/20250830-193733-mobilenetv2_vcaV2-224/checkpoint/checkpoint-156.pth.tar', 78.15)

2025-08-30 23:45:43,436 -                train: [    INFO] - Train: 169 [   0/195 (  0%)]  Loss: 53.97 (54.0)  Loss_cat: 1.013 (1.01)  Loss_feat: 51.06 (51.1)  Loss_gt: 1.901 (1.90) LR: 5.000e-03
2025-08-30 23:47:07,058 -                train: [    INFO] - Train: 169 [ 194/195 (100%)]  Loss: 55.02 (54.5)  Loss_cat: 1.090 (1.05)  Loss_feat: 51.92 (51.5)  Loss_gt: 2.018 (1.93) LR: 5.000e-03
2025-08-30 23:47:07,471 -                train: [    INFO] - Test: [   0/39]  Time: 0.395 (0.395)  Loss:  0.6647 (0.6647)  Acc@1: 82.4219 (82.4219)  Acc@5: 97.2656 (97.2656)
2025-08-30 23:47:10,357 -                train: [    INFO] - Test: [  39/39]  Time: 0.021 (0.082)  Loss:  0.7530 (0.7749)  Acc@1: 81.2500 (78.6800)  Acc@5: 87.5000 (96.3500)
2025-08-30 23:47:10,493 - timm.utils.checkpoint_saver: [    INFO] - Current checkpoints:
 ('./output/train/20250830-193733-mobilenetv2_vcaV2-224/checkpoint/checkpoint-168.pth.tar', 78.97)
 ('./output/train/20250830-193733-mobilenetv2_vcaV2-224/checkpoint/checkpoint-163.pth.tar', 78.83)
 ('./output/train/20250830-193733-mobilenetv2_vcaV2-224/checkpoint/checkpoint-169.pth.tar', 78.68)
 ('./output/train/20250830-193733-mobilenetv2_vcaV2-224/checkpoint/checkpoint-165.pth.tar', 78.59)
 ('./output/train/20250830-193733-mobilenetv2_vcaV2-224/checkpoint/checkpoint-166.pth.tar', 78.57)
 ('./output/train/20250830-193733-mobilenetv2_vcaV2-224/checkpoint/checkpoint-164.pth.tar', 78.53)
 ('./output/train/20250830-193733-mobilenetv2_vcaV2-224/checkpoint/checkpoint-167.pth.tar', 78.53)
 ('./output/train/20250830-193733-mobilenetv2_vcaV2-224/checkpoint/checkpoint-162.pth.tar', 78.5)
 ('./output/train/20250830-193733-mobilenetv2_vcaV2-224/checkpoint/checkpoint-159.pth.tar', 78.35)
 ('./output/train/20250830-193733-mobilenetv2_vcaV2-224/checkpoint/checkpoint-157.pth.tar', 78.22)

2025-08-30 23:47:11,272 -                train: [    INFO] - Train: 170 [   0/195 (  0%)]  Loss: 53.13 (53.1)  Loss_cat: 1.038 (1.04)  Loss_feat: 50.19 (50.2)  Loss_gt: 1.897 (1.90) LR: 5.000e-03
2025-08-30 23:48:35,364 -                train: [    INFO] - Train: 170 [ 194/195 (100%)]  Loss: 52.45 (53.2)  Loss_cat: 1.002 (1.05)  Loss_feat: 49.52 (50.2)  Loss_gt: 1.927 (1.94) LR: 5.000e-03
2025-08-30 23:48:35,785 -                train: [    INFO] - Test: [   0/39]  Time: 0.403 (0.403)  Loss:  0.7101 (0.7101)  Acc@1: 80.8594 (80.8594)  Acc@5: 96.8750 (96.8750)
2025-08-30 23:48:38,658 -                train: [    INFO] - Test: [  39/39]  Time: 0.021 (0.082)  Loss:  0.7315 (0.7766)  Acc@1: 81.2500 (78.6400)  Acc@5: 93.7500 (96.3900)
2025-08-30 23:48:38,819 - timm.utils.checkpoint_saver: [    INFO] - Current checkpoints:
 ('./output/train/20250830-193733-mobilenetv2_vcaV2-224/checkpoint/checkpoint-168.pth.tar', 78.97)
 ('./output/train/20250830-193733-mobilenetv2_vcaV2-224/checkpoint/checkpoint-163.pth.tar', 78.83)
 ('./output/train/20250830-193733-mobilenetv2_vcaV2-224/checkpoint/checkpoint-169.pth.tar', 78.68)
 ('./output/train/20250830-193733-mobilenetv2_vcaV2-224/checkpoint/checkpoint-170.pth.tar', 78.64)
 ('./output/train/20250830-193733-mobilenetv2_vcaV2-224/checkpoint/checkpoint-165.pth.tar', 78.59)
 ('./output/train/20250830-193733-mobilenetv2_vcaV2-224/checkpoint/checkpoint-166.pth.tar', 78.57)
 ('./output/train/20250830-193733-mobilenetv2_vcaV2-224/checkpoint/checkpoint-164.pth.tar', 78.53)
 ('./output/train/20250830-193733-mobilenetv2_vcaV2-224/checkpoint/checkpoint-167.pth.tar', 78.53)
 ('./output/train/20250830-193733-mobilenetv2_vcaV2-224/checkpoint/checkpoint-162.pth.tar', 78.5)
 ('./output/train/20250830-193733-mobilenetv2_vcaV2-224/checkpoint/checkpoint-159.pth.tar', 78.35)

2025-08-30 23:48:39,595 -                train: [    INFO] - Train: 171 [   0/195 (  0%)]  Loss: 51.16 (51.2)  Loss_cat: 1.019 (1.02)  Loss_feat: 48.24 (48.2)  Loss_gt: 1.899 (1.90) LR: 5.000e-03
2025-08-30 23:50:03,156 -                train: [    INFO] - Train: 171 [ 194/195 (100%)]  Loss: 51.63 (51.9)  Loss_cat: 1.015 (1.05)  Loss_feat: 48.67 (48.9)  Loss_gt: 1.942 (1.94) LR: 5.000e-03
2025-08-30 23:50:03,571 -                train: [    INFO] - Test: [   0/39]  Time: 0.396 (0.396)  Loss:  0.6961 (0.6961)  Acc@1: 82.4219 (82.4219)  Acc@5: 96.0938 (96.0938)
2025-08-30 23:50:06,558 -                train: [    INFO] - Test: [  39/39]  Time: 0.022 (0.085)  Loss:  0.8442 (0.7771)  Acc@1: 81.2500 (78.6800)  Acc@5: 87.5000 (96.5000)
2025-08-30 23:50:06,704 - timm.utils.checkpoint_saver: [    INFO] - Current checkpoints:
 ('./output/train/20250830-193733-mobilenetv2_vcaV2-224/checkpoint/checkpoint-168.pth.tar', 78.97)
 ('./output/train/20250830-193733-mobilenetv2_vcaV2-224/checkpoint/checkpoint-163.pth.tar', 78.83)
 ('./output/train/20250830-193733-mobilenetv2_vcaV2-224/checkpoint/checkpoint-169.pth.tar', 78.68)
 ('./output/train/20250830-193733-mobilenetv2_vcaV2-224/checkpoint/checkpoint-171.pth.tar', 78.68)
 ('./output/train/20250830-193733-mobilenetv2_vcaV2-224/checkpoint/checkpoint-170.pth.tar', 78.64)
 ('./output/train/20250830-193733-mobilenetv2_vcaV2-224/checkpoint/checkpoint-165.pth.tar', 78.59)
 ('./output/train/20250830-193733-mobilenetv2_vcaV2-224/checkpoint/checkpoint-166.pth.tar', 78.57)
 ('./output/train/20250830-193733-mobilenetv2_vcaV2-224/checkpoint/checkpoint-164.pth.tar', 78.53)
 ('./output/train/20250830-193733-mobilenetv2_vcaV2-224/checkpoint/checkpoint-167.pth.tar', 78.53)
 ('./output/train/20250830-193733-mobilenetv2_vcaV2-224/checkpoint/checkpoint-162.pth.tar', 78.5)

2025-08-30 23:50:07,452 -                train: [    INFO] - Train: 172 [   0/195 (  0%)]  Loss: 50.28 (50.3)  Loss_cat: 1.005 (1.01)  Loss_feat: 47.46 (47.5)  Loss_gt: 1.806 (1.81) LR: 5.000e-03
2025-08-30 23:51:30,951 -                train: [    INFO] - Train: 172 [ 194/195 (100%)]  Loss: 51.36 (50.6)  Loss_cat: 1.090 (1.05)  Loss_feat: 48.18 (47.7)  Loss_gt: 2.090 (1.92) LR: 5.000e-03
2025-08-30 23:51:31,361 -                train: [    INFO] - Test: [   0/39]  Time: 0.392 (0.392)  Loss:  0.6548 (0.6548)  Acc@1: 82.4219 (82.4219)  Acc@5: 96.4844 (96.4844)
2025-08-30 23:51:34,247 -                train: [    INFO] - Test: [  39/39]  Time: 0.021 (0.082)  Loss:  0.8163 (0.7705)  Acc@1: 81.2500 (79.1800)  Acc@5: 93.7500 (96.4500)
2025-08-30 23:51:34,437 - timm.utils.checkpoint_saver: [    INFO] - Current checkpoints:
 ('./output/train/20250830-193733-mobilenetv2_vcaV2-224/checkpoint/checkpoint-172.pth.tar', 79.18)
 ('./output/train/20250830-193733-mobilenetv2_vcaV2-224/checkpoint/checkpoint-168.pth.tar', 78.97)
 ('./output/train/20250830-193733-mobilenetv2_vcaV2-224/checkpoint/checkpoint-163.pth.tar', 78.83)
 ('./output/train/20250830-193733-mobilenetv2_vcaV2-224/checkpoint/checkpoint-169.pth.tar', 78.68)
 ('./output/train/20250830-193733-mobilenetv2_vcaV2-224/checkpoint/checkpoint-171.pth.tar', 78.68)
 ('./output/train/20250830-193733-mobilenetv2_vcaV2-224/checkpoint/checkpoint-170.pth.tar', 78.64)
 ('./output/train/20250830-193733-mobilenetv2_vcaV2-224/checkpoint/checkpoint-165.pth.tar', 78.59)
 ('./output/train/20250830-193733-mobilenetv2_vcaV2-224/checkpoint/checkpoint-166.pth.tar', 78.57)
 ('./output/train/20250830-193733-mobilenetv2_vcaV2-224/checkpoint/checkpoint-164.pth.tar', 78.53)
 ('./output/train/20250830-193733-mobilenetv2_vcaV2-224/checkpoint/checkpoint-167.pth.tar', 78.53)

2025-08-30 23:51:35,197 -                train: [    INFO] - Train: 173 [   0/195 (  0%)]  Loss: 49.47 (49.5)  Loss_cat: 1.036 (1.04)  Loss_feat: 46.50 (46.5)  Loss_gt: 1.938 (1.94) LR: 5.000e-03
2025-08-30 23:52:58,747 -                train: [    INFO] - Train: 173 [ 194/195 (100%)]  Loss: 49.39 (49.4)  Loss_cat: 1.035 (1.05)  Loss_feat: 46.38 (46.4)  Loss_gt: 1.975 (1.92) LR: 5.000e-03
2025-08-30 23:52:59,163 -                train: [    INFO] - Test: [   0/39]  Time: 0.397 (0.397)  Loss:  0.6995 (0.6995)  Acc@1: 82.4219 (82.4219)  Acc@5: 96.0938 (96.0938)
2025-08-30 23:53:02,122 -                train: [    INFO] - Test: [  39/39]  Time: 0.021 (0.084)  Loss:  0.8157 (0.7879)  Acc@1: 81.2500 (78.4700)  Acc@5: 93.7500 (96.2800)
2025-08-30 23:53:03,030 -                train: [    INFO] - Train: 174 [   0/195 (  0%)]  Loss: 48.50 (48.5)  Loss_cat: 1.066 (1.07)  Loss_feat: 45.41 (45.4)  Loss_gt: 2.025 (2.02) LR: 5.000e-03
2025-08-30 23:54:26,684 -                train: [    INFO] - Train: 174 [ 194/195 (100%)]  Loss: 48.49 (48.2)  Loss_cat: 1.043 (1.05)  Loss_feat: 45.44 (45.2)  Loss_gt: 2.013 (1.93) LR: 5.000e-03
2025-08-30 23:54:27,094 -                train: [    INFO] - Test: [   0/39]  Time: 0.390 (0.390)  Loss:  0.6917 (0.6917)  Acc@1: 82.8125 (82.8125)  Acc@5: 96.8750 (96.8750)
2025-08-30 23:54:29,973 -                train: [    INFO] - Test: [  39/39]  Time: 0.022 (0.082)  Loss:  0.8622 (0.7724)  Acc@1: 81.2500 (79.2300)  Acc@5: 87.5000 (96.3800)
2025-08-30 23:54:30,201 - timm.utils.checkpoint_saver: [    INFO] - Current checkpoints:
 ('./output/train/20250830-193733-mobilenetv2_vcaV2-224/checkpoint/checkpoint-174.pth.tar', 79.23)
 ('./output/train/20250830-193733-mobilenetv2_vcaV2-224/checkpoint/checkpoint-172.pth.tar', 79.18)
 ('./output/train/20250830-193733-mobilenetv2_vcaV2-224/checkpoint/checkpoint-168.pth.tar', 78.97)
 ('./output/train/20250830-193733-mobilenetv2_vcaV2-224/checkpoint/checkpoint-163.pth.tar', 78.83)
 ('./output/train/20250830-193733-mobilenetv2_vcaV2-224/checkpoint/checkpoint-169.pth.tar', 78.68)
 ('./output/train/20250830-193733-mobilenetv2_vcaV2-224/checkpoint/checkpoint-171.pth.tar', 78.68)
 ('./output/train/20250830-193733-mobilenetv2_vcaV2-224/checkpoint/checkpoint-170.pth.tar', 78.64)
 ('./output/train/20250830-193733-mobilenetv2_vcaV2-224/checkpoint/checkpoint-165.pth.tar', 78.59)
 ('./output/train/20250830-193733-mobilenetv2_vcaV2-224/checkpoint/checkpoint-166.pth.tar', 78.57)
 ('./output/train/20250830-193733-mobilenetv2_vcaV2-224/checkpoint/checkpoint-164.pth.tar', 78.53)

2025-08-30 23:54:30,956 -                train: [    INFO] - Train: 175 [   0/195 (  0%)]  Loss: 47.19 (47.2)  Loss_cat: 1.071 (1.07)  Loss_feat: 44.10 (44.1)  Loss_gt: 2.019 (2.02) LR: 5.000e-03
2025-08-30 23:55:54,544 -                train: [    INFO] - Train: 175 [ 194/195 (100%)]  Loss: 47.11 (47.0)  Loss_cat: 1.043 (1.05)  Loss_feat: 43.97 (44.0)  Loss_gt: 2.091 (1.93) LR: 5.000e-03
2025-08-30 23:55:54,962 -                train: [    INFO] - Test: [   0/39]  Time: 0.400 (0.400)  Loss:  0.6860 (0.6860)  Acc@1: 82.8125 (82.8125)  Acc@5: 96.0938 (96.0938)
2025-08-30 23:55:58,190 -                train: [    INFO] - Test: [  39/39]  Time: 0.024 (0.091)  Loss:  0.7643 (0.7618)  Acc@1: 81.2500 (79.0600)  Acc@5: 87.5000 (96.5400)
2025-08-30 23:55:58,344 - timm.utils.checkpoint_saver: [    INFO] - Current checkpoints:
 ('./output/train/20250830-193733-mobilenetv2_vcaV2-224/checkpoint/checkpoint-174.pth.tar', 79.23)
 ('./output/train/20250830-193733-mobilenetv2_vcaV2-224/checkpoint/checkpoint-172.pth.tar', 79.18)
 ('./output/train/20250830-193733-mobilenetv2_vcaV2-224/checkpoint/checkpoint-175.pth.tar', 79.06)
 ('./output/train/20250830-193733-mobilenetv2_vcaV2-224/checkpoint/checkpoint-168.pth.tar', 78.97)
 ('./output/train/20250830-193733-mobilenetv2_vcaV2-224/checkpoint/checkpoint-163.pth.tar', 78.83)
 ('./output/train/20250830-193733-mobilenetv2_vcaV2-224/checkpoint/checkpoint-169.pth.tar', 78.68)
 ('./output/train/20250830-193733-mobilenetv2_vcaV2-224/checkpoint/checkpoint-171.pth.tar', 78.68)
 ('./output/train/20250830-193733-mobilenetv2_vcaV2-224/checkpoint/checkpoint-170.pth.tar', 78.64)
 ('./output/train/20250830-193733-mobilenetv2_vcaV2-224/checkpoint/checkpoint-165.pth.tar', 78.59)
 ('./output/train/20250830-193733-mobilenetv2_vcaV2-224/checkpoint/checkpoint-166.pth.tar', 78.57)

2025-08-30 23:55:59,102 -                train: [    INFO] - Train: 176 [   0/195 (  0%)]  Loss: 45.90 (45.9)  Loss_cat: 1.067 (1.07)  Loss_feat: 42.85 (42.8)  Loss_gt: 1.985 (1.99) LR: 5.000e-03
2025-08-30 23:57:22,681 -                train: [    INFO] - Train: 176 [ 194/195 (100%)]  Loss: 45.30 (45.7)  Loss_cat: 0.9978 (1.05)  Loss_feat: 42.39 (42.8)  Loss_gt: 1.912 (1.92) LR: 5.000e-03
2025-08-30 23:57:23,094 -                train: [    INFO] - Test: [   0/39]  Time: 0.393 (0.393)  Loss:  0.6776 (0.6776)  Acc@1: 82.4219 (82.4219)  Acc@5: 96.4844 (96.4844)
2025-08-30 23:57:26,264 -                train: [    INFO] - Test: [  39/39]  Time: 0.025 (0.089)  Loss:  0.8137 (0.7608)  Acc@1: 81.2500 (79.0200)  Acc@5: 93.7500 (96.4900)
2025-08-30 23:57:26,409 - timm.utils.checkpoint_saver: [    INFO] - Current checkpoints:
 ('./output/train/20250830-193733-mobilenetv2_vcaV2-224/checkpoint/checkpoint-174.pth.tar', 79.23)
 ('./output/train/20250830-193733-mobilenetv2_vcaV2-224/checkpoint/checkpoint-172.pth.tar', 79.18)
 ('./output/train/20250830-193733-mobilenetv2_vcaV2-224/checkpoint/checkpoint-175.pth.tar', 79.06)
 ('./output/train/20250830-193733-mobilenetv2_vcaV2-224/checkpoint/checkpoint-176.pth.tar', 79.02)
 ('./output/train/20250830-193733-mobilenetv2_vcaV2-224/checkpoint/checkpoint-168.pth.tar', 78.97)
 ('./output/train/20250830-193733-mobilenetv2_vcaV2-224/checkpoint/checkpoint-163.pth.tar', 78.83)
 ('./output/train/20250830-193733-mobilenetv2_vcaV2-224/checkpoint/checkpoint-169.pth.tar', 78.68)
 ('./output/train/20250830-193733-mobilenetv2_vcaV2-224/checkpoint/checkpoint-171.pth.tar', 78.68)
 ('./output/train/20250830-193733-mobilenetv2_vcaV2-224/checkpoint/checkpoint-170.pth.tar', 78.64)
 ('./output/train/20250830-193733-mobilenetv2_vcaV2-224/checkpoint/checkpoint-165.pth.tar', 78.59)

2025-08-30 23:57:27,190 -                train: [    INFO] - Train: 177 [   0/195 (  0%)]  Loss: 44.74 (44.7)  Loss_cat: 1.091 (1.09)  Loss_feat: 41.68 (41.7)  Loss_gt: 1.963 (1.96) LR: 5.000e-03
2025-08-30 23:58:50,802 -                train: [    INFO] - Train: 177 [ 194/195 (100%)]  Loss: 44.43 (44.6)  Loss_cat: 1.025 (1.05)  Loss_feat: 41.46 (41.6)  Loss_gt: 1.939 (1.92) LR: 5.000e-03
2025-08-30 23:58:51,213 -                train: [    INFO] - Test: [   0/39]  Time: 0.392 (0.392)  Loss:  0.6715 (0.6715)  Acc@1: 82.0312 (82.0312)  Acc@5: 97.2656 (97.2656)
2025-08-30 23:58:54,101 -                train: [    INFO] - Test: [  39/39]  Time: 0.022 (0.082)  Loss:  0.7645 (0.7591)  Acc@1: 81.2500 (79.2100)  Acc@5: 93.7500 (96.5200)
2025-08-30 23:58:54,228 - timm.utils.checkpoint_saver: [    INFO] - Current checkpoints:
 ('./output/train/20250830-193733-mobilenetv2_vcaV2-224/checkpoint/checkpoint-174.pth.tar', 79.23)
 ('./output/train/20250830-193733-mobilenetv2_vcaV2-224/checkpoint/checkpoint-177.pth.tar', 79.21)
 ('./output/train/20250830-193733-mobilenetv2_vcaV2-224/checkpoint/checkpoint-172.pth.tar', 79.18)
 ('./output/train/20250830-193733-mobilenetv2_vcaV2-224/checkpoint/checkpoint-175.pth.tar', 79.06)
 ('./output/train/20250830-193733-mobilenetv2_vcaV2-224/checkpoint/checkpoint-176.pth.tar', 79.02)
 ('./output/train/20250830-193733-mobilenetv2_vcaV2-224/checkpoint/checkpoint-168.pth.tar', 78.97)
 ('./output/train/20250830-193733-mobilenetv2_vcaV2-224/checkpoint/checkpoint-163.pth.tar', 78.83)
 ('./output/train/20250830-193733-mobilenetv2_vcaV2-224/checkpoint/checkpoint-169.pth.tar', 78.68)
 ('./output/train/20250830-193733-mobilenetv2_vcaV2-224/checkpoint/checkpoint-171.pth.tar', 78.68)
 ('./output/train/20250830-193733-mobilenetv2_vcaV2-224/checkpoint/checkpoint-170.pth.tar', 78.64)

2025-08-30 23:58:54,976 -                train: [    INFO] - Train: 178 [   0/195 (  0%)]  Loss: 44.19 (44.2)  Loss_cat: 1.120 (1.12)  Loss_feat: 41.05 (41.1)  Loss_gt: 2.011 (2.01) LR: 5.000e-03
2025-08-31 00:00:18,629 -                train: [    INFO] - Train: 178 [ 194/195 (100%)]  Loss: 43.57 (43.3)  Loss_cat: 1.037 (1.04)  Loss_feat: 40.49 (40.4)  Loss_gt: 2.044 (1.91) LR: 5.000e-03
2025-08-31 00:00:19,060 -                train: [    INFO] - Test: [   0/39]  Time: 0.412 (0.412)  Loss:  0.6641 (0.6641)  Acc@1: 83.9844 (83.9844)  Acc@5: 97.6562 (97.6562)
2025-08-31 00:00:22,071 -                train: [    INFO] - Test: [  39/39]  Time: 0.021 (0.086)  Loss:  0.8671 (0.7727)  Acc@1: 81.2500 (79.0800)  Acc@5: 93.7500 (96.4500)
2025-08-31 00:00:22,441 - timm.utils.checkpoint_saver: [    INFO] - Current checkpoints:
 ('./output/train/20250830-193733-mobilenetv2_vcaV2-224/checkpoint/checkpoint-174.pth.tar', 79.23)
 ('./output/train/20250830-193733-mobilenetv2_vcaV2-224/checkpoint/checkpoint-177.pth.tar', 79.21)
 ('./output/train/20250830-193733-mobilenetv2_vcaV2-224/checkpoint/checkpoint-172.pth.tar', 79.18)
 ('./output/train/20250830-193733-mobilenetv2_vcaV2-224/checkpoint/checkpoint-178.pth.tar', 79.08)
 ('./output/train/20250830-193733-mobilenetv2_vcaV2-224/checkpoint/checkpoint-175.pth.tar', 79.06)
 ('./output/train/20250830-193733-mobilenetv2_vcaV2-224/checkpoint/checkpoint-176.pth.tar', 79.02)
 ('./output/train/20250830-193733-mobilenetv2_vcaV2-224/checkpoint/checkpoint-168.pth.tar', 78.97)
 ('./output/train/20250830-193733-mobilenetv2_vcaV2-224/checkpoint/checkpoint-163.pth.tar', 78.83)
 ('./output/train/20250830-193733-mobilenetv2_vcaV2-224/checkpoint/checkpoint-169.pth.tar', 78.68)
 ('./output/train/20250830-193733-mobilenetv2_vcaV2-224/checkpoint/checkpoint-171.pth.tar', 78.68)

2025-08-31 00:00:23,183 -                train: [    INFO] - Train: 179 [   0/195 (  0%)]  Loss: 42.24 (42.2)  Loss_cat: 1.049 (1.05)  Loss_feat: 39.35 (39.4)  Loss_gt: 1.835 (1.84) LR: 5.000e-04
2025-08-31 00:01:46,746 -                train: [    INFO] - Train: 179 [ 194/195 (100%)]  Loss: 41.81 (42.0)  Loss_cat: 1.002 (1.02)  Loss_feat: 38.84 (39.1)  Loss_gt: 1.969 (1.88) LR: 5.000e-04
2025-08-31 00:01:47,155 -                train: [    INFO] - Test: [   0/39]  Time: 0.391 (0.391)  Loss:  0.6260 (0.6260)  Acc@1: 85.9375 (85.9375)  Acc@5: 97.2656 (97.2656)
2025-08-31 00:01:50,020 -                train: [    INFO] - Test: [  39/39]  Time: 0.022 (0.081)  Loss:  0.7743 (0.7319)  Acc@1: 81.2500 (79.9600)  Acc@5: 93.7500 (96.8700)
2025-08-31 00:01:50,215 - timm.utils.checkpoint_saver: [    INFO] - Current checkpoints:
 ('./output/train/20250830-193733-mobilenetv2_vcaV2-224/checkpoint/checkpoint-179.pth.tar', 79.96)
 ('./output/train/20250830-193733-mobilenetv2_vcaV2-224/checkpoint/checkpoint-174.pth.tar', 79.23)
 ('./output/train/20250830-193733-mobilenetv2_vcaV2-224/checkpoint/checkpoint-177.pth.tar', 79.21)
 ('./output/train/20250830-193733-mobilenetv2_vcaV2-224/checkpoint/checkpoint-172.pth.tar', 79.18)
 ('./output/train/20250830-193733-mobilenetv2_vcaV2-224/checkpoint/checkpoint-178.pth.tar', 79.08)
 ('./output/train/20250830-193733-mobilenetv2_vcaV2-224/checkpoint/checkpoint-175.pth.tar', 79.06)
 ('./output/train/20250830-193733-mobilenetv2_vcaV2-224/checkpoint/checkpoint-176.pth.tar', 79.02)
 ('./output/train/20250830-193733-mobilenetv2_vcaV2-224/checkpoint/checkpoint-168.pth.tar', 78.97)
 ('./output/train/20250830-193733-mobilenetv2_vcaV2-224/checkpoint/checkpoint-163.pth.tar', 78.83)
 ('./output/train/20250830-193733-mobilenetv2_vcaV2-224/checkpoint/checkpoint-169.pth.tar', 78.68)

2025-08-31 00:01:50,965 -                train: [    INFO] - Train: 180 [   0/195 (  0%)]  Loss: 40.65 (40.6)  Loss_cat: 0.9684 (0.968)  Loss_feat: 37.83 (37.8)  Loss_gt: 1.850 (1.85) LR: 5.000e-04
2025-08-31 00:03:14,469 -                train: [    INFO] - Train: 180 [ 194/195 (100%)]  Loss: 40.69 (40.8)  Loss_cat: 1.014 (1.02)  Loss_feat: 37.80 (37.9)  Loss_gt: 1.868 (1.89) LR: 5.000e-04
2025-08-31 00:03:14,884 -                train: [    INFO] - Test: [   0/39]  Time: 0.397 (0.397)  Loss:  0.6312 (0.6312)  Acc@1: 84.3750 (84.3750)  Acc@5: 97.2656 (97.2656)
2025-08-31 00:03:17,904 -                train: [    INFO] - Test: [  39/39]  Time: 0.022 (0.085)  Loss:  0.7903 (0.7295)  Acc@1: 81.2500 (80.1100)  Acc@5: 93.7500 (96.8300)
2025-08-31 00:03:18,025 - timm.utils.checkpoint_saver: [    INFO] - Current checkpoints:
 ('./output/train/20250830-193733-mobilenetv2_vcaV2-224/checkpoint/checkpoint-180.pth.tar', 80.11)
 ('./output/train/20250830-193733-mobilenetv2_vcaV2-224/checkpoint/checkpoint-179.pth.tar', 79.96)
 ('./output/train/20250830-193733-mobilenetv2_vcaV2-224/checkpoint/checkpoint-174.pth.tar', 79.23)
 ('./output/train/20250830-193733-mobilenetv2_vcaV2-224/checkpoint/checkpoint-177.pth.tar', 79.21)
 ('./output/train/20250830-193733-mobilenetv2_vcaV2-224/checkpoint/checkpoint-172.pth.tar', 79.18)
 ('./output/train/20250830-193733-mobilenetv2_vcaV2-224/checkpoint/checkpoint-178.pth.tar', 79.08)
 ('./output/train/20250830-193733-mobilenetv2_vcaV2-224/checkpoint/checkpoint-175.pth.tar', 79.06)
 ('./output/train/20250830-193733-mobilenetv2_vcaV2-224/checkpoint/checkpoint-176.pth.tar', 79.02)
 ('./output/train/20250830-193733-mobilenetv2_vcaV2-224/checkpoint/checkpoint-168.pth.tar', 78.97)
 ('./output/train/20250830-193733-mobilenetv2_vcaV2-224/checkpoint/checkpoint-163.pth.tar', 78.83)

2025-08-31 00:03:18,777 -                train: [    INFO] - Train: 181 [   0/195 (  0%)]  Loss: 39.79 (39.8)  Loss_cat: 1.044 (1.04)  Loss_feat: 36.77 (36.8)  Loss_gt: 1.979 (1.98) LR: 5.000e-04
2025-08-31 00:04:42,353 -                train: [    INFO] - Train: 181 [ 194/195 (100%)]  Loss: 39.53 (39.6)  Loss_cat: 1.009 (1.01)  Loss_feat: 36.67 (36.7)  Loss_gt: 1.850 (1.88) LR: 5.000e-04
2025-08-31 00:04:42,771 -                train: [    INFO] - Test: [   0/39]  Time: 0.399 (0.399)  Loss:  0.6345 (0.6345)  Acc@1: 84.3750 (84.3750)  Acc@5: 97.2656 (97.2656)
2025-08-31 00:04:45,671 -                train: [    INFO] - Test: [  39/39]  Time: 0.022 (0.082)  Loss:  0.7760 (0.7269)  Acc@1: 81.2500 (79.9800)  Acc@5: 87.5000 (96.7600)
2025-08-31 00:04:45,850 - timm.utils.checkpoint_saver: [    INFO] - Current checkpoints:
 ('./output/train/20250830-193733-mobilenetv2_vcaV2-224/checkpoint/checkpoint-180.pth.tar', 80.11)
 ('./output/train/20250830-193733-mobilenetv2_vcaV2-224/checkpoint/checkpoint-181.pth.tar', 79.98)
 ('./output/train/20250830-193733-mobilenetv2_vcaV2-224/checkpoint/checkpoint-179.pth.tar', 79.96)
 ('./output/train/20250830-193733-mobilenetv2_vcaV2-224/checkpoint/checkpoint-174.pth.tar', 79.23)
 ('./output/train/20250830-193733-mobilenetv2_vcaV2-224/checkpoint/checkpoint-177.pth.tar', 79.21)
 ('./output/train/20250830-193733-mobilenetv2_vcaV2-224/checkpoint/checkpoint-172.pth.tar', 79.18)
 ('./output/train/20250830-193733-mobilenetv2_vcaV2-224/checkpoint/checkpoint-178.pth.tar', 79.08)
 ('./output/train/20250830-193733-mobilenetv2_vcaV2-224/checkpoint/checkpoint-175.pth.tar', 79.06)
 ('./output/train/20250830-193733-mobilenetv2_vcaV2-224/checkpoint/checkpoint-176.pth.tar', 79.02)
 ('./output/train/20250830-193733-mobilenetv2_vcaV2-224/checkpoint/checkpoint-168.pth.tar', 78.97)

2025-08-31 00:04:46,610 -                train: [    INFO] - Train: 182 [   0/195 (  0%)]  Loss: 38.53 (38.5)  Loss_cat: 1.009 (1.01)  Loss_feat: 35.60 (35.6)  Loss_gt: 1.921 (1.92) LR: 5.000e-04
2025-08-31 00:06:10,150 -                train: [    INFO] - Train: 182 [ 194/195 (100%)]  Loss: 38.24 (38.5)  Loss_cat: 0.9771 (1.01)  Loss_feat: 35.39 (35.6)  Loss_gt: 1.872 (1.88) LR: 5.000e-04
2025-08-31 00:06:10,562 -                train: [    INFO] - Test: [   0/39]  Time: 0.393 (0.393)  Loss:  0.6377 (0.6377)  Acc@1: 82.4219 (82.4219)  Acc@5: 96.8750 (96.8750)
2025-08-31 00:06:13,467 -                train: [    INFO] - Test: [  39/39]  Time: 0.021 (0.082)  Loss:  0.7810 (0.7286)  Acc@1: 81.2500 (80.0200)  Acc@5: 93.7500 (96.8000)
2025-08-31 00:06:13,605 - timm.utils.checkpoint_saver: [    INFO] - Current checkpoints:
 ('./output/train/20250830-193733-mobilenetv2_vcaV2-224/checkpoint/checkpoint-180.pth.tar', 80.11)
 ('./output/train/20250830-193733-mobilenetv2_vcaV2-224/checkpoint/checkpoint-182.pth.tar', 80.02)
 ('./output/train/20250830-193733-mobilenetv2_vcaV2-224/checkpoint/checkpoint-181.pth.tar', 79.98)
 ('./output/train/20250830-193733-mobilenetv2_vcaV2-224/checkpoint/checkpoint-179.pth.tar', 79.96)
 ('./output/train/20250830-193733-mobilenetv2_vcaV2-224/checkpoint/checkpoint-174.pth.tar', 79.23)
 ('./output/train/20250830-193733-mobilenetv2_vcaV2-224/checkpoint/checkpoint-177.pth.tar', 79.21)
 ('./output/train/20250830-193733-mobilenetv2_vcaV2-224/checkpoint/checkpoint-172.pth.tar', 79.18)
 ('./output/train/20250830-193733-mobilenetv2_vcaV2-224/checkpoint/checkpoint-178.pth.tar', 79.08)
 ('./output/train/20250830-193733-mobilenetv2_vcaV2-224/checkpoint/checkpoint-175.pth.tar', 79.06)
 ('./output/train/20250830-193733-mobilenetv2_vcaV2-224/checkpoint/checkpoint-176.pth.tar', 79.02)

2025-08-31 00:06:14,349 -                train: [    INFO] - Train: 183 [   0/195 (  0%)]  Loss: 37.34 (37.3)  Loss_cat: 1.005 (1.01)  Loss_feat: 34.51 (34.5)  Loss_gt: 1.821 (1.82) LR: 5.000e-04
2025-08-31 00:07:37,870 -                train: [    INFO] - Train: 183 [ 194/195 (100%)]  Loss: 36.79 (37.4)  Loss_cat: 0.9930 (1.01)  Loss_feat: 33.95 (34.5)  Loss_gt: 1.845 (1.88) LR: 5.000e-04
2025-08-31 00:07:38,281 -                train: [    INFO] - Test: [   0/39]  Time: 0.393 (0.393)  Loss:  0.6325 (0.6325)  Acc@1: 84.7656 (84.7656)  Acc@5: 96.8750 (96.8750)
2025-08-31 00:07:41,144 -                train: [    INFO] - Test: [  39/39]  Time: 0.021 (0.081)  Loss:  0.8132 (0.7294)  Acc@1: 81.2500 (80.2200)  Acc@5: 93.7500 (96.7600)
2025-08-31 00:07:41,259 - timm.utils.checkpoint_saver: [    INFO] - Current checkpoints:
 ('./output/train/20250830-193733-mobilenetv2_vcaV2-224/checkpoint/checkpoint-183.pth.tar', 80.22)
 ('./output/train/20250830-193733-mobilenetv2_vcaV2-224/checkpoint/checkpoint-180.pth.tar', 80.11)
 ('./output/train/20250830-193733-mobilenetv2_vcaV2-224/checkpoint/checkpoint-182.pth.tar', 80.02)
 ('./output/train/20250830-193733-mobilenetv2_vcaV2-224/checkpoint/checkpoint-181.pth.tar', 79.98)
 ('./output/train/20250830-193733-mobilenetv2_vcaV2-224/checkpoint/checkpoint-179.pth.tar', 79.96)
 ('./output/train/20250830-193733-mobilenetv2_vcaV2-224/checkpoint/checkpoint-174.pth.tar', 79.23)
 ('./output/train/20250830-193733-mobilenetv2_vcaV2-224/checkpoint/checkpoint-177.pth.tar', 79.21)
 ('./output/train/20250830-193733-mobilenetv2_vcaV2-224/checkpoint/checkpoint-172.pth.tar', 79.18)
 ('./output/train/20250830-193733-mobilenetv2_vcaV2-224/checkpoint/checkpoint-178.pth.tar', 79.08)
 ('./output/train/20250830-193733-mobilenetv2_vcaV2-224/checkpoint/checkpoint-175.pth.tar', 79.06)

2025-08-31 00:07:42,005 -                train: [    INFO] - Train: 184 [   0/195 (  0%)]  Loss: 36.46 (36.5)  Loss_cat: 1.006 (1.01)  Loss_feat: 33.64 (33.6)  Loss_gt: 1.818 (1.82) LR: 5.000e-04
2025-08-31 00:09:05,443 -                train: [    INFO] - Train: 184 [ 194/195 (100%)]  Loss: 36.47 (36.4)  Loss_cat: 1.016 (1.01)  Loss_feat: 33.63 (33.5)  Loss_gt: 1.826 (1.87) LR: 5.000e-04
2025-08-31 00:09:05,855 -                train: [    INFO] - Test: [   0/39]  Time: 0.392 (0.392)  Loss:  0.6284 (0.6284)  Acc@1: 84.7656 (84.7656)  Acc@5: 97.2656 (97.2656)
2025-08-31 00:09:08,824 -                train: [    INFO] - Test: [  39/39]  Time: 0.023 (0.084)  Loss:  0.8222 (0.7246)  Acc@1: 81.2500 (80.1700)  Acc@5: 93.7500 (96.8500)
2025-08-31 00:09:08,947 - timm.utils.checkpoint_saver: [    INFO] - Current checkpoints:
 ('./output/train/20250830-193733-mobilenetv2_vcaV2-224/checkpoint/checkpoint-183.pth.tar', 80.22)
 ('./output/train/20250830-193733-mobilenetv2_vcaV2-224/checkpoint/checkpoint-184.pth.tar', 80.17)
 ('./output/train/20250830-193733-mobilenetv2_vcaV2-224/checkpoint/checkpoint-180.pth.tar', 80.11)
 ('./output/train/20250830-193733-mobilenetv2_vcaV2-224/checkpoint/checkpoint-182.pth.tar', 80.02)
 ('./output/train/20250830-193733-mobilenetv2_vcaV2-224/checkpoint/checkpoint-181.pth.tar', 79.98)
 ('./output/train/20250830-193733-mobilenetv2_vcaV2-224/checkpoint/checkpoint-179.pth.tar', 79.96)
 ('./output/train/20250830-193733-mobilenetv2_vcaV2-224/checkpoint/checkpoint-174.pth.tar', 79.23)
 ('./output/train/20250830-193733-mobilenetv2_vcaV2-224/checkpoint/checkpoint-177.pth.tar', 79.21)
 ('./output/train/20250830-193733-mobilenetv2_vcaV2-224/checkpoint/checkpoint-172.pth.tar', 79.18)
 ('./output/train/20250830-193733-mobilenetv2_vcaV2-224/checkpoint/checkpoint-178.pth.tar', 79.08)

2025-08-31 00:09:09,701 -                train: [    INFO] - Train: 185 [   0/195 (  0%)]  Loss: 34.97 (35.0)  Loss_cat: 0.9569 (0.957)  Loss_feat: 32.15 (32.2)  Loss_gt: 1.859 (1.86) LR: 5.000e-04
2025-08-31 00:10:33,201 -                train: [    INFO] - Train: 185 [ 194/195 (100%)]  Loss: 35.21 (35.3)  Loss_cat: 1.006 (1.01)  Loss_feat: 32.44 (32.4)  Loss_gt: 1.764 (1.88) LR: 5.000e-04
2025-08-31 00:10:33,612 -                train: [    INFO] - Test: [   0/39]  Time: 0.392 (0.392)  Loss:  0.6318 (0.6318)  Acc@1: 84.7656 (84.7656)  Acc@5: 97.6562 (97.6562)
2025-08-31 00:10:36,469 -                train: [    INFO] - Test: [  39/39]  Time: 0.022 (0.081)  Loss:  0.8038 (0.7272)  Acc@1: 81.2500 (80.1300)  Acc@5: 87.5000 (96.7800)
2025-08-31 00:10:36,606 - timm.utils.checkpoint_saver: [    INFO] - Current checkpoints:
 ('./output/train/20250830-193733-mobilenetv2_vcaV2-224/checkpoint/checkpoint-183.pth.tar', 80.22)
 ('./output/train/20250830-193733-mobilenetv2_vcaV2-224/checkpoint/checkpoint-184.pth.tar', 80.17)
 ('./output/train/20250830-193733-mobilenetv2_vcaV2-224/checkpoint/checkpoint-185.pth.tar', 80.13)
 ('./output/train/20250830-193733-mobilenetv2_vcaV2-224/checkpoint/checkpoint-180.pth.tar', 80.11)
 ('./output/train/20250830-193733-mobilenetv2_vcaV2-224/checkpoint/checkpoint-182.pth.tar', 80.02)
 ('./output/train/20250830-193733-mobilenetv2_vcaV2-224/checkpoint/checkpoint-181.pth.tar', 79.98)
 ('./output/train/20250830-193733-mobilenetv2_vcaV2-224/checkpoint/checkpoint-179.pth.tar', 79.96)
 ('./output/train/20250830-193733-mobilenetv2_vcaV2-224/checkpoint/checkpoint-174.pth.tar', 79.23)
 ('./output/train/20250830-193733-mobilenetv2_vcaV2-224/checkpoint/checkpoint-177.pth.tar', 79.21)
 ('./output/train/20250830-193733-mobilenetv2_vcaV2-224/checkpoint/checkpoint-172.pth.tar', 79.18)

2025-08-31 00:10:37,351 -                train: [    INFO] - Train: 186 [   0/195 (  0%)]  Loss: 33.83 (33.8)  Loss_cat: 0.9646 (0.965)  Loss_feat: 31.05 (31.1)  Loss_gt: 1.813 (1.81) LR: 5.000e-04
2025-08-31 00:12:00,868 -                train: [    INFO] - Train: 186 [ 194/195 (100%)]  Loss: 33.55 (34.2)  Loss_cat: 0.9571 (1.01)  Loss_feat: 30.76 (31.3)  Loss_gt: 1.839 (1.88) LR: 5.000e-04
2025-08-31 00:12:01,280 -                train: [    INFO] - Test: [   0/39]  Time: 0.395 (0.395)  Loss:  0.6351 (0.6351)  Acc@1: 84.3750 (84.3750)  Acc@5: 96.8750 (96.8750)
2025-08-31 00:12:04,178 -                train: [    INFO] - Test: [  39/39]  Time: 0.022 (0.082)  Loss:  0.7917 (0.7279)  Acc@1: 81.2500 (80.1700)  Acc@5: 93.7500 (96.7800)
2025-08-31 00:12:04,354 - timm.utils.checkpoint_saver: [    INFO] - Current checkpoints:
 ('./output/train/20250830-193733-mobilenetv2_vcaV2-224/checkpoint/checkpoint-183.pth.tar', 80.22)
 ('./output/train/20250830-193733-mobilenetv2_vcaV2-224/checkpoint/checkpoint-184.pth.tar', 80.17)
 ('./output/train/20250830-193733-mobilenetv2_vcaV2-224/checkpoint/checkpoint-186.pth.tar', 80.17)
 ('./output/train/20250830-193733-mobilenetv2_vcaV2-224/checkpoint/checkpoint-185.pth.tar', 80.13)
 ('./output/train/20250830-193733-mobilenetv2_vcaV2-224/checkpoint/checkpoint-180.pth.tar', 80.11)
 ('./output/train/20250830-193733-mobilenetv2_vcaV2-224/checkpoint/checkpoint-182.pth.tar', 80.02)
 ('./output/train/20250830-193733-mobilenetv2_vcaV2-224/checkpoint/checkpoint-181.pth.tar', 79.98)
 ('./output/train/20250830-193733-mobilenetv2_vcaV2-224/checkpoint/checkpoint-179.pth.tar', 79.96)
 ('./output/train/20250830-193733-mobilenetv2_vcaV2-224/checkpoint/checkpoint-174.pth.tar', 79.23)
 ('./output/train/20250830-193733-mobilenetv2_vcaV2-224/checkpoint/checkpoint-177.pth.tar', 79.21)

2025-08-31 00:12:05,123 -                train: [    INFO] - Train: 187 [   0/195 (  0%)]  Loss: 33.76 (33.8)  Loss_cat: 1.055 (1.06)  Loss_feat: 30.79 (30.8)  Loss_gt: 1.912 (1.91) LR: 5.000e-04
2025-08-31 00:13:28,715 -                train: [    INFO] - Train: 187 [ 194/195 (100%)]  Loss: 32.98 (33.2)  Loss_cat: 0.9923 (1.00)  Loss_feat: 30.24 (30.3)  Loss_gt: 1.754 (1.86) LR: 5.000e-04
2025-08-31 00:13:29,123 -                train: [    INFO] - Test: [   0/39]  Time: 0.388 (0.388)  Loss:  0.6220 (0.6220)  Acc@1: 85.1562 (85.1562)  Acc@5: 96.4844 (96.4844)
2025-08-31 00:13:32,003 -                train: [    INFO] - Test: [  39/39]  Time: 0.021 (0.082)  Loss:  0.7646 (0.7222)  Acc@1: 81.2500 (80.3600)  Acc@5: 93.7500 (96.7500)
2025-08-31 00:13:32,188 - timm.utils.checkpoint_saver: [    INFO] - Current checkpoints:
 ('./output/train/20250830-193733-mobilenetv2_vcaV2-224/checkpoint/checkpoint-187.pth.tar', 80.36)
 ('./output/train/20250830-193733-mobilenetv2_vcaV2-224/checkpoint/checkpoint-183.pth.tar', 80.22)
 ('./output/train/20250830-193733-mobilenetv2_vcaV2-224/checkpoint/checkpoint-184.pth.tar', 80.17)
 ('./output/train/20250830-193733-mobilenetv2_vcaV2-224/checkpoint/checkpoint-186.pth.tar', 80.17)
 ('./output/train/20250830-193733-mobilenetv2_vcaV2-224/checkpoint/checkpoint-185.pth.tar', 80.13)
 ('./output/train/20250830-193733-mobilenetv2_vcaV2-224/checkpoint/checkpoint-180.pth.tar', 80.11)
 ('./output/train/20250830-193733-mobilenetv2_vcaV2-224/checkpoint/checkpoint-182.pth.tar', 80.02)
 ('./output/train/20250830-193733-mobilenetv2_vcaV2-224/checkpoint/checkpoint-181.pth.tar', 79.98)
 ('./output/train/20250830-193733-mobilenetv2_vcaV2-224/checkpoint/checkpoint-179.pth.tar', 79.96)
 ('./output/train/20250830-193733-mobilenetv2_vcaV2-224/checkpoint/checkpoint-174.pth.tar', 79.23)

2025-08-31 00:13:32,931 -                train: [    INFO] - Train: 188 [   0/195 (  0%)]  Loss: 32.22 (32.2)  Loss_cat: 0.9786 (0.979)  Loss_feat: 29.35 (29.3)  Loss_gt: 1.889 (1.89) LR: 5.000e-04
2025-08-31 00:14:56,479 -                train: [    INFO] - Train: 188 [ 194/195 (100%)]  Loss: 32.28 (32.2)  Loss_cat: 1.003 (1.00)  Loss_feat: 29.50 (29.3)  Loss_gt: 1.781 (1.86) LR: 5.000e-04
2025-08-31 00:14:56,893 -                train: [    INFO] - Test: [   0/39]  Time: 0.395 (0.395)  Loss:  0.6366 (0.6366)  Acc@1: 83.5938 (83.5938)  Acc@5: 96.4844 (96.4844)
2025-08-31 00:14:59,803 -                train: [    INFO] - Test: [  39/39]  Time: 0.023 (0.083)  Loss:  0.7893 (0.7243)  Acc@1: 81.2500 (80.2000)  Acc@5: 87.5000 (96.8200)
2025-08-31 00:14:59,966 - timm.utils.checkpoint_saver: [    INFO] - Current checkpoints:
 ('./output/train/20250830-193733-mobilenetv2_vcaV2-224/checkpoint/checkpoint-187.pth.tar', 80.36)
 ('./output/train/20250830-193733-mobilenetv2_vcaV2-224/checkpoint/checkpoint-183.pth.tar', 80.22)
 ('./output/train/20250830-193733-mobilenetv2_vcaV2-224/checkpoint/checkpoint-188.pth.tar', 80.2)
 ('./output/train/20250830-193733-mobilenetv2_vcaV2-224/checkpoint/checkpoint-184.pth.tar', 80.17)
 ('./output/train/20250830-193733-mobilenetv2_vcaV2-224/checkpoint/checkpoint-186.pth.tar', 80.17)
 ('./output/train/20250830-193733-mobilenetv2_vcaV2-224/checkpoint/checkpoint-185.pth.tar', 80.13)
 ('./output/train/20250830-193733-mobilenetv2_vcaV2-224/checkpoint/checkpoint-180.pth.tar', 80.11)
 ('./output/train/20250830-193733-mobilenetv2_vcaV2-224/checkpoint/checkpoint-182.pth.tar', 80.02)
 ('./output/train/20250830-193733-mobilenetv2_vcaV2-224/checkpoint/checkpoint-181.pth.tar', 79.98)
 ('./output/train/20250830-193733-mobilenetv2_vcaV2-224/checkpoint/checkpoint-179.pth.tar', 79.96)

2025-08-31 00:15:00,712 -                train: [    INFO] - Train: 189 [   0/195 (  0%)]  Loss: 30.99 (31.0)  Loss_cat: 0.9960 (0.996)  Loss_feat: 28.18 (28.2)  Loss_gt: 1.821 (1.82) LR: 5.000e-04
2025-08-31 00:16:24,755 -                train: [    INFO] - Train: 189 [ 194/195 (100%)]  Loss: 30.68 (31.2)  Loss_cat: 0.9692 (1.01)  Loss_feat: 27.96 (28.3)  Loss_gt: 1.751 (1.86) LR: 5.000e-04
2025-08-31 00:16:25,163 -                train: [    INFO] - Test: [   0/39]  Time: 0.390 (0.390)  Loss:  0.6243 (0.6243)  Acc@1: 83.5938 (83.5938)  Acc@5: 96.8750 (96.8750)
2025-08-31 00:16:28,053 -                train: [    INFO] - Test: [  39/39]  Time: 0.021 (0.082)  Loss:  0.7926 (0.7195)  Acc@1: 81.2500 (80.2900)  Acc@5: 93.7500 (96.8100)
2025-08-31 00:16:28,200 - timm.utils.checkpoint_saver: [    INFO] - Current checkpoints:
 ('./output/train/20250830-193733-mobilenetv2_vcaV2-224/checkpoint/checkpoint-187.pth.tar', 80.36)
 ('./output/train/20250830-193733-mobilenetv2_vcaV2-224/checkpoint/checkpoint-189.pth.tar', 80.29)
 ('./output/train/20250830-193733-mobilenetv2_vcaV2-224/checkpoint/checkpoint-183.pth.tar', 80.22)
 ('./output/train/20250830-193733-mobilenetv2_vcaV2-224/checkpoint/checkpoint-188.pth.tar', 80.2)
 ('./output/train/20250830-193733-mobilenetv2_vcaV2-224/checkpoint/checkpoint-184.pth.tar', 80.17)
 ('./output/train/20250830-193733-mobilenetv2_vcaV2-224/checkpoint/checkpoint-186.pth.tar', 80.17)
 ('./output/train/20250830-193733-mobilenetv2_vcaV2-224/checkpoint/checkpoint-185.pth.tar', 80.13)
 ('./output/train/20250830-193733-mobilenetv2_vcaV2-224/checkpoint/checkpoint-180.pth.tar', 80.11)
 ('./output/train/20250830-193733-mobilenetv2_vcaV2-224/checkpoint/checkpoint-182.pth.tar', 80.02)
 ('./output/train/20250830-193733-mobilenetv2_vcaV2-224/checkpoint/checkpoint-181.pth.tar', 79.98)

2025-08-31 00:16:28,952 -                train: [    INFO] - Train: 190 [   0/195 (  0%)]  Loss: 29.95 (30.0)  Loss_cat: 0.9787 (0.979)  Loss_feat: 27.20 (27.2)  Loss_gt: 1.769 (1.77) LR: 5.000e-04
2025-08-31 00:17:52,666 -                train: [    INFO] - Train: 190 [ 194/195 (100%)]  Loss: 30.08 (30.2)  Loss_cat: 1.012 (1.00)  Loss_feat: 27.17 (27.3)  Loss_gt: 1.900 (1.87) LR: 5.000e-04
2025-08-31 00:17:53,085 -                train: [    INFO] - Test: [   0/39]  Time: 0.397 (0.397)  Loss:  0.6295 (0.6295)  Acc@1: 84.7656 (84.7656)  Acc@5: 98.0469 (98.0469)
2025-08-31 00:17:56,014 -                train: [    INFO] - Test: [  39/39]  Time: 0.026 (0.083)  Loss:  0.8003 (0.7217)  Acc@1: 81.2500 (80.2500)  Acc@5: 87.5000 (96.7000)
2025-08-31 00:17:56,146 - timm.utils.checkpoint_saver: [    INFO] - Current checkpoints:
 ('./output/train/20250830-193733-mobilenetv2_vcaV2-224/checkpoint/checkpoint-187.pth.tar', 80.36)
 ('./output/train/20250830-193733-mobilenetv2_vcaV2-224/checkpoint/checkpoint-189.pth.tar', 80.29)
 ('./output/train/20250830-193733-mobilenetv2_vcaV2-224/checkpoint/checkpoint-190.pth.tar', 80.25)
 ('./output/train/20250830-193733-mobilenetv2_vcaV2-224/checkpoint/checkpoint-183.pth.tar', 80.22)
 ('./output/train/20250830-193733-mobilenetv2_vcaV2-224/checkpoint/checkpoint-188.pth.tar', 80.2)
 ('./output/train/20250830-193733-mobilenetv2_vcaV2-224/checkpoint/checkpoint-184.pth.tar', 80.17)
 ('./output/train/20250830-193733-mobilenetv2_vcaV2-224/checkpoint/checkpoint-186.pth.tar', 80.17)
 ('./output/train/20250830-193733-mobilenetv2_vcaV2-224/checkpoint/checkpoint-185.pth.tar', 80.13)
 ('./output/train/20250830-193733-mobilenetv2_vcaV2-224/checkpoint/checkpoint-180.pth.tar', 80.11)
 ('./output/train/20250830-193733-mobilenetv2_vcaV2-224/checkpoint/checkpoint-182.pth.tar', 80.02)

2025-08-31 00:17:56,918 -                train: [    INFO] - Train: 191 [   0/195 (  0%)]  Loss: 29.33 (29.3)  Loss_cat: 1.006 (1.01)  Loss_feat: 26.54 (26.5)  Loss_gt: 1.785 (1.79) LR: 5.000e-04
2025-08-31 00:19:21,006 -                train: [    INFO] - Train: 191 [ 194/195 (100%)]  Loss: 29.35 (29.3)  Loss_cat: 1.028 (1.00)  Loss_feat: 26.45 (26.4)  Loss_gt: 1.864 (1.86) LR: 5.000e-04
2025-08-31 00:19:21,419 -                train: [    INFO] - Test: [   0/39]  Time: 0.395 (0.395)  Loss:  0.6336 (0.6336)  Acc@1: 84.3750 (84.3750)  Acc@5: 97.2656 (97.2656)
2025-08-31 00:19:24,289 -                train: [    INFO] - Test: [  39/39]  Time: 0.021 (0.082)  Loss:  0.8263 (0.7231)  Acc@1: 81.2500 (80.1400)  Acc@5: 87.5000 (96.7300)
2025-08-31 00:19:24,437 - timm.utils.checkpoint_saver: [    INFO] - Current checkpoints:
 ('./output/train/20250830-193733-mobilenetv2_vcaV2-224/checkpoint/checkpoint-187.pth.tar', 80.36)
 ('./output/train/20250830-193733-mobilenetv2_vcaV2-224/checkpoint/checkpoint-189.pth.tar', 80.29)
 ('./output/train/20250830-193733-mobilenetv2_vcaV2-224/checkpoint/checkpoint-190.pth.tar', 80.25)
 ('./output/train/20250830-193733-mobilenetv2_vcaV2-224/checkpoint/checkpoint-183.pth.tar', 80.22)
 ('./output/train/20250830-193733-mobilenetv2_vcaV2-224/checkpoint/checkpoint-188.pth.tar', 80.2)
 ('./output/train/20250830-193733-mobilenetv2_vcaV2-224/checkpoint/checkpoint-184.pth.tar', 80.17)
 ('./output/train/20250830-193733-mobilenetv2_vcaV2-224/checkpoint/checkpoint-186.pth.tar', 80.17)
 ('./output/train/20250830-193733-mobilenetv2_vcaV2-224/checkpoint/checkpoint-191.pth.tar', 80.14)
 ('./output/train/20250830-193733-mobilenetv2_vcaV2-224/checkpoint/checkpoint-185.pth.tar', 80.13)
 ('./output/train/20250830-193733-mobilenetv2_vcaV2-224/checkpoint/checkpoint-180.pth.tar', 80.11)

2025-08-31 00:19:25,189 -                train: [    INFO] - Train: 192 [   0/195 (  0%)]  Loss: 28.47 (28.5)  Loss_cat: 1.006 (1.01)  Loss_feat: 25.76 (25.8)  Loss_gt: 1.697 (1.70) LR: 5.000e-04
2025-08-31 00:20:49,021 -                train: [    INFO] - Train: 192 [ 194/195 (100%)]  Loss: 28.79 (28.3)  Loss_cat: 1.023 (1.00)  Loss_feat: 25.79 (25.5)  Loss_gt: 1.975 (1.86) LR: 5.000e-04
2025-08-31 00:20:49,440 -                train: [    INFO] - Test: [   0/39]  Time: 0.400 (0.400)  Loss:  0.6327 (0.6327)  Acc@1: 83.5938 (83.5938)  Acc@5: 97.2656 (97.2656)
2025-08-31 00:20:52,413 -                train: [    INFO] - Test: [  39/39]  Time: 0.025 (0.084)  Loss:  0.7690 (0.7192)  Acc@1: 81.2500 (80.4000)  Acc@5: 93.7500 (96.6800)
2025-08-31 00:20:52,619 - timm.utils.checkpoint_saver: [    INFO] - Current checkpoints:
 ('./output/train/20250830-193733-mobilenetv2_vcaV2-224/checkpoint/checkpoint-192.pth.tar', 80.4)
 ('./output/train/20250830-193733-mobilenetv2_vcaV2-224/checkpoint/checkpoint-187.pth.tar', 80.36)
 ('./output/train/20250830-193733-mobilenetv2_vcaV2-224/checkpoint/checkpoint-189.pth.tar', 80.29)
 ('./output/train/20250830-193733-mobilenetv2_vcaV2-224/checkpoint/checkpoint-190.pth.tar', 80.25)
 ('./output/train/20250830-193733-mobilenetv2_vcaV2-224/checkpoint/checkpoint-183.pth.tar', 80.22)
 ('./output/train/20250830-193733-mobilenetv2_vcaV2-224/checkpoint/checkpoint-188.pth.tar', 80.2)
 ('./output/train/20250830-193733-mobilenetv2_vcaV2-224/checkpoint/checkpoint-184.pth.tar', 80.17)
 ('./output/train/20250830-193733-mobilenetv2_vcaV2-224/checkpoint/checkpoint-186.pth.tar', 80.17)
 ('./output/train/20250830-193733-mobilenetv2_vcaV2-224/checkpoint/checkpoint-191.pth.tar', 80.14)
 ('./output/train/20250830-193733-mobilenetv2_vcaV2-224/checkpoint/checkpoint-185.pth.tar', 80.13)

2025-08-31 00:20:53,365 -                train: [    INFO] - Train: 193 [   0/195 (  0%)]  Loss: 27.64 (27.6)  Loss_cat: 1.032 (1.03)  Loss_feat: 24.65 (24.6)  Loss_gt: 1.959 (1.96) LR: 5.000e-04
2025-08-31 00:22:17,269 -                train: [    INFO] - Train: 193 [ 194/195 (100%)]  Loss: 27.29 (27.4)  Loss_cat: 0.9952 (1.00)  Loss_feat: 24.51 (24.5)  Loss_gt: 1.783 (1.86) LR: 5.000e-04
2025-08-31 00:22:17,689 -                train: [    INFO] - Test: [   0/39]  Time: 0.401 (0.401)  Loss:  0.6263 (0.6263)  Acc@1: 84.3750 (84.3750)  Acc@5: 97.6562 (97.6562)
2025-08-31 00:22:20,709 -                train: [    INFO] - Test: [  39/39]  Time: 0.022 (0.086)  Loss:  0.7648 (0.7189)  Acc@1: 81.2500 (80.3900)  Acc@5: 93.7500 (96.8400)
2025-08-31 00:22:20,866 - timm.utils.checkpoint_saver: [    INFO] - Current checkpoints:
 ('./output/train/20250830-193733-mobilenetv2_vcaV2-224/checkpoint/checkpoint-192.pth.tar', 80.4)
 ('./output/train/20250830-193733-mobilenetv2_vcaV2-224/checkpoint/checkpoint-193.pth.tar', 80.39)
 ('./output/train/20250830-193733-mobilenetv2_vcaV2-224/checkpoint/checkpoint-187.pth.tar', 80.36)
 ('./output/train/20250830-193733-mobilenetv2_vcaV2-224/checkpoint/checkpoint-189.pth.tar', 80.29)
 ('./output/train/20250830-193733-mobilenetv2_vcaV2-224/checkpoint/checkpoint-190.pth.tar', 80.25)
 ('./output/train/20250830-193733-mobilenetv2_vcaV2-224/checkpoint/checkpoint-183.pth.tar', 80.22)
 ('./output/train/20250830-193733-mobilenetv2_vcaV2-224/checkpoint/checkpoint-188.pth.tar', 80.2)
 ('./output/train/20250830-193733-mobilenetv2_vcaV2-224/checkpoint/checkpoint-184.pth.tar', 80.17)
 ('./output/train/20250830-193733-mobilenetv2_vcaV2-224/checkpoint/checkpoint-186.pth.tar', 80.17)
 ('./output/train/20250830-193733-mobilenetv2_vcaV2-224/checkpoint/checkpoint-191.pth.tar', 80.14)

2025-08-31 00:22:21,626 -                train: [    INFO] - Train: 194 [   0/195 (  0%)]  Loss: 26.11 (26.1)  Loss_cat: 0.9653 (0.965)  Loss_feat: 23.50 (23.5)  Loss_gt: 1.649 (1.65) LR: 5.000e-04
2025-08-31 00:23:45,365 -                train: [    INFO] - Train: 194 [ 194/195 (100%)]  Loss: 26.65 (26.5)  Loss_cat: 1.013 (1.00)  Loss_feat: 23.70 (23.6)  Loss_gt: 1.935 (1.86) LR: 5.000e-04
2025-08-31 00:23:45,775 -                train: [    INFO] - Test: [   0/39]  Time: 0.391 (0.391)  Loss:  0.6277 (0.6277)  Acc@1: 83.5938 (83.5938)  Acc@5: 96.8750 (96.8750)
2025-08-31 00:23:48,675 -                train: [    INFO] - Test: [  39/39]  Time: 0.022 (0.082)  Loss:  0.7823 (0.7171)  Acc@1: 81.2500 (80.4400)  Acc@5: 93.7500 (96.7700)
2025-08-31 00:23:48,821 - timm.utils.checkpoint_saver: [    INFO] - Current checkpoints:
 ('./output/train/20250830-193733-mobilenetv2_vcaV2-224/checkpoint/checkpoint-194.pth.tar', 80.44)
 ('./output/train/20250830-193733-mobilenetv2_vcaV2-224/checkpoint/checkpoint-192.pth.tar', 80.4)
 ('./output/train/20250830-193733-mobilenetv2_vcaV2-224/checkpoint/checkpoint-193.pth.tar', 80.39)
 ('./output/train/20250830-193733-mobilenetv2_vcaV2-224/checkpoint/checkpoint-187.pth.tar', 80.36)
 ('./output/train/20250830-193733-mobilenetv2_vcaV2-224/checkpoint/checkpoint-189.pth.tar', 80.29)
 ('./output/train/20250830-193733-mobilenetv2_vcaV2-224/checkpoint/checkpoint-190.pth.tar', 80.25)
 ('./output/train/20250830-193733-mobilenetv2_vcaV2-224/checkpoint/checkpoint-183.pth.tar', 80.22)
 ('./output/train/20250830-193733-mobilenetv2_vcaV2-224/checkpoint/checkpoint-188.pth.tar', 80.2)
 ('./output/train/20250830-193733-mobilenetv2_vcaV2-224/checkpoint/checkpoint-184.pth.tar', 80.17)
 ('./output/train/20250830-193733-mobilenetv2_vcaV2-224/checkpoint/checkpoint-186.pth.tar', 80.17)

2025-08-31 00:23:49,578 -                train: [    INFO] - Train: 195 [   0/195 (  0%)]  Loss: 25.71 (25.7)  Loss_cat: 1.027 (1.03)  Loss_feat: 22.81 (22.8)  Loss_gt: 1.873 (1.87) LR: 5.000e-04
2025-08-31 00:25:13,506 -                train: [    INFO] - Train: 195 [ 194/195 (100%)]  Loss: 25.96 (25.6)  Loss_cat: 1.042 (1.00)  Loss_feat: 23.15 (22.8)  Loss_gt: 1.765 (1.85) LR: 5.000e-04
2025-08-31 00:25:13,916 -                train: [    INFO] - Test: [   0/39]  Time: 0.390 (0.390)  Loss:  0.6309 (0.6309)  Acc@1: 84.3750 (84.3750)  Acc@5: 96.4844 (96.4844)
2025-08-31 00:25:16,801 -                train: [    INFO] - Test: [  39/39]  Time: 0.022 (0.082)  Loss:  0.7884 (0.7191)  Acc@1: 81.2500 (80.4200)  Acc@5: 93.7500 (96.7300)
2025-08-31 00:25:17,040 - timm.utils.checkpoint_saver: [    INFO] - Current checkpoints:
 ('./output/train/20250830-193733-mobilenetv2_vcaV2-224/checkpoint/checkpoint-194.pth.tar', 80.44)
 ('./output/train/20250830-193733-mobilenetv2_vcaV2-224/checkpoint/checkpoint-195.pth.tar', 80.42)
 ('./output/train/20250830-193733-mobilenetv2_vcaV2-224/checkpoint/checkpoint-192.pth.tar', 80.4)
 ('./output/train/20250830-193733-mobilenetv2_vcaV2-224/checkpoint/checkpoint-193.pth.tar', 80.39)
 ('./output/train/20250830-193733-mobilenetv2_vcaV2-224/checkpoint/checkpoint-187.pth.tar', 80.36)
 ('./output/train/20250830-193733-mobilenetv2_vcaV2-224/checkpoint/checkpoint-189.pth.tar', 80.29)
 ('./output/train/20250830-193733-mobilenetv2_vcaV2-224/checkpoint/checkpoint-190.pth.tar', 80.25)
 ('./output/train/20250830-193733-mobilenetv2_vcaV2-224/checkpoint/checkpoint-183.pth.tar', 80.22)
 ('./output/train/20250830-193733-mobilenetv2_vcaV2-224/checkpoint/checkpoint-188.pth.tar', 80.2)
 ('./output/train/20250830-193733-mobilenetv2_vcaV2-224/checkpoint/checkpoint-184.pth.tar', 80.17)

2025-08-31 00:25:17,816 -                train: [    INFO] - Train: 196 [   0/195 (  0%)]  Loss: 24.81 (24.8)  Loss_cat: 1.029 (1.03)  Loss_feat: 21.85 (21.8)  Loss_gt: 1.936 (1.94) LR: 5.000e-04
2025-08-31 00:26:41,433 -                train: [    INFO] - Train: 196 [ 194/195 (100%)]  Loss: 25.14 (24.7)  Loss_cat: 1.069 (1.00)  Loss_feat: 22.11 (21.9)  Loss_gt: 1.958 (1.86) LR: 5.000e-04
2025-08-31 00:26:41,849 -                train: [    INFO] - Test: [   0/39]  Time: 0.399 (0.399)  Loss:  0.6308 (0.6308)  Acc@1: 83.5938 (83.5938)  Acc@5: 96.4844 (96.4844)
2025-08-31 00:26:44,841 -                train: [    INFO] - Test: [  39/39]  Time: 0.023 (0.085)  Loss:  0.8076 (0.7162)  Acc@1: 81.2500 (80.4900)  Acc@5: 93.7500 (96.8300)
2025-08-31 00:26:44,976 - timm.utils.checkpoint_saver: [    INFO] - Current checkpoints:
 ('./output/train/20250830-193733-mobilenetv2_vcaV2-224/checkpoint/checkpoint-196.pth.tar', 80.49)
 ('./output/train/20250830-193733-mobilenetv2_vcaV2-224/checkpoint/checkpoint-194.pth.tar', 80.44)
 ('./output/train/20250830-193733-mobilenetv2_vcaV2-224/checkpoint/checkpoint-195.pth.tar', 80.42)
 ('./output/train/20250830-193733-mobilenetv2_vcaV2-224/checkpoint/checkpoint-192.pth.tar', 80.4)
 ('./output/train/20250830-193733-mobilenetv2_vcaV2-224/checkpoint/checkpoint-193.pth.tar', 80.39)
 ('./output/train/20250830-193733-mobilenetv2_vcaV2-224/checkpoint/checkpoint-187.pth.tar', 80.36)
 ('./output/train/20250830-193733-mobilenetv2_vcaV2-224/checkpoint/checkpoint-189.pth.tar', 80.29)
 ('./output/train/20250830-193733-mobilenetv2_vcaV2-224/checkpoint/checkpoint-190.pth.tar', 80.25)
 ('./output/train/20250830-193733-mobilenetv2_vcaV2-224/checkpoint/checkpoint-183.pth.tar', 80.22)
 ('./output/train/20250830-193733-mobilenetv2_vcaV2-224/checkpoint/checkpoint-188.pth.tar', 80.2)

2025-08-31 00:26:45,765 -                train: [    INFO] - Train: 197 [   0/195 (  0%)]  Loss: 23.89 (23.9)  Loss_cat: 1.023 (1.02)  Loss_feat: 21.09 (21.1)  Loss_gt: 1.773 (1.77) LR: 5.000e-04
2025-08-31 00:28:09,461 -                train: [    INFO] - Train: 197 [ 194/195 (100%)]  Loss: 23.85 (23.9)  Loss_cat: 0.9636 (1.01)  Loss_feat: 20.94 (21.0)  Loss_gt: 1.951 (1.86) LR: 5.000e-04
2025-08-31 00:28:09,870 -                train: [    INFO] - Test: [   0/39]  Time: 0.392 (0.392)  Loss:  0.6318 (0.6318)  Acc@1: 81.6406 (81.6406)  Acc@5: 97.2656 (97.2656)
2025-08-31 00:28:12,774 -                train: [    INFO] - Test: [  39/39]  Time: 0.021 (0.082)  Loss:  0.7776 (0.7180)  Acc@1: 81.2500 (80.2700)  Acc@5: 93.7500 (96.7500)
2025-08-31 00:28:13,057 - timm.utils.checkpoint_saver: [    INFO] - Current checkpoints:
 ('./output/train/20250830-193733-mobilenetv2_vcaV2-224/checkpoint/checkpoint-196.pth.tar', 80.49)
 ('./output/train/20250830-193733-mobilenetv2_vcaV2-224/checkpoint/checkpoint-194.pth.tar', 80.44)
 ('./output/train/20250830-193733-mobilenetv2_vcaV2-224/checkpoint/checkpoint-195.pth.tar', 80.42)
 ('./output/train/20250830-193733-mobilenetv2_vcaV2-224/checkpoint/checkpoint-192.pth.tar', 80.4)
 ('./output/train/20250830-193733-mobilenetv2_vcaV2-224/checkpoint/checkpoint-193.pth.tar', 80.39)
 ('./output/train/20250830-193733-mobilenetv2_vcaV2-224/checkpoint/checkpoint-187.pth.tar', 80.36)
 ('./output/train/20250830-193733-mobilenetv2_vcaV2-224/checkpoint/checkpoint-189.pth.tar', 80.29)
 ('./output/train/20250830-193733-mobilenetv2_vcaV2-224/checkpoint/checkpoint-197.pth.tar', 80.27)
 ('./output/train/20250830-193733-mobilenetv2_vcaV2-224/checkpoint/checkpoint-190.pth.tar', 80.25)
 ('./output/train/20250830-193733-mobilenetv2_vcaV2-224/checkpoint/checkpoint-183.pth.tar', 80.22)

2025-08-31 00:28:13,897 -                train: [    INFO] - Train: 198 [   0/195 (  0%)]  Loss: 22.54 (22.5)  Loss_cat: 0.9420 (0.942)  Loss_feat: 19.78 (19.8)  Loss_gt: 1.822 (1.82) LR: 5.000e-04
2025-08-31 00:29:37,943 -                train: [    INFO] - Train: 198 [ 194/195 (100%)]  Loss: 22.61 (23.1)  Loss_cat: 0.9536 (1.00)  Loss_feat: 19.99 (20.2)  Loss_gt: 1.673 (1.85) LR: 5.000e-04
2025-08-31 00:29:38,379 -                train: [    INFO] - Test: [   0/39]  Time: 0.414 (0.414)  Loss:  0.6301 (0.6301)  Acc@1: 83.9844 (83.9844)  Acc@5: 97.2656 (97.2656)
2025-08-31 00:29:41,244 -                train: [    INFO] - Test: [  39/39]  Time: 0.022 (0.082)  Loss:  0.7547 (0.7123)  Acc@1: 81.2500 (80.4400)  Acc@5: 93.7500 (96.9000)
2025-08-31 00:29:41,392 - timm.utils.checkpoint_saver: [    INFO] - Current checkpoints:
 ('./output/train/20250830-193733-mobilenetv2_vcaV2-224/checkpoint/checkpoint-196.pth.tar', 80.49)
 ('./output/train/20250830-193733-mobilenetv2_vcaV2-224/checkpoint/checkpoint-194.pth.tar', 80.44)
 ('./output/train/20250830-193733-mobilenetv2_vcaV2-224/checkpoint/checkpoint-198.pth.tar', 80.44)
 ('./output/train/20250830-193733-mobilenetv2_vcaV2-224/checkpoint/checkpoint-195.pth.tar', 80.42)
 ('./output/train/20250830-193733-mobilenetv2_vcaV2-224/checkpoint/checkpoint-192.pth.tar', 80.4)
 ('./output/train/20250830-193733-mobilenetv2_vcaV2-224/checkpoint/checkpoint-193.pth.tar', 80.39)
 ('./output/train/20250830-193733-mobilenetv2_vcaV2-224/checkpoint/checkpoint-187.pth.tar', 80.36)
 ('./output/train/20250830-193733-mobilenetv2_vcaV2-224/checkpoint/checkpoint-189.pth.tar', 80.29)
 ('./output/train/20250830-193733-mobilenetv2_vcaV2-224/checkpoint/checkpoint-197.pth.tar', 80.27)
 ('./output/train/20250830-193733-mobilenetv2_vcaV2-224/checkpoint/checkpoint-190.pth.tar', 80.25)

2025-08-31 00:29:42,153 -                train: [    INFO] - Train: 199 [   0/195 (  0%)]  Loss: 21.58 (21.6)  Loss_cat: 0.9306 (0.931)  Loss_feat: 19.00 (19.0)  Loss_gt: 1.656 (1.66) LR: 5.000e-04
2025-08-31 00:31:06,508 -                train: [    INFO] - Train: 199 [ 194/195 (100%)]  Loss: 22.53 (22.2)  Loss_cat: 1.055 (1.00)  Loss_feat: 19.57 (19.4)  Loss_gt: 1.906 (1.85) LR: 5.000e-04
2025-08-31 00:31:06,928 -                train: [    INFO] - Test: [   0/39]  Time: 0.393 (0.393)  Loss:  0.6262 (0.6262)  Acc@1: 83.9844 (83.9844)  Acc@5: 96.8750 (96.8750)
2025-08-31 00:31:09,813 -                train: [    INFO] - Test: [  39/39]  Time: 0.022 (0.082)  Loss:  0.7683 (0.7149)  Acc@1: 81.2500 (80.4600)  Acc@5: 93.7500 (96.8300)
2025-08-31 00:31:09,952 - timm.utils.checkpoint_saver: [    INFO] - Current checkpoints:
 ('./output/train/20250830-193733-mobilenetv2_vcaV2-224/checkpoint/checkpoint-196.pth.tar', 80.49)
 ('./output/train/20250830-193733-mobilenetv2_vcaV2-224/checkpoint/checkpoint-199.pth.tar', 80.46)
 ('./output/train/20250830-193733-mobilenetv2_vcaV2-224/checkpoint/checkpoint-194.pth.tar', 80.44)
 ('./output/train/20250830-193733-mobilenetv2_vcaV2-224/checkpoint/checkpoint-198.pth.tar', 80.44)
 ('./output/train/20250830-193733-mobilenetv2_vcaV2-224/checkpoint/checkpoint-195.pth.tar', 80.42)
 ('./output/train/20250830-193733-mobilenetv2_vcaV2-224/checkpoint/checkpoint-192.pth.tar', 80.4)
 ('./output/train/20250830-193733-mobilenetv2_vcaV2-224/checkpoint/checkpoint-193.pth.tar', 80.39)
 ('./output/train/20250830-193733-mobilenetv2_vcaV2-224/checkpoint/checkpoint-187.pth.tar', 80.36)
 ('./output/train/20250830-193733-mobilenetv2_vcaV2-224/checkpoint/checkpoint-189.pth.tar', 80.29)
 ('./output/train/20250830-193733-mobilenetv2_vcaV2-224/checkpoint/checkpoint-197.pth.tar', 80.27)

2025-08-31 00:31:10,700 -                train: [    INFO] - Train: 200 [   0/195 (  0%)]  Loss: 21.33 (21.3)  Loss_cat: 0.9830 (0.983)  Loss_feat: 18.47 (18.5)  Loss_gt: 1.878 (1.88) LR: 5.000e-04
2025-08-31 00:32:34,523 -                train: [    INFO] - Train: 200 [ 194/195 (100%)]  Loss: 21.13 (21.4)  Loss_cat: 0.9718 (0.997)  Loss_feat: 18.42 (18.6)  Loss_gt: 1.735 (1.84) LR: 5.000e-04
2025-08-31 00:32:34,943 -                train: [    INFO] - Test: [   0/39]  Time: 0.397 (0.397)  Loss:  0.6394 (0.6394)  Acc@1: 83.2031 (83.2031)  Acc@5: 96.4844 (96.4844)
2025-08-31 00:32:37,846 -                train: [    INFO] - Test: [  39/39]  Time: 0.021 (0.083)  Loss:  0.7473 (0.7178)  Acc@1: 81.2500 (80.4900)  Acc@5: 93.7500 (96.7300)
2025-08-31 00:32:37,995 - timm.utils.checkpoint_saver: [    INFO] - Current checkpoints:
 ('./output/train/20250830-193733-mobilenetv2_vcaV2-224/checkpoint/checkpoint-196.pth.tar', 80.49)
 ('./output/train/20250830-193733-mobilenetv2_vcaV2-224/checkpoint/checkpoint-200.pth.tar', 80.49)
 ('./output/train/20250830-193733-mobilenetv2_vcaV2-224/checkpoint/checkpoint-199.pth.tar', 80.46)
 ('./output/train/20250830-193733-mobilenetv2_vcaV2-224/checkpoint/checkpoint-194.pth.tar', 80.44)
 ('./output/train/20250830-193733-mobilenetv2_vcaV2-224/checkpoint/checkpoint-198.pth.tar', 80.44)
 ('./output/train/20250830-193733-mobilenetv2_vcaV2-224/checkpoint/checkpoint-195.pth.tar', 80.42)
 ('./output/train/20250830-193733-mobilenetv2_vcaV2-224/checkpoint/checkpoint-192.pth.tar', 80.4)
 ('./output/train/20250830-193733-mobilenetv2_vcaV2-224/checkpoint/checkpoint-193.pth.tar', 80.39)
 ('./output/train/20250830-193733-mobilenetv2_vcaV2-224/checkpoint/checkpoint-187.pth.tar', 80.36)
 ('./output/train/20250830-193733-mobilenetv2_vcaV2-224/checkpoint/checkpoint-189.pth.tar', 80.29)

2025-08-31 00:32:38,747 -                train: [    INFO] - Train: 201 [   0/195 (  0%)]  Loss: 20.59 (20.6)  Loss_cat: 0.9796 (0.980)  Loss_feat: 17.77 (17.8)  Loss_gt: 1.840 (1.84) LR: 5.000e-04
2025-08-31 00:34:02,738 -                train: [    INFO] - Train: 201 [ 194/195 (100%)]  Loss: 20.84 (20.6)  Loss_cat: 1.026 (0.999)  Loss_feat: 18.05 (17.8)  Loss_gt: 1.770 (1.84) LR: 5.000e-04
2025-08-31 00:34:03,156 -                train: [    INFO] - Test: [   0/39]  Time: 0.396 (0.396)  Loss:  0.6279 (0.6279)  Acc@1: 84.3750 (84.3750)  Acc@5: 96.4844 (96.4844)
2025-08-31 00:34:06,085 -                train: [    INFO] - Test: [  39/39]  Time: 0.022 (0.083)  Loss:  0.7592 (0.7170)  Acc@1: 81.2500 (80.5200)  Acc@5: 93.7500 (96.7700)
2025-08-31 00:34:06,230 - timm.utils.checkpoint_saver: [    INFO] - Current checkpoints:
 ('./output/train/20250830-193733-mobilenetv2_vcaV2-224/checkpoint/checkpoint-201.pth.tar', 80.52)
 ('./output/train/20250830-193733-mobilenetv2_vcaV2-224/checkpoint/checkpoint-196.pth.tar', 80.49)
 ('./output/train/20250830-193733-mobilenetv2_vcaV2-224/checkpoint/checkpoint-200.pth.tar', 80.49)
 ('./output/train/20250830-193733-mobilenetv2_vcaV2-224/checkpoint/checkpoint-199.pth.tar', 80.46)
 ('./output/train/20250830-193733-mobilenetv2_vcaV2-224/checkpoint/checkpoint-194.pth.tar', 80.44)
 ('./output/train/20250830-193733-mobilenetv2_vcaV2-224/checkpoint/checkpoint-198.pth.tar', 80.44)
 ('./output/train/20250830-193733-mobilenetv2_vcaV2-224/checkpoint/checkpoint-195.pth.tar', 80.42)
 ('./output/train/20250830-193733-mobilenetv2_vcaV2-224/checkpoint/checkpoint-192.pth.tar', 80.4)
 ('./output/train/20250830-193733-mobilenetv2_vcaV2-224/checkpoint/checkpoint-193.pth.tar', 80.39)
 ('./output/train/20250830-193733-mobilenetv2_vcaV2-224/checkpoint/checkpoint-187.pth.tar', 80.36)

2025-08-31 00:34:06,976 -                train: [    INFO] - Train: 202 [   0/195 (  0%)]  Loss: 19.92 (19.9)  Loss_cat: 1.011 (1.01)  Loss_feat: 17.03 (17.0)  Loss_gt: 1.874 (1.87) LR: 5.000e-04
2025-08-31 00:35:30,734 -                train: [    INFO] - Train: 202 [ 194/195 (100%)]  Loss: 19.98 (19.9)  Loss_cat: 1.009 (1.00)  Loss_feat: 17.02 (17.0)  Loss_gt: 1.953 (1.84) LR: 5.000e-04
2025-08-31 00:35:31,145 -                train: [    INFO] - Test: [   0/39]  Time: 0.392 (0.392)  Loss:  0.6262 (0.6262)  Acc@1: 82.8125 (82.8125)  Acc@5: 97.2656 (97.2656)
2025-08-31 00:35:34,022 -                train: [    INFO] - Test: [  39/39]  Time: 0.023 (0.082)  Loss:  0.7612 (0.7123)  Acc@1: 81.2500 (80.4500)  Acc@5: 93.7500 (96.7900)
2025-08-31 00:35:34,160 - timm.utils.checkpoint_saver: [    INFO] - Current checkpoints:
 ('./output/train/20250830-193733-mobilenetv2_vcaV2-224/checkpoint/checkpoint-201.pth.tar', 80.52)
 ('./output/train/20250830-193733-mobilenetv2_vcaV2-224/checkpoint/checkpoint-196.pth.tar', 80.49)
 ('./output/train/20250830-193733-mobilenetv2_vcaV2-224/checkpoint/checkpoint-200.pth.tar', 80.49)
 ('./output/train/20250830-193733-mobilenetv2_vcaV2-224/checkpoint/checkpoint-199.pth.tar', 80.46)
 ('./output/train/20250830-193733-mobilenetv2_vcaV2-224/checkpoint/checkpoint-202.pth.tar', 80.45)
 ('./output/train/20250830-193733-mobilenetv2_vcaV2-224/checkpoint/checkpoint-194.pth.tar', 80.44)
 ('./output/train/20250830-193733-mobilenetv2_vcaV2-224/checkpoint/checkpoint-198.pth.tar', 80.44)
 ('./output/train/20250830-193733-mobilenetv2_vcaV2-224/checkpoint/checkpoint-195.pth.tar', 80.42)
 ('./output/train/20250830-193733-mobilenetv2_vcaV2-224/checkpoint/checkpoint-192.pth.tar', 80.4)
 ('./output/train/20250830-193733-mobilenetv2_vcaV2-224/checkpoint/checkpoint-193.pth.tar', 80.39)

2025-08-31 00:35:34,902 -                train: [    INFO] - Train: 203 [   0/195 (  0%)]  Loss: 19.13 (19.1)  Loss_cat: 0.9770 (0.977)  Loss_feat: 16.28 (16.3)  Loss_gt: 1.873 (1.87) LR: 5.000e-04
2025-08-31 00:36:58,615 -                train: [    INFO] - Train: 203 [ 194/195 (100%)]  Loss: 19.47 (19.1)  Loss_cat: 1.029 (1.00)  Loss_feat: 16.50 (16.3)  Loss_gt: 1.940 (1.84) LR: 5.000e-04
2025-08-31 00:36:59,023 -                train: [    INFO] - Test: [   0/39]  Time: 0.389 (0.389)  Loss:  0.6274 (0.6274)  Acc@1: 83.9844 (83.9844)  Acc@5: 96.8750 (96.8750)
2025-08-31 00:37:01,894 -                train: [    INFO] - Test: [  39/39]  Time: 0.022 (0.081)  Loss:  0.7758 (0.7134)  Acc@1: 81.2500 (80.6700)  Acc@5: 93.7500 (96.8200)
2025-08-31 00:37:02,038 - timm.utils.checkpoint_saver: [    INFO] - Current checkpoints:
 ('./output/train/20250830-193733-mobilenetv2_vcaV2-224/checkpoint/checkpoint-203.pth.tar', 80.67)
 ('./output/train/20250830-193733-mobilenetv2_vcaV2-224/checkpoint/checkpoint-201.pth.tar', 80.52)
 ('./output/train/20250830-193733-mobilenetv2_vcaV2-224/checkpoint/checkpoint-196.pth.tar', 80.49)
 ('./output/train/20250830-193733-mobilenetv2_vcaV2-224/checkpoint/checkpoint-200.pth.tar', 80.49)
 ('./output/train/20250830-193733-mobilenetv2_vcaV2-224/checkpoint/checkpoint-199.pth.tar', 80.46)
 ('./output/train/20250830-193733-mobilenetv2_vcaV2-224/checkpoint/checkpoint-202.pth.tar', 80.45)
 ('./output/train/20250830-193733-mobilenetv2_vcaV2-224/checkpoint/checkpoint-194.pth.tar', 80.44)
 ('./output/train/20250830-193733-mobilenetv2_vcaV2-224/checkpoint/checkpoint-198.pth.tar', 80.44)
 ('./output/train/20250830-193733-mobilenetv2_vcaV2-224/checkpoint/checkpoint-195.pth.tar', 80.42)
 ('./output/train/20250830-193733-mobilenetv2_vcaV2-224/checkpoint/checkpoint-192.pth.tar', 80.4)

2025-08-31 00:37:02,784 -                train: [    INFO] - Train: 204 [   0/195 (  0%)]  Loss: 18.58 (18.6)  Loss_cat: 1.017 (1.02)  Loss_feat: 15.67 (15.7)  Loss_gt: 1.895 (1.89) LR: 5.000e-04
2025-08-31 00:38:26,776 -                train: [    INFO] - Train: 204 [ 194/195 (100%)]  Loss: 18.50 (18.4)  Loss_cat: 1.033 (1.00)  Loss_feat: 15.64 (15.6)  Loss_gt: 1.826 (1.84) LR: 5.000e-04
2025-08-31 00:38:27,213 -                train: [    INFO] - Test: [   0/39]  Time: 0.418 (0.418)  Loss:  0.6190 (0.6190)  Acc@1: 84.3750 (84.3750)  Acc@5: 96.8750 (96.8750)
2025-08-31 00:38:30,108 -                train: [    INFO] - Test: [  39/39]  Time: 0.022 (0.083)  Loss:  0.7708 (0.7113)  Acc@1: 81.2500 (80.7100)  Acc@5: 93.7500 (96.7200)
2025-08-31 00:38:30,271 - timm.utils.checkpoint_saver: [    INFO] - Current checkpoints:
 ('./output/train/20250830-193733-mobilenetv2_vcaV2-224/checkpoint/checkpoint-204.pth.tar', 80.71)
 ('./output/train/20250830-193733-mobilenetv2_vcaV2-224/checkpoint/checkpoint-203.pth.tar', 80.67)
 ('./output/train/20250830-193733-mobilenetv2_vcaV2-224/checkpoint/checkpoint-201.pth.tar', 80.52)
 ('./output/train/20250830-193733-mobilenetv2_vcaV2-224/checkpoint/checkpoint-196.pth.tar', 80.49)
 ('./output/train/20250830-193733-mobilenetv2_vcaV2-224/checkpoint/checkpoint-200.pth.tar', 80.49)
 ('./output/train/20250830-193733-mobilenetv2_vcaV2-224/checkpoint/checkpoint-199.pth.tar', 80.46)
 ('./output/train/20250830-193733-mobilenetv2_vcaV2-224/checkpoint/checkpoint-202.pth.tar', 80.45)
 ('./output/train/20250830-193733-mobilenetv2_vcaV2-224/checkpoint/checkpoint-194.pth.tar', 80.44)
 ('./output/train/20250830-193733-mobilenetv2_vcaV2-224/checkpoint/checkpoint-198.pth.tar', 80.44)
 ('./output/train/20250830-193733-mobilenetv2_vcaV2-224/checkpoint/checkpoint-195.pth.tar', 80.42)

2025-08-31 00:38:31,017 -                train: [    INFO] - Train: 205 [   0/195 (  0%)]  Loss: 17.69 (17.7)  Loss_cat: 1.007 (1.01)  Loss_feat: 14.77 (14.8)  Loss_gt: 1.912 (1.91) LR: 5.000e-04
2025-08-31 00:39:54,735 -                train: [    INFO] - Train: 205 [ 194/195 (100%)]  Loss: 17.81 (17.7)  Loss_cat: 1.018 (1.00)  Loss_feat: 14.98 (14.9)  Loss_gt: 1.812 (1.84) LR: 5.000e-04
2025-08-31 00:39:55,152 -                train: [    INFO] - Test: [   0/39]  Time: 0.400 (0.400)  Loss:  0.6130 (0.6130)  Acc@1: 84.7656 (84.7656)  Acc@5: 96.8750 (96.8750)
2025-08-31 00:39:58,048 -                train: [    INFO] - Test: [  39/39]  Time: 0.022 (0.082)  Loss:  0.7676 (0.7097)  Acc@1: 81.2500 (80.5400)  Acc@5: 93.7500 (96.7700)
2025-08-31 00:39:58,209 - timm.utils.checkpoint_saver: [    INFO] - Current checkpoints:
 ('./output/train/20250830-193733-mobilenetv2_vcaV2-224/checkpoint/checkpoint-204.pth.tar', 80.71)
 ('./output/train/20250830-193733-mobilenetv2_vcaV2-224/checkpoint/checkpoint-203.pth.tar', 80.67)
 ('./output/train/20250830-193733-mobilenetv2_vcaV2-224/checkpoint/checkpoint-205.pth.tar', 80.54)
 ('./output/train/20250830-193733-mobilenetv2_vcaV2-224/checkpoint/checkpoint-201.pth.tar', 80.52)
 ('./output/train/20250830-193733-mobilenetv2_vcaV2-224/checkpoint/checkpoint-196.pth.tar', 80.49)
 ('./output/train/20250830-193733-mobilenetv2_vcaV2-224/checkpoint/checkpoint-200.pth.tar', 80.49)
 ('./output/train/20250830-193733-mobilenetv2_vcaV2-224/checkpoint/checkpoint-199.pth.tar', 80.46)
 ('./output/train/20250830-193733-mobilenetv2_vcaV2-224/checkpoint/checkpoint-202.pth.tar', 80.45)
 ('./output/train/20250830-193733-mobilenetv2_vcaV2-224/checkpoint/checkpoint-194.pth.tar', 80.44)
 ('./output/train/20250830-193733-mobilenetv2_vcaV2-224/checkpoint/checkpoint-198.pth.tar', 80.44)

2025-08-31 00:39:58,955 -                train: [    INFO] - Train: 206 [   0/195 (  0%)]  Loss: 16.71 (16.7)  Loss_cat: 0.9937 (0.994)  Loss_feat: 14.12 (14.1)  Loss_gt: 1.592 (1.59) LR: 5.000e-04
2025-08-31 00:41:22,798 -                train: [    INFO] - Train: 206 [ 194/195 (100%)]  Loss: 16.89 (17.0)  Loss_cat: 0.9836 (1.00)  Loss_feat: 14.11 (14.2)  Loss_gt: 1.796 (1.83) LR: 5.000e-04
2025-08-31 00:41:23,208 -                train: [    INFO] - Test: [   0/39]  Time: 0.390 (0.390)  Loss:  0.6112 (0.6112)  Acc@1: 84.7656 (84.7656)  Acc@5: 96.8750 (96.8750)
2025-08-31 00:41:26,104 -                train: [    INFO] - Test: [  39/39]  Time: 0.022 (0.082)  Loss:  0.7859 (0.7074)  Acc@1: 81.2500 (80.6000)  Acc@5: 93.7500 (96.7900)
2025-08-31 00:41:26,253 - timm.utils.checkpoint_saver: [    INFO] - Current checkpoints:
 ('./output/train/20250830-193733-mobilenetv2_vcaV2-224/checkpoint/checkpoint-204.pth.tar', 80.71)
 ('./output/train/20250830-193733-mobilenetv2_vcaV2-224/checkpoint/checkpoint-203.pth.tar', 80.67)
 ('./output/train/20250830-193733-mobilenetv2_vcaV2-224/checkpoint/checkpoint-206.pth.tar', 80.6)
 ('./output/train/20250830-193733-mobilenetv2_vcaV2-224/checkpoint/checkpoint-205.pth.tar', 80.54)
 ('./output/train/20250830-193733-mobilenetv2_vcaV2-224/checkpoint/checkpoint-201.pth.tar', 80.52)
 ('./output/train/20250830-193733-mobilenetv2_vcaV2-224/checkpoint/checkpoint-196.pth.tar', 80.49)
 ('./output/train/20250830-193733-mobilenetv2_vcaV2-224/checkpoint/checkpoint-200.pth.tar', 80.49)
 ('./output/train/20250830-193733-mobilenetv2_vcaV2-224/checkpoint/checkpoint-199.pth.tar', 80.46)
 ('./output/train/20250830-193733-mobilenetv2_vcaV2-224/checkpoint/checkpoint-202.pth.tar', 80.45)
 ('./output/train/20250830-193733-mobilenetv2_vcaV2-224/checkpoint/checkpoint-194.pth.tar', 80.44)

2025-08-31 00:41:26,999 -                train: [    INFO] - Train: 207 [   0/195 (  0%)]  Loss: 16.18 (16.2)  Loss_cat: 0.9203 (0.920)  Loss_feat: 13.35 (13.4)  Loss_gt: 1.905 (1.91) LR: 5.000e-04
2025-08-31 00:42:50,927 -                train: [    INFO] - Train: 207 [ 194/195 (100%)]  Loss: 16.43 (16.3)  Loss_cat: 1.013 (1.00)  Loss_feat: 13.49 (13.5)  Loss_gt: 1.919 (1.83) LR: 5.000e-04
2025-08-31 00:42:51,350 -                train: [    INFO] - Test: [   0/39]  Time: 0.398 (0.398)  Loss:  0.6267 (0.6267)  Acc@1: 83.5938 (83.5938)  Acc@5: 96.8750 (96.8750)
2025-08-31 00:42:54,369 -                train: [    INFO] - Test: [  39/39]  Time: 0.025 (0.085)  Loss:  0.7866 (0.7103)  Acc@1: 81.2500 (80.7000)  Acc@5: 87.5000 (96.7200)
2025-08-31 00:42:54,513 - timm.utils.checkpoint_saver: [    INFO] - Current checkpoints:
 ('./output/train/20250830-193733-mobilenetv2_vcaV2-224/checkpoint/checkpoint-204.pth.tar', 80.71)
 ('./output/train/20250830-193733-mobilenetv2_vcaV2-224/checkpoint/checkpoint-207.pth.tar', 80.7)
 ('./output/train/20250830-193733-mobilenetv2_vcaV2-224/checkpoint/checkpoint-203.pth.tar', 80.67)
 ('./output/train/20250830-193733-mobilenetv2_vcaV2-224/checkpoint/checkpoint-206.pth.tar', 80.6)
 ('./output/train/20250830-193733-mobilenetv2_vcaV2-224/checkpoint/checkpoint-205.pth.tar', 80.54)
 ('./output/train/20250830-193733-mobilenetv2_vcaV2-224/checkpoint/checkpoint-201.pth.tar', 80.52)
 ('./output/train/20250830-193733-mobilenetv2_vcaV2-224/checkpoint/checkpoint-196.pth.tar', 80.49)
 ('./output/train/20250830-193733-mobilenetv2_vcaV2-224/checkpoint/checkpoint-200.pth.tar', 80.49)
 ('./output/train/20250830-193733-mobilenetv2_vcaV2-224/checkpoint/checkpoint-199.pth.tar', 80.46)
 ('./output/train/20250830-193733-mobilenetv2_vcaV2-224/checkpoint/checkpoint-202.pth.tar', 80.45)

2025-08-31 00:42:55,266 -                train: [    INFO] - Train: 208 [   0/195 (  0%)]  Loss: 15.73 (15.7)  Loss_cat: 1.018 (1.02)  Loss_feat: 12.81 (12.8)  Loss_gt: 1.901 (1.90) LR: 5.000e-04
2025-08-31 00:44:19,436 -                train: [    INFO] - Train: 208 [ 194/195 (100%)]  Loss: 15.54 (15.7)  Loss_cat: 0.9536 (1.00)  Loss_feat: 12.74 (12.9)  Loss_gt: 1.838 (1.82) LR: 5.000e-04
2025-08-31 00:44:19,846 -                train: [    INFO] - Test: [   0/39]  Time: 0.389 (0.389)  Loss:  0.6190 (0.6190)  Acc@1: 85.9375 (85.9375)  Acc@5: 96.8750 (96.8750)
2025-08-31 00:44:22,737 -                train: [    INFO] - Test: [  39/39]  Time: 0.022 (0.082)  Loss:  0.7740 (0.7076)  Acc@1: 81.2500 (80.6600)  Acc@5: 93.7500 (96.8400)
2025-08-31 00:44:22,927 - timm.utils.checkpoint_saver: [    INFO] - Current checkpoints:
 ('./output/train/20250830-193733-mobilenetv2_vcaV2-224/checkpoint/checkpoint-204.pth.tar', 80.71)
 ('./output/train/20250830-193733-mobilenetv2_vcaV2-224/checkpoint/checkpoint-207.pth.tar', 80.7)
 ('./output/train/20250830-193733-mobilenetv2_vcaV2-224/checkpoint/checkpoint-203.pth.tar', 80.67)
 ('./output/train/20250830-193733-mobilenetv2_vcaV2-224/checkpoint/checkpoint-208.pth.tar', 80.66)
 ('./output/train/20250830-193733-mobilenetv2_vcaV2-224/checkpoint/checkpoint-206.pth.tar', 80.6)
 ('./output/train/20250830-193733-mobilenetv2_vcaV2-224/checkpoint/checkpoint-205.pth.tar', 80.54)
 ('./output/train/20250830-193733-mobilenetv2_vcaV2-224/checkpoint/checkpoint-201.pth.tar', 80.52)
 ('./output/train/20250830-193733-mobilenetv2_vcaV2-224/checkpoint/checkpoint-196.pth.tar', 80.49)
 ('./output/train/20250830-193733-mobilenetv2_vcaV2-224/checkpoint/checkpoint-200.pth.tar', 80.49)
 ('./output/train/20250830-193733-mobilenetv2_vcaV2-224/checkpoint/checkpoint-199.pth.tar', 80.46)

2025-08-31 00:44:23,674 -                train: [    INFO] - Train: 209 [   0/195 (  0%)]  Loss: 14.90 (14.9)  Loss_cat: 0.9868 (0.987)  Loss_feat: 12.12 (12.1)  Loss_gt: 1.794 (1.79) LR: 5.000e-05
2025-08-31 00:45:47,482 -                train: [    INFO] - Train: 209 [ 194/195 (100%)]  Loss: 14.81 (15.0)  Loss_cat: 0.9393 (0.998)  Loss_feat: 12.06 (12.2)  Loss_gt: 1.806 (1.82) LR: 5.000e-05
2025-08-31 00:45:47,899 -                train: [    INFO] - Test: [   0/39]  Time: 0.396 (0.396)  Loss:  0.6132 (0.6132)  Acc@1: 86.3281 (86.3281)  Acc@5: 96.8750 (96.8750)
2025-08-31 00:45:50,838 -                train: [    INFO] - Test: [  39/39]  Time: 0.022 (0.083)  Loss:  0.7519 (0.7047)  Acc@1: 81.2500 (80.8100)  Acc@5: 93.7500 (96.9800)
2025-08-31 00:45:50,992 - timm.utils.checkpoint_saver: [    INFO] - Current checkpoints:
 ('./output/train/20250830-193733-mobilenetv2_vcaV2-224/checkpoint/checkpoint-209.pth.tar', 80.81)
 ('./output/train/20250830-193733-mobilenetv2_vcaV2-224/checkpoint/checkpoint-204.pth.tar', 80.71)
 ('./output/train/20250830-193733-mobilenetv2_vcaV2-224/checkpoint/checkpoint-207.pth.tar', 80.7)
 ('./output/train/20250830-193733-mobilenetv2_vcaV2-224/checkpoint/checkpoint-203.pth.tar', 80.67)
 ('./output/train/20250830-193733-mobilenetv2_vcaV2-224/checkpoint/checkpoint-208.pth.tar', 80.66)
 ('./output/train/20250830-193733-mobilenetv2_vcaV2-224/checkpoint/checkpoint-206.pth.tar', 80.6)
 ('./output/train/20250830-193733-mobilenetv2_vcaV2-224/checkpoint/checkpoint-205.pth.tar', 80.54)
 ('./output/train/20250830-193733-mobilenetv2_vcaV2-224/checkpoint/checkpoint-201.pth.tar', 80.52)
 ('./output/train/20250830-193733-mobilenetv2_vcaV2-224/checkpoint/checkpoint-196.pth.tar', 80.49)
 ('./output/train/20250830-193733-mobilenetv2_vcaV2-224/checkpoint/checkpoint-200.pth.tar', 80.49)

2025-08-31 00:45:51,743 -                train: [    INFO] - Train: 210 [   0/195 (  0%)]  Loss: 14.49 (14.5)  Loss_cat: 1.029 (1.03)  Loss_feat: 11.63 (11.6)  Loss_gt: 1.829 (1.83) LR: 5.000e-05
2025-08-31 00:47:15,917 -                train: [    INFO] - Train: 210 [ 194/195 (100%)]  Loss: 14.52 (14.4)  Loss_cat: 1.044 (1.00)  Loss_feat: 11.62 (11.6)  Loss_gt: 1.854 (1.83) LR: 5.000e-05
2025-08-31 00:47:16,325 -                train: [    INFO] - Test: [   0/39]  Time: 0.390 (0.390)  Loss:  0.6228 (0.6228)  Acc@1: 85.1562 (85.1562)  Acc@5: 96.4844 (96.4844)
2025-08-31 00:47:19,208 -                train: [    INFO] - Test: [  39/39]  Time: 0.022 (0.082)  Loss:  0.7663 (0.7088)  Acc@1: 81.2500 (80.5100)  Acc@5: 93.7500 (96.8100)
2025-08-31 00:47:19,343 - timm.utils.checkpoint_saver: [    INFO] - Current checkpoints:
 ('./output/train/20250830-193733-mobilenetv2_vcaV2-224/checkpoint/checkpoint-209.pth.tar', 80.81)
 ('./output/train/20250830-193733-mobilenetv2_vcaV2-224/checkpoint/checkpoint-204.pth.tar', 80.71)
 ('./output/train/20250830-193733-mobilenetv2_vcaV2-224/checkpoint/checkpoint-207.pth.tar', 80.7)
 ('./output/train/20250830-193733-mobilenetv2_vcaV2-224/checkpoint/checkpoint-203.pth.tar', 80.67)
 ('./output/train/20250830-193733-mobilenetv2_vcaV2-224/checkpoint/checkpoint-208.pth.tar', 80.66)
 ('./output/train/20250830-193733-mobilenetv2_vcaV2-224/checkpoint/checkpoint-206.pth.tar', 80.6)
 ('./output/train/20250830-193733-mobilenetv2_vcaV2-224/checkpoint/checkpoint-205.pth.tar', 80.54)
 ('./output/train/20250830-193733-mobilenetv2_vcaV2-224/checkpoint/checkpoint-201.pth.tar', 80.52)
 ('./output/train/20250830-193733-mobilenetv2_vcaV2-224/checkpoint/checkpoint-210.pth.tar', 80.51)
 ('./output/train/20250830-193733-mobilenetv2_vcaV2-224/checkpoint/checkpoint-196.pth.tar', 80.49)

2025-08-31 00:47:20,085 -                train: [    INFO] - Train: 211 [   0/195 (  0%)]  Loss: 13.79 (13.8)  Loss_cat: 0.9803 (0.980)  Loss_feat: 10.94 (10.9)  Loss_gt: 1.864 (1.86) LR: 5.000e-05
2025-08-31 00:48:43,940 -                train: [    INFO] - Train: 211 [ 194/195 (100%)]  Loss: 14.00 (13.8)  Loss_cat: 0.9984 (1.00)  Loss_feat: 11.03 (11.0)  Loss_gt: 1.971 (1.82) LR: 5.000e-05
2025-08-31 00:48:44,354 -                train: [    INFO] - Test: [   0/39]  Time: 0.396 (0.396)  Loss:  0.6155 (0.6155)  Acc@1: 84.7656 (84.7656)  Acc@5: 96.4844 (96.4844)
2025-08-31 00:48:47,480 -                train: [    INFO] - Test: [  39/39]  Time: 0.024 (0.088)  Loss:  0.7781 (0.7043)  Acc@1: 81.2500 (80.7300)  Acc@5: 93.7500 (96.8500)
2025-08-31 00:48:47,618 - timm.utils.checkpoint_saver: [    INFO] - Current checkpoints:
 ('./output/train/20250830-193733-mobilenetv2_vcaV2-224/checkpoint/checkpoint-209.pth.tar', 80.81)
 ('./output/train/20250830-193733-mobilenetv2_vcaV2-224/checkpoint/checkpoint-211.pth.tar', 80.73)
 ('./output/train/20250830-193733-mobilenetv2_vcaV2-224/checkpoint/checkpoint-204.pth.tar', 80.71)
 ('./output/train/20250830-193733-mobilenetv2_vcaV2-224/checkpoint/checkpoint-207.pth.tar', 80.7)
 ('./output/train/20250830-193733-mobilenetv2_vcaV2-224/checkpoint/checkpoint-203.pth.tar', 80.67)
 ('./output/train/20250830-193733-mobilenetv2_vcaV2-224/checkpoint/checkpoint-208.pth.tar', 80.66)
 ('./output/train/20250830-193733-mobilenetv2_vcaV2-224/checkpoint/checkpoint-206.pth.tar', 80.6)
 ('./output/train/20250830-193733-mobilenetv2_vcaV2-224/checkpoint/checkpoint-205.pth.tar', 80.54)
 ('./output/train/20250830-193733-mobilenetv2_vcaV2-224/checkpoint/checkpoint-201.pth.tar', 80.52)
 ('./output/train/20250830-193733-mobilenetv2_vcaV2-224/checkpoint/checkpoint-210.pth.tar', 80.51)

2025-08-31 00:48:48,369 -                train: [    INFO] - Train: 212 [   0/195 (  0%)]  Loss: 13.34 (13.3)  Loss_cat: 1.014 (1.01)  Loss_feat: 10.51 (10.5)  Loss_gt: 1.814 (1.81) LR: 5.000e-05
2025-08-31 00:50:12,244 -                train: [    INFO] - Train: 212 [ 194/195 (100%)]  Loss: 13.21 (13.3)  Loss_cat: 1.002 (1.00)  Loss_feat: 10.46 (10.4)  Loss_gt: 1.754 (1.82) LR: 5.000e-05
2025-08-31 00:50:12,661 -                train: [    INFO] - Test: [   0/39]  Time: 0.393 (0.393)  Loss:  0.6178 (0.6178)  Acc@1: 85.9375 (85.9375)  Acc@5: 96.8750 (96.8750)
2025-08-31 00:50:15,580 -                train: [    INFO] - Test: [  39/39]  Time: 0.027 (0.083)  Loss:  0.7582 (0.7075)  Acc@1: 81.2500 (80.8500)  Acc@5: 93.7500 (96.8800)
2025-08-31 00:50:15,754 - timm.utils.checkpoint_saver: [    INFO] - Current checkpoints:
 ('./output/train/20250830-193733-mobilenetv2_vcaV2-224/checkpoint/checkpoint-212.pth.tar', 80.85)
 ('./output/train/20250830-193733-mobilenetv2_vcaV2-224/checkpoint/checkpoint-209.pth.tar', 80.81)
 ('./output/train/20250830-193733-mobilenetv2_vcaV2-224/checkpoint/checkpoint-211.pth.tar', 80.73)
 ('./output/train/20250830-193733-mobilenetv2_vcaV2-224/checkpoint/checkpoint-204.pth.tar', 80.71)
 ('./output/train/20250830-193733-mobilenetv2_vcaV2-224/checkpoint/checkpoint-207.pth.tar', 80.7)
 ('./output/train/20250830-193733-mobilenetv2_vcaV2-224/checkpoint/checkpoint-203.pth.tar', 80.67)
 ('./output/train/20250830-193733-mobilenetv2_vcaV2-224/checkpoint/checkpoint-208.pth.tar', 80.66)
 ('./output/train/20250830-193733-mobilenetv2_vcaV2-224/checkpoint/checkpoint-206.pth.tar', 80.6)
 ('./output/train/20250830-193733-mobilenetv2_vcaV2-224/checkpoint/checkpoint-205.pth.tar', 80.54)
 ('./output/train/20250830-193733-mobilenetv2_vcaV2-224/checkpoint/checkpoint-201.pth.tar', 80.52)

2025-08-31 00:50:16,507 -                train: [    INFO] - Train: 213 [   0/195 (  0%)]  Loss: 12.79 (12.8)  Loss_cat: 0.9838 (0.984)  Loss_feat: 9.837 (9.84)  Loss_gt: 1.969 (1.97) LR: 5.000e-05
2025-08-31 00:51:40,357 -                train: [    INFO] - Train: 213 [ 194/195 (100%)]  Loss: 12.62 (12.7)  Loss_cat: 0.9555 (1.00)  Loss_feat: 9.826 (9.88)  Loss_gt: 1.834 (1.82) LR: 5.000e-05
2025-08-31 00:51:40,770 -                train: [    INFO] - Test: [   0/39]  Time: 0.396 (0.396)  Loss:  0.6259 (0.6259)  Acc@1: 85.1562 (85.1562)  Acc@5: 96.4844 (96.4844)
2025-08-31 00:51:43,771 -                train: [    INFO] - Test: [  39/39]  Time: 0.024 (0.085)  Loss:  0.7782 (0.7083)  Acc@1: 81.2500 (80.8200)  Acc@5: 93.7500 (96.7500)
2025-08-31 00:51:43,975 - timm.utils.checkpoint_saver: [    INFO] - Current checkpoints:
 ('./output/train/20250830-193733-mobilenetv2_vcaV2-224/checkpoint/checkpoint-212.pth.tar', 80.85)
 ('./output/train/20250830-193733-mobilenetv2_vcaV2-224/checkpoint/checkpoint-213.pth.tar', 80.82)
 ('./output/train/20250830-193733-mobilenetv2_vcaV2-224/checkpoint/checkpoint-209.pth.tar', 80.81)
 ('./output/train/20250830-193733-mobilenetv2_vcaV2-224/checkpoint/checkpoint-211.pth.tar', 80.73)
 ('./output/train/20250830-193733-mobilenetv2_vcaV2-224/checkpoint/checkpoint-204.pth.tar', 80.71)
 ('./output/train/20250830-193733-mobilenetv2_vcaV2-224/checkpoint/checkpoint-207.pth.tar', 80.7)
 ('./output/train/20250830-193733-mobilenetv2_vcaV2-224/checkpoint/checkpoint-203.pth.tar', 80.67)
 ('./output/train/20250830-193733-mobilenetv2_vcaV2-224/checkpoint/checkpoint-208.pth.tar', 80.66)
 ('./output/train/20250830-193733-mobilenetv2_vcaV2-224/checkpoint/checkpoint-206.pth.tar', 80.6)
 ('./output/train/20250830-193733-mobilenetv2_vcaV2-224/checkpoint/checkpoint-205.pth.tar', 80.54)

2025-08-31 00:51:44,722 -                train: [    INFO] - Train: 214 [   0/195 (  0%)]  Loss: 11.95 (11.9)  Loss_cat: 0.9619 (0.962)  Loss_feat: 9.291 (9.29)  Loss_gt: 1.693 (1.69) LR: 5.000e-05
2025-08-31 00:53:08,727 -                train: [    INFO] - Train: 214 [ 194/195 (100%)]  Loss: 12.00 (12.2)  Loss_cat: 0.9523 (1.00)  Loss_feat: 9.277 (9.35)  Loss_gt: 1.768 (1.83) LR: 5.000e-05
2025-08-31 00:53:09,144 -                train: [    INFO] - Test: [   0/39]  Time: 0.397 (0.397)  Loss:  0.6186 (0.6186)  Acc@1: 85.1562 (85.1562)  Acc@5: 96.8750 (96.8750)
2025-08-31 00:53:12,126 -                train: [    INFO] - Test: [  39/39]  Time: 0.022 (0.084)  Loss:  0.7940 (0.7029)  Acc@1: 81.2500 (80.8600)  Acc@5: 93.7500 (96.8400)
2025-08-31 00:53:12,287 - timm.utils.checkpoint_saver: [    INFO] - Current checkpoints:
 ('./output/train/20250830-193733-mobilenetv2_vcaV2-224/checkpoint/checkpoint-214.pth.tar', 80.86)
 ('./output/train/20250830-193733-mobilenetv2_vcaV2-224/checkpoint/checkpoint-212.pth.tar', 80.85)
 ('./output/train/20250830-193733-mobilenetv2_vcaV2-224/checkpoint/checkpoint-213.pth.tar', 80.82)
 ('./output/train/20250830-193733-mobilenetv2_vcaV2-224/checkpoint/checkpoint-209.pth.tar', 80.81)
 ('./output/train/20250830-193733-mobilenetv2_vcaV2-224/checkpoint/checkpoint-211.pth.tar', 80.73)
 ('./output/train/20250830-193733-mobilenetv2_vcaV2-224/checkpoint/checkpoint-204.pth.tar', 80.71)
 ('./output/train/20250830-193733-mobilenetv2_vcaV2-224/checkpoint/checkpoint-207.pth.tar', 80.7)
 ('./output/train/20250830-193733-mobilenetv2_vcaV2-224/checkpoint/checkpoint-203.pth.tar', 80.67)
 ('./output/train/20250830-193733-mobilenetv2_vcaV2-224/checkpoint/checkpoint-208.pth.tar', 80.66)
 ('./output/train/20250830-193733-mobilenetv2_vcaV2-224/checkpoint/checkpoint-206.pth.tar', 80.6)

2025-08-31 00:53:13,069 -                train: [    INFO] - Train: 215 [   0/195 (  0%)]  Loss: 11.71 (11.7)  Loss_cat: 1.011 (1.01)  Loss_feat: 8.852 (8.85)  Loss_gt: 1.852 (1.85) LR: 5.000e-05
2025-08-31 00:54:37,133 -                train: [    INFO] - Train: 215 [ 194/195 (100%)]  Loss: 11.63 (11.6)  Loss_cat: 1.004 (0.999)  Loss_feat: 8.812 (8.82)  Loss_gt: 1.811 (1.81) LR: 5.000e-05
2025-08-31 00:54:37,570 -                train: [    INFO] - Test: [   0/39]  Time: 0.417 (0.417)  Loss:  0.6261 (0.6261)  Acc@1: 85.1562 (85.1562)  Acc@5: 96.4844 (96.4844)
2025-08-31 00:54:40,504 -                train: [    INFO] - Test: [  39/39]  Time: 0.022 (0.084)  Loss:  0.7694 (0.7084)  Acc@1: 81.2500 (80.7800)  Acc@5: 93.7500 (96.8300)
2025-08-31 00:54:40,656 - timm.utils.checkpoint_saver: [    INFO] - Current checkpoints:
 ('./output/train/20250830-193733-mobilenetv2_vcaV2-224/checkpoint/checkpoint-214.pth.tar', 80.86)
 ('./output/train/20250830-193733-mobilenetv2_vcaV2-224/checkpoint/checkpoint-212.pth.tar', 80.85)
 ('./output/train/20250830-193733-mobilenetv2_vcaV2-224/checkpoint/checkpoint-213.pth.tar', 80.82)
 ('./output/train/20250830-193733-mobilenetv2_vcaV2-224/checkpoint/checkpoint-209.pth.tar', 80.81)
 ('./output/train/20250830-193733-mobilenetv2_vcaV2-224/checkpoint/checkpoint-215.pth.tar', 80.78)
 ('./output/train/20250830-193733-mobilenetv2_vcaV2-224/checkpoint/checkpoint-211.pth.tar', 80.73)
 ('./output/train/20250830-193733-mobilenetv2_vcaV2-224/checkpoint/checkpoint-204.pth.tar', 80.71)
 ('./output/train/20250830-193733-mobilenetv2_vcaV2-224/checkpoint/checkpoint-207.pth.tar', 80.7)
 ('./output/train/20250830-193733-mobilenetv2_vcaV2-224/checkpoint/checkpoint-203.pth.tar', 80.67)
 ('./output/train/20250830-193733-mobilenetv2_vcaV2-224/checkpoint/checkpoint-208.pth.tar', 80.66)

2025-08-31 00:54:41,457 -                train: [    INFO] - Train: 216 [   0/195 (  0%)]  Loss: 11.10 (11.1)  Loss_cat: 0.9850 (0.985)  Loss_feat: 8.237 (8.24)  Loss_gt: 1.879 (1.88) LR: 5.000e-05
2025-08-31 00:56:05,446 -                train: [    INFO] - Train: 216 [ 194/195 (100%)]  Loss: 11.20 (11.2)  Loss_cat: 1.004 (1.01)  Loss_feat: 8.339 (8.34)  Loss_gt: 1.852 (1.83) LR: 5.000e-05
2025-08-31 00:56:05,886 -                train: [    INFO] - Test: [   0/39]  Time: 0.416 (0.416)  Loss:  0.6215 (0.6215)  Acc@1: 84.3750 (84.3750)  Acc@5: 96.4844 (96.4844)
2025-08-31 00:56:08,762 -                train: [    INFO] - Test: [  39/39]  Time: 0.021 (0.082)  Loss:  0.7787 (0.7078)  Acc@1: 81.2500 (80.7200)  Acc@5: 87.5000 (96.7900)
2025-08-31 00:56:08,898 - timm.utils.checkpoint_saver: [    INFO] - Current checkpoints:
 ('./output/train/20250830-193733-mobilenetv2_vcaV2-224/checkpoint/checkpoint-214.pth.tar', 80.86)
 ('./output/train/20250830-193733-mobilenetv2_vcaV2-224/checkpoint/checkpoint-212.pth.tar', 80.85)
 ('./output/train/20250830-193733-mobilenetv2_vcaV2-224/checkpoint/checkpoint-213.pth.tar', 80.82)
 ('./output/train/20250830-193733-mobilenetv2_vcaV2-224/checkpoint/checkpoint-209.pth.tar', 80.81)
 ('./output/train/20250830-193733-mobilenetv2_vcaV2-224/checkpoint/checkpoint-215.pth.tar', 80.78)
 ('./output/train/20250830-193733-mobilenetv2_vcaV2-224/checkpoint/checkpoint-211.pth.tar', 80.73)
 ('./output/train/20250830-193733-mobilenetv2_vcaV2-224/checkpoint/checkpoint-216.pth.tar', 80.72)
 ('./output/train/20250830-193733-mobilenetv2_vcaV2-224/checkpoint/checkpoint-204.pth.tar', 80.71)
 ('./output/train/20250830-193733-mobilenetv2_vcaV2-224/checkpoint/checkpoint-207.pth.tar', 80.7)
 ('./output/train/20250830-193733-mobilenetv2_vcaV2-224/checkpoint/checkpoint-203.pth.tar', 80.67)

2025-08-31 00:56:09,646 -                train: [    INFO] - Train: 217 [   0/195 (  0%)]  Loss: 10.57 (10.6)  Loss_cat: 0.9764 (0.976)  Loss_feat: 7.868 (7.87)  Loss_gt: 1.728 (1.73) LR: 5.000e-05
2025-08-31 00:57:33,486 -                train: [    INFO] - Train: 217 [ 194/195 (100%)]  Loss: 10.52 (10.7)  Loss_cat: 0.9819 (1.00)  Loss_feat: 7.820 (7.86)  Loss_gt: 1.718 (1.82) LR: 5.000e-05
2025-08-31 00:57:33,904 -                train: [    INFO] - Test: [   0/39]  Time: 0.397 (0.397)  Loss:  0.6173 (0.6173)  Acc@1: 84.7656 (84.7656)  Acc@5: 97.2656 (97.2656)
2025-08-31 00:57:36,848 -                train: [    INFO] - Test: [  39/39]  Time: 0.022 (0.084)  Loss:  0.7639 (0.7065)  Acc@1: 81.2500 (80.9600)  Acc@5: 93.7500 (96.8300)
2025-08-31 00:57:36,998 - timm.utils.checkpoint_saver: [    INFO] - Current checkpoints:
 ('./output/train/20250830-193733-mobilenetv2_vcaV2-224/checkpoint/checkpoint-217.pth.tar', 80.96)
 ('./output/train/20250830-193733-mobilenetv2_vcaV2-224/checkpoint/checkpoint-214.pth.tar', 80.86)
 ('./output/train/20250830-193733-mobilenetv2_vcaV2-224/checkpoint/checkpoint-212.pth.tar', 80.85)
 ('./output/train/20250830-193733-mobilenetv2_vcaV2-224/checkpoint/checkpoint-213.pth.tar', 80.82)
 ('./output/train/20250830-193733-mobilenetv2_vcaV2-224/checkpoint/checkpoint-209.pth.tar', 80.81)
 ('./output/train/20250830-193733-mobilenetv2_vcaV2-224/checkpoint/checkpoint-215.pth.tar', 80.78)
 ('./output/train/20250830-193733-mobilenetv2_vcaV2-224/checkpoint/checkpoint-211.pth.tar', 80.73)
 ('./output/train/20250830-193733-mobilenetv2_vcaV2-224/checkpoint/checkpoint-216.pth.tar', 80.72)
 ('./output/train/20250830-193733-mobilenetv2_vcaV2-224/checkpoint/checkpoint-204.pth.tar', 80.71)
 ('./output/train/20250830-193733-mobilenetv2_vcaV2-224/checkpoint/checkpoint-207.pth.tar', 80.7)

2025-08-31 00:57:37,744 -                train: [    INFO] - Train: 218 [   0/195 (  0%)]  Loss: 10.29 (10.3)  Loss_cat: 1.030 (1.03)  Loss_feat: 7.416 (7.42)  Loss_gt: 1.843 (1.84) LR: 5.000e-05
2025-08-31 00:59:01,430 -                train: [    INFO] - Train: 218 [ 194/195 (100%)]  Loss: 10.16 (10.2)  Loss_cat: 0.9574 (0.998)  Loss_feat: 7.346 (7.39)  Loss_gt: 1.859 (1.82) LR: 5.000e-05
2025-08-31 00:59:01,844 -                train: [    INFO] - Test: [   0/39]  Time: 0.397 (0.397)  Loss:  0.6141 (0.6141)  Acc@1: 85.9375 (85.9375)  Acc@5: 96.4844 (96.4844)
2025-08-31 00:59:04,752 -                train: [    INFO] - Test: [  39/39]  Time: 0.022 (0.083)  Loss:  0.7764 (0.7047)  Acc@1: 81.2500 (80.7000)  Acc@5: 93.7500 (96.7700)
2025-08-31 00:59:05,664 -                train: [    INFO] - Train: 219 [   0/195 (  0%)]  Loss: 9.612 (9.61)  Loss_cat: 0.9726 (0.973)  Loss_feat: 6.951 (6.95)  Loss_gt: 1.688 (1.69) LR: 5.000e-05
2025-08-31 01:00:29,487 -                train: [    INFO] - Train: 219 [ 194/195 (100%)]  Loss: 9.749 (9.79)  Loss_cat: 0.9924 (1.00)  Loss_feat: 7.007 (6.96)  Loss_gt: 1.750 (1.82) LR: 5.000e-05
2025-08-31 01:00:29,896 -                train: [    INFO] - Test: [   0/39]  Time: 0.390 (0.390)  Loss:  0.6173 (0.6173)  Acc@1: 83.9844 (83.9844)  Acc@5: 96.4844 (96.4844)
2025-08-31 01:00:32,872 -                train: [    INFO] - Test: [  39/39]  Time: 0.021 (0.084)  Loss:  0.7713 (0.7043)  Acc@1: 81.2500 (80.7800)  Acc@5: 93.7500 (96.8500)
2025-08-31 01:00:33,004 - timm.utils.checkpoint_saver: [    INFO] - Current checkpoints:
 ('./output/train/20250830-193733-mobilenetv2_vcaV2-224/checkpoint/checkpoint-217.pth.tar', 80.96)
 ('./output/train/20250830-193733-mobilenetv2_vcaV2-224/checkpoint/checkpoint-214.pth.tar', 80.86)
 ('./output/train/20250830-193733-mobilenetv2_vcaV2-224/checkpoint/checkpoint-212.pth.tar', 80.85)
 ('./output/train/20250830-193733-mobilenetv2_vcaV2-224/checkpoint/checkpoint-213.pth.tar', 80.82)
 ('./output/train/20250830-193733-mobilenetv2_vcaV2-224/checkpoint/checkpoint-209.pth.tar', 80.81)
 ('./output/train/20250830-193733-mobilenetv2_vcaV2-224/checkpoint/checkpoint-215.pth.tar', 80.78)
 ('./output/train/20250830-193733-mobilenetv2_vcaV2-224/checkpoint/checkpoint-219.pth.tar', 80.78)
 ('./output/train/20250830-193733-mobilenetv2_vcaV2-224/checkpoint/checkpoint-211.pth.tar', 80.73)
 ('./output/train/20250830-193733-mobilenetv2_vcaV2-224/checkpoint/checkpoint-216.pth.tar', 80.72)
 ('./output/train/20250830-193733-mobilenetv2_vcaV2-224/checkpoint/checkpoint-204.pth.tar', 80.71)

2025-08-31 01:00:33,757 -                train: [    INFO] - Train: 220 [   0/195 (  0%)]  Loss: 9.258 (9.26)  Loss_cat: 0.9951 (0.995)  Loss_feat: 6.546 (6.55)  Loss_gt: 1.717 (1.72) LR: 5.000e-05
2025-08-31 01:01:57,649 -                train: [    INFO] - Train: 220 [ 194/195 (100%)]  Loss: 9.335 (9.36)  Loss_cat: 0.9904 (1.00)  Loss_feat: 6.501 (6.54)  Loss_gt: 1.843 (1.82) LR: 5.000e-05
2025-08-31 01:01:58,069 -                train: [    INFO] - Test: [   0/39]  Time: 0.399 (0.399)  Loss:  0.6198 (0.6198)  Acc@1: 83.5938 (83.5938)  Acc@5: 97.2656 (97.2656)
2025-08-31 01:02:00,940 -                train: [    INFO] - Test: [  39/39]  Time: 0.022 (0.082)  Loss:  0.7531 (0.7043)  Acc@1: 81.2500 (80.7100)  Acc@5: 93.7500 (96.9400)
2025-08-31 01:02:01,842 -                train: [    INFO] - Train: 221 [   0/195 (  0%)]  Loss: 9.028 (9.03)  Loss_cat: 1.046 (1.05)  Loss_feat: 6.212 (6.21)  Loss_gt: 1.770 (1.77) LR: 5.000e-05
2025-08-31 01:03:25,311 -                train: [    INFO] - Train: 221 [ 194/195 (100%)]  Loss: 8.914 (8.96)  Loss_cat: 0.9971 (1.00)  Loss_feat: 6.085 (6.15)  Loss_gt: 1.832 (1.81) LR: 5.000e-05
2025-08-31 01:03:25,749 -                train: [    INFO] - Test: [   0/39]  Time: 0.418 (0.418)  Loss:  0.6189 (0.6189)  Acc@1: 83.9844 (83.9844)  Acc@5: 96.4844 (96.4844)
2025-08-31 01:03:28,690 -                train: [    INFO] - Test: [  39/39]  Time: 0.023 (0.084)  Loss:  0.7638 (0.7041)  Acc@1: 81.2500 (80.8300)  Acc@5: 93.7500 (96.8100)
2025-08-31 01:03:28,839 - timm.utils.checkpoint_saver: [    INFO] - Current checkpoints:
 ('./output/train/20250830-193733-mobilenetv2_vcaV2-224/checkpoint/checkpoint-217.pth.tar', 80.96)
 ('./output/train/20250830-193733-mobilenetv2_vcaV2-224/checkpoint/checkpoint-214.pth.tar', 80.86)
 ('./output/train/20250830-193733-mobilenetv2_vcaV2-224/checkpoint/checkpoint-212.pth.tar', 80.85)
 ('./output/train/20250830-193733-mobilenetv2_vcaV2-224/checkpoint/checkpoint-221.pth.tar', 80.83)
 ('./output/train/20250830-193733-mobilenetv2_vcaV2-224/checkpoint/checkpoint-213.pth.tar', 80.82)
 ('./output/train/20250830-193733-mobilenetv2_vcaV2-224/checkpoint/checkpoint-209.pth.tar', 80.81)
 ('./output/train/20250830-193733-mobilenetv2_vcaV2-224/checkpoint/checkpoint-215.pth.tar', 80.78)
 ('./output/train/20250830-193733-mobilenetv2_vcaV2-224/checkpoint/checkpoint-219.pth.tar', 80.78)
 ('./output/train/20250830-193733-mobilenetv2_vcaV2-224/checkpoint/checkpoint-211.pth.tar', 80.73)
 ('./output/train/20250830-193733-mobilenetv2_vcaV2-224/checkpoint/checkpoint-216.pth.tar', 80.72)

2025-08-31 01:03:29,608 -                train: [    INFO] - Train: 222 [   0/195 (  0%)]  Loss: 8.525 (8.52)  Loss_cat: 0.9898 (0.990)  Loss_feat: 5.719 (5.72)  Loss_gt: 1.816 (1.82) LR: 5.000e-05
2025-08-31 01:04:53,073 -                train: [    INFO] - Train: 222 [ 194/195 (100%)]  Loss: 8.764 (8.59)  Loss_cat: 0.9969 (1.00)  Loss_feat: 5.810 (5.77)  Loss_gt: 1.958 (1.82) LR: 5.000e-05
2025-08-31 01:04:53,500 -                train: [    INFO] - Test: [   0/39]  Time: 0.406 (0.406)  Loss:  0.6193 (0.6193)  Acc@1: 83.9844 (83.9844)  Acc@5: 96.4844 (96.4844)
2025-08-31 01:04:56,422 -                train: [    INFO] - Test: [  39/39]  Time: 0.021 (0.083)  Loss:  0.7580 (0.7055)  Acc@1: 81.2500 (80.8100)  Acc@5: 93.7500 (96.9500)
2025-08-31 01:04:56,559 - timm.utils.checkpoint_saver: [    INFO] - Current checkpoints:
 ('./output/train/20250830-193733-mobilenetv2_vcaV2-224/checkpoint/checkpoint-217.pth.tar', 80.96)
 ('./output/train/20250830-193733-mobilenetv2_vcaV2-224/checkpoint/checkpoint-214.pth.tar', 80.86)
 ('./output/train/20250830-193733-mobilenetv2_vcaV2-224/checkpoint/checkpoint-212.pth.tar', 80.85)
 ('./output/train/20250830-193733-mobilenetv2_vcaV2-224/checkpoint/checkpoint-221.pth.tar', 80.83)
 ('./output/train/20250830-193733-mobilenetv2_vcaV2-224/checkpoint/checkpoint-213.pth.tar', 80.82)
 ('./output/train/20250830-193733-mobilenetv2_vcaV2-224/checkpoint/checkpoint-209.pth.tar', 80.81)
 ('./output/train/20250830-193733-mobilenetv2_vcaV2-224/checkpoint/checkpoint-222.pth.tar', 80.81)
 ('./output/train/20250830-193733-mobilenetv2_vcaV2-224/checkpoint/checkpoint-215.pth.tar', 80.78)
 ('./output/train/20250830-193733-mobilenetv2_vcaV2-224/checkpoint/checkpoint-219.pth.tar', 80.78)
 ('./output/train/20250830-193733-mobilenetv2_vcaV2-224/checkpoint/checkpoint-211.pth.tar', 80.73)

2025-08-31 01:04:57,301 -                train: [    INFO] - Train: 223 [   0/195 (  0%)]  Loss: 8.156 (8.16)  Loss_cat: 0.9750 (0.975)  Loss_feat: 5.381 (5.38)  Loss_gt: 1.800 (1.80) LR: 5.000e-05
2025-08-31 01:06:20,769 -                train: [    INFO] - Train: 223 [ 194/195 (100%)]  Loss: 8.230 (8.22)  Loss_cat: 0.9768 (1.00)  Loss_feat: 5.349 (5.40)  Loss_gt: 1.903 (1.82) LR: 5.000e-05
2025-08-31 01:06:21,190 -                train: [    INFO] - Test: [   0/39]  Time: 0.402 (0.402)  Loss:  0.6175 (0.6175)  Acc@1: 85.1562 (85.1562)  Acc@5: 96.8750 (96.8750)
2025-08-31 01:06:24,059 -                train: [    INFO] - Test: [  39/39]  Time: 0.022 (0.082)  Loss:  0.7657 (0.7031)  Acc@1: 81.2500 (80.7500)  Acc@5: 93.7500 (96.8700)
2025-08-31 01:06:24,201 - timm.utils.checkpoint_saver: [    INFO] - Current checkpoints:
 ('./output/train/20250830-193733-mobilenetv2_vcaV2-224/checkpoint/checkpoint-217.pth.tar', 80.96)
 ('./output/train/20250830-193733-mobilenetv2_vcaV2-224/checkpoint/checkpoint-214.pth.tar', 80.86)
 ('./output/train/20250830-193733-mobilenetv2_vcaV2-224/checkpoint/checkpoint-212.pth.tar', 80.85)
 ('./output/train/20250830-193733-mobilenetv2_vcaV2-224/checkpoint/checkpoint-221.pth.tar', 80.83)
 ('./output/train/20250830-193733-mobilenetv2_vcaV2-224/checkpoint/checkpoint-213.pth.tar', 80.82)
 ('./output/train/20250830-193733-mobilenetv2_vcaV2-224/checkpoint/checkpoint-209.pth.tar', 80.81)
 ('./output/train/20250830-193733-mobilenetv2_vcaV2-224/checkpoint/checkpoint-222.pth.tar', 80.81)
 ('./output/train/20250830-193733-mobilenetv2_vcaV2-224/checkpoint/checkpoint-215.pth.tar', 80.78)
 ('./output/train/20250830-193733-mobilenetv2_vcaV2-224/checkpoint/checkpoint-219.pth.tar', 80.78)
 ('./output/train/20250830-193733-mobilenetv2_vcaV2-224/checkpoint/checkpoint-223.pth.tar', 80.75)

2025-08-31 01:06:24,946 -                train: [    INFO] - Train: 224 [   0/195 (  0%)]  Loss: 7.975 (7.97)  Loss_cat: 1.002 (1.00)  Loss_feat: 5.075 (5.08)  Loss_gt: 1.898 (1.90) LR: 5.000e-05
2025-08-31 01:07:48,453 -                train: [    INFO] - Train: 224 [ 194/195 (100%)]  Loss: 7.737 (7.89)  Loss_cat: 0.9749 (1.00)  Loss_feat: 5.035 (5.07)  Loss_gt: 1.727 (1.81) LR: 5.000e-05
2025-08-31 01:07:48,859 -                train: [    INFO] - Test: [   0/39]  Time: 0.387 (0.387)  Loss:  0.6175 (0.6175)  Acc@1: 85.1562 (85.1562)  Acc@5: 96.8750 (96.8750)
2025-08-31 01:07:51,889 -                train: [    INFO] - Test: [  39/39]  Time: 0.021 (0.085)  Loss:  0.7646 (0.7033)  Acc@1: 81.2500 (80.8800)  Acc@5: 93.7500 (96.8700)
2025-08-31 01:07:52,045 - timm.utils.checkpoint_saver: [    INFO] - Current checkpoints:
 ('./output/train/20250830-193733-mobilenetv2_vcaV2-224/checkpoint/checkpoint-217.pth.tar', 80.96)
 ('./output/train/20250830-193733-mobilenetv2_vcaV2-224/checkpoint/checkpoint-224.pth.tar', 80.88)
 ('./output/train/20250830-193733-mobilenetv2_vcaV2-224/checkpoint/checkpoint-214.pth.tar', 80.86)
 ('./output/train/20250830-193733-mobilenetv2_vcaV2-224/checkpoint/checkpoint-212.pth.tar', 80.85)
 ('./output/train/20250830-193733-mobilenetv2_vcaV2-224/checkpoint/checkpoint-221.pth.tar', 80.83)
 ('./output/train/20250830-193733-mobilenetv2_vcaV2-224/checkpoint/checkpoint-213.pth.tar', 80.82)
 ('./output/train/20250830-193733-mobilenetv2_vcaV2-224/checkpoint/checkpoint-209.pth.tar', 80.81)
 ('./output/train/20250830-193733-mobilenetv2_vcaV2-224/checkpoint/checkpoint-222.pth.tar', 80.81)
 ('./output/train/20250830-193733-mobilenetv2_vcaV2-224/checkpoint/checkpoint-215.pth.tar', 80.78)
 ('./output/train/20250830-193733-mobilenetv2_vcaV2-224/checkpoint/checkpoint-219.pth.tar', 80.78)

2025-08-31 01:07:52,798 -                train: [    INFO] - Train: 225 [   0/195 (  0%)]  Loss: 7.584 (7.58)  Loss_cat: 0.9949 (0.995)  Loss_feat: 4.753 (4.75)  Loss_gt: 1.836 (1.84) LR: 5.000e-05
2025-08-31 01:09:16,271 -                train: [    INFO] - Train: 225 [ 194/195 (100%)]  Loss: 7.681 (7.56)  Loss_cat: 1.006 (1.00)  Loss_feat: 4.796 (4.75)  Loss_gt: 1.879 (1.81) LR: 5.000e-05
2025-08-31 01:09:16,707 -                train: [    INFO] - Test: [   0/39]  Time: 0.417 (0.417)  Loss:  0.6168 (0.6168)  Acc@1: 84.7656 (84.7656)  Acc@5: 96.8750 (96.8750)
2025-08-31 01:09:19,636 -                train: [    INFO] - Test: [  39/39]  Time: 0.022 (0.084)  Loss:  0.7510 (0.7039)  Acc@1: 81.2500 (80.7900)  Acc@5: 93.7500 (96.8100)
2025-08-31 01:09:19,794 - timm.utils.checkpoint_saver: [    INFO] - Current checkpoints:
 ('./output/train/20250830-193733-mobilenetv2_vcaV2-224/checkpoint/checkpoint-217.pth.tar', 80.96)
 ('./output/train/20250830-193733-mobilenetv2_vcaV2-224/checkpoint/checkpoint-224.pth.tar', 80.88)
 ('./output/train/20250830-193733-mobilenetv2_vcaV2-224/checkpoint/checkpoint-214.pth.tar', 80.86)
 ('./output/train/20250830-193733-mobilenetv2_vcaV2-224/checkpoint/checkpoint-212.pth.tar', 80.85)
 ('./output/train/20250830-193733-mobilenetv2_vcaV2-224/checkpoint/checkpoint-221.pth.tar', 80.83)
 ('./output/train/20250830-193733-mobilenetv2_vcaV2-224/checkpoint/checkpoint-213.pth.tar', 80.82)
 ('./output/train/20250830-193733-mobilenetv2_vcaV2-224/checkpoint/checkpoint-209.pth.tar', 80.81)
 ('./output/train/20250830-193733-mobilenetv2_vcaV2-224/checkpoint/checkpoint-222.pth.tar', 80.81)
 ('./output/train/20250830-193733-mobilenetv2_vcaV2-224/checkpoint/checkpoint-225.pth.tar', 80.79)
 ('./output/train/20250830-193733-mobilenetv2_vcaV2-224/checkpoint/checkpoint-215.pth.tar', 80.78)

2025-08-31 01:09:20,543 -                train: [    INFO] - Train: 226 [   0/195 (  0%)]  Loss: 7.353 (7.35)  Loss_cat: 1.014 (1.01)  Loss_feat: 4.467 (4.47)  Loss_gt: 1.872 (1.87) LR: 5.000e-05
2025-08-31 01:10:43,933 -                train: [    INFO] - Train: 226 [ 194/195 (100%)]  Loss: 7.324 (7.26)  Loss_cat: 1.037 (1.01)  Loss_feat: 4.548 (4.46)  Loss_gt: 1.738 (1.80) LR: 5.000e-05
2025-08-31 01:10:44,340 -                train: [    INFO] - Test: [   0/39]  Time: 0.388 (0.388)  Loss:  0.6147 (0.6147)  Acc@1: 83.5938 (83.5938)  Acc@5: 96.8750 (96.8750)
2025-08-31 01:10:47,192 -                train: [    INFO] - Test: [  39/39]  Time: 0.022 (0.081)  Loss:  0.7634 (0.7062)  Acc@1: 81.2500 (80.9200)  Acc@5: 93.7500 (96.8700)
2025-08-31 01:10:47,333 - timm.utils.checkpoint_saver: [    INFO] - Current checkpoints:
 ('./output/train/20250830-193733-mobilenetv2_vcaV2-224/checkpoint/checkpoint-217.pth.tar', 80.96)
 ('./output/train/20250830-193733-mobilenetv2_vcaV2-224/checkpoint/checkpoint-226.pth.tar', 80.92)
 ('./output/train/20250830-193733-mobilenetv2_vcaV2-224/checkpoint/checkpoint-224.pth.tar', 80.88)
 ('./output/train/20250830-193733-mobilenetv2_vcaV2-224/checkpoint/checkpoint-214.pth.tar', 80.86)
 ('./output/train/20250830-193733-mobilenetv2_vcaV2-224/checkpoint/checkpoint-212.pth.tar', 80.85)
 ('./output/train/20250830-193733-mobilenetv2_vcaV2-224/checkpoint/checkpoint-221.pth.tar', 80.83)
 ('./output/train/20250830-193733-mobilenetv2_vcaV2-224/checkpoint/checkpoint-213.pth.tar', 80.82)
 ('./output/train/20250830-193733-mobilenetv2_vcaV2-224/checkpoint/checkpoint-209.pth.tar', 80.81)
 ('./output/train/20250830-193733-mobilenetv2_vcaV2-224/checkpoint/checkpoint-222.pth.tar', 80.81)
 ('./output/train/20250830-193733-mobilenetv2_vcaV2-224/checkpoint/checkpoint-225.pth.tar', 80.79)

2025-08-31 01:10:48,080 -                train: [    INFO] - Train: 227 [   0/195 (  0%)]  Loss: 6.938 (6.94)  Loss_cat: 1.004 (1.00)  Loss_feat: 4.177 (4.18)  Loss_gt: 1.758 (1.76) LR: 5.000e-05
2025-08-31 01:12:11,514 -                train: [    INFO] - Train: 227 [ 194/195 (100%)]  Loss: 6.880 (6.99)  Loss_cat: 0.9935 (1.01)  Loss_feat: 4.175 (4.18)  Loss_gt: 1.711 (1.81) LR: 5.000e-05
2025-08-31 01:12:12,015 -                train: [    INFO] - Test: [   0/39]  Time: 0.484 (0.484)  Loss:  0.6171 (0.6171)  Acc@1: 84.3750 (84.3750)  Acc@5: 96.8750 (96.8750)
2025-08-31 01:12:14,894 -                train: [    INFO] - Test: [  39/39]  Time: 0.022 (0.084)  Loss:  0.7728 (0.7027)  Acc@1: 81.2500 (80.9700)  Acc@5: 93.7500 (96.8100)
2025-08-31 01:12:15,066 - timm.utils.checkpoint_saver: [    INFO] - Current checkpoints:
 ('./output/train/20250830-193733-mobilenetv2_vcaV2-224/checkpoint/checkpoint-227.pth.tar', 80.97)
 ('./output/train/20250830-193733-mobilenetv2_vcaV2-224/checkpoint/checkpoint-217.pth.tar', 80.96)
 ('./output/train/20250830-193733-mobilenetv2_vcaV2-224/checkpoint/checkpoint-226.pth.tar', 80.92)
 ('./output/train/20250830-193733-mobilenetv2_vcaV2-224/checkpoint/checkpoint-224.pth.tar', 80.88)
 ('./output/train/20250830-193733-mobilenetv2_vcaV2-224/checkpoint/checkpoint-214.pth.tar', 80.86)
 ('./output/train/20250830-193733-mobilenetv2_vcaV2-224/checkpoint/checkpoint-212.pth.tar', 80.85)
 ('./output/train/20250830-193733-mobilenetv2_vcaV2-224/checkpoint/checkpoint-221.pth.tar', 80.83)
 ('./output/train/20250830-193733-mobilenetv2_vcaV2-224/checkpoint/checkpoint-213.pth.tar', 80.82)
 ('./output/train/20250830-193733-mobilenetv2_vcaV2-224/checkpoint/checkpoint-209.pth.tar', 80.81)
 ('./output/train/20250830-193733-mobilenetv2_vcaV2-224/checkpoint/checkpoint-222.pth.tar', 80.81)

2025-08-31 01:12:15,845 -                train: [    INFO] - Train: 228 [   0/195 (  0%)]  Loss: 6.715 (6.71)  Loss_cat: 1.000 (1.00)  Loss_feat: 3.940 (3.94)  Loss_gt: 1.774 (1.77) LR: 5.000e-05
2025-08-31 01:13:39,327 -                train: [    INFO] - Train: 228 [ 194/195 (100%)]  Loss: 6.895 (6.74)  Loss_cat: 1.012 (1.01)  Loss_feat: 3.922 (3.92)  Loss_gt: 1.962 (1.82) LR: 5.000e-05
2025-08-31 01:13:39,739 -                train: [    INFO] - Test: [   0/39]  Time: 0.393 (0.393)  Loss:  0.6152 (0.6152)  Acc@1: 85.5469 (85.5469)  Acc@5: 96.4844 (96.4844)
2025-08-31 01:13:42,614 -                train: [    INFO] - Test: [  39/39]  Time: 0.022 (0.082)  Loss:  0.7430 (0.7033)  Acc@1: 81.2500 (80.8300)  Acc@5: 93.7500 (96.9300)
2025-08-31 01:13:42,762 - timm.utils.checkpoint_saver: [    INFO] - Current checkpoints:
 ('./output/train/20250830-193733-mobilenetv2_vcaV2-224/checkpoint/checkpoint-227.pth.tar', 80.97)
 ('./output/train/20250830-193733-mobilenetv2_vcaV2-224/checkpoint/checkpoint-217.pth.tar', 80.96)
 ('./output/train/20250830-193733-mobilenetv2_vcaV2-224/checkpoint/checkpoint-226.pth.tar', 80.92)
 ('./output/train/20250830-193733-mobilenetv2_vcaV2-224/checkpoint/checkpoint-224.pth.tar', 80.88)
 ('./output/train/20250830-193733-mobilenetv2_vcaV2-224/checkpoint/checkpoint-214.pth.tar', 80.86)
 ('./output/train/20250830-193733-mobilenetv2_vcaV2-224/checkpoint/checkpoint-212.pth.tar', 80.85)
 ('./output/train/20250830-193733-mobilenetv2_vcaV2-224/checkpoint/checkpoint-221.pth.tar', 80.83)
 ('./output/train/20250830-193733-mobilenetv2_vcaV2-224/checkpoint/checkpoint-228.pth.tar', 80.83)
 ('./output/train/20250830-193733-mobilenetv2_vcaV2-224/checkpoint/checkpoint-213.pth.tar', 80.82)
 ('./output/train/20250830-193733-mobilenetv2_vcaV2-224/checkpoint/checkpoint-209.pth.tar', 80.81)

2025-08-31 01:13:43,508 -                train: [    INFO] - Train: 229 [   0/195 (  0%)]  Loss: 6.662 (6.66)  Loss_cat: 1.035 (1.03)  Loss_feat: 3.701 (3.70)  Loss_gt: 1.926 (1.93) LR: 5.000e-05
2025-08-31 01:15:07,021 -                train: [    INFO] - Train: 229 [ 194/195 (100%)]  Loss: 6.611 (6.50)  Loss_cat: 1.055 (1.01)  Loss_feat: 3.704 (3.68)  Loss_gt: 1.851 (1.81) LR: 5.000e-05
2025-08-31 01:15:07,430 -                train: [    INFO] - Test: [   0/39]  Time: 0.390 (0.390)  Loss:  0.6199 (0.6199)  Acc@1: 84.7656 (84.7656)  Acc@5: 96.4844 (96.4844)
2025-08-31 01:15:10,346 -                train: [    INFO] - Test: [  39/39]  Time: 0.022 (0.083)  Loss:  0.7542 (0.7063)  Acc@1: 81.2500 (80.8600)  Acc@5: 93.7500 (96.8600)
2025-08-31 01:15:10,501 - timm.utils.checkpoint_saver: [    INFO] - Current checkpoints:
 ('./output/train/20250830-193733-mobilenetv2_vcaV2-224/checkpoint/checkpoint-227.pth.tar', 80.97)
 ('./output/train/20250830-193733-mobilenetv2_vcaV2-224/checkpoint/checkpoint-217.pth.tar', 80.96)
 ('./output/train/20250830-193733-mobilenetv2_vcaV2-224/checkpoint/checkpoint-226.pth.tar', 80.92)
 ('./output/train/20250830-193733-mobilenetv2_vcaV2-224/checkpoint/checkpoint-224.pth.tar', 80.88)
 ('./output/train/20250830-193733-mobilenetv2_vcaV2-224/checkpoint/checkpoint-214.pth.tar', 80.86)
 ('./output/train/20250830-193733-mobilenetv2_vcaV2-224/checkpoint/checkpoint-229.pth.tar', 80.86)
 ('./output/train/20250830-193733-mobilenetv2_vcaV2-224/checkpoint/checkpoint-212.pth.tar', 80.85)
 ('./output/train/20250830-193733-mobilenetv2_vcaV2-224/checkpoint/checkpoint-221.pth.tar', 80.83)
 ('./output/train/20250830-193733-mobilenetv2_vcaV2-224/checkpoint/checkpoint-228.pth.tar', 80.83)
 ('./output/train/20250830-193733-mobilenetv2_vcaV2-224/checkpoint/checkpoint-213.pth.tar', 80.82)

2025-08-31 01:15:11,331 -                train: [    INFO] - Train: 230 [   0/195 (  0%)]  Loss: 6.357 (6.36)  Loss_cat: 1.035 (1.03)  Loss_feat: 3.503 (3.50)  Loss_gt: 1.820 (1.82) LR: 5.000e-05
2025-08-31 01:16:34,838 -                train: [    INFO] - Train: 230 [ 194/195 (100%)]  Loss: 6.241 (6.29)  Loss_cat: 1.010 (1.00)  Loss_feat: 3.490 (3.47)  Loss_gt: 1.741 (1.82) LR: 5.000e-05
2025-08-31 01:16:35,270 -                train: [    INFO] - Test: [   0/39]  Time: 0.415 (0.415)  Loss:  0.6154 (0.6154)  Acc@1: 85.9375 (85.9375)  Acc@5: 96.4844 (96.4844)
2025-08-31 01:16:38,151 -                train: [    INFO] - Test: [  39/39]  Time: 0.021 (0.082)  Loss:  0.7682 (0.7032)  Acc@1: 81.2500 (80.9900)  Acc@5: 93.7500 (96.8400)
2025-08-31 01:16:38,286 - timm.utils.checkpoint_saver: [    INFO] - Current checkpoints:
 ('./output/train/20250830-193733-mobilenetv2_vcaV2-224/checkpoint/checkpoint-230.pth.tar', 80.99)
 ('./output/train/20250830-193733-mobilenetv2_vcaV2-224/checkpoint/checkpoint-227.pth.tar', 80.97)
 ('./output/train/20250830-193733-mobilenetv2_vcaV2-224/checkpoint/checkpoint-217.pth.tar', 80.96)
 ('./output/train/20250830-193733-mobilenetv2_vcaV2-224/checkpoint/checkpoint-226.pth.tar', 80.92)
 ('./output/train/20250830-193733-mobilenetv2_vcaV2-224/checkpoint/checkpoint-224.pth.tar', 80.88)
 ('./output/train/20250830-193733-mobilenetv2_vcaV2-224/checkpoint/checkpoint-214.pth.tar', 80.86)
 ('./output/train/20250830-193733-mobilenetv2_vcaV2-224/checkpoint/checkpoint-229.pth.tar', 80.86)
 ('./output/train/20250830-193733-mobilenetv2_vcaV2-224/checkpoint/checkpoint-212.pth.tar', 80.85)
 ('./output/train/20250830-193733-mobilenetv2_vcaV2-224/checkpoint/checkpoint-221.pth.tar', 80.83)
 ('./output/train/20250830-193733-mobilenetv2_vcaV2-224/checkpoint/checkpoint-228.pth.tar', 80.83)

2025-08-31 01:16:39,037 -                train: [    INFO] - Train: 231 [   0/195 (  0%)]  Loss: 5.919 (5.92)  Loss_cat: 0.9464 (0.946)  Loss_feat: 3.215 (3.21)  Loss_gt: 1.758 (1.76) LR: 5.000e-05
2025-08-31 01:18:02,611 -                train: [    INFO] - Train: 231 [ 194/195 (100%)]  Loss: 5.926 (6.08)  Loss_cat: 0.9464 (1.01)  Loss_feat: 3.259 (3.27)  Loss_gt: 1.720 (1.80) LR: 5.000e-05
2025-08-31 01:18:03,040 -                train: [    INFO] - Test: [   0/39]  Time: 0.410 (0.410)  Loss:  0.6074 (0.6074)  Acc@1: 85.9375 (85.9375)  Acc@5: 96.8750 (96.8750)
2025-08-31 01:18:05,961 -                train: [    INFO] - Test: [  39/39]  Time: 0.022 (0.083)  Loss:  0.7532 (0.7006)  Acc@1: 81.2500 (80.7800)  Acc@5: 93.7500 (96.9000)
2025-08-31 01:18:06,846 -                train: [    INFO] - Train: 232 [   0/195 (  0%)]  Loss: 5.921 (5.92)  Loss_cat: 1.035 (1.04)  Loss_feat: 3.140 (3.14)  Loss_gt: 1.746 (1.75) LR: 5.000e-05
2025-08-31 01:19:30,365 -                train: [    INFO] - Train: 232 [ 194/195 (100%)]  Loss: 6.219 (5.91)  Loss_cat: 1.087 (1.01)  Loss_feat: 3.172 (3.10)  Loss_gt: 1.960 (1.81) LR: 5.000e-05
2025-08-31 01:19:30,779 -                train: [    INFO] - Test: [   0/39]  Time: 0.393 (0.393)  Loss:  0.6144 (0.6144)  Acc@1: 85.5469 (85.5469)  Acc@5: 96.4844 (96.4844)
2025-08-31 01:19:33,665 -                train: [    INFO] - Test: [  39/39]  Time: 0.022 (0.082)  Loss:  0.7731 (0.7024)  Acc@1: 81.2500 (80.7300)  Acc@5: 93.7500 (96.8800)
2025-08-31 01:19:34,632 -                train: [    INFO] - Train: 233 [   0/195 (  0%)]  Loss: 5.589 (5.59)  Loss_cat: 0.9320 (0.932)  Loss_feat: 2.900 (2.90)  Loss_gt: 1.757 (1.76) LR: 5.000e-05
2025-08-31 01:20:58,091 -                train: [    INFO] - Train: 233 [ 194/195 (100%)]  Loss: 5.937 (5.75)  Loss_cat: 1.044 (1.00)  Loss_feat: 2.957 (2.94)  Loss_gt: 1.936 (1.80) LR: 5.000e-05
2025-08-31 01:20:58,499 -                train: [    INFO] - Test: [   0/39]  Time: 0.389 (0.389)  Loss:  0.6175 (0.6175)  Acc@1: 84.3750 (84.3750)  Acc@5: 96.8750 (96.8750)
2025-08-31 01:21:01,471 -                train: [    INFO] - Test: [  39/39]  Time: 0.021 (0.084)  Loss:  0.7693 (0.7026)  Acc@1: 81.2500 (80.8500)  Acc@5: 93.7500 (96.9300)
2025-08-31 01:21:01,625 - timm.utils.checkpoint_saver: [    INFO] - Current checkpoints:
 ('./output/train/20250830-193733-mobilenetv2_vcaV2-224/checkpoint/checkpoint-230.pth.tar', 80.99)
 ('./output/train/20250830-193733-mobilenetv2_vcaV2-224/checkpoint/checkpoint-227.pth.tar', 80.97)
 ('./output/train/20250830-193733-mobilenetv2_vcaV2-224/checkpoint/checkpoint-217.pth.tar', 80.96)
 ('./output/train/20250830-193733-mobilenetv2_vcaV2-224/checkpoint/checkpoint-226.pth.tar', 80.92)
 ('./output/train/20250830-193733-mobilenetv2_vcaV2-224/checkpoint/checkpoint-224.pth.tar', 80.88)
 ('./output/train/20250830-193733-mobilenetv2_vcaV2-224/checkpoint/checkpoint-214.pth.tar', 80.86)
 ('./output/train/20250830-193733-mobilenetv2_vcaV2-224/checkpoint/checkpoint-229.pth.tar', 80.86)
 ('./output/train/20250830-193733-mobilenetv2_vcaV2-224/checkpoint/checkpoint-212.pth.tar', 80.85)
 ('./output/train/20250830-193733-mobilenetv2_vcaV2-224/checkpoint/checkpoint-233.pth.tar', 80.85)
 ('./output/train/20250830-193733-mobilenetv2_vcaV2-224/checkpoint/checkpoint-221.pth.tar', 80.83)

2025-08-31 01:21:02,379 -                train: [    INFO] - Train: 234 [   0/195 (  0%)]  Loss: 5.682 (5.68)  Loss_cat: 1.049 (1.05)  Loss_feat: 2.793 (2.79)  Loss_gt: 1.840 (1.84) LR: 5.000e-05
2025-08-31 01:22:25,915 -                train: [    INFO] - Train: 234 [ 194/195 (100%)]  Loss: 5.894 (5.62)  Loss_cat: 1.052 (1.01)  Loss_feat: 2.840 (2.81)  Loss_gt: 2.002 (1.80) LR: 5.000e-05
2025-08-31 01:22:26,330 -                train: [    INFO] - Test: [   0/39]  Time: 0.396 (0.396)  Loss:  0.6103 (0.6103)  Acc@1: 84.3750 (84.3750)  Acc@5: 96.8750 (96.8750)
2025-08-31 01:22:29,381 -                train: [    INFO] - Test: [  39/39]  Time: 0.021 (0.086)  Loss:  0.7467 (0.7028)  Acc@1: 81.2500 (80.8800)  Acc@5: 93.7500 (96.8400)
2025-08-31 01:22:29,551 - timm.utils.checkpoint_saver: [    INFO] - Current checkpoints:
 ('./output/train/20250830-193733-mobilenetv2_vcaV2-224/checkpoint/checkpoint-230.pth.tar', 80.99)
 ('./output/train/20250830-193733-mobilenetv2_vcaV2-224/checkpoint/checkpoint-227.pth.tar', 80.97)
 ('./output/train/20250830-193733-mobilenetv2_vcaV2-224/checkpoint/checkpoint-217.pth.tar', 80.96)
 ('./output/train/20250830-193733-mobilenetv2_vcaV2-224/checkpoint/checkpoint-226.pth.tar', 80.92)
 ('./output/train/20250830-193733-mobilenetv2_vcaV2-224/checkpoint/checkpoint-224.pth.tar', 80.88)
 ('./output/train/20250830-193733-mobilenetv2_vcaV2-224/checkpoint/checkpoint-234.pth.tar', 80.88)
 ('./output/train/20250830-193733-mobilenetv2_vcaV2-224/checkpoint/checkpoint-214.pth.tar', 80.86)
 ('./output/train/20250830-193733-mobilenetv2_vcaV2-224/checkpoint/checkpoint-229.pth.tar', 80.86)
 ('./output/train/20250830-193733-mobilenetv2_vcaV2-224/checkpoint/checkpoint-212.pth.tar', 80.85)
 ('./output/train/20250830-193733-mobilenetv2_vcaV2-224/checkpoint/checkpoint-233.pth.tar', 80.85)

2025-08-31 01:22:30,295 -                train: [    INFO] - Train: 235 [   0/195 (  0%)]  Loss: 5.414 (5.41)  Loss_cat: 1.006 (1.01)  Loss_feat: 2.719 (2.72)  Loss_gt: 1.689 (1.69) LR: 5.000e-05
2025-08-31 01:23:53,875 -                train: [    INFO] - Train: 235 [ 194/195 (100%)]  Loss: 5.500 (5.50)  Loss_cat: 1.041 (1.01)  Loss_feat: 2.735 (2.69)  Loss_gt: 1.725 (1.80) LR: 5.000e-05
2025-08-31 01:23:54,288 -                train: [    INFO] - Test: [   0/39]  Time: 0.395 (0.395)  Loss:  0.6157 (0.6157)  Acc@1: 85.1562 (85.1562)  Acc@5: 97.2656 (97.2656)
2025-08-31 01:23:57,170 -                train: [    INFO] - Test: [  39/39]  Time: 0.022 (0.082)  Loss:  0.7577 (0.7012)  Acc@1: 81.2500 (80.8300)  Acc@5: 93.7500 (96.8700)
2025-08-31 01:23:58,069 -                train: [    INFO] - Train: 236 [   0/195 (  0%)]  Loss: 5.371 (5.37)  Loss_cat: 0.9698 (0.970)  Loss_feat: 2.583 (2.58)  Loss_gt: 1.819 (1.82) LR: 5.000e-05
2025-08-31 01:25:21,562 -                train: [    INFO] - Train: 236 [ 194/195 (100%)]  Loss: 5.391 (5.41)  Loss_cat: 1.016 (1.01)  Loss_feat: 2.599 (2.60)  Loss_gt: 1.776 (1.80) LR: 5.000e-05
2025-08-31 01:25:21,971 -                train: [    INFO] - Test: [   0/39]  Time: 0.391 (0.391)  Loss:  0.6193 (0.6193)  Acc@1: 84.3750 (84.3750)  Acc@5: 97.2656 (97.2656)
2025-08-31 01:25:24,853 -                train: [    INFO] - Test: [  39/39]  Time: 0.023 (0.082)  Loss:  0.7746 (0.7016)  Acc@1: 81.2500 (80.9100)  Acc@5: 93.7500 (96.9000)
2025-08-31 01:25:25,040 - timm.utils.checkpoint_saver: [    INFO] - Current checkpoints:
 ('./output/train/20250830-193733-mobilenetv2_vcaV2-224/checkpoint/checkpoint-230.pth.tar', 80.99)
 ('./output/train/20250830-193733-mobilenetv2_vcaV2-224/checkpoint/checkpoint-227.pth.tar', 80.97)
 ('./output/train/20250830-193733-mobilenetv2_vcaV2-224/checkpoint/checkpoint-217.pth.tar', 80.96)
 ('./output/train/20250830-193733-mobilenetv2_vcaV2-224/checkpoint/checkpoint-226.pth.tar', 80.92)
 ('./output/train/20250830-193733-mobilenetv2_vcaV2-224/checkpoint/checkpoint-236.pth.tar', 80.91)
 ('./output/train/20250830-193733-mobilenetv2_vcaV2-224/checkpoint/checkpoint-224.pth.tar', 80.88)
 ('./output/train/20250830-193733-mobilenetv2_vcaV2-224/checkpoint/checkpoint-234.pth.tar', 80.88)
 ('./output/train/20250830-193733-mobilenetv2_vcaV2-224/checkpoint/checkpoint-214.pth.tar', 80.86)
 ('./output/train/20250830-193733-mobilenetv2_vcaV2-224/checkpoint/checkpoint-229.pth.tar', 80.86)
 ('./output/train/20250830-193733-mobilenetv2_vcaV2-224/checkpoint/checkpoint-212.pth.tar', 80.85)

2025-08-31 01:25:25,786 -                train: [    INFO] - Train: 237 [   0/195 (  0%)]  Loss: 5.385 (5.39)  Loss_cat: 1.001 (1.00)  Loss_feat: 2.515 (2.52)  Loss_gt: 1.869 (1.87) LR: 5.000e-05
2025-08-31 01:26:49,298 -                train: [    INFO] - Train: 237 [ 194/195 (100%)]  Loss: 5.435 (5.33)  Loss_cat: 1.044 (1.01)  Loss_feat: 2.535 (2.53)  Loss_gt: 1.857 (1.80) LR: 5.000e-05
2025-08-31 01:26:49,708 -                train: [    INFO] - Test: [   0/39]  Time: 0.391 (0.391)  Loss:  0.6088 (0.6088)  Acc@1: 83.5938 (83.5938)  Acc@5: 96.8750 (96.8750)
2025-08-31 01:26:52,598 -                train: [    INFO] - Test: [  39/39]  Time: 0.021 (0.082)  Loss:  0.7510 (0.7022)  Acc@1: 81.2500 (80.7500)  Acc@5: 93.7500 (96.9000)
2025-08-31 01:26:53,481 -                train: [    INFO] - Train: 238 [   0/195 (  0%)]  Loss: 5.185 (5.19)  Loss_cat: 0.9760 (0.976)  Loss_feat: 2.488 (2.49)  Loss_gt: 1.721 (1.72) LR: 5.000e-05
2025-08-31 01:28:16,943 -                train: [    INFO] - Train: 238 [ 194/195 (100%)]  Loss: 5.350 (5.28)  Loss_cat: 1.000 (1.01)  Loss_feat: 2.489 (2.48)  Loss_gt: 1.861 (1.80) LR: 5.000e-05
2025-08-31 01:28:17,354 -                train: [    INFO] - Test: [   0/39]  Time: 0.394 (0.394)  Loss:  0.6178 (0.6178)  Acc@1: 84.7656 (84.7656)  Acc@5: 96.8750 (96.8750)
2025-08-31 01:28:20,237 -                train: [    INFO] - Test: [  39/39]  Time: 0.022 (0.082)  Loss:  0.7779 (0.7018)  Acc@1: 81.2500 (81.1100)  Acc@5: 93.7500 (96.9500)
2025-08-31 01:28:20,391 - timm.utils.checkpoint_saver: [    INFO] - Current checkpoints:
 ('./output/train/20250830-193733-mobilenetv2_vcaV2-224/checkpoint/checkpoint-238.pth.tar', 81.11)
 ('./output/train/20250830-193733-mobilenetv2_vcaV2-224/checkpoint/checkpoint-230.pth.tar', 80.99)
 ('./output/train/20250830-193733-mobilenetv2_vcaV2-224/checkpoint/checkpoint-227.pth.tar', 80.97)
 ('./output/train/20250830-193733-mobilenetv2_vcaV2-224/checkpoint/checkpoint-217.pth.tar', 80.96)
 ('./output/train/20250830-193733-mobilenetv2_vcaV2-224/checkpoint/checkpoint-226.pth.tar', 80.92)
 ('./output/train/20250830-193733-mobilenetv2_vcaV2-224/checkpoint/checkpoint-236.pth.tar', 80.91)
 ('./output/train/20250830-193733-mobilenetv2_vcaV2-224/checkpoint/checkpoint-224.pth.tar', 80.88)
 ('./output/train/20250830-193733-mobilenetv2_vcaV2-224/checkpoint/checkpoint-234.pth.tar', 80.88)
 ('./output/train/20250830-193733-mobilenetv2_vcaV2-224/checkpoint/checkpoint-214.pth.tar', 80.86)
 ('./output/train/20250830-193733-mobilenetv2_vcaV2-224/checkpoint/checkpoint-229.pth.tar', 80.86)

2025-08-31 01:28:21,172 -                train: [    INFO] - Train: 239 [   0/195 (  0%)]  Loss: 5.325 (5.33)  Loss_cat: 1.033 (1.03)  Loss_feat: 2.449 (2.45)  Loss_gt: 1.843 (1.84) LR: 5.000e-05
2025-08-31 01:29:44,698 -                train: [    INFO] - Train: 239 [ 194/195 (100%)]  Loss: 5.300 (5.26)  Loss_cat: 1.030 (1.01)  Loss_feat: 2.446 (2.45)  Loss_gt: 1.824 (1.80) LR: 5.000e-05
2025-08-31 01:29:45,104 -                train: [    INFO] - Test: [   0/39]  Time: 0.390 (0.390)  Loss:  0.6180 (0.6180)  Acc@1: 83.9844 (83.9844)  Acc@5: 97.2656 (97.2656)
2025-08-31 01:29:47,999 -                train: [    INFO] - Test: [  39/39]  Time: 0.022 (0.082)  Loss:  0.7656 (0.7033)  Acc@1: 81.2500 (80.8000)  Acc@5: 93.7500 (96.8900)
2025-08-31 01:29:48,125 -                train: [    INFO] - *** Best metric: 81.11 (epoch 238)
