2025-09-09 18:09:34,133 -                train: [    INFO] - Training with a single process on 1 GPUs.
2025-09-09 18:09:34,189 -               dinov2: [    INFO] - using MLP layer as FFN
2025-09-09 18:09:36,405 -                train: [    INFO] - Model mobilenetv2_100 created, param count:2351972
2025-09-09 18:09:36,405 -     timm.data.config: [    INFO] - Data processing configuration for current model + dataset:
2025-09-09 18:09:36,408 -     timm.data.config: [    INFO] - 	input_size: (3, 224, 224)
2025-09-09 18:09:36,409 -     timm.data.config: [    INFO] - 	interpolation: bicubic
2025-09-09 18:09:36,409 -     timm.data.config: [    INFO] - 	mean: (0.485, 0.456, 0.406)
2025-09-09 18:09:36,409 -     timm.data.config: [    INFO] - 	std: (0.229, 0.224, 0.225)
2025-09-09 18:09:36,409 -     timm.data.config: [    INFO] - 	crop_pct: 0.875
2025-09-09 18:09:38,321 -                train: [    INFO] - 
-------------------------------
Learnable parameters
Student: 2.35M
Extra: 0.00M
-------------------------------
2025-09-09 18:09:38,446 -                train: [    INFO] - AMP not enabled. Training in float32.
2025-09-09 18:09:38,446 -                train: [    INFO] - Scheduled epochs: 240
2025-09-09 18:09:40,852 -                train: [    INFO] - Train: 0 [   0/195 (  0%)]  Loss: 63.44 (63.4)  Loss_gt: 4.965 (4.97)  Loss_kd: 58.48 (58.5) LR: 1.000e-04
2025-09-09 18:11:00,685 -                train: [    INFO] - Train: 0 [ 194/195 (100%)]  Loss: 61.85 (63.3)  Loss_gt: 4.742 (4.79)  Loss_kd: 57.11 (58.5) LR: 1.000e-04
2025-09-09 18:11:01,386 -                train: [    INFO] - Test: [   0/39]  Time: 0.683 (0.683)  Loss:  4.8531 (4.8531)  Acc@1:  1.1719 ( 1.1719)  Acc@5:  5.0781 ( 5.0781)
2025-09-09 18:11:04,520 -                train: [    INFO] - Test: [  39/39]  Time: 0.117 (0.095)  Loss:  4.6014 (4.7768)  Acc@1:  6.2500 ( 1.0300)  Acc@5: 12.5000 ( 5.2900)
2025-09-09 18:11:04,713 - timm.utils.checkpoint_saver: [    INFO] - Current checkpoints:
 ('./output/train/20250909-180938-mobilenetv2_100-224/checkpoint/checkpoint-0.pth.tar', 1.03)

2025-09-09 18:11:05,504 -                train: [    INFO] - Train: 1 [   0/195 (  0%)]  Loss: 64.97 (65.0)  Loss_gt: 4.793 (4.79)  Loss_kd: 60.18 (60.2) LR: 1.673e-02
2025-09-09 18:12:24,965 -                train: [    INFO] - Train: 1 [ 194/195 (100%)]  Loss: 45.04 (51.9)  Loss_gt: 4.549 (4.74)  Loss_kd: 40.49 (47.1) LR: 1.673e-02
2025-09-09 18:12:25,380 -                train: [    INFO] - Test: [   0/39]  Time: 0.396 (0.396)  Loss:  4.2507 (4.2507)  Acc@1: 17.1875 (17.1875)  Acc@5: 48.8281 (48.8281)
2025-09-09 18:12:28,315 -                train: [    INFO] - Test: [  39/39]  Time: 0.024 (0.083)  Loss:  4.6417 (4.1604)  Acc@1: 18.7500 (17.3900)  Acc@5: 50.0000 (46.0400)
2025-09-09 18:12:28,425 - timm.utils.checkpoint_saver: [    INFO] - Current checkpoints:
 ('./output/train/20250909-180938-mobilenetv2_100-224/checkpoint/checkpoint-1.pth.tar', 17.39)
 ('./output/train/20250909-180938-mobilenetv2_100-224/checkpoint/checkpoint-0.pth.tar', 1.03)

2025-09-09 18:12:29,180 -                train: [    INFO] - Train: 2 [   0/195 (  0%)]  Loss: 46.00 (46.0)  Loss_gt: 4.578 (4.58)  Loss_kd: 41.42 (41.4) LR: 3.337e-02
2025-09-09 18:13:49,008 -                train: [    INFO] - Train: 2 [ 194/195 (100%)]  Loss: 42.25 (44.3)  Loss_gt: 4.259 (4.51)  Loss_kd: 37.99 (39.8) LR: 3.337e-02
2025-09-09 18:13:49,445 -                train: [    INFO] - Test: [   0/39]  Time: 0.418 (0.418)  Loss:  4.5578 (4.5578)  Acc@1: 23.0469 (23.0469)  Acc@5: 54.2969 (54.2969)
2025-09-09 18:13:52,831 -                train: [    INFO] - Test: [  39/39]  Time: 0.022 (0.095)  Loss:  4.3412 (4.2580)  Acc@1: 31.2500 (21.8500)  Acc@5: 68.7500 (54.7100)
2025-09-09 18:13:52,919 - timm.utils.checkpoint_saver: [    INFO] - Current checkpoints:
 ('./output/train/20250909-180938-mobilenetv2_100-224/checkpoint/checkpoint-2.pth.tar', 21.85)
 ('./output/train/20250909-180938-mobilenetv2_100-224/checkpoint/checkpoint-1.pth.tar', 17.39)
 ('./output/train/20250909-180938-mobilenetv2_100-224/checkpoint/checkpoint-0.pth.tar', 1.03)

2025-09-09 18:13:53,668 -                train: [    INFO] - Train: 3 [   0/195 (  0%)]  Loss: 41.56 (41.6)  Loss_gt: 4.289 (4.29)  Loss_kd: 37.27 (37.3) LR: 5.000e-02
2025-09-09 18:15:13,434 -                train: [    INFO] - Train: 3 [ 194/195 (100%)]  Loss: 37.92 (39.9)  Loss_gt: 4.254 (4.27)  Loss_kd: 33.67 (35.6) LR: 5.000e-02
2025-09-09 18:15:13,891 -                train: [    INFO] - Test: [   0/39]  Time: 0.439 (0.439)  Loss:  3.5017 (3.5017)  Acc@1: 30.0781 (30.0781)  Acc@5: 61.7188 (61.7188)
2025-09-09 18:15:16,719 -                train: [    INFO] - Test: [  39/39]  Time: 0.023 (0.082)  Loss:  2.5110 (3.2913)  Acc@1: 43.7500 (30.3000)  Acc@5: 75.0000 (64.1500)
2025-09-09 18:15:16,811 - timm.utils.checkpoint_saver: [    INFO] - Current checkpoints:
 ('./output/train/20250909-180938-mobilenetv2_100-224/checkpoint/checkpoint-3.pth.tar', 30.3)
 ('./output/train/20250909-180938-mobilenetv2_100-224/checkpoint/checkpoint-2.pth.tar', 21.85)
 ('./output/train/20250909-180938-mobilenetv2_100-224/checkpoint/checkpoint-1.pth.tar', 17.39)
 ('./output/train/20250909-180938-mobilenetv2_100-224/checkpoint/checkpoint-0.pth.tar', 1.03)

2025-09-09 18:15:17,574 -                train: [    INFO] - Train: 4 [   0/195 (  0%)]  Loss: 39.42 (39.4)  Loss_gt: 4.115 (4.11)  Loss_kd: 35.30 (35.3) LR: 5.000e-02
2025-09-09 18:16:37,339 -                train: [    INFO] - Train: 4 [ 194/195 (100%)]  Loss: 35.43 (36.2)  Loss_gt: 4.083 (4.01)  Loss_kd: 31.35 (32.2) LR: 5.000e-02
2025-09-09 18:16:37,768 -                train: [    INFO] - Test: [   0/39]  Time: 0.405 (0.405)  Loss:  2.7289 (2.7289)  Acc@1: 41.4062 (41.4062)  Acc@5: 73.8281 (73.8281)
2025-09-09 18:16:40,868 -                train: [    INFO] - Test: [  39/39]  Time: 0.021 (0.088)  Loss:  2.1401 (2.8284)  Acc@1: 50.0000 (37.4900)  Acc@5: 75.0000 (70.3100)
2025-09-09 18:16:40,974 - timm.utils.checkpoint_saver: [    INFO] - Current checkpoints:
 ('./output/train/20250909-180938-mobilenetv2_100-224/checkpoint/checkpoint-4.pth.tar', 37.49)
 ('./output/train/20250909-180938-mobilenetv2_100-224/checkpoint/checkpoint-3.pth.tar', 30.3)
 ('./output/train/20250909-180938-mobilenetv2_100-224/checkpoint/checkpoint-2.pth.tar', 21.85)
 ('./output/train/20250909-180938-mobilenetv2_100-224/checkpoint/checkpoint-1.pth.tar', 17.39)
 ('./output/train/20250909-180938-mobilenetv2_100-224/checkpoint/checkpoint-0.pth.tar', 1.03)

2025-09-09 18:16:41,730 -                train: [    INFO] - Train: 5 [   0/195 (  0%)]  Loss: 35.10 (35.1)  Loss_gt: 4.034 (4.03)  Loss_kd: 31.07 (31.1) LR: 5.000e-02
2025-09-09 18:18:01,356 -                train: [    INFO] - Train: 5 [ 194/195 (100%)]  Loss: 30.85 (34.0)  Loss_gt: 3.709 (3.88)  Loss_kd: 27.14 (30.1) LR: 5.000e-02
2025-09-09 18:18:01,773 -                train: [    INFO] - Test: [   0/39]  Time: 0.396 (0.396)  Loss:  3.0394 (3.0394)  Acc@1: 45.7031 (45.7031)  Acc@5: 69.5312 (69.5312)
2025-09-09 18:18:04,617 -                train: [    INFO] - Test: [  39/39]  Time: 0.022 (0.081)  Loss:  2.6166 (3.1175)  Acc@1: 43.7500 (37.2800)  Acc@5: 68.7500 (68.8700)
2025-09-09 18:18:04,759 - timm.utils.checkpoint_saver: [    INFO] - Current checkpoints:
 ('./output/train/20250909-180938-mobilenetv2_100-224/checkpoint/checkpoint-4.pth.tar', 37.49)
 ('./output/train/20250909-180938-mobilenetv2_100-224/checkpoint/checkpoint-5.pth.tar', 37.28)
 ('./output/train/20250909-180938-mobilenetv2_100-224/checkpoint/checkpoint-3.pth.tar', 30.3)
 ('./output/train/20250909-180938-mobilenetv2_100-224/checkpoint/checkpoint-2.pth.tar', 21.85)
 ('./output/train/20250909-180938-mobilenetv2_100-224/checkpoint/checkpoint-1.pth.tar', 17.39)
 ('./output/train/20250909-180938-mobilenetv2_100-224/checkpoint/checkpoint-0.pth.tar', 1.03)

2025-09-09 18:18:05,520 -                train: [    INFO] - Train: 6 [   0/195 (  0%)]  Loss: 32.51 (32.5)  Loss_gt: 3.638 (3.64)  Loss_kd: 28.87 (28.9) LR: 5.000e-02
2025-09-09 18:19:25,755 -                train: [    INFO] - Train: 6 [ 194/195 (100%)]  Loss: 32.27 (32.3)  Loss_gt: 3.978 (3.77)  Loss_kd: 28.30 (28.6) LR: 5.000e-02
2025-09-09 18:19:26,183 -                train: [    INFO] - Test: [   0/39]  Time: 0.403 (0.403)  Loss:  2.6499 (2.6499)  Acc@1: 43.7500 (43.7500)  Acc@5: 73.0469 (73.0469)
2025-09-09 18:19:29,058 -                train: [    INFO] - Test: [  39/39]  Time: 0.023 (0.082)  Loss:  3.3045 (2.6297)  Acc@1: 37.5000 (41.9000)  Acc@5: 68.7500 (74.1700)
2025-09-09 18:19:29,147 - timm.utils.checkpoint_saver: [    INFO] - Current checkpoints:
 ('./output/train/20250909-180938-mobilenetv2_100-224/checkpoint/checkpoint-6.pth.tar', 41.9)
 ('./output/train/20250909-180938-mobilenetv2_100-224/checkpoint/checkpoint-4.pth.tar', 37.49)
 ('./output/train/20250909-180938-mobilenetv2_100-224/checkpoint/checkpoint-5.pth.tar', 37.28)
 ('./output/train/20250909-180938-mobilenetv2_100-224/checkpoint/checkpoint-3.pth.tar', 30.3)
 ('./output/train/20250909-180938-mobilenetv2_100-224/checkpoint/checkpoint-2.pth.tar', 21.85)
 ('./output/train/20250909-180938-mobilenetv2_100-224/checkpoint/checkpoint-1.pth.tar', 17.39)
 ('./output/train/20250909-180938-mobilenetv2_100-224/checkpoint/checkpoint-0.pth.tar', 1.03)

2025-09-09 18:19:29,927 -                train: [    INFO] - Train: 7 [   0/195 (  0%)]  Loss: 30.54 (30.5)  Loss_gt: 3.829 (3.83)  Loss_kd: 26.71 (26.7) LR: 5.000e-02
2025-09-09 18:20:49,488 -                train: [    INFO] - Train: 7 [ 194/195 (100%)]  Loss: 30.45 (31.5)  Loss_gt: 3.714 (3.72)  Loss_kd: 26.73 (27.8) LR: 5.000e-02
2025-09-09 18:20:49,932 -                train: [    INFO] - Test: [   0/39]  Time: 0.423 (0.423)  Loss:  2.5839 (2.5839)  Acc@1: 46.4844 (46.4844)  Acc@5: 76.1719 (76.1719)
2025-09-09 18:20:52,790 -                train: [    INFO] - Test: [  39/39]  Time: 0.022 (0.082)  Loss:  2.9381 (2.8916)  Acc@1: 50.0000 (40.4400)  Acc@5: 68.7500 (72.2100)
2025-09-09 18:20:53,034 - timm.utils.checkpoint_saver: [    INFO] - Current checkpoints:
 ('./output/train/20250909-180938-mobilenetv2_100-224/checkpoint/checkpoint-6.pth.tar', 41.9)
 ('./output/train/20250909-180938-mobilenetv2_100-224/checkpoint/checkpoint-7.pth.tar', 40.44)
 ('./output/train/20250909-180938-mobilenetv2_100-224/checkpoint/checkpoint-4.pth.tar', 37.49)
 ('./output/train/20250909-180938-mobilenetv2_100-224/checkpoint/checkpoint-5.pth.tar', 37.28)
 ('./output/train/20250909-180938-mobilenetv2_100-224/checkpoint/checkpoint-3.pth.tar', 30.3)
 ('./output/train/20250909-180938-mobilenetv2_100-224/checkpoint/checkpoint-2.pth.tar', 21.85)
 ('./output/train/20250909-180938-mobilenetv2_100-224/checkpoint/checkpoint-1.pth.tar', 17.39)
 ('./output/train/20250909-180938-mobilenetv2_100-224/checkpoint/checkpoint-0.pth.tar', 1.03)

2025-09-09 18:20:53,796 -                train: [    INFO] - Train: 8 [   0/195 (  0%)]  Loss: 30.38 (30.4)  Loss_gt: 3.633 (3.63)  Loss_kd: 26.74 (26.7) LR: 5.000e-02
2025-09-09 18:22:13,850 -                train: [    INFO] - Train: 8 [ 194/195 (100%)]  Loss: 31.24 (30.7)  Loss_gt: 3.703 (3.67)  Loss_kd: 27.54 (27.1) LR: 5.000e-02
2025-09-09 18:22:14,466 -                train: [    INFO] - Test: [   0/39]  Time: 0.592 (0.592)  Loss:  2.6694 (2.6694)  Acc@1: 47.2656 (47.2656)  Acc@5: 75.3906 (75.3906)
2025-09-09 18:22:17,477 -                train: [    INFO] - Test: [  39/39]  Time: 0.023 (0.090)  Loss:  2.3466 (2.6525)  Acc@1: 62.5000 (45.0300)  Acc@5: 87.5000 (77.2000)
2025-09-09 18:22:17,738 - timm.utils.checkpoint_saver: [    INFO] - Current checkpoints:
 ('./output/train/20250909-180938-mobilenetv2_100-224/checkpoint/checkpoint-8.pth.tar', 45.03)
 ('./output/train/20250909-180938-mobilenetv2_100-224/checkpoint/checkpoint-6.pth.tar', 41.9)
 ('./output/train/20250909-180938-mobilenetv2_100-224/checkpoint/checkpoint-7.pth.tar', 40.44)
 ('./output/train/20250909-180938-mobilenetv2_100-224/checkpoint/checkpoint-4.pth.tar', 37.49)
 ('./output/train/20250909-180938-mobilenetv2_100-224/checkpoint/checkpoint-5.pth.tar', 37.28)
 ('./output/train/20250909-180938-mobilenetv2_100-224/checkpoint/checkpoint-3.pth.tar', 30.3)
 ('./output/train/20250909-180938-mobilenetv2_100-224/checkpoint/checkpoint-2.pth.tar', 21.85)
 ('./output/train/20250909-180938-mobilenetv2_100-224/checkpoint/checkpoint-1.pth.tar', 17.39)
 ('./output/train/20250909-180938-mobilenetv2_100-224/checkpoint/checkpoint-0.pth.tar', 1.03)

2025-09-09 18:22:18,522 -                train: [    INFO] - Train: 9 [   0/195 (  0%)]  Loss: 30.99 (31.0)  Loss_gt: 3.853 (3.85)  Loss_kd: 27.14 (27.1) LR: 5.000e-02
2025-09-09 18:23:38,196 -                train: [    INFO] - Train: 9 [ 194/195 (100%)]  Loss: 29.34 (29.9)  Loss_gt: 3.870 (3.63)  Loss_kd: 25.47 (26.3) LR: 5.000e-02
2025-09-09 18:23:38,660 -                train: [    INFO] - Test: [   0/39]  Time: 0.442 (0.442)  Loss:  2.5488 (2.5488)  Acc@1: 46.0938 (46.0938)  Acc@5: 76.1719 (76.1719)
2025-09-09 18:23:41,728 -                train: [    INFO] - Test: [  39/39]  Time: 0.024 (0.088)  Loss:  2.3523 (2.7366)  Acc@1: 43.7500 (42.8100)  Acc@5: 75.0000 (74.8200)
2025-09-09 18:23:41,926 - timm.utils.checkpoint_saver: [    INFO] - Current checkpoints:
 ('./output/train/20250909-180938-mobilenetv2_100-224/checkpoint/checkpoint-8.pth.tar', 45.03)
 ('./output/train/20250909-180938-mobilenetv2_100-224/checkpoint/checkpoint-9.pth.tar', 42.81)
 ('./output/train/20250909-180938-mobilenetv2_100-224/checkpoint/checkpoint-6.pth.tar', 41.9)
 ('./output/train/20250909-180938-mobilenetv2_100-224/checkpoint/checkpoint-7.pth.tar', 40.44)
 ('./output/train/20250909-180938-mobilenetv2_100-224/checkpoint/checkpoint-4.pth.tar', 37.49)
 ('./output/train/20250909-180938-mobilenetv2_100-224/checkpoint/checkpoint-5.pth.tar', 37.28)
 ('./output/train/20250909-180938-mobilenetv2_100-224/checkpoint/checkpoint-3.pth.tar', 30.3)
 ('./output/train/20250909-180938-mobilenetv2_100-224/checkpoint/checkpoint-2.pth.tar', 21.85)
 ('./output/train/20250909-180938-mobilenetv2_100-224/checkpoint/checkpoint-1.pth.tar', 17.39)
 ('./output/train/20250909-180938-mobilenetv2_100-224/checkpoint/checkpoint-0.pth.tar', 1.03)

2025-09-09 18:23:42,694 -                train: [    INFO] - Train: 10 [   0/195 (  0%)]  Loss: 29.61 (29.6)  Loss_gt: 3.648 (3.65)  Loss_kd: 25.96 (26.0) LR: 5.000e-02
2025-09-09 18:25:02,439 -                train: [    INFO] - Train: 10 [ 194/195 (100%)]  Loss: 29.51 (29.4)  Loss_gt: 3.811 (3.59)  Loss_kd: 25.70 (25.8) LR: 5.000e-02
2025-09-09 18:25:02,864 -                train: [    INFO] - Test: [   0/39]  Time: 0.405 (0.405)  Loss:  2.6236 (2.6236)  Acc@1: 44.1406 (44.1406)  Acc@5: 77.7344 (77.7344)
2025-09-09 18:25:05,779 -                train: [    INFO] - Test: [  39/39]  Time: 0.022 (0.083)  Loss:  2.8024 (2.5893)  Acc@1: 37.5000 (45.1600)  Acc@5: 62.5000 (75.2100)
2025-09-09 18:25:06,011 - timm.utils.checkpoint_saver: [    INFO] - Current checkpoints:
 ('./output/train/20250909-180938-mobilenetv2_100-224/checkpoint/checkpoint-10.pth.tar', 45.16)
 ('./output/train/20250909-180938-mobilenetv2_100-224/checkpoint/checkpoint-8.pth.tar', 45.03)
 ('./output/train/20250909-180938-mobilenetv2_100-224/checkpoint/checkpoint-9.pth.tar', 42.81)
 ('./output/train/20250909-180938-mobilenetv2_100-224/checkpoint/checkpoint-6.pth.tar', 41.9)
 ('./output/train/20250909-180938-mobilenetv2_100-224/checkpoint/checkpoint-7.pth.tar', 40.44)
 ('./output/train/20250909-180938-mobilenetv2_100-224/checkpoint/checkpoint-4.pth.tar', 37.49)
 ('./output/train/20250909-180938-mobilenetv2_100-224/checkpoint/checkpoint-5.pth.tar', 37.28)
 ('./output/train/20250909-180938-mobilenetv2_100-224/checkpoint/checkpoint-3.pth.tar', 30.3)
 ('./output/train/20250909-180938-mobilenetv2_100-224/checkpoint/checkpoint-2.pth.tar', 21.85)
 ('./output/train/20250909-180938-mobilenetv2_100-224/checkpoint/checkpoint-1.pth.tar', 17.39)

2025-09-09 18:25:06,753 -                train: [    INFO] - Train: 11 [   0/195 (  0%)]  Loss: 28.92 (28.9)  Loss_gt: 3.597 (3.60)  Loss_kd: 25.32 (25.3) LR: 5.000e-02
2025-09-09 18:26:26,726 -                train: [    INFO] - Train: 11 [ 194/195 (100%)]  Loss: 27.49 (29.0)  Loss_gt: 3.473 (3.57)  Loss_kd: 24.01 (25.4) LR: 5.000e-02
2025-09-09 18:26:27,168 -                train: [    INFO] - Test: [   0/39]  Time: 0.419 (0.419)  Loss:  2.2032 (2.2032)  Acc@1: 53.1250 (53.1250)  Acc@5: 81.6406 (81.6406)
2025-09-09 18:26:30,020 -                train: [    INFO] - Test: [  39/39]  Time: 0.024 (0.082)  Loss:  2.5984 (2.3440)  Acc@1: 50.0000 (48.0500)  Acc@5: 75.0000 (80.0200)
2025-09-09 18:26:30,201 - timm.utils.checkpoint_saver: [    INFO] - Current checkpoints:
 ('./output/train/20250909-180938-mobilenetv2_100-224/checkpoint/checkpoint-11.pth.tar', 48.05)
 ('./output/train/20250909-180938-mobilenetv2_100-224/checkpoint/checkpoint-10.pth.tar', 45.16)
 ('./output/train/20250909-180938-mobilenetv2_100-224/checkpoint/checkpoint-8.pth.tar', 45.03)
 ('./output/train/20250909-180938-mobilenetv2_100-224/checkpoint/checkpoint-9.pth.tar', 42.81)
 ('./output/train/20250909-180938-mobilenetv2_100-224/checkpoint/checkpoint-6.pth.tar', 41.9)
 ('./output/train/20250909-180938-mobilenetv2_100-224/checkpoint/checkpoint-7.pth.tar', 40.44)
 ('./output/train/20250909-180938-mobilenetv2_100-224/checkpoint/checkpoint-4.pth.tar', 37.49)
 ('./output/train/20250909-180938-mobilenetv2_100-224/checkpoint/checkpoint-5.pth.tar', 37.28)
 ('./output/train/20250909-180938-mobilenetv2_100-224/checkpoint/checkpoint-3.pth.tar', 30.3)
 ('./output/train/20250909-180938-mobilenetv2_100-224/checkpoint/checkpoint-2.pth.tar', 21.85)

2025-09-09 18:26:30,979 -                train: [    INFO] - Train: 12 [   0/195 (  0%)]  Loss: 28.48 (28.5)  Loss_gt: 3.553 (3.55)  Loss_kd: 24.93 (24.9) LR: 5.000e-02
2025-09-09 18:27:51,121 -                train: [    INFO] - Train: 12 [ 194/195 (100%)]  Loss: 28.16 (28.5)  Loss_gt: 3.614 (3.53)  Loss_kd: 24.55 (24.9) LR: 5.000e-02
2025-09-09 18:27:51,559 -                train: [    INFO] - Test: [   0/39]  Time: 0.412 (0.412)  Loss:  2.4924 (2.4924)  Acc@1: 47.6562 (47.6562)  Acc@5: 80.4688 (80.4688)
2025-09-09 18:27:54,652 -                train: [    INFO] - Test: [  39/39]  Time: 0.023 (0.088)  Loss:  1.7951 (2.5796)  Acc@1: 56.2500 (45.6300)  Acc@5: 81.2500 (76.6500)
2025-09-09 18:27:54,982 - timm.utils.checkpoint_saver: [    INFO] - Current checkpoints:
 ('./output/train/20250909-180938-mobilenetv2_100-224/checkpoint/checkpoint-11.pth.tar', 48.05)
 ('./output/train/20250909-180938-mobilenetv2_100-224/checkpoint/checkpoint-12.pth.tar', 45.63)
 ('./output/train/20250909-180938-mobilenetv2_100-224/checkpoint/checkpoint-10.pth.tar', 45.16)
 ('./output/train/20250909-180938-mobilenetv2_100-224/checkpoint/checkpoint-8.pth.tar', 45.03)
 ('./output/train/20250909-180938-mobilenetv2_100-224/checkpoint/checkpoint-9.pth.tar', 42.81)
 ('./output/train/20250909-180938-mobilenetv2_100-224/checkpoint/checkpoint-6.pth.tar', 41.9)
 ('./output/train/20250909-180938-mobilenetv2_100-224/checkpoint/checkpoint-7.pth.tar', 40.44)
 ('./output/train/20250909-180938-mobilenetv2_100-224/checkpoint/checkpoint-4.pth.tar', 37.49)
 ('./output/train/20250909-180938-mobilenetv2_100-224/checkpoint/checkpoint-5.pth.tar', 37.28)
 ('./output/train/20250909-180938-mobilenetv2_100-224/checkpoint/checkpoint-3.pth.tar', 30.3)

2025-09-09 18:27:55,727 -                train: [    INFO] - Train: 13 [   0/195 (  0%)]  Loss: 28.55 (28.6)  Loss_gt: 3.557 (3.56)  Loss_kd: 24.99 (25.0) LR: 5.000e-02
2025-09-09 18:29:15,461 -                train: [    INFO] - Train: 13 [ 194/195 (100%)]  Loss: 28.69 (28.3)  Loss_gt: 3.631 (3.52)  Loss_kd: 25.06 (24.8) LR: 5.000e-02
2025-09-09 18:29:15,896 -                train: [    INFO] - Test: [   0/39]  Time: 0.415 (0.415)  Loss:  2.7440 (2.7440)  Acc@1: 48.4375 (48.4375)  Acc@5: 76.5625 (76.5625)
2025-09-09 18:29:18,738 -                train: [    INFO] - Test: [  39/39]  Time: 0.026 (0.081)  Loss:  2.4523 (2.7683)  Acc@1: 62.5000 (46.0600)  Acc@5: 68.7500 (76.7900)
2025-09-09 18:29:18,919 - timm.utils.checkpoint_saver: [    INFO] - Current checkpoints:
 ('./output/train/20250909-180938-mobilenetv2_100-224/checkpoint/checkpoint-11.pth.tar', 48.05)
 ('./output/train/20250909-180938-mobilenetv2_100-224/checkpoint/checkpoint-13.pth.tar', 46.06)
 ('./output/train/20250909-180938-mobilenetv2_100-224/checkpoint/checkpoint-12.pth.tar', 45.63)
 ('./output/train/20250909-180938-mobilenetv2_100-224/checkpoint/checkpoint-10.pth.tar', 45.16)
 ('./output/train/20250909-180938-mobilenetv2_100-224/checkpoint/checkpoint-8.pth.tar', 45.03)
 ('./output/train/20250909-180938-mobilenetv2_100-224/checkpoint/checkpoint-9.pth.tar', 42.81)
 ('./output/train/20250909-180938-mobilenetv2_100-224/checkpoint/checkpoint-6.pth.tar', 41.9)
 ('./output/train/20250909-180938-mobilenetv2_100-224/checkpoint/checkpoint-7.pth.tar', 40.44)
 ('./output/train/20250909-180938-mobilenetv2_100-224/checkpoint/checkpoint-4.pth.tar', 37.49)
 ('./output/train/20250909-180938-mobilenetv2_100-224/checkpoint/checkpoint-5.pth.tar', 37.28)

2025-09-09 18:29:19,690 -                train: [    INFO] - Train: 14 [   0/195 (  0%)]  Loss: 27.58 (27.6)  Loss_gt: 3.437 (3.44)  Loss_kd: 24.14 (24.1) LR: 5.000e-02
2025-09-09 18:30:39,450 -                train: [    INFO] - Train: 14 [ 194/195 (100%)]  Loss: 28.85 (27.9)  Loss_gt: 3.558 (3.51)  Loss_kd: 25.29 (24.4) LR: 5.000e-02
2025-09-09 18:30:39,889 -                train: [    INFO] - Test: [   0/39]  Time: 0.409 (0.409)  Loss:  2.7020 (2.7020)  Acc@1: 51.9531 (51.9531)  Acc@5: 77.7344 (77.7344)
2025-09-09 18:30:42,787 -                train: [    INFO] - Test: [  39/39]  Time: 0.030 (0.083)  Loss:  2.9167 (2.7105)  Acc@1: 50.0000 (45.7100)  Acc@5: 68.7500 (77.3600)
2025-09-09 18:30:42,942 - timm.utils.checkpoint_saver: [    INFO] - Current checkpoints:
 ('./output/train/20250909-180938-mobilenetv2_100-224/checkpoint/checkpoint-11.pth.tar', 48.05)
 ('./output/train/20250909-180938-mobilenetv2_100-224/checkpoint/checkpoint-13.pth.tar', 46.06)
 ('./output/train/20250909-180938-mobilenetv2_100-224/checkpoint/checkpoint-14.pth.tar', 45.71)
 ('./output/train/20250909-180938-mobilenetv2_100-224/checkpoint/checkpoint-12.pth.tar', 45.63)
 ('./output/train/20250909-180938-mobilenetv2_100-224/checkpoint/checkpoint-10.pth.tar', 45.16)
 ('./output/train/20250909-180938-mobilenetv2_100-224/checkpoint/checkpoint-8.pth.tar', 45.03)
 ('./output/train/20250909-180938-mobilenetv2_100-224/checkpoint/checkpoint-9.pth.tar', 42.81)
 ('./output/train/20250909-180938-mobilenetv2_100-224/checkpoint/checkpoint-6.pth.tar', 41.9)
 ('./output/train/20250909-180938-mobilenetv2_100-224/checkpoint/checkpoint-7.pth.tar', 40.44)
 ('./output/train/20250909-180938-mobilenetv2_100-224/checkpoint/checkpoint-4.pth.tar', 37.49)

2025-09-09 18:30:43,724 -                train: [    INFO] - Train: 15 [   0/195 (  0%)]  Loss: 27.41 (27.4)  Loss_gt: 3.503 (3.50)  Loss_kd: 23.91 (23.9) LR: 5.000e-02
2025-09-09 18:32:03,396 -                train: [    INFO] - Train: 15 [ 194/195 (100%)]  Loss: 27.46 (27.6)  Loss_gt: 3.429 (3.49)  Loss_kd: 24.03 (24.1) LR: 5.000e-02
2025-09-09 18:32:03,825 -                train: [    INFO] - Test: [   0/39]  Time: 0.409 (0.409)  Loss:  2.0687 (2.0687)  Acc@1: 57.0312 (57.0312)  Acc@5: 85.1562 (85.1562)
2025-09-09 18:32:06,933 -                train: [    INFO] - Test: [  39/39]  Time: 0.023 (0.088)  Loss:  2.1303 (2.1208)  Acc@1: 56.2500 (52.3700)  Acc@5: 68.7500 (83.0800)
2025-09-09 18:32:07,280 - timm.utils.checkpoint_saver: [    INFO] - Current checkpoints:
 ('./output/train/20250909-180938-mobilenetv2_100-224/checkpoint/checkpoint-15.pth.tar', 52.37)
 ('./output/train/20250909-180938-mobilenetv2_100-224/checkpoint/checkpoint-11.pth.tar', 48.05)
 ('./output/train/20250909-180938-mobilenetv2_100-224/checkpoint/checkpoint-13.pth.tar', 46.06)
 ('./output/train/20250909-180938-mobilenetv2_100-224/checkpoint/checkpoint-14.pth.tar', 45.71)
 ('./output/train/20250909-180938-mobilenetv2_100-224/checkpoint/checkpoint-12.pth.tar', 45.63)
 ('./output/train/20250909-180938-mobilenetv2_100-224/checkpoint/checkpoint-10.pth.tar', 45.16)
 ('./output/train/20250909-180938-mobilenetv2_100-224/checkpoint/checkpoint-8.pth.tar', 45.03)
 ('./output/train/20250909-180938-mobilenetv2_100-224/checkpoint/checkpoint-9.pth.tar', 42.81)
 ('./output/train/20250909-180938-mobilenetv2_100-224/checkpoint/checkpoint-6.pth.tar', 41.9)
 ('./output/train/20250909-180938-mobilenetv2_100-224/checkpoint/checkpoint-7.pth.tar', 40.44)

2025-09-09 18:32:08,046 -                train: [    INFO] - Train: 16 [   0/195 (  0%)]  Loss: 27.47 (27.5)  Loss_gt: 3.496 (3.50)  Loss_kd: 23.97 (24.0) LR: 5.000e-02
2025-09-09 18:33:28,382 -                train: [    INFO] - Train: 16 [ 194/195 (100%)]  Loss: 27.89 (27.2)  Loss_gt: 3.508 (3.48)  Loss_kd: 24.38 (23.7) LR: 5.000e-02
2025-09-09 18:33:28,838 -                train: [    INFO] - Test: [   0/39]  Time: 0.436 (0.436)  Loss:  1.9888 (1.9888)  Acc@1: 57.8125 (57.8125)  Acc@5: 84.7656 (84.7656)
2025-09-09 18:33:32,075 -                train: [    INFO] - Test: [  39/39]  Time: 0.024 (0.092)  Loss:  1.5266 (2.1044)  Acc@1: 56.2500 (52.8100)  Acc@5: 81.2500 (82.2100)
2025-09-09 18:33:32,286 - timm.utils.checkpoint_saver: [    INFO] - Current checkpoints:
 ('./output/train/20250909-180938-mobilenetv2_100-224/checkpoint/checkpoint-16.pth.tar', 52.81)
 ('./output/train/20250909-180938-mobilenetv2_100-224/checkpoint/checkpoint-15.pth.tar', 52.37)
 ('./output/train/20250909-180938-mobilenetv2_100-224/checkpoint/checkpoint-11.pth.tar', 48.05)
 ('./output/train/20250909-180938-mobilenetv2_100-224/checkpoint/checkpoint-13.pth.tar', 46.06)
 ('./output/train/20250909-180938-mobilenetv2_100-224/checkpoint/checkpoint-14.pth.tar', 45.71)
 ('./output/train/20250909-180938-mobilenetv2_100-224/checkpoint/checkpoint-12.pth.tar', 45.63)
 ('./output/train/20250909-180938-mobilenetv2_100-224/checkpoint/checkpoint-10.pth.tar', 45.16)
 ('./output/train/20250909-180938-mobilenetv2_100-224/checkpoint/checkpoint-8.pth.tar', 45.03)
 ('./output/train/20250909-180938-mobilenetv2_100-224/checkpoint/checkpoint-9.pth.tar', 42.81)
 ('./output/train/20250909-180938-mobilenetv2_100-224/checkpoint/checkpoint-6.pth.tar', 41.9)

2025-09-09 18:33:33,296 -                train: [    INFO] - Train: 17 [   0/195 (  0%)]  Loss: 27.54 (27.5)  Loss_gt: 3.598 (3.60)  Loss_kd: 23.94 (23.9) LR: 5.000e-02
2025-09-09 18:34:53,146 -                train: [    INFO] - Train: 17 [ 194/195 (100%)]  Loss: 27.91 (27.2)  Loss_gt: 3.313 (3.46)  Loss_kd: 24.60 (23.8) LR: 5.000e-02
2025-09-09 18:34:53,598 -                train: [    INFO] - Test: [   0/39]  Time: 0.432 (0.432)  Loss:  2.4752 (2.4752)  Acc@1: 54.6875 (54.6875)  Acc@5: 78.5156 (78.5156)
2025-09-09 18:34:56,628 -                train: [    INFO] - Test: [  39/39]  Time: 0.028 (0.087)  Loss:  1.4349 (2.6520)  Acc@1: 62.5000 (46.4600)  Acc@5: 87.5000 (76.5700)
2025-09-09 18:34:56,800 - timm.utils.checkpoint_saver: [    INFO] - Current checkpoints:
 ('./output/train/20250909-180938-mobilenetv2_100-224/checkpoint/checkpoint-16.pth.tar', 52.81)
 ('./output/train/20250909-180938-mobilenetv2_100-224/checkpoint/checkpoint-15.pth.tar', 52.37)
 ('./output/train/20250909-180938-mobilenetv2_100-224/checkpoint/checkpoint-11.pth.tar', 48.05)
 ('./output/train/20250909-180938-mobilenetv2_100-224/checkpoint/checkpoint-17.pth.tar', 46.46)
 ('./output/train/20250909-180938-mobilenetv2_100-224/checkpoint/checkpoint-13.pth.tar', 46.06)
 ('./output/train/20250909-180938-mobilenetv2_100-224/checkpoint/checkpoint-14.pth.tar', 45.71)
 ('./output/train/20250909-180938-mobilenetv2_100-224/checkpoint/checkpoint-12.pth.tar', 45.63)
 ('./output/train/20250909-180938-mobilenetv2_100-224/checkpoint/checkpoint-10.pth.tar', 45.16)
 ('./output/train/20250909-180938-mobilenetv2_100-224/checkpoint/checkpoint-8.pth.tar', 45.03)
 ('./output/train/20250909-180938-mobilenetv2_100-224/checkpoint/checkpoint-9.pth.tar', 42.81)

2025-09-09 18:34:57,552 -                train: [    INFO] - Train: 18 [   0/195 (  0%)]  Loss: 27.16 (27.2)  Loss_gt: 3.579 (3.58)  Loss_kd: 23.58 (23.6) LR: 5.000e-02
2025-09-09 18:36:17,552 -                train: [    INFO] - Train: 18 [ 194/195 (100%)]  Loss: 25.77 (27.0)  Loss_gt: 3.506 (3.46)  Loss_kd: 22.26 (23.6) LR: 5.000e-02
2025-09-09 18:36:18,001 -                train: [    INFO] - Test: [   0/39]  Time: 0.427 (0.427)  Loss:  2.2285 (2.2285)  Acc@1: 55.4688 (55.4688)  Acc@5: 82.0312 (82.0312)
2025-09-09 18:36:20,879 -                train: [    INFO] - Test: [  39/39]  Time: 0.030 (0.083)  Loss:  1.7907 (2.2253)  Acc@1: 62.5000 (52.8200)  Acc@5: 81.2500 (81.7200)
2025-09-09 18:36:21,000 - timm.utils.checkpoint_saver: [    INFO] - Current checkpoints:
 ('./output/train/20250909-180938-mobilenetv2_100-224/checkpoint/checkpoint-18.pth.tar', 52.82)
 ('./output/train/20250909-180938-mobilenetv2_100-224/checkpoint/checkpoint-16.pth.tar', 52.81)
 ('./output/train/20250909-180938-mobilenetv2_100-224/checkpoint/checkpoint-15.pth.tar', 52.37)
 ('./output/train/20250909-180938-mobilenetv2_100-224/checkpoint/checkpoint-11.pth.tar', 48.05)
 ('./output/train/20250909-180938-mobilenetv2_100-224/checkpoint/checkpoint-17.pth.tar', 46.46)
 ('./output/train/20250909-180938-mobilenetv2_100-224/checkpoint/checkpoint-13.pth.tar', 46.06)
 ('./output/train/20250909-180938-mobilenetv2_100-224/checkpoint/checkpoint-14.pth.tar', 45.71)
 ('./output/train/20250909-180938-mobilenetv2_100-224/checkpoint/checkpoint-12.pth.tar', 45.63)
 ('./output/train/20250909-180938-mobilenetv2_100-224/checkpoint/checkpoint-10.pth.tar', 45.16)
 ('./output/train/20250909-180938-mobilenetv2_100-224/checkpoint/checkpoint-8.pth.tar', 45.03)

2025-09-09 18:36:21,745 -                train: [    INFO] - Train: 19 [   0/195 (  0%)]  Loss: 26.81 (26.8)  Loss_gt: 3.453 (3.45)  Loss_kd: 23.35 (23.4) LR: 5.000e-02
2025-09-09 18:37:41,706 -                train: [    INFO] - Train: 19 [ 194/195 (100%)]  Loss: 28.14 (26.9)  Loss_gt: 3.337 (3.45)  Loss_kd: 24.80 (23.4) LR: 5.000e-02
2025-09-09 18:37:42,147 -                train: [    INFO] - Test: [   0/39]  Time: 0.415 (0.415)  Loss:  1.9917 (1.9917)  Acc@1: 55.0781 (55.0781)  Acc@5: 81.6406 (81.6406)
2025-09-09 18:37:45,308 -                train: [    INFO] - Test: [  39/39]  Time: 0.027 (0.089)  Loss:  1.1215 (2.2093)  Acc@1: 56.2500 (50.1500)  Acc@5: 81.2500 (79.5100)
2025-09-09 18:37:45,493 - timm.utils.checkpoint_saver: [    INFO] - Current checkpoints:
 ('./output/train/20250909-180938-mobilenetv2_100-224/checkpoint/checkpoint-18.pth.tar', 52.82)
 ('./output/train/20250909-180938-mobilenetv2_100-224/checkpoint/checkpoint-16.pth.tar', 52.81)
 ('./output/train/20250909-180938-mobilenetv2_100-224/checkpoint/checkpoint-15.pth.tar', 52.37)
 ('./output/train/20250909-180938-mobilenetv2_100-224/checkpoint/checkpoint-19.pth.tar', 50.15)
 ('./output/train/20250909-180938-mobilenetv2_100-224/checkpoint/checkpoint-11.pth.tar', 48.05)
 ('./output/train/20250909-180938-mobilenetv2_100-224/checkpoint/checkpoint-17.pth.tar', 46.46)
 ('./output/train/20250909-180938-mobilenetv2_100-224/checkpoint/checkpoint-13.pth.tar', 46.06)
 ('./output/train/20250909-180938-mobilenetv2_100-224/checkpoint/checkpoint-14.pth.tar', 45.71)
 ('./output/train/20250909-180938-mobilenetv2_100-224/checkpoint/checkpoint-12.pth.tar', 45.63)
 ('./output/train/20250909-180938-mobilenetv2_100-224/checkpoint/checkpoint-10.pth.tar', 45.16)

2025-09-09 18:37:46,265 -                train: [    INFO] - Train: 20 [   0/195 (  0%)]  Loss: 28.94 (28.9)  Loss_gt: 3.332 (3.33)  Loss_kd: 25.61 (25.6) LR: 5.000e-02
2025-09-09 18:39:06,130 -                train: [    INFO] - Train: 20 [ 194/195 (100%)]  Loss: 26.53 (26.6)  Loss_gt: 3.607 (3.44)  Loss_kd: 22.92 (23.2) LR: 5.000e-02
2025-09-09 18:39:06,560 -                train: [    INFO] - Test: [   0/39]  Time: 0.406 (0.406)  Loss:  1.9046 (1.9046)  Acc@1: 55.4688 (55.4688)  Acc@5: 86.3281 (86.3281)
2025-09-09 18:39:09,806 -                train: [    INFO] - Test: [  39/39]  Time: 0.034 (0.091)  Loss:  1.7278 (2.1255)  Acc@1: 62.5000 (53.0700)  Acc@5: 75.0000 (82.9200)
2025-09-09 18:39:10,105 - timm.utils.checkpoint_saver: [    INFO] - Current checkpoints:
 ('./output/train/20250909-180938-mobilenetv2_100-224/checkpoint/checkpoint-20.pth.tar', 53.07)
 ('./output/train/20250909-180938-mobilenetv2_100-224/checkpoint/checkpoint-18.pth.tar', 52.82)
 ('./output/train/20250909-180938-mobilenetv2_100-224/checkpoint/checkpoint-16.pth.tar', 52.81)
 ('./output/train/20250909-180938-mobilenetv2_100-224/checkpoint/checkpoint-15.pth.tar', 52.37)
 ('./output/train/20250909-180938-mobilenetv2_100-224/checkpoint/checkpoint-19.pth.tar', 50.15)
 ('./output/train/20250909-180938-mobilenetv2_100-224/checkpoint/checkpoint-11.pth.tar', 48.05)
 ('./output/train/20250909-180938-mobilenetv2_100-224/checkpoint/checkpoint-17.pth.tar', 46.46)
 ('./output/train/20250909-180938-mobilenetv2_100-224/checkpoint/checkpoint-13.pth.tar', 46.06)
 ('./output/train/20250909-180938-mobilenetv2_100-224/checkpoint/checkpoint-14.pth.tar', 45.71)
 ('./output/train/20250909-180938-mobilenetv2_100-224/checkpoint/checkpoint-12.pth.tar', 45.63)

2025-09-09 18:39:10,906 -                train: [    INFO] - Train: 21 [   0/195 (  0%)]  Loss: 25.35 (25.3)  Loss_gt: 3.463 (3.46)  Loss_kd: 21.89 (21.9) LR: 5.000e-02
2025-09-09 18:40:31,044 -                train: [    INFO] - Train: 21 [ 194/195 (100%)]  Loss: 28.28 (26.5)  Loss_gt: 3.487 (3.44)  Loss_kd: 24.79 (23.1) LR: 5.000e-02
2025-09-09 18:40:31,488 -                train: [    INFO] - Test: [   0/39]  Time: 0.417 (0.417)  Loss:  2.2322 (2.2322)  Acc@1: 55.0781 (55.0781)  Acc@5: 80.8594 (80.8594)
2025-09-09 18:40:34,610 -                train: [    INFO] - Test: [  39/39]  Time: 0.022 (0.088)  Loss:  2.0720 (2.3157)  Acc@1: 62.5000 (50.5400)  Acc@5: 81.2500 (80.3300)
2025-09-09 18:40:34,822 - timm.utils.checkpoint_saver: [    INFO] - Current checkpoints:
 ('./output/train/20250909-180938-mobilenetv2_100-224/checkpoint/checkpoint-20.pth.tar', 53.07)
 ('./output/train/20250909-180938-mobilenetv2_100-224/checkpoint/checkpoint-18.pth.tar', 52.82)
 ('./output/train/20250909-180938-mobilenetv2_100-224/checkpoint/checkpoint-16.pth.tar', 52.81)
 ('./output/train/20250909-180938-mobilenetv2_100-224/checkpoint/checkpoint-15.pth.tar', 52.37)
 ('./output/train/20250909-180938-mobilenetv2_100-224/checkpoint/checkpoint-21.pth.tar', 50.54)
 ('./output/train/20250909-180938-mobilenetv2_100-224/checkpoint/checkpoint-19.pth.tar', 50.15)
 ('./output/train/20250909-180938-mobilenetv2_100-224/checkpoint/checkpoint-11.pth.tar', 48.05)
 ('./output/train/20250909-180938-mobilenetv2_100-224/checkpoint/checkpoint-17.pth.tar', 46.46)
 ('./output/train/20250909-180938-mobilenetv2_100-224/checkpoint/checkpoint-13.pth.tar', 46.06)
 ('./output/train/20250909-180938-mobilenetv2_100-224/checkpoint/checkpoint-14.pth.tar', 45.71)

2025-09-09 18:40:35,579 -                train: [    INFO] - Train: 22 [   0/195 (  0%)]  Loss: 25.78 (25.8)  Loss_gt: 3.382 (3.38)  Loss_kd: 22.40 (22.4) LR: 5.000e-02
2025-09-09 18:41:55,536 -                train: [    INFO] - Train: 22 [ 194/195 (100%)]  Loss: 26.67 (26.3)  Loss_gt: 3.253 (3.42)  Loss_kd: 23.42 (22.9) LR: 5.000e-02
2025-09-09 18:41:55,988 -                train: [    INFO] - Test: [   0/39]  Time: 0.428 (0.428)  Loss:  2.2295 (2.2295)  Acc@1: 49.2188 (49.2188)  Acc@5: 78.9062 (78.9062)
2025-09-09 18:41:58,991 -                train: [    INFO] - Test: [  39/39]  Time: 0.022 (0.086)  Loss:  2.3878 (2.4155)  Acc@1: 43.7500 (48.0400)  Acc@5: 68.7500 (76.8100)
2025-09-09 18:41:59,212 - timm.utils.checkpoint_saver: [    INFO] - Current checkpoints:
 ('./output/train/20250909-180938-mobilenetv2_100-224/checkpoint/checkpoint-20.pth.tar', 53.07)
 ('./output/train/20250909-180938-mobilenetv2_100-224/checkpoint/checkpoint-18.pth.tar', 52.82)
 ('./output/train/20250909-180938-mobilenetv2_100-224/checkpoint/checkpoint-16.pth.tar', 52.81)
 ('./output/train/20250909-180938-mobilenetv2_100-224/checkpoint/checkpoint-15.pth.tar', 52.37)
 ('./output/train/20250909-180938-mobilenetv2_100-224/checkpoint/checkpoint-21.pth.tar', 50.54)
 ('./output/train/20250909-180938-mobilenetv2_100-224/checkpoint/checkpoint-19.pth.tar', 50.15)
 ('./output/train/20250909-180938-mobilenetv2_100-224/checkpoint/checkpoint-11.pth.tar', 48.05)
 ('./output/train/20250909-180938-mobilenetv2_100-224/checkpoint/checkpoint-22.pth.tar', 48.04)
 ('./output/train/20250909-180938-mobilenetv2_100-224/checkpoint/checkpoint-17.pth.tar', 46.46)
 ('./output/train/20250909-180938-mobilenetv2_100-224/checkpoint/checkpoint-13.pth.tar', 46.06)

2025-09-09 18:41:59,956 -                train: [    INFO] - Train: 23 [   0/195 (  0%)]  Loss: 25.43 (25.4)  Loss_gt: 3.311 (3.31)  Loss_kd: 22.12 (22.1) LR: 5.000e-02
2025-09-09 18:43:19,745 -                train: [    INFO] - Train: 23 [ 194/195 (100%)]  Loss: 27.95 (26.4)  Loss_gt: 3.474 (3.41)  Loss_kd: 24.47 (22.9) LR: 5.000e-02
2025-09-09 18:43:20,210 -                train: [    INFO] - Test: [   0/39]  Time: 0.445 (0.445)  Loss:  1.9120 (1.9120)  Acc@1: 58.9844 (58.9844)  Acc@5: 85.5469 (85.5469)
2025-09-09 18:43:23,260 -                train: [    INFO] - Test: [  39/39]  Time: 0.029 (0.087)  Loss:  1.6429 (2.0115)  Acc@1: 62.5000 (54.4800)  Acc@5: 75.0000 (84.3400)
2025-09-09 18:43:23,370 - timm.utils.checkpoint_saver: [    INFO] - Current checkpoints:
 ('./output/train/20250909-180938-mobilenetv2_100-224/checkpoint/checkpoint-23.pth.tar', 54.48)
 ('./output/train/20250909-180938-mobilenetv2_100-224/checkpoint/checkpoint-20.pth.tar', 53.07)
 ('./output/train/20250909-180938-mobilenetv2_100-224/checkpoint/checkpoint-18.pth.tar', 52.82)
 ('./output/train/20250909-180938-mobilenetv2_100-224/checkpoint/checkpoint-16.pth.tar', 52.81)
 ('./output/train/20250909-180938-mobilenetv2_100-224/checkpoint/checkpoint-15.pth.tar', 52.37)
 ('./output/train/20250909-180938-mobilenetv2_100-224/checkpoint/checkpoint-21.pth.tar', 50.54)
 ('./output/train/20250909-180938-mobilenetv2_100-224/checkpoint/checkpoint-19.pth.tar', 50.15)
 ('./output/train/20250909-180938-mobilenetv2_100-224/checkpoint/checkpoint-11.pth.tar', 48.05)
 ('./output/train/20250909-180938-mobilenetv2_100-224/checkpoint/checkpoint-22.pth.tar', 48.04)
 ('./output/train/20250909-180938-mobilenetv2_100-224/checkpoint/checkpoint-17.pth.tar', 46.46)

2025-09-09 18:43:24,123 -                train: [    INFO] - Train: 24 [   0/195 (  0%)]  Loss: 26.20 (26.2)  Loss_gt: 3.488 (3.49)  Loss_kd: 22.71 (22.7) LR: 5.000e-02
2025-09-09 18:44:44,270 -                train: [    INFO] - Train: 24 [ 194/195 (100%)]  Loss: 25.81 (26.3)  Loss_gt: 3.690 (3.42)  Loss_kd: 22.12 (22.9) LR: 5.000e-02
2025-09-09 18:44:44,695 -                train: [    INFO] - Test: [   0/39]  Time: 0.407 (0.407)  Loss:  2.2894 (2.2894)  Acc@1: 55.8594 (55.8594)  Acc@5: 81.6406 (81.6406)
2025-09-09 18:44:47,586 -                train: [    INFO] - Test: [  39/39]  Time: 0.022 (0.082)  Loss:  3.6648 (2.6590)  Acc@1: 37.5000 (48.0200)  Acc@5: 62.5000 (77.0500)
2025-09-09 18:44:47,691 - timm.utils.checkpoint_saver: [    INFO] - Current checkpoints:
 ('./output/train/20250909-180938-mobilenetv2_100-224/checkpoint/checkpoint-23.pth.tar', 54.48)
 ('./output/train/20250909-180938-mobilenetv2_100-224/checkpoint/checkpoint-20.pth.tar', 53.07)
 ('./output/train/20250909-180938-mobilenetv2_100-224/checkpoint/checkpoint-18.pth.tar', 52.82)
 ('./output/train/20250909-180938-mobilenetv2_100-224/checkpoint/checkpoint-16.pth.tar', 52.81)
 ('./output/train/20250909-180938-mobilenetv2_100-224/checkpoint/checkpoint-15.pth.tar', 52.37)
 ('./output/train/20250909-180938-mobilenetv2_100-224/checkpoint/checkpoint-21.pth.tar', 50.54)
 ('./output/train/20250909-180938-mobilenetv2_100-224/checkpoint/checkpoint-19.pth.tar', 50.15)
 ('./output/train/20250909-180938-mobilenetv2_100-224/checkpoint/checkpoint-11.pth.tar', 48.05)
 ('./output/train/20250909-180938-mobilenetv2_100-224/checkpoint/checkpoint-22.pth.tar', 48.04)
 ('./output/train/20250909-180938-mobilenetv2_100-224/checkpoint/checkpoint-24.pth.tar', 48.02)

2025-09-09 18:44:48,465 -                train: [    INFO] - Train: 25 [   0/195 (  0%)]  Loss: 24.93 (24.9)  Loss_gt: 3.464 (3.46)  Loss_kd: 21.47 (21.5) LR: 5.000e-02
2025-09-09 18:46:08,526 -                train: [    INFO] - Train: 25 [ 194/195 (100%)]  Loss: 28.36 (26.0)  Loss_gt: 3.333 (3.39)  Loss_kd: 25.03 (22.7) LR: 5.000e-02
2025-09-09 18:46:08,953 -                train: [    INFO] - Test: [   0/39]  Time: 0.402 (0.402)  Loss:  2.2558 (2.2558)  Acc@1: 51.9531 (51.9531)  Acc@5: 81.6406 (81.6406)
2025-09-09 18:46:11,846 -                train: [    INFO] - Test: [  39/39]  Time: 0.023 (0.082)  Loss:  2.0202 (2.3884)  Acc@1: 56.2500 (48.9500)  Acc@5: 75.0000 (80.0700)
2025-09-09 18:46:12,034 - timm.utils.checkpoint_saver: [    INFO] - Current checkpoints:
 ('./output/train/20250909-180938-mobilenetv2_100-224/checkpoint/checkpoint-23.pth.tar', 54.48)
 ('./output/train/20250909-180938-mobilenetv2_100-224/checkpoint/checkpoint-20.pth.tar', 53.07)
 ('./output/train/20250909-180938-mobilenetv2_100-224/checkpoint/checkpoint-18.pth.tar', 52.82)
 ('./output/train/20250909-180938-mobilenetv2_100-224/checkpoint/checkpoint-16.pth.tar', 52.81)
 ('./output/train/20250909-180938-mobilenetv2_100-224/checkpoint/checkpoint-15.pth.tar', 52.37)
 ('./output/train/20250909-180938-mobilenetv2_100-224/checkpoint/checkpoint-21.pth.tar', 50.54)
 ('./output/train/20250909-180938-mobilenetv2_100-224/checkpoint/checkpoint-19.pth.tar', 50.15)
 ('./output/train/20250909-180938-mobilenetv2_100-224/checkpoint/checkpoint-25.pth.tar', 48.95)
 ('./output/train/20250909-180938-mobilenetv2_100-224/checkpoint/checkpoint-11.pth.tar', 48.05)
 ('./output/train/20250909-180938-mobilenetv2_100-224/checkpoint/checkpoint-22.pth.tar', 48.04)

2025-09-09 18:46:12,813 -                train: [    INFO] - Train: 26 [   0/195 (  0%)]  Loss: 23.65 (23.6)  Loss_gt: 3.293 (3.29)  Loss_kd: 20.36 (20.4) LR: 5.000e-02
2025-09-09 18:47:32,710 -                train: [    INFO] - Train: 26 [ 194/195 (100%)]  Loss: 26.25 (26.0)  Loss_gt: 3.524 (3.40)  Loss_kd: 22.73 (22.6) LR: 5.000e-02
2025-09-09 18:47:33,130 -                train: [    INFO] - Test: [   0/39]  Time: 0.400 (0.400)  Loss:  2.0152 (2.0152)  Acc@1: 55.0781 (55.0781)  Acc@5: 82.8125 (82.8125)
2025-09-09 18:47:36,007 -                train: [    INFO] - Test: [  39/39]  Time: 0.022 (0.082)  Loss:  1.9554 (2.2566)  Acc@1: 50.0000 (51.2500)  Acc@5: 81.2500 (81.0000)
2025-09-09 18:47:36,100 - timm.utils.checkpoint_saver: [    INFO] - Current checkpoints:
 ('./output/train/20250909-180938-mobilenetv2_100-224/checkpoint/checkpoint-23.pth.tar', 54.48)
 ('./output/train/20250909-180938-mobilenetv2_100-224/checkpoint/checkpoint-20.pth.tar', 53.07)
 ('./output/train/20250909-180938-mobilenetv2_100-224/checkpoint/checkpoint-18.pth.tar', 52.82)
 ('./output/train/20250909-180938-mobilenetv2_100-224/checkpoint/checkpoint-16.pth.tar', 52.81)
 ('./output/train/20250909-180938-mobilenetv2_100-224/checkpoint/checkpoint-15.pth.tar', 52.37)
 ('./output/train/20250909-180938-mobilenetv2_100-224/checkpoint/checkpoint-26.pth.tar', 51.25)
 ('./output/train/20250909-180938-mobilenetv2_100-224/checkpoint/checkpoint-21.pth.tar', 50.54)
 ('./output/train/20250909-180938-mobilenetv2_100-224/checkpoint/checkpoint-19.pth.tar', 50.15)
 ('./output/train/20250909-180938-mobilenetv2_100-224/checkpoint/checkpoint-25.pth.tar', 48.95)
 ('./output/train/20250909-180938-mobilenetv2_100-224/checkpoint/checkpoint-11.pth.tar', 48.05)

2025-09-09 18:47:36,859 -                train: [    INFO] - Train: 27 [   0/195 (  0%)]  Loss: 25.57 (25.6)  Loss_gt: 3.344 (3.34)  Loss_kd: 22.23 (22.2) LR: 5.000e-02
2025-09-09 18:48:56,876 -                train: [    INFO] - Train: 27 [ 194/195 (100%)]  Loss: 24.52 (25.9)  Loss_gt: 3.415 (3.40)  Loss_kd: 21.10 (22.5) LR: 5.000e-02
2025-09-09 18:48:57,463 -                train: [    INFO] - Test: [   0/39]  Time: 0.562 (0.562)  Loss:  2.0508 (2.0508)  Acc@1: 54.2969 (54.2969)  Acc@5: 81.6406 (81.6406)
2025-09-09 18:49:00,992 -                train: [    INFO] - Test: [  39/39]  Time: 0.033 (0.102)  Loss:  2.0470 (2.3959)  Acc@1: 50.0000 (49.7900)  Acc@5: 81.2500 (78.6300)
2025-09-09 18:49:01,424 - timm.utils.checkpoint_saver: [    INFO] - Current checkpoints:
 ('./output/train/20250909-180938-mobilenetv2_100-224/checkpoint/checkpoint-23.pth.tar', 54.48)
 ('./output/train/20250909-180938-mobilenetv2_100-224/checkpoint/checkpoint-20.pth.tar', 53.07)
 ('./output/train/20250909-180938-mobilenetv2_100-224/checkpoint/checkpoint-18.pth.tar', 52.82)
 ('./output/train/20250909-180938-mobilenetv2_100-224/checkpoint/checkpoint-16.pth.tar', 52.81)
 ('./output/train/20250909-180938-mobilenetv2_100-224/checkpoint/checkpoint-15.pth.tar', 52.37)
 ('./output/train/20250909-180938-mobilenetv2_100-224/checkpoint/checkpoint-26.pth.tar', 51.25)
 ('./output/train/20250909-180938-mobilenetv2_100-224/checkpoint/checkpoint-21.pth.tar', 50.54)
 ('./output/train/20250909-180938-mobilenetv2_100-224/checkpoint/checkpoint-19.pth.tar', 50.15)
 ('./output/train/20250909-180938-mobilenetv2_100-224/checkpoint/checkpoint-27.pth.tar', 49.79)
 ('./output/train/20250909-180938-mobilenetv2_100-224/checkpoint/checkpoint-25.pth.tar', 48.95)

2025-09-09 18:49:02,165 -                train: [    INFO] - Train: 28 [   0/195 (  0%)]  Loss: 26.21 (26.2)  Loss_gt: 3.102 (3.10)  Loss_kd: 23.11 (23.1) LR: 5.000e-02
2025-09-09 18:50:22,010 -                train: [    INFO] - Train: 28 [ 194/195 (100%)]  Loss: 26.78 (25.8)  Loss_gt: 3.331 (3.39)  Loss_kd: 23.45 (22.4) LR: 5.000e-02
2025-09-09 18:50:22,422 -                train: [    INFO] - Test: [   0/39]  Time: 0.393 (0.393)  Loss:  1.9275 (1.9275)  Acc@1: 57.8125 (57.8125)  Acc@5: 85.5469 (85.5469)
2025-09-09 18:50:25,599 -                train: [    INFO] - Test: [  39/39]  Time: 0.029 (0.089)  Loss:  1.2585 (2.0678)  Acc@1: 62.5000 (54.8100)  Acc@5: 81.2500 (83.6500)
2025-09-09 18:50:25,795 - timm.utils.checkpoint_saver: [    INFO] - Current checkpoints:
 ('./output/train/20250909-180938-mobilenetv2_100-224/checkpoint/checkpoint-28.pth.tar', 54.81)
 ('./output/train/20250909-180938-mobilenetv2_100-224/checkpoint/checkpoint-23.pth.tar', 54.48)
 ('./output/train/20250909-180938-mobilenetv2_100-224/checkpoint/checkpoint-20.pth.tar', 53.07)
 ('./output/train/20250909-180938-mobilenetv2_100-224/checkpoint/checkpoint-18.pth.tar', 52.82)
 ('./output/train/20250909-180938-mobilenetv2_100-224/checkpoint/checkpoint-16.pth.tar', 52.81)
 ('./output/train/20250909-180938-mobilenetv2_100-224/checkpoint/checkpoint-15.pth.tar', 52.37)
 ('./output/train/20250909-180938-mobilenetv2_100-224/checkpoint/checkpoint-26.pth.tar', 51.25)
 ('./output/train/20250909-180938-mobilenetv2_100-224/checkpoint/checkpoint-21.pth.tar', 50.54)
 ('./output/train/20250909-180938-mobilenetv2_100-224/checkpoint/checkpoint-19.pth.tar', 50.15)
 ('./output/train/20250909-180938-mobilenetv2_100-224/checkpoint/checkpoint-27.pth.tar', 49.79)

2025-09-09 18:50:26,533 -                train: [    INFO] - Train: 29 [   0/195 (  0%)]  Loss: 24.61 (24.6)  Loss_gt: 3.355 (3.36)  Loss_kd: 21.26 (21.3) LR: 5.000e-02
2025-09-09 18:51:46,961 -                train: [    INFO] - Train: 29 [ 194/195 (100%)]  Loss: 27.21 (25.9)  Loss_gt: 3.666 (3.40)  Loss_kd: 23.55 (22.5) LR: 5.000e-02
2025-09-09 18:51:47,388 -                train: [    INFO] - Test: [   0/39]  Time: 0.411 (0.411)  Loss:  1.8184 (1.8184)  Acc@1: 60.1562 (60.1562)  Acc@5: 85.5469 (85.5469)
2025-09-09 18:51:50,221 -                train: [    INFO] - Test: [  39/39]  Time: 0.026 (0.081)  Loss:  1.5242 (2.1273)  Acc@1: 43.7500 (52.9600)  Acc@5: 93.7500 (81.8600)
2025-09-09 18:51:50,521 - timm.utils.checkpoint_saver: [    INFO] - Current checkpoints:
 ('./output/train/20250909-180938-mobilenetv2_100-224/checkpoint/checkpoint-28.pth.tar', 54.81)
 ('./output/train/20250909-180938-mobilenetv2_100-224/checkpoint/checkpoint-23.pth.tar', 54.48)
 ('./output/train/20250909-180938-mobilenetv2_100-224/checkpoint/checkpoint-20.pth.tar', 53.07)
 ('./output/train/20250909-180938-mobilenetv2_100-224/checkpoint/checkpoint-29.pth.tar', 52.96)
 ('./output/train/20250909-180938-mobilenetv2_100-224/checkpoint/checkpoint-18.pth.tar', 52.82)
 ('./output/train/20250909-180938-mobilenetv2_100-224/checkpoint/checkpoint-16.pth.tar', 52.81)
 ('./output/train/20250909-180938-mobilenetv2_100-224/checkpoint/checkpoint-15.pth.tar', 52.37)
 ('./output/train/20250909-180938-mobilenetv2_100-224/checkpoint/checkpoint-26.pth.tar', 51.25)
 ('./output/train/20250909-180938-mobilenetv2_100-224/checkpoint/checkpoint-21.pth.tar', 50.54)
 ('./output/train/20250909-180938-mobilenetv2_100-224/checkpoint/checkpoint-19.pth.tar', 50.15)

2025-09-09 18:51:51,255 -                train: [    INFO] - Train: 30 [   0/195 (  0%)]  Loss: 24.67 (24.7)  Loss_gt: 3.370 (3.37)  Loss_kd: 21.30 (21.3) LR: 5.000e-02
2025-09-09 18:53:11,432 -                train: [    INFO] - Train: 30 [ 194/195 (100%)]  Loss: 26.44 (25.6)  Loss_gt: 3.429 (3.38)  Loss_kd: 23.01 (22.3) LR: 5.000e-02
2025-09-09 18:53:11,866 -                train: [    INFO] - Test: [   0/39]  Time: 0.414 (0.414)  Loss:  2.0829 (2.0829)  Acc@1: 57.0312 (57.0312)  Acc@5: 84.3750 (84.3750)
2025-09-09 18:53:14,828 -                train: [    INFO] - Test: [  39/39]  Time: 0.022 (0.084)  Loss:  1.2801 (2.1118)  Acc@1: 62.5000 (54.9000)  Acc@5: 87.5000 (83.9500)
2025-09-09 18:53:14,921 - timm.utils.checkpoint_saver: [    INFO] - Current checkpoints:
 ('./output/train/20250909-180938-mobilenetv2_100-224/checkpoint/checkpoint-30.pth.tar', 54.9)
 ('./output/train/20250909-180938-mobilenetv2_100-224/checkpoint/checkpoint-28.pth.tar', 54.81)
 ('./output/train/20250909-180938-mobilenetv2_100-224/checkpoint/checkpoint-23.pth.tar', 54.48)
 ('./output/train/20250909-180938-mobilenetv2_100-224/checkpoint/checkpoint-20.pth.tar', 53.07)
 ('./output/train/20250909-180938-mobilenetv2_100-224/checkpoint/checkpoint-29.pth.tar', 52.96)
 ('./output/train/20250909-180938-mobilenetv2_100-224/checkpoint/checkpoint-18.pth.tar', 52.82)
 ('./output/train/20250909-180938-mobilenetv2_100-224/checkpoint/checkpoint-16.pth.tar', 52.81)
 ('./output/train/20250909-180938-mobilenetv2_100-224/checkpoint/checkpoint-15.pth.tar', 52.37)
 ('./output/train/20250909-180938-mobilenetv2_100-224/checkpoint/checkpoint-26.pth.tar', 51.25)
 ('./output/train/20250909-180938-mobilenetv2_100-224/checkpoint/checkpoint-21.pth.tar', 50.54)

2025-09-09 18:53:15,676 -                train: [    INFO] - Train: 31 [   0/195 (  0%)]  Loss: 25.48 (25.5)  Loss_gt: 3.347 (3.35)  Loss_kd: 22.13 (22.1) LR: 5.000e-02
2025-09-09 18:54:35,480 -                train: [    INFO] - Train: 31 [ 194/195 (100%)]  Loss: 25.83 (25.6)  Loss_gt: 3.520 (3.39)  Loss_kd: 22.31 (22.2) LR: 5.000e-02
2025-09-09 18:54:35,918 -                train: [    INFO] - Test: [   0/39]  Time: 0.410 (0.410)  Loss:  1.9519 (1.9519)  Acc@1: 60.9375 (60.9375)  Acc@5: 86.3281 (86.3281)
2025-09-09 18:54:39,185 -                train: [    INFO] - Test: [  39/39]  Time: 0.023 (0.092)  Loss:  1.3789 (1.9701)  Acc@1: 68.7500 (55.6100)  Acc@5: 81.2500 (84.0300)
2025-09-09 18:54:39,312 - timm.utils.checkpoint_saver: [    INFO] - Current checkpoints:
 ('./output/train/20250909-180938-mobilenetv2_100-224/checkpoint/checkpoint-31.pth.tar', 55.61)
 ('./output/train/20250909-180938-mobilenetv2_100-224/checkpoint/checkpoint-30.pth.tar', 54.9)
 ('./output/train/20250909-180938-mobilenetv2_100-224/checkpoint/checkpoint-28.pth.tar', 54.81)
 ('./output/train/20250909-180938-mobilenetv2_100-224/checkpoint/checkpoint-23.pth.tar', 54.48)
 ('./output/train/20250909-180938-mobilenetv2_100-224/checkpoint/checkpoint-20.pth.tar', 53.07)
 ('./output/train/20250909-180938-mobilenetv2_100-224/checkpoint/checkpoint-29.pth.tar', 52.96)
 ('./output/train/20250909-180938-mobilenetv2_100-224/checkpoint/checkpoint-18.pth.tar', 52.82)
 ('./output/train/20250909-180938-mobilenetv2_100-224/checkpoint/checkpoint-16.pth.tar', 52.81)
 ('./output/train/20250909-180938-mobilenetv2_100-224/checkpoint/checkpoint-15.pth.tar', 52.37)
 ('./output/train/20250909-180938-mobilenetv2_100-224/checkpoint/checkpoint-26.pth.tar', 51.25)

2025-09-09 18:54:40,068 -                train: [    INFO] - Train: 32 [   0/195 (  0%)]  Loss: 25.40 (25.4)  Loss_gt: 3.319 (3.32)  Loss_kd: 22.08 (22.1) LR: 5.000e-02
2025-09-09 18:56:00,527 -                train: [    INFO] - Train: 32 [ 194/195 (100%)]  Loss: 25.90 (25.6)  Loss_gt: 3.493 (3.38)  Loss_kd: 22.41 (22.2) LR: 5.000e-02
2025-09-09 18:56:00,941 -                train: [    INFO] - Test: [   0/39]  Time: 0.395 (0.395)  Loss:  2.0251 (2.0251)  Acc@1: 54.6875 (54.6875)  Acc@5: 84.3750 (84.3750)
2025-09-09 18:56:03,793 -                train: [    INFO] - Test: [  39/39]  Time: 0.023 (0.081)  Loss:  1.8949 (2.3426)  Acc@1: 56.2500 (51.0400)  Acc@5: 81.2500 (79.7200)
2025-09-09 18:56:04,660 -                train: [    INFO] - Train: 33 [   0/195 (  0%)]  Loss: 25.74 (25.7)  Loss_gt: 3.078 (3.08)  Loss_kd: 22.66 (22.7) LR: 5.000e-02
2025-09-09 18:57:24,866 -                train: [    INFO] - Train: 33 [ 194/195 (100%)]  Loss: 25.29 (25.5)  Loss_gt: 3.445 (3.36)  Loss_kd: 21.85 (22.2) LR: 5.000e-02
2025-09-09 18:57:25,318 -                train: [    INFO] - Test: [   0/39]  Time: 0.426 (0.426)  Loss:  2.0359 (2.0359)  Acc@1: 55.4688 (55.4688)  Acc@5: 81.6406 (81.6406)
2025-09-09 18:57:28,303 -                train: [    INFO] - Test: [  39/39]  Time: 0.029 (0.085)  Loss:  1.1036 (2.4274)  Acc@1: 75.0000 (47.8000)  Acc@5: 81.2500 (77.3500)
2025-09-09 18:57:29,125 -                train: [    INFO] - Train: 34 [   0/195 (  0%)]  Loss: 24.31 (24.3)  Loss_gt: 3.382 (3.38)  Loss_kd: 20.93 (20.9) LR: 5.000e-02
2025-09-09 18:58:49,337 -                train: [    INFO] - Train: 34 [ 194/195 (100%)]  Loss: 25.96 (25.3)  Loss_gt: 3.618 (3.35)  Loss_kd: 22.34 (22.0) LR: 5.000e-02
2025-09-09 18:58:49,776 -                train: [    INFO] - Test: [   0/39]  Time: 0.409 (0.409)  Loss:  2.0386 (2.0386)  Acc@1: 53.9062 (53.9062)  Acc@5: 83.2031 (83.2031)
2025-09-09 18:58:52,837 -                train: [    INFO] - Test: [  39/39]  Time: 0.027 (0.087)  Loss:  2.1976 (2.0989)  Acc@1: 56.2500 (54.2400)  Acc@5: 81.2500 (82.4200)
2025-09-09 18:58:52,952 - timm.utils.checkpoint_saver: [    INFO] - Current checkpoints:
 ('./output/train/20250909-180938-mobilenetv2_100-224/checkpoint/checkpoint-31.pth.tar', 55.61)
 ('./output/train/20250909-180938-mobilenetv2_100-224/checkpoint/checkpoint-30.pth.tar', 54.9)
 ('./output/train/20250909-180938-mobilenetv2_100-224/checkpoint/checkpoint-28.pth.tar', 54.81)
 ('./output/train/20250909-180938-mobilenetv2_100-224/checkpoint/checkpoint-23.pth.tar', 54.48)
 ('./output/train/20250909-180938-mobilenetv2_100-224/checkpoint/checkpoint-34.pth.tar', 54.24)
 ('./output/train/20250909-180938-mobilenetv2_100-224/checkpoint/checkpoint-20.pth.tar', 53.07)
 ('./output/train/20250909-180938-mobilenetv2_100-224/checkpoint/checkpoint-29.pth.tar', 52.96)
 ('./output/train/20250909-180938-mobilenetv2_100-224/checkpoint/checkpoint-18.pth.tar', 52.82)
 ('./output/train/20250909-180938-mobilenetv2_100-224/checkpoint/checkpoint-16.pth.tar', 52.81)
 ('./output/train/20250909-180938-mobilenetv2_100-224/checkpoint/checkpoint-15.pth.tar', 52.37)

2025-09-09 18:58:53,694 -                train: [    INFO] - Train: 35 [   0/195 (  0%)]  Loss: 24.32 (24.3)  Loss_gt: 3.279 (3.28)  Loss_kd: 21.04 (21.0) LR: 5.000e-02
2025-09-09 19:00:13,462 -                train: [    INFO] - Train: 35 [ 194/195 (100%)]  Loss: 25.09 (25.4)  Loss_gt: 3.301 (3.37)  Loss_kd: 21.79 (22.1) LR: 5.000e-02
2025-09-09 19:00:13,891 -                train: [    INFO] - Test: [   0/39]  Time: 0.409 (0.409)  Loss:  1.6871 (1.6871)  Acc@1: 61.3281 (61.3281)  Acc@5: 86.7188 (86.7188)
2025-09-09 19:00:17,053 -                train: [    INFO] - Test: [  39/39]  Time: 0.026 (0.089)  Loss:  1.3145 (1.8419)  Acc@1: 62.5000 (57.9800)  Acc@5: 81.2500 (84.7500)
2025-09-09 19:00:17,181 - timm.utils.checkpoint_saver: [    INFO] - Current checkpoints:
 ('./output/train/20250909-180938-mobilenetv2_100-224/checkpoint/checkpoint-35.pth.tar', 57.98)
 ('./output/train/20250909-180938-mobilenetv2_100-224/checkpoint/checkpoint-31.pth.tar', 55.61)
 ('./output/train/20250909-180938-mobilenetv2_100-224/checkpoint/checkpoint-30.pth.tar', 54.9)
 ('./output/train/20250909-180938-mobilenetv2_100-224/checkpoint/checkpoint-28.pth.tar', 54.81)
 ('./output/train/20250909-180938-mobilenetv2_100-224/checkpoint/checkpoint-23.pth.tar', 54.48)
 ('./output/train/20250909-180938-mobilenetv2_100-224/checkpoint/checkpoint-34.pth.tar', 54.24)
 ('./output/train/20250909-180938-mobilenetv2_100-224/checkpoint/checkpoint-20.pth.tar', 53.07)
 ('./output/train/20250909-180938-mobilenetv2_100-224/checkpoint/checkpoint-29.pth.tar', 52.96)
 ('./output/train/20250909-180938-mobilenetv2_100-224/checkpoint/checkpoint-18.pth.tar', 52.82)
 ('./output/train/20250909-180938-mobilenetv2_100-224/checkpoint/checkpoint-16.pth.tar', 52.81)

2025-09-09 19:00:17,983 -                train: [    INFO] - Train: 36 [   0/195 (  0%)]  Loss: 24.69 (24.7)  Loss_gt: 3.159 (3.16)  Loss_kd: 21.53 (21.5) LR: 5.000e-02
2025-09-09 19:01:37,856 -                train: [    INFO] - Train: 36 [ 194/195 (100%)]  Loss: 23.98 (25.3)  Loss_gt: 3.141 (3.36)  Loss_kd: 20.84 (22.0) LR: 5.000e-02
2025-09-09 19:01:38,311 -                train: [    INFO] - Test: [   0/39]  Time: 0.437 (0.437)  Loss:  2.0713 (2.0713)  Acc@1: 55.0781 (55.0781)  Acc@5: 83.5938 (83.5938)
2025-09-09 19:01:41,175 -                train: [    INFO] - Test: [  39/39]  Time: 0.023 (0.083)  Loss:  2.7689 (2.2368)  Acc@1: 56.2500 (52.1900)  Acc@5: 68.7500 (80.8000)
2025-09-09 19:01:42,082 -                train: [    INFO] - Train: 37 [   0/195 (  0%)]  Loss: 24.56 (24.6)  Loss_gt: 3.533 (3.53)  Loss_kd: 21.02 (21.0) LR: 5.000e-02
2025-09-09 19:03:01,965 -                train: [    INFO] - Train: 37 [ 194/195 (100%)]  Loss: 25.60 (25.2)  Loss_gt: 3.226 (3.35)  Loss_kd: 22.37 (21.9) LR: 5.000e-02
2025-09-09 19:03:02,382 -                train: [    INFO] - Test: [   0/39]  Time: 0.392 (0.392)  Loss:  2.5799 (2.5799)  Acc@1: 53.5156 (53.5156)  Acc@5: 77.3438 (77.3438)
2025-09-09 19:03:05,209 -                train: [    INFO] - Test: [  39/39]  Time: 0.025 (0.080)  Loss:  2.1406 (2.6432)  Acc@1: 56.2500 (46.9400)  Acc@5: 75.0000 (76.0000)
2025-09-09 19:03:06,104 -                train: [    INFO] - Train: 38 [   0/195 (  0%)]  Loss: 24.21 (24.2)  Loss_gt: 3.412 (3.41)  Loss_kd: 20.80 (20.8) LR: 5.000e-02
2025-09-09 19:04:25,934 -                train: [    INFO] - Train: 38 [ 194/195 (100%)]  Loss: 25.03 (25.3)  Loss_gt: 3.376 (3.36)  Loss_kd: 21.66 (21.9) LR: 5.000e-02
2025-09-09 19:04:26,378 -                train: [    INFO] - Test: [   0/39]  Time: 0.422 (0.422)  Loss:  1.6646 (1.6646)  Acc@1: 66.0156 (66.0156)  Acc@5: 88.6719 (88.6719)
2025-09-09 19:04:29,435 -                train: [    INFO] - Test: [  39/39]  Time: 0.023 (0.087)  Loss:  1.0419 (1.8271)  Acc@1: 75.0000 (58.6400)  Acc@5: 87.5000 (86.5700)
2025-09-09 19:04:29,538 - timm.utils.checkpoint_saver: [    INFO] - Current checkpoints:
 ('./output/train/20250909-180938-mobilenetv2_100-224/checkpoint/checkpoint-38.pth.tar', 58.64)
 ('./output/train/20250909-180938-mobilenetv2_100-224/checkpoint/checkpoint-35.pth.tar', 57.98)
 ('./output/train/20250909-180938-mobilenetv2_100-224/checkpoint/checkpoint-31.pth.tar', 55.61)
 ('./output/train/20250909-180938-mobilenetv2_100-224/checkpoint/checkpoint-30.pth.tar', 54.9)
 ('./output/train/20250909-180938-mobilenetv2_100-224/checkpoint/checkpoint-28.pth.tar', 54.81)
 ('./output/train/20250909-180938-mobilenetv2_100-224/checkpoint/checkpoint-23.pth.tar', 54.48)
 ('./output/train/20250909-180938-mobilenetv2_100-224/checkpoint/checkpoint-34.pth.tar', 54.24)
 ('./output/train/20250909-180938-mobilenetv2_100-224/checkpoint/checkpoint-20.pth.tar', 53.07)
 ('./output/train/20250909-180938-mobilenetv2_100-224/checkpoint/checkpoint-29.pth.tar', 52.96)
 ('./output/train/20250909-180938-mobilenetv2_100-224/checkpoint/checkpoint-18.pth.tar', 52.82)

2025-09-09 19:04:30,273 -                train: [    INFO] - Train: 39 [   0/195 (  0%)]  Loss: 22.95 (22.9)  Loss_gt: 3.316 (3.32)  Loss_kd: 19.63 (19.6) LR: 5.000e-02
2025-09-09 19:05:49,982 -                train: [    INFO] - Train: 39 [ 194/195 (100%)]  Loss: 24.95 (25.2)  Loss_gt: 3.416 (3.36)  Loss_kd: 21.53 (21.9) LR: 5.000e-02
2025-09-09 19:05:50,396 -                train: [    INFO] - Test: [   0/39]  Time: 0.395 (0.395)  Loss:  2.1493 (2.1493)  Acc@1: 57.8125 (57.8125)  Acc@5: 83.9844 (83.9844)
2025-09-09 19:05:53,275 -                train: [    INFO] - Test: [  39/39]  Time: 0.023 (0.082)  Loss:  2.1629 (2.2314)  Acc@1: 50.0000 (54.3400)  Acc@5: 81.2500 (82.9900)
2025-09-09 19:05:53,394 - timm.utils.checkpoint_saver: [    INFO] - Current checkpoints:
 ('./output/train/20250909-180938-mobilenetv2_100-224/checkpoint/checkpoint-38.pth.tar', 58.64)
 ('./output/train/20250909-180938-mobilenetv2_100-224/checkpoint/checkpoint-35.pth.tar', 57.98)
 ('./output/train/20250909-180938-mobilenetv2_100-224/checkpoint/checkpoint-31.pth.tar', 55.61)
 ('./output/train/20250909-180938-mobilenetv2_100-224/checkpoint/checkpoint-30.pth.tar', 54.9)
 ('./output/train/20250909-180938-mobilenetv2_100-224/checkpoint/checkpoint-28.pth.tar', 54.81)
 ('./output/train/20250909-180938-mobilenetv2_100-224/checkpoint/checkpoint-23.pth.tar', 54.48)
 ('./output/train/20250909-180938-mobilenetv2_100-224/checkpoint/checkpoint-39.pth.tar', 54.34)
 ('./output/train/20250909-180938-mobilenetv2_100-224/checkpoint/checkpoint-34.pth.tar', 54.24)
 ('./output/train/20250909-180938-mobilenetv2_100-224/checkpoint/checkpoint-20.pth.tar', 53.07)
 ('./output/train/20250909-180938-mobilenetv2_100-224/checkpoint/checkpoint-29.pth.tar', 52.96)

2025-09-09 19:05:54,144 -                train: [    INFO] - Train: 40 [   0/195 (  0%)]  Loss: 24.85 (24.9)  Loss_gt: 3.481 (3.48)  Loss_kd: 21.37 (21.4) LR: 5.000e-02
2025-09-09 19:07:13,897 -                train: [    INFO] - Train: 40 [ 194/195 (100%)]  Loss: 23.97 (25.2)  Loss_gt: 3.199 (3.35)  Loss_kd: 20.77 (21.9) LR: 5.000e-02
2025-09-09 19:07:14,311 -                train: [    INFO] - Test: [   0/39]  Time: 0.394 (0.394)  Loss:  2.1493 (2.1493)  Acc@1: 58.2031 (58.2031)  Acc@5: 82.8125 (82.8125)
2025-09-09 19:07:17,174 -                train: [    INFO] - Test: [  39/39]  Time: 0.032 (0.081)  Loss:  1.7083 (2.2613)  Acc@1: 43.7500 (52.2700)  Acc@5: 81.2500 (80.5800)
2025-09-09 19:07:18,101 -                train: [    INFO] - Train: 41 [   0/195 (  0%)]  Loss: 24.78 (24.8)  Loss_gt: 3.213 (3.21)  Loss_kd: 21.57 (21.6) LR: 5.000e-02
2025-09-09 19:08:38,153 -                train: [    INFO] - Train: 41 [ 194/195 (100%)]  Loss: 24.36 (25.0)  Loss_gt: 3.477 (3.33)  Loss_kd: 20.89 (21.7) LR: 5.000e-02
2025-09-09 19:08:38,636 -                train: [    INFO] - Test: [   0/39]  Time: 0.462 (0.462)  Loss:  2.3546 (2.3546)  Acc@1: 57.0312 (57.0312)  Acc@5: 81.6406 (81.6406)
2025-09-09 19:08:42,154 -                train: [    INFO] - Test: [  39/39]  Time: 0.028 (0.100)  Loss:  1.3177 (2.1388)  Acc@1: 75.0000 (54.4600)  Acc@5: 87.5000 (83.5100)
2025-09-09 19:08:42,261 - timm.utils.checkpoint_saver: [    INFO] - Current checkpoints:
 ('./output/train/20250909-180938-mobilenetv2_100-224/checkpoint/checkpoint-38.pth.tar', 58.64)
 ('./output/train/20250909-180938-mobilenetv2_100-224/checkpoint/checkpoint-35.pth.tar', 57.98)
 ('./output/train/20250909-180938-mobilenetv2_100-224/checkpoint/checkpoint-31.pth.tar', 55.61)
 ('./output/train/20250909-180938-mobilenetv2_100-224/checkpoint/checkpoint-30.pth.tar', 54.9)
 ('./output/train/20250909-180938-mobilenetv2_100-224/checkpoint/checkpoint-28.pth.tar', 54.81)
 ('./output/train/20250909-180938-mobilenetv2_100-224/checkpoint/checkpoint-23.pth.tar', 54.48)
 ('./output/train/20250909-180938-mobilenetv2_100-224/checkpoint/checkpoint-41.pth.tar', 54.46)
 ('./output/train/20250909-180938-mobilenetv2_100-224/checkpoint/checkpoint-39.pth.tar', 54.34)
 ('./output/train/20250909-180938-mobilenetv2_100-224/checkpoint/checkpoint-34.pth.tar', 54.24)
 ('./output/train/20250909-180938-mobilenetv2_100-224/checkpoint/checkpoint-20.pth.tar', 53.07)

2025-09-09 19:08:43,023 -                train: [    INFO] - Train: 42 [   0/195 (  0%)]  Loss: 24.90 (24.9)  Loss_gt: 3.282 (3.28)  Loss_kd: 21.62 (21.6) LR: 5.000e-02
2025-09-09 19:10:03,208 -                train: [    INFO] - Train: 42 [ 194/195 (100%)]  Loss: 25.99 (25.0)  Loss_gt: 3.145 (3.35)  Loss_kd: 22.84 (21.7) LR: 5.000e-02
2025-09-09 19:10:03,623 -                train: [    INFO] - Test: [   0/39]  Time: 0.393 (0.393)  Loss:  1.9819 (1.9819)  Acc@1: 57.8125 (57.8125)  Acc@5: 82.8125 (82.8125)
2025-09-09 19:10:06,644 -                train: [    INFO] - Test: [  39/39]  Time: 0.026 (0.085)  Loss:  1.0362 (2.1739)  Acc@1: 62.5000 (53.8000)  Acc@5: 87.5000 (82.3000)
2025-09-09 19:10:06,740 - timm.utils.checkpoint_saver: [    INFO] - Current checkpoints:
 ('./output/train/20250909-180938-mobilenetv2_100-224/checkpoint/checkpoint-38.pth.tar', 58.64)
 ('./output/train/20250909-180938-mobilenetv2_100-224/checkpoint/checkpoint-35.pth.tar', 57.98)
 ('./output/train/20250909-180938-mobilenetv2_100-224/checkpoint/checkpoint-31.pth.tar', 55.61)
 ('./output/train/20250909-180938-mobilenetv2_100-224/checkpoint/checkpoint-30.pth.tar', 54.9)
 ('./output/train/20250909-180938-mobilenetv2_100-224/checkpoint/checkpoint-28.pth.tar', 54.81)
 ('./output/train/20250909-180938-mobilenetv2_100-224/checkpoint/checkpoint-23.pth.tar', 54.48)
 ('./output/train/20250909-180938-mobilenetv2_100-224/checkpoint/checkpoint-41.pth.tar', 54.46)
 ('./output/train/20250909-180938-mobilenetv2_100-224/checkpoint/checkpoint-39.pth.tar', 54.34)
 ('./output/train/20250909-180938-mobilenetv2_100-224/checkpoint/checkpoint-34.pth.tar', 54.24)
 ('./output/train/20250909-180938-mobilenetv2_100-224/checkpoint/checkpoint-42.pth.tar', 53.8)

2025-09-09 19:10:07,518 -                train: [    INFO] - Train: 43 [   0/195 (  0%)]  Loss: 25.64 (25.6)  Loss_gt: 3.254 (3.25)  Loss_kd: 22.39 (22.4) LR: 5.000e-02
2025-09-09 19:11:27,392 -                train: [    INFO] - Train: 43 [ 194/195 (100%)]  Loss: 24.29 (25.1)  Loss_gt: 3.230 (3.34)  Loss_kd: 21.06 (21.7) LR: 5.000e-02
2025-09-09 19:11:27,812 -                train: [    INFO] - Test: [   0/39]  Time: 0.400 (0.400)  Loss:  1.9430 (1.9430)  Acc@1: 58.9844 (58.9844)  Acc@5: 85.5469 (85.5469)
2025-09-09 19:11:30,651 -                train: [    INFO] - Test: [  39/39]  Time: 0.024 (0.081)  Loss:  1.6686 (2.0845)  Acc@1: 56.2500 (55.2100)  Acc@5: 87.5000 (82.5700)
2025-09-09 19:11:30,772 - timm.utils.checkpoint_saver: [    INFO] - Current checkpoints:
 ('./output/train/20250909-180938-mobilenetv2_100-224/checkpoint/checkpoint-38.pth.tar', 58.64)
 ('./output/train/20250909-180938-mobilenetv2_100-224/checkpoint/checkpoint-35.pth.tar', 57.98)
 ('./output/train/20250909-180938-mobilenetv2_100-224/checkpoint/checkpoint-31.pth.tar', 55.61)
 ('./output/train/20250909-180938-mobilenetv2_100-224/checkpoint/checkpoint-43.pth.tar', 55.21)
 ('./output/train/20250909-180938-mobilenetv2_100-224/checkpoint/checkpoint-30.pth.tar', 54.9)
 ('./output/train/20250909-180938-mobilenetv2_100-224/checkpoint/checkpoint-28.pth.tar', 54.81)
 ('./output/train/20250909-180938-mobilenetv2_100-224/checkpoint/checkpoint-23.pth.tar', 54.48)
 ('./output/train/20250909-180938-mobilenetv2_100-224/checkpoint/checkpoint-41.pth.tar', 54.46)
 ('./output/train/20250909-180938-mobilenetv2_100-224/checkpoint/checkpoint-39.pth.tar', 54.34)
 ('./output/train/20250909-180938-mobilenetv2_100-224/checkpoint/checkpoint-34.pth.tar', 54.24)

2025-09-09 19:11:31,517 -                train: [    INFO] - Train: 44 [   0/195 (  0%)]  Loss: 22.81 (22.8)  Loss_gt: 3.230 (3.23)  Loss_kd: 19.58 (19.6) LR: 5.000e-02
2025-09-09 19:12:51,545 -                train: [    INFO] - Train: 44 [ 194/195 (100%)]  Loss: 26.39 (25.0)  Loss_gt: 3.776 (3.34)  Loss_kd: 22.61 (21.7) LR: 5.000e-02
2025-09-09 19:12:51,988 -                train: [    INFO] - Test: [   0/39]  Time: 0.419 (0.419)  Loss:  2.2683 (2.2683)  Acc@1: 49.6094 (49.6094)  Acc@5: 79.2969 (79.2969)
2025-09-09 19:12:55,100 -                train: [    INFO] - Test: [  39/39]  Time: 0.023 (0.088)  Loss:  2.6925 (2.5108)  Acc@1: 37.5000 (48.1900)  Acc@5: 68.7500 (76.7500)
2025-09-09 19:12:56,098 -                train: [    INFO] - Train: 45 [   0/195 (  0%)]  Loss: 26.42 (26.4)  Loss_gt: 3.503 (3.50)  Loss_kd: 22.92 (22.9) LR: 5.000e-02
2025-09-09 19:14:16,155 -                train: [    INFO] - Train: 45 [ 194/195 (100%)]  Loss: 24.78 (24.9)  Loss_gt: 3.492 (3.35)  Loss_kd: 21.28 (21.6) LR: 5.000e-02
2025-09-09 19:14:16,780 -                train: [    INFO] - Test: [   0/39]  Time: 0.596 (0.596)  Loss:  1.9100 (1.9100)  Acc@1: 57.4219 (57.4219)  Acc@5: 85.1562 (85.1562)
2025-09-09 19:14:19,984 -                train: [    INFO] - Test: [  39/39]  Time: 0.024 (0.095)  Loss:  2.1853 (2.1070)  Acc@1: 56.2500 (54.0800)  Acc@5: 75.0000 (82.8100)
2025-09-09 19:14:20,848 -                train: [    INFO] - Train: 46 [   0/195 (  0%)]  Loss: 25.71 (25.7)  Loss_gt: 3.502 (3.50)  Loss_kd: 22.20 (22.2) LR: 5.000e-02
2025-09-09 19:15:40,848 -                train: [    INFO] - Train: 46 [ 194/195 (100%)]  Loss: 23.26 (25.1)  Loss_gt: 3.438 (3.35)  Loss_kd: 19.83 (21.8) LR: 5.000e-02
2025-09-09 19:15:41,291 -                train: [    INFO] - Test: [   0/39]  Time: 0.421 (0.421)  Loss:  1.6926 (1.6926)  Acc@1: 60.1562 (60.1562)  Acc@5: 85.9375 (85.9375)
2025-09-09 19:15:44,410 -                train: [    INFO] - Test: [  39/39]  Time: 0.026 (0.089)  Loss:  1.3968 (1.9620)  Acc@1: 62.5000 (55.6800)  Acc@5: 81.2500 (83.5600)
2025-09-09 19:15:44,559 - timm.utils.checkpoint_saver: [    INFO] - Current checkpoints:
 ('./output/train/20250909-180938-mobilenetv2_100-224/checkpoint/checkpoint-38.pth.tar', 58.64)
 ('./output/train/20250909-180938-mobilenetv2_100-224/checkpoint/checkpoint-35.pth.tar', 57.98)
 ('./output/train/20250909-180938-mobilenetv2_100-224/checkpoint/checkpoint-46.pth.tar', 55.68)
 ('./output/train/20250909-180938-mobilenetv2_100-224/checkpoint/checkpoint-31.pth.tar', 55.61)
 ('./output/train/20250909-180938-mobilenetv2_100-224/checkpoint/checkpoint-43.pth.tar', 55.21)
 ('./output/train/20250909-180938-mobilenetv2_100-224/checkpoint/checkpoint-30.pth.tar', 54.9)
 ('./output/train/20250909-180938-mobilenetv2_100-224/checkpoint/checkpoint-28.pth.tar', 54.81)
 ('./output/train/20250909-180938-mobilenetv2_100-224/checkpoint/checkpoint-23.pth.tar', 54.48)
 ('./output/train/20250909-180938-mobilenetv2_100-224/checkpoint/checkpoint-41.pth.tar', 54.46)
 ('./output/train/20250909-180938-mobilenetv2_100-224/checkpoint/checkpoint-39.pth.tar', 54.34)

2025-09-09 19:15:45,315 -                train: [    INFO] - Train: 47 [   0/195 (  0%)]  Loss: 24.15 (24.2)  Loss_gt: 3.286 (3.29)  Loss_kd: 20.87 (20.9) LR: 5.000e-02
2025-09-09 19:17:05,437 -                train: [    INFO] - Train: 47 [ 194/195 (100%)]  Loss: 26.45 (24.8)  Loss_gt: 3.374 (3.34)  Loss_kd: 23.08 (21.5) LR: 5.000e-02
2025-09-09 19:17:05,858 -                train: [    INFO] - Test: [   0/39]  Time: 0.400 (0.400)  Loss:  2.2378 (2.2378)  Acc@1: 54.6875 (54.6875)  Acc@5: 78.1250 (78.1250)
2025-09-09 19:17:08,901 -                train: [    INFO] - Test: [  39/39]  Time: 0.028 (0.086)  Loss:  1.2644 (2.4460)  Acc@1: 62.5000 (49.3900)  Acc@5: 81.2500 (77.9100)
2025-09-09 19:17:09,815 -                train: [    INFO] - Train: 48 [   0/195 (  0%)]  Loss: 24.34 (24.3)  Loss_gt: 3.184 (3.18)  Loss_kd: 21.16 (21.2) LR: 5.000e-02
2025-09-09 19:18:30,313 -                train: [    INFO] - Train: 48 [ 194/195 (100%)]  Loss: 24.40 (24.8)  Loss_gt: 3.183 (3.32)  Loss_kd: 21.22 (21.4) LR: 5.000e-02
2025-09-09 19:18:30,738 -                train: [    INFO] - Test: [   0/39]  Time: 0.404 (0.404)  Loss:  2.0422 (2.0422)  Acc@1: 58.5938 (58.5938)  Acc@5: 85.1562 (85.1562)
2025-09-09 19:18:33,935 -                train: [    INFO] - Test: [  39/39]  Time: 0.031 (0.090)  Loss:  1.0039 (2.2181)  Acc@1: 68.7500 (53.6300)  Acc@5: 93.7500 (81.9500)
2025-09-09 19:18:34,813 -                train: [    INFO] - Train: 49 [   0/195 (  0%)]  Loss: 24.40 (24.4)  Loss_gt: 3.112 (3.11)  Loss_kd: 21.28 (21.3) LR: 5.000e-02
2025-09-09 19:19:54,418 -                train: [    INFO] - Train: 49 [ 194/195 (100%)]  Loss: 25.70 (24.7)  Loss_gt: 3.385 (3.34)  Loss_kd: 22.31 (21.4) LR: 5.000e-02
2025-09-09 19:19:54,833 -                train: [    INFO] - Test: [   0/39]  Time: 0.395 (0.395)  Loss:  2.3884 (2.3884)  Acc@1: 51.5625 (51.5625)  Acc@5: 80.8594 (80.8594)
2025-09-09 19:19:57,793 -                train: [    INFO] - Test: [  39/39]  Time: 0.023 (0.084)  Loss:  3.4186 (2.8396)  Acc@1: 31.2500 (47.2300)  Acc@5: 68.7500 (75.8200)
2025-09-09 19:19:58,695 -                train: [    INFO] - Train: 50 [   0/195 (  0%)]  Loss: 25.97 (26.0)  Loss_gt: 3.074 (3.07)  Loss_kd: 22.89 (22.9) LR: 5.000e-02
2025-09-09 19:21:19,006 -                train: [    INFO] - Train: 50 [ 194/195 (100%)]  Loss: 24.26 (24.8)  Loss_gt: 3.482 (3.34)  Loss_kd: 20.78 (21.5) LR: 5.000e-02
2025-09-09 19:21:19,435 -                train: [    INFO] - Test: [   0/39]  Time: 0.409 (0.409)  Loss:  1.9476 (1.9476)  Acc@1: 56.6406 (56.6406)  Acc@5: 84.7656 (84.7656)
2025-09-09 19:21:22,471 -                train: [    INFO] - Test: [  39/39]  Time: 0.023 (0.086)  Loss:  1.5590 (2.1048)  Acc@1: 75.0000 (55.0300)  Acc@5: 87.5000 (84.2200)
2025-09-09 19:21:22,597 - timm.utils.checkpoint_saver: [    INFO] - Current checkpoints:
 ('./output/train/20250909-180938-mobilenetv2_100-224/checkpoint/checkpoint-38.pth.tar', 58.64)
 ('./output/train/20250909-180938-mobilenetv2_100-224/checkpoint/checkpoint-35.pth.tar', 57.98)
 ('./output/train/20250909-180938-mobilenetv2_100-224/checkpoint/checkpoint-46.pth.tar', 55.68)
 ('./output/train/20250909-180938-mobilenetv2_100-224/checkpoint/checkpoint-31.pth.tar', 55.61)
 ('./output/train/20250909-180938-mobilenetv2_100-224/checkpoint/checkpoint-43.pth.tar', 55.21)
 ('./output/train/20250909-180938-mobilenetv2_100-224/checkpoint/checkpoint-50.pth.tar', 55.03)
 ('./output/train/20250909-180938-mobilenetv2_100-224/checkpoint/checkpoint-30.pth.tar', 54.9)
 ('./output/train/20250909-180938-mobilenetv2_100-224/checkpoint/checkpoint-28.pth.tar', 54.81)
 ('./output/train/20250909-180938-mobilenetv2_100-224/checkpoint/checkpoint-23.pth.tar', 54.48)
 ('./output/train/20250909-180938-mobilenetv2_100-224/checkpoint/checkpoint-41.pth.tar', 54.46)

2025-09-09 19:21:23,338 -                train: [    INFO] - Train: 51 [   0/195 (  0%)]  Loss: 24.30 (24.3)  Loss_gt: 3.474 (3.47)  Loss_kd: 20.83 (20.8) LR: 5.000e-02
2025-09-09 19:22:43,198 -                train: [    INFO] - Train: 51 [ 194/195 (100%)]  Loss: 23.76 (24.7)  Loss_gt: 3.469 (3.34)  Loss_kd: 20.29 (21.4) LR: 5.000e-02
2025-09-09 19:22:43,609 -                train: [    INFO] - Test: [   0/39]  Time: 0.392 (0.392)  Loss:  1.9843 (1.9843)  Acc@1: 57.4219 (57.4219)  Acc@5: 80.0781 (80.0781)
2025-09-09 19:22:46,660 -                train: [    INFO] - Test: [  39/39]  Time: 0.025 (0.086)  Loss:  2.1194 (2.0723)  Acc@1: 68.7500 (55.0500)  Acc@5: 81.2500 (83.1100)
2025-09-09 19:22:46,807 - timm.utils.checkpoint_saver: [    INFO] - Current checkpoints:
 ('./output/train/20250909-180938-mobilenetv2_100-224/checkpoint/checkpoint-38.pth.tar', 58.64)
 ('./output/train/20250909-180938-mobilenetv2_100-224/checkpoint/checkpoint-35.pth.tar', 57.98)
 ('./output/train/20250909-180938-mobilenetv2_100-224/checkpoint/checkpoint-46.pth.tar', 55.68)
 ('./output/train/20250909-180938-mobilenetv2_100-224/checkpoint/checkpoint-31.pth.tar', 55.61)
 ('./output/train/20250909-180938-mobilenetv2_100-224/checkpoint/checkpoint-43.pth.tar', 55.21)
 ('./output/train/20250909-180938-mobilenetv2_100-224/checkpoint/checkpoint-51.pth.tar', 55.05)
 ('./output/train/20250909-180938-mobilenetv2_100-224/checkpoint/checkpoint-50.pth.tar', 55.03)
 ('./output/train/20250909-180938-mobilenetv2_100-224/checkpoint/checkpoint-30.pth.tar', 54.9)
 ('./output/train/20250909-180938-mobilenetv2_100-224/checkpoint/checkpoint-28.pth.tar', 54.81)
 ('./output/train/20250909-180938-mobilenetv2_100-224/checkpoint/checkpoint-23.pth.tar', 54.48)

2025-09-09 19:22:47,587 -                train: [    INFO] - Train: 52 [   0/195 (  0%)]  Loss: 23.72 (23.7)  Loss_gt: 3.251 (3.25)  Loss_kd: 20.47 (20.5) LR: 5.000e-02
2025-09-09 19:24:07,630 -                train: [    INFO] - Train: 52 [ 194/195 (100%)]  Loss: 26.14 (24.7)  Loss_gt: 3.583 (3.33)  Loss_kd: 22.56 (21.4) LR: 5.000e-02
2025-09-09 19:24:08,081 -                train: [    INFO] - Test: [   0/39]  Time: 0.429 (0.429)  Loss:  1.6594 (1.6594)  Acc@1: 62.5000 (62.5000)  Acc@5: 87.8906 (87.8906)
2025-09-09 19:24:11,138 -                train: [    INFO] - Test: [  39/39]  Time: 0.023 (0.087)  Loss:  1.3690 (1.9340)  Acc@1: 62.5000 (57.0800)  Acc@5: 87.5000 (84.6500)
2025-09-09 19:24:11,278 - timm.utils.checkpoint_saver: [    INFO] - Current checkpoints:
 ('./output/train/20250909-180938-mobilenetv2_100-224/checkpoint/checkpoint-38.pth.tar', 58.64)
 ('./output/train/20250909-180938-mobilenetv2_100-224/checkpoint/checkpoint-35.pth.tar', 57.98)
 ('./output/train/20250909-180938-mobilenetv2_100-224/checkpoint/checkpoint-52.pth.tar', 57.08)
 ('./output/train/20250909-180938-mobilenetv2_100-224/checkpoint/checkpoint-46.pth.tar', 55.68)
 ('./output/train/20250909-180938-mobilenetv2_100-224/checkpoint/checkpoint-31.pth.tar', 55.61)
 ('./output/train/20250909-180938-mobilenetv2_100-224/checkpoint/checkpoint-43.pth.tar', 55.21)
 ('./output/train/20250909-180938-mobilenetv2_100-224/checkpoint/checkpoint-51.pth.tar', 55.05)
 ('./output/train/20250909-180938-mobilenetv2_100-224/checkpoint/checkpoint-50.pth.tar', 55.03)
 ('./output/train/20250909-180938-mobilenetv2_100-224/checkpoint/checkpoint-30.pth.tar', 54.9)
 ('./output/train/20250909-180938-mobilenetv2_100-224/checkpoint/checkpoint-28.pth.tar', 54.81)

2025-09-09 19:24:12,013 -                train: [    INFO] - Train: 53 [   0/195 (  0%)]  Loss: 26.61 (26.6)  Loss_gt: 3.252 (3.25)  Loss_kd: 23.36 (23.4) LR: 5.000e-02
2025-09-09 19:25:31,939 -                train: [    INFO] - Train: 53 [ 194/195 (100%)]  Loss: 25.33 (24.7)  Loss_gt: 3.547 (3.32)  Loss_kd: 21.78 (21.4) LR: 5.000e-02
2025-09-09 19:25:32,355 -                train: [    INFO] - Test: [   0/39]  Time: 0.396 (0.396)  Loss:  1.5700 (1.5700)  Acc@1: 65.2344 (65.2344)  Acc@5: 85.5469 (85.5469)
2025-09-09 19:25:35,286 -                train: [    INFO] - Test: [  39/39]  Time: 0.026 (0.083)  Loss:  1.3408 (1.9374)  Acc@1: 75.0000 (56.4300)  Acc@5: 87.5000 (83.9800)
2025-09-09 19:25:35,433 - timm.utils.checkpoint_saver: [    INFO] - Current checkpoints:
 ('./output/train/20250909-180938-mobilenetv2_100-224/checkpoint/checkpoint-38.pth.tar', 58.64)
 ('./output/train/20250909-180938-mobilenetv2_100-224/checkpoint/checkpoint-35.pth.tar', 57.98)
 ('./output/train/20250909-180938-mobilenetv2_100-224/checkpoint/checkpoint-52.pth.tar', 57.08)
 ('./output/train/20250909-180938-mobilenetv2_100-224/checkpoint/checkpoint-53.pth.tar', 56.43)
 ('./output/train/20250909-180938-mobilenetv2_100-224/checkpoint/checkpoint-46.pth.tar', 55.68)
 ('./output/train/20250909-180938-mobilenetv2_100-224/checkpoint/checkpoint-31.pth.tar', 55.61)
 ('./output/train/20250909-180938-mobilenetv2_100-224/checkpoint/checkpoint-43.pth.tar', 55.21)
 ('./output/train/20250909-180938-mobilenetv2_100-224/checkpoint/checkpoint-51.pth.tar', 55.05)
 ('./output/train/20250909-180938-mobilenetv2_100-224/checkpoint/checkpoint-50.pth.tar', 55.03)
 ('./output/train/20250909-180938-mobilenetv2_100-224/checkpoint/checkpoint-30.pth.tar', 54.9)

2025-09-09 19:25:36,267 -                train: [    INFO] - Train: 54 [   0/195 (  0%)]  Loss: 24.31 (24.3)  Loss_gt: 3.401 (3.40)  Loss_kd: 20.91 (20.9) LR: 5.000e-02
2025-09-09 19:26:56,171 -                train: [    INFO] - Train: 54 [ 194/195 (100%)]  Loss: 24.98 (24.8)  Loss_gt: 3.336 (3.32)  Loss_kd: 21.64 (21.5) LR: 5.000e-02
2025-09-09 19:26:56,583 -                train: [    INFO] - Test: [   0/39]  Time: 0.393 (0.393)  Loss:  2.0508 (2.0508)  Acc@1: 55.8594 (55.8594)  Acc@5: 84.7656 (84.7656)
2025-09-09 19:26:59,419 -                train: [    INFO] - Test: [  39/39]  Time: 0.026 (0.081)  Loss:  1.7013 (2.0869)  Acc@1: 68.7500 (54.7900)  Acc@5: 81.2500 (82.7600)
2025-09-09 19:27:00,317 -                train: [    INFO] - Train: 55 [   0/195 (  0%)]  Loss: 24.69 (24.7)  Loss_gt: 3.347 (3.35)  Loss_kd: 21.34 (21.3) LR: 5.000e-02
2025-09-09 19:28:20,281 -                train: [    INFO] - Train: 55 [ 194/195 (100%)]  Loss: 24.76 (24.6)  Loss_gt: 3.291 (3.34)  Loss_kd: 21.47 (21.3) LR: 5.000e-02
2025-09-09 19:28:20,704 -                train: [    INFO] - Test: [   0/39]  Time: 0.396 (0.396)  Loss:  2.2417 (2.2417)  Acc@1: 57.0312 (57.0312)  Acc@5: 83.2031 (83.2031)
2025-09-09 19:28:23,668 -                train: [    INFO] - Test: [  39/39]  Time: 0.035 (0.084)  Loss:  1.6401 (2.3608)  Acc@1: 68.7500 (51.2500)  Acc@5: 81.2500 (80.7000)
2025-09-09 19:28:24,552 -                train: [    INFO] - Train: 56 [   0/195 (  0%)]  Loss: 25.09 (25.1)  Loss_gt: 3.501 (3.50)  Loss_kd: 21.59 (21.6) LR: 5.000e-02
2025-09-09 19:29:44,747 -                train: [    INFO] - Train: 56 [ 194/195 (100%)]  Loss: 26.08 (24.5)  Loss_gt: 3.397 (3.32)  Loss_kd: 22.68 (21.2) LR: 5.000e-02
2025-09-09 19:29:45,228 -                train: [    INFO] - Test: [   0/39]  Time: 0.461 (0.461)  Loss:  3.0752 (3.0752)  Acc@1: 45.7031 (45.7031)  Acc@5: 71.0938 (71.0938)
2025-09-09 19:29:48,259 -                train: [    INFO] - Test: [  39/39]  Time: 0.023 (0.087)  Loss:  2.9678 (3.3622)  Acc@1: 37.5000 (39.6300)  Acc@5: 87.5000 (68.8400)
2025-09-09 19:29:49,140 -                train: [    INFO] - Train: 57 [   0/195 (  0%)]  Loss: 24.91 (24.9)  Loss_gt: 3.374 (3.37)  Loss_kd: 21.53 (21.5) LR: 5.000e-02
2025-09-09 19:31:08,789 -                train: [    INFO] - Train: 57 [ 194/195 (100%)]  Loss: 25.04 (24.6)  Loss_gt: 3.359 (3.32)  Loss_kd: 21.68 (21.3) LR: 5.000e-02
2025-09-09 19:31:09,243 -                train: [    INFO] - Test: [   0/39]  Time: 0.435 (0.435)  Loss:  2.1756 (2.1756)  Acc@1: 56.6406 (56.6406)  Acc@5: 80.8594 (80.8594)
2025-09-09 19:31:12,159 -                train: [    INFO] - Test: [  39/39]  Time: 0.025 (0.084)  Loss:  2.5276 (2.2516)  Acc@1: 56.2500 (52.9400)  Acc@5: 68.7500 (81.0400)
2025-09-09 19:31:13,068 -                train: [    INFO] - Train: 58 [   0/195 (  0%)]  Loss: 22.50 (22.5)  Loss_gt: 3.372 (3.37)  Loss_kd: 19.13 (19.1) LR: 5.000e-02
2025-09-09 19:32:33,205 -                train: [    INFO] - Train: 58 [ 194/195 (100%)]  Loss: 25.49 (24.5)  Loss_gt: 3.516 (3.31)  Loss_kd: 21.97 (21.2) LR: 5.000e-02
2025-09-09 19:32:33,644 -                train: [    INFO] - Test: [   0/39]  Time: 0.414 (0.414)  Loss:  1.5493 (1.5493)  Acc@1: 64.4531 (64.4531)  Acc@5: 87.5000 (87.5000)
2025-09-09 19:32:36,539 -                train: [    INFO] - Test: [  39/39]  Time: 0.023 (0.083)  Loss:  1.2316 (1.7309)  Acc@1: 68.7500 (60.1600)  Acc@5: 87.5000 (86.7300)
2025-09-09 19:32:37,331 - timm.utils.checkpoint_saver: [    INFO] - Current checkpoints:
 ('./output/train/20250909-180938-mobilenetv2_100-224/checkpoint/checkpoint-58.pth.tar', 60.16)
 ('./output/train/20250909-180938-mobilenetv2_100-224/checkpoint/checkpoint-38.pth.tar', 58.64)
 ('./output/train/20250909-180938-mobilenetv2_100-224/checkpoint/checkpoint-35.pth.tar', 57.98)
 ('./output/train/20250909-180938-mobilenetv2_100-224/checkpoint/checkpoint-52.pth.tar', 57.08)
 ('./output/train/20250909-180938-mobilenetv2_100-224/checkpoint/checkpoint-53.pth.tar', 56.43)
 ('./output/train/20250909-180938-mobilenetv2_100-224/checkpoint/checkpoint-46.pth.tar', 55.68)
 ('./output/train/20250909-180938-mobilenetv2_100-224/checkpoint/checkpoint-31.pth.tar', 55.61)
 ('./output/train/20250909-180938-mobilenetv2_100-224/checkpoint/checkpoint-43.pth.tar', 55.21)
 ('./output/train/20250909-180938-mobilenetv2_100-224/checkpoint/checkpoint-51.pth.tar', 55.05)
 ('./output/train/20250909-180938-mobilenetv2_100-224/checkpoint/checkpoint-50.pth.tar', 55.03)

2025-09-09 19:32:38,113 -                train: [    INFO] - Train: 59 [   0/195 (  0%)]  Loss: 25.08 (25.1)  Loss_gt: 3.252 (3.25)  Loss_kd: 21.83 (21.8) LR: 5.000e-02
2025-09-09 19:33:57,925 -                train: [    INFO] - Train: 59 [ 194/195 (100%)]  Loss: 23.06 (24.6)  Loss_gt: 3.449 (3.32)  Loss_kd: 19.61 (21.3) LR: 5.000e-02
2025-09-09 19:33:58,347 -                train: [    INFO] - Test: [   0/39]  Time: 0.400 (0.400)  Loss:  1.8678 (1.8678)  Acc@1: 59.7656 (59.7656)  Acc@5: 85.9375 (85.9375)
2025-09-09 19:34:01,455 -                train: [    INFO] - Test: [  39/39]  Time: 0.023 (0.088)  Loss:  2.3933 (1.9876)  Acc@1: 50.0000 (56.3500)  Acc@5: 75.0000 (84.5500)
2025-09-09 19:34:01,582 - timm.utils.checkpoint_saver: [    INFO] - Current checkpoints:
 ('./output/train/20250909-180938-mobilenetv2_100-224/checkpoint/checkpoint-58.pth.tar', 60.16)
 ('./output/train/20250909-180938-mobilenetv2_100-224/checkpoint/checkpoint-38.pth.tar', 58.64)
 ('./output/train/20250909-180938-mobilenetv2_100-224/checkpoint/checkpoint-35.pth.tar', 57.98)
 ('./output/train/20250909-180938-mobilenetv2_100-224/checkpoint/checkpoint-52.pth.tar', 57.08)
 ('./output/train/20250909-180938-mobilenetv2_100-224/checkpoint/checkpoint-53.pth.tar', 56.43)
 ('./output/train/20250909-180938-mobilenetv2_100-224/checkpoint/checkpoint-59.pth.tar', 56.35)
 ('./output/train/20250909-180938-mobilenetv2_100-224/checkpoint/checkpoint-46.pth.tar', 55.68)
 ('./output/train/20250909-180938-mobilenetv2_100-224/checkpoint/checkpoint-31.pth.tar', 55.61)
 ('./output/train/20250909-180938-mobilenetv2_100-224/checkpoint/checkpoint-43.pth.tar', 55.21)
 ('./output/train/20250909-180938-mobilenetv2_100-224/checkpoint/checkpoint-51.pth.tar', 55.05)

2025-09-09 19:34:02,320 -                train: [    INFO] - Train: 60 [   0/195 (  0%)]  Loss: 22.56 (22.6)  Loss_gt: 3.318 (3.32)  Loss_kd: 19.24 (19.2) LR: 5.000e-02
2025-09-09 19:35:22,010 -                train: [    INFO] - Train: 60 [ 194/195 (100%)]  Loss: 24.73 (24.5)  Loss_gt: 3.460 (3.32)  Loss_kd: 21.26 (21.2) LR: 5.000e-02
2025-09-09 19:35:22,469 -                train: [    INFO] - Test: [   0/39]  Time: 0.439 (0.439)  Loss:  2.2438 (2.2438)  Acc@1: 51.9531 (51.9531)  Acc@5: 81.6406 (81.6406)
2025-09-09 19:35:25,889 -                train: [    INFO] - Test: [  39/39]  Time: 0.024 (0.096)  Loss:  1.4797 (2.2971)  Acc@1: 62.5000 (50.4600)  Acc@5: 81.2500 (79.7100)
2025-09-09 19:35:26,838 -                train: [    INFO] - Train: 61 [   0/195 (  0%)]  Loss: 25.27 (25.3)  Loss_gt: 3.554 (3.55)  Loss_kd: 21.71 (21.7) LR: 5.000e-02
2025-09-09 19:36:47,278 -                train: [    INFO] - Train: 61 [ 194/195 (100%)]  Loss: 25.81 (24.5)  Loss_gt: 3.307 (3.32)  Loss_kd: 22.50 (21.2) LR: 5.000e-02
2025-09-09 19:36:47,699 -                train: [    INFO] - Test: [   0/39]  Time: 0.396 (0.396)  Loss:  1.8847 (1.8847)  Acc@1: 60.1562 (60.1562)  Acc@5: 86.3281 (86.3281)
2025-09-09 19:36:50,647 -                train: [    INFO] - Test: [  39/39]  Time: 0.032 (0.084)  Loss:  1.7024 (1.8542)  Acc@1: 56.2500 (58.0400)  Acc@5: 81.2500 (85.1500)
2025-09-09 19:36:50,778 - timm.utils.checkpoint_saver: [    INFO] - Current checkpoints:
 ('./output/train/20250909-180938-mobilenetv2_100-224/checkpoint/checkpoint-58.pth.tar', 60.16)
 ('./output/train/20250909-180938-mobilenetv2_100-224/checkpoint/checkpoint-38.pth.tar', 58.64)
 ('./output/train/20250909-180938-mobilenetv2_100-224/checkpoint/checkpoint-61.pth.tar', 58.04)
 ('./output/train/20250909-180938-mobilenetv2_100-224/checkpoint/checkpoint-35.pth.tar', 57.98)
 ('./output/train/20250909-180938-mobilenetv2_100-224/checkpoint/checkpoint-52.pth.tar', 57.08)
 ('./output/train/20250909-180938-mobilenetv2_100-224/checkpoint/checkpoint-53.pth.tar', 56.43)
 ('./output/train/20250909-180938-mobilenetv2_100-224/checkpoint/checkpoint-59.pth.tar', 56.35)
 ('./output/train/20250909-180938-mobilenetv2_100-224/checkpoint/checkpoint-46.pth.tar', 55.68)
 ('./output/train/20250909-180938-mobilenetv2_100-224/checkpoint/checkpoint-31.pth.tar', 55.61)
 ('./output/train/20250909-180938-mobilenetv2_100-224/checkpoint/checkpoint-43.pth.tar', 55.21)

2025-09-09 19:36:51,524 -                train: [    INFO] - Train: 62 [   0/195 (  0%)]  Loss: 24.14 (24.1)  Loss_gt: 3.099 (3.10)  Loss_kd: 21.04 (21.0) LR: 5.000e-02
2025-09-09 19:38:11,137 -                train: [    INFO] - Train: 62 [ 194/195 (100%)]  Loss: 25.12 (24.4)  Loss_gt: 3.200 (3.31)  Loss_kd: 21.92 (21.1) LR: 5.000e-02
2025-09-09 19:38:11,583 -                train: [    INFO] - Test: [   0/39]  Time: 0.422 (0.422)  Loss:  1.8823 (1.8823)  Acc@1: 57.0312 (57.0312)  Acc@5: 84.3750 (84.3750)
2025-09-09 19:38:14,748 -                train: [    INFO] - Test: [  39/39]  Time: 0.029 (0.090)  Loss:  3.2599 (2.1924)  Acc@1: 43.7500 (53.0100)  Acc@5: 68.7500 (80.7300)
2025-09-09 19:38:15,547 -                train: [    INFO] - Train: 63 [   0/195 (  0%)]  Loss: 22.66 (22.7)  Loss_gt: 3.418 (3.42)  Loss_kd: 19.25 (19.2) LR: 5.000e-02
2025-09-09 19:39:35,244 -                train: [    INFO] - Train: 63 [ 194/195 (100%)]  Loss: 25.55 (24.5)  Loss_gt: 3.473 (3.33)  Loss_kd: 22.07 (21.1) LR: 5.000e-02
2025-09-09 19:39:35,680 -                train: [    INFO] - Test: [   0/39]  Time: 0.417 (0.417)  Loss:  2.1551 (2.1551)  Acc@1: 55.8594 (55.8594)  Acc@5: 85.1562 (85.1562)
2025-09-09 19:39:38,519 -                train: [    INFO] - Test: [  39/39]  Time: 0.022 (0.081)  Loss:  2.1057 (2.5381)  Acc@1: 56.2500 (50.4800)  Acc@5: 68.7500 (79.0800)
2025-09-09 19:39:39,405 -                train: [    INFO] - Train: 64 [   0/195 (  0%)]  Loss: 23.93 (23.9)  Loss_gt: 3.189 (3.19)  Loss_kd: 20.74 (20.7) LR: 5.000e-02
2025-09-09 19:40:59,528 -                train: [    INFO] - Train: 64 [ 194/195 (100%)]  Loss: 24.63 (24.4)  Loss_gt: 3.111 (3.31)  Loss_kd: 21.52 (21.1) LR: 5.000e-02
2025-09-09 19:40:59,946 -                train: [    INFO] - Test: [   0/39]  Time: 0.399 (0.399)  Loss:  1.7553 (1.7553)  Acc@1: 62.5000 (62.5000)  Acc@5: 83.2031 (83.2031)
2025-09-09 19:41:03,067 -                train: [    INFO] - Test: [  39/39]  Time: 0.026 (0.088)  Loss:  2.7414 (2.0070)  Acc@1: 56.2500 (55.4500)  Acc@5: 68.7500 (82.9000)
2025-09-09 19:41:03,186 - timm.utils.checkpoint_saver: [    INFO] - Current checkpoints:
 ('./output/train/20250909-180938-mobilenetv2_100-224/checkpoint/checkpoint-58.pth.tar', 60.16)
 ('./output/train/20250909-180938-mobilenetv2_100-224/checkpoint/checkpoint-38.pth.tar', 58.64)
 ('./output/train/20250909-180938-mobilenetv2_100-224/checkpoint/checkpoint-61.pth.tar', 58.04)
 ('./output/train/20250909-180938-mobilenetv2_100-224/checkpoint/checkpoint-35.pth.tar', 57.98)
 ('./output/train/20250909-180938-mobilenetv2_100-224/checkpoint/checkpoint-52.pth.tar', 57.08)
 ('./output/train/20250909-180938-mobilenetv2_100-224/checkpoint/checkpoint-53.pth.tar', 56.43)
 ('./output/train/20250909-180938-mobilenetv2_100-224/checkpoint/checkpoint-59.pth.tar', 56.35)
 ('./output/train/20250909-180938-mobilenetv2_100-224/checkpoint/checkpoint-46.pth.tar', 55.68)
 ('./output/train/20250909-180938-mobilenetv2_100-224/checkpoint/checkpoint-31.pth.tar', 55.61)
 ('./output/train/20250909-180938-mobilenetv2_100-224/checkpoint/checkpoint-64.pth.tar', 55.45)

2025-09-09 19:41:03,942 -                train: [    INFO] - Train: 65 [   0/195 (  0%)]  Loss: 25.62 (25.6)  Loss_gt: 3.223 (3.22)  Loss_kd: 22.40 (22.4) LR: 5.000e-02
2025-09-09 19:42:23,801 -                train: [    INFO] - Train: 65 [ 194/195 (100%)]  Loss: 24.48 (24.6)  Loss_gt: 3.211 (3.32)  Loss_kd: 21.27 (21.2) LR: 5.000e-02
2025-09-09 19:42:24,237 -                train: [    INFO] - Test: [   0/39]  Time: 0.413 (0.413)  Loss:  2.0486 (2.0486)  Acc@1: 59.7656 (59.7656)  Acc@5: 84.7656 (84.7656)
2025-09-09 19:42:27,087 -                train: [    INFO] - Test: [  39/39]  Time: 0.026 (0.082)  Loss:  3.4259 (2.2502)  Acc@1: 37.5000 (54.6300)  Acc@5: 68.7500 (81.4700)
2025-09-09 19:42:27,954 -                train: [    INFO] - Train: 66 [   0/195 (  0%)]  Loss: 22.33 (22.3)  Loss_gt: 3.347 (3.35)  Loss_kd: 18.98 (19.0) LR: 5.000e-02
2025-09-09 19:43:47,547 -                train: [    INFO] - Train: 66 [ 194/195 (100%)]  Loss: 23.88 (24.4)  Loss_gt: 3.339 (3.30)  Loss_kd: 20.54 (21.1) LR: 5.000e-02
2025-09-09 19:43:47,965 -                train: [    INFO] - Test: [   0/39]  Time: 0.398 (0.398)  Loss:  1.9179 (1.9179)  Acc@1: 60.1562 (60.1562)  Acc@5: 85.9375 (85.9375)
2025-09-09 19:43:50,890 -                train: [    INFO] - Test: [  39/39]  Time: 0.029 (0.083)  Loss:  1.8250 (2.0181)  Acc@1: 68.7500 (55.3200)  Acc@5: 81.2500 (83.2900)
2025-09-09 19:43:51,831 -                train: [    INFO] - Train: 67 [   0/195 (  0%)]  Loss: 24.58 (24.6)  Loss_gt: 3.185 (3.18)  Loss_kd: 21.40 (21.4) LR: 5.000e-02
2025-09-09 19:45:11,792 -                train: [    INFO] - Train: 67 [ 194/195 (100%)]  Loss: 25.13 (24.4)  Loss_gt: 3.429 (3.31)  Loss_kd: 21.70 (21.1) LR: 5.000e-02
2025-09-09 19:45:12,218 -                train: [    INFO] - Test: [   0/39]  Time: 0.405 (0.405)  Loss:  1.9076 (1.9076)  Acc@1: 57.0312 (57.0312)  Acc@5: 85.9375 (85.9375)
2025-09-09 19:45:15,082 -                train: [    INFO] - Test: [  39/39]  Time: 0.022 (0.082)  Loss:  2.2430 (1.9303)  Acc@1: 56.2500 (56.4400)  Acc@5: 75.0000 (84.6600)
2025-09-09 19:45:15,197 - timm.utils.checkpoint_saver: [    INFO] - Current checkpoints:
 ('./output/train/20250909-180938-mobilenetv2_100-224/checkpoint/checkpoint-58.pth.tar', 60.16)
 ('./output/train/20250909-180938-mobilenetv2_100-224/checkpoint/checkpoint-38.pth.tar', 58.64)
 ('./output/train/20250909-180938-mobilenetv2_100-224/checkpoint/checkpoint-61.pth.tar', 58.04)
 ('./output/train/20250909-180938-mobilenetv2_100-224/checkpoint/checkpoint-35.pth.tar', 57.98)
 ('./output/train/20250909-180938-mobilenetv2_100-224/checkpoint/checkpoint-52.pth.tar', 57.08)
 ('./output/train/20250909-180938-mobilenetv2_100-224/checkpoint/checkpoint-67.pth.tar', 56.44)
 ('./output/train/20250909-180938-mobilenetv2_100-224/checkpoint/checkpoint-53.pth.tar', 56.43)
 ('./output/train/20250909-180938-mobilenetv2_100-224/checkpoint/checkpoint-59.pth.tar', 56.35)
 ('./output/train/20250909-180938-mobilenetv2_100-224/checkpoint/checkpoint-46.pth.tar', 55.68)
 ('./output/train/20250909-180938-mobilenetv2_100-224/checkpoint/checkpoint-31.pth.tar', 55.61)

2025-09-09 19:45:15,939 -                train: [    INFO] - Train: 68 [   0/195 (  0%)]  Loss: 24.73 (24.7)  Loss_gt: 3.478 (3.48)  Loss_kd: 21.25 (21.3) LR: 5.000e-02
2025-09-09 19:46:35,638 -                train: [    INFO] - Train: 68 [ 194/195 (100%)]  Loss: 24.03 (24.3)  Loss_gt: 3.502 (3.31)  Loss_kd: 20.52 (21.0) LR: 5.000e-02
2025-09-09 19:46:36,054 -                train: [    INFO] - Test: [   0/39]  Time: 0.396 (0.396)  Loss:  1.8025 (1.8025)  Acc@1: 62.8906 (62.8906)  Acc@5: 85.1562 (85.1562)
2025-09-09 19:46:38,947 -                train: [    INFO] - Test: [  39/39]  Time: 0.023 (0.082)  Loss:  2.1155 (2.0838)  Acc@1: 56.2500 (55.4400)  Acc@5: 75.0000 (83.2800)
2025-09-09 19:46:39,984 -                train: [    INFO] - Train: 69 [   0/195 (  0%)]  Loss: 25.02 (25.0)  Loss_gt: 3.139 (3.14)  Loss_kd: 21.88 (21.9) LR: 5.000e-02
2025-09-09 19:48:00,565 -                train: [    INFO] - Train: 69 [ 194/195 (100%)]  Loss: 24.91 (24.4)  Loss_gt: 3.295 (3.31)  Loss_kd: 21.62 (21.1) LR: 5.000e-02
2025-09-09 19:48:01,007 -                train: [    INFO] - Test: [   0/39]  Time: 0.415 (0.415)  Loss:  2.0729 (2.0729)  Acc@1: 58.2031 (58.2031)  Acc@5: 83.2031 (83.2031)
2025-09-09 19:48:03,905 -                train: [    INFO] - Test: [  39/39]  Time: 0.027 (0.083)  Loss:  1.6142 (2.1389)  Acc@1: 50.0000 (53.8800)  Acc@5: 81.2500 (82.0600)
2025-09-09 19:48:04,813 -                train: [    INFO] - Train: 70 [   0/195 (  0%)]  Loss: 25.31 (25.3)  Loss_gt: 3.311 (3.31)  Loss_kd: 22.00 (22.0) LR: 5.000e-02
2025-09-09 19:49:24,721 -                train: [    INFO] - Train: 70 [ 194/195 (100%)]  Loss: 25.37 (24.4)  Loss_gt: 3.138 (3.31)  Loss_kd: 22.23 (21.1) LR: 5.000e-02
2025-09-09 19:49:25,151 -                train: [    INFO] - Test: [   0/39]  Time: 0.409 (0.409)  Loss:  1.6711 (1.6711)  Acc@1: 64.4531 (64.4531)  Acc@5: 85.9375 (85.9375)
2025-09-09 19:49:28,288 -                train: [    INFO] - Test: [  39/39]  Time: 0.028 (0.089)  Loss:  1.5046 (1.8901)  Acc@1: 62.5000 (58.6200)  Acc@5: 87.5000 (85.6600)
2025-09-09 19:49:28,532 - timm.utils.checkpoint_saver: [    INFO] - Current checkpoints:
 ('./output/train/20250909-180938-mobilenetv2_100-224/checkpoint/checkpoint-58.pth.tar', 60.16)
 ('./output/train/20250909-180938-mobilenetv2_100-224/checkpoint/checkpoint-38.pth.tar', 58.64)
 ('./output/train/20250909-180938-mobilenetv2_100-224/checkpoint/checkpoint-70.pth.tar', 58.62)
 ('./output/train/20250909-180938-mobilenetv2_100-224/checkpoint/checkpoint-61.pth.tar', 58.04)
 ('./output/train/20250909-180938-mobilenetv2_100-224/checkpoint/checkpoint-35.pth.tar', 57.98)
 ('./output/train/20250909-180938-mobilenetv2_100-224/checkpoint/checkpoint-52.pth.tar', 57.08)
 ('./output/train/20250909-180938-mobilenetv2_100-224/checkpoint/checkpoint-67.pth.tar', 56.44)
 ('./output/train/20250909-180938-mobilenetv2_100-224/checkpoint/checkpoint-53.pth.tar', 56.43)
 ('./output/train/20250909-180938-mobilenetv2_100-224/checkpoint/checkpoint-59.pth.tar', 56.35)
 ('./output/train/20250909-180938-mobilenetv2_100-224/checkpoint/checkpoint-46.pth.tar', 55.68)

2025-09-09 19:49:29,272 -                train: [    INFO] - Train: 71 [   0/195 (  0%)]  Loss: 23.56 (23.6)  Loss_gt: 3.121 (3.12)  Loss_kd: 20.44 (20.4) LR: 5.000e-02
2025-09-09 19:50:49,553 -                train: [    INFO] - Train: 71 [ 194/195 (100%)]  Loss: 25.81 (24.3)  Loss_gt: 3.285 (3.32)  Loss_kd: 22.53 (21.0) LR: 5.000e-02
2025-09-09 19:50:49,979 -                train: [    INFO] - Test: [   0/39]  Time: 0.401 (0.401)  Loss:  1.9588 (1.9588)  Acc@1: 60.9375 (60.9375)  Acc@5: 83.5938 (83.5938)
2025-09-09 19:50:52,956 -                train: [    INFO] - Test: [  39/39]  Time: 0.027 (0.084)  Loss:  2.1982 (2.2027)  Acc@1: 50.0000 (52.5900)  Acc@5: 81.2500 (82.2200)
2025-09-09 19:50:53,976 -                train: [    INFO] - Train: 72 [   0/195 (  0%)]  Loss: 23.71 (23.7)  Loss_gt: 3.516 (3.52)  Loss_kd: 20.20 (20.2) LR: 5.000e-02
2025-09-09 19:52:14,171 -                train: [    INFO] - Train: 72 [ 194/195 (100%)]  Loss: 26.45 (24.5)  Loss_gt: 3.337 (3.30)  Loss_kd: 23.11 (21.2) LR: 5.000e-02
2025-09-09 19:52:14,621 -                train: [    INFO] - Test: [   0/39]  Time: 0.428 (0.428)  Loss:  2.3620 (2.3620)  Acc@1: 53.5156 (53.5156)  Acc@5: 76.9531 (76.9531)
2025-09-09 19:52:17,599 -                train: [    INFO] - Test: [  39/39]  Time: 0.023 (0.085)  Loss:  2.5022 (2.6778)  Acc@1: 56.2500 (47.2800)  Acc@5: 81.2500 (77.0600)
2025-09-09 19:52:18,479 -                train: [    INFO] - Train: 73 [   0/195 (  0%)]  Loss: 23.06 (23.1)  Loss_gt: 3.246 (3.25)  Loss_kd: 19.82 (19.8) LR: 5.000e-02
2025-09-09 19:53:38,611 -                train: [    INFO] - Train: 73 [ 194/195 (100%)]  Loss: 25.22 (24.4)  Loss_gt: 3.415 (3.31)  Loss_kd: 21.80 (21.1) LR: 5.000e-02
2025-09-09 19:53:39,038 -                train: [    INFO] - Test: [   0/39]  Time: 0.400 (0.400)  Loss:  2.0035 (2.0035)  Acc@1: 58.9844 (58.9844)  Acc@5: 85.9375 (85.9375)
2025-09-09 19:53:41,896 -                train: [    INFO] - Test: [  39/39]  Time: 0.023 (0.081)  Loss:  2.2439 (2.2305)  Acc@1: 62.5000 (54.0700)  Acc@5: 81.2500 (81.6100)
2025-09-09 19:53:42,828 -                train: [    INFO] - Train: 74 [   0/195 (  0%)]  Loss: 24.13 (24.1)  Loss_gt: 3.331 (3.33)  Loss_kd: 20.80 (20.8) LR: 5.000e-02
2025-09-09 19:55:02,781 -                train: [    INFO] - Train: 74 [ 194/195 (100%)]  Loss: 24.85 (24.4)  Loss_gt: 3.558 (3.31)  Loss_kd: 21.29 (21.1) LR: 5.000e-02
2025-09-09 19:55:03,204 -                train: [    INFO] - Test: [   0/39]  Time: 0.400 (0.400)  Loss:  2.1282 (2.1282)  Acc@1: 53.9062 (53.9062)  Acc@5: 84.3750 (84.3750)
2025-09-09 19:55:06,176 -                train: [    INFO] - Test: [  39/39]  Time: 0.026 (0.084)  Loss:  0.9423 (2.1397)  Acc@1: 81.2500 (54.1200)  Acc@5: 93.7500 (83.2300)
2025-09-09 19:55:06,974 -                train: [    INFO] - Train: 75 [   0/195 (  0%)]  Loss: 23.40 (23.4)  Loss_gt: 3.300 (3.30)  Loss_kd: 20.10 (20.1) LR: 5.000e-02
2025-09-09 19:56:27,002 -                train: [    INFO] - Train: 75 [ 194/195 (100%)]  Loss: 25.36 (24.3)  Loss_gt: 3.360 (3.31)  Loss_kd: 22.00 (21.0) LR: 5.000e-02
2025-09-09 19:56:27,450 -                train: [    INFO] - Test: [   0/39]  Time: 0.427 (0.427)  Loss:  1.6424 (1.6424)  Acc@1: 58.5938 (58.5938)  Acc@5: 87.8906 (87.8906)
2025-09-09 19:56:30,433 -                train: [    INFO] - Test: [  39/39]  Time: 0.022 (0.085)  Loss:  1.8456 (1.8910)  Acc@1: 68.7500 (58.0800)  Acc@5: 81.2500 (85.3300)
2025-09-09 19:56:30,677 - timm.utils.checkpoint_saver: [    INFO] - Current checkpoints:
 ('./output/train/20250909-180938-mobilenetv2_100-224/checkpoint/checkpoint-58.pth.tar', 60.16)
 ('./output/train/20250909-180938-mobilenetv2_100-224/checkpoint/checkpoint-38.pth.tar', 58.64)
 ('./output/train/20250909-180938-mobilenetv2_100-224/checkpoint/checkpoint-70.pth.tar', 58.62)
 ('./output/train/20250909-180938-mobilenetv2_100-224/checkpoint/checkpoint-75.pth.tar', 58.08)
 ('./output/train/20250909-180938-mobilenetv2_100-224/checkpoint/checkpoint-61.pth.tar', 58.04)
 ('./output/train/20250909-180938-mobilenetv2_100-224/checkpoint/checkpoint-35.pth.tar', 57.98)
 ('./output/train/20250909-180938-mobilenetv2_100-224/checkpoint/checkpoint-52.pth.tar', 57.08)
 ('./output/train/20250909-180938-mobilenetv2_100-224/checkpoint/checkpoint-67.pth.tar', 56.44)
 ('./output/train/20250909-180938-mobilenetv2_100-224/checkpoint/checkpoint-53.pth.tar', 56.43)
 ('./output/train/20250909-180938-mobilenetv2_100-224/checkpoint/checkpoint-59.pth.tar', 56.35)

2025-09-09 19:56:31,428 -                train: [    INFO] - Train: 76 [   0/195 (  0%)]  Loss: 24.62 (24.6)  Loss_gt: 3.418 (3.42)  Loss_kd: 21.20 (21.2) LR: 5.000e-02
2025-09-09 19:57:51,387 -                train: [    INFO] - Train: 76 [ 194/195 (100%)]  Loss: 26.18 (24.2)  Loss_gt: 3.366 (3.30)  Loss_kd: 22.81 (21.0) LR: 5.000e-02
2025-09-09 19:57:51,831 -                train: [    INFO] - Test: [   0/39]  Time: 0.423 (0.423)  Loss:  2.8554 (2.8554)  Acc@1: 47.2656 (47.2656)  Acc@5: 75.3906 (75.3906)
2025-09-09 19:57:54,856 -                train: [    INFO] - Test: [  39/39]  Time: 0.023 (0.086)  Loss:  0.9950 (2.8765)  Acc@1: 68.7500 (44.6500)  Acc@5: 93.7500 (72.9300)
2025-09-09 19:57:56,009 -                train: [    INFO] - Train: 77 [   0/195 (  0%)]  Loss: 23.15 (23.1)  Loss_gt: 3.397 (3.40)  Loss_kd: 19.75 (19.8) LR: 5.000e-02
2025-09-09 19:59:15,841 -                train: [    INFO] - Train: 77 [ 194/195 (100%)]  Loss: 24.26 (24.4)  Loss_gt: 3.201 (3.32)  Loss_kd: 21.06 (21.1) LR: 5.000e-02
2025-09-09 19:59:16,289 -                train: [    INFO] - Test: [   0/39]  Time: 0.424 (0.424)  Loss:  1.7792 (1.7792)  Acc@1: 57.8125 (57.8125)  Acc@5: 86.7188 (86.7188)
2025-09-09 19:59:19,174 -                train: [    INFO] - Test: [  39/39]  Time: 0.027 (0.083)  Loss:  1.7587 (1.9741)  Acc@1: 62.5000 (55.5800)  Acc@5: 81.2500 (84.4300)
2025-09-09 19:59:20,050 -                train: [    INFO] - Train: 78 [   0/195 (  0%)]  Loss: 26.00 (26.0)  Loss_gt: 3.379 (3.38)  Loss_kd: 22.62 (22.6) LR: 5.000e-02
2025-09-09 20:00:39,880 -                train: [    INFO] - Train: 78 [ 194/195 (100%)]  Loss: 23.89 (24.2)  Loss_gt: 3.448 (3.30)  Loss_kd: 20.44 (20.9) LR: 5.000e-02
2025-09-09 20:00:40,343 -                train: [    INFO] - Test: [   0/39]  Time: 0.437 (0.437)  Loss:  1.8023 (1.8023)  Acc@1: 57.0312 (57.0312)  Acc@5: 84.7656 (84.7656)
2025-09-09 20:00:43,557 -                train: [    INFO] - Test: [  39/39]  Time: 0.023 (0.091)  Loss:  2.4507 (2.1113)  Acc@1: 50.0000 (54.1600)  Acc@5: 62.5000 (81.2800)
2025-09-09 20:00:44,458 -                train: [    INFO] - Train: 79 [   0/195 (  0%)]  Loss: 23.98 (24.0)  Loss_gt: 3.264 (3.26)  Loss_kd: 20.72 (20.7) LR: 5.000e-02
2025-09-09 20:02:04,515 -                train: [    INFO] - Train: 79 [ 194/195 (100%)]  Loss: 25.86 (24.4)  Loss_gt: 3.449 (3.31)  Loss_kd: 22.41 (21.1) LR: 5.000e-02
2025-09-09 20:02:04,954 -                train: [    INFO] - Test: [   0/39]  Time: 0.416 (0.416)  Loss:  2.3591 (2.3591)  Acc@1: 58.9844 (58.9844)  Acc@5: 82.0312 (82.0312)
2025-09-09 20:02:08,053 -                train: [    INFO] - Test: [  39/39]  Time: 0.032 (0.088)  Loss:  3.5964 (2.8129)  Acc@1: 56.2500 (49.9800)  Acc@5: 56.2500 (77.0100)
2025-09-09 20:02:09,133 -                train: [    INFO] - Train: 80 [   0/195 (  0%)]  Loss: 22.84 (22.8)  Loss_gt: 3.380 (3.38)  Loss_kd: 19.46 (19.5) LR: 5.000e-02
2025-09-09 20:03:28,949 -                train: [    INFO] - Train: 80 [ 194/195 (100%)]  Loss: 24.79 (24.3)  Loss_gt: 3.226 (3.30)  Loss_kd: 21.56 (21.0) LR: 5.000e-02
2025-09-09 20:03:29,366 -                train: [    INFO] - Test: [   0/39]  Time: 0.399 (0.399)  Loss:  1.8050 (1.8050)  Acc@1: 60.9375 (60.9375)  Acc@5: 85.5469 (85.5469)
2025-09-09 20:03:32,358 -                train: [    INFO] - Test: [  39/39]  Time: 0.024 (0.085)  Loss:  1.6959 (2.0101)  Acc@1: 56.2500 (56.3600)  Acc@5: 75.0000 (84.3400)
2025-09-09 20:03:32,656 - timm.utils.checkpoint_saver: [    INFO] - Current checkpoints:
 ('./output/train/20250909-180938-mobilenetv2_100-224/checkpoint/checkpoint-58.pth.tar', 60.16)
 ('./output/train/20250909-180938-mobilenetv2_100-224/checkpoint/checkpoint-38.pth.tar', 58.64)
 ('./output/train/20250909-180938-mobilenetv2_100-224/checkpoint/checkpoint-70.pth.tar', 58.62)
 ('./output/train/20250909-180938-mobilenetv2_100-224/checkpoint/checkpoint-75.pth.tar', 58.08)
 ('./output/train/20250909-180938-mobilenetv2_100-224/checkpoint/checkpoint-61.pth.tar', 58.04)
 ('./output/train/20250909-180938-mobilenetv2_100-224/checkpoint/checkpoint-35.pth.tar', 57.98)
 ('./output/train/20250909-180938-mobilenetv2_100-224/checkpoint/checkpoint-52.pth.tar', 57.08)
 ('./output/train/20250909-180938-mobilenetv2_100-224/checkpoint/checkpoint-67.pth.tar', 56.44)
 ('./output/train/20250909-180938-mobilenetv2_100-224/checkpoint/checkpoint-53.pth.tar', 56.43)
 ('./output/train/20250909-180938-mobilenetv2_100-224/checkpoint/checkpoint-80.pth.tar', 56.36)

2025-09-09 20:03:33,406 -                train: [    INFO] - Train: 81 [   0/195 (  0%)]  Loss: 23.71 (23.7)  Loss_gt: 3.136 (3.14)  Loss_kd: 20.57 (20.6) LR: 5.000e-02
2025-09-09 20:04:53,007 -                train: [    INFO] - Train: 81 [ 194/195 (100%)]  Loss: 23.77 (24.2)  Loss_gt: 3.336 (3.30)  Loss_kd: 20.44 (20.9) LR: 5.000e-02
2025-09-09 20:04:53,449 -                train: [    INFO] - Test: [   0/39]  Time: 0.422 (0.422)  Loss:  2.4240 (2.4240)  Acc@1: 53.9062 (53.9062)  Acc@5: 76.5625 (76.5625)
2025-09-09 20:04:56,334 -                train: [    INFO] - Test: [  39/39]  Time: 0.023 (0.083)  Loss:  1.8017 (2.5674)  Acc@1: 50.0000 (48.6000)  Acc@5: 87.5000 (77.7700)
2025-09-09 20:04:57,216 -                train: [    INFO] - Train: 82 [   0/195 (  0%)]  Loss: 23.62 (23.6)  Loss_gt: 3.092 (3.09)  Loss_kd: 20.53 (20.5) LR: 5.000e-02
2025-09-09 20:06:17,129 -                train: [    INFO] - Train: 82 [ 194/195 (100%)]  Loss: 25.00 (24.2)  Loss_gt: 3.450 (3.31)  Loss_kd: 21.55 (20.9) LR: 5.000e-02
2025-09-09 20:06:17,748 -                train: [    INFO] - Test: [   0/39]  Time: 0.598 (0.598)  Loss:  2.1085 (2.1085)  Acc@1: 59.7656 (59.7656)  Acc@5: 84.3750 (84.3750)
2025-09-09 20:06:20,901 -                train: [    INFO] - Test: [  39/39]  Time: 0.025 (0.094)  Loss:  1.5780 (2.2135)  Acc@1: 62.5000 (54.0000)  Acc@5: 75.0000 (82.7000)
2025-09-09 20:06:22,075 -                train: [    INFO] - Train: 83 [   0/195 (  0%)]  Loss: 25.68 (25.7)  Loss_gt: 3.431 (3.43)  Loss_kd: 22.25 (22.2) LR: 5.000e-02
2025-09-09 20:07:41,828 -                train: [    INFO] - Train: 83 [ 194/195 (100%)]  Loss: 26.46 (24.2)  Loss_gt: 3.466 (3.31)  Loss_kd: 22.99 (20.9) LR: 5.000e-02
2025-09-09 20:07:42,235 -                train: [    INFO] - Test: [   0/39]  Time: 0.386 (0.386)  Loss:  1.8807 (1.8807)  Acc@1: 59.7656 (59.7656)  Acc@5: 82.8125 (82.8125)
2025-09-09 20:07:45,213 -                train: [    INFO] - Test: [  39/39]  Time: 0.030 (0.084)  Loss:  2.7695 (2.1049)  Acc@1: 50.0000 (54.8500)  Acc@5: 75.0000 (82.8600)
2025-09-09 20:07:46,101 -                train: [    INFO] - Train: 84 [   0/195 (  0%)]  Loss: 25.00 (25.0)  Loss_gt: 3.204 (3.20)  Loss_kd: 21.80 (21.8) LR: 5.000e-02
2025-09-09 20:09:05,866 -                train: [    INFO] - Train: 84 [ 194/195 (100%)]  Loss: 25.13 (24.2)  Loss_gt: 3.313 (3.31)  Loss_kd: 21.82 (20.9) LR: 5.000e-02
2025-09-09 20:09:06,287 -                train: [    INFO] - Test: [   0/39]  Time: 0.399 (0.399)  Loss:  2.7839 (2.7839)  Acc@1: 46.8750 (46.8750)  Acc@5: 74.6094 (74.6094)
2025-09-09 20:09:09,431 -                train: [    INFO] - Test: [  39/39]  Time: 0.026 (0.089)  Loss:  2.4580 (3.1389)  Acc@1: 43.7500 (42.5100)  Acc@5: 81.2500 (71.5900)
2025-09-09 20:09:10,326 -                train: [    INFO] - Train: 85 [   0/195 (  0%)]  Loss: 23.69 (23.7)  Loss_gt: 3.441 (3.44)  Loss_kd: 20.25 (20.2) LR: 5.000e-02
2025-09-09 20:10:30,272 -                train: [    INFO] - Train: 85 [ 194/195 (100%)]  Loss: 23.92 (24.2)  Loss_gt: 3.233 (3.31)  Loss_kd: 20.69 (20.9) LR: 5.000e-02
2025-09-09 20:10:30,688 -                train: [    INFO] - Test: [   0/39]  Time: 0.396 (0.396)  Loss:  1.8364 (1.8364)  Acc@1: 58.5938 (58.5938)  Acc@5: 86.3281 (86.3281)
2025-09-09 20:10:33,651 -                train: [    INFO] - Test: [  39/39]  Time: 0.022 (0.084)  Loss:  1.9530 (2.0292)  Acc@1: 62.5000 (55.5300)  Acc@5: 75.0000 (83.2000)
2025-09-09 20:10:34,532 -                train: [    INFO] - Train: 86 [   0/195 (  0%)]  Loss: 22.58 (22.6)  Loss_gt: 3.307 (3.31)  Loss_kd: 19.28 (19.3) LR: 5.000e-02
2025-09-09 20:11:54,163 -                train: [    INFO] - Train: 86 [ 194/195 (100%)]  Loss: 25.54 (24.3)  Loss_gt: 3.224 (3.31)  Loss_kd: 22.32 (21.0) LR: 5.000e-02
2025-09-09 20:11:54,599 -                train: [    INFO] - Test: [   0/39]  Time: 0.410 (0.410)  Loss:  1.9951 (1.9951)  Acc@1: 57.8125 (57.8125)  Acc@5: 83.9844 (83.9844)
2025-09-09 20:11:57,550 -                train: [    INFO] - Test: [  39/39]  Time: 0.027 (0.084)  Loss:  2.1557 (2.2651)  Acc@1: 62.5000 (53.5400)  Acc@5: 81.2500 (81.9400)
2025-09-09 20:11:58,454 -                train: [    INFO] - Train: 87 [   0/195 (  0%)]  Loss: 22.10 (22.1)  Loss_gt: 3.291 (3.29)  Loss_kd: 18.81 (18.8) LR: 5.000e-02
2025-09-09 20:13:18,214 -                train: [    INFO] - Train: 87 [ 194/195 (100%)]  Loss: 25.63 (24.2)  Loss_gt: 3.299 (3.30)  Loss_kd: 22.34 (20.9) LR: 5.000e-02
2025-09-09 20:13:18,627 -                train: [    INFO] - Test: [   0/39]  Time: 0.392 (0.392)  Loss:  1.7520 (1.7520)  Acc@1: 59.7656 (59.7656)  Acc@5: 80.8594 (80.8594)
2025-09-09 20:13:21,546 -                train: [    INFO] - Test: [  39/39]  Time: 0.023 (0.083)  Loss:  1.9066 (1.9599)  Acc@1: 56.2500 (55.4900)  Acc@5: 81.2500 (82.8800)
2025-09-09 20:13:22,471 -                train: [    INFO] - Train: 88 [   0/195 (  0%)]  Loss: 24.05 (24.1)  Loss_gt: 3.444 (3.44)  Loss_kd: 20.61 (20.6) LR: 5.000e-02
2025-09-09 20:14:42,148 -                train: [    INFO] - Train: 88 [ 194/195 (100%)]  Loss: 24.67 (24.1)  Loss_gt: 3.338 (3.30)  Loss_kd: 21.33 (20.8) LR: 5.000e-02
2025-09-09 20:14:42,593 -                train: [    INFO] - Test: [   0/39]  Time: 0.425 (0.425)  Loss:  1.9890 (1.9890)  Acc@1: 59.7656 (59.7656)  Acc@5: 84.7656 (84.7656)
2025-09-09 20:14:45,518 -                train: [    INFO] - Test: [  39/39]  Time: 0.023 (0.084)  Loss:  1.6070 (2.2506)  Acc@1: 62.5000 (54.1500)  Acc@5: 87.5000 (81.4300)
2025-09-09 20:14:46,376 -                train: [    INFO] - Train: 89 [   0/195 (  0%)]  Loss: 24.97 (25.0)  Loss_gt: 3.304 (3.30)  Loss_kd: 21.66 (21.7) LR: 5.000e-02
2025-09-09 20:16:06,068 -                train: [    INFO] - Train: 89 [ 194/195 (100%)]  Loss: 24.42 (24.2)  Loss_gt: 3.332 (3.30)  Loss_kd: 21.09 (20.9) LR: 5.000e-02
2025-09-09 20:16:06,599 -                train: [    INFO] - Test: [   0/39]  Time: 0.506 (0.506)  Loss:  1.8322 (1.8322)  Acc@1: 57.8125 (57.8125)  Acc@5: 86.7188 (86.7188)
2025-09-09 20:16:09,807 -                train: [    INFO] - Test: [  39/39]  Time: 0.027 (0.093)  Loss:  1.5110 (2.3624)  Acc@1: 56.2500 (51.9700)  Acc@5: 87.5000 (80.9700)
2025-09-09 20:16:10,843 -                train: [    INFO] - Train: 90 [   0/195 (  0%)]  Loss: 23.87 (23.9)  Loss_gt: 3.344 (3.34)  Loss_kd: 20.52 (20.5) LR: 5.000e-02
2025-09-09 20:17:30,677 -                train: [    INFO] - Train: 90 [ 194/195 (100%)]  Loss: 24.30 (24.3)  Loss_gt: 3.421 (3.30)  Loss_kd: 20.88 (21.0) LR: 5.000e-02
2025-09-09 20:17:31,116 -                train: [    INFO] - Test: [   0/39]  Time: 0.418 (0.418)  Loss:  2.9801 (2.9801)  Acc@1: 44.5312 (44.5312)  Acc@5: 72.2656 (72.2656)
2025-09-09 20:17:33,991 -                train: [    INFO] - Test: [  39/39]  Time: 0.023 (0.082)  Loss:  2.1822 (3.5105)  Acc@1: 56.2500 (40.1700)  Acc@5: 62.5000 (68.2100)
2025-09-09 20:17:34,849 -                train: [    INFO] - Train: 91 [   0/195 (  0%)]  Loss: 23.37 (23.4)  Loss_gt: 3.272 (3.27)  Loss_kd: 20.10 (20.1) LR: 5.000e-02
2025-09-09 20:18:54,555 -                train: [    INFO] - Train: 91 [ 194/195 (100%)]  Loss: 24.98 (24.1)  Loss_gt: 3.230 (3.30)  Loss_kd: 21.75 (20.8) LR: 5.000e-02
2025-09-09 20:18:54,972 -                train: [    INFO] - Test: [   0/39]  Time: 0.401 (0.401)  Loss:  2.0538 (2.0538)  Acc@1: 51.9531 (51.9531)  Acc@5: 81.6406 (81.6406)
2025-09-09 20:18:57,970 -                train: [    INFO] - Test: [  39/39]  Time: 0.023 (0.085)  Loss:  2.6005 (2.5346)  Acc@1: 43.7500 (46.0500)  Acc@5: 75.0000 (75.2400)
2025-09-09 20:18:58,799 -                train: [    INFO] - Train: 92 [   0/195 (  0%)]  Loss: 23.46 (23.5)  Loss_gt: 3.346 (3.35)  Loss_kd: 20.12 (20.1) LR: 5.000e-02
2025-09-09 20:20:18,893 -                train: [    INFO] - Train: 92 [ 194/195 (100%)]  Loss: 24.63 (24.2)  Loss_gt: 3.238 (3.30)  Loss_kd: 21.40 (20.9) LR: 5.000e-02
2025-09-09 20:20:19,347 -                train: [    INFO] - Test: [   0/39]  Time: 0.432 (0.432)  Loss:  2.3819 (2.3819)  Acc@1: 48.0469 (48.0469)  Acc@5: 80.8594 (80.8594)
2025-09-09 20:20:22,276 -                train: [    INFO] - Test: [  39/39]  Time: 0.028 (0.084)  Loss:  3.2528 (2.7132)  Acc@1: 43.7500 (47.3000)  Acc@5: 62.5000 (75.9100)
2025-09-09 20:20:23,232 -                train: [    INFO] - Train: 93 [   0/195 (  0%)]  Loss: 24.42 (24.4)  Loss_gt: 3.122 (3.12)  Loss_kd: 21.29 (21.3) LR: 5.000e-02
2025-09-09 20:21:43,158 -                train: [    INFO] - Train: 93 [ 194/195 (100%)]  Loss: 24.27 (24.2)  Loss_gt: 3.324 (3.30)  Loss_kd: 20.95 (20.9) LR: 5.000e-02
2025-09-09 20:21:43,600 -                train: [    INFO] - Test: [   0/39]  Time: 0.421 (0.421)  Loss:  1.9193 (1.9193)  Acc@1: 57.4219 (57.4219)  Acc@5: 83.5938 (83.5938)
2025-09-09 20:21:46,791 -                train: [    INFO] - Test: [  39/39]  Time: 0.024 (0.090)  Loss:  1.9733 (2.3000)  Acc@1: 56.2500 (51.6100)  Acc@5: 81.2500 (80.2900)
2025-09-09 20:21:47,890 -                train: [    INFO] - Train: 94 [   0/195 (  0%)]  Loss: 24.01 (24.0)  Loss_gt: 3.251 (3.25)  Loss_kd: 20.76 (20.8) LR: 5.000e-02
2025-09-09 20:23:07,608 -                train: [    INFO] - Train: 94 [ 194/195 (100%)]  Loss: 22.26 (24.1)  Loss_gt: 3.206 (3.30)  Loss_kd: 19.06 (20.8) LR: 5.000e-02
2025-09-09 20:23:08,046 -                train: [    INFO] - Test: [   0/39]  Time: 0.419 (0.419)  Loss:  1.9996 (1.9996)  Acc@1: 55.4688 (55.4688)  Acc@5: 84.7656 (84.7656)
2025-09-09 20:23:11,008 -                train: [    INFO] - Test: [  39/39]  Time: 0.024 (0.085)  Loss:  2.3581 (2.2829)  Acc@1: 50.0000 (51.0000)  Acc@5: 81.2500 (80.7000)
2025-09-09 20:23:11,879 -                train: [    INFO] - Train: 95 [   0/195 (  0%)]  Loss: 24.16 (24.2)  Loss_gt: 3.262 (3.26)  Loss_kd: 20.89 (20.9) LR: 5.000e-02
2025-09-09 20:24:31,578 -                train: [    INFO] - Train: 95 [ 194/195 (100%)]  Loss: 25.14 (24.3)  Loss_gt: 3.205 (3.31)  Loss_kd: 21.94 (21.0) LR: 5.000e-02
2025-09-09 20:24:31,994 -                train: [    INFO] - Test: [   0/39]  Time: 0.395 (0.395)  Loss:  2.0933 (2.0933)  Acc@1: 59.3750 (59.3750)  Acc@5: 80.0781 (80.0781)
2025-09-09 20:24:34,870 -                train: [    INFO] - Test: [  39/39]  Time: 0.027 (0.082)  Loss:  1.2822 (2.2208)  Acc@1: 56.2500 (52.3100)  Acc@5: 93.7500 (81.1800)
2025-09-09 20:24:35,717 -                train: [    INFO] - Train: 96 [   0/195 (  0%)]  Loss: 24.51 (24.5)  Loss_gt: 3.237 (3.24)  Loss_kd: 21.27 (21.3) LR: 5.000e-02
2025-09-09 20:25:55,548 -                train: [    INFO] - Train: 96 [ 194/195 (100%)]  Loss: 23.98 (24.2)  Loss_gt: 3.813 (3.29)  Loss_kd: 20.16 (20.9) LR: 5.000e-02
2025-09-09 20:25:55,969 -                train: [    INFO] - Test: [   0/39]  Time: 0.400 (0.400)  Loss:  1.8768 (1.8768)  Acc@1: 58.9844 (58.9844)  Acc@5: 85.1562 (85.1562)
2025-09-09 20:25:59,035 -                train: [    INFO] - Test: [  39/39]  Time: 0.022 (0.087)  Loss:  2.8706 (2.0657)  Acc@1: 43.7500 (56.6000)  Acc@5: 81.2500 (83.5300)
2025-09-09 20:25:59,339 - timm.utils.checkpoint_saver: [    INFO] - Current checkpoints:
 ('./output/train/20250909-180938-mobilenetv2_100-224/checkpoint/checkpoint-58.pth.tar', 60.16)
 ('./output/train/20250909-180938-mobilenetv2_100-224/checkpoint/checkpoint-38.pth.tar', 58.64)
 ('./output/train/20250909-180938-mobilenetv2_100-224/checkpoint/checkpoint-70.pth.tar', 58.62)
 ('./output/train/20250909-180938-mobilenetv2_100-224/checkpoint/checkpoint-75.pth.tar', 58.08)
 ('./output/train/20250909-180938-mobilenetv2_100-224/checkpoint/checkpoint-61.pth.tar', 58.04)
 ('./output/train/20250909-180938-mobilenetv2_100-224/checkpoint/checkpoint-35.pth.tar', 57.98)
 ('./output/train/20250909-180938-mobilenetv2_100-224/checkpoint/checkpoint-52.pth.tar', 57.08)
 ('./output/train/20250909-180938-mobilenetv2_100-224/checkpoint/checkpoint-96.pth.tar', 56.6)
 ('./output/train/20250909-180938-mobilenetv2_100-224/checkpoint/checkpoint-67.pth.tar', 56.44)
 ('./output/train/20250909-180938-mobilenetv2_100-224/checkpoint/checkpoint-53.pth.tar', 56.43)

2025-09-09 20:26:00,094 -                train: [    INFO] - Train: 97 [   0/195 (  0%)]  Loss: 23.33 (23.3)  Loss_gt: 3.180 (3.18)  Loss_kd: 20.15 (20.1) LR: 5.000e-02
2025-09-09 20:27:19,753 -                train: [    INFO] - Train: 97 [ 194/195 (100%)]  Loss: 24.35 (24.1)  Loss_gt: 3.210 (3.30)  Loss_kd: 21.14 (20.8) LR: 5.000e-02
2025-09-09 20:27:20,176 -                train: [    INFO] - Test: [   0/39]  Time: 0.400 (0.400)  Loss:  2.2196 (2.2196)  Acc@1: 54.2969 (54.2969)  Acc@5: 82.8125 (82.8125)
2025-09-09 20:27:23,082 -                train: [    INFO] - Test: [  39/39]  Time: 0.024 (0.083)  Loss:  2.0486 (2.5081)  Acc@1: 50.0000 (49.9500)  Acc@5: 81.2500 (78.6000)
2025-09-09 20:27:23,926 -                train: [    INFO] - Train: 98 [   0/195 (  0%)]  Loss: 24.29 (24.3)  Loss_gt: 3.391 (3.39)  Loss_kd: 20.90 (20.9) LR: 5.000e-02
2025-09-09 20:28:43,761 -                train: [    INFO] - Train: 98 [ 194/195 (100%)]  Loss: 25.15 (24.1)  Loss_gt: 3.114 (3.29)  Loss_kd: 22.03 (20.8) LR: 5.000e-02
2025-09-09 20:28:44,205 -                train: [    INFO] - Test: [   0/39]  Time: 0.424 (0.424)  Loss:  3.2000 (3.2000)  Acc@1: 42.5781 (42.5781)  Acc@5: 66.7969 (66.7969)
2025-09-09 20:28:47,225 -                train: [    INFO] - Test: [  39/39]  Time: 0.027 (0.086)  Loss:  1.6259 (3.4302)  Acc@1: 50.0000 (35.8400)  Acc@5: 87.5000 (62.2900)
2025-09-09 20:28:48,089 -                train: [    INFO] - Train: 99 [   0/195 (  0%)]  Loss: 23.11 (23.1)  Loss_gt: 3.262 (3.26)  Loss_kd: 19.85 (19.8) LR: 5.000e-02
2025-09-09 20:30:07,945 -                train: [    INFO] - Train: 99 [ 194/195 (100%)]  Loss: 24.34 (24.0)  Loss_gt: 3.281 (3.29)  Loss_kd: 21.06 (20.8) LR: 5.000e-02
2025-09-09 20:30:08,367 -                train: [    INFO] - Test: [   0/39]  Time: 0.403 (0.403)  Loss:  2.2569 (2.2569)  Acc@1: 50.0000 (50.0000)  Acc@5: 78.5156 (78.5156)
2025-09-09 20:30:11,309 -                train: [    INFO] - Test: [  39/39]  Time: 0.022 (0.084)  Loss:  1.7937 (2.7589)  Acc@1: 56.2500 (45.2700)  Acc@5: 81.2500 (74.7600)
2025-09-09 20:30:12,222 -                train: [    INFO] - Train: 100 [   0/195 (  0%)]  Loss: 23.49 (23.5)  Loss_gt: 3.206 (3.21)  Loss_kd: 20.29 (20.3) LR: 5.000e-02
2025-09-09 20:31:32,325 -                train: [    INFO] - Train: 100 [ 194/195 (100%)]  Loss: 24.28 (24.0)  Loss_gt: 3.141 (3.28)  Loss_kd: 21.14 (20.7) LR: 5.000e-02
2025-09-09 20:31:32,783 -                train: [    INFO] - Test: [   0/39]  Time: 0.437 (0.437)  Loss:  2.5507 (2.5507)  Acc@1: 56.6406 (56.6406)  Acc@5: 81.2500 (81.2500)
2025-09-09 20:31:35,661 -                train: [    INFO] - Test: [  39/39]  Time: 0.025 (0.083)  Loss:  1.9458 (2.7536)  Acc@1: 56.2500 (48.6500)  Acc@5: 81.2500 (76.3400)
2025-09-09 20:31:36,490 -                train: [    INFO] - Train: 101 [   0/195 (  0%)]  Loss: 22.70 (22.7)  Loss_gt: 3.274 (3.27)  Loss_kd: 19.43 (19.4) LR: 5.000e-02
2025-09-09 20:32:56,216 -                train: [    INFO] - Train: 101 [ 194/195 (100%)]  Loss: 25.30 (24.1)  Loss_gt: 3.123 (3.31)  Loss_kd: 22.17 (20.8) LR: 5.000e-02
2025-09-09 20:32:56,651 -                train: [    INFO] - Test: [   0/39]  Time: 0.407 (0.407)  Loss:  2.3792 (2.3792)  Acc@1: 55.4688 (55.4688)  Acc@5: 82.8125 (82.8125)
2025-09-09 20:32:59,569 -                train: [    INFO] - Test: [  39/39]  Time: 0.024 (0.083)  Loss:  2.3103 (2.7334)  Acc@1: 50.0000 (47.3200)  Acc@5: 87.5000 (76.7500)
2025-09-09 20:33:00,421 -                train: [    INFO] - Train: 102 [   0/195 (  0%)]  Loss: 24.95 (24.9)  Loss_gt: 3.276 (3.28)  Loss_kd: 21.67 (21.7) LR: 5.000e-02
2025-09-09 20:34:20,303 -                train: [    INFO] - Train: 102 [ 194/195 (100%)]  Loss: 24.37 (24.1)  Loss_gt: 3.026 (3.30)  Loss_kd: 21.34 (20.8) LR: 5.000e-02
2025-09-09 20:34:20,737 -                train: [    INFO] - Test: [   0/39]  Time: 0.414 (0.414)  Loss:  2.3779 (2.3779)  Acc@1: 54.2969 (54.2969)  Acc@5: 81.6406 (81.6406)
2025-09-09 20:34:23,626 -                train: [    INFO] - Test: [  39/39]  Time: 0.024 (0.083)  Loss:  1.9628 (2.5483)  Acc@1: 50.0000 (48.6800)  Acc@5: 75.0000 (76.9500)
2025-09-09 20:34:24,524 -                train: [    INFO] - Train: 103 [   0/195 (  0%)]  Loss: 25.27 (25.3)  Loss_gt: 3.351 (3.35)  Loss_kd: 21.92 (21.9) LR: 5.000e-02
2025-09-09 20:35:44,153 -                train: [    INFO] - Train: 103 [ 194/195 (100%)]  Loss: 24.34 (24.0)  Loss_gt: 3.324 (3.29)  Loss_kd: 21.01 (20.7) LR: 5.000e-02
2025-09-09 20:35:44,632 -                train: [    INFO] - Test: [   0/39]  Time: 0.454 (0.454)  Loss:  1.6493 (1.6493)  Acc@1: 61.7188 (61.7188)  Acc@5: 85.9375 (85.9375)
2025-09-09 20:35:47,817 -                train: [    INFO] - Test: [  39/39]  Time: 0.023 (0.091)  Loss:  1.9637 (1.9240)  Acc@1: 56.2500 (57.7200)  Acc@5: 81.2500 (85.1600)
2025-09-09 20:35:48,122 - timm.utils.checkpoint_saver: [    INFO] - Current checkpoints:
 ('./output/train/20250909-180938-mobilenetv2_100-224/checkpoint/checkpoint-58.pth.tar', 60.16)
 ('./output/train/20250909-180938-mobilenetv2_100-224/checkpoint/checkpoint-38.pth.tar', 58.64)
 ('./output/train/20250909-180938-mobilenetv2_100-224/checkpoint/checkpoint-70.pth.tar', 58.62)
 ('./output/train/20250909-180938-mobilenetv2_100-224/checkpoint/checkpoint-75.pth.tar', 58.08)
 ('./output/train/20250909-180938-mobilenetv2_100-224/checkpoint/checkpoint-61.pth.tar', 58.04)
 ('./output/train/20250909-180938-mobilenetv2_100-224/checkpoint/checkpoint-35.pth.tar', 57.98)
 ('./output/train/20250909-180938-mobilenetv2_100-224/checkpoint/checkpoint-103.pth.tar', 57.72)
 ('./output/train/20250909-180938-mobilenetv2_100-224/checkpoint/checkpoint-52.pth.tar', 57.08)
 ('./output/train/20250909-180938-mobilenetv2_100-224/checkpoint/checkpoint-96.pth.tar', 56.6)
 ('./output/train/20250909-180938-mobilenetv2_100-224/checkpoint/checkpoint-67.pth.tar', 56.44)

2025-09-09 20:35:48,851 -                train: [    INFO] - Train: 104 [   0/195 (  0%)]  Loss: 24.16 (24.2)  Loss_gt: 3.221 (3.22)  Loss_kd: 20.94 (20.9) LR: 5.000e-02
2025-09-09 20:37:08,382 -                train: [    INFO] - Train: 104 [ 194/195 (100%)]  Loss: 24.75 (24.1)  Loss_gt: 3.213 (3.30)  Loss_kd: 21.53 (20.8) LR: 5.000e-02
2025-09-09 20:37:08,822 -                train: [    INFO] - Test: [   0/39]  Time: 0.419 (0.419)  Loss:  1.7196 (1.7196)  Acc@1: 62.8906 (62.8906)  Acc@5: 85.1562 (85.1562)
2025-09-09 20:37:11,765 -                train: [    INFO] - Test: [  39/39]  Time: 0.023 (0.084)  Loss:  1.4376 (1.9868)  Acc@1: 50.0000 (57.1700)  Acc@5: 81.2500 (84.9600)
2025-09-09 20:37:12,056 - timm.utils.checkpoint_saver: [    INFO] - Current checkpoints:
 ('./output/train/20250909-180938-mobilenetv2_100-224/checkpoint/checkpoint-58.pth.tar', 60.16)
 ('./output/train/20250909-180938-mobilenetv2_100-224/checkpoint/checkpoint-38.pth.tar', 58.64)
 ('./output/train/20250909-180938-mobilenetv2_100-224/checkpoint/checkpoint-70.pth.tar', 58.62)
 ('./output/train/20250909-180938-mobilenetv2_100-224/checkpoint/checkpoint-75.pth.tar', 58.08)
 ('./output/train/20250909-180938-mobilenetv2_100-224/checkpoint/checkpoint-61.pth.tar', 58.04)
 ('./output/train/20250909-180938-mobilenetv2_100-224/checkpoint/checkpoint-35.pth.tar', 57.98)
 ('./output/train/20250909-180938-mobilenetv2_100-224/checkpoint/checkpoint-103.pth.tar', 57.72)
 ('./output/train/20250909-180938-mobilenetv2_100-224/checkpoint/checkpoint-104.pth.tar', 57.17)
 ('./output/train/20250909-180938-mobilenetv2_100-224/checkpoint/checkpoint-52.pth.tar', 57.08)
 ('./output/train/20250909-180938-mobilenetv2_100-224/checkpoint/checkpoint-96.pth.tar', 56.6)

2025-09-09 20:37:12,800 -                train: [    INFO] - Train: 105 [   0/195 (  0%)]  Loss: 24.66 (24.7)  Loss_gt: 3.513 (3.51)  Loss_kd: 21.14 (21.1) LR: 5.000e-02
2025-09-09 20:38:32,422 -                train: [    INFO] - Train: 105 [ 194/195 (100%)]  Loss: 22.66 (24.0)  Loss_gt: 3.347 (3.29)  Loss_kd: 19.32 (20.7) LR: 5.000e-02
2025-09-09 20:38:32,876 -                train: [    INFO] - Test: [   0/39]  Time: 0.428 (0.428)  Loss:  1.6293 (1.6293)  Acc@1: 61.7188 (61.7188)  Acc@5: 87.1094 (87.1094)
2025-09-09 20:38:35,823 -                train: [    INFO] - Test: [  39/39]  Time: 0.024 (0.084)  Loss:  1.6695 (1.9949)  Acc@1: 62.5000 (55.7300)  Acc@5: 81.2500 (83.3200)
2025-09-09 20:38:36,676 -                train: [    INFO] - Train: 106 [   0/195 (  0%)]  Loss: 23.13 (23.1)  Loss_gt: 3.542 (3.54)  Loss_kd: 19.59 (19.6) LR: 5.000e-02
2025-09-09 20:39:56,416 -                train: [    INFO] - Train: 106 [ 194/195 (100%)]  Loss: 24.15 (24.2)  Loss_gt: 3.153 (3.29)  Loss_kd: 20.99 (20.9) LR: 5.000e-02
2025-09-09 20:39:56,856 -                train: [    INFO] - Test: [   0/39]  Time: 0.422 (0.422)  Loss:  3.1952 (3.1952)  Acc@1: 47.6562 (47.6562)  Acc@5: 73.0469 (73.0469)
2025-09-09 20:39:59,680 -                train: [    INFO] - Test: [  39/39]  Time: 0.023 (0.081)  Loss:  2.8291 (3.8071)  Acc@1: 62.5000 (38.3500)  Acc@5: 75.0000 (64.9300)
2025-09-09 20:40:00,678 -                train: [    INFO] - Train: 107 [   0/195 (  0%)]  Loss: 24.65 (24.6)  Loss_gt: 3.401 (3.40)  Loss_kd: 21.25 (21.2) LR: 5.000e-02
2025-09-09 20:41:20,254 -                train: [    INFO] - Train: 107 [ 194/195 (100%)]  Loss: 24.24 (23.9)  Loss_gt: 3.337 (3.29)  Loss_kd: 20.91 (20.6) LR: 5.000e-02
2025-09-09 20:41:20,964 -                train: [    INFO] - Test: [   0/39]  Time: 0.689 (0.689)  Loss:  2.0061 (2.0061)  Acc@1: 58.2031 (58.2031)  Acc@5: 82.4219 (82.4219)
2025-09-09 20:41:23,981 -                train: [    INFO] - Test: [  39/39]  Time: 0.025 (0.093)  Loss:  2.9361 (2.2068)  Acc@1: 43.7500 (54.1500)  Acc@5: 75.0000 (80.7000)
2025-09-09 20:41:24,974 -                train: [    INFO] - Train: 108 [   0/195 (  0%)]  Loss: 23.49 (23.5)  Loss_gt: 3.108 (3.11)  Loss_kd: 20.38 (20.4) LR: 5.000e-02
2025-09-09 20:42:44,493 -                train: [    INFO] - Train: 108 [ 194/195 (100%)]  Loss: 23.34 (23.9)  Loss_gt: 3.223 (3.29)  Loss_kd: 20.12 (20.7) LR: 5.000e-02
2025-09-09 20:42:44,924 -                train: [    INFO] - Test: [   0/39]  Time: 0.406 (0.406)  Loss:  1.8448 (1.8448)  Acc@1: 63.6719 (63.6719)  Acc@5: 83.9844 (83.9844)
2025-09-09 20:42:47,913 -                train: [    INFO] - Test: [  39/39]  Time: 0.030 (0.085)  Loss:  1.6958 (2.0041)  Acc@1: 62.5000 (56.0500)  Acc@5: 87.5000 (83.0800)
2025-09-09 20:42:48,896 -                train: [    INFO] - Train: 109 [   0/195 (  0%)]  Loss: 23.91 (23.9)  Loss_gt: 3.225 (3.22)  Loss_kd: 20.69 (20.7) LR: 5.000e-02
2025-09-09 20:44:08,623 -                train: [    INFO] - Train: 109 [ 194/195 (100%)]  Loss: 23.99 (24.0)  Loss_gt: 3.485 (3.29)  Loss_kd: 20.50 (20.7) LR: 5.000e-02
2025-09-09 20:44:09,038 -                train: [    INFO] - Test: [   0/39]  Time: 0.395 (0.395)  Loss:  2.9298 (2.9298)  Acc@1: 46.8750 (46.8750)  Acc@5: 74.2188 (74.2188)
2025-09-09 20:44:11,874 -                train: [    INFO] - Test: [  39/39]  Time: 0.024 (0.081)  Loss:  1.3666 (3.3106)  Acc@1: 56.2500 (41.0200)  Acc@5: 100.0000 (68.0500)
2025-09-09 20:44:12,939 -                train: [    INFO] - Train: 110 [   0/195 (  0%)]  Loss: 24.30 (24.3)  Loss_gt: 3.014 (3.01)  Loss_kd: 21.29 (21.3) LR: 5.000e-02
2025-09-09 20:45:33,103 -                train: [    INFO] - Train: 110 [ 194/195 (100%)]  Loss: 24.15 (24.1)  Loss_gt: 3.151 (3.30)  Loss_kd: 21.00 (20.8) LR: 5.000e-02
2025-09-09 20:45:33,513 -                train: [    INFO] - Test: [   0/39]  Time: 0.391 (0.391)  Loss:  1.8134 (1.8134)  Acc@1: 62.1094 (62.1094)  Acc@5: 85.9375 (85.9375)
2025-09-09 20:45:36,432 -                train: [    INFO] - Test: [  39/39]  Time: 0.026 (0.083)  Loss:  2.4961 (2.0230)  Acc@1: 50.0000 (55.3900)  Acc@5: 62.5000 (82.9900)
2025-09-09 20:45:37,547 -                train: [    INFO] - Train: 111 [   0/195 (  0%)]  Loss: 23.23 (23.2)  Loss_gt: 3.586 (3.59)  Loss_kd: 19.65 (19.6) LR: 5.000e-02
2025-09-09 20:46:57,206 -                train: [    INFO] - Train: 111 [ 194/195 (100%)]  Loss: 24.68 (24.0)  Loss_gt: 3.470 (3.29)  Loss_kd: 21.21 (20.7) LR: 5.000e-02
2025-09-09 20:46:57,636 -                train: [    INFO] - Test: [   0/39]  Time: 0.412 (0.412)  Loss:  2.0554 (2.0554)  Acc@1: 57.4219 (57.4219)  Acc@5: 83.5938 (83.5938)
2025-09-09 20:47:00,575 -                train: [    INFO] - Test: [  39/39]  Time: 0.026 (0.084)  Loss:  2.3678 (2.3662)  Acc@1: 56.2500 (51.3600)  Acc@5: 75.0000 (79.9100)
2025-09-09 20:47:01,437 -                train: [    INFO] - Train: 112 [   0/195 (  0%)]  Loss: 25.09 (25.1)  Loss_gt: 3.295 (3.30)  Loss_kd: 21.80 (21.8) LR: 5.000e-02
2025-09-09 20:48:20,850 -                train: [    INFO] - Train: 112 [ 194/195 (100%)]  Loss: 25.75 (24.0)  Loss_gt: 3.380 (3.29)  Loss_kd: 22.37 (20.7) LR: 5.000e-02
2025-09-09 20:48:21,265 -                train: [    INFO] - Test: [   0/39]  Time: 0.398 (0.398)  Loss:  1.7479 (1.7479)  Acc@1: 64.4531 (64.4531)  Acc@5: 82.8125 (82.8125)
2025-09-09 20:48:24,100 -                train: [    INFO] - Test: [  39/39]  Time: 0.022 (0.081)  Loss:  1.9325 (2.1939)  Acc@1: 62.5000 (52.2200)  Acc@5: 68.7500 (79.9900)
2025-09-09 20:48:25,161 -                train: [    INFO] - Train: 113 [   0/195 (  0%)]  Loss: 24.99 (25.0)  Loss_gt: 3.145 (3.14)  Loss_kd: 21.84 (21.8) LR: 5.000e-02
2025-09-09 20:49:44,814 -                train: [    INFO] - Train: 113 [ 194/195 (100%)]  Loss: 24.06 (24.1)  Loss_gt: 3.418 (3.29)  Loss_kd: 20.64 (20.8) LR: 5.000e-02
2025-09-09 20:49:45,226 -                train: [    INFO] - Test: [   0/39]  Time: 0.391 (0.391)  Loss:  1.9190 (1.9190)  Acc@1: 57.8125 (57.8125)  Acc@5: 86.3281 (86.3281)
2025-09-09 20:49:48,103 -                train: [    INFO] - Test: [  39/39]  Time: 0.025 (0.082)  Loss:  1.3029 (2.2685)  Acc@1: 68.7500 (52.2400)  Acc@5: 87.5000 (80.8000)
2025-09-09 20:49:49,022 -                train: [    INFO] - Train: 114 [   0/195 (  0%)]  Loss: 26.45 (26.5)  Loss_gt: 3.411 (3.41)  Loss_kd: 23.04 (23.0) LR: 5.000e-02
2025-09-09 20:51:08,545 -                train: [    INFO] - Train: 114 [ 194/195 (100%)]  Loss: 24.28 (24.1)  Loss_gt: 3.181 (3.30)  Loss_kd: 21.10 (20.8) LR: 5.000e-02
2025-09-09 20:51:08,999 -                train: [    INFO] - Test: [   0/39]  Time: 0.434 (0.434)  Loss:  2.7742 (2.7742)  Acc@1: 51.5625 (51.5625)  Acc@5: 75.3906 (75.3906)
2025-09-09 20:51:12,045 -                train: [    INFO] - Test: [  39/39]  Time: 0.030 (0.087)  Loss:  3.6129 (3.1344)  Acc@1: 43.7500 (43.4700)  Acc@5: 62.5000 (73.1300)
2025-09-09 20:51:12,955 -                train: [    INFO] - Train: 115 [   0/195 (  0%)]  Loss: 25.37 (25.4)  Loss_gt: 3.434 (3.43)  Loss_kd: 21.93 (21.9) LR: 5.000e-02
2025-09-09 20:52:32,588 -                train: [    INFO] - Train: 115 [ 194/195 (100%)]  Loss: 23.16 (24.1)  Loss_gt: 3.225 (3.29)  Loss_kd: 19.93 (20.8) LR: 5.000e-02
2025-09-09 20:52:33,037 -                train: [    INFO] - Test: [   0/39]  Time: 0.430 (0.430)  Loss:  1.8227 (1.8227)  Acc@1: 57.8125 (57.8125)  Acc@5: 85.1562 (85.1562)
2025-09-09 20:52:36,212 -                train: [    INFO] - Test: [  39/39]  Time: 0.026 (0.090)  Loss:  2.6265 (2.0804)  Acc@1: 62.5000 (56.2200)  Acc@5: 75.0000 (83.3600)
2025-09-09 20:52:37,553 -                train: [    INFO] - Train: 116 [   0/195 (  0%)]  Loss: 25.08 (25.1)  Loss_gt: 3.135 (3.14)  Loss_kd: 21.95 (21.9) LR: 5.000e-02
2025-09-09 20:53:57,600 -                train: [    INFO] - Train: 116 [ 194/195 (100%)]  Loss: 24.87 (24.0)  Loss_gt: 3.311 (3.29)  Loss_kd: 21.56 (20.7) LR: 5.000e-02
2025-09-09 20:53:58,039 -                train: [    INFO] - Test: [   0/39]  Time: 0.415 (0.415)  Loss:  1.8885 (1.8885)  Acc@1: 61.3281 (61.3281)  Acc@5: 86.7188 (86.7188)
2025-09-09 20:54:00,987 -                train: [    INFO] - Test: [  39/39]  Time: 0.021 (0.084)  Loss:  2.1677 (2.3267)  Acc@1: 62.5000 (53.1800)  Acc@5: 81.2500 (81.5200)
2025-09-09 20:54:01,856 -                train: [    INFO] - Train: 117 [   0/195 (  0%)]  Loss: 22.92 (22.9)  Loss_gt: 3.131 (3.13)  Loss_kd: 19.79 (19.8) LR: 5.000e-02
2025-09-09 20:55:21,456 -                train: [    INFO] - Train: 117 [ 194/195 (100%)]  Loss: 22.58 (24.1)  Loss_gt: 3.409 (3.30)  Loss_kd: 19.17 (20.8) LR: 5.000e-02
2025-09-09 20:55:21,870 -                train: [    INFO] - Test: [   0/39]  Time: 0.395 (0.395)  Loss:  3.8637 (3.8637)  Acc@1: 39.8438 (39.8438)  Acc@5: 71.4844 (71.4844)
2025-09-09 20:55:24,695 -                train: [    INFO] - Test: [  39/39]  Time: 0.024 (0.080)  Loss:  6.1780 (4.4273)  Acc@1: 37.5000 (37.4100)  Acc@5: 43.7500 (64.4300)
2025-09-09 20:55:25,761 -                train: [    INFO] - Train: 118 [   0/195 (  0%)]  Loss: 24.49 (24.5)  Loss_gt: 3.309 (3.31)  Loss_kd: 21.18 (21.2) LR: 5.000e-02
2025-09-09 20:56:45,399 -                train: [    INFO] - Train: 118 [ 194/195 (100%)]  Loss: 23.92 (24.0)  Loss_gt: 3.444 (3.29)  Loss_kd: 20.47 (20.7) LR: 5.000e-02
2025-09-09 20:56:45,835 -                train: [    INFO] - Test: [   0/39]  Time: 0.411 (0.411)  Loss:  1.9986 (1.9986)  Acc@1: 55.0781 (55.0781)  Acc@5: 83.2031 (83.2031)
2025-09-09 20:56:48,723 -                train: [    INFO] - Test: [  39/39]  Time: 0.027 (0.082)  Loss:  2.1658 (2.3651)  Acc@1: 56.2500 (50.8500)  Acc@5: 68.7500 (79.2700)
2025-09-09 20:56:49,665 -                train: [    INFO] - Train: 119 [   0/195 (  0%)]  Loss: 23.14 (23.1)  Loss_gt: 3.217 (3.22)  Loss_kd: 19.92 (19.9) LR: 5.000e-02
2025-09-09 20:58:09,288 -                train: [    INFO] - Train: 119 [ 194/195 (100%)]  Loss: 24.92 (24.1)  Loss_gt: 3.150 (3.29)  Loss_kd: 21.77 (20.8) LR: 5.000e-02
2025-09-09 20:58:09,702 -                train: [    INFO] - Test: [   0/39]  Time: 0.396 (0.396)  Loss:  1.7925 (1.7925)  Acc@1: 62.5000 (62.5000)  Acc@5: 87.5000 (87.5000)
2025-09-09 20:58:12,570 -                train: [    INFO] - Test: [  39/39]  Time: 0.023 (0.082)  Loss:  1.7804 (1.8166)  Acc@1: 56.2500 (59.7800)  Acc@5: 81.2500 (85.9800)
2025-09-09 20:58:12,748 - timm.utils.checkpoint_saver: [    INFO] - Current checkpoints:
 ('./output/train/20250909-180938-mobilenetv2_100-224/checkpoint/checkpoint-58.pth.tar', 60.16)
 ('./output/train/20250909-180938-mobilenetv2_100-224/checkpoint/checkpoint-119.pth.tar', 59.78)
 ('./output/train/20250909-180938-mobilenetv2_100-224/checkpoint/checkpoint-38.pth.tar', 58.64)
 ('./output/train/20250909-180938-mobilenetv2_100-224/checkpoint/checkpoint-70.pth.tar', 58.62)
 ('./output/train/20250909-180938-mobilenetv2_100-224/checkpoint/checkpoint-75.pth.tar', 58.08)
 ('./output/train/20250909-180938-mobilenetv2_100-224/checkpoint/checkpoint-61.pth.tar', 58.04)
 ('./output/train/20250909-180938-mobilenetv2_100-224/checkpoint/checkpoint-35.pth.tar', 57.98)
 ('./output/train/20250909-180938-mobilenetv2_100-224/checkpoint/checkpoint-103.pth.tar', 57.72)
 ('./output/train/20250909-180938-mobilenetv2_100-224/checkpoint/checkpoint-104.pth.tar', 57.17)
 ('./output/train/20250909-180938-mobilenetv2_100-224/checkpoint/checkpoint-52.pth.tar', 57.08)

2025-09-09 20:58:13,495 -                train: [    INFO] - Train: 120 [   0/195 (  0%)]  Loss: 22.44 (22.4)  Loss_gt: 2.951 (2.95)  Loss_kd: 19.49 (19.5) LR: 5.000e-02
2025-09-09 20:59:32,979 -                train: [    INFO] - Train: 120 [ 194/195 (100%)]  Loss: 23.87 (24.0)  Loss_gt: 3.318 (3.29)  Loss_kd: 20.55 (20.7) LR: 5.000e-02
2025-09-09 20:59:33,397 -                train: [    INFO] - Test: [   0/39]  Time: 0.399 (0.399)  Loss:  1.7429 (1.7429)  Acc@1: 60.5469 (60.5469)  Acc@5: 85.9375 (85.9375)
2025-09-09 20:59:36,351 -                train: [    INFO] - Test: [  39/39]  Time: 0.026 (0.084)  Loss:  1.5459 (2.2683)  Acc@1: 62.5000 (52.8200)  Acc@5: 81.2500 (80.0600)
2025-09-09 20:59:37,294 -                train: [    INFO] - Train: 121 [   0/195 (  0%)]  Loss: 22.90 (22.9)  Loss_gt: 3.008 (3.01)  Loss_kd: 19.89 (19.9) LR: 5.000e-02
2025-09-09 21:00:56,731 -                train: [    INFO] - Train: 121 [ 194/195 (100%)]  Loss: 23.73 (24.0)  Loss_gt: 3.302 (3.28)  Loss_kd: 20.42 (20.7) LR: 5.000e-02
2025-09-09 21:00:57,206 -                train: [    INFO] - Test: [   0/39]  Time: 0.455 (0.455)  Loss:  2.0226 (2.0226)  Acc@1: 59.3750 (59.3750)  Acc@5: 85.9375 (85.9375)
2025-09-09 21:01:00,118 -                train: [    INFO] - Test: [  39/39]  Time: 0.028 (0.084)  Loss:  2.1384 (2.2578)  Acc@1: 56.2500 (53.7400)  Acc@5: 81.2500 (80.7100)
2025-09-09 21:01:00,983 -                train: [    INFO] - Train: 122 [   0/195 (  0%)]  Loss: 24.16 (24.2)  Loss_gt: 3.343 (3.34)  Loss_kd: 20.82 (20.8) LR: 5.000e-02
2025-09-09 21:02:20,762 -                train: [    INFO] - Train: 122 [ 194/195 (100%)]  Loss: 25.05 (24.1)  Loss_gt: 3.239 (3.30)  Loss_kd: 21.81 (20.8) LR: 5.000e-02
2025-09-09 21:02:21,244 -                train: [    INFO] - Test: [   0/39]  Time: 0.462 (0.462)  Loss:  1.8767 (1.8767)  Acc@1: 61.3281 (61.3281)  Acc@5: 85.9375 (85.9375)
2025-09-09 21:02:24,221 -                train: [    INFO] - Test: [  39/39]  Time: 0.024 (0.086)  Loss:  1.4482 (1.7699)  Acc@1: 62.5000 (60.1900)  Acc@5: 87.5000 (87.1700)
2025-09-09 21:02:24,333 - timm.utils.checkpoint_saver: [    INFO] - Current checkpoints:
 ('./output/train/20250909-180938-mobilenetv2_100-224/checkpoint/checkpoint-122.pth.tar', 60.19)
 ('./output/train/20250909-180938-mobilenetv2_100-224/checkpoint/checkpoint-58.pth.tar', 60.16)
 ('./output/train/20250909-180938-mobilenetv2_100-224/checkpoint/checkpoint-119.pth.tar', 59.78)
 ('./output/train/20250909-180938-mobilenetv2_100-224/checkpoint/checkpoint-38.pth.tar', 58.64)
 ('./output/train/20250909-180938-mobilenetv2_100-224/checkpoint/checkpoint-70.pth.tar', 58.62)
 ('./output/train/20250909-180938-mobilenetv2_100-224/checkpoint/checkpoint-75.pth.tar', 58.08)
 ('./output/train/20250909-180938-mobilenetv2_100-224/checkpoint/checkpoint-61.pth.tar', 58.04)
 ('./output/train/20250909-180938-mobilenetv2_100-224/checkpoint/checkpoint-35.pth.tar', 57.98)
 ('./output/train/20250909-180938-mobilenetv2_100-224/checkpoint/checkpoint-103.pth.tar', 57.72)
 ('./output/train/20250909-180938-mobilenetv2_100-224/checkpoint/checkpoint-104.pth.tar', 57.17)

2025-09-09 21:02:25,077 -                train: [    INFO] - Train: 123 [   0/195 (  0%)]  Loss: 22.47 (22.5)  Loss_gt: 3.217 (3.22)  Loss_kd: 19.26 (19.3) LR: 5.000e-02
2025-09-09 21:03:44,864 -                train: [    INFO] - Train: 123 [ 194/195 (100%)]  Loss: 24.11 (24.1)  Loss_gt: 3.611 (3.30)  Loss_kd: 20.50 (20.8) LR: 5.000e-02
2025-09-09 21:03:45,327 -                train: [    INFO] - Test: [   0/39]  Time: 0.442 (0.442)  Loss:  1.7624 (1.7624)  Acc@1: 59.3750 (59.3750)  Acc@5: 84.7656 (84.7656)
2025-09-09 21:03:48,245 -                train: [    INFO] - Test: [  39/39]  Time: 0.023 (0.084)  Loss:  1.2137 (2.0631)  Acc@1: 75.0000 (54.7400)  Acc@5: 87.5000 (82.1000)
2025-09-09 21:03:49,080 -                train: [    INFO] - Train: 124 [   0/195 (  0%)]  Loss: 23.04 (23.0)  Loss_gt: 3.215 (3.21)  Loss_kd: 19.83 (19.8) LR: 5.000e-02
2025-09-09 21:05:08,872 -                train: [    INFO] - Train: 124 [ 194/195 (100%)]  Loss: 24.26 (24.1)  Loss_gt: 3.370 (3.29)  Loss_kd: 20.89 (20.8) LR: 5.000e-02
2025-09-09 21:05:09,295 -                train: [    INFO] - Test: [   0/39]  Time: 0.403 (0.403)  Loss:  2.0630 (2.0630)  Acc@1: 59.3750 (59.3750)  Acc@5: 83.5938 (83.5938)
2025-09-09 21:05:12,273 -                train: [    INFO] - Test: [  39/39]  Time: 0.025 (0.085)  Loss:  2.9552 (2.4301)  Acc@1: 37.5000 (50.9300)  Acc@5: 62.5000 (78.6900)
2025-09-09 21:05:13,140 -                train: [    INFO] - Train: 125 [   0/195 (  0%)]  Loss: 23.56 (23.6)  Loss_gt: 3.112 (3.11)  Loss_kd: 20.45 (20.4) LR: 5.000e-02
2025-09-09 21:06:32,948 -                train: [    INFO] - Train: 125 [ 194/195 (100%)]  Loss: 24.40 (24.1)  Loss_gt: 3.503 (3.28)  Loss_kd: 20.90 (20.8) LR: 5.000e-02
2025-09-09 21:06:33,402 -                train: [    INFO] - Test: [   0/39]  Time: 0.427 (0.427)  Loss:  2.0181 (2.0181)  Acc@1: 59.7656 (59.7656)  Acc@5: 81.6406 (81.6406)
2025-09-09 21:06:36,360 -                train: [    INFO] - Test: [  39/39]  Time: 0.028 (0.085)  Loss:  2.2727 (2.3724)  Acc@1: 50.0000 (52.4600)  Acc@5: 81.2500 (78.6100)
2025-09-09 21:06:37,179 -                train: [    INFO] - Train: 126 [   0/195 (  0%)]  Loss: 23.93 (23.9)  Loss_gt: 3.465 (3.46)  Loss_kd: 20.47 (20.5) LR: 5.000e-02
2025-09-09 21:07:56,490 -                train: [    INFO] - Train: 126 [ 194/195 (100%)]  Loss: 23.24 (23.9)  Loss_gt: 3.302 (3.30)  Loss_kd: 19.94 (20.6) LR: 5.000e-02
2025-09-09 21:07:57,164 -                train: [    INFO] - Test: [   0/39]  Time: 0.654 (0.654)  Loss:  1.8496 (1.8496)  Acc@1: 58.9844 (58.9844)  Acc@5: 83.9844 (83.9844)
2025-09-09 21:08:00,284 -                train: [    INFO] - Test: [  39/39]  Time: 0.024 (0.094)  Loss:  1.3300 (2.0753)  Acc@1: 62.5000 (54.0100)  Acc@5: 87.5000 (82.0100)
2025-09-09 21:08:01,084 -                train: [    INFO] - Train: 127 [   0/195 (  0%)]  Loss: 23.84 (23.8)  Loss_gt: 3.346 (3.35)  Loss_kd: 20.49 (20.5) LR: 5.000e-02
2025-09-09 21:09:20,978 -                train: [    INFO] - Train: 127 [ 194/195 (100%)]  Loss: 24.24 (23.9)  Loss_gt: 3.348 (3.29)  Loss_kd: 20.89 (20.6) LR: 5.000e-02
2025-09-09 21:09:21,399 -                train: [    INFO] - Test: [   0/39]  Time: 0.402 (0.402)  Loss:  2.4117 (2.4117)  Acc@1: 57.4219 (57.4219)  Acc@5: 78.9062 (78.9062)
2025-09-09 21:09:24,344 -                train: [    INFO] - Test: [  39/39]  Time: 0.023 (0.084)  Loss:  2.5100 (3.0791)  Acc@1: 50.0000 (46.0600)  Acc@5: 75.0000 (73.2500)
2025-09-09 21:09:25,164 -                train: [    INFO] - Train: 128 [   0/195 (  0%)]  Loss: 24.47 (24.5)  Loss_gt: 3.520 (3.52)  Loss_kd: 20.95 (21.0) LR: 5.000e-02
2025-09-09 21:10:44,896 -                train: [    INFO] - Train: 128 [ 194/195 (100%)]  Loss: 23.22 (24.0)  Loss_gt: 3.337 (3.28)  Loss_kd: 19.89 (20.8) LR: 5.000e-02
2025-09-09 21:10:45,318 -                train: [    INFO] - Test: [   0/39]  Time: 0.400 (0.400)  Loss:  2.0951 (2.0951)  Acc@1: 56.2500 (56.2500)  Acc@5: 80.8594 (80.8594)
2025-09-09 21:10:48,225 -                train: [    INFO] - Test: [  39/39]  Time: 0.023 (0.083)  Loss:  1.9441 (2.5963)  Acc@1: 62.5000 (50.3600)  Acc@5: 68.7500 (77.5600)
2025-09-09 21:10:49,027 -                train: [    INFO] - Train: 129 [   0/195 (  0%)]  Loss: 22.43 (22.4)  Loss_gt: 3.228 (3.23)  Loss_kd: 19.20 (19.2) LR: 5.000e-02
2025-09-09 21:12:08,470 -                train: [    INFO] - Train: 129 [ 194/195 (100%)]  Loss: 23.63 (23.9)  Loss_gt: 3.106 (3.29)  Loss_kd: 20.52 (20.6) LR: 5.000e-02
2025-09-09 21:12:08,886 -                train: [    INFO] - Test: [   0/39]  Time: 0.396 (0.396)  Loss:  1.8211 (1.8211)  Acc@1: 60.1562 (60.1562)  Acc@5: 86.3281 (86.3281)
2025-09-09 21:12:11,865 -                train: [    INFO] - Test: [  39/39]  Time: 0.024 (0.084)  Loss:  1.8858 (2.1572)  Acc@1: 62.5000 (54.5500)  Acc@5: 68.7500 (82.7500)
2025-09-09 21:12:12,761 -                train: [    INFO] - Train: 130 [   0/195 (  0%)]  Loss: 24.82 (24.8)  Loss_gt: 3.267 (3.27)  Loss_kd: 21.56 (21.6) LR: 5.000e-02
2025-09-09 21:13:32,515 -                train: [    INFO] - Train: 130 [ 194/195 (100%)]  Loss: 23.83 (23.9)  Loss_gt: 3.632 (3.29)  Loss_kd: 20.20 (20.6) LR: 5.000e-02
2025-09-09 21:13:32,945 -                train: [    INFO] - Test: [   0/39]  Time: 0.404 (0.404)  Loss:  1.8944 (1.8944)  Acc@1: 58.2031 (58.2031)  Acc@5: 81.2500 (81.2500)
2025-09-09 21:13:36,301 -                train: [    INFO] - Test: [  39/39]  Time: 0.023 (0.094)  Loss:  1.5853 (2.2450)  Acc@1: 56.2500 (50.4400)  Acc@5: 81.2500 (78.7800)
2025-09-09 21:13:37,178 -                train: [    INFO] - Train: 131 [   0/195 (  0%)]  Loss: 23.14 (23.1)  Loss_gt: 3.091 (3.09)  Loss_kd: 20.05 (20.1) LR: 5.000e-02
2025-09-09 21:14:57,388 -                train: [    INFO] - Train: 131 [ 194/195 (100%)]  Loss: 24.45 (24.0)  Loss_gt: 3.423 (3.29)  Loss_kd: 21.02 (20.7) LR: 5.000e-02
2025-09-09 21:14:57,821 -                train: [    INFO] - Test: [   0/39]  Time: 0.414 (0.414)  Loss:  1.6984 (1.6984)  Acc@1: 64.8438 (64.8438)  Acc@5: 84.3750 (84.3750)
2025-09-09 21:15:01,017 -                train: [    INFO] - Test: [  39/39]  Time: 0.025 (0.090)  Loss:  1.5106 (1.9660)  Acc@1: 62.5000 (56.7700)  Acc@5: 75.0000 (84.2700)
2025-09-09 21:15:01,874 -                train: [    INFO] - Train: 132 [   0/195 (  0%)]  Loss: 22.92 (22.9)  Loss_gt: 3.049 (3.05)  Loss_kd: 19.87 (19.9) LR: 5.000e-02
2025-09-09 21:16:21,723 -                train: [    INFO] - Train: 132 [ 194/195 (100%)]  Loss: 23.97 (24.0)  Loss_gt: 3.416 (3.29)  Loss_kd: 20.56 (20.7) LR: 5.000e-02
2025-09-09 21:16:22,142 -                train: [    INFO] - Test: [   0/39]  Time: 0.400 (0.400)  Loss:  1.8668 (1.8668)  Acc@1: 60.5469 (60.5469)  Acc@5: 84.7656 (84.7656)
2025-09-09 21:16:25,371 -                train: [    INFO] - Test: [  39/39]  Time: 0.029 (0.091)  Loss:  2.4483 (2.1248)  Acc@1: 50.0000 (55.5100)  Acc@5: 81.2500 (82.4600)
2025-09-09 21:16:26,340 -                train: [    INFO] - Train: 133 [   0/195 (  0%)]  Loss: 23.86 (23.9)  Loss_gt: 3.185 (3.18)  Loss_kd: 20.67 (20.7) LR: 5.000e-02
2025-09-09 21:17:46,064 -                train: [    INFO] - Train: 133 [ 194/195 (100%)]  Loss: 23.45 (23.9)  Loss_gt: 3.245 (3.28)  Loss_kd: 20.20 (20.6) LR: 5.000e-02
2025-09-09 21:17:46,513 -                train: [    INFO] - Test: [   0/39]  Time: 0.429 (0.429)  Loss:  2.7616 (2.7616)  Acc@1: 48.8281 (48.8281)  Acc@5: 75.7812 (75.7812)
2025-09-09 21:17:49,445 -                train: [    INFO] - Test: [  39/39]  Time: 0.023 (0.084)  Loss:  2.7662 (3.4209)  Acc@1: 50.0000 (41.5300)  Acc@5: 68.7500 (71.0600)
2025-09-09 21:17:50,399 -                train: [    INFO] - Train: 134 [   0/195 (  0%)]  Loss: 24.55 (24.5)  Loss_gt: 3.052 (3.05)  Loss_kd: 21.49 (21.5) LR: 5.000e-02
2025-09-09 21:19:09,953 -                train: [    INFO] - Train: 134 [ 194/195 (100%)]  Loss: 23.36 (24.0)  Loss_gt: 3.282 (3.28)  Loss_kd: 20.08 (20.7) LR: 5.000e-02
2025-09-09 21:19:10,383 -                train: [    INFO] - Test: [   0/39]  Time: 0.407 (0.407)  Loss:  1.5592 (1.5592)  Acc@1: 64.4531 (64.4531)  Acc@5: 92.1875 (92.1875)
2025-09-09 21:19:13,626 -                train: [    INFO] - Test: [  39/39]  Time: 0.026 (0.091)  Loss:  1.6758 (1.9722)  Acc@1: 62.5000 (57.3800)  Acc@5: 87.5000 (85.0800)
2025-09-09 21:19:13,739 - timm.utils.checkpoint_saver: [    INFO] - Current checkpoints:
 ('./output/train/20250909-180938-mobilenetv2_100-224/checkpoint/checkpoint-122.pth.tar', 60.19)
 ('./output/train/20250909-180938-mobilenetv2_100-224/checkpoint/checkpoint-58.pth.tar', 60.16)
 ('./output/train/20250909-180938-mobilenetv2_100-224/checkpoint/checkpoint-119.pth.tar', 59.78)
 ('./output/train/20250909-180938-mobilenetv2_100-224/checkpoint/checkpoint-38.pth.tar', 58.64)
 ('./output/train/20250909-180938-mobilenetv2_100-224/checkpoint/checkpoint-70.pth.tar', 58.62)
 ('./output/train/20250909-180938-mobilenetv2_100-224/checkpoint/checkpoint-75.pth.tar', 58.08)
 ('./output/train/20250909-180938-mobilenetv2_100-224/checkpoint/checkpoint-61.pth.tar', 58.04)
 ('./output/train/20250909-180938-mobilenetv2_100-224/checkpoint/checkpoint-35.pth.tar', 57.98)
 ('./output/train/20250909-180938-mobilenetv2_100-224/checkpoint/checkpoint-103.pth.tar', 57.72)
 ('./output/train/20250909-180938-mobilenetv2_100-224/checkpoint/checkpoint-134.pth.tar', 57.38)

2025-09-09 21:19:14,486 -                train: [    INFO] - Train: 135 [   0/195 (  0%)]  Loss: 22.25 (22.2)  Loss_gt: 3.234 (3.23)  Loss_kd: 19.01 (19.0) LR: 5.000e-02
2025-09-09 21:20:34,269 -                train: [    INFO] - Train: 135 [ 194/195 (100%)]  Loss: 23.16 (24.1)  Loss_gt: 3.621 (3.30)  Loss_kd: 19.54 (20.8) LR: 5.000e-02
2025-09-09 21:20:34,704 -                train: [    INFO] - Test: [   0/39]  Time: 0.415 (0.415)  Loss:  2.6362 (2.6362)  Acc@1: 50.0000 (50.0000)  Acc@5: 79.6875 (79.6875)
2025-09-09 21:20:37,663 -                train: [    INFO] - Test: [  39/39]  Time: 0.031 (0.084)  Loss:  2.3806 (3.1125)  Acc@1: 56.2500 (44.1400)  Acc@5: 75.0000 (73.4200)
2025-09-09 21:20:38,492 -                train: [    INFO] - Train: 136 [   0/195 (  0%)]  Loss: 26.13 (26.1)  Loss_gt: 3.245 (3.25)  Loss_kd: 22.88 (22.9) LR: 5.000e-02
2025-09-09 21:21:58,489 -                train: [    INFO] - Train: 136 [ 194/195 (100%)]  Loss: 25.47 (24.0)  Loss_gt: 3.201 (3.31)  Loss_kd: 22.27 (20.7) LR: 5.000e-02
2025-09-09 21:21:58,934 -                train: [    INFO] - Test: [   0/39]  Time: 0.426 (0.426)  Loss:  2.4465 (2.4465)  Acc@1: 51.9531 (51.9531)  Acc@5: 79.2969 (79.2969)
2025-09-09 21:22:01,870 -                train: [    INFO] - Test: [  39/39]  Time: 0.030 (0.084)  Loss:  2.1362 (2.6813)  Acc@1: 56.2500 (48.1000)  Acc@5: 81.2500 (76.5100)
2025-09-09 21:22:02,710 -                train: [    INFO] - Train: 137 [   0/195 (  0%)]  Loss: 24.06 (24.1)  Loss_gt: 3.205 (3.21)  Loss_kd: 20.85 (20.9) LR: 5.000e-02
2025-09-09 21:23:22,131 -                train: [    INFO] - Train: 137 [ 194/195 (100%)]  Loss: 23.05 (24.1)  Loss_gt: 3.372 (3.30)  Loss_kd: 19.67 (20.8) LR: 5.000e-02
2025-09-09 21:23:22,557 -                train: [    INFO] - Test: [   0/39]  Time: 0.405 (0.405)  Loss:  2.6412 (2.6412)  Acc@1: 51.9531 (51.9531)  Acc@5: 79.2969 (79.2969)
2025-09-09 21:23:25,558 -                train: [    INFO] - Test: [  39/39]  Time: 0.024 (0.085)  Loss:  2.4463 (3.1843)  Acc@1: 43.7500 (42.1300)  Acc@5: 81.2500 (70.0300)
2025-09-09 21:23:26,412 -                train: [    INFO] - Train: 138 [   0/195 (  0%)]  Loss: 24.29 (24.3)  Loss_gt: 3.511 (3.51)  Loss_kd: 20.78 (20.8) LR: 5.000e-02
2025-09-09 21:24:45,932 -                train: [    INFO] - Train: 138 [ 194/195 (100%)]  Loss: 23.44 (24.0)  Loss_gt: 3.242 (3.29)  Loss_kd: 20.20 (20.7) LR: 5.000e-02
2025-09-09 21:24:46,364 -                train: [    INFO] - Test: [   0/39]  Time: 0.408 (0.408)  Loss:  1.7650 (1.7650)  Acc@1: 64.4531 (64.4531)  Acc@5: 86.3281 (86.3281)
2025-09-09 21:24:49,622 -                train: [    INFO] - Test: [  39/39]  Time: 0.035 (0.092)  Loss:  1.9350 (2.1006)  Acc@1: 62.5000 (55.2600)  Acc@5: 81.2500 (82.2800)
2025-09-09 21:24:50,646 -                train: [    INFO] - Train: 139 [   0/195 (  0%)]  Loss: 23.18 (23.2)  Loss_gt: 3.340 (3.34)  Loss_kd: 19.84 (19.8) LR: 5.000e-02
2025-09-09 21:26:10,194 -                train: [    INFO] - Train: 139 [ 194/195 (100%)]  Loss: 24.07 (24.0)  Loss_gt: 3.342 (3.29)  Loss_kd: 20.73 (20.7) LR: 5.000e-02
2025-09-09 21:26:10,613 -                train: [    INFO] - Test: [   0/39]  Time: 0.399 (0.399)  Loss:  2.7709 (2.7709)  Acc@1: 47.6562 (47.6562)  Acc@5: 76.9531 (76.9531)
2025-09-09 21:26:13,481 -                train: [    INFO] - Test: [  39/39]  Time: 0.024 (0.082)  Loss:  2.8588 (3.2854)  Acc@1: 50.0000 (41.0200)  Acc@5: 62.5000 (69.0400)
2025-09-09 21:26:14,430 -                train: [    INFO] - Train: 140 [   0/195 (  0%)]  Loss: 23.48 (23.5)  Loss_gt: 3.033 (3.03)  Loss_kd: 20.45 (20.4) LR: 5.000e-02
2025-09-09 21:27:33,912 -                train: [    INFO] - Train: 140 [ 194/195 (100%)]  Loss: 22.82 (23.9)  Loss_gt: 3.461 (3.29)  Loss_kd: 19.36 (20.6) LR: 5.000e-02
2025-09-09 21:27:34,337 -                train: [    INFO] - Test: [   0/39]  Time: 0.404 (0.404)  Loss:  1.8568 (1.8568)  Acc@1: 60.1562 (60.1562)  Acc@5: 86.7188 (86.7188)
2025-09-09 21:27:37,297 -                train: [    INFO] - Test: [  39/39]  Time: 0.025 (0.084)  Loss:  2.4126 (2.3273)  Acc@1: 50.0000 (52.8100)  Acc@5: 87.5000 (80.3500)
2025-09-09 21:27:38,122 -                train: [    INFO] - Train: 141 [   0/195 (  0%)]  Loss: 23.40 (23.4)  Loss_gt: 3.346 (3.35)  Loss_kd: 20.05 (20.1) LR: 5.000e-02
2025-09-09 21:28:58,085 -                train: [    INFO] - Train: 141 [ 194/195 (100%)]  Loss: 23.86 (23.8)  Loss_gt: 3.258 (3.28)  Loss_kd: 20.60 (20.5) LR: 5.000e-02
2025-09-09 21:28:58,525 -                train: [    INFO] - Test: [   0/39]  Time: 0.422 (0.422)  Loss:  2.2441 (2.2441)  Acc@1: 55.4688 (55.4688)  Acc@5: 77.7344 (77.7344)
2025-09-09 21:29:01,398 -                train: [    INFO] - Test: [  39/39]  Time: 0.021 (0.082)  Loss:  1.7967 (2.7276)  Acc@1: 56.2500 (47.4300)  Acc@5: 93.7500 (77.0900)
2025-09-09 21:29:02,222 -                train: [    INFO] - Train: 142 [   0/195 (  0%)]  Loss: 24.49 (24.5)  Loss_gt: 3.284 (3.28)  Loss_kd: 21.21 (21.2) LR: 5.000e-02
2025-09-09 21:30:21,929 -                train: [    INFO] - Train: 142 [ 194/195 (100%)]  Loss: 24.50 (24.0)  Loss_gt: 3.310 (3.29)  Loss_kd: 21.19 (20.7) LR: 5.000e-02
2025-09-09 21:30:22,351 -                train: [    INFO] - Test: [   0/39]  Time: 0.398 (0.398)  Loss:  6.9662 (6.9662)  Acc@1: 24.2188 (24.2188)  Acc@5: 52.7344 (52.7344)
2025-09-09 21:30:25,240 -                train: [    INFO] - Test: [  39/39]  Time: 0.023 (0.082)  Loss:  8.9550 (7.7725)  Acc@1: 25.0000 (21.8100)  Acc@5: 37.5000 (46.8800)
2025-09-09 21:30:26,083 -                train: [    INFO] - Train: 143 [   0/195 (  0%)]  Loss: 22.68 (22.7)  Loss_gt: 3.281 (3.28)  Loss_kd: 19.40 (19.4) LR: 5.000e-02
2025-09-09 21:31:45,706 -                train: [    INFO] - Train: 143 [ 194/195 (100%)]  Loss: 23.69 (24.0)  Loss_gt: 3.531 (3.30)  Loss_kd: 20.16 (20.7) LR: 5.000e-02
2025-09-09 21:31:46,118 -                train: [    INFO] - Test: [   0/39]  Time: 0.392 (0.392)  Loss:  1.8410 (1.8410)  Acc@1: 61.3281 (61.3281)  Acc@5: 87.1094 (87.1094)
2025-09-09 21:31:48,967 -                train: [    INFO] - Test: [  39/39]  Time: 0.023 (0.081)  Loss:  0.8787 (1.9603)  Acc@1: 75.0000 (58.0400)  Acc@5: 87.5000 (84.8900)
2025-09-09 21:31:49,084 - timm.utils.checkpoint_saver: [    INFO] - Current checkpoints:
 ('./output/train/20250909-180938-mobilenetv2_100-224/checkpoint/checkpoint-122.pth.tar', 60.19)
 ('./output/train/20250909-180938-mobilenetv2_100-224/checkpoint/checkpoint-58.pth.tar', 60.16)
 ('./output/train/20250909-180938-mobilenetv2_100-224/checkpoint/checkpoint-119.pth.tar', 59.78)
 ('./output/train/20250909-180938-mobilenetv2_100-224/checkpoint/checkpoint-38.pth.tar', 58.64)
 ('./output/train/20250909-180938-mobilenetv2_100-224/checkpoint/checkpoint-70.pth.tar', 58.62)
 ('./output/train/20250909-180938-mobilenetv2_100-224/checkpoint/checkpoint-75.pth.tar', 58.08)
 ('./output/train/20250909-180938-mobilenetv2_100-224/checkpoint/checkpoint-61.pth.tar', 58.04)
 ('./output/train/20250909-180938-mobilenetv2_100-224/checkpoint/checkpoint-143.pth.tar', 58.04)
 ('./output/train/20250909-180938-mobilenetv2_100-224/checkpoint/checkpoint-35.pth.tar', 57.98)
 ('./output/train/20250909-180938-mobilenetv2_100-224/checkpoint/checkpoint-103.pth.tar', 57.72)

2025-09-09 21:31:49,833 -                train: [    INFO] - Train: 144 [   0/195 (  0%)]  Loss: 23.48 (23.5)  Loss_gt: 3.180 (3.18)  Loss_kd: 20.30 (20.3) LR: 5.000e-02
2025-09-09 21:33:10,546 -                train: [    INFO] - Train: 144 [ 194/195 (100%)]  Loss: 23.48 (23.9)  Loss_gt: 3.297 (3.28)  Loss_kd: 20.18 (20.7) LR: 5.000e-02
2025-09-09 21:33:10,990 -                train: [    INFO] - Test: [   0/39]  Time: 0.419 (0.419)  Loss:  1.9713 (1.9713)  Acc@1: 57.8125 (57.8125)  Acc@5: 85.5469 (85.5469)
2025-09-09 21:33:13,861 -                train: [    INFO] - Test: [  39/39]  Time: 0.022 (0.082)  Loss:  2.2986 (2.2030)  Acc@1: 56.2500 (54.7200)  Acc@5: 81.2500 (82.1500)
2025-09-09 21:33:14,717 -                train: [    INFO] - Train: 145 [   0/195 (  0%)]  Loss: 24.29 (24.3)  Loss_gt: 3.073 (3.07)  Loss_kd: 21.22 (21.2) LR: 5.000e-02
2025-09-09 21:34:34,136 -                train: [    INFO] - Train: 145 [ 194/195 (100%)]  Loss: 25.22 (24.0)  Loss_gt: 3.208 (3.29)  Loss_kd: 22.01 (20.7) LR: 5.000e-02
2025-09-09 21:34:34,569 -                train: [    INFO] - Test: [   0/39]  Time: 0.409 (0.409)  Loss:  2.2675 (2.2675)  Acc@1: 52.7344 (52.7344)  Acc@5: 80.0781 (80.0781)
2025-09-09 21:34:37,439 -                train: [    INFO] - Test: [  39/39]  Time: 0.023 (0.082)  Loss:  2.7799 (2.6631)  Acc@1: 50.0000 (48.7700)  Acc@5: 56.2500 (75.4100)
2025-09-09 21:34:38,303 -                train: [    INFO] - Train: 146 [   0/195 (  0%)]  Loss: 23.70 (23.7)  Loss_gt: 3.105 (3.11)  Loss_kd: 20.59 (20.6) LR: 5.000e-02
2025-09-09 21:35:58,170 -                train: [    INFO] - Train: 146 [ 194/195 (100%)]  Loss: 24.68 (23.8)  Loss_gt: 3.403 (3.28)  Loss_kd: 21.27 (20.6) LR: 5.000e-02
2025-09-09 21:35:58,618 -                train: [    INFO] - Test: [   0/39]  Time: 0.428 (0.428)  Loss:  1.9223 (1.9223)  Acc@1: 60.1562 (60.1562)  Acc@5: 83.2031 (83.2031)
2025-09-09 21:36:01,489 -                train: [    INFO] - Test: [  39/39]  Time: 0.022 (0.082)  Loss:  1.8041 (2.2340)  Acc@1: 56.2500 (53.3800)  Acc@5: 81.2500 (81.7000)
2025-09-09 21:36:02,328 -                train: [    INFO] - Train: 147 [   0/195 (  0%)]  Loss: 22.48 (22.5)  Loss_gt: 3.348 (3.35)  Loss_kd: 19.13 (19.1) LR: 5.000e-02
2025-09-09 21:37:21,858 -                train: [    INFO] - Train: 147 [ 194/195 (100%)]  Loss: 24.53 (24.0)  Loss_gt: 3.624 (3.29)  Loss_kd: 20.91 (20.7) LR: 5.000e-02
2025-09-09 21:37:22,297 -                train: [    INFO] - Test: [   0/39]  Time: 0.414 (0.414)  Loss:  2.6505 (2.6505)  Acc@1: 53.9062 (53.9062)  Acc@5: 75.3906 (75.3906)
2025-09-09 21:37:25,200 -                train: [    INFO] - Test: [  39/39]  Time: 0.023 (0.083)  Loss:  2.8081 (2.9266)  Acc@1: 56.2500 (45.4800)  Acc@5: 68.7500 (73.6300)
2025-09-09 21:37:26,037 -                train: [    INFO] - Train: 148 [   0/195 (  0%)]  Loss: 24.79 (24.8)  Loss_gt: 3.175 (3.17)  Loss_kd: 21.62 (21.6) LR: 5.000e-02
2025-09-09 21:38:45,628 -                train: [    INFO] - Train: 148 [ 194/195 (100%)]  Loss: 24.78 (23.8)  Loss_gt: 3.399 (3.28)  Loss_kd: 21.38 (20.6) LR: 5.000e-02
2025-09-09 21:38:46,045 -                train: [    INFO] - Test: [   0/39]  Time: 0.397 (0.397)  Loss:  2.0782 (2.0782)  Acc@1: 59.3750 (59.3750)  Acc@5: 82.4219 (82.4219)
2025-09-09 21:38:48,913 -                train: [    INFO] - Test: [  39/39]  Time: 0.023 (0.082)  Loss:  1.7782 (2.5097)  Acc@1: 68.7500 (51.2600)  Acc@5: 81.2500 (79.0200)
2025-09-09 21:38:49,734 -                train: [    INFO] - Train: 149 [   0/195 (  0%)]  Loss: 23.52 (23.5)  Loss_gt: 3.095 (3.10)  Loss_kd: 20.43 (20.4) LR: 5.000e-03
2025-09-09 21:40:09,362 -                train: [    INFO] - Train: 149 [ 194/195 (100%)]  Loss: 19.29 (20.7)  Loss_gt: 3.061 (3.03)  Loss_kd: 16.23 (17.6) LR: 5.000e-03
2025-09-09 21:40:09,779 -                train: [    INFO] - Test: [   0/39]  Time: 0.397 (0.397)  Loss:  0.9831 (0.9831)  Acc@1: 73.0469 (73.0469)  Acc@5: 92.9688 (92.9688)
2025-09-09 21:40:12,597 -                train: [    INFO] - Test: [  39/39]  Time: 0.024 (0.080)  Loss:  1.1005 (1.1662)  Acc@1: 81.2500 (71.0900)  Acc@5: 87.5000 (92.6100)
2025-09-09 21:40:12,719 - timm.utils.checkpoint_saver: [    INFO] - Current checkpoints:
 ('./output/train/20250909-180938-mobilenetv2_100-224/checkpoint/checkpoint-149.pth.tar', 71.09)
 ('./output/train/20250909-180938-mobilenetv2_100-224/checkpoint/checkpoint-122.pth.tar', 60.19)
 ('./output/train/20250909-180938-mobilenetv2_100-224/checkpoint/checkpoint-58.pth.tar', 60.16)
 ('./output/train/20250909-180938-mobilenetv2_100-224/checkpoint/checkpoint-119.pth.tar', 59.78)
 ('./output/train/20250909-180938-mobilenetv2_100-224/checkpoint/checkpoint-38.pth.tar', 58.64)
 ('./output/train/20250909-180938-mobilenetv2_100-224/checkpoint/checkpoint-70.pth.tar', 58.62)
 ('./output/train/20250909-180938-mobilenetv2_100-224/checkpoint/checkpoint-75.pth.tar', 58.08)
 ('./output/train/20250909-180938-mobilenetv2_100-224/checkpoint/checkpoint-61.pth.tar', 58.04)
 ('./output/train/20250909-180938-mobilenetv2_100-224/checkpoint/checkpoint-143.pth.tar', 58.04)
 ('./output/train/20250909-180938-mobilenetv2_100-224/checkpoint/checkpoint-35.pth.tar', 57.98)

2025-09-09 21:40:13,445 -                train: [    INFO] - Train: 150 [   0/195 (  0%)]  Loss: 20.54 (20.5)  Loss_gt: 2.857 (2.86)  Loss_kd: 17.68 (17.7) LR: 5.000e-03
2025-09-09 21:41:33,118 -                train: [    INFO] - Train: 150 [ 194/195 (100%)]  Loss: 19.04 (19.5)  Loss_gt: 2.957 (2.96)  Loss_kd: 16.08 (16.5) LR: 5.000e-03
2025-09-09 21:41:33,530 -                train: [    INFO] - Test: [   0/39]  Time: 0.392 (0.392)  Loss:  0.9835 (0.9835)  Acc@1: 74.2188 (74.2188)  Acc@5: 94.5312 (94.5312)
2025-09-09 21:41:36,553 -                train: [    INFO] - Test: [  39/39]  Time: 0.025 (0.085)  Loss:  1.2627 (1.1062)  Acc@1: 75.0000 (72.5400)  Acc@5: 87.5000 (93.2000)
2025-09-09 21:41:36,671 - timm.utils.checkpoint_saver: [    INFO] - Current checkpoints:
 ('./output/train/20250909-180938-mobilenetv2_100-224/checkpoint/checkpoint-150.pth.tar', 72.54)
 ('./output/train/20250909-180938-mobilenetv2_100-224/checkpoint/checkpoint-149.pth.tar', 71.09)
 ('./output/train/20250909-180938-mobilenetv2_100-224/checkpoint/checkpoint-122.pth.tar', 60.19)
 ('./output/train/20250909-180938-mobilenetv2_100-224/checkpoint/checkpoint-58.pth.tar', 60.16)
 ('./output/train/20250909-180938-mobilenetv2_100-224/checkpoint/checkpoint-119.pth.tar', 59.78)
 ('./output/train/20250909-180938-mobilenetv2_100-224/checkpoint/checkpoint-38.pth.tar', 58.64)
 ('./output/train/20250909-180938-mobilenetv2_100-224/checkpoint/checkpoint-70.pth.tar', 58.62)
 ('./output/train/20250909-180938-mobilenetv2_100-224/checkpoint/checkpoint-75.pth.tar', 58.08)
 ('./output/train/20250909-180938-mobilenetv2_100-224/checkpoint/checkpoint-61.pth.tar', 58.04)
 ('./output/train/20250909-180938-mobilenetv2_100-224/checkpoint/checkpoint-143.pth.tar', 58.04)

2025-09-09 21:41:37,422 -                train: [    INFO] - Train: 151 [   0/195 (  0%)]  Loss: 18.47 (18.5)  Loss_gt: 2.888 (2.89)  Loss_kd: 15.58 (15.6) LR: 5.000e-03
2025-09-09 21:42:57,218 -                train: [    INFO] - Train: 151 [ 194/195 (100%)]  Loss: 19.64 (18.9)  Loss_gt: 2.916 (2.91)  Loss_kd: 16.73 (16.0) LR: 5.000e-03
2025-09-09 21:42:57,638 -                train: [    INFO] - Test: [   0/39]  Time: 0.401 (0.401)  Loss:  0.9257 (0.9257)  Acc@1: 77.3438 (77.3438)  Acc@5: 93.7500 (93.7500)
2025-09-09 21:43:00,586 -                train: [    INFO] - Test: [  39/39]  Time: 0.023 (0.084)  Loss:  1.1306 (1.0760)  Acc@1: 75.0000 (73.0200)  Acc@5: 87.5000 (93.2000)
2025-09-09 21:43:00,700 - timm.utils.checkpoint_saver: [    INFO] - Current checkpoints:
 ('./output/train/20250909-180938-mobilenetv2_100-224/checkpoint/checkpoint-151.pth.tar', 73.02)
 ('./output/train/20250909-180938-mobilenetv2_100-224/checkpoint/checkpoint-150.pth.tar', 72.54)
 ('./output/train/20250909-180938-mobilenetv2_100-224/checkpoint/checkpoint-149.pth.tar', 71.09)
 ('./output/train/20250909-180938-mobilenetv2_100-224/checkpoint/checkpoint-122.pth.tar', 60.19)
 ('./output/train/20250909-180938-mobilenetv2_100-224/checkpoint/checkpoint-58.pth.tar', 60.16)
 ('./output/train/20250909-180938-mobilenetv2_100-224/checkpoint/checkpoint-119.pth.tar', 59.78)
 ('./output/train/20250909-180938-mobilenetv2_100-224/checkpoint/checkpoint-38.pth.tar', 58.64)
 ('./output/train/20250909-180938-mobilenetv2_100-224/checkpoint/checkpoint-70.pth.tar', 58.62)
 ('./output/train/20250909-180938-mobilenetv2_100-224/checkpoint/checkpoint-75.pth.tar', 58.08)
 ('./output/train/20250909-180938-mobilenetv2_100-224/checkpoint/checkpoint-61.pth.tar', 58.04)

2025-09-09 21:43:01,412 -                train: [    INFO] - Train: 152 [   0/195 (  0%)]  Loss: 18.69 (18.7)  Loss_gt: 2.970 (2.97)  Loss_kd: 15.72 (15.7) LR: 5.000e-03
2025-09-09 21:44:20,745 -                train: [    INFO] - Train: 152 [ 194/195 (100%)]  Loss: 18.98 (18.6)  Loss_gt: 2.863 (2.90)  Loss_kd: 16.12 (15.7) LR: 5.000e-03
2025-09-09 21:44:21,178 -                train: [    INFO] - Test: [   0/39]  Time: 0.407 (0.407)  Loss:  0.9274 (0.9274)  Acc@1: 76.9531 (76.9531)  Acc@5: 93.3594 (93.3594)
2025-09-09 21:44:24,065 -                train: [    INFO] - Test: [  39/39]  Time: 0.024 (0.082)  Loss:  0.9978 (1.0596)  Acc@1: 75.0000 (73.5500)  Acc@5: 87.5000 (93.4000)
2025-09-09 21:44:24,177 - timm.utils.checkpoint_saver: [    INFO] - Current checkpoints:
 ('./output/train/20250909-180938-mobilenetv2_100-224/checkpoint/checkpoint-152.pth.tar', 73.55)
 ('./output/train/20250909-180938-mobilenetv2_100-224/checkpoint/checkpoint-151.pth.tar', 73.02)
 ('./output/train/20250909-180938-mobilenetv2_100-224/checkpoint/checkpoint-150.pth.tar', 72.54)
 ('./output/train/20250909-180938-mobilenetv2_100-224/checkpoint/checkpoint-149.pth.tar', 71.09)
 ('./output/train/20250909-180938-mobilenetv2_100-224/checkpoint/checkpoint-122.pth.tar', 60.19)
 ('./output/train/20250909-180938-mobilenetv2_100-224/checkpoint/checkpoint-58.pth.tar', 60.16)
 ('./output/train/20250909-180938-mobilenetv2_100-224/checkpoint/checkpoint-119.pth.tar', 59.78)
 ('./output/train/20250909-180938-mobilenetv2_100-224/checkpoint/checkpoint-38.pth.tar', 58.64)
 ('./output/train/20250909-180938-mobilenetv2_100-224/checkpoint/checkpoint-70.pth.tar', 58.62)
 ('./output/train/20250909-180938-mobilenetv2_100-224/checkpoint/checkpoint-75.pth.tar', 58.08)

2025-09-09 21:44:24,892 -                train: [    INFO] - Train: 153 [   0/195 (  0%)]  Loss: 17.97 (18.0)  Loss_gt: 2.915 (2.92)  Loss_kd: 15.05 (15.1) LR: 5.000e-03
2025-09-09 21:45:44,373 -                train: [    INFO] - Train: 153 [ 194/195 (100%)]  Loss: 18.05 (18.3)  Loss_gt: 2.788 (2.88)  Loss_kd: 15.26 (15.5) LR: 5.000e-03
2025-09-09 21:45:44,786 -                train: [    INFO] - Test: [   0/39]  Time: 0.393 (0.393)  Loss:  0.9724 (0.9724)  Acc@1: 78.5156 (78.5156)  Acc@5: 92.5781 (92.5781)
2025-09-09 21:45:47,660 -                train: [    INFO] - Test: [  39/39]  Time: 0.027 (0.082)  Loss:  0.8097 (1.0855)  Acc@1: 81.2500 (72.7500)  Acc@5: 87.5000 (93.0700)
2025-09-09 21:45:47,780 - timm.utils.checkpoint_saver: [    INFO] - Current checkpoints:
 ('./output/train/20250909-180938-mobilenetv2_100-224/checkpoint/checkpoint-152.pth.tar', 73.55)
 ('./output/train/20250909-180938-mobilenetv2_100-224/checkpoint/checkpoint-151.pth.tar', 73.02)
 ('./output/train/20250909-180938-mobilenetv2_100-224/checkpoint/checkpoint-153.pth.tar', 72.75)
 ('./output/train/20250909-180938-mobilenetv2_100-224/checkpoint/checkpoint-150.pth.tar', 72.54)
 ('./output/train/20250909-180938-mobilenetv2_100-224/checkpoint/checkpoint-149.pth.tar', 71.09)
 ('./output/train/20250909-180938-mobilenetv2_100-224/checkpoint/checkpoint-122.pth.tar', 60.19)
 ('./output/train/20250909-180938-mobilenetv2_100-224/checkpoint/checkpoint-58.pth.tar', 60.16)
 ('./output/train/20250909-180938-mobilenetv2_100-224/checkpoint/checkpoint-119.pth.tar', 59.78)
 ('./output/train/20250909-180938-mobilenetv2_100-224/checkpoint/checkpoint-38.pth.tar', 58.64)
 ('./output/train/20250909-180938-mobilenetv2_100-224/checkpoint/checkpoint-70.pth.tar', 58.62)

2025-09-09 21:45:48,528 -                train: [    INFO] - Train: 154 [   0/195 (  0%)]  Loss: 17.87 (17.9)  Loss_gt: 2.853 (2.85)  Loss_kd: 15.02 (15.0) LR: 5.000e-03
2025-09-09 21:47:08,308 -                train: [    INFO] - Train: 154 [ 194/195 (100%)]  Loss: 17.94 (18.2)  Loss_gt: 2.951 (2.86)  Loss_kd: 14.99 (15.3) LR: 5.000e-03
2025-09-09 21:47:08,738 -                train: [    INFO] - Test: [   0/39]  Time: 0.410 (0.410)  Loss:  0.8839 (0.8839)  Acc@1: 78.9062 (78.9062)  Acc@5: 94.5312 (94.5312)
2025-09-09 21:47:11,728 -                train: [    INFO] - Test: [  39/39]  Time: 0.026 (0.085)  Loss:  1.0374 (1.0324)  Acc@1: 75.0000 (73.7800)  Acc@5: 87.5000 (93.9000)
2025-09-09 21:47:11,823 - timm.utils.checkpoint_saver: [    INFO] - Current checkpoints:
 ('./output/train/20250909-180938-mobilenetv2_100-224/checkpoint/checkpoint-154.pth.tar', 73.78)
 ('./output/train/20250909-180938-mobilenetv2_100-224/checkpoint/checkpoint-152.pth.tar', 73.55)
 ('./output/train/20250909-180938-mobilenetv2_100-224/checkpoint/checkpoint-151.pth.tar', 73.02)
 ('./output/train/20250909-180938-mobilenetv2_100-224/checkpoint/checkpoint-153.pth.tar', 72.75)
 ('./output/train/20250909-180938-mobilenetv2_100-224/checkpoint/checkpoint-150.pth.tar', 72.54)
 ('./output/train/20250909-180938-mobilenetv2_100-224/checkpoint/checkpoint-149.pth.tar', 71.09)
 ('./output/train/20250909-180938-mobilenetv2_100-224/checkpoint/checkpoint-122.pth.tar', 60.19)
 ('./output/train/20250909-180938-mobilenetv2_100-224/checkpoint/checkpoint-58.pth.tar', 60.16)
 ('./output/train/20250909-180938-mobilenetv2_100-224/checkpoint/checkpoint-119.pth.tar', 59.78)
 ('./output/train/20250909-180938-mobilenetv2_100-224/checkpoint/checkpoint-38.pth.tar', 58.64)

2025-09-09 21:47:12,532 -                train: [    INFO] - Train: 155 [   0/195 (  0%)]  Loss: 17.97 (18.0)  Loss_gt: 2.787 (2.79)  Loss_kd: 15.18 (15.2) LR: 5.000e-03
2025-09-09 21:48:31,980 -                train: [    INFO] - Train: 155 [ 194/195 (100%)]  Loss: 17.99 (18.0)  Loss_gt: 2.835 (2.86)  Loss_kd: 15.16 (15.1) LR: 5.000e-03
2025-09-09 21:48:32,392 -                train: [    INFO] - Test: [   0/39]  Time: 0.392 (0.392)  Loss:  0.8940 (0.8940)  Acc@1: 77.7344 (77.7344)  Acc@5: 93.7500 (93.7500)
2025-09-09 21:48:35,571 -                train: [    INFO] - Test: [  39/39]  Time: 0.027 (0.089)  Loss:  0.9316 (1.0292)  Acc@1: 75.0000 (74.0400)  Acc@5: 93.7500 (94.0100)
2025-09-09 21:48:35,661 - timm.utils.checkpoint_saver: [    INFO] - Current checkpoints:
 ('./output/train/20250909-180938-mobilenetv2_100-224/checkpoint/checkpoint-155.pth.tar', 74.04)
 ('./output/train/20250909-180938-mobilenetv2_100-224/checkpoint/checkpoint-154.pth.tar', 73.78)
 ('./output/train/20250909-180938-mobilenetv2_100-224/checkpoint/checkpoint-152.pth.tar', 73.55)
 ('./output/train/20250909-180938-mobilenetv2_100-224/checkpoint/checkpoint-151.pth.tar', 73.02)
 ('./output/train/20250909-180938-mobilenetv2_100-224/checkpoint/checkpoint-153.pth.tar', 72.75)
 ('./output/train/20250909-180938-mobilenetv2_100-224/checkpoint/checkpoint-150.pth.tar', 72.54)
 ('./output/train/20250909-180938-mobilenetv2_100-224/checkpoint/checkpoint-149.pth.tar', 71.09)
 ('./output/train/20250909-180938-mobilenetv2_100-224/checkpoint/checkpoint-122.pth.tar', 60.19)
 ('./output/train/20250909-180938-mobilenetv2_100-224/checkpoint/checkpoint-58.pth.tar', 60.16)
 ('./output/train/20250909-180938-mobilenetv2_100-224/checkpoint/checkpoint-119.pth.tar', 59.78)

2025-09-09 21:48:36,394 -                train: [    INFO] - Train: 156 [   0/195 (  0%)]  Loss: 18.35 (18.3)  Loss_gt: 2.964 (2.96)  Loss_kd: 15.39 (15.4) LR: 5.000e-03
2025-09-09 21:49:56,465 -                train: [    INFO] - Train: 156 [ 194/195 (100%)]  Loss: 17.85 (17.8)  Loss_gt: 2.981 (2.85)  Loss_kd: 14.87 (14.9) LR: 5.000e-03
2025-09-09 21:49:56,909 -                train: [    INFO] - Test: [   0/39]  Time: 0.418 (0.418)  Loss:  0.8013 (0.8013)  Acc@1: 80.0781 (80.0781)  Acc@5: 94.1406 (94.1406)
2025-09-09 21:49:59,803 -                train: [    INFO] - Test: [  39/39]  Time: 0.024 (0.083)  Loss:  0.9414 (1.0042)  Acc@1: 75.0000 (74.7200)  Acc@5: 87.5000 (93.9900)
2025-09-09 21:49:59,902 - timm.utils.checkpoint_saver: [    INFO] - Current checkpoints:
 ('./output/train/20250909-180938-mobilenetv2_100-224/checkpoint/checkpoint-156.pth.tar', 74.72)
 ('./output/train/20250909-180938-mobilenetv2_100-224/checkpoint/checkpoint-155.pth.tar', 74.04)
 ('./output/train/20250909-180938-mobilenetv2_100-224/checkpoint/checkpoint-154.pth.tar', 73.78)
 ('./output/train/20250909-180938-mobilenetv2_100-224/checkpoint/checkpoint-152.pth.tar', 73.55)
 ('./output/train/20250909-180938-mobilenetv2_100-224/checkpoint/checkpoint-151.pth.tar', 73.02)
 ('./output/train/20250909-180938-mobilenetv2_100-224/checkpoint/checkpoint-153.pth.tar', 72.75)
 ('./output/train/20250909-180938-mobilenetv2_100-224/checkpoint/checkpoint-150.pth.tar', 72.54)
 ('./output/train/20250909-180938-mobilenetv2_100-224/checkpoint/checkpoint-149.pth.tar', 71.09)
 ('./output/train/20250909-180938-mobilenetv2_100-224/checkpoint/checkpoint-122.pth.tar', 60.19)
 ('./output/train/20250909-180938-mobilenetv2_100-224/checkpoint/checkpoint-58.pth.tar', 60.16)

2025-09-09 21:50:00,645 -                train: [    INFO] - Train: 157 [   0/195 (  0%)]  Loss: 17.49 (17.5)  Loss_gt: 2.795 (2.80)  Loss_kd: 14.69 (14.7) LR: 5.000e-03
2025-09-09 21:51:20,277 -                train: [    INFO] - Train: 157 [ 194/195 (100%)]  Loss: 17.73 (17.6)  Loss_gt: 2.877 (2.83)  Loss_kd: 14.86 (14.8) LR: 5.000e-03
2025-09-09 21:51:20,709 -                train: [    INFO] - Test: [   0/39]  Time: 0.415 (0.415)  Loss:  0.8663 (0.8663)  Acc@1: 80.0781 (80.0781)  Acc@5: 94.1406 (94.1406)
2025-09-09 21:51:23,623 -                train: [    INFO] - Test: [  39/39]  Time: 0.024 (0.083)  Loss:  1.1226 (1.0150)  Acc@1: 68.7500 (74.3700)  Acc@5: 93.7500 (94.2000)
2025-09-09 21:51:23,764 - timm.utils.checkpoint_saver: [    INFO] - Current checkpoints:
 ('./output/train/20250909-180938-mobilenetv2_100-224/checkpoint/checkpoint-156.pth.tar', 74.72)
 ('./output/train/20250909-180938-mobilenetv2_100-224/checkpoint/checkpoint-157.pth.tar', 74.37)
 ('./output/train/20250909-180938-mobilenetv2_100-224/checkpoint/checkpoint-155.pth.tar', 74.04)
 ('./output/train/20250909-180938-mobilenetv2_100-224/checkpoint/checkpoint-154.pth.tar', 73.78)
 ('./output/train/20250909-180938-mobilenetv2_100-224/checkpoint/checkpoint-152.pth.tar', 73.55)
 ('./output/train/20250909-180938-mobilenetv2_100-224/checkpoint/checkpoint-151.pth.tar', 73.02)
 ('./output/train/20250909-180938-mobilenetv2_100-224/checkpoint/checkpoint-153.pth.tar', 72.75)
 ('./output/train/20250909-180938-mobilenetv2_100-224/checkpoint/checkpoint-150.pth.tar', 72.54)
 ('./output/train/20250909-180938-mobilenetv2_100-224/checkpoint/checkpoint-149.pth.tar', 71.09)
 ('./output/train/20250909-180938-mobilenetv2_100-224/checkpoint/checkpoint-122.pth.tar', 60.19)

2025-09-09 21:51:24,510 -                train: [    INFO] - Train: 158 [   0/195 (  0%)]  Loss: 17.82 (17.8)  Loss_gt: 2.686 (2.69)  Loss_kd: 15.14 (15.1) LR: 5.000e-03
2025-09-09 21:52:44,189 -                train: [    INFO] - Train: 158 [ 194/195 (100%)]  Loss: 18.04 (17.6)  Loss_gt: 2.782 (2.84)  Loss_kd: 15.26 (14.7) LR: 5.000e-03
2025-09-09 21:52:44,606 -                train: [    INFO] - Test: [   0/39]  Time: 0.398 (0.398)  Loss:  0.8199 (0.8199)  Acc@1: 78.5156 (78.5156)  Acc@5: 94.1406 (94.1406)
2025-09-09 21:52:47,468 -                train: [    INFO] - Test: [  39/39]  Time: 0.022 (0.081)  Loss:  0.7603 (1.0012)  Acc@1: 75.0000 (74.8400)  Acc@5: 87.5000 (94.1100)
2025-09-09 21:52:47,573 - timm.utils.checkpoint_saver: [    INFO] - Current checkpoints:
 ('./output/train/20250909-180938-mobilenetv2_100-224/checkpoint/checkpoint-158.pth.tar', 74.84)
 ('./output/train/20250909-180938-mobilenetv2_100-224/checkpoint/checkpoint-156.pth.tar', 74.72)
 ('./output/train/20250909-180938-mobilenetv2_100-224/checkpoint/checkpoint-157.pth.tar', 74.37)
 ('./output/train/20250909-180938-mobilenetv2_100-224/checkpoint/checkpoint-155.pth.tar', 74.04)
 ('./output/train/20250909-180938-mobilenetv2_100-224/checkpoint/checkpoint-154.pth.tar', 73.78)
 ('./output/train/20250909-180938-mobilenetv2_100-224/checkpoint/checkpoint-152.pth.tar', 73.55)
 ('./output/train/20250909-180938-mobilenetv2_100-224/checkpoint/checkpoint-151.pth.tar', 73.02)
 ('./output/train/20250909-180938-mobilenetv2_100-224/checkpoint/checkpoint-153.pth.tar', 72.75)
 ('./output/train/20250909-180938-mobilenetv2_100-224/checkpoint/checkpoint-150.pth.tar', 72.54)
 ('./output/train/20250909-180938-mobilenetv2_100-224/checkpoint/checkpoint-149.pth.tar', 71.09)

2025-09-09 21:52:48,295 -                train: [    INFO] - Train: 159 [   0/195 (  0%)]  Loss: 17.15 (17.1)  Loss_gt: 2.729 (2.73)  Loss_kd: 14.42 (14.4) LR: 5.000e-03
2025-09-09 21:54:08,036 -                train: [    INFO] - Train: 159 [ 194/195 (100%)]  Loss: 18.19 (17.4)  Loss_gt: 2.940 (2.83)  Loss_kd: 15.25 (14.6) LR: 5.000e-03
2025-09-09 21:54:08,470 -                train: [    INFO] - Test: [   0/39]  Time: 0.411 (0.411)  Loss:  0.8499 (0.8499)  Acc@1: 78.1250 (78.1250)  Acc@5: 94.5312 (94.5312)
2025-09-09 21:54:11,408 -                train: [    INFO] - Test: [  39/39]  Time: 0.029 (0.084)  Loss:  0.7813 (0.9949)  Acc@1: 81.2500 (74.8600)  Acc@5: 93.7500 (94.1800)
2025-09-09 21:54:11,537 - timm.utils.checkpoint_saver: [    INFO] - Current checkpoints:
 ('./output/train/20250909-180938-mobilenetv2_100-224/checkpoint/checkpoint-159.pth.tar', 74.86)
 ('./output/train/20250909-180938-mobilenetv2_100-224/checkpoint/checkpoint-158.pth.tar', 74.84)
 ('./output/train/20250909-180938-mobilenetv2_100-224/checkpoint/checkpoint-156.pth.tar', 74.72)
 ('./output/train/20250909-180938-mobilenetv2_100-224/checkpoint/checkpoint-157.pth.tar', 74.37)
 ('./output/train/20250909-180938-mobilenetv2_100-224/checkpoint/checkpoint-155.pth.tar', 74.04)
 ('./output/train/20250909-180938-mobilenetv2_100-224/checkpoint/checkpoint-154.pth.tar', 73.78)
 ('./output/train/20250909-180938-mobilenetv2_100-224/checkpoint/checkpoint-152.pth.tar', 73.55)
 ('./output/train/20250909-180938-mobilenetv2_100-224/checkpoint/checkpoint-151.pth.tar', 73.02)
 ('./output/train/20250909-180938-mobilenetv2_100-224/checkpoint/checkpoint-153.pth.tar', 72.75)
 ('./output/train/20250909-180938-mobilenetv2_100-224/checkpoint/checkpoint-150.pth.tar', 72.54)

2025-09-09 21:54:12,259 -                train: [    INFO] - Train: 160 [   0/195 (  0%)]  Loss: 16.67 (16.7)  Loss_gt: 2.711 (2.71)  Loss_kd: 13.96 (14.0) LR: 5.000e-03
2025-09-09 21:55:32,432 -                train: [    INFO] - Train: 160 [ 194/195 (100%)]  Loss: 17.22 (17.4)  Loss_gt: 2.767 (2.81)  Loss_kd: 14.45 (14.6) LR: 5.000e-03
2025-09-09 21:55:33,034 -                train: [    INFO] - Test: [   0/39]  Time: 0.580 (0.580)  Loss:  0.8355 (0.8355)  Acc@1: 78.1250 (78.1250)  Acc@5: 93.7500 (93.7500)
2025-09-09 21:55:36,094 -                train: [    INFO] - Test: [  39/39]  Time: 0.022 (0.091)  Loss:  0.8125 (1.0202)  Acc@1: 81.2500 (74.5900)  Acc@5: 93.7500 (93.9100)
2025-09-09 21:55:36,214 - timm.utils.checkpoint_saver: [    INFO] - Current checkpoints:
 ('./output/train/20250909-180938-mobilenetv2_100-224/checkpoint/checkpoint-159.pth.tar', 74.86)
 ('./output/train/20250909-180938-mobilenetv2_100-224/checkpoint/checkpoint-158.pth.tar', 74.84)
 ('./output/train/20250909-180938-mobilenetv2_100-224/checkpoint/checkpoint-156.pth.tar', 74.72)
 ('./output/train/20250909-180938-mobilenetv2_100-224/checkpoint/checkpoint-160.pth.tar', 74.59)
 ('./output/train/20250909-180938-mobilenetv2_100-224/checkpoint/checkpoint-157.pth.tar', 74.37)
 ('./output/train/20250909-180938-mobilenetv2_100-224/checkpoint/checkpoint-155.pth.tar', 74.04)
 ('./output/train/20250909-180938-mobilenetv2_100-224/checkpoint/checkpoint-154.pth.tar', 73.78)
 ('./output/train/20250909-180938-mobilenetv2_100-224/checkpoint/checkpoint-152.pth.tar', 73.55)
 ('./output/train/20250909-180938-mobilenetv2_100-224/checkpoint/checkpoint-151.pth.tar', 73.02)
 ('./output/train/20250909-180938-mobilenetv2_100-224/checkpoint/checkpoint-153.pth.tar', 72.75)

2025-09-09 21:55:36,928 -                train: [    INFO] - Train: 161 [   0/195 (  0%)]  Loss: 17.18 (17.2)  Loss_gt: 2.630 (2.63)  Loss_kd: 14.55 (14.5) LR: 5.000e-03
2025-09-09 21:56:56,837 -                train: [    INFO] - Train: 161 [ 194/195 (100%)]  Loss: 16.84 (17.2)  Loss_gt: 2.639 (2.81)  Loss_kd: 14.21 (14.4) LR: 5.000e-03
2025-09-09 21:56:57,254 -                train: [    INFO] - Test: [   0/39]  Time: 0.398 (0.398)  Loss:  0.8469 (0.8469)  Acc@1: 78.1250 (78.1250)  Acc@5: 96.0938 (96.0938)
2025-09-09 21:57:00,092 -                train: [    INFO] - Test: [  39/39]  Time: 0.023 (0.081)  Loss:  0.8230 (1.0078)  Acc@1: 81.2500 (74.5800)  Acc@5: 87.5000 (94.0600)
2025-09-09 21:57:00,180 - timm.utils.checkpoint_saver: [    INFO] - Current checkpoints:
 ('./output/train/20250909-180938-mobilenetv2_100-224/checkpoint/checkpoint-159.pth.tar', 74.86)
 ('./output/train/20250909-180938-mobilenetv2_100-224/checkpoint/checkpoint-158.pth.tar', 74.84)
 ('./output/train/20250909-180938-mobilenetv2_100-224/checkpoint/checkpoint-156.pth.tar', 74.72)
 ('./output/train/20250909-180938-mobilenetv2_100-224/checkpoint/checkpoint-160.pth.tar', 74.59)
 ('./output/train/20250909-180938-mobilenetv2_100-224/checkpoint/checkpoint-161.pth.tar', 74.58)
 ('./output/train/20250909-180938-mobilenetv2_100-224/checkpoint/checkpoint-157.pth.tar', 74.37)
 ('./output/train/20250909-180938-mobilenetv2_100-224/checkpoint/checkpoint-155.pth.tar', 74.04)
 ('./output/train/20250909-180938-mobilenetv2_100-224/checkpoint/checkpoint-154.pth.tar', 73.78)
 ('./output/train/20250909-180938-mobilenetv2_100-224/checkpoint/checkpoint-152.pth.tar', 73.55)
 ('./output/train/20250909-180938-mobilenetv2_100-224/checkpoint/checkpoint-151.pth.tar', 73.02)

2025-09-09 21:57:00,912 -                train: [    INFO] - Train: 162 [   0/195 (  0%)]  Loss: 17.02 (17.0)  Loss_gt: 2.729 (2.73)  Loss_kd: 14.30 (14.3) LR: 5.000e-03
2025-09-09 21:58:20,729 -                train: [    INFO] - Train: 162 [ 194/195 (100%)]  Loss: 16.53 (17.2)  Loss_gt: 2.923 (2.81)  Loss_kd: 13.61 (14.4) LR: 5.000e-03
2025-09-09 21:58:21,150 -                train: [    INFO] - Test: [   0/39]  Time: 0.398 (0.398)  Loss:  0.8175 (0.8175)  Acc@1: 80.4688 (80.4688)  Acc@5: 93.7500 (93.7500)
2025-09-09 21:58:24,014 -                train: [    INFO] - Test: [  39/39]  Time: 0.024 (0.082)  Loss:  0.8339 (0.9818)  Acc@1: 81.2500 (75.3800)  Acc@5: 93.7500 (94.1800)
2025-09-09 21:58:24,111 - timm.utils.checkpoint_saver: [    INFO] - Current checkpoints:
 ('./output/train/20250909-180938-mobilenetv2_100-224/checkpoint/checkpoint-162.pth.tar', 75.38)
 ('./output/train/20250909-180938-mobilenetv2_100-224/checkpoint/checkpoint-159.pth.tar', 74.86)
 ('./output/train/20250909-180938-mobilenetv2_100-224/checkpoint/checkpoint-158.pth.tar', 74.84)
 ('./output/train/20250909-180938-mobilenetv2_100-224/checkpoint/checkpoint-156.pth.tar', 74.72)
 ('./output/train/20250909-180938-mobilenetv2_100-224/checkpoint/checkpoint-160.pth.tar', 74.59)
 ('./output/train/20250909-180938-mobilenetv2_100-224/checkpoint/checkpoint-161.pth.tar', 74.58)
 ('./output/train/20250909-180938-mobilenetv2_100-224/checkpoint/checkpoint-157.pth.tar', 74.37)
 ('./output/train/20250909-180938-mobilenetv2_100-224/checkpoint/checkpoint-155.pth.tar', 74.04)
 ('./output/train/20250909-180938-mobilenetv2_100-224/checkpoint/checkpoint-154.pth.tar', 73.78)
 ('./output/train/20250909-180938-mobilenetv2_100-224/checkpoint/checkpoint-152.pth.tar', 73.55)

2025-09-09 21:58:24,847 -                train: [    INFO] - Train: 163 [   0/195 (  0%)]  Loss: 16.05 (16.1)  Loss_gt: 2.816 (2.82)  Loss_kd: 13.24 (13.2) LR: 5.000e-03
2025-09-09 21:59:44,609 -                train: [    INFO] - Train: 163 [ 194/195 (100%)]  Loss: 17.64 (17.1)  Loss_gt: 2.666 (2.79)  Loss_kd: 14.97 (14.3) LR: 5.000e-03
2025-09-09 21:59:45,026 -                train: [    INFO] - Test: [   0/39]  Time: 0.397 (0.397)  Loss:  0.8535 (0.8535)  Acc@1: 75.3906 (75.3906)  Acc@5: 94.5312 (94.5312)
2025-09-09 21:59:47,846 -                train: [    INFO] - Test: [  39/39]  Time: 0.022 (0.080)  Loss:  0.9289 (1.0272)  Acc@1: 75.0000 (74.2500)  Acc@5: 87.5000 (93.9500)
2025-09-09 21:59:47,968 - timm.utils.checkpoint_saver: [    INFO] - Current checkpoints:
 ('./output/train/20250909-180938-mobilenetv2_100-224/checkpoint/checkpoint-162.pth.tar', 75.38)
 ('./output/train/20250909-180938-mobilenetv2_100-224/checkpoint/checkpoint-159.pth.tar', 74.86)
 ('./output/train/20250909-180938-mobilenetv2_100-224/checkpoint/checkpoint-158.pth.tar', 74.84)
 ('./output/train/20250909-180938-mobilenetv2_100-224/checkpoint/checkpoint-156.pth.tar', 74.72)
 ('./output/train/20250909-180938-mobilenetv2_100-224/checkpoint/checkpoint-160.pth.tar', 74.59)
 ('./output/train/20250909-180938-mobilenetv2_100-224/checkpoint/checkpoint-161.pth.tar', 74.58)
 ('./output/train/20250909-180938-mobilenetv2_100-224/checkpoint/checkpoint-157.pth.tar', 74.37)
 ('./output/train/20250909-180938-mobilenetv2_100-224/checkpoint/checkpoint-163.pth.tar', 74.25)
 ('./output/train/20250909-180938-mobilenetv2_100-224/checkpoint/checkpoint-155.pth.tar', 74.04)
 ('./output/train/20250909-180938-mobilenetv2_100-224/checkpoint/checkpoint-154.pth.tar', 73.78)

2025-09-09 21:59:48,682 -                train: [    INFO] - Train: 164 [   0/195 (  0%)]  Loss: 16.15 (16.2)  Loss_gt: 2.822 (2.82)  Loss_kd: 13.33 (13.3) LR: 5.000e-03
2025-09-09 22:01:08,388 -                train: [    INFO] - Train: 164 [ 194/195 (100%)]  Loss: 16.56 (17.1)  Loss_gt: 2.629 (2.80)  Loss_kd: 13.93 (14.3) LR: 5.000e-03
2025-09-09 22:01:08,824 -                train: [    INFO] - Test: [   0/39]  Time: 0.418 (0.418)  Loss:  0.8281 (0.8281)  Acc@1: 79.6875 (79.6875)  Acc@5: 94.5312 (94.5312)
2025-09-09 22:01:11,993 -                train: [    INFO] - Test: [  39/39]  Time: 0.024 (0.090)  Loss:  0.8295 (1.0402)  Acc@1: 75.0000 (74.8000)  Acc@5: 93.7500 (93.7300)
2025-09-09 22:01:12,090 - timm.utils.checkpoint_saver: [    INFO] - Current checkpoints:
 ('./output/train/20250909-180938-mobilenetv2_100-224/checkpoint/checkpoint-162.pth.tar', 75.38)
 ('./output/train/20250909-180938-mobilenetv2_100-224/checkpoint/checkpoint-159.pth.tar', 74.86)
 ('./output/train/20250909-180938-mobilenetv2_100-224/checkpoint/checkpoint-158.pth.tar', 74.84)
 ('./output/train/20250909-180938-mobilenetv2_100-224/checkpoint/checkpoint-164.pth.tar', 74.8)
 ('./output/train/20250909-180938-mobilenetv2_100-224/checkpoint/checkpoint-156.pth.tar', 74.72)
 ('./output/train/20250909-180938-mobilenetv2_100-224/checkpoint/checkpoint-160.pth.tar', 74.59)
 ('./output/train/20250909-180938-mobilenetv2_100-224/checkpoint/checkpoint-161.pth.tar', 74.58)
 ('./output/train/20250909-180938-mobilenetv2_100-224/checkpoint/checkpoint-157.pth.tar', 74.37)
 ('./output/train/20250909-180938-mobilenetv2_100-224/checkpoint/checkpoint-163.pth.tar', 74.25)
 ('./output/train/20250909-180938-mobilenetv2_100-224/checkpoint/checkpoint-155.pth.tar', 74.04)

2025-09-09 22:01:12,931 -                train: [    INFO] - Train: 165 [   0/195 (  0%)]  Loss: 16.98 (17.0)  Loss_gt: 2.810 (2.81)  Loss_kd: 14.17 (14.2) LR: 5.000e-03
2025-09-09 22:02:32,821 -                train: [    INFO] - Train: 165 [ 194/195 (100%)]  Loss: 16.81 (17.0)  Loss_gt: 2.791 (2.80)  Loss_kd: 14.02 (14.2) LR: 5.000e-03
2025-09-09 22:02:33,275 -                train: [    INFO] - Test: [   0/39]  Time: 0.433 (0.433)  Loss:  0.7814 (0.7814)  Acc@1: 83.2031 (83.2031)  Acc@5: 94.9219 (94.9219)
2025-09-09 22:02:36,210 -                train: [    INFO] - Test: [  39/39]  Time: 0.023 (0.084)  Loss:  0.8640 (0.9839)  Acc@1: 75.0000 (75.6400)  Acc@5: 87.5000 (94.2400)
2025-09-09 22:02:36,354 - timm.utils.checkpoint_saver: [    INFO] - Current checkpoints:
 ('./output/train/20250909-180938-mobilenetv2_100-224/checkpoint/checkpoint-165.pth.tar', 75.64)
 ('./output/train/20250909-180938-mobilenetv2_100-224/checkpoint/checkpoint-162.pth.tar', 75.38)
 ('./output/train/20250909-180938-mobilenetv2_100-224/checkpoint/checkpoint-159.pth.tar', 74.86)
 ('./output/train/20250909-180938-mobilenetv2_100-224/checkpoint/checkpoint-158.pth.tar', 74.84)
 ('./output/train/20250909-180938-mobilenetv2_100-224/checkpoint/checkpoint-164.pth.tar', 74.8)
 ('./output/train/20250909-180938-mobilenetv2_100-224/checkpoint/checkpoint-156.pth.tar', 74.72)
 ('./output/train/20250909-180938-mobilenetv2_100-224/checkpoint/checkpoint-160.pth.tar', 74.59)
 ('./output/train/20250909-180938-mobilenetv2_100-224/checkpoint/checkpoint-161.pth.tar', 74.58)
 ('./output/train/20250909-180938-mobilenetv2_100-224/checkpoint/checkpoint-157.pth.tar', 74.37)
 ('./output/train/20250909-180938-mobilenetv2_100-224/checkpoint/checkpoint-163.pth.tar', 74.25)

2025-09-09 22:02:37,081 -                train: [    INFO] - Train: 166 [   0/195 (  0%)]  Loss: 16.00 (16.0)  Loss_gt: 2.823 (2.82)  Loss_kd: 13.18 (13.2) LR: 5.000e-03
2025-09-09 22:03:56,871 -                train: [    INFO] - Train: 166 [ 194/195 (100%)]  Loss: 16.42 (16.9)  Loss_gt: 2.881 (2.80)  Loss_kd: 13.54 (14.1) LR: 5.000e-03
2025-09-09 22:03:57,313 -                train: [    INFO] - Test: [   0/39]  Time: 0.422 (0.422)  Loss:  0.8470 (0.8470)  Acc@1: 78.9062 (78.9062)  Acc@5: 94.1406 (94.1406)
2025-09-09 22:04:00,489 -                train: [    INFO] - Test: [  39/39]  Time: 0.025 (0.090)  Loss:  0.8300 (0.9880)  Acc@1: 81.2500 (75.2500)  Acc@5: 93.7500 (94.1400)
2025-09-09 22:04:00,616 - timm.utils.checkpoint_saver: [    INFO] - Current checkpoints:
 ('./output/train/20250909-180938-mobilenetv2_100-224/checkpoint/checkpoint-165.pth.tar', 75.64)
 ('./output/train/20250909-180938-mobilenetv2_100-224/checkpoint/checkpoint-162.pth.tar', 75.38)
 ('./output/train/20250909-180938-mobilenetv2_100-224/checkpoint/checkpoint-166.pth.tar', 75.25)
 ('./output/train/20250909-180938-mobilenetv2_100-224/checkpoint/checkpoint-159.pth.tar', 74.86)
 ('./output/train/20250909-180938-mobilenetv2_100-224/checkpoint/checkpoint-158.pth.tar', 74.84)
 ('./output/train/20250909-180938-mobilenetv2_100-224/checkpoint/checkpoint-164.pth.tar', 74.8)
 ('./output/train/20250909-180938-mobilenetv2_100-224/checkpoint/checkpoint-156.pth.tar', 74.72)
 ('./output/train/20250909-180938-mobilenetv2_100-224/checkpoint/checkpoint-160.pth.tar', 74.59)
 ('./output/train/20250909-180938-mobilenetv2_100-224/checkpoint/checkpoint-161.pth.tar', 74.58)
 ('./output/train/20250909-180938-mobilenetv2_100-224/checkpoint/checkpoint-157.pth.tar', 74.37)

2025-09-09 22:04:01,358 -                train: [    INFO] - Train: 167 [   0/195 (  0%)]  Loss: 16.64 (16.6)  Loss_gt: 2.730 (2.73)  Loss_kd: 13.91 (13.9) LR: 5.000e-03
2025-09-09 22:05:21,197 -                train: [    INFO] - Train: 167 [ 194/195 (100%)]  Loss: 16.76 (16.8)  Loss_gt: 2.524 (2.79)  Loss_kd: 14.24 (14.1) LR: 5.000e-03
2025-09-09 22:05:21,684 -                train: [    INFO] - Test: [   0/39]  Time: 0.466 (0.466)  Loss:  0.8494 (0.8494)  Acc@1: 78.9062 (78.9062)  Acc@5: 94.1406 (94.1406)
2025-09-09 22:05:24,914 -                train: [    INFO] - Test: [  39/39]  Time: 0.023 (0.092)  Loss:  0.5573 (1.0129)  Acc@1: 81.2500 (74.4100)  Acc@5: 100.0000 (93.9800)
2025-09-09 22:05:25,035 - timm.utils.checkpoint_saver: [    INFO] - Current checkpoints:
 ('./output/train/20250909-180938-mobilenetv2_100-224/checkpoint/checkpoint-165.pth.tar', 75.64)
 ('./output/train/20250909-180938-mobilenetv2_100-224/checkpoint/checkpoint-162.pth.tar', 75.38)
 ('./output/train/20250909-180938-mobilenetv2_100-224/checkpoint/checkpoint-166.pth.tar', 75.25)
 ('./output/train/20250909-180938-mobilenetv2_100-224/checkpoint/checkpoint-159.pth.tar', 74.86)
 ('./output/train/20250909-180938-mobilenetv2_100-224/checkpoint/checkpoint-158.pth.tar', 74.84)
 ('./output/train/20250909-180938-mobilenetv2_100-224/checkpoint/checkpoint-164.pth.tar', 74.8)
 ('./output/train/20250909-180938-mobilenetv2_100-224/checkpoint/checkpoint-156.pth.tar', 74.72)
 ('./output/train/20250909-180938-mobilenetv2_100-224/checkpoint/checkpoint-160.pth.tar', 74.59)
 ('./output/train/20250909-180938-mobilenetv2_100-224/checkpoint/checkpoint-161.pth.tar', 74.58)
 ('./output/train/20250909-180938-mobilenetv2_100-224/checkpoint/checkpoint-167.pth.tar', 74.41)

2025-09-09 22:05:25,751 -                train: [    INFO] - Train: 168 [   0/195 (  0%)]  Loss: 16.56 (16.6)  Loss_gt: 2.901 (2.90)  Loss_kd: 13.66 (13.7) LR: 5.000e-03
2025-09-09 22:06:45,550 -                train: [    INFO] - Train: 168 [ 194/195 (100%)]  Loss: 16.91 (16.8)  Loss_gt: 2.957 (2.78)  Loss_kd: 13.96 (14.0) LR: 5.000e-03
2025-09-09 22:06:45,977 -                train: [    INFO] - Test: [   0/39]  Time: 0.404 (0.404)  Loss:  0.8569 (0.8569)  Acc@1: 78.5156 (78.5156)  Acc@5: 94.5312 (94.5312)
2025-09-09 22:06:49,174 -                train: [    INFO] - Test: [  39/39]  Time: 0.030 (0.090)  Loss:  0.5937 (1.0815)  Acc@1: 81.2500 (73.2400)  Acc@5: 100.0000 (93.5800)
2025-09-09 22:06:49,979 -                train: [    INFO] - Train: 169 [   0/195 (  0%)]  Loss: 16.33 (16.3)  Loss_gt: 2.655 (2.65)  Loss_kd: 13.68 (13.7) LR: 5.000e-03
2025-09-09 22:08:09,491 -                train: [    INFO] - Train: 169 [ 194/195 (100%)]  Loss: 17.69 (16.9)  Loss_gt: 2.769 (2.78)  Loss_kd: 14.92 (14.1) LR: 5.000e-03
2025-09-09 22:08:09,919 -                train: [    INFO] - Test: [   0/39]  Time: 0.409 (0.409)  Loss:  0.7915 (0.7915)  Acc@1: 81.6406 (81.6406)  Acc@5: 94.9219 (94.9219)
2025-09-09 22:08:12,818 -                train: [    INFO] - Test: [  39/39]  Time: 0.023 (0.083)  Loss:  0.9520 (0.9935)  Acc@1: 68.7500 (75.5300)  Acc@5: 93.7500 (94.1600)
2025-09-09 22:08:12,922 - timm.utils.checkpoint_saver: [    INFO] - Current checkpoints:
 ('./output/train/20250909-180938-mobilenetv2_100-224/checkpoint/checkpoint-165.pth.tar', 75.64)
 ('./output/train/20250909-180938-mobilenetv2_100-224/checkpoint/checkpoint-169.pth.tar', 75.53)
 ('./output/train/20250909-180938-mobilenetv2_100-224/checkpoint/checkpoint-162.pth.tar', 75.38)
 ('./output/train/20250909-180938-mobilenetv2_100-224/checkpoint/checkpoint-166.pth.tar', 75.25)
 ('./output/train/20250909-180938-mobilenetv2_100-224/checkpoint/checkpoint-159.pth.tar', 74.86)
 ('./output/train/20250909-180938-mobilenetv2_100-224/checkpoint/checkpoint-158.pth.tar', 74.84)
 ('./output/train/20250909-180938-mobilenetv2_100-224/checkpoint/checkpoint-164.pth.tar', 74.8)
 ('./output/train/20250909-180938-mobilenetv2_100-224/checkpoint/checkpoint-156.pth.tar', 74.72)
 ('./output/train/20250909-180938-mobilenetv2_100-224/checkpoint/checkpoint-160.pth.tar', 74.59)
 ('./output/train/20250909-180938-mobilenetv2_100-224/checkpoint/checkpoint-161.pth.tar', 74.58)

2025-09-09 22:08:13,672 -                train: [    INFO] - Train: 170 [   0/195 (  0%)]  Loss: 17.17 (17.2)  Loss_gt: 2.796 (2.80)  Loss_kd: 14.37 (14.4) LR: 5.000e-03
2025-09-09 22:09:33,330 -                train: [    INFO] - Train: 170 [ 194/195 (100%)]  Loss: 16.33 (16.7)  Loss_gt: 2.907 (2.78)  Loss_kd: 13.42 (14.0) LR: 5.000e-03
2025-09-09 22:09:33,750 -                train: [    INFO] - Test: [   0/39]  Time: 0.392 (0.392)  Loss:  0.8553 (0.8553)  Acc@1: 80.4688 (80.4688)  Acc@5: 93.3594 (93.3594)
2025-09-09 22:09:36,602 -                train: [    INFO] - Test: [  39/39]  Time: 0.023 (0.081)  Loss:  0.8081 (1.0030)  Acc@1: 75.0000 (75.0000)  Acc@5: 87.5000 (94.0400)
2025-09-09 22:09:36,706 - timm.utils.checkpoint_saver: [    INFO] - Current checkpoints:
 ('./output/train/20250909-180938-mobilenetv2_100-224/checkpoint/checkpoint-165.pth.tar', 75.64)
 ('./output/train/20250909-180938-mobilenetv2_100-224/checkpoint/checkpoint-169.pth.tar', 75.53)
 ('./output/train/20250909-180938-mobilenetv2_100-224/checkpoint/checkpoint-162.pth.tar', 75.38)
 ('./output/train/20250909-180938-mobilenetv2_100-224/checkpoint/checkpoint-166.pth.tar', 75.25)
 ('./output/train/20250909-180938-mobilenetv2_100-224/checkpoint/checkpoint-170.pth.tar', 75.0)
 ('./output/train/20250909-180938-mobilenetv2_100-224/checkpoint/checkpoint-159.pth.tar', 74.86)
 ('./output/train/20250909-180938-mobilenetv2_100-224/checkpoint/checkpoint-158.pth.tar', 74.84)
 ('./output/train/20250909-180938-mobilenetv2_100-224/checkpoint/checkpoint-164.pth.tar', 74.8)
 ('./output/train/20250909-180938-mobilenetv2_100-224/checkpoint/checkpoint-156.pth.tar', 74.72)
 ('./output/train/20250909-180938-mobilenetv2_100-224/checkpoint/checkpoint-160.pth.tar', 74.59)

2025-09-09 22:09:37,438 -                train: [    INFO] - Train: 171 [   0/195 (  0%)]  Loss: 16.34 (16.3)  Loss_gt: 2.887 (2.89)  Loss_kd: 13.46 (13.5) LR: 5.000e-03
2025-09-09 22:10:56,896 -                train: [    INFO] - Train: 171 [ 194/195 (100%)]  Loss: 17.31 (16.7)  Loss_gt: 2.884 (2.78)  Loss_kd: 14.42 (13.9) LR: 5.000e-03
2025-09-09 22:10:57,387 -                train: [    INFO] - Test: [   0/39]  Time: 0.463 (0.463)  Loss:  0.9077 (0.9077)  Acc@1: 78.9062 (78.9062)  Acc@5: 92.5781 (92.5781)
2025-09-09 22:11:00,354 -                train: [    INFO] - Test: [  39/39]  Time: 0.024 (0.086)  Loss:  0.7079 (0.9893)  Acc@1: 81.2500 (75.4300)  Acc@5: 93.7500 (93.9100)
2025-09-09 22:11:00,468 - timm.utils.checkpoint_saver: [    INFO] - Current checkpoints:
 ('./output/train/20250909-180938-mobilenetv2_100-224/checkpoint/checkpoint-165.pth.tar', 75.64)
 ('./output/train/20250909-180938-mobilenetv2_100-224/checkpoint/checkpoint-169.pth.tar', 75.53)
 ('./output/train/20250909-180938-mobilenetv2_100-224/checkpoint/checkpoint-171.pth.tar', 75.43)
 ('./output/train/20250909-180938-mobilenetv2_100-224/checkpoint/checkpoint-162.pth.tar', 75.38)
 ('./output/train/20250909-180938-mobilenetv2_100-224/checkpoint/checkpoint-166.pth.tar', 75.25)
 ('./output/train/20250909-180938-mobilenetv2_100-224/checkpoint/checkpoint-170.pth.tar', 75.0)
 ('./output/train/20250909-180938-mobilenetv2_100-224/checkpoint/checkpoint-159.pth.tar', 74.86)
 ('./output/train/20250909-180938-mobilenetv2_100-224/checkpoint/checkpoint-158.pth.tar', 74.84)
 ('./output/train/20250909-180938-mobilenetv2_100-224/checkpoint/checkpoint-164.pth.tar', 74.8)
 ('./output/train/20250909-180938-mobilenetv2_100-224/checkpoint/checkpoint-156.pth.tar', 74.72)

2025-09-09 22:11:01,231 -                train: [    INFO] - Train: 172 [   0/195 (  0%)]  Loss: 16.40 (16.4)  Loss_gt: 2.626 (2.63)  Loss_kd: 13.78 (13.8) LR: 5.000e-03
2025-09-09 22:12:21,176 -                train: [    INFO] - Train: 172 [ 194/195 (100%)]  Loss: 16.42 (16.7)  Loss_gt: 2.650 (2.77)  Loss_kd: 13.77 (14.0) LR: 5.000e-03
2025-09-09 22:12:21,627 -                train: [    INFO] - Test: [   0/39]  Time: 0.431 (0.431)  Loss:  0.8837 (0.8837)  Acc@1: 79.2969 (79.2969)  Acc@5: 93.7500 (93.7500)
2025-09-09 22:12:24,505 -                train: [    INFO] - Test: [  39/39]  Time: 0.023 (0.083)  Loss:  0.8313 (1.0371)  Acc@1: 81.2500 (74.4700)  Acc@5: 87.5000 (94.1300)
2025-09-09 22:12:25,351 -                train: [    INFO] - Train: 173 [   0/195 (  0%)]  Loss: 17.04 (17.0)  Loss_gt: 2.744 (2.74)  Loss_kd: 14.30 (14.3) LR: 5.000e-03
2025-09-09 22:13:45,658 -                train: [    INFO] - Train: 173 [ 194/195 (100%)]  Loss: 17.08 (16.7)  Loss_gt: 2.873 (2.77)  Loss_kd: 14.21 (13.9) LR: 5.000e-03
2025-09-09 22:13:46,092 -                train: [    INFO] - Test: [   0/39]  Time: 0.414 (0.414)  Loss:  0.8573 (0.8573)  Acc@1: 78.9062 (78.9062)  Acc@5: 93.3594 (93.3594)
2025-09-09 22:13:49,122 -                train: [    INFO] - Test: [  39/39]  Time: 0.026 (0.086)  Loss:  0.8924 (0.9803)  Acc@1: 75.0000 (75.7700)  Acc@5: 93.7500 (94.3000)
2025-09-09 22:13:49,219 - timm.utils.checkpoint_saver: [    INFO] - Current checkpoints:
 ('./output/train/20250909-180938-mobilenetv2_100-224/checkpoint/checkpoint-173.pth.tar', 75.77)
 ('./output/train/20250909-180938-mobilenetv2_100-224/checkpoint/checkpoint-165.pth.tar', 75.64)
 ('./output/train/20250909-180938-mobilenetv2_100-224/checkpoint/checkpoint-169.pth.tar', 75.53)
 ('./output/train/20250909-180938-mobilenetv2_100-224/checkpoint/checkpoint-171.pth.tar', 75.43)
 ('./output/train/20250909-180938-mobilenetv2_100-224/checkpoint/checkpoint-162.pth.tar', 75.38)
 ('./output/train/20250909-180938-mobilenetv2_100-224/checkpoint/checkpoint-166.pth.tar', 75.25)
 ('./output/train/20250909-180938-mobilenetv2_100-224/checkpoint/checkpoint-170.pth.tar', 75.0)
 ('./output/train/20250909-180938-mobilenetv2_100-224/checkpoint/checkpoint-159.pth.tar', 74.86)
 ('./output/train/20250909-180938-mobilenetv2_100-224/checkpoint/checkpoint-158.pth.tar', 74.84)
 ('./output/train/20250909-180938-mobilenetv2_100-224/checkpoint/checkpoint-164.pth.tar', 74.8)

2025-09-09 22:13:49,937 -                train: [    INFO] - Train: 174 [   0/195 (  0%)]  Loss: 17.33 (17.3)  Loss_gt: 2.778 (2.78)  Loss_kd: 14.56 (14.6) LR: 5.000e-03
2025-09-09 22:15:09,328 -                train: [    INFO] - Train: 174 [ 194/195 (100%)]  Loss: 16.24 (16.6)  Loss_gt: 2.694 (2.77)  Loss_kd: 13.55 (13.9) LR: 5.000e-03
2025-09-09 22:15:09,770 -                train: [    INFO] - Test: [   0/39]  Time: 0.418 (0.418)  Loss:  0.8264 (0.8264)  Acc@1: 80.8594 (80.8594)  Acc@5: 94.5312 (94.5312)
2025-09-09 22:15:12,684 -                train: [    INFO] - Test: [  39/39]  Time: 0.026 (0.083)  Loss:  1.0238 (1.0473)  Acc@1: 75.0000 (74.3400)  Acc@5: 87.5000 (94.1300)
2025-09-09 22:15:13,476 -                train: [    INFO] - Train: 175 [   0/195 (  0%)]  Loss: 16.66 (16.7)  Loss_gt: 2.822 (2.82)  Loss_kd: 13.84 (13.8) LR: 5.000e-03
2025-09-09 22:16:33,129 -                train: [    INFO] - Train: 175 [ 194/195 (100%)]  Loss: 16.13 (16.6)  Loss_gt: 2.703 (2.77)  Loss_kd: 13.42 (13.8) LR: 5.000e-03
2025-09-09 22:16:33,552 -                train: [    INFO] - Test: [   0/39]  Time: 0.400 (0.400)  Loss:  0.8213 (0.8213)  Acc@1: 80.4688 (80.4688)  Acc@5: 95.3125 (95.3125)
2025-09-09 22:16:36,613 -                train: [    INFO] - Test: [  39/39]  Time: 0.024 (0.087)  Loss:  0.8176 (0.9822)  Acc@1: 75.0000 (75.6200)  Acc@5: 93.7500 (94.3700)
2025-09-09 22:16:36,724 - timm.utils.checkpoint_saver: [    INFO] - Current checkpoints:
 ('./output/train/20250909-180938-mobilenetv2_100-224/checkpoint/checkpoint-173.pth.tar', 75.77)
 ('./output/train/20250909-180938-mobilenetv2_100-224/checkpoint/checkpoint-165.pth.tar', 75.64)
 ('./output/train/20250909-180938-mobilenetv2_100-224/checkpoint/checkpoint-175.pth.tar', 75.62)
 ('./output/train/20250909-180938-mobilenetv2_100-224/checkpoint/checkpoint-169.pth.tar', 75.53)
 ('./output/train/20250909-180938-mobilenetv2_100-224/checkpoint/checkpoint-171.pth.tar', 75.43)
 ('./output/train/20250909-180938-mobilenetv2_100-224/checkpoint/checkpoint-162.pth.tar', 75.38)
 ('./output/train/20250909-180938-mobilenetv2_100-224/checkpoint/checkpoint-166.pth.tar', 75.25)
 ('./output/train/20250909-180938-mobilenetv2_100-224/checkpoint/checkpoint-170.pth.tar', 75.0)
 ('./output/train/20250909-180938-mobilenetv2_100-224/checkpoint/checkpoint-159.pth.tar', 74.86)
 ('./output/train/20250909-180938-mobilenetv2_100-224/checkpoint/checkpoint-158.pth.tar', 74.84)

2025-09-09 22:16:37,440 -                train: [    INFO] - Train: 176 [   0/195 (  0%)]  Loss: 16.55 (16.5)  Loss_gt: 2.633 (2.63)  Loss_kd: 13.91 (13.9) LR: 5.000e-03
2025-09-09 22:17:57,381 -                train: [    INFO] - Train: 176 [ 194/195 (100%)]  Loss: 16.81 (16.6)  Loss_gt: 2.645 (2.78)  Loss_kd: 14.16 (13.9) LR: 5.000e-03
2025-09-09 22:17:57,824 -                train: [    INFO] - Test: [   0/39]  Time: 0.425 (0.425)  Loss:  0.8434 (0.8434)  Acc@1: 78.5156 (78.5156)  Acc@5: 94.1406 (94.1406)
2025-09-09 22:18:00,782 -                train: [    INFO] - Test: [  39/39]  Time: 0.027 (0.085)  Loss:  1.3388 (1.0543)  Acc@1: 75.0000 (74.5300)  Acc@5: 93.7500 (93.8100)
2025-09-09 22:18:01,596 -                train: [    INFO] - Train: 177 [   0/195 (  0%)]  Loss: 16.01 (16.0)  Loss_gt: 2.590 (2.59)  Loss_kd: 13.42 (13.4) LR: 5.000e-03
2025-09-09 22:19:21,041 -                train: [    INFO] - Train: 177 [ 194/195 (100%)]  Loss: 16.29 (16.5)  Loss_gt: 2.747 (2.77)  Loss_kd: 13.54 (13.8) LR: 5.000e-03
2025-09-09 22:19:21,461 -                train: [    INFO] - Test: [   0/39]  Time: 0.400 (0.400)  Loss:  0.8552 (0.8552)  Acc@1: 78.1250 (78.1250)  Acc@5: 93.3594 (93.3594)
2025-09-09 22:19:24,307 -                train: [    INFO] - Test: [  39/39]  Time: 0.029 (0.081)  Loss:  1.0888 (1.0698)  Acc@1: 75.0000 (74.1500)  Acc@5: 87.5000 (93.5900)
2025-09-09 22:19:25,131 -                train: [    INFO] - Train: 178 [   0/195 (  0%)]  Loss: 16.30 (16.3)  Loss_gt: 2.730 (2.73)  Loss_kd: 13.56 (13.6) LR: 5.000e-03
2025-09-09 22:20:45,517 -                train: [    INFO] - Train: 178 [ 194/195 (100%)]  Loss: 15.24 (16.5)  Loss_gt: 2.682 (2.77)  Loss_kd: 12.56 (13.8) LR: 5.000e-03
2025-09-09 22:20:45,972 -                train: [    INFO] - Test: [   0/39]  Time: 0.430 (0.430)  Loss:  0.8029 (0.8029)  Acc@1: 79.6875 (79.6875)  Acc@5: 94.5312 (94.5312)
2025-09-09 22:20:48,956 -                train: [    INFO] - Test: [  39/39]  Time: 0.029 (0.085)  Loss:  0.9879 (0.9736)  Acc@1: 75.0000 (75.5400)  Acc@5: 93.7500 (94.5000)
2025-09-09 22:20:49,058 - timm.utils.checkpoint_saver: [    INFO] - Current checkpoints:
 ('./output/train/20250909-180938-mobilenetv2_100-224/checkpoint/checkpoint-173.pth.tar', 75.77)
 ('./output/train/20250909-180938-mobilenetv2_100-224/checkpoint/checkpoint-165.pth.tar', 75.64)
 ('./output/train/20250909-180938-mobilenetv2_100-224/checkpoint/checkpoint-175.pth.tar', 75.62)
 ('./output/train/20250909-180938-mobilenetv2_100-224/checkpoint/checkpoint-178.pth.tar', 75.54)
 ('./output/train/20250909-180938-mobilenetv2_100-224/checkpoint/checkpoint-169.pth.tar', 75.53)
 ('./output/train/20250909-180938-mobilenetv2_100-224/checkpoint/checkpoint-171.pth.tar', 75.43)
 ('./output/train/20250909-180938-mobilenetv2_100-224/checkpoint/checkpoint-162.pth.tar', 75.38)
 ('./output/train/20250909-180938-mobilenetv2_100-224/checkpoint/checkpoint-166.pth.tar', 75.25)
 ('./output/train/20250909-180938-mobilenetv2_100-224/checkpoint/checkpoint-170.pth.tar', 75.0)
 ('./output/train/20250909-180938-mobilenetv2_100-224/checkpoint/checkpoint-159.pth.tar', 74.86)

2025-09-09 22:20:49,800 -                train: [    INFO] - Train: 179 [   0/195 (  0%)]  Loss: 17.04 (17.0)  Loss_gt: 2.603 (2.60)  Loss_kd: 14.44 (14.4) LR: 5.000e-04
2025-09-09 22:22:09,753 -                train: [    INFO] - Train: 179 [ 194/195 (100%)]  Loss: 15.29 (16.0)  Loss_gt: 2.753 (2.75)  Loss_kd: 12.54 (13.3) LR: 5.000e-04
2025-09-09 22:22:10,181 -                train: [    INFO] - Test: [   0/39]  Time: 0.402 (0.402)  Loss:  0.7537 (0.7537)  Acc@1: 82.0312 (82.0312)  Acc@5: 94.9219 (94.9219)
2025-09-09 22:22:13,389 -                train: [    INFO] - Test: [  39/39]  Time: 0.033 (0.090)  Loss:  0.8146 (0.8986)  Acc@1: 75.0000 (77.1600)  Acc@5: 93.7500 (95.0700)
2025-09-09 22:22:13,527 - timm.utils.checkpoint_saver: [    INFO] - Current checkpoints:
 ('./output/train/20250909-180938-mobilenetv2_100-224/checkpoint/checkpoint-179.pth.tar', 77.16)
 ('./output/train/20250909-180938-mobilenetv2_100-224/checkpoint/checkpoint-173.pth.tar', 75.77)
 ('./output/train/20250909-180938-mobilenetv2_100-224/checkpoint/checkpoint-165.pth.tar', 75.64)
 ('./output/train/20250909-180938-mobilenetv2_100-224/checkpoint/checkpoint-175.pth.tar', 75.62)
 ('./output/train/20250909-180938-mobilenetv2_100-224/checkpoint/checkpoint-178.pth.tar', 75.54)
 ('./output/train/20250909-180938-mobilenetv2_100-224/checkpoint/checkpoint-169.pth.tar', 75.53)
 ('./output/train/20250909-180938-mobilenetv2_100-224/checkpoint/checkpoint-171.pth.tar', 75.43)
 ('./output/train/20250909-180938-mobilenetv2_100-224/checkpoint/checkpoint-162.pth.tar', 75.38)
 ('./output/train/20250909-180938-mobilenetv2_100-224/checkpoint/checkpoint-166.pth.tar', 75.25)
 ('./output/train/20250909-180938-mobilenetv2_100-224/checkpoint/checkpoint-170.pth.tar', 75.0)

2025-09-09 22:22:14,323 -                train: [    INFO] - Train: 180 [   0/195 (  0%)]  Loss: 16.31 (16.3)  Loss_gt: 2.756 (2.76)  Loss_kd: 13.55 (13.5) LR: 5.000e-04
2025-09-09 22:23:34,117 -                train: [    INFO] - Train: 180 [ 194/195 (100%)]  Loss: 15.68 (15.7)  Loss_gt: 2.711 (2.72)  Loss_kd: 12.97 (13.0) LR: 5.000e-04
2025-09-09 22:23:34,541 -                train: [    INFO] - Test: [   0/39]  Time: 0.401 (0.401)  Loss:  0.7276 (0.7276)  Acc@1: 82.8125 (82.8125)  Acc@5: 95.3125 (95.3125)
2025-09-09 22:23:37,562 -                train: [    INFO] - Test: [  39/39]  Time: 0.032 (0.086)  Loss:  0.8264 (0.8881)  Acc@1: 75.0000 (77.3900)  Acc@5: 93.7500 (94.9200)
2025-09-09 22:23:37,698 - timm.utils.checkpoint_saver: [    INFO] - Current checkpoints:
 ('./output/train/20250909-180938-mobilenetv2_100-224/checkpoint/checkpoint-180.pth.tar', 77.39)
 ('./output/train/20250909-180938-mobilenetv2_100-224/checkpoint/checkpoint-179.pth.tar', 77.16)
 ('./output/train/20250909-180938-mobilenetv2_100-224/checkpoint/checkpoint-173.pth.tar', 75.77)
 ('./output/train/20250909-180938-mobilenetv2_100-224/checkpoint/checkpoint-165.pth.tar', 75.64)
 ('./output/train/20250909-180938-mobilenetv2_100-224/checkpoint/checkpoint-175.pth.tar', 75.62)
 ('./output/train/20250909-180938-mobilenetv2_100-224/checkpoint/checkpoint-178.pth.tar', 75.54)
 ('./output/train/20250909-180938-mobilenetv2_100-224/checkpoint/checkpoint-169.pth.tar', 75.53)
 ('./output/train/20250909-180938-mobilenetv2_100-224/checkpoint/checkpoint-171.pth.tar', 75.43)
 ('./output/train/20250909-180938-mobilenetv2_100-224/checkpoint/checkpoint-162.pth.tar', 75.38)
 ('./output/train/20250909-180938-mobilenetv2_100-224/checkpoint/checkpoint-166.pth.tar', 75.25)

2025-09-09 22:23:38,413 -                train: [    INFO] - Train: 181 [   0/195 (  0%)]  Loss: 15.07 (15.1)  Loss_gt: 2.630 (2.63)  Loss_kd: 12.44 (12.4) LR: 5.000e-04
2025-09-09 22:24:58,047 -                train: [    INFO] - Train: 181 [ 194/195 (100%)]  Loss: 15.96 (15.6)  Loss_gt: 2.725 (2.70)  Loss_kd: 13.23 (12.9) LR: 5.000e-04
2025-09-09 22:24:58,496 -                train: [    INFO] - Test: [   0/39]  Time: 0.422 (0.422)  Loss:  0.7228 (0.7228)  Acc@1: 83.5938 (83.5938)  Acc@5: 94.9219 (94.9219)
2025-09-09 22:25:01,652 -                train: [    INFO] - Test: [  39/39]  Time: 0.024 (0.089)  Loss:  0.8249 (0.8799)  Acc@1: 75.0000 (77.6600)  Acc@5: 93.7500 (94.8700)
2025-09-09 22:25:01,870 - timm.utils.checkpoint_saver: [    INFO] - Current checkpoints:
 ('./output/train/20250909-180938-mobilenetv2_100-224/checkpoint/checkpoint-181.pth.tar', 77.66)
 ('./output/train/20250909-180938-mobilenetv2_100-224/checkpoint/checkpoint-180.pth.tar', 77.39)
 ('./output/train/20250909-180938-mobilenetv2_100-224/checkpoint/checkpoint-179.pth.tar', 77.16)
 ('./output/train/20250909-180938-mobilenetv2_100-224/checkpoint/checkpoint-173.pth.tar', 75.77)
 ('./output/train/20250909-180938-mobilenetv2_100-224/checkpoint/checkpoint-165.pth.tar', 75.64)
 ('./output/train/20250909-180938-mobilenetv2_100-224/checkpoint/checkpoint-175.pth.tar', 75.62)
 ('./output/train/20250909-180938-mobilenetv2_100-224/checkpoint/checkpoint-178.pth.tar', 75.54)
 ('./output/train/20250909-180938-mobilenetv2_100-224/checkpoint/checkpoint-169.pth.tar', 75.53)
 ('./output/train/20250909-180938-mobilenetv2_100-224/checkpoint/checkpoint-171.pth.tar', 75.43)
 ('./output/train/20250909-180938-mobilenetv2_100-224/checkpoint/checkpoint-162.pth.tar', 75.38)

2025-09-09 22:25:02,592 -                train: [    INFO] - Train: 182 [   0/195 (  0%)]  Loss: 15.58 (15.6)  Loss_gt: 2.651 (2.65)  Loss_kd: 12.92 (12.9) LR: 5.000e-04
2025-09-09 22:26:22,248 -                train: [    INFO] - Train: 182 [ 194/195 (100%)]  Loss: 16.21 (15.5)  Loss_gt: 2.679 (2.70)  Loss_kd: 13.53 (12.8) LR: 5.000e-04
2025-09-09 22:26:22,678 -                train: [    INFO] - Test: [   0/39]  Time: 0.411 (0.411)  Loss:  0.7215 (0.7215)  Acc@1: 81.2500 (81.2500)  Acc@5: 95.3125 (95.3125)
2025-09-09 22:26:25,515 -                train: [    INFO] - Test: [  39/39]  Time: 0.024 (0.081)  Loss:  0.8299 (0.8771)  Acc@1: 75.0000 (77.4200)  Acc@5: 93.7500 (94.9900)
2025-09-09 22:26:25,759 - timm.utils.checkpoint_saver: [    INFO] - Current checkpoints:
 ('./output/train/20250909-180938-mobilenetv2_100-224/checkpoint/checkpoint-181.pth.tar', 77.66)
 ('./output/train/20250909-180938-mobilenetv2_100-224/checkpoint/checkpoint-182.pth.tar', 77.42)
 ('./output/train/20250909-180938-mobilenetv2_100-224/checkpoint/checkpoint-180.pth.tar', 77.39)
 ('./output/train/20250909-180938-mobilenetv2_100-224/checkpoint/checkpoint-179.pth.tar', 77.16)
 ('./output/train/20250909-180938-mobilenetv2_100-224/checkpoint/checkpoint-173.pth.tar', 75.77)
 ('./output/train/20250909-180938-mobilenetv2_100-224/checkpoint/checkpoint-165.pth.tar', 75.64)
 ('./output/train/20250909-180938-mobilenetv2_100-224/checkpoint/checkpoint-175.pth.tar', 75.62)
 ('./output/train/20250909-180938-mobilenetv2_100-224/checkpoint/checkpoint-178.pth.tar', 75.54)
 ('./output/train/20250909-180938-mobilenetv2_100-224/checkpoint/checkpoint-169.pth.tar', 75.53)
 ('./output/train/20250909-180938-mobilenetv2_100-224/checkpoint/checkpoint-171.pth.tar', 75.43)

2025-09-09 22:26:26,467 -                train: [    INFO] - Train: 183 [   0/195 (  0%)]  Loss: 14.84 (14.8)  Loss_gt: 2.521 (2.52)  Loss_kd: 12.32 (12.3) LR: 5.000e-04
2025-09-09 22:27:46,195 -                train: [    INFO] - Train: 183 [ 194/195 (100%)]  Loss: 15.95 (15.5)  Loss_gt: 2.619 (2.69)  Loss_kd: 13.33 (12.8) LR: 5.000e-04
2025-09-09 22:27:46,619 -                train: [    INFO] - Test: [   0/39]  Time: 0.401 (0.401)  Loss:  0.7280 (0.7280)  Acc@1: 82.0312 (82.0312)  Acc@5: 94.9219 (94.9219)
2025-09-09 22:27:49,463 -                train: [    INFO] - Test: [  39/39]  Time: 0.023 (0.081)  Loss:  0.8478 (0.8794)  Acc@1: 75.0000 (77.4500)  Acc@5: 93.7500 (94.9400)
2025-09-09 22:27:49,578 - timm.utils.checkpoint_saver: [    INFO] - Current checkpoints:
 ('./output/train/20250909-180938-mobilenetv2_100-224/checkpoint/checkpoint-181.pth.tar', 77.66)
 ('./output/train/20250909-180938-mobilenetv2_100-224/checkpoint/checkpoint-183.pth.tar', 77.45)
 ('./output/train/20250909-180938-mobilenetv2_100-224/checkpoint/checkpoint-182.pth.tar', 77.42)
 ('./output/train/20250909-180938-mobilenetv2_100-224/checkpoint/checkpoint-180.pth.tar', 77.39)
 ('./output/train/20250909-180938-mobilenetv2_100-224/checkpoint/checkpoint-179.pth.tar', 77.16)
 ('./output/train/20250909-180938-mobilenetv2_100-224/checkpoint/checkpoint-173.pth.tar', 75.77)
 ('./output/train/20250909-180938-mobilenetv2_100-224/checkpoint/checkpoint-165.pth.tar', 75.64)
 ('./output/train/20250909-180938-mobilenetv2_100-224/checkpoint/checkpoint-175.pth.tar', 75.62)
 ('./output/train/20250909-180938-mobilenetv2_100-224/checkpoint/checkpoint-178.pth.tar', 75.54)
 ('./output/train/20250909-180938-mobilenetv2_100-224/checkpoint/checkpoint-169.pth.tar', 75.53)

2025-09-09 22:27:50,293 -                train: [    INFO] - Train: 184 [   0/195 (  0%)]  Loss: 15.27 (15.3)  Loss_gt: 2.696 (2.70)  Loss_kd: 12.57 (12.6) LR: 5.000e-04
2025-09-09 22:29:10,441 -                train: [    INFO] - Train: 184 [ 194/195 (100%)]  Loss: 15.39 (15.4)  Loss_gt: 2.775 (2.68)  Loss_kd: 12.62 (12.7) LR: 5.000e-04
2025-09-09 22:29:10,870 -                train: [    INFO] - Test: [   0/39]  Time: 0.410 (0.410)  Loss:  0.7662 (0.7662)  Acc@1: 81.2500 (81.2500)  Acc@5: 94.9219 (94.9219)
2025-09-09 22:29:13,795 -                train: [    INFO] - Test: [  39/39]  Time: 0.026 (0.083)  Loss:  0.7283 (0.8838)  Acc@1: 75.0000 (77.5900)  Acc@5: 100.0000 (95.0600)
2025-09-09 22:29:13,925 - timm.utils.checkpoint_saver: [    INFO] - Current checkpoints:
 ('./output/train/20250909-180938-mobilenetv2_100-224/checkpoint/checkpoint-181.pth.tar', 77.66)
 ('./output/train/20250909-180938-mobilenetv2_100-224/checkpoint/checkpoint-184.pth.tar', 77.59)
 ('./output/train/20250909-180938-mobilenetv2_100-224/checkpoint/checkpoint-183.pth.tar', 77.45)
 ('./output/train/20250909-180938-mobilenetv2_100-224/checkpoint/checkpoint-182.pth.tar', 77.42)
 ('./output/train/20250909-180938-mobilenetv2_100-224/checkpoint/checkpoint-180.pth.tar', 77.39)
 ('./output/train/20250909-180938-mobilenetv2_100-224/checkpoint/checkpoint-179.pth.tar', 77.16)
 ('./output/train/20250909-180938-mobilenetv2_100-224/checkpoint/checkpoint-173.pth.tar', 75.77)
 ('./output/train/20250909-180938-mobilenetv2_100-224/checkpoint/checkpoint-165.pth.tar', 75.64)
 ('./output/train/20250909-180938-mobilenetv2_100-224/checkpoint/checkpoint-175.pth.tar', 75.62)
 ('./output/train/20250909-180938-mobilenetv2_100-224/checkpoint/checkpoint-178.pth.tar', 75.54)

2025-09-09 22:29:14,664 -                train: [    INFO] - Train: 185 [   0/195 (  0%)]  Loss: 14.77 (14.8)  Loss_gt: 2.875 (2.88)  Loss_kd: 11.89 (11.9) LR: 5.000e-04
2025-09-09 22:30:34,475 -                train: [    INFO] - Train: 185 [ 194/195 (100%)]  Loss: 15.36 (15.4)  Loss_gt: 2.629 (2.68)  Loss_kd: 12.73 (12.8) LR: 5.000e-04
2025-09-09 22:30:34,911 -                train: [    INFO] - Test: [   0/39]  Time: 0.412 (0.412)  Loss:  0.7241 (0.7241)  Acc@1: 82.0312 (82.0312)  Acc@5: 94.9219 (94.9219)
2025-09-09 22:30:37,917 -                train: [    INFO] - Test: [  39/39]  Time: 0.027 (0.085)  Loss:  0.8790 (0.8788)  Acc@1: 75.0000 (78.0100)  Acc@5: 93.7500 (94.9800)
2025-09-09 22:30:38,011 - timm.utils.checkpoint_saver: [    INFO] - Current checkpoints:
 ('./output/train/20250909-180938-mobilenetv2_100-224/checkpoint/checkpoint-185.pth.tar', 78.01)
 ('./output/train/20250909-180938-mobilenetv2_100-224/checkpoint/checkpoint-181.pth.tar', 77.66)
 ('./output/train/20250909-180938-mobilenetv2_100-224/checkpoint/checkpoint-184.pth.tar', 77.59)
 ('./output/train/20250909-180938-mobilenetv2_100-224/checkpoint/checkpoint-183.pth.tar', 77.45)
 ('./output/train/20250909-180938-mobilenetv2_100-224/checkpoint/checkpoint-182.pth.tar', 77.42)
 ('./output/train/20250909-180938-mobilenetv2_100-224/checkpoint/checkpoint-180.pth.tar', 77.39)
 ('./output/train/20250909-180938-mobilenetv2_100-224/checkpoint/checkpoint-179.pth.tar', 77.16)
 ('./output/train/20250909-180938-mobilenetv2_100-224/checkpoint/checkpoint-173.pth.tar', 75.77)
 ('./output/train/20250909-180938-mobilenetv2_100-224/checkpoint/checkpoint-165.pth.tar', 75.64)
 ('./output/train/20250909-180938-mobilenetv2_100-224/checkpoint/checkpoint-175.pth.tar', 75.62)

2025-09-09 22:30:38,747 -                train: [    INFO] - Train: 186 [   0/195 (  0%)]  Loss: 14.35 (14.3)  Loss_gt: 2.725 (2.73)  Loss_kd: 11.62 (11.6) LR: 5.000e-04
2025-09-09 22:31:58,347 -                train: [    INFO] - Train: 186 [ 194/195 (100%)]  Loss: 16.01 (15.4)  Loss_gt: 2.757 (2.68)  Loss_kd: 13.26 (12.7) LR: 5.000e-04
2025-09-09 22:31:58,787 -                train: [    INFO] - Test: [   0/39]  Time: 0.422 (0.422)  Loss:  0.7140 (0.7140)  Acc@1: 82.0312 (82.0312)  Acc@5: 94.9219 (94.9219)
2025-09-09 22:32:01,634 -                train: [    INFO] - Test: [  39/39]  Time: 0.027 (0.082)  Loss:  0.8923 (0.8733)  Acc@1: 75.0000 (77.8800)  Acc@5: 93.7500 (95.0400)
2025-09-09 22:32:01,761 - timm.utils.checkpoint_saver: [    INFO] - Current checkpoints:
 ('./output/train/20250909-180938-mobilenetv2_100-224/checkpoint/checkpoint-185.pth.tar', 78.01)
 ('./output/train/20250909-180938-mobilenetv2_100-224/checkpoint/checkpoint-186.pth.tar', 77.88)
 ('./output/train/20250909-180938-mobilenetv2_100-224/checkpoint/checkpoint-181.pth.tar', 77.66)
 ('./output/train/20250909-180938-mobilenetv2_100-224/checkpoint/checkpoint-184.pth.tar', 77.59)
 ('./output/train/20250909-180938-mobilenetv2_100-224/checkpoint/checkpoint-183.pth.tar', 77.45)
 ('./output/train/20250909-180938-mobilenetv2_100-224/checkpoint/checkpoint-182.pth.tar', 77.42)
 ('./output/train/20250909-180938-mobilenetv2_100-224/checkpoint/checkpoint-180.pth.tar', 77.39)
 ('./output/train/20250909-180938-mobilenetv2_100-224/checkpoint/checkpoint-179.pth.tar', 77.16)
 ('./output/train/20250909-180938-mobilenetv2_100-224/checkpoint/checkpoint-173.pth.tar', 75.77)
 ('./output/train/20250909-180938-mobilenetv2_100-224/checkpoint/checkpoint-165.pth.tar', 75.64)

2025-09-09 22:32:02,499 -                train: [    INFO] - Train: 187 [   0/195 (  0%)]  Loss: 15.07 (15.1)  Loss_gt: 2.724 (2.72)  Loss_kd: 12.34 (12.3) LR: 5.000e-04
2025-09-09 22:33:22,225 -                train: [    INFO] - Train: 187 [ 194/195 (100%)]  Loss: 16.07 (15.3)  Loss_gt: 2.595 (2.68)  Loss_kd: 13.48 (12.7) LR: 5.000e-04
2025-09-09 22:33:22,657 -                train: [    INFO] - Test: [   0/39]  Time: 0.408 (0.408)  Loss:  0.7427 (0.7427)  Acc@1: 83.2031 (83.2031)  Acc@5: 95.3125 (95.3125)
2025-09-09 22:33:25,714 -                train: [    INFO] - Test: [  39/39]  Time: 0.022 (0.087)  Loss:  0.8759 (0.8793)  Acc@1: 75.0000 (77.9200)  Acc@5: 93.7500 (95.0900)
2025-09-09 22:33:25,827 - timm.utils.checkpoint_saver: [    INFO] - Current checkpoints:
 ('./output/train/20250909-180938-mobilenetv2_100-224/checkpoint/checkpoint-185.pth.tar', 78.01)
 ('./output/train/20250909-180938-mobilenetv2_100-224/checkpoint/checkpoint-187.pth.tar', 77.92)
 ('./output/train/20250909-180938-mobilenetv2_100-224/checkpoint/checkpoint-186.pth.tar', 77.88)
 ('./output/train/20250909-180938-mobilenetv2_100-224/checkpoint/checkpoint-181.pth.tar', 77.66)
 ('./output/train/20250909-180938-mobilenetv2_100-224/checkpoint/checkpoint-184.pth.tar', 77.59)
 ('./output/train/20250909-180938-mobilenetv2_100-224/checkpoint/checkpoint-183.pth.tar', 77.45)
 ('./output/train/20250909-180938-mobilenetv2_100-224/checkpoint/checkpoint-182.pth.tar', 77.42)
 ('./output/train/20250909-180938-mobilenetv2_100-224/checkpoint/checkpoint-180.pth.tar', 77.39)
 ('./output/train/20250909-180938-mobilenetv2_100-224/checkpoint/checkpoint-179.pth.tar', 77.16)
 ('./output/train/20250909-180938-mobilenetv2_100-224/checkpoint/checkpoint-173.pth.tar', 75.77)

2025-09-09 22:33:26,543 -                train: [    INFO] - Train: 188 [   0/195 (  0%)]  Loss: 14.98 (15.0)  Loss_gt: 2.615 (2.61)  Loss_kd: 12.37 (12.4) LR: 5.000e-04
2025-09-09 22:34:46,190 -                train: [    INFO] - Train: 188 [ 194/195 (100%)]  Loss: 15.24 (15.3)  Loss_gt: 2.634 (2.68)  Loss_kd: 12.60 (12.6) LR: 5.000e-04
2025-09-09 22:34:46,629 -                train: [    INFO] - Test: [   0/39]  Time: 0.420 (0.420)  Loss:  0.7107 (0.7107)  Acc@1: 82.4219 (82.4219)  Acc@5: 94.9219 (94.9219)
2025-09-09 22:34:49,533 -                train: [    INFO] - Test: [  39/39]  Time: 0.031 (0.083)  Loss:  0.7772 (0.8732)  Acc@1: 75.0000 (77.8300)  Acc@5: 100.0000 (95.0600)
2025-09-09 22:34:49,649 - timm.utils.checkpoint_saver: [    INFO] - Current checkpoints:
 ('./output/train/20250909-180938-mobilenetv2_100-224/checkpoint/checkpoint-185.pth.tar', 78.01)
 ('./output/train/20250909-180938-mobilenetv2_100-224/checkpoint/checkpoint-187.pth.tar', 77.92)
 ('./output/train/20250909-180938-mobilenetv2_100-224/checkpoint/checkpoint-186.pth.tar', 77.88)
 ('./output/train/20250909-180938-mobilenetv2_100-224/checkpoint/checkpoint-188.pth.tar', 77.83)
 ('./output/train/20250909-180938-mobilenetv2_100-224/checkpoint/checkpoint-181.pth.tar', 77.66)
 ('./output/train/20250909-180938-mobilenetv2_100-224/checkpoint/checkpoint-184.pth.tar', 77.59)
 ('./output/train/20250909-180938-mobilenetv2_100-224/checkpoint/checkpoint-183.pth.tar', 77.45)
 ('./output/train/20250909-180938-mobilenetv2_100-224/checkpoint/checkpoint-182.pth.tar', 77.42)
 ('./output/train/20250909-180938-mobilenetv2_100-224/checkpoint/checkpoint-180.pth.tar', 77.39)
 ('./output/train/20250909-180938-mobilenetv2_100-224/checkpoint/checkpoint-179.pth.tar', 77.16)

2025-09-09 22:34:50,386 -                train: [    INFO] - Train: 189 [   0/195 (  0%)]  Loss: 14.61 (14.6)  Loss_gt: 2.799 (2.80)  Loss_kd: 11.81 (11.8) LR: 5.000e-04
2025-09-09 22:36:10,297 -                train: [    INFO] - Train: 189 [ 194/195 (100%)]  Loss: 15.55 (15.3)  Loss_gt: 2.513 (2.67)  Loss_kd: 13.03 (12.6) LR: 5.000e-04
2025-09-09 22:36:10,740 -                train: [    INFO] - Test: [   0/39]  Time: 0.413 (0.413)  Loss:  0.7468 (0.7468)  Acc@1: 83.5938 (83.5938)  Acc@5: 95.3125 (95.3125)
2025-09-09 22:36:13,657 -                train: [    INFO] - Test: [  39/39]  Time: 0.025 (0.083)  Loss:  0.8010 (0.8761)  Acc@1: 75.0000 (77.9700)  Acc@5: 93.7500 (95.0400)
2025-09-09 22:36:13,762 - timm.utils.checkpoint_saver: [    INFO] - Current checkpoints:
 ('./output/train/20250909-180938-mobilenetv2_100-224/checkpoint/checkpoint-185.pth.tar', 78.01)
 ('./output/train/20250909-180938-mobilenetv2_100-224/checkpoint/checkpoint-189.pth.tar', 77.97)
 ('./output/train/20250909-180938-mobilenetv2_100-224/checkpoint/checkpoint-187.pth.tar', 77.92)
 ('./output/train/20250909-180938-mobilenetv2_100-224/checkpoint/checkpoint-186.pth.tar', 77.88)
 ('./output/train/20250909-180938-mobilenetv2_100-224/checkpoint/checkpoint-188.pth.tar', 77.83)
 ('./output/train/20250909-180938-mobilenetv2_100-224/checkpoint/checkpoint-181.pth.tar', 77.66)
 ('./output/train/20250909-180938-mobilenetv2_100-224/checkpoint/checkpoint-184.pth.tar', 77.59)
 ('./output/train/20250909-180938-mobilenetv2_100-224/checkpoint/checkpoint-183.pth.tar', 77.45)
 ('./output/train/20250909-180938-mobilenetv2_100-224/checkpoint/checkpoint-182.pth.tar', 77.42)
 ('./output/train/20250909-180938-mobilenetv2_100-224/checkpoint/checkpoint-180.pth.tar', 77.39)

2025-09-09 22:36:14,496 -                train: [    INFO] - Train: 190 [   0/195 (  0%)]  Loss: 15.34 (15.3)  Loss_gt: 2.626 (2.63)  Loss_kd: 12.71 (12.7) LR: 5.000e-04
2025-09-09 22:37:34,104 -                train: [    INFO] - Train: 190 [ 194/195 (100%)]  Loss: 14.31 (15.2)  Loss_gt: 2.667 (2.69)  Loss_kd: 11.64 (12.5) LR: 5.000e-04
2025-09-09 22:37:34,540 -                train: [    INFO] - Test: [   0/39]  Time: 0.410 (0.410)  Loss:  0.7491 (0.7491)  Acc@1: 83.9844 (83.9844)  Acc@5: 94.9219 (94.9219)
2025-09-09 22:37:37,794 -                train: [    INFO] - Test: [  39/39]  Time: 0.034 (0.092)  Loss:  0.8011 (0.8745)  Acc@1: 75.0000 (77.8800)  Acc@5: 93.7500 (95.1100)
2025-09-09 22:37:37,921 - timm.utils.checkpoint_saver: [    INFO] - Current checkpoints:
 ('./output/train/20250909-180938-mobilenetv2_100-224/checkpoint/checkpoint-185.pth.tar', 78.01)
 ('./output/train/20250909-180938-mobilenetv2_100-224/checkpoint/checkpoint-189.pth.tar', 77.97)
 ('./output/train/20250909-180938-mobilenetv2_100-224/checkpoint/checkpoint-187.pth.tar', 77.92)
 ('./output/train/20250909-180938-mobilenetv2_100-224/checkpoint/checkpoint-186.pth.tar', 77.88)
 ('./output/train/20250909-180938-mobilenetv2_100-224/checkpoint/checkpoint-190.pth.tar', 77.88)
 ('./output/train/20250909-180938-mobilenetv2_100-224/checkpoint/checkpoint-188.pth.tar', 77.83)
 ('./output/train/20250909-180938-mobilenetv2_100-224/checkpoint/checkpoint-181.pth.tar', 77.66)
 ('./output/train/20250909-180938-mobilenetv2_100-224/checkpoint/checkpoint-184.pth.tar', 77.59)
 ('./output/train/20250909-180938-mobilenetv2_100-224/checkpoint/checkpoint-183.pth.tar', 77.45)
 ('./output/train/20250909-180938-mobilenetv2_100-224/checkpoint/checkpoint-182.pth.tar', 77.42)

2025-09-09 22:37:38,643 -                train: [    INFO] - Train: 191 [   0/195 (  0%)]  Loss: 15.38 (15.4)  Loss_gt: 2.611 (2.61)  Loss_kd: 12.77 (12.8) LR: 5.000e-04
2025-09-09 22:38:59,101 -                train: [    INFO] - Train: 191 [ 194/195 (100%)]  Loss: 15.28 (15.2)  Loss_gt: 2.562 (2.68)  Loss_kd: 12.72 (12.5) LR: 5.000e-04
2025-09-09 22:38:59,514 -                train: [    INFO] - Test: [   0/39]  Time: 0.393 (0.393)  Loss:  0.7392 (0.7392)  Acc@1: 83.9844 (83.9844)  Acc@5: 95.3125 (95.3125)
2025-09-09 22:39:02,386 -                train: [    INFO] - Test: [  39/39]  Time: 0.022 (0.082)  Loss:  0.7576 (0.8711)  Acc@1: 75.0000 (77.7800)  Acc@5: 100.0000 (95.1400)
2025-09-09 22:39:02,482 - timm.utils.checkpoint_saver: [    INFO] - Current checkpoints:
 ('./output/train/20250909-180938-mobilenetv2_100-224/checkpoint/checkpoint-185.pth.tar', 78.01)
 ('./output/train/20250909-180938-mobilenetv2_100-224/checkpoint/checkpoint-189.pth.tar', 77.97)
 ('./output/train/20250909-180938-mobilenetv2_100-224/checkpoint/checkpoint-187.pth.tar', 77.92)
 ('./output/train/20250909-180938-mobilenetv2_100-224/checkpoint/checkpoint-186.pth.tar', 77.88)
 ('./output/train/20250909-180938-mobilenetv2_100-224/checkpoint/checkpoint-190.pth.tar', 77.88)
 ('./output/train/20250909-180938-mobilenetv2_100-224/checkpoint/checkpoint-188.pth.tar', 77.83)
 ('./output/train/20250909-180938-mobilenetv2_100-224/checkpoint/checkpoint-191.pth.tar', 77.78)
 ('./output/train/20250909-180938-mobilenetv2_100-224/checkpoint/checkpoint-181.pth.tar', 77.66)
 ('./output/train/20250909-180938-mobilenetv2_100-224/checkpoint/checkpoint-184.pth.tar', 77.59)
 ('./output/train/20250909-180938-mobilenetv2_100-224/checkpoint/checkpoint-183.pth.tar', 77.45)

2025-09-09 22:39:03,200 -                train: [    INFO] - Train: 192 [   0/195 (  0%)]  Loss: 15.60 (15.6)  Loss_gt: 2.901 (2.90)  Loss_kd: 12.70 (12.7) LR: 5.000e-04
2025-09-09 22:40:23,655 -                train: [    INFO] - Train: 192 [ 194/195 (100%)]  Loss: 15.10 (15.3)  Loss_gt: 2.632 (2.68)  Loss_kd: 12.47 (12.6) LR: 5.000e-04
2025-09-09 22:40:24,131 -                train: [    INFO] - Test: [   0/39]  Time: 0.451 (0.451)  Loss:  0.7321 (0.7321)  Acc@1: 83.9844 (83.9844)  Acc@5: 95.3125 (95.3125)
2025-09-09 22:40:27,123 -                train: [    INFO] - Test: [  39/39]  Time: 0.027 (0.086)  Loss:  0.7366 (0.8719)  Acc@1: 75.0000 (77.9000)  Acc@5: 100.0000 (95.0500)
2025-09-09 22:40:27,237 - timm.utils.checkpoint_saver: [    INFO] - Current checkpoints:
 ('./output/train/20250909-180938-mobilenetv2_100-224/checkpoint/checkpoint-185.pth.tar', 78.01)
 ('./output/train/20250909-180938-mobilenetv2_100-224/checkpoint/checkpoint-189.pth.tar', 77.97)
 ('./output/train/20250909-180938-mobilenetv2_100-224/checkpoint/checkpoint-187.pth.tar', 77.92)
 ('./output/train/20250909-180938-mobilenetv2_100-224/checkpoint/checkpoint-192.pth.tar', 77.9)
 ('./output/train/20250909-180938-mobilenetv2_100-224/checkpoint/checkpoint-186.pth.tar', 77.88)
 ('./output/train/20250909-180938-mobilenetv2_100-224/checkpoint/checkpoint-190.pth.tar', 77.88)
 ('./output/train/20250909-180938-mobilenetv2_100-224/checkpoint/checkpoint-188.pth.tar', 77.83)
 ('./output/train/20250909-180938-mobilenetv2_100-224/checkpoint/checkpoint-191.pth.tar', 77.78)
 ('./output/train/20250909-180938-mobilenetv2_100-224/checkpoint/checkpoint-181.pth.tar', 77.66)
 ('./output/train/20250909-180938-mobilenetv2_100-224/checkpoint/checkpoint-184.pth.tar', 77.59)

2025-09-09 22:40:27,979 -                train: [    INFO] - Train: 193 [   0/195 (  0%)]  Loss: 15.16 (15.2)  Loss_gt: 2.641 (2.64)  Loss_kd: 12.52 (12.5) LR: 5.000e-04
2025-09-09 22:41:48,056 -                train: [    INFO] - Train: 193 [ 194/195 (100%)]  Loss: 14.76 (15.2)  Loss_gt: 2.621 (2.67)  Loss_kd: 12.14 (12.6) LR: 5.000e-04
2025-09-09 22:41:48,492 -                train: [    INFO] - Test: [   0/39]  Time: 0.417 (0.417)  Loss:  0.7417 (0.7417)  Acc@1: 82.4219 (82.4219)  Acc@5: 94.5312 (94.5312)
2025-09-09 22:41:51,358 -                train: [    INFO] - Test: [  39/39]  Time: 0.022 (0.082)  Loss:  0.7426 (0.8674)  Acc@1: 75.0000 (77.9300)  Acc@5: 100.0000 (95.0600)
2025-09-09 22:41:51,446 - timm.utils.checkpoint_saver: [    INFO] - Current checkpoints:
 ('./output/train/20250909-180938-mobilenetv2_100-224/checkpoint/checkpoint-185.pth.tar', 78.01)
 ('./output/train/20250909-180938-mobilenetv2_100-224/checkpoint/checkpoint-189.pth.tar', 77.97)
 ('./output/train/20250909-180938-mobilenetv2_100-224/checkpoint/checkpoint-193.pth.tar', 77.93)
 ('./output/train/20250909-180938-mobilenetv2_100-224/checkpoint/checkpoint-187.pth.tar', 77.92)
 ('./output/train/20250909-180938-mobilenetv2_100-224/checkpoint/checkpoint-192.pth.tar', 77.9)
 ('./output/train/20250909-180938-mobilenetv2_100-224/checkpoint/checkpoint-186.pth.tar', 77.88)
 ('./output/train/20250909-180938-mobilenetv2_100-224/checkpoint/checkpoint-190.pth.tar', 77.88)
 ('./output/train/20250909-180938-mobilenetv2_100-224/checkpoint/checkpoint-188.pth.tar', 77.83)
 ('./output/train/20250909-180938-mobilenetv2_100-224/checkpoint/checkpoint-191.pth.tar', 77.78)
 ('./output/train/20250909-180938-mobilenetv2_100-224/checkpoint/checkpoint-181.pth.tar', 77.66)

2025-09-09 22:41:52,152 -                train: [    INFO] - Train: 194 [   0/195 (  0%)]  Loss: 14.85 (14.9)  Loss_gt: 2.602 (2.60)  Loss_kd: 12.25 (12.3) LR: 5.000e-04
2025-09-09 22:43:12,154 -                train: [    INFO] - Train: 194 [ 194/195 (100%)]  Loss: 15.00 (15.2)  Loss_gt: 2.638 (2.67)  Loss_kd: 12.36 (12.5) LR: 5.000e-04
2025-09-09 22:43:12,604 -                train: [    INFO] - Test: [   0/39]  Time: 0.426 (0.426)  Loss:  0.7272 (0.7272)  Acc@1: 82.8125 (82.8125)  Acc@5: 94.5312 (94.5312)
2025-09-09 22:43:15,609 -                train: [    INFO] - Test: [  39/39]  Time: 0.023 (0.086)  Loss:  0.7883 (0.8667)  Acc@1: 75.0000 (78.1000)  Acc@5: 100.0000 (95.2500)
2025-09-09 22:43:15,719 - timm.utils.checkpoint_saver: [    INFO] - Current checkpoints:
 ('./output/train/20250909-180938-mobilenetv2_100-224/checkpoint/checkpoint-194.pth.tar', 78.1)
 ('./output/train/20250909-180938-mobilenetv2_100-224/checkpoint/checkpoint-185.pth.tar', 78.01)
 ('./output/train/20250909-180938-mobilenetv2_100-224/checkpoint/checkpoint-189.pth.tar', 77.97)
 ('./output/train/20250909-180938-mobilenetv2_100-224/checkpoint/checkpoint-193.pth.tar', 77.93)
 ('./output/train/20250909-180938-mobilenetv2_100-224/checkpoint/checkpoint-187.pth.tar', 77.92)
 ('./output/train/20250909-180938-mobilenetv2_100-224/checkpoint/checkpoint-192.pth.tar', 77.9)
 ('./output/train/20250909-180938-mobilenetv2_100-224/checkpoint/checkpoint-186.pth.tar', 77.88)
 ('./output/train/20250909-180938-mobilenetv2_100-224/checkpoint/checkpoint-190.pth.tar', 77.88)
 ('./output/train/20250909-180938-mobilenetv2_100-224/checkpoint/checkpoint-188.pth.tar', 77.83)
 ('./output/train/20250909-180938-mobilenetv2_100-224/checkpoint/checkpoint-191.pth.tar', 77.78)

2025-09-09 22:43:16,433 -                train: [    INFO] - Train: 195 [   0/195 (  0%)]  Loss: 15.36 (15.4)  Loss_gt: 2.737 (2.74)  Loss_kd: 12.63 (12.6) LR: 5.000e-04
2025-09-09 22:44:36,612 -                train: [    INFO] - Train: 195 [ 194/195 (100%)]  Loss: 15.68 (15.2)  Loss_gt: 2.695 (2.68)  Loss_kd: 12.98 (12.5) LR: 5.000e-04
2025-09-09 22:44:37,029 -                train: [    INFO] - Test: [   0/39]  Time: 0.398 (0.398)  Loss:  0.7160 (0.7160)  Acc@1: 83.9844 (83.9844)  Acc@5: 94.9219 (94.9219)
2025-09-09 22:44:39,814 -                train: [    INFO] - Test: [  39/39]  Time: 0.022 (0.080)  Loss:  0.8254 (0.8706)  Acc@1: 75.0000 (77.8300)  Acc@5: 93.7500 (95.1500)
2025-09-09 22:44:39,919 - timm.utils.checkpoint_saver: [    INFO] - Current checkpoints:
 ('./output/train/20250909-180938-mobilenetv2_100-224/checkpoint/checkpoint-194.pth.tar', 78.1)
 ('./output/train/20250909-180938-mobilenetv2_100-224/checkpoint/checkpoint-185.pth.tar', 78.01)
 ('./output/train/20250909-180938-mobilenetv2_100-224/checkpoint/checkpoint-189.pth.tar', 77.97)
 ('./output/train/20250909-180938-mobilenetv2_100-224/checkpoint/checkpoint-193.pth.tar', 77.93)
 ('./output/train/20250909-180938-mobilenetv2_100-224/checkpoint/checkpoint-187.pth.tar', 77.92)
 ('./output/train/20250909-180938-mobilenetv2_100-224/checkpoint/checkpoint-192.pth.tar', 77.9)
 ('./output/train/20250909-180938-mobilenetv2_100-224/checkpoint/checkpoint-186.pth.tar', 77.88)
 ('./output/train/20250909-180938-mobilenetv2_100-224/checkpoint/checkpoint-190.pth.tar', 77.88)
 ('./output/train/20250909-180938-mobilenetv2_100-224/checkpoint/checkpoint-188.pth.tar', 77.83)
 ('./output/train/20250909-180938-mobilenetv2_100-224/checkpoint/checkpoint-195.pth.tar', 77.83)

2025-09-09 22:44:40,648 -                train: [    INFO] - Train: 196 [   0/195 (  0%)]  Loss: 15.64 (15.6)  Loss_gt: 2.671 (2.67)  Loss_kd: 12.96 (13.0) LR: 5.000e-04
2025-09-09 22:46:00,283 -                train: [    INFO] - Train: 196 [ 194/195 (100%)]  Loss: 14.70 (15.1)  Loss_gt: 2.567 (2.67)  Loss_kd: 12.13 (12.5) LR: 5.000e-04
2025-09-09 22:46:00,698 -                train: [    INFO] - Test: [   0/39]  Time: 0.395 (0.395)  Loss:  0.7316 (0.7316)  Acc@1: 82.0312 (82.0312)  Acc@5: 94.9219 (94.9219)
2025-09-09 22:46:03,557 -                train: [    INFO] - Test: [  39/39]  Time: 0.023 (0.081)  Loss:  0.8797 (0.8758)  Acc@1: 75.0000 (77.7700)  Acc@5: 93.7500 (95.0800)
2025-09-09 22:46:04,414 -                train: [    INFO] - Train: 197 [   0/195 (  0%)]  Loss: 15.03 (15.0)  Loss_gt: 2.520 (2.52)  Loss_kd: 12.51 (12.5) LR: 5.000e-04
2025-09-09 22:47:24,573 -                train: [    INFO] - Train: 197 [ 194/195 (100%)]  Loss: 15.60 (15.2)  Loss_gt: 2.681 (2.66)  Loss_kd: 12.92 (12.5) LR: 5.000e-04
2025-09-09 22:47:24,987 -                train: [    INFO] - Test: [   0/39]  Time: 0.394 (0.394)  Loss:  0.7243 (0.7243)  Acc@1: 83.5938 (83.5938)  Acc@5: 95.3125 (95.3125)
2025-09-09 22:47:27,893 -                train: [    INFO] - Test: [  39/39]  Time: 0.025 (0.082)  Loss:  0.7284 (0.8725)  Acc@1: 75.0000 (77.9500)  Acc@5: 93.7500 (95.1600)
2025-09-09 22:47:27,997 - timm.utils.checkpoint_saver: [    INFO] - Current checkpoints:
 ('./output/train/20250909-180938-mobilenetv2_100-224/checkpoint/checkpoint-194.pth.tar', 78.1)
 ('./output/train/20250909-180938-mobilenetv2_100-224/checkpoint/checkpoint-185.pth.tar', 78.01)
 ('./output/train/20250909-180938-mobilenetv2_100-224/checkpoint/checkpoint-189.pth.tar', 77.97)
 ('./output/train/20250909-180938-mobilenetv2_100-224/checkpoint/checkpoint-197.pth.tar', 77.95)
 ('./output/train/20250909-180938-mobilenetv2_100-224/checkpoint/checkpoint-193.pth.tar', 77.93)
 ('./output/train/20250909-180938-mobilenetv2_100-224/checkpoint/checkpoint-187.pth.tar', 77.92)
 ('./output/train/20250909-180938-mobilenetv2_100-224/checkpoint/checkpoint-192.pth.tar', 77.9)
 ('./output/train/20250909-180938-mobilenetv2_100-224/checkpoint/checkpoint-186.pth.tar', 77.88)
 ('./output/train/20250909-180938-mobilenetv2_100-224/checkpoint/checkpoint-190.pth.tar', 77.88)
 ('./output/train/20250909-180938-mobilenetv2_100-224/checkpoint/checkpoint-188.pth.tar', 77.83)

2025-09-09 22:47:28,708 -                train: [    INFO] - Train: 198 [   0/195 (  0%)]  Loss: 15.07 (15.1)  Loss_gt: 2.747 (2.75)  Loss_kd: 12.33 (12.3) LR: 5.000e-04
2025-09-09 22:48:48,543 -                train: [    INFO] - Train: 198 [ 194/195 (100%)]  Loss: 15.37 (15.1)  Loss_gt: 2.689 (2.68)  Loss_kd: 12.68 (12.4) LR: 5.000e-04
2025-09-09 22:48:48,978 -                train: [    INFO] - Test: [   0/39]  Time: 0.407 (0.407)  Loss:  0.7143 (0.7143)  Acc@1: 82.0312 (82.0312)  Acc@5: 94.9219 (94.9219)
2025-09-09 22:48:51,998 -                train: [    INFO] - Test: [  39/39]  Time: 0.025 (0.086)  Loss:  0.8044 (0.8764)  Acc@1: 75.0000 (77.9100)  Acc@5: 100.0000 (95.0500)
2025-09-09 22:48:52,099 - timm.utils.checkpoint_saver: [    INFO] - Current checkpoints:
 ('./output/train/20250909-180938-mobilenetv2_100-224/checkpoint/checkpoint-194.pth.tar', 78.1)
 ('./output/train/20250909-180938-mobilenetv2_100-224/checkpoint/checkpoint-185.pth.tar', 78.01)
 ('./output/train/20250909-180938-mobilenetv2_100-224/checkpoint/checkpoint-189.pth.tar', 77.97)
 ('./output/train/20250909-180938-mobilenetv2_100-224/checkpoint/checkpoint-197.pth.tar', 77.95)
 ('./output/train/20250909-180938-mobilenetv2_100-224/checkpoint/checkpoint-193.pth.tar', 77.93)
 ('./output/train/20250909-180938-mobilenetv2_100-224/checkpoint/checkpoint-187.pth.tar', 77.92)
 ('./output/train/20250909-180938-mobilenetv2_100-224/checkpoint/checkpoint-198.pth.tar', 77.91)
 ('./output/train/20250909-180938-mobilenetv2_100-224/checkpoint/checkpoint-192.pth.tar', 77.9)
 ('./output/train/20250909-180938-mobilenetv2_100-224/checkpoint/checkpoint-186.pth.tar', 77.88)
 ('./output/train/20250909-180938-mobilenetv2_100-224/checkpoint/checkpoint-190.pth.tar', 77.88)

2025-09-09 22:48:52,812 -                train: [    INFO] - Train: 199 [   0/195 (  0%)]  Loss: 14.59 (14.6)  Loss_gt: 2.784 (2.78)  Loss_kd: 11.81 (11.8) LR: 5.000e-04
2025-09-09 22:50:12,766 -                train: [    INFO] - Train: 199 [ 194/195 (100%)]  Loss: 15.48 (15.1)  Loss_gt: 2.687 (2.67)  Loss_kd: 12.80 (12.4) LR: 5.000e-04
2025-09-09 22:50:13,206 -                train: [    INFO] - Test: [   0/39]  Time: 0.421 (0.421)  Loss:  0.7064 (0.7064)  Acc@1: 83.5938 (83.5938)  Acc@5: 94.9219 (94.9219)
2025-09-09 22:50:16,092 -                train: [    INFO] - Test: [  39/39]  Time: 0.026 (0.083)  Loss:  0.8667 (0.8691)  Acc@1: 75.0000 (78.0600)  Acc@5: 93.7500 (95.0900)
2025-09-09 22:50:16,221 - timm.utils.checkpoint_saver: [    INFO] - Current checkpoints:
 ('./output/train/20250909-180938-mobilenetv2_100-224/checkpoint/checkpoint-194.pth.tar', 78.1)
 ('./output/train/20250909-180938-mobilenetv2_100-224/checkpoint/checkpoint-199.pth.tar', 78.06)
 ('./output/train/20250909-180938-mobilenetv2_100-224/checkpoint/checkpoint-185.pth.tar', 78.01)
 ('./output/train/20250909-180938-mobilenetv2_100-224/checkpoint/checkpoint-189.pth.tar', 77.97)
 ('./output/train/20250909-180938-mobilenetv2_100-224/checkpoint/checkpoint-197.pth.tar', 77.95)
 ('./output/train/20250909-180938-mobilenetv2_100-224/checkpoint/checkpoint-193.pth.tar', 77.93)
 ('./output/train/20250909-180938-mobilenetv2_100-224/checkpoint/checkpoint-187.pth.tar', 77.92)
 ('./output/train/20250909-180938-mobilenetv2_100-224/checkpoint/checkpoint-198.pth.tar', 77.91)
 ('./output/train/20250909-180938-mobilenetv2_100-224/checkpoint/checkpoint-192.pth.tar', 77.9)
 ('./output/train/20250909-180938-mobilenetv2_100-224/checkpoint/checkpoint-186.pth.tar', 77.88)

2025-09-09 22:50:16,946 -                train: [    INFO] - Train: 200 [   0/195 (  0%)]  Loss: 15.36 (15.4)  Loss_gt: 2.643 (2.64)  Loss_kd: 12.72 (12.7) LR: 5.000e-04
2025-09-09 22:51:36,633 -                train: [    INFO] - Train: 200 [ 194/195 (100%)]  Loss: 15.51 (15.1)  Loss_gt: 2.647 (2.67)  Loss_kd: 12.86 (12.4) LR: 5.000e-04
2025-09-09 22:51:37,074 -                train: [    INFO] - Test: [   0/39]  Time: 0.417 (0.417)  Loss:  0.7231 (0.7231)  Acc@1: 82.0312 (82.0312)  Acc@5: 94.9219 (94.9219)
2025-09-09 22:51:39,942 -                train: [    INFO] - Test: [  39/39]  Time: 0.022 (0.082)  Loss:  0.8483 (0.8687)  Acc@1: 75.0000 (78.0900)  Acc@5: 93.7500 (95.1600)
2025-09-09 22:51:40,035 - timm.utils.checkpoint_saver: [    INFO] - Current checkpoints:
 ('./output/train/20250909-180938-mobilenetv2_100-224/checkpoint/checkpoint-194.pth.tar', 78.1)
 ('./output/train/20250909-180938-mobilenetv2_100-224/checkpoint/checkpoint-200.pth.tar', 78.09)
 ('./output/train/20250909-180938-mobilenetv2_100-224/checkpoint/checkpoint-199.pth.tar', 78.06)
 ('./output/train/20250909-180938-mobilenetv2_100-224/checkpoint/checkpoint-185.pth.tar', 78.01)
 ('./output/train/20250909-180938-mobilenetv2_100-224/checkpoint/checkpoint-189.pth.tar', 77.97)
 ('./output/train/20250909-180938-mobilenetv2_100-224/checkpoint/checkpoint-197.pth.tar', 77.95)
 ('./output/train/20250909-180938-mobilenetv2_100-224/checkpoint/checkpoint-193.pth.tar', 77.93)
 ('./output/train/20250909-180938-mobilenetv2_100-224/checkpoint/checkpoint-187.pth.tar', 77.92)
 ('./output/train/20250909-180938-mobilenetv2_100-224/checkpoint/checkpoint-198.pth.tar', 77.91)
 ('./output/train/20250909-180938-mobilenetv2_100-224/checkpoint/checkpoint-192.pth.tar', 77.9)

2025-09-09 22:51:40,753 -                train: [    INFO] - Train: 201 [   0/195 (  0%)]  Loss: 15.03 (15.0)  Loss_gt: 2.690 (2.69)  Loss_kd: 12.34 (12.3) LR: 5.000e-04
2025-09-09 22:53:00,578 -                train: [    INFO] - Train: 201 [ 194/195 (100%)]  Loss: 15.17 (15.1)  Loss_gt: 2.529 (2.66)  Loss_kd: 12.64 (12.4) LR: 5.000e-04
2025-09-09 22:53:01,011 -                train: [    INFO] - Test: [   0/39]  Time: 0.413 (0.413)  Loss:  0.7235 (0.7235)  Acc@1: 82.8125 (82.8125)  Acc@5: 95.3125 (95.3125)
2025-09-09 22:53:03,804 -                train: [    INFO] - Test: [  39/39]  Time: 0.021 (0.080)  Loss:  0.7650 (0.8650)  Acc@1: 75.0000 (78.2500)  Acc@5: 93.7500 (95.1700)
2025-09-09 22:53:04,087 - timm.utils.checkpoint_saver: [    INFO] - Current checkpoints:
 ('./output/train/20250909-180938-mobilenetv2_100-224/checkpoint/checkpoint-201.pth.tar', 78.25)
 ('./output/train/20250909-180938-mobilenetv2_100-224/checkpoint/checkpoint-194.pth.tar', 78.1)
 ('./output/train/20250909-180938-mobilenetv2_100-224/checkpoint/checkpoint-200.pth.tar', 78.09)
 ('./output/train/20250909-180938-mobilenetv2_100-224/checkpoint/checkpoint-199.pth.tar', 78.06)
 ('./output/train/20250909-180938-mobilenetv2_100-224/checkpoint/checkpoint-185.pth.tar', 78.01)
 ('./output/train/20250909-180938-mobilenetv2_100-224/checkpoint/checkpoint-189.pth.tar', 77.97)
 ('./output/train/20250909-180938-mobilenetv2_100-224/checkpoint/checkpoint-197.pth.tar', 77.95)
 ('./output/train/20250909-180938-mobilenetv2_100-224/checkpoint/checkpoint-193.pth.tar', 77.93)
 ('./output/train/20250909-180938-mobilenetv2_100-224/checkpoint/checkpoint-187.pth.tar', 77.92)
 ('./output/train/20250909-180938-mobilenetv2_100-224/checkpoint/checkpoint-198.pth.tar', 77.91)

2025-09-09 22:53:04,824 -                train: [    INFO] - Train: 202 [   0/195 (  0%)]  Loss: 14.15 (14.2)  Loss_gt: 2.696 (2.70)  Loss_kd: 11.46 (11.5) LR: 5.000e-04
2025-09-09 22:54:24,753 -                train: [    INFO] - Train: 202 [ 194/195 (100%)]  Loss: 15.88 (15.0)  Loss_gt: 2.629 (2.68)  Loss_kd: 13.26 (12.4) LR: 5.000e-04
2025-09-09 22:54:25,189 -                train: [    INFO] - Test: [   0/39]  Time: 0.417 (0.417)  Loss:  0.7320 (0.7320)  Acc@1: 82.4219 (82.4219)  Acc@5: 95.3125 (95.3125)
2025-09-09 22:54:28,041 -                train: [    INFO] - Test: [  39/39]  Time: 0.023 (0.082)  Loss:  0.7165 (0.8649)  Acc@1: 75.0000 (77.9700)  Acc@5: 100.0000 (95.1900)
2025-09-09 22:54:28,154 - timm.utils.checkpoint_saver: [    INFO] - Current checkpoints:
 ('./output/train/20250909-180938-mobilenetv2_100-224/checkpoint/checkpoint-201.pth.tar', 78.25)
 ('./output/train/20250909-180938-mobilenetv2_100-224/checkpoint/checkpoint-194.pth.tar', 78.1)
 ('./output/train/20250909-180938-mobilenetv2_100-224/checkpoint/checkpoint-200.pth.tar', 78.09)
 ('./output/train/20250909-180938-mobilenetv2_100-224/checkpoint/checkpoint-199.pth.tar', 78.06)
 ('./output/train/20250909-180938-mobilenetv2_100-224/checkpoint/checkpoint-185.pth.tar', 78.01)
 ('./output/train/20250909-180938-mobilenetv2_100-224/checkpoint/checkpoint-189.pth.tar', 77.97)
 ('./output/train/20250909-180938-mobilenetv2_100-224/checkpoint/checkpoint-202.pth.tar', 77.97)
 ('./output/train/20250909-180938-mobilenetv2_100-224/checkpoint/checkpoint-197.pth.tar', 77.95)
 ('./output/train/20250909-180938-mobilenetv2_100-224/checkpoint/checkpoint-193.pth.tar', 77.93)
 ('./output/train/20250909-180938-mobilenetv2_100-224/checkpoint/checkpoint-187.pth.tar', 77.92)

2025-09-09 22:54:28,863 -                train: [    INFO] - Train: 203 [   0/195 (  0%)]  Loss: 14.71 (14.7)  Loss_gt: 2.554 (2.55)  Loss_kd: 12.15 (12.2) LR: 5.000e-04
2025-09-09 22:55:48,618 -                train: [    INFO] - Train: 203 [ 194/195 (100%)]  Loss: 15.74 (15.0)  Loss_gt: 2.609 (2.67)  Loss_kd: 13.13 (12.4) LR: 5.000e-04
2025-09-09 22:55:49,035 -                train: [    INFO] - Test: [   0/39]  Time: 0.398 (0.398)  Loss:  0.7482 (0.7482)  Acc@1: 82.0312 (82.0312)  Acc@5: 94.9219 (94.9219)
2025-09-09 22:55:51,883 -                train: [    INFO] - Test: [  39/39]  Time: 0.022 (0.081)  Loss:  0.8279 (0.8621)  Acc@1: 75.0000 (77.9700)  Acc@5: 93.7500 (95.1800)
2025-09-09 22:55:52,020 - timm.utils.checkpoint_saver: [    INFO] - Current checkpoints:
 ('./output/train/20250909-180938-mobilenetv2_100-224/checkpoint/checkpoint-201.pth.tar', 78.25)
 ('./output/train/20250909-180938-mobilenetv2_100-224/checkpoint/checkpoint-194.pth.tar', 78.1)
 ('./output/train/20250909-180938-mobilenetv2_100-224/checkpoint/checkpoint-200.pth.tar', 78.09)
 ('./output/train/20250909-180938-mobilenetv2_100-224/checkpoint/checkpoint-199.pth.tar', 78.06)
 ('./output/train/20250909-180938-mobilenetv2_100-224/checkpoint/checkpoint-185.pth.tar', 78.01)
 ('./output/train/20250909-180938-mobilenetv2_100-224/checkpoint/checkpoint-189.pth.tar', 77.97)
 ('./output/train/20250909-180938-mobilenetv2_100-224/checkpoint/checkpoint-202.pth.tar', 77.97)
 ('./output/train/20250909-180938-mobilenetv2_100-224/checkpoint/checkpoint-203.pth.tar', 77.97)
 ('./output/train/20250909-180938-mobilenetv2_100-224/checkpoint/checkpoint-197.pth.tar', 77.95)
 ('./output/train/20250909-180938-mobilenetv2_100-224/checkpoint/checkpoint-193.pth.tar', 77.93)

2025-09-09 22:55:52,742 -                train: [    INFO] - Train: 204 [   0/195 (  0%)]  Loss: 15.08 (15.1)  Loss_gt: 2.769 (2.77)  Loss_kd: 12.31 (12.3) LR: 5.000e-04
2025-09-09 22:57:12,737 -                train: [    INFO] - Train: 204 [ 194/195 (100%)]  Loss: 14.44 (15.0)  Loss_gt: 2.613 (2.67)  Loss_kd: 11.83 (12.4) LR: 5.000e-04
2025-09-09 22:57:13,180 -                train: [    INFO] - Test: [   0/39]  Time: 0.425 (0.425)  Loss:  0.7307 (0.7307)  Acc@1: 81.6406 (81.6406)  Acc@5: 95.3125 (95.3125)
2025-09-09 22:57:16,235 -                train: [    INFO] - Test: [  39/39]  Time: 0.028 (0.087)  Loss:  0.7956 (0.8703)  Acc@1: 75.0000 (78.0900)  Acc@5: 93.7500 (95.0800)
2025-09-09 22:57:16,327 - timm.utils.checkpoint_saver: [    INFO] - Current checkpoints:
 ('./output/train/20250909-180938-mobilenetv2_100-224/checkpoint/checkpoint-201.pth.tar', 78.25)
 ('./output/train/20250909-180938-mobilenetv2_100-224/checkpoint/checkpoint-194.pth.tar', 78.1)
 ('./output/train/20250909-180938-mobilenetv2_100-224/checkpoint/checkpoint-200.pth.tar', 78.09)
 ('./output/train/20250909-180938-mobilenetv2_100-224/checkpoint/checkpoint-204.pth.tar', 78.09)
 ('./output/train/20250909-180938-mobilenetv2_100-224/checkpoint/checkpoint-199.pth.tar', 78.06)
 ('./output/train/20250909-180938-mobilenetv2_100-224/checkpoint/checkpoint-185.pth.tar', 78.01)
 ('./output/train/20250909-180938-mobilenetv2_100-224/checkpoint/checkpoint-189.pth.tar', 77.97)
 ('./output/train/20250909-180938-mobilenetv2_100-224/checkpoint/checkpoint-202.pth.tar', 77.97)
 ('./output/train/20250909-180938-mobilenetv2_100-224/checkpoint/checkpoint-203.pth.tar', 77.97)
 ('./output/train/20250909-180938-mobilenetv2_100-224/checkpoint/checkpoint-197.pth.tar', 77.95)

2025-09-09 22:57:17,068 -                train: [    INFO] - Train: 205 [   0/195 (  0%)]  Loss: 15.28 (15.3)  Loss_gt: 2.732 (2.73)  Loss_kd: 12.55 (12.6) LR: 5.000e-04
2025-09-09 22:58:36,890 -                train: [    INFO] - Train: 205 [ 194/195 (100%)]  Loss: 15.50 (15.0)  Loss_gt: 2.669 (2.66)  Loss_kd: 12.83 (12.4) LR: 5.000e-04
2025-09-09 22:58:37,306 -                train: [    INFO] - Test: [   0/39]  Time: 0.394 (0.394)  Loss:  0.7693 (0.7693)  Acc@1: 81.6406 (81.6406)  Acc@5: 94.9219 (94.9219)
2025-09-09 22:58:40,182 -                train: [    INFO] - Test: [  39/39]  Time: 0.021 (0.082)  Loss:  0.7851 (0.8698)  Acc@1: 75.0000 (77.9800)  Acc@5: 93.7500 (95.3000)
2025-09-09 22:58:40,314 - timm.utils.checkpoint_saver: [    INFO] - Current checkpoints:
 ('./output/train/20250909-180938-mobilenetv2_100-224/checkpoint/checkpoint-201.pth.tar', 78.25)
 ('./output/train/20250909-180938-mobilenetv2_100-224/checkpoint/checkpoint-194.pth.tar', 78.1)
 ('./output/train/20250909-180938-mobilenetv2_100-224/checkpoint/checkpoint-200.pth.tar', 78.09)
 ('./output/train/20250909-180938-mobilenetv2_100-224/checkpoint/checkpoint-204.pth.tar', 78.09)
 ('./output/train/20250909-180938-mobilenetv2_100-224/checkpoint/checkpoint-199.pth.tar', 78.06)
 ('./output/train/20250909-180938-mobilenetv2_100-224/checkpoint/checkpoint-185.pth.tar', 78.01)
 ('./output/train/20250909-180938-mobilenetv2_100-224/checkpoint/checkpoint-205.pth.tar', 77.98)
 ('./output/train/20250909-180938-mobilenetv2_100-224/checkpoint/checkpoint-189.pth.tar', 77.97)
 ('./output/train/20250909-180938-mobilenetv2_100-224/checkpoint/checkpoint-202.pth.tar', 77.97)
 ('./output/train/20250909-180938-mobilenetv2_100-224/checkpoint/checkpoint-203.pth.tar', 77.97)

2025-09-09 22:58:41,020 -                train: [    INFO] - Train: 206 [   0/195 (  0%)]  Loss: 14.23 (14.2)  Loss_gt: 2.669 (2.67)  Loss_kd: 11.56 (11.6) LR: 5.000e-04
2025-09-09 23:00:00,683 -                train: [    INFO] - Train: 206 [ 194/195 (100%)]  Loss: 14.10 (15.0)  Loss_gt: 2.668 (2.67)  Loss_kd: 11.43 (12.3) LR: 5.000e-04
2025-09-09 23:00:01,095 -                train: [    INFO] - Test: [   0/39]  Time: 0.393 (0.393)  Loss:  0.7296 (0.7296)  Acc@1: 82.8125 (82.8125)  Acc@5: 95.3125 (95.3125)
2025-09-09 23:00:03,929 -                train: [    INFO] - Test: [  39/39]  Time: 0.022 (0.081)  Loss:  0.8639 (0.8658)  Acc@1: 75.0000 (78.0300)  Acc@5: 93.7500 (95.2500)
2025-09-09 23:00:04,050 - timm.utils.checkpoint_saver: [    INFO] - Current checkpoints:
 ('./output/train/20250909-180938-mobilenetv2_100-224/checkpoint/checkpoint-201.pth.tar', 78.25)
 ('./output/train/20250909-180938-mobilenetv2_100-224/checkpoint/checkpoint-194.pth.tar', 78.1)
 ('./output/train/20250909-180938-mobilenetv2_100-224/checkpoint/checkpoint-200.pth.tar', 78.09)
 ('./output/train/20250909-180938-mobilenetv2_100-224/checkpoint/checkpoint-204.pth.tar', 78.09)
 ('./output/train/20250909-180938-mobilenetv2_100-224/checkpoint/checkpoint-199.pth.tar', 78.06)
 ('./output/train/20250909-180938-mobilenetv2_100-224/checkpoint/checkpoint-206.pth.tar', 78.03)
 ('./output/train/20250909-180938-mobilenetv2_100-224/checkpoint/checkpoint-185.pth.tar', 78.01)
 ('./output/train/20250909-180938-mobilenetv2_100-224/checkpoint/checkpoint-205.pth.tar', 77.98)
 ('./output/train/20250909-180938-mobilenetv2_100-224/checkpoint/checkpoint-189.pth.tar', 77.97)
 ('./output/train/20250909-180938-mobilenetv2_100-224/checkpoint/checkpoint-202.pth.tar', 77.97)

2025-09-09 23:00:04,795 -                train: [    INFO] - Train: 207 [   0/195 (  0%)]  Loss: 14.94 (14.9)  Loss_gt: 2.570 (2.57)  Loss_kd: 12.37 (12.4) LR: 5.000e-04
2025-09-09 23:01:24,556 -                train: [    INFO] - Train: 207 [ 194/195 (100%)]  Loss: 15.80 (15.0)  Loss_gt: 2.564 (2.66)  Loss_kd: 13.24 (12.3) LR: 5.000e-04
2025-09-09 23:01:24,988 -                train: [    INFO] - Test: [   0/39]  Time: 0.412 (0.412)  Loss:  0.7423 (0.7423)  Acc@1: 83.2031 (83.2031)  Acc@5: 95.3125 (95.3125)
2025-09-09 23:01:27,945 -                train: [    INFO] - Test: [  39/39]  Time: 0.026 (0.084)  Loss:  0.8562 (0.8631)  Acc@1: 75.0000 (77.8900)  Acc@5: 100.0000 (95.2700)
2025-09-09 23:01:28,754 -                train: [    INFO] - Train: 208 [   0/195 (  0%)]  Loss: 15.20 (15.2)  Loss_gt: 2.891 (2.89)  Loss_kd: 12.30 (12.3) LR: 5.000e-04
2025-09-09 23:02:48,162 -                train: [    INFO] - Train: 208 [ 194/195 (100%)]  Loss: 14.76 (15.0)  Loss_gt: 2.760 (2.65)  Loss_kd: 12.00 (12.4) LR: 5.000e-04
2025-09-09 23:02:48,580 -                train: [    INFO] - Test: [   0/39]  Time: 0.399 (0.399)  Loss:  0.7278 (0.7278)  Acc@1: 83.5938 (83.5938)  Acc@5: 95.7031 (95.7031)
2025-09-09 23:02:51,390 -                train: [    INFO] - Test: [  39/39]  Time: 0.022 (0.080)  Loss:  0.8563 (0.8673)  Acc@1: 75.0000 (77.8500)  Acc@5: 93.7500 (95.2600)
2025-09-09 23:02:52,234 -                train: [    INFO] - Train: 209 [   0/195 (  0%)]  Loss: 14.22 (14.2)  Loss_gt: 2.589 (2.59)  Loss_kd: 11.63 (11.6) LR: 5.000e-05
2025-09-09 23:04:11,482 -                train: [    INFO] - Train: 209 [ 194/195 (100%)]  Loss: 14.63 (14.9)  Loss_gt: 2.596 (2.66)  Loss_kd: 12.03 (12.3) LR: 5.000e-05
2025-09-09 23:04:11,886 -                train: [    INFO] - Test: [   0/39]  Time: 0.386 (0.386)  Loss:  0.7332 (0.7332)  Acc@1: 83.2031 (83.2031)  Acc@5: 95.3125 (95.3125)
2025-09-09 23:04:14,640 -                train: [    INFO] - Test: [  39/39]  Time: 0.021 (0.079)  Loss:  0.8220 (0.8648)  Acc@1: 75.0000 (78.1700)  Acc@5: 93.7500 (95.2900)
2025-09-09 23:04:14,754 - timm.utils.checkpoint_saver: [    INFO] - Current checkpoints:
 ('./output/train/20250909-180938-mobilenetv2_100-224/checkpoint/checkpoint-201.pth.tar', 78.25)
 ('./output/train/20250909-180938-mobilenetv2_100-224/checkpoint/checkpoint-209.pth.tar', 78.17)
 ('./output/train/20250909-180938-mobilenetv2_100-224/checkpoint/checkpoint-194.pth.tar', 78.1)
 ('./output/train/20250909-180938-mobilenetv2_100-224/checkpoint/checkpoint-200.pth.tar', 78.09)
 ('./output/train/20250909-180938-mobilenetv2_100-224/checkpoint/checkpoint-204.pth.tar', 78.09)
 ('./output/train/20250909-180938-mobilenetv2_100-224/checkpoint/checkpoint-199.pth.tar', 78.06)
 ('./output/train/20250909-180938-mobilenetv2_100-224/checkpoint/checkpoint-206.pth.tar', 78.03)
 ('./output/train/20250909-180938-mobilenetv2_100-224/checkpoint/checkpoint-185.pth.tar', 78.01)
 ('./output/train/20250909-180938-mobilenetv2_100-224/checkpoint/checkpoint-205.pth.tar', 77.98)
 ('./output/train/20250909-180938-mobilenetv2_100-224/checkpoint/checkpoint-189.pth.tar', 77.97)

2025-09-09 23:04:15,474 -                train: [    INFO] - Train: 210 [   0/195 (  0%)]  Loss: 15.38 (15.4)  Loss_gt: 2.768 (2.77)  Loss_kd: 12.61 (12.6) LR: 5.000e-05
2025-09-09 23:05:34,585 -                train: [    INFO] - Train: 210 [ 194/195 (100%)]  Loss: 14.85 (14.9)  Loss_gt: 2.604 (2.66)  Loss_kd: 12.25 (12.2) LR: 5.000e-05
2025-09-09 23:05:34,996 -                train: [    INFO] - Test: [   0/39]  Time: 0.392 (0.392)  Loss:  0.7381 (0.7381)  Acc@1: 83.9844 (83.9844)  Acc@5: 95.3125 (95.3125)
2025-09-09 23:05:37,771 -                train: [    INFO] - Test: [  39/39]  Time: 0.021 (0.079)  Loss:  0.8173 (0.8656)  Acc@1: 75.0000 (78.1000)  Acc@5: 93.7500 (95.2700)
2025-09-09 23:05:37,863 - timm.utils.checkpoint_saver: [    INFO] - Current checkpoints:
 ('./output/train/20250909-180938-mobilenetv2_100-224/checkpoint/checkpoint-201.pth.tar', 78.25)
 ('./output/train/20250909-180938-mobilenetv2_100-224/checkpoint/checkpoint-209.pth.tar', 78.17)
 ('./output/train/20250909-180938-mobilenetv2_100-224/checkpoint/checkpoint-194.pth.tar', 78.1)
 ('./output/train/20250909-180938-mobilenetv2_100-224/checkpoint/checkpoint-210.pth.tar', 78.1)
 ('./output/train/20250909-180938-mobilenetv2_100-224/checkpoint/checkpoint-200.pth.tar', 78.09)
 ('./output/train/20250909-180938-mobilenetv2_100-224/checkpoint/checkpoint-204.pth.tar', 78.09)
 ('./output/train/20250909-180938-mobilenetv2_100-224/checkpoint/checkpoint-199.pth.tar', 78.06)
 ('./output/train/20250909-180938-mobilenetv2_100-224/checkpoint/checkpoint-206.pth.tar', 78.03)
 ('./output/train/20250909-180938-mobilenetv2_100-224/checkpoint/checkpoint-185.pth.tar', 78.01)
 ('./output/train/20250909-180938-mobilenetv2_100-224/checkpoint/checkpoint-205.pth.tar', 77.98)

2025-09-09 23:05:38,562 -                train: [    INFO] - Train: 211 [   0/195 (  0%)]  Loss: 15.40 (15.4)  Loss_gt: 2.521 (2.52)  Loss_kd: 12.88 (12.9) LR: 5.000e-05
2025-09-09 23:06:57,660 -                train: [    INFO] - Train: 211 [ 194/195 (100%)]  Loss: 15.04 (14.9)  Loss_gt: 2.827 (2.66)  Loss_kd: 12.21 (12.2) LR: 5.000e-05
2025-09-09 23:06:58,070 -                train: [    INFO] - Test: [   0/39]  Time: 0.393 (0.393)  Loss:  0.7412 (0.7412)  Acc@1: 84.3750 (84.3750)  Acc@5: 94.9219 (94.9219)
2025-09-09 23:07:00,857 -                train: [    INFO] - Test: [  39/39]  Time: 0.034 (0.079)  Loss:  0.8268 (0.8627)  Acc@1: 75.0000 (78.0300)  Acc@5: 93.7500 (95.2700)
2025-09-09 23:07:00,982 - timm.utils.checkpoint_saver: [    INFO] - Current checkpoints:
 ('./output/train/20250909-180938-mobilenetv2_100-224/checkpoint/checkpoint-201.pth.tar', 78.25)
 ('./output/train/20250909-180938-mobilenetv2_100-224/checkpoint/checkpoint-209.pth.tar', 78.17)
 ('./output/train/20250909-180938-mobilenetv2_100-224/checkpoint/checkpoint-194.pth.tar', 78.1)
 ('./output/train/20250909-180938-mobilenetv2_100-224/checkpoint/checkpoint-210.pth.tar', 78.1)
 ('./output/train/20250909-180938-mobilenetv2_100-224/checkpoint/checkpoint-200.pth.tar', 78.09)
 ('./output/train/20250909-180938-mobilenetv2_100-224/checkpoint/checkpoint-204.pth.tar', 78.09)
 ('./output/train/20250909-180938-mobilenetv2_100-224/checkpoint/checkpoint-199.pth.tar', 78.06)
 ('./output/train/20250909-180938-mobilenetv2_100-224/checkpoint/checkpoint-206.pth.tar', 78.03)
 ('./output/train/20250909-180938-mobilenetv2_100-224/checkpoint/checkpoint-211.pth.tar', 78.03)
 ('./output/train/20250909-180938-mobilenetv2_100-224/checkpoint/checkpoint-185.pth.tar', 78.01)

2025-09-09 23:07:01,686 -                train: [    INFO] - Train: 212 [   0/195 (  0%)]  Loss: 14.75 (14.7)  Loss_gt: 2.711 (2.71)  Loss_kd: 12.04 (12.0) LR: 5.000e-05
2025-09-09 23:08:20,636 -                train: [    INFO] - Train: 212 [ 194/195 (100%)]  Loss: 14.92 (14.9)  Loss_gt: 2.868 (2.66)  Loss_kd: 12.05 (12.2) LR: 5.000e-05
2025-09-09 23:08:21,054 -                train: [    INFO] - Test: [   0/39]  Time: 0.398 (0.398)  Loss:  0.7409 (0.7409)  Acc@1: 83.9844 (83.9844)  Acc@5: 95.3125 (95.3125)
2025-09-09 23:08:23,845 -                train: [    INFO] - Test: [  39/39]  Time: 0.023 (0.080)  Loss:  0.8231 (0.8652)  Acc@1: 75.0000 (78.1600)  Acc@5: 93.7500 (95.2800)
2025-09-09 23:08:23,946 - timm.utils.checkpoint_saver: [    INFO] - Current checkpoints:
 ('./output/train/20250909-180938-mobilenetv2_100-224/checkpoint/checkpoint-201.pth.tar', 78.25)
 ('./output/train/20250909-180938-mobilenetv2_100-224/checkpoint/checkpoint-209.pth.tar', 78.17)
 ('./output/train/20250909-180938-mobilenetv2_100-224/checkpoint/checkpoint-212.pth.tar', 78.16)
 ('./output/train/20250909-180938-mobilenetv2_100-224/checkpoint/checkpoint-194.pth.tar', 78.1)
 ('./output/train/20250909-180938-mobilenetv2_100-224/checkpoint/checkpoint-210.pth.tar', 78.1)
 ('./output/train/20250909-180938-mobilenetv2_100-224/checkpoint/checkpoint-200.pth.tar', 78.09)
 ('./output/train/20250909-180938-mobilenetv2_100-224/checkpoint/checkpoint-204.pth.tar', 78.09)
 ('./output/train/20250909-180938-mobilenetv2_100-224/checkpoint/checkpoint-199.pth.tar', 78.06)
 ('./output/train/20250909-180938-mobilenetv2_100-224/checkpoint/checkpoint-206.pth.tar', 78.03)
 ('./output/train/20250909-180938-mobilenetv2_100-224/checkpoint/checkpoint-211.pth.tar', 78.03)

2025-09-09 23:08:24,665 -                train: [    INFO] - Train: 213 [   0/195 (  0%)]  Loss: 14.79 (14.8)  Loss_gt: 2.678 (2.68)  Loss_kd: 12.12 (12.1) LR: 5.000e-05
2025-09-09 23:09:43,851 -                train: [    INFO] - Train: 213 [ 194/195 (100%)]  Loss: 14.51 (14.8)  Loss_gt: 2.704 (2.66)  Loss_kd: 11.80 (12.2) LR: 5.000e-05
2025-09-09 23:09:44,285 -                train: [    INFO] - Test: [   0/39]  Time: 0.415 (0.415)  Loss:  0.7282 (0.7282)  Acc@1: 82.8125 (82.8125)  Acc@5: 95.3125 (95.3125)
2025-09-09 23:09:47,182 -                train: [    INFO] - Test: [  39/39]  Time: 0.025 (0.083)  Loss:  0.8194 (0.8629)  Acc@1: 75.0000 (78.0300)  Acc@5: 93.7500 (95.2700)
2025-09-09 23:09:47,997 -                train: [    INFO] - Train: 214 [   0/195 (  0%)]  Loss: 14.55 (14.6)  Loss_gt: 2.624 (2.62)  Loss_kd: 11.93 (11.9) LR: 5.000e-05
2025-09-09 23:11:06,935 -                train: [    INFO] - Train: 214 [ 194/195 (100%)]  Loss: 14.42 (14.8)  Loss_gt: 2.670 (2.65)  Loss_kd: 11.75 (12.2) LR: 5.000e-05
2025-09-09 23:11:07,354 -                train: [    INFO] - Test: [   0/39]  Time: 0.400 (0.400)  Loss:  0.7425 (0.7425)  Acc@1: 83.5938 (83.5938)  Acc@5: 94.9219 (94.9219)
2025-09-09 23:11:10,179 -                train: [    INFO] - Test: [  39/39]  Time: 0.022 (0.081)  Loss:  0.8416 (0.8621)  Acc@1: 75.0000 (78.1400)  Acc@5: 93.7500 (95.2700)
2025-09-09 23:11:10,282 - timm.utils.checkpoint_saver: [    INFO] - Current checkpoints:
 ('./output/train/20250909-180938-mobilenetv2_100-224/checkpoint/checkpoint-201.pth.tar', 78.25)
 ('./output/train/20250909-180938-mobilenetv2_100-224/checkpoint/checkpoint-209.pth.tar', 78.17)
 ('./output/train/20250909-180938-mobilenetv2_100-224/checkpoint/checkpoint-212.pth.tar', 78.16)
 ('./output/train/20250909-180938-mobilenetv2_100-224/checkpoint/checkpoint-214.pth.tar', 78.14)
 ('./output/train/20250909-180938-mobilenetv2_100-224/checkpoint/checkpoint-194.pth.tar', 78.1)
 ('./output/train/20250909-180938-mobilenetv2_100-224/checkpoint/checkpoint-210.pth.tar', 78.1)
 ('./output/train/20250909-180938-mobilenetv2_100-224/checkpoint/checkpoint-200.pth.tar', 78.09)
 ('./output/train/20250909-180938-mobilenetv2_100-224/checkpoint/checkpoint-204.pth.tar', 78.09)
 ('./output/train/20250909-180938-mobilenetv2_100-224/checkpoint/checkpoint-199.pth.tar', 78.06)
 ('./output/train/20250909-180938-mobilenetv2_100-224/checkpoint/checkpoint-206.pth.tar', 78.03)

2025-09-09 23:11:10,989 -                train: [    INFO] - Train: 215 [   0/195 (  0%)]  Loss: 14.80 (14.8)  Loss_gt: 2.648 (2.65)  Loss_kd: 12.15 (12.1) LR: 5.000e-05
2025-09-09 23:12:29,845 -                train: [    INFO] - Train: 215 [ 194/195 (100%)]  Loss: 14.68 (14.8)  Loss_gt: 2.652 (2.65)  Loss_kd: 12.03 (12.2) LR: 5.000e-05
2025-09-09 23:12:30,259 -                train: [    INFO] - Test: [   0/39]  Time: 0.396 (0.396)  Loss:  0.7381 (0.7381)  Acc@1: 83.5938 (83.5938)  Acc@5: 94.9219 (94.9219)
2025-09-09 23:12:33,037 -                train: [    INFO] - Test: [  39/39]  Time: 0.022 (0.079)  Loss:  0.8117 (0.8611)  Acc@1: 75.0000 (77.9900)  Acc@5: 100.0000 (95.3100)
2025-09-09 23:12:33,900 -                train: [    INFO] - Train: 216 [   0/195 (  0%)]  Loss: 14.75 (14.7)  Loss_gt: 2.417 (2.42)  Loss_kd: 12.33 (12.3) LR: 5.000e-05
2025-09-09 23:13:53,160 -                train: [    INFO] - Train: 216 [ 194/195 (100%)]  Loss: 14.65 (14.8)  Loss_gt: 2.524 (2.66)  Loss_kd: 12.12 (12.1) LR: 5.000e-05
2025-09-09 23:13:53,598 -                train: [    INFO] - Test: [   0/39]  Time: 0.419 (0.419)  Loss:  0.7321 (0.7321)  Acc@1: 83.5938 (83.5938)  Acc@5: 95.3125 (95.3125)
2025-09-09 23:13:56,504 -                train: [    INFO] - Test: [  39/39]  Time: 0.022 (0.083)  Loss:  0.8621 (0.8626)  Acc@1: 75.0000 (78.2900)  Acc@5: 93.7500 (95.2700)
2025-09-09 23:13:56,634 - timm.utils.checkpoint_saver: [    INFO] - Current checkpoints:
 ('./output/train/20250909-180938-mobilenetv2_100-224/checkpoint/checkpoint-216.pth.tar', 78.29)
 ('./output/train/20250909-180938-mobilenetv2_100-224/checkpoint/checkpoint-201.pth.tar', 78.25)
 ('./output/train/20250909-180938-mobilenetv2_100-224/checkpoint/checkpoint-209.pth.tar', 78.17)
 ('./output/train/20250909-180938-mobilenetv2_100-224/checkpoint/checkpoint-212.pth.tar', 78.16)
 ('./output/train/20250909-180938-mobilenetv2_100-224/checkpoint/checkpoint-214.pth.tar', 78.14)
 ('./output/train/20250909-180938-mobilenetv2_100-224/checkpoint/checkpoint-194.pth.tar', 78.1)
 ('./output/train/20250909-180938-mobilenetv2_100-224/checkpoint/checkpoint-210.pth.tar', 78.1)
 ('./output/train/20250909-180938-mobilenetv2_100-224/checkpoint/checkpoint-200.pth.tar', 78.09)
 ('./output/train/20250909-180938-mobilenetv2_100-224/checkpoint/checkpoint-204.pth.tar', 78.09)
 ('./output/train/20250909-180938-mobilenetv2_100-224/checkpoint/checkpoint-199.pth.tar', 78.06)

2025-09-09 23:13:57,345 -                train: [    INFO] - Train: 217 [   0/195 (  0%)]  Loss: 14.81 (14.8)  Loss_gt: 2.829 (2.83)  Loss_kd: 11.98 (12.0) LR: 5.000e-05
2025-09-09 23:15:16,381 -                train: [    INFO] - Train: 217 [ 194/195 (100%)]  Loss: 14.42 (14.8)  Loss_gt: 2.615 (2.65)  Loss_kd: 11.80 (12.2) LR: 5.000e-05
2025-09-09 23:15:16,789 -                train: [    INFO] - Test: [   0/39]  Time: 0.390 (0.390)  Loss:  0.7378 (0.7378)  Acc@1: 84.3750 (84.3750)  Acc@5: 94.9219 (94.9219)
2025-09-09 23:15:19,620 -                train: [    INFO] - Test: [  39/39]  Time: 0.021 (0.081)  Loss:  0.8536 (0.8609)  Acc@1: 75.0000 (78.3200)  Acc@5: 93.7500 (95.3100)
2025-09-09 23:15:19,735 - timm.utils.checkpoint_saver: [    INFO] - Current checkpoints:
 ('./output/train/20250909-180938-mobilenetv2_100-224/checkpoint/checkpoint-217.pth.tar', 78.32)
 ('./output/train/20250909-180938-mobilenetv2_100-224/checkpoint/checkpoint-216.pth.tar', 78.29)
 ('./output/train/20250909-180938-mobilenetv2_100-224/checkpoint/checkpoint-201.pth.tar', 78.25)
 ('./output/train/20250909-180938-mobilenetv2_100-224/checkpoint/checkpoint-209.pth.tar', 78.17)
 ('./output/train/20250909-180938-mobilenetv2_100-224/checkpoint/checkpoint-212.pth.tar', 78.16)
 ('./output/train/20250909-180938-mobilenetv2_100-224/checkpoint/checkpoint-214.pth.tar', 78.14)
 ('./output/train/20250909-180938-mobilenetv2_100-224/checkpoint/checkpoint-194.pth.tar', 78.1)
 ('./output/train/20250909-180938-mobilenetv2_100-224/checkpoint/checkpoint-210.pth.tar', 78.1)
 ('./output/train/20250909-180938-mobilenetv2_100-224/checkpoint/checkpoint-200.pth.tar', 78.09)
 ('./output/train/20250909-180938-mobilenetv2_100-224/checkpoint/checkpoint-204.pth.tar', 78.09)

2025-09-09 23:15:20,445 -                train: [    INFO] - Train: 218 [   0/195 (  0%)]  Loss: 14.56 (14.6)  Loss_gt: 2.664 (2.66)  Loss_kd: 11.90 (11.9) LR: 5.000e-05
2025-09-09 23:16:39,537 -                train: [    INFO] - Train: 218 [ 194/195 (100%)]  Loss: 14.59 (14.8)  Loss_gt: 2.508 (2.66)  Loss_kd: 12.08 (12.1) LR: 5.000e-05
2025-09-09 23:16:39,944 -                train: [    INFO] - Test: [   0/39]  Time: 0.387 (0.387)  Loss:  0.7269 (0.7269)  Acc@1: 83.5938 (83.5938)  Acc@5: 94.9219 (94.9219)
2025-09-09 23:16:42,762 -                train: [    INFO] - Test: [  39/39]  Time: 0.023 (0.080)  Loss:  0.8367 (0.8597)  Acc@1: 75.0000 (78.2400)  Acc@5: 93.7500 (95.3200)
2025-09-09 23:16:42,891 - timm.utils.checkpoint_saver: [    INFO] - Current checkpoints:
 ('./output/train/20250909-180938-mobilenetv2_100-224/checkpoint/checkpoint-217.pth.tar', 78.32)
 ('./output/train/20250909-180938-mobilenetv2_100-224/checkpoint/checkpoint-216.pth.tar', 78.29)
 ('./output/train/20250909-180938-mobilenetv2_100-224/checkpoint/checkpoint-201.pth.tar', 78.25)
 ('./output/train/20250909-180938-mobilenetv2_100-224/checkpoint/checkpoint-218.pth.tar', 78.24)
 ('./output/train/20250909-180938-mobilenetv2_100-224/checkpoint/checkpoint-209.pth.tar', 78.17)
 ('./output/train/20250909-180938-mobilenetv2_100-224/checkpoint/checkpoint-212.pth.tar', 78.16)
 ('./output/train/20250909-180938-mobilenetv2_100-224/checkpoint/checkpoint-214.pth.tar', 78.14)
 ('./output/train/20250909-180938-mobilenetv2_100-224/checkpoint/checkpoint-194.pth.tar', 78.1)
 ('./output/train/20250909-180938-mobilenetv2_100-224/checkpoint/checkpoint-210.pth.tar', 78.1)
 ('./output/train/20250909-180938-mobilenetv2_100-224/checkpoint/checkpoint-200.pth.tar', 78.09)

2025-09-09 23:16:43,636 -                train: [    INFO] - Train: 219 [   0/195 (  0%)]  Loss: 14.84 (14.8)  Loss_gt: 2.717 (2.72)  Loss_kd: 12.13 (12.1) LR: 5.000e-05
2025-09-09 23:18:02,930 -                train: [    INFO] - Train: 219 [ 194/195 (100%)]  Loss: 14.56 (14.9)  Loss_gt: 2.542 (2.66)  Loss_kd: 12.02 (12.2) LR: 5.000e-05
2025-09-09 23:18:03,355 -                train: [    INFO] - Test: [   0/39]  Time: 0.403 (0.403)  Loss:  0.7452 (0.7452)  Acc@1: 83.5938 (83.5938)  Acc@5: 94.9219 (94.9219)
2025-09-09 23:18:06,073 -                train: [    INFO] - Test: [  39/39]  Time: 0.022 (0.078)  Loss:  0.8547 (0.8617)  Acc@1: 75.0000 (78.2200)  Acc@5: 93.7500 (95.3000)
2025-09-09 23:18:06,177 - timm.utils.checkpoint_saver: [    INFO] - Current checkpoints:
 ('./output/train/20250909-180938-mobilenetv2_100-224/checkpoint/checkpoint-217.pth.tar', 78.32)
 ('./output/train/20250909-180938-mobilenetv2_100-224/checkpoint/checkpoint-216.pth.tar', 78.29)
 ('./output/train/20250909-180938-mobilenetv2_100-224/checkpoint/checkpoint-201.pth.tar', 78.25)
 ('./output/train/20250909-180938-mobilenetv2_100-224/checkpoint/checkpoint-218.pth.tar', 78.24)
 ('./output/train/20250909-180938-mobilenetv2_100-224/checkpoint/checkpoint-219.pth.tar', 78.22)
 ('./output/train/20250909-180938-mobilenetv2_100-224/checkpoint/checkpoint-209.pth.tar', 78.17)
 ('./output/train/20250909-180938-mobilenetv2_100-224/checkpoint/checkpoint-212.pth.tar', 78.16)
 ('./output/train/20250909-180938-mobilenetv2_100-224/checkpoint/checkpoint-214.pth.tar', 78.14)
 ('./output/train/20250909-180938-mobilenetv2_100-224/checkpoint/checkpoint-194.pth.tar', 78.1)
 ('./output/train/20250909-180938-mobilenetv2_100-224/checkpoint/checkpoint-210.pth.tar', 78.1)

2025-09-09 23:18:06,904 -                train: [    INFO] - Train: 220 [   0/195 (  0%)]  Loss: 15.43 (15.4)  Loss_gt: 2.485 (2.48)  Loss_kd: 12.95 (12.9) LR: 5.000e-05
2025-09-09 23:19:26,069 -                train: [    INFO] - Train: 220 [ 194/195 (100%)]  Loss: 14.69 (14.8)  Loss_gt: 2.629 (2.65)  Loss_kd: 12.06 (12.2) LR: 5.000e-05
2025-09-09 23:19:26,483 -                train: [    INFO] - Test: [   0/39]  Time: 0.395 (0.395)  Loss:  0.7285 (0.7285)  Acc@1: 83.9844 (83.9844)  Acc@5: 94.9219 (94.9219)
2025-09-09 23:19:29,336 -                train: [    INFO] - Test: [  39/39]  Time: 0.022 (0.081)  Loss:  0.8798 (0.8575)  Acc@1: 75.0000 (78.2700)  Acc@5: 93.7500 (95.3200)
2025-09-09 23:19:29,452 - timm.utils.checkpoint_saver: [    INFO] - Current checkpoints:
 ('./output/train/20250909-180938-mobilenetv2_100-224/checkpoint/checkpoint-217.pth.tar', 78.32)
 ('./output/train/20250909-180938-mobilenetv2_100-224/checkpoint/checkpoint-216.pth.tar', 78.29)
 ('./output/train/20250909-180938-mobilenetv2_100-224/checkpoint/checkpoint-220.pth.tar', 78.27)
 ('./output/train/20250909-180938-mobilenetv2_100-224/checkpoint/checkpoint-201.pth.tar', 78.25)
 ('./output/train/20250909-180938-mobilenetv2_100-224/checkpoint/checkpoint-218.pth.tar', 78.24)
 ('./output/train/20250909-180938-mobilenetv2_100-224/checkpoint/checkpoint-219.pth.tar', 78.22)
 ('./output/train/20250909-180938-mobilenetv2_100-224/checkpoint/checkpoint-209.pth.tar', 78.17)
 ('./output/train/20250909-180938-mobilenetv2_100-224/checkpoint/checkpoint-212.pth.tar', 78.16)
 ('./output/train/20250909-180938-mobilenetv2_100-224/checkpoint/checkpoint-214.pth.tar', 78.14)
 ('./output/train/20250909-180938-mobilenetv2_100-224/checkpoint/checkpoint-194.pth.tar', 78.1)

2025-09-09 23:19:30,157 -                train: [    INFO] - Train: 221 [   0/195 (  0%)]  Loss: 15.14 (15.1)  Loss_gt: 2.511 (2.51)  Loss_kd: 12.63 (12.6) LR: 5.000e-05
2025-09-09 23:20:49,521 -                train: [    INFO] - Train: 221 [ 194/195 (100%)]  Loss: 14.48 (14.8)  Loss_gt: 2.749 (2.66)  Loss_kd: 11.73 (12.2) LR: 5.000e-05
2025-09-09 23:20:49,929 -                train: [    INFO] - Test: [   0/39]  Time: 0.386 (0.386)  Loss:  0.7355 (0.7355)  Acc@1: 82.8125 (82.8125)  Acc@5: 94.9219 (94.9219)
2025-09-09 23:20:52,663 -                train: [    INFO] - Test: [  39/39]  Time: 0.024 (0.078)  Loss:  0.8453 (0.8616)  Acc@1: 75.0000 (78.1000)  Acc@5: 93.7500 (95.2800)
2025-09-09 23:20:53,451 -                train: [    INFO] - Train: 222 [   0/195 (  0%)]  Loss: 14.86 (14.9)  Loss_gt: 2.726 (2.73)  Loss_kd: 12.14 (12.1) LR: 5.000e-05
2025-09-09 23:22:12,775 -                train: [    INFO] - Train: 222 [ 194/195 (100%)]  Loss: 14.60 (14.9)  Loss_gt: 2.497 (2.66)  Loss_kd: 12.10 (12.2) LR: 5.000e-05
2025-09-09 23:22:13,189 -                train: [    INFO] - Test: [   0/39]  Time: 0.395 (0.395)  Loss:  0.7385 (0.7385)  Acc@1: 83.5938 (83.5938)  Acc@5: 94.9219 (94.9219)
2025-09-09 23:22:15,984 -                train: [    INFO] - Test: [  39/39]  Time: 0.022 (0.080)  Loss:  0.8848 (0.8594)  Acc@1: 75.0000 (78.1000)  Acc@5: 93.7500 (95.3400)
2025-09-09 23:22:16,840 -                train: [    INFO] - Train: 223 [   0/195 (  0%)]  Loss: 14.63 (14.6)  Loss_gt: 2.662 (2.66)  Loss_kd: 11.97 (12.0) LR: 5.000e-05
2025-09-09 23:23:36,080 -                train: [    INFO] - Train: 223 [ 194/195 (100%)]  Loss: 14.68 (14.9)  Loss_gt: 2.630 (2.65)  Loss_kd: 12.05 (12.2) LR: 5.000e-05
2025-09-09 23:23:36,497 -                train: [    INFO] - Test: [   0/39]  Time: 0.397 (0.397)  Loss:  0.7322 (0.7322)  Acc@1: 82.8125 (82.8125)  Acc@5: 95.3125 (95.3125)
2025-09-09 23:23:39,349 -                train: [    INFO] - Test: [  39/39]  Time: 0.021 (0.081)  Loss:  0.8484 (0.8582)  Acc@1: 75.0000 (78.1300)  Acc@5: 93.7500 (95.3300)
2025-09-09 23:23:39,546 - timm.utils.checkpoint_saver: [    INFO] - Current checkpoints:
 ('./output/train/20250909-180938-mobilenetv2_100-224/checkpoint/checkpoint-217.pth.tar', 78.32)
 ('./output/train/20250909-180938-mobilenetv2_100-224/checkpoint/checkpoint-216.pth.tar', 78.29)
 ('./output/train/20250909-180938-mobilenetv2_100-224/checkpoint/checkpoint-220.pth.tar', 78.27)
 ('./output/train/20250909-180938-mobilenetv2_100-224/checkpoint/checkpoint-201.pth.tar', 78.25)
 ('./output/train/20250909-180938-mobilenetv2_100-224/checkpoint/checkpoint-218.pth.tar', 78.24)
 ('./output/train/20250909-180938-mobilenetv2_100-224/checkpoint/checkpoint-219.pth.tar', 78.22)
 ('./output/train/20250909-180938-mobilenetv2_100-224/checkpoint/checkpoint-209.pth.tar', 78.17)
 ('./output/train/20250909-180938-mobilenetv2_100-224/checkpoint/checkpoint-212.pth.tar', 78.16)
 ('./output/train/20250909-180938-mobilenetv2_100-224/checkpoint/checkpoint-214.pth.tar', 78.14)
 ('./output/train/20250909-180938-mobilenetv2_100-224/checkpoint/checkpoint-223.pth.tar', 78.13)

2025-09-09 23:23:40,247 -                train: [    INFO] - Train: 224 [   0/195 (  0%)]  Loss: 14.08 (14.1)  Loss_gt: 2.738 (2.74)  Loss_kd: 11.34 (11.3) LR: 5.000e-05
2025-09-09 23:24:59,267 -                train: [    INFO] - Train: 224 [ 194/195 (100%)]  Loss: 14.73 (14.8)  Loss_gt: 2.556 (2.65)  Loss_kd: 12.17 (12.2) LR: 5.000e-05
2025-09-09 23:24:59,680 -                train: [    INFO] - Test: [   0/39]  Time: 0.394 (0.394)  Loss:  0.7401 (0.7401)  Acc@1: 82.4219 (82.4219)  Acc@5: 95.3125 (95.3125)
2025-09-09 23:25:02,470 -                train: [    INFO] - Test: [  39/39]  Time: 0.022 (0.080)  Loss:  0.8732 (0.8648)  Acc@1: 75.0000 (78.1200)  Acc@5: 93.7500 (95.3800)
2025-09-09 23:25:03,256 -                train: [    INFO] - Train: 225 [   0/195 (  0%)]  Loss: 15.04 (15.0)  Loss_gt: 2.695 (2.69)  Loss_kd: 12.34 (12.3) LR: 5.000e-05
2025-09-09 23:26:22,211 -                train: [    INFO] - Train: 225 [ 194/195 (100%)]  Loss: 14.76 (14.8)  Loss_gt: 2.605 (2.65)  Loss_kd: 12.16 (12.1) LR: 5.000e-05
2025-09-09 23:26:22,621 -                train: [    INFO] - Test: [   0/39]  Time: 0.390 (0.390)  Loss:  0.7316 (0.7316)  Acc@1: 83.5938 (83.5938)  Acc@5: 94.9219 (94.9219)
2025-09-09 23:26:25,499 -                train: [    INFO] - Test: [  39/39]  Time: 0.022 (0.082)  Loss:  0.8754 (0.8606)  Acc@1: 75.0000 (78.2200)  Acc@5: 100.0000 (95.3800)
2025-09-09 23:26:25,610 - timm.utils.checkpoint_saver: [    INFO] - Current checkpoints:
 ('./output/train/20250909-180938-mobilenetv2_100-224/checkpoint/checkpoint-217.pth.tar', 78.32)
 ('./output/train/20250909-180938-mobilenetv2_100-224/checkpoint/checkpoint-216.pth.tar', 78.29)
 ('./output/train/20250909-180938-mobilenetv2_100-224/checkpoint/checkpoint-220.pth.tar', 78.27)
 ('./output/train/20250909-180938-mobilenetv2_100-224/checkpoint/checkpoint-201.pth.tar', 78.25)
 ('./output/train/20250909-180938-mobilenetv2_100-224/checkpoint/checkpoint-218.pth.tar', 78.24)
 ('./output/train/20250909-180938-mobilenetv2_100-224/checkpoint/checkpoint-219.pth.tar', 78.22)
 ('./output/train/20250909-180938-mobilenetv2_100-224/checkpoint/checkpoint-225.pth.tar', 78.22)
 ('./output/train/20250909-180938-mobilenetv2_100-224/checkpoint/checkpoint-209.pth.tar', 78.17)
 ('./output/train/20250909-180938-mobilenetv2_100-224/checkpoint/checkpoint-212.pth.tar', 78.16)
 ('./output/train/20250909-180938-mobilenetv2_100-224/checkpoint/checkpoint-214.pth.tar', 78.14)

2025-09-09 23:26:26,312 -                train: [    INFO] - Train: 226 [   0/195 (  0%)]  Loss: 14.66 (14.7)  Loss_gt: 2.638 (2.64)  Loss_kd: 12.02 (12.0) LR: 5.000e-05
2025-09-09 23:27:45,469 -                train: [    INFO] - Train: 226 [ 194/195 (100%)]  Loss: 14.80 (14.8)  Loss_gt: 2.483 (2.66)  Loss_kd: 12.32 (12.2) LR: 5.000e-05
2025-09-09 23:27:45,889 -                train: [    INFO] - Test: [   0/39]  Time: 0.402 (0.402)  Loss:  0.7365 (0.7365)  Acc@1: 82.4219 (82.4219)  Acc@5: 94.9219 (94.9219)
2025-09-09 23:27:48,725 -                train: [    INFO] - Test: [  39/39]  Time: 0.023 (0.081)  Loss:  0.8925 (0.8632)  Acc@1: 75.0000 (78.1300)  Acc@5: 93.7500 (95.3000)
2025-09-09 23:27:49,526 -                train: [    INFO] - Train: 227 [   0/195 (  0%)]  Loss: 14.70 (14.7)  Loss_gt: 2.838 (2.84)  Loss_kd: 11.86 (11.9) LR: 5.000e-05
2025-09-09 23:29:08,505 -                train: [    INFO] - Train: 227 [ 194/195 (100%)]  Loss: 15.43 (14.8)  Loss_gt: 2.603 (2.66)  Loss_kd: 12.82 (12.1) LR: 5.000e-05
2025-09-09 23:29:08,910 -                train: [    INFO] - Test: [   0/39]  Time: 0.386 (0.386)  Loss:  0.7316 (0.7316)  Acc@1: 83.5938 (83.5938)  Acc@5: 95.7031 (95.7031)
2025-09-09 23:29:11,646 -                train: [    INFO] - Test: [  39/39]  Time: 0.021 (0.078)  Loss:  0.8728 (0.8593)  Acc@1: 75.0000 (78.2100)  Acc@5: 93.7500 (95.4300)
2025-09-09 23:29:11,748 - timm.utils.checkpoint_saver: [    INFO] - Current checkpoints:
 ('./output/train/20250909-180938-mobilenetv2_100-224/checkpoint/checkpoint-217.pth.tar', 78.32)
 ('./output/train/20250909-180938-mobilenetv2_100-224/checkpoint/checkpoint-216.pth.tar', 78.29)
 ('./output/train/20250909-180938-mobilenetv2_100-224/checkpoint/checkpoint-220.pth.tar', 78.27)
 ('./output/train/20250909-180938-mobilenetv2_100-224/checkpoint/checkpoint-201.pth.tar', 78.25)
 ('./output/train/20250909-180938-mobilenetv2_100-224/checkpoint/checkpoint-218.pth.tar', 78.24)
 ('./output/train/20250909-180938-mobilenetv2_100-224/checkpoint/checkpoint-219.pth.tar', 78.22)
 ('./output/train/20250909-180938-mobilenetv2_100-224/checkpoint/checkpoint-225.pth.tar', 78.22)
 ('./output/train/20250909-180938-mobilenetv2_100-224/checkpoint/checkpoint-227.pth.tar', 78.21)
 ('./output/train/20250909-180938-mobilenetv2_100-224/checkpoint/checkpoint-209.pth.tar', 78.17)
 ('./output/train/20250909-180938-mobilenetv2_100-224/checkpoint/checkpoint-212.pth.tar', 78.16)

2025-09-09 23:29:12,463 -                train: [    INFO] - Train: 228 [   0/195 (  0%)]  Loss: 13.88 (13.9)  Loss_gt: 2.619 (2.62)  Loss_kd: 11.26 (11.3) LR: 5.000e-05
2025-09-09 23:30:31,399 -                train: [    INFO] - Train: 228 [ 194/195 (100%)]  Loss: 15.02 (14.8)  Loss_gt: 2.703 (2.65)  Loss_kd: 12.32 (12.2) LR: 5.000e-05
2025-09-09 23:30:31,816 -                train: [    INFO] - Test: [   0/39]  Time: 0.397 (0.397)  Loss:  0.7269 (0.7269)  Acc@1: 83.2031 (83.2031)  Acc@5: 94.9219 (94.9219)
2025-09-09 23:30:34,598 -                train: [    INFO] - Test: [  39/39]  Time: 0.022 (0.079)  Loss:  0.8676 (0.8604)  Acc@1: 75.0000 (78.1900)  Acc@5: 93.7500 (95.2500)
2025-09-09 23:30:34,734 - timm.utils.checkpoint_saver: [    INFO] - Current checkpoints:
 ('./output/train/20250909-180938-mobilenetv2_100-224/checkpoint/checkpoint-217.pth.tar', 78.32)
 ('./output/train/20250909-180938-mobilenetv2_100-224/checkpoint/checkpoint-216.pth.tar', 78.29)
 ('./output/train/20250909-180938-mobilenetv2_100-224/checkpoint/checkpoint-220.pth.tar', 78.27)
 ('./output/train/20250909-180938-mobilenetv2_100-224/checkpoint/checkpoint-201.pth.tar', 78.25)
 ('./output/train/20250909-180938-mobilenetv2_100-224/checkpoint/checkpoint-218.pth.tar', 78.24)
 ('./output/train/20250909-180938-mobilenetv2_100-224/checkpoint/checkpoint-219.pth.tar', 78.22)
 ('./output/train/20250909-180938-mobilenetv2_100-224/checkpoint/checkpoint-225.pth.tar', 78.22)
 ('./output/train/20250909-180938-mobilenetv2_100-224/checkpoint/checkpoint-227.pth.tar', 78.21)
 ('./output/train/20250909-180938-mobilenetv2_100-224/checkpoint/checkpoint-228.pth.tar', 78.19)
 ('./output/train/20250909-180938-mobilenetv2_100-224/checkpoint/checkpoint-209.pth.tar', 78.17)

2025-09-09 23:30:35,445 -                train: [    INFO] - Train: 229 [   0/195 (  0%)]  Loss: 15.67 (15.7)  Loss_gt: 2.580 (2.58)  Loss_kd: 13.09 (13.1) LR: 5.000e-05
2025-09-09 23:31:54,590 -                train: [    INFO] - Train: 229 [ 194/195 (100%)]  Loss: 15.23 (14.8)  Loss_gt: 2.605 (2.66)  Loss_kd: 12.62 (12.2) LR: 5.000e-05
2025-09-09 23:31:55,001 -                train: [    INFO] - Test: [   0/39]  Time: 0.392 (0.392)  Loss:  0.7346 (0.7346)  Acc@1: 83.5938 (83.5938)  Acc@5: 95.3125 (95.3125)
2025-09-09 23:31:57,762 -                train: [    INFO] - Test: [  39/39]  Time: 0.022 (0.079)  Loss:  0.8555 (0.8597)  Acc@1: 75.0000 (78.1700)  Acc@5: 100.0000 (95.3000)
2025-09-09 23:31:58,628 -                train: [    INFO] - Train: 230 [   0/195 (  0%)]  Loss: 14.61 (14.6)  Loss_gt: 2.569 (2.57)  Loss_kd: 12.04 (12.0) LR: 5.000e-05
2025-09-09 23:33:17,752 -                train: [    INFO] - Train: 230 [ 194/195 (100%)]  Loss: 14.88 (14.8)  Loss_gt: 2.652 (2.66)  Loss_kd: 12.23 (12.2) LR: 5.000e-05
2025-09-09 23:33:18,165 -                train: [    INFO] - Test: [   0/39]  Time: 0.394 (0.394)  Loss:  0.7262 (0.7262)  Acc@1: 82.4219 (82.4219)  Acc@5: 94.9219 (94.9219)
2025-09-09 23:33:21,178 -                train: [    INFO] - Test: [  39/39]  Time: 0.025 (0.085)  Loss:  0.8178 (0.8561)  Acc@1: 75.0000 (78.1800)  Acc@5: 100.0000 (95.3500)
2025-09-09 23:33:21,301 - timm.utils.checkpoint_saver: [    INFO] - Current checkpoints:
 ('./output/train/20250909-180938-mobilenetv2_100-224/checkpoint/checkpoint-217.pth.tar', 78.32)
 ('./output/train/20250909-180938-mobilenetv2_100-224/checkpoint/checkpoint-216.pth.tar', 78.29)
 ('./output/train/20250909-180938-mobilenetv2_100-224/checkpoint/checkpoint-220.pth.tar', 78.27)
 ('./output/train/20250909-180938-mobilenetv2_100-224/checkpoint/checkpoint-201.pth.tar', 78.25)
 ('./output/train/20250909-180938-mobilenetv2_100-224/checkpoint/checkpoint-218.pth.tar', 78.24)
 ('./output/train/20250909-180938-mobilenetv2_100-224/checkpoint/checkpoint-219.pth.tar', 78.22)
 ('./output/train/20250909-180938-mobilenetv2_100-224/checkpoint/checkpoint-225.pth.tar', 78.22)
 ('./output/train/20250909-180938-mobilenetv2_100-224/checkpoint/checkpoint-227.pth.tar', 78.21)
 ('./output/train/20250909-180938-mobilenetv2_100-224/checkpoint/checkpoint-228.pth.tar', 78.19)
 ('./output/train/20250909-180938-mobilenetv2_100-224/checkpoint/checkpoint-230.pth.tar', 78.18)

2025-09-09 23:33:22,014 -                train: [    INFO] - Train: 231 [   0/195 (  0%)]  Loss: 14.97 (15.0)  Loss_gt: 2.624 (2.62)  Loss_kd: 12.34 (12.3) LR: 5.000e-05
2025-09-09 23:34:41,520 -                train: [    INFO] - Train: 231 [ 194/195 (100%)]  Loss: 15.35 (14.8)  Loss_gt: 2.748 (2.64)  Loss_kd: 12.60 (12.2) LR: 5.000e-05
2025-09-09 23:34:41,929 -                train: [    INFO] - Test: [   0/39]  Time: 0.389 (0.389)  Loss:  0.7331 (0.7331)  Acc@1: 83.2031 (83.2031)  Acc@5: 95.7031 (95.7031)
2025-09-09 23:34:44,715 -                train: [    INFO] - Test: [  39/39]  Time: 0.021 (0.079)  Loss:  0.8697 (0.8631)  Acc@1: 75.0000 (78.1100)  Acc@5: 93.7500 (95.3700)
2025-09-09 23:34:45,538 -                train: [    INFO] - Train: 232 [   0/195 (  0%)]  Loss: 14.72 (14.7)  Loss_gt: 2.666 (2.67)  Loss_kd: 12.05 (12.1) LR: 5.000e-05
2025-09-09 23:36:04,622 -                train: [    INFO] - Train: 232 [ 194/195 (100%)]  Loss: 15.28 (14.8)  Loss_gt: 2.547 (2.64)  Loss_kd: 12.73 (12.2) LR: 5.000e-05
2025-09-09 23:36:05,037 -                train: [    INFO] - Test: [   0/39]  Time: 0.396 (0.396)  Loss:  0.7326 (0.7326)  Acc@1: 82.8125 (82.8125)  Acc@5: 94.9219 (94.9219)
2025-09-09 23:36:07,846 -                train: [    INFO] - Test: [  39/39]  Time: 0.022 (0.080)  Loss:  0.8510 (0.8587)  Acc@1: 75.0000 (78.0900)  Acc@5: 93.7500 (95.3200)
2025-09-09 23:36:08,721 -                train: [    INFO] - Train: 233 [   0/195 (  0%)]  Loss: 14.94 (14.9)  Loss_gt: 2.676 (2.68)  Loss_kd: 12.26 (12.3) LR: 5.000e-05
2025-09-09 23:37:27,861 -                train: [    INFO] - Train: 233 [ 194/195 (100%)]  Loss: 15.32 (14.8)  Loss_gt: 2.532 (2.65)  Loss_kd: 12.79 (12.2) LR: 5.000e-05
2025-09-09 23:37:28,289 -                train: [    INFO] - Test: [   0/39]  Time: 0.404 (0.404)  Loss:  0.7338 (0.7338)  Acc@1: 82.4219 (82.4219)  Acc@5: 95.3125 (95.3125)
2025-09-09 23:37:31,188 -                train: [    INFO] - Test: [  39/39]  Time: 0.022 (0.083)  Loss:  0.8756 (0.8616)  Acc@1: 75.0000 (78.1000)  Acc@5: 93.7500 (95.3500)
2025-09-09 23:37:32,019 -                train: [    INFO] - Train: 234 [   0/195 (  0%)]  Loss: 15.11 (15.1)  Loss_gt: 2.652 (2.65)  Loss_kd: 12.46 (12.5) LR: 5.000e-05
2025-09-09 23:38:50,900 -                train: [    INFO] - Train: 234 [ 194/195 (100%)]  Loss: 14.77 (14.8)  Loss_gt: 2.713 (2.64)  Loss_kd: 12.06 (12.2) LR: 5.000e-05
2025-09-09 23:38:51,311 -                train: [    INFO] - Test: [   0/39]  Time: 0.392 (0.392)  Loss:  0.7264 (0.7264)  Acc@1: 82.8125 (82.8125)  Acc@5: 95.3125 (95.3125)
2025-09-09 23:38:54,102 -                train: [    INFO] - Test: [  39/39]  Time: 0.023 (0.080)  Loss:  0.8106 (0.8603)  Acc@1: 75.0000 (78.1500)  Acc@5: 100.0000 (95.3300)
2025-09-09 23:38:54,970 -                train: [    INFO] - Train: 235 [   0/195 (  0%)]  Loss: 14.68 (14.7)  Loss_gt: 2.781 (2.78)  Loss_kd: 11.90 (11.9) LR: 5.000e-05
2025-09-09 23:40:14,123 -                train: [    INFO] - Train: 235 [ 194/195 (100%)]  Loss: 15.48 (14.8)  Loss_gt: 2.650 (2.65)  Loss_kd: 12.83 (12.1) LR: 5.000e-05
2025-09-09 23:40:14,535 -                train: [    INFO] - Test: [   0/39]  Time: 0.391 (0.391)  Loss:  0.7347 (0.7347)  Acc@1: 82.4219 (82.4219)  Acc@5: 94.9219 (94.9219)
2025-09-09 23:40:17,330 -                train: [    INFO] - Test: [  39/39]  Time: 0.022 (0.080)  Loss:  0.8729 (0.8594)  Acc@1: 75.0000 (78.1500)  Acc@5: 100.0000 (95.3200)
2025-09-09 23:40:18,144 -                train: [    INFO] - Train: 236 [   0/195 (  0%)]  Loss: 14.45 (14.5)  Loss_gt: 2.712 (2.71)  Loss_kd: 11.74 (11.7) LR: 5.000e-05
2025-09-09 23:41:37,279 -                train: [    INFO] - Train: 236 [ 194/195 (100%)]  Loss: 15.01 (14.8)  Loss_gt: 2.712 (2.65)  Loss_kd: 12.30 (12.1) LR: 5.000e-05
2025-09-09 23:41:37,688 -                train: [    INFO] - Test: [   0/39]  Time: 0.392 (0.392)  Loss:  0.7311 (0.7311)  Acc@1: 83.2031 (83.2031)  Acc@5: 94.9219 (94.9219)
2025-09-09 23:41:40,442 -                train: [    INFO] - Test: [  39/39]  Time: 0.022 (0.079)  Loss:  0.8834 (0.8595)  Acc@1: 75.0000 (78.2700)  Acc@5: 93.7500 (95.3000)
2025-09-09 23:41:40,597 - timm.utils.checkpoint_saver: [    INFO] - Current checkpoints:
 ('./output/train/20250909-180938-mobilenetv2_100-224/checkpoint/checkpoint-217.pth.tar', 78.32)
 ('./output/train/20250909-180938-mobilenetv2_100-224/checkpoint/checkpoint-216.pth.tar', 78.29)
 ('./output/train/20250909-180938-mobilenetv2_100-224/checkpoint/checkpoint-220.pth.tar', 78.27)
 ('./output/train/20250909-180938-mobilenetv2_100-224/checkpoint/checkpoint-236.pth.tar', 78.27)
 ('./output/train/20250909-180938-mobilenetv2_100-224/checkpoint/checkpoint-201.pth.tar', 78.25)
 ('./output/train/20250909-180938-mobilenetv2_100-224/checkpoint/checkpoint-218.pth.tar', 78.24)
 ('./output/train/20250909-180938-mobilenetv2_100-224/checkpoint/checkpoint-219.pth.tar', 78.22)
 ('./output/train/20250909-180938-mobilenetv2_100-224/checkpoint/checkpoint-225.pth.tar', 78.22)
 ('./output/train/20250909-180938-mobilenetv2_100-224/checkpoint/checkpoint-227.pth.tar', 78.21)
 ('./output/train/20250909-180938-mobilenetv2_100-224/checkpoint/checkpoint-228.pth.tar', 78.19)

2025-09-09 23:41:41,306 -                train: [    INFO] - Train: 237 [   0/195 (  0%)]  Loss: 14.61 (14.6)  Loss_gt: 2.605 (2.61)  Loss_kd: 12.01 (12.0) LR: 5.000e-05
2025-09-09 23:43:00,294 -                train: [    INFO] - Train: 237 [ 194/195 (100%)]  Loss: 15.17 (14.8)  Loss_gt: 2.582 (2.65)  Loss_kd: 12.59 (12.1) LR: 5.000e-05
2025-09-09 23:43:00,704 -                train: [    INFO] - Test: [   0/39]  Time: 0.391 (0.391)  Loss:  0.7410 (0.7410)  Acc@1: 83.2031 (83.2031)  Acc@5: 95.3125 (95.3125)
2025-09-09 23:43:03,618 -                train: [    INFO] - Test: [  39/39]  Time: 0.022 (0.083)  Loss:  0.8461 (0.8606)  Acc@1: 75.0000 (78.2700)  Acc@5: 93.7500 (95.3600)
2025-09-09 23:43:03,871 - timm.utils.checkpoint_saver: [    INFO] - Current checkpoints:
 ('./output/train/20250909-180938-mobilenetv2_100-224/checkpoint/checkpoint-217.pth.tar', 78.32)
 ('./output/train/20250909-180938-mobilenetv2_100-224/checkpoint/checkpoint-216.pth.tar', 78.29)
 ('./output/train/20250909-180938-mobilenetv2_100-224/checkpoint/checkpoint-220.pth.tar', 78.27)
 ('./output/train/20250909-180938-mobilenetv2_100-224/checkpoint/checkpoint-236.pth.tar', 78.27)
 ('./output/train/20250909-180938-mobilenetv2_100-224/checkpoint/checkpoint-237.pth.tar', 78.27)
 ('./output/train/20250909-180938-mobilenetv2_100-224/checkpoint/checkpoint-201.pth.tar', 78.25)
 ('./output/train/20250909-180938-mobilenetv2_100-224/checkpoint/checkpoint-218.pth.tar', 78.24)
 ('./output/train/20250909-180938-mobilenetv2_100-224/checkpoint/checkpoint-219.pth.tar', 78.22)
 ('./output/train/20250909-180938-mobilenetv2_100-224/checkpoint/checkpoint-225.pth.tar', 78.22)
 ('./output/train/20250909-180938-mobilenetv2_100-224/checkpoint/checkpoint-227.pth.tar', 78.21)

2025-09-09 23:43:04,587 -                train: [    INFO] - Train: 238 [   0/195 (  0%)]  Loss: 14.92 (14.9)  Loss_gt: 2.728 (2.73)  Loss_kd: 12.19 (12.2) LR: 5.000e-05
2025-09-09 23:44:23,789 -                train: [    INFO] - Train: 238 [ 194/195 (100%)]  Loss: 14.20 (14.8)  Loss_gt: 2.665 (2.65)  Loss_kd: 11.54 (12.1) LR: 5.000e-05
2025-09-09 23:44:24,195 -                train: [    INFO] - Test: [   0/39]  Time: 0.387 (0.387)  Loss:  0.7389 (0.7389)  Acc@1: 83.2031 (83.2031)  Acc@5: 95.3125 (95.3125)
2025-09-09 23:44:26,927 -                train: [    INFO] - Test: [  39/39]  Time: 0.020 (0.078)  Loss:  0.8309 (0.8595)  Acc@1: 75.0000 (78.3100)  Acc@5: 93.7500 (95.3200)
2025-09-09 23:44:27,021 - timm.utils.checkpoint_saver: [    INFO] - Current checkpoints:
 ('./output/train/20250909-180938-mobilenetv2_100-224/checkpoint/checkpoint-217.pth.tar', 78.32)
 ('./output/train/20250909-180938-mobilenetv2_100-224/checkpoint/checkpoint-238.pth.tar', 78.31)
 ('./output/train/20250909-180938-mobilenetv2_100-224/checkpoint/checkpoint-216.pth.tar', 78.29)
 ('./output/train/20250909-180938-mobilenetv2_100-224/checkpoint/checkpoint-220.pth.tar', 78.27)
 ('./output/train/20250909-180938-mobilenetv2_100-224/checkpoint/checkpoint-236.pth.tar', 78.27)
 ('./output/train/20250909-180938-mobilenetv2_100-224/checkpoint/checkpoint-237.pth.tar', 78.27)
 ('./output/train/20250909-180938-mobilenetv2_100-224/checkpoint/checkpoint-201.pth.tar', 78.25)
 ('./output/train/20250909-180938-mobilenetv2_100-224/checkpoint/checkpoint-218.pth.tar', 78.24)
 ('./output/train/20250909-180938-mobilenetv2_100-224/checkpoint/checkpoint-219.pth.tar', 78.22)
 ('./output/train/20250909-180938-mobilenetv2_100-224/checkpoint/checkpoint-225.pth.tar', 78.22)

2025-09-09 23:44:27,731 -                train: [    INFO] - Train: 239 [   0/195 (  0%)]  Loss: 14.29 (14.3)  Loss_gt: 2.654 (2.65)  Loss_kd: 11.64 (11.6) LR: 5.000e-05
2025-09-09 23:45:46,738 -                train: [    INFO] - Train: 239 [ 194/195 (100%)]  Loss: 15.39 (14.8)  Loss_gt: 2.710 (2.64)  Loss_kd: 12.68 (12.2) LR: 5.000e-05
2025-09-09 23:45:47,155 -                train: [    INFO] - Test: [   0/39]  Time: 0.398 (0.398)  Loss:  0.7225 (0.7225)  Acc@1: 83.2031 (83.2031)  Acc@5: 95.3125 (95.3125)
2025-09-09 23:45:49,916 -                train: [    INFO] - Test: [  39/39]  Time: 0.021 (0.079)  Loss:  0.8906 (0.8603)  Acc@1: 75.0000 (78.0500)  Acc@5: 93.7500 (95.3700)
2025-09-09 23:45:50,066 -                train: [    INFO] - *** Best metric: 78.32 (epoch 217)
