2025-09-14 02:01:58,094 -                train: [    INFO] - Training with a single process on 1 GPUs.
2025-09-14 02:01:58,299 -               dinov2: [    INFO] - using MLP layer as FFN
2025-09-14 02:02:01,852 -                train: [    INFO] - Model resnet18 created, param count:11227812
2025-09-14 02:02:01,852 -     timm.data.config: [    INFO] - Data processing configuration for current model + dataset:
2025-09-14 02:02:01,852 -     timm.data.config: [    INFO] - 	input_size: (3, 224, 224)
2025-09-14 02:02:01,854 -     timm.data.config: [    INFO] - 	interpolation: bilinear
2025-09-14 02:02:01,854 -     timm.data.config: [    INFO] - 	mean: (0.485, 0.456, 0.406)
2025-09-14 02:02:01,859 -     timm.data.config: [    INFO] - 	std: (0.229, 0.224, 0.225)
2025-09-14 02:02:01,859 -     timm.data.config: [    INFO] - 	crop_pct: 0.875
2025-09-14 02:02:02,860 -                train: [    INFO] - 
-------------------------------
Learnable parameters
Student: 11.23M
Extra: 0.00M
-------------------------------
2025-09-14 02:02:03,466 -                train: [    INFO] - AMP not enabled. Training in float32.
2025-09-14 02:02:03,466 -                train: [    INFO] - Scheduled epochs: 300
2025-09-14 02:02:05,916 -                train: [    INFO] - Train: 0 [   0/390 (  0%)]  Loss: 8.759 (8.76)  Loss_gt: 4.639 (4.64)  Loss_kd: 4.121 (4.12) LR: 1.000e-04
2025-09-14 02:02:57,878 -                train: [    INFO] - Train: 0 [ 200/390 ( 51%)]  Loss: 8.614 (8.64)  Loss_gt: 4.612 (4.60)  Loss_kd: 4.001 (4.04) LR: 1.000e-04
2025-09-14 02:03:46,843 -                train: [    INFO] - Train: 0 [ 389/390 (100%)]  Loss: 8.481 (8.59)  Loss_gt: 4.553 (4.58)  Loss_kd: 3.928 (4.02) LR: 1.000e-04
2025-09-14 02:03:47,305 -                train: [    INFO] - Test: [   0/78]  Time: 0.452 (0.452)  Loss:  4.5022 (4.5022)  Acc@1:  2.3438 ( 2.3438)  Acc@5: 12.5000 (12.5000)
2025-09-14 02:03:50,767 -                train: [    INFO] - Test: [  78/78]  Time: 0.200 (0.050)  Loss:  4.5139 (4.4972)  Acc@1:  0.0000 ( 3.9700)  Acc@5: 12.5000 (13.5400)
2025-09-14 02:03:51,008 - timm.utils.checkpoint_saver: [    INFO] - Current checkpoints:
 ('./output/train/20250914-020203-resnet18-224/checkpoint/checkpoint-0.pth.tar', 3.97)

2025-09-14 02:03:51,682 -                train: [    INFO] - Train: 1 [   0/390 (  0%)]  Loss: 8.596 (8.60)  Loss_gt: 4.546 (4.55)  Loss_kd: 4.050 (4.05) LR: 1.673e-02
2025-09-14 02:04:43,959 -                train: [    INFO] - Train: 1 [ 200/390 ( 51%)]  Loss: 7.820 (7.97)  Loss_gt: 4.211 (4.30)  Loss_kd: 3.608 (3.67) LR: 1.673e-02
2025-09-14 02:05:32,769 -                train: [    INFO] - Train: 1 [ 389/390 (100%)]  Loss: 7.588 (7.85)  Loss_gt: 4.128 (4.24)  Loss_kd: 3.461 (3.60) LR: 1.673e-02
2025-09-14 02:05:32,987 -                train: [    INFO] - Test: [   0/78]  Time: 0.210 (0.210)  Loss:  3.9303 (3.9303)  Acc@1: 11.7188 (11.7188)  Acc@5: 28.9062 (28.9062)
2025-09-14 02:05:36,431 -                train: [    INFO] - Test: [  78/78]  Time: 0.015 (0.046)  Loss:  4.0107 (3.8947)  Acc@1:  6.2500 (10.5400)  Acc@5: 31.2500 (31.8100)
2025-09-14 02:05:36,630 - timm.utils.checkpoint_saver: [    INFO] - Current checkpoints:
 ('./output/train/20250914-020203-resnet18-224/checkpoint/checkpoint-1.pth.tar', 10.54)
 ('./output/train/20250914-020203-resnet18-224/checkpoint/checkpoint-0.pth.tar', 3.97)

2025-09-14 02:05:37,187 -                train: [    INFO] - Train: 2 [   0/390 (  0%)]  Loss: 7.690 (7.69)  Loss_gt: 4.215 (4.22)  Loss_kd: 3.475 (3.48) LR: 3.337e-02
2025-09-14 02:06:29,782 -                train: [    INFO] - Train: 2 [ 200/390 ( 51%)]  Loss: 7.473 (7.65)  Loss_gt: 4.111 (4.16)  Loss_kd: 3.362 (3.48) LR: 3.337e-02
2025-09-14 02:07:19,051 -                train: [    INFO] - Train: 2 [ 389/390 (100%)]  Loss: 7.378 (7.58)  Loss_gt: 4.035 (4.13)  Loss_kd: 3.343 (3.45) LR: 3.337e-02
2025-09-14 02:07:19,301 -                train: [    INFO] - Test: [   0/78]  Time: 0.238 (0.238)  Loss:  3.7538 (3.7538)  Acc@1: 14.8438 (14.8438)  Acc@5: 39.8438 (39.8438)
2025-09-14 02:07:22,708 -                train: [    INFO] - Test: [  78/78]  Time: 0.012 (0.046)  Loss:  3.9598 (3.7233)  Acc@1:  6.2500 (13.1800)  Acc@5: 37.5000 (37.7100)
2025-09-14 02:07:22,947 - timm.utils.checkpoint_saver: [    INFO] - Current checkpoints:
 ('./output/train/20250914-020203-resnet18-224/checkpoint/checkpoint-2.pth.tar', 13.18)
 ('./output/train/20250914-020203-resnet18-224/checkpoint/checkpoint-1.pth.tar', 10.54)
 ('./output/train/20250914-020203-resnet18-224/checkpoint/checkpoint-0.pth.tar', 3.97)

2025-09-14 02:07:23,563 -                train: [    INFO] - Train: 3 [   0/390 (  0%)]  Loss: 6.930 (6.93)  Loss_gt: 3.851 (3.85)  Loss_kd: 3.079 (3.08) LR: 5.000e-02
2025-09-14 02:08:15,694 -                train: [    INFO] - Train: 3 [ 200/390 ( 51%)]  Loss: 7.368 (7.39)  Loss_gt: 3.998 (4.05)  Loss_kd: 3.371 (3.35) LR: 5.000e-02
2025-09-14 02:09:05,047 -                train: [    INFO] - Train: 3 [ 389/390 (100%)]  Loss: 7.047 (7.31)  Loss_gt: 3.826 (4.01)  Loss_kd: 3.222 (3.30) LR: 5.000e-02
2025-09-14 02:09:05,280 -                train: [    INFO] - Test: [   0/78]  Time: 0.224 (0.224)  Loss:  3.5382 (3.5382)  Acc@1: 17.1875 (17.1875)  Acc@5: 46.8750 (46.8750)
2025-09-14 02:09:08,724 -                train: [    INFO] - Test: [  78/78]  Time: 0.015 (0.046)  Loss:  3.3035 (3.4968)  Acc@1: 31.2500 (16.5700)  Acc@5: 50.0000 (43.5600)
2025-09-14 02:09:09,169 - timm.utils.checkpoint_saver: [    INFO] - Current checkpoints:
 ('./output/train/20250914-020203-resnet18-224/checkpoint/checkpoint-3.pth.tar', 16.57)
 ('./output/train/20250914-020203-resnet18-224/checkpoint/checkpoint-2.pth.tar', 13.18)
 ('./output/train/20250914-020203-resnet18-224/checkpoint/checkpoint-1.pth.tar', 10.54)
 ('./output/train/20250914-020203-resnet18-224/checkpoint/checkpoint-0.pth.tar', 3.97)

2025-09-14 02:09:09,800 -                train: [    INFO] - Train: 4 [   0/390 (  0%)]  Loss: 6.989 (6.99)  Loss_gt: 3.822 (3.82)  Loss_kd: 3.168 (3.17) LR: 5.000e-02
2025-09-14 02:10:02,080 -                train: [    INFO] - Train: 4 [ 200/390 ( 51%)]  Loss: 7.022 (6.97)  Loss_gt: 3.817 (3.85)  Loss_kd: 3.206 (3.12) LR: 5.000e-02
2025-09-14 02:10:51,588 -                train: [    INFO] - Train: 4 [ 389/390 (100%)]  Loss: 6.611 (6.85)  Loss_gt: 3.729 (3.80)  Loss_kd: 2.883 (3.06) LR: 5.000e-02
2025-09-14 02:10:51,802 -                train: [    INFO] - Test: [   0/78]  Time: 0.204 (0.204)  Loss:  3.2505 (3.2505)  Acc@1: 22.6562 (22.6562)  Acc@5: 50.0000 (50.0000)
2025-09-14 02:10:55,364 -                train: [    INFO] - Test: [  78/78]  Time: 0.014 (0.048)  Loss:  2.9577 (3.1444)  Acc@1: 18.7500 (23.0800)  Acc@5: 62.5000 (53.0200)
2025-09-14 02:10:55,617 - timm.utils.checkpoint_saver: [    INFO] - Current checkpoints:
 ('./output/train/20250914-020203-resnet18-224/checkpoint/checkpoint-4.pth.tar', 23.08)
 ('./output/train/20250914-020203-resnet18-224/checkpoint/checkpoint-3.pth.tar', 16.57)
 ('./output/train/20250914-020203-resnet18-224/checkpoint/checkpoint-2.pth.tar', 13.18)
 ('./output/train/20250914-020203-resnet18-224/checkpoint/checkpoint-1.pth.tar', 10.54)
 ('./output/train/20250914-020203-resnet18-224/checkpoint/checkpoint-0.pth.tar', 3.97)

2025-09-14 02:10:56,189 -                train: [    INFO] - Train: 5 [   0/390 (  0%)]  Loss: 6.472 (6.47)  Loss_gt: 3.624 (3.62)  Loss_kd: 2.848 (2.85) LR: 5.000e-02
2025-09-14 02:11:48,529 -                train: [    INFO] - Train: 5 [ 200/390 ( 51%)]  Loss: 6.343 (6.44)  Loss_gt: 3.496 (3.60)  Loss_kd: 2.847 (2.83) LR: 5.000e-02
2025-09-14 02:12:37,242 -                train: [    INFO] - Train: 5 [ 389/390 (100%)]  Loss: 5.931 (6.31)  Loss_gt: 3.400 (3.55)  Loss_kd: 2.531 (2.76) LR: 5.000e-02
2025-09-14 02:12:37,474 -                train: [    INFO] - Test: [   0/78]  Time: 0.223 (0.223)  Loss:  2.8760 (2.8760)  Acc@1: 32.8125 (32.8125)  Acc@5: 53.1250 (53.1250)
2025-09-14 02:12:40,993 -                train: [    INFO] - Test: [  78/78]  Time: 0.016 (0.047)  Loss:  2.6948 (2.8339)  Acc@1: 18.7500 (28.2300)  Acc@5: 68.7500 (60.9100)
2025-09-14 02:12:41,546 - timm.utils.checkpoint_saver: [    INFO] - Current checkpoints:
 ('./output/train/20250914-020203-resnet18-224/checkpoint/checkpoint-5.pth.tar', 28.23)
 ('./output/train/20250914-020203-resnet18-224/checkpoint/checkpoint-4.pth.tar', 23.08)
 ('./output/train/20250914-020203-resnet18-224/checkpoint/checkpoint-3.pth.tar', 16.57)
 ('./output/train/20250914-020203-resnet18-224/checkpoint/checkpoint-2.pth.tar', 13.18)
 ('./output/train/20250914-020203-resnet18-224/checkpoint/checkpoint-1.pth.tar', 10.54)
 ('./output/train/20250914-020203-resnet18-224/checkpoint/checkpoint-0.pth.tar', 3.97)

2025-09-14 02:12:42,172 -                train: [    INFO] - Train: 6 [   0/390 (  0%)]  Loss: 6.207 (6.21)  Loss_gt: 3.527 (3.53)  Loss_kd: 2.680 (2.68) LR: 5.000e-02
2025-09-14 02:13:34,312 -                train: [    INFO] - Train: 6 [ 200/390 ( 51%)]  Loss: 5.819 (5.93)  Loss_gt: 3.317 (3.38)  Loss_kd: 2.502 (2.55) LR: 5.000e-02
2025-09-14 02:14:23,826 -                train: [    INFO] - Train: 6 [ 389/390 (100%)]  Loss: 5.798 (5.84)  Loss_gt: 3.318 (3.34)  Loss_kd: 2.479 (2.50) LR: 5.000e-02
2025-09-14 02:14:24,033 -                train: [    INFO] - Test: [   0/78]  Time: 0.199 (0.199)  Loss:  2.5194 (2.5194)  Acc@1: 33.5938 (33.5938)  Acc@5: 71.0938 (71.0938)
2025-09-14 02:14:27,550 -                train: [    INFO] - Test: [  78/78]  Time: 0.014 (0.047)  Loss:  2.3555 (2.5611)  Acc@1: 62.5000 (34.7500)  Acc@5: 68.7500 (66.8200)
2025-09-14 02:14:27,817 - timm.utils.checkpoint_saver: [    INFO] - Current checkpoints:
 ('./output/train/20250914-020203-resnet18-224/checkpoint/checkpoint-6.pth.tar', 34.75)
 ('./output/train/20250914-020203-resnet18-224/checkpoint/checkpoint-5.pth.tar', 28.23)
 ('./output/train/20250914-020203-resnet18-224/checkpoint/checkpoint-4.pth.tar', 23.08)
 ('./output/train/20250914-020203-resnet18-224/checkpoint/checkpoint-3.pth.tar', 16.57)
 ('./output/train/20250914-020203-resnet18-224/checkpoint/checkpoint-2.pth.tar', 13.18)
 ('./output/train/20250914-020203-resnet18-224/checkpoint/checkpoint-1.pth.tar', 10.54)
 ('./output/train/20250914-020203-resnet18-224/checkpoint/checkpoint-0.pth.tar', 3.97)

2025-09-14 02:14:28,487 -                train: [    INFO] - Train: 7 [   0/390 (  0%)]  Loss: 5.213 (5.21)  Loss_gt: 2.981 (2.98)  Loss_kd: 2.232 (2.23) LR: 5.000e-02
2025-09-14 02:15:20,688 -                train: [    INFO] - Train: 7 [ 200/390 ( 51%)]  Loss: 5.306 (5.50)  Loss_gt: 3.084 (3.19)  Loss_kd: 2.223 (2.32) LR: 5.000e-02
2025-09-14 02:16:09,810 -                train: [    INFO] - Train: 7 [ 389/390 (100%)]  Loss: 5.089 (5.44)  Loss_gt: 3.022 (3.15)  Loss_kd: 2.067 (2.28) LR: 5.000e-02
2025-09-14 02:16:10,035 -                train: [    INFO] - Test: [   0/78]  Time: 0.217 (0.217)  Loss:  2.2188 (2.2188)  Acc@1: 43.7500 (43.7500)  Acc@5: 75.0000 (75.0000)
2025-09-14 02:16:13,421 -                train: [    INFO] - Test: [  78/78]  Time: 0.013 (0.046)  Loss:  2.0896 (2.2979)  Acc@1: 50.0000 (39.8700)  Acc@5: 75.0000 (72.1700)
2025-09-14 02:16:13,693 - timm.utils.checkpoint_saver: [    INFO] - Current checkpoints:
 ('./output/train/20250914-020203-resnet18-224/checkpoint/checkpoint-7.pth.tar', 39.87)
 ('./output/train/20250914-020203-resnet18-224/checkpoint/checkpoint-6.pth.tar', 34.75)
 ('./output/train/20250914-020203-resnet18-224/checkpoint/checkpoint-5.pth.tar', 28.23)
 ('./output/train/20250914-020203-resnet18-224/checkpoint/checkpoint-4.pth.tar', 23.08)
 ('./output/train/20250914-020203-resnet18-224/checkpoint/checkpoint-3.pth.tar', 16.57)
 ('./output/train/20250914-020203-resnet18-224/checkpoint/checkpoint-2.pth.tar', 13.18)
 ('./output/train/20250914-020203-resnet18-224/checkpoint/checkpoint-1.pth.tar', 10.54)
 ('./output/train/20250914-020203-resnet18-224/checkpoint/checkpoint-0.pth.tar', 3.97)

2025-09-14 02:16:14,295 -                train: [    INFO] - Train: 8 [   0/390 (  0%)]  Loss: 5.264 (5.26)  Loss_gt: 3.091 (3.09)  Loss_kd: 2.173 (2.17) LR: 5.000e-02
2025-09-14 02:17:06,300 -                train: [    INFO] - Train: 8 [ 200/390 ( 51%)]  Loss: 4.759 (5.19)  Loss_gt: 2.850 (3.03)  Loss_kd: 1.909 (2.16) LR: 5.000e-02
2025-09-14 02:17:55,704 -                train: [    INFO] - Train: 8 [ 389/390 (100%)]  Loss: 5.048 (5.13)  Loss_gt: 2.984 (3.01)  Loss_kd: 2.065 (2.12) LR: 5.000e-02
2025-09-14 02:17:55,908 -                train: [    INFO] - Test: [   0/78]  Time: 0.195 (0.195)  Loss:  2.0545 (2.0545)  Acc@1: 45.3125 (45.3125)  Acc@5: 81.2500 (81.2500)
2025-09-14 02:17:59,253 -                train: [    INFO] - Test: [  78/78]  Time: 0.012 (0.045)  Loss:  2.4637 (2.2316)  Acc@1: 37.5000 (40.7100)  Acc@5: 68.7500 (73.2200)
2025-09-14 02:17:59,461 - timm.utils.checkpoint_saver: [    INFO] - Current checkpoints:
 ('./output/train/20250914-020203-resnet18-224/checkpoint/checkpoint-8.pth.tar', 40.71)
 ('./output/train/20250914-020203-resnet18-224/checkpoint/checkpoint-7.pth.tar', 39.87)
 ('./output/train/20250914-020203-resnet18-224/checkpoint/checkpoint-6.pth.tar', 34.75)
 ('./output/train/20250914-020203-resnet18-224/checkpoint/checkpoint-5.pth.tar', 28.23)
 ('./output/train/20250914-020203-resnet18-224/checkpoint/checkpoint-4.pth.tar', 23.08)
 ('./output/train/20250914-020203-resnet18-224/checkpoint/checkpoint-3.pth.tar', 16.57)
 ('./output/train/20250914-020203-resnet18-224/checkpoint/checkpoint-2.pth.tar', 13.18)
 ('./output/train/20250914-020203-resnet18-224/checkpoint/checkpoint-1.pth.tar', 10.54)
 ('./output/train/20250914-020203-resnet18-224/checkpoint/checkpoint-0.pth.tar', 3.97)

2025-09-14 02:17:59,975 -                train: [    INFO] - Train: 9 [   0/390 (  0%)]  Loss: 4.778 (4.78)  Loss_gt: 2.812 (2.81)  Loss_kd: 1.966 (1.97) LR: 5.000e-02
2025-09-14 02:18:52,290 -                train: [    INFO] - Train: 9 [ 200/390 ( 51%)]  Loss: 4.803 (4.91)  Loss_gt: 2.820 (2.91)  Loss_kd: 1.982 (2.01) LR: 5.000e-02
2025-09-14 02:19:41,439 -                train: [    INFO] - Train: 9 [ 389/390 (100%)]  Loss: 4.964 (4.88)  Loss_gt: 3.002 (2.89)  Loss_kd: 1.963 (1.99) LR: 5.000e-02
2025-09-14 02:19:41,651 -                train: [    INFO] - Test: [   0/78]  Time: 0.203 (0.203)  Loss:  1.7953 (1.7953)  Acc@1: 52.3438 (52.3438)  Acc@5: 82.0312 (82.0312)
2025-09-14 02:19:45,007 -                train: [    INFO] - Test: [  78/78]  Time: 0.014 (0.045)  Loss:  2.0233 (1.9900)  Acc@1: 50.0000 (46.8400)  Acc@5: 68.7500 (78.1600)
2025-09-14 02:19:45,224 - timm.utils.checkpoint_saver: [    INFO] - Current checkpoints:
 ('./output/train/20250914-020203-resnet18-224/checkpoint/checkpoint-9.pth.tar', 46.84)
 ('./output/train/20250914-020203-resnet18-224/checkpoint/checkpoint-8.pth.tar', 40.71)
 ('./output/train/20250914-020203-resnet18-224/checkpoint/checkpoint-7.pth.tar', 39.87)
 ('./output/train/20250914-020203-resnet18-224/checkpoint/checkpoint-6.pth.tar', 34.75)
 ('./output/train/20250914-020203-resnet18-224/checkpoint/checkpoint-5.pth.tar', 28.23)
 ('./output/train/20250914-020203-resnet18-224/checkpoint/checkpoint-4.pth.tar', 23.08)
 ('./output/train/20250914-020203-resnet18-224/checkpoint/checkpoint-3.pth.tar', 16.57)
 ('./output/train/20250914-020203-resnet18-224/checkpoint/checkpoint-2.pth.tar', 13.18)
 ('./output/train/20250914-020203-resnet18-224/checkpoint/checkpoint-1.pth.tar', 10.54)
 ('./output/train/20250914-020203-resnet18-224/checkpoint/checkpoint-0.pth.tar', 3.97)

2025-09-14 02:19:45,784 -                train: [    INFO] - Train: 10 [   0/390 (  0%)]  Loss: 4.908 (4.91)  Loss_gt: 2.823 (2.82)  Loss_kd: 2.085 (2.09) LR: 5.000e-02
2025-09-14 02:20:37,626 -                train: [    INFO] - Train: 10 [ 200/390 ( 51%)]  Loss: 4.796 (4.72)  Loss_gt: 2.797 (2.81)  Loss_kd: 1.999 (1.91) LR: 5.000e-02
2025-09-14 02:21:26,381 -                train: [    INFO] - Train: 10 [ 389/390 (100%)]  Loss: 4.414 (4.69)  Loss_gt: 2.694 (2.80)  Loss_kd: 1.720 (1.89) LR: 5.000e-02
2025-09-14 02:21:26,615 -                train: [    INFO] - Test: [   0/78]  Time: 0.225 (0.225)  Loss:  1.6637 (1.6637)  Acc@1: 53.1250 (53.1250)  Acc@5: 85.9375 (85.9375)
2025-09-14 02:21:29,937 -                train: [    INFO] - Test: [  78/78]  Time: 0.017 (0.045)  Loss:  1.7394 (1.7994)  Acc@1: 56.2500 (51.2500)  Acc@5: 87.5000 (81.9200)
2025-09-14 02:21:30,162 - timm.utils.checkpoint_saver: [    INFO] - Current checkpoints:
 ('./output/train/20250914-020203-resnet18-224/checkpoint/checkpoint-10.pth.tar', 51.25)
 ('./output/train/20250914-020203-resnet18-224/checkpoint/checkpoint-9.pth.tar', 46.84)
 ('./output/train/20250914-020203-resnet18-224/checkpoint/checkpoint-8.pth.tar', 40.71)
 ('./output/train/20250914-020203-resnet18-224/checkpoint/checkpoint-7.pth.tar', 39.87)
 ('./output/train/20250914-020203-resnet18-224/checkpoint/checkpoint-6.pth.tar', 34.75)
 ('./output/train/20250914-020203-resnet18-224/checkpoint/checkpoint-5.pth.tar', 28.23)
 ('./output/train/20250914-020203-resnet18-224/checkpoint/checkpoint-4.pth.tar', 23.08)
 ('./output/train/20250914-020203-resnet18-224/checkpoint/checkpoint-3.pth.tar', 16.57)
 ('./output/train/20250914-020203-resnet18-224/checkpoint/checkpoint-2.pth.tar', 13.18)
 ('./output/train/20250914-020203-resnet18-224/checkpoint/checkpoint-1.pth.tar', 10.54)

2025-09-14 02:21:30,656 -                train: [    INFO] - Train: 11 [   0/390 (  0%)]  Loss: 4.564 (4.56)  Loss_gt: 2.737 (2.74)  Loss_kd: 1.827 (1.83) LR: 5.000e-02
2025-09-14 02:22:22,565 -                train: [    INFO] - Train: 11 [ 200/390 ( 51%)]  Loss: 4.582 (4.55)  Loss_gt: 2.738 (2.73)  Loss_kd: 1.844 (1.82) LR: 5.000e-02
2025-09-14 02:23:11,686 -                train: [    INFO] - Train: 11 [ 389/390 (100%)]  Loss: 4.413 (4.52)  Loss_gt: 2.678 (2.72)  Loss_kd: 1.735 (1.80) LR: 5.000e-02
2025-09-14 02:23:11,896 -                train: [    INFO] - Test: [   0/78]  Time: 0.201 (0.201)  Loss:  1.7353 (1.7353)  Acc@1: 50.7812 (50.7812)  Acc@5: 84.3750 (84.3750)
2025-09-14 02:23:15,295 -                train: [    INFO] - Test: [  78/78]  Time: 0.014 (0.046)  Loss:  2.0582 (1.8211)  Acc@1: 37.5000 (50.7500)  Acc@5: 68.7500 (81.4300)
2025-09-14 02:23:15,528 - timm.utils.checkpoint_saver: [    INFO] - Current checkpoints:
 ('./output/train/20250914-020203-resnet18-224/checkpoint/checkpoint-10.pth.tar', 51.25)
 ('./output/train/20250914-020203-resnet18-224/checkpoint/checkpoint-11.pth.tar', 50.75)
 ('./output/train/20250914-020203-resnet18-224/checkpoint/checkpoint-9.pth.tar', 46.84)
 ('./output/train/20250914-020203-resnet18-224/checkpoint/checkpoint-8.pth.tar', 40.71)
 ('./output/train/20250914-020203-resnet18-224/checkpoint/checkpoint-7.pth.tar', 39.87)
 ('./output/train/20250914-020203-resnet18-224/checkpoint/checkpoint-6.pth.tar', 34.75)
 ('./output/train/20250914-020203-resnet18-224/checkpoint/checkpoint-5.pth.tar', 28.23)
 ('./output/train/20250914-020203-resnet18-224/checkpoint/checkpoint-4.pth.tar', 23.08)
 ('./output/train/20250914-020203-resnet18-224/checkpoint/checkpoint-3.pth.tar', 16.57)
 ('./output/train/20250914-020203-resnet18-224/checkpoint/checkpoint-2.pth.tar', 13.18)

2025-09-14 02:23:16,168 -                train: [    INFO] - Train: 12 [   0/390 (  0%)]  Loss: 4.751 (4.75)  Loss_gt: 2.837 (2.84)  Loss_kd: 1.914 (1.91) LR: 5.000e-02
2025-09-14 02:24:07,704 -                train: [    INFO] - Train: 12 [ 200/390 ( 51%)]  Loss: 4.365 (4.41)  Loss_gt: 2.701 (2.66)  Loss_kd: 1.664 (1.74) LR: 5.000e-02
2025-09-14 02:24:56,717 -                train: [    INFO] - Train: 12 [ 389/390 (100%)]  Loss: 4.237 (4.39)  Loss_gt: 2.562 (2.65)  Loss_kd: 1.675 (1.74) LR: 5.000e-02
2025-09-14 02:24:56,954 -                train: [    INFO] - Test: [   0/78]  Time: 0.227 (0.227)  Loss:  1.4814 (1.4814)  Acc@1: 61.7188 (61.7188)  Acc@5: 82.8125 (82.8125)
2025-09-14 02:25:00,513 -                train: [    INFO] - Test: [  78/78]  Time: 0.014 (0.048)  Loss:  1.6469 (1.6414)  Acc@1: 50.0000 (54.9400)  Acc@5: 87.5000 (83.6400)
2025-09-14 02:25:00,749 - timm.utils.checkpoint_saver: [    INFO] - Current checkpoints:
 ('./output/train/20250914-020203-resnet18-224/checkpoint/checkpoint-12.pth.tar', 54.94)
 ('./output/train/20250914-020203-resnet18-224/checkpoint/checkpoint-10.pth.tar', 51.25)
 ('./output/train/20250914-020203-resnet18-224/checkpoint/checkpoint-11.pth.tar', 50.75)
 ('./output/train/20250914-020203-resnet18-224/checkpoint/checkpoint-9.pth.tar', 46.84)
 ('./output/train/20250914-020203-resnet18-224/checkpoint/checkpoint-8.pth.tar', 40.71)
 ('./output/train/20250914-020203-resnet18-224/checkpoint/checkpoint-7.pth.tar', 39.87)
 ('./output/train/20250914-020203-resnet18-224/checkpoint/checkpoint-6.pth.tar', 34.75)
 ('./output/train/20250914-020203-resnet18-224/checkpoint/checkpoint-5.pth.tar', 28.23)
 ('./output/train/20250914-020203-resnet18-224/checkpoint/checkpoint-4.pth.tar', 23.08)
 ('./output/train/20250914-020203-resnet18-224/checkpoint/checkpoint-3.pth.tar', 16.57)

2025-09-14 02:25:01,245 -                train: [    INFO] - Train: 13 [   0/390 (  0%)]  Loss: 4.312 (4.31)  Loss_gt: 2.605 (2.61)  Loss_kd: 1.706 (1.71) LR: 5.000e-02
2025-09-14 02:25:52,709 -                train: [    INFO] - Train: 13 [ 200/390 ( 51%)]  Loss: 4.312 (4.25)  Loss_gt: 2.564 (2.58)  Loss_kd: 1.748 (1.67) LR: 5.000e-02
2025-09-14 02:26:41,754 -                train: [    INFO] - Train: 13 [ 389/390 (100%)]  Loss: 4.255 (4.25)  Loss_gt: 2.584 (2.58)  Loss_kd: 1.672 (1.67) LR: 5.000e-02
2025-09-14 02:26:41,984 -                train: [    INFO] - Test: [   0/78]  Time: 0.220 (0.220)  Loss:  1.5470 (1.5470)  Acc@1: 59.3750 (59.3750)  Acc@5: 85.1562 (85.1562)
2025-09-14 02:26:45,611 -                train: [    INFO] - Test: [  78/78]  Time: 0.017 (0.049)  Loss:  1.3760 (1.6292)  Acc@1: 56.2500 (55.7400)  Acc@5: 75.0000 (83.9000)
2025-09-14 02:26:45,893 - timm.utils.checkpoint_saver: [    INFO] - Current checkpoints:
 ('./output/train/20250914-020203-resnet18-224/checkpoint/checkpoint-13.pth.tar', 55.74)
 ('./output/train/20250914-020203-resnet18-224/checkpoint/checkpoint-12.pth.tar', 54.94)
 ('./output/train/20250914-020203-resnet18-224/checkpoint/checkpoint-10.pth.tar', 51.25)
 ('./output/train/20250914-020203-resnet18-224/checkpoint/checkpoint-11.pth.tar', 50.75)
 ('./output/train/20250914-020203-resnet18-224/checkpoint/checkpoint-9.pth.tar', 46.84)
 ('./output/train/20250914-020203-resnet18-224/checkpoint/checkpoint-8.pth.tar', 40.71)
 ('./output/train/20250914-020203-resnet18-224/checkpoint/checkpoint-7.pth.tar', 39.87)
 ('./output/train/20250914-020203-resnet18-224/checkpoint/checkpoint-6.pth.tar', 34.75)
 ('./output/train/20250914-020203-resnet18-224/checkpoint/checkpoint-5.pth.tar', 28.23)
 ('./output/train/20250914-020203-resnet18-224/checkpoint/checkpoint-4.pth.tar', 23.08)

2025-09-14 02:26:46,446 -                train: [    INFO] - Train: 14 [   0/390 (  0%)]  Loss: 4.020 (4.02)  Loss_gt: 2.450 (2.45)  Loss_kd: 1.570 (1.57) LR: 5.000e-02
2025-09-14 02:27:39,077 -                train: [    INFO] - Train: 14 [ 200/390 ( 51%)]  Loss: 4.418 (4.16)  Loss_gt: 2.648 (2.54)  Loss_kd: 1.770 (1.62) LR: 5.000e-02
2025-09-14 02:28:28,220 -                train: [    INFO] - Train: 14 [ 389/390 (100%)]  Loss: 4.321 (4.17)  Loss_gt: 2.660 (2.54)  Loss_kd: 1.661 (1.63) LR: 5.000e-02
2025-09-14 02:28:28,444 -                train: [    INFO] - Test: [   0/78]  Time: 0.213 (0.213)  Loss:  1.4059 (1.4059)  Acc@1: 64.0625 (64.0625)  Acc@5: 84.3750 (84.3750)
2025-09-14 02:28:31,825 -                train: [    INFO] - Test: [  78/78]  Time: 0.014 (0.045)  Loss:  1.6199 (1.5278)  Acc@1: 56.2500 (57.6400)  Acc@5: 81.2500 (86.0000)
2025-09-14 02:28:32,044 - timm.utils.checkpoint_saver: [    INFO] - Current checkpoints:
 ('./output/train/20250914-020203-resnet18-224/checkpoint/checkpoint-14.pth.tar', 57.64)
 ('./output/train/20250914-020203-resnet18-224/checkpoint/checkpoint-13.pth.tar', 55.74)
 ('./output/train/20250914-020203-resnet18-224/checkpoint/checkpoint-12.pth.tar', 54.94)
 ('./output/train/20250914-020203-resnet18-224/checkpoint/checkpoint-10.pth.tar', 51.25)
 ('./output/train/20250914-020203-resnet18-224/checkpoint/checkpoint-11.pth.tar', 50.75)
 ('./output/train/20250914-020203-resnet18-224/checkpoint/checkpoint-9.pth.tar', 46.84)
 ('./output/train/20250914-020203-resnet18-224/checkpoint/checkpoint-8.pth.tar', 40.71)
 ('./output/train/20250914-020203-resnet18-224/checkpoint/checkpoint-7.pth.tar', 39.87)
 ('./output/train/20250914-020203-resnet18-224/checkpoint/checkpoint-6.pth.tar', 34.75)
 ('./output/train/20250914-020203-resnet18-224/checkpoint/checkpoint-5.pth.tar', 28.23)

2025-09-14 02:28:32,683 -                train: [    INFO] - Train: 15 [   0/390 (  0%)]  Loss: 3.818 (3.82)  Loss_gt: 2.392 (2.39)  Loss_kd: 1.426 (1.43) LR: 5.000e-02
2025-09-14 02:29:24,628 -                train: [    INFO] - Train: 15 [ 200/390 ( 51%)]  Loss: 4.083 (4.07)  Loss_gt: 2.436 (2.50)  Loss_kd: 1.647 (1.58) LR: 5.000e-02
2025-09-14 02:30:14,021 -                train: [    INFO] - Train: 15 [ 389/390 (100%)]  Loss: 4.007 (4.08)  Loss_gt: 2.419 (2.49)  Loss_kd: 1.588 (1.58) LR: 5.000e-02
2025-09-14 02:30:14,259 -                train: [    INFO] - Test: [   0/78]  Time: 0.229 (0.229)  Loss:  1.3860 (1.3860)  Acc@1: 65.6250 (65.6250)  Acc@5: 88.2812 (88.2812)
2025-09-14 02:30:17,706 -                train: [    INFO] - Test: [  78/78]  Time: 0.015 (0.047)  Loss:  1.0809 (1.4421)  Acc@1: 68.7500 (60.0700)  Acc@5: 87.5000 (87.2100)
2025-09-14 02:30:18,029 - timm.utils.checkpoint_saver: [    INFO] - Current checkpoints:
 ('./output/train/20250914-020203-resnet18-224/checkpoint/checkpoint-15.pth.tar', 60.07)
 ('./output/train/20250914-020203-resnet18-224/checkpoint/checkpoint-14.pth.tar', 57.64)
 ('./output/train/20250914-020203-resnet18-224/checkpoint/checkpoint-13.pth.tar', 55.74)
 ('./output/train/20250914-020203-resnet18-224/checkpoint/checkpoint-12.pth.tar', 54.94)
 ('./output/train/20250914-020203-resnet18-224/checkpoint/checkpoint-10.pth.tar', 51.25)
 ('./output/train/20250914-020203-resnet18-224/checkpoint/checkpoint-11.pth.tar', 50.75)
 ('./output/train/20250914-020203-resnet18-224/checkpoint/checkpoint-9.pth.tar', 46.84)
 ('./output/train/20250914-020203-resnet18-224/checkpoint/checkpoint-8.pth.tar', 40.71)
 ('./output/train/20250914-020203-resnet18-224/checkpoint/checkpoint-7.pth.tar', 39.87)
 ('./output/train/20250914-020203-resnet18-224/checkpoint/checkpoint-6.pth.tar', 34.75)

2025-09-14 02:30:18,638 -                train: [    INFO] - Train: 16 [   0/390 (  0%)]  Loss: 4.025 (4.02)  Loss_gt: 2.369 (2.37)  Loss_kd: 1.655 (1.66) LR: 5.000e-02
2025-09-14 02:31:10,486 -                train: [    INFO] - Train: 16 [ 200/390 ( 51%)]  Loss: 3.499 (4.00)  Loss_gt: 2.213 (2.46)  Loss_kd: 1.286 (1.54) LR: 5.000e-02
2025-09-14 02:31:59,526 -                train: [    INFO] - Train: 16 [ 389/390 (100%)]  Loss: 3.812 (4.01)  Loss_gt: 2.366 (2.47)  Loss_kd: 1.446 (1.55) LR: 5.000e-02
2025-09-14 02:31:59,734 -                train: [    INFO] - Test: [   0/78]  Time: 0.199 (0.199)  Loss:  1.4180 (1.4180)  Acc@1: 60.1562 (60.1562)  Acc@5: 86.7188 (86.7188)
2025-09-14 02:32:03,120 -                train: [    INFO] - Test: [  78/78]  Time: 0.013 (0.045)  Loss:  1.2890 (1.4930)  Acc@1: 62.5000 (58.4800)  Acc@5: 87.5000 (86.4300)
2025-09-14 02:32:03,333 - timm.utils.checkpoint_saver: [    INFO] - Current checkpoints:
 ('./output/train/20250914-020203-resnet18-224/checkpoint/checkpoint-15.pth.tar', 60.07)
 ('./output/train/20250914-020203-resnet18-224/checkpoint/checkpoint-16.pth.tar', 58.48)
 ('./output/train/20250914-020203-resnet18-224/checkpoint/checkpoint-14.pth.tar', 57.64)
 ('./output/train/20250914-020203-resnet18-224/checkpoint/checkpoint-13.pth.tar', 55.74)
 ('./output/train/20250914-020203-resnet18-224/checkpoint/checkpoint-12.pth.tar', 54.94)
 ('./output/train/20250914-020203-resnet18-224/checkpoint/checkpoint-10.pth.tar', 51.25)
 ('./output/train/20250914-020203-resnet18-224/checkpoint/checkpoint-11.pth.tar', 50.75)
 ('./output/train/20250914-020203-resnet18-224/checkpoint/checkpoint-9.pth.tar', 46.84)
 ('./output/train/20250914-020203-resnet18-224/checkpoint/checkpoint-8.pth.tar', 40.71)
 ('./output/train/20250914-020203-resnet18-224/checkpoint/checkpoint-7.pth.tar', 39.87)

2025-09-14 02:32:03,959 -                train: [    INFO] - Train: 17 [   0/390 (  0%)]  Loss: 3.778 (3.78)  Loss_gt: 2.380 (2.38)  Loss_kd: 1.399 (1.40) LR: 5.000e-02
2025-09-14 02:32:55,988 -                train: [    INFO] - Train: 17 [ 200/390 ( 51%)]  Loss: 4.047 (3.95)  Loss_gt: 2.490 (2.44)  Loss_kd: 1.558 (1.51) LR: 5.000e-02
2025-09-14 02:33:44,898 -                train: [    INFO] - Train: 17 [ 389/390 (100%)]  Loss: 3.739 (3.94)  Loss_gt: 2.317 (2.44)  Loss_kd: 1.422 (1.51) LR: 5.000e-02
2025-09-14 02:33:45,123 -                train: [    INFO] - Test: [   0/78]  Time: 0.215 (0.215)  Loss:  1.3294 (1.3294)  Acc@1: 64.0625 (64.0625)  Acc@5: 91.4062 (91.4062)
2025-09-14 02:33:48,584 -                train: [    INFO] - Test: [  78/78]  Time: 0.015 (0.047)  Loss:  1.3985 (1.4430)  Acc@1: 62.5000 (60.4800)  Acc@5: 87.5000 (86.9100)
2025-09-14 02:33:48,812 - timm.utils.checkpoint_saver: [    INFO] - Current checkpoints:
 ('./output/train/20250914-020203-resnet18-224/checkpoint/checkpoint-17.pth.tar', 60.48)
 ('./output/train/20250914-020203-resnet18-224/checkpoint/checkpoint-15.pth.tar', 60.07)
 ('./output/train/20250914-020203-resnet18-224/checkpoint/checkpoint-16.pth.tar', 58.48)
 ('./output/train/20250914-020203-resnet18-224/checkpoint/checkpoint-14.pth.tar', 57.64)
 ('./output/train/20250914-020203-resnet18-224/checkpoint/checkpoint-13.pth.tar', 55.74)
 ('./output/train/20250914-020203-resnet18-224/checkpoint/checkpoint-12.pth.tar', 54.94)
 ('./output/train/20250914-020203-resnet18-224/checkpoint/checkpoint-10.pth.tar', 51.25)
 ('./output/train/20250914-020203-resnet18-224/checkpoint/checkpoint-11.pth.tar', 50.75)
 ('./output/train/20250914-020203-resnet18-224/checkpoint/checkpoint-9.pth.tar', 46.84)
 ('./output/train/20250914-020203-resnet18-224/checkpoint/checkpoint-8.pth.tar', 40.71)

2025-09-14 02:33:49,347 -                train: [    INFO] - Train: 18 [   0/390 (  0%)]  Loss: 4.234 (4.23)  Loss_gt: 2.623 (2.62)  Loss_kd: 1.611 (1.61) LR: 5.000e-02
2025-09-14 02:34:41,450 -                train: [    INFO] - Train: 18 [ 200/390 ( 51%)]  Loss: 3.982 (3.87)  Loss_gt: 2.469 (2.40)  Loss_kd: 1.513 (1.48) LR: 5.000e-02
2025-09-14 02:35:30,608 -                train: [    INFO] - Train: 18 [ 389/390 (100%)]  Loss: 4.314 (3.89)  Loss_gt: 2.600 (2.40)  Loss_kd: 1.714 (1.49) LR: 5.000e-02
2025-09-14 02:35:30,835 -                train: [    INFO] - Test: [   0/78]  Time: 0.218 (0.218)  Loss:  1.2794 (1.2794)  Acc@1: 65.6250 (65.6250)  Acc@5: 89.0625 (89.0625)
2025-09-14 02:35:34,217 -                train: [    INFO] - Test: [  78/78]  Time: 0.015 (0.046)  Loss:  1.5187 (1.4141)  Acc@1: 62.5000 (60.7200)  Acc@5: 81.2500 (87.4500)
2025-09-14 02:35:34,425 - timm.utils.checkpoint_saver: [    INFO] - Current checkpoints:
 ('./output/train/20250914-020203-resnet18-224/checkpoint/checkpoint-18.pth.tar', 60.72)
 ('./output/train/20250914-020203-resnet18-224/checkpoint/checkpoint-17.pth.tar', 60.48)
 ('./output/train/20250914-020203-resnet18-224/checkpoint/checkpoint-15.pth.tar', 60.07)
 ('./output/train/20250914-020203-resnet18-224/checkpoint/checkpoint-16.pth.tar', 58.48)
 ('./output/train/20250914-020203-resnet18-224/checkpoint/checkpoint-14.pth.tar', 57.64)
 ('./output/train/20250914-020203-resnet18-224/checkpoint/checkpoint-13.pth.tar', 55.74)
 ('./output/train/20250914-020203-resnet18-224/checkpoint/checkpoint-12.pth.tar', 54.94)
 ('./output/train/20250914-020203-resnet18-224/checkpoint/checkpoint-10.pth.tar', 51.25)
 ('./output/train/20250914-020203-resnet18-224/checkpoint/checkpoint-11.pth.tar', 50.75)
 ('./output/train/20250914-020203-resnet18-224/checkpoint/checkpoint-9.pth.tar', 46.84)

2025-09-14 02:35:34,925 -                train: [    INFO] - Train: 19 [   0/390 (  0%)]  Loss: 3.575 (3.58)  Loss_gt: 2.185 (2.18)  Loss_kd: 1.390 (1.39) LR: 5.000e-02
2025-09-14 02:36:26,959 -                train: [    INFO] - Train: 19 [ 200/390 ( 51%)]  Loss: 4.025 (3.82)  Loss_gt: 2.477 (2.37)  Loss_kd: 1.548 (1.45) LR: 5.000e-02
2025-09-14 02:37:15,855 -                train: [    INFO] - Train: 19 [ 389/390 (100%)]  Loss: 3.774 (3.84)  Loss_gt: 2.298 (2.38)  Loss_kd: 1.477 (1.46) LR: 5.000e-02
2025-09-14 02:37:16,097 -                train: [    INFO] - Test: [   0/78]  Time: 0.233 (0.233)  Loss:  1.1919 (1.1919)  Acc@1: 66.4062 (66.4062)  Acc@5: 91.4062 (91.4062)
2025-09-14 02:37:19,381 -                train: [    INFO] - Test: [  78/78]  Time: 0.011 (0.045)  Loss:  1.0758 (1.3474)  Acc@1: 68.7500 (62.4900)  Acc@5: 81.2500 (87.8400)
2025-09-14 02:37:19,635 - timm.utils.checkpoint_saver: [    INFO] - Current checkpoints:
 ('./output/train/20250914-020203-resnet18-224/checkpoint/checkpoint-19.pth.tar', 62.49)
 ('./output/train/20250914-020203-resnet18-224/checkpoint/checkpoint-18.pth.tar', 60.72)
 ('./output/train/20250914-020203-resnet18-224/checkpoint/checkpoint-17.pth.tar', 60.48)
 ('./output/train/20250914-020203-resnet18-224/checkpoint/checkpoint-15.pth.tar', 60.07)
 ('./output/train/20250914-020203-resnet18-224/checkpoint/checkpoint-16.pth.tar', 58.48)
 ('./output/train/20250914-020203-resnet18-224/checkpoint/checkpoint-14.pth.tar', 57.64)
 ('./output/train/20250914-020203-resnet18-224/checkpoint/checkpoint-13.pth.tar', 55.74)
 ('./output/train/20250914-020203-resnet18-224/checkpoint/checkpoint-12.pth.tar', 54.94)
 ('./output/train/20250914-020203-resnet18-224/checkpoint/checkpoint-10.pth.tar', 51.25)
 ('./output/train/20250914-020203-resnet18-224/checkpoint/checkpoint-11.pth.tar', 50.75)

2025-09-14 02:37:20,243 -                train: [    INFO] - Train: 20 [   0/390 (  0%)]  Loss: 3.227 (3.23)  Loss_gt: 2.032 (2.03)  Loss_kd: 1.194 (1.19) LR: 5.000e-02
2025-09-14 02:38:12,178 -                train: [    INFO] - Train: 20 [ 200/390 ( 51%)]  Loss: 3.622 (3.77)  Loss_gt: 2.283 (2.34)  Loss_kd: 1.339 (1.43) LR: 5.000e-02
2025-09-14 02:39:01,187 -                train: [    INFO] - Train: 20 [ 389/390 (100%)]  Loss: 3.708 (3.79)  Loss_gt: 2.276 (2.35)  Loss_kd: 1.432 (1.44) LR: 5.000e-02
2025-09-14 02:39:01,416 -                train: [    INFO] - Test: [   0/78]  Time: 0.220 (0.220)  Loss:  1.2308 (1.2308)  Acc@1: 66.4062 (66.4062)  Acc@5: 88.2812 (88.2812)
2025-09-14 02:39:04,835 -                train: [    INFO] - Test: [  78/78]  Time: 0.017 (0.046)  Loss:  1.5290 (1.3871)  Acc@1: 62.5000 (62.3300)  Acc@5: 81.2500 (87.5700)
2025-09-14 02:39:05,082 - timm.utils.checkpoint_saver: [    INFO] - Current checkpoints:
 ('./output/train/20250914-020203-resnet18-224/checkpoint/checkpoint-19.pth.tar', 62.49)
 ('./output/train/20250914-020203-resnet18-224/checkpoint/checkpoint-20.pth.tar', 62.33)
 ('./output/train/20250914-020203-resnet18-224/checkpoint/checkpoint-18.pth.tar', 60.72)
 ('./output/train/20250914-020203-resnet18-224/checkpoint/checkpoint-17.pth.tar', 60.48)
 ('./output/train/20250914-020203-resnet18-224/checkpoint/checkpoint-15.pth.tar', 60.07)
 ('./output/train/20250914-020203-resnet18-224/checkpoint/checkpoint-16.pth.tar', 58.48)
 ('./output/train/20250914-020203-resnet18-224/checkpoint/checkpoint-14.pth.tar', 57.64)
 ('./output/train/20250914-020203-resnet18-224/checkpoint/checkpoint-13.pth.tar', 55.74)
 ('./output/train/20250914-020203-resnet18-224/checkpoint/checkpoint-12.pth.tar', 54.94)
 ('./output/train/20250914-020203-resnet18-224/checkpoint/checkpoint-10.pth.tar', 51.25)

2025-09-14 02:39:05,577 -                train: [    INFO] - Train: 21 [   0/390 (  0%)]  Loss: 3.615 (3.61)  Loss_gt: 2.261 (2.26)  Loss_kd: 1.354 (1.35) LR: 5.000e-02
2025-09-14 02:39:57,575 -                train: [    INFO] - Train: 21 [ 200/390 ( 51%)]  Loss: 4.067 (3.72)  Loss_gt: 2.493 (2.32)  Loss_kd: 1.574 (1.40) LR: 5.000e-02
2025-09-14 02:40:46,771 -                train: [    INFO] - Train: 21 [ 389/390 (100%)]  Loss: 3.858 (3.75)  Loss_gt: 2.302 (2.33)  Loss_kd: 1.556 (1.42) LR: 5.000e-02
2025-09-14 02:40:47,003 -                train: [    INFO] - Test: [   0/78]  Time: 0.224 (0.224)  Loss:  1.1599 (1.1599)  Acc@1: 67.1875 (67.1875)  Acc@5: 90.6250 (90.6250)
2025-09-14 02:40:50,334 -                train: [    INFO] - Test: [  78/78]  Time: 0.015 (0.045)  Loss:  1.5369 (1.3155)  Acc@1: 75.0000 (63.8400)  Acc@5: 81.2500 (88.2900)
2025-09-14 02:40:50,533 - timm.utils.checkpoint_saver: [    INFO] - Current checkpoints:
 ('./output/train/20250914-020203-resnet18-224/checkpoint/checkpoint-21.pth.tar', 63.84)
 ('./output/train/20250914-020203-resnet18-224/checkpoint/checkpoint-19.pth.tar', 62.49)
 ('./output/train/20250914-020203-resnet18-224/checkpoint/checkpoint-20.pth.tar', 62.33)
 ('./output/train/20250914-020203-resnet18-224/checkpoint/checkpoint-18.pth.tar', 60.72)
 ('./output/train/20250914-020203-resnet18-224/checkpoint/checkpoint-17.pth.tar', 60.48)
 ('./output/train/20250914-020203-resnet18-224/checkpoint/checkpoint-15.pth.tar', 60.07)
 ('./output/train/20250914-020203-resnet18-224/checkpoint/checkpoint-16.pth.tar', 58.48)
 ('./output/train/20250914-020203-resnet18-224/checkpoint/checkpoint-14.pth.tar', 57.64)
 ('./output/train/20250914-020203-resnet18-224/checkpoint/checkpoint-13.pth.tar', 55.74)
 ('./output/train/20250914-020203-resnet18-224/checkpoint/checkpoint-12.pth.tar', 54.94)

2025-09-14 02:40:51,168 -                train: [    INFO] - Train: 22 [   0/390 (  0%)]  Loss: 3.611 (3.61)  Loss_gt: 2.303 (2.30)  Loss_kd: 1.309 (1.31) LR: 5.000e-02
2025-09-14 02:41:43,165 -                train: [    INFO] - Train: 22 [ 200/390 ( 51%)]  Loss: 3.337 (3.71)  Loss_gt: 2.076 (2.31)  Loss_kd: 1.261 (1.40) LR: 5.000e-02
2025-09-14 02:42:32,329 -                train: [    INFO] - Train: 22 [ 389/390 (100%)]  Loss: 3.988 (3.72)  Loss_gt: 2.526 (2.31)  Loss_kd: 1.463 (1.40) LR: 5.000e-02
2025-09-14 02:42:32,542 -                train: [    INFO] - Test: [   0/78]  Time: 0.204 (0.204)  Loss:  1.1692 (1.1692)  Acc@1: 65.6250 (65.6250)  Acc@5: 90.6250 (90.6250)
2025-09-14 02:42:35,952 -                train: [    INFO] - Test: [  78/78]  Time: 0.013 (0.046)  Loss:  1.6894 (1.3616)  Acc@1: 62.5000 (62.3800)  Acc@5: 81.2500 (87.9700)
2025-09-14 02:42:36,204 - timm.utils.checkpoint_saver: [    INFO] - Current checkpoints:
 ('./output/train/20250914-020203-resnet18-224/checkpoint/checkpoint-21.pth.tar', 63.84)
 ('./output/train/20250914-020203-resnet18-224/checkpoint/checkpoint-19.pth.tar', 62.49)
 ('./output/train/20250914-020203-resnet18-224/checkpoint/checkpoint-22.pth.tar', 62.38)
 ('./output/train/20250914-020203-resnet18-224/checkpoint/checkpoint-20.pth.tar', 62.33)
 ('./output/train/20250914-020203-resnet18-224/checkpoint/checkpoint-18.pth.tar', 60.72)
 ('./output/train/20250914-020203-resnet18-224/checkpoint/checkpoint-17.pth.tar', 60.48)
 ('./output/train/20250914-020203-resnet18-224/checkpoint/checkpoint-15.pth.tar', 60.07)
 ('./output/train/20250914-020203-resnet18-224/checkpoint/checkpoint-16.pth.tar', 58.48)
 ('./output/train/20250914-020203-resnet18-224/checkpoint/checkpoint-14.pth.tar', 57.64)
 ('./output/train/20250914-020203-resnet18-224/checkpoint/checkpoint-13.pth.tar', 55.74)

2025-09-14 02:42:36,857 -                train: [    INFO] - Train: 23 [   0/390 (  0%)]  Loss: 3.897 (3.90)  Loss_gt: 2.415 (2.42)  Loss_kd: 1.482 (1.48) LR: 5.000e-02
2025-09-14 02:43:28,997 -                train: [    INFO] - Train: 23 [ 200/390 ( 51%)]  Loss: 3.543 (3.64)  Loss_gt: 2.266 (2.28)  Loss_kd: 1.276 (1.36) LR: 5.000e-02
2025-09-14 02:44:18,542 -                train: [    INFO] - Train: 23 [ 389/390 (100%)]  Loss: 3.501 (3.67)  Loss_gt: 2.258 (2.29)  Loss_kd: 1.243 (1.38) LR: 5.000e-02
2025-09-14 02:44:18,752 -                train: [    INFO] - Test: [   0/78]  Time: 0.200 (0.200)  Loss:  1.1297 (1.1297)  Acc@1: 67.1875 (67.1875)  Acc@5: 91.4062 (91.4062)
2025-09-14 02:44:22,297 -                train: [    INFO] - Test: [  78/78]  Time: 0.013 (0.047)  Loss:  1.3714 (1.3048)  Acc@1: 62.5000 (63.8600)  Acc@5: 87.5000 (89.2900)
2025-09-14 02:44:22,562 - timm.utils.checkpoint_saver: [    INFO] - Current checkpoints:
 ('./output/train/20250914-020203-resnet18-224/checkpoint/checkpoint-23.pth.tar', 63.86)
 ('./output/train/20250914-020203-resnet18-224/checkpoint/checkpoint-21.pth.tar', 63.84)
 ('./output/train/20250914-020203-resnet18-224/checkpoint/checkpoint-19.pth.tar', 62.49)
 ('./output/train/20250914-020203-resnet18-224/checkpoint/checkpoint-22.pth.tar', 62.38)
 ('./output/train/20250914-020203-resnet18-224/checkpoint/checkpoint-20.pth.tar', 62.33)
 ('./output/train/20250914-020203-resnet18-224/checkpoint/checkpoint-18.pth.tar', 60.72)
 ('./output/train/20250914-020203-resnet18-224/checkpoint/checkpoint-17.pth.tar', 60.48)
 ('./output/train/20250914-020203-resnet18-224/checkpoint/checkpoint-15.pth.tar', 60.07)
 ('./output/train/20250914-020203-resnet18-224/checkpoint/checkpoint-16.pth.tar', 58.48)
 ('./output/train/20250914-020203-resnet18-224/checkpoint/checkpoint-14.pth.tar', 57.64)

2025-09-14 02:44:23,196 -                train: [    INFO] - Train: 24 [   0/390 (  0%)]  Loss: 3.883 (3.88)  Loss_gt: 2.429 (2.43)  Loss_kd: 1.454 (1.45) LR: 5.000e-02
2025-09-14 02:45:15,481 -                train: [    INFO] - Train: 24 [ 200/390 ( 51%)]  Loss: 3.607 (3.63)  Loss_gt: 2.267 (2.26)  Loss_kd: 1.340 (1.37) LR: 5.000e-02
2025-09-14 02:46:04,453 -                train: [    INFO] - Train: 24 [ 389/390 (100%)]  Loss: 3.407 (3.65)  Loss_gt: 2.136 (2.27)  Loss_kd: 1.271 (1.37) LR: 5.000e-02
2025-09-14 02:46:04,664 -                train: [    INFO] - Test: [   0/78]  Time: 0.203 (0.203)  Loss:  1.1206 (1.1206)  Acc@1: 67.9688 (67.9688)  Acc@5: 92.1875 (92.1875)
2025-09-14 02:46:08,058 -                train: [    INFO] - Test: [  78/78]  Time: 0.014 (0.046)  Loss:  1.3639 (1.3132)  Acc@1: 75.0000 (64.4900)  Acc@5: 87.5000 (88.9500)
2025-09-14 02:46:08,329 - timm.utils.checkpoint_saver: [    INFO] - Current checkpoints:
 ('./output/train/20250914-020203-resnet18-224/checkpoint/checkpoint-24.pth.tar', 64.49)
 ('./output/train/20250914-020203-resnet18-224/checkpoint/checkpoint-23.pth.tar', 63.86)
 ('./output/train/20250914-020203-resnet18-224/checkpoint/checkpoint-21.pth.tar', 63.84)
 ('./output/train/20250914-020203-resnet18-224/checkpoint/checkpoint-19.pth.tar', 62.49)
 ('./output/train/20250914-020203-resnet18-224/checkpoint/checkpoint-22.pth.tar', 62.38)
 ('./output/train/20250914-020203-resnet18-224/checkpoint/checkpoint-20.pth.tar', 62.33)
 ('./output/train/20250914-020203-resnet18-224/checkpoint/checkpoint-18.pth.tar', 60.72)
 ('./output/train/20250914-020203-resnet18-224/checkpoint/checkpoint-17.pth.tar', 60.48)
 ('./output/train/20250914-020203-resnet18-224/checkpoint/checkpoint-15.pth.tar', 60.07)
 ('./output/train/20250914-020203-resnet18-224/checkpoint/checkpoint-16.pth.tar', 58.48)

2025-09-14 02:46:08,896 -                train: [    INFO] - Train: 25 [   0/390 (  0%)]  Loss: 3.636 (3.64)  Loss_gt: 2.214 (2.21)  Loss_kd: 1.423 (1.42) LR: 5.000e-02
2025-09-14 02:47:01,032 -                train: [    INFO] - Train: 25 [ 200/390 ( 51%)]  Loss: 3.536 (3.57)  Loss_gt: 2.143 (2.24)  Loss_kd: 1.394 (1.33) LR: 5.000e-02
2025-09-14 02:47:50,374 -                train: [    INFO] - Train: 25 [ 389/390 (100%)]  Loss: 3.667 (3.60)  Loss_gt: 2.206 (2.25)  Loss_kd: 1.461 (1.35) LR: 5.000e-02
2025-09-14 02:47:50,588 -                train: [    INFO] - Test: [   0/78]  Time: 0.206 (0.206)  Loss:  1.0935 (1.0935)  Acc@1: 69.5312 (69.5312)  Acc@5: 92.1875 (92.1875)
2025-09-14 02:47:54,004 -                train: [    INFO] - Test: [  78/78]  Time: 0.012 (0.046)  Loss:  1.1722 (1.2680)  Acc@1: 75.0000 (64.8300)  Acc@5: 81.2500 (89.5700)
2025-09-14 02:47:54,240 - timm.utils.checkpoint_saver: [    INFO] - Current checkpoints:
 ('./output/train/20250914-020203-resnet18-224/checkpoint/checkpoint-25.pth.tar', 64.83)
 ('./output/train/20250914-020203-resnet18-224/checkpoint/checkpoint-24.pth.tar', 64.49)
 ('./output/train/20250914-020203-resnet18-224/checkpoint/checkpoint-23.pth.tar', 63.86)
 ('./output/train/20250914-020203-resnet18-224/checkpoint/checkpoint-21.pth.tar', 63.84)
 ('./output/train/20250914-020203-resnet18-224/checkpoint/checkpoint-19.pth.tar', 62.49)
 ('./output/train/20250914-020203-resnet18-224/checkpoint/checkpoint-22.pth.tar', 62.38)
 ('./output/train/20250914-020203-resnet18-224/checkpoint/checkpoint-20.pth.tar', 62.33)
 ('./output/train/20250914-020203-resnet18-224/checkpoint/checkpoint-18.pth.tar', 60.72)
 ('./output/train/20250914-020203-resnet18-224/checkpoint/checkpoint-17.pth.tar', 60.48)
 ('./output/train/20250914-020203-resnet18-224/checkpoint/checkpoint-15.pth.tar', 60.07)

2025-09-14 02:47:54,907 -                train: [    INFO] - Train: 26 [   0/390 (  0%)]  Loss: 3.622 (3.62)  Loss_gt: 2.289 (2.29)  Loss_kd: 1.333 (1.33) LR: 5.000e-02
2025-09-14 02:48:47,233 -                train: [    INFO] - Train: 26 [ 200/390 ( 51%)]  Loss: 3.644 (3.56)  Loss_gt: 2.288 (2.23)  Loss_kd: 1.355 (1.33) LR: 5.000e-02
2025-09-14 02:49:36,480 -                train: [    INFO] - Train: 26 [ 389/390 (100%)]  Loss: 3.368 (3.59)  Loss_gt: 2.137 (2.24)  Loss_kd: 1.231 (1.35) LR: 5.000e-02
2025-09-14 02:49:36,698 -                train: [    INFO] - Test: [   0/78]  Time: 0.209 (0.209)  Loss:  1.1864 (1.1864)  Acc@1: 70.3125 (70.3125)  Acc@5: 92.1875 (92.1875)
2025-09-14 02:49:40,021 -                train: [    INFO] - Test: [  78/78]  Time: 0.013 (0.045)  Loss:  0.9762 (1.2740)  Acc@1: 75.0000 (64.9400)  Acc@5: 87.5000 (89.6400)
2025-09-14 02:49:40,281 - timm.utils.checkpoint_saver: [    INFO] - Current checkpoints:
 ('./output/train/20250914-020203-resnet18-224/checkpoint/checkpoint-26.pth.tar', 64.94)
 ('./output/train/20250914-020203-resnet18-224/checkpoint/checkpoint-25.pth.tar', 64.83)
 ('./output/train/20250914-020203-resnet18-224/checkpoint/checkpoint-24.pth.tar', 64.49)
 ('./output/train/20250914-020203-resnet18-224/checkpoint/checkpoint-23.pth.tar', 63.86)
 ('./output/train/20250914-020203-resnet18-224/checkpoint/checkpoint-21.pth.tar', 63.84)
 ('./output/train/20250914-020203-resnet18-224/checkpoint/checkpoint-19.pth.tar', 62.49)
 ('./output/train/20250914-020203-resnet18-224/checkpoint/checkpoint-22.pth.tar', 62.38)
 ('./output/train/20250914-020203-resnet18-224/checkpoint/checkpoint-20.pth.tar', 62.33)
 ('./output/train/20250914-020203-resnet18-224/checkpoint/checkpoint-18.pth.tar', 60.72)
 ('./output/train/20250914-020203-resnet18-224/checkpoint/checkpoint-17.pth.tar', 60.48)

2025-09-14 02:49:40,771 -                train: [    INFO] - Train: 27 [   0/390 (  0%)]  Loss: 3.404 (3.40)  Loss_gt: 2.194 (2.19)  Loss_kd: 1.211 (1.21) LR: 5.000e-02
2025-09-14 02:50:32,628 -                train: [    INFO] - Train: 27 [ 200/390 ( 51%)]  Loss: 3.512 (3.52)  Loss_gt: 2.170 (2.21)  Loss_kd: 1.341 (1.32) LR: 5.000e-02
2025-09-14 02:51:21,541 -                train: [    INFO] - Train: 27 [ 389/390 (100%)]  Loss: 3.356 (3.54)  Loss_gt: 2.106 (2.22)  Loss_kd: 1.250 (1.32) LR: 5.000e-02
2025-09-14 02:51:21,764 -                train: [    INFO] - Test: [   0/78]  Time: 0.216 (0.216)  Loss:  1.0570 (1.0570)  Acc@1: 69.5312 (69.5312)  Acc@5: 92.1875 (92.1875)
2025-09-14 02:51:25,077 -                train: [    INFO] - Test: [  78/78]  Time: 0.015 (0.045)  Loss:  1.4548 (1.2307)  Acc@1: 56.2500 (65.7700)  Acc@5: 87.5000 (90.1400)
2025-09-14 02:51:25,281 - timm.utils.checkpoint_saver: [    INFO] - Current checkpoints:
 ('./output/train/20250914-020203-resnet18-224/checkpoint/checkpoint-27.pth.tar', 65.77)
 ('./output/train/20250914-020203-resnet18-224/checkpoint/checkpoint-26.pth.tar', 64.94)
 ('./output/train/20250914-020203-resnet18-224/checkpoint/checkpoint-25.pth.tar', 64.83)
 ('./output/train/20250914-020203-resnet18-224/checkpoint/checkpoint-24.pth.tar', 64.49)
 ('./output/train/20250914-020203-resnet18-224/checkpoint/checkpoint-23.pth.tar', 63.86)
 ('./output/train/20250914-020203-resnet18-224/checkpoint/checkpoint-21.pth.tar', 63.84)
 ('./output/train/20250914-020203-resnet18-224/checkpoint/checkpoint-19.pth.tar', 62.49)
 ('./output/train/20250914-020203-resnet18-224/checkpoint/checkpoint-22.pth.tar', 62.38)
 ('./output/train/20250914-020203-resnet18-224/checkpoint/checkpoint-20.pth.tar', 62.33)
 ('./output/train/20250914-020203-resnet18-224/checkpoint/checkpoint-18.pth.tar', 60.72)

2025-09-14 02:51:25,768 -                train: [    INFO] - Train: 28 [   0/390 (  0%)]  Loss: 3.163 (3.16)  Loss_gt: 2.006 (2.01)  Loss_kd: 1.157 (1.16) LR: 5.000e-02
2025-09-14 02:52:17,804 -                train: [    INFO] - Train: 28 [ 200/390 ( 51%)]  Loss: 3.403 (3.52)  Loss_gt: 2.183 (2.20)  Loss_kd: 1.220 (1.31) LR: 5.000e-02
2025-09-14 02:53:07,133 -                train: [    INFO] - Train: 28 [ 389/390 (100%)]  Loss: 3.706 (3.54)  Loss_gt: 2.294 (2.22)  Loss_kd: 1.412 (1.32) LR: 5.000e-02
2025-09-14 02:53:07,381 -                train: [    INFO] - Test: [   0/78]  Time: 0.239 (0.239)  Loss:  1.0470 (1.0470)  Acc@1: 69.5312 (69.5312)  Acc@5: 93.7500 (93.7500)
2025-09-14 02:53:10,869 -                train: [    INFO] - Test: [  78/78]  Time: 0.013 (0.047)  Loss:  1.4127 (1.2827)  Acc@1: 68.7500 (64.9800)  Acc@5: 87.5000 (89.1700)
2025-09-14 02:53:11,353 - timm.utils.checkpoint_saver: [    INFO] - Current checkpoints:
 ('./output/train/20250914-020203-resnet18-224/checkpoint/checkpoint-27.pth.tar', 65.77)
 ('./output/train/20250914-020203-resnet18-224/checkpoint/checkpoint-28.pth.tar', 64.98)
 ('./output/train/20250914-020203-resnet18-224/checkpoint/checkpoint-26.pth.tar', 64.94)
 ('./output/train/20250914-020203-resnet18-224/checkpoint/checkpoint-25.pth.tar', 64.83)
 ('./output/train/20250914-020203-resnet18-224/checkpoint/checkpoint-24.pth.tar', 64.49)
 ('./output/train/20250914-020203-resnet18-224/checkpoint/checkpoint-23.pth.tar', 63.86)
 ('./output/train/20250914-020203-resnet18-224/checkpoint/checkpoint-21.pth.tar', 63.84)
 ('./output/train/20250914-020203-resnet18-224/checkpoint/checkpoint-19.pth.tar', 62.49)
 ('./output/train/20250914-020203-resnet18-224/checkpoint/checkpoint-22.pth.tar', 62.38)
 ('./output/train/20250914-020203-resnet18-224/checkpoint/checkpoint-20.pth.tar', 62.33)

2025-09-14 02:53:11,849 -                train: [    INFO] - Train: 29 [   0/390 (  0%)]  Loss: 3.418 (3.42)  Loss_gt: 2.209 (2.21)  Loss_kd: 1.209 (1.21) LR: 5.000e-02
2025-09-14 02:54:03,846 -                train: [    INFO] - Train: 29 [ 200/390 ( 51%)]  Loss: 3.832 (3.50)  Loss_gt: 2.399 (2.20)  Loss_kd: 1.433 (1.30) LR: 5.000e-02
2025-09-14 02:54:52,999 -                train: [    INFO] - Train: 29 [ 389/390 (100%)]  Loss: 3.446 (3.53)  Loss_gt: 2.123 (2.21)  Loss_kd: 1.323 (1.31) LR: 5.000e-02
2025-09-14 02:54:53,236 -                train: [    INFO] - Test: [   0/78]  Time: 0.227 (0.227)  Loss:  1.0881 (1.0881)  Acc@1: 67.1875 (67.1875)  Acc@5: 90.6250 (90.6250)
2025-09-14 02:54:56,653 -                train: [    INFO] - Test: [  78/78]  Time: 0.017 (0.046)  Loss:  1.2524 (1.3850)  Acc@1: 75.0000 (62.3100)  Acc@5: 81.2500 (87.3400)
2025-09-14 02:54:57,398 -                train: [    INFO] - Train: 30 [   0/390 (  0%)]  Loss: 3.436 (3.44)  Loss_gt: 2.105 (2.11)  Loss_kd: 1.331 (1.33) LR: 5.000e-02
2025-09-14 02:55:49,469 -                train: [    INFO] - Train: 30 [ 200/390 ( 51%)]  Loss: 3.407 (3.48)  Loss_gt: 2.098 (2.18)  Loss_kd: 1.309 (1.30) LR: 5.000e-02
2025-09-14 02:56:38,521 -                train: [    INFO] - Train: 30 [ 389/390 (100%)]  Loss: 3.670 (3.49)  Loss_gt: 2.238 (2.19)  Loss_kd: 1.432 (1.30) LR: 5.000e-02
2025-09-14 02:56:38,760 -                train: [    INFO] - Test: [   0/78]  Time: 0.231 (0.231)  Loss:  1.1057 (1.1057)  Acc@1: 71.0938 (71.0938)  Acc@5: 92.9688 (92.9688)
2025-09-14 02:56:42,345 -                train: [    INFO] - Test: [  78/78]  Time: 0.016 (0.048)  Loss:  1.5989 (1.2765)  Acc@1: 62.5000 (64.9000)  Acc@5: 81.2500 (89.7500)
2025-09-14 02:56:42,556 - timm.utils.checkpoint_saver: [    INFO] - Current checkpoints:
 ('./output/train/20250914-020203-resnet18-224/checkpoint/checkpoint-27.pth.tar', 65.77)
 ('./output/train/20250914-020203-resnet18-224/checkpoint/checkpoint-28.pth.tar', 64.98)
 ('./output/train/20250914-020203-resnet18-224/checkpoint/checkpoint-26.pth.tar', 64.94)
 ('./output/train/20250914-020203-resnet18-224/checkpoint/checkpoint-30.pth.tar', 64.9)
 ('./output/train/20250914-020203-resnet18-224/checkpoint/checkpoint-25.pth.tar', 64.83)
 ('./output/train/20250914-020203-resnet18-224/checkpoint/checkpoint-24.pth.tar', 64.49)
 ('./output/train/20250914-020203-resnet18-224/checkpoint/checkpoint-23.pth.tar', 63.86)
 ('./output/train/20250914-020203-resnet18-224/checkpoint/checkpoint-21.pth.tar', 63.84)
 ('./output/train/20250914-020203-resnet18-224/checkpoint/checkpoint-19.pth.tar', 62.49)
 ('./output/train/20250914-020203-resnet18-224/checkpoint/checkpoint-22.pth.tar', 62.38)

2025-09-14 02:56:43,080 -                train: [    INFO] - Train: 31 [   0/390 (  0%)]  Loss: 3.320 (3.32)  Loss_gt: 2.105 (2.10)  Loss_kd: 1.215 (1.21) LR: 5.000e-02
2025-09-14 02:57:35,215 -                train: [    INFO] - Train: 31 [ 200/390 ( 51%)]  Loss: 3.546 (3.43)  Loss_gt: 2.155 (2.16)  Loss_kd: 1.392 (1.27) LR: 5.000e-02
2025-09-14 02:58:24,880 -                train: [    INFO] - Train: 31 [ 389/390 (100%)]  Loss: 3.522 (3.47)  Loss_gt: 2.178 (2.18)  Loss_kd: 1.344 (1.29) LR: 5.000e-02
2025-09-14 02:58:25,121 -                train: [    INFO] - Test: [   0/78]  Time: 0.232 (0.232)  Loss:  0.9332 (0.9332)  Acc@1: 73.4375 (73.4375)  Acc@5: 93.7500 (93.7500)
2025-09-14 02:58:28,558 -                train: [    INFO] - Test: [  78/78]  Time: 0.013 (0.046)  Loss:  1.5288 (1.2073)  Acc@1: 68.7500 (66.5500)  Acc@5: 87.5000 (90.4900)
2025-09-14 02:58:28,803 - timm.utils.checkpoint_saver: [    INFO] - Current checkpoints:
 ('./output/train/20250914-020203-resnet18-224/checkpoint/checkpoint-31.pth.tar', 66.55)
 ('./output/train/20250914-020203-resnet18-224/checkpoint/checkpoint-27.pth.tar', 65.77)
 ('./output/train/20250914-020203-resnet18-224/checkpoint/checkpoint-28.pth.tar', 64.98)
 ('./output/train/20250914-020203-resnet18-224/checkpoint/checkpoint-26.pth.tar', 64.94)
 ('./output/train/20250914-020203-resnet18-224/checkpoint/checkpoint-30.pth.tar', 64.9)
 ('./output/train/20250914-020203-resnet18-224/checkpoint/checkpoint-25.pth.tar', 64.83)
 ('./output/train/20250914-020203-resnet18-224/checkpoint/checkpoint-24.pth.tar', 64.49)
 ('./output/train/20250914-020203-resnet18-224/checkpoint/checkpoint-23.pth.tar', 63.86)
 ('./output/train/20250914-020203-resnet18-224/checkpoint/checkpoint-21.pth.tar', 63.84)
 ('./output/train/20250914-020203-resnet18-224/checkpoint/checkpoint-19.pth.tar', 62.49)

2025-09-14 02:58:29,443 -                train: [    INFO] - Train: 32 [   0/390 (  0%)]  Loss: 3.681 (3.68)  Loss_gt: 2.313 (2.31)  Loss_kd: 1.367 (1.37) LR: 5.000e-02
2025-09-14 02:59:21,180 -                train: [    INFO] - Train: 32 [ 200/390 ( 51%)]  Loss: 3.366 (3.43)  Loss_gt: 2.219 (2.16)  Loss_kd: 1.147 (1.27) LR: 5.000e-02
2025-09-14 03:00:10,730 -                train: [    INFO] - Train: 32 [ 389/390 (100%)]  Loss: 3.333 (3.46)  Loss_gt: 2.113 (2.17)  Loss_kd: 1.220 (1.28) LR: 5.000e-02
2025-09-14 03:00:10,955 -                train: [    INFO] - Test: [   0/78]  Time: 0.216 (0.216)  Loss:  1.0562 (1.0562)  Acc@1: 69.5312 (69.5312)  Acc@5: 92.9688 (92.9688)
2025-09-14 03:00:14,278 -                train: [    INFO] - Test: [  78/78]  Time: 0.015 (0.045)  Loss:  1.2354 (1.2835)  Acc@1: 68.7500 (65.1400)  Acc@5: 81.2500 (89.4800)
2025-09-14 03:00:14,487 - timm.utils.checkpoint_saver: [    INFO] - Current checkpoints:
 ('./output/train/20250914-020203-resnet18-224/checkpoint/checkpoint-31.pth.tar', 66.55)
 ('./output/train/20250914-020203-resnet18-224/checkpoint/checkpoint-27.pth.tar', 65.77)
 ('./output/train/20250914-020203-resnet18-224/checkpoint/checkpoint-32.pth.tar', 65.14)
 ('./output/train/20250914-020203-resnet18-224/checkpoint/checkpoint-28.pth.tar', 64.98)
 ('./output/train/20250914-020203-resnet18-224/checkpoint/checkpoint-26.pth.tar', 64.94)
 ('./output/train/20250914-020203-resnet18-224/checkpoint/checkpoint-30.pth.tar', 64.9)
 ('./output/train/20250914-020203-resnet18-224/checkpoint/checkpoint-25.pth.tar', 64.83)
 ('./output/train/20250914-020203-resnet18-224/checkpoint/checkpoint-24.pth.tar', 64.49)
 ('./output/train/20250914-020203-resnet18-224/checkpoint/checkpoint-23.pth.tar', 63.86)
 ('./output/train/20250914-020203-resnet18-224/checkpoint/checkpoint-21.pth.tar', 63.84)

2025-09-14 03:00:15,107 -                train: [    INFO] - Train: 33 [   0/390 (  0%)]  Loss: 3.588 (3.59)  Loss_gt: 2.256 (2.26)  Loss_kd: 1.332 (1.33) LR: 5.000e-02
2025-09-14 03:01:07,540 -                train: [    INFO] - Train: 33 [ 200/390 ( 51%)]  Loss: 3.808 (3.43)  Loss_gt: 2.356 (2.16)  Loss_kd: 1.452 (1.27) LR: 5.000e-02
2025-09-14 03:01:56,637 -                train: [    INFO] - Train: 33 [ 389/390 (100%)]  Loss: 3.188 (3.44)  Loss_gt: 2.057 (2.17)  Loss_kd: 1.131 (1.28) LR: 5.000e-02
2025-09-14 03:01:56,866 -                train: [    INFO] - Test: [   0/78]  Time: 0.218 (0.218)  Loss:  1.1123 (1.1123)  Acc@1: 64.0625 (64.0625)  Acc@5: 92.9688 (92.9688)
2025-09-14 03:02:00,250 -                train: [    INFO] - Test: [  78/78]  Time: 0.013 (0.046)  Loss:  1.8437 (1.3029)  Acc@1: 56.2500 (64.0800)  Acc@5: 75.0000 (89.1100)
2025-09-14 03:02:00,485 - timm.utils.checkpoint_saver: [    INFO] - Current checkpoints:
 ('./output/train/20250914-020203-resnet18-224/checkpoint/checkpoint-31.pth.tar', 66.55)
 ('./output/train/20250914-020203-resnet18-224/checkpoint/checkpoint-27.pth.tar', 65.77)
 ('./output/train/20250914-020203-resnet18-224/checkpoint/checkpoint-32.pth.tar', 65.14)
 ('./output/train/20250914-020203-resnet18-224/checkpoint/checkpoint-28.pth.tar', 64.98)
 ('./output/train/20250914-020203-resnet18-224/checkpoint/checkpoint-26.pth.tar', 64.94)
 ('./output/train/20250914-020203-resnet18-224/checkpoint/checkpoint-30.pth.tar', 64.9)
 ('./output/train/20250914-020203-resnet18-224/checkpoint/checkpoint-25.pth.tar', 64.83)
 ('./output/train/20250914-020203-resnet18-224/checkpoint/checkpoint-24.pth.tar', 64.49)
 ('./output/train/20250914-020203-resnet18-224/checkpoint/checkpoint-33.pth.tar', 64.08)
 ('./output/train/20250914-020203-resnet18-224/checkpoint/checkpoint-23.pth.tar', 63.86)

2025-09-14 03:02:01,094 -                train: [    INFO] - Train: 34 [   0/390 (  0%)]  Loss: 3.513 (3.51)  Loss_gt: 2.226 (2.23)  Loss_kd: 1.287 (1.29) LR: 5.000e-02
2025-09-14 03:02:53,527 -                train: [    INFO] - Train: 34 [ 200/390 ( 51%)]  Loss: 3.868 (3.41)  Loss_gt: 2.274 (2.15)  Loss_kd: 1.595 (1.26) LR: 5.000e-02
2025-09-14 03:03:42,571 -                train: [    INFO] - Train: 34 [ 389/390 (100%)]  Loss: 3.541 (3.42)  Loss_gt: 2.175 (2.15)  Loss_kd: 1.366 (1.27) LR: 5.000e-02
2025-09-14 03:03:42,776 -                train: [    INFO] - Test: [   0/78]  Time: 0.196 (0.196)  Loss:  1.0387 (1.0387)  Acc@1: 68.7500 (68.7500)  Acc@5: 94.5312 (94.5312)
2025-09-14 03:03:46,187 -                train: [    INFO] - Test: [  78/78]  Time: 0.012 (0.046)  Loss:  1.1524 (1.1955)  Acc@1: 75.0000 (67.0300)  Acc@5: 81.2500 (90.9400)
2025-09-14 03:03:46,436 - timm.utils.checkpoint_saver: [    INFO] - Current checkpoints:
 ('./output/train/20250914-020203-resnet18-224/checkpoint/checkpoint-34.pth.tar', 67.03)
 ('./output/train/20250914-020203-resnet18-224/checkpoint/checkpoint-31.pth.tar', 66.55)
 ('./output/train/20250914-020203-resnet18-224/checkpoint/checkpoint-27.pth.tar', 65.77)
 ('./output/train/20250914-020203-resnet18-224/checkpoint/checkpoint-32.pth.tar', 65.14)
 ('./output/train/20250914-020203-resnet18-224/checkpoint/checkpoint-28.pth.tar', 64.98)
 ('./output/train/20250914-020203-resnet18-224/checkpoint/checkpoint-26.pth.tar', 64.94)
 ('./output/train/20250914-020203-resnet18-224/checkpoint/checkpoint-30.pth.tar', 64.9)
 ('./output/train/20250914-020203-resnet18-224/checkpoint/checkpoint-25.pth.tar', 64.83)
 ('./output/train/20250914-020203-resnet18-224/checkpoint/checkpoint-24.pth.tar', 64.49)
 ('./output/train/20250914-020203-resnet18-224/checkpoint/checkpoint-33.pth.tar', 64.08)

2025-09-14 03:03:47,073 -                train: [    INFO] - Train: 35 [   0/390 (  0%)]  Loss: 3.474 (3.47)  Loss_gt: 2.174 (2.17)  Loss_kd: 1.301 (1.30) LR: 5.000e-02
2025-09-14 03:04:39,082 -                train: [    INFO] - Train: 35 [ 200/390 ( 51%)]  Loss: 3.300 (3.40)  Loss_gt: 2.113 (2.15)  Loss_kd: 1.186 (1.26) LR: 5.000e-02
2025-09-14 03:05:28,190 -                train: [    INFO] - Train: 35 [ 389/390 (100%)]  Loss: 3.551 (3.42)  Loss_gt: 2.170 (2.15)  Loss_kd: 1.381 (1.27) LR: 5.000e-02
2025-09-14 03:05:28,418 -                train: [    INFO] - Test: [   0/78]  Time: 0.218 (0.218)  Loss:  1.0745 (1.0745)  Acc@1: 70.3125 (70.3125)  Acc@5: 92.1875 (92.1875)
2025-09-14 03:05:31,714 -                train: [    INFO] - Test: [  78/78]  Time: 0.012 (0.044)  Loss:  1.2337 (1.2442)  Acc@1: 75.0000 (66.1000)  Acc@5: 81.2500 (90.3200)
2025-09-14 03:05:31,956 - timm.utils.checkpoint_saver: [    INFO] - Current checkpoints:
 ('./output/train/20250914-020203-resnet18-224/checkpoint/checkpoint-34.pth.tar', 67.03)
 ('./output/train/20250914-020203-resnet18-224/checkpoint/checkpoint-31.pth.tar', 66.55)
 ('./output/train/20250914-020203-resnet18-224/checkpoint/checkpoint-35.pth.tar', 66.1)
 ('./output/train/20250914-020203-resnet18-224/checkpoint/checkpoint-27.pth.tar', 65.77)
 ('./output/train/20250914-020203-resnet18-224/checkpoint/checkpoint-32.pth.tar', 65.14)
 ('./output/train/20250914-020203-resnet18-224/checkpoint/checkpoint-28.pth.tar', 64.98)
 ('./output/train/20250914-020203-resnet18-224/checkpoint/checkpoint-26.pth.tar', 64.94)
 ('./output/train/20250914-020203-resnet18-224/checkpoint/checkpoint-30.pth.tar', 64.9)
 ('./output/train/20250914-020203-resnet18-224/checkpoint/checkpoint-25.pth.tar', 64.83)
 ('./output/train/20250914-020203-resnet18-224/checkpoint/checkpoint-24.pth.tar', 64.49)

2025-09-14 03:05:32,515 -                train: [    INFO] - Train: 36 [   0/390 (  0%)]  Loss: 3.508 (3.51)  Loss_gt: 2.227 (2.23)  Loss_kd: 1.280 (1.28) LR: 5.000e-02
2025-09-14 03:06:24,655 -                train: [    INFO] - Train: 36 [ 200/390 ( 51%)]  Loss: 3.370 (3.39)  Loss_gt: 2.144 (2.13)  Loss_kd: 1.226 (1.26) LR: 5.000e-02
2025-09-14 03:07:13,594 -                train: [    INFO] - Train: 36 [ 389/390 (100%)]  Loss: 3.580 (3.42)  Loss_gt: 2.235 (2.15)  Loss_kd: 1.344 (1.27) LR: 5.000e-02
2025-09-14 03:07:13,789 -                train: [    INFO] - Test: [   0/78]  Time: 0.186 (0.186)  Loss:  1.0008 (1.0008)  Acc@1: 72.6562 (72.6562)  Acc@5: 94.5312 (94.5312)
2025-09-14 03:07:17,394 -                train: [    INFO] - Test: [  78/78]  Time: 0.016 (0.048)  Loss:  1.1419 (1.2090)  Acc@1: 75.0000 (67.0000)  Acc@5: 87.5000 (90.2700)
2025-09-14 03:07:17,665 - timm.utils.checkpoint_saver: [    INFO] - Current checkpoints:
 ('./output/train/20250914-020203-resnet18-224/checkpoint/checkpoint-34.pth.tar', 67.03)
 ('./output/train/20250914-020203-resnet18-224/checkpoint/checkpoint-36.pth.tar', 67.0)
 ('./output/train/20250914-020203-resnet18-224/checkpoint/checkpoint-31.pth.tar', 66.55)
 ('./output/train/20250914-020203-resnet18-224/checkpoint/checkpoint-35.pth.tar', 66.1)
 ('./output/train/20250914-020203-resnet18-224/checkpoint/checkpoint-27.pth.tar', 65.77)
 ('./output/train/20250914-020203-resnet18-224/checkpoint/checkpoint-32.pth.tar', 65.14)
 ('./output/train/20250914-020203-resnet18-224/checkpoint/checkpoint-28.pth.tar', 64.98)
 ('./output/train/20250914-020203-resnet18-224/checkpoint/checkpoint-26.pth.tar', 64.94)
 ('./output/train/20250914-020203-resnet18-224/checkpoint/checkpoint-30.pth.tar', 64.9)
 ('./output/train/20250914-020203-resnet18-224/checkpoint/checkpoint-25.pth.tar', 64.83)

2025-09-14 03:07:18,226 -                train: [    INFO] - Train: 37 [   0/390 (  0%)]  Loss: 3.298 (3.30)  Loss_gt: 2.062 (2.06)  Loss_kd: 1.236 (1.24) LR: 5.000e-02
2025-09-14 03:08:10,692 -                train: [    INFO] - Train: 37 [ 200/390 ( 51%)]  Loss: 3.206 (3.36)  Loss_gt: 2.049 (2.12)  Loss_kd: 1.157 (1.24) LR: 5.000e-02
2025-09-14 03:08:59,898 -                train: [    INFO] - Train: 37 [ 389/390 (100%)]  Loss: 3.409 (3.39)  Loss_gt: 2.119 (2.13)  Loss_kd: 1.290 (1.26) LR: 5.000e-02
2025-09-14 03:09:00,095 -                train: [    INFO] - Test: [   0/78]  Time: 0.189 (0.189)  Loss:  1.1215 (1.1215)  Acc@1: 67.1875 (67.1875)  Acc@5: 92.1875 (92.1875)
2025-09-14 03:09:03,594 -                train: [    INFO] - Test: [  78/78]  Time: 0.015 (0.047)  Loss:  1.1984 (1.1826)  Acc@1: 68.7500 (67.7000)  Acc@5: 93.7500 (90.8800)
2025-09-14 03:09:03,850 - timm.utils.checkpoint_saver: [    INFO] - Current checkpoints:
 ('./output/train/20250914-020203-resnet18-224/checkpoint/checkpoint-37.pth.tar', 67.7)
 ('./output/train/20250914-020203-resnet18-224/checkpoint/checkpoint-34.pth.tar', 67.03)
 ('./output/train/20250914-020203-resnet18-224/checkpoint/checkpoint-36.pth.tar', 67.0)
 ('./output/train/20250914-020203-resnet18-224/checkpoint/checkpoint-31.pth.tar', 66.55)
 ('./output/train/20250914-020203-resnet18-224/checkpoint/checkpoint-35.pth.tar', 66.1)
 ('./output/train/20250914-020203-resnet18-224/checkpoint/checkpoint-27.pth.tar', 65.77)
 ('./output/train/20250914-020203-resnet18-224/checkpoint/checkpoint-32.pth.tar', 65.14)
 ('./output/train/20250914-020203-resnet18-224/checkpoint/checkpoint-28.pth.tar', 64.98)
 ('./output/train/20250914-020203-resnet18-224/checkpoint/checkpoint-26.pth.tar', 64.94)
 ('./output/train/20250914-020203-resnet18-224/checkpoint/checkpoint-30.pth.tar', 64.9)

2025-09-14 03:09:04,469 -                train: [    INFO] - Train: 38 [   0/390 (  0%)]  Loss: 3.394 (3.39)  Loss_gt: 2.248 (2.25)  Loss_kd: 1.146 (1.15) LR: 5.000e-02
2025-09-14 03:09:56,647 -                train: [    INFO] - Train: 38 [ 200/390 ( 51%)]  Loss: 3.110 (3.34)  Loss_gt: 1.936 (2.11)  Loss_kd: 1.174 (1.23) LR: 5.000e-02
2025-09-14 03:10:46,041 -                train: [    INFO] - Train: 38 [ 389/390 (100%)]  Loss: 3.560 (3.38)  Loss_gt: 2.129 (2.13)  Loss_kd: 1.431 (1.25) LR: 5.000e-02
2025-09-14 03:10:46,239 -                train: [    INFO] - Test: [   0/78]  Time: 0.188 (0.188)  Loss:  1.0318 (1.0318)  Acc@1: 71.0938 (71.0938)  Acc@5: 92.1875 (92.1875)
2025-09-14 03:10:49,630 -                train: [    INFO] - Test: [  78/78]  Time: 0.014 (0.045)  Loss:  1.0222 (1.1797)  Acc@1: 68.7500 (67.3600)  Acc@5: 87.5000 (90.6800)
2025-09-14 03:10:49,853 - timm.utils.checkpoint_saver: [    INFO] - Current checkpoints:
 ('./output/train/20250914-020203-resnet18-224/checkpoint/checkpoint-37.pth.tar', 67.7)
 ('./output/train/20250914-020203-resnet18-224/checkpoint/checkpoint-38.pth.tar', 67.36)
 ('./output/train/20250914-020203-resnet18-224/checkpoint/checkpoint-34.pth.tar', 67.03)
 ('./output/train/20250914-020203-resnet18-224/checkpoint/checkpoint-36.pth.tar', 67.0)
 ('./output/train/20250914-020203-resnet18-224/checkpoint/checkpoint-31.pth.tar', 66.55)
 ('./output/train/20250914-020203-resnet18-224/checkpoint/checkpoint-35.pth.tar', 66.1)
 ('./output/train/20250914-020203-resnet18-224/checkpoint/checkpoint-27.pth.tar', 65.77)
 ('./output/train/20250914-020203-resnet18-224/checkpoint/checkpoint-32.pth.tar', 65.14)
 ('./output/train/20250914-020203-resnet18-224/checkpoint/checkpoint-28.pth.tar', 64.98)
 ('./output/train/20250914-020203-resnet18-224/checkpoint/checkpoint-26.pth.tar', 64.94)

2025-09-14 03:10:50,502 -                train: [    INFO] - Train: 39 [   0/390 (  0%)]  Loss: 3.126 (3.13)  Loss_gt: 2.003 (2.00)  Loss_kd: 1.122 (1.12) LR: 5.000e-02
2025-09-14 03:11:42,249 -                train: [    INFO] - Train: 39 [ 200/390 ( 51%)]  Loss: 3.435 (3.32)  Loss_gt: 2.216 (2.10)  Loss_kd: 1.218 (1.22) LR: 5.000e-02
2025-09-14 03:12:31,753 -                train: [    INFO] - Train: 39 [ 389/390 (100%)]  Loss: 3.331 (3.37)  Loss_gt: 2.089 (2.13)  Loss_kd: 1.242 (1.24) LR: 5.000e-02
2025-09-14 03:12:31,954 -                train: [    INFO] - Test: [   0/78]  Time: 0.191 (0.191)  Loss:  0.8877 (0.8877)  Acc@1: 77.3438 (77.3438)  Acc@5: 95.3125 (95.3125)
2025-09-14 03:12:35,584 -                train: [    INFO] - Test: [  78/78]  Time: 0.017 (0.048)  Loss:  1.0691 (1.1818)  Acc@1: 75.0000 (67.9800)  Acc@5: 87.5000 (91.1200)
2025-09-14 03:12:36,029 - timm.utils.checkpoint_saver: [    INFO] - Current checkpoints:
 ('./output/train/20250914-020203-resnet18-224/checkpoint/checkpoint-39.pth.tar', 67.98)
 ('./output/train/20250914-020203-resnet18-224/checkpoint/checkpoint-37.pth.tar', 67.7)
 ('./output/train/20250914-020203-resnet18-224/checkpoint/checkpoint-38.pth.tar', 67.36)
 ('./output/train/20250914-020203-resnet18-224/checkpoint/checkpoint-34.pth.tar', 67.03)
 ('./output/train/20250914-020203-resnet18-224/checkpoint/checkpoint-36.pth.tar', 67.0)
 ('./output/train/20250914-020203-resnet18-224/checkpoint/checkpoint-31.pth.tar', 66.55)
 ('./output/train/20250914-020203-resnet18-224/checkpoint/checkpoint-35.pth.tar', 66.1)
 ('./output/train/20250914-020203-resnet18-224/checkpoint/checkpoint-27.pth.tar', 65.77)
 ('./output/train/20250914-020203-resnet18-224/checkpoint/checkpoint-32.pth.tar', 65.14)
 ('./output/train/20250914-020203-resnet18-224/checkpoint/checkpoint-28.pth.tar', 64.98)

2025-09-14 03:12:36,555 -                train: [    INFO] - Train: 40 [   0/390 (  0%)]  Loss: 3.057 (3.06)  Loss_gt: 1.985 (1.99)  Loss_kd: 1.072 (1.07) LR: 5.000e-02
2025-09-14 03:13:28,863 -                train: [    INFO] - Train: 40 [ 200/390 ( 51%)]  Loss: 3.392 (3.34)  Loss_gt: 2.179 (2.10)  Loss_kd: 1.213 (1.24) LR: 5.000e-02
2025-09-14 03:14:18,366 -                train: [    INFO] - Train: 40 [ 389/390 (100%)]  Loss: 3.318 (3.37)  Loss_gt: 2.115 (2.12)  Loss_kd: 1.203 (1.25) LR: 5.000e-02
2025-09-14 03:14:18,587 -                train: [    INFO] - Test: [   0/78]  Time: 0.211 (0.211)  Loss:  1.0970 (1.0970)  Acc@1: 64.8438 (64.8438)  Acc@5: 92.1875 (92.1875)
2025-09-14 03:14:22,070 -                train: [    INFO] - Test: [  78/78]  Time: 0.015 (0.047)  Loss:  0.8500 (1.1906)  Acc@1: 81.2500 (67.8900)  Acc@5: 93.7500 (91.0300)
2025-09-14 03:14:22,328 - timm.utils.checkpoint_saver: [    INFO] - Current checkpoints:
 ('./output/train/20250914-020203-resnet18-224/checkpoint/checkpoint-39.pth.tar', 67.98)
 ('./output/train/20250914-020203-resnet18-224/checkpoint/checkpoint-40.pth.tar', 67.89)
 ('./output/train/20250914-020203-resnet18-224/checkpoint/checkpoint-37.pth.tar', 67.7)
 ('./output/train/20250914-020203-resnet18-224/checkpoint/checkpoint-38.pth.tar', 67.36)
 ('./output/train/20250914-020203-resnet18-224/checkpoint/checkpoint-34.pth.tar', 67.03)
 ('./output/train/20250914-020203-resnet18-224/checkpoint/checkpoint-36.pth.tar', 67.0)
 ('./output/train/20250914-020203-resnet18-224/checkpoint/checkpoint-31.pth.tar', 66.55)
 ('./output/train/20250914-020203-resnet18-224/checkpoint/checkpoint-35.pth.tar', 66.1)
 ('./output/train/20250914-020203-resnet18-224/checkpoint/checkpoint-27.pth.tar', 65.77)
 ('./output/train/20250914-020203-resnet18-224/checkpoint/checkpoint-32.pth.tar', 65.14)

2025-09-14 03:14:22,815 -                train: [    INFO] - Train: 41 [   0/390 (  0%)]  Loss: 3.002 (3.00)  Loss_gt: 1.919 (1.92)  Loss_kd: 1.083 (1.08) LR: 5.000e-02
2025-09-14 03:15:14,906 -                train: [    INFO] - Train: 41 [ 200/390 ( 51%)]  Loss: 3.455 (3.35)  Loss_gt: 2.204 (2.11)  Loss_kd: 1.251 (1.24) LR: 5.000e-02
2025-09-14 03:16:00,565 -                train: [    INFO] - Train: 41 [ 389/390 (100%)]  Loss: 3.456 (3.36)  Loss_gt: 2.130 (2.12)  Loss_kd: 1.326 (1.24) LR: 5.000e-02
2025-09-14 03:16:00,771 -                train: [    INFO] - Test: [   0/78]  Time: 0.197 (0.197)  Loss:  0.9278 (0.9278)  Acc@1: 73.4375 (73.4375)  Acc@5: 95.3125 (95.3125)
2025-09-14 03:16:03,998 -                train: [    INFO] - Test: [  78/78]  Time: 0.013 (0.043)  Loss:  0.9619 (1.1531)  Acc@1: 75.0000 (68.5500)  Acc@5: 93.7500 (91.3300)
2025-09-14 03:16:04,242 - timm.utils.checkpoint_saver: [    INFO] - Current checkpoints:
 ('./output/train/20250914-020203-resnet18-224/checkpoint/checkpoint-41.pth.tar', 68.55)
 ('./output/train/20250914-020203-resnet18-224/checkpoint/checkpoint-39.pth.tar', 67.98)
 ('./output/train/20250914-020203-resnet18-224/checkpoint/checkpoint-40.pth.tar', 67.89)
 ('./output/train/20250914-020203-resnet18-224/checkpoint/checkpoint-37.pth.tar', 67.7)
 ('./output/train/20250914-020203-resnet18-224/checkpoint/checkpoint-38.pth.tar', 67.36)
 ('./output/train/20250914-020203-resnet18-224/checkpoint/checkpoint-34.pth.tar', 67.03)
 ('./output/train/20250914-020203-resnet18-224/checkpoint/checkpoint-36.pth.tar', 67.0)
 ('./output/train/20250914-020203-resnet18-224/checkpoint/checkpoint-31.pth.tar', 66.55)
 ('./output/train/20250914-020203-resnet18-224/checkpoint/checkpoint-35.pth.tar', 66.1)
 ('./output/train/20250914-020203-resnet18-224/checkpoint/checkpoint-27.pth.tar', 65.77)

2025-09-14 03:16:04,771 -                train: [    INFO] - Train: 42 [   0/390 (  0%)]  Loss: 3.049 (3.05)  Loss_gt: 1.945 (1.95)  Loss_kd: 1.103 (1.10) LR: 5.000e-02
2025-09-14 03:16:52,601 -                train: [    INFO] - Train: 42 [ 200/390 ( 51%)]  Loss: 3.314 (3.30)  Loss_gt: 2.101 (2.09)  Loss_kd: 1.213 (1.21) LR: 5.000e-02
2025-09-14 03:17:37,996 -                train: [    INFO] - Train: 42 [ 389/390 (100%)]  Loss: 3.498 (3.33)  Loss_gt: 2.172 (2.10)  Loss_kd: 1.326 (1.23) LR: 5.000e-02
2025-09-14 03:17:38,191 -                train: [    INFO] - Test: [   0/78]  Time: 0.185 (0.185)  Loss:  0.9304 (0.9304)  Acc@1: 74.2188 (74.2188)  Acc@5: 92.9688 (92.9688)
2025-09-14 03:17:41,688 -                train: [    INFO] - Test: [  78/78]  Time: 0.016 (0.047)  Loss:  1.1183 (1.2278)  Acc@1: 75.0000 (66.7500)  Acc@5: 87.5000 (90.1900)
2025-09-14 03:17:41,935 - timm.utils.checkpoint_saver: [    INFO] - Current checkpoints:
 ('./output/train/20250914-020203-resnet18-224/checkpoint/checkpoint-41.pth.tar', 68.55)
 ('./output/train/20250914-020203-resnet18-224/checkpoint/checkpoint-39.pth.tar', 67.98)
 ('./output/train/20250914-020203-resnet18-224/checkpoint/checkpoint-40.pth.tar', 67.89)
 ('./output/train/20250914-020203-resnet18-224/checkpoint/checkpoint-37.pth.tar', 67.7)
 ('./output/train/20250914-020203-resnet18-224/checkpoint/checkpoint-38.pth.tar', 67.36)
 ('./output/train/20250914-020203-resnet18-224/checkpoint/checkpoint-34.pth.tar', 67.03)
 ('./output/train/20250914-020203-resnet18-224/checkpoint/checkpoint-36.pth.tar', 67.0)
 ('./output/train/20250914-020203-resnet18-224/checkpoint/checkpoint-42.pth.tar', 66.75)
 ('./output/train/20250914-020203-resnet18-224/checkpoint/checkpoint-31.pth.tar', 66.55)
 ('./output/train/20250914-020203-resnet18-224/checkpoint/checkpoint-35.pth.tar', 66.1)

2025-09-14 03:17:42,448 -                train: [    INFO] - Train: 43 [   0/390 (  0%)]  Loss: 3.200 (3.20)  Loss_gt: 2.024 (2.02)  Loss_kd: 1.176 (1.18) LR: 5.000e-02
2025-09-14 03:18:30,197 -                train: [    INFO] - Train: 43 [ 200/390 ( 51%)]  Loss: 3.912 (3.30)  Loss_gt: 2.350 (2.08)  Loss_kd: 1.563 (1.22) LR: 5.000e-02
2025-09-14 03:19:15,922 -                train: [    INFO] - Train: 43 [ 389/390 (100%)]  Loss: 2.951 (3.33)  Loss_gt: 1.926 (2.10)  Loss_kd: 1.025 (1.23) LR: 5.000e-02
2025-09-14 03:19:16,131 -                train: [    INFO] - Test: [   0/78]  Time: 0.199 (0.199)  Loss:  1.0589 (1.0589)  Acc@1: 70.3125 (70.3125)  Acc@5: 94.5312 (94.5312)
2025-09-14 03:19:19,544 -                train: [    INFO] - Test: [  78/78]  Time: 0.014 (0.046)  Loss:  1.1752 (1.2526)  Acc@1: 75.0000 (65.6300)  Acc@5: 81.2500 (89.9300)
2025-09-14 03:19:20,345 -                train: [    INFO] - Train: 44 [   0/390 (  0%)]  Loss: 3.546 (3.55)  Loss_gt: 2.224 (2.22)  Loss_kd: 1.322 (1.32) LR: 5.000e-02
2025-09-14 03:20:08,190 -                train: [    INFO] - Train: 44 [ 200/390 ( 51%)]  Loss: 3.169 (3.31)  Loss_gt: 2.121 (2.09)  Loss_kd: 1.048 (1.23) LR: 5.000e-02
2025-09-14 03:21:01,163 -                train: [    INFO] - Train: 44 [ 389/390 (100%)]  Loss: 3.191 (3.33)  Loss_gt: 1.995 (2.10)  Loss_kd: 1.197 (1.23) LR: 5.000e-02
2025-09-14 03:21:01,389 -                train: [    INFO] - Test: [   0/78]  Time: 0.215 (0.215)  Loss:  1.0558 (1.0558)  Acc@1: 67.9688 (67.9688)  Acc@5: 92.9688 (92.9688)
2025-09-14 03:21:04,845 -                train: [    INFO] - Test: [  78/78]  Time: 0.016 (0.046)  Loss:  1.1021 (1.1835)  Acc@1: 81.2500 (67.0200)  Acc@5: 87.5000 (90.7600)
2025-09-14 03:21:05,119 - timm.utils.checkpoint_saver: [    INFO] - Current checkpoints:
 ('./output/train/20250914-020203-resnet18-224/checkpoint/checkpoint-41.pth.tar', 68.55)
 ('./output/train/20250914-020203-resnet18-224/checkpoint/checkpoint-39.pth.tar', 67.98)
 ('./output/train/20250914-020203-resnet18-224/checkpoint/checkpoint-40.pth.tar', 67.89)
 ('./output/train/20250914-020203-resnet18-224/checkpoint/checkpoint-37.pth.tar', 67.7)
 ('./output/train/20250914-020203-resnet18-224/checkpoint/checkpoint-38.pth.tar', 67.36)
 ('./output/train/20250914-020203-resnet18-224/checkpoint/checkpoint-34.pth.tar', 67.03)
 ('./output/train/20250914-020203-resnet18-224/checkpoint/checkpoint-44.pth.tar', 67.02)
 ('./output/train/20250914-020203-resnet18-224/checkpoint/checkpoint-36.pth.tar', 67.0)
 ('./output/train/20250914-020203-resnet18-224/checkpoint/checkpoint-42.pth.tar', 66.75)
 ('./output/train/20250914-020203-resnet18-224/checkpoint/checkpoint-31.pth.tar', 66.55)

2025-09-14 03:21:05,797 -                train: [    INFO] - Train: 45 [   0/390 (  0%)]  Loss: 3.286 (3.29)  Loss_gt: 2.088 (2.09)  Loss_kd: 1.198 (1.20) LR: 5.000e-02
2025-09-14 03:21:58,420 -                train: [    INFO] - Train: 45 [ 200/390 ( 51%)]  Loss: 3.416 (3.28)  Loss_gt: 2.135 (2.07)  Loss_kd: 1.281 (1.21) LR: 5.000e-02
2025-09-14 03:22:47,776 -                train: [    INFO] - Train: 45 [ 389/390 (100%)]  Loss: 3.186 (3.31)  Loss_gt: 2.025 (2.09)  Loss_kd: 1.161 (1.22) LR: 5.000e-02
2025-09-14 03:22:47,985 -                train: [    INFO] - Test: [   0/78]  Time: 0.199 (0.199)  Loss:  1.0616 (1.0616)  Acc@1: 67.1875 (67.1875)  Acc@5: 92.1875 (92.1875)
2025-09-14 03:22:51,452 -                train: [    INFO] - Test: [  78/78]  Time: 0.017 (0.046)  Loss:  1.3550 (1.1607)  Acc@1: 68.7500 (68.0600)  Acc@5: 87.5000 (90.8100)
2025-09-14 03:22:51,753 - timm.utils.checkpoint_saver: [    INFO] - Current checkpoints:
 ('./output/train/20250914-020203-resnet18-224/checkpoint/checkpoint-41.pth.tar', 68.55)
 ('./output/train/20250914-020203-resnet18-224/checkpoint/checkpoint-45.pth.tar', 68.06)
 ('./output/train/20250914-020203-resnet18-224/checkpoint/checkpoint-39.pth.tar', 67.98)
 ('./output/train/20250914-020203-resnet18-224/checkpoint/checkpoint-40.pth.tar', 67.89)
 ('./output/train/20250914-020203-resnet18-224/checkpoint/checkpoint-37.pth.tar', 67.7)
 ('./output/train/20250914-020203-resnet18-224/checkpoint/checkpoint-38.pth.tar', 67.36)
 ('./output/train/20250914-020203-resnet18-224/checkpoint/checkpoint-34.pth.tar', 67.03)
 ('./output/train/20250914-020203-resnet18-224/checkpoint/checkpoint-44.pth.tar', 67.02)
 ('./output/train/20250914-020203-resnet18-224/checkpoint/checkpoint-36.pth.tar', 67.0)
 ('./output/train/20250914-020203-resnet18-224/checkpoint/checkpoint-42.pth.tar', 66.75)

2025-09-14 03:22:52,281 -                train: [    INFO] - Train: 46 [   0/390 (  0%)]  Loss: 3.479 (3.48)  Loss_gt: 2.115 (2.12)  Loss_kd: 1.364 (1.36) LR: 5.000e-02
2025-09-14 03:23:44,536 -                train: [    INFO] - Train: 46 [ 200/390 ( 51%)]  Loss: 3.115 (3.31)  Loss_gt: 1.984 (2.09)  Loss_kd: 1.131 (1.22) LR: 5.000e-02
2025-09-14 03:24:34,355 -                train: [    INFO] - Train: 46 [ 389/390 (100%)]  Loss: 3.008 (3.31)  Loss_gt: 1.914 (2.09)  Loss_kd: 1.095 (1.23) LR: 5.000e-02
2025-09-14 03:24:34,561 -                train: [    INFO] - Test: [   0/78]  Time: 0.196 (0.196)  Loss:  0.9723 (0.9723)  Acc@1: 70.3125 (70.3125)  Acc@5: 92.9688 (92.9688)
2025-09-14 03:24:38,193 -                train: [    INFO] - Test: [  78/78]  Time: 0.018 (0.048)  Loss:  1.1050 (1.1537)  Acc@1: 75.0000 (67.8200)  Acc@5: 81.2500 (91.1300)
2025-09-14 03:24:38,507 - timm.utils.checkpoint_saver: [    INFO] - Current checkpoints:
 ('./output/train/20250914-020203-resnet18-224/checkpoint/checkpoint-41.pth.tar', 68.55)
 ('./output/train/20250914-020203-resnet18-224/checkpoint/checkpoint-45.pth.tar', 68.06)
 ('./output/train/20250914-020203-resnet18-224/checkpoint/checkpoint-39.pth.tar', 67.98)
 ('./output/train/20250914-020203-resnet18-224/checkpoint/checkpoint-40.pth.tar', 67.89)
 ('./output/train/20250914-020203-resnet18-224/checkpoint/checkpoint-46.pth.tar', 67.82)
 ('./output/train/20250914-020203-resnet18-224/checkpoint/checkpoint-37.pth.tar', 67.7)
 ('./output/train/20250914-020203-resnet18-224/checkpoint/checkpoint-38.pth.tar', 67.36)
 ('./output/train/20250914-020203-resnet18-224/checkpoint/checkpoint-34.pth.tar', 67.03)
 ('./output/train/20250914-020203-resnet18-224/checkpoint/checkpoint-44.pth.tar', 67.02)
 ('./output/train/20250914-020203-resnet18-224/checkpoint/checkpoint-36.pth.tar', 67.0)

2025-09-14 03:24:39,118 -                train: [    INFO] - Train: 47 [   0/390 (  0%)]  Loss: 3.628 (3.63)  Loss_gt: 2.192 (2.19)  Loss_kd: 1.435 (1.44) LR: 5.000e-02
2025-09-14 03:25:31,716 -                train: [    INFO] - Train: 47 [ 200/390 ( 51%)]  Loss: 3.519 (3.29)  Loss_gt: 2.134 (2.07)  Loss_kd: 1.385 (1.22) LR: 5.000e-02
2025-09-14 03:26:21,411 -                train: [    INFO] - Train: 47 [ 389/390 (100%)]  Loss: 3.288 (3.30)  Loss_gt: 2.069 (2.08)  Loss_kd: 1.220 (1.22) LR: 5.000e-02
2025-09-14 03:26:21,629 -                train: [    INFO] - Test: [   0/78]  Time: 0.209 (0.209)  Loss:  0.9164 (0.9164)  Acc@1: 71.8750 (71.8750)  Acc@5: 94.5312 (94.5312)
2025-09-14 03:26:25,060 -                train: [    INFO] - Test: [  78/78]  Time: 0.013 (0.046)  Loss:  0.9917 (1.1140)  Acc@1: 68.7500 (68.7600)  Acc@5: 87.5000 (91.9100)
2025-09-14 03:26:25,341 - timm.utils.checkpoint_saver: [    INFO] - Current checkpoints:
 ('./output/train/20250914-020203-resnet18-224/checkpoint/checkpoint-47.pth.tar', 68.76)
 ('./output/train/20250914-020203-resnet18-224/checkpoint/checkpoint-41.pth.tar', 68.55)
 ('./output/train/20250914-020203-resnet18-224/checkpoint/checkpoint-45.pth.tar', 68.06)
 ('./output/train/20250914-020203-resnet18-224/checkpoint/checkpoint-39.pth.tar', 67.98)
 ('./output/train/20250914-020203-resnet18-224/checkpoint/checkpoint-40.pth.tar', 67.89)
 ('./output/train/20250914-020203-resnet18-224/checkpoint/checkpoint-46.pth.tar', 67.82)
 ('./output/train/20250914-020203-resnet18-224/checkpoint/checkpoint-37.pth.tar', 67.7)
 ('./output/train/20250914-020203-resnet18-224/checkpoint/checkpoint-38.pth.tar', 67.36)
 ('./output/train/20250914-020203-resnet18-224/checkpoint/checkpoint-34.pth.tar', 67.03)
 ('./output/train/20250914-020203-resnet18-224/checkpoint/checkpoint-44.pth.tar', 67.02)

2025-09-14 03:26:26,001 -                train: [    INFO] - Train: 48 [   0/390 (  0%)]  Loss: 2.931 (2.93)  Loss_gt: 1.878 (1.88)  Loss_kd: 1.053 (1.05) LR: 5.000e-02
2025-09-14 03:27:18,468 -                train: [    INFO] - Train: 48 [ 200/390 ( 51%)]  Loss: 2.917 (3.25)  Loss_gt: 1.955 (2.05)  Loss_kd: 0.9621 (1.19) LR: 5.000e-02
2025-09-14 03:28:08,059 -                train: [    INFO] - Train: 48 [ 389/390 (100%)]  Loss: 3.405 (3.28)  Loss_gt: 2.119 (2.07)  Loss_kd: 1.286 (1.21) LR: 5.000e-02
2025-09-14 03:28:08,271 -                train: [    INFO] - Test: [   0/78]  Time: 0.201 (0.201)  Loss:  0.8760 (0.8760)  Acc@1: 74.2188 (74.2188)  Acc@5: 94.5312 (94.5312)
2025-09-14 03:28:11,882 -                train: [    INFO] - Test: [  78/78]  Time: 0.015 (0.048)  Loss:  1.1688 (1.1185)  Acc@1: 75.0000 (69.4500)  Acc@5: 87.5000 (91.5600)
2025-09-14 03:28:12,274 - timm.utils.checkpoint_saver: [    INFO] - Current checkpoints:
 ('./output/train/20250914-020203-resnet18-224/checkpoint/checkpoint-48.pth.tar', 69.45)
 ('./output/train/20250914-020203-resnet18-224/checkpoint/checkpoint-47.pth.tar', 68.76)
 ('./output/train/20250914-020203-resnet18-224/checkpoint/checkpoint-41.pth.tar', 68.55)
 ('./output/train/20250914-020203-resnet18-224/checkpoint/checkpoint-45.pth.tar', 68.06)
 ('./output/train/20250914-020203-resnet18-224/checkpoint/checkpoint-39.pth.tar', 67.98)
 ('./output/train/20250914-020203-resnet18-224/checkpoint/checkpoint-40.pth.tar', 67.89)
 ('./output/train/20250914-020203-resnet18-224/checkpoint/checkpoint-46.pth.tar', 67.82)
 ('./output/train/20250914-020203-resnet18-224/checkpoint/checkpoint-37.pth.tar', 67.7)
 ('./output/train/20250914-020203-resnet18-224/checkpoint/checkpoint-38.pth.tar', 67.36)
 ('./output/train/20250914-020203-resnet18-224/checkpoint/checkpoint-34.pth.tar', 67.03)

2025-09-14 03:28:12,842 -                train: [    INFO] - Train: 49 [   0/390 (  0%)]  Loss: 3.184 (3.18)  Loss_gt: 1.960 (1.96)  Loss_kd: 1.225 (1.22) LR: 5.000e-02
2025-09-14 03:29:05,616 -                train: [    INFO] - Train: 49 [ 200/390 ( 51%)]  Loss: 3.267 (3.23)  Loss_gt: 2.021 (2.05)  Loss_kd: 1.246 (1.18) LR: 5.000e-02
2025-09-14 03:29:55,258 -                train: [    INFO] - Train: 49 [ 389/390 (100%)]  Loss: 3.560 (3.27)  Loss_gt: 2.236 (2.07)  Loss_kd: 1.324 (1.20) LR: 5.000e-02
2025-09-14 03:29:55,459 -                train: [    INFO] - Test: [   0/78]  Time: 0.191 (0.191)  Loss:  0.9053 (0.9053)  Acc@1: 72.6562 (72.6562)  Acc@5: 93.7500 (93.7500)
2025-09-14 03:29:58,884 -                train: [    INFO] - Test: [  78/78]  Time: 0.013 (0.046)  Loss:  1.3822 (1.1972)  Acc@1: 56.2500 (66.1500)  Acc@5: 93.7500 (90.7600)
2025-09-14 03:29:59,625 -                train: [    INFO] - Train: 50 [   0/390 (  0%)]  Loss: 3.154 (3.15)  Loss_gt: 2.035 (2.03)  Loss_kd: 1.119 (1.12) LR: 5.000e-02
2025-09-14 03:30:51,981 -                train: [    INFO] - Train: 50 [ 200/390 ( 51%)]  Loss: 3.200 (3.25)  Loss_gt: 2.098 (2.06)  Loss_kd: 1.101 (1.19) LR: 5.000e-02
2025-09-14 03:31:41,607 -                train: [    INFO] - Train: 50 [ 389/390 (100%)]  Loss: 3.072 (3.28)  Loss_gt: 1.952 (2.07)  Loss_kd: 1.121 (1.20) LR: 5.000e-02
2025-09-14 03:31:41,813 -                train: [    INFO] - Test: [   0/78]  Time: 0.195 (0.195)  Loss:  0.9388 (0.9388)  Acc@1: 71.0938 (71.0938)  Acc@5: 92.1875 (92.1875)
2025-09-14 03:31:45,147 -                train: [    INFO] - Test: [  78/78]  Time: 0.017 (0.045)  Loss:  1.3277 (1.1635)  Acc@1: 68.7500 (68.8500)  Acc@5: 93.7500 (91.1600)
2025-09-14 03:31:45,400 - timm.utils.checkpoint_saver: [    INFO] - Current checkpoints:
 ('./output/train/20250914-020203-resnet18-224/checkpoint/checkpoint-48.pth.tar', 69.45)
 ('./output/train/20250914-020203-resnet18-224/checkpoint/checkpoint-50.pth.tar', 68.85)
 ('./output/train/20250914-020203-resnet18-224/checkpoint/checkpoint-47.pth.tar', 68.76)
 ('./output/train/20250914-020203-resnet18-224/checkpoint/checkpoint-41.pth.tar', 68.55)
 ('./output/train/20250914-020203-resnet18-224/checkpoint/checkpoint-45.pth.tar', 68.06)
 ('./output/train/20250914-020203-resnet18-224/checkpoint/checkpoint-39.pth.tar', 67.98)
 ('./output/train/20250914-020203-resnet18-224/checkpoint/checkpoint-40.pth.tar', 67.89)
 ('./output/train/20250914-020203-resnet18-224/checkpoint/checkpoint-46.pth.tar', 67.82)
 ('./output/train/20250914-020203-resnet18-224/checkpoint/checkpoint-37.pth.tar', 67.7)
 ('./output/train/20250914-020203-resnet18-224/checkpoint/checkpoint-38.pth.tar', 67.36)

2025-09-14 03:31:45,906 -                train: [    INFO] - Train: 51 [   0/390 (  0%)]  Loss: 3.208 (3.21)  Loss_gt: 2.030 (2.03)  Loss_kd: 1.178 (1.18) LR: 5.000e-02
2025-09-14 03:32:38,724 -                train: [    INFO] - Train: 51 [ 200/390 ( 51%)]  Loss: 3.622 (3.24)  Loss_gt: 2.346 (2.05)  Loss_kd: 1.277 (1.19) LR: 5.000e-02
2025-09-14 03:33:27,948 -                train: [    INFO] - Train: 51 [ 389/390 (100%)]  Loss: 3.218 (3.25)  Loss_gt: 2.114 (2.06)  Loss_kd: 1.104 (1.19) LR: 5.000e-02
2025-09-14 03:33:28,168 -                train: [    INFO] - Test: [   0/78]  Time: 0.210 (0.210)  Loss:  0.8799 (0.8799)  Acc@1: 73.4375 (73.4375)  Acc@5: 95.3125 (95.3125)
2025-09-14 03:33:31,834 -                train: [    INFO] - Test: [  78/78]  Time: 0.017 (0.049)  Loss:  1.0764 (1.1244)  Acc@1: 75.0000 (69.0300)  Acc@5: 87.5000 (91.2900)
2025-09-14 03:33:32,185 - timm.utils.checkpoint_saver: [    INFO] - Current checkpoints:
 ('./output/train/20250914-020203-resnet18-224/checkpoint/checkpoint-48.pth.tar', 69.45)
 ('./output/train/20250914-020203-resnet18-224/checkpoint/checkpoint-51.pth.tar', 69.03)
 ('./output/train/20250914-020203-resnet18-224/checkpoint/checkpoint-50.pth.tar', 68.85)
 ('./output/train/20250914-020203-resnet18-224/checkpoint/checkpoint-47.pth.tar', 68.76)
 ('./output/train/20250914-020203-resnet18-224/checkpoint/checkpoint-41.pth.tar', 68.55)
 ('./output/train/20250914-020203-resnet18-224/checkpoint/checkpoint-45.pth.tar', 68.06)
 ('./output/train/20250914-020203-resnet18-224/checkpoint/checkpoint-39.pth.tar', 67.98)
 ('./output/train/20250914-020203-resnet18-224/checkpoint/checkpoint-40.pth.tar', 67.89)
 ('./output/train/20250914-020203-resnet18-224/checkpoint/checkpoint-46.pth.tar', 67.82)
 ('./output/train/20250914-020203-resnet18-224/checkpoint/checkpoint-37.pth.tar', 67.7)

2025-09-14 03:33:32,681 -                train: [    INFO] - Train: 52 [   0/390 (  0%)]  Loss: 3.451 (3.45)  Loss_gt: 2.043 (2.04)  Loss_kd: 1.408 (1.41) LR: 5.000e-02
2025-09-14 03:34:25,589 -                train: [    INFO] - Train: 52 [ 200/390 ( 51%)]  Loss: 3.366 (3.24)  Loss_gt: 2.187 (2.04)  Loss_kd: 1.179 (1.19) LR: 5.000e-02
2025-09-14 03:35:15,247 -                train: [    INFO] - Train: 52 [ 389/390 (100%)]  Loss: 3.443 (3.26)  Loss_gt: 2.176 (2.06)  Loss_kd: 1.267 (1.20) LR: 5.000e-02
2025-09-14 03:35:15,464 -                train: [    INFO] - Test: [   0/78]  Time: 0.208 (0.208)  Loss:  0.8948 (0.8948)  Acc@1: 75.7812 (75.7812)  Acc@5: 94.5312 (94.5312)
2025-09-14 03:35:19,199 -                train: [    INFO] - Test: [  78/78]  Time: 0.017 (0.050)  Loss:  1.2859 (1.1293)  Acc@1: 68.7500 (68.9500)  Acc@5: 87.5000 (91.5800)
2025-09-14 03:35:19,462 - timm.utils.checkpoint_saver: [    INFO] - Current checkpoints:
 ('./output/train/20250914-020203-resnet18-224/checkpoint/checkpoint-48.pth.tar', 69.45)
 ('./output/train/20250914-020203-resnet18-224/checkpoint/checkpoint-51.pth.tar', 69.03)
 ('./output/train/20250914-020203-resnet18-224/checkpoint/checkpoint-52.pth.tar', 68.95)
 ('./output/train/20250914-020203-resnet18-224/checkpoint/checkpoint-50.pth.tar', 68.85)
 ('./output/train/20250914-020203-resnet18-224/checkpoint/checkpoint-47.pth.tar', 68.76)
 ('./output/train/20250914-020203-resnet18-224/checkpoint/checkpoint-41.pth.tar', 68.55)
 ('./output/train/20250914-020203-resnet18-224/checkpoint/checkpoint-45.pth.tar', 68.06)
 ('./output/train/20250914-020203-resnet18-224/checkpoint/checkpoint-39.pth.tar', 67.98)
 ('./output/train/20250914-020203-resnet18-224/checkpoint/checkpoint-40.pth.tar', 67.89)
 ('./output/train/20250914-020203-resnet18-224/checkpoint/checkpoint-46.pth.tar', 67.82)

2025-09-14 03:35:20,016 -                train: [    INFO] - Train: 53 [   0/390 (  0%)]  Loss: 3.107 (3.11)  Loss_gt: 2.064 (2.06)  Loss_kd: 1.043 (1.04) LR: 5.000e-02
2025-09-14 03:36:12,766 -                train: [    INFO] - Train: 53 [ 200/390 ( 51%)]  Loss: 3.288 (3.22)  Loss_gt: 1.972 (2.04)  Loss_kd: 1.316 (1.18) LR: 5.000e-02
2025-09-14 03:37:02,553 -                train: [    INFO] - Train: 53 [ 389/390 (100%)]  Loss: 3.156 (3.26)  Loss_gt: 1.984 (2.06)  Loss_kd: 1.172 (1.20) LR: 5.000e-02
2025-09-14 03:37:02,768 -                train: [    INFO] - Test: [   0/78]  Time: 0.205 (0.205)  Loss:  0.8237 (0.8237)  Acc@1: 82.0312 (82.0312)  Acc@5: 95.3125 (95.3125)
2025-09-14 03:37:06,445 -                train: [    INFO] - Test: [  78/78]  Time: 0.015 (0.049)  Loss:  1.0546 (1.1970)  Acc@1: 75.0000 (67.5900)  Acc@5: 87.5000 (90.4000)
2025-09-14 03:37:07,130 -                train: [    INFO] - Train: 54 [   0/390 (  0%)]  Loss: 2.969 (2.97)  Loss_gt: 1.905 (1.90)  Loss_kd: 1.065 (1.06) LR: 5.000e-02
2025-09-14 03:37:59,830 -                train: [    INFO] - Train: 54 [ 200/390 ( 51%)]  Loss: 3.013 (3.22)  Loss_gt: 1.880 (2.04)  Loss_kd: 1.133 (1.18) LR: 5.000e-02
2025-09-14 03:38:49,277 -                train: [    INFO] - Train: 54 [ 389/390 (100%)]  Loss: 3.471 (3.25)  Loss_gt: 2.159 (2.06)  Loss_kd: 1.312 (1.19) LR: 5.000e-02
2025-09-14 03:38:49,467 -                train: [    INFO] - Test: [   0/78]  Time: 0.181 (0.181)  Loss:  0.9317 (0.9317)  Acc@1: 70.3125 (70.3125)  Acc@5: 92.9688 (92.9688)
2025-09-14 03:38:53,001 -                train: [    INFO] - Test: [  78/78]  Time: 0.012 (0.047)  Loss:  1.0048 (1.1273)  Acc@1: 75.0000 (68.5100)  Acc@5: 87.5000 (91.5000)
2025-09-14 03:38:53,240 - timm.utils.checkpoint_saver: [    INFO] - Current checkpoints:
 ('./output/train/20250914-020203-resnet18-224/checkpoint/checkpoint-48.pth.tar', 69.45)
 ('./output/train/20250914-020203-resnet18-224/checkpoint/checkpoint-51.pth.tar', 69.03)
 ('./output/train/20250914-020203-resnet18-224/checkpoint/checkpoint-52.pth.tar', 68.95)
 ('./output/train/20250914-020203-resnet18-224/checkpoint/checkpoint-50.pth.tar', 68.85)
 ('./output/train/20250914-020203-resnet18-224/checkpoint/checkpoint-47.pth.tar', 68.76)
 ('./output/train/20250914-020203-resnet18-224/checkpoint/checkpoint-41.pth.tar', 68.55)
 ('./output/train/20250914-020203-resnet18-224/checkpoint/checkpoint-54.pth.tar', 68.51)
 ('./output/train/20250914-020203-resnet18-224/checkpoint/checkpoint-45.pth.tar', 68.06)
 ('./output/train/20250914-020203-resnet18-224/checkpoint/checkpoint-39.pth.tar', 67.98)
 ('./output/train/20250914-020203-resnet18-224/checkpoint/checkpoint-40.pth.tar', 67.89)

2025-09-14 03:38:53,904 -                train: [    INFO] - Train: 55 [   0/390 (  0%)]  Loss: 3.486 (3.49)  Loss_gt: 2.189 (2.19)  Loss_kd: 1.296 (1.30) LR: 5.000e-02
2025-09-14 03:39:46,983 -                train: [    INFO] - Train: 55 [ 200/390 ( 51%)]  Loss: 3.305 (3.22)  Loss_gt: 2.088 (2.03)  Loss_kd: 1.218 (1.18) LR: 5.000e-02
2025-09-14 03:40:36,939 -                train: [    INFO] - Train: 55 [ 389/390 (100%)]  Loss: 3.117 (3.26)  Loss_gt: 1.967 (2.06)  Loss_kd: 1.150 (1.20) LR: 5.000e-02
2025-09-14 03:40:37,152 -                train: [    INFO] - Test: [   0/78]  Time: 0.201 (0.201)  Loss:  0.8671 (0.8671)  Acc@1: 75.0000 (75.0000)  Acc@5: 95.3125 (95.3125)
2025-09-14 03:40:40,562 -                train: [    INFO] - Test: [  78/78]  Time: 0.015 (0.046)  Loss:  1.2431 (1.1523)  Acc@1: 62.5000 (68.2200)  Acc@5: 87.5000 (91.2900)
2025-09-14 03:40:40,862 - timm.utils.checkpoint_saver: [    INFO] - Current checkpoints:
 ('./output/train/20250914-020203-resnet18-224/checkpoint/checkpoint-48.pth.tar', 69.45)
 ('./output/train/20250914-020203-resnet18-224/checkpoint/checkpoint-51.pth.tar', 69.03)
 ('./output/train/20250914-020203-resnet18-224/checkpoint/checkpoint-52.pth.tar', 68.95)
 ('./output/train/20250914-020203-resnet18-224/checkpoint/checkpoint-50.pth.tar', 68.85)
 ('./output/train/20250914-020203-resnet18-224/checkpoint/checkpoint-47.pth.tar', 68.76)
 ('./output/train/20250914-020203-resnet18-224/checkpoint/checkpoint-41.pth.tar', 68.55)
 ('./output/train/20250914-020203-resnet18-224/checkpoint/checkpoint-54.pth.tar', 68.51)
 ('./output/train/20250914-020203-resnet18-224/checkpoint/checkpoint-55.pth.tar', 68.22)
 ('./output/train/20250914-020203-resnet18-224/checkpoint/checkpoint-45.pth.tar', 68.06)
 ('./output/train/20250914-020203-resnet18-224/checkpoint/checkpoint-39.pth.tar', 67.98)

2025-09-14 03:40:41,495 -                train: [    INFO] - Train: 56 [   0/390 (  0%)]  Loss: 2.948 (2.95)  Loss_gt: 1.876 (1.88)  Loss_kd: 1.072 (1.07) LR: 5.000e-02
2025-09-14 03:41:34,135 -                train: [    INFO] - Train: 56 [ 200/390 ( 51%)]  Loss: 3.091 (3.22)  Loss_gt: 1.995 (2.04)  Loss_kd: 1.095 (1.18) LR: 5.000e-02
2025-09-14 03:42:23,901 -                train: [    INFO] - Train: 56 [ 389/390 (100%)]  Loss: 3.469 (3.24)  Loss_gt: 2.190 (2.05)  Loss_kd: 1.279 (1.19) LR: 5.000e-02
2025-09-14 03:42:24,098 -                train: [    INFO] - Test: [   0/78]  Time: 0.188 (0.188)  Loss:  0.9693 (0.9693)  Acc@1: 70.3125 (70.3125)  Acc@5: 94.5312 (94.5312)
2025-09-14 03:42:27,793 -                train: [    INFO] - Test: [  78/78]  Time: 0.013 (0.049)  Loss:  0.9256 (1.1451)  Acc@1: 81.2500 (68.4800)  Acc@5: 87.5000 (91.2200)
2025-09-14 03:42:28,075 - timm.utils.checkpoint_saver: [    INFO] - Current checkpoints:
 ('./output/train/20250914-020203-resnet18-224/checkpoint/checkpoint-48.pth.tar', 69.45)
 ('./output/train/20250914-020203-resnet18-224/checkpoint/checkpoint-51.pth.tar', 69.03)
 ('./output/train/20250914-020203-resnet18-224/checkpoint/checkpoint-52.pth.tar', 68.95)
 ('./output/train/20250914-020203-resnet18-224/checkpoint/checkpoint-50.pth.tar', 68.85)
 ('./output/train/20250914-020203-resnet18-224/checkpoint/checkpoint-47.pth.tar', 68.76)
 ('./output/train/20250914-020203-resnet18-224/checkpoint/checkpoint-41.pth.tar', 68.55)
 ('./output/train/20250914-020203-resnet18-224/checkpoint/checkpoint-54.pth.tar', 68.51)
 ('./output/train/20250914-020203-resnet18-224/checkpoint/checkpoint-56.pth.tar', 68.48)
 ('./output/train/20250914-020203-resnet18-224/checkpoint/checkpoint-55.pth.tar', 68.22)
 ('./output/train/20250914-020203-resnet18-224/checkpoint/checkpoint-45.pth.tar', 68.06)

2025-09-14 03:42:28,585 -                train: [    INFO] - Train: 57 [   0/390 (  0%)]  Loss: 2.939 (2.94)  Loss_gt: 1.876 (1.88)  Loss_kd: 1.064 (1.06) LR: 5.000e-02
2025-09-14 03:43:21,037 -                train: [    INFO] - Train: 57 [ 200/390 ( 51%)]  Loss: 3.340 (3.20)  Loss_gt: 2.011 (2.03)  Loss_kd: 1.329 (1.17) LR: 5.000e-02
2025-09-14 03:44:10,481 -                train: [    INFO] - Train: 57 [ 389/390 (100%)]  Loss: 3.249 (3.24)  Loss_gt: 2.056 (2.05)  Loss_kd: 1.193 (1.19) LR: 5.000e-02
2025-09-14 03:44:10,695 -                train: [    INFO] - Test: [   0/78]  Time: 0.203 (0.203)  Loss:  1.0364 (1.0364)  Acc@1: 69.5312 (69.5312)  Acc@5: 93.7500 (93.7500)
2025-09-14 03:44:14,120 -                train: [    INFO] - Test: [  78/78]  Time: 0.017 (0.046)  Loss:  1.1103 (1.1407)  Acc@1: 68.7500 (68.8400)  Acc@5: 87.5000 (91.3700)
2025-09-14 03:44:14,313 - timm.utils.checkpoint_saver: [    INFO] - Current checkpoints:
 ('./output/train/20250914-020203-resnet18-224/checkpoint/checkpoint-48.pth.tar', 69.45)
 ('./output/train/20250914-020203-resnet18-224/checkpoint/checkpoint-51.pth.tar', 69.03)
 ('./output/train/20250914-020203-resnet18-224/checkpoint/checkpoint-52.pth.tar', 68.95)
 ('./output/train/20250914-020203-resnet18-224/checkpoint/checkpoint-50.pth.tar', 68.85)
 ('./output/train/20250914-020203-resnet18-224/checkpoint/checkpoint-57.pth.tar', 68.84)
 ('./output/train/20250914-020203-resnet18-224/checkpoint/checkpoint-47.pth.tar', 68.76)
 ('./output/train/20250914-020203-resnet18-224/checkpoint/checkpoint-41.pth.tar', 68.55)
 ('./output/train/20250914-020203-resnet18-224/checkpoint/checkpoint-54.pth.tar', 68.51)
 ('./output/train/20250914-020203-resnet18-224/checkpoint/checkpoint-56.pth.tar', 68.48)
 ('./output/train/20250914-020203-resnet18-224/checkpoint/checkpoint-55.pth.tar', 68.22)

2025-09-14 03:44:14,878 -                train: [    INFO] - Train: 58 [   0/390 (  0%)]  Loss: 2.687 (2.69)  Loss_gt: 1.726 (1.73)  Loss_kd: 0.9618 (0.962) LR: 5.000e-02
2025-09-14 03:45:06,988 -                train: [    INFO] - Train: 58 [ 200/390 ( 51%)]  Loss: 3.148 (3.21)  Loss_gt: 2.012 (2.03)  Loss_kd: 1.136 (1.18) LR: 5.000e-02
2025-09-14 03:45:56,724 -                train: [    INFO] - Train: 58 [ 389/390 (100%)]  Loss: 3.140 (3.23)  Loss_gt: 1.948 (2.04)  Loss_kd: 1.192 (1.19) LR: 5.000e-02
2025-09-14 03:45:56,948 -                train: [    INFO] - Test: [   0/78]  Time: 0.214 (0.214)  Loss:  0.8077 (0.8077)  Acc@1: 78.1250 (78.1250)  Acc@5: 96.0938 (96.0938)
2025-09-14 03:46:00,408 -                train: [    INFO] - Test: [  78/78]  Time: 0.013 (0.047)  Loss:  1.4210 (1.1057)  Acc@1: 68.7500 (69.5200)  Acc@5: 87.5000 (91.5400)
2025-09-14 03:46:00,623 - timm.utils.checkpoint_saver: [    INFO] - Current checkpoints:
 ('./output/train/20250914-020203-resnet18-224/checkpoint/checkpoint-58.pth.tar', 69.52)
 ('./output/train/20250914-020203-resnet18-224/checkpoint/checkpoint-48.pth.tar', 69.45)
 ('./output/train/20250914-020203-resnet18-224/checkpoint/checkpoint-51.pth.tar', 69.03)
 ('./output/train/20250914-020203-resnet18-224/checkpoint/checkpoint-52.pth.tar', 68.95)
 ('./output/train/20250914-020203-resnet18-224/checkpoint/checkpoint-50.pth.tar', 68.85)
 ('./output/train/20250914-020203-resnet18-224/checkpoint/checkpoint-57.pth.tar', 68.84)
 ('./output/train/20250914-020203-resnet18-224/checkpoint/checkpoint-47.pth.tar', 68.76)
 ('./output/train/20250914-020203-resnet18-224/checkpoint/checkpoint-41.pth.tar', 68.55)
 ('./output/train/20250914-020203-resnet18-224/checkpoint/checkpoint-54.pth.tar', 68.51)
 ('./output/train/20250914-020203-resnet18-224/checkpoint/checkpoint-56.pth.tar', 68.48)

2025-09-14 03:46:01,124 -                train: [    INFO] - Train: 59 [   0/390 (  0%)]  Loss: 2.999 (3.00)  Loss_gt: 1.904 (1.90)  Loss_kd: 1.094 (1.09) LR: 5.000e-02
2025-09-14 03:46:53,799 -                train: [    INFO] - Train: 59 [ 200/390 ( 51%)]  Loss: 3.117 (3.22)  Loss_gt: 2.044 (2.04)  Loss_kd: 1.072 (1.19) LR: 5.000e-02
2025-09-14 03:47:43,258 -                train: [    INFO] - Train: 59 [ 389/390 (100%)]  Loss: 3.337 (3.24)  Loss_gt: 2.174 (2.05)  Loss_kd: 1.163 (1.19) LR: 5.000e-02
2025-09-14 03:47:43,475 -                train: [    INFO] - Test: [   0/78]  Time: 0.208 (0.208)  Loss:  1.0372 (1.0372)  Acc@1: 69.5312 (69.5312)  Acc@5: 94.5312 (94.5312)
2025-09-14 03:47:47,153 -                train: [    INFO] - Test: [  78/78]  Time: 0.015 (0.049)  Loss:  1.1457 (1.1118)  Acc@1: 62.5000 (69.3800)  Acc@5: 87.5000 (91.6500)
2025-09-14 03:47:47,408 - timm.utils.checkpoint_saver: [    INFO] - Current checkpoints:
 ('./output/train/20250914-020203-resnet18-224/checkpoint/checkpoint-58.pth.tar', 69.52)
 ('./output/train/20250914-020203-resnet18-224/checkpoint/checkpoint-48.pth.tar', 69.45)
 ('./output/train/20250914-020203-resnet18-224/checkpoint/checkpoint-59.pth.tar', 69.38)
 ('./output/train/20250914-020203-resnet18-224/checkpoint/checkpoint-51.pth.tar', 69.03)
 ('./output/train/20250914-020203-resnet18-224/checkpoint/checkpoint-52.pth.tar', 68.95)
 ('./output/train/20250914-020203-resnet18-224/checkpoint/checkpoint-50.pth.tar', 68.85)
 ('./output/train/20250914-020203-resnet18-224/checkpoint/checkpoint-57.pth.tar', 68.84)
 ('./output/train/20250914-020203-resnet18-224/checkpoint/checkpoint-47.pth.tar', 68.76)
 ('./output/train/20250914-020203-resnet18-224/checkpoint/checkpoint-41.pth.tar', 68.55)
 ('./output/train/20250914-020203-resnet18-224/checkpoint/checkpoint-54.pth.tar', 68.51)

2025-09-14 03:47:47,938 -                train: [    INFO] - Train: 60 [   0/390 (  0%)]  Loss: 3.076 (3.08)  Loss_gt: 1.939 (1.94)  Loss_kd: 1.137 (1.14) LR: 5.000e-02
2025-09-14 03:48:40,404 -                train: [    INFO] - Train: 60 [ 200/390 ( 51%)]  Loss: 2.968 (3.21)  Loss_gt: 1.884 (2.03)  Loss_kd: 1.085 (1.18) LR: 5.000e-02
2025-09-14 03:49:29,788 -                train: [    INFO] - Train: 60 [ 389/390 (100%)]  Loss: 3.310 (3.23)  Loss_gt: 2.056 (2.04)  Loss_kd: 1.254 (1.19) LR: 5.000e-02
2025-09-14 03:49:29,994 -                train: [    INFO] - Test: [   0/78]  Time: 0.196 (0.196)  Loss:  0.9274 (0.9274)  Acc@1: 75.0000 (75.0000)  Acc@5: 93.7500 (93.7500)
2025-09-14 03:49:33,497 -                train: [    INFO] - Test: [  78/78]  Time: 0.014 (0.047)  Loss:  1.3033 (1.2029)  Acc@1: 68.7500 (67.4300)  Acc@5: 87.5000 (90.0200)
2025-09-14 03:49:34,335 -                train: [    INFO] - Train: 61 [   0/390 (  0%)]  Loss: 3.438 (3.44)  Loss_gt: 2.249 (2.25)  Loss_kd: 1.189 (1.19) LR: 5.000e-02
2025-09-14 03:50:26,460 -                train: [    INFO] - Train: 61 [ 200/390 ( 51%)]  Loss: 3.268 (3.18)  Loss_gt: 1.988 (2.01)  Loss_kd: 1.280 (1.17) LR: 5.000e-02
2025-09-14 03:51:15,921 -                train: [    INFO] - Train: 61 [ 389/390 (100%)]  Loss: 3.001 (3.21)  Loss_gt: 1.942 (2.03)  Loss_kd: 1.059 (1.18) LR: 5.000e-02
2025-09-14 03:51:16,122 -                train: [    INFO] - Test: [   0/78]  Time: 0.191 (0.191)  Loss:  1.0397 (1.0397)  Acc@1: 71.0938 (71.0938)  Acc@5: 92.9688 (92.9688)
2025-09-14 03:51:19,460 -                train: [    INFO] - Test: [  78/78]  Time: 0.015 (0.045)  Loss:  1.5231 (1.1800)  Acc@1: 62.5000 (67.3000)  Acc@5: 87.5000 (90.6200)
2025-09-14 03:51:20,259 -                train: [    INFO] - Train: 62 [   0/390 (  0%)]  Loss: 3.089 (3.09)  Loss_gt: 1.936 (1.94)  Loss_kd: 1.152 (1.15) LR: 5.000e-02
2025-09-14 03:52:12,679 -                train: [    INFO] - Train: 62 [ 200/390 ( 51%)]  Loss: 3.238 (3.18)  Loss_gt: 2.024 (2.01)  Loss_kd: 1.213 (1.17) LR: 5.000e-02
2025-09-14 03:53:02,408 -                train: [    INFO] - Train: 62 [ 389/390 (100%)]  Loss: 3.127 (3.21)  Loss_gt: 1.937 (2.03)  Loss_kd: 1.190 (1.18) LR: 5.000e-02
2025-09-14 03:53:02,641 -                train: [    INFO] - Test: [   0/78]  Time: 0.222 (0.222)  Loss:  1.0807 (1.0807)  Acc@1: 66.4062 (66.4062)  Acc@5: 89.0625 (89.0625)
2025-09-14 03:53:06,195 -                train: [    INFO] - Test: [  78/78]  Time: 0.017 (0.048)  Loss:  1.7592 (1.1969)  Acc@1: 62.5000 (67.2100)  Acc@5: 81.2500 (90.3600)
2025-09-14 03:53:06,943 -                train: [    INFO] - Train: 63 [   0/390 (  0%)]  Loss: 3.138 (3.14)  Loss_gt: 2.007 (2.01)  Loss_kd: 1.131 (1.13) LR: 5.000e-02
2025-09-14 03:53:59,324 -                train: [    INFO] - Train: 63 [ 200/390 ( 51%)]  Loss: 3.321 (3.18)  Loss_gt: 2.105 (2.02)  Loss_kd: 1.216 (1.17) LR: 5.000e-02
2025-09-14 03:54:48,797 -                train: [    INFO] - Train: 63 [ 389/390 (100%)]  Loss: 3.300 (3.22)  Loss_gt: 2.079 (2.04)  Loss_kd: 1.221 (1.18) LR: 5.000e-02
2025-09-14 03:54:48,993 -                train: [    INFO] - Test: [   0/78]  Time: 0.186 (0.186)  Loss:  1.1278 (1.1278)  Acc@1: 69.5312 (69.5312)  Acc@5: 90.6250 (90.6250)
2025-09-14 03:54:52,554 -                train: [    INFO] - Test: [  78/78]  Time: 0.015 (0.047)  Loss:  1.6569 (1.2636)  Acc@1: 56.2500 (65.5700)  Acc@5: 81.2500 (89.3200)
2025-09-14 03:54:53,410 -                train: [    INFO] - Train: 64 [   0/390 (  0%)]  Loss: 3.263 (3.26)  Loss_gt: 2.052 (2.05)  Loss_kd: 1.210 (1.21) LR: 5.000e-02
2025-09-14 03:55:46,019 -                train: [    INFO] - Train: 64 [ 200/390 ( 51%)]  Loss: 3.441 (3.20)  Loss_gt: 2.161 (2.02)  Loss_kd: 1.280 (1.18) LR: 5.000e-02
2025-09-14 03:56:35,876 -                train: [    INFO] - Train: 64 [ 389/390 (100%)]  Loss: 3.506 (3.22)  Loss_gt: 2.150 (2.03)  Loss_kd: 1.356 (1.18) LR: 5.000e-02
2025-09-14 03:56:36,065 -                train: [    INFO] - Test: [   0/78]  Time: 0.178 (0.178)  Loss:  0.9984 (0.9984)  Acc@1: 70.3125 (70.3125)  Acc@5: 93.7500 (93.7500)
2025-09-14 03:56:39,575 -                train: [    INFO] - Test: [  78/78]  Time: 0.015 (0.047)  Loss:  1.0784 (1.1164)  Acc@1: 75.0000 (68.9300)  Acc@5: 87.5000 (91.6800)
2025-09-14 03:56:40,032 - timm.utils.checkpoint_saver: [    INFO] - Current checkpoints:
 ('./output/train/20250914-020203-resnet18-224/checkpoint/checkpoint-58.pth.tar', 69.52)
 ('./output/train/20250914-020203-resnet18-224/checkpoint/checkpoint-48.pth.tar', 69.45)
 ('./output/train/20250914-020203-resnet18-224/checkpoint/checkpoint-59.pth.tar', 69.38)
 ('./output/train/20250914-020203-resnet18-224/checkpoint/checkpoint-51.pth.tar', 69.03)
 ('./output/train/20250914-020203-resnet18-224/checkpoint/checkpoint-52.pth.tar', 68.95)
 ('./output/train/20250914-020203-resnet18-224/checkpoint/checkpoint-64.pth.tar', 68.93)
 ('./output/train/20250914-020203-resnet18-224/checkpoint/checkpoint-50.pth.tar', 68.85)
 ('./output/train/20250914-020203-resnet18-224/checkpoint/checkpoint-57.pth.tar', 68.84)
 ('./output/train/20250914-020203-resnet18-224/checkpoint/checkpoint-47.pth.tar', 68.76)
 ('./output/train/20250914-020203-resnet18-224/checkpoint/checkpoint-41.pth.tar', 68.55)

2025-09-14 03:56:40,654 -                train: [    INFO] - Train: 65 [   0/390 (  0%)]  Loss: 3.033 (3.03)  Loss_gt: 1.883 (1.88)  Loss_kd: 1.151 (1.15) LR: 5.000e-02
2025-09-14 03:57:32,899 -                train: [    INFO] - Train: 65 [ 200/390 ( 51%)]  Loss: 3.358 (3.18)  Loss_gt: 2.059 (2.01)  Loss_kd: 1.299 (1.17) LR: 5.000e-02
2025-09-14 03:58:22,620 -                train: [    INFO] - Train: 65 [ 389/390 (100%)]  Loss: 2.941 (3.20)  Loss_gt: 1.911 (2.03)  Loss_kd: 1.030 (1.18) LR: 5.000e-02
2025-09-14 03:58:22,843 -                train: [    INFO] - Test: [   0/78]  Time: 0.212 (0.212)  Loss:  0.9026 (0.9026)  Acc@1: 75.7812 (75.7812)  Acc@5: 92.9688 (92.9688)
2025-09-14 03:58:26,285 -                train: [    INFO] - Test: [  78/78]  Time: 0.012 (0.046)  Loss:  1.3222 (1.0615)  Acc@1: 62.5000 (70.8400)  Acc@5: 87.5000 (92.3100)
2025-09-14 03:58:26,518 - timm.utils.checkpoint_saver: [    INFO] - Current checkpoints:
 ('./output/train/20250914-020203-resnet18-224/checkpoint/checkpoint-65.pth.tar', 70.84)
 ('./output/train/20250914-020203-resnet18-224/checkpoint/checkpoint-58.pth.tar', 69.52)
 ('./output/train/20250914-020203-resnet18-224/checkpoint/checkpoint-48.pth.tar', 69.45)
 ('./output/train/20250914-020203-resnet18-224/checkpoint/checkpoint-59.pth.tar', 69.38)
 ('./output/train/20250914-020203-resnet18-224/checkpoint/checkpoint-51.pth.tar', 69.03)
 ('./output/train/20250914-020203-resnet18-224/checkpoint/checkpoint-52.pth.tar', 68.95)
 ('./output/train/20250914-020203-resnet18-224/checkpoint/checkpoint-64.pth.tar', 68.93)
 ('./output/train/20250914-020203-resnet18-224/checkpoint/checkpoint-50.pth.tar', 68.85)
 ('./output/train/20250914-020203-resnet18-224/checkpoint/checkpoint-57.pth.tar', 68.84)
 ('./output/train/20250914-020203-resnet18-224/checkpoint/checkpoint-47.pth.tar', 68.76)

2025-09-14 03:58:26,995 -                train: [    INFO] - Train: 66 [   0/390 (  0%)]  Loss: 3.128 (3.13)  Loss_gt: 1.957 (1.96)  Loss_kd: 1.171 (1.17) LR: 5.000e-02
2025-09-14 03:59:19,381 -                train: [    INFO] - Train: 66 [ 200/390 ( 51%)]  Loss: 3.252 (3.18)  Loss_gt: 2.050 (2.01)  Loss_kd: 1.202 (1.17) LR: 5.000e-02
2025-09-14 04:00:08,804 -                train: [    INFO] - Train: 66 [ 389/390 (100%)]  Loss: 3.065 (3.21)  Loss_gt: 1.972 (2.03)  Loss_kd: 1.093 (1.19) LR: 5.000e-02
2025-09-14 04:00:09,009 -                train: [    INFO] - Test: [   0/78]  Time: 0.196 (0.196)  Loss:  0.8951 (0.8951)  Acc@1: 69.5312 (69.5312)  Acc@5: 95.3125 (95.3125)
2025-09-14 04:00:12,417 -                train: [    INFO] - Test: [  78/78]  Time: 0.012 (0.046)  Loss:  1.1089 (1.0917)  Acc@1: 75.0000 (69.7900)  Acc@5: 87.5000 (91.8500)
2025-09-14 04:00:12,627 - timm.utils.checkpoint_saver: [    INFO] - Current checkpoints:
 ('./output/train/20250914-020203-resnet18-224/checkpoint/checkpoint-65.pth.tar', 70.84)
 ('./output/train/20250914-020203-resnet18-224/checkpoint/checkpoint-66.pth.tar', 69.79)
 ('./output/train/20250914-020203-resnet18-224/checkpoint/checkpoint-58.pth.tar', 69.52)
 ('./output/train/20250914-020203-resnet18-224/checkpoint/checkpoint-48.pth.tar', 69.45)
 ('./output/train/20250914-020203-resnet18-224/checkpoint/checkpoint-59.pth.tar', 69.38)
 ('./output/train/20250914-020203-resnet18-224/checkpoint/checkpoint-51.pth.tar', 69.03)
 ('./output/train/20250914-020203-resnet18-224/checkpoint/checkpoint-52.pth.tar', 68.95)
 ('./output/train/20250914-020203-resnet18-224/checkpoint/checkpoint-64.pth.tar', 68.93)
 ('./output/train/20250914-020203-resnet18-224/checkpoint/checkpoint-50.pth.tar', 68.85)
 ('./output/train/20250914-020203-resnet18-224/checkpoint/checkpoint-57.pth.tar', 68.84)

2025-09-14 04:00:13,280 -                train: [    INFO] - Train: 67 [   0/390 (  0%)]  Loss: 3.096 (3.10)  Loss_gt: 2.001 (2.00)  Loss_kd: 1.095 (1.10) LR: 5.000e-02
2025-09-14 04:01:05,849 -                train: [    INFO] - Train: 67 [ 200/390 ( 51%)]  Loss: 3.365 (3.17)  Loss_gt: 2.187 (2.01)  Loss_kd: 1.178 (1.16) LR: 5.000e-02
2025-09-14 04:01:55,869 -                train: [    INFO] - Train: 67 [ 389/390 (100%)]  Loss: 3.248 (3.20)  Loss_gt: 2.046 (2.03)  Loss_kd: 1.203 (1.18) LR: 5.000e-02
2025-09-14 04:01:56,093 -                train: [    INFO] - Test: [   0/78]  Time: 0.213 (0.213)  Loss:  0.9199 (0.9199)  Acc@1: 69.5312 (69.5312)  Acc@5: 96.8750 (96.8750)
2025-09-14 04:01:59,577 -                train: [    INFO] - Test: [  78/78]  Time: 0.018 (0.047)  Loss:  1.1852 (1.1216)  Acc@1: 68.7500 (69.5200)  Acc@5: 81.2500 (91.5800)
2025-09-14 04:01:59,844 - timm.utils.checkpoint_saver: [    INFO] - Current checkpoints:
 ('./output/train/20250914-020203-resnet18-224/checkpoint/checkpoint-65.pth.tar', 70.84)
 ('./output/train/20250914-020203-resnet18-224/checkpoint/checkpoint-66.pth.tar', 69.79)
 ('./output/train/20250914-020203-resnet18-224/checkpoint/checkpoint-58.pth.tar', 69.52)
 ('./output/train/20250914-020203-resnet18-224/checkpoint/checkpoint-67.pth.tar', 69.52)
 ('./output/train/20250914-020203-resnet18-224/checkpoint/checkpoint-48.pth.tar', 69.45)
 ('./output/train/20250914-020203-resnet18-224/checkpoint/checkpoint-59.pth.tar', 69.38)
 ('./output/train/20250914-020203-resnet18-224/checkpoint/checkpoint-51.pth.tar', 69.03)
 ('./output/train/20250914-020203-resnet18-224/checkpoint/checkpoint-52.pth.tar', 68.95)
 ('./output/train/20250914-020203-resnet18-224/checkpoint/checkpoint-64.pth.tar', 68.93)
 ('./output/train/20250914-020203-resnet18-224/checkpoint/checkpoint-50.pth.tar', 68.85)

2025-09-14 04:02:00,328 -                train: [    INFO] - Train: 68 [   0/390 (  0%)]  Loss: 3.006 (3.01)  Loss_gt: 1.933 (1.93)  Loss_kd: 1.074 (1.07) LR: 5.000e-02
2025-09-14 04:02:53,273 -                train: [    INFO] - Train: 68 [ 200/390 ( 51%)]  Loss: 3.215 (3.20)  Loss_gt: 1.922 (2.02)  Loss_kd: 1.294 (1.18) LR: 5.000e-02
2025-09-14 04:03:43,088 -                train: [    INFO] - Train: 68 [ 389/390 (100%)]  Loss: 3.400 (3.20)  Loss_gt: 2.129 (2.03)  Loss_kd: 1.271 (1.18) LR: 5.000e-02
2025-09-14 04:03:43,308 -                train: [    INFO] - Test: [   0/78]  Time: 0.209 (0.209)  Loss:  1.1087 (1.1087)  Acc@1: 65.6250 (65.6250)  Acc@5: 91.4062 (91.4062)
2025-09-14 04:03:46,853 -                train: [    INFO] - Test: [  78/78]  Time: 0.012 (0.048)  Loss:  1.0216 (1.1539)  Acc@1: 68.7500 (68.1400)  Acc@5: 93.7500 (91.0700)
2025-09-14 04:03:47,728 -                train: [    INFO] - Train: 69 [   0/390 (  0%)]  Loss: 3.042 (3.04)  Loss_gt: 1.900 (1.90)  Loss_kd: 1.141 (1.14) LR: 5.000e-02
2025-09-14 04:04:40,187 -                train: [    INFO] - Train: 69 [ 200/390 ( 51%)]  Loss: 3.268 (3.16)  Loss_gt: 2.095 (2.00)  Loss_kd: 1.172 (1.16) LR: 5.000e-02
2025-09-14 04:05:30,034 -                train: [    INFO] - Train: 69 [ 389/390 (100%)]  Loss: 3.427 (3.19)  Loss_gt: 2.138 (2.02)  Loss_kd: 1.289 (1.17) LR: 5.000e-02
2025-09-14 04:05:30,241 -                train: [    INFO] - Test: [   0/78]  Time: 0.197 (0.197)  Loss:  0.8721 (0.8721)  Acc@1: 75.0000 (75.0000)  Acc@5: 96.8750 (96.8750)
2025-09-14 04:05:33,911 -                train: [    INFO] - Test: [  78/78]  Time: 0.013 (0.049)  Loss:  0.8972 (1.1487)  Acc@1: 75.0000 (69.0300)  Acc@5: 87.5000 (91.4300)
2025-09-14 04:05:34,165 - timm.utils.checkpoint_saver: [    INFO] - Current checkpoints:
 ('./output/train/20250914-020203-resnet18-224/checkpoint/checkpoint-65.pth.tar', 70.84)
 ('./output/train/20250914-020203-resnet18-224/checkpoint/checkpoint-66.pth.tar', 69.79)
 ('./output/train/20250914-020203-resnet18-224/checkpoint/checkpoint-58.pth.tar', 69.52)
 ('./output/train/20250914-020203-resnet18-224/checkpoint/checkpoint-67.pth.tar', 69.52)
 ('./output/train/20250914-020203-resnet18-224/checkpoint/checkpoint-48.pth.tar', 69.45)
 ('./output/train/20250914-020203-resnet18-224/checkpoint/checkpoint-59.pth.tar', 69.38)
 ('./output/train/20250914-020203-resnet18-224/checkpoint/checkpoint-51.pth.tar', 69.03)
 ('./output/train/20250914-020203-resnet18-224/checkpoint/checkpoint-69.pth.tar', 69.03)
 ('./output/train/20250914-020203-resnet18-224/checkpoint/checkpoint-52.pth.tar', 68.95)
 ('./output/train/20250914-020203-resnet18-224/checkpoint/checkpoint-64.pth.tar', 68.93)

2025-09-14 04:05:34,786 -                train: [    INFO] - Train: 70 [   0/390 (  0%)]  Loss: 3.176 (3.18)  Loss_gt: 1.975 (1.97)  Loss_kd: 1.202 (1.20) LR: 5.000e-02
2025-09-14 04:06:27,027 -                train: [    INFO] - Train: 70 [ 200/390 ( 51%)]  Loss: 3.155 (3.14)  Loss_gt: 2.032 (1.99)  Loss_kd: 1.123 (1.15) LR: 5.000e-02
2025-09-14 04:07:16,989 -                train: [    INFO] - Train: 70 [ 389/390 (100%)]  Loss: 3.064 (3.17)  Loss_gt: 1.964 (2.01)  Loss_kd: 1.100 (1.16) LR: 5.000e-02
2025-09-14 04:07:17,187 -                train: [    INFO] - Test: [   0/78]  Time: 0.185 (0.185)  Loss:  0.8969 (0.8969)  Acc@1: 75.7812 (75.7812)  Acc@5: 92.1875 (92.1875)
2025-09-14 04:07:20,641 -                train: [    INFO] - Test: [  78/78]  Time: 0.013 (0.046)  Loss:  1.0168 (1.2182)  Acc@1: 75.0000 (66.8700)  Acc@5: 93.7500 (89.9900)
2025-09-14 04:07:21,523 -                train: [    INFO] - Train: 71 [   0/390 (  0%)]  Loss: 2.771 (2.77)  Loss_gt: 1.779 (1.78)  Loss_kd: 0.9919 (0.992) LR: 5.000e-02
2025-09-14 04:08:14,040 -                train: [    INFO] - Train: 71 [ 200/390 ( 51%)]  Loss: 3.167 (3.19)  Loss_gt: 1.955 (2.02)  Loss_kd: 1.212 (1.17) LR: 5.000e-02
2025-09-14 04:09:03,337 -                train: [    INFO] - Train: 71 [ 389/390 (100%)]  Loss: 3.399 (3.20)  Loss_gt: 2.182 (2.02)  Loss_kd: 1.217 (1.17) LR: 5.000e-02
2025-09-14 04:09:03,560 -                train: [    INFO] - Test: [   0/78]  Time: 0.211 (0.211)  Loss:  0.9896 (0.9896)  Acc@1: 71.8750 (71.8750)  Acc@5: 94.5312 (94.5312)
2025-09-14 04:09:06,943 -                train: [    INFO] - Test: [  78/78]  Time: 0.016 (0.045)  Loss:  1.0510 (1.1669)  Acc@1: 75.0000 (68.2200)  Acc@5: 87.5000 (90.5400)
2025-09-14 04:09:07,808 -                train: [    INFO] - Train: 72 [   0/390 (  0%)]  Loss: 3.149 (3.15)  Loss_gt: 1.959 (1.96)  Loss_kd: 1.190 (1.19) LR: 5.000e-02
2025-09-14 04:09:59,954 -                train: [    INFO] - Train: 72 [ 200/390 ( 51%)]  Loss: 3.302 (3.15)  Loss_gt: 2.053 (1.99)  Loss_kd: 1.249 (1.16) LR: 5.000e-02
2025-09-14 04:10:49,493 -                train: [    INFO] - Train: 72 [ 389/390 (100%)]  Loss: 2.998 (3.18)  Loss_gt: 1.938 (2.01)  Loss_kd: 1.060 (1.17) LR: 5.000e-02
2025-09-14 04:10:49,699 -                train: [    INFO] - Test: [   0/78]  Time: 0.197 (0.197)  Loss:  1.0179 (1.0179)  Acc@1: 71.0938 (71.0938)  Acc@5: 92.9688 (92.9688)
2025-09-14 04:10:53,460 -                train: [    INFO] - Test: [  78/78]  Time: 0.017 (0.050)  Loss:  1.0257 (1.2439)  Acc@1: 75.0000 (66.1100)  Acc@5: 93.7500 (89.6500)
2025-09-14 04:10:54,212 -                train: [    INFO] - Train: 73 [   0/390 (  0%)]  Loss: 3.398 (3.40)  Loss_gt: 2.156 (2.16)  Loss_kd: 1.242 (1.24) LR: 5.000e-02
2025-09-14 04:11:46,684 -                train: [    INFO] - Train: 73 [ 200/390 ( 51%)]  Loss: 3.065 (3.16)  Loss_gt: 1.981 (2.01)  Loss_kd: 1.084 (1.16) LR: 5.000e-02
2025-09-14 04:12:36,072 -                train: [    INFO] - Train: 73 [ 389/390 (100%)]  Loss: 3.128 (3.18)  Loss_gt: 2.002 (2.02)  Loss_kd: 1.126 (1.17) LR: 5.000e-02
2025-09-14 04:12:36,282 -                train: [    INFO] - Test: [   0/78]  Time: 0.202 (0.202)  Loss:  1.0940 (1.0940)  Acc@1: 67.9688 (67.9688)  Acc@5: 91.4062 (91.4062)
2025-09-14 04:12:39,990 -                train: [    INFO] - Test: [  78/78]  Time: 0.017 (0.049)  Loss:  1.6407 (1.2480)  Acc@1: 56.2500 (65.5600)  Acc@5: 87.5000 (89.6900)
2025-09-14 04:12:40,742 -                train: [    INFO] - Train: 74 [   0/390 (  0%)]  Loss: 3.333 (3.33)  Loss_gt: 2.068 (2.07)  Loss_kd: 1.266 (1.27) LR: 5.000e-02
2025-09-14 04:13:32,944 -                train: [    INFO] - Train: 74 [ 200/390 ( 51%)]  Loss: 3.346 (3.15)  Loss_gt: 2.126 (2.00)  Loss_kd: 1.220 (1.15) LR: 5.000e-02
2025-09-14 04:14:22,156 -                train: [    INFO] - Train: 74 [ 389/390 (100%)]  Loss: 2.838 (3.18)  Loss_gt: 1.869 (2.02)  Loss_kd: 0.9690 (1.17) LR: 5.000e-02
2025-09-14 04:14:22,357 -                train: [    INFO] - Test: [   0/78]  Time: 0.192 (0.192)  Loss:  0.9227 (0.9227)  Acc@1: 75.0000 (75.0000)  Acc@5: 94.5312 (94.5312)
2025-09-14 04:14:25,946 -                train: [    INFO] - Test: [  78/78]  Time: 0.015 (0.048)  Loss:  1.6055 (1.0961)  Acc@1: 50.0000 (70.3300)  Acc@5: 87.5000 (91.8400)
2025-09-14 04:14:26,170 - timm.utils.checkpoint_saver: [    INFO] - Current checkpoints:
 ('./output/train/20250914-020203-resnet18-224/checkpoint/checkpoint-65.pth.tar', 70.84)
 ('./output/train/20250914-020203-resnet18-224/checkpoint/checkpoint-74.pth.tar', 70.33)
 ('./output/train/20250914-020203-resnet18-224/checkpoint/checkpoint-66.pth.tar', 69.79)
 ('./output/train/20250914-020203-resnet18-224/checkpoint/checkpoint-58.pth.tar', 69.52)
 ('./output/train/20250914-020203-resnet18-224/checkpoint/checkpoint-67.pth.tar', 69.52)
 ('./output/train/20250914-020203-resnet18-224/checkpoint/checkpoint-48.pth.tar', 69.45)
 ('./output/train/20250914-020203-resnet18-224/checkpoint/checkpoint-59.pth.tar', 69.38)
 ('./output/train/20250914-020203-resnet18-224/checkpoint/checkpoint-51.pth.tar', 69.03)
 ('./output/train/20250914-020203-resnet18-224/checkpoint/checkpoint-69.pth.tar', 69.03)
 ('./output/train/20250914-020203-resnet18-224/checkpoint/checkpoint-52.pth.tar', 68.95)

2025-09-14 04:14:26,683 -                train: [    INFO] - Train: 75 [   0/390 (  0%)]  Loss: 3.347 (3.35)  Loss_gt: 2.073 (2.07)  Loss_kd: 1.274 (1.27) LR: 5.000e-02
2025-09-14 04:15:18,674 -                train: [    INFO] - Train: 75 [ 200/390 ( 51%)]  Loss: 3.137 (3.13)  Loss_gt: 1.944 (1.99)  Loss_kd: 1.193 (1.14) LR: 5.000e-02
2025-09-14 04:16:07,911 -                train: [    INFO] - Train: 75 [ 389/390 (100%)]  Loss: 3.341 (3.16)  Loss_gt: 2.158 (2.01)  Loss_kd: 1.183 (1.15) LR: 5.000e-02
2025-09-14 04:16:08,112 -                train: [    INFO] - Test: [   0/78]  Time: 0.193 (0.193)  Loss:  0.9819 (0.9819)  Acc@1: 76.5625 (76.5625)  Acc@5: 92.9688 (92.9688)
2025-09-14 04:16:11,596 -                train: [    INFO] - Test: [  78/78]  Time: 0.015 (0.047)  Loss:  1.5149 (1.1816)  Acc@1: 50.0000 (67.9700)  Acc@5: 81.2500 (90.6900)
2025-09-14 04:16:12,456 -                train: [    INFO] - Train: 76 [   0/390 (  0%)]  Loss: 3.276 (3.28)  Loss_gt: 2.033 (2.03)  Loss_kd: 1.243 (1.24) LR: 5.000e-02
2025-09-14 04:17:05,069 -                train: [    INFO] - Train: 76 [ 200/390 ( 51%)]  Loss: 3.163 (3.13)  Loss_gt: 1.999 (1.98)  Loss_kd: 1.163 (1.14) LR: 5.000e-02
2025-09-14 04:17:54,597 -                train: [    INFO] - Train: 76 [ 389/390 (100%)]  Loss: 3.274 (3.17)  Loss_gt: 2.024 (2.01)  Loss_kd: 1.250 (1.16) LR: 5.000e-02
2025-09-14 04:17:54,787 -                train: [    INFO] - Test: [   0/78]  Time: 0.179 (0.179)  Loss:  0.9044 (0.9044)  Acc@1: 75.7812 (75.7812)  Acc@5: 93.7500 (93.7500)
2025-09-14 04:17:58,159 -                train: [    INFO] - Test: [  78/78]  Time: 0.013 (0.045)  Loss:  1.0975 (1.1165)  Acc@1: 68.7500 (69.6100)  Acc@5: 87.5000 (91.5500)
2025-09-14 04:17:58,421 - timm.utils.checkpoint_saver: [    INFO] - Current checkpoints:
 ('./output/train/20250914-020203-resnet18-224/checkpoint/checkpoint-65.pth.tar', 70.84)
 ('./output/train/20250914-020203-resnet18-224/checkpoint/checkpoint-74.pth.tar', 70.33)
 ('./output/train/20250914-020203-resnet18-224/checkpoint/checkpoint-66.pth.tar', 69.79)
 ('./output/train/20250914-020203-resnet18-224/checkpoint/checkpoint-76.pth.tar', 69.61)
 ('./output/train/20250914-020203-resnet18-224/checkpoint/checkpoint-58.pth.tar', 69.52)
 ('./output/train/20250914-020203-resnet18-224/checkpoint/checkpoint-67.pth.tar', 69.52)
 ('./output/train/20250914-020203-resnet18-224/checkpoint/checkpoint-48.pth.tar', 69.45)
 ('./output/train/20250914-020203-resnet18-224/checkpoint/checkpoint-59.pth.tar', 69.38)
 ('./output/train/20250914-020203-resnet18-224/checkpoint/checkpoint-51.pth.tar', 69.03)
 ('./output/train/20250914-020203-resnet18-224/checkpoint/checkpoint-69.pth.tar', 69.03)

2025-09-14 04:17:58,907 -                train: [    INFO] - Train: 77 [   0/390 (  0%)]  Loss: 3.135 (3.14)  Loss_gt: 1.964 (1.96)  Loss_kd: 1.171 (1.17) LR: 5.000e-02
2025-09-14 04:18:51,578 -                train: [    INFO] - Train: 77 [ 200/390 ( 51%)]  Loss: 3.453 (3.14)  Loss_gt: 2.225 (1.99)  Loss_kd: 1.227 (1.15) LR: 5.000e-02
2025-09-14 04:19:41,942 -                train: [    INFO] - Train: 77 [ 389/390 (100%)]  Loss: 3.237 (3.17)  Loss_gt: 1.988 (2.01)  Loss_kd: 1.250 (1.16) LR: 5.000e-02
2025-09-14 04:19:42,174 -                train: [    INFO] - Test: [   0/78]  Time: 0.222 (0.222)  Loss:  0.9861 (0.9861)  Acc@1: 70.3125 (70.3125)  Acc@5: 94.5312 (94.5312)
2025-09-14 04:19:45,818 -                train: [    INFO] - Test: [  78/78]  Time: 0.016 (0.049)  Loss:  1.1613 (1.1207)  Acc@1: 68.7500 (69.5200)  Acc@5: 93.7500 (91.3300)
2025-09-14 04:19:46,049 - timm.utils.checkpoint_saver: [    INFO] - Current checkpoints:
 ('./output/train/20250914-020203-resnet18-224/checkpoint/checkpoint-65.pth.tar', 70.84)
 ('./output/train/20250914-020203-resnet18-224/checkpoint/checkpoint-74.pth.tar', 70.33)
 ('./output/train/20250914-020203-resnet18-224/checkpoint/checkpoint-66.pth.tar', 69.79)
 ('./output/train/20250914-020203-resnet18-224/checkpoint/checkpoint-76.pth.tar', 69.61)
 ('./output/train/20250914-020203-resnet18-224/checkpoint/checkpoint-58.pth.tar', 69.52)
 ('./output/train/20250914-020203-resnet18-224/checkpoint/checkpoint-67.pth.tar', 69.52)
 ('./output/train/20250914-020203-resnet18-224/checkpoint/checkpoint-77.pth.tar', 69.52)
 ('./output/train/20250914-020203-resnet18-224/checkpoint/checkpoint-48.pth.tar', 69.45)
 ('./output/train/20250914-020203-resnet18-224/checkpoint/checkpoint-59.pth.tar', 69.38)
 ('./output/train/20250914-020203-resnet18-224/checkpoint/checkpoint-51.pth.tar', 69.03)

2025-09-14 04:19:46,689 -                train: [    INFO] - Train: 78 [   0/390 (  0%)]  Loss: 3.362 (3.36)  Loss_gt: 2.219 (2.22)  Loss_kd: 1.143 (1.14) LR: 5.000e-02
2025-09-14 04:20:38,769 -                train: [    INFO] - Train: 78 [ 200/390 ( 51%)]  Loss: 3.093 (3.12)  Loss_gt: 2.020 (1.98)  Loss_kd: 1.073 (1.14) LR: 5.000e-02
2025-09-14 04:21:28,683 -                train: [    INFO] - Train: 78 [ 389/390 (100%)]  Loss: 3.323 (3.15)  Loss_gt: 2.098 (2.00)  Loss_kd: 1.225 (1.16) LR: 5.000e-02
2025-09-14 04:21:28,880 -                train: [    INFO] - Test: [   0/78]  Time: 0.186 (0.186)  Loss:  0.8335 (0.8335)  Acc@1: 75.7812 (75.7812)  Acc@5: 96.8750 (96.8750)
2025-09-14 04:21:32,544 -                train: [    INFO] - Test: [  78/78]  Time: 0.017 (0.049)  Loss:  0.8572 (1.1062)  Acc@1: 75.0000 (69.5300)  Acc@5: 93.7500 (92.2200)
2025-09-14 04:21:32,740 - timm.utils.checkpoint_saver: [    INFO] - Current checkpoints:
 ('./output/train/20250914-020203-resnet18-224/checkpoint/checkpoint-65.pth.tar', 70.84)
 ('./output/train/20250914-020203-resnet18-224/checkpoint/checkpoint-74.pth.tar', 70.33)
 ('./output/train/20250914-020203-resnet18-224/checkpoint/checkpoint-66.pth.tar', 69.79)
 ('./output/train/20250914-020203-resnet18-224/checkpoint/checkpoint-76.pth.tar', 69.61)
 ('./output/train/20250914-020203-resnet18-224/checkpoint/checkpoint-78.pth.tar', 69.53)
 ('./output/train/20250914-020203-resnet18-224/checkpoint/checkpoint-58.pth.tar', 69.52)
 ('./output/train/20250914-020203-resnet18-224/checkpoint/checkpoint-67.pth.tar', 69.52)
 ('./output/train/20250914-020203-resnet18-224/checkpoint/checkpoint-77.pth.tar', 69.52)
 ('./output/train/20250914-020203-resnet18-224/checkpoint/checkpoint-48.pth.tar', 69.45)
 ('./output/train/20250914-020203-resnet18-224/checkpoint/checkpoint-59.pth.tar', 69.38)

2025-09-14 04:21:33,307 -                train: [    INFO] - Train: 79 [   0/390 (  0%)]  Loss: 3.079 (3.08)  Loss_gt: 1.839 (1.84)  Loss_kd: 1.240 (1.24) LR: 5.000e-02
2025-09-14 04:22:26,190 -                train: [    INFO] - Train: 79 [ 200/390 ( 51%)]  Loss: 3.247 (3.14)  Loss_gt: 2.024 (1.99)  Loss_kd: 1.223 (1.15) LR: 5.000e-02
2025-09-14 04:23:16,171 -                train: [    INFO] - Train: 79 [ 389/390 (100%)]  Loss: 2.752 (3.17)  Loss_gt: 1.728 (2.01)  Loss_kd: 1.024 (1.16) LR: 5.000e-02
2025-09-14 04:23:16,388 -                train: [    INFO] - Test: [   0/78]  Time: 0.208 (0.208)  Loss:  0.9014 (0.9014)  Acc@1: 74.2188 (74.2188)  Acc@5: 92.1875 (92.1875)
2025-09-14 04:23:19,848 -                train: [    INFO] - Test: [  78/78]  Time: 0.012 (0.046)  Loss:  1.1383 (1.1346)  Acc@1: 68.7500 (68.7000)  Acc@5: 87.5000 (91.2500)
2025-09-14 04:23:20,749 -                train: [    INFO] - Train: 80 [   0/390 (  0%)]  Loss: 3.090 (3.09)  Loss_gt: 2.033 (2.03)  Loss_kd: 1.057 (1.06) LR: 5.000e-02
2025-09-14 04:24:13,648 -                train: [    INFO] - Train: 80 [ 200/390 ( 51%)]  Loss: 2.895 (3.14)  Loss_gt: 1.811 (1.99)  Loss_kd: 1.084 (1.15) LR: 5.000e-02
2025-09-14 04:25:03,517 -                train: [    INFO] - Train: 80 [ 389/390 (100%)]  Loss: 3.359 (3.16)  Loss_gt: 2.139 (2.00)  Loss_kd: 1.220 (1.16) LR: 5.000e-02
2025-09-14 04:25:03,713 -                train: [    INFO] - Test: [   0/78]  Time: 0.184 (0.184)  Loss:  1.1525 (1.1525)  Acc@1: 68.7500 (68.7500)  Acc@5: 92.1875 (92.1875)
2025-09-14 04:25:07,276 -                train: [    INFO] - Test: [  78/78]  Time: 0.015 (0.047)  Loss:  1.3198 (1.2686)  Acc@1: 62.5000 (65.8800)  Acc@5: 93.7500 (89.3100)
2025-09-14 04:25:08,093 -                train: [    INFO] - Train: 81 [   0/390 (  0%)]  Loss: 2.985 (2.99)  Loss_gt: 1.863 (1.86)  Loss_kd: 1.122 (1.12) LR: 5.000e-02
2025-09-14 04:26:00,074 -                train: [    INFO] - Train: 81 [ 200/390 ( 51%)]  Loss: 3.119 (3.14)  Loss_gt: 1.983 (1.99)  Loss_kd: 1.136 (1.15) LR: 5.000e-02
2025-09-14 04:26:49,471 -                train: [    INFO] - Train: 81 [ 389/390 (100%)]  Loss: 3.256 (3.16)  Loss_gt: 2.001 (2.00)  Loss_kd: 1.255 (1.16) LR: 5.000e-02
2025-09-14 04:26:49,667 -                train: [    INFO] - Test: [   0/78]  Time: 0.185 (0.185)  Loss:  0.9617 (0.9617)  Acc@1: 72.6562 (72.6562)  Acc@5: 93.7500 (93.7500)
2025-09-14 04:26:53,068 -                train: [    INFO] - Test: [  78/78]  Time: 0.012 (0.045)  Loss:  1.1034 (1.2041)  Acc@1: 75.0000 (67.1900)  Acc@5: 81.2500 (90.3100)
2025-09-14 04:26:53,916 -                train: [    INFO] - Train: 82 [   0/390 (  0%)]  Loss: 3.107 (3.11)  Loss_gt: 1.973 (1.97)  Loss_kd: 1.134 (1.13) LR: 5.000e-02
2025-09-14 04:27:46,468 -                train: [    INFO] - Train: 82 [ 200/390 ( 51%)]  Loss: 3.027 (3.13)  Loss_gt: 1.953 (1.98)  Loss_kd: 1.075 (1.15) LR: 5.000e-02
2025-09-14 04:28:36,058 -                train: [    INFO] - Train: 82 [ 389/390 (100%)]  Loss: 3.338 (3.17)  Loss_gt: 2.066 (2.00)  Loss_kd: 1.272 (1.16) LR: 5.000e-02
2025-09-14 04:28:36,263 -                train: [    INFO] - Test: [   0/78]  Time: 0.193 (0.193)  Loss:  0.9795 (0.9795)  Acc@1: 72.6562 (72.6562)  Acc@5: 94.5312 (94.5312)
2025-09-14 04:28:39,865 -                train: [    INFO] - Test: [  78/78]  Time: 0.013 (0.048)  Loss:  1.1521 (1.1835)  Acc@1: 68.7500 (67.6700)  Acc@5: 81.2500 (90.4400)
2025-09-14 04:28:40,586 -                train: [    INFO] - Train: 83 [   0/390 (  0%)]  Loss: 3.194 (3.19)  Loss_gt: 1.987 (1.99)  Loss_kd: 1.208 (1.21) LR: 5.000e-02
2025-09-14 04:29:33,392 -                train: [    INFO] - Train: 83 [ 200/390 ( 51%)]  Loss: 3.279 (3.11)  Loss_gt: 2.066 (1.98)  Loss_kd: 1.213 (1.13) LR: 5.000e-02
2025-09-14 04:30:23,736 -                train: [    INFO] - Train: 83 [ 389/390 (100%)]  Loss: 3.354 (3.16)  Loss_gt: 2.175 (2.00)  Loss_kd: 1.178 (1.15) LR: 5.000e-02
2025-09-14 04:30:23,953 -                train: [    INFO] - Test: [   0/78]  Time: 0.206 (0.206)  Loss:  0.9444 (0.9444)  Acc@1: 71.8750 (71.8750)  Acc@5: 93.7500 (93.7500)
2025-09-14 04:30:27,663 -                train: [    INFO] - Test: [  78/78]  Time: 0.015 (0.050)  Loss:  1.0130 (1.0924)  Acc@1: 75.0000 (69.6100)  Acc@5: 87.5000 (92.0700)
2025-09-14 04:30:27,895 - timm.utils.checkpoint_saver: [    INFO] - Current checkpoints:
 ('./output/train/20250914-020203-resnet18-224/checkpoint/checkpoint-65.pth.tar', 70.84)
 ('./output/train/20250914-020203-resnet18-224/checkpoint/checkpoint-74.pth.tar', 70.33)
 ('./output/train/20250914-020203-resnet18-224/checkpoint/checkpoint-66.pth.tar', 69.79)
 ('./output/train/20250914-020203-resnet18-224/checkpoint/checkpoint-76.pth.tar', 69.61)
 ('./output/train/20250914-020203-resnet18-224/checkpoint/checkpoint-83.pth.tar', 69.61)
 ('./output/train/20250914-020203-resnet18-224/checkpoint/checkpoint-78.pth.tar', 69.53)
 ('./output/train/20250914-020203-resnet18-224/checkpoint/checkpoint-58.pth.tar', 69.52)
 ('./output/train/20250914-020203-resnet18-224/checkpoint/checkpoint-67.pth.tar', 69.52)
 ('./output/train/20250914-020203-resnet18-224/checkpoint/checkpoint-77.pth.tar', 69.52)
 ('./output/train/20250914-020203-resnet18-224/checkpoint/checkpoint-48.pth.tar', 69.45)

2025-09-14 04:30:28,532 -                train: [    INFO] - Train: 84 [   0/390 (  0%)]  Loss: 2.938 (2.94)  Loss_gt: 1.926 (1.93)  Loss_kd: 1.011 (1.01) LR: 5.000e-02
2025-09-14 04:31:21,049 -                train: [    INFO] - Train: 84 [ 200/390 ( 51%)]  Loss: 3.135 (3.12)  Loss_gt: 2.034 (1.98)  Loss_kd: 1.101 (1.14) LR: 5.000e-02
2025-09-14 04:32:10,454 -                train: [    INFO] - Train: 84 [ 389/390 (100%)]  Loss: 2.699 (3.15)  Loss_gt: 1.697 (1.99)  Loss_kd: 1.003 (1.15) LR: 5.000e-02
2025-09-14 04:32:10,652 -                train: [    INFO] - Test: [   0/78]  Time: 0.188 (0.188)  Loss:  0.9184 (0.9184)  Acc@1: 74.2188 (74.2188)  Acc@5: 92.9688 (92.9688)
2025-09-14 04:32:14,227 -                train: [    INFO] - Test: [  78/78]  Time: 0.013 (0.048)  Loss:  0.7981 (1.2019)  Acc@1: 75.0000 (66.5200)  Acc@5: 93.7500 (90.3800)
2025-09-14 04:32:15,154 -                train: [    INFO] - Train: 85 [   0/390 (  0%)]  Loss: 2.834 (2.83)  Loss_gt: 1.830 (1.83)  Loss_kd: 1.005 (1.00) LR: 5.000e-02
2025-09-14 04:33:07,630 -                train: [    INFO] - Train: 85 [ 200/390 ( 51%)]  Loss: 3.193 (3.12)  Loss_gt: 2.033 (1.97)  Loss_kd: 1.159 (1.15) LR: 5.000e-02
2025-09-14 04:33:57,134 -                train: [    INFO] - Train: 85 [ 389/390 (100%)]  Loss: 3.368 (3.15)  Loss_gt: 2.143 (1.99)  Loss_kd: 1.224 (1.15) LR: 5.000e-02
2025-09-14 04:33:57,341 -                train: [    INFO] - Test: [   0/78]  Time: 0.197 (0.197)  Loss:  0.8151 (0.8151)  Acc@1: 75.0000 (75.0000)  Acc@5: 94.5312 (94.5312)
2025-09-14 04:34:00,791 -                train: [    INFO] - Test: [  78/78]  Time: 0.015 (0.046)  Loss:  1.2743 (1.1328)  Acc@1: 68.7500 (69.0600)  Acc@5: 87.5000 (91.3100)
2025-09-14 04:34:01,585 -                train: [    INFO] - Train: 86 [   0/390 (  0%)]  Loss: 3.369 (3.37)  Loss_gt: 2.094 (2.09)  Loss_kd: 1.275 (1.27) LR: 5.000e-02
2025-09-14 04:34:53,991 -                train: [    INFO] - Train: 86 [ 200/390 ( 51%)]  Loss: 3.215 (3.14)  Loss_gt: 2.006 (1.99)  Loss_kd: 1.209 (1.15) LR: 5.000e-02
2025-09-14 04:35:43,339 -                train: [    INFO] - Train: 86 [ 389/390 (100%)]  Loss: 2.991 (3.16)  Loss_gt: 1.856 (2.00)  Loss_kd: 1.136 (1.16) LR: 5.000e-02
2025-09-14 04:35:43,580 -                train: [    INFO] - Test: [   0/78]  Time: 0.231 (0.231)  Loss:  0.9869 (0.9869)  Acc@1: 66.4062 (66.4062)  Acc@5: 92.9688 (92.9688)
2025-09-14 04:35:47,010 -                train: [    INFO] - Test: [  78/78]  Time: 0.015 (0.046)  Loss:  1.1172 (1.1089)  Acc@1: 62.5000 (69.3400)  Acc@5: 87.5000 (91.2900)
2025-09-14 04:35:47,746 -                train: [    INFO] - Train: 87 [   0/390 (  0%)]  Loss: 3.382 (3.38)  Loss_gt: 2.138 (2.14)  Loss_kd: 1.244 (1.24) LR: 5.000e-02
2025-09-14 04:36:39,812 -                train: [    INFO] - Train: 87 [ 200/390 ( 51%)]  Loss: 3.151 (3.11)  Loss_gt: 1.979 (1.97)  Loss_kd: 1.172 (1.14) LR: 5.000e-02
2025-09-14 04:37:29,655 -                train: [    INFO] - Train: 87 [ 389/390 (100%)]  Loss: 3.064 (3.14)  Loss_gt: 1.908 (1.99)  Loss_kd: 1.156 (1.15) LR: 5.000e-02
2025-09-14 04:37:29,861 -                train: [    INFO] - Test: [   0/78]  Time: 0.197 (0.197)  Loss:  1.0004 (1.0004)  Acc@1: 72.6562 (72.6562)  Acc@5: 92.9688 (92.9688)
2025-09-14 04:37:33,394 -                train: [    INFO] - Test: [  78/78]  Time: 0.014 (0.047)  Loss:  1.1060 (1.1253)  Acc@1: 62.5000 (69.1600)  Acc@5: 93.7500 (91.4600)
2025-09-14 04:37:34,273 -                train: [    INFO] - Train: 88 [   0/390 (  0%)]  Loss: 3.201 (3.20)  Loss_gt: 2.075 (2.08)  Loss_kd: 1.125 (1.13) LR: 5.000e-02
2025-09-14 04:38:26,877 -                train: [    INFO] - Train: 88 [ 200/390 ( 51%)]  Loss: 3.281 (3.11)  Loss_gt: 2.144 (1.97)  Loss_kd: 1.137 (1.14) LR: 5.000e-02
2025-09-14 04:39:16,078 -                train: [    INFO] - Train: 88 [ 389/390 (100%)]  Loss: 3.212 (3.13)  Loss_gt: 2.106 (1.98)  Loss_kd: 1.106 (1.15) LR: 5.000e-02
2025-09-14 04:39:16,275 -                train: [    INFO] - Test: [   0/78]  Time: 0.188 (0.188)  Loss:  0.8290 (0.8290)  Acc@1: 78.1250 (78.1250)  Acc@5: 95.3125 (95.3125)
2025-09-14 04:39:19,903 -                train: [    INFO] - Test: [  78/78]  Time: 0.015 (0.048)  Loss:  1.2192 (1.1189)  Acc@1: 68.7500 (69.4500)  Acc@5: 87.5000 (91.9100)
2025-09-14 04:39:20,633 -                train: [    INFO] - Train: 89 [   0/390 (  0%)]  Loss: 3.017 (3.02)  Loss_gt: 1.901 (1.90)  Loss_kd: 1.116 (1.12) LR: 5.000e-02
2025-09-14 04:40:13,718 -                train: [    INFO] - Train: 89 [ 200/390 ( 51%)]  Loss: 3.314 (3.11)  Loss_gt: 1.970 (1.98)  Loss_kd: 1.344 (1.13) LR: 5.000e-02
2025-09-14 04:41:02,857 -                train: [    INFO] - Train: 89 [ 389/390 (100%)]  Loss: 3.403 (3.15)  Loss_gt: 2.066 (2.00)  Loss_kd: 1.338 (1.16) LR: 5.000e-02
2025-09-14 04:41:03,070 -                train: [    INFO] - Test: [   0/78]  Time: 0.202 (0.202)  Loss:  1.1601 (1.1601)  Acc@1: 67.1875 (67.1875)  Acc@5: 91.4062 (91.4062)
2025-09-14 04:41:06,619 -                train: [    INFO] - Test: [  78/78]  Time: 0.014 (0.047)  Loss:  1.3743 (1.2179)  Acc@1: 68.7500 (66.9200)  Acc@5: 100.0000 (90.3100)
2025-09-14 04:41:07,446 -                train: [    INFO] - Train: 90 [   0/390 (  0%)]  Loss: 2.833 (2.83)  Loss_gt: 1.790 (1.79)  Loss_kd: 1.043 (1.04) LR: 5.000e-02
2025-09-14 04:41:59,493 -                train: [    INFO] - Train: 90 [ 200/390 ( 51%)]  Loss: 3.187 (3.10)  Loss_gt: 2.000 (1.97)  Loss_kd: 1.188 (1.13) LR: 5.000e-02
2025-09-14 04:42:49,385 -                train: [    INFO] - Train: 90 [ 389/390 (100%)]  Loss: 3.374 (3.14)  Loss_gt: 2.108 (1.99)  Loss_kd: 1.265 (1.15) LR: 5.000e-02
2025-09-14 04:42:49,585 -                train: [    INFO] - Test: [   0/78]  Time: 0.191 (0.191)  Loss:  0.8513 (0.8513)  Acc@1: 75.0000 (75.0000)  Acc@5: 95.3125 (95.3125)
2025-09-14 04:42:53,082 -                train: [    INFO] - Test: [  78/78]  Time: 0.016 (0.047)  Loss:  0.9980 (1.1210)  Acc@1: 68.7500 (69.0600)  Acc@5: 93.7500 (91.2600)
2025-09-14 04:42:53,947 -                train: [    INFO] - Train: 91 [   0/390 (  0%)]  Loss: 3.142 (3.14)  Loss_gt: 1.989 (1.99)  Loss_kd: 1.153 (1.15) LR: 5.000e-02
2025-09-14 04:43:46,390 -                train: [    INFO] - Train: 91 [ 200/390 ( 51%)]  Loss: 2.571 (3.11)  Loss_gt: 1.762 (1.97)  Loss_kd: 0.8091 (1.14) LR: 5.000e-02
2025-09-14 04:44:35,758 -                train: [    INFO] - Train: 91 [ 389/390 (100%)]  Loss: 2.716 (3.15)  Loss_gt: 1.774 (1.99)  Loss_kd: 0.9422 (1.15) LR: 5.000e-02
2025-09-14 04:44:35,969 -                train: [    INFO] - Test: [   0/78]  Time: 0.202 (0.202)  Loss:  0.8860 (0.8860)  Acc@1: 72.6562 (72.6562)  Acc@5: 94.5312 (94.5312)
2025-09-14 04:44:39,656 -                train: [    INFO] - Test: [  78/78]  Time: 0.014 (0.049)  Loss:  1.0374 (1.0997)  Acc@1: 68.7500 (69.8200)  Acc@5: 93.7500 (91.5200)
2025-09-14 04:44:39,882 - timm.utils.checkpoint_saver: [    INFO] - Current checkpoints:
 ('./output/train/20250914-020203-resnet18-224/checkpoint/checkpoint-65.pth.tar', 70.84)
 ('./output/train/20250914-020203-resnet18-224/checkpoint/checkpoint-74.pth.tar', 70.33)
 ('./output/train/20250914-020203-resnet18-224/checkpoint/checkpoint-91.pth.tar', 69.82)
 ('./output/train/20250914-020203-resnet18-224/checkpoint/checkpoint-66.pth.tar', 69.79)
 ('./output/train/20250914-020203-resnet18-224/checkpoint/checkpoint-76.pth.tar', 69.61)
 ('./output/train/20250914-020203-resnet18-224/checkpoint/checkpoint-83.pth.tar', 69.61)
 ('./output/train/20250914-020203-resnet18-224/checkpoint/checkpoint-78.pth.tar', 69.53)
 ('./output/train/20250914-020203-resnet18-224/checkpoint/checkpoint-58.pth.tar', 69.52)
 ('./output/train/20250914-020203-resnet18-224/checkpoint/checkpoint-67.pth.tar', 69.52)
 ('./output/train/20250914-020203-resnet18-224/checkpoint/checkpoint-77.pth.tar', 69.52)

2025-09-14 04:44:40,450 -                train: [    INFO] - Train: 92 [   0/390 (  0%)]  Loss: 2.838 (2.84)  Loss_gt: 1.831 (1.83)  Loss_kd: 1.008 (1.01) LR: 5.000e-02
2025-09-14 04:45:33,044 -                train: [    INFO] - Train: 92 [ 200/390 ( 51%)]  Loss: 2.948 (3.10)  Loss_gt: 1.939 (1.97)  Loss_kd: 1.009 (1.14) LR: 5.000e-02
2025-09-14 04:46:22,615 -                train: [    INFO] - Train: 92 [ 389/390 (100%)]  Loss: 3.368 (3.12)  Loss_gt: 2.034 (1.98)  Loss_kd: 1.334 (1.15) LR: 5.000e-02
2025-09-14 04:46:22,817 -                train: [    INFO] - Test: [   0/78]  Time: 0.190 (0.190)  Loss:  0.9601 (0.9601)  Acc@1: 71.8750 (71.8750)  Acc@5: 94.5312 (94.5312)
2025-09-14 04:46:26,132 -                train: [    INFO] - Test: [  78/78]  Time: 0.015 (0.044)  Loss:  1.4022 (1.1295)  Acc@1: 68.7500 (69.0400)  Acc@5: 81.2500 (91.5600)
2025-09-14 04:46:26,981 -                train: [    INFO] - Train: 93 [   0/390 (  0%)]  Loss: 2.866 (2.87)  Loss_gt: 1.799 (1.80)  Loss_kd: 1.067 (1.07) LR: 5.000e-02
2025-09-14 04:47:19,677 -                train: [    INFO] - Train: 93 [ 200/390 ( 51%)]  Loss: 3.016 (3.12)  Loss_gt: 1.837 (1.98)  Loss_kd: 1.179 (1.14) LR: 5.000e-02
2025-09-14 04:48:09,089 -                train: [    INFO] - Train: 93 [ 389/390 (100%)]  Loss: 3.321 (3.14)  Loss_gt: 2.178 (1.99)  Loss_kd: 1.143 (1.15) LR: 5.000e-02
2025-09-14 04:48:09,291 -                train: [    INFO] - Test: [   0/78]  Time: 0.192 (0.192)  Loss:  0.9447 (0.9447)  Acc@1: 74.2188 (74.2188)  Acc@5: 95.3125 (95.3125)
2025-09-14 04:48:12,639 -                train: [    INFO] - Test: [  78/78]  Time: 0.013 (0.045)  Loss:  1.2548 (1.1951)  Acc@1: 68.7500 (67.4600)  Acc@5: 87.5000 (90.6400)
2025-09-14 04:48:13,410 -                train: [    INFO] - Train: 94 [   0/390 (  0%)]  Loss: 3.023 (3.02)  Loss_gt: 1.990 (1.99)  Loss_kd: 1.033 (1.03) LR: 5.000e-02
2025-09-14 04:49:05,599 -                train: [    INFO] - Train: 94 [ 200/390 ( 51%)]  Loss: 3.233 (3.11)  Loss_gt: 2.049 (1.98)  Loss_kd: 1.184 (1.14) LR: 5.000e-02
2025-09-14 04:49:55,199 -                train: [    INFO] - Train: 94 [ 389/390 (100%)]  Loss: 2.936 (3.14)  Loss_gt: 1.934 (1.99)  Loss_kd: 1.002 (1.15) LR: 5.000e-02
2025-09-14 04:49:55,405 -                train: [    INFO] - Test: [   0/78]  Time: 0.197 (0.197)  Loss:  0.8801 (0.8801)  Acc@1: 74.2188 (74.2188)  Acc@5: 93.7500 (93.7500)
2025-09-14 04:49:58,822 -                train: [    INFO] - Test: [  78/78]  Time: 0.014 (0.046)  Loss:  1.1303 (1.2090)  Acc@1: 68.7500 (67.5000)  Acc@5: 87.5000 (90.2000)
2025-09-14 04:49:59,684 -                train: [    INFO] - Train: 95 [   0/390 (  0%)]  Loss: 2.856 (2.86)  Loss_gt: 1.917 (1.92)  Loss_kd: 0.9390 (0.939) LR: 5.000e-02
2025-09-14 04:50:51,895 -                train: [    INFO] - Train: 95 [ 200/390 ( 51%)]  Loss: 3.316 (3.08)  Loss_gt: 2.096 (1.96)  Loss_kd: 1.220 (1.12) LR: 5.000e-02
2025-09-14 04:51:41,275 -                train: [    INFO] - Train: 95 [ 389/390 (100%)]  Loss: 2.950 (3.11)  Loss_gt: 1.809 (1.98)  Loss_kd: 1.141 (1.14) LR: 5.000e-02
2025-09-14 04:51:41,476 -                train: [    INFO] - Test: [   0/78]  Time: 0.192 (0.192)  Loss:  0.8116 (0.8116)  Acc@1: 78.9062 (78.9062)  Acc@5: 94.5312 (94.5312)
2025-09-14 04:51:45,015 -                train: [    INFO] - Test: [  78/78]  Time: 0.013 (0.047)  Loss:  0.9681 (1.1059)  Acc@1: 81.2500 (69.9100)  Acc@5: 87.5000 (91.7300)
2025-09-14 04:51:45,306 - timm.utils.checkpoint_saver: [    INFO] - Current checkpoints:
 ('./output/train/20250914-020203-resnet18-224/checkpoint/checkpoint-65.pth.tar', 70.84)
 ('./output/train/20250914-020203-resnet18-224/checkpoint/checkpoint-74.pth.tar', 70.33)
 ('./output/train/20250914-020203-resnet18-224/checkpoint/checkpoint-95.pth.tar', 69.91)
 ('./output/train/20250914-020203-resnet18-224/checkpoint/checkpoint-91.pth.tar', 69.82)
 ('./output/train/20250914-020203-resnet18-224/checkpoint/checkpoint-66.pth.tar', 69.79)
 ('./output/train/20250914-020203-resnet18-224/checkpoint/checkpoint-76.pth.tar', 69.61)
 ('./output/train/20250914-020203-resnet18-224/checkpoint/checkpoint-83.pth.tar', 69.61)
 ('./output/train/20250914-020203-resnet18-224/checkpoint/checkpoint-78.pth.tar', 69.53)
 ('./output/train/20250914-020203-resnet18-224/checkpoint/checkpoint-58.pth.tar', 69.52)
 ('./output/train/20250914-020203-resnet18-224/checkpoint/checkpoint-67.pth.tar', 69.52)

2025-09-14 04:51:45,919 -                train: [    INFO] - Train: 96 [   0/390 (  0%)]  Loss: 3.023 (3.02)  Loss_gt: 1.804 (1.80)  Loss_kd: 1.219 (1.22) LR: 5.000e-02
2025-09-14 04:52:38,273 -                train: [    INFO] - Train: 96 [ 200/390 ( 51%)]  Loss: 3.268 (3.08)  Loss_gt: 2.059 (1.96)  Loss_kd: 1.209 (1.12) LR: 5.000e-02
2025-09-14 04:53:27,990 -                train: [    INFO] - Train: 96 [ 389/390 (100%)]  Loss: 3.189 (3.11)  Loss_gt: 2.062 (1.98)  Loss_kd: 1.127 (1.14) LR: 5.000e-02
2025-09-14 04:53:28,204 -                train: [    INFO] - Test: [   0/78]  Time: 0.206 (0.206)  Loss:  0.8406 (0.8406)  Acc@1: 73.4375 (73.4375)  Acc@5: 96.8750 (96.8750)
2025-09-14 04:53:31,925 -                train: [    INFO] - Test: [  78/78]  Time: 0.014 (0.050)  Loss:  0.7986 (1.1633)  Acc@1: 81.2500 (68.1600)  Acc@5: 93.7500 (90.9000)
2025-09-14 04:53:32,815 -                train: [    INFO] - Train: 97 [   0/390 (  0%)]  Loss: 3.319 (3.32)  Loss_gt: 2.096 (2.10)  Loss_kd: 1.223 (1.22) LR: 5.000e-02
2025-09-14 04:54:24,627 -                train: [    INFO] - Train: 97 [ 200/390 ( 51%)]  Loss: 3.103 (3.07)  Loss_gt: 1.876 (1.95)  Loss_kd: 1.227 (1.12) LR: 5.000e-02
2025-09-14 04:55:14,278 -                train: [    INFO] - Train: 97 [ 389/390 (100%)]  Loss: 2.753 (3.10)  Loss_gt: 1.732 (1.97)  Loss_kd: 1.022 (1.13) LR: 5.000e-02
2025-09-14 04:55:14,491 -                train: [    INFO] - Test: [   0/78]  Time: 0.202 (0.202)  Loss:  0.8717 (0.8717)  Acc@1: 75.7812 (75.7812)  Acc@5: 96.8750 (96.8750)
2025-09-14 04:55:17,993 -                train: [    INFO] - Test: [  78/78]  Time: 0.012 (0.047)  Loss:  0.8689 (1.1178)  Acc@1: 68.7500 (69.3700)  Acc@5: 93.7500 (91.6500)
2025-09-14 04:55:18,845 -                train: [    INFO] - Train: 98 [   0/390 (  0%)]  Loss: 3.246 (3.25)  Loss_gt: 1.870 (1.87)  Loss_kd: 1.376 (1.38) LR: 5.000e-02
2025-09-14 04:56:11,301 -                train: [    INFO] - Train: 98 [ 200/390 ( 51%)]  Loss: 3.285 (3.08)  Loss_gt: 2.044 (1.95)  Loss_kd: 1.241 (1.12) LR: 5.000e-02
2025-09-14 04:57:00,652 -                train: [    INFO] - Train: 98 [ 389/390 (100%)]  Loss: 2.975 (3.11)  Loss_gt: 1.910 (1.97)  Loss_kd: 1.065 (1.14) LR: 5.000e-02
2025-09-14 04:57:00,859 -                train: [    INFO] - Test: [   0/78]  Time: 0.197 (0.197)  Loss:  0.8981 (0.8981)  Acc@1: 74.2188 (74.2188)  Acc@5: 94.5312 (94.5312)
2025-09-14 04:57:04,558 -                train: [    INFO] - Test: [  78/78]  Time: 0.017 (0.049)  Loss:  1.1234 (1.1686)  Acc@1: 75.0000 (67.9200)  Acc@5: 87.5000 (90.7000)
2025-09-14 04:57:05,266 -                train: [    INFO] - Train: 99 [   0/390 (  0%)]  Loss: 3.144 (3.14)  Loss_gt: 1.977 (1.98)  Loss_kd: 1.166 (1.17) LR: 5.000e-02
2025-09-14 04:57:58,208 -                train: [    INFO] - Train: 99 [ 200/390 ( 51%)]  Loss: 2.939 (3.06)  Loss_gt: 1.857 (1.95)  Loss_kd: 1.081 (1.11) LR: 5.000e-02
2025-09-14 04:58:47,717 -                train: [    INFO] - Train: 99 [ 389/390 (100%)]  Loss: 3.271 (3.11)  Loss_gt: 2.050 (1.98)  Loss_kd: 1.221 (1.13) LR: 5.000e-02
2025-09-14 04:58:47,920 -                train: [    INFO] - Test: [   0/78]  Time: 0.191 (0.191)  Loss:  0.9520 (0.9520)  Acc@1: 72.6562 (72.6562)  Acc@5: 94.5312 (94.5312)
2025-09-14 04:58:51,371 -                train: [    INFO] - Test: [  78/78]  Time: 0.015 (0.046)  Loss:  1.4686 (1.2377)  Acc@1: 62.5000 (66.6200)  Acc@5: 87.5000 (89.7000)
2025-09-14 04:58:52,139 -                train: [    INFO] - Train: 100 [   0/390 (  0%)]  Loss: 2.795 (2.80)  Loss_gt: 1.800 (1.80)  Loss_kd: 0.9959 (0.996) LR: 5.000e-02
2025-09-14 04:59:44,547 -                train: [    INFO] - Train: 100 [ 200/390 ( 51%)]  Loss: 2.878 (3.09)  Loss_gt: 1.791 (1.96)  Loss_kd: 1.087 (1.12) LR: 5.000e-02
2025-09-14 05:00:30,360 -                train: [    INFO] - Train: 100 [ 389/390 (100%)]  Loss: 3.151 (3.12)  Loss_gt: 1.956 (1.98)  Loss_kd: 1.195 (1.14) LR: 5.000e-02
2025-09-14 05:00:30,564 -                train: [    INFO] - Test: [   0/78]  Time: 0.193 (0.193)  Loss:  0.8253 (0.8253)  Acc@1: 77.3438 (77.3438)  Acc@5: 97.6562 (97.6562)
2025-09-14 05:00:34,108 -                train: [    INFO] - Test: [  78/78]  Time: 0.013 (0.047)  Loss:  0.9208 (1.1501)  Acc@1: 81.2500 (68.7100)  Acc@5: 87.5000 (91.2800)
2025-09-14 05:00:34,867 -                train: [    INFO] - Train: 101 [   0/390 (  0%)]  Loss: 3.156 (3.16)  Loss_gt: 1.975 (1.97)  Loss_kd: 1.182 (1.18) LR: 5.000e-02
2025-09-14 05:01:23,140 -                train: [    INFO] - Train: 101 [ 200/390 ( 51%)]  Loss: 3.281 (3.09)  Loss_gt: 2.049 (1.96)  Loss_kd: 1.232 (1.13) LR: 5.000e-02
2025-09-14 05:02:08,477 -                train: [    INFO] - Train: 101 [ 389/390 (100%)]  Loss: 3.345 (3.11)  Loss_gt: 2.108 (1.97)  Loss_kd: 1.237 (1.14) LR: 5.000e-02
2025-09-14 05:02:08,690 -                train: [    INFO] - Test: [   0/78]  Time: 0.203 (0.203)  Loss:  0.9469 (0.9469)  Acc@1: 71.8750 (71.8750)  Acc@5: 92.1875 (92.1875)
2025-09-14 05:02:11,963 -                train: [    INFO] - Test: [  78/78]  Time: 0.017 (0.044)  Loss:  1.1677 (1.1003)  Acc@1: 75.0000 (69.9100)  Acc@5: 87.5000 (91.5400)
2025-09-14 05:02:12,220 - timm.utils.checkpoint_saver: [    INFO] - Current checkpoints:
 ('./output/train/20250914-020203-resnet18-224/checkpoint/checkpoint-65.pth.tar', 70.84)
 ('./output/train/20250914-020203-resnet18-224/checkpoint/checkpoint-74.pth.tar', 70.33)
 ('./output/train/20250914-020203-resnet18-224/checkpoint/checkpoint-95.pth.tar', 69.91)
 ('./output/train/20250914-020203-resnet18-224/checkpoint/checkpoint-101.pth.tar', 69.91)
 ('./output/train/20250914-020203-resnet18-224/checkpoint/checkpoint-91.pth.tar', 69.82)
 ('./output/train/20250914-020203-resnet18-224/checkpoint/checkpoint-66.pth.tar', 69.79)
 ('./output/train/20250914-020203-resnet18-224/checkpoint/checkpoint-76.pth.tar', 69.61)
 ('./output/train/20250914-020203-resnet18-224/checkpoint/checkpoint-83.pth.tar', 69.61)
 ('./output/train/20250914-020203-resnet18-224/checkpoint/checkpoint-78.pth.tar', 69.53)
 ('./output/train/20250914-020203-resnet18-224/checkpoint/checkpoint-58.pth.tar', 69.52)

2025-09-14 05:02:12,717 -                train: [    INFO] - Train: 102 [   0/390 (  0%)]  Loss: 3.193 (3.19)  Loss_gt: 2.038 (2.04)  Loss_kd: 1.155 (1.15) LR: 5.000e-02
2025-09-14 05:03:00,827 -                train: [    INFO] - Train: 102 [ 200/390 ( 51%)]  Loss: 3.439 (3.09)  Loss_gt: 2.123 (1.96)  Loss_kd: 1.316 (1.13) LR: 5.000e-02
2025-09-14 05:03:46,407 -                train: [    INFO] - Train: 102 [ 389/390 (100%)]  Loss: 3.201 (3.11)  Loss_gt: 2.002 (1.97)  Loss_kd: 1.199 (1.14) LR: 5.000e-02
2025-09-14 05:03:46,606 -                train: [    INFO] - Test: [   0/78]  Time: 0.190 (0.190)  Loss:  0.8540 (0.8540)  Acc@1: 75.7812 (75.7812)  Acc@5: 93.7500 (93.7500)
2025-09-14 05:03:49,806 -                train: [    INFO] - Test: [  78/78]  Time: 0.013 (0.043)  Loss:  0.8742 (1.1004)  Acc@1: 75.0000 (70.3300)  Acc@5: 87.5000 (91.5700)
2025-09-14 05:03:50,067 - timm.utils.checkpoint_saver: [    INFO] - Current checkpoints:
 ('./output/train/20250914-020203-resnet18-224/checkpoint/checkpoint-65.pth.tar', 70.84)
 ('./output/train/20250914-020203-resnet18-224/checkpoint/checkpoint-74.pth.tar', 70.33)
 ('./output/train/20250914-020203-resnet18-224/checkpoint/checkpoint-102.pth.tar', 70.33)
 ('./output/train/20250914-020203-resnet18-224/checkpoint/checkpoint-95.pth.tar', 69.91)
 ('./output/train/20250914-020203-resnet18-224/checkpoint/checkpoint-101.pth.tar', 69.91)
 ('./output/train/20250914-020203-resnet18-224/checkpoint/checkpoint-91.pth.tar', 69.82)
 ('./output/train/20250914-020203-resnet18-224/checkpoint/checkpoint-66.pth.tar', 69.79)
 ('./output/train/20250914-020203-resnet18-224/checkpoint/checkpoint-76.pth.tar', 69.61)
 ('./output/train/20250914-020203-resnet18-224/checkpoint/checkpoint-83.pth.tar', 69.61)
 ('./output/train/20250914-020203-resnet18-224/checkpoint/checkpoint-78.pth.tar', 69.53)

2025-09-14 05:03:50,581 -                train: [    INFO] - Train: 103 [   0/390 (  0%)]  Loss: 3.172 (3.17)  Loss_gt: 2.050 (2.05)  Loss_kd: 1.122 (1.12) LR: 5.000e-02
2025-09-14 05:04:38,175 -                train: [    INFO] - Train: 103 [ 200/390 ( 51%)]  Loss: 2.976 (3.08)  Loss_gt: 1.926 (1.96)  Loss_kd: 1.051 (1.12) LR: 5.000e-02
2025-09-14 05:05:30,136 -                train: [    INFO] - Train: 103 [ 389/390 (100%)]  Loss: 3.102 (3.11)  Loss_gt: 1.992 (1.97)  Loss_kd: 1.110 (1.13) LR: 5.000e-02
2025-09-14 05:05:30,337 -                train: [    INFO] - Test: [   0/78]  Time: 0.192 (0.192)  Loss:  1.1249 (1.1249)  Acc@1: 69.5312 (69.5312)  Acc@5: 92.1875 (92.1875)
2025-09-14 05:05:33,864 -                train: [    INFO] - Test: [  78/78]  Time: 0.015 (0.047)  Loss:  1.3874 (1.2391)  Acc@1: 68.7500 (66.2500)  Acc@5: 81.2500 (89.6200)
2025-09-14 05:05:34,571 -                train: [    INFO] - Train: 104 [   0/390 (  0%)]  Loss: 2.943 (2.94)  Loss_gt: 1.868 (1.87)  Loss_kd: 1.075 (1.07) LR: 5.000e-02
2025-09-14 05:06:26,457 -                train: [    INFO] - Train: 104 [ 200/390 ( 51%)]  Loss: 3.085 (3.10)  Loss_gt: 1.994 (1.97)  Loss_kd: 1.091 (1.14) LR: 5.000e-02
2025-09-14 05:07:16,068 -                train: [    INFO] - Train: 104 [ 389/390 (100%)]  Loss: 3.231 (3.12)  Loss_gt: 2.011 (1.98)  Loss_kd: 1.220 (1.14) LR: 5.000e-02
2025-09-14 05:07:16,271 -                train: [    INFO] - Test: [   0/78]  Time: 0.194 (0.194)  Loss:  0.8500 (0.8500)  Acc@1: 75.7812 (75.7812)  Acc@5: 95.3125 (95.3125)
2025-09-14 05:07:20,140 -                train: [    INFO] - Test: [  78/78]  Time: 0.017 (0.051)  Loss:  1.0702 (1.0987)  Acc@1: 62.5000 (69.3500)  Acc@5: 93.7500 (91.6200)
2025-09-14 05:07:20,976 -                train: [    INFO] - Train: 105 [   0/390 (  0%)]  Loss: 3.109 (3.11)  Loss_gt: 1.964 (1.96)  Loss_kd: 1.145 (1.15) LR: 5.000e-02
2025-09-14 05:08:13,755 -                train: [    INFO] - Train: 105 [ 200/390 ( 51%)]  Loss: 3.179 (3.07)  Loss_gt: 2.036 (1.95)  Loss_kd: 1.144 (1.12) LR: 5.000e-02
2025-09-14 05:09:03,177 -                train: [    INFO] - Train: 105 [ 389/390 (100%)]  Loss: 3.018 (3.10)  Loss_gt: 1.920 (1.97)  Loss_kd: 1.097 (1.13) LR: 5.000e-02
2025-09-14 05:09:03,391 -                train: [    INFO] - Test: [   0/78]  Time: 0.203 (0.203)  Loss:  0.9487 (0.9487)  Acc@1: 76.5625 (76.5625)  Acc@5: 93.7500 (93.7500)
2025-09-14 05:09:06,990 -                train: [    INFO] - Test: [  78/78]  Time: 0.015 (0.048)  Loss:  0.8498 (1.1065)  Acc@1: 81.2500 (70.2000)  Acc@5: 93.7500 (92.0000)
2025-09-14 05:09:07,403 - timm.utils.checkpoint_saver: [    INFO] - Current checkpoints:
 ('./output/train/20250914-020203-resnet18-224/checkpoint/checkpoint-65.pth.tar', 70.84)
 ('./output/train/20250914-020203-resnet18-224/checkpoint/checkpoint-74.pth.tar', 70.33)
 ('./output/train/20250914-020203-resnet18-224/checkpoint/checkpoint-102.pth.tar', 70.33)
 ('./output/train/20250914-020203-resnet18-224/checkpoint/checkpoint-105.pth.tar', 70.2)
 ('./output/train/20250914-020203-resnet18-224/checkpoint/checkpoint-95.pth.tar', 69.91)
 ('./output/train/20250914-020203-resnet18-224/checkpoint/checkpoint-101.pth.tar', 69.91)
 ('./output/train/20250914-020203-resnet18-224/checkpoint/checkpoint-91.pth.tar', 69.82)
 ('./output/train/20250914-020203-resnet18-224/checkpoint/checkpoint-66.pth.tar', 69.79)
 ('./output/train/20250914-020203-resnet18-224/checkpoint/checkpoint-76.pth.tar', 69.61)
 ('./output/train/20250914-020203-resnet18-224/checkpoint/checkpoint-83.pth.tar', 69.61)

2025-09-14 05:09:07,938 -                train: [    INFO] - Train: 106 [   0/390 (  0%)]  Loss: 3.313 (3.31)  Loss_gt: 2.100 (2.10)  Loss_kd: 1.213 (1.21) LR: 5.000e-02
2025-09-14 05:10:00,948 -                train: [    INFO] - Train: 106 [ 200/390 ( 51%)]  Loss: 2.900 (3.07)  Loss_gt: 1.844 (1.95)  Loss_kd: 1.056 (1.12) LR: 5.000e-02
2025-09-14 05:10:50,327 -                train: [    INFO] - Train: 106 [ 389/390 (100%)]  Loss: 3.213 (3.09)  Loss_gt: 2.109 (1.96)  Loss_kd: 1.105 (1.13) LR: 5.000e-02
2025-09-14 05:10:50,536 -                train: [    INFO] - Test: [   0/78]  Time: 0.200 (0.200)  Loss:  0.9034 (0.9034)  Acc@1: 75.0000 (75.0000)  Acc@5: 92.9688 (92.9688)
2025-09-14 05:10:53,988 -                train: [    INFO] - Test: [  78/78]  Time: 0.015 (0.046)  Loss:  0.9261 (1.1357)  Acc@1: 75.0000 (68.6600)  Acc@5: 87.5000 (91.7400)
2025-09-14 05:10:54,808 -                train: [    INFO] - Train: 107 [   0/390 (  0%)]  Loss: 3.069 (3.07)  Loss_gt: 1.939 (1.94)  Loss_kd: 1.130 (1.13) LR: 5.000e-02
2025-09-14 05:11:47,805 -                train: [    INFO] - Train: 107 [ 200/390 ( 51%)]  Loss: 2.786 (3.04)  Loss_gt: 1.758 (1.93)  Loss_kd: 1.028 (1.11) LR: 5.000e-02
2025-09-14 05:12:37,840 -                train: [    INFO] - Train: 107 [ 389/390 (100%)]  Loss: 3.534 (3.09)  Loss_gt: 2.161 (1.96)  Loss_kd: 1.373 (1.13) LR: 5.000e-02
2025-09-14 05:12:38,049 -                train: [    INFO] - Test: [   0/78]  Time: 0.198 (0.198)  Loss:  1.1598 (1.1598)  Acc@1: 68.7500 (68.7500)  Acc@5: 91.4062 (91.4062)
2025-09-14 05:12:46,436 -                train: [    INFO] - Test: [  78/78]  Time: 0.017 (0.109)  Loss:  1.2170 (1.3332)  Acc@1: 62.5000 (64.4200)  Acc@5: 87.5000 (88.5800)
2025-09-14 05:12:47,700 -                train: [    INFO] - Train: 108 [   0/390 (  0%)]  Loss: 2.860 (2.86)  Loss_gt: 1.804 (1.80)  Loss_kd: 1.057 (1.06) LR: 5.000e-02
2025-09-14 05:13:40,286 -                train: [    INFO] - Train: 108 [ 200/390 ( 51%)]  Loss: 2.884 (3.06)  Loss_gt: 1.901 (1.94)  Loss_kd: 0.9835 (1.12) LR: 5.000e-02
2025-09-14 05:14:29,879 -                train: [    INFO] - Train: 108 [ 389/390 (100%)]  Loss: 3.221 (3.09)  Loss_gt: 2.067 (1.96)  Loss_kd: 1.154 (1.13) LR: 5.000e-02
2025-09-14 05:14:30,096 -                train: [    INFO] - Test: [   0/78]  Time: 0.207 (0.207)  Loss:  0.9488 (0.9488)  Acc@1: 75.0000 (75.0000)  Acc@5: 95.3125 (95.3125)
2025-09-14 05:14:33,717 -                train: [    INFO] - Test: [  78/78]  Time: 0.017 (0.048)  Loss:  0.8505 (1.1079)  Acc@1: 75.0000 (69.3400)  Acc@5: 93.7500 (92.0200)
2025-09-14 05:14:34,668 -                train: [    INFO] - Train: 109 [   0/390 (  0%)]  Loss: 2.972 (2.97)  Loss_gt: 1.797 (1.80)  Loss_kd: 1.175 (1.18) LR: 5.000e-02
2025-09-14 05:15:27,176 -                train: [    INFO] - Train: 109 [ 200/390 ( 51%)]  Loss: 2.986 (3.08)  Loss_gt: 1.895 (1.95)  Loss_kd: 1.091 (1.13) LR: 5.000e-02
2025-09-14 05:16:17,098 -                train: [    INFO] - Train: 109 [ 389/390 (100%)]  Loss: 2.880 (3.10)  Loss_gt: 1.937 (1.97)  Loss_kd: 0.9430 (1.14) LR: 5.000e-02
2025-09-14 05:16:17,339 -                train: [    INFO] - Test: [   0/78]  Time: 0.230 (0.230)  Loss:  0.8349 (0.8349)  Acc@1: 78.1250 (78.1250)  Acc@5: 96.0938 (96.0938)
2025-09-14 05:16:21,014 -                train: [    INFO] - Test: [  78/78]  Time: 0.015 (0.049)  Loss:  1.0770 (1.0698)  Acc@1: 62.5000 (70.5500)  Acc@5: 93.7500 (92.2200)
2025-09-14 05:16:21,380 - timm.utils.checkpoint_saver: [    INFO] - Current checkpoints:
 ('./output/train/20250914-020203-resnet18-224/checkpoint/checkpoint-65.pth.tar', 70.84)
 ('./output/train/20250914-020203-resnet18-224/checkpoint/checkpoint-109.pth.tar', 70.55)
 ('./output/train/20250914-020203-resnet18-224/checkpoint/checkpoint-74.pth.tar', 70.33)
 ('./output/train/20250914-020203-resnet18-224/checkpoint/checkpoint-102.pth.tar', 70.33)
 ('./output/train/20250914-020203-resnet18-224/checkpoint/checkpoint-105.pth.tar', 70.2)
 ('./output/train/20250914-020203-resnet18-224/checkpoint/checkpoint-95.pth.tar', 69.91)
 ('./output/train/20250914-020203-resnet18-224/checkpoint/checkpoint-101.pth.tar', 69.91)
 ('./output/train/20250914-020203-resnet18-224/checkpoint/checkpoint-91.pth.tar', 69.82)
 ('./output/train/20250914-020203-resnet18-224/checkpoint/checkpoint-66.pth.tar', 69.79)
 ('./output/train/20250914-020203-resnet18-224/checkpoint/checkpoint-76.pth.tar', 69.61)

2025-09-14 05:16:22,030 -                train: [    INFO] - Train: 110 [   0/390 (  0%)]  Loss: 2.812 (2.81)  Loss_gt: 1.870 (1.87)  Loss_kd: 0.9419 (0.942) LR: 5.000e-02
2025-09-14 05:17:14,718 -                train: [    INFO] - Train: 110 [ 200/390 ( 51%)]  Loss: 3.150 (3.06)  Loss_gt: 2.086 (1.94)  Loss_kd: 1.063 (1.12) LR: 5.000e-02
2025-09-14 05:18:04,924 -                train: [    INFO] - Train: 110 [ 389/390 (100%)]  Loss: 3.164 (3.11)  Loss_gt: 2.037 (1.97)  Loss_kd: 1.126 (1.14) LR: 5.000e-02
2025-09-14 05:18:05,120 -                train: [    INFO] - Test: [   0/78]  Time: 0.184 (0.184)  Loss:  0.8894 (0.8894)  Acc@1: 72.6562 (72.6562)  Acc@5: 96.8750 (96.8750)
2025-09-14 05:18:08,724 -                train: [    INFO] - Test: [  78/78]  Time: 0.015 (0.048)  Loss:  0.6608 (1.0693)  Acc@1: 87.5000 (70.6300)  Acc@5: 93.7500 (92.4400)
2025-09-14 05:18:08,972 - timm.utils.checkpoint_saver: [    INFO] - Current checkpoints:
 ('./output/train/20250914-020203-resnet18-224/checkpoint/checkpoint-65.pth.tar', 70.84)
 ('./output/train/20250914-020203-resnet18-224/checkpoint/checkpoint-110.pth.tar', 70.63)
 ('./output/train/20250914-020203-resnet18-224/checkpoint/checkpoint-109.pth.tar', 70.55)
 ('./output/train/20250914-020203-resnet18-224/checkpoint/checkpoint-74.pth.tar', 70.33)
 ('./output/train/20250914-020203-resnet18-224/checkpoint/checkpoint-102.pth.tar', 70.33)
 ('./output/train/20250914-020203-resnet18-224/checkpoint/checkpoint-105.pth.tar', 70.2)
 ('./output/train/20250914-020203-resnet18-224/checkpoint/checkpoint-95.pth.tar', 69.91)
 ('./output/train/20250914-020203-resnet18-224/checkpoint/checkpoint-101.pth.tar', 69.91)
 ('./output/train/20250914-020203-resnet18-224/checkpoint/checkpoint-91.pth.tar', 69.82)
 ('./output/train/20250914-020203-resnet18-224/checkpoint/checkpoint-66.pth.tar', 69.79)

2025-09-14 05:18:09,626 -                train: [    INFO] - Train: 111 [   0/390 (  0%)]  Loss: 3.037 (3.04)  Loss_gt: 1.896 (1.90)  Loss_kd: 1.141 (1.14) LR: 5.000e-02
2025-09-14 05:19:01,619 -                train: [    INFO] - Train: 111 [ 200/390 ( 51%)]  Loss: 3.164 (3.10)  Loss_gt: 1.879 (1.96)  Loss_kd: 1.286 (1.14) LR: 5.000e-02
2025-09-14 05:19:51,306 -                train: [    INFO] - Train: 111 [ 389/390 (100%)]  Loss: 3.372 (3.12)  Loss_gt: 2.150 (1.98)  Loss_kd: 1.222 (1.14) LR: 5.000e-02
2025-09-14 05:19:51,503 -                train: [    INFO] - Test: [   0/78]  Time: 0.185 (0.185)  Loss:  0.9064 (0.9064)  Acc@1: 71.8750 (71.8750)  Acc@5: 94.5312 (94.5312)
2025-09-14 05:19:54,960 -                train: [    INFO] - Test: [  78/78]  Time: 0.013 (0.046)  Loss:  0.9045 (1.1293)  Acc@1: 75.0000 (69.1300)  Acc@5: 93.7500 (90.9100)
2025-09-14 05:19:55,801 -                train: [    INFO] - Train: 112 [   0/390 (  0%)]  Loss: 3.295 (3.30)  Loss_gt: 2.147 (2.15)  Loss_kd: 1.149 (1.15) LR: 5.000e-02
2025-09-14 05:20:48,321 -                train: [    INFO] - Train: 112 [ 200/390 ( 51%)]  Loss: 2.977 (3.06)  Loss_gt: 1.941 (1.94)  Loss_kd: 1.036 (1.12) LR: 5.000e-02
2025-09-14 05:21:38,239 -                train: [    INFO] - Train: 112 [ 389/390 (100%)]  Loss: 3.205 (3.09)  Loss_gt: 2.018 (1.96)  Loss_kd: 1.187 (1.13) LR: 5.000e-02
2025-09-14 05:21:38,455 -                train: [    INFO] - Test: [   0/78]  Time: 0.204 (0.204)  Loss:  0.8636 (0.8636)  Acc@1: 73.4375 (73.4375)  Acc@5: 96.0938 (96.0938)
2025-09-14 05:21:42,110 -                train: [    INFO] - Test: [  78/78]  Time: 0.017 (0.049)  Loss:  1.1322 (1.0787)  Acc@1: 75.0000 (70.7500)  Acc@5: 81.2500 (92.1000)
2025-09-14 05:21:42,369 - timm.utils.checkpoint_saver: [    INFO] - Current checkpoints:
 ('./output/train/20250914-020203-resnet18-224/checkpoint/checkpoint-65.pth.tar', 70.84)
 ('./output/train/20250914-020203-resnet18-224/checkpoint/checkpoint-112.pth.tar', 70.75)
 ('./output/train/20250914-020203-resnet18-224/checkpoint/checkpoint-110.pth.tar', 70.63)
 ('./output/train/20250914-020203-resnet18-224/checkpoint/checkpoint-109.pth.tar', 70.55)
 ('./output/train/20250914-020203-resnet18-224/checkpoint/checkpoint-74.pth.tar', 70.33)
 ('./output/train/20250914-020203-resnet18-224/checkpoint/checkpoint-102.pth.tar', 70.33)
 ('./output/train/20250914-020203-resnet18-224/checkpoint/checkpoint-105.pth.tar', 70.2)
 ('./output/train/20250914-020203-resnet18-224/checkpoint/checkpoint-95.pth.tar', 69.91)
 ('./output/train/20250914-020203-resnet18-224/checkpoint/checkpoint-101.pth.tar', 69.91)
 ('./output/train/20250914-020203-resnet18-224/checkpoint/checkpoint-91.pth.tar', 69.82)

2025-09-14 05:21:42,869 -                train: [    INFO] - Train: 113 [   0/390 (  0%)]  Loss: 3.160 (3.16)  Loss_gt: 1.994 (1.99)  Loss_kd: 1.166 (1.17) LR: 5.000e-02
2025-09-14 05:22:35,687 -                train: [    INFO] - Train: 113 [ 200/390 ( 51%)]  Loss: 3.184 (3.05)  Loss_gt: 2.067 (1.95)  Loss_kd: 1.117 (1.11) LR: 5.000e-02
2025-09-14 05:23:25,374 -                train: [    INFO] - Train: 113 [ 389/390 (100%)]  Loss: 3.262 (3.09)  Loss_gt: 2.115 (1.96)  Loss_kd: 1.147 (1.12) LR: 5.000e-02
2025-09-14 05:23:25,611 -                train: [    INFO] - Test: [   0/78]  Time: 0.226 (0.226)  Loss:  1.0819 (1.0819)  Acc@1: 73.4375 (73.4375)  Acc@5: 92.1875 (92.1875)
2025-09-14 05:23:29,261 -                train: [    INFO] - Test: [  78/78]  Time: 0.017 (0.049)  Loss:  1.2361 (1.2690)  Acc@1: 75.0000 (65.4900)  Acc@5: 87.5000 (89.4600)
2025-09-14 05:23:30,031 -                train: [    INFO] - Train: 114 [   0/390 (  0%)]  Loss: 3.191 (3.19)  Loss_gt: 1.905 (1.90)  Loss_kd: 1.286 (1.29) LR: 5.000e-02
2025-09-14 05:24:23,060 -                train: [    INFO] - Train: 114 [ 200/390 ( 51%)]  Loss: 3.152 (3.06)  Loss_gt: 1.997 (1.94)  Loss_kd: 1.154 (1.13) LR: 5.000e-02
2025-09-14 05:25:12,171 -                train: [    INFO] - Train: 114 [ 389/390 (100%)]  Loss: 3.233 (3.10)  Loss_gt: 1.966 (1.96)  Loss_kd: 1.266 (1.14) LR: 5.000e-02
2025-09-14 05:25:12,370 -                train: [    INFO] - Test: [   0/78]  Time: 0.189 (0.189)  Loss:  0.9709 (0.9709)  Acc@1: 71.0938 (71.0938)  Acc@5: 92.9688 (92.9688)
2025-09-14 05:25:15,877 -                train: [    INFO] - Test: [  78/78]  Time: 0.017 (0.047)  Loss:  0.9954 (1.1474)  Acc@1: 62.5000 (68.6500)  Acc@5: 93.7500 (91.1800)
2025-09-14 05:25:16,620 -                train: [    INFO] - Train: 115 [   0/390 (  0%)]  Loss: 3.068 (3.07)  Loss_gt: 1.890 (1.89)  Loss_kd: 1.178 (1.18) LR: 5.000e-02
2025-09-14 05:26:09,518 -                train: [    INFO] - Train: 115 [ 200/390 ( 51%)]  Loss: 3.151 (3.05)  Loss_gt: 1.986 (1.94)  Loss_kd: 1.165 (1.11) LR: 5.000e-02
2025-09-14 05:26:59,254 -                train: [    INFO] - Train: 115 [ 389/390 (100%)]  Loss: 3.188 (3.08)  Loss_gt: 2.031 (1.96)  Loss_kd: 1.157 (1.12) LR: 5.000e-02
2025-09-14 05:26:59,466 -                train: [    INFO] - Test: [   0/78]  Time: 0.201 (0.201)  Loss:  1.0051 (1.0051)  Acc@1: 70.3125 (70.3125)  Acc@5: 92.9688 (92.9688)
2025-09-14 05:27:03,196 -                train: [    INFO] - Test: [  78/78]  Time: 0.012 (0.050)  Loss:  1.2589 (1.1572)  Acc@1: 68.7500 (68.4400)  Acc@5: 87.5000 (91.0200)
2025-09-14 05:27:04,070 -                train: [    INFO] - Train: 116 [   0/390 (  0%)]  Loss: 2.977 (2.98)  Loss_gt: 1.910 (1.91)  Loss_kd: 1.067 (1.07) LR: 5.000e-02
2025-09-14 05:27:56,928 -                train: [    INFO] - Train: 116 [ 200/390 ( 51%)]  Loss: 3.132 (3.07)  Loss_gt: 2.046 (1.95)  Loss_kd: 1.087 (1.12) LR: 5.000e-02
2025-09-14 05:28:46,968 -                train: [    INFO] - Train: 116 [ 389/390 (100%)]  Loss: 3.017 (3.10)  Loss_gt: 1.913 (1.96)  Loss_kd: 1.104 (1.13) LR: 5.000e-02
2025-09-14 05:28:47,180 -                train: [    INFO] - Test: [   0/78]  Time: 0.200 (0.200)  Loss:  1.0036 (1.0036)  Acc@1: 71.8750 (71.8750)  Acc@5: 92.9688 (92.9688)
2025-09-14 05:28:50,735 -                train: [    INFO] - Test: [  78/78]  Time: 0.015 (0.048)  Loss:  0.8089 (1.0834)  Acc@1: 81.2500 (70.9000)  Acc@5: 87.5000 (92.1200)
2025-09-14 05:28:50,950 - timm.utils.checkpoint_saver: [    INFO] - Current checkpoints:
 ('./output/train/20250914-020203-resnet18-224/checkpoint/checkpoint-116.pth.tar', 70.9)
 ('./output/train/20250914-020203-resnet18-224/checkpoint/checkpoint-65.pth.tar', 70.84)
 ('./output/train/20250914-020203-resnet18-224/checkpoint/checkpoint-112.pth.tar', 70.75)
 ('./output/train/20250914-020203-resnet18-224/checkpoint/checkpoint-110.pth.tar', 70.63)
 ('./output/train/20250914-020203-resnet18-224/checkpoint/checkpoint-109.pth.tar', 70.55)
 ('./output/train/20250914-020203-resnet18-224/checkpoint/checkpoint-74.pth.tar', 70.33)
 ('./output/train/20250914-020203-resnet18-224/checkpoint/checkpoint-102.pth.tar', 70.33)
 ('./output/train/20250914-020203-resnet18-224/checkpoint/checkpoint-105.pth.tar', 70.2)
 ('./output/train/20250914-020203-resnet18-224/checkpoint/checkpoint-95.pth.tar', 69.91)
 ('./output/train/20250914-020203-resnet18-224/checkpoint/checkpoint-101.pth.tar', 69.91)

2025-09-14 05:28:51,454 -                train: [    INFO] - Train: 117 [   0/390 (  0%)]  Loss: 2.994 (2.99)  Loss_gt: 1.947 (1.95)  Loss_kd: 1.046 (1.05) LR: 5.000e-02
2025-09-14 05:29:44,131 -                train: [    INFO] - Train: 117 [ 200/390 ( 51%)]  Loss: 3.206 (3.03)  Loss_gt: 2.046 (1.93)  Loss_kd: 1.160 (1.10) LR: 5.000e-02
2025-09-14 05:30:34,043 -                train: [    INFO] - Train: 117 [ 389/390 (100%)]  Loss: 3.481 (3.07)  Loss_gt: 2.090 (1.95)  Loss_kd: 1.391 (1.12) LR: 5.000e-02
2025-09-14 05:30:34,252 -                train: [    INFO] - Test: [   0/78]  Time: 0.198 (0.198)  Loss:  1.0414 (1.0414)  Acc@1: 73.4375 (73.4375)  Acc@5: 93.7500 (93.7500)
2025-09-14 05:30:37,862 -                train: [    INFO] - Test: [  78/78]  Time: 0.013 (0.048)  Loss:  0.9647 (1.1089)  Acc@1: 75.0000 (69.9900)  Acc@5: 87.5000 (91.8600)
2025-09-14 05:30:38,102 - timm.utils.checkpoint_saver: [    INFO] - Current checkpoints:
 ('./output/train/20250914-020203-resnet18-224/checkpoint/checkpoint-116.pth.tar', 70.9)
 ('./output/train/20250914-020203-resnet18-224/checkpoint/checkpoint-65.pth.tar', 70.84)
 ('./output/train/20250914-020203-resnet18-224/checkpoint/checkpoint-112.pth.tar', 70.75)
 ('./output/train/20250914-020203-resnet18-224/checkpoint/checkpoint-110.pth.tar', 70.63)
 ('./output/train/20250914-020203-resnet18-224/checkpoint/checkpoint-109.pth.tar', 70.55)
 ('./output/train/20250914-020203-resnet18-224/checkpoint/checkpoint-74.pth.tar', 70.33)
 ('./output/train/20250914-020203-resnet18-224/checkpoint/checkpoint-102.pth.tar', 70.33)
 ('./output/train/20250914-020203-resnet18-224/checkpoint/checkpoint-105.pth.tar', 70.2)
 ('./output/train/20250914-020203-resnet18-224/checkpoint/checkpoint-117.pth.tar', 69.99)
 ('./output/train/20250914-020203-resnet18-224/checkpoint/checkpoint-95.pth.tar', 69.91)

2025-09-14 05:30:38,719 -                train: [    INFO] - Train: 118 [   0/390 (  0%)]  Loss: 2.971 (2.97)  Loss_gt: 1.864 (1.86)  Loss_kd: 1.107 (1.11) LR: 5.000e-02
2025-09-14 05:31:31,132 -                train: [    INFO] - Train: 118 [ 200/390 ( 51%)]  Loss: 3.330 (3.08)  Loss_gt: 2.124 (1.95)  Loss_kd: 1.206 (1.13) LR: 5.000e-02
2025-09-14 05:32:21,606 -                train: [    INFO] - Train: 118 [ 389/390 (100%)]  Loss: 3.373 (3.09)  Loss_gt: 2.123 (1.96)  Loss_kd: 1.249 (1.13) LR: 5.000e-02
2025-09-14 05:32:21,814 -                train: [    INFO] - Test: [   0/78]  Time: 0.197 (0.197)  Loss:  0.9853 (0.9853)  Acc@1: 68.7500 (68.7500)  Acc@5: 92.9688 (92.9688)
2025-09-14 05:32:25,366 -                train: [    INFO] - Test: [  78/78]  Time: 0.015 (0.047)  Loss:  1.2188 (1.1201)  Acc@1: 68.7500 (68.9800)  Acc@5: 100.0000 (91.1100)
2025-09-14 05:32:26,124 -                train: [    INFO] - Train: 119 [   0/390 (  0%)]  Loss: 2.999 (3.00)  Loss_gt: 1.960 (1.96)  Loss_kd: 1.038 (1.04) LR: 5.000e-03
2025-09-14 05:33:18,658 -                train: [    INFO] - Train: 119 [ 200/390 ( 51%)]  Loss: 2.584 (2.80)  Loss_gt: 1.692 (1.81)  Loss_kd: 0.8915 (0.987) LR: 5.000e-03
2025-09-14 05:34:08,318 -                train: [    INFO] - Train: 119 [ 389/390 (100%)]  Loss: 2.473 (2.74)  Loss_gt: 1.627 (1.78)  Loss_kd: 0.8461 (0.966) LR: 5.000e-03
2025-09-14 05:34:08,548 -                train: [    INFO] - Test: [   0/78]  Time: 0.218 (0.218)  Loss:  0.7029 (0.7029)  Acc@1: 79.6875 (79.6875)  Acc@5: 94.5312 (94.5312)
2025-09-14 05:34:12,246 -                train: [    INFO] - Test: [  78/78]  Time: 0.015 (0.050)  Loss:  0.8656 (0.8285)  Acc@1: 62.5000 (77.6200)  Acc@5: 93.7500 (94.8500)
2025-09-14 05:34:12,461 - timm.utils.checkpoint_saver: [    INFO] - Current checkpoints:
 ('./output/train/20250914-020203-resnet18-224/checkpoint/checkpoint-119.pth.tar', 77.62)
 ('./output/train/20250914-020203-resnet18-224/checkpoint/checkpoint-116.pth.tar', 70.9)
 ('./output/train/20250914-020203-resnet18-224/checkpoint/checkpoint-65.pth.tar', 70.84)
 ('./output/train/20250914-020203-resnet18-224/checkpoint/checkpoint-112.pth.tar', 70.75)
 ('./output/train/20250914-020203-resnet18-224/checkpoint/checkpoint-110.pth.tar', 70.63)
 ('./output/train/20250914-020203-resnet18-224/checkpoint/checkpoint-109.pth.tar', 70.55)
 ('./output/train/20250914-020203-resnet18-224/checkpoint/checkpoint-74.pth.tar', 70.33)
 ('./output/train/20250914-020203-resnet18-224/checkpoint/checkpoint-102.pth.tar', 70.33)
 ('./output/train/20250914-020203-resnet18-224/checkpoint/checkpoint-105.pth.tar', 70.2)
 ('./output/train/20250914-020203-resnet18-224/checkpoint/checkpoint-117.pth.tar', 69.99)

2025-09-14 05:34:12,946 -                train: [    INFO] - Train: 120 [   0/390 (  0%)]  Loss: 2.682 (2.68)  Loss_gt: 1.610 (1.61)  Loss_kd: 1.072 (1.07) LR: 5.000e-03
2025-09-14 05:35:05,921 -                train: [    INFO] - Train: 120 [ 200/390 ( 51%)]  Loss: 2.806 (2.60)  Loss_gt: 1.864 (1.69)  Loss_kd: 0.9425 (0.912) LR: 5.000e-03
2025-09-14 05:35:55,008 -                train: [    INFO] - Train: 120 [ 389/390 (100%)]  Loss: 2.453 (2.60)  Loss_gt: 1.648 (1.69)  Loss_kd: 0.8049 (0.912) LR: 5.000e-03
2025-09-14 05:35:55,227 -                train: [    INFO] - Test: [   0/78]  Time: 0.210 (0.210)  Loss:  0.6724 (0.6724)  Acc@1: 80.4688 (80.4688)  Acc@5: 95.3125 (95.3125)
2025-09-14 05:35:58,877 -                train: [    INFO] - Test: [  78/78]  Time: 0.019 (0.049)  Loss:  0.9367 (0.8037)  Acc@1: 62.5000 (78.3100)  Acc@5: 93.7500 (95.1900)
2025-09-14 05:35:59,095 - timm.utils.checkpoint_saver: [    INFO] - Current checkpoints:
 ('./output/train/20250914-020203-resnet18-224/checkpoint/checkpoint-120.pth.tar', 78.31)
 ('./output/train/20250914-020203-resnet18-224/checkpoint/checkpoint-119.pth.tar', 77.62)
 ('./output/train/20250914-020203-resnet18-224/checkpoint/checkpoint-116.pth.tar', 70.9)
 ('./output/train/20250914-020203-resnet18-224/checkpoint/checkpoint-65.pth.tar', 70.84)
 ('./output/train/20250914-020203-resnet18-224/checkpoint/checkpoint-112.pth.tar', 70.75)
 ('./output/train/20250914-020203-resnet18-224/checkpoint/checkpoint-110.pth.tar', 70.63)
 ('./output/train/20250914-020203-resnet18-224/checkpoint/checkpoint-109.pth.tar', 70.55)
 ('./output/train/20250914-020203-resnet18-224/checkpoint/checkpoint-74.pth.tar', 70.33)
 ('./output/train/20250914-020203-resnet18-224/checkpoint/checkpoint-102.pth.tar', 70.33)
 ('./output/train/20250914-020203-resnet18-224/checkpoint/checkpoint-105.pth.tar', 70.2)

2025-09-14 05:35:59,625 -                train: [    INFO] - Train: 121 [   0/390 (  0%)]  Loss: 2.366 (2.37)  Loss_gt: 1.547 (1.55)  Loss_kd: 0.8192 (0.819) LR: 5.000e-03
2025-09-14 05:36:51,750 -                train: [    INFO] - Train: 121 [ 200/390 ( 51%)]  Loss: 2.520 (2.56)  Loss_gt: 1.649 (1.66)  Loss_kd: 0.8708 (0.896) LR: 5.000e-03
2025-09-14 05:37:40,993 -                train: [    INFO] - Train: 121 [ 389/390 (100%)]  Loss: 2.509 (2.55)  Loss_gt: 1.650 (1.66)  Loss_kd: 0.8588 (0.890) LR: 5.000e-03
2025-09-14 05:37:41,188 -                train: [    INFO] - Test: [   0/78]  Time: 0.185 (0.185)  Loss:  0.6474 (0.6474)  Acc@1: 81.2500 (81.2500)  Acc@5: 97.6562 (97.6562)
2025-09-14 05:37:44,610 -                train: [    INFO] - Test: [  78/78]  Time: 0.013 (0.046)  Loss:  0.9361 (0.7983)  Acc@1: 62.5000 (78.7100)  Acc@5: 93.7500 (95.3200)
2025-09-14 05:37:44,801 - timm.utils.checkpoint_saver: [    INFO] - Current checkpoints:
 ('./output/train/20250914-020203-resnet18-224/checkpoint/checkpoint-121.pth.tar', 78.71)
 ('./output/train/20250914-020203-resnet18-224/checkpoint/checkpoint-120.pth.tar', 78.31)
 ('./output/train/20250914-020203-resnet18-224/checkpoint/checkpoint-119.pth.tar', 77.62)
 ('./output/train/20250914-020203-resnet18-224/checkpoint/checkpoint-116.pth.tar', 70.9)
 ('./output/train/20250914-020203-resnet18-224/checkpoint/checkpoint-65.pth.tar', 70.84)
 ('./output/train/20250914-020203-resnet18-224/checkpoint/checkpoint-112.pth.tar', 70.75)
 ('./output/train/20250914-020203-resnet18-224/checkpoint/checkpoint-110.pth.tar', 70.63)
 ('./output/train/20250914-020203-resnet18-224/checkpoint/checkpoint-109.pth.tar', 70.55)
 ('./output/train/20250914-020203-resnet18-224/checkpoint/checkpoint-74.pth.tar', 70.33)
 ('./output/train/20250914-020203-resnet18-224/checkpoint/checkpoint-102.pth.tar', 70.33)

2025-09-14 05:37:45,295 -                train: [    INFO] - Train: 122 [   0/390 (  0%)]  Loss: 2.482 (2.48)  Loss_gt: 1.606 (1.61)  Loss_kd: 0.8763 (0.876) LR: 5.000e-03
2025-09-14 05:38:37,906 -                train: [    INFO] - Train: 122 [ 200/390 ( 51%)]  Loss: 2.645 (2.50)  Loss_gt: 1.689 (1.64)  Loss_kd: 0.9564 (0.868) LR: 5.000e-03
2025-09-14 05:39:28,032 -                train: [    INFO] - Train: 122 [ 389/390 (100%)]  Loss: 2.219 (2.51)  Loss_gt: 1.529 (1.64)  Loss_kd: 0.6896 (0.874) LR: 5.000e-03
2025-09-14 05:39:28,223 -                train: [    INFO] - Test: [   0/78]  Time: 0.182 (0.182)  Loss:  0.6471 (0.6471)  Acc@1: 81.2500 (81.2500)  Acc@5: 96.8750 (96.8750)
2025-09-14 05:39:31,890 -                train: [    INFO] - Test: [  78/78]  Time: 0.013 (0.049)  Loss:  0.8863 (0.7901)  Acc@1: 68.7500 (78.9000)  Acc@5: 93.7500 (95.3500)
2025-09-14 05:39:32,109 - timm.utils.checkpoint_saver: [    INFO] - Current checkpoints:
 ('./output/train/20250914-020203-resnet18-224/checkpoint/checkpoint-122.pth.tar', 78.9)
 ('./output/train/20250914-020203-resnet18-224/checkpoint/checkpoint-121.pth.tar', 78.71)
 ('./output/train/20250914-020203-resnet18-224/checkpoint/checkpoint-120.pth.tar', 78.31)
 ('./output/train/20250914-020203-resnet18-224/checkpoint/checkpoint-119.pth.tar', 77.62)
 ('./output/train/20250914-020203-resnet18-224/checkpoint/checkpoint-116.pth.tar', 70.9)
 ('./output/train/20250914-020203-resnet18-224/checkpoint/checkpoint-65.pth.tar', 70.84)
 ('./output/train/20250914-020203-resnet18-224/checkpoint/checkpoint-112.pth.tar', 70.75)
 ('./output/train/20250914-020203-resnet18-224/checkpoint/checkpoint-110.pth.tar', 70.63)
 ('./output/train/20250914-020203-resnet18-224/checkpoint/checkpoint-109.pth.tar', 70.55)
 ('./output/train/20250914-020203-resnet18-224/checkpoint/checkpoint-74.pth.tar', 70.33)

2025-09-14 05:39:32,728 -                train: [    INFO] - Train: 123 [   0/390 (  0%)]  Loss: 2.690 (2.69)  Loss_gt: 1.721 (1.72)  Loss_kd: 0.9687 (0.969) LR: 5.000e-03
2025-09-14 05:40:25,607 -                train: [    INFO] - Train: 123 [ 200/390 ( 51%)]  Loss: 2.604 (2.48)  Loss_gt: 1.644 (1.62)  Loss_kd: 0.9601 (0.867) LR: 5.000e-03
2025-09-14 05:41:15,219 -                train: [    INFO] - Train: 123 [ 389/390 (100%)]  Loss: 2.640 (2.48)  Loss_gt: 1.757 (1.61)  Loss_kd: 0.8823 (0.866) LR: 5.000e-03
2025-09-14 05:41:15,428 -                train: [    INFO] - Test: [   0/78]  Time: 0.198 (0.198)  Loss:  0.6395 (0.6395)  Acc@1: 83.5938 (83.5938)  Acc@5: 98.4375 (98.4375)
2025-09-14 05:41:19,006 -                train: [    INFO] - Test: [  78/78]  Time: 0.017 (0.048)  Loss:  0.8128 (0.7882)  Acc@1: 68.7500 (79.2600)  Acc@5: 93.7500 (95.4600)
2025-09-14 05:41:19,326 - timm.utils.checkpoint_saver: [    INFO] - Current checkpoints:
 ('./output/train/20250914-020203-resnet18-224/checkpoint/checkpoint-123.pth.tar', 79.26)
 ('./output/train/20250914-020203-resnet18-224/checkpoint/checkpoint-122.pth.tar', 78.9)
 ('./output/train/20250914-020203-resnet18-224/checkpoint/checkpoint-121.pth.tar', 78.71)
 ('./output/train/20250914-020203-resnet18-224/checkpoint/checkpoint-120.pth.tar', 78.31)
 ('./output/train/20250914-020203-resnet18-224/checkpoint/checkpoint-119.pth.tar', 77.62)
 ('./output/train/20250914-020203-resnet18-224/checkpoint/checkpoint-116.pth.tar', 70.9)
 ('./output/train/20250914-020203-resnet18-224/checkpoint/checkpoint-65.pth.tar', 70.84)
 ('./output/train/20250914-020203-resnet18-224/checkpoint/checkpoint-112.pth.tar', 70.75)
 ('./output/train/20250914-020203-resnet18-224/checkpoint/checkpoint-110.pth.tar', 70.63)
 ('./output/train/20250914-020203-resnet18-224/checkpoint/checkpoint-109.pth.tar', 70.55)

2025-09-14 05:41:19,820 -                train: [    INFO] - Train: 124 [   0/390 (  0%)]  Loss: 2.485 (2.49)  Loss_gt: 1.640 (1.64)  Loss_kd: 0.8453 (0.845) LR: 5.000e-03
2025-09-14 05:42:12,937 -                train: [    INFO] - Train: 124 [ 200/390 ( 51%)]  Loss: 2.718 (2.47)  Loss_gt: 1.729 (1.61)  Loss_kd: 0.9893 (0.864) LR: 5.000e-03
2025-09-14 05:43:02,650 -                train: [    INFO] - Train: 124 [ 389/390 (100%)]  Loss: 2.418 (2.47)  Loss_gt: 1.665 (1.61)  Loss_kd: 0.7533 (0.861) LR: 5.000e-03
2025-09-14 05:43:02,856 -                train: [    INFO] - Test: [   0/78]  Time: 0.197 (0.197)  Loss:  0.6191 (0.6191)  Acc@1: 82.8125 (82.8125)  Acc@5: 98.4375 (98.4375)
2025-09-14 05:43:06,642 -                train: [    INFO] - Test: [  78/78]  Time: 0.015 (0.050)  Loss:  0.8707 (0.7850)  Acc@1: 62.5000 (79.1100)  Acc@5: 93.7500 (95.5900)
2025-09-14 05:43:06,878 - timm.utils.checkpoint_saver: [    INFO] - Current checkpoints:
 ('./output/train/20250914-020203-resnet18-224/checkpoint/checkpoint-123.pth.tar', 79.26)
 ('./output/train/20250914-020203-resnet18-224/checkpoint/checkpoint-124.pth.tar', 79.11)
 ('./output/train/20250914-020203-resnet18-224/checkpoint/checkpoint-122.pth.tar', 78.9)
 ('./output/train/20250914-020203-resnet18-224/checkpoint/checkpoint-121.pth.tar', 78.71)
 ('./output/train/20250914-020203-resnet18-224/checkpoint/checkpoint-120.pth.tar', 78.31)
 ('./output/train/20250914-020203-resnet18-224/checkpoint/checkpoint-119.pth.tar', 77.62)
 ('./output/train/20250914-020203-resnet18-224/checkpoint/checkpoint-116.pth.tar', 70.9)
 ('./output/train/20250914-020203-resnet18-224/checkpoint/checkpoint-65.pth.tar', 70.84)
 ('./output/train/20250914-020203-resnet18-224/checkpoint/checkpoint-112.pth.tar', 70.75)
 ('./output/train/20250914-020203-resnet18-224/checkpoint/checkpoint-110.pth.tar', 70.63)

2025-09-14 05:43:07,399 -                train: [    INFO] - Train: 125 [   0/390 (  0%)]  Loss: 2.593 (2.59)  Loss_gt: 1.603 (1.60)  Loss_kd: 0.9900 (0.990) LR: 5.000e-03
2025-09-14 05:44:00,673 -                train: [    INFO] - Train: 125 [ 200/390 ( 51%)]  Loss: 2.455 (2.45)  Loss_gt: 1.663 (1.60)  Loss_kd: 0.7919 (0.858) LR: 5.000e-03
2025-09-14 05:44:50,250 -                train: [    INFO] - Train: 125 [ 389/390 (100%)]  Loss: 2.661 (2.44)  Loss_gt: 1.611 (1.59)  Loss_kd: 1.050 (0.850) LR: 5.000e-03
2025-09-14 05:44:50,453 -                train: [    INFO] - Test: [   0/78]  Time: 0.194 (0.194)  Loss:  0.6336 (0.6336)  Acc@1: 82.0312 (82.0312)  Acc@5: 97.6562 (97.6562)
2025-09-14 05:44:54,254 -                train: [    INFO] - Test: [  78/78]  Time: 0.016 (0.051)  Loss:  0.8633 (0.7874)  Acc@1: 68.7500 (79.1300)  Acc@5: 93.7500 (95.3900)
2025-09-14 05:44:54,490 - timm.utils.checkpoint_saver: [    INFO] - Current checkpoints:
 ('./output/train/20250914-020203-resnet18-224/checkpoint/checkpoint-123.pth.tar', 79.26)
 ('./output/train/20250914-020203-resnet18-224/checkpoint/checkpoint-125.pth.tar', 79.13)
 ('./output/train/20250914-020203-resnet18-224/checkpoint/checkpoint-124.pth.tar', 79.11)
 ('./output/train/20250914-020203-resnet18-224/checkpoint/checkpoint-122.pth.tar', 78.9)
 ('./output/train/20250914-020203-resnet18-224/checkpoint/checkpoint-121.pth.tar', 78.71)
 ('./output/train/20250914-020203-resnet18-224/checkpoint/checkpoint-120.pth.tar', 78.31)
 ('./output/train/20250914-020203-resnet18-224/checkpoint/checkpoint-119.pth.tar', 77.62)
 ('./output/train/20250914-020203-resnet18-224/checkpoint/checkpoint-116.pth.tar', 70.9)
 ('./output/train/20250914-020203-resnet18-224/checkpoint/checkpoint-65.pth.tar', 70.84)
 ('./output/train/20250914-020203-resnet18-224/checkpoint/checkpoint-112.pth.tar', 70.75)

2025-09-14 05:44:54,983 -                train: [    INFO] - Train: 126 [   0/390 (  0%)]  Loss: 2.371 (2.37)  Loss_gt: 1.539 (1.54)  Loss_kd: 0.8326 (0.833) LR: 5.000e-03
2025-09-14 05:45:47,928 -                train: [    INFO] - Train: 126 [ 200/390 ( 51%)]  Loss: 2.667 (2.43)  Loss_gt: 1.644 (1.58)  Loss_kd: 1.023 (0.847) LR: 5.000e-03
2025-09-14 05:46:37,626 -                train: [    INFO] - Train: 126 [ 389/390 (100%)]  Loss: 2.274 (2.44)  Loss_gt: 1.511 (1.59)  Loss_kd: 0.7629 (0.849) LR: 5.000e-03
2025-09-14 05:46:37,826 -                train: [    INFO] - Test: [   0/78]  Time: 0.190 (0.190)  Loss:  0.6313 (0.6313)  Acc@1: 80.4688 (80.4688)  Acc@5: 98.4375 (98.4375)
2025-09-14 05:46:41,177 -                train: [    INFO] - Test: [  78/78]  Time: 0.015 (0.045)  Loss:  0.8943 (0.7769)  Acc@1: 68.7500 (79.4000)  Acc@5: 93.7500 (95.6000)
2025-09-14 05:46:41,421 - timm.utils.checkpoint_saver: [    INFO] - Current checkpoints:
 ('./output/train/20250914-020203-resnet18-224/checkpoint/checkpoint-126.pth.tar', 79.4)
 ('./output/train/20250914-020203-resnet18-224/checkpoint/checkpoint-123.pth.tar', 79.26)
 ('./output/train/20250914-020203-resnet18-224/checkpoint/checkpoint-125.pth.tar', 79.13)
 ('./output/train/20250914-020203-resnet18-224/checkpoint/checkpoint-124.pth.tar', 79.11)
 ('./output/train/20250914-020203-resnet18-224/checkpoint/checkpoint-122.pth.tar', 78.9)
 ('./output/train/20250914-020203-resnet18-224/checkpoint/checkpoint-121.pth.tar', 78.71)
 ('./output/train/20250914-020203-resnet18-224/checkpoint/checkpoint-120.pth.tar', 78.31)
 ('./output/train/20250914-020203-resnet18-224/checkpoint/checkpoint-119.pth.tar', 77.62)
 ('./output/train/20250914-020203-resnet18-224/checkpoint/checkpoint-116.pth.tar', 70.9)
 ('./output/train/20250914-020203-resnet18-224/checkpoint/checkpoint-65.pth.tar', 70.84)

2025-09-14 05:46:41,963 -                train: [    INFO] - Train: 127 [   0/390 (  0%)]  Loss: 2.586 (2.59)  Loss_gt: 1.549 (1.55)  Loss_kd: 1.037 (1.04) LR: 5.000e-03
2025-09-14 05:47:34,894 -                train: [    INFO] - Train: 127 [ 200/390 ( 51%)]  Loss: 2.597 (2.41)  Loss_gt: 1.671 (1.57)  Loss_kd: 0.9254 (0.836) LR: 5.000e-03
2025-09-14 05:48:24,449 -                train: [    INFO] - Train: 127 [ 389/390 (100%)]  Loss: 2.073 (2.41)  Loss_gt: 1.356 (1.57)  Loss_kd: 0.7177 (0.837) LR: 5.000e-03
2025-09-14 05:48:24,651 -                train: [    INFO] - Test: [   0/78]  Time: 0.192 (0.192)  Loss:  0.6361 (0.6361)  Acc@1: 82.0312 (82.0312)  Acc@5: 97.6562 (97.6562)
2025-09-14 05:48:28,230 -                train: [    INFO] - Test: [  78/78]  Time: 0.014 (0.048)  Loss:  0.7758 (0.7824)  Acc@1: 75.0000 (79.4100)  Acc@5: 93.7500 (95.5000)
2025-09-14 05:48:28,471 - timm.utils.checkpoint_saver: [    INFO] - Current checkpoints:
 ('./output/train/20250914-020203-resnet18-224/checkpoint/checkpoint-127.pth.tar', 79.41)
 ('./output/train/20250914-020203-resnet18-224/checkpoint/checkpoint-126.pth.tar', 79.4)
 ('./output/train/20250914-020203-resnet18-224/checkpoint/checkpoint-123.pth.tar', 79.26)
 ('./output/train/20250914-020203-resnet18-224/checkpoint/checkpoint-125.pth.tar', 79.13)
 ('./output/train/20250914-020203-resnet18-224/checkpoint/checkpoint-124.pth.tar', 79.11)
 ('./output/train/20250914-020203-resnet18-224/checkpoint/checkpoint-122.pth.tar', 78.9)
 ('./output/train/20250914-020203-resnet18-224/checkpoint/checkpoint-121.pth.tar', 78.71)
 ('./output/train/20250914-020203-resnet18-224/checkpoint/checkpoint-120.pth.tar', 78.31)
 ('./output/train/20250914-020203-resnet18-224/checkpoint/checkpoint-119.pth.tar', 77.62)
 ('./output/train/20250914-020203-resnet18-224/checkpoint/checkpoint-116.pth.tar', 70.9)

2025-09-14 05:48:28,990 -                train: [    INFO] - Train: 128 [   0/390 (  0%)]  Loss: 2.428 (2.43)  Loss_gt: 1.533 (1.53)  Loss_kd: 0.8949 (0.895) LR: 5.000e-03
2025-09-14 05:49:21,796 -                train: [    INFO] - Train: 128 [ 200/390 ( 51%)]  Loss: 2.524 (2.41)  Loss_gt: 1.552 (1.57)  Loss_kd: 0.9728 (0.844) LR: 5.000e-03
2025-09-14 05:50:11,964 -                train: [    INFO] - Train: 128 [ 389/390 (100%)]  Loss: 2.170 (2.41)  Loss_gt: 1.493 (1.57)  Loss_kd: 0.6768 (0.842) LR: 5.000e-03
2025-09-14 05:50:12,156 -                train: [    INFO] - Test: [   0/78]  Time: 0.181 (0.181)  Loss:  0.6389 (0.6389)  Acc@1: 82.0312 (82.0312)  Acc@5: 98.4375 (98.4375)
2025-09-14 05:50:15,824 -                train: [    INFO] - Test: [  78/78]  Time: 0.017 (0.049)  Loss:  0.7583 (0.7842)  Acc@1: 75.0000 (79.4200)  Acc@5: 93.7500 (95.4700)
2025-09-14 05:50:16,086 - timm.utils.checkpoint_saver: [    INFO] - Current checkpoints:
 ('./output/train/20250914-020203-resnet18-224/checkpoint/checkpoint-128.pth.tar', 79.42)
 ('./output/train/20250914-020203-resnet18-224/checkpoint/checkpoint-127.pth.tar', 79.41)
 ('./output/train/20250914-020203-resnet18-224/checkpoint/checkpoint-126.pth.tar', 79.4)
 ('./output/train/20250914-020203-resnet18-224/checkpoint/checkpoint-123.pth.tar', 79.26)
 ('./output/train/20250914-020203-resnet18-224/checkpoint/checkpoint-125.pth.tar', 79.13)
 ('./output/train/20250914-020203-resnet18-224/checkpoint/checkpoint-124.pth.tar', 79.11)
 ('./output/train/20250914-020203-resnet18-224/checkpoint/checkpoint-122.pth.tar', 78.9)
 ('./output/train/20250914-020203-resnet18-224/checkpoint/checkpoint-121.pth.tar', 78.71)
 ('./output/train/20250914-020203-resnet18-224/checkpoint/checkpoint-120.pth.tar', 78.31)
 ('./output/train/20250914-020203-resnet18-224/checkpoint/checkpoint-119.pth.tar', 77.62)

2025-09-14 05:50:16,703 -                train: [    INFO] - Train: 129 [   0/390 (  0%)]  Loss: 2.420 (2.42)  Loss_gt: 1.535 (1.53)  Loss_kd: 0.8847 (0.885) LR: 5.000e-03
2025-09-14 05:51:09,754 -                train: [    INFO] - Train: 129 [ 200/390 ( 51%)]  Loss: 2.533 (2.38)  Loss_gt: 1.668 (1.56)  Loss_kd: 0.8647 (0.825) LR: 5.000e-03
2025-09-14 05:51:59,762 -                train: [    INFO] - Train: 129 [ 389/390 (100%)]  Loss: 2.469 (2.39)  Loss_gt: 1.610 (1.56)  Loss_kd: 0.8595 (0.829) LR: 5.000e-03
2025-09-14 05:51:59,949 -                train: [    INFO] - Test: [   0/78]  Time: 0.177 (0.177)  Loss:  0.6364 (0.6364)  Acc@1: 79.6875 (79.6875)  Acc@5: 97.6562 (97.6562)
2025-09-14 05:52:03,621 -                train: [    INFO] - Test: [  78/78]  Time: 0.014 (0.049)  Loss:  0.6728 (0.7799)  Acc@1: 75.0000 (79.5000)  Acc@5: 93.7500 (95.5200)
2025-09-14 05:52:03,871 - timm.utils.checkpoint_saver: [    INFO] - Current checkpoints:
 ('./output/train/20250914-020203-resnet18-224/checkpoint/checkpoint-129.pth.tar', 79.5)
 ('./output/train/20250914-020203-resnet18-224/checkpoint/checkpoint-128.pth.tar', 79.42)
 ('./output/train/20250914-020203-resnet18-224/checkpoint/checkpoint-127.pth.tar', 79.41)
 ('./output/train/20250914-020203-resnet18-224/checkpoint/checkpoint-126.pth.tar', 79.4)
 ('./output/train/20250914-020203-resnet18-224/checkpoint/checkpoint-123.pth.tar', 79.26)
 ('./output/train/20250914-020203-resnet18-224/checkpoint/checkpoint-125.pth.tar', 79.13)
 ('./output/train/20250914-020203-resnet18-224/checkpoint/checkpoint-124.pth.tar', 79.11)
 ('./output/train/20250914-020203-resnet18-224/checkpoint/checkpoint-122.pth.tar', 78.9)
 ('./output/train/20250914-020203-resnet18-224/checkpoint/checkpoint-121.pth.tar', 78.71)
 ('./output/train/20250914-020203-resnet18-224/checkpoint/checkpoint-120.pth.tar', 78.31)

2025-09-14 05:52:04,369 -                train: [    INFO] - Train: 130 [   0/390 (  0%)]  Loss: 2.578 (2.58)  Loss_gt: 1.704 (1.70)  Loss_kd: 0.8741 (0.874) LR: 5.000e-03
2025-09-14 05:52:57,124 -                train: [    INFO] - Train: 130 [ 200/390 ( 51%)]  Loss: 2.446 (2.38)  Loss_gt: 1.573 (1.55)  Loss_kd: 0.8736 (0.835) LR: 5.000e-03
2025-09-14 05:53:46,609 -                train: [    INFO] - Train: 130 [ 389/390 (100%)]  Loss: 2.258 (2.37)  Loss_gt: 1.557 (1.54)  Loss_kd: 0.7012 (0.828) LR: 5.000e-03
2025-09-14 05:53:46,808 -                train: [    INFO] - Test: [   0/78]  Time: 0.190 (0.190)  Loss:  0.6376 (0.6376)  Acc@1: 81.2500 (81.2500)  Acc@5: 98.4375 (98.4375)
2025-09-14 05:53:50,306 -                train: [    INFO] - Test: [  78/78]  Time: 0.013 (0.047)  Loss:  0.7970 (0.7842)  Acc@1: 75.0000 (79.5100)  Acc@5: 93.7500 (95.4000)
2025-09-14 05:53:50,531 - timm.utils.checkpoint_saver: [    INFO] - Current checkpoints:
 ('./output/train/20250914-020203-resnet18-224/checkpoint/checkpoint-130.pth.tar', 79.51)
 ('./output/train/20250914-020203-resnet18-224/checkpoint/checkpoint-129.pth.tar', 79.5)
 ('./output/train/20250914-020203-resnet18-224/checkpoint/checkpoint-128.pth.tar', 79.42)
 ('./output/train/20250914-020203-resnet18-224/checkpoint/checkpoint-127.pth.tar', 79.41)
 ('./output/train/20250914-020203-resnet18-224/checkpoint/checkpoint-126.pth.tar', 79.4)
 ('./output/train/20250914-020203-resnet18-224/checkpoint/checkpoint-123.pth.tar', 79.26)
 ('./output/train/20250914-020203-resnet18-224/checkpoint/checkpoint-125.pth.tar', 79.13)
 ('./output/train/20250914-020203-resnet18-224/checkpoint/checkpoint-124.pth.tar', 79.11)
 ('./output/train/20250914-020203-resnet18-224/checkpoint/checkpoint-122.pth.tar', 78.9)
 ('./output/train/20250914-020203-resnet18-224/checkpoint/checkpoint-121.pth.tar', 78.71)

2025-09-14 05:53:51,184 -                train: [    INFO] - Train: 131 [   0/390 (  0%)]  Loss: 2.367 (2.37)  Loss_gt: 1.564 (1.56)  Loss_kd: 0.8035 (0.804) LR: 5.000e-03
2025-09-14 05:54:43,959 -                train: [    INFO] - Train: 131 [ 200/390 ( 51%)]  Loss: 2.451 (2.36)  Loss_gt: 1.644 (1.54)  Loss_kd: 0.8072 (0.822) LR: 5.000e-03
2025-09-14 05:55:33,600 -                train: [    INFO] - Train: 131 [ 389/390 (100%)]  Loss: 2.572 (2.37)  Loss_gt: 1.575 (1.54)  Loss_kd: 0.9969 (0.831) LR: 5.000e-03
2025-09-14 05:55:33,784 -                train: [    INFO] - Test: [   0/78]  Time: 0.174 (0.174)  Loss:  0.6180 (0.6180)  Acc@1: 82.0312 (82.0312)  Acc@5: 97.6562 (97.6562)
2025-09-14 05:55:37,192 -                train: [    INFO] - Test: [  78/78]  Time: 0.013 (0.045)  Loss:  0.7891 (0.7837)  Acc@1: 75.0000 (79.7000)  Acc@5: 93.7500 (95.4900)
2025-09-14 05:55:37,500 - timm.utils.checkpoint_saver: [    INFO] - Current checkpoints:
 ('./output/train/20250914-020203-resnet18-224/checkpoint/checkpoint-131.pth.tar', 79.7)
 ('./output/train/20250914-020203-resnet18-224/checkpoint/checkpoint-130.pth.tar', 79.51)
 ('./output/train/20250914-020203-resnet18-224/checkpoint/checkpoint-129.pth.tar', 79.5)
 ('./output/train/20250914-020203-resnet18-224/checkpoint/checkpoint-128.pth.tar', 79.42)
 ('./output/train/20250914-020203-resnet18-224/checkpoint/checkpoint-127.pth.tar', 79.41)
 ('./output/train/20250914-020203-resnet18-224/checkpoint/checkpoint-126.pth.tar', 79.4)
 ('./output/train/20250914-020203-resnet18-224/checkpoint/checkpoint-123.pth.tar', 79.26)
 ('./output/train/20250914-020203-resnet18-224/checkpoint/checkpoint-125.pth.tar', 79.13)
 ('./output/train/20250914-020203-resnet18-224/checkpoint/checkpoint-124.pth.tar', 79.11)
 ('./output/train/20250914-020203-resnet18-224/checkpoint/checkpoint-122.pth.tar', 78.9)

2025-09-14 05:55:38,153 -                train: [    INFO] - Train: 132 [   0/390 (  0%)]  Loss: 2.311 (2.31)  Loss_gt: 1.540 (1.54)  Loss_kd: 0.7711 (0.771) LR: 5.000e-03
2025-09-14 05:56:30,480 -                train: [    INFO] - Train: 132 [ 200/390 ( 51%)]  Loss: 2.597 (2.35)  Loss_gt: 1.613 (1.53)  Loss_kd: 0.9836 (0.815) LR: 5.000e-03
2025-09-14 05:57:20,146 -                train: [    INFO] - Train: 132 [ 389/390 (100%)]  Loss: 2.406 (2.36)  Loss_gt: 1.534 (1.54)  Loss_kd: 0.8726 (0.821) LR: 5.000e-03
2025-09-14 05:57:20,362 -                train: [    INFO] - Test: [   0/78]  Time: 0.206 (0.206)  Loss:  0.6386 (0.6386)  Acc@1: 78.9062 (78.9062)  Acc@5: 98.4375 (98.4375)
2025-09-14 05:57:23,981 -                train: [    INFO] - Test: [  78/78]  Time: 0.012 (0.048)  Loss:  0.8636 (0.7867)  Acc@1: 75.0000 (79.5000)  Acc@5: 93.7500 (95.4600)
2025-09-14 05:57:24,192 - timm.utils.checkpoint_saver: [    INFO] - Current checkpoints:
 ('./output/train/20250914-020203-resnet18-224/checkpoint/checkpoint-131.pth.tar', 79.7)
 ('./output/train/20250914-020203-resnet18-224/checkpoint/checkpoint-130.pth.tar', 79.51)
 ('./output/train/20250914-020203-resnet18-224/checkpoint/checkpoint-129.pth.tar', 79.5)
 ('./output/train/20250914-020203-resnet18-224/checkpoint/checkpoint-132.pth.tar', 79.5)
 ('./output/train/20250914-020203-resnet18-224/checkpoint/checkpoint-128.pth.tar', 79.42)
 ('./output/train/20250914-020203-resnet18-224/checkpoint/checkpoint-127.pth.tar', 79.41)
 ('./output/train/20250914-020203-resnet18-224/checkpoint/checkpoint-126.pth.tar', 79.4)
 ('./output/train/20250914-020203-resnet18-224/checkpoint/checkpoint-123.pth.tar', 79.26)
 ('./output/train/20250914-020203-resnet18-224/checkpoint/checkpoint-125.pth.tar', 79.13)
 ('./output/train/20250914-020203-resnet18-224/checkpoint/checkpoint-124.pth.tar', 79.11)

2025-09-14 05:57:24,849 -                train: [    INFO] - Train: 133 [   0/390 (  0%)]  Loss: 2.358 (2.36)  Loss_gt: 1.527 (1.53)  Loss_kd: 0.8313 (0.831) LR: 5.000e-03
2025-09-14 05:58:17,395 -                train: [    INFO] - Train: 133 [ 200/390 ( 51%)]  Loss: 2.420 (2.35)  Loss_gt: 1.550 (1.53)  Loss_kd: 0.8695 (0.821) LR: 5.000e-03
2025-09-14 05:59:07,655 -                train: [    INFO] - Train: 133 [ 389/390 (100%)]  Loss: 2.210 (2.36)  Loss_gt: 1.484 (1.53)  Loss_kd: 0.7262 (0.825) LR: 5.000e-03
2025-09-14 05:59:07,868 -                train: [    INFO] - Test: [   0/78]  Time: 0.201 (0.201)  Loss:  0.6251 (0.6251)  Acc@1: 79.6875 (79.6875)  Acc@5: 98.4375 (98.4375)
2025-09-14 05:59:11,642 -                train: [    INFO] - Test: [  78/78]  Time: 0.014 (0.050)  Loss:  0.9008 (0.7820)  Acc@1: 75.0000 (79.5000)  Acc@5: 93.7500 (95.3900)
2025-09-14 05:59:11,875 - timm.utils.checkpoint_saver: [    INFO] - Current checkpoints:
 ('./output/train/20250914-020203-resnet18-224/checkpoint/checkpoint-131.pth.tar', 79.7)
 ('./output/train/20250914-020203-resnet18-224/checkpoint/checkpoint-130.pth.tar', 79.51)
 ('./output/train/20250914-020203-resnet18-224/checkpoint/checkpoint-129.pth.tar', 79.5)
 ('./output/train/20250914-020203-resnet18-224/checkpoint/checkpoint-132.pth.tar', 79.5)
 ('./output/train/20250914-020203-resnet18-224/checkpoint/checkpoint-133.pth.tar', 79.5)
 ('./output/train/20250914-020203-resnet18-224/checkpoint/checkpoint-128.pth.tar', 79.42)
 ('./output/train/20250914-020203-resnet18-224/checkpoint/checkpoint-127.pth.tar', 79.41)
 ('./output/train/20250914-020203-resnet18-224/checkpoint/checkpoint-126.pth.tar', 79.4)
 ('./output/train/20250914-020203-resnet18-224/checkpoint/checkpoint-123.pth.tar', 79.26)
 ('./output/train/20250914-020203-resnet18-224/checkpoint/checkpoint-125.pth.tar', 79.13)

2025-09-14 05:59:12,510 -                train: [    INFO] - Train: 134 [   0/390 (  0%)]  Loss: 2.161 (2.16)  Loss_gt: 1.410 (1.41)  Loss_kd: 0.7507 (0.751) LR: 5.000e-03
2025-09-14 06:00:04,960 -                train: [    INFO] - Train: 134 [ 200/390 ( 51%)]  Loss: 2.441 (2.33)  Loss_gt: 1.550 (1.52)  Loss_kd: 0.8905 (0.807) LR: 5.000e-03
2025-09-14 06:00:54,622 -                train: [    INFO] - Train: 134 [ 389/390 (100%)]  Loss: 2.268 (2.34)  Loss_gt: 1.567 (1.53)  Loss_kd: 0.7011 (0.813) LR: 5.000e-03
2025-09-14 06:00:54,841 -                train: [    INFO] - Test: [   0/78]  Time: 0.208 (0.208)  Loss:  0.6275 (0.6275)  Acc@1: 82.8125 (82.8125)  Acc@5: 98.4375 (98.4375)
2025-09-14 06:00:58,296 -                train: [    INFO] - Test: [  78/78]  Time: 0.015 (0.046)  Loss:  0.8161 (0.7829)  Acc@1: 75.0000 (79.6600)  Acc@5: 93.7500 (95.5800)
2025-09-14 06:00:58,533 - timm.utils.checkpoint_saver: [    INFO] - Current checkpoints:
 ('./output/train/20250914-020203-resnet18-224/checkpoint/checkpoint-131.pth.tar', 79.7)
 ('./output/train/20250914-020203-resnet18-224/checkpoint/checkpoint-134.pth.tar', 79.66)
 ('./output/train/20250914-020203-resnet18-224/checkpoint/checkpoint-130.pth.tar', 79.51)
 ('./output/train/20250914-020203-resnet18-224/checkpoint/checkpoint-129.pth.tar', 79.5)
 ('./output/train/20250914-020203-resnet18-224/checkpoint/checkpoint-132.pth.tar', 79.5)
 ('./output/train/20250914-020203-resnet18-224/checkpoint/checkpoint-133.pth.tar', 79.5)
 ('./output/train/20250914-020203-resnet18-224/checkpoint/checkpoint-128.pth.tar', 79.42)
 ('./output/train/20250914-020203-resnet18-224/checkpoint/checkpoint-127.pth.tar', 79.41)
 ('./output/train/20250914-020203-resnet18-224/checkpoint/checkpoint-126.pth.tar', 79.4)
 ('./output/train/20250914-020203-resnet18-224/checkpoint/checkpoint-123.pth.tar', 79.26)

2025-09-14 06:00:59,025 -                train: [    INFO] - Train: 135 [   0/390 (  0%)]  Loss: 2.491 (2.49)  Loss_gt: 1.619 (1.62)  Loss_kd: 0.8720 (0.872) LR: 5.000e-03
2025-09-14 06:01:51,493 -                train: [    INFO] - Train: 135 [ 200/390 ( 51%)]  Loss: 2.333 (2.34)  Loss_gt: 1.511 (1.52)  Loss_kd: 0.8225 (0.817) LR: 5.000e-03
2025-09-14 06:02:41,252 -                train: [    INFO] - Train: 135 [ 389/390 (100%)]  Loss: 2.223 (2.34)  Loss_gt: 1.394 (1.52)  Loss_kd: 0.8295 (0.816) LR: 5.000e-03
2025-09-14 06:02:41,451 -                train: [    INFO] - Test: [   0/78]  Time: 0.190 (0.190)  Loss:  0.6421 (0.6421)  Acc@1: 82.0312 (82.0312)  Acc@5: 97.6562 (97.6562)
2025-09-14 06:02:44,882 -                train: [    INFO] - Test: [  78/78]  Time: 0.015 (0.046)  Loss:  0.7004 (0.7785)  Acc@1: 81.2500 (79.8900)  Acc@5: 93.7500 (95.4900)
2025-09-14 06:02:45,129 - timm.utils.checkpoint_saver: [    INFO] - Current checkpoints:
 ('./output/train/20250914-020203-resnet18-224/checkpoint/checkpoint-135.pth.tar', 79.89)
 ('./output/train/20250914-020203-resnet18-224/checkpoint/checkpoint-131.pth.tar', 79.7)
 ('./output/train/20250914-020203-resnet18-224/checkpoint/checkpoint-134.pth.tar', 79.66)
 ('./output/train/20250914-020203-resnet18-224/checkpoint/checkpoint-130.pth.tar', 79.51)
 ('./output/train/20250914-020203-resnet18-224/checkpoint/checkpoint-129.pth.tar', 79.5)
 ('./output/train/20250914-020203-resnet18-224/checkpoint/checkpoint-132.pth.tar', 79.5)
 ('./output/train/20250914-020203-resnet18-224/checkpoint/checkpoint-133.pth.tar', 79.5)
 ('./output/train/20250914-020203-resnet18-224/checkpoint/checkpoint-128.pth.tar', 79.42)
 ('./output/train/20250914-020203-resnet18-224/checkpoint/checkpoint-127.pth.tar', 79.41)
 ('./output/train/20250914-020203-resnet18-224/checkpoint/checkpoint-126.pth.tar', 79.4)

2025-09-14 06:02:45,741 -                train: [    INFO] - Train: 136 [   0/390 (  0%)]  Loss: 2.562 (2.56)  Loss_gt: 1.555 (1.55)  Loss_kd: 1.007 (1.01) LR: 5.000e-03
2025-09-14 06:03:38,028 -                train: [    INFO] - Train: 136 [ 200/390 ( 51%)]  Loss: 2.514 (2.32)  Loss_gt: 1.455 (1.51)  Loss_kd: 1.059 (0.813) LR: 5.000e-03
2025-09-14 06:04:27,805 -                train: [    INFO] - Train: 136 [ 389/390 (100%)]  Loss: 2.332 (2.33)  Loss_gt: 1.526 (1.51)  Loss_kd: 0.8059 (0.813) LR: 5.000e-03
2025-09-14 06:04:28,017 -                train: [    INFO] - Test: [   0/78]  Time: 0.201 (0.201)  Loss:  0.6355 (0.6355)  Acc@1: 82.0312 (82.0312)  Acc@5: 97.6562 (97.6562)
2025-09-14 06:04:31,582 -                train: [    INFO] - Test: [  78/78]  Time: 0.012 (0.048)  Loss:  0.7920 (0.7800)  Acc@1: 75.0000 (79.8200)  Acc@5: 93.7500 (95.4700)
2025-09-14 06:04:31,780 - timm.utils.checkpoint_saver: [    INFO] - Current checkpoints:
 ('./output/train/20250914-020203-resnet18-224/checkpoint/checkpoint-135.pth.tar', 79.89)
 ('./output/train/20250914-020203-resnet18-224/checkpoint/checkpoint-136.pth.tar', 79.82)
 ('./output/train/20250914-020203-resnet18-224/checkpoint/checkpoint-131.pth.tar', 79.7)
 ('./output/train/20250914-020203-resnet18-224/checkpoint/checkpoint-134.pth.tar', 79.66)
 ('./output/train/20250914-020203-resnet18-224/checkpoint/checkpoint-130.pth.tar', 79.51)
 ('./output/train/20250914-020203-resnet18-224/checkpoint/checkpoint-129.pth.tar', 79.5)
 ('./output/train/20250914-020203-resnet18-224/checkpoint/checkpoint-132.pth.tar', 79.5)
 ('./output/train/20250914-020203-resnet18-224/checkpoint/checkpoint-133.pth.tar', 79.5)
 ('./output/train/20250914-020203-resnet18-224/checkpoint/checkpoint-128.pth.tar', 79.42)
 ('./output/train/20250914-020203-resnet18-224/checkpoint/checkpoint-127.pth.tar', 79.41)

2025-09-14 06:04:32,413 -                train: [    INFO] - Train: 137 [   0/390 (  0%)]  Loss: 2.290 (2.29)  Loss_gt: 1.434 (1.43)  Loss_kd: 0.8564 (0.856) LR: 5.000e-03
2025-09-14 06:05:25,000 -                train: [    INFO] - Train: 137 [ 200/390 ( 51%)]  Loss: 2.400 (2.31)  Loss_gt: 1.560 (1.50)  Loss_kd: 0.8398 (0.810) LR: 5.000e-03
2025-09-14 06:06:14,908 -                train: [    INFO] - Train: 137 [ 389/390 (100%)]  Loss: 1.973 (2.33)  Loss_gt: 1.286 (1.51)  Loss_kd: 0.6870 (0.815) LR: 5.000e-03
2025-09-14 06:06:15,100 -                train: [    INFO] - Test: [   0/78]  Time: 0.180 (0.180)  Loss:  0.6127 (0.6127)  Acc@1: 82.0312 (82.0312)  Acc@5: 97.6562 (97.6562)
2025-09-14 06:06:18,694 -                train: [    INFO] - Test: [  78/78]  Time: 0.013 (0.048)  Loss:  0.8390 (0.7790)  Acc@1: 81.2500 (79.5900)  Acc@5: 93.7500 (95.5600)
2025-09-14 06:06:18,908 - timm.utils.checkpoint_saver: [    INFO] - Current checkpoints:
 ('./output/train/20250914-020203-resnet18-224/checkpoint/checkpoint-135.pth.tar', 79.89)
 ('./output/train/20250914-020203-resnet18-224/checkpoint/checkpoint-136.pth.tar', 79.82)
 ('./output/train/20250914-020203-resnet18-224/checkpoint/checkpoint-131.pth.tar', 79.7)
 ('./output/train/20250914-020203-resnet18-224/checkpoint/checkpoint-134.pth.tar', 79.66)
 ('./output/train/20250914-020203-resnet18-224/checkpoint/checkpoint-137.pth.tar', 79.59)
 ('./output/train/20250914-020203-resnet18-224/checkpoint/checkpoint-130.pth.tar', 79.51)
 ('./output/train/20250914-020203-resnet18-224/checkpoint/checkpoint-129.pth.tar', 79.5)
 ('./output/train/20250914-020203-resnet18-224/checkpoint/checkpoint-132.pth.tar', 79.5)
 ('./output/train/20250914-020203-resnet18-224/checkpoint/checkpoint-133.pth.tar', 79.5)
 ('./output/train/20250914-020203-resnet18-224/checkpoint/checkpoint-128.pth.tar', 79.42)

2025-09-14 06:06:19,549 -                train: [    INFO] - Train: 138 [   0/390 (  0%)]  Loss: 2.358 (2.36)  Loss_gt: 1.454 (1.45)  Loss_kd: 0.9034 (0.903) LR: 5.000e-03
2025-09-14 06:07:11,539 -                train: [    INFO] - Train: 138 [ 200/390 ( 51%)]  Loss: 2.311 (2.32)  Loss_gt: 1.445 (1.51)  Loss_kd: 0.8662 (0.811) LR: 5.000e-03
2025-09-14 06:08:01,344 -                train: [    INFO] - Train: 138 [ 389/390 (100%)]  Loss: 2.451 (2.31)  Loss_gt: 1.520 (1.50)  Loss_kd: 0.9312 (0.809) LR: 5.000e-03
2025-09-14 06:08:01,562 -                train: [    INFO] - Test: [   0/78]  Time: 0.208 (0.208)  Loss:  0.6162 (0.6162)  Acc@1: 81.2500 (81.2500)  Acc@5: 97.6562 (97.6562)
2025-09-14 06:08:05,177 -                train: [    INFO] - Test: [  78/78]  Time: 0.015 (0.048)  Loss:  0.7721 (0.7835)  Acc@1: 81.2500 (79.7000)  Acc@5: 93.7500 (95.4700)
2025-09-14 06:08:05,394 - timm.utils.checkpoint_saver: [    INFO] - Current checkpoints:
 ('./output/train/20250914-020203-resnet18-224/checkpoint/checkpoint-135.pth.tar', 79.89)
 ('./output/train/20250914-020203-resnet18-224/checkpoint/checkpoint-136.pth.tar', 79.82)
 ('./output/train/20250914-020203-resnet18-224/checkpoint/checkpoint-131.pth.tar', 79.7)
 ('./output/train/20250914-020203-resnet18-224/checkpoint/checkpoint-138.pth.tar', 79.7)
 ('./output/train/20250914-020203-resnet18-224/checkpoint/checkpoint-134.pth.tar', 79.66)
 ('./output/train/20250914-020203-resnet18-224/checkpoint/checkpoint-137.pth.tar', 79.59)
 ('./output/train/20250914-020203-resnet18-224/checkpoint/checkpoint-130.pth.tar', 79.51)
 ('./output/train/20250914-020203-resnet18-224/checkpoint/checkpoint-129.pth.tar', 79.5)
 ('./output/train/20250914-020203-resnet18-224/checkpoint/checkpoint-132.pth.tar', 79.5)
 ('./output/train/20250914-020203-resnet18-224/checkpoint/checkpoint-133.pth.tar', 79.5)

2025-09-14 06:08:05,932 -                train: [    INFO] - Train: 139 [   0/390 (  0%)]  Loss: 2.173 (2.17)  Loss_gt: 1.494 (1.49)  Loss_kd: 0.6789 (0.679) LR: 5.000e-03
2025-09-14 06:08:58,622 -                train: [    INFO] - Train: 139 [ 200/390 ( 51%)]  Loss: 2.441 (2.30)  Loss_gt: 1.559 (1.49)  Loss_kd: 0.8812 (0.810) LR: 5.000e-03
2025-09-14 06:09:48,046 -                train: [    INFO] - Train: 139 [ 389/390 (100%)]  Loss: 2.270 (2.31)  Loss_gt: 1.599 (1.50)  Loss_kd: 0.6711 (0.812) LR: 5.000e-03
2025-09-14 06:09:48,247 -                train: [    INFO] - Test: [   0/78]  Time: 0.192 (0.192)  Loss:  0.6357 (0.6357)  Acc@1: 81.2500 (81.2500)  Acc@5: 97.6562 (97.6562)
2025-09-14 06:09:51,896 -                train: [    INFO] - Test: [  78/78]  Time: 0.017 (0.049)  Loss:  0.8072 (0.7854)  Acc@1: 81.2500 (79.6200)  Acc@5: 93.7500 (95.4900)
2025-09-14 06:09:52,121 - timm.utils.checkpoint_saver: [    INFO] - Current checkpoints:
 ('./output/train/20250914-020203-resnet18-224/checkpoint/checkpoint-135.pth.tar', 79.89)
 ('./output/train/20250914-020203-resnet18-224/checkpoint/checkpoint-136.pth.tar', 79.82)
 ('./output/train/20250914-020203-resnet18-224/checkpoint/checkpoint-131.pth.tar', 79.7)
 ('./output/train/20250914-020203-resnet18-224/checkpoint/checkpoint-138.pth.tar', 79.7)
 ('./output/train/20250914-020203-resnet18-224/checkpoint/checkpoint-134.pth.tar', 79.66)
 ('./output/train/20250914-020203-resnet18-224/checkpoint/checkpoint-139.pth.tar', 79.62)
 ('./output/train/20250914-020203-resnet18-224/checkpoint/checkpoint-137.pth.tar', 79.59)
 ('./output/train/20250914-020203-resnet18-224/checkpoint/checkpoint-130.pth.tar', 79.51)
 ('./output/train/20250914-020203-resnet18-224/checkpoint/checkpoint-129.pth.tar', 79.5)
 ('./output/train/20250914-020203-resnet18-224/checkpoint/checkpoint-132.pth.tar', 79.5)

2025-09-14 06:09:52,744 -                train: [    INFO] - Train: 140 [   0/390 (  0%)]  Loss: 2.152 (2.15)  Loss_gt: 1.368 (1.37)  Loss_kd: 0.7839 (0.784) LR: 5.000e-03
2025-09-14 06:10:44,763 -                train: [    INFO] - Train: 140 [ 200/390 ( 51%)]  Loss: 2.289 (2.31)  Loss_gt: 1.519 (1.50)  Loss_kd: 0.7706 (0.812) LR: 5.000e-03
2025-09-14 06:11:34,842 -                train: [    INFO] - Train: 140 [ 389/390 (100%)]  Loss: 2.460 (2.31)  Loss_gt: 1.519 (1.50)  Loss_kd: 0.9418 (0.813) LR: 5.000e-03
2025-09-14 06:11:35,049 -                train: [    INFO] - Test: [   0/78]  Time: 0.195 (0.195)  Loss:  0.5992 (0.5992)  Acc@1: 82.8125 (82.8125)  Acc@5: 97.6562 (97.6562)
2025-09-14 06:11:38,385 -                train: [    INFO] - Test: [  78/78]  Time: 0.013 (0.045)  Loss:  0.7756 (0.7835)  Acc@1: 75.0000 (79.6100)  Acc@5: 93.7500 (95.4800)
2025-09-14 06:11:38,589 - timm.utils.checkpoint_saver: [    INFO] - Current checkpoints:
 ('./output/train/20250914-020203-resnet18-224/checkpoint/checkpoint-135.pth.tar', 79.89)
 ('./output/train/20250914-020203-resnet18-224/checkpoint/checkpoint-136.pth.tar', 79.82)
 ('./output/train/20250914-020203-resnet18-224/checkpoint/checkpoint-131.pth.tar', 79.7)
 ('./output/train/20250914-020203-resnet18-224/checkpoint/checkpoint-138.pth.tar', 79.7)
 ('./output/train/20250914-020203-resnet18-224/checkpoint/checkpoint-134.pth.tar', 79.66)
 ('./output/train/20250914-020203-resnet18-224/checkpoint/checkpoint-139.pth.tar', 79.62)
 ('./output/train/20250914-020203-resnet18-224/checkpoint/checkpoint-140.pth.tar', 79.61)
 ('./output/train/20250914-020203-resnet18-224/checkpoint/checkpoint-137.pth.tar', 79.59)
 ('./output/train/20250914-020203-resnet18-224/checkpoint/checkpoint-130.pth.tar', 79.51)
 ('./output/train/20250914-020203-resnet18-224/checkpoint/checkpoint-129.pth.tar', 79.5)

2025-09-14 06:11:39,135 -                train: [    INFO] - Train: 141 [   0/390 (  0%)]  Loss: 2.300 (2.30)  Loss_gt: 1.457 (1.46)  Loss_kd: 0.8429 (0.843) LR: 5.000e-03
2025-09-14 06:12:32,096 -                train: [    INFO] - Train: 141 [ 200/390 ( 51%)]  Loss: 2.093 (2.28)  Loss_gt: 1.394 (1.49)  Loss_kd: 0.6990 (0.797) LR: 5.000e-03
2025-09-14 06:13:21,703 -                train: [    INFO] - Train: 141 [ 389/390 (100%)]  Loss: 2.436 (2.30)  Loss_gt: 1.571 (1.50)  Loss_kd: 0.8649 (0.801) LR: 5.000e-03
2025-09-14 06:13:21,906 -                train: [    INFO] - Test: [   0/78]  Time: 0.193 (0.193)  Loss:  0.6367 (0.6367)  Acc@1: 80.4688 (80.4688)  Acc@5: 98.4375 (98.4375)
2025-09-14 06:13:25,354 -                train: [    INFO] - Test: [  78/78]  Time: 0.013 (0.046)  Loss:  0.8688 (0.7842)  Acc@1: 75.0000 (79.6000)  Acc@5: 93.7500 (95.4600)
2025-09-14 06:13:25,604 - timm.utils.checkpoint_saver: [    INFO] - Current checkpoints:
 ('./output/train/20250914-020203-resnet18-224/checkpoint/checkpoint-135.pth.tar', 79.89)
 ('./output/train/20250914-020203-resnet18-224/checkpoint/checkpoint-136.pth.tar', 79.82)
 ('./output/train/20250914-020203-resnet18-224/checkpoint/checkpoint-131.pth.tar', 79.7)
 ('./output/train/20250914-020203-resnet18-224/checkpoint/checkpoint-138.pth.tar', 79.7)
 ('./output/train/20250914-020203-resnet18-224/checkpoint/checkpoint-134.pth.tar', 79.66)
 ('./output/train/20250914-020203-resnet18-224/checkpoint/checkpoint-139.pth.tar', 79.62)
 ('./output/train/20250914-020203-resnet18-224/checkpoint/checkpoint-140.pth.tar', 79.61)
 ('./output/train/20250914-020203-resnet18-224/checkpoint/checkpoint-141.pth.tar', 79.6)
 ('./output/train/20250914-020203-resnet18-224/checkpoint/checkpoint-137.pth.tar', 79.59)
 ('./output/train/20250914-020203-resnet18-224/checkpoint/checkpoint-130.pth.tar', 79.51)

2025-09-14 06:13:26,242 -                train: [    INFO] - Train: 142 [   0/390 (  0%)]  Loss: 2.114 (2.11)  Loss_gt: 1.343 (1.34)  Loss_kd: 0.7711 (0.771) LR: 5.000e-03
2025-09-14 06:14:19,014 -                train: [    INFO] - Train: 142 [ 200/390 ( 51%)]  Loss: 2.386 (2.29)  Loss_gt: 1.522 (1.49)  Loss_kd: 0.8640 (0.805) LR: 5.000e-03
2025-09-14 06:15:08,536 -                train: [    INFO] - Train: 142 [ 389/390 (100%)]  Loss: 2.489 (2.30)  Loss_gt: 1.601 (1.50)  Loss_kd: 0.8882 (0.809) LR: 5.000e-03
2025-09-14 06:15:08,758 -                train: [    INFO] - Test: [   0/78]  Time: 0.213 (0.213)  Loss:  0.6092 (0.6092)  Acc@1: 82.8125 (82.8125)  Acc@5: 97.6562 (97.6562)
2025-09-14 06:15:12,251 -                train: [    INFO] - Test: [  78/78]  Time: 0.012 (0.047)  Loss:  0.8260 (0.7773)  Acc@1: 75.0000 (79.9000)  Acc@5: 93.7500 (95.5100)
2025-09-14 06:15:12,481 - timm.utils.checkpoint_saver: [    INFO] - Current checkpoints:
 ('./output/train/20250914-020203-resnet18-224/checkpoint/checkpoint-142.pth.tar', 79.9)
 ('./output/train/20250914-020203-resnet18-224/checkpoint/checkpoint-135.pth.tar', 79.89)
 ('./output/train/20250914-020203-resnet18-224/checkpoint/checkpoint-136.pth.tar', 79.82)
 ('./output/train/20250914-020203-resnet18-224/checkpoint/checkpoint-131.pth.tar', 79.7)
 ('./output/train/20250914-020203-resnet18-224/checkpoint/checkpoint-138.pth.tar', 79.7)
 ('./output/train/20250914-020203-resnet18-224/checkpoint/checkpoint-134.pth.tar', 79.66)
 ('./output/train/20250914-020203-resnet18-224/checkpoint/checkpoint-139.pth.tar', 79.62)
 ('./output/train/20250914-020203-resnet18-224/checkpoint/checkpoint-140.pth.tar', 79.61)
 ('./output/train/20250914-020203-resnet18-224/checkpoint/checkpoint-141.pth.tar', 79.6)
 ('./output/train/20250914-020203-resnet18-224/checkpoint/checkpoint-137.pth.tar', 79.59)

2025-09-14 06:15:13,158 -                train: [    INFO] - Train: 143 [   0/390 (  0%)]  Loss: 2.558 (2.56)  Loss_gt: 1.672 (1.67)  Loss_kd: 0.8860 (0.886) LR: 5.000e-03
2025-09-14 06:16:05,462 -                train: [    INFO] - Train: 143 [ 200/390 ( 51%)]  Loss: 2.078 (2.28)  Loss_gt: 1.367 (1.49)  Loss_kd: 0.7113 (0.794) LR: 5.000e-03
2025-09-14 06:16:55,412 -                train: [    INFO] - Train: 143 [ 389/390 (100%)]  Loss: 2.128 (2.29)  Loss_gt: 1.421 (1.49)  Loss_kd: 0.7068 (0.799) LR: 5.000e-03
2025-09-14 06:16:55,629 -                train: [    INFO] - Test: [   0/78]  Time: 0.206 (0.206)  Loss:  0.6110 (0.6110)  Acc@1: 80.4688 (80.4688)  Acc@5: 98.4375 (98.4375)
2025-09-14 06:16:59,189 -                train: [    INFO] - Test: [  78/78]  Time: 0.013 (0.048)  Loss:  0.8079 (0.7820)  Acc@1: 75.0000 (79.8900)  Acc@5: 93.7500 (95.6100)
2025-09-14 06:16:59,441 - timm.utils.checkpoint_saver: [    INFO] - Current checkpoints:
 ('./output/train/20250914-020203-resnet18-224/checkpoint/checkpoint-142.pth.tar', 79.9)
 ('./output/train/20250914-020203-resnet18-224/checkpoint/checkpoint-135.pth.tar', 79.89)
 ('./output/train/20250914-020203-resnet18-224/checkpoint/checkpoint-143.pth.tar', 79.89)
 ('./output/train/20250914-020203-resnet18-224/checkpoint/checkpoint-136.pth.tar', 79.82)
 ('./output/train/20250914-020203-resnet18-224/checkpoint/checkpoint-131.pth.tar', 79.7)
 ('./output/train/20250914-020203-resnet18-224/checkpoint/checkpoint-138.pth.tar', 79.7)
 ('./output/train/20250914-020203-resnet18-224/checkpoint/checkpoint-134.pth.tar', 79.66)
 ('./output/train/20250914-020203-resnet18-224/checkpoint/checkpoint-139.pth.tar', 79.62)
 ('./output/train/20250914-020203-resnet18-224/checkpoint/checkpoint-140.pth.tar', 79.61)
 ('./output/train/20250914-020203-resnet18-224/checkpoint/checkpoint-141.pth.tar', 79.6)

2025-09-14 06:17:00,005 -                train: [    INFO] - Train: 144 [   0/390 (  0%)]  Loss: 2.000 (2.00)  Loss_gt: 1.316 (1.32)  Loss_kd: 0.6845 (0.685) LR: 5.000e-03
2025-09-14 06:17:53,056 -                train: [    INFO] - Train: 144 [ 200/390 ( 51%)]  Loss: 2.458 (2.28)  Loss_gt: 1.518 (1.48)  Loss_kd: 0.9404 (0.795) LR: 5.000e-03
2025-09-14 06:18:42,511 -                train: [    INFO] - Train: 144 [ 389/390 (100%)]  Loss: 2.395 (2.28)  Loss_gt: 1.598 (1.48)  Loss_kd: 0.7973 (0.796) LR: 5.000e-03
2025-09-14 06:18:42,724 -                train: [    INFO] - Test: [   0/78]  Time: 0.203 (0.203)  Loss:  0.5868 (0.5868)  Acc@1: 82.8125 (82.8125)  Acc@5: 97.6562 (97.6562)
2025-09-14 06:18:46,244 -                train: [    INFO] - Test: [  78/78]  Time: 0.015 (0.047)  Loss:  0.8128 (0.7836)  Acc@1: 75.0000 (79.6700)  Acc@5: 93.7500 (95.5400)
2025-09-14 06:18:46,463 - timm.utils.checkpoint_saver: [    INFO] - Current checkpoints:
 ('./output/train/20250914-020203-resnet18-224/checkpoint/checkpoint-142.pth.tar', 79.9)
 ('./output/train/20250914-020203-resnet18-224/checkpoint/checkpoint-135.pth.tar', 79.89)
 ('./output/train/20250914-020203-resnet18-224/checkpoint/checkpoint-143.pth.tar', 79.89)
 ('./output/train/20250914-020203-resnet18-224/checkpoint/checkpoint-136.pth.tar', 79.82)
 ('./output/train/20250914-020203-resnet18-224/checkpoint/checkpoint-131.pth.tar', 79.7)
 ('./output/train/20250914-020203-resnet18-224/checkpoint/checkpoint-138.pth.tar', 79.7)
 ('./output/train/20250914-020203-resnet18-224/checkpoint/checkpoint-144.pth.tar', 79.67)
 ('./output/train/20250914-020203-resnet18-224/checkpoint/checkpoint-134.pth.tar', 79.66)
 ('./output/train/20250914-020203-resnet18-224/checkpoint/checkpoint-139.pth.tar', 79.62)
 ('./output/train/20250914-020203-resnet18-224/checkpoint/checkpoint-140.pth.tar', 79.61)

2025-09-14 06:18:47,045 -                train: [    INFO] - Train: 145 [   0/390 (  0%)]  Loss: 2.528 (2.53)  Loss_gt: 1.620 (1.62)  Loss_kd: 0.9080 (0.908) LR: 5.000e-03
2025-09-14 06:19:39,300 -                train: [    INFO] - Train: 145 [ 200/390 ( 51%)]  Loss: 2.361 (2.29)  Loss_gt: 1.503 (1.48)  Loss_kd: 0.8578 (0.803) LR: 5.000e-03
2025-09-14 06:20:28,667 -                train: [    INFO] - Train: 145 [ 389/390 (100%)]  Loss: 2.383 (2.29)  Loss_gt: 1.618 (1.49)  Loss_kd: 0.7647 (0.807) LR: 5.000e-03
2025-09-14 06:20:28,870 -                train: [    INFO] - Test: [   0/78]  Time: 0.193 (0.193)  Loss:  0.5995 (0.5995)  Acc@1: 81.2500 (81.2500)  Acc@5: 98.4375 (98.4375)
2025-09-14 06:20:32,346 -                train: [    INFO] - Test: [  78/78]  Time: 0.014 (0.046)  Loss:  0.8769 (0.7803)  Acc@1: 75.0000 (79.7700)  Acc@5: 93.7500 (95.6700)
2025-09-14 06:20:32,593 - timm.utils.checkpoint_saver: [    INFO] - Current checkpoints:
 ('./output/train/20250914-020203-resnet18-224/checkpoint/checkpoint-142.pth.tar', 79.9)
 ('./output/train/20250914-020203-resnet18-224/checkpoint/checkpoint-135.pth.tar', 79.89)
 ('./output/train/20250914-020203-resnet18-224/checkpoint/checkpoint-143.pth.tar', 79.89)
 ('./output/train/20250914-020203-resnet18-224/checkpoint/checkpoint-136.pth.tar', 79.82)
 ('./output/train/20250914-020203-resnet18-224/checkpoint/checkpoint-145.pth.tar', 79.77)
 ('./output/train/20250914-020203-resnet18-224/checkpoint/checkpoint-131.pth.tar', 79.7)
 ('./output/train/20250914-020203-resnet18-224/checkpoint/checkpoint-138.pth.tar', 79.7)
 ('./output/train/20250914-020203-resnet18-224/checkpoint/checkpoint-144.pth.tar', 79.67)
 ('./output/train/20250914-020203-resnet18-224/checkpoint/checkpoint-134.pth.tar', 79.66)
 ('./output/train/20250914-020203-resnet18-224/checkpoint/checkpoint-139.pth.tar', 79.62)

2025-09-14 06:20:33,111 -                train: [    INFO] - Train: 146 [   0/390 (  0%)]  Loss: 2.284 (2.28)  Loss_gt: 1.480 (1.48)  Loss_kd: 0.8034 (0.803) LR: 5.000e-03
2025-09-14 06:21:25,665 -                train: [    INFO] - Train: 146 [ 200/390 ( 51%)]  Loss: 2.456 (2.30)  Loss_gt: 1.571 (1.49)  Loss_kd: 0.8851 (0.805) LR: 5.000e-03
2025-09-14 06:22:15,744 -                train: [    INFO] - Train: 146 [ 389/390 (100%)]  Loss: 2.299 (2.29)  Loss_gt: 1.525 (1.49)  Loss_kd: 0.7735 (0.804) LR: 5.000e-03
2025-09-14 06:22:15,956 -                train: [    INFO] - Test: [   0/78]  Time: 0.200 (0.200)  Loss:  0.5762 (0.5762)  Acc@1: 82.8125 (82.8125)  Acc@5: 98.4375 (98.4375)
2025-09-14 06:22:19,790 -                train: [    INFO] - Test: [  78/78]  Time: 0.017 (0.051)  Loss:  0.8546 (0.7779)  Acc@1: 75.0000 (79.7200)  Acc@5: 93.7500 (95.7000)
2025-09-14 06:22:19,985 - timm.utils.checkpoint_saver: [    INFO] - Current checkpoints:
 ('./output/train/20250914-020203-resnet18-224/checkpoint/checkpoint-142.pth.tar', 79.9)
 ('./output/train/20250914-020203-resnet18-224/checkpoint/checkpoint-135.pth.tar', 79.89)
 ('./output/train/20250914-020203-resnet18-224/checkpoint/checkpoint-143.pth.tar', 79.89)
 ('./output/train/20250914-020203-resnet18-224/checkpoint/checkpoint-136.pth.tar', 79.82)
 ('./output/train/20250914-020203-resnet18-224/checkpoint/checkpoint-145.pth.tar', 79.77)
 ('./output/train/20250914-020203-resnet18-224/checkpoint/checkpoint-146.pth.tar', 79.72)
 ('./output/train/20250914-020203-resnet18-224/checkpoint/checkpoint-131.pth.tar', 79.7)
 ('./output/train/20250914-020203-resnet18-224/checkpoint/checkpoint-138.pth.tar', 79.7)
 ('./output/train/20250914-020203-resnet18-224/checkpoint/checkpoint-144.pth.tar', 79.67)
 ('./output/train/20250914-020203-resnet18-224/checkpoint/checkpoint-134.pth.tar', 79.66)

2025-09-14 06:22:20,481 -                train: [    INFO] - Train: 147 [   0/390 (  0%)]  Loss: 1.882 (1.88)  Loss_gt: 1.335 (1.34)  Loss_kd: 0.5465 (0.547) LR: 5.000e-03
2025-09-14 06:23:12,773 -                train: [    INFO] - Train: 147 [ 200/390 ( 51%)]  Loss: 2.109 (2.26)  Loss_gt: 1.345 (1.47)  Loss_kd: 0.7641 (0.796) LR: 5.000e-03
2025-09-14 06:24:02,089 -                train: [    INFO] - Train: 147 [ 389/390 (100%)]  Loss: 2.198 (2.26)  Loss_gt: 1.459 (1.47)  Loss_kd: 0.7394 (0.792) LR: 5.000e-03
2025-09-14 06:24:02,303 -                train: [    INFO] - Test: [   0/78]  Time: 0.204 (0.204)  Loss:  0.5910 (0.5910)  Acc@1: 82.8125 (82.8125)  Acc@5: 98.4375 (98.4375)
2025-09-14 06:24:06,061 -                train: [    INFO] - Test: [  78/78]  Time: 0.015 (0.050)  Loss:  0.8696 (0.7777)  Acc@1: 75.0000 (79.6400)  Acc@5: 93.7500 (95.5800)
2025-09-14 06:24:06,771 -                train: [    INFO] - Train: 148 [   0/390 (  0%)]  Loss: 2.239 (2.24)  Loss_gt: 1.494 (1.49)  Loss_kd: 0.7452 (0.745) LR: 5.000e-03
2025-09-14 06:24:59,108 -                train: [    INFO] - Train: 148 [ 200/390 ( 51%)]  Loss: 2.390 (2.30)  Loss_gt: 1.525 (1.48)  Loss_kd: 0.8652 (0.816) LR: 5.000e-03
2025-09-14 06:25:48,766 -                train: [    INFO] - Train: 148 [ 389/390 (100%)]  Loss: 2.222 (2.29)  Loss_gt: 1.426 (1.48)  Loss_kd: 0.7964 (0.810) LR: 5.000e-03
2025-09-14 06:25:49,007 -                train: [    INFO] - Test: [   0/78]  Time: 0.231 (0.231)  Loss:  0.6138 (0.6138)  Acc@1: 80.4688 (80.4688)  Acc@5: 97.6562 (97.6562)
2025-09-14 06:25:52,609 -                train: [    INFO] - Test: [  78/78]  Time: 0.013 (0.049)  Loss:  0.8428 (0.7857)  Acc@1: 75.0000 (79.7300)  Acc@5: 93.7500 (95.5400)
2025-09-14 06:25:52,838 - timm.utils.checkpoint_saver: [    INFO] - Current checkpoints:
 ('./output/train/20250914-020203-resnet18-224/checkpoint/checkpoint-142.pth.tar', 79.9)
 ('./output/train/20250914-020203-resnet18-224/checkpoint/checkpoint-135.pth.tar', 79.89)
 ('./output/train/20250914-020203-resnet18-224/checkpoint/checkpoint-143.pth.tar', 79.89)
 ('./output/train/20250914-020203-resnet18-224/checkpoint/checkpoint-136.pth.tar', 79.82)
 ('./output/train/20250914-020203-resnet18-224/checkpoint/checkpoint-145.pth.tar', 79.77)
 ('./output/train/20250914-020203-resnet18-224/checkpoint/checkpoint-148.pth.tar', 79.73)
 ('./output/train/20250914-020203-resnet18-224/checkpoint/checkpoint-146.pth.tar', 79.72)
 ('./output/train/20250914-020203-resnet18-224/checkpoint/checkpoint-131.pth.tar', 79.7)
 ('./output/train/20250914-020203-resnet18-224/checkpoint/checkpoint-138.pth.tar', 79.7)
 ('./output/train/20250914-020203-resnet18-224/checkpoint/checkpoint-144.pth.tar', 79.67)

2025-09-14 06:25:53,411 -                train: [    INFO] - Train: 149 [   0/390 (  0%)]  Loss: 2.145 (2.14)  Loss_gt: 1.440 (1.44)  Loss_kd: 0.7051 (0.705) LR: 5.000e-03
2025-09-14 06:26:45,887 -                train: [    INFO] - Train: 149 [ 200/390 ( 51%)]  Loss: 2.242 (2.27)  Loss_gt: 1.474 (1.47)  Loss_kd: 0.7683 (0.800) LR: 5.000e-03
2025-09-14 06:27:35,300 -                train: [    INFO] - Train: 149 [ 389/390 (100%)]  Loss: 2.320 (2.28)  Loss_gt: 1.539 (1.47)  Loss_kd: 0.7802 (0.801) LR: 5.000e-03
2025-09-14 06:27:35,501 -                train: [    INFO] - Test: [   0/78]  Time: 0.189 (0.189)  Loss:  0.6040 (0.6040)  Acc@1: 82.0312 (82.0312)  Acc@5: 98.4375 (98.4375)
2025-09-14 06:27:38,917 -                train: [    INFO] - Test: [  78/78]  Time: 0.013 (0.046)  Loss:  0.9578 (0.7862)  Acc@1: 75.0000 (79.8800)  Acc@5: 93.7500 (95.5100)
2025-09-14 06:27:39,149 - timm.utils.checkpoint_saver: [    INFO] - Current checkpoints:
 ('./output/train/20250914-020203-resnet18-224/checkpoint/checkpoint-142.pth.tar', 79.9)
 ('./output/train/20250914-020203-resnet18-224/checkpoint/checkpoint-135.pth.tar', 79.89)
 ('./output/train/20250914-020203-resnet18-224/checkpoint/checkpoint-143.pth.tar', 79.89)
 ('./output/train/20250914-020203-resnet18-224/checkpoint/checkpoint-149.pth.tar', 79.88)
 ('./output/train/20250914-020203-resnet18-224/checkpoint/checkpoint-136.pth.tar', 79.82)
 ('./output/train/20250914-020203-resnet18-224/checkpoint/checkpoint-145.pth.tar', 79.77)
 ('./output/train/20250914-020203-resnet18-224/checkpoint/checkpoint-148.pth.tar', 79.73)
 ('./output/train/20250914-020203-resnet18-224/checkpoint/checkpoint-146.pth.tar', 79.72)
 ('./output/train/20250914-020203-resnet18-224/checkpoint/checkpoint-131.pth.tar', 79.7)
 ('./output/train/20250914-020203-resnet18-224/checkpoint/checkpoint-138.pth.tar', 79.7)

2025-09-14 06:27:39,794 -                train: [    INFO] - Train: 150 [   0/390 (  0%)]  Loss: 2.282 (2.28)  Loss_gt: 1.509 (1.51)  Loss_kd: 0.7725 (0.773) LR: 5.000e-03
2025-09-14 06:28:32,867 -                train: [    INFO] - Train: 150 [ 200/390 ( 51%)]  Loss: 2.043 (2.26)  Loss_gt: 1.337 (1.46)  Loss_kd: 0.7060 (0.793) LR: 5.000e-03
2025-09-14 06:29:22,871 -                train: [    INFO] - Train: 150 [ 389/390 (100%)]  Loss: 2.123 (2.27)  Loss_gt: 1.326 (1.47)  Loss_kd: 0.7975 (0.802) LR: 5.000e-03
2025-09-14 06:29:23,084 -                train: [    INFO] - Test: [   0/78]  Time: 0.203 (0.203)  Loss:  0.6046 (0.6046)  Acc@1: 82.0312 (82.0312)  Acc@5: 98.4375 (98.4375)
2025-09-14 06:29:26,625 -                train: [    INFO] - Test: [  78/78]  Time: 0.014 (0.047)  Loss:  0.8943 (0.7885)  Acc@1: 75.0000 (79.6900)  Acc@5: 93.7500 (95.7000)
2025-09-14 06:29:27,659 -                train: [    INFO] - Train: 151 [   0/390 (  0%)]  Loss: 2.422 (2.42)  Loss_gt: 1.585 (1.59)  Loss_kd: 0.8372 (0.837) LR: 5.000e-03
2025-09-14 06:30:19,942 -                train: [    INFO] - Train: 151 [ 200/390 ( 51%)]  Loss: 2.200 (2.24)  Loss_gt: 1.427 (1.46)  Loss_kd: 0.7727 (0.785) LR: 5.000e-03
2025-09-14 06:31:09,105 -                train: [    INFO] - Train: 151 [ 389/390 (100%)]  Loss: 2.305 (2.26)  Loss_gt: 1.505 (1.47)  Loss_kd: 0.8001 (0.789) LR: 5.000e-03
2025-09-14 06:31:09,308 -                train: [    INFO] - Test: [   0/78]  Time: 0.194 (0.194)  Loss:  0.6231 (0.6231)  Acc@1: 79.6875 (79.6875)  Acc@5: 98.4375 (98.4375)
2025-09-14 06:31:12,769 -                train: [    INFO] - Test: [  78/78]  Time: 0.012 (0.046)  Loss:  0.9547 (0.7921)  Acc@1: 75.0000 (79.4100)  Acc@5: 93.7500 (95.6300)
2025-09-14 06:31:13,643 -                train: [    INFO] - Train: 152 [   0/390 (  0%)]  Loss: 2.310 (2.31)  Loss_gt: 1.420 (1.42)  Loss_kd: 0.8899 (0.890) LR: 5.000e-03
2025-09-14 06:32:06,238 -                train: [    INFO] - Train: 152 [ 200/390 ( 51%)]  Loss: 2.276 (2.25)  Loss_gt: 1.485 (1.46)  Loss_kd: 0.7907 (0.792) LR: 5.000e-03
2025-09-14 06:32:55,717 -                train: [    INFO] - Train: 152 [ 389/390 (100%)]  Loss: 2.358 (2.27)  Loss_gt: 1.546 (1.47)  Loss_kd: 0.8118 (0.799) LR: 5.000e-03
2025-09-14 06:32:55,925 -                train: [    INFO] - Test: [   0/78]  Time: 0.199 (0.199)  Loss:  0.5944 (0.5944)  Acc@1: 84.3750 (84.3750)  Acc@5: 98.4375 (98.4375)
2025-09-14 06:32:59,314 -                train: [    INFO] - Test: [  78/78]  Time: 0.014 (0.045)  Loss:  0.8538 (0.7871)  Acc@1: 75.0000 (80.1600)  Acc@5: 93.7500 (95.4500)
2025-09-14 06:32:59,618 - timm.utils.checkpoint_saver: [    INFO] - Current checkpoints:
 ('./output/train/20250914-020203-resnet18-224/checkpoint/checkpoint-152.pth.tar', 80.16)
 ('./output/train/20250914-020203-resnet18-224/checkpoint/checkpoint-142.pth.tar', 79.9)
 ('./output/train/20250914-020203-resnet18-224/checkpoint/checkpoint-135.pth.tar', 79.89)
 ('./output/train/20250914-020203-resnet18-224/checkpoint/checkpoint-143.pth.tar', 79.89)
 ('./output/train/20250914-020203-resnet18-224/checkpoint/checkpoint-149.pth.tar', 79.88)
 ('./output/train/20250914-020203-resnet18-224/checkpoint/checkpoint-136.pth.tar', 79.82)
 ('./output/train/20250914-020203-resnet18-224/checkpoint/checkpoint-145.pth.tar', 79.77)
 ('./output/train/20250914-020203-resnet18-224/checkpoint/checkpoint-148.pth.tar', 79.73)
 ('./output/train/20250914-020203-resnet18-224/checkpoint/checkpoint-146.pth.tar', 79.72)
 ('./output/train/20250914-020203-resnet18-224/checkpoint/checkpoint-131.pth.tar', 79.7)

2025-09-14 06:33:00,159 -                train: [    INFO] - Train: 153 [   0/390 (  0%)]  Loss: 2.355 (2.36)  Loss_gt: 1.545 (1.55)  Loss_kd: 0.8098 (0.810) LR: 5.000e-03
2025-09-14 06:33:52,567 -                train: [    INFO] - Train: 153 [ 200/390 ( 51%)]  Loss: 2.036 (2.25)  Loss_gt: 1.345 (1.46)  Loss_kd: 0.6912 (0.793) LR: 5.000e-03
2025-09-14 06:34:42,690 -                train: [    INFO] - Train: 153 [ 389/390 (100%)]  Loss: 2.297 (2.26)  Loss_gt: 1.403 (1.46)  Loss_kd: 0.8932 (0.798) LR: 5.000e-03
2025-09-14 06:34:42,907 -                train: [    INFO] - Test: [   0/78]  Time: 0.205 (0.205)  Loss:  0.6041 (0.6041)  Acc@1: 79.6875 (79.6875)  Acc@5: 98.4375 (98.4375)
2025-09-14 06:34:46,474 -                train: [    INFO] - Test: [  78/78]  Time: 0.017 (0.048)  Loss:  0.7473 (0.7926)  Acc@1: 75.0000 (79.7200)  Acc@5: 93.7500 (95.4300)
2025-09-14 06:34:46,733 - timm.utils.checkpoint_saver: [    INFO] - Current checkpoints:
 ('./output/train/20250914-020203-resnet18-224/checkpoint/checkpoint-152.pth.tar', 80.16)
 ('./output/train/20250914-020203-resnet18-224/checkpoint/checkpoint-142.pth.tar', 79.9)
 ('./output/train/20250914-020203-resnet18-224/checkpoint/checkpoint-135.pth.tar', 79.89)
 ('./output/train/20250914-020203-resnet18-224/checkpoint/checkpoint-143.pth.tar', 79.89)
 ('./output/train/20250914-020203-resnet18-224/checkpoint/checkpoint-149.pth.tar', 79.88)
 ('./output/train/20250914-020203-resnet18-224/checkpoint/checkpoint-136.pth.tar', 79.82)
 ('./output/train/20250914-020203-resnet18-224/checkpoint/checkpoint-145.pth.tar', 79.77)
 ('./output/train/20250914-020203-resnet18-224/checkpoint/checkpoint-148.pth.tar', 79.73)
 ('./output/train/20250914-020203-resnet18-224/checkpoint/checkpoint-146.pth.tar', 79.72)
 ('./output/train/20250914-020203-resnet18-224/checkpoint/checkpoint-153.pth.tar', 79.72)

2025-09-14 06:34:47,304 -                train: [    INFO] - Train: 154 [   0/390 (  0%)]  Loss: 2.169 (2.17)  Loss_gt: 1.398 (1.40)  Loss_kd: 0.7716 (0.772) LR: 5.000e-03
2025-09-14 06:35:39,843 -                train: [    INFO] - Train: 154 [ 200/390 ( 51%)]  Loss: 2.219 (2.26)  Loss_gt: 1.424 (1.46)  Loss_kd: 0.7953 (0.806) LR: 5.000e-03
2025-09-14 06:36:29,570 -                train: [    INFO] - Train: 154 [ 389/390 (100%)]  Loss: 2.462 (2.26)  Loss_gt: 1.528 (1.46)  Loss_kd: 0.9341 (0.804) LR: 5.000e-03
2025-09-14 06:36:29,761 -                train: [    INFO] - Test: [   0/78]  Time: 0.181 (0.181)  Loss:  0.5945 (0.5945)  Acc@1: 81.2500 (81.2500)  Acc@5: 97.6562 (97.6562)
2025-09-14 06:36:33,278 -                train: [    INFO] - Test: [  78/78]  Time: 0.015 (0.047)  Loss:  0.8443 (0.7860)  Acc@1: 75.0000 (79.8700)  Acc@5: 93.7500 (95.5500)
2025-09-14 06:36:33,477 - timm.utils.checkpoint_saver: [    INFO] - Current checkpoints:
 ('./output/train/20250914-020203-resnet18-224/checkpoint/checkpoint-152.pth.tar', 80.16)
 ('./output/train/20250914-020203-resnet18-224/checkpoint/checkpoint-142.pth.tar', 79.9)
 ('./output/train/20250914-020203-resnet18-224/checkpoint/checkpoint-135.pth.tar', 79.89)
 ('./output/train/20250914-020203-resnet18-224/checkpoint/checkpoint-143.pth.tar', 79.89)
 ('./output/train/20250914-020203-resnet18-224/checkpoint/checkpoint-149.pth.tar', 79.88)
 ('./output/train/20250914-020203-resnet18-224/checkpoint/checkpoint-154.pth.tar', 79.87)
 ('./output/train/20250914-020203-resnet18-224/checkpoint/checkpoint-136.pth.tar', 79.82)
 ('./output/train/20250914-020203-resnet18-224/checkpoint/checkpoint-145.pth.tar', 79.77)
 ('./output/train/20250914-020203-resnet18-224/checkpoint/checkpoint-148.pth.tar', 79.73)
 ('./output/train/20250914-020203-resnet18-224/checkpoint/checkpoint-146.pth.tar', 79.72)

2025-09-14 06:36:34,121 -                train: [    INFO] - Train: 155 [   0/390 (  0%)]  Loss: 2.247 (2.25)  Loss_gt: 1.414 (1.41)  Loss_kd: 0.8329 (0.833) LR: 5.000e-03
2025-09-14 06:37:26,263 -                train: [    INFO] - Train: 155 [ 200/390 ( 51%)]  Loss: 2.272 (2.22)  Loss_gt: 1.503 (1.44)  Loss_kd: 0.7686 (0.780) LR: 5.000e-03
2025-09-14 06:38:16,295 -                train: [    INFO] - Train: 155 [ 389/390 (100%)]  Loss: 2.354 (2.25)  Loss_gt: 1.476 (1.45)  Loss_kd: 0.8777 (0.795) LR: 5.000e-03
2025-09-14 06:38:16,514 -                train: [    INFO] - Test: [   0/78]  Time: 0.206 (0.206)  Loss:  0.5819 (0.5819)  Acc@1: 82.8125 (82.8125)  Acc@5: 98.4375 (98.4375)
2025-09-14 06:38:20,187 -                train: [    INFO] - Test: [  78/78]  Time: 0.015 (0.049)  Loss:  0.9003 (0.8123)  Acc@1: 81.2500 (79.4000)  Acc@5: 93.7500 (95.3000)
2025-09-14 06:38:20,947 -                train: [    INFO] - Train: 156 [   0/390 (  0%)]  Loss: 2.114 (2.11)  Loss_gt: 1.383 (1.38)  Loss_kd: 0.7303 (0.730) LR: 5.000e-03
2025-09-14 06:39:13,416 -                train: [    INFO] - Train: 156 [ 200/390 ( 51%)]  Loss: 2.088 (2.25)  Loss_gt: 1.337 (1.45)  Loss_kd: 0.7511 (0.798) LR: 5.000e-03
2025-09-14 06:40:03,140 -                train: [    INFO] - Train: 156 [ 389/390 (100%)]  Loss: 2.172 (2.25)  Loss_gt: 1.391 (1.45)  Loss_kd: 0.7810 (0.796) LR: 5.000e-03
2025-09-14 06:40:03,352 -                train: [    INFO] - Test: [   0/78]  Time: 0.202 (0.202)  Loss:  0.5541 (0.5541)  Acc@1: 84.3750 (84.3750)  Acc@5: 98.4375 (98.4375)
2025-09-14 06:40:06,996 -                train: [    INFO] - Test: [  78/78]  Time: 0.015 (0.049)  Loss:  0.6992 (0.7795)  Acc@1: 81.2500 (80.0500)  Acc@5: 93.7500 (95.6700)
2025-09-14 06:40:07,223 - timm.utils.checkpoint_saver: [    INFO] - Current checkpoints:
 ('./output/train/20250914-020203-resnet18-224/checkpoint/checkpoint-152.pth.tar', 80.16)
 ('./output/train/20250914-020203-resnet18-224/checkpoint/checkpoint-156.pth.tar', 80.05)
 ('./output/train/20250914-020203-resnet18-224/checkpoint/checkpoint-142.pth.tar', 79.9)
 ('./output/train/20250914-020203-resnet18-224/checkpoint/checkpoint-135.pth.tar', 79.89)
 ('./output/train/20250914-020203-resnet18-224/checkpoint/checkpoint-143.pth.tar', 79.89)
 ('./output/train/20250914-020203-resnet18-224/checkpoint/checkpoint-149.pth.tar', 79.88)
 ('./output/train/20250914-020203-resnet18-224/checkpoint/checkpoint-154.pth.tar', 79.87)
 ('./output/train/20250914-020203-resnet18-224/checkpoint/checkpoint-136.pth.tar', 79.82)
 ('./output/train/20250914-020203-resnet18-224/checkpoint/checkpoint-145.pth.tar', 79.77)
 ('./output/train/20250914-020203-resnet18-224/checkpoint/checkpoint-148.pth.tar', 79.73)

2025-09-14 06:40:07,877 -                train: [    INFO] - Train: 157 [   0/390 (  0%)]  Loss: 2.451 (2.45)  Loss_gt: 1.604 (1.60)  Loss_kd: 0.8467 (0.847) LR: 5.000e-03
2025-09-14 06:41:00,809 -                train: [    INFO] - Train: 157 [ 200/390 ( 51%)]  Loss: 2.421 (2.26)  Loss_gt: 1.504 (1.46)  Loss_kd: 0.9175 (0.801) LR: 5.000e-03
2025-09-14 06:41:50,807 -                train: [    INFO] - Train: 157 [ 389/390 (100%)]  Loss: 2.230 (2.25)  Loss_gt: 1.470 (1.46)  Loss_kd: 0.7605 (0.794) LR: 5.000e-03
2025-09-14 06:41:51,004 -                train: [    INFO] - Test: [   0/78]  Time: 0.186 (0.186)  Loss:  0.6223 (0.6223)  Acc@1: 82.0312 (82.0312)  Acc@5: 99.2188 (99.2188)
2025-09-14 06:41:54,744 -                train: [    INFO] - Test: [  78/78]  Time: 0.014 (0.050)  Loss:  0.8751 (0.7914)  Acc@1: 75.0000 (79.7800)  Acc@5: 93.7500 (95.2900)
2025-09-14 06:41:54,958 - timm.utils.checkpoint_saver: [    INFO] - Current checkpoints:
 ('./output/train/20250914-020203-resnet18-224/checkpoint/checkpoint-152.pth.tar', 80.16)
 ('./output/train/20250914-020203-resnet18-224/checkpoint/checkpoint-156.pth.tar', 80.05)
 ('./output/train/20250914-020203-resnet18-224/checkpoint/checkpoint-142.pth.tar', 79.9)
 ('./output/train/20250914-020203-resnet18-224/checkpoint/checkpoint-135.pth.tar', 79.89)
 ('./output/train/20250914-020203-resnet18-224/checkpoint/checkpoint-143.pth.tar', 79.89)
 ('./output/train/20250914-020203-resnet18-224/checkpoint/checkpoint-149.pth.tar', 79.88)
 ('./output/train/20250914-020203-resnet18-224/checkpoint/checkpoint-154.pth.tar', 79.87)
 ('./output/train/20250914-020203-resnet18-224/checkpoint/checkpoint-136.pth.tar', 79.82)
 ('./output/train/20250914-020203-resnet18-224/checkpoint/checkpoint-157.pth.tar', 79.78)
 ('./output/train/20250914-020203-resnet18-224/checkpoint/checkpoint-145.pth.tar', 79.77)

2025-09-14 06:41:55,605 -                train: [    INFO] - Train: 158 [   0/390 (  0%)]  Loss: 2.303 (2.30)  Loss_gt: 1.509 (1.51)  Loss_kd: 0.7946 (0.795) LR: 5.000e-03
2025-09-14 06:42:48,025 -                train: [    INFO] - Train: 158 [ 200/390 ( 51%)]  Loss: 2.199 (2.24)  Loss_gt: 1.494 (1.45)  Loss_kd: 0.7049 (0.790) LR: 5.000e-03
2025-09-14 06:43:38,041 -                train: [    INFO] - Train: 158 [ 389/390 (100%)]  Loss: 2.003 (2.24)  Loss_gt: 1.350 (1.45)  Loss_kd: 0.6533 (0.791) LR: 5.000e-03
2025-09-14 06:43:38,226 -                train: [    INFO] - Test: [   0/78]  Time: 0.175 (0.175)  Loss:  0.6024 (0.6024)  Acc@1: 81.2500 (81.2500)  Acc@5: 99.2188 (99.2188)
2025-09-14 06:43:41,811 -                train: [    INFO] - Test: [  78/78]  Time: 0.014 (0.048)  Loss:  0.9355 (0.7971)  Acc@1: 68.7500 (79.4600)  Acc@5: 93.7500 (95.5600)
2025-09-14 06:43:42,597 -                train: [    INFO] - Train: 159 [   0/390 (  0%)]  Loss: 2.407 (2.41)  Loss_gt: 1.580 (1.58)  Loss_kd: 0.8274 (0.827) LR: 5.000e-03
2025-09-14 06:44:31,106 -                train: [    INFO] - Train: 159 [ 200/390 ( 51%)]  Loss: 2.178 (2.25)  Loss_gt: 1.421 (1.45)  Loss_kd: 0.7575 (0.797) LR: 5.000e-03
2025-09-14 06:45:16,359 -                train: [    INFO] - Train: 159 [ 389/390 (100%)]  Loss: 2.590 (2.25)  Loss_gt: 1.524 (1.45)  Loss_kd: 1.065 (0.796) LR: 5.000e-03
2025-09-14 06:45:16,554 -                train: [    INFO] - Test: [   0/78]  Time: 0.186 (0.186)  Loss:  0.6484 (0.6484)  Acc@1: 82.0312 (82.0312)  Acc@5: 97.6562 (97.6562)
2025-09-14 06:45:19,806 -                train: [    INFO] - Test: [  78/78]  Time: 0.013 (0.044)  Loss:  0.6600 (0.7982)  Acc@1: 81.2500 (79.6800)  Acc@5: 93.7500 (95.4700)
2025-09-14 06:45:20,612 -                train: [    INFO] - Train: 160 [   0/390 (  0%)]  Loss: 2.109 (2.11)  Loss_gt: 1.452 (1.45)  Loss_kd: 0.6566 (0.657) LR: 5.000e-03
2025-09-14 06:46:08,076 -                train: [    INFO] - Train: 160 [ 200/390 ( 51%)]  Loss: 2.358 (2.24)  Loss_gt: 1.595 (1.45)  Loss_kd: 0.7630 (0.793) LR: 5.000e-03
2025-09-14 06:46:53,664 -                train: [    INFO] - Train: 160 [ 389/390 (100%)]  Loss: 2.338 (2.24)  Loss_gt: 1.547 (1.45)  Loss_kd: 0.7913 (0.794) LR: 5.000e-03
2025-09-14 06:46:53,886 -                train: [    INFO] - Test: [   0/78]  Time: 0.210 (0.210)  Loss:  0.6309 (0.6309)  Acc@1: 82.0312 (82.0312)  Acc@5: 96.8750 (96.8750)
2025-09-14 06:46:57,402 -                train: [    INFO] - Test: [  78/78]  Time: 0.014 (0.047)  Loss:  0.7594 (0.7887)  Acc@1: 81.2500 (79.6000)  Acc@5: 93.7500 (95.5900)
2025-09-14 06:46:58,192 -                train: [    INFO] - Train: 161 [   0/390 (  0%)]  Loss: 2.085 (2.08)  Loss_gt: 1.333 (1.33)  Loss_kd: 0.7519 (0.752) LR: 5.000e-03
2025-09-14 06:47:46,314 -                train: [    INFO] - Train: 161 [ 200/390 ( 51%)]  Loss: 2.249 (2.24)  Loss_gt: 1.512 (1.45)  Loss_kd: 0.7369 (0.796) LR: 5.000e-03
2025-09-14 06:48:31,839 -                train: [    INFO] - Train: 161 [ 389/390 (100%)]  Loss: 2.149 (2.25)  Loss_gt: 1.366 (1.45)  Loss_kd: 0.7836 (0.798) LR: 5.000e-03
2025-09-14 06:48:32,039 -                train: [    INFO] - Test: [   0/78]  Time: 0.190 (0.190)  Loss:  0.6172 (0.6172)  Acc@1: 82.0312 (82.0312)  Acc@5: 98.4375 (98.4375)
2025-09-14 06:48:35,209 -                train: [    INFO] - Test: [  78/78]  Time: 0.013 (0.043)  Loss:  0.7941 (0.7813)  Acc@1: 75.0000 (79.8500)  Acc@5: 93.7500 (95.8300)
2025-09-14 06:48:35,454 - timm.utils.checkpoint_saver: [    INFO] - Current checkpoints:
 ('./output/train/20250914-020203-resnet18-224/checkpoint/checkpoint-152.pth.tar', 80.16)
 ('./output/train/20250914-020203-resnet18-224/checkpoint/checkpoint-156.pth.tar', 80.05)
 ('./output/train/20250914-020203-resnet18-224/checkpoint/checkpoint-142.pth.tar', 79.9)
 ('./output/train/20250914-020203-resnet18-224/checkpoint/checkpoint-135.pth.tar', 79.89)
 ('./output/train/20250914-020203-resnet18-224/checkpoint/checkpoint-143.pth.tar', 79.89)
 ('./output/train/20250914-020203-resnet18-224/checkpoint/checkpoint-149.pth.tar', 79.88)
 ('./output/train/20250914-020203-resnet18-224/checkpoint/checkpoint-154.pth.tar', 79.87)
 ('./output/train/20250914-020203-resnet18-224/checkpoint/checkpoint-161.pth.tar', 79.85)
 ('./output/train/20250914-020203-resnet18-224/checkpoint/checkpoint-136.pth.tar', 79.82)
 ('./output/train/20250914-020203-resnet18-224/checkpoint/checkpoint-157.pth.tar', 79.78)

2025-09-14 06:48:35,988 -                train: [    INFO] - Train: 162 [   0/390 (  0%)]  Loss: 2.199 (2.20)  Loss_gt: 1.415 (1.42)  Loss_kd: 0.7840 (0.784) LR: 5.000e-03
2025-09-14 06:49:31,470 -                train: [    INFO] - Train: 162 [ 200/390 ( 51%)]  Loss: 2.449 (2.23)  Loss_gt: 1.563 (1.44)  Loss_kd: 0.8863 (0.787) LR: 5.000e-03
2025-09-14 06:50:21,013 -                train: [    INFO] - Train: 162 [ 389/390 (100%)]  Loss: 2.273 (2.24)  Loss_gt: 1.481 (1.45)  Loss_kd: 0.7917 (0.792) LR: 5.000e-03
2025-09-14 06:50:21,232 -                train: [    INFO] - Test: [   0/78]  Time: 0.209 (0.209)  Loss:  0.6027 (0.6027)  Acc@1: 81.2500 (81.2500)  Acc@5: 98.4375 (98.4375)
2025-09-14 06:50:25,021 -                train: [    INFO] - Test: [  78/78]  Time: 0.014 (0.051)  Loss:  0.8102 (0.7876)  Acc@1: 75.0000 (79.8900)  Acc@5: 93.7500 (95.5000)
2025-09-14 06:50:25,289 - timm.utils.checkpoint_saver: [    INFO] - Current checkpoints:
 ('./output/train/20250914-020203-resnet18-224/checkpoint/checkpoint-152.pth.tar', 80.16)
 ('./output/train/20250914-020203-resnet18-224/checkpoint/checkpoint-156.pth.tar', 80.05)
 ('./output/train/20250914-020203-resnet18-224/checkpoint/checkpoint-142.pth.tar', 79.9)
 ('./output/train/20250914-020203-resnet18-224/checkpoint/checkpoint-135.pth.tar', 79.89)
 ('./output/train/20250914-020203-resnet18-224/checkpoint/checkpoint-143.pth.tar', 79.89)
 ('./output/train/20250914-020203-resnet18-224/checkpoint/checkpoint-162.pth.tar', 79.89)
 ('./output/train/20250914-020203-resnet18-224/checkpoint/checkpoint-149.pth.tar', 79.88)
 ('./output/train/20250914-020203-resnet18-224/checkpoint/checkpoint-154.pth.tar', 79.87)
 ('./output/train/20250914-020203-resnet18-224/checkpoint/checkpoint-161.pth.tar', 79.85)
 ('./output/train/20250914-020203-resnet18-224/checkpoint/checkpoint-136.pth.tar', 79.82)

2025-09-14 06:50:25,946 -                train: [    INFO] - Train: 163 [   0/390 (  0%)]  Loss: 2.026 (2.03)  Loss_gt: 1.365 (1.36)  Loss_kd: 0.6611 (0.661) LR: 5.000e-03
2025-09-14 06:51:18,433 -                train: [    INFO] - Train: 163 [ 200/390 ( 51%)]  Loss: 2.198 (2.23)  Loss_gt: 1.429 (1.44)  Loss_kd: 0.7691 (0.795) LR: 5.000e-03
2025-09-14 06:52:08,314 -                train: [    INFO] - Train: 163 [ 389/390 (100%)]  Loss: 2.248 (2.24)  Loss_gt: 1.471 (1.44)  Loss_kd: 0.7764 (0.793) LR: 5.000e-03
2025-09-14 06:52:08,532 -                train: [    INFO] - Test: [   0/78]  Time: 0.206 (0.206)  Loss:  0.5876 (0.5876)  Acc@1: 84.3750 (84.3750)  Acc@5: 96.8750 (96.8750)
2025-09-14 06:52:12,068 -                train: [    INFO] - Test: [  78/78]  Time: 0.013 (0.047)  Loss:  0.7050 (0.8083)  Acc@1: 75.0000 (79.5800)  Acc@5: 93.7500 (95.5100)
2025-09-14 06:52:12,947 -                train: [    INFO] - Train: 164 [   0/390 (  0%)]  Loss: 2.314 (2.31)  Loss_gt: 1.475 (1.47)  Loss_kd: 0.8387 (0.839) LR: 5.000e-03
2025-09-14 06:53:05,575 -                train: [    INFO] - Train: 164 [ 200/390 ( 51%)]  Loss: 2.294 (2.23)  Loss_gt: 1.463 (1.44)  Loss_kd: 0.8314 (0.790) LR: 5.000e-03
2025-09-14 06:53:55,821 -                train: [    INFO] - Train: 164 [ 389/390 (100%)]  Loss: 2.087 (2.23)  Loss_gt: 1.390 (1.44)  Loss_kd: 0.6972 (0.783) LR: 5.000e-03
2025-09-14 06:53:56,012 -                train: [    INFO] - Test: [   0/78]  Time: 0.182 (0.182)  Loss:  0.5892 (0.5892)  Acc@1: 81.2500 (81.2500)  Acc@5: 97.6562 (97.6562)
2025-09-14 06:53:59,408 -                train: [    INFO] - Test: [  78/78]  Time: 0.013 (0.045)  Loss:  0.8387 (0.7942)  Acc@1: 75.0000 (79.7600)  Acc@5: 100.0000 (95.6600)
2025-09-14 06:54:00,254 -                train: [    INFO] - Train: 165 [   0/390 (  0%)]  Loss: 2.158 (2.16)  Loss_gt: 1.383 (1.38)  Loss_kd: 0.7752 (0.775) LR: 5.000e-03
2025-09-14 06:54:52,606 -                train: [    INFO] - Train: 165 [ 200/390 ( 51%)]  Loss: 2.365 (2.22)  Loss_gt: 1.584 (1.44)  Loss_kd: 0.7811 (0.781) LR: 5.000e-03
2025-09-14 06:55:42,663 -                train: [    INFO] - Train: 165 [ 389/390 (100%)]  Loss: 2.337 (2.22)  Loss_gt: 1.477 (1.44)  Loss_kd: 0.8598 (0.784) LR: 5.000e-03
2025-09-14 06:55:42,875 -                train: [    INFO] - Test: [   0/78]  Time: 0.199 (0.199)  Loss:  0.6052 (0.6052)  Acc@1: 83.5938 (83.5938)  Acc@5: 98.4375 (98.4375)
2025-09-14 06:55:46,544 -                train: [    INFO] - Test: [  78/78]  Time: 0.017 (0.049)  Loss:  0.8080 (0.7854)  Acc@1: 75.0000 (80.0100)  Acc@5: 93.7500 (95.6800)
2025-09-14 06:55:46,917 - timm.utils.checkpoint_saver: [    INFO] - Current checkpoints:
 ('./output/train/20250914-020203-resnet18-224/checkpoint/checkpoint-152.pth.tar', 80.16)
 ('./output/train/20250914-020203-resnet18-224/checkpoint/checkpoint-156.pth.tar', 80.05)
 ('./output/train/20250914-020203-resnet18-224/checkpoint/checkpoint-165.pth.tar', 80.01)
 ('./output/train/20250914-020203-resnet18-224/checkpoint/checkpoint-142.pth.tar', 79.9)
 ('./output/train/20250914-020203-resnet18-224/checkpoint/checkpoint-135.pth.tar', 79.89)
 ('./output/train/20250914-020203-resnet18-224/checkpoint/checkpoint-143.pth.tar', 79.89)
 ('./output/train/20250914-020203-resnet18-224/checkpoint/checkpoint-162.pth.tar', 79.89)
 ('./output/train/20250914-020203-resnet18-224/checkpoint/checkpoint-149.pth.tar', 79.88)
 ('./output/train/20250914-020203-resnet18-224/checkpoint/checkpoint-154.pth.tar', 79.87)
 ('./output/train/20250914-020203-resnet18-224/checkpoint/checkpoint-161.pth.tar', 79.85)

2025-09-14 06:55:47,506 -                train: [    INFO] - Train: 166 [   0/390 (  0%)]  Loss: 2.003 (2.00)  Loss_gt: 1.339 (1.34)  Loss_kd: 0.6635 (0.664) LR: 5.000e-03
2025-09-14 06:56:40,238 -                train: [    INFO] - Train: 166 [ 200/390 ( 51%)]  Loss: 2.249 (2.23)  Loss_gt: 1.508 (1.45)  Loss_kd: 0.7415 (0.788) LR: 5.000e-03
2025-09-14 06:57:29,777 -                train: [    INFO] - Train: 166 [ 389/390 (100%)]  Loss: 2.115 (2.24)  Loss_gt: 1.422 (1.45)  Loss_kd: 0.6922 (0.791) LR: 5.000e-03
2025-09-14 06:57:29,996 -                train: [    INFO] - Test: [   0/78]  Time: 0.209 (0.209)  Loss:  0.6034 (0.6034)  Acc@1: 82.8125 (82.8125)  Acc@5: 96.8750 (96.8750)
2025-09-14 06:57:33,440 -                train: [    INFO] - Test: [  78/78]  Time: 0.013 (0.046)  Loss:  0.8061 (0.7873)  Acc@1: 75.0000 (80.0900)  Acc@5: 93.7500 (95.6500)
2025-09-14 06:57:33,649 - timm.utils.checkpoint_saver: [    INFO] - Current checkpoints:
 ('./output/train/20250914-020203-resnet18-224/checkpoint/checkpoint-152.pth.tar', 80.16)
 ('./output/train/20250914-020203-resnet18-224/checkpoint/checkpoint-166.pth.tar', 80.09)
 ('./output/train/20250914-020203-resnet18-224/checkpoint/checkpoint-156.pth.tar', 80.05)
 ('./output/train/20250914-020203-resnet18-224/checkpoint/checkpoint-165.pth.tar', 80.01)
 ('./output/train/20250914-020203-resnet18-224/checkpoint/checkpoint-142.pth.tar', 79.9)
 ('./output/train/20250914-020203-resnet18-224/checkpoint/checkpoint-135.pth.tar', 79.89)
 ('./output/train/20250914-020203-resnet18-224/checkpoint/checkpoint-143.pth.tar', 79.89)
 ('./output/train/20250914-020203-resnet18-224/checkpoint/checkpoint-162.pth.tar', 79.89)
 ('./output/train/20250914-020203-resnet18-224/checkpoint/checkpoint-149.pth.tar', 79.88)
 ('./output/train/20250914-020203-resnet18-224/checkpoint/checkpoint-154.pth.tar', 79.87)

2025-09-14 06:57:34,159 -                train: [    INFO] - Train: 167 [   0/390 (  0%)]  Loss: 1.917 (1.92)  Loss_gt: 1.281 (1.28)  Loss_kd: 0.6356 (0.636) LR: 5.000e-03
2025-09-14 06:58:26,443 -                train: [    INFO] - Train: 167 [ 200/390 ( 51%)]  Loss: 2.149 (2.24)  Loss_gt: 1.486 (1.45)  Loss_kd: 0.6628 (0.789) LR: 5.000e-03
2025-09-14 06:59:16,254 -                train: [    INFO] - Train: 167 [ 389/390 (100%)]  Loss: 2.241 (2.23)  Loss_gt: 1.508 (1.44)  Loss_kd: 0.7326 (0.790) LR: 5.000e-03
2025-09-14 06:59:16,478 -                train: [    INFO] - Test: [   0/78]  Time: 0.214 (0.214)  Loss:  0.6223 (0.6223)  Acc@1: 86.7188 (86.7188)  Acc@5: 96.8750 (96.8750)
2025-09-14 06:59:20,178 -                train: [    INFO] - Test: [  78/78]  Time: 0.013 (0.050)  Loss:  0.7399 (0.7860)  Acc@1: 81.2500 (79.7300)  Acc@5: 93.7500 (95.5900)
2025-09-14 06:59:21,025 -                train: [    INFO] - Train: 168 [   0/390 (  0%)]  Loss: 2.081 (2.08)  Loss_gt: 1.430 (1.43)  Loss_kd: 0.6509 (0.651) LR: 5.000e-03
2025-09-14 07:00:13,816 -                train: [    INFO] - Train: 168 [ 200/390 ( 51%)]  Loss: 2.262 (2.24)  Loss_gt: 1.430 (1.44)  Loss_kd: 0.8319 (0.798) LR: 5.000e-03
2025-09-14 07:01:03,336 -                train: [    INFO] - Train: 168 [ 389/390 (100%)]  Loss: 2.051 (2.24)  Loss_gt: 1.402 (1.45)  Loss_kd: 0.6488 (0.797) LR: 5.000e-03
2025-09-14 07:01:03,557 -                train: [    INFO] - Test: [   0/78]  Time: 0.210 (0.210)  Loss:  0.6131 (0.6131)  Acc@1: 81.2500 (81.2500)  Acc@5: 97.6562 (97.6562)
2025-09-14 07:01:07,045 -                train: [    INFO] - Test: [  78/78]  Time: 0.017 (0.047)  Loss:  0.7580 (0.7952)  Acc@1: 75.0000 (79.7800)  Acc@5: 93.7500 (95.5900)
2025-09-14 07:01:07,851 -                train: [    INFO] - Train: 169 [   0/390 (  0%)]  Loss: 1.967 (1.97)  Loss_gt: 1.392 (1.39)  Loss_kd: 0.5757 (0.576) LR: 5.000e-03
2025-09-14 07:02:00,534 -                train: [    INFO] - Train: 169 [ 200/390 ( 51%)]  Loss: 2.198 (2.23)  Loss_gt: 1.401 (1.44)  Loss_kd: 0.7971 (0.791) LR: 5.000e-03
2025-09-14 07:02:50,151 -                train: [    INFO] - Train: 169 [ 389/390 (100%)]  Loss: 2.251 (2.25)  Loss_gt: 1.402 (1.45)  Loss_kd: 0.8493 (0.797) LR: 5.000e-03
2025-09-14 07:02:50,367 -                train: [    INFO] - Test: [   0/78]  Time: 0.206 (0.206)  Loss:  0.6000 (0.6000)  Acc@1: 83.5938 (83.5938)  Acc@5: 97.6562 (97.6562)
2025-09-14 07:02:54,036 -                train: [    INFO] - Test: [  78/78]  Time: 0.017 (0.049)  Loss:  0.8013 (0.8017)  Acc@1: 75.0000 (79.7900)  Acc@5: 93.7500 (95.5800)
2025-09-14 07:02:54,770 -                train: [    INFO] - Train: 170 [   0/390 (  0%)]  Loss: 2.113 (2.11)  Loss_gt: 1.461 (1.46)  Loss_kd: 0.6521 (0.652) LR: 5.000e-03
2025-09-14 07:03:47,887 -                train: [    INFO] - Train: 170 [ 200/390 ( 51%)]  Loss: 2.245 (2.24)  Loss_gt: 1.480 (1.45)  Loss_kd: 0.7659 (0.788) LR: 5.000e-03
2025-09-14 07:04:37,884 -                train: [    INFO] - Train: 170 [ 389/390 (100%)]  Loss: 2.301 (2.23)  Loss_gt: 1.386 (1.44)  Loss_kd: 0.9143 (0.785) LR: 5.000e-03
2025-09-14 07:04:38,109 -                train: [    INFO] - Test: [   0/78]  Time: 0.216 (0.216)  Loss:  0.6107 (0.6107)  Acc@1: 84.3750 (84.3750)  Acc@5: 98.4375 (98.4375)
2025-09-14 07:04:41,733 -                train: [    INFO] - Test: [  78/78]  Time: 0.014 (0.049)  Loss:  0.9067 (0.7986)  Acc@1: 75.0000 (79.5600)  Acc@5: 93.7500 (95.5200)
2025-09-14 07:04:42,599 -                train: [    INFO] - Train: 171 [   0/390 (  0%)]  Loss: 1.993 (1.99)  Loss_gt: 1.383 (1.38)  Loss_kd: 0.6098 (0.610) LR: 5.000e-03
2025-09-14 07:05:35,192 -                train: [    INFO] - Train: 171 [ 200/390 ( 51%)]  Loss: 2.195 (2.23)  Loss_gt: 1.474 (1.45)  Loss_kd: 0.7215 (0.786) LR: 5.000e-03
2025-09-14 07:06:25,146 -                train: [    INFO] - Train: 171 [ 389/390 (100%)]  Loss: 2.162 (2.24)  Loss_gt: 1.406 (1.45)  Loss_kd: 0.7560 (0.792) LR: 5.000e-03
2025-09-14 07:06:25,356 -                train: [    INFO] - Test: [   0/78]  Time: 0.201 (0.201)  Loss:  0.5825 (0.5825)  Acc@1: 84.3750 (84.3750)  Acc@5: 99.2188 (99.2188)
2025-09-14 07:06:28,894 -                train: [    INFO] - Test: [  78/78]  Time: 0.017 (0.047)  Loss:  0.9400 (0.8001)  Acc@1: 75.0000 (79.5500)  Acc@5: 93.7500 (95.5700)
2025-09-14 07:06:29,582 -                train: [    INFO] - Train: 172 [   0/390 (  0%)]  Loss: 2.150 (2.15)  Loss_gt: 1.424 (1.42)  Loss_kd: 0.7266 (0.727) LR: 5.000e-03
2025-09-14 07:07:22,131 -                train: [    INFO] - Train: 172 [ 200/390 ( 51%)]  Loss: 2.332 (2.23)  Loss_gt: 1.517 (1.44)  Loss_kd: 0.8142 (0.794) LR: 5.000e-03
2025-09-14 07:08:11,484 -                train: [    INFO] - Train: 172 [ 389/390 (100%)]  Loss: 2.149 (2.24)  Loss_gt: 1.467 (1.44)  Loss_kd: 0.6821 (0.794) LR: 5.000e-03
2025-09-14 07:08:11,687 -                train: [    INFO] - Test: [   0/78]  Time: 0.193 (0.193)  Loss:  0.6046 (0.6046)  Acc@1: 82.8125 (82.8125)  Acc@5: 96.8750 (96.8750)
2025-09-14 07:08:15,428 -                train: [    INFO] - Test: [  78/78]  Time: 0.015 (0.050)  Loss:  0.8116 (0.7955)  Acc@1: 75.0000 (79.6700)  Acc@5: 93.7500 (95.7500)
2025-09-14 07:08:16,193 -                train: [    INFO] - Train: 173 [   0/390 (  0%)]  Loss: 2.257 (2.26)  Loss_gt: 1.376 (1.38)  Loss_kd: 0.8811 (0.881) LR: 5.000e-03
2025-09-14 07:09:08,848 -                train: [    INFO] - Train: 173 [ 200/390 ( 51%)]  Loss: 2.243 (2.22)  Loss_gt: 1.440 (1.43)  Loss_kd: 0.8027 (0.791) LR: 5.000e-03
2025-09-14 07:09:58,482 -                train: [    INFO] - Train: 173 [ 389/390 (100%)]  Loss: 2.210 (2.23)  Loss_gt: 1.467 (1.44)  Loss_kd: 0.7426 (0.793) LR: 5.000e-03
2025-09-14 07:09:58,684 -                train: [    INFO] - Test: [   0/78]  Time: 0.191 (0.191)  Loss:  0.6106 (0.6106)  Acc@1: 82.0312 (82.0312)  Acc@5: 96.8750 (96.8750)
2025-09-14 07:10:02,212 -                train: [    INFO] - Test: [  78/78]  Time: 0.016 (0.047)  Loss:  1.0002 (0.8121)  Acc@1: 75.0000 (79.2100)  Acc@5: 93.7500 (95.3300)
2025-09-14 07:10:03,117 -                train: [    INFO] - Train: 174 [   0/390 (  0%)]  Loss: 2.081 (2.08)  Loss_gt: 1.387 (1.39)  Loss_kd: 0.6947 (0.695) LR: 5.000e-03
2025-09-14 07:10:55,394 -                train: [    INFO] - Train: 174 [ 200/390 ( 51%)]  Loss: 2.260 (2.21)  Loss_gt: 1.423 (1.43)  Loss_kd: 0.8368 (0.781) LR: 5.000e-03
2025-09-14 07:11:45,269 -                train: [    INFO] - Train: 174 [ 389/390 (100%)]  Loss: 2.524 (2.23)  Loss_gt: 1.645 (1.44)  Loss_kd: 0.8786 (0.786) LR: 5.000e-03
2025-09-14 07:11:45,466 -                train: [    INFO] - Test: [   0/78]  Time: 0.187 (0.187)  Loss:  0.5933 (0.5933)  Acc@1: 82.0312 (82.0312)  Acc@5: 99.2188 (99.2188)
2025-09-14 07:11:48,999 -                train: [    INFO] - Test: [  78/78]  Time: 0.015 (0.047)  Loss:  0.9280 (0.8222)  Acc@1: 75.0000 (78.9900)  Acc@5: 93.7500 (95.2900)
2025-09-14 07:11:49,753 -                train: [    INFO] - Train: 175 [   0/390 (  0%)]  Loss: 1.829 (1.83)  Loss_gt: 1.229 (1.23)  Loss_kd: 0.6004 (0.600) LR: 5.000e-03
2025-09-14 07:12:42,543 -                train: [    INFO] - Train: 175 [ 200/390 ( 51%)]  Loss: 2.391 (2.23)  Loss_gt: 1.487 (1.43)  Loss_kd: 0.9037 (0.796) LR: 5.000e-03
2025-09-14 07:13:32,540 -                train: [    INFO] - Train: 175 [ 389/390 (100%)]  Loss: 2.163 (2.23)  Loss_gt: 1.381 (1.44)  Loss_kd: 0.7824 (0.794) LR: 5.000e-03
2025-09-14 07:13:32,761 -                train: [    INFO] - Test: [   0/78]  Time: 0.211 (0.211)  Loss:  0.5501 (0.5501)  Acc@1: 84.3750 (84.3750)  Acc@5: 97.6562 (97.6562)
2025-09-14 07:13:36,567 -                train: [    INFO] - Test: [  78/78]  Time: 0.015 (0.051)  Loss:  0.7774 (0.7988)  Acc@1: 75.0000 (79.6200)  Acc@5: 93.7500 (95.4200)
2025-09-14 07:13:37,305 -                train: [    INFO] - Train: 176 [   0/390 (  0%)]  Loss: 2.381 (2.38)  Loss_gt: 1.440 (1.44)  Loss_kd: 0.9412 (0.941) LR: 5.000e-03
2025-09-14 07:14:30,110 -                train: [    INFO] - Train: 176 [ 200/390 ( 51%)]  Loss: 2.412 (2.21)  Loss_gt: 1.520 (1.43)  Loss_kd: 0.8921 (0.781) LR: 5.000e-03
2025-09-14 07:15:20,027 -                train: [    INFO] - Train: 176 [ 389/390 (100%)]  Loss: 2.187 (2.23)  Loss_gt: 1.420 (1.44)  Loss_kd: 0.7672 (0.788) LR: 5.000e-03
2025-09-14 07:15:20,247 -                train: [    INFO] - Test: [   0/78]  Time: 0.210 (0.210)  Loss:  0.5825 (0.5825)  Acc@1: 82.8125 (82.8125)  Acc@5: 100.0000 (100.0000)
2025-09-14 07:15:23,820 -                train: [    INFO] - Test: [  78/78]  Time: 0.013 (0.048)  Loss:  0.7338 (0.8188)  Acc@1: 75.0000 (78.9900)  Acc@5: 93.7500 (95.3100)
2025-09-14 07:15:24,490 -                train: [    INFO] - Train: 177 [   0/390 (  0%)]  Loss: 2.193 (2.19)  Loss_gt: 1.436 (1.44)  Loss_kd: 0.7564 (0.756) LR: 5.000e-03
2025-09-14 07:16:16,886 -                train: [    INFO] - Train: 177 [ 200/390 ( 51%)]  Loss: 2.231 (2.22)  Loss_gt: 1.473 (1.44)  Loss_kd: 0.7579 (0.785) LR: 5.000e-03
2025-09-14 07:17:06,350 -                train: [    INFO] - Train: 177 [ 389/390 (100%)]  Loss: 2.106 (2.23)  Loss_gt: 1.410 (1.44)  Loss_kd: 0.6956 (0.791) LR: 5.000e-03
2025-09-14 07:17:06,583 -                train: [    INFO] - Test: [   0/78]  Time: 0.222 (0.222)  Loss:  0.6766 (0.6766)  Acc@1: 78.1250 (78.1250)  Acc@5: 97.6562 (97.6562)
2025-09-14 07:17:10,397 -                train: [    INFO] - Test: [  78/78]  Time: 0.017 (0.051)  Loss:  0.8503 (0.8148)  Acc@1: 75.0000 (79.2900)  Acc@5: 93.7500 (95.4500)
2025-09-14 07:17:11,173 -                train: [    INFO] - Train: 178 [   0/390 (  0%)]  Loss: 1.980 (1.98)  Loss_gt: 1.343 (1.34)  Loss_kd: 0.6366 (0.637) LR: 5.000e-03
2025-09-14 07:18:03,573 -                train: [    INFO] - Train: 178 [ 200/390 ( 51%)]  Loss: 2.616 (2.22)  Loss_gt: 1.634 (1.43)  Loss_kd: 0.9828 (0.795) LR: 5.000e-03
2025-09-14 07:18:53,755 -                train: [    INFO] - Train: 178 [ 389/390 (100%)]  Loss: 2.198 (2.23)  Loss_gt: 1.432 (1.44)  Loss_kd: 0.7664 (0.797) LR: 5.000e-03
2025-09-14 07:18:53,969 -                train: [    INFO] - Test: [   0/78]  Time: 0.205 (0.205)  Loss:  0.6172 (0.6172)  Acc@1: 80.4688 (80.4688)  Acc@5: 99.2188 (99.2188)
2025-09-14 07:18:57,496 -                train: [    INFO] - Test: [  78/78]  Time: 0.015 (0.047)  Loss:  0.9241 (0.8022)  Acc@1: 75.0000 (79.5400)  Acc@5: 93.7500 (95.3300)
2025-09-14 07:18:58,177 -                train: [    INFO] - Train: 179 [   0/390 (  0%)]  Loss: 2.451 (2.45)  Loss_gt: 1.480 (1.48)  Loss_kd: 0.9706 (0.971) LR: 5.000e-04
2025-09-14 07:19:50,435 -                train: [    INFO] - Train: 179 [ 200/390 ( 51%)]  Loss: 2.385 (2.20)  Loss_gt: 1.438 (1.42)  Loss_kd: 0.9471 (0.777) LR: 5.000e-04
2025-09-14 07:20:39,921 -                train: [    INFO] - Train: 179 [ 389/390 (100%)]  Loss: 2.200 (2.19)  Loss_gt: 1.418 (1.42)  Loss_kd: 0.7820 (0.774) LR: 5.000e-04
2025-09-14 07:20:40,123 -                train: [    INFO] - Test: [   0/78]  Time: 0.192 (0.192)  Loss:  0.5885 (0.5885)  Acc@1: 81.2500 (81.2500)  Acc@5: 99.2188 (99.2188)
2025-09-14 07:20:43,568 -                train: [    INFO] - Test: [  78/78]  Time: 0.015 (0.046)  Loss:  0.9896 (0.7781)  Acc@1: 75.0000 (80.6500)  Acc@5: 93.7500 (95.6300)
2025-09-14 07:20:43,814 - timm.utils.checkpoint_saver: [    INFO] - Current checkpoints:
 ('./output/train/20250914-020203-resnet18-224/checkpoint/checkpoint-179.pth.tar', 80.65)
 ('./output/train/20250914-020203-resnet18-224/checkpoint/checkpoint-152.pth.tar', 80.16)
 ('./output/train/20250914-020203-resnet18-224/checkpoint/checkpoint-166.pth.tar', 80.09)
 ('./output/train/20250914-020203-resnet18-224/checkpoint/checkpoint-156.pth.tar', 80.05)
 ('./output/train/20250914-020203-resnet18-224/checkpoint/checkpoint-165.pth.tar', 80.01)
 ('./output/train/20250914-020203-resnet18-224/checkpoint/checkpoint-142.pth.tar', 79.9)
 ('./output/train/20250914-020203-resnet18-224/checkpoint/checkpoint-135.pth.tar', 79.89)
 ('./output/train/20250914-020203-resnet18-224/checkpoint/checkpoint-143.pth.tar', 79.89)
 ('./output/train/20250914-020203-resnet18-224/checkpoint/checkpoint-162.pth.tar', 79.89)
 ('./output/train/20250914-020203-resnet18-224/checkpoint/checkpoint-149.pth.tar', 79.88)

2025-09-14 07:20:44,373 -                train: [    INFO] - Train: 180 [   0/390 (  0%)]  Loss: 2.133 (2.13)  Loss_gt: 1.389 (1.39)  Loss_kd: 0.7443 (0.744) LR: 5.000e-04
2025-09-14 07:21:37,504 -                train: [    INFO] - Train: 180 [ 200/390 ( 51%)]  Loss: 2.049 (2.15)  Loss_gt: 1.432 (1.39)  Loss_kd: 0.6170 (0.759) LR: 5.000e-04
2025-09-14 07:22:27,999 -                train: [    INFO] - Train: 180 [ 389/390 (100%)]  Loss: 2.127 (2.15)  Loss_gt: 1.444 (1.39)  Loss_kd: 0.6830 (0.763) LR: 5.000e-04
2025-09-14 07:22:28,224 -                train: [    INFO] - Test: [   0/78]  Time: 0.213 (0.213)  Loss:  0.5815 (0.5815)  Acc@1: 80.4688 (80.4688)  Acc@5: 99.2188 (99.2188)
2025-09-14 07:22:31,822 -                train: [    INFO] - Test: [  78/78]  Time: 0.014 (0.048)  Loss:  1.0272 (0.7758)  Acc@1: 75.0000 (80.5800)  Acc@5: 93.7500 (95.6800)
2025-09-14 07:22:32,125 - timm.utils.checkpoint_saver: [    INFO] - Current checkpoints:
 ('./output/train/20250914-020203-resnet18-224/checkpoint/checkpoint-179.pth.tar', 80.65)
 ('./output/train/20250914-020203-resnet18-224/checkpoint/checkpoint-180.pth.tar', 80.58)
 ('./output/train/20250914-020203-resnet18-224/checkpoint/checkpoint-152.pth.tar', 80.16)
 ('./output/train/20250914-020203-resnet18-224/checkpoint/checkpoint-166.pth.tar', 80.09)
 ('./output/train/20250914-020203-resnet18-224/checkpoint/checkpoint-156.pth.tar', 80.05)
 ('./output/train/20250914-020203-resnet18-224/checkpoint/checkpoint-165.pth.tar', 80.01)
 ('./output/train/20250914-020203-resnet18-224/checkpoint/checkpoint-142.pth.tar', 79.9)
 ('./output/train/20250914-020203-resnet18-224/checkpoint/checkpoint-135.pth.tar', 79.89)
 ('./output/train/20250914-020203-resnet18-224/checkpoint/checkpoint-143.pth.tar', 79.89)
 ('./output/train/20250914-020203-resnet18-224/checkpoint/checkpoint-162.pth.tar', 79.89)

2025-09-14 07:22:32,731 -                train: [    INFO] - Train: 181 [   0/390 (  0%)]  Loss: 2.202 (2.20)  Loss_gt: 1.442 (1.44)  Loss_kd: 0.7598 (0.760) LR: 5.000e-04
2025-09-14 07:23:25,175 -                train: [    INFO] - Train: 181 [ 200/390 ( 51%)]  Loss: 2.214 (2.15)  Loss_gt: 1.502 (1.39)  Loss_kd: 0.7124 (0.757) LR: 5.000e-04
2025-09-14 07:24:15,156 -                train: [    INFO] - Train: 181 [ 389/390 (100%)]  Loss: 2.237 (2.15)  Loss_gt: 1.372 (1.39)  Loss_kd: 0.8651 (0.757) LR: 5.000e-04
2025-09-14 07:24:15,350 -                train: [    INFO] - Test: [   0/78]  Time: 0.184 (0.184)  Loss:  0.5995 (0.5995)  Acc@1: 79.6875 (79.6875)  Acc@5: 98.4375 (98.4375)
2025-09-14 07:24:18,921 -                train: [    INFO] - Test: [  78/78]  Time: 0.015 (0.048)  Loss:  1.0238 (0.7745)  Acc@1: 75.0000 (80.6100)  Acc@5: 93.7500 (95.6900)
2025-09-14 07:24:19,184 - timm.utils.checkpoint_saver: [    INFO] - Current checkpoints:
 ('./output/train/20250914-020203-resnet18-224/checkpoint/checkpoint-179.pth.tar', 80.65)
 ('./output/train/20250914-020203-resnet18-224/checkpoint/checkpoint-181.pth.tar', 80.61)
 ('./output/train/20250914-020203-resnet18-224/checkpoint/checkpoint-180.pth.tar', 80.58)
 ('./output/train/20250914-020203-resnet18-224/checkpoint/checkpoint-152.pth.tar', 80.16)
 ('./output/train/20250914-020203-resnet18-224/checkpoint/checkpoint-166.pth.tar', 80.09)
 ('./output/train/20250914-020203-resnet18-224/checkpoint/checkpoint-156.pth.tar', 80.05)
 ('./output/train/20250914-020203-resnet18-224/checkpoint/checkpoint-165.pth.tar', 80.01)
 ('./output/train/20250914-020203-resnet18-224/checkpoint/checkpoint-142.pth.tar', 79.9)
 ('./output/train/20250914-020203-resnet18-224/checkpoint/checkpoint-135.pth.tar', 79.89)
 ('./output/train/20250914-020203-resnet18-224/checkpoint/checkpoint-143.pth.tar', 79.89)

2025-09-14 07:24:19,755 -                train: [    INFO] - Train: 182 [   0/390 (  0%)]  Loss: 1.976 (1.98)  Loss_gt: 1.228 (1.23)  Loss_kd: 0.7486 (0.749) LR: 5.000e-04
2025-09-14 07:25:12,994 -                train: [    INFO] - Train: 182 [ 200/390 ( 51%)]  Loss: 2.093 (2.13)  Loss_gt: 1.313 (1.38)  Loss_kd: 0.7806 (0.755) LR: 5.000e-04
2025-09-14 07:26:03,090 -                train: [    INFO] - Train: 182 [ 389/390 (100%)]  Loss: 2.159 (2.14)  Loss_gt: 1.419 (1.38)  Loss_kd: 0.7394 (0.756) LR: 5.000e-04
2025-09-14 07:26:03,278 -                train: [    INFO] - Test: [   0/78]  Time: 0.179 (0.179)  Loss:  0.5878 (0.5878)  Acc@1: 80.4688 (80.4688)  Acc@5: 98.4375 (98.4375)
2025-09-14 07:26:06,813 -                train: [    INFO] - Test: [  78/78]  Time: 0.012 (0.047)  Loss:  0.9652 (0.7731)  Acc@1: 75.0000 (80.7300)  Acc@5: 93.7500 (95.7600)
2025-09-14 07:26:07,016 - timm.utils.checkpoint_saver: [    INFO] - Current checkpoints:
 ('./output/train/20250914-020203-resnet18-224/checkpoint/checkpoint-182.pth.tar', 80.73)
 ('./output/train/20250914-020203-resnet18-224/checkpoint/checkpoint-179.pth.tar', 80.65)
 ('./output/train/20250914-020203-resnet18-224/checkpoint/checkpoint-181.pth.tar', 80.61)
 ('./output/train/20250914-020203-resnet18-224/checkpoint/checkpoint-180.pth.tar', 80.58)
 ('./output/train/20250914-020203-resnet18-224/checkpoint/checkpoint-152.pth.tar', 80.16)
 ('./output/train/20250914-020203-resnet18-224/checkpoint/checkpoint-166.pth.tar', 80.09)
 ('./output/train/20250914-020203-resnet18-224/checkpoint/checkpoint-156.pth.tar', 80.05)
 ('./output/train/20250914-020203-resnet18-224/checkpoint/checkpoint-165.pth.tar', 80.01)
 ('./output/train/20250914-020203-resnet18-224/checkpoint/checkpoint-142.pth.tar', 79.9)
 ('./output/train/20250914-020203-resnet18-224/checkpoint/checkpoint-135.pth.tar', 79.89)

2025-09-14 07:26:07,521 -                train: [    INFO] - Train: 183 [   0/390 (  0%)]  Loss: 2.128 (2.13)  Loss_gt: 1.381 (1.38)  Loss_kd: 0.7476 (0.748) LR: 5.000e-04
2025-09-14 07:27:00,562 -                train: [    INFO] - Train: 183 [ 200/390 ( 51%)]  Loss: 2.105 (2.14)  Loss_gt: 1.271 (1.38)  Loss_kd: 0.8342 (0.758) LR: 5.000e-04
2025-09-14 07:27:51,185 -                train: [    INFO] - Train: 183 [ 389/390 (100%)]  Loss: 1.998 (2.13)  Loss_gt: 1.333 (1.37)  Loss_kd: 0.6644 (0.754) LR: 5.000e-04
2025-09-14 07:27:51,383 -                train: [    INFO] - Test: [   0/78]  Time: 0.188 (0.188)  Loss:  0.5705 (0.5705)  Acc@1: 82.0312 (82.0312)  Acc@5: 98.4375 (98.4375)
2025-09-14 07:27:54,962 -                train: [    INFO] - Test: [  78/78]  Time: 0.014 (0.048)  Loss:  0.9521 (0.7734)  Acc@1: 75.0000 (80.6800)  Acc@5: 93.7500 (95.7200)
2025-09-14 07:27:55,181 - timm.utils.checkpoint_saver: [    INFO] - Current checkpoints:
 ('./output/train/20250914-020203-resnet18-224/checkpoint/checkpoint-182.pth.tar', 80.73)
 ('./output/train/20250914-020203-resnet18-224/checkpoint/checkpoint-183.pth.tar', 80.68)
 ('./output/train/20250914-020203-resnet18-224/checkpoint/checkpoint-179.pth.tar', 80.65)
 ('./output/train/20250914-020203-resnet18-224/checkpoint/checkpoint-181.pth.tar', 80.61)
 ('./output/train/20250914-020203-resnet18-224/checkpoint/checkpoint-180.pth.tar', 80.58)
 ('./output/train/20250914-020203-resnet18-224/checkpoint/checkpoint-152.pth.tar', 80.16)
 ('./output/train/20250914-020203-resnet18-224/checkpoint/checkpoint-166.pth.tar', 80.09)
 ('./output/train/20250914-020203-resnet18-224/checkpoint/checkpoint-156.pth.tar', 80.05)
 ('./output/train/20250914-020203-resnet18-224/checkpoint/checkpoint-165.pth.tar', 80.01)
 ('./output/train/20250914-020203-resnet18-224/checkpoint/checkpoint-142.pth.tar', 79.9)

2025-09-14 07:27:55,771 -                train: [    INFO] - Train: 184 [   0/390 (  0%)]  Loss: 2.074 (2.07)  Loss_gt: 1.424 (1.42)  Loss_kd: 0.6496 (0.650) LR: 5.000e-04
2025-09-14 07:28:48,281 -                train: [    INFO] - Train: 184 [ 200/390 ( 51%)]  Loss: 1.933 (2.13)  Loss_gt: 1.321 (1.37)  Loss_kd: 0.6115 (0.756) LR: 5.000e-04
2025-09-14 07:29:37,708 -                train: [    INFO] - Train: 184 [ 389/390 (100%)]  Loss: 1.901 (2.13)  Loss_gt: 1.216 (1.37)  Loss_kd: 0.6850 (0.758) LR: 5.000e-04
2025-09-14 07:29:37,919 -                train: [    INFO] - Test: [   0/78]  Time: 0.199 (0.199)  Loss:  0.5905 (0.5905)  Acc@1: 82.8125 (82.8125)  Acc@5: 99.2188 (99.2188)
2025-09-14 07:29:41,474 -                train: [    INFO] - Test: [  78/78]  Time: 0.012 (0.048)  Loss:  1.0042 (0.7726)  Acc@1: 75.0000 (80.7300)  Acc@5: 93.7500 (95.7900)
2025-09-14 07:29:41,705 - timm.utils.checkpoint_saver: [    INFO] - Current checkpoints:
 ('./output/train/20250914-020203-resnet18-224/checkpoint/checkpoint-182.pth.tar', 80.73)
 ('./output/train/20250914-020203-resnet18-224/checkpoint/checkpoint-184.pth.tar', 80.73)
 ('./output/train/20250914-020203-resnet18-224/checkpoint/checkpoint-183.pth.tar', 80.68)
 ('./output/train/20250914-020203-resnet18-224/checkpoint/checkpoint-179.pth.tar', 80.65)
 ('./output/train/20250914-020203-resnet18-224/checkpoint/checkpoint-181.pth.tar', 80.61)
 ('./output/train/20250914-020203-resnet18-224/checkpoint/checkpoint-180.pth.tar', 80.58)
 ('./output/train/20250914-020203-resnet18-224/checkpoint/checkpoint-152.pth.tar', 80.16)
 ('./output/train/20250914-020203-resnet18-224/checkpoint/checkpoint-166.pth.tar', 80.09)
 ('./output/train/20250914-020203-resnet18-224/checkpoint/checkpoint-156.pth.tar', 80.05)
 ('./output/train/20250914-020203-resnet18-224/checkpoint/checkpoint-165.pth.tar', 80.01)

2025-09-14 07:29:42,222 -                train: [    INFO] - Train: 185 [   0/390 (  0%)]  Loss: 2.274 (2.27)  Loss_gt: 1.456 (1.46)  Loss_kd: 0.8177 (0.818) LR: 5.000e-04
2025-09-14 07:30:34,402 -                train: [    INFO] - Train: 185 [ 200/390 ( 51%)]  Loss: 2.127 (2.13)  Loss_gt: 1.344 (1.37)  Loss_kd: 0.7833 (0.759) LR: 5.000e-04
2025-09-14 07:31:24,644 -                train: [    INFO] - Train: 185 [ 389/390 (100%)]  Loss: 2.173 (2.14)  Loss_gt: 1.440 (1.37)  Loss_kd: 0.7328 (0.763) LR: 5.000e-04
2025-09-14 07:31:24,864 -                train: [    INFO] - Test: [   0/78]  Time: 0.209 (0.209)  Loss:  0.5879 (0.5879)  Acc@1: 82.0312 (82.0312)  Acc@5: 98.4375 (98.4375)
2025-09-14 07:31:28,452 -                train: [    INFO] - Test: [  78/78]  Time: 0.017 (0.048)  Loss:  0.9754 (0.7752)  Acc@1: 75.0000 (80.7300)  Acc@5: 93.7500 (95.7800)
2025-09-14 07:31:28,701 - timm.utils.checkpoint_saver: [    INFO] - Current checkpoints:
 ('./output/train/20250914-020203-resnet18-224/checkpoint/checkpoint-182.pth.tar', 80.73)
 ('./output/train/20250914-020203-resnet18-224/checkpoint/checkpoint-184.pth.tar', 80.73)
 ('./output/train/20250914-020203-resnet18-224/checkpoint/checkpoint-185.pth.tar', 80.73)
 ('./output/train/20250914-020203-resnet18-224/checkpoint/checkpoint-183.pth.tar', 80.68)
 ('./output/train/20250914-020203-resnet18-224/checkpoint/checkpoint-179.pth.tar', 80.65)
 ('./output/train/20250914-020203-resnet18-224/checkpoint/checkpoint-181.pth.tar', 80.61)
 ('./output/train/20250914-020203-resnet18-224/checkpoint/checkpoint-180.pth.tar', 80.58)
 ('./output/train/20250914-020203-resnet18-224/checkpoint/checkpoint-152.pth.tar', 80.16)
 ('./output/train/20250914-020203-resnet18-224/checkpoint/checkpoint-166.pth.tar', 80.09)
 ('./output/train/20250914-020203-resnet18-224/checkpoint/checkpoint-156.pth.tar', 80.05)

2025-09-14 07:31:29,208 -                train: [    INFO] - Train: 186 [   0/390 (  0%)]  Loss: 2.159 (2.16)  Loss_gt: 1.332 (1.33)  Loss_kd: 0.8267 (0.827) LR: 5.000e-04
2025-09-14 07:32:21,669 -                train: [    INFO] - Train: 186 [ 200/390 ( 51%)]  Loss: 2.272 (2.12)  Loss_gt: 1.343 (1.37)  Loss_kd: 0.9290 (0.754) LR: 5.000e-04
2025-09-14 07:33:11,266 -                train: [    INFO] - Train: 186 [ 389/390 (100%)]  Loss: 2.203 (2.13)  Loss_gt: 1.408 (1.37)  Loss_kd: 0.7952 (0.760) LR: 5.000e-04
2025-09-14 07:33:11,482 -                train: [    INFO] - Test: [   0/78]  Time: 0.204 (0.204)  Loss:  0.5937 (0.5937)  Acc@1: 82.0312 (82.0312)  Acc@5: 99.2188 (99.2188)
2025-09-14 07:33:14,960 -                train: [    INFO] - Test: [  78/78]  Time: 0.013 (0.047)  Loss:  0.9769 (0.7774)  Acc@1: 75.0000 (80.6900)  Acc@5: 93.7500 (95.8100)
2025-09-14 07:33:15,164 - timm.utils.checkpoint_saver: [    INFO] - Current checkpoints:
 ('./output/train/20250914-020203-resnet18-224/checkpoint/checkpoint-182.pth.tar', 80.73)
 ('./output/train/20250914-020203-resnet18-224/checkpoint/checkpoint-184.pth.tar', 80.73)
 ('./output/train/20250914-020203-resnet18-224/checkpoint/checkpoint-185.pth.tar', 80.73)
 ('./output/train/20250914-020203-resnet18-224/checkpoint/checkpoint-186.pth.tar', 80.69)
 ('./output/train/20250914-020203-resnet18-224/checkpoint/checkpoint-183.pth.tar', 80.68)
 ('./output/train/20250914-020203-resnet18-224/checkpoint/checkpoint-179.pth.tar', 80.65)
 ('./output/train/20250914-020203-resnet18-224/checkpoint/checkpoint-181.pth.tar', 80.61)
 ('./output/train/20250914-020203-resnet18-224/checkpoint/checkpoint-180.pth.tar', 80.58)
 ('./output/train/20250914-020203-resnet18-224/checkpoint/checkpoint-152.pth.tar', 80.16)
 ('./output/train/20250914-020203-resnet18-224/checkpoint/checkpoint-166.pth.tar', 80.09)

2025-09-14 07:33:15,822 -                train: [    INFO] - Train: 187 [   0/390 (  0%)]  Loss: 2.305 (2.30)  Loss_gt: 1.512 (1.51)  Loss_kd: 0.7933 (0.793) LR: 5.000e-04
2025-09-14 07:34:08,560 -                train: [    INFO] - Train: 187 [ 200/390 ( 51%)]  Loss: 2.241 (2.12)  Loss_gt: 1.332 (1.37)  Loss_kd: 0.9096 (0.754) LR: 5.000e-04
2025-09-14 07:34:57,782 -                train: [    INFO] - Train: 187 [ 389/390 (100%)]  Loss: 2.180 (2.11)  Loss_gt: 1.342 (1.37)  Loss_kd: 0.8383 (0.750) LR: 5.000e-04
2025-09-14 07:34:57,997 -                train: [    INFO] - Test: [   0/78]  Time: 0.205 (0.205)  Loss:  0.5845 (0.5845)  Acc@1: 82.0312 (82.0312)  Acc@5: 99.2188 (99.2188)
2025-09-14 07:35:01,632 -                train: [    INFO] - Test: [  78/78]  Time: 0.017 (0.049)  Loss:  0.9368 (0.7732)  Acc@1: 75.0000 (80.8800)  Acc@5: 93.7500 (95.8500)
2025-09-14 07:35:01,898 - timm.utils.checkpoint_saver: [    INFO] - Current checkpoints:
 ('./output/train/20250914-020203-resnet18-224/checkpoint/checkpoint-187.pth.tar', 80.88)
 ('./output/train/20250914-020203-resnet18-224/checkpoint/checkpoint-182.pth.tar', 80.73)
 ('./output/train/20250914-020203-resnet18-224/checkpoint/checkpoint-184.pth.tar', 80.73)
 ('./output/train/20250914-020203-resnet18-224/checkpoint/checkpoint-185.pth.tar', 80.73)
 ('./output/train/20250914-020203-resnet18-224/checkpoint/checkpoint-186.pth.tar', 80.69)
 ('./output/train/20250914-020203-resnet18-224/checkpoint/checkpoint-183.pth.tar', 80.68)
 ('./output/train/20250914-020203-resnet18-224/checkpoint/checkpoint-179.pth.tar', 80.65)
 ('./output/train/20250914-020203-resnet18-224/checkpoint/checkpoint-181.pth.tar', 80.61)
 ('./output/train/20250914-020203-resnet18-224/checkpoint/checkpoint-180.pth.tar', 80.58)
 ('./output/train/20250914-020203-resnet18-224/checkpoint/checkpoint-152.pth.tar', 80.16)

2025-09-14 07:35:02,490 -                train: [    INFO] - Train: 188 [   0/390 (  0%)]  Loss: 1.939 (1.94)  Loss_gt: 1.274 (1.27)  Loss_kd: 0.6658 (0.666) LR: 5.000e-04
2025-09-14 07:35:55,481 -                train: [    INFO] - Train: 188 [ 200/390 ( 51%)]  Loss: 2.210 (2.10)  Loss_gt: 1.405 (1.36)  Loss_kd: 0.8046 (0.740) LR: 5.000e-04
2025-09-14 07:36:45,351 -                train: [    INFO] - Train: 188 [ 389/390 (100%)]  Loss: 1.962 (2.12)  Loss_gt: 1.332 (1.37)  Loss_kd: 0.6302 (0.751) LR: 5.000e-04
2025-09-14 07:36:45,557 -                train: [    INFO] - Test: [   0/78]  Time: 0.196 (0.196)  Loss:  0.5916 (0.5916)  Acc@1: 81.2500 (81.2500)  Acc@5: 99.2188 (99.2188)
2025-09-14 07:36:49,195 -                train: [    INFO] - Test: [  78/78]  Time: 0.015 (0.049)  Loss:  0.9517 (0.7720)  Acc@1: 75.0000 (80.9500)  Acc@5: 93.7500 (95.8600)
2025-09-14 07:36:49,433 - timm.utils.checkpoint_saver: [    INFO] - Current checkpoints:
 ('./output/train/20250914-020203-resnet18-224/checkpoint/checkpoint-188.pth.tar', 80.95)
 ('./output/train/20250914-020203-resnet18-224/checkpoint/checkpoint-187.pth.tar', 80.88)
 ('./output/train/20250914-020203-resnet18-224/checkpoint/checkpoint-182.pth.tar', 80.73)
 ('./output/train/20250914-020203-resnet18-224/checkpoint/checkpoint-184.pth.tar', 80.73)
 ('./output/train/20250914-020203-resnet18-224/checkpoint/checkpoint-185.pth.tar', 80.73)
 ('./output/train/20250914-020203-resnet18-224/checkpoint/checkpoint-186.pth.tar', 80.69)
 ('./output/train/20250914-020203-resnet18-224/checkpoint/checkpoint-183.pth.tar', 80.68)
 ('./output/train/20250914-020203-resnet18-224/checkpoint/checkpoint-179.pth.tar', 80.65)
 ('./output/train/20250914-020203-resnet18-224/checkpoint/checkpoint-181.pth.tar', 80.61)
 ('./output/train/20250914-020203-resnet18-224/checkpoint/checkpoint-180.pth.tar', 80.58)

2025-09-14 07:36:50,051 -                train: [    INFO] - Train: 189 [   0/390 (  0%)]  Loss: 2.292 (2.29)  Loss_gt: 1.402 (1.40)  Loss_kd: 0.8899 (0.890) LR: 5.000e-04
2025-09-14 07:37:42,335 -                train: [    INFO] - Train: 189 [ 200/390 ( 51%)]  Loss: 2.336 (2.12)  Loss_gt: 1.459 (1.36)  Loss_kd: 0.8770 (0.754) LR: 5.000e-04
2025-09-14 07:38:32,429 -                train: [    INFO] - Train: 189 [ 389/390 (100%)]  Loss: 2.164 (2.11)  Loss_gt: 1.384 (1.36)  Loss_kd: 0.7796 (0.747) LR: 5.000e-04
2025-09-14 07:38:32,642 -                train: [    INFO] - Test: [   0/78]  Time: 0.200 (0.200)  Loss:  0.5835 (0.5835)  Acc@1: 82.0312 (82.0312)  Acc@5: 99.2188 (99.2188)
2025-09-14 07:38:36,254 -                train: [    INFO] - Test: [  78/78]  Time: 0.014 (0.048)  Loss:  0.9120 (0.7721)  Acc@1: 75.0000 (80.7000)  Acc@5: 93.7500 (95.9100)
2025-09-14 07:38:36,492 - timm.utils.checkpoint_saver: [    INFO] - Current checkpoints:
 ('./output/train/20250914-020203-resnet18-224/checkpoint/checkpoint-188.pth.tar', 80.95)
 ('./output/train/20250914-020203-resnet18-224/checkpoint/checkpoint-187.pth.tar', 80.88)
 ('./output/train/20250914-020203-resnet18-224/checkpoint/checkpoint-182.pth.tar', 80.73)
 ('./output/train/20250914-020203-resnet18-224/checkpoint/checkpoint-184.pth.tar', 80.73)
 ('./output/train/20250914-020203-resnet18-224/checkpoint/checkpoint-185.pth.tar', 80.73)
 ('./output/train/20250914-020203-resnet18-224/checkpoint/checkpoint-189.pth.tar', 80.7)
 ('./output/train/20250914-020203-resnet18-224/checkpoint/checkpoint-186.pth.tar', 80.69)
 ('./output/train/20250914-020203-resnet18-224/checkpoint/checkpoint-183.pth.tar', 80.68)
 ('./output/train/20250914-020203-resnet18-224/checkpoint/checkpoint-179.pth.tar', 80.65)
 ('./output/train/20250914-020203-resnet18-224/checkpoint/checkpoint-181.pth.tar', 80.61)

2025-09-14 07:38:36,989 -                train: [    INFO] - Train: 190 [   0/390 (  0%)]  Loss: 2.303 (2.30)  Loss_gt: 1.527 (1.53)  Loss_kd: 0.7761 (0.776) LR: 5.000e-04
2025-09-14 07:39:29,772 -                train: [    INFO] - Train: 190 [ 200/390 ( 51%)]  Loss: 2.200 (2.11)  Loss_gt: 1.383 (1.37)  Loss_kd: 0.8175 (0.745) LR: 5.000e-04
2025-09-14 07:40:19,321 -                train: [    INFO] - Train: 190 [ 389/390 (100%)]  Loss: 2.113 (2.11)  Loss_gt: 1.444 (1.37)  Loss_kd: 0.6692 (0.746) LR: 5.000e-04
2025-09-14 07:40:19,507 -                train: [    INFO] - Test: [   0/78]  Time: 0.176 (0.176)  Loss:  0.5967 (0.5967)  Acc@1: 81.2500 (81.2500)  Acc@5: 99.2188 (99.2188)
2025-09-14 07:40:22,940 -                train: [    INFO] - Test: [  78/78]  Time: 0.013 (0.046)  Loss:  0.8852 (0.7718)  Acc@1: 75.0000 (80.9300)  Acc@5: 93.7500 (95.8400)
2025-09-14 07:40:23,186 - timm.utils.checkpoint_saver: [    INFO] - Current checkpoints:
 ('./output/train/20250914-020203-resnet18-224/checkpoint/checkpoint-188.pth.tar', 80.95)
 ('./output/train/20250914-020203-resnet18-224/checkpoint/checkpoint-190.pth.tar', 80.93)
 ('./output/train/20250914-020203-resnet18-224/checkpoint/checkpoint-187.pth.tar', 80.88)
 ('./output/train/20250914-020203-resnet18-224/checkpoint/checkpoint-182.pth.tar', 80.73)
 ('./output/train/20250914-020203-resnet18-224/checkpoint/checkpoint-184.pth.tar', 80.73)
 ('./output/train/20250914-020203-resnet18-224/checkpoint/checkpoint-185.pth.tar', 80.73)
 ('./output/train/20250914-020203-resnet18-224/checkpoint/checkpoint-189.pth.tar', 80.7)
 ('./output/train/20250914-020203-resnet18-224/checkpoint/checkpoint-186.pth.tar', 80.69)
 ('./output/train/20250914-020203-resnet18-224/checkpoint/checkpoint-183.pth.tar', 80.68)
 ('./output/train/20250914-020203-resnet18-224/checkpoint/checkpoint-179.pth.tar', 80.65)

2025-09-14 07:40:23,828 -                train: [    INFO] - Train: 191 [   0/390 (  0%)]  Loss: 2.124 (2.12)  Loss_gt: 1.361 (1.36)  Loss_kd: 0.7634 (0.763) LR: 5.000e-04
2025-09-14 07:41:16,360 -                train: [    INFO] - Train: 191 [ 200/390 ( 51%)]  Loss: 2.536 (2.11)  Loss_gt: 1.464 (1.36)  Loss_kd: 1.071 (0.754) LR: 5.000e-04
2025-09-14 07:42:05,752 -                train: [    INFO] - Train: 191 [ 389/390 (100%)]  Loss: 2.108 (2.11)  Loss_gt: 1.287 (1.36)  Loss_kd: 0.8205 (0.750) LR: 5.000e-04
2025-09-14 07:42:05,962 -                train: [    INFO] - Test: [   0/78]  Time: 0.201 (0.201)  Loss:  0.5857 (0.5857)  Acc@1: 85.1562 (85.1562)  Acc@5: 99.2188 (99.2188)
2025-09-14 07:42:09,343 -                train: [    INFO] - Test: [  78/78]  Time: 0.017 (0.045)  Loss:  0.9070 (0.7760)  Acc@1: 75.0000 (81.2500)  Acc@5: 93.7500 (95.8700)
2025-09-14 07:42:09,582 - timm.utils.checkpoint_saver: [    INFO] - Current checkpoints:
 ('./output/train/20250914-020203-resnet18-224/checkpoint/checkpoint-191.pth.tar', 81.25)
 ('./output/train/20250914-020203-resnet18-224/checkpoint/checkpoint-188.pth.tar', 80.95)
 ('./output/train/20250914-020203-resnet18-224/checkpoint/checkpoint-190.pth.tar', 80.93)
 ('./output/train/20250914-020203-resnet18-224/checkpoint/checkpoint-187.pth.tar', 80.88)
 ('./output/train/20250914-020203-resnet18-224/checkpoint/checkpoint-182.pth.tar', 80.73)
 ('./output/train/20250914-020203-resnet18-224/checkpoint/checkpoint-184.pth.tar', 80.73)
 ('./output/train/20250914-020203-resnet18-224/checkpoint/checkpoint-185.pth.tar', 80.73)
 ('./output/train/20250914-020203-resnet18-224/checkpoint/checkpoint-189.pth.tar', 80.7)
 ('./output/train/20250914-020203-resnet18-224/checkpoint/checkpoint-186.pth.tar', 80.69)
 ('./output/train/20250914-020203-resnet18-224/checkpoint/checkpoint-183.pth.tar', 80.68)

2025-09-14 07:42:10,153 -                train: [    INFO] - Train: 192 [   0/390 (  0%)]  Loss: 2.189 (2.19)  Loss_gt: 1.348 (1.35)  Loss_kd: 0.8415 (0.842) LR: 5.000e-04
2025-09-14 07:43:02,245 -                train: [    INFO] - Train: 192 [ 200/390 ( 51%)]  Loss: 1.952 (2.10)  Loss_gt: 1.227 (1.35)  Loss_kd: 0.7252 (0.748) LR: 5.000e-04
2025-09-14 07:43:51,750 -                train: [    INFO] - Train: 192 [ 389/390 (100%)]  Loss: 2.393 (2.11)  Loss_gt: 1.477 (1.36)  Loss_kd: 0.9161 (0.751) LR: 5.000e-04
2025-09-14 07:43:51,952 -                train: [    INFO] - Test: [   0/78]  Time: 0.192 (0.192)  Loss:  0.6017 (0.6017)  Acc@1: 82.8125 (82.8125)  Acc@5: 99.2188 (99.2188)
2025-09-14 07:43:55,391 -                train: [    INFO] - Test: [  78/78]  Time: 0.015 (0.046)  Loss:  0.9343 (0.7785)  Acc@1: 75.0000 (81.0300)  Acc@5: 93.7500 (95.8800)
2025-09-14 07:43:55,599 - timm.utils.checkpoint_saver: [    INFO] - Current checkpoints:
 ('./output/train/20250914-020203-resnet18-224/checkpoint/checkpoint-191.pth.tar', 81.25)
 ('./output/train/20250914-020203-resnet18-224/checkpoint/checkpoint-192.pth.tar', 81.03)
 ('./output/train/20250914-020203-resnet18-224/checkpoint/checkpoint-188.pth.tar', 80.95)
 ('./output/train/20250914-020203-resnet18-224/checkpoint/checkpoint-190.pth.tar', 80.93)
 ('./output/train/20250914-020203-resnet18-224/checkpoint/checkpoint-187.pth.tar', 80.88)
 ('./output/train/20250914-020203-resnet18-224/checkpoint/checkpoint-182.pth.tar', 80.73)
 ('./output/train/20250914-020203-resnet18-224/checkpoint/checkpoint-184.pth.tar', 80.73)
 ('./output/train/20250914-020203-resnet18-224/checkpoint/checkpoint-185.pth.tar', 80.73)
 ('./output/train/20250914-020203-resnet18-224/checkpoint/checkpoint-189.pth.tar', 80.7)
 ('./output/train/20250914-020203-resnet18-224/checkpoint/checkpoint-186.pth.tar', 80.69)

2025-09-14 07:43:56,164 -                train: [    INFO] - Train: 193 [   0/390 (  0%)]  Loss: 2.276 (2.28)  Loss_gt: 1.369 (1.37)  Loss_kd: 0.9069 (0.907) LR: 5.000e-04
2025-09-14 07:44:49,022 -                train: [    INFO] - Train: 193 [ 200/390 ( 51%)]  Loss: 2.251 (2.11)  Loss_gt: 1.543 (1.37)  Loss_kd: 0.7082 (0.749) LR: 5.000e-04
2025-09-14 07:45:38,568 -                train: [    INFO] - Train: 193 [ 389/390 (100%)]  Loss: 1.970 (2.11)  Loss_gt: 1.293 (1.36)  Loss_kd: 0.6773 (0.749) LR: 5.000e-04
2025-09-14 07:45:38,789 -                train: [    INFO] - Test: [   0/78]  Time: 0.211 (0.211)  Loss:  0.5836 (0.5836)  Acc@1: 83.5938 (83.5938)  Acc@5: 99.2188 (99.2188)
2025-09-14 07:45:42,299 -                train: [    INFO] - Test: [  78/78]  Time: 0.017 (0.047)  Loss:  0.9186 (0.7729)  Acc@1: 75.0000 (81.0000)  Acc@5: 93.7500 (95.7800)
2025-09-14 07:45:42,545 - timm.utils.checkpoint_saver: [    INFO] - Current checkpoints:
 ('./output/train/20250914-020203-resnet18-224/checkpoint/checkpoint-191.pth.tar', 81.25)
 ('./output/train/20250914-020203-resnet18-224/checkpoint/checkpoint-192.pth.tar', 81.03)
 ('./output/train/20250914-020203-resnet18-224/checkpoint/checkpoint-193.pth.tar', 81.0)
 ('./output/train/20250914-020203-resnet18-224/checkpoint/checkpoint-188.pth.tar', 80.95)
 ('./output/train/20250914-020203-resnet18-224/checkpoint/checkpoint-190.pth.tar', 80.93)
 ('./output/train/20250914-020203-resnet18-224/checkpoint/checkpoint-187.pth.tar', 80.88)
 ('./output/train/20250914-020203-resnet18-224/checkpoint/checkpoint-182.pth.tar', 80.73)
 ('./output/train/20250914-020203-resnet18-224/checkpoint/checkpoint-184.pth.tar', 80.73)
 ('./output/train/20250914-020203-resnet18-224/checkpoint/checkpoint-185.pth.tar', 80.73)
 ('./output/train/20250914-020203-resnet18-224/checkpoint/checkpoint-189.pth.tar', 80.7)

2025-09-14 07:45:43,055 -                train: [    INFO] - Train: 194 [   0/390 (  0%)]  Loss: 1.933 (1.93)  Loss_gt: 1.271 (1.27)  Loss_kd: 0.6617 (0.662) LR: 5.000e-04
2025-09-14 07:46:35,385 -                train: [    INFO] - Train: 194 [ 200/390 ( 51%)]  Loss: 2.156 (2.11)  Loss_gt: 1.347 (1.36)  Loss_kd: 0.8093 (0.754) LR: 5.000e-04
2025-09-14 07:47:25,440 -                train: [    INFO] - Train: 194 [ 389/390 (100%)]  Loss: 2.319 (2.11)  Loss_gt: 1.509 (1.36)  Loss_kd: 0.8096 (0.752) LR: 5.000e-04
2025-09-14 07:47:25,637 -                train: [    INFO] - Test: [   0/78]  Time: 0.187 (0.187)  Loss:  0.5836 (0.5836)  Acc@1: 83.5938 (83.5938)  Acc@5: 99.2188 (99.2188)
2025-09-14 07:47:29,202 -                train: [    INFO] - Test: [  78/78]  Time: 0.017 (0.047)  Loss:  0.9663 (0.7748)  Acc@1: 75.0000 (81.2000)  Acc@5: 93.7500 (95.8700)
2025-09-14 07:47:29,432 - timm.utils.checkpoint_saver: [    INFO] - Current checkpoints:
 ('./output/train/20250914-020203-resnet18-224/checkpoint/checkpoint-191.pth.tar', 81.25)
 ('./output/train/20250914-020203-resnet18-224/checkpoint/checkpoint-194.pth.tar', 81.2)
 ('./output/train/20250914-020203-resnet18-224/checkpoint/checkpoint-192.pth.tar', 81.03)
 ('./output/train/20250914-020203-resnet18-224/checkpoint/checkpoint-193.pth.tar', 81.0)
 ('./output/train/20250914-020203-resnet18-224/checkpoint/checkpoint-188.pth.tar', 80.95)
 ('./output/train/20250914-020203-resnet18-224/checkpoint/checkpoint-190.pth.tar', 80.93)
 ('./output/train/20250914-020203-resnet18-224/checkpoint/checkpoint-187.pth.tar', 80.88)
 ('./output/train/20250914-020203-resnet18-224/checkpoint/checkpoint-182.pth.tar', 80.73)
 ('./output/train/20250914-020203-resnet18-224/checkpoint/checkpoint-184.pth.tar', 80.73)
 ('./output/train/20250914-020203-resnet18-224/checkpoint/checkpoint-185.pth.tar', 80.73)

2025-09-14 07:47:29,974 -                train: [    INFO] - Train: 195 [   0/390 (  0%)]  Loss: 2.086 (2.09)  Loss_gt: 1.327 (1.33)  Loss_kd: 0.7586 (0.759) LR: 5.000e-04
2025-09-14 07:48:22,283 -                train: [    INFO] - Train: 195 [ 200/390 ( 51%)]  Loss: 2.110 (2.11)  Loss_gt: 1.340 (1.36)  Loss_kd: 0.7700 (0.750) LR: 5.000e-04
2025-09-14 07:49:12,344 -                train: [    INFO] - Train: 195 [ 389/390 (100%)]  Loss: 1.909 (2.11)  Loss_gt: 1.348 (1.36)  Loss_kd: 0.5609 (0.748) LR: 5.000e-04
2025-09-14 07:49:12,555 -                train: [    INFO] - Test: [   0/78]  Time: 0.200 (0.200)  Loss:  0.5774 (0.5774)  Acc@1: 84.3750 (84.3750)  Acc@5: 99.2188 (99.2188)
2025-09-14 07:49:16,096 -                train: [    INFO] - Test: [  78/78]  Time: 0.013 (0.047)  Loss:  0.9087 (0.7692)  Acc@1: 75.0000 (81.1100)  Acc@5: 93.7500 (95.8800)
2025-09-14 07:49:16,343 - timm.utils.checkpoint_saver: [    INFO] - Current checkpoints:
 ('./output/train/20250914-020203-resnet18-224/checkpoint/checkpoint-191.pth.tar', 81.25)
 ('./output/train/20250914-020203-resnet18-224/checkpoint/checkpoint-194.pth.tar', 81.2)
 ('./output/train/20250914-020203-resnet18-224/checkpoint/checkpoint-195.pth.tar', 81.11)
 ('./output/train/20250914-020203-resnet18-224/checkpoint/checkpoint-192.pth.tar', 81.03)
 ('./output/train/20250914-020203-resnet18-224/checkpoint/checkpoint-193.pth.tar', 81.0)
 ('./output/train/20250914-020203-resnet18-224/checkpoint/checkpoint-188.pth.tar', 80.95)
 ('./output/train/20250914-020203-resnet18-224/checkpoint/checkpoint-190.pth.tar', 80.93)
 ('./output/train/20250914-020203-resnet18-224/checkpoint/checkpoint-187.pth.tar', 80.88)
 ('./output/train/20250914-020203-resnet18-224/checkpoint/checkpoint-182.pth.tar', 80.73)
 ('./output/train/20250914-020203-resnet18-224/checkpoint/checkpoint-184.pth.tar', 80.73)

2025-09-14 07:49:16,827 -                train: [    INFO] - Train: 196 [   0/390 (  0%)]  Loss: 2.161 (2.16)  Loss_gt: 1.390 (1.39)  Loss_kd: 0.7713 (0.771) LR: 5.000e-04
2025-09-14 07:50:09,205 -                train: [    INFO] - Train: 196 [ 200/390 ( 51%)]  Loss: 2.158 (2.10)  Loss_gt: 1.346 (1.35)  Loss_kd: 0.8122 (0.747) LR: 5.000e-04
2025-09-14 07:50:58,950 -                train: [    INFO] - Train: 196 [ 389/390 (100%)]  Loss: 1.923 (2.11)  Loss_gt: 1.262 (1.36)  Loss_kd: 0.6608 (0.747) LR: 5.000e-04
2025-09-14 07:50:59,156 -                train: [    INFO] - Test: [   0/78]  Time: 0.196 (0.196)  Loss:  0.5743 (0.5743)  Acc@1: 82.8125 (82.8125)  Acc@5: 99.2188 (99.2188)
2025-09-14 07:51:02,783 -                train: [    INFO] - Test: [  78/78]  Time: 0.014 (0.048)  Loss:  0.9301 (0.7715)  Acc@1: 75.0000 (80.9600)  Acc@5: 93.7500 (95.9700)
2025-09-14 07:51:02,978 - timm.utils.checkpoint_saver: [    INFO] - Current checkpoints:
 ('./output/train/20250914-020203-resnet18-224/checkpoint/checkpoint-191.pth.tar', 81.25)
 ('./output/train/20250914-020203-resnet18-224/checkpoint/checkpoint-194.pth.tar', 81.2)
 ('./output/train/20250914-020203-resnet18-224/checkpoint/checkpoint-195.pth.tar', 81.11)
 ('./output/train/20250914-020203-resnet18-224/checkpoint/checkpoint-192.pth.tar', 81.03)
 ('./output/train/20250914-020203-resnet18-224/checkpoint/checkpoint-193.pth.tar', 81.0)
 ('./output/train/20250914-020203-resnet18-224/checkpoint/checkpoint-196.pth.tar', 80.96)
 ('./output/train/20250914-020203-resnet18-224/checkpoint/checkpoint-188.pth.tar', 80.95)
 ('./output/train/20250914-020203-resnet18-224/checkpoint/checkpoint-190.pth.tar', 80.93)
 ('./output/train/20250914-020203-resnet18-224/checkpoint/checkpoint-187.pth.tar', 80.88)
 ('./output/train/20250914-020203-resnet18-224/checkpoint/checkpoint-182.pth.tar', 80.73)

2025-09-14 07:51:03,523 -                train: [    INFO] - Train: 197 [   0/390 (  0%)]  Loss: 2.108 (2.11)  Loss_gt: 1.299 (1.30)  Loss_kd: 0.8087 (0.809) LR: 5.000e-04
2025-09-14 07:51:55,966 -                train: [    INFO] - Train: 197 [ 200/390 ( 51%)]  Loss: 2.006 (2.10)  Loss_gt: 1.230 (1.36)  Loss_kd: 0.7759 (0.743) LR: 5.000e-04
2025-09-14 07:52:46,044 -                train: [    INFO] - Train: 197 [ 389/390 (100%)]  Loss: 2.015 (2.10)  Loss_gt: 1.305 (1.36)  Loss_kd: 0.7103 (0.742) LR: 5.000e-04
2025-09-14 07:52:46,243 -                train: [    INFO] - Test: [   0/78]  Time: 0.189 (0.189)  Loss:  0.5677 (0.5677)  Acc@1: 83.5938 (83.5938)  Acc@5: 99.2188 (99.2188)
2025-09-14 07:52:49,875 -                train: [    INFO] - Test: [  78/78]  Time: 0.015 (0.048)  Loss:  0.9735 (0.7737)  Acc@1: 75.0000 (81.1100)  Acc@5: 93.7500 (95.9000)
2025-09-14 07:52:50,100 - timm.utils.checkpoint_saver: [    INFO] - Current checkpoints:
 ('./output/train/20250914-020203-resnet18-224/checkpoint/checkpoint-191.pth.tar', 81.25)
 ('./output/train/20250914-020203-resnet18-224/checkpoint/checkpoint-194.pth.tar', 81.2)
 ('./output/train/20250914-020203-resnet18-224/checkpoint/checkpoint-195.pth.tar', 81.11)
 ('./output/train/20250914-020203-resnet18-224/checkpoint/checkpoint-197.pth.tar', 81.11)
 ('./output/train/20250914-020203-resnet18-224/checkpoint/checkpoint-192.pth.tar', 81.03)
 ('./output/train/20250914-020203-resnet18-224/checkpoint/checkpoint-193.pth.tar', 81.0)
 ('./output/train/20250914-020203-resnet18-224/checkpoint/checkpoint-196.pth.tar', 80.96)
 ('./output/train/20250914-020203-resnet18-224/checkpoint/checkpoint-188.pth.tar', 80.95)
 ('./output/train/20250914-020203-resnet18-224/checkpoint/checkpoint-190.pth.tar', 80.93)
 ('./output/train/20250914-020203-resnet18-224/checkpoint/checkpoint-187.pth.tar', 80.88)

2025-09-14 07:52:50,721 -                train: [    INFO] - Train: 198 [   0/390 (  0%)]  Loss: 2.108 (2.11)  Loss_gt: 1.371 (1.37)  Loss_kd: 0.7372 (0.737) LR: 5.000e-04
2025-09-14 07:53:43,195 -                train: [    INFO] - Train: 198 [ 200/390 ( 51%)]  Loss: 2.116 (2.11)  Loss_gt: 1.380 (1.35)  Loss_kd: 0.7359 (0.759) LR: 5.000e-04
2025-09-14 07:54:33,190 -                train: [    INFO] - Train: 198 [ 389/390 (100%)]  Loss: 2.201 (2.10)  Loss_gt: 1.360 (1.35)  Loss_kd: 0.8402 (0.749) LR: 5.000e-04
2025-09-14 07:54:33,385 -                train: [    INFO] - Test: [   0/78]  Time: 0.185 (0.185)  Loss:  0.5788 (0.5788)  Acc@1: 83.5938 (83.5938)  Acc@5: 99.2188 (99.2188)
2025-09-14 07:54:36,954 -                train: [    INFO] - Test: [  78/78]  Time: 0.015 (0.048)  Loss:  0.8964 (0.7718)  Acc@1: 75.0000 (81.0600)  Acc@5: 93.7500 (95.8600)
2025-09-14 07:54:37,215 - timm.utils.checkpoint_saver: [    INFO] - Current checkpoints:
 ('./output/train/20250914-020203-resnet18-224/checkpoint/checkpoint-191.pth.tar', 81.25)
 ('./output/train/20250914-020203-resnet18-224/checkpoint/checkpoint-194.pth.tar', 81.2)
 ('./output/train/20250914-020203-resnet18-224/checkpoint/checkpoint-195.pth.tar', 81.11)
 ('./output/train/20250914-020203-resnet18-224/checkpoint/checkpoint-197.pth.tar', 81.11)
 ('./output/train/20250914-020203-resnet18-224/checkpoint/checkpoint-198.pth.tar', 81.06)
 ('./output/train/20250914-020203-resnet18-224/checkpoint/checkpoint-192.pth.tar', 81.03)
 ('./output/train/20250914-020203-resnet18-224/checkpoint/checkpoint-193.pth.tar', 81.0)
 ('./output/train/20250914-020203-resnet18-224/checkpoint/checkpoint-196.pth.tar', 80.96)
 ('./output/train/20250914-020203-resnet18-224/checkpoint/checkpoint-188.pth.tar', 80.95)
 ('./output/train/20250914-020203-resnet18-224/checkpoint/checkpoint-190.pth.tar', 80.93)

2025-09-14 07:54:37,707 -                train: [    INFO] - Train: 199 [   0/390 (  0%)]  Loss: 1.863 (1.86)  Loss_gt: 1.286 (1.29)  Loss_kd: 0.5764 (0.576) LR: 5.000e-04
2025-09-14 07:55:30,020 -                train: [    INFO] - Train: 199 [ 200/390 ( 51%)]  Loss: 2.284 (2.09)  Loss_gt: 1.435 (1.35)  Loss_kd: 0.8483 (0.741) LR: 5.000e-04
2025-09-14 07:56:19,577 -                train: [    INFO] - Train: 199 [ 389/390 (100%)]  Loss: 2.045 (2.09)  Loss_gt: 1.369 (1.35)  Loss_kd: 0.6762 (0.744) LR: 5.000e-04
2025-09-14 07:56:19,781 -                train: [    INFO] - Test: [   0/78]  Time: 0.195 (0.195)  Loss:  0.5751 (0.5751)  Acc@1: 83.5938 (83.5938)  Acc@5: 99.2188 (99.2188)
2025-09-14 07:56:23,617 -                train: [    INFO] - Test: [  78/78]  Time: 0.017 (0.051)  Loss:  0.9352 (0.7715)  Acc@1: 75.0000 (81.0700)  Acc@5: 93.7500 (95.9000)
2025-09-14 07:56:23,999 - timm.utils.checkpoint_saver: [    INFO] - Current checkpoints:
 ('./output/train/20250914-020203-resnet18-224/checkpoint/checkpoint-191.pth.tar', 81.25)
 ('./output/train/20250914-020203-resnet18-224/checkpoint/checkpoint-194.pth.tar', 81.2)
 ('./output/train/20250914-020203-resnet18-224/checkpoint/checkpoint-195.pth.tar', 81.11)
 ('./output/train/20250914-020203-resnet18-224/checkpoint/checkpoint-197.pth.tar', 81.11)
 ('./output/train/20250914-020203-resnet18-224/checkpoint/checkpoint-199.pth.tar', 81.07)
 ('./output/train/20250914-020203-resnet18-224/checkpoint/checkpoint-198.pth.tar', 81.06)
 ('./output/train/20250914-020203-resnet18-224/checkpoint/checkpoint-192.pth.tar', 81.03)
 ('./output/train/20250914-020203-resnet18-224/checkpoint/checkpoint-193.pth.tar', 81.0)
 ('./output/train/20250914-020203-resnet18-224/checkpoint/checkpoint-196.pth.tar', 80.96)
 ('./output/train/20250914-020203-resnet18-224/checkpoint/checkpoint-188.pth.tar', 80.95)

2025-09-14 07:56:24,546 -                train: [    INFO] - Train: 200 [   0/390 (  0%)]  Loss: 2.111 (2.11)  Loss_gt: 1.325 (1.33)  Loss_kd: 0.7856 (0.786) LR: 5.000e-04
2025-09-14 07:57:17,543 -                train: [    INFO] - Train: 200 [ 200/390 ( 51%)]  Loss: 2.088 (2.12)  Loss_gt: 1.353 (1.36)  Loss_kd: 0.7353 (0.757) LR: 5.000e-04
2025-09-14 07:58:07,370 -                train: [    INFO] - Train: 200 [ 389/390 (100%)]  Loss: 1.865 (2.11)  Loss_gt: 1.244 (1.35)  Loss_kd: 0.6210 (0.753) LR: 5.000e-04
2025-09-14 07:58:07,592 -                train: [    INFO] - Test: [   0/78]  Time: 0.210 (0.210)  Loss:  0.5798 (0.5798)  Acc@1: 84.3750 (84.3750)  Acc@5: 99.2188 (99.2188)
2025-09-14 07:58:11,093 -                train: [    INFO] - Test: [  78/78]  Time: 0.014 (0.047)  Loss:  0.8857 (0.7729)  Acc@1: 75.0000 (81.0300)  Acc@5: 93.7500 (95.9100)
2025-09-14 07:58:11,350 - timm.utils.checkpoint_saver: [    INFO] - Current checkpoints:
 ('./output/train/20250914-020203-resnet18-224/checkpoint/checkpoint-191.pth.tar', 81.25)
 ('./output/train/20250914-020203-resnet18-224/checkpoint/checkpoint-194.pth.tar', 81.2)
 ('./output/train/20250914-020203-resnet18-224/checkpoint/checkpoint-195.pth.tar', 81.11)
 ('./output/train/20250914-020203-resnet18-224/checkpoint/checkpoint-197.pth.tar', 81.11)
 ('./output/train/20250914-020203-resnet18-224/checkpoint/checkpoint-199.pth.tar', 81.07)
 ('./output/train/20250914-020203-resnet18-224/checkpoint/checkpoint-198.pth.tar', 81.06)
 ('./output/train/20250914-020203-resnet18-224/checkpoint/checkpoint-192.pth.tar', 81.03)
 ('./output/train/20250914-020203-resnet18-224/checkpoint/checkpoint-200.pth.tar', 81.03)
 ('./output/train/20250914-020203-resnet18-224/checkpoint/checkpoint-193.pth.tar', 81.0)
 ('./output/train/20250914-020203-resnet18-224/checkpoint/checkpoint-196.pth.tar', 80.96)

2025-09-14 07:58:12,003 -                train: [    INFO] - Train: 201 [   0/390 (  0%)]  Loss: 2.159 (2.16)  Loss_gt: 1.357 (1.36)  Loss_kd: 0.8015 (0.801) LR: 5.000e-04
2025-09-14 07:59:04,882 -                train: [    INFO] - Train: 201 [ 200/390 ( 51%)]  Loss: 1.985 (2.10)  Loss_gt: 1.363 (1.35)  Loss_kd: 0.6215 (0.748) LR: 5.000e-04
2025-09-14 07:59:54,611 -                train: [    INFO] - Train: 201 [ 389/390 (100%)]  Loss: 1.986 (2.10)  Loss_gt: 1.328 (1.36)  Loss_kd: 0.6580 (0.743) LR: 5.000e-04
2025-09-14 07:59:54,805 -                train: [    INFO] - Test: [   0/78]  Time: 0.184 (0.184)  Loss:  0.5810 (0.5810)  Acc@1: 83.5938 (83.5938)  Acc@5: 99.2188 (99.2188)
2025-09-14 07:59:58,214 -                train: [    INFO] - Test: [  78/78]  Time: 0.016 (0.045)  Loss:  0.9132 (0.7668)  Acc@1: 75.0000 (80.9400)  Acc@5: 93.7500 (95.8500)
2025-09-14 07:59:58,964 -                train: [    INFO] - Train: 202 [   0/390 (  0%)]  Loss: 2.087 (2.09)  Loss_gt: 1.308 (1.31)  Loss_kd: 0.7791 (0.779) LR: 5.000e-04
2025-09-14 08:00:51,713 -                train: [    INFO] - Train: 202 [ 200/390 ( 51%)]  Loss: 2.204 (2.09)  Loss_gt: 1.418 (1.35)  Loss_kd: 0.7857 (0.746) LR: 5.000e-04
2025-09-14 08:01:41,576 -                train: [    INFO] - Train: 202 [ 389/390 (100%)]  Loss: 2.124 (2.09)  Loss_gt: 1.323 (1.35)  Loss_kd: 0.8012 (0.739) LR: 5.000e-04
2025-09-14 08:01:41,803 -                train: [    INFO] - Test: [   0/78]  Time: 0.218 (0.218)  Loss:  0.5840 (0.5840)  Acc@1: 85.1562 (85.1562)  Acc@5: 99.2188 (99.2188)
2025-09-14 08:01:45,376 -                train: [    INFO] - Test: [  78/78]  Time: 0.017 (0.048)  Loss:  0.9271 (0.7710)  Acc@1: 75.0000 (81.1500)  Acc@5: 93.7500 (95.9200)
2025-09-14 08:01:45,627 - timm.utils.checkpoint_saver: [    INFO] - Current checkpoints:
 ('./output/train/20250914-020203-resnet18-224/checkpoint/checkpoint-191.pth.tar', 81.25)
 ('./output/train/20250914-020203-resnet18-224/checkpoint/checkpoint-194.pth.tar', 81.2)
 ('./output/train/20250914-020203-resnet18-224/checkpoint/checkpoint-202.pth.tar', 81.15)
 ('./output/train/20250914-020203-resnet18-224/checkpoint/checkpoint-195.pth.tar', 81.11)
 ('./output/train/20250914-020203-resnet18-224/checkpoint/checkpoint-197.pth.tar', 81.11)
 ('./output/train/20250914-020203-resnet18-224/checkpoint/checkpoint-199.pth.tar', 81.07)
 ('./output/train/20250914-020203-resnet18-224/checkpoint/checkpoint-198.pth.tar', 81.06)
 ('./output/train/20250914-020203-resnet18-224/checkpoint/checkpoint-192.pth.tar', 81.03)
 ('./output/train/20250914-020203-resnet18-224/checkpoint/checkpoint-200.pth.tar', 81.03)
 ('./output/train/20250914-020203-resnet18-224/checkpoint/checkpoint-193.pth.tar', 81.0)

2025-09-14 08:01:46,154 -                train: [    INFO] - Train: 203 [   0/390 (  0%)]  Loss: 2.053 (2.05)  Loss_gt: 1.259 (1.26)  Loss_kd: 0.7944 (0.794) LR: 5.000e-04
2025-09-14 08:02:38,832 -                train: [    INFO] - Train: 203 [ 200/390 ( 51%)]  Loss: 2.305 (2.10)  Loss_gt: 1.466 (1.35)  Loss_kd: 0.8390 (0.751) LR: 5.000e-04
2025-09-14 08:03:28,995 -                train: [    INFO] - Train: 203 [ 389/390 (100%)]  Loss: 2.026 (2.10)  Loss_gt: 1.379 (1.35)  Loss_kd: 0.6477 (0.749) LR: 5.000e-04
2025-09-14 08:03:29,202 -                train: [    INFO] - Test: [   0/78]  Time: 0.194 (0.194)  Loss:  0.5870 (0.5870)  Acc@1: 84.3750 (84.3750)  Acc@5: 99.2188 (99.2188)
2025-09-14 08:03:32,840 -                train: [    INFO] - Test: [  78/78]  Time: 0.013 (0.049)  Loss:  0.9279 (0.7728)  Acc@1: 75.0000 (81.0100)  Acc@5: 93.7500 (96.0000)
2025-09-14 08:03:33,080 - timm.utils.checkpoint_saver: [    INFO] - Current checkpoints:
 ('./output/train/20250914-020203-resnet18-224/checkpoint/checkpoint-191.pth.tar', 81.25)
 ('./output/train/20250914-020203-resnet18-224/checkpoint/checkpoint-194.pth.tar', 81.2)
 ('./output/train/20250914-020203-resnet18-224/checkpoint/checkpoint-202.pth.tar', 81.15)
 ('./output/train/20250914-020203-resnet18-224/checkpoint/checkpoint-195.pth.tar', 81.11)
 ('./output/train/20250914-020203-resnet18-224/checkpoint/checkpoint-197.pth.tar', 81.11)
 ('./output/train/20250914-020203-resnet18-224/checkpoint/checkpoint-199.pth.tar', 81.07)
 ('./output/train/20250914-020203-resnet18-224/checkpoint/checkpoint-198.pth.tar', 81.06)
 ('./output/train/20250914-020203-resnet18-224/checkpoint/checkpoint-192.pth.tar', 81.03)
 ('./output/train/20250914-020203-resnet18-224/checkpoint/checkpoint-200.pth.tar', 81.03)
 ('./output/train/20250914-020203-resnet18-224/checkpoint/checkpoint-203.pth.tar', 81.01)

2025-09-14 08:03:33,747 -                train: [    INFO] - Train: 204 [   0/390 (  0%)]  Loss: 2.202 (2.20)  Loss_gt: 1.348 (1.35)  Loss_kd: 0.8538 (0.854) LR: 5.000e-04
2025-09-14 08:04:26,507 -                train: [    INFO] - Train: 204 [ 200/390 ( 51%)]  Loss: 2.055 (2.08)  Loss_gt: 1.331 (1.34)  Loss_kd: 0.7245 (0.737) LR: 5.000e-04
2025-09-14 08:05:16,716 -                train: [    INFO] - Train: 204 [ 389/390 (100%)]  Loss: 2.058 (2.09)  Loss_gt: 1.367 (1.34)  Loss_kd: 0.6902 (0.742) LR: 5.000e-04
2025-09-14 08:05:16,933 -                train: [    INFO] - Test: [   0/78]  Time: 0.207 (0.207)  Loss:  0.5816 (0.5816)  Acc@1: 82.8125 (82.8125)  Acc@5: 98.4375 (98.4375)
2025-09-14 08:05:20,633 -                train: [    INFO] - Test: [  78/78]  Time: 0.015 (0.049)  Loss:  0.8909 (0.7716)  Acc@1: 75.0000 (81.1600)  Acc@5: 93.7500 (95.8300)
2025-09-14 08:05:20,869 - timm.utils.checkpoint_saver: [    INFO] - Current checkpoints:
 ('./output/train/20250914-020203-resnet18-224/checkpoint/checkpoint-191.pth.tar', 81.25)
 ('./output/train/20250914-020203-resnet18-224/checkpoint/checkpoint-194.pth.tar', 81.2)
 ('./output/train/20250914-020203-resnet18-224/checkpoint/checkpoint-204.pth.tar', 81.16)
 ('./output/train/20250914-020203-resnet18-224/checkpoint/checkpoint-202.pth.tar', 81.15)
 ('./output/train/20250914-020203-resnet18-224/checkpoint/checkpoint-195.pth.tar', 81.11)
 ('./output/train/20250914-020203-resnet18-224/checkpoint/checkpoint-197.pth.tar', 81.11)
 ('./output/train/20250914-020203-resnet18-224/checkpoint/checkpoint-199.pth.tar', 81.07)
 ('./output/train/20250914-020203-resnet18-224/checkpoint/checkpoint-198.pth.tar', 81.06)
 ('./output/train/20250914-020203-resnet18-224/checkpoint/checkpoint-192.pth.tar', 81.03)
 ('./output/train/20250914-020203-resnet18-224/checkpoint/checkpoint-200.pth.tar', 81.03)

2025-09-14 08:05:21,385 -                train: [    INFO] - Train: 205 [   0/390 (  0%)]  Loss: 2.157 (2.16)  Loss_gt: 1.456 (1.46)  Loss_kd: 0.7010 (0.701) LR: 5.000e-04
2025-09-14 08:06:14,275 -                train: [    INFO] - Train: 205 [ 200/390 ( 51%)]  Loss: 2.244 (2.09)  Loss_gt: 1.380 (1.35)  Loss_kd: 0.8640 (0.744) LR: 5.000e-04
2025-09-14 08:07:04,262 -                train: [    INFO] - Train: 205 [ 389/390 (100%)]  Loss: 2.043 (2.08)  Loss_gt: 1.296 (1.34)  Loss_kd: 0.7470 (0.740) LR: 5.000e-04
2025-09-14 08:07:04,465 -                train: [    INFO] - Test: [   0/78]  Time: 0.192 (0.192)  Loss:  0.5877 (0.5877)  Acc@1: 84.3750 (84.3750)  Acc@5: 98.4375 (98.4375)
2025-09-14 08:07:07,909 -                train: [    INFO] - Test: [  78/78]  Time: 0.014 (0.046)  Loss:  0.8762 (0.7789)  Acc@1: 75.0000 (81.1200)  Acc@5: 93.7500 (95.8800)
2025-09-14 08:07:08,127 - timm.utils.checkpoint_saver: [    INFO] - Current checkpoints:
 ('./output/train/20250914-020203-resnet18-224/checkpoint/checkpoint-191.pth.tar', 81.25)
 ('./output/train/20250914-020203-resnet18-224/checkpoint/checkpoint-194.pth.tar', 81.2)
 ('./output/train/20250914-020203-resnet18-224/checkpoint/checkpoint-204.pth.tar', 81.16)
 ('./output/train/20250914-020203-resnet18-224/checkpoint/checkpoint-202.pth.tar', 81.15)
 ('./output/train/20250914-020203-resnet18-224/checkpoint/checkpoint-205.pth.tar', 81.12)
 ('./output/train/20250914-020203-resnet18-224/checkpoint/checkpoint-195.pth.tar', 81.11)
 ('./output/train/20250914-020203-resnet18-224/checkpoint/checkpoint-197.pth.tar', 81.11)
 ('./output/train/20250914-020203-resnet18-224/checkpoint/checkpoint-199.pth.tar', 81.07)
 ('./output/train/20250914-020203-resnet18-224/checkpoint/checkpoint-198.pth.tar', 81.06)
 ('./output/train/20250914-020203-resnet18-224/checkpoint/checkpoint-192.pth.tar', 81.03)

2025-09-14 08:07:08,780 -                train: [    INFO] - Train: 206 [   0/390 (  0%)]  Loss: 2.115 (2.12)  Loss_gt: 1.424 (1.42)  Loss_kd: 0.6909 (0.691) LR: 5.000e-04
2025-09-14 08:08:01,309 -                train: [    INFO] - Train: 206 [ 200/390 ( 51%)]  Loss: 2.012 (2.11)  Loss_gt: 1.278 (1.35)  Loss_kd: 0.7342 (0.757) LR: 5.000e-04
2025-09-14 08:08:50,747 -                train: [    INFO] - Train: 206 [ 389/390 (100%)]  Loss: 2.202 (2.10)  Loss_gt: 1.364 (1.35)  Loss_kd: 0.8384 (0.749) LR: 5.000e-04
2025-09-14 08:08:50,976 -                train: [    INFO] - Test: [   0/78]  Time: 0.219 (0.219)  Loss:  0.5766 (0.5766)  Acc@1: 84.3750 (84.3750)  Acc@5: 99.2188 (99.2188)
2025-09-14 08:08:54,775 -                train: [    INFO] - Test: [  78/78]  Time: 0.015 (0.051)  Loss:  0.9083 (0.7755)  Acc@1: 75.0000 (81.1400)  Acc@5: 93.7500 (95.9400)
2025-09-14 08:08:55,185 - timm.utils.checkpoint_saver: [    INFO] - Current checkpoints:
 ('./output/train/20250914-020203-resnet18-224/checkpoint/checkpoint-191.pth.tar', 81.25)
 ('./output/train/20250914-020203-resnet18-224/checkpoint/checkpoint-194.pth.tar', 81.2)
 ('./output/train/20250914-020203-resnet18-224/checkpoint/checkpoint-204.pth.tar', 81.16)
 ('./output/train/20250914-020203-resnet18-224/checkpoint/checkpoint-202.pth.tar', 81.15)
 ('./output/train/20250914-020203-resnet18-224/checkpoint/checkpoint-206.pth.tar', 81.14)
 ('./output/train/20250914-020203-resnet18-224/checkpoint/checkpoint-205.pth.tar', 81.12)
 ('./output/train/20250914-020203-resnet18-224/checkpoint/checkpoint-195.pth.tar', 81.11)
 ('./output/train/20250914-020203-resnet18-224/checkpoint/checkpoint-197.pth.tar', 81.11)
 ('./output/train/20250914-020203-resnet18-224/checkpoint/checkpoint-199.pth.tar', 81.07)
 ('./output/train/20250914-020203-resnet18-224/checkpoint/checkpoint-198.pth.tar', 81.06)

2025-09-14 08:08:55,841 -                train: [    INFO] - Train: 207 [   0/390 (  0%)]  Loss: 2.122 (2.12)  Loss_gt: 1.293 (1.29)  Loss_kd: 0.8290 (0.829) LR: 5.000e-04
2025-09-14 08:09:48,713 -                train: [    INFO] - Train: 207 [ 200/390 ( 51%)]  Loss: 1.996 (2.08)  Loss_gt: 1.269 (1.34)  Loss_kd: 0.7276 (0.742) LR: 5.000e-04
2025-09-14 08:10:38,689 -                train: [    INFO] - Train: 207 [ 389/390 (100%)]  Loss: 2.156 (2.09)  Loss_gt: 1.359 (1.35)  Loss_kd: 0.7970 (0.744) LR: 5.000e-04
2025-09-14 08:10:38,897 -                train: [    INFO] - Test: [   0/78]  Time: 0.199 (0.199)  Loss:  0.5777 (0.5777)  Acc@1: 82.8125 (82.8125)  Acc@5: 99.2188 (99.2188)
2025-09-14 08:10:42,444 -                train: [    INFO] - Test: [  78/78]  Time: 0.017 (0.047)  Loss:  0.8696 (0.7682)  Acc@1: 75.0000 (81.2000)  Acc@5: 93.7500 (96.0000)
2025-09-14 08:10:42,677 - timm.utils.checkpoint_saver: [    INFO] - Current checkpoints:
 ('./output/train/20250914-020203-resnet18-224/checkpoint/checkpoint-191.pth.tar', 81.25)
 ('./output/train/20250914-020203-resnet18-224/checkpoint/checkpoint-194.pth.tar', 81.2)
 ('./output/train/20250914-020203-resnet18-224/checkpoint/checkpoint-207.pth.tar', 81.2)
 ('./output/train/20250914-020203-resnet18-224/checkpoint/checkpoint-204.pth.tar', 81.16)
 ('./output/train/20250914-020203-resnet18-224/checkpoint/checkpoint-202.pth.tar', 81.15)
 ('./output/train/20250914-020203-resnet18-224/checkpoint/checkpoint-206.pth.tar', 81.14)
 ('./output/train/20250914-020203-resnet18-224/checkpoint/checkpoint-205.pth.tar', 81.12)
 ('./output/train/20250914-020203-resnet18-224/checkpoint/checkpoint-195.pth.tar', 81.11)
 ('./output/train/20250914-020203-resnet18-224/checkpoint/checkpoint-197.pth.tar', 81.11)
 ('./output/train/20250914-020203-resnet18-224/checkpoint/checkpoint-199.pth.tar', 81.07)

2025-09-14 08:10:43,289 -                train: [    INFO] - Train: 208 [   0/390 (  0%)]  Loss: 2.277 (2.28)  Loss_gt: 1.499 (1.50)  Loss_kd: 0.7784 (0.778) LR: 5.000e-04
2025-09-14 08:11:35,472 -                train: [    INFO] - Train: 208 [ 200/390 ( 51%)]  Loss: 1.986 (2.09)  Loss_gt: 1.272 (1.35)  Loss_kd: 0.7146 (0.740) LR: 5.000e-04
2025-09-14 08:12:25,517 -                train: [    INFO] - Train: 208 [ 389/390 (100%)]  Loss: 2.080 (2.10)  Loss_gt: 1.372 (1.35)  Loss_kd: 0.7080 (0.741) LR: 5.000e-04
2025-09-14 08:12:25,749 -                train: [    INFO] - Test: [   0/78]  Time: 0.221 (0.221)  Loss:  0.5825 (0.5825)  Acc@1: 82.8125 (82.8125)  Acc@5: 99.2188 (99.2188)
2025-09-14 08:12:29,414 -                train: [    INFO] - Test: [  78/78]  Time: 0.015 (0.049)  Loss:  0.8869 (0.7727)  Acc@1: 75.0000 (81.1000)  Acc@5: 93.7500 (95.9600)
2025-09-14 08:12:29,652 - timm.utils.checkpoint_saver: [    INFO] - Current checkpoints:
 ('./output/train/20250914-020203-resnet18-224/checkpoint/checkpoint-191.pth.tar', 81.25)
 ('./output/train/20250914-020203-resnet18-224/checkpoint/checkpoint-194.pth.tar', 81.2)
 ('./output/train/20250914-020203-resnet18-224/checkpoint/checkpoint-207.pth.tar', 81.2)
 ('./output/train/20250914-020203-resnet18-224/checkpoint/checkpoint-204.pth.tar', 81.16)
 ('./output/train/20250914-020203-resnet18-224/checkpoint/checkpoint-202.pth.tar', 81.15)
 ('./output/train/20250914-020203-resnet18-224/checkpoint/checkpoint-206.pth.tar', 81.14)
 ('./output/train/20250914-020203-resnet18-224/checkpoint/checkpoint-205.pth.tar', 81.12)
 ('./output/train/20250914-020203-resnet18-224/checkpoint/checkpoint-195.pth.tar', 81.11)
 ('./output/train/20250914-020203-resnet18-224/checkpoint/checkpoint-197.pth.tar', 81.11)
 ('./output/train/20250914-020203-resnet18-224/checkpoint/checkpoint-208.pth.tar', 81.1)

2025-09-14 08:12:30,320 -                train: [    INFO] - Train: 209 [   0/390 (  0%)]  Loss: 2.122 (2.12)  Loss_gt: 1.395 (1.39)  Loss_kd: 0.7267 (0.727) LR: 5.000e-04
2025-09-14 08:13:22,986 -                train: [    INFO] - Train: 209 [ 200/390 ( 51%)]  Loss: 1.971 (2.08)  Loss_gt: 1.313 (1.34)  Loss_kd: 0.6576 (0.745) LR: 5.000e-04
2025-09-14 08:14:13,175 -                train: [    INFO] - Train: 209 [ 389/390 (100%)]  Loss: 2.137 (2.09)  Loss_gt: 1.301 (1.35)  Loss_kd: 0.8360 (0.746) LR: 5.000e-04
2025-09-14 08:14:13,408 -                train: [    INFO] - Test: [   0/78]  Time: 0.221 (0.221)  Loss:  0.5891 (0.5891)  Acc@1: 82.8125 (82.8125)  Acc@5: 98.4375 (98.4375)
2025-09-14 08:14:17,138 -                train: [    INFO] - Test: [  78/78]  Time: 0.015 (0.050)  Loss:  0.8702 (0.7750)  Acc@1: 75.0000 (81.1700)  Acc@5: 93.7500 (95.8800)
2025-09-14 08:14:17,369 - timm.utils.checkpoint_saver: [    INFO] - Current checkpoints:
 ('./output/train/20250914-020203-resnet18-224/checkpoint/checkpoint-191.pth.tar', 81.25)
 ('./output/train/20250914-020203-resnet18-224/checkpoint/checkpoint-194.pth.tar', 81.2)
 ('./output/train/20250914-020203-resnet18-224/checkpoint/checkpoint-207.pth.tar', 81.2)
 ('./output/train/20250914-020203-resnet18-224/checkpoint/checkpoint-209.pth.tar', 81.17)
 ('./output/train/20250914-020203-resnet18-224/checkpoint/checkpoint-204.pth.tar', 81.16)
 ('./output/train/20250914-020203-resnet18-224/checkpoint/checkpoint-202.pth.tar', 81.15)
 ('./output/train/20250914-020203-resnet18-224/checkpoint/checkpoint-206.pth.tar', 81.14)
 ('./output/train/20250914-020203-resnet18-224/checkpoint/checkpoint-205.pth.tar', 81.12)
 ('./output/train/20250914-020203-resnet18-224/checkpoint/checkpoint-195.pth.tar', 81.11)
 ('./output/train/20250914-020203-resnet18-224/checkpoint/checkpoint-197.pth.tar', 81.11)

2025-09-14 08:14:17,927 -                train: [    INFO] - Train: 210 [   0/390 (  0%)]  Loss: 1.906 (1.91)  Loss_gt: 1.282 (1.28)  Loss_kd: 0.6243 (0.624) LR: 5.000e-04
2025-09-14 08:15:10,226 -                train: [    INFO] - Train: 210 [ 200/390 ( 51%)]  Loss: 2.188 (2.07)  Loss_gt: 1.416 (1.34)  Loss_kd: 0.7722 (0.736) LR: 5.000e-04
2025-09-14 08:16:00,045 -                train: [    INFO] - Train: 210 [ 389/390 (100%)]  Loss: 2.059 (2.08)  Loss_gt: 1.410 (1.34)  Loss_kd: 0.6495 (0.736) LR: 5.000e-04
2025-09-14 08:16:00,243 -                train: [    INFO] - Test: [   0/78]  Time: 0.188 (0.188)  Loss:  0.5907 (0.5907)  Acc@1: 82.0312 (82.0312)  Acc@5: 98.4375 (98.4375)
2025-09-14 08:16:03,967 -                train: [    INFO] - Test: [  78/78]  Time: 0.017 (0.050)  Loss:  0.8866 (0.7738)  Acc@1: 75.0000 (81.0500)  Acc@5: 93.7500 (95.9000)
2025-09-14 08:16:04,787 -                train: [    INFO] - Train: 211 [   0/390 (  0%)]  Loss: 2.112 (2.11)  Loss_gt: 1.396 (1.40)  Loss_kd: 0.7161 (0.716) LR: 5.000e-04
2025-09-14 08:16:57,147 -                train: [    INFO] - Train: 211 [ 200/390 ( 51%)]  Loss: 2.137 (2.08)  Loss_gt: 1.289 (1.35)  Loss_kd: 0.8475 (0.736) LR: 5.000e-04
2025-09-14 08:17:46,379 -                train: [    INFO] - Train: 211 [ 389/390 (100%)]  Loss: 1.969 (2.09)  Loss_gt: 1.233 (1.35)  Loss_kd: 0.7362 (0.740) LR: 5.000e-04
2025-09-14 08:17:46,587 -                train: [    INFO] - Test: [   0/78]  Time: 0.199 (0.199)  Loss:  0.5987 (0.5987)  Acc@1: 81.2500 (81.2500)  Acc@5: 98.4375 (98.4375)
2025-09-14 08:17:50,171 -                train: [    INFO] - Test: [  78/78]  Time: 0.019 (0.048)  Loss:  0.9281 (0.7752)  Acc@1: 75.0000 (81.0600)  Acc@5: 93.7500 (95.9500)
2025-09-14 08:17:51,022 -                train: [    INFO] - Train: 212 [   0/390 (  0%)]  Loss: 2.366 (2.37)  Loss_gt: 1.412 (1.41)  Loss_kd: 0.9537 (0.954) LR: 5.000e-04
2025-09-14 08:18:43,370 -                train: [    INFO] - Train: 212 [ 200/390 ( 51%)]  Loss: 1.961 (2.09)  Loss_gt: 1.269 (1.34)  Loss_kd: 0.6925 (0.746) LR: 5.000e-04
2025-09-14 08:19:33,204 -                train: [    INFO] - Train: 212 [ 389/390 (100%)]  Loss: 1.974 (2.08)  Loss_gt: 1.313 (1.34)  Loss_kd: 0.6612 (0.743) LR: 5.000e-04
2025-09-14 08:19:33,411 -                train: [    INFO] - Test: [   0/78]  Time: 0.197 (0.197)  Loss:  0.5753 (0.5753)  Acc@1: 83.5938 (83.5938)  Acc@5: 98.4375 (98.4375)
2025-09-14 08:19:37,033 -                train: [    INFO] - Test: [  78/78]  Time: 0.013 (0.048)  Loss:  0.9113 (0.7680)  Acc@1: 75.0000 (81.2000)  Acc@5: 93.7500 (96.0000)
2025-09-14 08:19:37,261 - timm.utils.checkpoint_saver: [    INFO] - Current checkpoints:
 ('./output/train/20250914-020203-resnet18-224/checkpoint/checkpoint-191.pth.tar', 81.25)
 ('./output/train/20250914-020203-resnet18-224/checkpoint/checkpoint-194.pth.tar', 81.2)
 ('./output/train/20250914-020203-resnet18-224/checkpoint/checkpoint-207.pth.tar', 81.2)
 ('./output/train/20250914-020203-resnet18-224/checkpoint/checkpoint-212.pth.tar', 81.2)
 ('./output/train/20250914-020203-resnet18-224/checkpoint/checkpoint-209.pth.tar', 81.17)
 ('./output/train/20250914-020203-resnet18-224/checkpoint/checkpoint-204.pth.tar', 81.16)
 ('./output/train/20250914-020203-resnet18-224/checkpoint/checkpoint-202.pth.tar', 81.15)
 ('./output/train/20250914-020203-resnet18-224/checkpoint/checkpoint-206.pth.tar', 81.14)
 ('./output/train/20250914-020203-resnet18-224/checkpoint/checkpoint-205.pth.tar', 81.12)
 ('./output/train/20250914-020203-resnet18-224/checkpoint/checkpoint-195.pth.tar', 81.11)

2025-09-14 08:19:37,918 -                train: [    INFO] - Train: 213 [   0/390 (  0%)]  Loss: 2.157 (2.16)  Loss_gt: 1.375 (1.38)  Loss_kd: 0.7816 (0.782) LR: 5.000e-04
2025-09-14 08:20:31,082 -                train: [    INFO] - Train: 213 [ 200/390 ( 51%)]  Loss: 2.199 (2.08)  Loss_gt: 1.401 (1.35)  Loss_kd: 0.7978 (0.734) LR: 5.000e-04
2025-09-14 08:21:20,527 -                train: [    INFO] - Train: 213 [ 389/390 (100%)]  Loss: 2.150 (2.09)  Loss_gt: 1.276 (1.35)  Loss_kd: 0.8741 (0.740) LR: 5.000e-04
2025-09-14 08:21:20,726 -                train: [    INFO] - Test: [   0/78]  Time: 0.188 (0.188)  Loss:  0.5850 (0.5850)  Acc@1: 82.8125 (82.8125)  Acc@5: 98.4375 (98.4375)
2025-09-14 08:21:24,173 -                train: [    INFO] - Test: [  78/78]  Time: 0.013 (0.046)  Loss:  0.9110 (0.7705)  Acc@1: 75.0000 (81.1200)  Acc@5: 93.7500 (96.0000)
2025-09-14 08:21:24,423 - timm.utils.checkpoint_saver: [    INFO] - Current checkpoints:
 ('./output/train/20250914-020203-resnet18-224/checkpoint/checkpoint-191.pth.tar', 81.25)
 ('./output/train/20250914-020203-resnet18-224/checkpoint/checkpoint-194.pth.tar', 81.2)
 ('./output/train/20250914-020203-resnet18-224/checkpoint/checkpoint-207.pth.tar', 81.2)
 ('./output/train/20250914-020203-resnet18-224/checkpoint/checkpoint-212.pth.tar', 81.2)
 ('./output/train/20250914-020203-resnet18-224/checkpoint/checkpoint-209.pth.tar', 81.17)
 ('./output/train/20250914-020203-resnet18-224/checkpoint/checkpoint-204.pth.tar', 81.16)
 ('./output/train/20250914-020203-resnet18-224/checkpoint/checkpoint-202.pth.tar', 81.15)
 ('./output/train/20250914-020203-resnet18-224/checkpoint/checkpoint-206.pth.tar', 81.14)
 ('./output/train/20250914-020203-resnet18-224/checkpoint/checkpoint-205.pth.tar', 81.12)
 ('./output/train/20250914-020203-resnet18-224/checkpoint/checkpoint-213.pth.tar', 81.12)

2025-09-14 08:21:25,016 -                train: [    INFO] - Train: 214 [   0/390 (  0%)]  Loss: 1.824 (1.82)  Loss_gt: 1.225 (1.22)  Loss_kd: 0.5992 (0.599) LR: 5.000e-04
2025-09-14 08:22:17,233 -                train: [    INFO] - Train: 214 [ 200/390 ( 51%)]  Loss: 2.106 (2.09)  Loss_gt: 1.277 (1.34)  Loss_kd: 0.8285 (0.749) LR: 5.000e-04
2025-09-14 08:23:06,596 -                train: [    INFO] - Train: 214 [ 389/390 (100%)]  Loss: 2.416 (2.09)  Loss_gt: 1.489 (1.34)  Loss_kd: 0.9278 (0.746) LR: 5.000e-04
2025-09-14 08:23:06,811 -                train: [    INFO] - Test: [   0/78]  Time: 0.204 (0.204)  Loss:  0.5772 (0.5772)  Acc@1: 82.0312 (82.0312)  Acc@5: 98.4375 (98.4375)
2025-09-14 08:23:10,549 -                train: [    INFO] - Test: [  78/78]  Time: 0.017 (0.050)  Loss:  0.8941 (0.7728)  Acc@1: 75.0000 (81.0500)  Acc@5: 93.7500 (95.9600)
2025-09-14 08:23:11,265 -                train: [    INFO] - Train: 215 [   0/390 (  0%)]  Loss: 1.960 (1.96)  Loss_gt: 1.272 (1.27)  Loss_kd: 0.6880 (0.688) LR: 5.000e-04
2025-09-14 08:24:03,990 -                train: [    INFO] - Train: 215 [ 200/390 ( 51%)]  Loss: 2.094 (2.09)  Loss_gt: 1.310 (1.35)  Loss_kd: 0.7842 (0.746) LR: 5.000e-04
2025-09-14 08:24:54,041 -                train: [    INFO] - Train: 215 [ 389/390 (100%)]  Loss: 2.403 (2.08)  Loss_gt: 1.590 (1.34)  Loss_kd: 0.8134 (0.739) LR: 5.000e-04
2025-09-14 08:24:54,246 -                train: [    INFO] - Test: [   0/78]  Time: 0.195 (0.195)  Loss:  0.5752 (0.5752)  Acc@1: 84.3750 (84.3750)  Acc@5: 99.2188 (99.2188)
2025-09-14 08:24:57,731 -                train: [    INFO] - Test: [  78/78]  Time: 0.013 (0.047)  Loss:  0.9194 (0.7756)  Acc@1: 75.0000 (81.0800)  Acc@5: 93.7500 (96.0600)
2025-09-14 08:24:58,516 -                train: [    INFO] - Train: 216 [   0/390 (  0%)]  Loss: 1.981 (1.98)  Loss_gt: 1.367 (1.37)  Loss_kd: 0.6140 (0.614) LR: 5.000e-04
2025-09-14 08:25:51,091 -                train: [    INFO] - Train: 216 [ 200/390 ( 51%)]  Loss: 2.059 (2.09)  Loss_gt: 1.354 (1.34)  Loss_kd: 0.7043 (0.748) LR: 5.000e-04
2025-09-14 08:26:41,072 -                train: [    INFO] - Train: 216 [ 389/390 (100%)]  Loss: 2.222 (2.08)  Loss_gt: 1.421 (1.34)  Loss_kd: 0.8006 (0.743) LR: 5.000e-04
2025-09-14 08:26:41,263 -                train: [    INFO] - Test: [   0/78]  Time: 0.182 (0.182)  Loss:  0.5731 (0.5731)  Acc@1: 85.1562 (85.1562)  Acc@5: 98.4375 (98.4375)
2025-09-14 08:26:44,782 -                train: [    INFO] - Test: [  78/78]  Time: 0.017 (0.047)  Loss:  0.8791 (0.7712)  Acc@1: 75.0000 (81.1500)  Acc@5: 93.7500 (96.0000)
2025-09-14 08:26:45,003 - timm.utils.checkpoint_saver: [    INFO] - Current checkpoints:
 ('./output/train/20250914-020203-resnet18-224/checkpoint/checkpoint-191.pth.tar', 81.25)
 ('./output/train/20250914-020203-resnet18-224/checkpoint/checkpoint-194.pth.tar', 81.2)
 ('./output/train/20250914-020203-resnet18-224/checkpoint/checkpoint-207.pth.tar', 81.2)
 ('./output/train/20250914-020203-resnet18-224/checkpoint/checkpoint-212.pth.tar', 81.2)
 ('./output/train/20250914-020203-resnet18-224/checkpoint/checkpoint-209.pth.tar', 81.17)
 ('./output/train/20250914-020203-resnet18-224/checkpoint/checkpoint-204.pth.tar', 81.16)
 ('./output/train/20250914-020203-resnet18-224/checkpoint/checkpoint-202.pth.tar', 81.15)
 ('./output/train/20250914-020203-resnet18-224/checkpoint/checkpoint-216.pth.tar', 81.15)
 ('./output/train/20250914-020203-resnet18-224/checkpoint/checkpoint-206.pth.tar', 81.14)
 ('./output/train/20250914-020203-resnet18-224/checkpoint/checkpoint-205.pth.tar', 81.12)

2025-09-14 08:26:45,591 -                train: [    INFO] - Train: 217 [   0/390 (  0%)]  Loss: 2.151 (2.15)  Loss_gt: 1.283 (1.28)  Loss_kd: 0.8682 (0.868) LR: 5.000e-04
2025-09-14 08:27:38,038 -                train: [    INFO] - Train: 217 [ 200/390 ( 51%)]  Loss: 2.413 (2.08)  Loss_gt: 1.551 (1.34)  Loss_kd: 0.8623 (0.737) LR: 5.000e-04
2025-09-14 08:28:23,206 -                train: [    INFO] - Train: 217 [ 389/390 (100%)]  Loss: 2.040 (2.08)  Loss_gt: 1.357 (1.34)  Loss_kd: 0.6836 (0.737) LR: 5.000e-04
2025-09-14 08:28:23,405 -                train: [    INFO] - Test: [   0/78]  Time: 0.188 (0.188)  Loss:  0.5845 (0.5845)  Acc@1: 83.5938 (83.5938)  Acc@5: 99.2188 (99.2188)
2025-09-14 08:28:26,702 -                train: [    INFO] - Test: [  78/78]  Time: 0.013 (0.044)  Loss:  0.9294 (0.7821)  Acc@1: 75.0000 (81.2600)  Acc@5: 93.7500 (95.9100)
2025-09-14 08:28:26,955 - timm.utils.checkpoint_saver: [    INFO] - Current checkpoints:
 ('./output/train/20250914-020203-resnet18-224/checkpoint/checkpoint-217.pth.tar', 81.26)
 ('./output/train/20250914-020203-resnet18-224/checkpoint/checkpoint-191.pth.tar', 81.25)
 ('./output/train/20250914-020203-resnet18-224/checkpoint/checkpoint-194.pth.tar', 81.2)
 ('./output/train/20250914-020203-resnet18-224/checkpoint/checkpoint-207.pth.tar', 81.2)
 ('./output/train/20250914-020203-resnet18-224/checkpoint/checkpoint-212.pth.tar', 81.2)
 ('./output/train/20250914-020203-resnet18-224/checkpoint/checkpoint-209.pth.tar', 81.17)
 ('./output/train/20250914-020203-resnet18-224/checkpoint/checkpoint-204.pth.tar', 81.16)
 ('./output/train/20250914-020203-resnet18-224/checkpoint/checkpoint-202.pth.tar', 81.15)
 ('./output/train/20250914-020203-resnet18-224/checkpoint/checkpoint-216.pth.tar', 81.15)
 ('./output/train/20250914-020203-resnet18-224/checkpoint/checkpoint-206.pth.tar', 81.14)

2025-09-14 08:28:27,496 -                train: [    INFO] - Train: 218 [   0/390 (  0%)]  Loss: 2.306 (2.31)  Loss_gt: 1.455 (1.45)  Loss_kd: 0.8515 (0.851) LR: 5.000e-04
2025-09-14 08:29:16,194 -                train: [    INFO] - Train: 218 [ 200/390 ( 51%)]  Loss: 2.074 (2.10)  Loss_gt: 1.299 (1.35)  Loss_kd: 0.7743 (0.754) LR: 5.000e-04
2025-09-14 08:30:01,983 -                train: [    INFO] - Train: 218 [ 389/390 (100%)]  Loss: 1.987 (2.09)  Loss_gt: 1.285 (1.35)  Loss_kd: 0.7020 (0.746) LR: 5.000e-04
2025-09-14 08:30:02,177 -                train: [    INFO] - Test: [   0/78]  Time: 0.185 (0.185)  Loss:  0.5785 (0.5785)  Acc@1: 82.0312 (82.0312)  Acc@5: 98.4375 (98.4375)
2025-09-14 08:30:05,766 -                train: [    INFO] - Test: [  78/78]  Time: 0.017 (0.048)  Loss:  0.8921 (0.7705)  Acc@1: 75.0000 (81.1600)  Acc@5: 93.7500 (95.9400)
2025-09-14 08:30:06,042 - timm.utils.checkpoint_saver: [    INFO] - Current checkpoints:
 ('./output/train/20250914-020203-resnet18-224/checkpoint/checkpoint-217.pth.tar', 81.26)
 ('./output/train/20250914-020203-resnet18-224/checkpoint/checkpoint-191.pth.tar', 81.25)
 ('./output/train/20250914-020203-resnet18-224/checkpoint/checkpoint-194.pth.tar', 81.2)
 ('./output/train/20250914-020203-resnet18-224/checkpoint/checkpoint-207.pth.tar', 81.2)
 ('./output/train/20250914-020203-resnet18-224/checkpoint/checkpoint-212.pth.tar', 81.2)
 ('./output/train/20250914-020203-resnet18-224/checkpoint/checkpoint-209.pth.tar', 81.17)
 ('./output/train/20250914-020203-resnet18-224/checkpoint/checkpoint-204.pth.tar', 81.16)
 ('./output/train/20250914-020203-resnet18-224/checkpoint/checkpoint-218.pth.tar', 81.16)
 ('./output/train/20250914-020203-resnet18-224/checkpoint/checkpoint-202.pth.tar', 81.15)
 ('./output/train/20250914-020203-resnet18-224/checkpoint/checkpoint-216.pth.tar', 81.15)

2025-09-14 08:30:06,559 -                train: [    INFO] - Train: 219 [   0/390 (  0%)]  Loss: 2.379 (2.38)  Loss_gt: 1.482 (1.48)  Loss_kd: 0.8970 (0.897) LR: 5.000e-04
2025-09-14 08:30:54,784 -                train: [    INFO] - Train: 219 [ 200/390 ( 51%)]  Loss: 1.995 (2.07)  Loss_gt: 1.192 (1.34)  Loss_kd: 0.8028 (0.731) LR: 5.000e-04
2025-09-14 08:31:39,595 -                train: [    INFO] - Train: 219 [ 389/390 (100%)]  Loss: 2.023 (2.07)  Loss_gt: 1.269 (1.34)  Loss_kd: 0.7536 (0.732) LR: 5.000e-04
2025-09-14 08:31:39,783 -                train: [    INFO] - Test: [   0/78]  Time: 0.179 (0.179)  Loss:  0.5758 (0.5758)  Acc@1: 83.5938 (83.5938)  Acc@5: 98.4375 (98.4375)
2025-09-14 08:31:43,178 -                train: [    INFO] - Test: [  78/78]  Time: 0.014 (0.045)  Loss:  0.8983 (0.7706)  Acc@1: 75.0000 (81.2400)  Acc@5: 93.7500 (96.0000)
2025-09-14 08:31:43,444 - timm.utils.checkpoint_saver: [    INFO] - Current checkpoints:
 ('./output/train/20250914-020203-resnet18-224/checkpoint/checkpoint-217.pth.tar', 81.26)
 ('./output/train/20250914-020203-resnet18-224/checkpoint/checkpoint-191.pth.tar', 81.25)
 ('./output/train/20250914-020203-resnet18-224/checkpoint/checkpoint-219.pth.tar', 81.24)
 ('./output/train/20250914-020203-resnet18-224/checkpoint/checkpoint-194.pth.tar', 81.2)
 ('./output/train/20250914-020203-resnet18-224/checkpoint/checkpoint-207.pth.tar', 81.2)
 ('./output/train/20250914-020203-resnet18-224/checkpoint/checkpoint-212.pth.tar', 81.2)
 ('./output/train/20250914-020203-resnet18-224/checkpoint/checkpoint-209.pth.tar', 81.17)
 ('./output/train/20250914-020203-resnet18-224/checkpoint/checkpoint-204.pth.tar', 81.16)
 ('./output/train/20250914-020203-resnet18-224/checkpoint/checkpoint-218.pth.tar', 81.16)
 ('./output/train/20250914-020203-resnet18-224/checkpoint/checkpoint-202.pth.tar', 81.15)

2025-09-14 08:31:43,991 -                train: [    INFO] - Train: 220 [   0/390 (  0%)]  Loss: 2.236 (2.24)  Loss_gt: 1.426 (1.43)  Loss_kd: 0.8094 (0.809) LR: 5.000e-04
2025-09-14 08:32:32,246 -                train: [    INFO] - Train: 220 [ 200/390 ( 51%)]  Loss: 2.116 (2.08)  Loss_gt: 1.388 (1.34)  Loss_kd: 0.7286 (0.740) LR: 5.000e-04
2025-09-14 08:33:24,903 -                train: [    INFO] - Train: 220 [ 389/390 (100%)]  Loss: 2.112 (2.08)  Loss_gt: 1.323 (1.34)  Loss_kd: 0.7890 (0.737) LR: 5.000e-04
2025-09-14 08:33:25,096 -                train: [    INFO] - Test: [   0/78]  Time: 0.182 (0.182)  Loss:  0.5866 (0.5866)  Acc@1: 81.2500 (81.2500)  Acc@5: 98.4375 (98.4375)
2025-09-14 08:33:28,782 -                train: [    INFO] - Test: [  78/78]  Time: 0.015 (0.049)  Loss:  0.9061 (0.7754)  Acc@1: 75.0000 (81.1200)  Acc@5: 93.7500 (95.9700)
2025-09-14 08:33:29,762 -                train: [    INFO] - Train: 221 [   0/390 (  0%)]  Loss: 2.112 (2.11)  Loss_gt: 1.463 (1.46)  Loss_kd: 0.6492 (0.649) LR: 5.000e-04
2025-09-14 08:34:22,797 -                train: [    INFO] - Train: 221 [ 200/390 ( 51%)]  Loss: 1.963 (2.09)  Loss_gt: 1.293 (1.34)  Loss_kd: 0.6695 (0.746) LR: 5.000e-04
2025-09-14 08:35:12,355 -                train: [    INFO] - Train: 221 [ 389/390 (100%)]  Loss: 2.241 (2.08)  Loss_gt: 1.318 (1.34)  Loss_kd: 0.9229 (0.744) LR: 5.000e-04
2025-09-14 08:35:12,576 -                train: [    INFO] - Test: [   0/78]  Time: 0.210 (0.210)  Loss:  0.5726 (0.5726)  Acc@1: 82.0312 (82.0312)  Acc@5: 98.4375 (98.4375)
2025-09-14 08:35:16,215 -                train: [    INFO] - Test: [  78/78]  Time: 0.017 (0.049)  Loss:  0.9586 (0.7730)  Acc@1: 75.0000 (81.0900)  Acc@5: 93.7500 (96.0600)
2025-09-14 08:35:16,987 -                train: [    INFO] - Train: 222 [   0/390 (  0%)]  Loss: 2.048 (2.05)  Loss_gt: 1.346 (1.35)  Loss_kd: 0.7026 (0.703) LR: 5.000e-04
2025-09-14 08:36:09,442 -                train: [    INFO] - Train: 222 [ 200/390 ( 51%)]  Loss: 1.884 (2.06)  Loss_gt: 1.201 (1.33)  Loss_kd: 0.6834 (0.733) LR: 5.000e-04
2025-09-14 08:36:59,302 -                train: [    INFO] - Train: 222 [ 389/390 (100%)]  Loss: 1.862 (2.07)  Loss_gt: 1.243 (1.33)  Loss_kd: 0.6193 (0.739) LR: 5.000e-04
2025-09-14 08:36:59,504 -                train: [    INFO] - Test: [   0/78]  Time: 0.192 (0.192)  Loss:  0.5794 (0.5794)  Acc@1: 82.8125 (82.8125)  Acc@5: 98.4375 (98.4375)
2025-09-14 08:37:03,274 -                train: [    INFO] - Test: [  78/78]  Time: 0.017 (0.050)  Loss:  0.9638 (0.7726)  Acc@1: 75.0000 (81.1900)  Acc@5: 93.7500 (95.9300)
2025-09-14 08:37:03,519 - timm.utils.checkpoint_saver: [    INFO] - Current checkpoints:
 ('./output/train/20250914-020203-resnet18-224/checkpoint/checkpoint-217.pth.tar', 81.26)
 ('./output/train/20250914-020203-resnet18-224/checkpoint/checkpoint-191.pth.tar', 81.25)
 ('./output/train/20250914-020203-resnet18-224/checkpoint/checkpoint-219.pth.tar', 81.24)
 ('./output/train/20250914-020203-resnet18-224/checkpoint/checkpoint-194.pth.tar', 81.2)
 ('./output/train/20250914-020203-resnet18-224/checkpoint/checkpoint-207.pth.tar', 81.2)
 ('./output/train/20250914-020203-resnet18-224/checkpoint/checkpoint-212.pth.tar', 81.2)
 ('./output/train/20250914-020203-resnet18-224/checkpoint/checkpoint-222.pth.tar', 81.19)
 ('./output/train/20250914-020203-resnet18-224/checkpoint/checkpoint-209.pth.tar', 81.17)
 ('./output/train/20250914-020203-resnet18-224/checkpoint/checkpoint-204.pth.tar', 81.16)
 ('./output/train/20250914-020203-resnet18-224/checkpoint/checkpoint-218.pth.tar', 81.16)

2025-09-14 08:37:04,033 -                train: [    INFO] - Train: 223 [   0/390 (  0%)]  Loss: 2.005 (2.01)  Loss_gt: 1.323 (1.32)  Loss_kd: 0.6818 (0.682) LR: 5.000e-04
2025-09-14 08:37:56,804 -                train: [    INFO] - Train: 223 [ 200/390 ( 51%)]  Loss: 2.096 (2.09)  Loss_gt: 1.318 (1.35)  Loss_kd: 0.7779 (0.743) LR: 5.000e-04
2025-09-14 08:38:46,594 -                train: [    INFO] - Train: 223 [ 389/390 (100%)]  Loss: 2.052 (2.07)  Loss_gt: 1.339 (1.34)  Loss_kd: 0.7130 (0.734) LR: 5.000e-04
2025-09-14 08:38:46,797 -                train: [    INFO] - Test: [   0/78]  Time: 0.193 (0.193)  Loss:  0.5810 (0.5810)  Acc@1: 83.5938 (83.5938)  Acc@5: 98.4375 (98.4375)
2025-09-14 08:38:50,443 -                train: [    INFO] - Test: [  78/78]  Time: 0.015 (0.049)  Loss:  0.9281 (0.7754)  Acc@1: 75.0000 (81.3100)  Acc@5: 93.7500 (95.9100)
2025-09-14 08:38:50,675 - timm.utils.checkpoint_saver: [    INFO] - Current checkpoints:
 ('./output/train/20250914-020203-resnet18-224/checkpoint/checkpoint-223.pth.tar', 81.31)
 ('./output/train/20250914-020203-resnet18-224/checkpoint/checkpoint-217.pth.tar', 81.26)
 ('./output/train/20250914-020203-resnet18-224/checkpoint/checkpoint-191.pth.tar', 81.25)
 ('./output/train/20250914-020203-resnet18-224/checkpoint/checkpoint-219.pth.tar', 81.24)
 ('./output/train/20250914-020203-resnet18-224/checkpoint/checkpoint-194.pth.tar', 81.2)
 ('./output/train/20250914-020203-resnet18-224/checkpoint/checkpoint-207.pth.tar', 81.2)
 ('./output/train/20250914-020203-resnet18-224/checkpoint/checkpoint-212.pth.tar', 81.2)
 ('./output/train/20250914-020203-resnet18-224/checkpoint/checkpoint-222.pth.tar', 81.19)
 ('./output/train/20250914-020203-resnet18-224/checkpoint/checkpoint-209.pth.tar', 81.17)
 ('./output/train/20250914-020203-resnet18-224/checkpoint/checkpoint-204.pth.tar', 81.16)

2025-09-14 08:38:51,217 -                train: [    INFO] - Train: 224 [   0/390 (  0%)]  Loss: 1.914 (1.91)  Loss_gt: 1.248 (1.25)  Loss_kd: 0.6662 (0.666) LR: 5.000e-04
2025-09-14 08:39:43,572 -                train: [    INFO] - Train: 224 [ 200/390 ( 51%)]  Loss: 2.364 (2.09)  Loss_gt: 1.460 (1.35)  Loss_kd: 0.9039 (0.741) LR: 5.000e-04
2025-09-14 08:40:33,285 -                train: [    INFO] - Train: 224 [ 389/390 (100%)]  Loss: 2.230 (2.09)  Loss_gt: 1.410 (1.34)  Loss_kd: 0.8198 (0.743) LR: 5.000e-04
2025-09-14 08:40:33,494 -                train: [    INFO] - Test: [   0/78]  Time: 0.198 (0.198)  Loss:  0.5820 (0.5820)  Acc@1: 83.5938 (83.5938)  Acc@5: 98.4375 (98.4375)
2025-09-14 08:40:37,174 -                train: [    INFO] - Test: [  78/78]  Time: 0.014 (0.049)  Loss:  0.9204 (0.7726)  Acc@1: 75.0000 (81.4200)  Acc@5: 93.7500 (95.9400)
2025-09-14 08:40:37,408 - timm.utils.checkpoint_saver: [    INFO] - Current checkpoints:
 ('./output/train/20250914-020203-resnet18-224/checkpoint/checkpoint-224.pth.tar', 81.42)
 ('./output/train/20250914-020203-resnet18-224/checkpoint/checkpoint-223.pth.tar', 81.31)
 ('./output/train/20250914-020203-resnet18-224/checkpoint/checkpoint-217.pth.tar', 81.26)
 ('./output/train/20250914-020203-resnet18-224/checkpoint/checkpoint-191.pth.tar', 81.25)
 ('./output/train/20250914-020203-resnet18-224/checkpoint/checkpoint-219.pth.tar', 81.24)
 ('./output/train/20250914-020203-resnet18-224/checkpoint/checkpoint-194.pth.tar', 81.2)
 ('./output/train/20250914-020203-resnet18-224/checkpoint/checkpoint-207.pth.tar', 81.2)
 ('./output/train/20250914-020203-resnet18-224/checkpoint/checkpoint-212.pth.tar', 81.2)
 ('./output/train/20250914-020203-resnet18-224/checkpoint/checkpoint-222.pth.tar', 81.19)
 ('./output/train/20250914-020203-resnet18-224/checkpoint/checkpoint-209.pth.tar', 81.17)

2025-09-14 08:40:37,963 -                train: [    INFO] - Train: 225 [   0/390 (  0%)]  Loss: 2.159 (2.16)  Loss_gt: 1.312 (1.31)  Loss_kd: 0.8471 (0.847) LR: 5.000e-04
2025-09-14 08:41:30,696 -                train: [    INFO] - Train: 225 [ 200/390 ( 51%)]  Loss: 2.101 (2.07)  Loss_gt: 1.398 (1.34)  Loss_kd: 0.7030 (0.740) LR: 5.000e-04
2025-09-14 08:42:20,181 -                train: [    INFO] - Train: 225 [ 389/390 (100%)]  Loss: 2.062 (2.08)  Loss_gt: 1.450 (1.34)  Loss_kd: 0.6121 (0.743) LR: 5.000e-04
2025-09-14 08:42:20,397 -                train: [    INFO] - Test: [   0/78]  Time: 0.205 (0.205)  Loss:  0.5926 (0.5926)  Acc@1: 82.0312 (82.0312)  Acc@5: 97.6562 (97.6562)
2025-09-14 08:42:23,960 -                train: [    INFO] - Test: [  78/78]  Time: 0.015 (0.048)  Loss:  0.9451 (0.7802)  Acc@1: 75.0000 (81.0300)  Acc@5: 93.7500 (95.8400)
2025-09-14 08:42:24,668 -                train: [    INFO] - Train: 226 [   0/390 (  0%)]  Loss: 1.819 (1.82)  Loss_gt: 1.181 (1.18)  Loss_kd: 0.6379 (0.638) LR: 5.000e-04
2025-09-14 08:43:17,676 -                train: [    INFO] - Train: 226 [ 200/390 ( 51%)]  Loss: 1.749 (2.07)  Loss_gt: 1.160 (1.33)  Loss_kd: 0.5894 (0.740) LR: 5.000e-04
2025-09-14 08:44:07,481 -                train: [    INFO] - Train: 226 [ 389/390 (100%)]  Loss: 2.166 (2.07)  Loss_gt: 1.471 (1.34)  Loss_kd: 0.6951 (0.734) LR: 5.000e-04
2025-09-14 08:44:07,694 -                train: [    INFO] - Test: [   0/78]  Time: 0.201 (0.201)  Loss:  0.5904 (0.5904)  Acc@1: 83.5938 (83.5938)  Acc@5: 98.4375 (98.4375)
2025-09-14 08:44:11,303 -                train: [    INFO] - Test: [  78/78]  Time: 0.014 (0.048)  Loss:  0.8953 (0.7750)  Acc@1: 75.0000 (81.0300)  Acc@5: 93.7500 (95.9100)
2025-09-14 08:44:12,186 -                train: [    INFO] - Train: 227 [   0/390 (  0%)]  Loss: 2.166 (2.17)  Loss_gt: 1.452 (1.45)  Loss_kd: 0.7146 (0.715) LR: 5.000e-04
2025-09-14 08:45:04,801 -                train: [    INFO] - Train: 227 [ 200/390 ( 51%)]  Loss: 2.060 (2.07)  Loss_gt: 1.347 (1.34)  Loss_kd: 0.7132 (0.727) LR: 5.000e-04
2025-09-14 08:45:54,641 -                train: [    INFO] - Train: 227 [ 389/390 (100%)]  Loss: 2.218 (2.08)  Loss_gt: 1.424 (1.34)  Loss_kd: 0.7933 (0.736) LR: 5.000e-04
2025-09-14 08:45:54,828 -                train: [    INFO] - Test: [   0/78]  Time: 0.177 (0.177)  Loss:  0.5930 (0.5930)  Acc@1: 83.5938 (83.5938)  Acc@5: 98.4375 (98.4375)
2025-09-14 08:45:58,510 -                train: [    INFO] - Test: [  78/78]  Time: 0.017 (0.049)  Loss:  0.8759 (0.7770)  Acc@1: 75.0000 (81.1900)  Acc@5: 93.7500 (95.8200)
2025-09-14 08:45:58,722 - timm.utils.checkpoint_saver: [    INFO] - Current checkpoints:
 ('./output/train/20250914-020203-resnet18-224/checkpoint/checkpoint-224.pth.tar', 81.42)
 ('./output/train/20250914-020203-resnet18-224/checkpoint/checkpoint-223.pth.tar', 81.31)
 ('./output/train/20250914-020203-resnet18-224/checkpoint/checkpoint-217.pth.tar', 81.26)
 ('./output/train/20250914-020203-resnet18-224/checkpoint/checkpoint-191.pth.tar', 81.25)
 ('./output/train/20250914-020203-resnet18-224/checkpoint/checkpoint-219.pth.tar', 81.24)
 ('./output/train/20250914-020203-resnet18-224/checkpoint/checkpoint-194.pth.tar', 81.2)
 ('./output/train/20250914-020203-resnet18-224/checkpoint/checkpoint-207.pth.tar', 81.2)
 ('./output/train/20250914-020203-resnet18-224/checkpoint/checkpoint-212.pth.tar', 81.2)
 ('./output/train/20250914-020203-resnet18-224/checkpoint/checkpoint-222.pth.tar', 81.19)
 ('./output/train/20250914-020203-resnet18-224/checkpoint/checkpoint-227.pth.tar', 81.19)

2025-09-14 08:45:59,337 -                train: [    INFO] - Train: 228 [   0/390 (  0%)]  Loss: 1.916 (1.92)  Loss_gt: 1.366 (1.37)  Loss_kd: 0.5501 (0.550) LR: 5.000e-04
2025-09-14 08:46:51,497 -                train: [    INFO] - Train: 228 [ 200/390 ( 51%)]  Loss: 2.057 (2.07)  Loss_gt: 1.352 (1.34)  Loss_kd: 0.7044 (0.734) LR: 5.000e-04
2025-09-14 08:47:40,805 -                train: [    INFO] - Train: 228 [ 389/390 (100%)]  Loss: 1.868 (2.08)  Loss_gt: 1.233 (1.34)  Loss_kd: 0.6351 (0.738) LR: 5.000e-04
2025-09-14 08:47:41,001 -                train: [    INFO] - Test: [   0/78]  Time: 0.187 (0.187)  Loss:  0.5940 (0.5940)  Acc@1: 83.5938 (83.5938)  Acc@5: 98.4375 (98.4375)
2025-09-14 08:47:44,518 -                train: [    INFO] - Test: [  78/78]  Time: 0.014 (0.047)  Loss:  0.9075 (0.7786)  Acc@1: 75.0000 (81.1900)  Acc@5: 93.7500 (95.8900)
2025-09-14 08:47:45,223 -                train: [    INFO] - Train: 229 [   0/390 (  0%)]  Loss: 2.243 (2.24)  Loss_gt: 1.378 (1.38)  Loss_kd: 0.8645 (0.864) LR: 5.000e-04
2025-09-14 08:48:37,645 -                train: [    INFO] - Train: 229 [ 200/390 ( 51%)]  Loss: 2.277 (2.09)  Loss_gt: 1.469 (1.35)  Loss_kd: 0.8080 (0.742) LR: 5.000e-04
2025-09-14 08:49:26,910 -                train: [    INFO] - Train: 229 [ 389/390 (100%)]  Loss: 2.326 (2.08)  Loss_gt: 1.354 (1.34)  Loss_kd: 0.9712 (0.739) LR: 5.000e-04
2025-09-14 08:49:27,127 -                train: [    INFO] - Test: [   0/78]  Time: 0.208 (0.208)  Loss:  0.5984 (0.5984)  Acc@1: 84.3750 (84.3750)  Acc@5: 98.4375 (98.4375)
2025-09-14 08:49:30,756 -                train: [    INFO] - Test: [  78/78]  Time: 0.013 (0.049)  Loss:  0.8973 (0.7816)  Acc@1: 75.0000 (81.3600)  Acc@5: 93.7500 (95.9400)
2025-09-14 08:49:31,091 - timm.utils.checkpoint_saver: [    INFO] - Current checkpoints:
 ('./output/train/20250914-020203-resnet18-224/checkpoint/checkpoint-224.pth.tar', 81.42)
 ('./output/train/20250914-020203-resnet18-224/checkpoint/checkpoint-229.pth.tar', 81.36)
 ('./output/train/20250914-020203-resnet18-224/checkpoint/checkpoint-223.pth.tar', 81.31)
 ('./output/train/20250914-020203-resnet18-224/checkpoint/checkpoint-217.pth.tar', 81.26)
 ('./output/train/20250914-020203-resnet18-224/checkpoint/checkpoint-191.pth.tar', 81.25)
 ('./output/train/20250914-020203-resnet18-224/checkpoint/checkpoint-219.pth.tar', 81.24)
 ('./output/train/20250914-020203-resnet18-224/checkpoint/checkpoint-194.pth.tar', 81.2)
 ('./output/train/20250914-020203-resnet18-224/checkpoint/checkpoint-207.pth.tar', 81.2)
 ('./output/train/20250914-020203-resnet18-224/checkpoint/checkpoint-212.pth.tar', 81.2)
 ('./output/train/20250914-020203-resnet18-224/checkpoint/checkpoint-222.pth.tar', 81.19)

2025-09-14 08:49:31,733 -                train: [    INFO] - Train: 230 [   0/390 (  0%)]  Loss: 2.129 (2.13)  Loss_gt: 1.283 (1.28)  Loss_kd: 0.8462 (0.846) LR: 5.000e-04
2025-09-14 08:50:24,301 -                train: [    INFO] - Train: 230 [ 200/390 ( 51%)]  Loss: 2.019 (2.08)  Loss_gt: 1.322 (1.34)  Loss_kd: 0.6975 (0.736) LR: 5.000e-04
2025-09-14 08:51:13,794 -                train: [    INFO] - Train: 230 [ 389/390 (100%)]  Loss: 2.288 (2.08)  Loss_gt: 1.453 (1.34)  Loss_kd: 0.8353 (0.737) LR: 5.000e-04
2025-09-14 08:51:14,003 -                train: [    INFO] - Test: [   0/78]  Time: 0.199 (0.199)  Loss:  0.5966 (0.5966)  Acc@1: 84.3750 (84.3750)  Acc@5: 98.4375 (98.4375)
2025-09-14 08:51:17,586 -                train: [    INFO] - Test: [  78/78]  Time: 0.020 (0.048)  Loss:  0.9248 (0.7753)  Acc@1: 75.0000 (81.3600)  Acc@5: 93.7500 (95.9300)
2025-09-14 08:51:17,843 - timm.utils.checkpoint_saver: [    INFO] - Current checkpoints:
 ('./output/train/20250914-020203-resnet18-224/checkpoint/checkpoint-224.pth.tar', 81.42)
 ('./output/train/20250914-020203-resnet18-224/checkpoint/checkpoint-229.pth.tar', 81.36)
 ('./output/train/20250914-020203-resnet18-224/checkpoint/checkpoint-230.pth.tar', 81.36)
 ('./output/train/20250914-020203-resnet18-224/checkpoint/checkpoint-223.pth.tar', 81.31)
 ('./output/train/20250914-020203-resnet18-224/checkpoint/checkpoint-217.pth.tar', 81.26)
 ('./output/train/20250914-020203-resnet18-224/checkpoint/checkpoint-191.pth.tar', 81.25)
 ('./output/train/20250914-020203-resnet18-224/checkpoint/checkpoint-219.pth.tar', 81.24)
 ('./output/train/20250914-020203-resnet18-224/checkpoint/checkpoint-194.pth.tar', 81.2)
 ('./output/train/20250914-020203-resnet18-224/checkpoint/checkpoint-207.pth.tar', 81.2)
 ('./output/train/20250914-020203-resnet18-224/checkpoint/checkpoint-212.pth.tar', 81.2)

2025-09-14 08:51:18,397 -                train: [    INFO] - Train: 231 [   0/390 (  0%)]  Loss: 2.047 (2.05)  Loss_gt: 1.357 (1.36)  Loss_kd: 0.6899 (0.690) LR: 5.000e-04
2025-09-14 08:52:11,109 -                train: [    INFO] - Train: 231 [ 200/390 ( 51%)]  Loss: 2.435 (2.08)  Loss_gt: 1.519 (1.34)  Loss_kd: 0.9167 (0.746) LR: 5.000e-04
2025-09-14 08:53:00,322 -                train: [    INFO] - Train: 231 [ 389/390 (100%)]  Loss: 2.152 (2.08)  Loss_gt: 1.337 (1.34)  Loss_kd: 0.8154 (0.743) LR: 5.000e-04
2025-09-14 08:53:00,519 -                train: [    INFO] - Test: [   0/78]  Time: 0.187 (0.187)  Loss:  0.6086 (0.6086)  Acc@1: 82.0312 (82.0312)  Acc@5: 98.4375 (98.4375)
2025-09-14 08:53:03,984 -                train: [    INFO] - Test: [  78/78]  Time: 0.015 (0.046)  Loss:  0.8757 (0.7808)  Acc@1: 75.0000 (81.2500)  Acc@5: 93.7500 (95.9400)
2025-09-14 08:53:04,221 - timm.utils.checkpoint_saver: [    INFO] - Current checkpoints:
 ('./output/train/20250914-020203-resnet18-224/checkpoint/checkpoint-224.pth.tar', 81.42)
 ('./output/train/20250914-020203-resnet18-224/checkpoint/checkpoint-229.pth.tar', 81.36)
 ('./output/train/20250914-020203-resnet18-224/checkpoint/checkpoint-230.pth.tar', 81.36)
 ('./output/train/20250914-020203-resnet18-224/checkpoint/checkpoint-223.pth.tar', 81.31)
 ('./output/train/20250914-020203-resnet18-224/checkpoint/checkpoint-217.pth.tar', 81.26)
 ('./output/train/20250914-020203-resnet18-224/checkpoint/checkpoint-191.pth.tar', 81.25)
 ('./output/train/20250914-020203-resnet18-224/checkpoint/checkpoint-231.pth.tar', 81.25)
 ('./output/train/20250914-020203-resnet18-224/checkpoint/checkpoint-219.pth.tar', 81.24)
 ('./output/train/20250914-020203-resnet18-224/checkpoint/checkpoint-194.pth.tar', 81.2)
 ('./output/train/20250914-020203-resnet18-224/checkpoint/checkpoint-207.pth.tar', 81.2)

2025-09-14 08:53:04,721 -                train: [    INFO] - Train: 232 [   0/390 (  0%)]  Loss: 2.096 (2.10)  Loss_gt: 1.313 (1.31)  Loss_kd: 0.7832 (0.783) LR: 5.000e-04
2025-09-14 08:53:57,674 -                train: [    INFO] - Train: 232 [ 200/390 ( 51%)]  Loss: 2.223 (2.06)  Loss_gt: 1.534 (1.33)  Loss_kd: 0.6890 (0.729) LR: 5.000e-04
2025-09-14 08:54:47,745 -                train: [    INFO] - Train: 232 [ 389/390 (100%)]  Loss: 2.150 (2.07)  Loss_gt: 1.422 (1.33)  Loss_kd: 0.7284 (0.733) LR: 5.000e-04
2025-09-14 08:54:47,933 -                train: [    INFO] - Test: [   0/78]  Time: 0.179 (0.179)  Loss:  0.5920 (0.5920)  Acc@1: 84.3750 (84.3750)  Acc@5: 98.4375 (98.4375)
2025-09-14 08:54:51,392 -                train: [    INFO] - Test: [  78/78]  Time: 0.015 (0.046)  Loss:  0.9075 (0.7714)  Acc@1: 75.0000 (81.3800)  Acc@5: 93.7500 (95.9900)
2025-09-14 08:54:51,621 - timm.utils.checkpoint_saver: [    INFO] - Current checkpoints:
 ('./output/train/20250914-020203-resnet18-224/checkpoint/checkpoint-224.pth.tar', 81.42)
 ('./output/train/20250914-020203-resnet18-224/checkpoint/checkpoint-232.pth.tar', 81.38)
 ('./output/train/20250914-020203-resnet18-224/checkpoint/checkpoint-229.pth.tar', 81.36)
 ('./output/train/20250914-020203-resnet18-224/checkpoint/checkpoint-230.pth.tar', 81.36)
 ('./output/train/20250914-020203-resnet18-224/checkpoint/checkpoint-223.pth.tar', 81.31)
 ('./output/train/20250914-020203-resnet18-224/checkpoint/checkpoint-217.pth.tar', 81.26)
 ('./output/train/20250914-020203-resnet18-224/checkpoint/checkpoint-191.pth.tar', 81.25)
 ('./output/train/20250914-020203-resnet18-224/checkpoint/checkpoint-231.pth.tar', 81.25)
 ('./output/train/20250914-020203-resnet18-224/checkpoint/checkpoint-219.pth.tar', 81.24)
 ('./output/train/20250914-020203-resnet18-224/checkpoint/checkpoint-194.pth.tar', 81.2)

2025-09-14 08:54:52,215 -                train: [    INFO] - Train: 233 [   0/390 (  0%)]  Loss: 2.211 (2.21)  Loss_gt: 1.359 (1.36)  Loss_kd: 0.8515 (0.852) LR: 5.000e-04
2025-09-14 08:55:44,667 -                train: [    INFO] - Train: 233 [ 200/390 ( 51%)]  Loss: 2.004 (2.07)  Loss_gt: 1.249 (1.34)  Loss_kd: 0.7551 (0.730) LR: 5.000e-04
2025-09-14 08:56:34,827 -                train: [    INFO] - Train: 233 [ 389/390 (100%)]  Loss: 1.858 (2.07)  Loss_gt: 1.208 (1.34)  Loss_kd: 0.6495 (0.732) LR: 5.000e-04
2025-09-14 08:56:35,037 -                train: [    INFO] - Test: [   0/78]  Time: 0.198 (0.198)  Loss:  0.5935 (0.5935)  Acc@1: 82.8125 (82.8125)  Acc@5: 99.2188 (99.2188)
2025-09-14 08:56:38,665 -                train: [    INFO] - Test: [  78/78]  Time: 0.013 (0.048)  Loss:  0.8923 (0.7728)  Acc@1: 75.0000 (81.0900)  Acc@5: 93.7500 (95.8800)
2025-09-14 08:56:39,569 -                train: [    INFO] - Train: 234 [   0/390 (  0%)]  Loss: 2.220 (2.22)  Loss_gt: 1.394 (1.39)  Loss_kd: 0.8259 (0.826) LR: 5.000e-04
2025-09-14 08:57:31,770 -                train: [    INFO] - Train: 234 [ 200/390 ( 51%)]  Loss: 2.357 (2.08)  Loss_gt: 1.433 (1.34)  Loss_kd: 0.9238 (0.745) LR: 5.000e-04
2025-09-14 08:58:21,431 -                train: [    INFO] - Train: 234 [ 389/390 (100%)]  Loss: 2.148 (2.07)  Loss_gt: 1.422 (1.33)  Loss_kd: 0.7259 (0.741) LR: 5.000e-04
2025-09-14 08:58:21,652 -                train: [    INFO] - Test: [   0/78]  Time: 0.210 (0.210)  Loss:  0.5996 (0.5996)  Acc@1: 83.5938 (83.5938)  Acc@5: 98.4375 (98.4375)
2025-09-14 08:58:25,366 -                train: [    INFO] - Test: [  78/78]  Time: 0.019 (0.050)  Loss:  0.8780 (0.7831)  Acc@1: 75.0000 (81.2400)  Acc@5: 93.7500 (95.8500)
2025-09-14 08:58:25,606 - timm.utils.checkpoint_saver: [    INFO] - Current checkpoints:
 ('./output/train/20250914-020203-resnet18-224/checkpoint/checkpoint-224.pth.tar', 81.42)
 ('./output/train/20250914-020203-resnet18-224/checkpoint/checkpoint-232.pth.tar', 81.38)
 ('./output/train/20250914-020203-resnet18-224/checkpoint/checkpoint-229.pth.tar', 81.36)
 ('./output/train/20250914-020203-resnet18-224/checkpoint/checkpoint-230.pth.tar', 81.36)
 ('./output/train/20250914-020203-resnet18-224/checkpoint/checkpoint-223.pth.tar', 81.31)
 ('./output/train/20250914-020203-resnet18-224/checkpoint/checkpoint-217.pth.tar', 81.26)
 ('./output/train/20250914-020203-resnet18-224/checkpoint/checkpoint-191.pth.tar', 81.25)
 ('./output/train/20250914-020203-resnet18-224/checkpoint/checkpoint-231.pth.tar', 81.25)
 ('./output/train/20250914-020203-resnet18-224/checkpoint/checkpoint-219.pth.tar', 81.24)
 ('./output/train/20250914-020203-resnet18-224/checkpoint/checkpoint-234.pth.tar', 81.24)

2025-09-14 08:58:26,169 -                train: [    INFO] - Train: 235 [   0/390 (  0%)]  Loss: 2.129 (2.13)  Loss_gt: 1.485 (1.48)  Loss_kd: 0.6442 (0.644) LR: 5.000e-04
2025-09-14 08:59:19,334 -                train: [    INFO] - Train: 235 [ 200/390 ( 51%)]  Loss: 2.016 (2.07)  Loss_gt: 1.251 (1.33)  Loss_kd: 0.7644 (0.735) LR: 5.000e-04
2025-09-14 09:00:09,111 -                train: [    INFO] - Train: 235 [ 389/390 (100%)]  Loss: 2.104 (2.07)  Loss_gt: 1.372 (1.33)  Loss_kd: 0.7326 (0.735) LR: 5.000e-04
2025-09-14 09:00:09,329 -                train: [    INFO] - Test: [   0/78]  Time: 0.206 (0.206)  Loss:  0.5855 (0.5855)  Acc@1: 84.3750 (84.3750)  Acc@5: 98.4375 (98.4375)
2025-09-14 09:00:12,874 -                train: [    INFO] - Test: [  78/78]  Time: 0.017 (0.047)  Loss:  0.9210 (0.7754)  Acc@1: 75.0000 (81.3300)  Acc@5: 93.7500 (95.8300)
2025-09-14 09:00:13,163 - timm.utils.checkpoint_saver: [    INFO] - Current checkpoints:
 ('./output/train/20250914-020203-resnet18-224/checkpoint/checkpoint-224.pth.tar', 81.42)
 ('./output/train/20250914-020203-resnet18-224/checkpoint/checkpoint-232.pth.tar', 81.38)
 ('./output/train/20250914-020203-resnet18-224/checkpoint/checkpoint-229.pth.tar', 81.36)
 ('./output/train/20250914-020203-resnet18-224/checkpoint/checkpoint-230.pth.tar', 81.36)
 ('./output/train/20250914-020203-resnet18-224/checkpoint/checkpoint-235.pth.tar', 81.33)
 ('./output/train/20250914-020203-resnet18-224/checkpoint/checkpoint-223.pth.tar', 81.31)
 ('./output/train/20250914-020203-resnet18-224/checkpoint/checkpoint-217.pth.tar', 81.26)
 ('./output/train/20250914-020203-resnet18-224/checkpoint/checkpoint-191.pth.tar', 81.25)
 ('./output/train/20250914-020203-resnet18-224/checkpoint/checkpoint-231.pth.tar', 81.25)
 ('./output/train/20250914-020203-resnet18-224/checkpoint/checkpoint-219.pth.tar', 81.24)

2025-09-14 09:00:13,743 -                train: [    INFO] - Train: 236 [   0/390 (  0%)]  Loss: 1.852 (1.85)  Loss_gt: 1.250 (1.25)  Loss_kd: 0.6019 (0.602) LR: 5.000e-04
2025-09-14 09:01:06,589 -                train: [    INFO] - Train: 236 [ 200/390 ( 51%)]  Loss: 2.171 (2.06)  Loss_gt: 1.399 (1.33)  Loss_kd: 0.7723 (0.730) LR: 5.000e-04
2025-09-14 09:01:56,448 -                train: [    INFO] - Train: 236 [ 389/390 (100%)]  Loss: 2.120 (2.07)  Loss_gt: 1.368 (1.34)  Loss_kd: 0.7528 (0.732) LR: 5.000e-04
2025-09-14 09:01:56,663 -                train: [    INFO] - Test: [   0/78]  Time: 0.205 (0.205)  Loss:  0.5928 (0.5928)  Acc@1: 82.8125 (82.8125)  Acc@5: 98.4375 (98.4375)
2025-09-14 09:02:00,071 -                train: [    INFO] - Test: [  78/78]  Time: 0.017 (0.046)  Loss:  0.9057 (0.7780)  Acc@1: 75.0000 (81.2700)  Acc@5: 93.7500 (95.9300)
2025-09-14 09:02:00,323 - timm.utils.checkpoint_saver: [    INFO] - Current checkpoints:
 ('./output/train/20250914-020203-resnet18-224/checkpoint/checkpoint-224.pth.tar', 81.42)
 ('./output/train/20250914-020203-resnet18-224/checkpoint/checkpoint-232.pth.tar', 81.38)
 ('./output/train/20250914-020203-resnet18-224/checkpoint/checkpoint-229.pth.tar', 81.36)
 ('./output/train/20250914-020203-resnet18-224/checkpoint/checkpoint-230.pth.tar', 81.36)
 ('./output/train/20250914-020203-resnet18-224/checkpoint/checkpoint-235.pth.tar', 81.33)
 ('./output/train/20250914-020203-resnet18-224/checkpoint/checkpoint-223.pth.tar', 81.31)
 ('./output/train/20250914-020203-resnet18-224/checkpoint/checkpoint-236.pth.tar', 81.27)
 ('./output/train/20250914-020203-resnet18-224/checkpoint/checkpoint-217.pth.tar', 81.26)
 ('./output/train/20250914-020203-resnet18-224/checkpoint/checkpoint-191.pth.tar', 81.25)
 ('./output/train/20250914-020203-resnet18-224/checkpoint/checkpoint-231.pth.tar', 81.25)

2025-09-14 09:02:00,815 -                train: [    INFO] - Train: 237 [   0/390 (  0%)]  Loss: 2.226 (2.23)  Loss_gt: 1.431 (1.43)  Loss_kd: 0.7942 (0.794) LR: 5.000e-04
2025-09-14 09:02:53,112 -                train: [    INFO] - Train: 237 [ 200/390 ( 51%)]  Loss: 2.200 (2.07)  Loss_gt: 1.363 (1.33)  Loss_kd: 0.8365 (0.739) LR: 5.000e-04
2025-09-14 09:03:42,938 -                train: [    INFO] - Train: 237 [ 389/390 (100%)]  Loss: 2.062 (2.07)  Loss_gt: 1.291 (1.33)  Loss_kd: 0.7706 (0.736) LR: 5.000e-04
2025-09-14 09:03:43,161 -                train: [    INFO] - Test: [   0/78]  Time: 0.212 (0.212)  Loss:  0.5989 (0.5989)  Acc@1: 83.5938 (83.5938)  Acc@5: 97.6562 (97.6562)
2025-09-14 09:03:46,669 -                train: [    INFO] - Test: [  78/78]  Time: 0.015 (0.047)  Loss:  0.8499 (0.7842)  Acc@1: 75.0000 (81.1300)  Acc@5: 100.0000 (95.7500)
2025-09-14 09:03:47,432 -                train: [    INFO] - Train: 238 [   0/390 (  0%)]  Loss: 1.969 (1.97)  Loss_gt: 1.289 (1.29)  Loss_kd: 0.6800 (0.680) LR: 5.000e-04
2025-09-14 09:04:39,698 -                train: [    INFO] - Train: 238 [ 200/390 ( 51%)]  Loss: 1.821 (2.07)  Loss_gt: 1.244 (1.33)  Loss_kd: 0.5772 (0.744) LR: 5.000e-04
2025-09-14 09:05:29,931 -                train: [    INFO] - Train: 238 [ 389/390 (100%)]  Loss: 1.944 (2.07)  Loss_gt: 1.261 (1.33)  Loss_kd: 0.6835 (0.738) LR: 5.000e-04
2025-09-14 09:05:30,135 -                train: [    INFO] - Test: [   0/78]  Time: 0.194 (0.194)  Loss:  0.5945 (0.5945)  Acc@1: 84.3750 (84.3750)  Acc@5: 98.4375 (98.4375)
2025-09-14 09:05:33,715 -                train: [    INFO] - Test: [  78/78]  Time: 0.018 (0.048)  Loss:  0.9241 (0.7817)  Acc@1: 75.0000 (81.2500)  Acc@5: 93.7500 (95.9300)
2025-09-14 09:05:34,457 -                train: [    INFO] - Train: 239 [   0/390 (  0%)]  Loss: 2.367 (2.37)  Loss_gt: 1.473 (1.47)  Loss_kd: 0.8941 (0.894) LR: 5.000e-05
2025-09-14 09:06:27,592 -                train: [    INFO] - Train: 239 [ 200/390 ( 51%)]  Loss: 2.098 (2.07)  Loss_gt: 1.397 (1.33)  Loss_kd: 0.7009 (0.732) LR: 5.000e-05
2025-09-14 09:07:17,369 -                train: [    INFO] - Train: 239 [ 389/390 (100%)]  Loss: 2.304 (2.05)  Loss_gt: 1.428 (1.32)  Loss_kd: 0.8764 (0.730) LR: 5.000e-05
2025-09-14 09:07:17,570 -                train: [    INFO] - Test: [   0/78]  Time: 0.192 (0.192)  Loss:  0.6006 (0.6006)  Acc@1: 83.5938 (83.5938)  Acc@5: 98.4375 (98.4375)
2025-09-14 09:07:21,023 -                train: [    INFO] - Test: [  78/78]  Time: 0.014 (0.046)  Loss:  0.8589 (0.7794)  Acc@1: 75.0000 (81.2200)  Acc@5: 100.0000 (95.9100)
2025-09-14 09:07:21,900 -                train: [    INFO] - Train: 240 [   0/390 (  0%)]  Loss: 2.047 (2.05)  Loss_gt: 1.308 (1.31)  Loss_kd: 0.7394 (0.739) LR: 5.000e-05
2025-09-14 09:08:14,248 -                train: [    INFO] - Train: 240 [ 200/390 ( 51%)]  Loss: 1.954 (2.06)  Loss_gt: 1.292 (1.33)  Loss_kd: 0.6617 (0.734) LR: 5.000e-05
2025-09-14 09:09:04,361 -                train: [    INFO] - Train: 240 [ 389/390 (100%)]  Loss: 2.127 (2.06)  Loss_gt: 1.378 (1.32)  Loss_kd: 0.7492 (0.731) LR: 5.000e-05
2025-09-14 09:09:04,570 -                train: [    INFO] - Test: [   0/78]  Time: 0.198 (0.198)  Loss:  0.5964 (0.5964)  Acc@1: 83.5938 (83.5938)  Acc@5: 98.4375 (98.4375)
2025-09-14 09:09:08,191 -                train: [    INFO] - Test: [  78/78]  Time: 0.015 (0.048)  Loss:  0.8757 (0.7776)  Acc@1: 75.0000 (81.2600)  Acc@5: 100.0000 (95.8600)
2025-09-14 09:09:08,421 - timm.utils.checkpoint_saver: [    INFO] - Current checkpoints:
 ('./output/train/20250914-020203-resnet18-224/checkpoint/checkpoint-224.pth.tar', 81.42)
 ('./output/train/20250914-020203-resnet18-224/checkpoint/checkpoint-232.pth.tar', 81.38)
 ('./output/train/20250914-020203-resnet18-224/checkpoint/checkpoint-229.pth.tar', 81.36)
 ('./output/train/20250914-020203-resnet18-224/checkpoint/checkpoint-230.pth.tar', 81.36)
 ('./output/train/20250914-020203-resnet18-224/checkpoint/checkpoint-235.pth.tar', 81.33)
 ('./output/train/20250914-020203-resnet18-224/checkpoint/checkpoint-223.pth.tar', 81.31)
 ('./output/train/20250914-020203-resnet18-224/checkpoint/checkpoint-236.pth.tar', 81.27)
 ('./output/train/20250914-020203-resnet18-224/checkpoint/checkpoint-217.pth.tar', 81.26)
 ('./output/train/20250914-020203-resnet18-224/checkpoint/checkpoint-240.pth.tar', 81.26)
 ('./output/train/20250914-020203-resnet18-224/checkpoint/checkpoint-191.pth.tar', 81.25)

2025-09-14 09:09:08,979 -                train: [    INFO] - Train: 241 [   0/390 (  0%)]  Loss: 2.313 (2.31)  Loss_gt: 1.474 (1.47)  Loss_kd: 0.8387 (0.839) LR: 5.000e-05
2025-09-14 09:10:01,576 -                train: [    INFO] - Train: 241 [ 200/390 ( 51%)]  Loss: 2.125 (2.06)  Loss_gt: 1.364 (1.32)  Loss_kd: 0.7617 (0.731) LR: 5.000e-05
2025-09-14 09:10:51,272 -                train: [    INFO] - Train: 241 [ 389/390 (100%)]  Loss: 2.045 (2.06)  Loss_gt: 1.280 (1.33)  Loss_kd: 0.7653 (0.733) LR: 5.000e-05
2025-09-14 09:10:51,464 -                train: [    INFO] - Test: [   0/78]  Time: 0.182 (0.182)  Loss:  0.5957 (0.5957)  Acc@1: 81.2500 (81.2500)  Acc@5: 98.4375 (98.4375)
2025-09-14 09:10:54,962 -                train: [    INFO] - Test: [  78/78]  Time: 0.012 (0.047)  Loss:  0.8855 (0.7772)  Acc@1: 75.0000 (81.2400)  Acc@5: 93.7500 (95.8800)
2025-09-14 09:10:55,787 -                train: [    INFO] - Train: 242 [   0/390 (  0%)]  Loss: 2.027 (2.03)  Loss_gt: 1.308 (1.31)  Loss_kd: 0.7190 (0.719) LR: 5.000e-05
2025-09-14 09:11:48,314 -                train: [    INFO] - Train: 242 [ 200/390 ( 51%)]  Loss: 2.037 (2.06)  Loss_gt: 1.321 (1.33)  Loss_kd: 0.7155 (0.732) LR: 5.000e-05
2025-09-14 09:12:38,224 -                train: [    INFO] - Train: 242 [ 389/390 (100%)]  Loss: 2.202 (2.07)  Loss_gt: 1.369 (1.33)  Loss_kd: 0.8334 (0.737) LR: 5.000e-05
2025-09-14 09:12:38,433 -                train: [    INFO] - Test: [   0/78]  Time: 0.198 (0.198)  Loss:  0.5900 (0.5900)  Acc@1: 84.3750 (84.3750)  Acc@5: 98.4375 (98.4375)
2025-09-14 09:12:41,903 -                train: [    INFO] - Test: [  78/78]  Time: 0.014 (0.046)  Loss:  0.8681 (0.7718)  Acc@1: 75.0000 (81.1500)  Acc@5: 93.7500 (95.9200)
2025-09-14 09:12:42,685 -                train: [    INFO] - Train: 243 [   0/390 (  0%)]  Loss: 2.393 (2.39)  Loss_gt: 1.509 (1.51)  Loss_kd: 0.8838 (0.884) LR: 5.000e-05
2025-09-14 09:13:34,977 -                train: [    INFO] - Train: 243 [ 200/390 ( 51%)]  Loss: 2.116 (2.06)  Loss_gt: 1.431 (1.33)  Loss_kd: 0.6843 (0.728) LR: 5.000e-05
2025-09-14 09:14:24,535 -                train: [    INFO] - Train: 243 [ 389/390 (100%)]  Loss: 1.877 (2.06)  Loss_gt: 1.234 (1.32)  Loss_kd: 0.6429 (0.732) LR: 5.000e-05
2025-09-14 09:14:24,747 -                train: [    INFO] - Test: [   0/78]  Time: 0.202 (0.202)  Loss:  0.5887 (0.5887)  Acc@1: 84.3750 (84.3750)  Acc@5: 99.2188 (99.2188)
2025-09-14 09:14:28,446 -                train: [    INFO] - Test: [  78/78]  Time: 0.015 (0.049)  Loss:  0.8853 (0.7728)  Acc@1: 75.0000 (81.2800)  Acc@5: 93.7500 (95.9200)
2025-09-14 09:14:28,873 - timm.utils.checkpoint_saver: [    INFO] - Current checkpoints:
 ('./output/train/20250914-020203-resnet18-224/checkpoint/checkpoint-224.pth.tar', 81.42)
 ('./output/train/20250914-020203-resnet18-224/checkpoint/checkpoint-232.pth.tar', 81.38)
 ('./output/train/20250914-020203-resnet18-224/checkpoint/checkpoint-229.pth.tar', 81.36)
 ('./output/train/20250914-020203-resnet18-224/checkpoint/checkpoint-230.pth.tar', 81.36)
 ('./output/train/20250914-020203-resnet18-224/checkpoint/checkpoint-235.pth.tar', 81.33)
 ('./output/train/20250914-020203-resnet18-224/checkpoint/checkpoint-223.pth.tar', 81.31)
 ('./output/train/20250914-020203-resnet18-224/checkpoint/checkpoint-243.pth.tar', 81.28)
 ('./output/train/20250914-020203-resnet18-224/checkpoint/checkpoint-236.pth.tar', 81.27)
 ('./output/train/20250914-020203-resnet18-224/checkpoint/checkpoint-217.pth.tar', 81.26)
 ('./output/train/20250914-020203-resnet18-224/checkpoint/checkpoint-240.pth.tar', 81.26)

2025-09-14 09:14:29,407 -                train: [    INFO] - Train: 244 [   0/390 (  0%)]  Loss: 2.026 (2.03)  Loss_gt: 1.255 (1.26)  Loss_kd: 0.7705 (0.770) LR: 5.000e-05
2025-09-14 09:15:22,308 -                train: [    INFO] - Train: 244 [ 200/390 ( 51%)]  Loss: 2.007 (2.04)  Loss_gt: 1.288 (1.32)  Loss_kd: 0.7187 (0.721) LR: 5.000e-05
2025-09-14 09:16:12,074 -                train: [    INFO] - Train: 244 [ 389/390 (100%)]  Loss: 1.934 (2.05)  Loss_gt: 1.229 (1.33)  Loss_kd: 0.7046 (0.727) LR: 5.000e-05
2025-09-14 09:16:12,276 -                train: [    INFO] - Test: [   0/78]  Time: 0.190 (0.190)  Loss:  0.5958 (0.5958)  Acc@1: 83.5938 (83.5938)  Acc@5: 98.4375 (98.4375)
2025-09-14 09:16:15,742 -                train: [    INFO] - Test: [  78/78]  Time: 0.017 (0.046)  Loss:  0.8851 (0.7782)  Acc@1: 75.0000 (81.1300)  Acc@5: 100.0000 (95.9300)
2025-09-14 09:16:16,463 -                train: [    INFO] - Train: 245 [   0/390 (  0%)]  Loss: 2.218 (2.22)  Loss_gt: 1.449 (1.45)  Loss_kd: 0.7696 (0.770) LR: 5.000e-05
2025-09-14 09:17:08,986 -                train: [    INFO] - Train: 245 [ 200/390 ( 51%)]  Loss: 1.979 (2.05)  Loss_gt: 1.334 (1.32)  Loss_kd: 0.6459 (0.732) LR: 5.000e-05
2025-09-14 09:17:58,877 -                train: [    INFO] - Train: 245 [ 389/390 (100%)]  Loss: 1.925 (2.06)  Loss_gt: 1.271 (1.32)  Loss_kd: 0.6544 (0.734) LR: 5.000e-05
2025-09-14 09:17:59,084 -                train: [    INFO] - Test: [   0/78]  Time: 0.195 (0.195)  Loss:  0.5873 (0.5873)  Acc@1: 84.3750 (84.3750)  Acc@5: 98.4375 (98.4375)
2025-09-14 09:18:02,669 -                train: [    INFO] - Test: [  78/78]  Time: 0.017 (0.048)  Loss:  0.8929 (0.7714)  Acc@1: 75.0000 (81.2600)  Acc@5: 93.7500 (95.9900)
2025-09-14 09:18:03,539 -                train: [    INFO] - Train: 246 [   0/390 (  0%)]  Loss: 2.065 (2.07)  Loss_gt: 1.364 (1.36)  Loss_kd: 0.7013 (0.701) LR: 5.000e-05
2025-09-14 09:18:55,952 -                train: [    INFO] - Train: 246 [ 200/390 ( 51%)]  Loss: 2.000 (2.04)  Loss_gt: 1.273 (1.32)  Loss_kd: 0.7267 (0.721) LR: 5.000e-05
2025-09-14 09:19:45,918 -                train: [    INFO] - Train: 246 [ 389/390 (100%)]  Loss: 2.346 (2.06)  Loss_gt: 1.423 (1.33)  Loss_kd: 0.9227 (0.733) LR: 5.000e-05
2025-09-14 09:19:46,127 -                train: [    INFO] - Test: [   0/78]  Time: 0.199 (0.199)  Loss:  0.5879 (0.5879)  Acc@1: 83.5938 (83.5938)  Acc@5: 98.4375 (98.4375)
2025-09-14 09:19:49,701 -                train: [    INFO] - Test: [  78/78]  Time: 0.014 (0.048)  Loss:  0.9119 (0.7753)  Acc@1: 75.0000 (81.2400)  Acc@5: 93.7500 (95.9200)
2025-09-14 09:19:50,483 -                train: [    INFO] - Train: 247 [   0/390 (  0%)]  Loss: 1.967 (1.97)  Loss_gt: 1.282 (1.28)  Loss_kd: 0.6846 (0.685) LR: 5.000e-05
2025-09-14 09:20:43,232 -                train: [    INFO] - Train: 247 [ 200/390 ( 51%)]  Loss: 2.133 (2.05)  Loss_gt: 1.350 (1.33)  Loss_kd: 0.7831 (0.727) LR: 5.000e-05
2025-09-14 09:21:33,094 -                train: [    INFO] - Train: 247 [ 389/390 (100%)]  Loss: 2.293 (2.05)  Loss_gt: 1.343 (1.32)  Loss_kd: 0.9494 (0.725) LR: 5.000e-05
2025-09-14 09:21:33,334 -                train: [    INFO] - Test: [   0/78]  Time: 0.228 (0.228)  Loss:  0.5871 (0.5871)  Acc@1: 82.8125 (82.8125)  Acc@5: 98.4375 (98.4375)
2025-09-14 09:21:37,017 -                train: [    INFO] - Test: [  78/78]  Time: 0.013 (0.050)  Loss:  0.8823 (0.7753)  Acc@1: 75.0000 (81.2700)  Acc@5: 93.7500 (95.9800)
2025-09-14 09:21:37,268 - timm.utils.checkpoint_saver: [    INFO] - Current checkpoints:
 ('./output/train/20250914-020203-resnet18-224/checkpoint/checkpoint-224.pth.tar', 81.42)
 ('./output/train/20250914-020203-resnet18-224/checkpoint/checkpoint-232.pth.tar', 81.38)
 ('./output/train/20250914-020203-resnet18-224/checkpoint/checkpoint-229.pth.tar', 81.36)
 ('./output/train/20250914-020203-resnet18-224/checkpoint/checkpoint-230.pth.tar', 81.36)
 ('./output/train/20250914-020203-resnet18-224/checkpoint/checkpoint-235.pth.tar', 81.33)
 ('./output/train/20250914-020203-resnet18-224/checkpoint/checkpoint-223.pth.tar', 81.31)
 ('./output/train/20250914-020203-resnet18-224/checkpoint/checkpoint-243.pth.tar', 81.28)
 ('./output/train/20250914-020203-resnet18-224/checkpoint/checkpoint-236.pth.tar', 81.27)
 ('./output/train/20250914-020203-resnet18-224/checkpoint/checkpoint-247.pth.tar', 81.27)
 ('./output/train/20250914-020203-resnet18-224/checkpoint/checkpoint-217.pth.tar', 81.26)

2025-09-14 09:21:37,932 -                train: [    INFO] - Train: 248 [   0/390 (  0%)]  Loss: 2.010 (2.01)  Loss_gt: 1.335 (1.33)  Loss_kd: 0.6754 (0.675) LR: 5.000e-05
2025-09-14 09:22:30,682 -                train: [    INFO] - Train: 248 [ 200/390 ( 51%)]  Loss: 2.224 (2.06)  Loss_gt: 1.410 (1.33)  Loss_kd: 0.8139 (0.735) LR: 5.000e-05
2025-09-14 09:23:21,042 -                train: [    INFO] - Train: 248 [ 389/390 (100%)]  Loss: 2.140 (2.06)  Loss_gt: 1.343 (1.32)  Loss_kd: 0.7971 (0.737) LR: 5.000e-05
2025-09-14 09:23:21,251 -                train: [    INFO] - Test: [   0/78]  Time: 0.199 (0.199)  Loss:  0.5887 (0.5887)  Acc@1: 85.1562 (85.1562)  Acc@5: 98.4375 (98.4375)
2025-09-14 09:23:24,677 -                train: [    INFO] - Test: [  78/78]  Time: 0.016 (0.046)  Loss:  0.8833 (0.7773)  Acc@1: 75.0000 (81.2800)  Acc@5: 93.7500 (95.8500)
2025-09-14 09:23:24,867 - timm.utils.checkpoint_saver: [    INFO] - Current checkpoints:
 ('./output/train/20250914-020203-resnet18-224/checkpoint/checkpoint-224.pth.tar', 81.42)
 ('./output/train/20250914-020203-resnet18-224/checkpoint/checkpoint-232.pth.tar', 81.38)
 ('./output/train/20250914-020203-resnet18-224/checkpoint/checkpoint-229.pth.tar', 81.36)
 ('./output/train/20250914-020203-resnet18-224/checkpoint/checkpoint-230.pth.tar', 81.36)
 ('./output/train/20250914-020203-resnet18-224/checkpoint/checkpoint-235.pth.tar', 81.33)
 ('./output/train/20250914-020203-resnet18-224/checkpoint/checkpoint-223.pth.tar', 81.31)
 ('./output/train/20250914-020203-resnet18-224/checkpoint/checkpoint-243.pth.tar', 81.28)
 ('./output/train/20250914-020203-resnet18-224/checkpoint/checkpoint-248.pth.tar', 81.28)
 ('./output/train/20250914-020203-resnet18-224/checkpoint/checkpoint-236.pth.tar', 81.27)
 ('./output/train/20250914-020203-resnet18-224/checkpoint/checkpoint-247.pth.tar', 81.27)

2025-09-14 09:23:25,478 -                train: [    INFO] - Train: 249 [   0/390 (  0%)]  Loss: 2.136 (2.14)  Loss_gt: 1.419 (1.42)  Loss_kd: 0.7166 (0.717) LR: 5.000e-05
2025-09-14 09:24:18,273 -                train: [    INFO] - Train: 249 [ 200/390 ( 51%)]  Loss: 2.051 (2.04)  Loss_gt: 1.236 (1.32)  Loss_kd: 0.8152 (0.722) LR: 5.000e-05
2025-09-14 09:25:07,771 -                train: [    INFO] - Train: 249 [ 389/390 (100%)]  Loss: 1.918 (2.05)  Loss_gt: 1.232 (1.32)  Loss_kd: 0.6860 (0.728) LR: 5.000e-05
2025-09-14 09:25:07,985 -                train: [    INFO] - Test: [   0/78]  Time: 0.204 (0.204)  Loss:  0.5851 (0.5851)  Acc@1: 84.3750 (84.3750)  Acc@5: 98.4375 (98.4375)
2025-09-14 09:25:11,517 -                train: [    INFO] - Test: [  78/78]  Time: 0.015 (0.047)  Loss:  0.8836 (0.7804)  Acc@1: 75.0000 (81.4000)  Acc@5: 93.7500 (95.8900)
2025-09-14 09:25:11,755 - timm.utils.checkpoint_saver: [    INFO] - Current checkpoints:
 ('./output/train/20250914-020203-resnet18-224/checkpoint/checkpoint-224.pth.tar', 81.42)
 ('./output/train/20250914-020203-resnet18-224/checkpoint/checkpoint-249.pth.tar', 81.4)
 ('./output/train/20250914-020203-resnet18-224/checkpoint/checkpoint-232.pth.tar', 81.38)
 ('./output/train/20250914-020203-resnet18-224/checkpoint/checkpoint-229.pth.tar', 81.36)
 ('./output/train/20250914-020203-resnet18-224/checkpoint/checkpoint-230.pth.tar', 81.36)
 ('./output/train/20250914-020203-resnet18-224/checkpoint/checkpoint-235.pth.tar', 81.33)
 ('./output/train/20250914-020203-resnet18-224/checkpoint/checkpoint-223.pth.tar', 81.31)
 ('./output/train/20250914-020203-resnet18-224/checkpoint/checkpoint-243.pth.tar', 81.28)
 ('./output/train/20250914-020203-resnet18-224/checkpoint/checkpoint-248.pth.tar', 81.28)
 ('./output/train/20250914-020203-resnet18-224/checkpoint/checkpoint-236.pth.tar', 81.27)

2025-09-14 09:25:12,329 -                train: [    INFO] - Train: 250 [   0/390 (  0%)]  Loss: 1.907 (1.91)  Loss_gt: 1.205 (1.20)  Loss_kd: 0.7023 (0.702) LR: 5.000e-05
2025-09-14 09:26:04,753 -                train: [    INFO] - Train: 250 [ 200/390 ( 51%)]  Loss: 1.883 (2.06)  Loss_gt: 1.245 (1.33)  Loss_kd: 0.6386 (0.728) LR: 5.000e-05
2025-09-14 09:26:55,065 -                train: [    INFO] - Train: 250 [ 389/390 (100%)]  Loss: 1.846 (2.06)  Loss_gt: 1.244 (1.33)  Loss_kd: 0.6019 (0.731) LR: 5.000e-05
2025-09-14 09:26:55,268 -                train: [    INFO] - Test: [   0/78]  Time: 0.192 (0.192)  Loss:  0.5870 (0.5870)  Acc@1: 85.1562 (85.1562)  Acc@5: 98.4375 (98.4375)
2025-09-14 09:26:58,723 -                train: [    INFO] - Test: [  78/78]  Time: 0.014 (0.046)  Loss:  0.8918 (0.7753)  Acc@1: 75.0000 (81.1800)  Acc@5: 93.7500 (96.0000)
2025-09-14 09:26:59,427 -                train: [    INFO] - Train: 251 [   0/390 (  0%)]  Loss: 1.816 (1.82)  Loss_gt: 1.187 (1.19)  Loss_kd: 0.6291 (0.629) LR: 5.000e-05
2025-09-14 09:27:51,710 -                train: [    INFO] - Train: 251 [ 200/390 ( 51%)]  Loss: 2.216 (2.06)  Loss_gt: 1.319 (1.33)  Loss_kd: 0.8973 (0.728) LR: 5.000e-05
2025-09-14 09:28:40,936 -                train: [    INFO] - Train: 251 [ 389/390 (100%)]  Loss: 2.087 (2.06)  Loss_gt: 1.331 (1.33)  Loss_kd: 0.7563 (0.730) LR: 5.000e-05
2025-09-14 09:28:41,147 -                train: [    INFO] - Test: [   0/78]  Time: 0.199 (0.199)  Loss:  0.5920 (0.5920)  Acc@1: 82.8125 (82.8125)  Acc@5: 98.4375 (98.4375)
2025-09-14 09:28:44,576 -                train: [    INFO] - Test: [  78/78]  Time: 0.013 (0.046)  Loss:  0.9057 (0.7799)  Acc@1: 75.0000 (81.2400)  Acc@5: 93.7500 (95.9000)
2025-09-14 09:28:45,342 -                train: [    INFO] - Train: 252 [   0/390 (  0%)]  Loss: 2.081 (2.08)  Loss_gt: 1.357 (1.36)  Loss_kd: 0.7238 (0.724) LR: 5.000e-05
2025-09-14 09:29:37,827 -                train: [    INFO] - Train: 252 [ 200/390 ( 51%)]  Loss: 2.059 (2.05)  Loss_gt: 1.383 (1.32)  Loss_kd: 0.6759 (0.733) LR: 5.000e-05
2025-09-14 09:30:27,702 -                train: [    INFO] - Train: 252 [ 389/390 (100%)]  Loss: 1.938 (2.06)  Loss_gt: 1.266 (1.33)  Loss_kd: 0.6724 (0.730) LR: 5.000e-05
2025-09-14 09:30:27,905 -                train: [    INFO] - Test: [   0/78]  Time: 0.193 (0.193)  Loss:  0.5869 (0.5869)  Acc@1: 85.9375 (85.9375)  Acc@5: 98.4375 (98.4375)
2025-09-14 09:30:31,480 -                train: [    INFO] - Test: [  78/78]  Time: 0.017 (0.048)  Loss:  0.9089 (0.7723)  Acc@1: 75.0000 (81.1900)  Acc@5: 93.7500 (95.8600)
2025-09-14 09:30:32,405 -                train: [    INFO] - Train: 253 [   0/390 (  0%)]  Loss: 2.361 (2.36)  Loss_gt: 1.430 (1.43)  Loss_kd: 0.9309 (0.931) LR: 5.000e-05
2025-09-14 09:31:24,682 -                train: [    INFO] - Train: 253 [ 200/390 ( 51%)]  Loss: 1.952 (2.06)  Loss_gt: 1.344 (1.32)  Loss_kd: 0.6083 (0.736) LR: 5.000e-05
2025-09-14 09:32:14,546 -                train: [    INFO] - Train: 253 [ 389/390 (100%)]  Loss: 1.914 (2.06)  Loss_gt: 1.295 (1.32)  Loss_kd: 0.6190 (0.734) LR: 5.000e-05
2025-09-14 09:32:14,763 -                train: [    INFO] - Test: [   0/78]  Time: 0.206 (0.206)  Loss:  0.5916 (0.5916)  Acc@1: 82.8125 (82.8125)  Acc@5: 99.2188 (99.2188)
2025-09-14 09:32:18,367 -                train: [    INFO] - Test: [  78/78]  Time: 0.015 (0.048)  Loss:  0.8959 (0.7765)  Acc@1: 75.0000 (81.2700)  Acc@5: 93.7500 (95.9600)
2025-09-14 09:32:19,177 -                train: [    INFO] - Train: 254 [   0/390 (  0%)]  Loss: 1.861 (1.86)  Loss_gt: 1.333 (1.33)  Loss_kd: 0.5285 (0.528) LR: 5.000e-05
2025-09-14 09:33:11,324 -                train: [    INFO] - Train: 254 [ 200/390 ( 51%)]  Loss: 1.856 (2.07)  Loss_gt: 1.214 (1.32)  Loss_kd: 0.6420 (0.742) LR: 5.000e-05
2025-09-14 09:34:01,018 -                train: [    INFO] - Train: 254 [ 389/390 (100%)]  Loss: 1.989 (2.06)  Loss_gt: 1.229 (1.32)  Loss_kd: 0.7597 (0.734) LR: 5.000e-05
2025-09-14 09:34:01,219 -                train: [    INFO] - Test: [   0/78]  Time: 0.192 (0.192)  Loss:  0.5881 (0.5881)  Acc@1: 83.5938 (83.5938)  Acc@5: 99.2188 (99.2188)
2025-09-14 09:34:04,635 -                train: [    INFO] - Test: [  78/78]  Time: 0.013 (0.046)  Loss:  0.9073 (0.7733)  Acc@1: 75.0000 (81.3000)  Acc@5: 93.7500 (95.9500)
2025-09-14 09:34:04,880 - timm.utils.checkpoint_saver: [    INFO] - Current checkpoints:
 ('./output/train/20250914-020203-resnet18-224/checkpoint/checkpoint-224.pth.tar', 81.42)
 ('./output/train/20250914-020203-resnet18-224/checkpoint/checkpoint-249.pth.tar', 81.4)
 ('./output/train/20250914-020203-resnet18-224/checkpoint/checkpoint-232.pth.tar', 81.38)
 ('./output/train/20250914-020203-resnet18-224/checkpoint/checkpoint-229.pth.tar', 81.36)
 ('./output/train/20250914-020203-resnet18-224/checkpoint/checkpoint-230.pth.tar', 81.36)
 ('./output/train/20250914-020203-resnet18-224/checkpoint/checkpoint-235.pth.tar', 81.33)
 ('./output/train/20250914-020203-resnet18-224/checkpoint/checkpoint-223.pth.tar', 81.31)
 ('./output/train/20250914-020203-resnet18-224/checkpoint/checkpoint-254.pth.tar', 81.3)
 ('./output/train/20250914-020203-resnet18-224/checkpoint/checkpoint-243.pth.tar', 81.28)
 ('./output/train/20250914-020203-resnet18-224/checkpoint/checkpoint-248.pth.tar', 81.28)

2025-09-14 09:34:05,431 -                train: [    INFO] - Train: 255 [   0/390 (  0%)]  Loss: 2.325 (2.32)  Loss_gt: 1.480 (1.48)  Loss_kd: 0.8446 (0.845) LR: 5.000e-05
2025-09-14 09:34:57,839 -                train: [    INFO] - Train: 255 [ 200/390 ( 51%)]  Loss: 1.930 (2.04)  Loss_gt: 1.362 (1.32)  Loss_kd: 0.5672 (0.725) LR: 5.000e-05
2025-09-14 09:35:47,831 -                train: [    INFO] - Train: 255 [ 389/390 (100%)]  Loss: 2.217 (2.05)  Loss_gt: 1.359 (1.32)  Loss_kd: 0.8589 (0.728) LR: 5.000e-05
2025-09-14 09:35:48,049 -                train: [    INFO] - Test: [   0/78]  Time: 0.207 (0.207)  Loss:  0.5910 (0.5910)  Acc@1: 82.8125 (82.8125)  Acc@5: 98.4375 (98.4375)
2025-09-14 09:35:51,652 -                train: [    INFO] - Test: [  78/78]  Time: 0.014 (0.048)  Loss:  0.8840 (0.7767)  Acc@1: 75.0000 (81.1800)  Acc@5: 93.7500 (95.9300)
2025-09-14 09:35:52,699 -                train: [    INFO] - Train: 256 [   0/390 (  0%)]  Loss: 2.047 (2.05)  Loss_gt: 1.329 (1.33)  Loss_kd: 0.7173 (0.717) LR: 5.000e-05
2025-09-14 09:36:45,275 -                train: [    INFO] - Train: 256 [ 200/390 ( 51%)]  Loss: 2.174 (2.07)  Loss_gt: 1.360 (1.33)  Loss_kd: 0.8138 (0.741) LR: 5.000e-05
2025-09-14 09:37:35,443 -                train: [    INFO] - Train: 256 [ 389/390 (100%)]  Loss: 1.890 (2.07)  Loss_gt: 1.258 (1.33)  Loss_kd: 0.6319 (0.735) LR: 5.000e-05
2025-09-14 09:37:35,657 -                train: [    INFO] - Test: [   0/78]  Time: 0.205 (0.205)  Loss:  0.5852 (0.5852)  Acc@1: 84.3750 (84.3750)  Acc@5: 99.2188 (99.2188)
2025-09-14 09:37:39,087 -                train: [    INFO] - Test: [  78/78]  Time: 0.013 (0.046)  Loss:  0.8929 (0.7731)  Acc@1: 75.0000 (81.1200)  Acc@5: 93.7500 (95.9800)
2025-09-14 09:37:39,918 -                train: [    INFO] - Train: 257 [   0/390 (  0%)]  Loss: 1.963 (1.96)  Loss_gt: 1.406 (1.41)  Loss_kd: 0.5570 (0.557) LR: 5.000e-05
2025-09-14 09:38:32,425 -                train: [    INFO] - Train: 257 [ 200/390 ( 51%)]  Loss: 2.002 (2.04)  Loss_gt: 1.303 (1.32)  Loss_kd: 0.6989 (0.721) LR: 5.000e-05
2025-09-14 09:39:22,082 -                train: [    INFO] - Train: 257 [ 389/390 (100%)]  Loss: 2.337 (2.05)  Loss_gt: 1.496 (1.32)  Loss_kd: 0.8409 (0.729) LR: 5.000e-05
2025-09-14 09:39:22,287 -                train: [    INFO] - Test: [   0/78]  Time: 0.196 (0.196)  Loss:  0.5884 (0.5884)  Acc@1: 84.3750 (84.3750)  Acc@5: 99.2188 (99.2188)
2025-09-14 09:39:25,726 -                train: [    INFO] - Test: [  78/78]  Time: 0.013 (0.046)  Loss:  0.9086 (0.7753)  Acc@1: 75.0000 (81.2600)  Acc@5: 93.7500 (95.9300)
2025-09-14 09:39:26,616 -                train: [    INFO] - Train: 258 [   0/390 (  0%)]  Loss: 1.980 (1.98)  Loss_gt: 1.250 (1.25)  Loss_kd: 0.7303 (0.730) LR: 5.000e-05
2025-09-14 09:40:18,859 -                train: [    INFO] - Train: 258 [ 200/390 ( 51%)]  Loss: 1.717 (2.06)  Loss_gt: 1.166 (1.33)  Loss_kd: 0.5511 (0.735) LR: 5.000e-05
2025-09-14 09:41:08,957 -                train: [    INFO] - Train: 258 [ 389/390 (100%)]  Loss: 2.000 (2.06)  Loss_gt: 1.270 (1.33)  Loss_kd: 0.7303 (0.735) LR: 5.000e-05
2025-09-14 09:41:09,181 -                train: [    INFO] - Test: [   0/78]  Time: 0.214 (0.214)  Loss:  0.5850 (0.5850)  Acc@1: 85.9375 (85.9375)  Acc@5: 99.2188 (99.2188)
2025-09-14 09:41:12,806 -                train: [    INFO] - Test: [  78/78]  Time: 0.014 (0.049)  Loss:  0.9095 (0.7749)  Acc@1: 75.0000 (81.2200)  Acc@5: 93.7500 (95.9900)
2025-09-14 09:41:13,545 -                train: [    INFO] - Train: 259 [   0/390 (  0%)]  Loss: 1.893 (1.89)  Loss_gt: 1.203 (1.20)  Loss_kd: 0.6906 (0.691) LR: 5.000e-05
2025-09-14 09:42:06,074 -                train: [    INFO] - Train: 259 [ 200/390 ( 51%)]  Loss: 2.093 (2.07)  Loss_gt: 1.382 (1.33)  Loss_kd: 0.7112 (0.740) LR: 5.000e-05
2025-09-14 09:42:56,270 -                train: [    INFO] - Train: 259 [ 389/390 (100%)]  Loss: 1.926 (2.06)  Loss_gt: 1.352 (1.33)  Loss_kd: 0.5738 (0.732) LR: 5.000e-05
2025-09-14 09:42:56,457 -                train: [    INFO] - Test: [   0/78]  Time: 0.178 (0.178)  Loss:  0.5891 (0.5891)  Acc@1: 83.5938 (83.5938)  Acc@5: 98.4375 (98.4375)
2025-09-14 09:43:00,000 -                train: [    INFO] - Test: [  78/78]  Time: 0.015 (0.047)  Loss:  0.8918 (0.7745)  Acc@1: 75.0000 (81.1800)  Acc@5: 93.7500 (95.9800)
2025-09-14 09:43:01,006 -                train: [    INFO] - Train: 260 [   0/390 (  0%)]  Loss: 2.250 (2.25)  Loss_gt: 1.420 (1.42)  Loss_kd: 0.8304 (0.830) LR: 5.000e-05
2025-09-14 09:43:53,258 -                train: [    INFO] - Train: 260 [ 200/390 ( 51%)]  Loss: 2.038 (2.05)  Loss_gt: 1.322 (1.33)  Loss_kd: 0.7163 (0.726) LR: 5.000e-05
2025-09-14 09:44:43,472 -                train: [    INFO] - Train: 260 [ 389/390 (100%)]  Loss: 2.204 (2.06)  Loss_gt: 1.464 (1.33)  Loss_kd: 0.7404 (0.732) LR: 5.000e-05
2025-09-14 09:44:43,660 -                train: [    INFO] - Test: [   0/78]  Time: 0.178 (0.178)  Loss:  0.5903 (0.5903)  Acc@1: 83.5938 (83.5938)  Acc@5: 98.4375 (98.4375)
2025-09-14 09:44:47,273 -                train: [    INFO] - Test: [  78/78]  Time: 0.016 (0.048)  Loss:  0.8998 (0.7794)  Acc@1: 75.0000 (81.2600)  Acc@5: 93.7500 (95.9100)
2025-09-14 09:44:48,080 -                train: [    INFO] - Train: 261 [   0/390 (  0%)]  Loss: 2.254 (2.25)  Loss_gt: 1.320 (1.32)  Loss_kd: 0.9336 (0.934) LR: 5.000e-05
2025-09-14 09:45:40,463 -                train: [    INFO] - Train: 261 [ 200/390 ( 51%)]  Loss: 2.298 (2.07)  Loss_gt: 1.433 (1.33)  Loss_kd: 0.8644 (0.738) LR: 5.000e-05
2025-09-14 09:46:30,386 -                train: [    INFO] - Train: 261 [ 389/390 (100%)]  Loss: 2.236 (2.06)  Loss_gt: 1.374 (1.33)  Loss_kd: 0.8623 (0.733) LR: 5.000e-05
2025-09-14 09:46:30,587 -                train: [    INFO] - Test: [   0/78]  Time: 0.192 (0.192)  Loss:  0.5835 (0.5835)  Acc@1: 83.5938 (83.5938)  Acc@5: 99.2188 (99.2188)
2025-09-14 09:46:34,298 -                train: [    INFO] - Test: [  78/78]  Time: 0.015 (0.049)  Loss:  0.9172 (0.7721)  Acc@1: 75.0000 (81.2200)  Acc@5: 93.7500 (95.9700)
2025-09-14 09:46:35,191 -                train: [    INFO] - Train: 262 [   0/390 (  0%)]  Loss: 2.064 (2.06)  Loss_gt: 1.335 (1.33)  Loss_kd: 0.7291 (0.729) LR: 5.000e-05
2025-09-14 09:47:28,026 -                train: [    INFO] - Train: 262 [ 200/390 ( 51%)]  Loss: 2.020 (2.05)  Loss_gt: 1.325 (1.32)  Loss_kd: 0.6946 (0.724) LR: 5.000e-05
2025-09-14 09:48:18,114 -                train: [    INFO] - Train: 262 [ 389/390 (100%)]  Loss: 2.092 (2.05)  Loss_gt: 1.313 (1.33)  Loss_kd: 0.7788 (0.726) LR: 5.000e-05
2025-09-14 09:48:18,337 -                train: [    INFO] - Test: [   0/78]  Time: 0.211 (0.211)  Loss:  0.5869 (0.5869)  Acc@1: 84.3750 (84.3750)  Acc@5: 98.4375 (98.4375)
2025-09-14 09:48:21,838 -                train: [    INFO] - Test: [  78/78]  Time: 0.018 (0.047)  Loss:  0.9132 (0.7785)  Acc@1: 75.0000 (81.2900)  Acc@5: 93.7500 (95.9400)
2025-09-14 09:48:22,111 - timm.utils.checkpoint_saver: [    INFO] - Current checkpoints:
 ('./output/train/20250914-020203-resnet18-224/checkpoint/checkpoint-224.pth.tar', 81.42)
 ('./output/train/20250914-020203-resnet18-224/checkpoint/checkpoint-249.pth.tar', 81.4)
 ('./output/train/20250914-020203-resnet18-224/checkpoint/checkpoint-232.pth.tar', 81.38)
 ('./output/train/20250914-020203-resnet18-224/checkpoint/checkpoint-229.pth.tar', 81.36)
 ('./output/train/20250914-020203-resnet18-224/checkpoint/checkpoint-230.pth.tar', 81.36)
 ('./output/train/20250914-020203-resnet18-224/checkpoint/checkpoint-235.pth.tar', 81.33)
 ('./output/train/20250914-020203-resnet18-224/checkpoint/checkpoint-223.pth.tar', 81.31)
 ('./output/train/20250914-020203-resnet18-224/checkpoint/checkpoint-254.pth.tar', 81.3)
 ('./output/train/20250914-020203-resnet18-224/checkpoint/checkpoint-262.pth.tar', 81.29)
 ('./output/train/20250914-020203-resnet18-224/checkpoint/checkpoint-243.pth.tar', 81.28)

2025-09-14 09:48:22,640 -                train: [    INFO] - Train: 263 [   0/390 (  0%)]  Loss: 2.225 (2.23)  Loss_gt: 1.457 (1.46)  Loss_kd: 0.7680 (0.768) LR: 5.000e-05
2025-09-14 09:49:15,450 -                train: [    INFO] - Train: 263 [ 200/390 ( 51%)]  Loss: 2.355 (2.06)  Loss_gt: 1.418 (1.32)  Loss_kd: 0.9370 (0.735) LR: 5.000e-05
2025-09-14 09:50:04,795 -                train: [    INFO] - Train: 263 [ 389/390 (100%)]  Loss: 1.987 (2.05)  Loss_gt: 1.259 (1.32)  Loss_kd: 0.7281 (0.731) LR: 5.000e-05
2025-09-14 09:50:05,004 -                train: [    INFO] - Test: [   0/78]  Time: 0.197 (0.197)  Loss:  0.6007 (0.6007)  Acc@1: 83.5938 (83.5938)  Acc@5: 99.2188 (99.2188)
2025-09-14 09:50:08,551 -                train: [    INFO] - Test: [  78/78]  Time: 0.017 (0.047)  Loss:  0.9182 (0.7802)  Acc@1: 75.0000 (81.2200)  Acc@5: 93.7500 (95.9000)
2025-09-14 09:50:09,485 -                train: [    INFO] - Train: 264 [   0/390 (  0%)]  Loss: 2.453 (2.45)  Loss_gt: 1.491 (1.49)  Loss_kd: 0.9617 (0.962) LR: 5.000e-05
2025-09-14 09:51:02,669 -                train: [    INFO] - Train: 264 [ 200/390 ( 51%)]  Loss: 1.969 (2.03)  Loss_gt: 1.292 (1.31)  Loss_kd: 0.6770 (0.718) LR: 5.000e-05
2025-09-14 09:51:52,730 -                train: [    INFO] - Train: 264 [ 389/390 (100%)]  Loss: 2.015 (2.05)  Loss_gt: 1.271 (1.32)  Loss_kd: 0.7437 (0.728) LR: 5.000e-05
2025-09-14 09:51:52,917 -                train: [    INFO] - Test: [   0/78]  Time: 0.177 (0.177)  Loss:  0.5878 (0.5878)  Acc@1: 84.3750 (84.3750)  Acc@5: 98.4375 (98.4375)
2025-09-14 09:51:56,341 -                train: [    INFO] - Test: [  78/78]  Time: 0.013 (0.046)  Loss:  0.8962 (0.7715)  Acc@1: 75.0000 (81.2100)  Acc@5: 93.7500 (95.9600)
2025-09-14 09:51:57,156 -                train: [    INFO] - Train: 265 [   0/390 (  0%)]  Loss: 1.953 (1.95)  Loss_gt: 1.271 (1.27)  Loss_kd: 0.6817 (0.682) LR: 5.000e-05
2025-09-14 09:52:50,117 -                train: [    INFO] - Train: 265 [ 200/390 ( 51%)]  Loss: 1.990 (2.06)  Loss_gt: 1.363 (1.32)  Loss_kd: 0.6267 (0.737) LR: 5.000e-05
2025-09-14 09:53:39,986 -                train: [    INFO] - Train: 265 [ 389/390 (100%)]  Loss: 2.108 (2.06)  Loss_gt: 1.394 (1.33)  Loss_kd: 0.7146 (0.735) LR: 5.000e-05
2025-09-14 09:53:40,190 -                train: [    INFO] - Test: [   0/78]  Time: 0.194 (0.194)  Loss:  0.5829 (0.5829)  Acc@1: 83.5938 (83.5938)  Acc@5: 98.4375 (98.4375)
2025-09-14 09:53:43,894 -                train: [    INFO] - Test: [  78/78]  Time: 0.014 (0.049)  Loss:  0.9161 (0.7757)  Acc@1: 75.0000 (81.1000)  Acc@5: 93.7500 (95.8900)
2025-09-14 09:53:44,749 -                train: [    INFO] - Train: 266 [   0/390 (  0%)]  Loss: 1.999 (2.00)  Loss_gt: 1.303 (1.30)  Loss_kd: 0.6957 (0.696) LR: 5.000e-05
2025-09-14 09:54:37,389 -                train: [    INFO] - Train: 266 [ 200/390 ( 51%)]  Loss: 1.797 (2.06)  Loss_gt: 1.226 (1.33)  Loss_kd: 0.5709 (0.735) LR: 5.000e-05
2025-09-14 09:55:26,767 -                train: [    INFO] - Train: 266 [ 389/390 (100%)]  Loss: 2.260 (2.06)  Loss_gt: 1.356 (1.33)  Loss_kd: 0.9037 (0.735) LR: 5.000e-05
2025-09-14 09:55:26,970 -                train: [    INFO] - Test: [   0/78]  Time: 0.194 (0.194)  Loss:  0.5867 (0.5867)  Acc@1: 85.1562 (85.1562)  Acc@5: 98.4375 (98.4375)
2025-09-14 09:55:30,674 -                train: [    INFO] - Test: [  78/78]  Time: 0.013 (0.049)  Loss:  0.9266 (0.7799)  Acc@1: 75.0000 (81.0900)  Acc@5: 93.7500 (96.0000)
2025-09-14 09:55:31,439 -                train: [    INFO] - Train: 267 [   0/390 (  0%)]  Loss: 1.774 (1.77)  Loss_gt: 1.229 (1.23)  Loss_kd: 0.5452 (0.545) LR: 5.000e-05
2025-09-14 09:56:24,170 -                train: [    INFO] - Train: 267 [ 200/390 ( 51%)]  Loss: 2.342 (2.05)  Loss_gt: 1.478 (1.32)  Loss_kd: 0.8643 (0.730) LR: 5.000e-05
2025-09-14 09:57:13,421 -                train: [    INFO] - Train: 267 [ 389/390 (100%)]  Loss: 2.024 (2.05)  Loss_gt: 1.338 (1.32)  Loss_kd: 0.6860 (0.726) LR: 5.000e-05
2025-09-14 09:57:13,626 -                train: [    INFO] - Test: [   0/78]  Time: 0.194 (0.194)  Loss:  0.5931 (0.5931)  Acc@1: 82.8125 (82.8125)  Acc@5: 98.4375 (98.4375)
2025-09-14 09:57:17,114 -                train: [    INFO] - Test: [  78/78]  Time: 0.013 (0.047)  Loss:  0.9073 (0.7764)  Acc@1: 75.0000 (81.3300)  Acc@5: 93.7500 (95.8600)
2025-09-14 09:57:17,352 - timm.utils.checkpoint_saver: [    INFO] - Current checkpoints:
 ('./output/train/20250914-020203-resnet18-224/checkpoint/checkpoint-224.pth.tar', 81.42)
 ('./output/train/20250914-020203-resnet18-224/checkpoint/checkpoint-249.pth.tar', 81.4)
 ('./output/train/20250914-020203-resnet18-224/checkpoint/checkpoint-232.pth.tar', 81.38)
 ('./output/train/20250914-020203-resnet18-224/checkpoint/checkpoint-229.pth.tar', 81.36)
 ('./output/train/20250914-020203-resnet18-224/checkpoint/checkpoint-230.pth.tar', 81.36)
 ('./output/train/20250914-020203-resnet18-224/checkpoint/checkpoint-235.pth.tar', 81.33)
 ('./output/train/20250914-020203-resnet18-224/checkpoint/checkpoint-267.pth.tar', 81.33)
 ('./output/train/20250914-020203-resnet18-224/checkpoint/checkpoint-223.pth.tar', 81.31)
 ('./output/train/20250914-020203-resnet18-224/checkpoint/checkpoint-254.pth.tar', 81.3)
 ('./output/train/20250914-020203-resnet18-224/checkpoint/checkpoint-262.pth.tar', 81.29)

2025-09-14 09:57:18,024 -                train: [    INFO] - Train: 268 [   0/390 (  0%)]  Loss: 1.878 (1.88)  Loss_gt: 1.254 (1.25)  Loss_kd: 0.6236 (0.624) LR: 5.000e-05
2025-09-14 09:58:10,402 -                train: [    INFO] - Train: 268 [ 200/390 ( 51%)]  Loss: 2.081 (2.07)  Loss_gt: 1.339 (1.33)  Loss_kd: 0.7414 (0.739) LR: 5.000e-05
2025-09-14 09:58:59,779 -                train: [    INFO] - Train: 268 [ 389/390 (100%)]  Loss: 2.046 (2.06)  Loss_gt: 1.296 (1.33)  Loss_kd: 0.7497 (0.739) LR: 5.000e-05
2025-09-14 09:59:00,002 -                train: [    INFO] - Test: [   0/78]  Time: 0.214 (0.214)  Loss:  0.5901 (0.5901)  Acc@1: 83.5938 (83.5938)  Acc@5: 99.2188 (99.2188)
2025-09-14 09:59:03,410 -                train: [    INFO] - Test: [  78/78]  Time: 0.015 (0.046)  Loss:  0.9057 (0.7751)  Acc@1: 75.0000 (81.1800)  Acc@5: 93.7500 (96.0000)
2025-09-14 09:59:04,273 -                train: [    INFO] - Train: 269 [   0/390 (  0%)]  Loss: 1.889 (1.89)  Loss_gt: 1.252 (1.25)  Loss_kd: 0.6369 (0.637) LR: 5.000e-05
2025-09-14 09:59:56,661 -                train: [    INFO] - Train: 269 [ 200/390 ( 51%)]  Loss: 2.034 (2.06)  Loss_gt: 1.260 (1.33)  Loss_kd: 0.7733 (0.735) LR: 5.000e-05
2025-09-14 10:00:46,714 -                train: [    INFO] - Train: 269 [ 389/390 (100%)]  Loss: 1.957 (2.05)  Loss_gt: 1.267 (1.32)  Loss_kd: 0.6897 (0.729) LR: 5.000e-05
2025-09-14 10:00:46,926 -                train: [    INFO] - Test: [   0/78]  Time: 0.201 (0.201)  Loss:  0.5847 (0.5847)  Acc@1: 83.5938 (83.5938)  Acc@5: 98.4375 (98.4375)
2025-09-14 10:00:50,690 -                train: [    INFO] - Test: [  78/78]  Time: 0.017 (0.050)  Loss:  0.9087 (0.7732)  Acc@1: 75.0000 (81.2200)  Acc@5: 93.7500 (95.9000)
2025-09-14 10:00:51,419 -                train: [    INFO] - Train: 270 [   0/390 (  0%)]  Loss: 1.975 (1.98)  Loss_gt: 1.213 (1.21)  Loss_kd: 0.7623 (0.762) LR: 5.000e-05
2025-09-14 10:01:44,359 -                train: [    INFO] - Train: 270 [ 200/390 ( 51%)]  Loss: 2.308 (2.07)  Loss_gt: 1.420 (1.33)  Loss_kd: 0.8879 (0.737) LR: 5.000e-05
2025-09-14 10:02:33,703 -                train: [    INFO] - Train: 270 [ 389/390 (100%)]  Loss: 2.227 (2.07)  Loss_gt: 1.487 (1.33)  Loss_kd: 0.7394 (0.734) LR: 5.000e-05
2025-09-14 10:02:33,913 -                train: [    INFO] - Test: [   0/78]  Time: 0.200 (0.200)  Loss:  0.5956 (0.5956)  Acc@1: 82.0312 (82.0312)  Acc@5: 99.2188 (99.2188)
2025-09-14 10:02:37,479 -                train: [    INFO] - Test: [  78/78]  Time: 0.015 (0.048)  Loss:  0.9142 (0.7795)  Acc@1: 75.0000 (81.2700)  Acc@5: 93.7500 (95.9500)
2025-09-14 10:02:38,442 -                train: [    INFO] - Train: 271 [   0/390 (  0%)]  Loss: 2.190 (2.19)  Loss_gt: 1.403 (1.40)  Loss_kd: 0.7864 (0.786) LR: 5.000e-05
2025-09-14 10:03:30,713 -                train: [    INFO] - Train: 271 [ 200/390 ( 51%)]  Loss: 2.067 (2.05)  Loss_gt: 1.346 (1.32)  Loss_kd: 0.7204 (0.729) LR: 5.000e-05
2025-09-14 10:04:20,751 -                train: [    INFO] - Train: 271 [ 389/390 (100%)]  Loss: 1.988 (2.05)  Loss_gt: 1.253 (1.32)  Loss_kd: 0.7350 (0.730) LR: 5.000e-05
2025-09-14 10:04:20,957 -                train: [    INFO] - Test: [   0/78]  Time: 0.197 (0.197)  Loss:  0.5876 (0.5876)  Acc@1: 84.3750 (84.3750)  Acc@5: 98.4375 (98.4375)
2025-09-14 10:04:24,609 -                train: [    INFO] - Test: [  78/78]  Time: 0.017 (0.049)  Loss:  0.9258 (0.7767)  Acc@1: 75.0000 (81.1200)  Acc@5: 93.7500 (95.9900)
2025-09-14 10:04:25,328 -                train: [    INFO] - Train: 272 [   0/390 (  0%)]  Loss: 2.006 (2.01)  Loss_gt: 1.255 (1.26)  Loss_kd: 0.7507 (0.751) LR: 5.000e-05
2025-09-14 10:05:17,377 -                train: [    INFO] - Train: 272 [ 200/390 ( 51%)]  Loss: 2.016 (2.05)  Loss_gt: 1.302 (1.32)  Loss_kd: 0.7144 (0.729) LR: 5.000e-05
2025-09-14 10:06:07,304 -                train: [    INFO] - Train: 272 [ 389/390 (100%)]  Loss: 2.069 (2.05)  Loss_gt: 1.366 (1.32)  Loss_kd: 0.7032 (0.732) LR: 5.000e-05
2025-09-14 10:06:07,508 -                train: [    INFO] - Test: [   0/78]  Time: 0.194 (0.194)  Loss:  0.5845 (0.5845)  Acc@1: 83.5938 (83.5938)  Acc@5: 98.4375 (98.4375)
2025-09-14 10:06:10,963 -                train: [    INFO] - Test: [  78/78]  Time: 0.013 (0.046)  Loss:  0.9088 (0.7780)  Acc@1: 75.0000 (81.1900)  Acc@5: 93.7500 (95.9200)
2025-09-14 10:06:11,792 -                train: [    INFO] - Train: 273 [   0/390 (  0%)]  Loss: 1.977 (1.98)  Loss_gt: 1.331 (1.33)  Loss_kd: 0.6465 (0.646) LR: 5.000e-05
2025-09-14 10:07:04,284 -                train: [    INFO] - Train: 273 [ 200/390 ( 51%)]  Loss: 2.410 (2.06)  Loss_gt: 1.539 (1.33)  Loss_kd: 0.8704 (0.730) LR: 5.000e-05
2025-09-14 10:07:54,068 -                train: [    INFO] - Train: 273 [ 389/390 (100%)]  Loss: 2.112 (2.06)  Loss_gt: 1.364 (1.33)  Loss_kd: 0.7476 (0.734) LR: 5.000e-05
2025-09-14 10:07:54,271 -                train: [    INFO] - Test: [   0/78]  Time: 0.193 (0.193)  Loss:  0.5853 (0.5853)  Acc@1: 83.5938 (83.5938)  Acc@5: 98.4375 (98.4375)
2025-09-14 10:07:57,973 -                train: [    INFO] - Test: [  78/78]  Time: 0.017 (0.049)  Loss:  0.8977 (0.7754)  Acc@1: 75.0000 (81.2300)  Acc@5: 93.7500 (95.9200)
2025-09-14 10:07:58,692 -                train: [    INFO] - Train: 274 [   0/390 (  0%)]  Loss: 2.187 (2.19)  Loss_gt: 1.329 (1.33)  Loss_kd: 0.8576 (0.858) LR: 5.000e-05
2025-09-14 10:08:50,873 -                train: [    INFO] - Train: 274 [ 200/390 ( 51%)]  Loss: 1.870 (2.04)  Loss_gt: 1.258 (1.31)  Loss_kd: 0.6113 (0.726) LR: 5.000e-05
2025-09-14 10:09:40,229 -                train: [    INFO] - Train: 274 [ 389/390 (100%)]  Loss: 1.781 (2.04)  Loss_gt: 1.218 (1.32)  Loss_kd: 0.5631 (0.726) LR: 5.000e-05
2025-09-14 10:09:40,449 -                train: [    INFO] - Test: [   0/78]  Time: 0.209 (0.209)  Loss:  0.5921 (0.5921)  Acc@1: 82.8125 (82.8125)  Acc@5: 98.4375 (98.4375)
2025-09-14 10:09:43,938 -                train: [    INFO] - Test: [  78/78]  Time: 0.015 (0.047)  Loss:  0.8868 (0.7747)  Acc@1: 75.0000 (81.1500)  Acc@5: 93.7500 (96.0000)
2025-09-14 10:09:44,733 -                train: [    INFO] - Train: 275 [   0/390 (  0%)]  Loss: 2.002 (2.00)  Loss_gt: 1.320 (1.32)  Loss_kd: 0.6820 (0.682) LR: 5.000e-05
2025-09-14 10:10:37,478 -                train: [    INFO] - Train: 275 [ 200/390 ( 51%)]  Loss: 1.950 (2.04)  Loss_gt: 1.264 (1.32)  Loss_kd: 0.6854 (0.721) LR: 5.000e-05
2025-09-14 10:11:27,229 -                train: [    INFO] - Train: 275 [ 389/390 (100%)]  Loss: 2.264 (2.05)  Loss_gt: 1.453 (1.32)  Loss_kd: 0.8111 (0.725) LR: 5.000e-05
2025-09-14 10:11:27,434 -                train: [    INFO] - Test: [   0/78]  Time: 0.195 (0.195)  Loss:  0.5890 (0.5890)  Acc@1: 83.5938 (83.5938)  Acc@5: 98.4375 (98.4375)
2025-09-14 10:11:30,886 -                train: [    INFO] - Test: [  78/78]  Time: 0.015 (0.046)  Loss:  0.9172 (0.7802)  Acc@1: 75.0000 (81.2400)  Acc@5: 93.7500 (95.9700)
2025-09-14 10:11:31,654 -                train: [    INFO] - Train: 276 [   0/390 (  0%)]  Loss: 1.728 (1.73)  Loss_gt: 1.163 (1.16)  Loss_kd: 0.5652 (0.565) LR: 5.000e-05
2025-09-14 10:12:19,576 -                train: [    INFO] - Train: 276 [ 200/390 ( 51%)]  Loss: 2.268 (2.04)  Loss_gt: 1.419 (1.32)  Loss_kd: 0.8486 (0.723) LR: 5.000e-05
2025-09-14 10:13:03,193 -                train: [    INFO] - Train: 276 [ 389/390 (100%)]  Loss: 1.903 (2.05)  Loss_gt: 1.206 (1.32)  Loss_kd: 0.6972 (0.726) LR: 5.000e-05
2025-09-14 10:13:03,387 -                train: [    INFO] - Test: [   0/78]  Time: 0.184 (0.184)  Loss:  0.5868 (0.5868)  Acc@1: 83.5938 (83.5938)  Acc@5: 99.2188 (99.2188)
2025-09-14 10:13:06,570 -                train: [    INFO] - Test: [  78/78]  Time: 0.013 (0.043)  Loss:  0.9102 (0.7747)  Acc@1: 75.0000 (81.2000)  Acc@5: 93.7500 (95.9900)
2025-09-14 10:13:07,425 -                train: [    INFO] - Train: 277 [   0/390 (  0%)]  Loss: 2.277 (2.28)  Loss_gt: 1.408 (1.41)  Loss_kd: 0.8698 (0.870) LR: 5.000e-05
2025-09-14 10:13:55,794 -                train: [    INFO] - Train: 277 [ 200/390 ( 51%)]  Loss: 2.046 (2.06)  Loss_gt: 1.340 (1.32)  Loss_kd: 0.7061 (0.739) LR: 5.000e-05
2025-09-14 10:14:41,433 -                train: [    INFO] - Train: 277 [ 389/390 (100%)]  Loss: 1.941 (2.05)  Loss_gt: 1.275 (1.32)  Loss_kd: 0.6659 (0.732) LR: 5.000e-05
2025-09-14 10:14:41,632 -                train: [    INFO] - Test: [   0/78]  Time: 0.189 (0.189)  Loss:  0.5919 (0.5919)  Acc@1: 82.0312 (82.0312)  Acc@5: 98.4375 (98.4375)
2025-09-14 10:14:44,976 -                train: [    INFO] - Test: [  78/78]  Time: 0.013 (0.045)  Loss:  0.9108 (0.7741)  Acc@1: 75.0000 (81.2100)  Acc@5: 93.7500 (95.9900)
2025-09-14 10:14:45,724 -                train: [    INFO] - Train: 278 [   0/390 (  0%)]  Loss: 2.188 (2.19)  Loss_gt: 1.384 (1.38)  Loss_kd: 0.8039 (0.804) LR: 5.000e-05
2025-09-14 10:15:33,938 -                train: [    INFO] - Train: 278 [ 200/390 ( 51%)]  Loss: 2.283 (2.04)  Loss_gt: 1.423 (1.32)  Loss_kd: 0.8595 (0.721) LR: 5.000e-05
2025-09-14 10:16:18,718 -                train: [    INFO] - Train: 278 [ 389/390 (100%)]  Loss: 1.937 (2.06)  Loss_gt: 1.279 (1.33)  Loss_kd: 0.6581 (0.732) LR: 5.000e-05
2025-09-14 10:16:18,914 -                train: [    INFO] - Test: [   0/78]  Time: 0.187 (0.187)  Loss:  0.5881 (0.5881)  Acc@1: 82.0312 (82.0312)  Acc@5: 98.4375 (98.4375)
2025-09-14 10:16:22,542 -                train: [    INFO] - Test: [  78/78]  Time: 0.014 (0.048)  Loss:  0.9216 (0.7697)  Acc@1: 75.0000 (81.1300)  Acc@5: 93.7500 (95.9700)
2025-09-14 10:16:23,338 -                train: [    INFO] - Train: 279 [   0/390 (  0%)]  Loss: 2.036 (2.04)  Loss_gt: 1.337 (1.34)  Loss_kd: 0.6992 (0.699) LR: 5.000e-05
2025-09-14 10:17:18,699 -                train: [    INFO] - Train: 279 [ 200/390 ( 51%)]  Loss: 2.099 (2.05)  Loss_gt: 1.374 (1.32)  Loss_kd: 0.7255 (0.725) LR: 5.000e-05
2025-09-14 10:18:08,510 -                train: [    INFO] - Train: 279 [ 389/390 (100%)]  Loss: 1.933 (2.06)  Loss_gt: 1.276 (1.33)  Loss_kd: 0.6573 (0.730) LR: 5.000e-05
2025-09-14 10:18:08,734 -                train: [    INFO] - Test: [   0/78]  Time: 0.214 (0.214)  Loss:  0.5932 (0.5932)  Acc@1: 82.8125 (82.8125)  Acc@5: 98.4375 (98.4375)
2025-09-14 10:18:12,255 -                train: [    INFO] - Test: [  78/78]  Time: 0.015 (0.047)  Loss:  0.9081 (0.7759)  Acc@1: 75.0000 (81.2600)  Acc@5: 93.7500 (95.8900)
2025-09-14 10:18:13,111 -                train: [    INFO] - Train: 280 [   0/390 (  0%)]  Loss: 1.849 (1.85)  Loss_gt: 1.189 (1.19)  Loss_kd: 0.6604 (0.660) LR: 5.000e-05
2025-09-14 10:19:05,786 -                train: [    INFO] - Train: 280 [ 200/390 ( 51%)]  Loss: 2.002 (2.07)  Loss_gt: 1.361 (1.33)  Loss_kd: 0.6410 (0.737) LR: 5.000e-05
2025-09-14 10:19:55,439 -                train: [    INFO] - Train: 280 [ 389/390 (100%)]  Loss: 1.956 (2.07)  Loss_gt: 1.300 (1.33)  Loss_kd: 0.6551 (0.732) LR: 5.000e-05
2025-09-14 10:19:55,643 -                train: [    INFO] - Test: [   0/78]  Time: 0.193 (0.193)  Loss:  0.5879 (0.5879)  Acc@1: 83.5938 (83.5938)  Acc@5: 99.2188 (99.2188)
2025-09-14 10:19:59,067 -                train: [    INFO] - Test: [  78/78]  Time: 0.016 (0.046)  Loss:  0.9262 (0.7729)  Acc@1: 75.0000 (81.1300)  Acc@5: 93.7500 (95.9300)
2025-09-14 10:19:59,765 -                train: [    INFO] - Train: 281 [   0/390 (  0%)]  Loss: 1.969 (1.97)  Loss_gt: 1.330 (1.33)  Loss_kd: 0.6395 (0.640) LR: 5.000e-05
2025-09-14 10:20:52,005 -                train: [    INFO] - Train: 281 [ 200/390 ( 51%)]  Loss: 2.134 (2.06)  Loss_gt: 1.426 (1.32)  Loss_kd: 0.7076 (0.738) LR: 5.000e-05
2025-09-14 10:21:41,974 -                train: [    INFO] - Train: 281 [ 389/390 (100%)]  Loss: 2.006 (2.05)  Loss_gt: 1.345 (1.32)  Loss_kd: 0.6616 (0.730) LR: 5.000e-05
2025-09-14 10:21:42,170 -                train: [    INFO] - Test: [   0/78]  Time: 0.184 (0.184)  Loss:  0.5877 (0.5877)  Acc@1: 82.8125 (82.8125)  Acc@5: 99.2188 (99.2188)
2025-09-14 10:21:45,661 -                train: [    INFO] - Test: [  78/78]  Time: 0.012 (0.047)  Loss:  0.9074 (0.7749)  Acc@1: 75.0000 (81.2300)  Acc@5: 93.7500 (95.9600)
2025-09-14 10:21:46,503 -                train: [    INFO] - Train: 282 [   0/390 (  0%)]  Loss: 1.914 (1.91)  Loss_gt: 1.276 (1.28)  Loss_kd: 0.6382 (0.638) LR: 5.000e-05
2025-09-14 10:22:39,000 -                train: [    INFO] - Train: 282 [ 200/390 ( 51%)]  Loss: 1.831 (2.07)  Loss_gt: 1.257 (1.33)  Loss_kd: 0.5742 (0.737) LR: 5.000e-05
2025-09-14 10:23:29,044 -                train: [    INFO] - Train: 282 [ 389/390 (100%)]  Loss: 2.061 (2.06)  Loss_gt: 1.278 (1.33)  Loss_kd: 0.7832 (0.735) LR: 5.000e-05
2025-09-14 10:23:29,248 -                train: [    INFO] - Test: [   0/78]  Time: 0.193 (0.193)  Loss:  0.5897 (0.5897)  Acc@1: 82.8125 (82.8125)  Acc@5: 98.4375 (98.4375)
2025-09-14 10:23:32,836 -                train: [    INFO] - Test: [  78/78]  Time: 0.015 (0.048)  Loss:  0.9208 (0.7742)  Acc@1: 75.0000 (81.2600)  Acc@5: 93.7500 (95.9800)
2025-09-14 10:23:33,660 -                train: [    INFO] - Train: 283 [   0/390 (  0%)]  Loss: 2.190 (2.19)  Loss_gt: 1.333 (1.33)  Loss_kd: 0.8570 (0.857) LR: 5.000e-05
2025-09-14 10:24:26,619 -                train: [    INFO] - Train: 283 [ 200/390 ( 51%)]  Loss: 1.865 (2.07)  Loss_gt: 1.258 (1.33)  Loss_kd: 0.6075 (0.735) LR: 5.000e-05
2025-09-14 10:25:16,237 -                train: [    INFO] - Train: 283 [ 389/390 (100%)]  Loss: 1.934 (2.07)  Loss_gt: 1.266 (1.33)  Loss_kd: 0.6675 (0.737) LR: 5.000e-05
2025-09-14 10:25:16,446 -                train: [    INFO] - Test: [   0/78]  Time: 0.199 (0.199)  Loss:  0.5904 (0.5904)  Acc@1: 82.0312 (82.0312)  Acc@5: 98.4375 (98.4375)
2025-09-14 10:25:20,028 -                train: [    INFO] - Test: [  78/78]  Time: 0.015 (0.048)  Loss:  0.9363 (0.7765)  Acc@1: 75.0000 (81.1600)  Acc@5: 93.7500 (95.8900)
2025-09-14 10:25:20,797 -                train: [    INFO] - Train: 284 [   0/390 (  0%)]  Loss: 2.103 (2.10)  Loss_gt: 1.318 (1.32)  Loss_kd: 0.7850 (0.785) LR: 5.000e-05
2025-09-14 10:26:13,488 -                train: [    INFO] - Train: 284 [ 200/390 ( 51%)]  Loss: 2.022 (2.06)  Loss_gt: 1.364 (1.32)  Loss_kd: 0.6584 (0.736) LR: 5.000e-05
2025-09-14 10:27:03,021 -                train: [    INFO] - Train: 284 [ 389/390 (100%)]  Loss: 2.164 (2.05)  Loss_gt: 1.456 (1.32)  Loss_kd: 0.7079 (0.730) LR: 5.000e-05
2025-09-14 10:27:03,217 -                train: [    INFO] - Test: [   0/78]  Time: 0.186 (0.186)  Loss:  0.5834 (0.5834)  Acc@1: 84.3750 (84.3750)  Acc@5: 98.4375 (98.4375)
2025-09-14 10:27:06,742 -                train: [    INFO] - Test: [  78/78]  Time: 0.017 (0.047)  Loss:  0.9041 (0.7774)  Acc@1: 75.0000 (81.4000)  Acc@5: 93.7500 (95.9400)
2025-09-14 10:27:06,980 - timm.utils.checkpoint_saver: [    INFO] - Current checkpoints:
 ('./output/train/20250914-020203-resnet18-224/checkpoint/checkpoint-224.pth.tar', 81.42)
 ('./output/train/20250914-020203-resnet18-224/checkpoint/checkpoint-249.pth.tar', 81.4)
 ('./output/train/20250914-020203-resnet18-224/checkpoint/checkpoint-284.pth.tar', 81.4)
 ('./output/train/20250914-020203-resnet18-224/checkpoint/checkpoint-232.pth.tar', 81.38)
 ('./output/train/20250914-020203-resnet18-224/checkpoint/checkpoint-229.pth.tar', 81.36)
 ('./output/train/20250914-020203-resnet18-224/checkpoint/checkpoint-230.pth.tar', 81.36)
 ('./output/train/20250914-020203-resnet18-224/checkpoint/checkpoint-235.pth.tar', 81.33)
 ('./output/train/20250914-020203-resnet18-224/checkpoint/checkpoint-267.pth.tar', 81.33)
 ('./output/train/20250914-020203-resnet18-224/checkpoint/checkpoint-223.pth.tar', 81.31)
 ('./output/train/20250914-020203-resnet18-224/checkpoint/checkpoint-254.pth.tar', 81.3)

2025-09-14 10:27:07,474 -                train: [    INFO] - Train: 285 [   0/390 (  0%)]  Loss: 1.983 (1.98)  Loss_gt: 1.326 (1.33)  Loss_kd: 0.6571 (0.657) LR: 5.000e-05
2025-09-14 10:27:59,862 -                train: [    INFO] - Train: 285 [ 200/390 ( 51%)]  Loss: 2.305 (2.05)  Loss_gt: 1.398 (1.32)  Loss_kd: 0.9072 (0.727) LR: 5.000e-05
2025-09-14 10:28:49,447 -                train: [    INFO] - Train: 285 [ 389/390 (100%)]  Loss: 1.973 (2.04)  Loss_gt: 1.325 (1.32)  Loss_kd: 0.6476 (0.725) LR: 5.000e-05
2025-09-14 10:28:49,638 -                train: [    INFO] - Test: [   0/78]  Time: 0.181 (0.181)  Loss:  0.5932 (0.5932)  Acc@1: 83.5938 (83.5938)  Acc@5: 98.4375 (98.4375)
2025-09-14 10:28:53,051 -                train: [    INFO] - Test: [  78/78]  Time: 0.013 (0.045)  Loss:  0.8976 (0.7758)  Acc@1: 75.0000 (81.3900)  Acc@5: 93.7500 (96.0300)
2025-09-14 10:28:53,340 - timm.utils.checkpoint_saver: [    INFO] - Current checkpoints:
 ('./output/train/20250914-020203-resnet18-224/checkpoint/checkpoint-224.pth.tar', 81.42)
 ('./output/train/20250914-020203-resnet18-224/checkpoint/checkpoint-249.pth.tar', 81.4)
 ('./output/train/20250914-020203-resnet18-224/checkpoint/checkpoint-284.pth.tar', 81.4)
 ('./output/train/20250914-020203-resnet18-224/checkpoint/checkpoint-285.pth.tar', 81.39)
 ('./output/train/20250914-020203-resnet18-224/checkpoint/checkpoint-232.pth.tar', 81.38)
 ('./output/train/20250914-020203-resnet18-224/checkpoint/checkpoint-229.pth.tar', 81.36)
 ('./output/train/20250914-020203-resnet18-224/checkpoint/checkpoint-230.pth.tar', 81.36)
 ('./output/train/20250914-020203-resnet18-224/checkpoint/checkpoint-235.pth.tar', 81.33)
 ('./output/train/20250914-020203-resnet18-224/checkpoint/checkpoint-267.pth.tar', 81.33)
 ('./output/train/20250914-020203-resnet18-224/checkpoint/checkpoint-223.pth.tar', 81.31)

2025-09-14 10:28:53,982 -                train: [    INFO] - Train: 286 [   0/390 (  0%)]  Loss: 1.950 (1.95)  Loss_gt: 1.244 (1.24)  Loss_kd: 0.7065 (0.706) LR: 5.000e-05
2025-09-14 10:29:46,345 -                train: [    INFO] - Train: 286 [ 200/390 ( 51%)]  Loss: 2.148 (2.05)  Loss_gt: 1.368 (1.32)  Loss_kd: 0.7803 (0.730) LR: 5.000e-05
2025-09-14 10:30:36,536 -                train: [    INFO] - Train: 286 [ 389/390 (100%)]  Loss: 2.197 (2.05)  Loss_gt: 1.438 (1.32)  Loss_kd: 0.7591 (0.727) LR: 5.000e-05
2025-09-14 10:30:36,744 -                train: [    INFO] - Test: [   0/78]  Time: 0.197 (0.197)  Loss:  0.5908 (0.5908)  Acc@1: 82.0312 (82.0312)  Acc@5: 99.2188 (99.2188)
2025-09-14 10:30:40,141 -                train: [    INFO] - Test: [  78/78]  Time: 0.013 (0.045)  Loss:  0.8977 (0.7747)  Acc@1: 75.0000 (81.2300)  Acc@5: 93.7500 (95.9800)
2025-09-14 10:30:41,037 -                train: [    INFO] - Train: 287 [   0/390 (  0%)]  Loss: 1.919 (1.92)  Loss_gt: 1.257 (1.26)  Loss_kd: 0.6615 (0.661) LR: 5.000e-05
2025-09-14 10:31:33,273 -                train: [    INFO] - Train: 287 [ 200/390 ( 51%)]  Loss: 1.992 (2.05)  Loss_gt: 1.313 (1.32)  Loss_kd: 0.6786 (0.730) LR: 5.000e-05
2025-09-14 10:32:23,167 -                train: [    INFO] - Train: 287 [ 389/390 (100%)]  Loss: 2.097 (2.05)  Loss_gt: 1.307 (1.32)  Loss_kd: 0.7893 (0.731) LR: 5.000e-05
2025-09-14 10:32:23,389 -                train: [    INFO] - Test: [   0/78]  Time: 0.211 (0.211)  Loss:  0.6022 (0.6022)  Acc@1: 82.8125 (82.8125)  Acc@5: 98.4375 (98.4375)
2025-09-14 10:32:26,850 -                train: [    INFO] - Test: [  78/78]  Time: 0.017 (0.046)  Loss:  0.8861 (0.7821)  Acc@1: 75.0000 (81.2600)  Acc@5: 93.7500 (95.9900)
2025-09-14 10:32:27,962 -                train: [    INFO] - Train: 288 [   0/390 (  0%)]  Loss: 2.007 (2.01)  Loss_gt: 1.381 (1.38)  Loss_kd: 0.6264 (0.626) LR: 5.000e-05
2025-09-14 10:33:20,625 -                train: [    INFO] - Train: 288 [ 200/390 ( 51%)]  Loss: 1.906 (2.06)  Loss_gt: 1.285 (1.32)  Loss_kd: 0.6211 (0.735) LR: 5.000e-05
2025-09-14 10:34:10,691 -                train: [    INFO] - Train: 288 [ 389/390 (100%)]  Loss: 1.984 (2.06)  Loss_gt: 1.298 (1.33)  Loss_kd: 0.6855 (0.734) LR: 5.000e-05
2025-09-14 10:34:10,876 -                train: [    INFO] - Test: [   0/78]  Time: 0.175 (0.175)  Loss:  0.5908 (0.5908)  Acc@1: 82.8125 (82.8125)  Acc@5: 99.2188 (99.2188)
2025-09-14 10:34:14,308 -                train: [    INFO] - Test: [  78/78]  Time: 0.012 (0.046)  Loss:  0.9091 (0.7737)  Acc@1: 75.0000 (81.3000)  Acc@5: 93.7500 (96.0100)
2025-09-14 10:34:15,201 -                train: [    INFO] - Train: 289 [   0/390 (  0%)]  Loss: 2.085 (2.09)  Loss_gt: 1.331 (1.33)  Loss_kd: 0.7537 (0.754) LR: 5.000e-05
2025-09-14 10:35:07,456 -                train: [    INFO] - Train: 289 [ 200/390 ( 51%)]  Loss: 2.025 (2.04)  Loss_gt: 1.294 (1.31)  Loss_kd: 0.7313 (0.724) LR: 5.000e-05
2025-09-14 10:35:57,157 -                train: [    INFO] - Train: 289 [ 389/390 (100%)]  Loss: 2.016 (2.05)  Loss_gt: 1.339 (1.32)  Loss_kd: 0.6769 (0.727) LR: 5.000e-05
2025-09-14 10:35:57,384 -                train: [    INFO] - Test: [   0/78]  Time: 0.217 (0.217)  Loss:  0.5944 (0.5944)  Acc@1: 82.8125 (82.8125)  Acc@5: 99.2188 (99.2188)
2025-09-14 10:36:00,917 -                train: [    INFO] - Test: [  78/78]  Time: 0.015 (0.047)  Loss:  0.9018 (0.7770)  Acc@1: 75.0000 (81.3200)  Acc@5: 93.7500 (95.9200)
2025-09-14 10:36:01,140 - timm.utils.checkpoint_saver: [    INFO] - Current checkpoints:
 ('./output/train/20250914-020203-resnet18-224/checkpoint/checkpoint-224.pth.tar', 81.42)
 ('./output/train/20250914-020203-resnet18-224/checkpoint/checkpoint-249.pth.tar', 81.4)
 ('./output/train/20250914-020203-resnet18-224/checkpoint/checkpoint-284.pth.tar', 81.4)
 ('./output/train/20250914-020203-resnet18-224/checkpoint/checkpoint-285.pth.tar', 81.39)
 ('./output/train/20250914-020203-resnet18-224/checkpoint/checkpoint-232.pth.tar', 81.38)
 ('./output/train/20250914-020203-resnet18-224/checkpoint/checkpoint-229.pth.tar', 81.36)
 ('./output/train/20250914-020203-resnet18-224/checkpoint/checkpoint-230.pth.tar', 81.36)
 ('./output/train/20250914-020203-resnet18-224/checkpoint/checkpoint-235.pth.tar', 81.33)
 ('./output/train/20250914-020203-resnet18-224/checkpoint/checkpoint-267.pth.tar', 81.33)
 ('./output/train/20250914-020203-resnet18-224/checkpoint/checkpoint-289.pth.tar', 81.32)

2025-09-14 10:36:01,655 -                train: [    INFO] - Train: 290 [   0/390 (  0%)]  Loss: 2.070 (2.07)  Loss_gt: 1.287 (1.29)  Loss_kd: 0.7827 (0.783) LR: 5.000e-05
2025-09-14 10:36:54,077 -                train: [    INFO] - Train: 290 [ 200/390 ( 51%)]  Loss: 2.060 (2.07)  Loss_gt: 1.310 (1.33)  Loss_kd: 0.7492 (0.736) LR: 5.000e-05
2025-09-14 10:37:43,927 -                train: [    INFO] - Train: 290 [ 389/390 (100%)]  Loss: 2.186 (2.06)  Loss_gt: 1.434 (1.33)  Loss_kd: 0.7524 (0.731) LR: 5.000e-05
2025-09-14 10:37:44,129 -                train: [    INFO] - Test: [   0/78]  Time: 0.192 (0.192)  Loss:  0.5916 (0.5916)  Acc@1: 84.3750 (84.3750)  Acc@5: 98.4375 (98.4375)
2025-09-14 10:37:47,708 -                train: [    INFO] - Test: [  78/78]  Time: 0.014 (0.048)  Loss:  0.9077 (0.7780)  Acc@1: 75.0000 (81.2900)  Acc@5: 93.7500 (95.8700)
2025-09-14 10:37:48,565 -                train: [    INFO] - Train: 291 [   0/390 (  0%)]  Loss: 1.966 (1.97)  Loss_gt: 1.368 (1.37)  Loss_kd: 0.5975 (0.598) LR: 5.000e-05
2025-09-14 10:38:40,977 -                train: [    INFO] - Train: 291 [ 200/390 ( 51%)]  Loss: 2.285 (2.04)  Loss_gt: 1.442 (1.31)  Loss_kd: 0.8429 (0.723) LR: 5.000e-05
2025-09-14 10:39:30,447 -                train: [    INFO] - Train: 291 [ 389/390 (100%)]  Loss: 2.007 (2.05)  Loss_gt: 1.265 (1.32)  Loss_kd: 0.7425 (0.732) LR: 5.000e-05
2025-09-14 10:39:30,652 -                train: [    INFO] - Test: [   0/78]  Time: 0.193 (0.193)  Loss:  0.5855 (0.5855)  Acc@1: 82.8125 (82.8125)  Acc@5: 99.2188 (99.2188)
2025-09-14 10:39:34,177 -                train: [    INFO] - Test: [  78/78]  Time: 0.014 (0.047)  Loss:  0.9179 (0.7726)  Acc@1: 75.0000 (81.3100)  Acc@5: 93.7500 (95.9000)
2025-09-14 10:39:35,031 -                train: [    INFO] - Train: 292 [   0/390 (  0%)]  Loss: 2.386 (2.39)  Loss_gt: 1.459 (1.46)  Loss_kd: 0.9263 (0.926) LR: 5.000e-05
2025-09-14 10:40:27,424 -                train: [    INFO] - Train: 292 [ 200/390 ( 51%)]  Loss: 2.199 (2.04)  Loss_gt: 1.370 (1.31)  Loss_kd: 0.8288 (0.726) LR: 5.000e-05
2025-09-14 10:41:16,843 -                train: [    INFO] - Train: 292 [ 389/390 (100%)]  Loss: 1.950 (2.04)  Loss_gt: 1.272 (1.32)  Loss_kd: 0.6785 (0.723) LR: 5.000e-05
2025-09-14 10:41:17,051 -                train: [    INFO] - Test: [   0/78]  Time: 0.199 (0.199)  Loss:  0.5954 (0.5954)  Acc@1: 82.0312 (82.0312)  Acc@5: 99.2188 (99.2188)
2025-09-14 10:41:20,734 -                train: [    INFO] - Test: [  78/78]  Time: 0.015 (0.049)  Loss:  0.9157 (0.7744)  Acc@1: 75.0000 (81.0800)  Acc@5: 93.7500 (95.9300)
2025-09-14 10:41:21,511 -                train: [    INFO] - Train: 293 [   0/390 (  0%)]  Loss: 2.037 (2.04)  Loss_gt: 1.367 (1.37)  Loss_kd: 0.6700 (0.670) LR: 5.000e-05
2025-09-14 10:42:14,361 -                train: [    INFO] - Train: 293 [ 200/390 ( 51%)]  Loss: 1.982 (2.07)  Loss_gt: 1.270 (1.33)  Loss_kd: 0.7118 (0.738) LR: 5.000e-05
2025-09-14 10:43:04,210 -                train: [    INFO] - Train: 293 [ 389/390 (100%)]  Loss: 1.993 (2.06)  Loss_gt: 1.328 (1.32)  Loss_kd: 0.6646 (0.733) LR: 5.000e-05
2025-09-14 10:43:04,421 -                train: [    INFO] - Test: [   0/78]  Time: 0.201 (0.201)  Loss:  0.5938 (0.5938)  Acc@1: 83.5938 (83.5938)  Acc@5: 98.4375 (98.4375)
2025-09-14 10:43:07,889 -                train: [    INFO] - Test: [  78/78]  Time: 0.013 (0.046)  Loss:  0.9277 (0.7781)  Acc@1: 75.0000 (81.4100)  Acc@5: 93.7500 (95.9500)
2025-09-14 10:43:08,186 - timm.utils.checkpoint_saver: [    INFO] - Current checkpoints:
 ('./output/train/20250914-020203-resnet18-224/checkpoint/checkpoint-224.pth.tar', 81.42)
 ('./output/train/20250914-020203-resnet18-224/checkpoint/checkpoint-293.pth.tar', 81.41)
 ('./output/train/20250914-020203-resnet18-224/checkpoint/checkpoint-249.pth.tar', 81.4)
 ('./output/train/20250914-020203-resnet18-224/checkpoint/checkpoint-284.pth.tar', 81.4)
 ('./output/train/20250914-020203-resnet18-224/checkpoint/checkpoint-285.pth.tar', 81.39)
 ('./output/train/20250914-020203-resnet18-224/checkpoint/checkpoint-232.pth.tar', 81.38)
 ('./output/train/20250914-020203-resnet18-224/checkpoint/checkpoint-229.pth.tar', 81.36)
 ('./output/train/20250914-020203-resnet18-224/checkpoint/checkpoint-230.pth.tar', 81.36)
 ('./output/train/20250914-020203-resnet18-224/checkpoint/checkpoint-235.pth.tar', 81.33)
 ('./output/train/20250914-020203-resnet18-224/checkpoint/checkpoint-267.pth.tar', 81.33)

2025-09-14 10:43:08,831 -                train: [    INFO] - Train: 294 [   0/390 (  0%)]  Loss: 2.026 (2.03)  Loss_gt: 1.310 (1.31)  Loss_kd: 0.7163 (0.716) LR: 5.000e-05
2025-09-14 10:44:01,392 -                train: [    INFO] - Train: 294 [ 200/390 ( 51%)]  Loss: 2.172 (2.06)  Loss_gt: 1.371 (1.32)  Loss_kd: 0.8013 (0.743) LR: 5.000e-05
2025-09-14 10:44:50,834 -                train: [    INFO] - Train: 294 [ 389/390 (100%)]  Loss: 2.122 (2.06)  Loss_gt: 1.363 (1.32)  Loss_kd: 0.7588 (0.738) LR: 5.000e-05
2025-09-14 10:44:51,053 -                train: [    INFO] - Test: [   0/78]  Time: 0.209 (0.209)  Loss:  0.5924 (0.5924)  Acc@1: 83.5938 (83.5938)  Acc@5: 99.2188 (99.2188)
2025-09-14 10:44:54,760 -                train: [    INFO] - Test: [  78/78]  Time: 0.017 (0.050)  Loss:  0.9133 (0.7765)  Acc@1: 75.0000 (81.2400)  Acc@5: 93.7500 (96.0100)
2025-09-14 10:44:55,516 -                train: [    INFO] - Train: 295 [   0/390 (  0%)]  Loss: 1.843 (1.84)  Loss_gt: 1.283 (1.28)  Loss_kd: 0.5601 (0.560) LR: 5.000e-05
2025-09-14 10:45:47,953 -                train: [    INFO] - Train: 295 [ 200/390 ( 51%)]  Loss: 1.984 (2.04)  Loss_gt: 1.288 (1.32)  Loss_kd: 0.6958 (0.727) LR: 5.000e-05
2025-09-14 10:46:37,408 -                train: [    INFO] - Train: 295 [ 389/390 (100%)]  Loss: 2.102 (2.05)  Loss_gt: 1.368 (1.32)  Loss_kd: 0.7344 (0.728) LR: 5.000e-05
2025-09-14 10:46:37,595 -                train: [    INFO] - Test: [   0/78]  Time: 0.177 (0.177)  Loss:  0.5926 (0.5926)  Acc@1: 82.8125 (82.8125)  Acc@5: 98.4375 (98.4375)
2025-09-14 10:46:41,215 -                train: [    INFO] - Test: [  78/78]  Time: 0.017 (0.048)  Loss:  0.9265 (0.7758)  Acc@1: 75.0000 (81.3500)  Acc@5: 93.7500 (96.0200)
2025-09-14 10:46:41,461 - timm.utils.checkpoint_saver: [    INFO] - Current checkpoints:
 ('./output/train/20250914-020203-resnet18-224/checkpoint/checkpoint-224.pth.tar', 81.42)
 ('./output/train/20250914-020203-resnet18-224/checkpoint/checkpoint-293.pth.tar', 81.41)
 ('./output/train/20250914-020203-resnet18-224/checkpoint/checkpoint-249.pth.tar', 81.4)
 ('./output/train/20250914-020203-resnet18-224/checkpoint/checkpoint-284.pth.tar', 81.4)
 ('./output/train/20250914-020203-resnet18-224/checkpoint/checkpoint-285.pth.tar', 81.39)
 ('./output/train/20250914-020203-resnet18-224/checkpoint/checkpoint-232.pth.tar', 81.38)
 ('./output/train/20250914-020203-resnet18-224/checkpoint/checkpoint-229.pth.tar', 81.36)
 ('./output/train/20250914-020203-resnet18-224/checkpoint/checkpoint-230.pth.tar', 81.36)
 ('./output/train/20250914-020203-resnet18-224/checkpoint/checkpoint-295.pth.tar', 81.35)
 ('./output/train/20250914-020203-resnet18-224/checkpoint/checkpoint-235.pth.tar', 81.33)

2025-09-14 10:46:42,022 -                train: [    INFO] - Train: 296 [   0/390 (  0%)]  Loss: 2.338 (2.34)  Loss_gt: 1.466 (1.47)  Loss_kd: 0.8723 (0.872) LR: 5.000e-05
2025-09-14 10:47:34,501 -                train: [    INFO] - Train: 296 [ 200/390 ( 51%)]  Loss: 2.055 (2.04)  Loss_gt: 1.401 (1.32)  Loss_kd: 0.6535 (0.724) LR: 5.000e-05
2025-09-14 10:48:24,704 -                train: [    INFO] - Train: 296 [ 389/390 (100%)]  Loss: 1.898 (2.05)  Loss_gt: 1.272 (1.32)  Loss_kd: 0.6269 (0.726) LR: 5.000e-05
2025-09-14 10:48:24,893 -                train: [    INFO] - Test: [   0/78]  Time: 0.178 (0.178)  Loss:  0.5909 (0.5909)  Acc@1: 83.5938 (83.5938)  Acc@5: 98.4375 (98.4375)
2025-09-14 10:48:28,483 -                train: [    INFO] - Test: [  78/78]  Time: 0.013 (0.048)  Loss:  0.9283 (0.7704)  Acc@1: 75.0000 (81.2700)  Acc@5: 93.7500 (95.9400)
2025-09-14 10:48:29,345 -                train: [    INFO] - Train: 297 [   0/390 (  0%)]  Loss: 2.090 (2.09)  Loss_gt: 1.327 (1.33)  Loss_kd: 0.7622 (0.762) LR: 5.000e-05
2025-09-14 10:49:21,658 -                train: [    INFO] - Train: 297 [ 200/390 ( 51%)]  Loss: 1.962 (2.06)  Loss_gt: 1.302 (1.33)  Loss_kd: 0.6600 (0.731) LR: 5.000e-05
2025-09-14 10:50:10,926 -                train: [    INFO] - Train: 297 [ 389/390 (100%)]  Loss: 2.096 (2.05)  Loss_gt: 1.331 (1.32)  Loss_kd: 0.7643 (0.726) LR: 5.000e-05
2025-09-14 10:50:11,133 -                train: [    INFO] - Test: [   0/78]  Time: 0.197 (0.197)  Loss:  0.5832 (0.5832)  Acc@1: 85.1562 (85.1562)  Acc@5: 98.4375 (98.4375)
2025-09-14 10:50:14,651 -                train: [    INFO] - Test: [  78/78]  Time: 0.015 (0.047)  Loss:  0.9005 (0.7741)  Acc@1: 75.0000 (81.2400)  Acc@5: 93.7500 (95.9600)
2025-09-14 10:50:15,464 -                train: [    INFO] - Train: 298 [   0/390 (  0%)]  Loss: 2.011 (2.01)  Loss_gt: 1.282 (1.28)  Loss_kd: 0.7283 (0.728) LR: 5.000e-05
2025-09-14 10:51:08,639 -                train: [    INFO] - Train: 298 [ 200/390 ( 51%)]  Loss: 1.989 (2.04)  Loss_gt: 1.282 (1.32)  Loss_kd: 0.7073 (0.723) LR: 5.000e-05
2025-09-14 10:51:58,312 -                train: [    INFO] - Train: 298 [ 389/390 (100%)]  Loss: 2.444 (2.05)  Loss_gt: 1.496 (1.32)  Loss_kd: 0.9480 (0.726) LR: 5.000e-05
2025-09-14 10:51:58,513 -                train: [    INFO] - Test: [   0/78]  Time: 0.191 (0.191)  Loss:  0.5894 (0.5894)  Acc@1: 83.5938 (83.5938)  Acc@5: 98.4375 (98.4375)
2025-09-14 10:52:01,828 -                train: [    INFO] - Test: [  78/78]  Time: 0.015 (0.044)  Loss:  0.9287 (0.7768)  Acc@1: 75.0000 (81.3400)  Acc@5: 93.7500 (95.9500)
2025-09-14 10:52:02,118 - timm.utils.checkpoint_saver: [    INFO] - Current checkpoints:
 ('./output/train/20250914-020203-resnet18-224/checkpoint/checkpoint-224.pth.tar', 81.42)
 ('./output/train/20250914-020203-resnet18-224/checkpoint/checkpoint-293.pth.tar', 81.41)
 ('./output/train/20250914-020203-resnet18-224/checkpoint/checkpoint-249.pth.tar', 81.4)
 ('./output/train/20250914-020203-resnet18-224/checkpoint/checkpoint-284.pth.tar', 81.4)
 ('./output/train/20250914-020203-resnet18-224/checkpoint/checkpoint-285.pth.tar', 81.39)
 ('./output/train/20250914-020203-resnet18-224/checkpoint/checkpoint-232.pth.tar', 81.38)
 ('./output/train/20250914-020203-resnet18-224/checkpoint/checkpoint-229.pth.tar', 81.36)
 ('./output/train/20250914-020203-resnet18-224/checkpoint/checkpoint-230.pth.tar', 81.36)
 ('./output/train/20250914-020203-resnet18-224/checkpoint/checkpoint-295.pth.tar', 81.35)
 ('./output/train/20250914-020203-resnet18-224/checkpoint/checkpoint-298.pth.tar', 81.34)

2025-09-14 10:52:02,605 -                train: [    INFO] - Train: 299 [   0/390 (  0%)]  Loss: 2.067 (2.07)  Loss_gt: 1.298 (1.30)  Loss_kd: 0.7686 (0.769) LR: 5.000e-05
2025-09-14 10:52:54,965 -                train: [    INFO] - Train: 299 [ 200/390 ( 51%)]  Loss: 2.077 (2.04)  Loss_gt: 1.381 (1.32)  Loss_kd: 0.6951 (0.726) LR: 5.000e-05
2025-09-14 10:53:44,424 -                train: [    INFO] - Train: 299 [ 389/390 (100%)]  Loss: 1.964 (2.05)  Loss_gt: 1.204 (1.32)  Loss_kd: 0.7601 (0.730) LR: 5.000e-05
2025-09-14 10:53:44,639 -                train: [    INFO] - Test: [   0/78]  Time: 0.203 (0.203)  Loss:  0.5848 (0.5848)  Acc@1: 84.3750 (84.3750)  Acc@5: 98.4375 (98.4375)
2025-09-14 10:53:48,412 -                train: [    INFO] - Test: [  78/78]  Time: 0.017 (0.050)  Loss:  0.9204 (0.7782)  Acc@1: 75.0000 (81.3100)  Acc@5: 93.7500 (96.0000)
2025-09-14 10:53:48,897 -                train: [    INFO] - *** Best metric: 81.42 (epoch 224)
