2025-09-11 18:12:23,201 -                train: [    INFO] - Training with a single process on 1 GPUs.
2025-09-11 18:12:25,859 -  timm.models.helpers: [    INFO] - Loaded  from checkpoint '/nfs4/wangyb/projects/OFAKD/teacher_checkpoint/swin_tiny_patch4_window7_224_cifar100.pth'
2025-09-11 18:12:26,321 -                train: [    INFO] - Model resnet18_vcaV2 created, param count:13011340
2025-09-11 18:12:26,322 -     timm.data.config: [    INFO] - Data processing configuration for current model + dataset:
2025-09-11 18:12:26,324 -     timm.data.config: [    INFO] - 	input_size: (3, 224, 224)
2025-09-11 18:12:26,324 -     timm.data.config: [    INFO] - 	interpolation: bicubic
2025-09-11 18:12:26,324 -     timm.data.config: [    INFO] - 	mean: (0.485, 0.456, 0.406)
2025-09-11 18:12:26,325 -     timm.data.config: [    INFO] - 	std: (0.229, 0.224, 0.225)
2025-09-11 18:12:26,325 -     timm.data.config: [    INFO] - 	crop_pct: 0.875
2025-09-11 18:12:27,431 -                train: [    INFO] - 
-------------------------------
Learnable parameters
Student: 13.01M
Extra: 0.00M
-------------------------------
2025-09-11 18:12:27,560 -                train: [    INFO] - AMP not enabled. Training in float32.
2025-09-11 18:12:27,560 -                train: [    INFO] - Scheduled epochs: 240
2025-09-11 18:12:30,321 -                train: [    INFO] - Train: 0 [   0/781 (  0%)]  Loss: 60.71 (60.7)  Loss_cat: 5.974 (5.97)  Loss_feat: 50.13 (50.1)  Loss_gt: 4.610 (4.61) LR: 1.000e-04
2025-09-11 18:12:49,308 -                train: [    INFO] - Train: 0 [ 200/781 ( 26%)]  Loss: 57.83 (59.2)  Loss_cat: 4.579 (5.00)  Loss_feat: 48.67 (49.6)  Loss_gt: 4.579 (4.60) LR: 1.000e-04
2025-09-11 18:13:08,308 -                train: [    INFO] - Train: 0 [ 400/781 ( 51%)]  Loss: 54.62 (57.5)  Loss_cat: 4.323 (4.69)  Loss_feat: 45.76 (48.3)  Loss_gt: 4.534 (4.59) LR: 1.000e-04
2025-09-11 18:13:27,277 -                train: [    INFO] - Train: 0 [ 600/781 ( 77%)]  Loss: 52.21 (56.2)  Loss_cat: 4.260 (4.53)  Loss_feat: 43.42 (47.1)  Loss_gt: 4.528 (4.57) LR: 1.000e-04
2025-09-11 18:13:44,530 -                train: [    INFO] - Train: 0 [ 780/781 (100%)]  Loss: 51.18 (55.2)  Loss_cat: 3.966 (4.44)  Loss_feat: 42.66 (46.2)  Loss_gt: 4.550 (4.56) LR: 1.000e-04
2025-09-11 18:13:44,899 -                train: [    INFO] - Test: [   0/156]  Time: 0.363 (0.363)  Loss:  4.4873 (4.4873)  Acc@1:  4.6875 ( 4.6875)  Acc@5: 18.7500 (18.7500)
2025-09-11 18:13:49,415 -                train: [    INFO] - Test: [ 156/156]  Time: 1.544 (0.031)  Loss:  4.5349 (4.4985)  Acc@1:  0.0000 ( 3.4700)  Acc@5: 18.7500 (13.7000)
2025-09-11 18:13:49,782 - timm.utils.checkpoint_saver: [    INFO] - Current checkpoints:
 ('./output/train/20250911-181227-resnet18_vcaV2-224/checkpoint/checkpoint-0.pth.tar', 3.47)

2025-09-11 18:13:50,015 -                train: [    INFO] - Train: 1 [   0/781 (  0%)]  Loss: 50.79 (50.8)  Loss_cat: 3.877 (3.88)  Loss_feat: 42.43 (42.4)  Loss_gt: 4.488 (4.49) LR: 1.673e-02
2025-09-11 18:14:09,034 -                train: [    INFO] - Train: 1 [ 200/781 ( 26%)]  Loss: 47.76 (48.2)  Loss_cat: 3.717 (3.72)  Loss_feat: 39.94 (40.2)  Loss_gt: 4.106 (4.33) LR: 1.673e-02
2025-09-11 18:14:27,955 -                train: [    INFO] - Train: 1 [ 400/781 ( 51%)]  Loss: 47.50 (47.2)  Loss_cat: 3.678 (3.55)  Loss_feat: 39.58 (39.4)  Loss_gt: 4.244 (4.21) LR: 1.673e-02
2025-09-11 18:14:46,967 -                train: [    INFO] - Train: 1 [ 600/781 ( 77%)]  Loss: 44.52 (46.3)  Loss_cat: 3.071 (3.40)  Loss_feat: 37.50 (38.8)  Loss_gt: 3.943 (4.11) LR: 1.673e-02
2025-09-11 18:15:04,166 -                train: [    INFO] - Train: 1 [ 780/781 (100%)]  Loss: 44.16 (45.6)  Loss_cat: 2.946 (3.27)  Loss_feat: 37.27 (38.3)  Loss_gt: 3.939 (4.03) LR: 1.673e-02
2025-09-11 18:15:04,272 -                train: [    INFO] - Test: [   0/156]  Time: 0.100 (0.100)  Loss:  3.3061 (3.3061)  Acc@1: 14.0625 (14.0625)  Acc@5: 45.3125 (45.3125)
2025-09-11 18:15:07,198 -                train: [    INFO] - Test: [ 156/156]  Time: 0.009 (0.019)  Loss:  3.5771 (3.2229)  Acc@1: 25.0000 (19.9400)  Acc@5: 43.7500 (51.6000)
2025-09-11 18:15:07,671 - timm.utils.checkpoint_saver: [    INFO] - Current checkpoints:
 ('./output/train/20250911-181227-resnet18_vcaV2-224/checkpoint/checkpoint-1.pth.tar', 19.94)
 ('./output/train/20250911-181227-resnet18_vcaV2-224/checkpoint/checkpoint-0.pth.tar', 3.47)

2025-09-11 18:15:07,858 -                train: [    INFO] - Train: 2 [   0/781 (  0%)]  Loss: 43.02 (43.0)  Loss_cat: 2.806 (2.81)  Loss_feat: 36.49 (36.5)  Loss_gt: 3.722 (3.72) LR: 3.337e-02
2025-09-11 18:15:26,937 -                train: [    INFO] - Train: 2 [ 200/781 ( 26%)]  Loss: 42.00 (42.7)  Loss_cat: 2.669 (2.76)  Loss_feat: 35.75 (36.3)  Loss_gt: 3.579 (3.69) LR: 3.337e-02
2025-09-11 18:15:45,988 -                train: [    INFO] - Train: 2 [ 400/781 ( 51%)]  Loss: 40.80 (42.0)  Loss_cat: 2.445 (2.64)  Loss_feat: 34.96 (35.8)  Loss_gt: 3.393 (3.60) LR: 3.337e-02
2025-09-11 18:16:05,027 -                train: [    INFO] - Train: 2 [ 600/781 ( 77%)]  Loss: 39.13 (41.5)  Loss_cat: 2.236 (2.54)  Loss_feat: 33.56 (35.4)  Loss_gt: 3.331 (3.51) LR: 3.337e-02
2025-09-11 18:16:22,173 -                train: [    INFO] - Train: 2 [ 780/781 (100%)]  Loss: 37.49 (41.0)  Loss_cat: 1.914 (2.47)  Loss_feat: 32.60 (35.1)  Loss_gt: 2.975 (3.46) LR: 3.337e-02
2025-09-11 18:16:22,281 -                train: [    INFO] - Test: [   0/156]  Time: 0.102 (0.102)  Loss:  2.4426 (2.4426)  Acc@1: 35.9375 (35.9375)  Acc@5: 65.6250 (65.6250)
2025-09-11 18:16:25,155 -                train: [    INFO] - Test: [ 156/156]  Time: 0.009 (0.019)  Loss:  2.3087 (2.6735)  Acc@1: 56.2500 (33.1700)  Acc@5: 68.7500 (67.3500)
2025-09-11 18:16:25,810 - timm.utils.checkpoint_saver: [    INFO] - Current checkpoints:
 ('./output/train/20250911-181227-resnet18_vcaV2-224/checkpoint/checkpoint-2.pth.tar', 33.17)
 ('./output/train/20250911-181227-resnet18_vcaV2-224/checkpoint/checkpoint-1.pth.tar', 19.94)
 ('./output/train/20250911-181227-resnet18_vcaV2-224/checkpoint/checkpoint-0.pth.tar', 3.47)

2025-09-11 18:16:26,009 -                train: [    INFO] - Train: 3 [   0/781 (  0%)]  Loss: 38.58 (38.6)  Loss_cat: 2.137 (2.14)  Loss_feat: 33.20 (33.2)  Loss_gt: 3.245 (3.24) LR: 5.000e-02
2025-09-11 18:16:45,021 -                train: [    INFO] - Train: 3 [ 200/781 ( 26%)]  Loss: 38.78 (39.2)  Loss_cat: 2.135 (2.21)  Loss_feat: 33.50 (33.8)  Loss_gt: 3.143 (3.24) LR: 5.000e-02
2025-09-11 18:17:04,337 -                train: [    INFO] - Train: 3 [ 400/781 ( 51%)]  Loss: 38.04 (38.9)  Loss_cat: 1.999 (2.15)  Loss_feat: 32.88 (33.5)  Loss_gt: 3.161 (3.19) LR: 5.000e-02
2025-09-11 18:17:23,292 -                train: [    INFO] - Train: 3 [ 600/781 ( 77%)]  Loss: 38.04 (38.6)  Loss_cat: 2.038 (2.10)  Loss_feat: 32.73 (33.3)  Loss_gt: 3.271 (3.16) LR: 5.000e-02
2025-09-11 18:17:40,434 -                train: [    INFO] - Train: 3 [ 780/781 (100%)]  Loss: 37.79 (38.3)  Loss_cat: 2.047 (2.06)  Loss_feat: 32.37 (33.1)  Loss_gt: 3.372 (3.13) LR: 5.000e-02
2025-09-11 18:17:40,548 -                train: [    INFO] - Test: [   0/156]  Time: 0.108 (0.108)  Loss:  2.1546 (2.1546)  Acc@1: 45.3125 (45.3125)  Acc@5: 78.1250 (78.1250)
2025-09-11 18:17:43,434 -                train: [    INFO] - Test: [ 156/156]  Time: 0.009 (0.019)  Loss:  2.2355 (2.2618)  Acc@1: 31.2500 (39.7500)  Acc@5: 87.5000 (74.5100)
2025-09-11 18:17:44,293 - timm.utils.checkpoint_saver: [    INFO] - Current checkpoints:
 ('./output/train/20250911-181227-resnet18_vcaV2-224/checkpoint/checkpoint-3.pth.tar', 39.75)
 ('./output/train/20250911-181227-resnet18_vcaV2-224/checkpoint/checkpoint-2.pth.tar', 33.17)
 ('./output/train/20250911-181227-resnet18_vcaV2-224/checkpoint/checkpoint-1.pth.tar', 19.94)
 ('./output/train/20250911-181227-resnet18_vcaV2-224/checkpoint/checkpoint-0.pth.tar', 3.47)

2025-09-11 18:17:44,482 -                train: [    INFO] - Train: 4 [   0/781 (  0%)]  Loss: 37.05 (37.1)  Loss_cat: 1.870 (1.87)  Loss_feat: 31.89 (31.9)  Loss_gt: 3.290 (3.29) LR: 5.000e-02
2025-09-11 18:18:03,567 -                train: [    INFO] - Train: 4 [ 200/781 ( 26%)]  Loss: 37.20 (37.0)  Loss_cat: 1.894 (1.86)  Loss_feat: 32.57 (32.2)  Loss_gt: 2.732 (2.94) LR: 5.000e-02
2025-09-11 18:18:22,651 -                train: [    INFO] - Train: 4 [ 400/781 ( 51%)]  Loss: 35.59 (36.8)  Loss_cat: 1.685 (1.83)  Loss_feat: 31.22 (32.0)  Loss_gt: 2.686 (2.93) LR: 5.000e-02
2025-09-11 18:18:41,669 -                train: [    INFO] - Train: 4 [ 600/781 ( 77%)]  Loss: 36.81 (36.6)  Loss_cat: 1.879 (1.81)  Loss_feat: 31.90 (31.9)  Loss_gt: 3.024 (2.91) LR: 5.000e-02
2025-09-11 18:18:58,920 -                train: [    INFO] - Train: 4 [ 780/781 (100%)]  Loss: 35.87 (36.5)  Loss_cat: 1.707 (1.80)  Loss_feat: 31.46 (31.8)  Loss_gt: 2.701 (2.90) LR: 5.000e-02
2025-09-11 18:18:59,038 -                train: [    INFO] - Test: [   0/156]  Time: 0.111 (0.111)  Loss:  1.7456 (1.7456)  Acc@1: 53.1250 (53.1250)  Acc@5: 81.2500 (81.2500)
2025-09-11 18:19:01,923 -                train: [    INFO] - Test: [ 156/156]  Time: 0.008 (0.019)  Loss:  1.7252 (1.9436)  Acc@1: 56.2500 (48.4000)  Acc@5: 75.0000 (81.5100)
2025-09-11 18:19:02,476 - timm.utils.checkpoint_saver: [    INFO] - Current checkpoints:
 ('./output/train/20250911-181227-resnet18_vcaV2-224/checkpoint/checkpoint-4.pth.tar', 48.4)
 ('./output/train/20250911-181227-resnet18_vcaV2-224/checkpoint/checkpoint-3.pth.tar', 39.75)
 ('./output/train/20250911-181227-resnet18_vcaV2-224/checkpoint/checkpoint-2.pth.tar', 33.17)
 ('./output/train/20250911-181227-resnet18_vcaV2-224/checkpoint/checkpoint-1.pth.tar', 19.94)
 ('./output/train/20250911-181227-resnet18_vcaV2-224/checkpoint/checkpoint-0.pth.tar', 3.47)

2025-09-11 18:19:02,669 -                train: [    INFO] - Train: 5 [   0/781 (  0%)]  Loss: 36.60 (36.6)  Loss_cat: 1.746 (1.75)  Loss_feat: 31.92 (31.9)  Loss_gt: 2.935 (2.94) LR: 5.000e-02
2025-09-11 18:19:21,608 -                train: [    INFO] - Train: 5 [ 200/781 ( 26%)]  Loss: 34.82 (35.8)  Loss_cat: 1.557 (1.69)  Loss_feat: 30.75 (31.4)  Loss_gt: 2.512 (2.76) LR: 5.000e-02
2025-09-11 18:19:40,734 -                train: [    INFO] - Train: 5 [ 400/781 ( 51%)]  Loss: 35.53 (35.7)  Loss_cat: 1.655 (1.68)  Loss_feat: 31.17 (31.3)  Loss_gt: 2.704 (2.76) LR: 5.000e-02
2025-09-11 18:19:59,928 -                train: [    INFO] - Train: 5 [ 600/781 ( 77%)]  Loss: 35.30 (35.6)  Loss_cat: 1.591 (1.67)  Loss_feat: 30.74 (31.2)  Loss_gt: 2.963 (2.76) LR: 5.000e-02
2025-09-11 18:20:17,082 -                train: [    INFO] - Train: 5 [ 780/781 (100%)]  Loss: 34.78 (35.5)  Loss_cat: 1.541 (1.66)  Loss_feat: 30.40 (31.1)  Loss_gt: 2.838 (2.74) LR: 5.000e-02
2025-09-11 18:20:17,193 -                train: [    INFO] - Test: [   0/156]  Time: 0.106 (0.106)  Loss:  1.6900 (1.6900)  Acc@1: 56.2500 (56.2500)  Acc@5: 84.3750 (84.3750)
2025-09-11 18:20:20,155 -                train: [    INFO] - Test: [ 156/156]  Time: 0.008 (0.020)  Loss:  1.8746 (1.7390)  Acc@1: 56.2500 (52.0700)  Acc@5: 81.2500 (83.6500)
2025-09-11 18:20:20,795 - timm.utils.checkpoint_saver: [    INFO] - Current checkpoints:
 ('./output/train/20250911-181227-resnet18_vcaV2-224/checkpoint/checkpoint-5.pth.tar', 52.07)
 ('./output/train/20250911-181227-resnet18_vcaV2-224/checkpoint/checkpoint-4.pth.tar', 48.4)
 ('./output/train/20250911-181227-resnet18_vcaV2-224/checkpoint/checkpoint-3.pth.tar', 39.75)
 ('./output/train/20250911-181227-resnet18_vcaV2-224/checkpoint/checkpoint-2.pth.tar', 33.17)
 ('./output/train/20250911-181227-resnet18_vcaV2-224/checkpoint/checkpoint-1.pth.tar', 19.94)
 ('./output/train/20250911-181227-resnet18_vcaV2-224/checkpoint/checkpoint-0.pth.tar', 3.47)

2025-09-11 18:20:20,998 -                train: [    INFO] - Train: 6 [   0/781 (  0%)]  Loss: 33.65 (33.6)  Loss_cat: 1.447 (1.45)  Loss_feat: 29.89 (29.9)  Loss_gt: 2.310 (2.31) LR: 5.000e-02
2025-09-11 18:20:40,066 -                train: [    INFO] - Train: 6 [ 200/781 ( 26%)]  Loss: 35.73 (34.9)  Loss_cat: 1.612 (1.57)  Loss_feat: 31.26 (30.7)  Loss_gt: 2.858 (2.66) LR: 5.000e-02
2025-09-11 18:20:59,107 -                train: [    INFO] - Train: 6 [ 400/781 ( 51%)]  Loss: 36.43 (34.9)  Loss_cat: 1.775 (1.57)  Loss_feat: 31.84 (30.7)  Loss_gt: 2.817 (2.66) LR: 5.000e-02
2025-09-11 18:21:18,253 -                train: [    INFO] - Train: 6 [ 600/781 ( 77%)]  Loss: 35.24 (34.9)  Loss_cat: 1.541 (1.57)  Loss_feat: 31.18 (30.7)  Loss_gt: 2.515 (2.65) LR: 5.000e-02
2025-09-11 18:21:35,499 -                train: [    INFO] - Train: 6 [ 780/781 (100%)]  Loss: 35.50 (34.8)  Loss_cat: 1.602 (1.56)  Loss_feat: 31.31 (30.6)  Loss_gt: 2.587 (2.64) LR: 5.000e-02
2025-09-11 18:21:35,613 -                train: [    INFO] - Test: [   0/156]  Time: 0.108 (0.108)  Loss:  1.5512 (1.5512)  Acc@1: 56.2500 (56.2500)  Acc@5: 84.3750 (84.3750)
2025-09-11 18:21:38,534 -                train: [    INFO] - Test: [ 156/156]  Time: 0.010 (0.019)  Loss:  1.2444 (1.6894)  Acc@1: 81.2500 (54.2100)  Acc@5: 87.5000 (84.8200)
2025-09-11 18:21:38,987 - timm.utils.checkpoint_saver: [    INFO] - Current checkpoints:
 ('./output/train/20250911-181227-resnet18_vcaV2-224/checkpoint/checkpoint-6.pth.tar', 54.21)
 ('./output/train/20250911-181227-resnet18_vcaV2-224/checkpoint/checkpoint-5.pth.tar', 52.07)
 ('./output/train/20250911-181227-resnet18_vcaV2-224/checkpoint/checkpoint-4.pth.tar', 48.4)
 ('./output/train/20250911-181227-resnet18_vcaV2-224/checkpoint/checkpoint-3.pth.tar', 39.75)
 ('./output/train/20250911-181227-resnet18_vcaV2-224/checkpoint/checkpoint-2.pth.tar', 33.17)
 ('./output/train/20250911-181227-resnet18_vcaV2-224/checkpoint/checkpoint-1.pth.tar', 19.94)
 ('./output/train/20250911-181227-resnet18_vcaV2-224/checkpoint/checkpoint-0.pth.tar', 3.47)

2025-09-11 18:21:39,200 -                train: [    INFO] - Train: 7 [   0/781 (  0%)]  Loss: 34.38 (34.4)  Loss_cat: 1.509 (1.51)  Loss_feat: 30.13 (30.1)  Loss_gt: 2.748 (2.75) LR: 5.000e-02
2025-09-11 18:21:58,216 -                train: [    INFO] - Train: 7 [ 200/781 ( 26%)]  Loss: 35.19 (34.5)  Loss_cat: 1.617 (1.51)  Loss_feat: 30.92 (30.4)  Loss_gt: 2.655 (2.59) LR: 5.000e-02
2025-09-11 18:22:17,256 -                train: [    INFO] - Train: 7 [ 400/781 ( 51%)]  Loss: 33.45 (34.4)  Loss_cat: 1.343 (1.50)  Loss_feat: 29.53 (30.3)  Loss_gt: 2.580 (2.58) LR: 5.000e-02
2025-09-11 18:22:36,255 -                train: [    INFO] - Train: 7 [ 600/781 ( 77%)]  Loss: 33.41 (34.4)  Loss_cat: 1.413 (1.50)  Loss_feat: 29.49 (30.3)  Loss_gt: 2.513 (2.58) LR: 5.000e-02
2025-09-11 18:22:53,472 -                train: [    INFO] - Train: 7 [ 780/781 (100%)]  Loss: 34.66 (34.4)  Loss_cat: 1.603 (1.49)  Loss_feat: 30.39 (30.3)  Loss_gt: 2.659 (2.58) LR: 5.000e-02
2025-09-11 18:22:53,591 -                train: [    INFO] - Test: [   0/156]  Time: 0.112 (0.112)  Loss:  1.2958 (1.2958)  Acc@1: 60.9375 (60.9375)  Acc@5: 89.0625 (89.0625)
2025-09-11 18:22:56,499 -                train: [    INFO] - Test: [ 156/156]  Time: 0.008 (0.019)  Loss:  1.2199 (1.5023)  Acc@1: 62.5000 (58.3100)  Acc@5: 93.7500 (87.5100)
2025-09-11 18:22:57,247 - timm.utils.checkpoint_saver: [    INFO] - Current checkpoints:
 ('./output/train/20250911-181227-resnet18_vcaV2-224/checkpoint/checkpoint-7.pth.tar', 58.31)
 ('./output/train/20250911-181227-resnet18_vcaV2-224/checkpoint/checkpoint-6.pth.tar', 54.21)
 ('./output/train/20250911-181227-resnet18_vcaV2-224/checkpoint/checkpoint-5.pth.tar', 52.07)
 ('./output/train/20250911-181227-resnet18_vcaV2-224/checkpoint/checkpoint-4.pth.tar', 48.4)
 ('./output/train/20250911-181227-resnet18_vcaV2-224/checkpoint/checkpoint-3.pth.tar', 39.75)
 ('./output/train/20250911-181227-resnet18_vcaV2-224/checkpoint/checkpoint-2.pth.tar', 33.17)
 ('./output/train/20250911-181227-resnet18_vcaV2-224/checkpoint/checkpoint-1.pth.tar', 19.94)
 ('./output/train/20250911-181227-resnet18_vcaV2-224/checkpoint/checkpoint-0.pth.tar', 3.47)

2025-09-11 18:22:57,462 -                train: [    INFO] - Train: 8 [   0/781 (  0%)]  Loss: 34.60 (34.6)  Loss_cat: 1.540 (1.54)  Loss_feat: 30.79 (30.8)  Loss_gt: 2.276 (2.28) LR: 5.000e-02
2025-09-11 18:23:16,542 -                train: [    INFO] - Train: 8 [ 200/781 ( 26%)]  Loss: 34.10 (34.2)  Loss_cat: 1.476 (1.48)  Loss_feat: 30.15 (30.2)  Loss_gt: 2.477 (2.54) LR: 5.000e-02
2025-09-11 18:23:35,472 -                train: [    INFO] - Train: 8 [ 400/781 ( 51%)]  Loss: 33.32 (34.1)  Loss_cat: 1.395 (1.47)  Loss_feat: 29.65 (30.1)  Loss_gt: 2.273 (2.52) LR: 5.000e-02
2025-09-11 18:23:54,332 -                train: [    INFO] - Train: 8 [ 600/781 ( 77%)]  Loss: 32.70 (34.1)  Loss_cat: 1.345 (1.47)  Loss_feat: 28.95 (30.1)  Loss_gt: 2.411 (2.53) LR: 5.000e-02
2025-09-11 18:24:11,421 -                train: [    INFO] - Train: 8 [ 780/781 (100%)]  Loss: 33.83 (34.1)  Loss_cat: 1.353 (1.46)  Loss_feat: 29.77 (30.1)  Loss_gt: 2.707 (2.52) LR: 5.000e-02
2025-09-11 18:24:11,540 -                train: [    INFO] - Test: [   0/156]  Time: 0.114 (0.114)  Loss:  1.4224 (1.4224)  Acc@1: 65.6250 (65.6250)  Acc@5: 85.9375 (85.9375)
2025-09-11 18:24:15,059 -                train: [    INFO] - Test: [ 156/156]  Time: 0.009 (0.023)  Loss:  1.4424 (1.5094)  Acc@1: 62.5000 (58.2200)  Acc@5: 75.0000 (87.3000)
2025-09-11 18:24:15,546 - timm.utils.checkpoint_saver: [    INFO] - Current checkpoints:
 ('./output/train/20250911-181227-resnet18_vcaV2-224/checkpoint/checkpoint-7.pth.tar', 58.31)
 ('./output/train/20250911-181227-resnet18_vcaV2-224/checkpoint/checkpoint-8.pth.tar', 58.22)
 ('./output/train/20250911-181227-resnet18_vcaV2-224/checkpoint/checkpoint-6.pth.tar', 54.21)
 ('./output/train/20250911-181227-resnet18_vcaV2-224/checkpoint/checkpoint-5.pth.tar', 52.07)
 ('./output/train/20250911-181227-resnet18_vcaV2-224/checkpoint/checkpoint-4.pth.tar', 48.4)
 ('./output/train/20250911-181227-resnet18_vcaV2-224/checkpoint/checkpoint-3.pth.tar', 39.75)
 ('./output/train/20250911-181227-resnet18_vcaV2-224/checkpoint/checkpoint-2.pth.tar', 33.17)
 ('./output/train/20250911-181227-resnet18_vcaV2-224/checkpoint/checkpoint-1.pth.tar', 19.94)
 ('./output/train/20250911-181227-resnet18_vcaV2-224/checkpoint/checkpoint-0.pth.tar', 3.47)

2025-09-11 18:24:15,743 -                train: [    INFO] - Train: 9 [   0/781 (  0%)]  Loss: 34.25 (34.2)  Loss_cat: 1.369 (1.37)  Loss_feat: 30.50 (30.5)  Loss_gt: 2.381 (2.38) LR: 5.000e-02
2025-09-11 18:24:34,849 -                train: [    INFO] - Train: 9 [ 200/781 ( 26%)]  Loss: 32.98 (33.8)  Loss_cat: 1.361 (1.42)  Loss_feat: 28.98 (29.9)  Loss_gt: 2.641 (2.48) LR: 5.000e-02
2025-09-11 18:24:53,768 -                train: [    INFO] - Train: 9 [ 400/781 ( 51%)]  Loss: 34.23 (33.8)  Loss_cat: 1.448 (1.43)  Loss_feat: 30.35 (29.9)  Loss_gt: 2.429 (2.48) LR: 5.000e-02
2025-09-11 18:25:12,728 -                train: [    INFO] - Train: 9 [ 600/781 ( 77%)]  Loss: 33.77 (33.8)  Loss_cat: 1.398 (1.42)  Loss_feat: 29.75 (29.9)  Loss_gt: 2.622 (2.48) LR: 5.000e-02
2025-09-11 18:25:29,889 -                train: [    INFO] - Train: 9 [ 780/781 (100%)]  Loss: 33.82 (33.8)  Loss_cat: 1.383 (1.42)  Loss_feat: 29.64 (29.9)  Loss_gt: 2.792 (2.48) LR: 5.000e-02
2025-09-11 18:25:29,995 -                train: [    INFO] - Test: [   0/156]  Time: 0.100 (0.100)  Loss:  1.4531 (1.4531)  Acc@1: 64.0625 (64.0625)  Acc@5: 82.8125 (82.8125)
2025-09-11 18:25:32,831 -                train: [    INFO] - Test: [ 156/156]  Time: 0.008 (0.019)  Loss:  1.3258 (1.5070)  Acc@1: 68.7500 (58.7600)  Acc@5: 87.5000 (87.9000)
2025-09-11 18:25:33,373 - timm.utils.checkpoint_saver: [    INFO] - Current checkpoints:
 ('./output/train/20250911-181227-resnet18_vcaV2-224/checkpoint/checkpoint-9.pth.tar', 58.76)
 ('./output/train/20250911-181227-resnet18_vcaV2-224/checkpoint/checkpoint-7.pth.tar', 58.31)
 ('./output/train/20250911-181227-resnet18_vcaV2-224/checkpoint/checkpoint-8.pth.tar', 58.22)
 ('./output/train/20250911-181227-resnet18_vcaV2-224/checkpoint/checkpoint-6.pth.tar', 54.21)
 ('./output/train/20250911-181227-resnet18_vcaV2-224/checkpoint/checkpoint-5.pth.tar', 52.07)
 ('./output/train/20250911-181227-resnet18_vcaV2-224/checkpoint/checkpoint-4.pth.tar', 48.4)
 ('./output/train/20250911-181227-resnet18_vcaV2-224/checkpoint/checkpoint-3.pth.tar', 39.75)
 ('./output/train/20250911-181227-resnet18_vcaV2-224/checkpoint/checkpoint-2.pth.tar', 33.17)
 ('./output/train/20250911-181227-resnet18_vcaV2-224/checkpoint/checkpoint-1.pth.tar', 19.94)
 ('./output/train/20250911-181227-resnet18_vcaV2-224/checkpoint/checkpoint-0.pth.tar', 3.47)

2025-09-11 18:25:33,570 -                train: [    INFO] - Train: 10 [   0/781 (  0%)]  Loss: 33.10 (33.1)  Loss_cat: 1.364 (1.36)  Loss_feat: 29.42 (29.4)  Loss_gt: 2.310 (2.31) LR: 5.000e-02
2025-09-11 18:25:52,578 -                train: [    INFO] - Train: 10 [ 200/781 ( 26%)]  Loss: 33.50 (33.6)  Loss_cat: 1.389 (1.40)  Loss_feat: 29.57 (29.8)  Loss_gt: 2.545 (2.45) LR: 5.000e-02
2025-09-11 18:26:11,619 -                train: [    INFO] - Train: 10 [ 400/781 ( 51%)]  Loss: 34.09 (33.6)  Loss_cat: 1.417 (1.40)  Loss_feat: 29.90 (29.7)  Loss_gt: 2.768 (2.45) LR: 5.000e-02
2025-09-11 18:26:30,506 -                train: [    INFO] - Train: 10 [ 600/781 ( 77%)]  Loss: 33.50 (33.5)  Loss_cat: 1.342 (1.39)  Loss_feat: 29.92 (29.7)  Loss_gt: 2.238 (2.45) LR: 5.000e-02
2025-09-11 18:26:47,523 -                train: [    INFO] - Train: 10 [ 780/781 (100%)]  Loss: 34.09 (33.5)  Loss_cat: 1.456 (1.39)  Loss_feat: 30.08 (29.7)  Loss_gt: 2.553 (2.44) LR: 5.000e-02
2025-09-11 18:26:47,631 -                train: [    INFO] - Test: [   0/156]  Time: 0.101 (0.101)  Loss:  1.4028 (1.4028)  Acc@1: 59.3750 (59.3750)  Acc@5: 81.2500 (81.2500)
2025-09-11 18:26:50,485 -                train: [    INFO] - Test: [ 156/156]  Time: 0.008 (0.019)  Loss:  1.7378 (1.4620)  Acc@1: 62.5000 (61.5600)  Acc@5: 81.2500 (87.9300)
2025-09-11 18:26:51,448 - timm.utils.checkpoint_saver: [    INFO] - Current checkpoints:
 ('./output/train/20250911-181227-resnet18_vcaV2-224/checkpoint/checkpoint-10.pth.tar', 61.56)
 ('./output/train/20250911-181227-resnet18_vcaV2-224/checkpoint/checkpoint-9.pth.tar', 58.76)
 ('./output/train/20250911-181227-resnet18_vcaV2-224/checkpoint/checkpoint-7.pth.tar', 58.31)
 ('./output/train/20250911-181227-resnet18_vcaV2-224/checkpoint/checkpoint-8.pth.tar', 58.22)
 ('./output/train/20250911-181227-resnet18_vcaV2-224/checkpoint/checkpoint-6.pth.tar', 54.21)
 ('./output/train/20250911-181227-resnet18_vcaV2-224/checkpoint/checkpoint-5.pth.tar', 52.07)
 ('./output/train/20250911-181227-resnet18_vcaV2-224/checkpoint/checkpoint-4.pth.tar', 48.4)
 ('./output/train/20250911-181227-resnet18_vcaV2-224/checkpoint/checkpoint-3.pth.tar', 39.75)
 ('./output/train/20250911-181227-resnet18_vcaV2-224/checkpoint/checkpoint-2.pth.tar', 33.17)
 ('./output/train/20250911-181227-resnet18_vcaV2-224/checkpoint/checkpoint-1.pth.tar', 19.94)

2025-09-11 18:26:51,649 -                train: [    INFO] - Train: 11 [   0/781 (  0%)]  Loss: 33.51 (33.5)  Loss_cat: 1.391 (1.39)  Loss_feat: 29.61 (29.6)  Loss_gt: 2.510 (2.51) LR: 5.000e-02
2025-09-11 18:27:10,629 -                train: [    INFO] - Train: 11 [ 200/781 ( 26%)]  Loss: 33.50 (33.4)  Loss_cat: 1.410 (1.37)  Loss_feat: 29.83 (29.6)  Loss_gt: 2.263 (2.41) LR: 5.000e-02
2025-09-11 18:27:29,625 -                train: [    INFO] - Train: 11 [ 400/781 ( 51%)]  Loss: 33.01 (33.4)  Loss_cat: 1.308 (1.37)  Loss_feat: 29.25 (29.6)  Loss_gt: 2.453 (2.43) LR: 5.000e-02
2025-09-11 18:27:48,504 -                train: [    INFO] - Train: 11 [ 600/781 ( 77%)]  Loss: 33.94 (33.3)  Loss_cat: 1.397 (1.37)  Loss_feat: 29.87 (29.6)  Loss_gt: 2.677 (2.42) LR: 5.000e-02
2025-09-11 18:28:05,715 -                train: [    INFO] - Train: 11 [ 780/781 (100%)]  Loss: 31.70 (33.3)  Loss_cat: 1.202 (1.37)  Loss_feat: 28.47 (29.6)  Loss_gt: 2.034 (2.42) LR: 5.000e-02
2025-09-11 18:28:05,829 -                train: [    INFO] - Test: [   0/156]  Time: 0.108 (0.108)  Loss:  1.4889 (1.4889)  Acc@1: 64.0625 (64.0625)  Acc@5: 84.3750 (84.3750)
2025-09-11 18:28:08,681 -                train: [    INFO] - Test: [ 156/156]  Time: 0.013 (0.019)  Loss:  1.0768 (1.4138)  Acc@1: 68.7500 (61.7700)  Acc@5: 87.5000 (88.5400)
2025-09-11 18:28:09,342 - timm.utils.checkpoint_saver: [    INFO] - Current checkpoints:
 ('./output/train/20250911-181227-resnet18_vcaV2-224/checkpoint/checkpoint-11.pth.tar', 61.77)
 ('./output/train/20250911-181227-resnet18_vcaV2-224/checkpoint/checkpoint-10.pth.tar', 61.56)
 ('./output/train/20250911-181227-resnet18_vcaV2-224/checkpoint/checkpoint-9.pth.tar', 58.76)
 ('./output/train/20250911-181227-resnet18_vcaV2-224/checkpoint/checkpoint-7.pth.tar', 58.31)
 ('./output/train/20250911-181227-resnet18_vcaV2-224/checkpoint/checkpoint-8.pth.tar', 58.22)
 ('./output/train/20250911-181227-resnet18_vcaV2-224/checkpoint/checkpoint-6.pth.tar', 54.21)
 ('./output/train/20250911-181227-resnet18_vcaV2-224/checkpoint/checkpoint-5.pth.tar', 52.07)
 ('./output/train/20250911-181227-resnet18_vcaV2-224/checkpoint/checkpoint-4.pth.tar', 48.4)
 ('./output/train/20250911-181227-resnet18_vcaV2-224/checkpoint/checkpoint-3.pth.tar', 39.75)
 ('./output/train/20250911-181227-resnet18_vcaV2-224/checkpoint/checkpoint-2.pth.tar', 33.17)

2025-09-11 18:28:09,547 -                train: [    INFO] - Train: 12 [   0/781 (  0%)]  Loss: 32.80 (32.8)  Loss_cat: 1.324 (1.32)  Loss_feat: 29.10 (29.1)  Loss_gt: 2.377 (2.38) LR: 5.000e-02
2025-09-11 18:28:28,503 -                train: [    INFO] - Train: 12 [ 200/781 ( 26%)]  Loss: 33.02 (33.2)  Loss_cat: 1.351 (1.35)  Loss_feat: 29.48 (29.4)  Loss_gt: 2.184 (2.39) LR: 5.000e-02
2025-09-11 18:28:47,557 -                train: [    INFO] - Train: 12 [ 400/781 ( 51%)]  Loss: 32.96 (33.2)  Loss_cat: 1.331 (1.35)  Loss_feat: 29.29 (29.4)  Loss_gt: 2.334 (2.40) LR: 5.000e-02
2025-09-11 18:29:06,701 -                train: [    INFO] - Train: 12 [ 600/781 ( 77%)]  Loss: 33.17 (33.2)  Loss_cat: 1.359 (1.35)  Loss_feat: 29.22 (29.4)  Loss_gt: 2.583 (2.39) LR: 5.000e-02
2025-09-11 18:29:23,749 -                train: [    INFO] - Train: 12 [ 780/781 (100%)]  Loss: 34.77 (33.2)  Loss_cat: 1.539 (1.35)  Loss_feat: 30.58 (29.4)  Loss_gt: 2.651 (2.40) LR: 5.000e-02
2025-09-11 18:29:23,858 -                train: [    INFO] - Test: [   0/156]  Time: 0.102 (0.102)  Loss:  1.2107 (1.2107)  Acc@1: 70.3125 (70.3125)  Acc@5: 87.5000 (87.5000)
2025-09-11 18:29:26,703 -                train: [    INFO] - Test: [ 156/156]  Time: 0.008 (0.019)  Loss:  1.5619 (1.4005)  Acc@1: 62.5000 (61.9800)  Acc@5: 81.2500 (89.3200)
2025-09-11 18:29:27,354 - timm.utils.checkpoint_saver: [    INFO] - Current checkpoints:
 ('./output/train/20250911-181227-resnet18_vcaV2-224/checkpoint/checkpoint-12.pth.tar', 61.98)
 ('./output/train/20250911-181227-resnet18_vcaV2-224/checkpoint/checkpoint-11.pth.tar', 61.77)
 ('./output/train/20250911-181227-resnet18_vcaV2-224/checkpoint/checkpoint-10.pth.tar', 61.56)
 ('./output/train/20250911-181227-resnet18_vcaV2-224/checkpoint/checkpoint-9.pth.tar', 58.76)
 ('./output/train/20250911-181227-resnet18_vcaV2-224/checkpoint/checkpoint-7.pth.tar', 58.31)
 ('./output/train/20250911-181227-resnet18_vcaV2-224/checkpoint/checkpoint-8.pth.tar', 58.22)
 ('./output/train/20250911-181227-resnet18_vcaV2-224/checkpoint/checkpoint-6.pth.tar', 54.21)
 ('./output/train/20250911-181227-resnet18_vcaV2-224/checkpoint/checkpoint-5.pth.tar', 52.07)
 ('./output/train/20250911-181227-resnet18_vcaV2-224/checkpoint/checkpoint-4.pth.tar', 48.4)
 ('./output/train/20250911-181227-resnet18_vcaV2-224/checkpoint/checkpoint-3.pth.tar', 39.75)

2025-09-11 18:29:27,545 -                train: [    INFO] - Train: 13 [   0/781 (  0%)]  Loss: 32.36 (32.4)  Loss_cat: 1.254 (1.25)  Loss_feat: 28.98 (29.0)  Loss_gt: 2.122 (2.12) LR: 5.000e-02
2025-09-11 18:29:46,495 -                train: [    INFO] - Train: 13 [ 200/781 ( 26%)]  Loss: 31.99 (33.0)  Loss_cat: 1.167 (1.33)  Loss_feat: 28.49 (29.3)  Loss_gt: 2.330 (2.36) LR: 5.000e-02
2025-09-11 18:30:05,515 -                train: [    INFO] - Train: 13 [ 400/781 ( 51%)]  Loss: 34.10 (33.0)  Loss_cat: 1.482 (1.33)  Loss_feat: 30.08 (29.3)  Loss_gt: 2.536 (2.37) LR: 5.000e-02
2025-09-11 18:30:24,574 -                train: [    INFO] - Train: 13 [ 600/781 ( 77%)]  Loss: 32.14 (33.0)  Loss_cat: 1.280 (1.34)  Loss_feat: 28.73 (29.3)  Loss_gt: 2.134 (2.37) LR: 5.000e-02
2025-09-11 18:30:41,726 -                train: [    INFO] - Train: 13 [ 780/781 (100%)]  Loss: 32.76 (33.0)  Loss_cat: 1.294 (1.34)  Loss_feat: 29.20 (29.3)  Loss_gt: 2.270 (2.37) LR: 5.000e-02
2025-09-11 18:30:41,837 -                train: [    INFO] - Test: [   0/156]  Time: 0.106 (0.106)  Loss:  1.1376 (1.1376)  Acc@1: 68.7500 (68.7500)  Acc@5: 89.0625 (89.0625)
2025-09-11 18:30:44,951 -                train: [    INFO] - Test: [ 156/156]  Time: 0.008 (0.021)  Loss:  1.4421 (1.3118)  Acc@1: 68.7500 (63.6000)  Acc@5: 81.2500 (90.4800)
2025-09-11 18:30:45,422 - timm.utils.checkpoint_saver: [    INFO] - Current checkpoints:
 ('./output/train/20250911-181227-resnet18_vcaV2-224/checkpoint/checkpoint-13.pth.tar', 63.6)
 ('./output/train/20250911-181227-resnet18_vcaV2-224/checkpoint/checkpoint-12.pth.tar', 61.98)
 ('./output/train/20250911-181227-resnet18_vcaV2-224/checkpoint/checkpoint-11.pth.tar', 61.77)
 ('./output/train/20250911-181227-resnet18_vcaV2-224/checkpoint/checkpoint-10.pth.tar', 61.56)
 ('./output/train/20250911-181227-resnet18_vcaV2-224/checkpoint/checkpoint-9.pth.tar', 58.76)
 ('./output/train/20250911-181227-resnet18_vcaV2-224/checkpoint/checkpoint-7.pth.tar', 58.31)
 ('./output/train/20250911-181227-resnet18_vcaV2-224/checkpoint/checkpoint-8.pth.tar', 58.22)
 ('./output/train/20250911-181227-resnet18_vcaV2-224/checkpoint/checkpoint-6.pth.tar', 54.21)
 ('./output/train/20250911-181227-resnet18_vcaV2-224/checkpoint/checkpoint-5.pth.tar', 52.07)
 ('./output/train/20250911-181227-resnet18_vcaV2-224/checkpoint/checkpoint-4.pth.tar', 48.4)

2025-09-11 18:30:45,647 -                train: [    INFO] - Train: 14 [   0/781 (  0%)]  Loss: 33.38 (33.4)  Loss_cat: 1.356 (1.36)  Loss_feat: 29.49 (29.5)  Loss_gt: 2.535 (2.53) LR: 5.000e-02
2025-09-11 18:31:04,732 -                train: [    INFO] - Train: 14 [ 200/781 ( 26%)]  Loss: 32.44 (32.9)  Loss_cat: 1.300 (1.32)  Loss_feat: 28.88 (29.3)  Loss_gt: 2.253 (2.33) LR: 5.000e-02
2025-09-11 18:31:23,742 -                train: [    INFO] - Train: 14 [ 400/781 ( 51%)]  Loss: 33.03 (32.9)  Loss_cat: 1.358 (1.32)  Loss_feat: 28.92 (29.3)  Loss_gt: 2.751 (2.34) LR: 5.000e-02
2025-09-11 18:31:42,887 -                train: [    INFO] - Train: 14 [ 600/781 ( 77%)]  Loss: 33.30 (32.9)  Loss_cat: 1.327 (1.32)  Loss_feat: 29.58 (29.3)  Loss_gt: 2.394 (2.35) LR: 5.000e-02
2025-09-11 18:32:00,191 -                train: [    INFO] - Train: 14 [ 780/781 (100%)]  Loss: 32.24 (32.9)  Loss_cat: 1.249 (1.32)  Loss_feat: 28.77 (29.3)  Loss_gt: 2.220 (2.35) LR: 5.000e-02
2025-09-11 18:32:00,305 -                train: [    INFO] - Test: [   0/156]  Time: 0.108 (0.108)  Loss:  1.2089 (1.2089)  Acc@1: 64.0625 (64.0625)  Acc@5: 92.1875 (92.1875)
2025-09-11 18:32:03,231 -                train: [    INFO] - Test: [ 156/156]  Time: 0.008 (0.019)  Loss:  1.0602 (1.3696)  Acc@1: 68.7500 (62.9000)  Acc@5: 87.5000 (88.8300)
2025-09-11 18:32:03,668 - timm.utils.checkpoint_saver: [    INFO] - Current checkpoints:
 ('./output/train/20250911-181227-resnet18_vcaV2-224/checkpoint/checkpoint-13.pth.tar', 63.6)
 ('./output/train/20250911-181227-resnet18_vcaV2-224/checkpoint/checkpoint-14.pth.tar', 62.9)
 ('./output/train/20250911-181227-resnet18_vcaV2-224/checkpoint/checkpoint-12.pth.tar', 61.98)
 ('./output/train/20250911-181227-resnet18_vcaV2-224/checkpoint/checkpoint-11.pth.tar', 61.77)
 ('./output/train/20250911-181227-resnet18_vcaV2-224/checkpoint/checkpoint-10.pth.tar', 61.56)
 ('./output/train/20250911-181227-resnet18_vcaV2-224/checkpoint/checkpoint-9.pth.tar', 58.76)
 ('./output/train/20250911-181227-resnet18_vcaV2-224/checkpoint/checkpoint-7.pth.tar', 58.31)
 ('./output/train/20250911-181227-resnet18_vcaV2-224/checkpoint/checkpoint-8.pth.tar', 58.22)
 ('./output/train/20250911-181227-resnet18_vcaV2-224/checkpoint/checkpoint-6.pth.tar', 54.21)
 ('./output/train/20250911-181227-resnet18_vcaV2-224/checkpoint/checkpoint-5.pth.tar', 52.07)

2025-09-11 18:32:03,859 -                train: [    INFO] - Train: 15 [   0/781 (  0%)]  Loss: 31.91 (31.9)  Loss_cat: 1.246 (1.25)  Loss_feat: 28.35 (28.3)  Loss_gt: 2.314 (2.31) LR: 5.000e-02
2025-09-11 18:32:23,011 -                train: [    INFO] - Train: 15 [ 200/781 ( 26%)]  Loss: 33.29 (32.9)  Loss_cat: 1.356 (1.32)  Loss_feat: 29.68 (29.3)  Loss_gt: 2.262 (2.33) LR: 5.000e-02
2025-09-11 18:32:42,168 -                train: [    INFO] - Train: 15 [ 400/781 ( 51%)]  Loss: 33.12 (32.8)  Loss_cat: 1.338 (1.31)  Loss_feat: 29.45 (29.2)  Loss_gt: 2.328 (2.32) LR: 5.000e-02
2025-09-11 18:33:01,269 -                train: [    INFO] - Train: 15 [ 600/781 ( 77%)]  Loss: 33.52 (32.8)  Loss_cat: 1.419 (1.31)  Loss_feat: 29.85 (29.2)  Loss_gt: 2.256 (2.33) LR: 5.000e-02
2025-09-11 18:33:18,565 -                train: [    INFO] - Train: 15 [ 780/781 (100%)]  Loss: 32.61 (32.8)  Loss_cat: 1.349 (1.31)  Loss_feat: 28.94 (29.2)  Loss_gt: 2.320 (2.33) LR: 5.000e-02
2025-09-11 18:33:18,673 -                train: [    INFO] - Test: [   0/156]  Time: 0.102 (0.102)  Loss:  1.1872 (1.1872)  Acc@1: 68.7500 (68.7500)  Acc@5: 87.5000 (87.5000)
2025-09-11 18:33:21,669 -                train: [    INFO] - Test: [ 156/156]  Time: 0.009 (0.020)  Loss:  1.2037 (1.3173)  Acc@1: 68.7500 (64.7600)  Acc@5: 87.5000 (90.1700)
2025-09-11 18:33:22,258 - timm.utils.checkpoint_saver: [    INFO] - Current checkpoints:
 ('./output/train/20250911-181227-resnet18_vcaV2-224/checkpoint/checkpoint-15.pth.tar', 64.76)
 ('./output/train/20250911-181227-resnet18_vcaV2-224/checkpoint/checkpoint-13.pth.tar', 63.6)
 ('./output/train/20250911-181227-resnet18_vcaV2-224/checkpoint/checkpoint-14.pth.tar', 62.9)
 ('./output/train/20250911-181227-resnet18_vcaV2-224/checkpoint/checkpoint-12.pth.tar', 61.98)
 ('./output/train/20250911-181227-resnet18_vcaV2-224/checkpoint/checkpoint-11.pth.tar', 61.77)
 ('./output/train/20250911-181227-resnet18_vcaV2-224/checkpoint/checkpoint-10.pth.tar', 61.56)
 ('./output/train/20250911-181227-resnet18_vcaV2-224/checkpoint/checkpoint-9.pth.tar', 58.76)
 ('./output/train/20250911-181227-resnet18_vcaV2-224/checkpoint/checkpoint-7.pth.tar', 58.31)
 ('./output/train/20250911-181227-resnet18_vcaV2-224/checkpoint/checkpoint-8.pth.tar', 58.22)
 ('./output/train/20250911-181227-resnet18_vcaV2-224/checkpoint/checkpoint-6.pth.tar', 54.21)

2025-09-11 18:33:22,460 -                train: [    INFO] - Train: 16 [   0/781 (  0%)]  Loss: 33.65 (33.7)  Loss_cat: 1.395 (1.40)  Loss_feat: 29.77 (29.8)  Loss_gt: 2.489 (2.49) LR: 5.000e-02
2025-09-11 18:33:41,528 -                train: [    INFO] - Train: 16 [ 200/781 ( 26%)]  Loss: 32.37 (32.8)  Loss_cat: 1.307 (1.30)  Loss_feat: 28.91 (29.1)  Loss_gt: 2.150 (2.32) LR: 5.000e-02
2025-09-11 18:34:00,636 -                train: [    INFO] - Train: 16 [ 400/781 ( 51%)]  Loss: 32.32 (32.8)  Loss_cat: 1.304 (1.31)  Loss_feat: 28.48 (29.2)  Loss_gt: 2.527 (2.32) LR: 5.000e-02
2025-09-11 18:34:19,716 -                train: [    INFO] - Train: 16 [ 600/781 ( 77%)]  Loss: 32.49 (32.8)  Loss_cat: 1.335 (1.31)  Loss_feat: 28.81 (29.1)  Loss_gt: 2.351 (2.33) LR: 5.000e-02
2025-09-11 18:34:36,896 -                train: [    INFO] - Train: 16 [ 780/781 (100%)]  Loss: 32.46 (32.8)  Loss_cat: 1.251 (1.31)  Loss_feat: 28.85 (29.1)  Loss_gt: 2.363 (2.33) LR: 5.000e-02
2025-09-11 18:34:37,009 -                train: [    INFO] - Test: [   0/156]  Time: 0.108 (0.108)  Loss:  1.2156 (1.2156)  Acc@1: 70.3125 (70.3125)  Acc@5: 90.6250 (90.6250)
2025-09-11 18:34:39,894 -                train: [    INFO] - Test: [ 156/156]  Time: 0.011 (0.019)  Loss:  1.2922 (1.2730)  Acc@1: 75.0000 (65.3300)  Acc@5: 87.5000 (91.1800)
2025-09-11 18:34:40,501 - timm.utils.checkpoint_saver: [    INFO] - Current checkpoints:
 ('./output/train/20250911-181227-resnet18_vcaV2-224/checkpoint/checkpoint-16.pth.tar', 65.33)
 ('./output/train/20250911-181227-resnet18_vcaV2-224/checkpoint/checkpoint-15.pth.tar', 64.76)
 ('./output/train/20250911-181227-resnet18_vcaV2-224/checkpoint/checkpoint-13.pth.tar', 63.6)
 ('./output/train/20250911-181227-resnet18_vcaV2-224/checkpoint/checkpoint-14.pth.tar', 62.9)
 ('./output/train/20250911-181227-resnet18_vcaV2-224/checkpoint/checkpoint-12.pth.tar', 61.98)
 ('./output/train/20250911-181227-resnet18_vcaV2-224/checkpoint/checkpoint-11.pth.tar', 61.77)
 ('./output/train/20250911-181227-resnet18_vcaV2-224/checkpoint/checkpoint-10.pth.tar', 61.56)
 ('./output/train/20250911-181227-resnet18_vcaV2-224/checkpoint/checkpoint-9.pth.tar', 58.76)
 ('./output/train/20250911-181227-resnet18_vcaV2-224/checkpoint/checkpoint-7.pth.tar', 58.31)
 ('./output/train/20250911-181227-resnet18_vcaV2-224/checkpoint/checkpoint-8.pth.tar', 58.22)

2025-09-11 18:34:40,698 -                train: [    INFO] - Train: 17 [   0/781 (  0%)]  Loss: 31.69 (31.7)  Loss_cat: 1.214 (1.21)  Loss_feat: 28.39 (28.4)  Loss_gt: 2.084 (2.08) LR: 5.000e-02
2025-09-11 18:34:59,800 -                train: [    INFO] - Train: 17 [ 200/781 ( 26%)]  Loss: 32.05 (32.6)  Loss_cat: 1.174 (1.28)  Loss_feat: 28.30 (29.0)  Loss_gt: 2.580 (2.31) LR: 5.000e-02
2025-09-11 18:35:19,066 -                train: [    INFO] - Train: 17 [ 400/781 ( 51%)]  Loss: 32.95 (32.6)  Loss_cat: 1.320 (1.29)  Loss_feat: 29.48 (29.0)  Loss_gt: 2.148 (2.30) LR: 5.000e-02
2025-09-11 18:35:38,138 -                train: [    INFO] - Train: 17 [ 600/781 ( 77%)]  Loss: 33.43 (32.6)  Loss_cat: 1.365 (1.29)  Loss_feat: 29.61 (29.0)  Loss_gt: 2.455 (2.30) LR: 5.000e-02
2025-09-11 18:35:55,287 -                train: [    INFO] - Train: 17 [ 780/781 (100%)]  Loss: 33.11 (32.6)  Loss_cat: 1.380 (1.29)  Loss_feat: 29.60 (29.0)  Loss_gt: 2.127 (2.31) LR: 5.000e-02
2025-09-11 18:35:55,403 -                train: [    INFO] - Test: [   0/156]  Time: 0.111 (0.111)  Loss:  1.2663 (1.2663)  Acc@1: 65.6250 (65.6250)  Acc@5: 87.5000 (87.5000)
2025-09-11 18:35:58,741 -                train: [    INFO] - Test: [ 156/156]  Time: 0.008 (0.022)  Loss:  0.9527 (1.2862)  Acc@1: 81.2500 (64.6400)  Acc@5: 87.5000 (90.5000)
2025-09-11 18:35:59,556 - timm.utils.checkpoint_saver: [    INFO] - Current checkpoints:
 ('./output/train/20250911-181227-resnet18_vcaV2-224/checkpoint/checkpoint-16.pth.tar', 65.33)
 ('./output/train/20250911-181227-resnet18_vcaV2-224/checkpoint/checkpoint-15.pth.tar', 64.76)
 ('./output/train/20250911-181227-resnet18_vcaV2-224/checkpoint/checkpoint-17.pth.tar', 64.64)
 ('./output/train/20250911-181227-resnet18_vcaV2-224/checkpoint/checkpoint-13.pth.tar', 63.6)
 ('./output/train/20250911-181227-resnet18_vcaV2-224/checkpoint/checkpoint-14.pth.tar', 62.9)
 ('./output/train/20250911-181227-resnet18_vcaV2-224/checkpoint/checkpoint-12.pth.tar', 61.98)
 ('./output/train/20250911-181227-resnet18_vcaV2-224/checkpoint/checkpoint-11.pth.tar', 61.77)
 ('./output/train/20250911-181227-resnet18_vcaV2-224/checkpoint/checkpoint-10.pth.tar', 61.56)
 ('./output/train/20250911-181227-resnet18_vcaV2-224/checkpoint/checkpoint-9.pth.tar', 58.76)
 ('./output/train/20250911-181227-resnet18_vcaV2-224/checkpoint/checkpoint-7.pth.tar', 58.31)

2025-09-11 18:35:59,743 -                train: [    INFO] - Train: 18 [   0/781 (  0%)]  Loss: 33.12 (33.1)  Loss_cat: 1.381 (1.38)  Loss_feat: 29.48 (29.5)  Loss_gt: 2.259 (2.26) LR: 5.000e-02
2025-09-11 18:36:18,848 -                train: [    INFO] - Train: 18 [ 200/781 ( 26%)]  Loss: 32.95 (32.6)  Loss_cat: 1.295 (1.28)  Loss_feat: 29.57 (29.0)  Loss_gt: 2.092 (2.31) LR: 5.000e-02
2025-09-11 18:36:37,933 -                train: [    INFO] - Train: 18 [ 400/781 ( 51%)]  Loss: 33.18 (32.6)  Loss_cat: 1.318 (1.29)  Loss_feat: 29.47 (29.0)  Loss_gt: 2.396 (2.30) LR: 5.000e-02
2025-09-11 18:36:57,177 -                train: [    INFO] - Train: 18 [ 600/781 ( 77%)]  Loss: 32.38 (32.6)  Loss_cat: 1.271 (1.29)  Loss_feat: 28.84 (29.0)  Loss_gt: 2.271 (2.30) LR: 5.000e-02
2025-09-11 18:37:14,358 -                train: [    INFO] - Train: 18 [ 780/781 (100%)]  Loss: 32.63 (32.6)  Loss_cat: 1.280 (1.29)  Loss_feat: 28.95 (29.0)  Loss_gt: 2.402 (2.31) LR: 5.000e-02
2025-09-11 18:37:14,467 -                train: [    INFO] - Test: [   0/156]  Time: 0.103 (0.103)  Loss:  1.2859 (1.2859)  Acc@1: 65.6250 (65.6250)  Acc@5: 92.1875 (92.1875)
2025-09-11 18:37:17,393 -                train: [    INFO] - Test: [ 156/156]  Time: 0.009 (0.019)  Loss:  1.3369 (1.2626)  Acc@1: 68.7500 (65.9700)  Acc@5: 87.5000 (90.7700)
2025-09-11 18:37:17,877 - timm.utils.checkpoint_saver: [    INFO] - Current checkpoints:
 ('./output/train/20250911-181227-resnet18_vcaV2-224/checkpoint/checkpoint-18.pth.tar', 65.97)
 ('./output/train/20250911-181227-resnet18_vcaV2-224/checkpoint/checkpoint-16.pth.tar', 65.33)
 ('./output/train/20250911-181227-resnet18_vcaV2-224/checkpoint/checkpoint-15.pth.tar', 64.76)
 ('./output/train/20250911-181227-resnet18_vcaV2-224/checkpoint/checkpoint-17.pth.tar', 64.64)
 ('./output/train/20250911-181227-resnet18_vcaV2-224/checkpoint/checkpoint-13.pth.tar', 63.6)
 ('./output/train/20250911-181227-resnet18_vcaV2-224/checkpoint/checkpoint-14.pth.tar', 62.9)
 ('./output/train/20250911-181227-resnet18_vcaV2-224/checkpoint/checkpoint-12.pth.tar', 61.98)
 ('./output/train/20250911-181227-resnet18_vcaV2-224/checkpoint/checkpoint-11.pth.tar', 61.77)
 ('./output/train/20250911-181227-resnet18_vcaV2-224/checkpoint/checkpoint-10.pth.tar', 61.56)
 ('./output/train/20250911-181227-resnet18_vcaV2-224/checkpoint/checkpoint-9.pth.tar', 58.76)

2025-09-11 18:37:18,061 -                train: [    INFO] - Train: 19 [   0/781 (  0%)]  Loss: 32.83 (32.8)  Loss_cat: 1.341 (1.34)  Loss_feat: 29.59 (29.6)  Loss_gt: 1.900 (1.90) LR: 5.000e-02
2025-09-11 18:37:37,399 -                train: [    INFO] - Train: 19 [ 200/781 ( 26%)]  Loss: 32.10 (32.5)  Loss_cat: 1.250 (1.28)  Loss_feat: 28.55 (29.0)  Loss_gt: 2.293 (2.29) LR: 5.000e-02
2025-09-11 18:37:56,617 -                train: [    INFO] - Train: 19 [ 400/781 ( 51%)]  Loss: 33.63 (32.5)  Loss_cat: 1.380 (1.28)  Loss_feat: 29.60 (28.9)  Loss_gt: 2.648 (2.28) LR: 5.000e-02
2025-09-11 18:38:15,689 -                train: [    INFO] - Train: 19 [ 600/781 ( 77%)]  Loss: 32.25 (32.5)  Loss_cat: 1.247 (1.28)  Loss_feat: 28.66 (29.0)  Loss_gt: 2.340 (2.28) LR: 5.000e-02
2025-09-11 18:38:32,976 -                train: [    INFO] - Train: 19 [ 780/781 (100%)]  Loss: 31.65 (32.6)  Loss_cat: 1.161 (1.28)  Loss_feat: 28.57 (29.0)  Loss_gt: 1.919 (2.29) LR: 5.000e-02
2025-09-11 18:38:33,082 -                train: [    INFO] - Test: [   0/156]  Time: 0.100 (0.100)  Loss:  1.1035 (1.1035)  Acc@1: 73.4375 (73.4375)  Acc@5: 89.0625 (89.0625)
2025-09-11 18:38:36,110 -                train: [    INFO] - Test: [ 156/156]  Time: 0.009 (0.020)  Loss:  1.2402 (1.2577)  Acc@1: 68.7500 (65.4800)  Acc@5: 81.2500 (91.0500)
2025-09-11 18:38:36,612 - timm.utils.checkpoint_saver: [    INFO] - Current checkpoints:
 ('./output/train/20250911-181227-resnet18_vcaV2-224/checkpoint/checkpoint-18.pth.tar', 65.97)
 ('./output/train/20250911-181227-resnet18_vcaV2-224/checkpoint/checkpoint-19.pth.tar', 65.48)
 ('./output/train/20250911-181227-resnet18_vcaV2-224/checkpoint/checkpoint-16.pth.tar', 65.33)
 ('./output/train/20250911-181227-resnet18_vcaV2-224/checkpoint/checkpoint-15.pth.tar', 64.76)
 ('./output/train/20250911-181227-resnet18_vcaV2-224/checkpoint/checkpoint-17.pth.tar', 64.64)
 ('./output/train/20250911-181227-resnet18_vcaV2-224/checkpoint/checkpoint-13.pth.tar', 63.6)
 ('./output/train/20250911-181227-resnet18_vcaV2-224/checkpoint/checkpoint-14.pth.tar', 62.9)
 ('./output/train/20250911-181227-resnet18_vcaV2-224/checkpoint/checkpoint-12.pth.tar', 61.98)
 ('./output/train/20250911-181227-resnet18_vcaV2-224/checkpoint/checkpoint-11.pth.tar', 61.77)
 ('./output/train/20250911-181227-resnet18_vcaV2-224/checkpoint/checkpoint-10.pth.tar', 61.56)

2025-09-11 18:38:36,801 -                train: [    INFO] - Train: 20 [   0/781 (  0%)]  Loss: 32.45 (32.4)  Loss_cat: 1.259 (1.26)  Loss_feat: 28.77 (28.8)  Loss_gt: 2.423 (2.42) LR: 5.000e-02
2025-09-11 18:38:55,929 -                train: [    INFO] - Train: 20 [ 200/781 ( 26%)]  Loss: 32.66 (32.5)  Loss_cat: 1.230 (1.28)  Loss_feat: 29.34 (28.9)  Loss_gt: 2.090 (2.27) LR: 5.000e-02
2025-09-11 18:39:14,997 -                train: [    INFO] - Train: 20 [ 400/781 ( 51%)]  Loss: 31.76 (32.5)  Loss_cat: 1.148 (1.28)  Loss_feat: 28.40 (28.9)  Loss_gt: 2.214 (2.28) LR: 5.000e-02
2025-09-11 18:39:34,135 -                train: [    INFO] - Train: 20 [ 600/781 ( 77%)]  Loss: 33.04 (32.5)  Loss_cat: 1.304 (1.27)  Loss_feat: 29.26 (28.9)  Loss_gt: 2.472 (2.28) LR: 5.000e-02
2025-09-11 18:39:51,329 -                train: [    INFO] - Train: 20 [ 780/781 (100%)]  Loss: 32.92 (32.5)  Loss_cat: 1.300 (1.28)  Loss_feat: 29.07 (28.9)  Loss_gt: 2.548 (2.29) LR: 5.000e-02
2025-09-11 18:39:51,439 -                train: [    INFO] - Test: [   0/156]  Time: 0.103 (0.103)  Loss:  0.9354 (0.9354)  Acc@1: 76.5625 (76.5625)  Acc@5: 93.7500 (93.7500)
2025-09-11 18:39:54,611 -                train: [    INFO] - Test: [ 156/156]  Time: 0.009 (0.021)  Loss:  1.2884 (1.2523)  Acc@1: 56.2500 (66.2800)  Acc@5: 87.5000 (90.8100)
2025-09-11 18:39:55,065 - timm.utils.checkpoint_saver: [    INFO] - Current checkpoints:
 ('./output/train/20250911-181227-resnet18_vcaV2-224/checkpoint/checkpoint-20.pth.tar', 66.28)
 ('./output/train/20250911-181227-resnet18_vcaV2-224/checkpoint/checkpoint-18.pth.tar', 65.97)
 ('./output/train/20250911-181227-resnet18_vcaV2-224/checkpoint/checkpoint-19.pth.tar', 65.48)
 ('./output/train/20250911-181227-resnet18_vcaV2-224/checkpoint/checkpoint-16.pth.tar', 65.33)
 ('./output/train/20250911-181227-resnet18_vcaV2-224/checkpoint/checkpoint-15.pth.tar', 64.76)
 ('./output/train/20250911-181227-resnet18_vcaV2-224/checkpoint/checkpoint-17.pth.tar', 64.64)
 ('./output/train/20250911-181227-resnet18_vcaV2-224/checkpoint/checkpoint-13.pth.tar', 63.6)
 ('./output/train/20250911-181227-resnet18_vcaV2-224/checkpoint/checkpoint-14.pth.tar', 62.9)
 ('./output/train/20250911-181227-resnet18_vcaV2-224/checkpoint/checkpoint-12.pth.tar', 61.98)
 ('./output/train/20250911-181227-resnet18_vcaV2-224/checkpoint/checkpoint-11.pth.tar', 61.77)

2025-09-11 18:39:55,255 -                train: [    INFO] - Train: 21 [   0/781 (  0%)]  Loss: 31.99 (32.0)  Loss_cat: 1.253 (1.25)  Loss_feat: 28.63 (28.6)  Loss_gt: 2.110 (2.11) LR: 5.000e-02
2025-09-11 18:40:14,421 -                train: [    INFO] - Train: 21 [ 200/781 ( 26%)]  Loss: 32.53 (32.3)  Loss_cat: 1.239 (1.26)  Loss_feat: 29.08 (28.8)  Loss_gt: 2.209 (2.24) LR: 5.000e-02
2025-09-11 18:40:33,543 -                train: [    INFO] - Train: 21 [ 400/781 ( 51%)]  Loss: 33.14 (32.4)  Loss_cat: 1.337 (1.27)  Loss_feat: 29.24 (28.9)  Loss_gt: 2.560 (2.26) LR: 5.000e-02
2025-09-11 18:40:52,686 -                train: [    INFO] - Train: 21 [ 600/781 ( 77%)]  Loss: 32.43 (32.4)  Loss_cat: 1.225 (1.27)  Loss_feat: 28.87 (28.9)  Loss_gt: 2.330 (2.26) LR: 5.000e-02
2025-09-11 18:41:09,858 -                train: [    INFO] - Train: 21 [ 780/781 (100%)]  Loss: 31.87 (32.5)  Loss_cat: 1.177 (1.27)  Loss_feat: 28.48 (28.9)  Loss_gt: 2.214 (2.27) LR: 5.000e-02
2025-09-11 18:41:09,968 -                train: [    INFO] - Test: [   0/156]  Time: 0.105 (0.105)  Loss:  1.2019 (1.2019)  Acc@1: 67.1875 (67.1875)  Acc@5: 87.5000 (87.5000)
2025-09-11 18:41:13,151 -                train: [    INFO] - Test: [ 156/156]  Time: 0.009 (0.021)  Loss:  1.2605 (1.1809)  Acc@1: 56.2500 (66.9900)  Acc@5: 87.5000 (91.7500)
2025-09-11 18:41:13,769 - timm.utils.checkpoint_saver: [    INFO] - Current checkpoints:
 ('./output/train/20250911-181227-resnet18_vcaV2-224/checkpoint/checkpoint-21.pth.tar', 66.99)
 ('./output/train/20250911-181227-resnet18_vcaV2-224/checkpoint/checkpoint-20.pth.tar', 66.28)
 ('./output/train/20250911-181227-resnet18_vcaV2-224/checkpoint/checkpoint-18.pth.tar', 65.97)
 ('./output/train/20250911-181227-resnet18_vcaV2-224/checkpoint/checkpoint-19.pth.tar', 65.48)
 ('./output/train/20250911-181227-resnet18_vcaV2-224/checkpoint/checkpoint-16.pth.tar', 65.33)
 ('./output/train/20250911-181227-resnet18_vcaV2-224/checkpoint/checkpoint-15.pth.tar', 64.76)
 ('./output/train/20250911-181227-resnet18_vcaV2-224/checkpoint/checkpoint-17.pth.tar', 64.64)
 ('./output/train/20250911-181227-resnet18_vcaV2-224/checkpoint/checkpoint-13.pth.tar', 63.6)
 ('./output/train/20250911-181227-resnet18_vcaV2-224/checkpoint/checkpoint-14.pth.tar', 62.9)
 ('./output/train/20250911-181227-resnet18_vcaV2-224/checkpoint/checkpoint-12.pth.tar', 61.98)

2025-09-11 18:41:13,965 -                train: [    INFO] - Train: 22 [   0/781 (  0%)]  Loss: 31.96 (32.0)  Loss_cat: 1.212 (1.21)  Loss_feat: 28.60 (28.6)  Loss_gt: 2.144 (2.14) LR: 5.000e-02
2025-09-11 18:41:33,315 -                train: [    INFO] - Train: 22 [ 200/781 ( 26%)]  Loss: 33.14 (32.3)  Loss_cat: 1.371 (1.25)  Loss_feat: 29.51 (28.8)  Loss_gt: 2.254 (2.25) LR: 5.000e-02
2025-09-11 18:41:52,502 -                train: [    INFO] - Train: 22 [ 400/781 ( 51%)]  Loss: 32.58 (32.3)  Loss_cat: 1.225 (1.26)  Loss_feat: 29.04 (28.8)  Loss_gt: 2.315 (2.25) LR: 5.000e-02
2025-09-11 18:42:11,681 -                train: [    INFO] - Train: 22 [ 600/781 ( 77%)]  Loss: 32.15 (32.4)  Loss_cat: 1.232 (1.26)  Loss_feat: 28.71 (28.8)  Loss_gt: 2.216 (2.25) LR: 5.000e-02
2025-09-11 18:42:29,033 -                train: [    INFO] - Train: 22 [ 780/781 (100%)]  Loss: 32.30 (32.4)  Loss_cat: 1.213 (1.26)  Loss_feat: 28.60 (28.9)  Loss_gt: 2.491 (2.26) LR: 5.000e-02
2025-09-11 18:42:29,148 -                train: [    INFO] - Test: [   0/156]  Time: 0.109 (0.109)  Loss:  1.0630 (1.0630)  Acc@1: 70.3125 (70.3125)  Acc@5: 92.1875 (92.1875)
2025-09-11 18:42:32,326 -                train: [    INFO] - Test: [ 156/156]  Time: 0.009 (0.021)  Loss:  0.8600 (1.2011)  Acc@1: 81.2500 (67.5300)  Acc@5: 87.5000 (91.3400)
2025-09-11 18:42:32,968 - timm.utils.checkpoint_saver: [    INFO] - Current checkpoints:
 ('./output/train/20250911-181227-resnet18_vcaV2-224/checkpoint/checkpoint-22.pth.tar', 67.53)
 ('./output/train/20250911-181227-resnet18_vcaV2-224/checkpoint/checkpoint-21.pth.tar', 66.99)
 ('./output/train/20250911-181227-resnet18_vcaV2-224/checkpoint/checkpoint-20.pth.tar', 66.28)
 ('./output/train/20250911-181227-resnet18_vcaV2-224/checkpoint/checkpoint-18.pth.tar', 65.97)
 ('./output/train/20250911-181227-resnet18_vcaV2-224/checkpoint/checkpoint-19.pth.tar', 65.48)
 ('./output/train/20250911-181227-resnet18_vcaV2-224/checkpoint/checkpoint-16.pth.tar', 65.33)
 ('./output/train/20250911-181227-resnet18_vcaV2-224/checkpoint/checkpoint-15.pth.tar', 64.76)
 ('./output/train/20250911-181227-resnet18_vcaV2-224/checkpoint/checkpoint-17.pth.tar', 64.64)
 ('./output/train/20250911-181227-resnet18_vcaV2-224/checkpoint/checkpoint-13.pth.tar', 63.6)
 ('./output/train/20250911-181227-resnet18_vcaV2-224/checkpoint/checkpoint-14.pth.tar', 62.9)

2025-09-11 18:42:33,164 -                train: [    INFO] - Train: 23 [   0/781 (  0%)]  Loss: 31.34 (31.3)  Loss_cat: 1.155 (1.15)  Loss_feat: 27.90 (27.9)  Loss_gt: 2.293 (2.29) LR: 5.000e-02
2025-09-11 18:42:52,215 -                train: [    INFO] - Train: 23 [ 200/781 ( 26%)]  Loss: 32.68 (32.3)  Loss_cat: 1.264 (1.25)  Loss_feat: 29.20 (28.8)  Loss_gt: 2.223 (2.24) LR: 5.000e-02
2025-09-11 18:43:11,307 -                train: [    INFO] - Train: 23 [ 400/781 ( 51%)]  Loss: 32.90 (32.3)  Loss_cat: 1.306 (1.26)  Loss_feat: 29.41 (28.8)  Loss_gt: 2.180 (2.24) LR: 5.000e-02
2025-09-11 18:43:30,477 -                train: [    INFO] - Train: 23 [ 600/781 ( 77%)]  Loss: 32.14 (32.3)  Loss_cat: 1.304 (1.26)  Loss_feat: 28.87 (28.8)  Loss_gt: 1.956 (2.25) LR: 5.000e-02
2025-09-11 18:43:47,708 -                train: [    INFO] - Train: 23 [ 780/781 (100%)]  Loss: 31.77 (32.4)  Loss_cat: 1.218 (1.26)  Loss_feat: 28.19 (28.8)  Loss_gt: 2.367 (2.26) LR: 5.000e-02
2025-09-11 18:43:47,816 -                train: [    INFO] - Test: [   0/156]  Time: 0.102 (0.102)  Loss:  1.1207 (1.1207)  Acc@1: 78.1250 (78.1250)  Acc@5: 90.6250 (90.6250)
2025-09-11 18:43:50,831 -                train: [    INFO] - Test: [ 156/156]  Time: 0.008 (0.020)  Loss:  1.4471 (1.2235)  Acc@1: 62.5000 (67.2600)  Acc@5: 87.5000 (91.6200)
2025-09-11 18:43:52,033 - timm.utils.checkpoint_saver: [    INFO] - Current checkpoints:
 ('./output/train/20250911-181227-resnet18_vcaV2-224/checkpoint/checkpoint-22.pth.tar', 67.53)
 ('./output/train/20250911-181227-resnet18_vcaV2-224/checkpoint/checkpoint-23.pth.tar', 67.26)
 ('./output/train/20250911-181227-resnet18_vcaV2-224/checkpoint/checkpoint-21.pth.tar', 66.99)
 ('./output/train/20250911-181227-resnet18_vcaV2-224/checkpoint/checkpoint-20.pth.tar', 66.28)
 ('./output/train/20250911-181227-resnet18_vcaV2-224/checkpoint/checkpoint-18.pth.tar', 65.97)
 ('./output/train/20250911-181227-resnet18_vcaV2-224/checkpoint/checkpoint-19.pth.tar', 65.48)
 ('./output/train/20250911-181227-resnet18_vcaV2-224/checkpoint/checkpoint-16.pth.tar', 65.33)
 ('./output/train/20250911-181227-resnet18_vcaV2-224/checkpoint/checkpoint-15.pth.tar', 64.76)
 ('./output/train/20250911-181227-resnet18_vcaV2-224/checkpoint/checkpoint-17.pth.tar', 64.64)
 ('./output/train/20250911-181227-resnet18_vcaV2-224/checkpoint/checkpoint-13.pth.tar', 63.6)

2025-09-11 18:43:52,232 -                train: [    INFO] - Train: 24 [   0/781 (  0%)]  Loss: 32.37 (32.4)  Loss_cat: 1.327 (1.33)  Loss_feat: 29.01 (29.0)  Loss_gt: 2.041 (2.04) LR: 5.000e-02
2025-09-11 18:44:11,396 -                train: [    INFO] - Train: 24 [ 200/781 ( 26%)]  Loss: 32.29 (32.3)  Loss_cat: 1.184 (1.25)  Loss_feat: 28.75 (28.8)  Loss_gt: 2.355 (2.23) LR: 5.000e-02
2025-09-11 18:44:30,498 -                train: [    INFO] - Train: 24 [ 400/781 ( 51%)]  Loss: 32.06 (32.3)  Loss_cat: 1.222 (1.25)  Loss_feat: 28.56 (28.8)  Loss_gt: 2.275 (2.25) LR: 5.000e-02
2025-09-11 18:44:49,554 -                train: [    INFO] - Train: 24 [ 600/781 ( 77%)]  Loss: 31.88 (32.3)  Loss_cat: 1.260 (1.26)  Loss_feat: 28.57 (28.8)  Loss_gt: 2.051 (2.25) LR: 5.000e-02
2025-09-11 18:45:06,995 -                train: [    INFO] - Train: 24 [ 780/781 (100%)]  Loss: 32.32 (32.3)  Loss_cat: 1.276 (1.26)  Loss_feat: 28.66 (28.8)  Loss_gt: 2.382 (2.25) LR: 5.000e-02
2025-09-11 18:45:07,130 -                train: [    INFO] - Test: [   0/156]  Time: 0.129 (0.129)  Loss:  0.9363 (0.9363)  Acc@1: 70.3125 (70.3125)  Acc@5: 93.7500 (93.7500)
2025-09-11 18:45:10,112 -                train: [    INFO] - Test: [ 156/156]  Time: 0.009 (0.020)  Loss:  1.2596 (1.2091)  Acc@1: 75.0000 (66.6300)  Acc@5: 87.5000 (91.5800)
2025-09-11 18:45:10,642 - timm.utils.checkpoint_saver: [    INFO] - Current checkpoints:
 ('./output/train/20250911-181227-resnet18_vcaV2-224/checkpoint/checkpoint-22.pth.tar', 67.53)
 ('./output/train/20250911-181227-resnet18_vcaV2-224/checkpoint/checkpoint-23.pth.tar', 67.26)
 ('./output/train/20250911-181227-resnet18_vcaV2-224/checkpoint/checkpoint-21.pth.tar', 66.99)
 ('./output/train/20250911-181227-resnet18_vcaV2-224/checkpoint/checkpoint-24.pth.tar', 66.63)
 ('./output/train/20250911-181227-resnet18_vcaV2-224/checkpoint/checkpoint-20.pth.tar', 66.28)
 ('./output/train/20250911-181227-resnet18_vcaV2-224/checkpoint/checkpoint-18.pth.tar', 65.97)
 ('./output/train/20250911-181227-resnet18_vcaV2-224/checkpoint/checkpoint-19.pth.tar', 65.48)
 ('./output/train/20250911-181227-resnet18_vcaV2-224/checkpoint/checkpoint-16.pth.tar', 65.33)
 ('./output/train/20250911-181227-resnet18_vcaV2-224/checkpoint/checkpoint-15.pth.tar', 64.76)
 ('./output/train/20250911-181227-resnet18_vcaV2-224/checkpoint/checkpoint-17.pth.tar', 64.64)

2025-09-11 18:45:10,834 -                train: [    INFO] - Train: 25 [   0/781 (  0%)]  Loss: 31.76 (31.8)  Loss_cat: 1.174 (1.17)  Loss_feat: 28.50 (28.5)  Loss_gt: 2.080 (2.08) LR: 5.000e-02
2025-09-11 18:45:30,068 -                train: [    INFO] - Train: 25 [ 200/781 ( 26%)]  Loss: 31.90 (32.2)  Loss_cat: 1.146 (1.24)  Loss_feat: 28.70 (28.7)  Loss_gt: 2.056 (2.21) LR: 5.000e-02
2025-09-11 18:45:49,172 -                train: [    INFO] - Train: 25 [ 400/781 ( 51%)]  Loss: 31.96 (32.2)  Loss_cat: 1.242 (1.25)  Loss_feat: 28.49 (28.7)  Loss_gt: 2.230 (2.22) LR: 5.000e-02
2025-09-11 18:46:08,439 -                train: [    INFO] - Train: 25 [ 600/781 ( 77%)]  Loss: 32.79 (32.2)  Loss_cat: 1.335 (1.25)  Loss_feat: 29.32 (28.8)  Loss_gt: 2.130 (2.23) LR: 5.000e-02
2025-09-11 18:46:26,093 -                train: [    INFO] - Train: 25 [ 780/781 (100%)]  Loss: 32.19 (32.3)  Loss_cat: 1.192 (1.25)  Loss_feat: 28.62 (28.8)  Loss_gt: 2.379 (2.24) LR: 5.000e-02
2025-09-11 18:46:26,252 -                train: [    INFO] - Test: [   0/156]  Time: 0.154 (0.154)  Loss:  1.0884 (1.0884)  Acc@1: 75.0000 (75.0000)  Acc@5: 89.0625 (89.0625)
2025-09-11 18:46:29,188 -                train: [    INFO] - Test: [ 156/156]  Time: 0.008 (0.020)  Loss:  1.3085 (1.2152)  Acc@1: 75.0000 (66.5700)  Acc@5: 81.2500 (91.6900)
2025-09-11 18:46:29,709 - timm.utils.checkpoint_saver: [    INFO] - Current checkpoints:
 ('./output/train/20250911-181227-resnet18_vcaV2-224/checkpoint/checkpoint-22.pth.tar', 67.53)
 ('./output/train/20250911-181227-resnet18_vcaV2-224/checkpoint/checkpoint-23.pth.tar', 67.26)
 ('./output/train/20250911-181227-resnet18_vcaV2-224/checkpoint/checkpoint-21.pth.tar', 66.99)
 ('./output/train/20250911-181227-resnet18_vcaV2-224/checkpoint/checkpoint-24.pth.tar', 66.63)
 ('./output/train/20250911-181227-resnet18_vcaV2-224/checkpoint/checkpoint-25.pth.tar', 66.57)
 ('./output/train/20250911-181227-resnet18_vcaV2-224/checkpoint/checkpoint-20.pth.tar', 66.28)
 ('./output/train/20250911-181227-resnet18_vcaV2-224/checkpoint/checkpoint-18.pth.tar', 65.97)
 ('./output/train/20250911-181227-resnet18_vcaV2-224/checkpoint/checkpoint-19.pth.tar', 65.48)
 ('./output/train/20250911-181227-resnet18_vcaV2-224/checkpoint/checkpoint-16.pth.tar', 65.33)
 ('./output/train/20250911-181227-resnet18_vcaV2-224/checkpoint/checkpoint-15.pth.tar', 64.76)

2025-09-11 18:46:29,897 -                train: [    INFO] - Train: 26 [   0/781 (  0%)]  Loss: 32.33 (32.3)  Loss_cat: 1.352 (1.35)  Loss_feat: 29.01 (29.0)  Loss_gt: 1.966 (1.97) LR: 5.000e-02
2025-09-11 18:46:49,147 -                train: [    INFO] - Train: 26 [ 200/781 ( 26%)]  Loss: 32.79 (32.2)  Loss_cat: 1.289 (1.25)  Loss_feat: 29.26 (28.8)  Loss_gt: 2.233 (2.20) LR: 5.000e-02
2025-09-11 18:47:08,267 -                train: [    INFO] - Train: 26 [ 400/781 ( 51%)]  Loss: 33.13 (32.2)  Loss_cat: 1.366 (1.25)  Loss_feat: 29.42 (28.7)  Loss_gt: 2.341 (2.21) LR: 5.000e-02
2025-09-11 18:47:27,553 -                train: [    INFO] - Train: 26 [ 600/781 ( 77%)]  Loss: 32.20 (32.2)  Loss_cat: 1.234 (1.25)  Loss_feat: 28.76 (28.7)  Loss_gt: 2.202 (2.22) LR: 5.000e-02
2025-09-11 18:47:44,802 -                train: [    INFO] - Train: 26 [ 780/781 (100%)]  Loss: 32.54 (32.2)  Loss_cat: 1.280 (1.25)  Loss_feat: 28.98 (28.7)  Loss_gt: 2.276 (2.22) LR: 5.000e-02
2025-09-11 18:47:44,913 -                train: [    INFO] - Test: [   0/156]  Time: 0.105 (0.105)  Loss:  1.1900 (1.1900)  Acc@1: 67.1875 (67.1875)  Acc@5: 92.1875 (92.1875)
2025-09-11 18:47:47,900 -                train: [    INFO] - Test: [ 156/156]  Time: 0.010 (0.020)  Loss:  1.2620 (1.1329)  Acc@1: 75.0000 (68.8200)  Acc@5: 87.5000 (92.6600)
2025-09-11 18:47:48,349 - timm.utils.checkpoint_saver: [    INFO] - Current checkpoints:
 ('./output/train/20250911-181227-resnet18_vcaV2-224/checkpoint/checkpoint-26.pth.tar', 68.82)
 ('./output/train/20250911-181227-resnet18_vcaV2-224/checkpoint/checkpoint-22.pth.tar', 67.53)
 ('./output/train/20250911-181227-resnet18_vcaV2-224/checkpoint/checkpoint-23.pth.tar', 67.26)
 ('./output/train/20250911-181227-resnet18_vcaV2-224/checkpoint/checkpoint-21.pth.tar', 66.99)
 ('./output/train/20250911-181227-resnet18_vcaV2-224/checkpoint/checkpoint-24.pth.tar', 66.63)
 ('./output/train/20250911-181227-resnet18_vcaV2-224/checkpoint/checkpoint-25.pth.tar', 66.57)
 ('./output/train/20250911-181227-resnet18_vcaV2-224/checkpoint/checkpoint-20.pth.tar', 66.28)
 ('./output/train/20250911-181227-resnet18_vcaV2-224/checkpoint/checkpoint-18.pth.tar', 65.97)
 ('./output/train/20250911-181227-resnet18_vcaV2-224/checkpoint/checkpoint-19.pth.tar', 65.48)
 ('./output/train/20250911-181227-resnet18_vcaV2-224/checkpoint/checkpoint-16.pth.tar', 65.33)

2025-09-11 18:47:48,588 -                train: [    INFO] - Train: 27 [   0/781 (  0%)]  Loss: 32.00 (32.0)  Loss_cat: 1.253 (1.25)  Loss_feat: 28.74 (28.7)  Loss_gt: 2.009 (2.01) LR: 5.000e-02
2025-09-11 18:48:07,812 -                train: [    INFO] - Train: 27 [ 200/781 ( 26%)]  Loss: 31.52 (32.1)  Loss_cat: 1.178 (1.24)  Loss_feat: 28.54 (28.7)  Loss_gt: 1.800 (2.20) LR: 5.000e-02
2025-09-11 18:48:26,915 -                train: [    INFO] - Train: 27 [ 400/781 ( 51%)]  Loss: 31.24 (32.1)  Loss_cat: 1.105 (1.24)  Loss_feat: 28.35 (28.7)  Loss_gt: 1.791 (2.21) LR: 5.000e-02
2025-09-11 18:48:46,074 -                train: [    INFO] - Train: 27 [ 600/781 ( 77%)]  Loss: 31.91 (32.1)  Loss_cat: 1.245 (1.24)  Loss_feat: 28.35 (28.7)  Loss_gt: 2.313 (2.22) LR: 5.000e-02
2025-09-11 18:49:03,255 -                train: [    INFO] - Train: 27 [ 780/781 (100%)]  Loss: 31.94 (32.2)  Loss_cat: 1.258 (1.24)  Loss_feat: 28.41 (28.7)  Loss_gt: 2.268 (2.23) LR: 5.000e-02
2025-09-11 18:49:03,378 -                train: [    INFO] - Test: [   0/156]  Time: 0.118 (0.118)  Loss:  1.0547 (1.0547)  Acc@1: 68.7500 (68.7500)  Acc@5: 93.7500 (93.7500)
2025-09-11 18:49:06,385 -                train: [    INFO] - Test: [ 156/156]  Time: 0.008 (0.020)  Loss:  1.2316 (1.1709)  Acc@1: 68.7500 (68.3000)  Acc@5: 93.7500 (91.9900)
2025-09-11 18:49:07,351 - timm.utils.checkpoint_saver: [    INFO] - Current checkpoints:
 ('./output/train/20250911-181227-resnet18_vcaV2-224/checkpoint/checkpoint-26.pth.tar', 68.82)
 ('./output/train/20250911-181227-resnet18_vcaV2-224/checkpoint/checkpoint-27.pth.tar', 68.3)
 ('./output/train/20250911-181227-resnet18_vcaV2-224/checkpoint/checkpoint-22.pth.tar', 67.53)
 ('./output/train/20250911-181227-resnet18_vcaV2-224/checkpoint/checkpoint-23.pth.tar', 67.26)
 ('./output/train/20250911-181227-resnet18_vcaV2-224/checkpoint/checkpoint-21.pth.tar', 66.99)
 ('./output/train/20250911-181227-resnet18_vcaV2-224/checkpoint/checkpoint-24.pth.tar', 66.63)
 ('./output/train/20250911-181227-resnet18_vcaV2-224/checkpoint/checkpoint-25.pth.tar', 66.57)
 ('./output/train/20250911-181227-resnet18_vcaV2-224/checkpoint/checkpoint-20.pth.tar', 66.28)
 ('./output/train/20250911-181227-resnet18_vcaV2-224/checkpoint/checkpoint-18.pth.tar', 65.97)
 ('./output/train/20250911-181227-resnet18_vcaV2-224/checkpoint/checkpoint-19.pth.tar', 65.48)

2025-09-11 18:49:07,559 -                train: [    INFO] - Train: 28 [   0/781 (  0%)]  Loss: 33.19 (33.2)  Loss_cat: 1.367 (1.37)  Loss_feat: 29.65 (29.6)  Loss_gt: 2.176 (2.18) LR: 5.000e-02
2025-09-11 18:49:26,732 -                train: [    INFO] - Train: 28 [ 200/781 ( 26%)]  Loss: 31.58 (32.1)  Loss_cat: 1.142 (1.24)  Loss_feat: 28.14 (28.7)  Loss_gt: 2.297 (2.20) LR: 5.000e-02
2025-09-11 18:49:46,009 -                train: [    INFO] - Train: 28 [ 400/781 ( 51%)]  Loss: 32.82 (32.1)  Loss_cat: 1.348 (1.24)  Loss_feat: 29.05 (28.7)  Loss_gt: 2.421 (2.22) LR: 5.000e-02
2025-09-11 18:50:05,150 -                train: [    INFO] - Train: 28 [ 600/781 ( 77%)]  Loss: 32.56 (32.1)  Loss_cat: 1.220 (1.24)  Loss_feat: 28.86 (28.7)  Loss_gt: 2.477 (2.21) LR: 5.000e-02
2025-09-11 18:50:22,433 -                train: [    INFO] - Train: 28 [ 780/781 (100%)]  Loss: 32.36 (32.2)  Loss_cat: 1.253 (1.24)  Loss_feat: 28.83 (28.7)  Loss_gt: 2.276 (2.22) LR: 5.000e-02
2025-09-11 18:50:22,543 -                train: [    INFO] - Test: [   0/156]  Time: 0.104 (0.104)  Loss:  1.0002 (1.0002)  Acc@1: 75.0000 (75.0000)  Acc@5: 90.6250 (90.6250)
2025-09-11 18:50:25,637 -                train: [    INFO] - Test: [ 156/156]  Time: 0.011 (0.020)  Loss:  0.9719 (1.1878)  Acc@1: 75.0000 (67.8400)  Acc@5: 93.7500 (91.9000)
2025-09-11 18:50:26,052 - timm.utils.checkpoint_saver: [    INFO] - Current checkpoints:
 ('./output/train/20250911-181227-resnet18_vcaV2-224/checkpoint/checkpoint-26.pth.tar', 68.82)
 ('./output/train/20250911-181227-resnet18_vcaV2-224/checkpoint/checkpoint-27.pth.tar', 68.3)
 ('./output/train/20250911-181227-resnet18_vcaV2-224/checkpoint/checkpoint-28.pth.tar', 67.84)
 ('./output/train/20250911-181227-resnet18_vcaV2-224/checkpoint/checkpoint-22.pth.tar', 67.53)
 ('./output/train/20250911-181227-resnet18_vcaV2-224/checkpoint/checkpoint-23.pth.tar', 67.26)
 ('./output/train/20250911-181227-resnet18_vcaV2-224/checkpoint/checkpoint-21.pth.tar', 66.99)
 ('./output/train/20250911-181227-resnet18_vcaV2-224/checkpoint/checkpoint-24.pth.tar', 66.63)
 ('./output/train/20250911-181227-resnet18_vcaV2-224/checkpoint/checkpoint-25.pth.tar', 66.57)
 ('./output/train/20250911-181227-resnet18_vcaV2-224/checkpoint/checkpoint-20.pth.tar', 66.28)
 ('./output/train/20250911-181227-resnet18_vcaV2-224/checkpoint/checkpoint-18.pth.tar', 65.97)

2025-09-11 18:50:26,254 -                train: [    INFO] - Train: 29 [   0/781 (  0%)]  Loss: 31.89 (31.9)  Loss_cat: 1.264 (1.26)  Loss_feat: 28.66 (28.7)  Loss_gt: 1.961 (1.96) LR: 5.000e-02
2025-09-11 18:50:45,432 -                train: [    INFO] - Train: 29 [ 200/781 ( 26%)]  Loss: 32.77 (32.1)  Loss_cat: 1.385 (1.24)  Loss_feat: 29.15 (28.7)  Loss_gt: 2.230 (2.19) LR: 5.000e-02
2025-09-11 18:51:04,665 -                train: [    INFO] - Train: 29 [ 400/781 ( 51%)]  Loss: 31.39 (32.1)  Loss_cat: 1.218 (1.24)  Loss_feat: 28.13 (28.7)  Loss_gt: 2.036 (2.20) LR: 5.000e-02
2025-09-11 18:51:23,894 -                train: [    INFO] - Train: 29 [ 600/781 ( 77%)]  Loss: 31.54 (32.1)  Loss_cat: 1.222 (1.24)  Loss_feat: 28.38 (28.7)  Loss_gt: 1.938 (2.21) LR: 5.000e-02
2025-09-11 18:51:41,067 -                train: [    INFO] - Train: 29 [ 780/781 (100%)]  Loss: 33.90 (32.2)  Loss_cat: 1.429 (1.24)  Loss_feat: 30.07 (28.7)  Loss_gt: 2.398 (2.22) LR: 5.000e-02
2025-09-11 18:51:41,182 -                train: [    INFO] - Test: [   0/156]  Time: 0.110 (0.110)  Loss:  1.1900 (1.1900)  Acc@1: 70.3125 (70.3125)  Acc@5: 90.6250 (90.6250)
2025-09-11 18:51:44,130 -                train: [    INFO] - Test: [ 156/156]  Time: 0.010 (0.019)  Loss:  0.8655 (1.1581)  Acc@1: 75.0000 (67.2700)  Acc@5: 87.5000 (91.9700)
2025-09-11 18:51:44,541 - timm.utils.checkpoint_saver: [    INFO] - Current checkpoints:
 ('./output/train/20250911-181227-resnet18_vcaV2-224/checkpoint/checkpoint-26.pth.tar', 68.82)
 ('./output/train/20250911-181227-resnet18_vcaV2-224/checkpoint/checkpoint-27.pth.tar', 68.3)
 ('./output/train/20250911-181227-resnet18_vcaV2-224/checkpoint/checkpoint-28.pth.tar', 67.84)
 ('./output/train/20250911-181227-resnet18_vcaV2-224/checkpoint/checkpoint-22.pth.tar', 67.53)
 ('./output/train/20250911-181227-resnet18_vcaV2-224/checkpoint/checkpoint-29.pth.tar', 67.27)
 ('./output/train/20250911-181227-resnet18_vcaV2-224/checkpoint/checkpoint-23.pth.tar', 67.26)
 ('./output/train/20250911-181227-resnet18_vcaV2-224/checkpoint/checkpoint-21.pth.tar', 66.99)
 ('./output/train/20250911-181227-resnet18_vcaV2-224/checkpoint/checkpoint-24.pth.tar', 66.63)
 ('./output/train/20250911-181227-resnet18_vcaV2-224/checkpoint/checkpoint-25.pth.tar', 66.57)
 ('./output/train/20250911-181227-resnet18_vcaV2-224/checkpoint/checkpoint-20.pth.tar', 66.28)

2025-09-11 18:51:44,741 -                train: [    INFO] - Train: 30 [   0/781 (  0%)]  Loss: 31.55 (31.5)  Loss_cat: 1.176 (1.18)  Loss_feat: 28.17 (28.2)  Loss_gt: 2.203 (2.20) LR: 5.000e-02
2025-09-11 18:52:03,923 -                train: [    INFO] - Train: 30 [ 200/781 ( 26%)]  Loss: 32.39 (32.0)  Loss_cat: 1.237 (1.22)  Loss_feat: 29.11 (28.5)  Loss_gt: 2.041 (2.21) LR: 5.000e-02
2025-09-11 18:52:23,015 -                train: [    INFO] - Train: 30 [ 400/781 ( 51%)]  Loss: 31.96 (32.1)  Loss_cat: 1.233 (1.23)  Loss_feat: 28.63 (28.6)  Loss_gt: 2.099 (2.21) LR: 5.000e-02
2025-09-11 18:52:42,218 -                train: [    INFO] - Train: 30 [ 600/781 ( 77%)]  Loss: 32.28 (32.1)  Loss_cat: 1.271 (1.24)  Loss_feat: 28.93 (28.7)  Loss_gt: 2.080 (2.22) LR: 5.000e-02
2025-09-11 18:52:59,612 -                train: [    INFO] - Train: 30 [ 780/781 (100%)]  Loss: 32.15 (32.1)  Loss_cat: 1.201 (1.24)  Loss_feat: 28.67 (28.7)  Loss_gt: 2.281 (2.22) LR: 5.000e-02
2025-09-11 18:52:59,721 -                train: [    INFO] - Test: [   0/156]  Time: 0.105 (0.105)  Loss:  1.2901 (1.2901)  Acc@1: 68.7500 (68.7500)  Acc@5: 90.6250 (90.6250)
2025-09-11 18:53:02,681 -                train: [    INFO] - Test: [ 156/156]  Time: 0.009 (0.020)  Loss:  1.0949 (1.1535)  Acc@1: 75.0000 (68.4700)  Acc@5: 93.7500 (91.9600)
2025-09-11 18:53:02,984 - timm.utils.checkpoint_saver: [    INFO] - Current checkpoints:
 ('./output/train/20250911-181227-resnet18_vcaV2-224/checkpoint/checkpoint-26.pth.tar', 68.82)
 ('./output/train/20250911-181227-resnet18_vcaV2-224/checkpoint/checkpoint-30.pth.tar', 68.47)
 ('./output/train/20250911-181227-resnet18_vcaV2-224/checkpoint/checkpoint-27.pth.tar', 68.3)
 ('./output/train/20250911-181227-resnet18_vcaV2-224/checkpoint/checkpoint-28.pth.tar', 67.84)
 ('./output/train/20250911-181227-resnet18_vcaV2-224/checkpoint/checkpoint-22.pth.tar', 67.53)
 ('./output/train/20250911-181227-resnet18_vcaV2-224/checkpoint/checkpoint-29.pth.tar', 67.27)
 ('./output/train/20250911-181227-resnet18_vcaV2-224/checkpoint/checkpoint-23.pth.tar', 67.26)
 ('./output/train/20250911-181227-resnet18_vcaV2-224/checkpoint/checkpoint-21.pth.tar', 66.99)
 ('./output/train/20250911-181227-resnet18_vcaV2-224/checkpoint/checkpoint-24.pth.tar', 66.63)
 ('./output/train/20250911-181227-resnet18_vcaV2-224/checkpoint/checkpoint-25.pth.tar', 66.57)

2025-09-11 18:53:03,181 -                train: [    INFO] - Train: 31 [   0/781 (  0%)]  Loss: 31.58 (31.6)  Loss_cat: 1.139 (1.14)  Loss_feat: 28.24 (28.2)  Loss_gt: 2.200 (2.20) LR: 5.000e-02
2025-09-11 18:53:22,168 -                train: [    INFO] - Train: 31 [ 200/781 ( 26%)]  Loss: 32.00 (32.1)  Loss_cat: 1.212 (1.22)  Loss_feat: 28.80 (28.6)  Loss_gt: 1.994 (2.21) LR: 5.000e-02
2025-09-11 18:53:41,209 -                train: [    INFO] - Train: 31 [ 400/781 ( 51%)]  Loss: 33.16 (32.0)  Loss_cat: 1.316 (1.22)  Loss_feat: 29.47 (28.6)  Loss_gt: 2.379 (2.20) LR: 5.000e-02
2025-09-11 18:54:00,248 -                train: [    INFO] - Train: 31 [ 600/781 ( 77%)]  Loss: 31.71 (32.1)  Loss_cat: 1.166 (1.23)  Loss_feat: 28.36 (28.6)  Loss_gt: 2.191 (2.21) LR: 5.000e-02
2025-09-11 18:54:17,353 -                train: [    INFO] - Train: 31 [ 780/781 (100%)]  Loss: 31.74 (32.1)  Loss_cat: 1.164 (1.23)  Loss_feat: 28.61 (28.6)  Loss_gt: 1.965 (2.21) LR: 5.000e-02
2025-09-11 18:54:17,471 -                train: [    INFO] - Test: [   0/156]  Time: 0.112 (0.112)  Loss:  1.0467 (1.0467)  Acc@1: 75.0000 (75.0000)  Acc@5: 95.3125 (95.3125)
2025-09-11 18:54:20,645 -                train: [    INFO] - Test: [ 156/156]  Time: 0.009 (0.021)  Loss:  1.0828 (1.1663)  Acc@1: 81.2500 (67.8600)  Acc@5: 87.5000 (91.8500)
2025-09-11 18:54:21,030 - timm.utils.checkpoint_saver: [    INFO] - Current checkpoints:
 ('./output/train/20250911-181227-resnet18_vcaV2-224/checkpoint/checkpoint-26.pth.tar', 68.82)
 ('./output/train/20250911-181227-resnet18_vcaV2-224/checkpoint/checkpoint-30.pth.tar', 68.47)
 ('./output/train/20250911-181227-resnet18_vcaV2-224/checkpoint/checkpoint-27.pth.tar', 68.3)
 ('./output/train/20250911-181227-resnet18_vcaV2-224/checkpoint/checkpoint-31.pth.tar', 67.86)
 ('./output/train/20250911-181227-resnet18_vcaV2-224/checkpoint/checkpoint-28.pth.tar', 67.84)
 ('./output/train/20250911-181227-resnet18_vcaV2-224/checkpoint/checkpoint-22.pth.tar', 67.53)
 ('./output/train/20250911-181227-resnet18_vcaV2-224/checkpoint/checkpoint-29.pth.tar', 67.27)
 ('./output/train/20250911-181227-resnet18_vcaV2-224/checkpoint/checkpoint-23.pth.tar', 67.26)
 ('./output/train/20250911-181227-resnet18_vcaV2-224/checkpoint/checkpoint-21.pth.tar', 66.99)
 ('./output/train/20250911-181227-resnet18_vcaV2-224/checkpoint/checkpoint-24.pth.tar', 66.63)

2025-09-11 18:54:21,260 -                train: [    INFO] - Train: 32 [   0/781 (  0%)]  Loss: 31.37 (31.4)  Loss_cat: 1.122 (1.12)  Loss_feat: 28.26 (28.3)  Loss_gt: 1.986 (1.99) LR: 5.000e-02
2025-09-11 18:54:40,311 -                train: [    INFO] - Train: 32 [ 200/781 ( 26%)]  Loss: 31.28 (32.1)  Loss_cat: 1.212 (1.23)  Loss_feat: 27.86 (28.6)  Loss_gt: 2.205 (2.20) LR: 5.000e-02
2025-09-11 18:54:59,492 -                train: [    INFO] - Train: 32 [ 400/781 ( 51%)]  Loss: 31.96 (32.1)  Loss_cat: 1.266 (1.23)  Loss_feat: 28.77 (28.6)  Loss_gt: 1.919 (2.20) LR: 5.000e-02
2025-09-11 18:55:18,655 -                train: [    INFO] - Train: 32 [ 600/781 ( 77%)]  Loss: 31.15 (32.1)  Loss_cat: 1.143 (1.23)  Loss_feat: 27.84 (28.6)  Loss_gt: 2.165 (2.20) LR: 5.000e-02
2025-09-11 18:55:35,879 -                train: [    INFO] - Train: 32 [ 780/781 (100%)]  Loss: 31.55 (32.1)  Loss_cat: 1.179 (1.23)  Loss_feat: 28.32 (28.6)  Loss_gt: 2.046 (2.21) LR: 5.000e-02
2025-09-11 18:55:35,994 -                train: [    INFO] - Test: [   0/156]  Time: 0.109 (0.109)  Loss:  1.0368 (1.0368)  Acc@1: 73.4375 (73.4375)  Acc@5: 93.7500 (93.7500)
2025-09-11 18:55:38,926 -                train: [    INFO] - Test: [ 156/156]  Time: 0.009 (0.019)  Loss:  1.0789 (1.1928)  Acc@1: 75.0000 (67.9000)  Acc@5: 87.5000 (92.2400)
2025-09-11 18:55:39,616 - timm.utils.checkpoint_saver: [    INFO] - Current checkpoints:
 ('./output/train/20250911-181227-resnet18_vcaV2-224/checkpoint/checkpoint-26.pth.tar', 68.82)
 ('./output/train/20250911-181227-resnet18_vcaV2-224/checkpoint/checkpoint-30.pth.tar', 68.47)
 ('./output/train/20250911-181227-resnet18_vcaV2-224/checkpoint/checkpoint-27.pth.tar', 68.3)
 ('./output/train/20250911-181227-resnet18_vcaV2-224/checkpoint/checkpoint-32.pth.tar', 67.9)
 ('./output/train/20250911-181227-resnet18_vcaV2-224/checkpoint/checkpoint-31.pth.tar', 67.86)
 ('./output/train/20250911-181227-resnet18_vcaV2-224/checkpoint/checkpoint-28.pth.tar', 67.84)
 ('./output/train/20250911-181227-resnet18_vcaV2-224/checkpoint/checkpoint-22.pth.tar', 67.53)
 ('./output/train/20250911-181227-resnet18_vcaV2-224/checkpoint/checkpoint-29.pth.tar', 67.27)
 ('./output/train/20250911-181227-resnet18_vcaV2-224/checkpoint/checkpoint-23.pth.tar', 67.26)
 ('./output/train/20250911-181227-resnet18_vcaV2-224/checkpoint/checkpoint-21.pth.tar', 66.99)

2025-09-11 18:55:39,810 -                train: [    INFO] - Train: 33 [   0/781 (  0%)]  Loss: 32.15 (32.1)  Loss_cat: 1.240 (1.24)  Loss_feat: 28.73 (28.7)  Loss_gt: 2.182 (2.18) LR: 5.000e-02
2025-09-11 18:55:58,836 -                train: [    INFO] - Train: 33 [ 200/781 ( 26%)]  Loss: 31.53 (32.0)  Loss_cat: 1.133 (1.23)  Loss_feat: 28.45 (28.6)  Loss_gt: 1.947 (2.18) LR: 5.000e-02
2025-09-11 18:56:18,068 -                train: [    INFO] - Train: 33 [ 400/781 ( 51%)]  Loss: 32.57 (32.0)  Loss_cat: 1.209 (1.23)  Loss_feat: 28.79 (28.6)  Loss_gt: 2.571 (2.19) LR: 5.000e-02
2025-09-11 18:56:37,284 -                train: [    INFO] - Train: 33 [ 600/781 ( 77%)]  Loss: 32.77 (32.1)  Loss_cat: 1.311 (1.23)  Loss_feat: 29.34 (28.6)  Loss_gt: 2.120 (2.20) LR: 5.000e-02
2025-09-11 18:56:54,507 -                train: [    INFO] - Train: 33 [ 780/781 (100%)]  Loss: 32.97 (32.1)  Loss_cat: 1.306 (1.23)  Loss_feat: 29.24 (28.6)  Loss_gt: 2.423 (2.21) LR: 5.000e-02
2025-09-11 18:56:54,622 -                train: [    INFO] - Test: [   0/156]  Time: 0.109 (0.109)  Loss:  1.1680 (1.1680)  Acc@1: 68.7500 (68.7500)  Acc@5: 87.5000 (87.5000)
2025-09-11 18:56:57,631 -                train: [    INFO] - Test: [ 156/156]  Time: 0.008 (0.020)  Loss:  1.0778 (1.1482)  Acc@1: 75.0000 (68.9600)  Acc@5: 81.2500 (92.6200)
2025-09-11 18:56:57,981 - timm.utils.checkpoint_saver: [    INFO] - Current checkpoints:
 ('./output/train/20250911-181227-resnet18_vcaV2-224/checkpoint/checkpoint-33.pth.tar', 68.96)
 ('./output/train/20250911-181227-resnet18_vcaV2-224/checkpoint/checkpoint-26.pth.tar', 68.82)
 ('./output/train/20250911-181227-resnet18_vcaV2-224/checkpoint/checkpoint-30.pth.tar', 68.47)
 ('./output/train/20250911-181227-resnet18_vcaV2-224/checkpoint/checkpoint-27.pth.tar', 68.3)
 ('./output/train/20250911-181227-resnet18_vcaV2-224/checkpoint/checkpoint-32.pth.tar', 67.9)
 ('./output/train/20250911-181227-resnet18_vcaV2-224/checkpoint/checkpoint-31.pth.tar', 67.86)
 ('./output/train/20250911-181227-resnet18_vcaV2-224/checkpoint/checkpoint-28.pth.tar', 67.84)
 ('./output/train/20250911-181227-resnet18_vcaV2-224/checkpoint/checkpoint-22.pth.tar', 67.53)
 ('./output/train/20250911-181227-resnet18_vcaV2-224/checkpoint/checkpoint-29.pth.tar', 67.27)
 ('./output/train/20250911-181227-resnet18_vcaV2-224/checkpoint/checkpoint-23.pth.tar', 67.26)

2025-09-11 18:56:58,176 -                train: [    INFO] - Train: 34 [   0/781 (  0%)]  Loss: 32.75 (32.8)  Loss_cat: 1.324 (1.32)  Loss_feat: 29.12 (29.1)  Loss_gt: 2.310 (2.31) LR: 5.000e-02
2025-09-11 18:57:17,181 -                train: [    INFO] - Train: 34 [ 200/781 ( 26%)]  Loss: 32.34 (31.9)  Loss_cat: 1.315 (1.21)  Loss_feat: 28.80 (28.6)  Loss_gt: 2.226 (2.16) LR: 5.000e-02
2025-09-11 18:57:36,184 -                train: [    INFO] - Train: 34 [ 400/781 ( 51%)]  Loss: 31.35 (32.0)  Loss_cat: 1.201 (1.22)  Loss_feat: 28.43 (28.6)  Loss_gt: 1.710 (2.18) LR: 5.000e-02
2025-09-11 18:57:55,282 -                train: [    INFO] - Train: 34 [ 600/781 ( 77%)]  Loss: 32.10 (32.0)  Loss_cat: 1.232 (1.22)  Loss_feat: 28.32 (28.6)  Loss_gt: 2.547 (2.18) LR: 5.000e-02
2025-09-11 18:58:12,479 -                train: [    INFO] - Train: 34 [ 780/781 (100%)]  Loss: 32.87 (32.0)  Loss_cat: 1.307 (1.23)  Loss_feat: 28.89 (28.6)  Loss_gt: 2.674 (2.19) LR: 5.000e-02
2025-09-11 18:58:12,594 -                train: [    INFO] - Test: [   0/156]  Time: 0.110 (0.110)  Loss:  0.9638 (0.9638)  Acc@1: 76.5625 (76.5625)  Acc@5: 96.8750 (96.8750)
2025-09-11 18:58:15,856 -                train: [    INFO] - Test: [ 156/156]  Time: 0.008 (0.021)  Loss:  1.1051 (1.1853)  Acc@1: 75.0000 (67.8300)  Acc@5: 81.2500 (91.9900)
2025-09-11 18:58:16,489 - timm.utils.checkpoint_saver: [    INFO] - Current checkpoints:
 ('./output/train/20250911-181227-resnet18_vcaV2-224/checkpoint/checkpoint-33.pth.tar', 68.96)
 ('./output/train/20250911-181227-resnet18_vcaV2-224/checkpoint/checkpoint-26.pth.tar', 68.82)
 ('./output/train/20250911-181227-resnet18_vcaV2-224/checkpoint/checkpoint-30.pth.tar', 68.47)
 ('./output/train/20250911-181227-resnet18_vcaV2-224/checkpoint/checkpoint-27.pth.tar', 68.3)
 ('./output/train/20250911-181227-resnet18_vcaV2-224/checkpoint/checkpoint-32.pth.tar', 67.9)
 ('./output/train/20250911-181227-resnet18_vcaV2-224/checkpoint/checkpoint-31.pth.tar', 67.86)
 ('./output/train/20250911-181227-resnet18_vcaV2-224/checkpoint/checkpoint-28.pth.tar', 67.84)
 ('./output/train/20250911-181227-resnet18_vcaV2-224/checkpoint/checkpoint-34.pth.tar', 67.83)
 ('./output/train/20250911-181227-resnet18_vcaV2-224/checkpoint/checkpoint-22.pth.tar', 67.53)
 ('./output/train/20250911-181227-resnet18_vcaV2-224/checkpoint/checkpoint-29.pth.tar', 67.27)

2025-09-11 18:58:16,688 -                train: [    INFO] - Train: 35 [   0/781 (  0%)]  Loss: 31.78 (31.8)  Loss_cat: 1.152 (1.15)  Loss_feat: 28.50 (28.5)  Loss_gt: 2.123 (2.12) LR: 5.000e-02
2025-09-11 18:58:35,938 -                train: [    INFO] - Train: 35 [ 200/781 ( 26%)]  Loss: 32.25 (31.9)  Loss_cat: 1.156 (1.21)  Loss_feat: 28.77 (28.5)  Loss_gt: 2.330 (2.17) LR: 5.000e-02
2025-09-11 18:58:54,989 -                train: [    INFO] - Train: 35 [ 400/781 ( 51%)]  Loss: 32.32 (31.9)  Loss_cat: 1.273 (1.22)  Loss_feat: 28.96 (28.6)  Loss_gt: 2.080 (2.17) LR: 5.000e-02
2025-09-11 18:59:14,060 -                train: [    INFO] - Train: 35 [ 600/781 ( 77%)]  Loss: 31.74 (32.0)  Loss_cat: 1.212 (1.23)  Loss_feat: 28.64 (28.6)  Loss_gt: 1.897 (2.19) LR: 5.000e-02
2025-09-11 18:59:31,301 -                train: [    INFO] - Train: 35 [ 780/781 (100%)]  Loss: 31.98 (32.0)  Loss_cat: 1.252 (1.23)  Loss_feat: 28.81 (28.6)  Loss_gt: 1.914 (2.19) LR: 5.000e-02
2025-09-11 18:59:31,409 -                train: [    INFO] - Test: [   0/156]  Time: 0.102 (0.102)  Loss:  1.0802 (1.0802)  Acc@1: 68.7500 (68.7500)  Acc@5: 89.0625 (89.0625)
2025-09-11 18:59:34,434 -                train: [    INFO] - Test: [ 156/156]  Time: 0.008 (0.020)  Loss:  1.2804 (1.1678)  Acc@1: 62.5000 (68.5700)  Acc@5: 87.5000 (92.2000)
2025-09-11 18:59:34,999 - timm.utils.checkpoint_saver: [    INFO] - Current checkpoints:
 ('./output/train/20250911-181227-resnet18_vcaV2-224/checkpoint/checkpoint-33.pth.tar', 68.96)
 ('./output/train/20250911-181227-resnet18_vcaV2-224/checkpoint/checkpoint-26.pth.tar', 68.82)
 ('./output/train/20250911-181227-resnet18_vcaV2-224/checkpoint/checkpoint-35.pth.tar', 68.57)
 ('./output/train/20250911-181227-resnet18_vcaV2-224/checkpoint/checkpoint-30.pth.tar', 68.47)
 ('./output/train/20250911-181227-resnet18_vcaV2-224/checkpoint/checkpoint-27.pth.tar', 68.3)
 ('./output/train/20250911-181227-resnet18_vcaV2-224/checkpoint/checkpoint-32.pth.tar', 67.9)
 ('./output/train/20250911-181227-resnet18_vcaV2-224/checkpoint/checkpoint-31.pth.tar', 67.86)
 ('./output/train/20250911-181227-resnet18_vcaV2-224/checkpoint/checkpoint-28.pth.tar', 67.84)
 ('./output/train/20250911-181227-resnet18_vcaV2-224/checkpoint/checkpoint-34.pth.tar', 67.83)
 ('./output/train/20250911-181227-resnet18_vcaV2-224/checkpoint/checkpoint-22.pth.tar', 67.53)

2025-09-11 18:59:35,190 -                train: [    INFO] - Train: 36 [   0/781 (  0%)]  Loss: 31.86 (31.9)  Loss_cat: 1.272 (1.27)  Loss_feat: 28.43 (28.4)  Loss_gt: 2.159 (2.16) LR: 5.000e-02
2025-09-11 18:59:54,475 -                train: [    INFO] - Train: 36 [ 200/781 ( 26%)]  Loss: 31.62 (31.9)  Loss_cat: 1.134 (1.22)  Loss_feat: 27.95 (28.5)  Loss_gt: 2.527 (2.16) LR: 5.000e-02
2025-09-11 19:00:13,824 -                train: [    INFO] - Train: 36 [ 400/781 ( 51%)]  Loss: 32.26 (31.9)  Loss_cat: 1.209 (1.22)  Loss_feat: 28.55 (28.5)  Loss_gt: 2.502 (2.17) LR: 5.000e-02
2025-09-11 19:00:33,078 -                train: [    INFO] - Train: 36 [ 600/781 ( 77%)]  Loss: 31.29 (31.9)  Loss_cat: 1.192 (1.22)  Loss_feat: 27.96 (28.5)  Loss_gt: 2.139 (2.17) LR: 5.000e-02
2025-09-11 19:00:50,371 -                train: [    INFO] - Train: 36 [ 780/781 (100%)]  Loss: 32.35 (32.0)  Loss_cat: 1.300 (1.22)  Loss_feat: 28.80 (28.5)  Loss_gt: 2.240 (2.19) LR: 5.000e-02
2025-09-11 19:00:50,477 -                train: [    INFO] - Test: [   0/156]  Time: 0.100 (0.100)  Loss:  1.0155 (1.0155)  Acc@1: 67.1875 (67.1875)  Acc@5: 96.8750 (96.8750)
2025-09-11 19:00:53,385 -                train: [    INFO] - Test: [ 156/156]  Time: 0.009 (0.019)  Loss:  1.6174 (1.1207)  Acc@1: 68.7500 (69.0900)  Acc@5: 87.5000 (92.6300)
2025-09-11 19:00:53,759 - timm.utils.checkpoint_saver: [    INFO] - Current checkpoints:
 ('./output/train/20250911-181227-resnet18_vcaV2-224/checkpoint/checkpoint-36.pth.tar', 69.09)
 ('./output/train/20250911-181227-resnet18_vcaV2-224/checkpoint/checkpoint-33.pth.tar', 68.96)
 ('./output/train/20250911-181227-resnet18_vcaV2-224/checkpoint/checkpoint-26.pth.tar', 68.82)
 ('./output/train/20250911-181227-resnet18_vcaV2-224/checkpoint/checkpoint-35.pth.tar', 68.57)
 ('./output/train/20250911-181227-resnet18_vcaV2-224/checkpoint/checkpoint-30.pth.tar', 68.47)
 ('./output/train/20250911-181227-resnet18_vcaV2-224/checkpoint/checkpoint-27.pth.tar', 68.3)
 ('./output/train/20250911-181227-resnet18_vcaV2-224/checkpoint/checkpoint-32.pth.tar', 67.9)
 ('./output/train/20250911-181227-resnet18_vcaV2-224/checkpoint/checkpoint-31.pth.tar', 67.86)
 ('./output/train/20250911-181227-resnet18_vcaV2-224/checkpoint/checkpoint-28.pth.tar', 67.84)
 ('./output/train/20250911-181227-resnet18_vcaV2-224/checkpoint/checkpoint-34.pth.tar', 67.83)

2025-09-11 19:00:53,965 -                train: [    INFO] - Train: 37 [   0/781 (  0%)]  Loss: 31.55 (31.6)  Loss_cat: 1.100 (1.10)  Loss_feat: 27.86 (27.9)  Loss_gt: 2.591 (2.59) LR: 5.000e-02
2025-09-11 19:01:13,248 -                train: [    INFO] - Train: 37 [ 200/781 ( 26%)]  Loss: 32.13 (31.9)  Loss_cat: 1.204 (1.21)  Loss_feat: 28.35 (28.5)  Loss_gt: 2.576 (2.18) LR: 5.000e-02
2025-09-11 19:01:32,438 -                train: [    INFO] - Train: 37 [ 400/781 ( 51%)]  Loss: 31.69 (31.9)  Loss_cat: 1.181 (1.21)  Loss_feat: 28.30 (28.5)  Loss_gt: 2.211 (2.18) LR: 5.000e-02
2025-09-11 19:01:51,605 -                train: [    INFO] - Train: 37 [ 600/781 ( 77%)]  Loss: 32.18 (31.9)  Loss_cat: 1.246 (1.22)  Loss_feat: 28.71 (28.5)  Loss_gt: 2.226 (2.19) LR: 5.000e-02
2025-09-11 19:02:08,914 -                train: [    INFO] - Train: 37 [ 780/781 (100%)]  Loss: 32.17 (32.0)  Loss_cat: 1.251 (1.22)  Loss_feat: 28.67 (28.5)  Loss_gt: 2.254 (2.19) LR: 5.000e-02
2025-09-11 19:02:09,023 -                train: [    INFO] - Test: [   0/156]  Time: 0.101 (0.101)  Loss:  1.1012 (1.1012)  Acc@1: 68.7500 (68.7500)  Acc@5: 92.1875 (92.1875)
2025-09-11 19:02:12,002 -                train: [    INFO] - Test: [ 156/156]  Time: 0.009 (0.020)  Loss:  1.2558 (1.1941)  Acc@1: 75.0000 (68.2500)  Acc@5: 87.5000 (91.7800)
2025-09-11 19:02:12,454 - timm.utils.checkpoint_saver: [    INFO] - Current checkpoints:
 ('./output/train/20250911-181227-resnet18_vcaV2-224/checkpoint/checkpoint-36.pth.tar', 69.09)
 ('./output/train/20250911-181227-resnet18_vcaV2-224/checkpoint/checkpoint-33.pth.tar', 68.96)
 ('./output/train/20250911-181227-resnet18_vcaV2-224/checkpoint/checkpoint-26.pth.tar', 68.82)
 ('./output/train/20250911-181227-resnet18_vcaV2-224/checkpoint/checkpoint-35.pth.tar', 68.57)
 ('./output/train/20250911-181227-resnet18_vcaV2-224/checkpoint/checkpoint-30.pth.tar', 68.47)
 ('./output/train/20250911-181227-resnet18_vcaV2-224/checkpoint/checkpoint-27.pth.tar', 68.3)
 ('./output/train/20250911-181227-resnet18_vcaV2-224/checkpoint/checkpoint-37.pth.tar', 68.25)
 ('./output/train/20250911-181227-resnet18_vcaV2-224/checkpoint/checkpoint-32.pth.tar', 67.9)
 ('./output/train/20250911-181227-resnet18_vcaV2-224/checkpoint/checkpoint-31.pth.tar', 67.86)
 ('./output/train/20250911-181227-resnet18_vcaV2-224/checkpoint/checkpoint-28.pth.tar', 67.84)

2025-09-11 19:02:12,656 -                train: [    INFO] - Train: 38 [   0/781 (  0%)]  Loss: 31.45 (31.4)  Loss_cat: 1.232 (1.23)  Loss_feat: 28.20 (28.2)  Loss_gt: 2.013 (2.01) LR: 5.000e-02
2025-09-11 19:02:31,841 -                train: [    INFO] - Train: 38 [ 200/781 ( 26%)]  Loss: 31.76 (32.0)  Loss_cat: 1.222 (1.22)  Loss_feat: 28.27 (28.6)  Loss_gt: 2.266 (2.19) LR: 5.000e-02
2025-09-11 19:02:51,070 -                train: [    INFO] - Train: 38 [ 400/781 ( 51%)]  Loss: 32.11 (32.0)  Loss_cat: 1.237 (1.23)  Loss_feat: 28.73 (28.6)  Loss_gt: 2.145 (2.18) LR: 5.000e-02
2025-09-11 19:03:10,395 -                train: [    INFO] - Train: 38 [ 600/781 ( 77%)]  Loss: 31.89 (32.0)  Loss_cat: 1.163 (1.23)  Loss_feat: 28.67 (28.6)  Loss_gt: 2.058 (2.18) LR: 5.000e-02
2025-09-11 19:03:27,672 -                train: [    INFO] - Train: 38 [ 780/781 (100%)]  Loss: 32.22 (32.0)  Loss_cat: 1.318 (1.23)  Loss_feat: 28.83 (28.6)  Loss_gt: 2.076 (2.18) LR: 5.000e-02
2025-09-11 19:03:27,786 -                train: [    INFO] - Test: [   0/156]  Time: 0.109 (0.109)  Loss:  1.0009 (1.0009)  Acc@1: 67.1875 (67.1875)  Acc@5: 93.7500 (93.7500)
2025-09-11 19:03:30,805 -                train: [    INFO] - Test: [ 156/156]  Time: 0.009 (0.020)  Loss:  1.0041 (1.1149)  Acc@1: 81.2500 (68.8400)  Acc@5: 87.5000 (92.7700)
2025-09-11 19:03:31,376 - timm.utils.checkpoint_saver: [    INFO] - Current checkpoints:
 ('./output/train/20250911-181227-resnet18_vcaV2-224/checkpoint/checkpoint-36.pth.tar', 69.09)
 ('./output/train/20250911-181227-resnet18_vcaV2-224/checkpoint/checkpoint-33.pth.tar', 68.96)
 ('./output/train/20250911-181227-resnet18_vcaV2-224/checkpoint/checkpoint-38.pth.tar', 68.84)
 ('./output/train/20250911-181227-resnet18_vcaV2-224/checkpoint/checkpoint-26.pth.tar', 68.82)
 ('./output/train/20250911-181227-resnet18_vcaV2-224/checkpoint/checkpoint-35.pth.tar', 68.57)
 ('./output/train/20250911-181227-resnet18_vcaV2-224/checkpoint/checkpoint-30.pth.tar', 68.47)
 ('./output/train/20250911-181227-resnet18_vcaV2-224/checkpoint/checkpoint-27.pth.tar', 68.3)
 ('./output/train/20250911-181227-resnet18_vcaV2-224/checkpoint/checkpoint-37.pth.tar', 68.25)
 ('./output/train/20250911-181227-resnet18_vcaV2-224/checkpoint/checkpoint-32.pth.tar', 67.9)
 ('./output/train/20250911-181227-resnet18_vcaV2-224/checkpoint/checkpoint-31.pth.tar', 67.86)

2025-09-11 19:03:31,569 -                train: [    INFO] - Train: 39 [   0/781 (  0%)]  Loss: 32.41 (32.4)  Loss_cat: 1.271 (1.27)  Loss_feat: 28.88 (28.9)  Loss_gt: 2.264 (2.26) LR: 5.000e-02
2025-09-11 19:03:50,625 -                train: [    INFO] - Train: 39 [ 200/781 ( 26%)]  Loss: 31.77 (31.8)  Loss_cat: 1.256 (1.21)  Loss_feat: 28.17 (28.5)  Loss_gt: 2.350 (2.16) LR: 5.000e-02
2025-09-11 19:04:09,782 -                train: [    INFO] - Train: 39 [ 400/781 ( 51%)]  Loss: 31.71 (31.9)  Loss_cat: 1.199 (1.22)  Loss_feat: 28.56 (28.5)  Loss_gt: 1.955 (2.17) LR: 5.000e-02
2025-09-11 19:04:29,075 -                train: [    INFO] - Train: 39 [ 600/781 ( 77%)]  Loss: 32.66 (31.9)  Loss_cat: 1.312 (1.22)  Loss_feat: 29.21 (28.5)  Loss_gt: 2.134 (2.18) LR: 5.000e-02
2025-09-11 19:04:46,434 -                train: [    INFO] - Train: 39 [ 780/781 (100%)]  Loss: 32.19 (31.9)  Loss_cat: 1.255 (1.22)  Loss_feat: 28.58 (28.5)  Loss_gt: 2.353 (2.18) LR: 5.000e-02
2025-09-11 19:04:46,579 -                train: [    INFO] - Test: [   0/156]  Time: 0.139 (0.139)  Loss:  0.9273 (0.9273)  Acc@1: 71.8750 (71.8750)  Acc@5: 95.3125 (95.3125)
2025-09-11 19:04:49,553 -                train: [    INFO] - Test: [ 156/156]  Time: 0.008 (0.020)  Loss:  1.2610 (1.1700)  Acc@1: 62.5000 (67.8200)  Acc@5: 87.5000 (92.3400)
2025-09-11 19:04:50,385 -                train: [    INFO] - Train: 40 [   0/781 (  0%)]  Loss: 31.36 (31.4)  Loss_cat: 1.162 (1.16)  Loss_feat: 28.09 (28.1)  Loss_gt: 2.114 (2.11) LR: 5.000e-02
2025-09-11 19:05:09,424 -                train: [    INFO] - Train: 40 [ 200/781 ( 26%)]  Loss: 31.58 (31.8)  Loss_cat: 1.151 (1.21)  Loss_feat: 28.51 (28.5)  Loss_gt: 1.916 (2.14) LR: 5.000e-02
2025-09-11 19:05:28,415 -                train: [    INFO] - Train: 40 [ 400/781 ( 51%)]  Loss: 31.55 (31.9)  Loss_cat: 1.154 (1.21)  Loss_feat: 28.25 (28.5)  Loss_gt: 2.151 (2.16) LR: 5.000e-02
2025-09-11 19:05:47,530 -                train: [    INFO] - Train: 40 [ 600/781 ( 77%)]  Loss: 31.84 (31.9)  Loss_cat: 1.206 (1.22)  Loss_feat: 28.23 (28.5)  Loss_gt: 2.408 (2.17) LR: 5.000e-02
2025-09-11 19:06:05,073 -                train: [    INFO] - Train: 40 [ 780/781 (100%)]  Loss: 32.98 (31.9)  Loss_cat: 1.338 (1.22)  Loss_feat: 29.16 (28.5)  Loss_gt: 2.482 (2.18) LR: 5.000e-02
2025-09-11 19:06:05,187 -                train: [    INFO] - Test: [   0/156]  Time: 0.108 (0.108)  Loss:  0.9509 (0.9509)  Acc@1: 73.4375 (73.4375)  Acc@5: 92.1875 (92.1875)
2025-09-11 19:06:08,220 -                train: [    INFO] - Test: [ 156/156]  Time: 0.008 (0.020)  Loss:  0.8867 (1.1321)  Acc@1: 81.2500 (69.1100)  Acc@5: 87.5000 (92.2800)
2025-09-11 19:06:08,989 - timm.utils.checkpoint_saver: [    INFO] - Current checkpoints:
 ('./output/train/20250911-181227-resnet18_vcaV2-224/checkpoint/checkpoint-40.pth.tar', 69.11)
 ('./output/train/20250911-181227-resnet18_vcaV2-224/checkpoint/checkpoint-36.pth.tar', 69.09)
 ('./output/train/20250911-181227-resnet18_vcaV2-224/checkpoint/checkpoint-33.pth.tar', 68.96)
 ('./output/train/20250911-181227-resnet18_vcaV2-224/checkpoint/checkpoint-38.pth.tar', 68.84)
 ('./output/train/20250911-181227-resnet18_vcaV2-224/checkpoint/checkpoint-26.pth.tar', 68.82)
 ('./output/train/20250911-181227-resnet18_vcaV2-224/checkpoint/checkpoint-35.pth.tar', 68.57)
 ('./output/train/20250911-181227-resnet18_vcaV2-224/checkpoint/checkpoint-30.pth.tar', 68.47)
 ('./output/train/20250911-181227-resnet18_vcaV2-224/checkpoint/checkpoint-27.pth.tar', 68.3)
 ('./output/train/20250911-181227-resnet18_vcaV2-224/checkpoint/checkpoint-37.pth.tar', 68.25)
 ('./output/train/20250911-181227-resnet18_vcaV2-224/checkpoint/checkpoint-32.pth.tar', 67.9)

2025-09-11 19:06:09,181 -                train: [    INFO] - Train: 41 [   0/781 (  0%)]  Loss: 31.74 (31.7)  Loss_cat: 1.196 (1.20)  Loss_feat: 28.26 (28.3)  Loss_gt: 2.284 (2.28) LR: 5.000e-02
2025-09-11 19:06:28,235 -                train: [    INFO] - Train: 41 [ 200/781 ( 26%)]  Loss: 31.78 (31.8)  Loss_cat: 1.179 (1.21)  Loss_feat: 28.58 (28.5)  Loss_gt: 2.023 (2.17) LR: 5.000e-02
2025-09-11 19:06:47,293 -                train: [    INFO] - Train: 41 [ 400/781 ( 51%)]  Loss: 32.34 (31.9)  Loss_cat: 1.255 (1.21)  Loss_feat: 28.98 (28.5)  Loss_gt: 2.100 (2.17) LR: 5.000e-02
2025-09-11 19:07:06,521 -                train: [    INFO] - Train: 41 [ 600/781 ( 77%)]  Loss: 30.76 (31.9)  Loss_cat: 1.075 (1.22)  Loss_feat: 27.75 (28.5)  Loss_gt: 1.934 (2.18) LR: 5.000e-02
2025-09-11 19:07:23,813 -                train: [    INFO] - Train: 41 [ 780/781 (100%)]  Loss: 31.08 (31.9)  Loss_cat: 1.152 (1.22)  Loss_feat: 28.20 (28.5)  Loss_gt: 1.725 (2.17) LR: 5.000e-02
2025-09-11 19:07:23,928 -                train: [    INFO] - Test: [   0/156]  Time: 0.108 (0.108)  Loss:  1.1986 (1.1986)  Acc@1: 67.1875 (67.1875)  Acc@5: 90.6250 (90.6250)
2025-09-11 19:07:26,994 -                train: [    INFO] - Test: [ 156/156]  Time: 0.009 (0.020)  Loss:  0.9448 (1.1660)  Acc@1: 75.0000 (69.0600)  Acc@5: 93.7500 (92.2200)
2025-09-11 19:07:27,316 - timm.utils.checkpoint_saver: [    INFO] - Current checkpoints:
 ('./output/train/20250911-181227-resnet18_vcaV2-224/checkpoint/checkpoint-40.pth.tar', 69.11)
 ('./output/train/20250911-181227-resnet18_vcaV2-224/checkpoint/checkpoint-36.pth.tar', 69.09)
 ('./output/train/20250911-181227-resnet18_vcaV2-224/checkpoint/checkpoint-41.pth.tar', 69.06)
 ('./output/train/20250911-181227-resnet18_vcaV2-224/checkpoint/checkpoint-33.pth.tar', 68.96)
 ('./output/train/20250911-181227-resnet18_vcaV2-224/checkpoint/checkpoint-38.pth.tar', 68.84)
 ('./output/train/20250911-181227-resnet18_vcaV2-224/checkpoint/checkpoint-26.pth.tar', 68.82)
 ('./output/train/20250911-181227-resnet18_vcaV2-224/checkpoint/checkpoint-35.pth.tar', 68.57)
 ('./output/train/20250911-181227-resnet18_vcaV2-224/checkpoint/checkpoint-30.pth.tar', 68.47)
 ('./output/train/20250911-181227-resnet18_vcaV2-224/checkpoint/checkpoint-27.pth.tar', 68.3)
 ('./output/train/20250911-181227-resnet18_vcaV2-224/checkpoint/checkpoint-37.pth.tar', 68.25)

2025-09-11 19:07:27,512 -                train: [    INFO] - Train: 42 [   0/781 (  0%)]  Loss: 32.10 (32.1)  Loss_cat: 1.238 (1.24)  Loss_feat: 28.62 (28.6)  Loss_gt: 2.243 (2.24) LR: 5.000e-02
2025-09-11 19:07:46,641 -                train: [    INFO] - Train: 42 [ 200/781 ( 26%)]  Loss: 31.74 (31.8)  Loss_cat: 1.196 (1.21)  Loss_feat: 28.33 (28.5)  Loss_gt: 2.217 (2.15) LR: 5.000e-02
2025-09-11 19:08:05,761 -                train: [    INFO] - Train: 42 [ 400/781 ( 51%)]  Loss: 32.70 (31.8)  Loss_cat: 1.340 (1.21)  Loss_feat: 29.02 (28.5)  Loss_gt: 2.341 (2.16) LR: 5.000e-02
2025-09-11 19:08:24,882 -                train: [    INFO] - Train: 42 [ 600/781 ( 77%)]  Loss: 31.33 (31.9)  Loss_cat: 1.110 (1.21)  Loss_feat: 28.01 (28.5)  Loss_gt: 2.214 (2.17) LR: 5.000e-02
2025-09-11 19:08:42,343 -                train: [    INFO] - Train: 42 [ 780/781 (100%)]  Loss: 31.47 (31.9)  Loss_cat: 1.189 (1.22)  Loss_feat: 28.44 (28.5)  Loss_gt: 1.838 (2.17) LR: 5.000e-02
2025-09-11 19:08:42,455 -                train: [    INFO] - Test: [   0/156]  Time: 0.106 (0.106)  Loss:  1.0120 (1.0120)  Acc@1: 73.4375 (73.4375)  Acc@5: 92.1875 (92.1875)
2025-09-11 19:08:45,569 -                train: [    INFO] - Test: [ 156/156]  Time: 0.008 (0.021)  Loss:  0.7928 (1.1028)  Acc@1: 81.2500 (69.6200)  Acc@5: 93.7500 (92.5900)
2025-09-11 19:08:46,238 - timm.utils.checkpoint_saver: [    INFO] - Current checkpoints:
 ('./output/train/20250911-181227-resnet18_vcaV2-224/checkpoint/checkpoint-42.pth.tar', 69.62)
 ('./output/train/20250911-181227-resnet18_vcaV2-224/checkpoint/checkpoint-40.pth.tar', 69.11)
 ('./output/train/20250911-181227-resnet18_vcaV2-224/checkpoint/checkpoint-36.pth.tar', 69.09)
 ('./output/train/20250911-181227-resnet18_vcaV2-224/checkpoint/checkpoint-41.pth.tar', 69.06)
 ('./output/train/20250911-181227-resnet18_vcaV2-224/checkpoint/checkpoint-33.pth.tar', 68.96)
 ('./output/train/20250911-181227-resnet18_vcaV2-224/checkpoint/checkpoint-38.pth.tar', 68.84)
 ('./output/train/20250911-181227-resnet18_vcaV2-224/checkpoint/checkpoint-26.pth.tar', 68.82)
 ('./output/train/20250911-181227-resnet18_vcaV2-224/checkpoint/checkpoint-35.pth.tar', 68.57)
 ('./output/train/20250911-181227-resnet18_vcaV2-224/checkpoint/checkpoint-30.pth.tar', 68.47)
 ('./output/train/20250911-181227-resnet18_vcaV2-224/checkpoint/checkpoint-27.pth.tar', 68.3)

2025-09-11 19:08:46,429 -                train: [    INFO] - Train: 43 [   0/781 (  0%)]  Loss: 32.36 (32.4)  Loss_cat: 1.300 (1.30)  Loss_feat: 28.91 (28.9)  Loss_gt: 2.153 (2.15) LR: 5.000e-02
2025-09-11 19:09:05,721 -                train: [    INFO] - Train: 43 [ 200/781 ( 26%)]  Loss: 32.29 (31.8)  Loss_cat: 1.242 (1.21)  Loss_feat: 28.71 (28.5)  Loss_gt: 2.336 (2.15) LR: 5.000e-02
2025-09-11 19:09:24,883 -                train: [    INFO] - Train: 43 [ 400/781 ( 51%)]  Loss: 31.71 (31.8)  Loss_cat: 1.215 (1.21)  Loss_feat: 28.28 (28.5)  Loss_gt: 2.215 (2.16) LR: 5.000e-02
2025-09-11 19:09:44,039 -                train: [    INFO] - Train: 43 [ 600/781 ( 77%)]  Loss: 32.57 (31.9)  Loss_cat: 1.245 (1.21)  Loss_feat: 29.29 (28.5)  Loss_gt: 2.034 (2.17) LR: 5.000e-02
2025-09-11 19:10:01,281 -                train: [    INFO] - Train: 43 [ 780/781 (100%)]  Loss: 32.08 (31.9)  Loss_cat: 1.245 (1.22)  Loss_feat: 28.74 (28.5)  Loss_gt: 2.088 (2.17) LR: 5.000e-02
2025-09-11 19:10:01,393 -                train: [    INFO] - Test: [   0/156]  Time: 0.107 (0.107)  Loss:  0.9976 (0.9976)  Acc@1: 73.4375 (73.4375)  Acc@5: 92.1875 (92.1875)
2025-09-11 19:10:04,552 -                train: [    INFO] - Test: [ 156/156]  Time: 0.008 (0.021)  Loss:  1.4023 (1.1351)  Acc@1: 62.5000 (69.6500)  Acc@5: 81.2500 (92.9400)
2025-09-11 19:10:05,081 - timm.utils.checkpoint_saver: [    INFO] - Current checkpoints:
 ('./output/train/20250911-181227-resnet18_vcaV2-224/checkpoint/checkpoint-43.pth.tar', 69.65)
 ('./output/train/20250911-181227-resnet18_vcaV2-224/checkpoint/checkpoint-42.pth.tar', 69.62)
 ('./output/train/20250911-181227-resnet18_vcaV2-224/checkpoint/checkpoint-40.pth.tar', 69.11)
 ('./output/train/20250911-181227-resnet18_vcaV2-224/checkpoint/checkpoint-36.pth.tar', 69.09)
 ('./output/train/20250911-181227-resnet18_vcaV2-224/checkpoint/checkpoint-41.pth.tar', 69.06)
 ('./output/train/20250911-181227-resnet18_vcaV2-224/checkpoint/checkpoint-33.pth.tar', 68.96)
 ('./output/train/20250911-181227-resnet18_vcaV2-224/checkpoint/checkpoint-38.pth.tar', 68.84)
 ('./output/train/20250911-181227-resnet18_vcaV2-224/checkpoint/checkpoint-26.pth.tar', 68.82)
 ('./output/train/20250911-181227-resnet18_vcaV2-224/checkpoint/checkpoint-35.pth.tar', 68.57)
 ('./output/train/20250911-181227-resnet18_vcaV2-224/checkpoint/checkpoint-30.pth.tar', 68.47)

2025-09-11 19:10:05,287 -                train: [    INFO] - Train: 44 [   0/781 (  0%)]  Loss: 31.22 (31.2)  Loss_cat: 1.235 (1.23)  Loss_feat: 28.02 (28.0)  Loss_gt: 1.957 (1.96) LR: 5.000e-02
2025-09-11 19:10:24,479 -                train: [    INFO] - Train: 44 [ 200/781 ( 26%)]  Loss: 31.83 (31.8)  Loss_cat: 1.187 (1.20)  Loss_feat: 28.49 (28.4)  Loss_gt: 2.151 (2.15) LR: 5.000e-02
2025-09-11 19:10:43,462 -                train: [    INFO] - Train: 44 [ 400/781 ( 51%)]  Loss: 31.82 (31.8)  Loss_cat: 1.169 (1.21)  Loss_feat: 28.29 (28.5)  Loss_gt: 2.358 (2.16) LR: 5.000e-02
2025-09-11 19:11:02,534 -                train: [    INFO] - Train: 44 [ 600/781 ( 77%)]  Loss: 31.61 (31.9)  Loss_cat: 1.202 (1.21)  Loss_feat: 28.35 (28.5)  Loss_gt: 2.054 (2.17) LR: 5.000e-02
2025-09-11 19:11:19,611 -                train: [    INFO] - Train: 44 [ 780/781 (100%)]  Loss: 32.04 (31.9)  Loss_cat: 1.219 (1.21)  Loss_feat: 28.41 (28.5)  Loss_gt: 2.411 (2.17) LR: 5.000e-02
2025-09-11 19:11:19,726 -                train: [    INFO] - Test: [   0/156]  Time: 0.108 (0.108)  Loss:  0.9605 (0.9605)  Acc@1: 78.1250 (78.1250)  Acc@5: 92.1875 (92.1875)
2025-09-11 19:11:22,607 -                train: [    INFO] - Test: [ 156/156]  Time: 0.010 (0.019)  Loss:  0.9501 (1.1243)  Acc@1: 81.2500 (69.3500)  Acc@5: 87.5000 (92.4700)
2025-09-11 19:11:23,044 - timm.utils.checkpoint_saver: [    INFO] - Current checkpoints:
 ('./output/train/20250911-181227-resnet18_vcaV2-224/checkpoint/checkpoint-43.pth.tar', 69.65)
 ('./output/train/20250911-181227-resnet18_vcaV2-224/checkpoint/checkpoint-42.pth.tar', 69.62)
 ('./output/train/20250911-181227-resnet18_vcaV2-224/checkpoint/checkpoint-44.pth.tar', 69.35)
 ('./output/train/20250911-181227-resnet18_vcaV2-224/checkpoint/checkpoint-40.pth.tar', 69.11)
 ('./output/train/20250911-181227-resnet18_vcaV2-224/checkpoint/checkpoint-36.pth.tar', 69.09)
 ('./output/train/20250911-181227-resnet18_vcaV2-224/checkpoint/checkpoint-41.pth.tar', 69.06)
 ('./output/train/20250911-181227-resnet18_vcaV2-224/checkpoint/checkpoint-33.pth.tar', 68.96)
 ('./output/train/20250911-181227-resnet18_vcaV2-224/checkpoint/checkpoint-38.pth.tar', 68.84)
 ('./output/train/20250911-181227-resnet18_vcaV2-224/checkpoint/checkpoint-26.pth.tar', 68.82)
 ('./output/train/20250911-181227-resnet18_vcaV2-224/checkpoint/checkpoint-35.pth.tar', 68.57)

2025-09-11 19:11:23,246 -                train: [    INFO] - Train: 45 [   0/781 (  0%)]  Loss: 31.95 (31.9)  Loss_cat: 1.236 (1.24)  Loss_feat: 28.64 (28.6)  Loss_gt: 2.066 (2.07) LR: 5.000e-02
2025-09-11 19:11:42,307 -                train: [    INFO] - Train: 45 [ 200/781 ( 26%)]  Loss: 32.48 (31.8)  Loss_cat: 1.297 (1.21)  Loss_feat: 28.93 (28.4)  Loss_gt: 2.256 (2.16) LR: 5.000e-02
2025-09-11 19:12:01,473 -                train: [    INFO] - Train: 45 [ 400/781 ( 51%)]  Loss: 31.49 (31.8)  Loss_cat: 1.167 (1.21)  Loss_feat: 28.10 (28.4)  Loss_gt: 2.228 (2.16) LR: 5.000e-02
2025-09-11 19:12:20,591 -                train: [    INFO] - Train: 45 [ 600/781 ( 77%)]  Loss: 32.42 (31.8)  Loss_cat: 1.279 (1.21)  Loss_feat: 28.90 (28.5)  Loss_gt: 2.242 (2.16) LR: 5.000e-02
2025-09-11 19:12:37,653 -                train: [    INFO] - Train: 45 [ 780/781 (100%)]  Loss: 31.80 (31.9)  Loss_cat: 1.195 (1.21)  Loss_feat: 28.32 (28.5)  Loss_gt: 2.283 (2.17) LR: 5.000e-02
2025-09-11 19:12:37,762 -                train: [    INFO] - Test: [   0/156]  Time: 0.104 (0.104)  Loss:  0.9416 (0.9416)  Acc@1: 71.8750 (71.8750)  Acc@5: 92.1875 (92.1875)
2025-09-11 19:12:40,662 -                train: [    INFO] - Test: [ 156/156]  Time: 0.008 (0.019)  Loss:  0.9962 (1.1301)  Acc@1: 75.0000 (69.4200)  Acc@5: 87.5000 (92.6900)
2025-09-11 19:12:41,471 - timm.utils.checkpoint_saver: [    INFO] - Current checkpoints:
 ('./output/train/20250911-181227-resnet18_vcaV2-224/checkpoint/checkpoint-43.pth.tar', 69.65)
 ('./output/train/20250911-181227-resnet18_vcaV2-224/checkpoint/checkpoint-42.pth.tar', 69.62)
 ('./output/train/20250911-181227-resnet18_vcaV2-224/checkpoint/checkpoint-45.pth.tar', 69.42)
 ('./output/train/20250911-181227-resnet18_vcaV2-224/checkpoint/checkpoint-44.pth.tar', 69.35)
 ('./output/train/20250911-181227-resnet18_vcaV2-224/checkpoint/checkpoint-40.pth.tar', 69.11)
 ('./output/train/20250911-181227-resnet18_vcaV2-224/checkpoint/checkpoint-36.pth.tar', 69.09)
 ('./output/train/20250911-181227-resnet18_vcaV2-224/checkpoint/checkpoint-41.pth.tar', 69.06)
 ('./output/train/20250911-181227-resnet18_vcaV2-224/checkpoint/checkpoint-33.pth.tar', 68.96)
 ('./output/train/20250911-181227-resnet18_vcaV2-224/checkpoint/checkpoint-38.pth.tar', 68.84)
 ('./output/train/20250911-181227-resnet18_vcaV2-224/checkpoint/checkpoint-26.pth.tar', 68.82)

2025-09-11 19:12:41,660 -                train: [    INFO] - Train: 46 [   0/781 (  0%)]  Loss: 31.40 (31.4)  Loss_cat: 1.181 (1.18)  Loss_feat: 27.98 (28.0)  Loss_gt: 2.242 (2.24) LR: 5.000e-02
2025-09-11 19:13:00,896 -                train: [    INFO] - Train: 46 [ 200/781 ( 26%)]  Loss: 31.39 (31.7)  Loss_cat: 1.158 (1.20)  Loss_feat: 27.99 (28.4)  Loss_gt: 2.243 (2.15) LR: 5.000e-02
2025-09-11 19:13:20,083 -                train: [    INFO] - Train: 46 [ 400/781 ( 51%)]  Loss: 32.57 (31.8)  Loss_cat: 1.336 (1.21)  Loss_feat: 29.05 (28.4)  Loss_gt: 2.189 (2.16) LR: 5.000e-02
2025-09-11 19:13:39,053 -                train: [    INFO] - Train: 46 [ 600/781 ( 77%)]  Loss: 32.36 (31.8)  Loss_cat: 1.240 (1.21)  Loss_feat: 28.99 (28.4)  Loss_gt: 2.125 (2.17) LR: 5.000e-02
2025-09-11 19:13:56,246 -                train: [    INFO] - Train: 46 [ 780/781 (100%)]  Loss: 31.43 (31.8)  Loss_cat: 1.129 (1.21)  Loss_feat: 27.99 (28.4)  Loss_gt: 2.307 (2.17) LR: 5.000e-02
2025-09-11 19:13:56,355 -                train: [    INFO] - Test: [   0/156]  Time: 0.104 (0.104)  Loss:  1.1115 (1.1115)  Acc@1: 70.3125 (70.3125)  Acc@5: 92.1875 (92.1875)
2025-09-11 19:13:59,334 -                train: [    INFO] - Test: [ 156/156]  Time: 0.009 (0.020)  Loss:  1.3471 (1.1518)  Acc@1: 68.7500 (69.3000)  Acc@5: 87.5000 (92.8200)
2025-09-11 19:13:59,685 - timm.utils.checkpoint_saver: [    INFO] - Current checkpoints:
 ('./output/train/20250911-181227-resnet18_vcaV2-224/checkpoint/checkpoint-43.pth.tar', 69.65)
 ('./output/train/20250911-181227-resnet18_vcaV2-224/checkpoint/checkpoint-42.pth.tar', 69.62)
 ('./output/train/20250911-181227-resnet18_vcaV2-224/checkpoint/checkpoint-45.pth.tar', 69.42)
 ('./output/train/20250911-181227-resnet18_vcaV2-224/checkpoint/checkpoint-44.pth.tar', 69.35)
 ('./output/train/20250911-181227-resnet18_vcaV2-224/checkpoint/checkpoint-46.pth.tar', 69.3)
 ('./output/train/20250911-181227-resnet18_vcaV2-224/checkpoint/checkpoint-40.pth.tar', 69.11)
 ('./output/train/20250911-181227-resnet18_vcaV2-224/checkpoint/checkpoint-36.pth.tar', 69.09)
 ('./output/train/20250911-181227-resnet18_vcaV2-224/checkpoint/checkpoint-41.pth.tar', 69.06)
 ('./output/train/20250911-181227-resnet18_vcaV2-224/checkpoint/checkpoint-33.pth.tar', 68.96)
 ('./output/train/20250911-181227-resnet18_vcaV2-224/checkpoint/checkpoint-38.pth.tar', 68.84)

2025-09-11 19:13:59,879 -                train: [    INFO] - Train: 47 [   0/781 (  0%)]  Loss: 32.43 (32.4)  Loss_cat: 1.213 (1.21)  Loss_feat: 29.01 (29.0)  Loss_gt: 2.213 (2.21) LR: 5.000e-02
2025-09-11 19:14:18,956 -                train: [    INFO] - Train: 47 [ 200/781 ( 26%)]  Loss: 31.25 (31.8)  Loss_cat: 1.159 (1.21)  Loss_feat: 28.04 (28.5)  Loss_gt: 2.050 (2.14) LR: 5.000e-02
2025-09-11 19:14:38,077 -                train: [    INFO] - Train: 47 [ 400/781 ( 51%)]  Loss: 31.99 (31.9)  Loss_cat: 1.228 (1.21)  Loss_feat: 28.76 (28.5)  Loss_gt: 2.007 (2.16) LR: 5.000e-02
2025-09-11 19:14:57,261 -                train: [    INFO] - Train: 47 [ 600/781 ( 77%)]  Loss: 33.12 (31.8)  Loss_cat: 1.312 (1.21)  Loss_feat: 29.37 (28.5)  Loss_gt: 2.436 (2.15) LR: 5.000e-02
2025-09-11 19:15:14,512 -                train: [    INFO] - Train: 47 [ 780/781 (100%)]  Loss: 31.29 (31.8)  Loss_cat: 1.083 (1.21)  Loss_feat: 28.18 (28.5)  Loss_gt: 2.027 (2.16) LR: 5.000e-02
2025-09-11 19:15:14,622 -                train: [    INFO] - Test: [   0/156]  Time: 0.105 (0.105)  Loss:  1.1674 (1.1674)  Acc@1: 70.3125 (70.3125)  Acc@5: 87.5000 (87.5000)
2025-09-11 19:15:17,526 -                train: [    INFO] - Test: [ 156/156]  Time: 0.008 (0.019)  Loss:  1.1623 (1.2199)  Acc@1: 68.7500 (66.7400)  Acc@5: 93.7500 (91.3400)
2025-09-11 19:15:18,050 -                train: [    INFO] - Train: 48 [   0/781 (  0%)]  Loss: 30.66 (30.7)  Loss_cat: 1.065 (1.06)  Loss_feat: 27.62 (27.6)  Loss_gt: 1.972 (1.97) LR: 5.000e-02
2025-09-11 19:15:37,088 -                train: [    INFO] - Train: 48 [ 200/781 ( 26%)]  Loss: 32.15 (31.8)  Loss_cat: 1.192 (1.20)  Loss_feat: 28.74 (28.4)  Loss_gt: 2.210 (2.12) LR: 5.000e-02
2025-09-11 19:15:56,050 -                train: [    INFO] - Train: 48 [ 400/781 ( 51%)]  Loss: 32.00 (31.8)  Loss_cat: 1.273 (1.21)  Loss_feat: 28.89 (28.4)  Loss_gt: 1.833 (2.14) LR: 5.000e-02
2025-09-11 19:16:15,316 -                train: [    INFO] - Train: 48 [ 600/781 ( 77%)]  Loss: 31.65 (31.8)  Loss_cat: 1.171 (1.21)  Loss_feat: 28.23 (28.5)  Loss_gt: 2.256 (2.15) LR: 5.000e-02
2025-09-11 19:16:32,527 -                train: [    INFO] - Train: 48 [ 780/781 (100%)]  Loss: 31.90 (31.8)  Loss_cat: 1.241 (1.21)  Loss_feat: 28.53 (28.5)  Loss_gt: 2.132 (2.16) LR: 5.000e-02
2025-09-11 19:16:32,635 -                train: [    INFO] - Test: [   0/156]  Time: 0.102 (0.102)  Loss:  0.9581 (0.9581)  Acc@1: 71.8750 (71.8750)  Acc@5: 96.8750 (96.8750)
2025-09-11 19:16:35,744 -                train: [    INFO] - Test: [ 156/156]  Time: 0.009 (0.020)  Loss:  1.2543 (1.0853)  Acc@1: 75.0000 (69.9600)  Acc@5: 75.0000 (93.2900)
2025-09-11 19:16:36,206 - timm.utils.checkpoint_saver: [    INFO] - Current checkpoints:
 ('./output/train/20250911-181227-resnet18_vcaV2-224/checkpoint/checkpoint-48.pth.tar', 69.96)
 ('./output/train/20250911-181227-resnet18_vcaV2-224/checkpoint/checkpoint-43.pth.tar', 69.65)
 ('./output/train/20250911-181227-resnet18_vcaV2-224/checkpoint/checkpoint-42.pth.tar', 69.62)
 ('./output/train/20250911-181227-resnet18_vcaV2-224/checkpoint/checkpoint-45.pth.tar', 69.42)
 ('./output/train/20250911-181227-resnet18_vcaV2-224/checkpoint/checkpoint-44.pth.tar', 69.35)
 ('./output/train/20250911-181227-resnet18_vcaV2-224/checkpoint/checkpoint-46.pth.tar', 69.3)
 ('./output/train/20250911-181227-resnet18_vcaV2-224/checkpoint/checkpoint-40.pth.tar', 69.11)
 ('./output/train/20250911-181227-resnet18_vcaV2-224/checkpoint/checkpoint-36.pth.tar', 69.09)
 ('./output/train/20250911-181227-resnet18_vcaV2-224/checkpoint/checkpoint-41.pth.tar', 69.06)
 ('./output/train/20250911-181227-resnet18_vcaV2-224/checkpoint/checkpoint-33.pth.tar', 68.96)

2025-09-11 19:16:36,406 -                train: [    INFO] - Train: 49 [   0/781 (  0%)]  Loss: 31.38 (31.4)  Loss_cat: 1.196 (1.20)  Loss_feat: 27.97 (28.0)  Loss_gt: 2.209 (2.21) LR: 5.000e-02
2025-09-11 19:16:55,469 -                train: [    INFO] - Train: 49 [ 200/781 ( 26%)]  Loss: 31.34 (31.8)  Loss_cat: 1.178 (1.20)  Loss_feat: 28.22 (28.4)  Loss_gt: 1.941 (2.15) LR: 5.000e-02
2025-09-11 19:17:14,464 -                train: [    INFO] - Train: 49 [ 400/781 ( 51%)]  Loss: 31.33 (31.8)  Loss_cat: 1.126 (1.20)  Loss_feat: 28.04 (28.4)  Loss_gt: 2.155 (2.16) LR: 5.000e-02
2025-09-11 19:17:33,619 -                train: [    INFO] - Train: 49 [ 600/781 ( 77%)]  Loss: 32.02 (31.8)  Loss_cat: 1.212 (1.21)  Loss_feat: 28.51 (28.4)  Loss_gt: 2.298 (2.16) LR: 5.000e-02
2025-09-11 19:17:50,737 -                train: [    INFO] - Train: 49 [ 780/781 (100%)]  Loss: 31.48 (31.8)  Loss_cat: 1.140 (1.21)  Loss_feat: 28.33 (28.4)  Loss_gt: 2.006 (2.16) LR: 5.000e-02
2025-09-11 19:17:50,843 -                train: [    INFO] - Test: [   0/156]  Time: 0.101 (0.101)  Loss:  1.0219 (1.0219)  Acc@1: 71.8750 (71.8750)  Acc@5: 90.6250 (90.6250)
2025-09-11 19:17:53,817 -                train: [    INFO] - Test: [ 156/156]  Time: 0.009 (0.020)  Loss:  0.9856 (1.0823)  Acc@1: 75.0000 (70.0300)  Acc@5: 93.7500 (93.0600)
2025-09-11 19:17:54,568 - timm.utils.checkpoint_saver: [    INFO] - Current checkpoints:
 ('./output/train/20250911-181227-resnet18_vcaV2-224/checkpoint/checkpoint-49.pth.tar', 70.03)
 ('./output/train/20250911-181227-resnet18_vcaV2-224/checkpoint/checkpoint-48.pth.tar', 69.96)
 ('./output/train/20250911-181227-resnet18_vcaV2-224/checkpoint/checkpoint-43.pth.tar', 69.65)
 ('./output/train/20250911-181227-resnet18_vcaV2-224/checkpoint/checkpoint-42.pth.tar', 69.62)
 ('./output/train/20250911-181227-resnet18_vcaV2-224/checkpoint/checkpoint-45.pth.tar', 69.42)
 ('./output/train/20250911-181227-resnet18_vcaV2-224/checkpoint/checkpoint-44.pth.tar', 69.35)
 ('./output/train/20250911-181227-resnet18_vcaV2-224/checkpoint/checkpoint-46.pth.tar', 69.3)
 ('./output/train/20250911-181227-resnet18_vcaV2-224/checkpoint/checkpoint-40.pth.tar', 69.11)
 ('./output/train/20250911-181227-resnet18_vcaV2-224/checkpoint/checkpoint-36.pth.tar', 69.09)
 ('./output/train/20250911-181227-resnet18_vcaV2-224/checkpoint/checkpoint-41.pth.tar', 69.06)

2025-09-11 19:17:54,766 -                train: [    INFO] - Train: 50 [   0/781 (  0%)]  Loss: 31.19 (31.2)  Loss_cat: 1.124 (1.12)  Loss_feat: 27.86 (27.9)  Loss_gt: 2.201 (2.20) LR: 5.000e-02
2025-09-11 19:18:13,930 -                train: [    INFO] - Train: 50 [ 200/781 ( 26%)]  Loss: 32.28 (31.8)  Loss_cat: 1.203 (1.20)  Loss_feat: 28.70 (28.4)  Loss_gt: 2.386 (2.16) LR: 5.000e-02
2025-09-11 19:18:32,875 -                train: [    INFO] - Train: 50 [ 400/781 ( 51%)]  Loss: 31.67 (31.8)  Loss_cat: 1.203 (1.20)  Loss_feat: 28.24 (28.4)  Loss_gt: 2.230 (2.16) LR: 5.000e-02
2025-09-11 19:18:51,932 -                train: [    INFO] - Train: 50 [ 600/781 ( 77%)]  Loss: 31.74 (31.7)  Loss_cat: 1.174 (1.20)  Loss_feat: 28.05 (28.4)  Loss_gt: 2.521 (2.16) LR: 5.000e-02
2025-09-11 19:19:09,140 -                train: [    INFO] - Train: 50 [ 780/781 (100%)]  Loss: 31.87 (31.8)  Loss_cat: 1.313 (1.20)  Loss_feat: 28.55 (28.4)  Loss_gt: 2.003 (2.16) LR: 5.000e-02
2025-09-11 19:19:09,245 -                train: [    INFO] - Test: [   0/156]  Time: 0.100 (0.100)  Loss:  1.1177 (1.1177)  Acc@1: 75.0000 (75.0000)  Acc@5: 89.0625 (89.0625)
2025-09-11 19:19:12,181 -                train: [    INFO] - Test: [ 156/156]  Time: 0.009 (0.019)  Loss:  0.8491 (1.1434)  Acc@1: 81.2500 (69.0300)  Acc@5: 87.5000 (92.5900)
2025-09-11 19:19:12,764 -                train: [    INFO] - Train: 51 [   0/781 (  0%)]  Loss: 30.97 (31.0)  Loss_cat: 1.133 (1.13)  Loss_feat: 28.03 (28.0)  Loss_gt: 1.806 (1.81) LR: 5.000e-02
2025-09-11 19:19:31,772 -                train: [    INFO] - Train: 51 [ 200/781 ( 26%)]  Loss: 31.47 (31.8)  Loss_cat: 1.172 (1.20)  Loss_feat: 28.15 (28.4)  Loss_gt: 2.153 (2.14) LR: 5.000e-02
2025-09-11 19:19:50,854 -                train: [    INFO] - Train: 51 [ 400/781 ( 51%)]  Loss: 30.60 (31.8)  Loss_cat: 1.171 (1.20)  Loss_feat: 27.60 (28.4)  Loss_gt: 1.828 (2.14) LR: 5.000e-02
2025-09-11 19:20:09,871 -                train: [    INFO] - Train: 51 [ 600/781 ( 77%)]  Loss: 32.17 (31.8)  Loss_cat: 1.233 (1.21)  Loss_feat: 28.60 (28.4)  Loss_gt: 2.340 (2.15) LR: 5.000e-02
2025-09-11 19:20:26,979 -                train: [    INFO] - Train: 51 [ 780/781 (100%)]  Loss: 32.22 (31.8)  Loss_cat: 1.191 (1.21)  Loss_feat: 28.79 (28.4)  Loss_gt: 2.240 (2.15) LR: 5.000e-02
2025-09-11 19:20:27,105 -                train: [    INFO] - Test: [   0/156]  Time: 0.120 (0.120)  Loss:  1.1722 (1.1722)  Acc@1: 65.6250 (65.6250)  Acc@5: 96.8750 (96.8750)
2025-09-11 19:20:30,280 -                train: [    INFO] - Test: [ 156/156]  Time: 0.011 (0.021)  Loss:  0.8985 (1.1613)  Acc@1: 81.2500 (68.3400)  Acc@5: 87.5000 (91.8100)
2025-09-11 19:20:31,183 -                train: [    INFO] - Train: 52 [   0/781 (  0%)]  Loss: 30.54 (30.5)  Loss_cat: 1.101 (1.10)  Loss_feat: 27.64 (27.6)  Loss_gt: 1.807 (1.81) LR: 5.000e-02
2025-09-11 19:20:50,140 -                train: [    INFO] - Train: 52 [ 200/781 ( 26%)]  Loss: 31.91 (31.7)  Loss_cat: 1.285 (1.20)  Loss_feat: 28.53 (28.3)  Loss_gt: 2.097 (2.13) LR: 5.000e-02
2025-09-11 19:21:09,326 -                train: [    INFO] - Train: 52 [ 400/781 ( 51%)]  Loss: 31.68 (31.7)  Loss_cat: 1.169 (1.20)  Loss_feat: 28.48 (28.4)  Loss_gt: 2.026 (2.13) LR: 5.000e-02
2025-09-11 19:21:28,491 -                train: [    INFO] - Train: 52 [ 600/781 ( 77%)]  Loss: 31.07 (31.7)  Loss_cat: 1.121 (1.20)  Loss_feat: 27.94 (28.4)  Loss_gt: 2.008 (2.14) LR: 5.000e-02
2025-09-11 19:21:45,604 -                train: [    INFO] - Train: 52 [ 780/781 (100%)]  Loss: 32.10 (31.8)  Loss_cat: 1.150 (1.21)  Loss_feat: 28.80 (28.4)  Loss_gt: 2.154 (2.15) LR: 5.000e-02
2025-09-11 19:21:45,713 -                train: [    INFO] - Test: [   0/156]  Time: 0.103 (0.103)  Loss:  1.1061 (1.1061)  Acc@1: 70.3125 (70.3125)  Acc@5: 90.6250 (90.6250)
2025-09-11 19:21:48,594 -                train: [    INFO] - Test: [ 156/156]  Time: 0.008 (0.019)  Loss:  0.9443 (1.1222)  Acc@1: 81.2500 (70.2900)  Acc@5: 93.7500 (92.5400)
2025-09-11 19:21:49,235 - timm.utils.checkpoint_saver: [    INFO] - Current checkpoints:
 ('./output/train/20250911-181227-resnet18_vcaV2-224/checkpoint/checkpoint-52.pth.tar', 70.29)
 ('./output/train/20250911-181227-resnet18_vcaV2-224/checkpoint/checkpoint-49.pth.tar', 70.03)
 ('./output/train/20250911-181227-resnet18_vcaV2-224/checkpoint/checkpoint-48.pth.tar', 69.96)
 ('./output/train/20250911-181227-resnet18_vcaV2-224/checkpoint/checkpoint-43.pth.tar', 69.65)
 ('./output/train/20250911-181227-resnet18_vcaV2-224/checkpoint/checkpoint-42.pth.tar', 69.62)
 ('./output/train/20250911-181227-resnet18_vcaV2-224/checkpoint/checkpoint-45.pth.tar', 69.42)
 ('./output/train/20250911-181227-resnet18_vcaV2-224/checkpoint/checkpoint-44.pth.tar', 69.35)
 ('./output/train/20250911-181227-resnet18_vcaV2-224/checkpoint/checkpoint-46.pth.tar', 69.3)
 ('./output/train/20250911-181227-resnet18_vcaV2-224/checkpoint/checkpoint-40.pth.tar', 69.11)
 ('./output/train/20250911-181227-resnet18_vcaV2-224/checkpoint/checkpoint-36.pth.tar', 69.09)

2025-09-11 19:21:49,446 -                train: [    INFO] - Train: 53 [   0/781 (  0%)]  Loss: 32.26 (32.3)  Loss_cat: 1.225 (1.23)  Loss_feat: 28.84 (28.8)  Loss_gt: 2.194 (2.19) LR: 5.000e-02
2025-09-11 19:22:08,568 -                train: [    INFO] - Train: 53 [ 200/781 ( 26%)]  Loss: 31.05 (31.8)  Loss_cat: 1.140 (1.21)  Loss_feat: 27.81 (28.4)  Loss_gt: 2.098 (2.12) LR: 5.000e-02
2025-09-11 19:22:27,531 -                train: [    INFO] - Train: 53 [ 400/781 ( 51%)]  Loss: 33.03 (31.8)  Loss_cat: 1.353 (1.21)  Loss_feat: 28.91 (28.4)  Loss_gt: 2.764 (2.14) LR: 5.000e-02
2025-09-11 19:22:46,554 -                train: [    INFO] - Train: 53 [ 600/781 ( 77%)]  Loss: 31.03 (31.8)  Loss_cat: 1.150 (1.21)  Loss_feat: 27.70 (28.4)  Loss_gt: 2.181 (2.15) LR: 5.000e-02
2025-09-11 19:23:03,717 -                train: [    INFO] - Train: 53 [ 780/781 (100%)]  Loss: 33.40 (31.8)  Loss_cat: 1.325 (1.21)  Loss_feat: 29.59 (28.4)  Loss_gt: 2.484 (2.15) LR: 5.000e-02
2025-09-11 19:23:03,830 -                train: [    INFO] - Test: [   0/156]  Time: 0.108 (0.108)  Loss:  1.1364 (1.1364)  Acc@1: 73.4375 (73.4375)  Acc@5: 92.1875 (92.1875)
2025-09-11 19:23:06,723 -                train: [    INFO] - Test: [ 156/156]  Time: 0.008 (0.019)  Loss:  1.3159 (1.2171)  Acc@1: 68.7500 (67.6800)  Acc@5: 81.2500 (91.3100)
2025-09-11 19:23:07,236 -                train: [    INFO] - Train: 54 [   0/781 (  0%)]  Loss: 30.53 (30.5)  Loss_cat: 1.106 (1.11)  Loss_feat: 27.59 (27.6)  Loss_gt: 1.830 (1.83) LR: 5.000e-02
2025-09-11 19:23:26,317 -                train: [    INFO] - Train: 54 [ 200/781 ( 26%)]  Loss: 32.54 (31.7)  Loss_cat: 1.273 (1.20)  Loss_feat: 28.80 (28.4)  Loss_gt: 2.469 (2.16) LR: 5.000e-02
2025-09-11 19:23:45,287 -                train: [    INFO] - Train: 54 [ 400/781 ( 51%)]  Loss: 31.17 (31.7)  Loss_cat: 1.162 (1.20)  Loss_feat: 28.03 (28.4)  Loss_gt: 1.984 (2.14) LR: 5.000e-02
2025-09-11 19:24:04,381 -                train: [    INFO] - Train: 54 [ 600/781 ( 77%)]  Loss: 32.66 (31.8)  Loss_cat: 1.375 (1.21)  Loss_feat: 29.19 (28.4)  Loss_gt: 2.096 (2.15) LR: 5.000e-02
2025-09-11 19:24:21,567 -                train: [    INFO] - Train: 54 [ 780/781 (100%)]  Loss: 31.88 (31.8)  Loss_cat: 1.207 (1.21)  Loss_feat: 28.51 (28.4)  Loss_gt: 2.169 (2.15) LR: 5.000e-02
2025-09-11 19:24:21,679 -                train: [    INFO] - Test: [   0/156]  Time: 0.105 (0.105)  Loss:  1.2086 (1.2086)  Acc@1: 71.8750 (71.8750)  Acc@5: 89.0625 (89.0625)
2025-09-11 19:24:24,733 -                train: [    INFO] - Test: [ 156/156]  Time: 0.008 (0.020)  Loss:  0.9718 (1.1945)  Acc@1: 75.0000 (67.6000)  Acc@5: 100.0000 (91.2300)
2025-09-11 19:24:25,426 -                train: [    INFO] - Train: 55 [   0/781 (  0%)]  Loss: 32.01 (32.0)  Loss_cat: 1.260 (1.26)  Loss_feat: 28.82 (28.8)  Loss_gt: 1.934 (1.93) LR: 5.000e-02
2025-09-11 19:24:44,505 -                train: [    INFO] - Train: 55 [ 200/781 ( 26%)]  Loss: 32.21 (31.7)  Loss_cat: 1.260 (1.20)  Loss_feat: 28.74 (28.4)  Loss_gt: 2.201 (2.12) LR: 5.000e-02
2025-09-11 19:25:03,743 -                train: [    INFO] - Train: 55 [ 400/781 ( 51%)]  Loss: 31.37 (31.7)  Loss_cat: 1.157 (1.20)  Loss_feat: 28.21 (28.4)  Loss_gt: 2.004 (2.12) LR: 5.000e-02
2025-09-11 19:25:22,802 -                train: [    INFO] - Train: 55 [ 600/781 ( 77%)]  Loss: 32.06 (31.7)  Loss_cat: 1.193 (1.20)  Loss_feat: 28.63 (28.4)  Loss_gt: 2.240 (2.15) LR: 5.000e-02
2025-09-11 19:25:40,026 -                train: [    INFO] - Train: 55 [ 780/781 (100%)]  Loss: 32.90 (31.7)  Loss_cat: 1.352 (1.20)  Loss_feat: 29.37 (28.4)  Loss_gt: 2.180 (2.15) LR: 5.000e-02
2025-09-11 19:25:40,132 -                train: [    INFO] - Test: [   0/156]  Time: 0.101 (0.101)  Loss:  1.0546 (1.0546)  Acc@1: 67.1875 (67.1875)  Acc@5: 90.6250 (90.6250)
2025-09-11 19:25:42,956 -                train: [    INFO] - Test: [ 156/156]  Time: 0.009 (0.019)  Loss:  0.9572 (1.0678)  Acc@1: 75.0000 (70.5600)  Acc@5: 87.5000 (92.8400)
2025-09-11 19:25:43,484 - timm.utils.checkpoint_saver: [    INFO] - Current checkpoints:
 ('./output/train/20250911-181227-resnet18_vcaV2-224/checkpoint/checkpoint-55.pth.tar', 70.56)
 ('./output/train/20250911-181227-resnet18_vcaV2-224/checkpoint/checkpoint-52.pth.tar', 70.29)
 ('./output/train/20250911-181227-resnet18_vcaV2-224/checkpoint/checkpoint-49.pth.tar', 70.03)
 ('./output/train/20250911-181227-resnet18_vcaV2-224/checkpoint/checkpoint-48.pth.tar', 69.96)
 ('./output/train/20250911-181227-resnet18_vcaV2-224/checkpoint/checkpoint-43.pth.tar', 69.65)
 ('./output/train/20250911-181227-resnet18_vcaV2-224/checkpoint/checkpoint-42.pth.tar', 69.62)
 ('./output/train/20250911-181227-resnet18_vcaV2-224/checkpoint/checkpoint-45.pth.tar', 69.42)
 ('./output/train/20250911-181227-resnet18_vcaV2-224/checkpoint/checkpoint-44.pth.tar', 69.35)
 ('./output/train/20250911-181227-resnet18_vcaV2-224/checkpoint/checkpoint-46.pth.tar', 69.3)
 ('./output/train/20250911-181227-resnet18_vcaV2-224/checkpoint/checkpoint-40.pth.tar', 69.11)

2025-09-11 19:25:43,692 -                train: [    INFO] - Train: 56 [   0/781 (  0%)]  Loss: 31.74 (31.7)  Loss_cat: 1.214 (1.21)  Loss_feat: 28.53 (28.5)  Loss_gt: 1.996 (2.00) LR: 5.000e-02
2025-09-11 19:26:02,714 -                train: [    INFO] - Train: 56 [ 200/781 ( 26%)]  Loss: 32.57 (31.7)  Loss_cat: 1.261 (1.20)  Loss_feat: 29.00 (28.4)  Loss_gt: 2.312 (2.14) LR: 5.000e-02
2025-09-11 19:26:21,794 -                train: [    INFO] - Train: 56 [ 400/781 ( 51%)]  Loss: 32.87 (31.7)  Loss_cat: 1.354 (1.20)  Loss_feat: 29.33 (28.4)  Loss_gt: 2.188 (2.14) LR: 5.000e-02
2025-09-11 19:26:40,784 -                train: [    INFO] - Train: 56 [ 600/781 ( 77%)]  Loss: 31.61 (31.7)  Loss_cat: 1.202 (1.20)  Loss_feat: 28.16 (28.4)  Loss_gt: 2.248 (2.15) LR: 5.000e-02
2025-09-11 19:26:57,949 -                train: [    INFO] - Train: 56 [ 780/781 (100%)]  Loss: 31.32 (31.8)  Loss_cat: 1.215 (1.21)  Loss_feat: 28.05 (28.4)  Loss_gt: 2.058 (2.16) LR: 5.000e-02
2025-09-11 19:26:58,071 -                train: [    INFO] - Test: [   0/156]  Time: 0.117 (0.117)  Loss:  1.0343 (1.0343)  Acc@1: 73.4375 (73.4375)  Acc@5: 90.6250 (90.6250)
2025-09-11 19:27:01,077 -                train: [    INFO] - Test: [ 156/156]  Time: 0.009 (0.020)  Loss:  1.1958 (1.0869)  Acc@1: 75.0000 (69.8200)  Acc@5: 93.7500 (92.7400)
2025-09-11 19:27:01,590 - timm.utils.checkpoint_saver: [    INFO] - Current checkpoints:
 ('./output/train/20250911-181227-resnet18_vcaV2-224/checkpoint/checkpoint-55.pth.tar', 70.56)
 ('./output/train/20250911-181227-resnet18_vcaV2-224/checkpoint/checkpoint-52.pth.tar', 70.29)
 ('./output/train/20250911-181227-resnet18_vcaV2-224/checkpoint/checkpoint-49.pth.tar', 70.03)
 ('./output/train/20250911-181227-resnet18_vcaV2-224/checkpoint/checkpoint-48.pth.tar', 69.96)
 ('./output/train/20250911-181227-resnet18_vcaV2-224/checkpoint/checkpoint-56.pth.tar', 69.82)
 ('./output/train/20250911-181227-resnet18_vcaV2-224/checkpoint/checkpoint-43.pth.tar', 69.65)
 ('./output/train/20250911-181227-resnet18_vcaV2-224/checkpoint/checkpoint-42.pth.tar', 69.62)
 ('./output/train/20250911-181227-resnet18_vcaV2-224/checkpoint/checkpoint-45.pth.tar', 69.42)
 ('./output/train/20250911-181227-resnet18_vcaV2-224/checkpoint/checkpoint-44.pth.tar', 69.35)
 ('./output/train/20250911-181227-resnet18_vcaV2-224/checkpoint/checkpoint-46.pth.tar', 69.3)

2025-09-11 19:27:01,784 -                train: [    INFO] - Train: 57 [   0/781 (  0%)]  Loss: 32.20 (32.2)  Loss_cat: 1.269 (1.27)  Loss_feat: 28.72 (28.7)  Loss_gt: 2.211 (2.21) LR: 5.000e-02
2025-09-11 19:27:20,832 -                train: [    INFO] - Train: 57 [ 200/781 ( 26%)]  Loss: 32.35 (31.7)  Loss_cat: 1.237 (1.20)  Loss_feat: 29.16 (28.4)  Loss_gt: 1.954 (2.12) LR: 5.000e-02
2025-09-11 19:27:39,862 -                train: [    INFO] - Train: 57 [ 400/781 ( 51%)]  Loss: 31.64 (31.8)  Loss_cat: 1.168 (1.21)  Loss_feat: 28.36 (28.4)  Loss_gt: 2.115 (2.14) LR: 5.000e-02
2025-09-11 19:27:58,894 -                train: [    INFO] - Train: 57 [ 600/781 ( 77%)]  Loss: 32.15 (31.8)  Loss_cat: 1.204 (1.21)  Loss_feat: 28.64 (28.4)  Loss_gt: 2.297 (2.14) LR: 5.000e-02
2025-09-11 19:28:16,060 -                train: [    INFO] - Train: 57 [ 780/781 (100%)]  Loss: 32.03 (31.8)  Loss_cat: 1.192 (1.21)  Loss_feat: 28.74 (28.4)  Loss_gt: 2.094 (2.14) LR: 5.000e-02
2025-09-11 19:28:16,165 -                train: [    INFO] - Test: [   0/156]  Time: 0.100 (0.100)  Loss:  1.0198 (1.0198)  Acc@1: 70.3125 (70.3125)  Acc@5: 96.8750 (96.8750)
2025-09-11 19:28:19,002 -                train: [    INFO] - Test: [ 156/156]  Time: 0.008 (0.019)  Loss:  1.2894 (1.1144)  Acc@1: 68.7500 (70.2200)  Acc@5: 81.2500 (92.5000)
2025-09-11 19:28:19,599 - timm.utils.checkpoint_saver: [    INFO] - Current checkpoints:
 ('./output/train/20250911-181227-resnet18_vcaV2-224/checkpoint/checkpoint-55.pth.tar', 70.56)
 ('./output/train/20250911-181227-resnet18_vcaV2-224/checkpoint/checkpoint-52.pth.tar', 70.29)
 ('./output/train/20250911-181227-resnet18_vcaV2-224/checkpoint/checkpoint-57.pth.tar', 70.22)
 ('./output/train/20250911-181227-resnet18_vcaV2-224/checkpoint/checkpoint-49.pth.tar', 70.03)
 ('./output/train/20250911-181227-resnet18_vcaV2-224/checkpoint/checkpoint-48.pth.tar', 69.96)
 ('./output/train/20250911-181227-resnet18_vcaV2-224/checkpoint/checkpoint-56.pth.tar', 69.82)
 ('./output/train/20250911-181227-resnet18_vcaV2-224/checkpoint/checkpoint-43.pth.tar', 69.65)
 ('./output/train/20250911-181227-resnet18_vcaV2-224/checkpoint/checkpoint-42.pth.tar', 69.62)
 ('./output/train/20250911-181227-resnet18_vcaV2-224/checkpoint/checkpoint-45.pth.tar', 69.42)
 ('./output/train/20250911-181227-resnet18_vcaV2-224/checkpoint/checkpoint-44.pth.tar', 69.35)

2025-09-11 19:28:19,793 -                train: [    INFO] - Train: 58 [   0/781 (  0%)]  Loss: 32.05 (32.1)  Loss_cat: 1.244 (1.24)  Loss_feat: 28.70 (28.7)  Loss_gt: 2.106 (2.11) LR: 5.000e-02
2025-09-11 19:28:38,725 -                train: [    INFO] - Train: 58 [ 200/781 ( 26%)]  Loss: 31.35 (31.6)  Loss_cat: 1.127 (1.19)  Loss_feat: 28.17 (28.3)  Loss_gt: 2.057 (2.11) LR: 5.000e-02
2025-09-11 19:28:57,706 -                train: [    INFO] - Train: 58 [ 400/781 ( 51%)]  Loss: 32.06 (31.6)  Loss_cat: 1.280 (1.19)  Loss_feat: 28.61 (28.3)  Loss_gt: 2.171 (2.12) LR: 5.000e-02
2025-09-11 19:29:16,838 -                train: [    INFO] - Train: 58 [ 600/781 ( 77%)]  Loss: 32.73 (31.7)  Loss_cat: 1.410 (1.19)  Loss_feat: 29.11 (28.3)  Loss_gt: 2.211 (2.14) LR: 5.000e-02
2025-09-11 19:29:34,035 -                train: [    INFO] - Train: 58 [ 780/781 (100%)]  Loss: 30.79 (31.7)  Loss_cat: 1.077 (1.20)  Loss_feat: 27.58 (28.4)  Loss_gt: 2.132 (2.15) LR: 5.000e-02
2025-09-11 19:29:34,149 -                train: [    INFO] - Test: [   0/156]  Time: 0.107 (0.107)  Loss:  0.9773 (0.9773)  Acc@1: 65.6250 (65.6250)  Acc@5: 95.3125 (95.3125)
2025-09-11 19:29:37,156 -                train: [    INFO] - Test: [ 156/156]  Time: 0.008 (0.020)  Loss:  0.9175 (1.0781)  Acc@1: 81.2500 (70.8800)  Acc@5: 87.5000 (93.1100)
2025-09-11 19:29:37,725 - timm.utils.checkpoint_saver: [    INFO] - Current checkpoints:
 ('./output/train/20250911-181227-resnet18_vcaV2-224/checkpoint/checkpoint-58.pth.tar', 70.88)
 ('./output/train/20250911-181227-resnet18_vcaV2-224/checkpoint/checkpoint-55.pth.tar', 70.56)
 ('./output/train/20250911-181227-resnet18_vcaV2-224/checkpoint/checkpoint-52.pth.tar', 70.29)
 ('./output/train/20250911-181227-resnet18_vcaV2-224/checkpoint/checkpoint-57.pth.tar', 70.22)
 ('./output/train/20250911-181227-resnet18_vcaV2-224/checkpoint/checkpoint-49.pth.tar', 70.03)
 ('./output/train/20250911-181227-resnet18_vcaV2-224/checkpoint/checkpoint-48.pth.tar', 69.96)
 ('./output/train/20250911-181227-resnet18_vcaV2-224/checkpoint/checkpoint-56.pth.tar', 69.82)
 ('./output/train/20250911-181227-resnet18_vcaV2-224/checkpoint/checkpoint-43.pth.tar', 69.65)
 ('./output/train/20250911-181227-resnet18_vcaV2-224/checkpoint/checkpoint-42.pth.tar', 69.62)
 ('./output/train/20250911-181227-resnet18_vcaV2-224/checkpoint/checkpoint-45.pth.tar', 69.42)

2025-09-11 19:29:37,932 -                train: [    INFO] - Train: 59 [   0/781 (  0%)]  Loss: 31.24 (31.2)  Loss_cat: 1.186 (1.19)  Loss_feat: 27.99 (28.0)  Loss_gt: 2.065 (2.06) LR: 5.000e-02
2025-09-11 19:29:56,970 -                train: [    INFO] - Train: 59 [ 200/781 ( 26%)]  Loss: 32.07 (31.7)  Loss_cat: 1.256 (1.20)  Loss_feat: 28.67 (28.4)  Loss_gt: 2.148 (2.13) LR: 5.000e-02
2025-09-11 19:30:15,991 -                train: [    INFO] - Train: 59 [ 400/781 ( 51%)]  Loss: 31.34 (31.7)  Loss_cat: 1.175 (1.20)  Loss_feat: 28.13 (28.4)  Loss_gt: 2.040 (2.14) LR: 5.000e-02
2025-09-11 19:30:35,137 -                train: [    INFO] - Train: 59 [ 600/781 ( 77%)]  Loss: 32.65 (31.7)  Loss_cat: 1.319 (1.20)  Loss_feat: 29.09 (28.4)  Loss_gt: 2.243 (2.15) LR: 5.000e-02
2025-09-11 19:30:52,461 -                train: [    INFO] - Train: 59 [ 780/781 (100%)]  Loss: 31.19 (31.7)  Loss_cat: 1.119 (1.20)  Loss_feat: 28.20 (28.4)  Loss_gt: 1.872 (2.15) LR: 5.000e-02
2025-09-11 19:30:52,565 -                train: [    INFO] - Test: [   0/156]  Time: 0.098 (0.098)  Loss:  0.9101 (0.9101)  Acc@1: 78.1250 (78.1250)  Acc@5: 95.3125 (95.3125)
2025-09-11 19:30:55,539 -                train: [    INFO] - Test: [ 156/156]  Time: 0.009 (0.020)  Loss:  1.0232 (1.1186)  Acc@1: 75.0000 (69.4200)  Acc@5: 87.5000 (92.6900)
2025-09-11 19:30:56,241 -                train: [    INFO] - Train: 60 [   0/781 (  0%)]  Loss: 31.70 (31.7)  Loss_cat: 1.156 (1.16)  Loss_feat: 28.37 (28.4)  Loss_gt: 2.171 (2.17) LR: 5.000e-02
2025-09-11 19:31:15,290 -                train: [    INFO] - Train: 60 [ 200/781 ( 26%)]  Loss: 31.74 (31.6)  Loss_cat: 1.213 (1.19)  Loss_feat: 28.47 (28.3)  Loss_gt: 2.062 (2.12) LR: 5.000e-02
2025-09-11 19:31:34,365 -                train: [    INFO] - Train: 60 [ 400/781 ( 51%)]  Loss: 31.37 (31.7)  Loss_cat: 1.227 (1.20)  Loss_feat: 28.14 (28.3)  Loss_gt: 1.997 (2.15) LR: 5.000e-02
2025-09-11 19:31:53,419 -                train: [    INFO] - Train: 60 [ 600/781 ( 77%)]  Loss: 31.25 (31.7)  Loss_cat: 1.133 (1.20)  Loss_feat: 27.93 (28.4)  Loss_gt: 2.193 (2.15) LR: 5.000e-02
2025-09-11 19:32:10,709 -                train: [    INFO] - Train: 60 [ 780/781 (100%)]  Loss: 31.88 (31.7)  Loss_cat: 1.204 (1.20)  Loss_feat: 28.63 (28.4)  Loss_gt: 2.042 (2.15) LR: 5.000e-02
2025-09-11 19:32:10,816 -                train: [    INFO] - Test: [   0/156]  Time: 0.101 (0.101)  Loss:  1.0868 (1.0868)  Acc@1: 67.1875 (67.1875)  Acc@5: 96.8750 (96.8750)
2025-09-11 19:32:13,800 -                train: [    INFO] - Test: [ 156/156]  Time: 0.012 (0.020)  Loss:  1.0197 (1.1063)  Acc@1: 75.0000 (70.2400)  Acc@5: 93.7500 (92.9700)
2025-09-11 19:32:14,473 - timm.utils.checkpoint_saver: [    INFO] - Current checkpoints:
 ('./output/train/20250911-181227-resnet18_vcaV2-224/checkpoint/checkpoint-58.pth.tar', 70.88)
 ('./output/train/20250911-181227-resnet18_vcaV2-224/checkpoint/checkpoint-55.pth.tar', 70.56)
 ('./output/train/20250911-181227-resnet18_vcaV2-224/checkpoint/checkpoint-52.pth.tar', 70.29)
 ('./output/train/20250911-181227-resnet18_vcaV2-224/checkpoint/checkpoint-60.pth.tar', 70.24)
 ('./output/train/20250911-181227-resnet18_vcaV2-224/checkpoint/checkpoint-57.pth.tar', 70.22)
 ('./output/train/20250911-181227-resnet18_vcaV2-224/checkpoint/checkpoint-49.pth.tar', 70.03)
 ('./output/train/20250911-181227-resnet18_vcaV2-224/checkpoint/checkpoint-48.pth.tar', 69.96)
 ('./output/train/20250911-181227-resnet18_vcaV2-224/checkpoint/checkpoint-56.pth.tar', 69.82)
 ('./output/train/20250911-181227-resnet18_vcaV2-224/checkpoint/checkpoint-43.pth.tar', 69.65)
 ('./output/train/20250911-181227-resnet18_vcaV2-224/checkpoint/checkpoint-42.pth.tar', 69.62)

2025-09-11 19:32:14,681 -                train: [    INFO] - Train: 61 [   0/781 (  0%)]  Loss: 31.83 (31.8)  Loss_cat: 1.163 (1.16)  Loss_feat: 28.61 (28.6)  Loss_gt: 2.049 (2.05) LR: 5.000e-02
2025-09-11 19:32:33,753 -                train: [    INFO] - Train: 61 [ 200/781 ( 26%)]  Loss: 32.59 (31.6)  Loss_cat: 1.264 (1.19)  Loss_feat: 28.78 (28.3)  Loss_gt: 2.552 (2.12) LR: 5.000e-02
2025-09-11 19:32:52,844 -                train: [    INFO] - Train: 61 [ 400/781 ( 51%)]  Loss: 32.14 (31.6)  Loss_cat: 1.220 (1.19)  Loss_feat: 28.70 (28.3)  Loss_gt: 2.225 (2.13) LR: 5.000e-02
2025-09-11 19:33:11,914 -                train: [    INFO] - Train: 61 [ 600/781 ( 77%)]  Loss: 31.94 (31.7)  Loss_cat: 1.230 (1.20)  Loss_feat: 28.37 (28.3)  Loss_gt: 2.344 (2.15) LR: 5.000e-02
2025-09-11 19:33:29,047 -                train: [    INFO] - Train: 61 [ 780/781 (100%)]  Loss: 31.82 (31.7)  Loss_cat: 1.180 (1.20)  Loss_feat: 28.32 (28.3)  Loss_gt: 2.319 (2.15) LR: 5.000e-02
2025-09-11 19:33:29,220 -                train: [    INFO] - Test: [   0/156]  Time: 0.166 (0.166)  Loss:  0.9338 (0.9338)  Acc@1: 73.4375 (73.4375)  Acc@5: 96.8750 (96.8750)
2025-09-11 19:33:32,291 -                train: [    INFO] - Test: [ 156/156]  Time: 0.009 (0.021)  Loss:  1.1884 (1.1438)  Acc@1: 75.0000 (68.8100)  Acc@5: 81.2500 (92.3100)
2025-09-11 19:33:33,142 -                train: [    INFO] - Train: 62 [   0/781 (  0%)]  Loss: 31.91 (31.9)  Loss_cat: 1.159 (1.16)  Loss_feat: 28.41 (28.4)  Loss_gt: 2.342 (2.34) LR: 5.000e-02
2025-09-11 19:33:52,192 -                train: [    INFO] - Train: 62 [ 200/781 ( 26%)]  Loss: 31.96 (31.6)  Loss_cat: 1.262 (1.19)  Loss_feat: 28.44 (28.3)  Loss_gt: 2.260 (2.13) LR: 5.000e-02
2025-09-11 19:34:11,295 -                train: [    INFO] - Train: 62 [ 400/781 ( 51%)]  Loss: 30.94 (31.7)  Loss_cat: 1.137 (1.20)  Loss_feat: 27.47 (28.3)  Loss_gt: 2.329 (2.14) LR: 5.000e-02
2025-09-11 19:34:30,196 -                train: [    INFO] - Train: 62 [ 600/781 ( 77%)]  Loss: 31.32 (31.7)  Loss_cat: 1.089 (1.20)  Loss_feat: 28.14 (28.4)  Loss_gt: 2.093 (2.14) LR: 5.000e-02
2025-09-11 19:34:47,292 -                train: [    INFO] - Train: 62 [ 780/781 (100%)]  Loss: 31.67 (31.7)  Loss_cat: 1.196 (1.20)  Loss_feat: 28.23 (28.4)  Loss_gt: 2.239 (2.15) LR: 5.000e-02
2025-09-11 19:34:47,398 -                train: [    INFO] - Test: [   0/156]  Time: 0.100 (0.100)  Loss:  0.9487 (0.9487)  Acc@1: 75.0000 (75.0000)  Acc@5: 92.1875 (92.1875)
2025-09-11 19:34:50,322 -                train: [    INFO] - Test: [ 156/156]  Time: 0.008 (0.019)  Loss:  0.9269 (1.0786)  Acc@1: 75.0000 (70.3900)  Acc@5: 100.0000 (93.2900)
2025-09-11 19:34:50,891 - timm.utils.checkpoint_saver: [    INFO] - Current checkpoints:
 ('./output/train/20250911-181227-resnet18_vcaV2-224/checkpoint/checkpoint-58.pth.tar', 70.88)
 ('./output/train/20250911-181227-resnet18_vcaV2-224/checkpoint/checkpoint-55.pth.tar', 70.56)
 ('./output/train/20250911-181227-resnet18_vcaV2-224/checkpoint/checkpoint-62.pth.tar', 70.39)
 ('./output/train/20250911-181227-resnet18_vcaV2-224/checkpoint/checkpoint-52.pth.tar', 70.29)
 ('./output/train/20250911-181227-resnet18_vcaV2-224/checkpoint/checkpoint-60.pth.tar', 70.24)
 ('./output/train/20250911-181227-resnet18_vcaV2-224/checkpoint/checkpoint-57.pth.tar', 70.22)
 ('./output/train/20250911-181227-resnet18_vcaV2-224/checkpoint/checkpoint-49.pth.tar', 70.03)
 ('./output/train/20250911-181227-resnet18_vcaV2-224/checkpoint/checkpoint-48.pth.tar', 69.96)
 ('./output/train/20250911-181227-resnet18_vcaV2-224/checkpoint/checkpoint-56.pth.tar', 69.82)
 ('./output/train/20250911-181227-resnet18_vcaV2-224/checkpoint/checkpoint-43.pth.tar', 69.65)

2025-09-11 19:34:51,085 -                train: [    INFO] - Train: 63 [   0/781 (  0%)]  Loss: 30.78 (30.8)  Loss_cat: 1.046 (1.05)  Loss_feat: 27.72 (27.7)  Loss_gt: 2.021 (2.02) LR: 5.000e-02
2025-09-11 19:35:10,215 -                train: [    INFO] - Train: 63 [ 200/781 ( 26%)]  Loss: 31.88 (31.6)  Loss_cat: 1.171 (1.19)  Loss_feat: 28.18 (28.3)  Loss_gt: 2.539 (2.12) LR: 5.000e-02
2025-09-11 19:35:29,334 -                train: [    INFO] - Train: 63 [ 400/781 ( 51%)]  Loss: 31.40 (31.6)  Loss_cat: 1.130 (1.19)  Loss_feat: 28.14 (28.3)  Loss_gt: 2.129 (2.13) LR: 5.000e-02
2025-09-11 19:35:48,439 -                train: [    INFO] - Train: 63 [ 600/781 ( 77%)]  Loss: 31.46 (31.6)  Loss_cat: 1.112 (1.19)  Loss_feat: 28.32 (28.3)  Loss_gt: 2.031 (2.13) LR: 5.000e-02
2025-09-11 19:36:05,747 -                train: [    INFO] - Train: 63 [ 780/781 (100%)]  Loss: 30.97 (31.6)  Loss_cat: 1.106 (1.19)  Loss_feat: 27.85 (28.3)  Loss_gt: 2.017 (2.14) LR: 5.000e-02
2025-09-11 19:36:05,854 -                train: [    INFO] - Test: [   0/156]  Time: 0.100 (0.100)  Loss:  0.9940 (0.9940)  Acc@1: 75.0000 (75.0000)  Acc@5: 96.8750 (96.8750)
2025-09-11 19:36:08,989 -                train: [    INFO] - Test: [ 156/156]  Time: 0.008 (0.021)  Loss:  0.8230 (1.1190)  Acc@1: 81.2500 (69.6300)  Acc@5: 87.5000 (92.6300)
2025-09-11 19:36:09,776 -                train: [    INFO] - Train: 64 [   0/781 (  0%)]  Loss: 31.21 (31.2)  Loss_cat: 1.151 (1.15)  Loss_feat: 27.69 (27.7)  Loss_gt: 2.372 (2.37) LR: 5.000e-02
2025-09-11 19:36:28,750 -                train: [    INFO] - Train: 64 [ 200/781 ( 26%)]  Loss: 32.89 (31.5)  Loss_cat: 1.355 (1.18)  Loss_feat: 29.33 (28.3)  Loss_gt: 2.198 (2.11) LR: 5.000e-02
2025-09-11 19:36:47,681 -                train: [    INFO] - Train: 64 [ 400/781 ( 51%)]  Loss: 31.74 (31.6)  Loss_cat: 1.216 (1.19)  Loss_feat: 28.36 (28.3)  Loss_gt: 2.169 (2.12) LR: 5.000e-02
2025-09-11 19:37:06,666 -                train: [    INFO] - Train: 64 [ 600/781 ( 77%)]  Loss: 31.24 (31.7)  Loss_cat: 1.233 (1.20)  Loss_feat: 28.00 (28.3)  Loss_gt: 2.009 (2.13) LR: 5.000e-02
2025-09-11 19:37:23,780 -                train: [    INFO] - Train: 64 [ 780/781 (100%)]  Loss: 32.10 (31.7)  Loss_cat: 1.230 (1.20)  Loss_feat: 28.87 (28.3)  Loss_gt: 2.002 (2.13) LR: 5.000e-02
2025-09-11 19:37:23,892 -                train: [    INFO] - Test: [   0/156]  Time: 0.107 (0.107)  Loss:  0.9923 (0.9923)  Acc@1: 75.0000 (75.0000)  Acc@5: 92.1875 (92.1875)
2025-09-11 19:37:26,816 -                train: [    INFO] - Test: [ 156/156]  Time: 0.008 (0.019)  Loss:  0.8334 (1.1190)  Acc@1: 75.0000 (69.8900)  Acc@5: 93.7500 (92.6000)
2025-09-11 19:37:27,267 - timm.utils.checkpoint_saver: [    INFO] - Current checkpoints:
 ('./output/train/20250911-181227-resnet18_vcaV2-224/checkpoint/checkpoint-58.pth.tar', 70.88)
 ('./output/train/20250911-181227-resnet18_vcaV2-224/checkpoint/checkpoint-55.pth.tar', 70.56)
 ('./output/train/20250911-181227-resnet18_vcaV2-224/checkpoint/checkpoint-62.pth.tar', 70.39)
 ('./output/train/20250911-181227-resnet18_vcaV2-224/checkpoint/checkpoint-52.pth.tar', 70.29)
 ('./output/train/20250911-181227-resnet18_vcaV2-224/checkpoint/checkpoint-60.pth.tar', 70.24)
 ('./output/train/20250911-181227-resnet18_vcaV2-224/checkpoint/checkpoint-57.pth.tar', 70.22)
 ('./output/train/20250911-181227-resnet18_vcaV2-224/checkpoint/checkpoint-49.pth.tar', 70.03)
 ('./output/train/20250911-181227-resnet18_vcaV2-224/checkpoint/checkpoint-48.pth.tar', 69.96)
 ('./output/train/20250911-181227-resnet18_vcaV2-224/checkpoint/checkpoint-64.pth.tar', 69.89)
 ('./output/train/20250911-181227-resnet18_vcaV2-224/checkpoint/checkpoint-56.pth.tar', 69.82)

2025-09-11 19:37:27,464 -                train: [    INFO] - Train: 65 [   0/781 (  0%)]  Loss: 31.06 (31.1)  Loss_cat: 1.122 (1.12)  Loss_feat: 27.74 (27.7)  Loss_gt: 2.193 (2.19) LR: 5.000e-02
2025-09-11 19:37:46,502 -                train: [    INFO] - Train: 65 [ 200/781 ( 26%)]  Loss: 31.67 (31.7)  Loss_cat: 1.193 (1.19)  Loss_feat: 28.04 (28.3)  Loss_gt: 2.439 (2.14) LR: 5.000e-02
2025-09-11 19:38:05,590 -                train: [    INFO] - Train: 65 [ 400/781 ( 51%)]  Loss: 31.15 (31.7)  Loss_cat: 1.113 (1.20)  Loss_feat: 27.84 (28.3)  Loss_gt: 2.198 (2.14) LR: 5.000e-02
2025-09-11 19:38:24,664 -                train: [    INFO] - Train: 65 [ 600/781 ( 77%)]  Loss: 30.90 (31.7)  Loss_cat: 1.175 (1.20)  Loss_feat: 27.96 (28.4)  Loss_gt: 1.768 (2.15) LR: 5.000e-02
2025-09-11 19:38:41,786 -                train: [    INFO] - Train: 65 [ 780/781 (100%)]  Loss: 31.83 (31.7)  Loss_cat: 1.253 (1.20)  Loss_feat: 28.26 (28.4)  Loss_gt: 2.319 (2.15) LR: 5.000e-02
2025-09-11 19:38:41,902 -                train: [    INFO] - Test: [   0/156]  Time: 0.111 (0.111)  Loss:  0.9784 (0.9784)  Acc@1: 75.0000 (75.0000)  Acc@5: 89.0625 (89.0625)
2025-09-11 19:38:44,859 -                train: [    INFO] - Test: [ 156/156]  Time: 0.009 (0.020)  Loss:  1.2249 (1.0968)  Acc@1: 68.7500 (70.4800)  Acc@5: 87.5000 (93.0100)
2025-09-11 19:38:45,461 - timm.utils.checkpoint_saver: [    INFO] - Current checkpoints:
 ('./output/train/20250911-181227-resnet18_vcaV2-224/checkpoint/checkpoint-58.pth.tar', 70.88)
 ('./output/train/20250911-181227-resnet18_vcaV2-224/checkpoint/checkpoint-55.pth.tar', 70.56)
 ('./output/train/20250911-181227-resnet18_vcaV2-224/checkpoint/checkpoint-65.pth.tar', 70.48)
 ('./output/train/20250911-181227-resnet18_vcaV2-224/checkpoint/checkpoint-62.pth.tar', 70.39)
 ('./output/train/20250911-181227-resnet18_vcaV2-224/checkpoint/checkpoint-52.pth.tar', 70.29)
 ('./output/train/20250911-181227-resnet18_vcaV2-224/checkpoint/checkpoint-60.pth.tar', 70.24)
 ('./output/train/20250911-181227-resnet18_vcaV2-224/checkpoint/checkpoint-57.pth.tar', 70.22)
 ('./output/train/20250911-181227-resnet18_vcaV2-224/checkpoint/checkpoint-49.pth.tar', 70.03)
 ('./output/train/20250911-181227-resnet18_vcaV2-224/checkpoint/checkpoint-48.pth.tar', 69.96)
 ('./output/train/20250911-181227-resnet18_vcaV2-224/checkpoint/checkpoint-64.pth.tar', 69.89)

2025-09-11 19:38:45,657 -                train: [    INFO] - Train: 66 [   0/781 (  0%)]  Loss: 32.55 (32.6)  Loss_cat: 1.222 (1.22)  Loss_feat: 28.97 (29.0)  Loss_gt: 2.358 (2.36) LR: 5.000e-02
2025-09-11 19:39:04,677 -                train: [    INFO] - Train: 66 [ 200/781 ( 26%)]  Loss: 31.40 (31.6)  Loss_cat: 1.159 (1.19)  Loss_feat: 28.25 (28.3)  Loss_gt: 1.994 (2.13) LR: 5.000e-02
2025-09-11 19:39:23,771 -                train: [    INFO] - Train: 66 [ 400/781 ( 51%)]  Loss: 31.65 (31.6)  Loss_cat: 1.227 (1.19)  Loss_feat: 28.29 (28.3)  Loss_gt: 2.130 (2.12) LR: 5.000e-02
2025-09-11 19:39:42,815 -                train: [    INFO] - Train: 66 [ 600/781 ( 77%)]  Loss: 31.74 (31.7)  Loss_cat: 1.135 (1.19)  Loss_feat: 28.39 (28.3)  Loss_gt: 2.212 (2.14) LR: 5.000e-02
2025-09-11 19:40:00,084 -                train: [    INFO] - Train: 66 [ 780/781 (100%)]  Loss: 31.46 (31.7)  Loss_cat: 1.200 (1.19)  Loss_feat: 28.16 (28.3)  Loss_gt: 2.093 (2.14) LR: 5.000e-02
2025-09-11 19:40:00,189 -                train: [    INFO] - Test: [   0/156]  Time: 0.100 (0.100)  Loss:  0.9682 (0.9682)  Acc@1: 71.8750 (71.8750)  Acc@5: 90.6250 (90.6250)
2025-09-11 19:40:03,066 -                train: [    INFO] - Test: [ 156/156]  Time: 0.008 (0.019)  Loss:  1.0894 (1.1490)  Acc@1: 81.2500 (69.0600)  Acc@5: 87.5000 (92.6600)
2025-09-11 19:40:03,644 -                train: [    INFO] - Train: 67 [   0/781 (  0%)]  Loss: 31.25 (31.2)  Loss_cat: 1.130 (1.13)  Loss_feat: 28.30 (28.3)  Loss_gt: 1.814 (1.81) LR: 5.000e-02
2025-09-11 19:40:22,739 -                train: [    INFO] - Train: 67 [ 200/781 ( 26%)]  Loss: 32.89 (31.6)  Loss_cat: 1.346 (1.19)  Loss_feat: 29.18 (28.3)  Loss_gt: 2.362 (2.13) LR: 5.000e-02
2025-09-11 19:40:41,731 -                train: [    INFO] - Train: 67 [ 400/781 ( 51%)]  Loss: 31.76 (31.6)  Loss_cat: 1.197 (1.19)  Loss_feat: 28.12 (28.3)  Loss_gt: 2.448 (2.14) LR: 5.000e-02
2025-09-11 19:41:00,726 -                train: [    INFO] - Train: 67 [ 600/781 ( 77%)]  Loss: 30.61 (31.6)  Loss_cat: 1.095 (1.19)  Loss_feat: 27.37 (28.3)  Loss_gt: 2.139 (2.14) LR: 5.000e-02
2025-09-11 19:41:17,853 -                train: [    INFO] - Train: 67 [ 780/781 (100%)]  Loss: 31.30 (31.7)  Loss_cat: 1.140 (1.20)  Loss_feat: 28.07 (28.3)  Loss_gt: 2.090 (2.14) LR: 5.000e-02
2025-09-11 19:41:17,965 -                train: [    INFO] - Test: [   0/156]  Time: 0.107 (0.107)  Loss:  1.0393 (1.0393)  Acc@1: 67.1875 (67.1875)  Acc@5: 95.3125 (95.3125)
2025-09-11 19:41:20,918 -                train: [    INFO] - Test: [ 156/156]  Time: 0.009 (0.019)  Loss:  1.1346 (1.1545)  Acc@1: 75.0000 (68.5400)  Acc@5: 93.7500 (92.2300)
2025-09-11 19:41:21,670 -                train: [    INFO] - Train: 68 [   0/781 (  0%)]  Loss: 32.68 (32.7)  Loss_cat: 1.376 (1.38)  Loss_feat: 29.33 (29.3)  Loss_gt: 1.968 (1.97) LR: 5.000e-02
2025-09-11 19:41:40,698 -                train: [    INFO] - Train: 68 [ 200/781 ( 26%)]  Loss: 30.37 (31.6)  Loss_cat: 1.088 (1.19)  Loss_feat: 27.59 (28.3)  Loss_gt: 1.694 (2.12) LR: 5.000e-02
2025-09-11 19:41:59,730 -                train: [    INFO] - Train: 68 [ 400/781 ( 51%)]  Loss: 31.66 (31.6)  Loss_cat: 1.218 (1.19)  Loss_feat: 28.49 (28.3)  Loss_gt: 1.946 (2.13) LR: 5.000e-02
2025-09-11 19:42:18,866 -                train: [    INFO] - Train: 68 [ 600/781 ( 77%)]  Loss: 32.13 (31.6)  Loss_cat: 1.142 (1.19)  Loss_feat: 28.50 (28.3)  Loss_gt: 2.489 (2.13) LR: 5.000e-02
2025-09-11 19:42:36,093 -                train: [    INFO] - Train: 68 [ 780/781 (100%)]  Loss: 31.12 (31.7)  Loss_cat: 1.145 (1.20)  Loss_feat: 27.75 (28.3)  Loss_gt: 2.217 (2.14) LR: 5.000e-02
2025-09-11 19:42:36,207 -                train: [    INFO] - Test: [   0/156]  Time: 0.110 (0.110)  Loss:  0.8789 (0.8789)  Acc@1: 76.5625 (76.5625)  Acc@5: 96.8750 (96.8750)
2025-09-11 19:42:39,438 -                train: [    INFO] - Test: [ 156/156]  Time: 0.008 (0.021)  Loss:  0.7996 (1.1277)  Acc@1: 81.2500 (69.8200)  Acc@5: 87.5000 (92.7200)
2025-09-11 19:42:40,023 -                train: [    INFO] - Train: 69 [   0/781 (  0%)]  Loss: 31.11 (31.1)  Loss_cat: 1.083 (1.08)  Loss_feat: 27.89 (27.9)  Loss_gt: 2.141 (2.14) LR: 5.000e-02
2025-09-11 19:42:59,071 -                train: [    INFO] - Train: 69 [ 200/781 ( 26%)]  Loss: 32.42 (31.6)  Loss_cat: 1.380 (1.19)  Loss_feat: 28.84 (28.3)  Loss_gt: 2.207 (2.13) LR: 5.000e-02
2025-09-11 19:43:18,030 -                train: [    INFO] - Train: 69 [ 400/781 ( 51%)]  Loss: 31.45 (31.6)  Loss_cat: 1.122 (1.19)  Loss_feat: 27.98 (28.3)  Loss_gt: 2.343 (2.13) LR: 5.000e-02
2025-09-11 19:43:37,072 -                train: [    INFO] - Train: 69 [ 600/781 ( 77%)]  Loss: 31.89 (31.6)  Loss_cat: 1.179 (1.20)  Loss_feat: 28.50 (28.3)  Loss_gt: 2.215 (2.13) LR: 5.000e-02
2025-09-11 19:43:54,107 -                train: [    INFO] - Train: 69 [ 780/781 (100%)]  Loss: 31.21 (31.7)  Loss_cat: 1.104 (1.20)  Loss_feat: 28.07 (28.3)  Loss_gt: 2.034 (2.14) LR: 5.000e-02
2025-09-11 19:43:54,214 -                train: [    INFO] - Test: [   0/156]  Time: 0.102 (0.102)  Loss:  1.0866 (1.0866)  Acc@1: 73.4375 (73.4375)  Acc@5: 92.1875 (92.1875)
2025-09-11 19:43:57,231 -                train: [    INFO] - Test: [ 156/156]  Time: 0.008 (0.020)  Loss:  0.8699 (1.1715)  Acc@1: 81.2500 (68.6900)  Acc@5: 87.5000 (92.4400)
2025-09-11 19:43:58,024 -                train: [    INFO] - Train: 70 [   0/781 (  0%)]  Loss: 31.71 (31.7)  Loss_cat: 1.174 (1.17)  Loss_feat: 28.24 (28.2)  Loss_gt: 2.294 (2.29) LR: 5.000e-02
2025-09-11 19:44:17,060 -                train: [    INFO] - Train: 70 [ 200/781 ( 26%)]  Loss: 32.64 (31.6)  Loss_cat: 1.265 (1.20)  Loss_feat: 29.03 (28.3)  Loss_gt: 2.346 (2.11) LR: 5.000e-02
2025-09-11 19:44:36,121 -                train: [    INFO] - Train: 70 [ 400/781 ( 51%)]  Loss: 30.69 (31.6)  Loss_cat: 1.090 (1.19)  Loss_feat: 27.66 (28.3)  Loss_gt: 1.943 (2.13) LR: 5.000e-02
2025-09-11 19:44:55,100 -                train: [    INFO] - Train: 70 [ 600/781 ( 77%)]  Loss: 31.88 (31.7)  Loss_cat: 1.231 (1.20)  Loss_feat: 28.20 (28.3)  Loss_gt: 2.454 (2.13) LR: 5.000e-02
2025-09-11 19:45:12,279 -                train: [    INFO] - Train: 70 [ 780/781 (100%)]  Loss: 31.42 (31.7)  Loss_cat: 1.161 (1.20)  Loss_feat: 27.96 (28.3)  Loss_gt: 2.295 (2.13) LR: 5.000e-02
2025-09-11 19:45:12,392 -                train: [    INFO] - Test: [   0/156]  Time: 0.106 (0.106)  Loss:  0.8392 (0.8392)  Acc@1: 71.8750 (71.8750)  Acc@5: 96.8750 (96.8750)
2025-09-11 19:45:15,353 -                train: [    INFO] - Test: [ 156/156]  Time: 0.009 (0.020)  Loss:  1.0960 (1.0631)  Acc@1: 75.0000 (70.5900)  Acc@5: 87.5000 (93.4100)
2025-09-11 19:45:15,716 - timm.utils.checkpoint_saver: [    INFO] - Current checkpoints:
 ('./output/train/20250911-181227-resnet18_vcaV2-224/checkpoint/checkpoint-58.pth.tar', 70.88)
 ('./output/train/20250911-181227-resnet18_vcaV2-224/checkpoint/checkpoint-70.pth.tar', 70.59)
 ('./output/train/20250911-181227-resnet18_vcaV2-224/checkpoint/checkpoint-55.pth.tar', 70.56)
 ('./output/train/20250911-181227-resnet18_vcaV2-224/checkpoint/checkpoint-65.pth.tar', 70.48)
 ('./output/train/20250911-181227-resnet18_vcaV2-224/checkpoint/checkpoint-62.pth.tar', 70.39)
 ('./output/train/20250911-181227-resnet18_vcaV2-224/checkpoint/checkpoint-52.pth.tar', 70.29)
 ('./output/train/20250911-181227-resnet18_vcaV2-224/checkpoint/checkpoint-60.pth.tar', 70.24)
 ('./output/train/20250911-181227-resnet18_vcaV2-224/checkpoint/checkpoint-57.pth.tar', 70.22)
 ('./output/train/20250911-181227-resnet18_vcaV2-224/checkpoint/checkpoint-49.pth.tar', 70.03)
 ('./output/train/20250911-181227-resnet18_vcaV2-224/checkpoint/checkpoint-48.pth.tar', 69.96)

2025-09-11 19:45:15,905 -                train: [    INFO] - Train: 71 [   0/781 (  0%)]  Loss: 31.28 (31.3)  Loss_cat: 1.146 (1.15)  Loss_feat: 28.07 (28.1)  Loss_gt: 2.061 (2.06) LR: 5.000e-02
2025-09-11 19:45:35,155 -                train: [    INFO] - Train: 71 [ 200/781 ( 26%)]  Loss: 31.93 (31.5)  Loss_cat: 1.138 (1.18)  Loss_feat: 28.61 (28.2)  Loss_gt: 2.187 (2.09) LR: 5.000e-02
2025-09-11 19:45:54,243 -                train: [    INFO] - Train: 71 [ 400/781 ( 51%)]  Loss: 31.65 (31.6)  Loss_cat: 1.246 (1.19)  Loss_feat: 28.57 (28.3)  Loss_gt: 1.834 (2.10) LR: 5.000e-02
2025-09-11 19:46:13,308 -                train: [    INFO] - Train: 71 [ 600/781 ( 77%)]  Loss: 31.60 (31.6)  Loss_cat: 1.193 (1.19)  Loss_feat: 27.96 (28.3)  Loss_gt: 2.449 (2.11) LR: 5.000e-02
2025-09-11 19:46:30,542 -                train: [    INFO] - Train: 71 [ 780/781 (100%)]  Loss: 31.65 (31.6)  Loss_cat: 1.229 (1.19)  Loss_feat: 28.42 (28.3)  Loss_gt: 1.998 (2.12) LR: 5.000e-02
2025-09-11 19:46:30,651 -                train: [    INFO] - Test: [   0/156]  Time: 0.104 (0.104)  Loss:  1.1036 (1.1036)  Acc@1: 71.8750 (71.8750)  Acc@5: 90.6250 (90.6250)
2025-09-11 19:46:33,539 -                train: [    INFO] - Test: [ 156/156]  Time: 0.009 (0.019)  Loss:  1.3502 (1.1080)  Acc@1: 68.7500 (69.6600)  Acc@5: 87.5000 (92.7900)
2025-09-11 19:46:34,143 -                train: [    INFO] - Train: 72 [   0/781 (  0%)]  Loss: 30.89 (30.9)  Loss_cat: 1.163 (1.16)  Loss_feat: 27.47 (27.5)  Loss_gt: 2.257 (2.26) LR: 5.000e-02
2025-09-11 19:46:53,064 -                train: [    INFO] - Train: 72 [ 200/781 ( 26%)]  Loss: 31.49 (31.6)  Loss_cat: 1.187 (1.19)  Loss_feat: 28.04 (28.3)  Loss_gt: 2.267 (2.12) LR: 5.000e-02
2025-09-11 19:47:12,226 -                train: [    INFO] - Train: 72 [ 400/781 ( 51%)]  Loss: 32.49 (31.6)  Loss_cat: 1.223 (1.19)  Loss_feat: 28.90 (28.3)  Loss_gt: 2.366 (2.12) LR: 5.000e-02
2025-09-11 19:47:31,159 -                train: [    INFO] - Train: 72 [ 600/781 ( 77%)]  Loss: 32.21 (31.6)  Loss_cat: 1.217 (1.19)  Loss_feat: 28.96 (28.3)  Loss_gt: 2.025 (2.12) LR: 5.000e-02
2025-09-11 19:47:48,221 -                train: [    INFO] - Train: 72 [ 780/781 (100%)]  Loss: 31.86 (31.6)  Loss_cat: 1.210 (1.19)  Loss_feat: 28.55 (28.3)  Loss_gt: 2.093 (2.13) LR: 5.000e-02
2025-09-11 19:47:48,332 -                train: [    INFO] - Test: [   0/156]  Time: 0.105 (0.105)  Loss:  0.8514 (0.8514)  Acc@1: 78.1250 (78.1250)  Acc@5: 92.1875 (92.1875)
2025-09-11 19:47:51,200 -                train: [    INFO] - Test: [ 156/156]  Time: 0.008 (0.019)  Loss:  1.0527 (1.1208)  Acc@1: 75.0000 (69.6900)  Acc@5: 87.5000 (93.0000)
2025-09-11 19:47:52,279 -                train: [    INFO] - Train: 73 [   0/781 (  0%)]  Loss: 31.72 (31.7)  Loss_cat: 1.230 (1.23)  Loss_feat: 28.13 (28.1)  Loss_gt: 2.368 (2.37) LR: 5.000e-02
2025-09-11 19:48:11,263 -                train: [    INFO] - Train: 73 [ 200/781 ( 26%)]  Loss: 31.80 (31.6)  Loss_cat: 1.192 (1.19)  Loss_feat: 28.78 (28.3)  Loss_gt: 1.827 (2.11) LR: 5.000e-02
2025-09-11 19:48:30,429 -                train: [    INFO] - Train: 73 [ 400/781 ( 51%)]  Loss: 31.83 (31.6)  Loss_cat: 1.121 (1.18)  Loss_feat: 28.63 (28.2)  Loss_gt: 2.075 (2.12) LR: 5.000e-02
2025-09-11 19:48:49,490 -                train: [    INFO] - Train: 73 [ 600/781 ( 77%)]  Loss: 31.20 (31.6)  Loss_cat: 1.143 (1.19)  Loss_feat: 27.96 (28.3)  Loss_gt: 2.098 (2.12) LR: 5.000e-02
2025-09-11 19:49:06,593 -                train: [    INFO] - Train: 73 [ 780/781 (100%)]  Loss: 32.00 (31.6)  Loss_cat: 1.235 (1.19)  Loss_feat: 28.77 (28.3)  Loss_gt: 1.995 (2.13) LR: 5.000e-02
2025-09-11 19:49:06,703 -                train: [    INFO] - Test: [   0/156]  Time: 0.105 (0.105)  Loss:  1.0510 (1.0510)  Acc@1: 71.8750 (71.8750)  Acc@5: 92.1875 (92.1875)
2025-09-11 19:49:09,681 -                train: [    INFO] - Test: [ 156/156]  Time: 0.008 (0.020)  Loss:  0.9228 (1.1171)  Acc@1: 75.0000 (69.8700)  Acc@5: 87.5000 (92.9800)
2025-09-11 19:49:10,296 -                train: [    INFO] - Train: 74 [   0/781 (  0%)]  Loss: 32.25 (32.3)  Loss_cat: 1.347 (1.35)  Loss_feat: 28.89 (28.9)  Loss_gt: 2.013 (2.01) LR: 5.000e-02
2025-09-11 19:49:29,295 -                train: [    INFO] - Train: 74 [ 200/781 ( 26%)]  Loss: 31.04 (31.6)  Loss_cat: 1.133 (1.19)  Loss_feat: 27.88 (28.3)  Loss_gt: 2.023 (2.11) LR: 5.000e-02
2025-09-11 19:49:48,311 -                train: [    INFO] - Train: 74 [ 400/781 ( 51%)]  Loss: 32.20 (31.6)  Loss_cat: 1.284 (1.20)  Loss_feat: 28.58 (28.3)  Loss_gt: 2.337 (2.12) LR: 5.000e-02
2025-09-11 19:50:07,398 -                train: [    INFO] - Train: 74 [ 600/781 ( 77%)]  Loss: 31.80 (31.6)  Loss_cat: 1.190 (1.20)  Loss_feat: 28.38 (28.3)  Loss_gt: 2.227 (2.12) LR: 5.000e-02
2025-09-11 19:50:24,600 -                train: [    INFO] - Train: 74 [ 780/781 (100%)]  Loss: 33.19 (31.6)  Loss_cat: 1.355 (1.20)  Loss_feat: 29.69 (28.3)  Loss_gt: 2.144 (2.13) LR: 5.000e-02
2025-09-11 19:50:24,711 -                train: [    INFO] - Test: [   0/156]  Time: 0.106 (0.106)  Loss:  1.0183 (1.0183)  Acc@1: 68.7500 (68.7500)  Acc@5: 93.7500 (93.7500)
2025-09-11 19:50:27,753 -                train: [    INFO] - Test: [ 156/156]  Time: 0.008 (0.020)  Loss:  1.4517 (1.1128)  Acc@1: 62.5000 (70.1200)  Acc@5: 81.2500 (92.7500)
2025-09-11 19:50:28,271 - timm.utils.checkpoint_saver: [    INFO] - Current checkpoints:
 ('./output/train/20250911-181227-resnet18_vcaV2-224/checkpoint/checkpoint-58.pth.tar', 70.88)
 ('./output/train/20250911-181227-resnet18_vcaV2-224/checkpoint/checkpoint-70.pth.tar', 70.59)
 ('./output/train/20250911-181227-resnet18_vcaV2-224/checkpoint/checkpoint-55.pth.tar', 70.56)
 ('./output/train/20250911-181227-resnet18_vcaV2-224/checkpoint/checkpoint-65.pth.tar', 70.48)
 ('./output/train/20250911-181227-resnet18_vcaV2-224/checkpoint/checkpoint-62.pth.tar', 70.39)
 ('./output/train/20250911-181227-resnet18_vcaV2-224/checkpoint/checkpoint-52.pth.tar', 70.29)
 ('./output/train/20250911-181227-resnet18_vcaV2-224/checkpoint/checkpoint-60.pth.tar', 70.24)
 ('./output/train/20250911-181227-resnet18_vcaV2-224/checkpoint/checkpoint-57.pth.tar', 70.22)
 ('./output/train/20250911-181227-resnet18_vcaV2-224/checkpoint/checkpoint-74.pth.tar', 70.12)
 ('./output/train/20250911-181227-resnet18_vcaV2-224/checkpoint/checkpoint-49.pth.tar', 70.03)

2025-09-11 19:50:28,470 -                train: [    INFO] - Train: 75 [   0/781 (  0%)]  Loss: 31.61 (31.6)  Loss_cat: 1.169 (1.17)  Loss_feat: 28.26 (28.3)  Loss_gt: 2.176 (2.18) LR: 5.000e-02
2025-09-11 19:50:47,556 -                train: [    INFO] - Train: 75 [ 200/781 ( 26%)]  Loss: 31.44 (31.5)  Loss_cat: 1.162 (1.18)  Loss_feat: 28.03 (28.2)  Loss_gt: 2.243 (2.10) LR: 5.000e-02
2025-09-11 19:51:06,668 -                train: [    INFO] - Train: 75 [ 400/781 ( 51%)]  Loss: 31.00 (31.6)  Loss_cat: 1.119 (1.18)  Loss_feat: 27.87 (28.3)  Loss_gt: 2.008 (2.11) LR: 5.000e-02
2025-09-11 19:51:25,874 -                train: [    INFO] - Train: 75 [ 600/781 ( 77%)]  Loss: 31.25 (31.6)  Loss_cat: 1.172 (1.19)  Loss_feat: 28.03 (28.3)  Loss_gt: 2.050 (2.12) LR: 5.000e-02
2025-09-11 19:51:43,143 -                train: [    INFO] - Train: 75 [ 780/781 (100%)]  Loss: 30.79 (31.6)  Loss_cat: 1.139 (1.19)  Loss_feat: 27.70 (28.3)  Loss_gt: 1.951 (2.13) LR: 5.000e-02
2025-09-11 19:51:43,256 -                train: [    INFO] - Test: [   0/156]  Time: 0.108 (0.108)  Loss:  1.1454 (1.1454)  Acc@1: 73.4375 (73.4375)  Acc@5: 89.0625 (89.0625)
2025-09-11 19:51:46,222 -                train: [    INFO] - Test: [ 156/156]  Time: 0.009 (0.020)  Loss:  0.8068 (1.1365)  Acc@1: 81.2500 (70.1300)  Acc@5: 87.5000 (92.0200)
2025-09-11 19:51:46,723 - timm.utils.checkpoint_saver: [    INFO] - Current checkpoints:
 ('./output/train/20250911-181227-resnet18_vcaV2-224/checkpoint/checkpoint-58.pth.tar', 70.88)
 ('./output/train/20250911-181227-resnet18_vcaV2-224/checkpoint/checkpoint-70.pth.tar', 70.59)
 ('./output/train/20250911-181227-resnet18_vcaV2-224/checkpoint/checkpoint-55.pth.tar', 70.56)
 ('./output/train/20250911-181227-resnet18_vcaV2-224/checkpoint/checkpoint-65.pth.tar', 70.48)
 ('./output/train/20250911-181227-resnet18_vcaV2-224/checkpoint/checkpoint-62.pth.tar', 70.39)
 ('./output/train/20250911-181227-resnet18_vcaV2-224/checkpoint/checkpoint-52.pth.tar', 70.29)
 ('./output/train/20250911-181227-resnet18_vcaV2-224/checkpoint/checkpoint-60.pth.tar', 70.24)
 ('./output/train/20250911-181227-resnet18_vcaV2-224/checkpoint/checkpoint-57.pth.tar', 70.22)
 ('./output/train/20250911-181227-resnet18_vcaV2-224/checkpoint/checkpoint-75.pth.tar', 70.13)
 ('./output/train/20250911-181227-resnet18_vcaV2-224/checkpoint/checkpoint-74.pth.tar', 70.12)

2025-09-11 19:51:46,943 -                train: [    INFO] - Train: 76 [   0/781 (  0%)]  Loss: 31.46 (31.5)  Loss_cat: 1.201 (1.20)  Loss_feat: 28.41 (28.4)  Loss_gt: 1.843 (1.84) LR: 5.000e-02
2025-09-11 19:52:06,005 -                train: [    INFO] - Train: 76 [ 200/781 ( 26%)]  Loss: 31.66 (31.6)  Loss_cat: 1.152 (1.19)  Loss_feat: 28.59 (28.3)  Loss_gt: 1.919 (2.11) LR: 5.000e-02
2025-09-11 19:52:25,108 -                train: [    INFO] - Train: 76 [ 400/781 ( 51%)]  Loss: 31.09 (31.6)  Loss_cat: 1.098 (1.19)  Loss_feat: 27.83 (28.3)  Loss_gt: 2.158 (2.13) LR: 5.000e-02
2025-09-11 19:52:44,185 -                train: [    INFO] - Train: 76 [ 600/781 ( 77%)]  Loss: 31.49 (31.6)  Loss_cat: 1.180 (1.19)  Loss_feat: 27.92 (28.3)  Loss_gt: 2.390 (2.13) LR: 5.000e-02
2025-09-11 19:53:01,430 -                train: [    INFO] - Train: 76 [ 780/781 (100%)]  Loss: 31.60 (31.6)  Loss_cat: 1.201 (1.19)  Loss_feat: 28.26 (28.3)  Loss_gt: 2.140 (2.13) LR: 5.000e-02
2025-09-11 19:53:01,550 -                train: [    INFO] - Test: [   0/156]  Time: 0.114 (0.114)  Loss:  1.0830 (1.0830)  Acc@1: 67.1875 (67.1875)  Acc@5: 92.1875 (92.1875)
2025-09-11 19:53:04,481 -                train: [    INFO] - Test: [ 156/156]  Time: 0.010 (0.019)  Loss:  0.7712 (1.1065)  Acc@1: 81.2500 (70.2800)  Acc@5: 100.0000 (93.2900)
2025-09-11 19:53:05,018 - timm.utils.checkpoint_saver: [    INFO] - Current checkpoints:
 ('./output/train/20250911-181227-resnet18_vcaV2-224/checkpoint/checkpoint-58.pth.tar', 70.88)
 ('./output/train/20250911-181227-resnet18_vcaV2-224/checkpoint/checkpoint-70.pth.tar', 70.59)
 ('./output/train/20250911-181227-resnet18_vcaV2-224/checkpoint/checkpoint-55.pth.tar', 70.56)
 ('./output/train/20250911-181227-resnet18_vcaV2-224/checkpoint/checkpoint-65.pth.tar', 70.48)
 ('./output/train/20250911-181227-resnet18_vcaV2-224/checkpoint/checkpoint-62.pth.tar', 70.39)
 ('./output/train/20250911-181227-resnet18_vcaV2-224/checkpoint/checkpoint-52.pth.tar', 70.29)
 ('./output/train/20250911-181227-resnet18_vcaV2-224/checkpoint/checkpoint-76.pth.tar', 70.28)
 ('./output/train/20250911-181227-resnet18_vcaV2-224/checkpoint/checkpoint-60.pth.tar', 70.24)
 ('./output/train/20250911-181227-resnet18_vcaV2-224/checkpoint/checkpoint-57.pth.tar', 70.22)
 ('./output/train/20250911-181227-resnet18_vcaV2-224/checkpoint/checkpoint-75.pth.tar', 70.13)

2025-09-11 19:53:05,213 -                train: [    INFO] - Train: 77 [   0/781 (  0%)]  Loss: 31.74 (31.7)  Loss_cat: 1.158 (1.16)  Loss_feat: 28.54 (28.5)  Loss_gt: 2.041 (2.04) LR: 5.000e-02
2025-09-11 19:53:24,254 -                train: [    INFO] - Train: 77 [ 200/781 ( 26%)]  Loss: 31.35 (31.5)  Loss_cat: 1.104 (1.18)  Loss_feat: 27.89 (28.2)  Loss_gt: 2.351 (2.10) LR: 5.000e-02
2025-09-11 19:53:43,341 -                train: [    INFO] - Train: 77 [ 400/781 ( 51%)]  Loss: 31.83 (31.6)  Loss_cat: 1.186 (1.19)  Loss_feat: 28.37 (28.3)  Loss_gt: 2.270 (2.11) LR: 5.000e-02
2025-09-11 19:54:02,401 -                train: [    INFO] - Train: 77 [ 600/781 ( 77%)]  Loss: 31.39 (31.6)  Loss_cat: 1.134 (1.19)  Loss_feat: 28.34 (28.3)  Loss_gt: 1.913 (2.11) LR: 5.000e-02
2025-09-11 19:54:19,737 -                train: [    INFO] - Train: 77 [ 780/781 (100%)]  Loss: 32.46 (31.6)  Loss_cat: 1.298 (1.19)  Loss_feat: 28.94 (28.3)  Loss_gt: 2.219 (2.12) LR: 5.000e-02
2025-09-11 19:54:19,852 -                train: [    INFO] - Test: [   0/156]  Time: 0.110 (0.110)  Loss:  0.8642 (0.8642)  Acc@1: 78.1250 (78.1250)  Acc@5: 93.7500 (93.7500)
2025-09-11 19:54:23,135 -                train: [    INFO] - Test: [ 156/156]  Time: 0.009 (0.022)  Loss:  1.4014 (1.0862)  Acc@1: 68.7500 (70.4500)  Acc@5: 81.2500 (92.9500)
2025-09-11 19:54:23,786 - timm.utils.checkpoint_saver: [    INFO] - Current checkpoints:
 ('./output/train/20250911-181227-resnet18_vcaV2-224/checkpoint/checkpoint-58.pth.tar', 70.88)
 ('./output/train/20250911-181227-resnet18_vcaV2-224/checkpoint/checkpoint-70.pth.tar', 70.59)
 ('./output/train/20250911-181227-resnet18_vcaV2-224/checkpoint/checkpoint-55.pth.tar', 70.56)
 ('./output/train/20250911-181227-resnet18_vcaV2-224/checkpoint/checkpoint-65.pth.tar', 70.48)
 ('./output/train/20250911-181227-resnet18_vcaV2-224/checkpoint/checkpoint-77.pth.tar', 70.45)
 ('./output/train/20250911-181227-resnet18_vcaV2-224/checkpoint/checkpoint-62.pth.tar', 70.39)
 ('./output/train/20250911-181227-resnet18_vcaV2-224/checkpoint/checkpoint-52.pth.tar', 70.29)
 ('./output/train/20250911-181227-resnet18_vcaV2-224/checkpoint/checkpoint-76.pth.tar', 70.28)
 ('./output/train/20250911-181227-resnet18_vcaV2-224/checkpoint/checkpoint-60.pth.tar', 70.24)
 ('./output/train/20250911-181227-resnet18_vcaV2-224/checkpoint/checkpoint-57.pth.tar', 70.22)

2025-09-11 19:54:23,977 -                train: [    INFO] - Train: 78 [   0/781 (  0%)]  Loss: 31.55 (31.6)  Loss_cat: 1.170 (1.17)  Loss_feat: 28.49 (28.5)  Loss_gt: 1.890 (1.89) LR: 5.000e-02
2025-09-11 19:54:43,242 -                train: [    INFO] - Train: 78 [ 200/781 ( 26%)]  Loss: 31.85 (31.5)  Loss_cat: 1.277 (1.18)  Loss_feat: 28.60 (28.2)  Loss_gt: 1.978 (2.09) LR: 5.000e-02
2025-09-11 19:55:02,139 -                train: [    INFO] - Train: 78 [ 400/781 ( 51%)]  Loss: 32.06 (31.5)  Loss_cat: 1.220 (1.18)  Loss_feat: 28.57 (28.3)  Loss_gt: 2.277 (2.10) LR: 5.000e-02
2025-09-11 19:55:21,294 -                train: [    INFO] - Train: 78 [ 600/781 ( 77%)]  Loss: 31.13 (31.5)  Loss_cat: 1.173 (1.19)  Loss_feat: 27.96 (28.2)  Loss_gt: 1.996 (2.11) LR: 5.000e-02
2025-09-11 19:55:38,535 -                train: [    INFO] - Train: 78 [ 780/781 (100%)]  Loss: 30.88 (31.6)  Loss_cat: 1.090 (1.19)  Loss_feat: 27.77 (28.3)  Loss_gt: 2.020 (2.12) LR: 5.000e-02
2025-09-11 19:55:38,646 -                train: [    INFO] - Test: [   0/156]  Time: 0.105 (0.105)  Loss:  1.0915 (1.0915)  Acc@1: 70.3125 (70.3125)  Acc@5: 90.6250 (90.6250)
2025-09-11 19:55:41,558 -                train: [    INFO] - Test: [ 156/156]  Time: 0.008 (0.019)  Loss:  1.0250 (1.0938)  Acc@1: 75.0000 (69.9300)  Acc@5: 87.5000 (93.0900)
2025-09-11 19:55:42,206 -                train: [    INFO] - Train: 79 [   0/781 (  0%)]  Loss: 31.09 (31.1)  Loss_cat: 1.154 (1.15)  Loss_feat: 28.27 (28.3)  Loss_gt: 1.666 (1.67) LR: 5.000e-02
2025-09-11 19:56:01,181 -                train: [    INFO] - Train: 79 [ 200/781 ( 26%)]  Loss: 32.70 (31.6)  Loss_cat: 1.349 (1.19)  Loss_feat: 28.83 (28.3)  Loss_gt: 2.525 (2.08) LR: 5.000e-02
2025-09-11 19:56:20,263 -                train: [    INFO] - Train: 79 [ 400/781 ( 51%)]  Loss: 31.76 (31.6)  Loss_cat: 1.208 (1.20)  Loss_feat: 28.60 (28.3)  Loss_gt: 1.955 (2.12) LR: 5.000e-02
2025-09-11 19:56:39,277 -                train: [    INFO] - Train: 79 [ 600/781 ( 77%)]  Loss: 31.43 (31.6)  Loss_cat: 1.122 (1.20)  Loss_feat: 27.93 (28.3)  Loss_gt: 2.382 (2.13) LR: 5.000e-02
2025-09-11 19:56:56,304 -                train: [    INFO] - Train: 79 [ 780/781 (100%)]  Loss: 31.18 (31.6)  Loss_cat: 1.176 (1.19)  Loss_feat: 28.07 (28.3)  Loss_gt: 1.933 (2.13) LR: 5.000e-02
2025-09-11 19:56:56,408 -                train: [    INFO] - Test: [   0/156]  Time: 0.098 (0.098)  Loss:  0.9527 (0.9527)  Acc@1: 68.7500 (68.7500)  Acc@5: 98.4375 (98.4375)
2025-09-11 19:56:59,342 -                train: [    INFO] - Test: [ 156/156]  Time: 0.008 (0.019)  Loss:  0.8256 (1.0671)  Acc@1: 75.0000 (71.6200)  Acc@5: 93.7500 (93.5900)
2025-09-11 19:56:59,741 - timm.utils.checkpoint_saver: [    INFO] - Current checkpoints:
 ('./output/train/20250911-181227-resnet18_vcaV2-224/checkpoint/checkpoint-79.pth.tar', 71.62)
 ('./output/train/20250911-181227-resnet18_vcaV2-224/checkpoint/checkpoint-58.pth.tar', 70.88)
 ('./output/train/20250911-181227-resnet18_vcaV2-224/checkpoint/checkpoint-70.pth.tar', 70.59)
 ('./output/train/20250911-181227-resnet18_vcaV2-224/checkpoint/checkpoint-55.pth.tar', 70.56)
 ('./output/train/20250911-181227-resnet18_vcaV2-224/checkpoint/checkpoint-65.pth.tar', 70.48)
 ('./output/train/20250911-181227-resnet18_vcaV2-224/checkpoint/checkpoint-77.pth.tar', 70.45)
 ('./output/train/20250911-181227-resnet18_vcaV2-224/checkpoint/checkpoint-62.pth.tar', 70.39)
 ('./output/train/20250911-181227-resnet18_vcaV2-224/checkpoint/checkpoint-52.pth.tar', 70.29)
 ('./output/train/20250911-181227-resnet18_vcaV2-224/checkpoint/checkpoint-76.pth.tar', 70.28)
 ('./output/train/20250911-181227-resnet18_vcaV2-224/checkpoint/checkpoint-60.pth.tar', 70.24)

2025-09-11 19:56:59,933 -                train: [    INFO] - Train: 80 [   0/781 (  0%)]  Loss: 31.36 (31.4)  Loss_cat: 1.173 (1.17)  Loss_feat: 28.30 (28.3)  Loss_gt: 1.881 (1.88) LR: 5.000e-02
2025-09-11 19:57:19,014 -                train: [    INFO] - Train: 80 [ 200/781 ( 26%)]  Loss: 31.13 (31.5)  Loss_cat: 1.150 (1.17)  Loss_feat: 27.95 (28.2)  Loss_gt: 2.031 (2.10) LR: 5.000e-02
2025-09-11 19:57:38,152 -                train: [    INFO] - Train: 80 [ 400/781 ( 51%)]  Loss: 31.01 (31.5)  Loss_cat: 1.117 (1.18)  Loss_feat: 27.52 (28.2)  Loss_gt: 2.376 (2.12) LR: 5.000e-02
2025-09-11 19:57:57,227 -                train: [    INFO] - Train: 80 [ 600/781 ( 77%)]  Loss: 32.47 (31.6)  Loss_cat: 1.290 (1.19)  Loss_feat: 29.11 (28.3)  Loss_gt: 2.074 (2.12) LR: 5.000e-02
2025-09-11 19:58:14,299 -                train: [    INFO] - Train: 80 [ 780/781 (100%)]  Loss: 31.94 (31.6)  Loss_cat: 1.208 (1.19)  Loss_feat: 28.73 (28.3)  Loss_gt: 2.000 (2.13) LR: 5.000e-02
2025-09-11 19:58:14,424 -                train: [    INFO] - Test: [   0/156]  Time: 0.119 (0.119)  Loss:  0.8849 (0.8849)  Acc@1: 76.5625 (76.5625)  Acc@5: 96.8750 (96.8750)
2025-09-11 19:58:17,542 -                train: [    INFO] - Test: [ 156/156]  Time: 0.008 (0.021)  Loss:  0.7385 (1.0807)  Acc@1: 81.2500 (70.5100)  Acc@5: 93.7500 (92.9200)
2025-09-11 19:58:17,973 - timm.utils.checkpoint_saver: [    INFO] - Current checkpoints:
 ('./output/train/20250911-181227-resnet18_vcaV2-224/checkpoint/checkpoint-79.pth.tar', 71.62)
 ('./output/train/20250911-181227-resnet18_vcaV2-224/checkpoint/checkpoint-58.pth.tar', 70.88)
 ('./output/train/20250911-181227-resnet18_vcaV2-224/checkpoint/checkpoint-70.pth.tar', 70.59)
 ('./output/train/20250911-181227-resnet18_vcaV2-224/checkpoint/checkpoint-55.pth.tar', 70.56)
 ('./output/train/20250911-181227-resnet18_vcaV2-224/checkpoint/checkpoint-80.pth.tar', 70.51)
 ('./output/train/20250911-181227-resnet18_vcaV2-224/checkpoint/checkpoint-65.pth.tar', 70.48)
 ('./output/train/20250911-181227-resnet18_vcaV2-224/checkpoint/checkpoint-77.pth.tar', 70.45)
 ('./output/train/20250911-181227-resnet18_vcaV2-224/checkpoint/checkpoint-62.pth.tar', 70.39)
 ('./output/train/20250911-181227-resnet18_vcaV2-224/checkpoint/checkpoint-52.pth.tar', 70.29)
 ('./output/train/20250911-181227-resnet18_vcaV2-224/checkpoint/checkpoint-76.pth.tar', 70.28)

2025-09-11 19:58:18,162 -                train: [    INFO] - Train: 81 [   0/781 (  0%)]  Loss: 31.04 (31.0)  Loss_cat: 1.143 (1.14)  Loss_feat: 27.77 (27.8)  Loss_gt: 2.126 (2.13) LR: 5.000e-02
2025-09-11 19:58:37,305 -                train: [    INFO] - Train: 81 [ 200/781 ( 26%)]  Loss: 31.10 (31.5)  Loss_cat: 1.185 (1.19)  Loss_feat: 28.05 (28.3)  Loss_gt: 1.868 (2.11) LR: 5.000e-02
2025-09-11 19:58:56,506 -                train: [    INFO] - Train: 81 [ 400/781 ( 51%)]  Loss: 30.87 (31.6)  Loss_cat: 1.077 (1.19)  Loss_feat: 27.87 (28.3)  Loss_gt: 1.918 (2.12) LR: 5.000e-02
2025-09-11 19:59:15,616 -                train: [    INFO] - Train: 81 [ 600/781 ( 77%)]  Loss: 31.62 (31.6)  Loss_cat: 1.151 (1.19)  Loss_feat: 28.21 (28.3)  Loss_gt: 2.265 (2.12) LR: 5.000e-02
2025-09-11 19:59:32,874 -                train: [    INFO] - Train: 81 [ 780/781 (100%)]  Loss: 31.05 (31.6)  Loss_cat: 1.110 (1.19)  Loss_feat: 27.80 (28.3)  Loss_gt: 2.141 (2.13) LR: 5.000e-02
2025-09-11 19:59:32,986 -                train: [    INFO] - Test: [   0/156]  Time: 0.104 (0.104)  Loss:  1.0306 (1.0306)  Acc@1: 75.0000 (75.0000)  Acc@5: 93.7500 (93.7500)
2025-09-11 19:59:36,126 -                train: [    INFO] - Test: [ 156/156]  Time: 0.010 (0.021)  Loss:  0.9404 (1.0959)  Acc@1: 75.0000 (70.0600)  Acc@5: 81.2500 (92.7600)
2025-09-11 19:59:36,759 -                train: [    INFO] - Train: 82 [   0/781 (  0%)]  Loss: 31.79 (31.8)  Loss_cat: 1.153 (1.15)  Loss_feat: 28.45 (28.5)  Loss_gt: 2.178 (2.18) LR: 5.000e-02
2025-09-11 19:59:55,992 -                train: [    INFO] - Train: 82 [ 200/781 ( 26%)]  Loss: 32.53 (31.6)  Loss_cat: 1.327 (1.19)  Loss_feat: 29.07 (28.3)  Loss_gt: 2.132 (2.12) LR: 5.000e-02
2025-09-11 20:00:15,130 -                train: [    INFO] - Train: 82 [ 400/781 ( 51%)]  Loss: 32.75 (31.5)  Loss_cat: 1.286 (1.19)  Loss_feat: 29.51 (28.2)  Loss_gt: 1.954 (2.12) LR: 5.000e-02
2025-09-11 20:00:34,436 -                train: [    INFO] - Train: 82 [ 600/781 ( 77%)]  Loss: 30.69 (31.6)  Loss_cat: 1.137 (1.19)  Loss_feat: 27.36 (28.2)  Loss_gt: 2.199 (2.12) LR: 5.000e-02
2025-09-11 20:00:51,568 -                train: [    INFO] - Train: 82 [ 780/781 (100%)]  Loss: 31.98 (31.6)  Loss_cat: 1.208 (1.19)  Loss_feat: 28.65 (28.3)  Loss_gt: 2.124 (2.13) LR: 5.000e-02
2025-09-11 20:00:51,676 -                train: [    INFO] - Test: [   0/156]  Time: 0.104 (0.104)  Loss:  1.2469 (1.2469)  Acc@1: 65.6250 (65.6250)  Acc@5: 90.6250 (90.6250)
2025-09-11 20:00:54,695 -                train: [    INFO] - Test: [ 156/156]  Time: 0.010 (0.020)  Loss:  0.9850 (1.1539)  Acc@1: 75.0000 (68.3400)  Acc@5: 81.2500 (92.0400)
2025-09-11 20:00:55,443 -                train: [    INFO] - Train: 83 [   0/781 (  0%)]  Loss: 32.16 (32.2)  Loss_cat: 1.216 (1.22)  Loss_feat: 28.84 (28.8)  Loss_gt: 2.106 (2.11) LR: 5.000e-02
2025-09-11 20:01:14,370 -                train: [    INFO] - Train: 83 [ 200/781 ( 26%)]  Loss: 31.16 (31.5)  Loss_cat: 1.162 (1.18)  Loss_feat: 27.67 (28.2)  Loss_gt: 2.329 (2.09) LR: 5.000e-02
2025-09-11 20:01:33,485 -                train: [    INFO] - Train: 83 [ 400/781 ( 51%)]  Loss: 31.03 (31.5)  Loss_cat: 1.086 (1.18)  Loss_feat: 28.03 (28.2)  Loss_gt: 1.922 (2.11) LR: 5.000e-02
2025-09-11 20:01:52,860 -                train: [    INFO] - Train: 83 [ 600/781 ( 77%)]  Loss: 31.14 (31.6)  Loss_cat: 1.199 (1.19)  Loss_feat: 28.03 (28.3)  Loss_gt: 1.907 (2.12) LR: 5.000e-02
2025-09-11 20:02:10,084 -                train: [    INFO] - Train: 83 [ 780/781 (100%)]  Loss: 31.52 (31.6)  Loss_cat: 1.141 (1.19)  Loss_feat: 28.25 (28.3)  Loss_gt: 2.129 (2.12) LR: 5.000e-02
2025-09-11 20:02:10,194 -                train: [    INFO] - Test: [   0/156]  Time: 0.102 (0.102)  Loss:  1.0858 (1.0858)  Acc@1: 67.1875 (67.1875)  Acc@5: 89.0625 (89.0625)
2025-09-11 20:02:13,329 -                train: [    INFO] - Test: [ 156/156]  Time: 0.009 (0.021)  Loss:  1.3932 (1.1921)  Acc@1: 75.0000 (67.9300)  Acc@5: 87.5000 (91.3100)
2025-09-11 20:02:14,346 -                train: [    INFO] - Train: 84 [   0/781 (  0%)]  Loss: 32.93 (32.9)  Loss_cat: 1.384 (1.38)  Loss_feat: 29.26 (29.3)  Loss_gt: 2.284 (2.28) LR: 5.000e-02
2025-09-11 20:02:33,416 -                train: [    INFO] - Train: 84 [ 200/781 ( 26%)]  Loss: 32.54 (31.6)  Loss_cat: 1.258 (1.19)  Loss_feat: 28.56 (28.3)  Loss_gt: 2.726 (2.10) LR: 5.000e-02
2025-09-11 20:02:52,539 -                train: [    INFO] - Train: 84 [ 400/781 ( 51%)]  Loss: 30.85 (31.5)  Loss_cat: 1.161 (1.18)  Loss_feat: 27.48 (28.2)  Loss_gt: 2.211 (2.11) LR: 5.000e-02
2025-09-11 20:03:11,565 -                train: [    INFO] - Train: 84 [ 600/781 ( 77%)]  Loss: 31.18 (31.6)  Loss_cat: 1.137 (1.19)  Loss_feat: 27.74 (28.3)  Loss_gt: 2.307 (2.11) LR: 5.000e-02
2025-09-11 20:03:28,800 -                train: [    INFO] - Train: 84 [ 780/781 (100%)]  Loss: 32.43 (31.6)  Loss_cat: 1.278 (1.19)  Loss_feat: 28.82 (28.3)  Loss_gt: 2.336 (2.12) LR: 5.000e-02
2025-09-11 20:03:28,920 -                train: [    INFO] - Test: [   0/156]  Time: 0.114 (0.114)  Loss:  0.9249 (0.9249)  Acc@1: 73.4375 (73.4375)  Acc@5: 93.7500 (93.7500)
2025-09-11 20:03:32,174 -                train: [    INFO] - Test: [ 156/156]  Time: 0.010 (0.021)  Loss:  1.1264 (1.0405)  Acc@1: 75.0000 (71.5500)  Acc@5: 87.5000 (93.5600)
2025-09-11 20:03:32,878 - timm.utils.checkpoint_saver: [    INFO] - Current checkpoints:
 ('./output/train/20250911-181227-resnet18_vcaV2-224/checkpoint/checkpoint-79.pth.tar', 71.62)
 ('./output/train/20250911-181227-resnet18_vcaV2-224/checkpoint/checkpoint-84.pth.tar', 71.55)
 ('./output/train/20250911-181227-resnet18_vcaV2-224/checkpoint/checkpoint-58.pth.tar', 70.88)
 ('./output/train/20250911-181227-resnet18_vcaV2-224/checkpoint/checkpoint-70.pth.tar', 70.59)
 ('./output/train/20250911-181227-resnet18_vcaV2-224/checkpoint/checkpoint-55.pth.tar', 70.56)
 ('./output/train/20250911-181227-resnet18_vcaV2-224/checkpoint/checkpoint-80.pth.tar', 70.51)
 ('./output/train/20250911-181227-resnet18_vcaV2-224/checkpoint/checkpoint-65.pth.tar', 70.48)
 ('./output/train/20250911-181227-resnet18_vcaV2-224/checkpoint/checkpoint-77.pth.tar', 70.45)
 ('./output/train/20250911-181227-resnet18_vcaV2-224/checkpoint/checkpoint-62.pth.tar', 70.39)
 ('./output/train/20250911-181227-resnet18_vcaV2-224/checkpoint/checkpoint-52.pth.tar', 70.29)

2025-09-11 20:03:33,066 -                train: [    INFO] - Train: 85 [   0/781 (  0%)]  Loss: 31.50 (31.5)  Loss_cat: 1.245 (1.24)  Loss_feat: 28.30 (28.3)  Loss_gt: 1.956 (1.96) LR: 5.000e-02
2025-09-11 20:03:52,209 -                train: [    INFO] - Train: 85 [ 200/781 ( 26%)]  Loss: 32.54 (31.5)  Loss_cat: 1.326 (1.18)  Loss_feat: 28.76 (28.2)  Loss_gt: 2.454 (2.08) LR: 5.000e-02
2025-09-11 20:04:11,550 -                train: [    INFO] - Train: 85 [ 400/781 ( 51%)]  Loss: 31.27 (31.5)  Loss_cat: 1.146 (1.18)  Loss_feat: 28.03 (28.2)  Loss_gt: 2.091 (2.10) LR: 5.000e-02
2025-09-11 20:04:30,643 -                train: [    INFO] - Train: 85 [ 600/781 ( 77%)]  Loss: 31.74 (31.5)  Loss_cat: 1.271 (1.19)  Loss_feat: 28.59 (28.2)  Loss_gt: 1.877 (2.11) LR: 5.000e-02
2025-09-11 20:04:47,817 -                train: [    INFO] - Train: 85 [ 780/781 (100%)]  Loss: 31.26 (31.6)  Loss_cat: 1.179 (1.19)  Loss_feat: 27.90 (28.3)  Loss_gt: 2.182 (2.12) LR: 5.000e-02
2025-09-11 20:04:47,928 -                train: [    INFO] - Test: [   0/156]  Time: 0.106 (0.106)  Loss:  1.0765 (1.0765)  Acc@1: 71.8750 (71.8750)  Acc@5: 90.6250 (90.6250)
2025-09-11 20:04:51,036 -                train: [    INFO] - Test: [ 156/156]  Time: 0.009 (0.020)  Loss:  1.1198 (1.1340)  Acc@1: 75.0000 (69.6800)  Acc@5: 87.5000 (92.6700)
2025-09-11 20:04:51,580 -                train: [    INFO] - Train: 86 [   0/781 (  0%)]  Loss: 31.45 (31.5)  Loss_cat: 1.161 (1.16)  Loss_feat: 28.18 (28.2)  Loss_gt: 2.106 (2.11) LR: 5.000e-02
2025-09-11 20:05:10,650 -                train: [    INFO] - Train: 86 [ 200/781 ( 26%)]  Loss: 31.75 (31.4)  Loss_cat: 1.165 (1.17)  Loss_feat: 28.40 (28.1)  Loss_gt: 2.182 (2.09) LR: 5.000e-02
2025-09-11 20:05:29,806 -                train: [    INFO] - Train: 86 [ 400/781 ( 51%)]  Loss: 32.23 (31.4)  Loss_cat: 1.308 (1.17)  Loss_feat: 28.95 (28.2)  Loss_gt: 1.975 (2.10) LR: 5.000e-02
2025-09-11 20:05:48,842 -                train: [    INFO] - Train: 86 [ 600/781 ( 77%)]  Loss: 31.57 (31.5)  Loss_cat: 1.164 (1.18)  Loss_feat: 28.10 (28.2)  Loss_gt: 2.307 (2.12) LR: 5.000e-02
2025-09-11 20:06:05,937 -                train: [    INFO] - Train: 86 [ 780/781 (100%)]  Loss: 32.29 (31.6)  Loss_cat: 1.280 (1.19)  Loss_feat: 28.60 (28.2)  Loss_gt: 2.409 (2.12) LR: 5.000e-02
2025-09-11 20:06:06,045 -                train: [    INFO] - Test: [   0/156]  Time: 0.102 (0.102)  Loss:  1.0455 (1.0455)  Acc@1: 67.1875 (67.1875)  Acc@5: 95.3125 (95.3125)
2025-09-11 20:06:09,017 -                train: [    INFO] - Test: [ 156/156]  Time: 0.008 (0.020)  Loss:  0.8107 (1.1140)  Acc@1: 81.2500 (69.9800)  Acc@5: 93.7500 (92.5400)
2025-09-11 20:06:09,899 -                train: [    INFO] - Train: 87 [   0/781 (  0%)]  Loss: 31.20 (31.2)  Loss_cat: 1.180 (1.18)  Loss_feat: 28.20 (28.2)  Loss_gt: 1.826 (1.83) LR: 5.000e-02
2025-09-11 20:06:29,099 -                train: [    INFO] - Train: 87 [ 200/781 ( 26%)]  Loss: 30.60 (31.5)  Loss_cat: 1.090 (1.18)  Loss_feat: 27.51 (28.2)  Loss_gt: 2.005 (2.10) LR: 5.000e-02
2025-09-11 20:06:48,263 -                train: [    INFO] - Train: 87 [ 400/781 ( 51%)]  Loss: 31.97 (31.5)  Loss_cat: 1.239 (1.18)  Loss_feat: 28.69 (28.2)  Loss_gt: 2.036 (2.11) LR: 5.000e-02
2025-09-11 20:07:07,396 -                train: [    INFO] - Train: 87 [ 600/781 ( 77%)]  Loss: 32.10 (31.5)  Loss_cat: 1.302 (1.19)  Loss_feat: 28.39 (28.2)  Loss_gt: 2.412 (2.12) LR: 5.000e-02
2025-09-11 20:07:24,684 -                train: [    INFO] - Train: 87 [ 780/781 (100%)]  Loss: 31.61 (31.6)  Loss_cat: 1.215 (1.19)  Loss_feat: 28.47 (28.2)  Loss_gt: 1.928 (2.13) LR: 5.000e-02
2025-09-11 20:07:24,798 -                train: [    INFO] - Test: [   0/156]  Time: 0.108 (0.108)  Loss:  1.1493 (1.1493)  Acc@1: 71.8750 (71.8750)  Acc@5: 89.0625 (89.0625)
2025-09-11 20:07:27,752 -                train: [    INFO] - Test: [ 156/156]  Time: 0.008 (0.019)  Loss:  1.2376 (1.1225)  Acc@1: 75.0000 (69.4600)  Acc@5: 87.5000 (92.6500)
2025-09-11 20:07:28,402 -                train: [    INFO] - Train: 88 [   0/781 (  0%)]  Loss: 32.99 (33.0)  Loss_cat: 1.364 (1.36)  Loss_feat: 29.67 (29.7)  Loss_gt: 1.960 (1.96) LR: 5.000e-02
2025-09-11 20:07:47,615 -                train: [    INFO] - Train: 88 [ 200/781 ( 26%)]  Loss: 31.64 (31.5)  Loss_cat: 1.221 (1.19)  Loss_feat: 28.42 (28.3)  Loss_gt: 2.004 (2.10) LR: 5.000e-02
2025-09-11 20:08:06,866 -                train: [    INFO] - Train: 88 [ 400/781 ( 51%)]  Loss: 31.49 (31.5)  Loss_cat: 1.179 (1.18)  Loss_feat: 28.30 (28.2)  Loss_gt: 2.004 (2.11) LR: 5.000e-02
2025-09-11 20:08:26,169 -                train: [    INFO] - Train: 88 [ 600/781 ( 77%)]  Loss: 30.86 (31.5)  Loss_cat: 1.160 (1.19)  Loss_feat: 27.56 (28.2)  Loss_gt: 2.143 (2.12) LR: 5.000e-02
2025-09-11 20:08:43,498 -                train: [    INFO] - Train: 88 [ 780/781 (100%)]  Loss: 31.94 (31.5)  Loss_cat: 1.210 (1.19)  Loss_feat: 28.69 (28.2)  Loss_gt: 2.037 (2.12) LR: 5.000e-02
2025-09-11 20:08:43,605 -                train: [    INFO] - Test: [   0/156]  Time: 0.101 (0.101)  Loss:  1.0118 (1.0118)  Acc@1: 71.8750 (71.8750)  Acc@5: 92.1875 (92.1875)
2025-09-11 20:08:46,605 -                train: [    INFO] - Test: [ 156/156]  Time: 0.008 (0.020)  Loss:  1.1422 (1.0820)  Acc@1: 68.7500 (70.7500)  Acc@5: 87.5000 (92.9200)
2025-09-11 20:08:47,240 - timm.utils.checkpoint_saver: [    INFO] - Current checkpoints:
 ('./output/train/20250911-181227-resnet18_vcaV2-224/checkpoint/checkpoint-79.pth.tar', 71.62)
 ('./output/train/20250911-181227-resnet18_vcaV2-224/checkpoint/checkpoint-84.pth.tar', 71.55)
 ('./output/train/20250911-181227-resnet18_vcaV2-224/checkpoint/checkpoint-58.pth.tar', 70.88)
 ('./output/train/20250911-181227-resnet18_vcaV2-224/checkpoint/checkpoint-88.pth.tar', 70.75)
 ('./output/train/20250911-181227-resnet18_vcaV2-224/checkpoint/checkpoint-70.pth.tar', 70.59)
 ('./output/train/20250911-181227-resnet18_vcaV2-224/checkpoint/checkpoint-55.pth.tar', 70.56)
 ('./output/train/20250911-181227-resnet18_vcaV2-224/checkpoint/checkpoint-80.pth.tar', 70.51)
 ('./output/train/20250911-181227-resnet18_vcaV2-224/checkpoint/checkpoint-65.pth.tar', 70.48)
 ('./output/train/20250911-181227-resnet18_vcaV2-224/checkpoint/checkpoint-77.pth.tar', 70.45)
 ('./output/train/20250911-181227-resnet18_vcaV2-224/checkpoint/checkpoint-62.pth.tar', 70.39)

2025-09-11 20:08:47,491 -                train: [    INFO] - Train: 89 [   0/781 (  0%)]  Loss: 32.65 (32.6)  Loss_cat: 1.349 (1.35)  Loss_feat: 29.08 (29.1)  Loss_gt: 2.216 (2.22) LR: 5.000e-02
2025-09-11 20:09:06,745 -                train: [    INFO] - Train: 89 [ 200/781 ( 26%)]  Loss: 30.30 (31.5)  Loss_cat: 1.035 (1.18)  Loss_feat: 27.42 (28.2)  Loss_gt: 1.846 (2.10) LR: 5.000e-02
2025-09-11 20:09:26,065 -                train: [    INFO] - Train: 89 [ 400/781 ( 51%)]  Loss: 31.00 (31.6)  Loss_cat: 1.126 (1.19)  Loss_feat: 27.68 (28.2)  Loss_gt: 2.189 (2.12) LR: 5.000e-02
2025-09-11 20:09:45,153 -                train: [    INFO] - Train: 89 [ 600/781 ( 77%)]  Loss: 31.21 (31.6)  Loss_cat: 1.139 (1.19)  Loss_feat: 27.97 (28.3)  Loss_gt: 2.100 (2.12) LR: 5.000e-02
2025-09-11 20:10:02,461 -                train: [    INFO] - Train: 89 [ 780/781 (100%)]  Loss: 30.76 (31.6)  Loss_cat: 1.103 (1.19)  Loss_feat: 27.53 (28.3)  Loss_gt: 2.127 (2.12) LR: 5.000e-02
2025-09-11 20:10:02,568 -                train: [    INFO] - Test: [   0/156]  Time: 0.101 (0.101)  Loss:  1.1592 (1.1592)  Acc@1: 67.1875 (67.1875)  Acc@5: 95.3125 (95.3125)
2025-09-11 20:10:05,737 -                train: [    INFO] - Test: [ 156/156]  Time: 0.009 (0.021)  Loss:  1.0960 (1.1275)  Acc@1: 68.7500 (69.9200)  Acc@5: 87.5000 (92.7000)
2025-09-11 20:10:06,805 -                train: [    INFO] - Train: 90 [   0/781 (  0%)]  Loss: 32.71 (32.7)  Loss_cat: 1.277 (1.28)  Loss_feat: 29.08 (29.1)  Loss_gt: 2.350 (2.35) LR: 5.000e-02
2025-09-11 20:10:25,959 -                train: [    INFO] - Train: 90 [ 200/781 ( 26%)]  Loss: 31.66 (31.5)  Loss_cat: 1.119 (1.18)  Loss_feat: 28.33 (28.2)  Loss_gt: 2.213 (2.11) LR: 5.000e-02
2025-09-11 20:10:45,230 -                train: [    INFO] - Train: 90 [ 400/781 ( 51%)]  Loss: 32.78 (31.5)  Loss_cat: 1.320 (1.18)  Loss_feat: 29.26 (28.2)  Loss_gt: 2.200 (2.11) LR: 5.000e-02
2025-09-11 20:11:04,468 -                train: [    INFO] - Train: 90 [ 600/781 ( 77%)]  Loss: 32.48 (31.6)  Loss_cat: 1.264 (1.19)  Loss_feat: 28.92 (28.2)  Loss_gt: 2.297 (2.11) LR: 5.000e-02
2025-09-11 20:11:21,752 -                train: [    INFO] - Train: 90 [ 780/781 (100%)]  Loss: 31.40 (31.6)  Loss_cat: 1.198 (1.19)  Loss_feat: 28.02 (28.2)  Loss_gt: 2.174 (2.12) LR: 5.000e-02
2025-09-11 20:11:21,869 -                train: [    INFO] - Test: [   0/156]  Time: 0.112 (0.112)  Loss:  1.0164 (1.0164)  Acc@1: 70.3125 (70.3125)  Acc@5: 89.0625 (89.0625)
2025-09-11 20:11:24,882 -                train: [    INFO] - Test: [ 156/156]  Time: 0.010 (0.020)  Loss:  1.5301 (1.1856)  Acc@1: 50.0000 (68.7300)  Acc@5: 87.5000 (92.0100)
2025-09-11 20:11:25,530 -                train: [    INFO] - Train: 91 [   0/781 (  0%)]  Loss: 31.09 (31.1)  Loss_cat: 1.183 (1.18)  Loss_feat: 27.78 (27.8)  Loss_gt: 2.131 (2.13) LR: 5.000e-02
2025-09-11 20:11:44,667 -                train: [    INFO] - Train: 91 [ 200/781 ( 26%)]  Loss: 30.78 (31.5)  Loss_cat: 1.071 (1.19)  Loss_feat: 27.41 (28.2)  Loss_gt: 2.297 (2.12) LR: 5.000e-02
2025-09-11 20:12:03,895 -                train: [    INFO] - Train: 91 [ 400/781 ( 51%)]  Loss: 31.81 (31.5)  Loss_cat: 1.137 (1.18)  Loss_feat: 28.47 (28.2)  Loss_gt: 2.201 (2.12) LR: 5.000e-02
2025-09-11 20:12:23,343 -                train: [    INFO] - Train: 91 [ 600/781 ( 77%)]  Loss: 30.64 (31.6)  Loss_cat: 1.110 (1.19)  Loss_feat: 27.40 (28.3)  Loss_gt: 2.130 (2.12) LR: 5.000e-02
2025-09-11 20:12:40,576 -                train: [    INFO] - Train: 91 [ 780/781 (100%)]  Loss: 31.35 (31.5)  Loss_cat: 1.241 (1.19)  Loss_feat: 28.16 (28.2)  Loss_gt: 1.953 (2.12) LR: 5.000e-02
2025-09-11 20:12:40,680 -                train: [    INFO] - Test: [   0/156]  Time: 0.099 (0.099)  Loss:  0.9831 (0.9831)  Acc@1: 68.7500 (68.7500)  Acc@5: 93.7500 (93.7500)
2025-09-11 20:12:43,662 -                train: [    INFO] - Test: [ 156/156]  Time: 0.009 (0.020)  Loss:  0.8754 (1.0550)  Acc@1: 81.2500 (71.0500)  Acc@5: 93.7500 (93.3300)
2025-09-11 20:12:44,271 - timm.utils.checkpoint_saver: [    INFO] - Current checkpoints:
 ('./output/train/20250911-181227-resnet18_vcaV2-224/checkpoint/checkpoint-79.pth.tar', 71.62)
 ('./output/train/20250911-181227-resnet18_vcaV2-224/checkpoint/checkpoint-84.pth.tar', 71.55)
 ('./output/train/20250911-181227-resnet18_vcaV2-224/checkpoint/checkpoint-91.pth.tar', 71.05)
 ('./output/train/20250911-181227-resnet18_vcaV2-224/checkpoint/checkpoint-58.pth.tar', 70.88)
 ('./output/train/20250911-181227-resnet18_vcaV2-224/checkpoint/checkpoint-88.pth.tar', 70.75)
 ('./output/train/20250911-181227-resnet18_vcaV2-224/checkpoint/checkpoint-70.pth.tar', 70.59)
 ('./output/train/20250911-181227-resnet18_vcaV2-224/checkpoint/checkpoint-55.pth.tar', 70.56)
 ('./output/train/20250911-181227-resnet18_vcaV2-224/checkpoint/checkpoint-80.pth.tar', 70.51)
 ('./output/train/20250911-181227-resnet18_vcaV2-224/checkpoint/checkpoint-65.pth.tar', 70.48)
 ('./output/train/20250911-181227-resnet18_vcaV2-224/checkpoint/checkpoint-77.pth.tar', 70.45)

2025-09-11 20:12:44,475 -                train: [    INFO] - Train: 92 [   0/781 (  0%)]  Loss: 30.79 (30.8)  Loss_cat: 1.095 (1.10)  Loss_feat: 27.77 (27.8)  Loss_gt: 1.920 (1.92) LR: 5.000e-02
2025-09-11 20:13:03,525 -                train: [    INFO] - Train: 92 [ 200/781 ( 26%)]  Loss: 31.92 (31.5)  Loss_cat: 1.174 (1.18)  Loss_feat: 28.73 (28.2)  Loss_gt: 2.014 (2.10) LR: 5.000e-02
2025-09-11 20:13:22,596 -                train: [    INFO] - Train: 92 [ 400/781 ( 51%)]  Loss: 31.36 (31.5)  Loss_cat: 1.195 (1.19)  Loss_feat: 28.37 (28.2)  Loss_gt: 1.796 (2.10) LR: 5.000e-02
2025-09-11 20:13:41,776 -                train: [    INFO] - Train: 92 [ 600/781 ( 77%)]  Loss: 31.60 (31.5)  Loss_cat: 1.146 (1.19)  Loss_feat: 28.18 (28.2)  Loss_gt: 2.278 (2.11) LR: 5.000e-02
2025-09-11 20:13:59,086 -                train: [    INFO] - Train: 92 [ 780/781 (100%)]  Loss: 31.70 (31.5)  Loss_cat: 1.235 (1.19)  Loss_feat: 28.36 (28.2)  Loss_gt: 2.105 (2.12) LR: 5.000e-02
2025-09-11 20:13:59,194 -                train: [    INFO] - Test: [   0/156]  Time: 0.102 (0.102)  Loss:  0.9810 (0.9810)  Acc@1: 76.5625 (76.5625)  Acc@5: 92.1875 (92.1875)
2025-09-11 20:14:02,150 -                train: [    INFO] - Test: [ 156/156]  Time: 0.009 (0.019)  Loss:  1.0654 (1.1019)  Acc@1: 75.0000 (71.1000)  Acc@5: 87.5000 (93.4500)
2025-09-11 20:14:02,671 - timm.utils.checkpoint_saver: [    INFO] - Current checkpoints:
 ('./output/train/20250911-181227-resnet18_vcaV2-224/checkpoint/checkpoint-79.pth.tar', 71.62)
 ('./output/train/20250911-181227-resnet18_vcaV2-224/checkpoint/checkpoint-84.pth.tar', 71.55)
 ('./output/train/20250911-181227-resnet18_vcaV2-224/checkpoint/checkpoint-92.pth.tar', 71.1)
 ('./output/train/20250911-181227-resnet18_vcaV2-224/checkpoint/checkpoint-91.pth.tar', 71.05)
 ('./output/train/20250911-181227-resnet18_vcaV2-224/checkpoint/checkpoint-58.pth.tar', 70.88)
 ('./output/train/20250911-181227-resnet18_vcaV2-224/checkpoint/checkpoint-88.pth.tar', 70.75)
 ('./output/train/20250911-181227-resnet18_vcaV2-224/checkpoint/checkpoint-70.pth.tar', 70.59)
 ('./output/train/20250911-181227-resnet18_vcaV2-224/checkpoint/checkpoint-55.pth.tar', 70.56)
 ('./output/train/20250911-181227-resnet18_vcaV2-224/checkpoint/checkpoint-80.pth.tar', 70.51)
 ('./output/train/20250911-181227-resnet18_vcaV2-224/checkpoint/checkpoint-65.pth.tar', 70.48)

2025-09-11 20:14:02,863 -                train: [    INFO] - Train: 93 [   0/781 (  0%)]  Loss: 31.64 (31.6)  Loss_cat: 1.216 (1.22)  Loss_feat: 28.30 (28.3)  Loss_gt: 2.119 (2.12) LR: 5.000e-02
2025-09-11 20:14:21,992 -                train: [    INFO] - Train: 93 [ 200/781 ( 26%)]  Loss: 30.91 (31.4)  Loss_cat: 1.090 (1.16)  Loss_feat: 27.68 (28.1)  Loss_gt: 2.140 (2.08) LR: 5.000e-02
2025-09-11 20:14:41,278 -                train: [    INFO] - Train: 93 [ 400/781 ( 51%)]  Loss: 31.65 (31.4)  Loss_cat: 1.175 (1.17)  Loss_feat: 28.28 (28.2)  Loss_gt: 2.196 (2.10) LR: 5.000e-02
2025-09-11 20:15:00,362 -                train: [    INFO] - Train: 93 [ 600/781 ( 77%)]  Loss: 32.15 (31.5)  Loss_cat: 1.290 (1.18)  Loss_feat: 29.06 (28.2)  Loss_gt: 1.801 (2.11) LR: 5.000e-02
2025-09-11 20:15:17,646 -                train: [    INFO] - Train: 93 [ 780/781 (100%)]  Loss: 31.62 (31.5)  Loss_cat: 1.180 (1.18)  Loss_feat: 28.19 (28.2)  Loss_gt: 2.243 (2.12) LR: 5.000e-02
2025-09-11 20:15:17,754 -                train: [    INFO] - Test: [   0/156]  Time: 0.101 (0.101)  Loss:  1.1174 (1.1174)  Acc@1: 68.7500 (68.7500)  Acc@5: 93.7500 (93.7500)
2025-09-11 20:15:20,874 -                train: [    INFO] - Test: [ 156/156]  Time: 0.009 (0.021)  Loss:  1.0190 (1.0568)  Acc@1: 75.0000 (71.3300)  Acc@5: 87.5000 (93.3100)
2025-09-11 20:15:21,411 - timm.utils.checkpoint_saver: [    INFO] - Current checkpoints:
 ('./output/train/20250911-181227-resnet18_vcaV2-224/checkpoint/checkpoint-79.pth.tar', 71.62)
 ('./output/train/20250911-181227-resnet18_vcaV2-224/checkpoint/checkpoint-84.pth.tar', 71.55)
 ('./output/train/20250911-181227-resnet18_vcaV2-224/checkpoint/checkpoint-93.pth.tar', 71.33)
 ('./output/train/20250911-181227-resnet18_vcaV2-224/checkpoint/checkpoint-92.pth.tar', 71.1)
 ('./output/train/20250911-181227-resnet18_vcaV2-224/checkpoint/checkpoint-91.pth.tar', 71.05)
 ('./output/train/20250911-181227-resnet18_vcaV2-224/checkpoint/checkpoint-58.pth.tar', 70.88)
 ('./output/train/20250911-181227-resnet18_vcaV2-224/checkpoint/checkpoint-88.pth.tar', 70.75)
 ('./output/train/20250911-181227-resnet18_vcaV2-224/checkpoint/checkpoint-70.pth.tar', 70.59)
 ('./output/train/20250911-181227-resnet18_vcaV2-224/checkpoint/checkpoint-55.pth.tar', 70.56)
 ('./output/train/20250911-181227-resnet18_vcaV2-224/checkpoint/checkpoint-80.pth.tar', 70.51)

2025-09-11 20:15:21,596 -                train: [    INFO] - Train: 94 [   0/781 (  0%)]  Loss: 31.88 (31.9)  Loss_cat: 1.196 (1.20)  Loss_feat: 28.42 (28.4)  Loss_gt: 2.265 (2.27) LR: 5.000e-02
2025-09-11 20:15:40,862 -                train: [    INFO] - Train: 94 [ 200/781 ( 26%)]  Loss: 32.19 (31.5)  Loss_cat: 1.325 (1.18)  Loss_feat: 28.69 (28.2)  Loss_gt: 2.177 (2.08) LR: 5.000e-02
2025-09-11 20:15:59,801 -                train: [    INFO] - Train: 94 [ 400/781 ( 51%)]  Loss: 32.10 (31.5)  Loss_cat: 1.246 (1.18)  Loss_feat: 28.74 (28.2)  Loss_gt: 2.119 (2.10) LR: 5.000e-02
2025-09-11 20:16:18,972 -                train: [    INFO] - Train: 94 [ 600/781 ( 77%)]  Loss: 30.44 (31.5)  Loss_cat: 1.064 (1.19)  Loss_feat: 27.25 (28.2)  Loss_gt: 2.123 (2.11) LR: 5.000e-02
2025-09-11 20:16:36,092 -                train: [    INFO] - Train: 94 [ 780/781 (100%)]  Loss: 31.65 (31.5)  Loss_cat: 1.208 (1.19)  Loss_feat: 28.22 (28.2)  Loss_gt: 2.228 (2.11) LR: 5.000e-02
2025-09-11 20:16:36,205 -                train: [    INFO] - Test: [   0/156]  Time: 0.107 (0.107)  Loss:  0.9255 (0.9255)  Acc@1: 68.7500 (68.7500)  Acc@5: 95.3125 (95.3125)
2025-09-11 20:16:39,404 -                train: [    INFO] - Test: [ 156/156]  Time: 0.009 (0.021)  Loss:  1.1864 (1.1090)  Acc@1: 75.0000 (70.5700)  Acc@5: 87.5000 (92.9300)
2025-09-11 20:16:39,867 - timm.utils.checkpoint_saver: [    INFO] - Current checkpoints:
 ('./output/train/20250911-181227-resnet18_vcaV2-224/checkpoint/checkpoint-79.pth.tar', 71.62)
 ('./output/train/20250911-181227-resnet18_vcaV2-224/checkpoint/checkpoint-84.pth.tar', 71.55)
 ('./output/train/20250911-181227-resnet18_vcaV2-224/checkpoint/checkpoint-93.pth.tar', 71.33)
 ('./output/train/20250911-181227-resnet18_vcaV2-224/checkpoint/checkpoint-92.pth.tar', 71.1)
 ('./output/train/20250911-181227-resnet18_vcaV2-224/checkpoint/checkpoint-91.pth.tar', 71.05)
 ('./output/train/20250911-181227-resnet18_vcaV2-224/checkpoint/checkpoint-58.pth.tar', 70.88)
 ('./output/train/20250911-181227-resnet18_vcaV2-224/checkpoint/checkpoint-88.pth.tar', 70.75)
 ('./output/train/20250911-181227-resnet18_vcaV2-224/checkpoint/checkpoint-70.pth.tar', 70.59)
 ('./output/train/20250911-181227-resnet18_vcaV2-224/checkpoint/checkpoint-94.pth.tar', 70.57)
 ('./output/train/20250911-181227-resnet18_vcaV2-224/checkpoint/checkpoint-55.pth.tar', 70.56)

2025-09-11 20:16:40,062 -                train: [    INFO] - Train: 95 [   0/781 (  0%)]  Loss: 32.51 (32.5)  Loss_cat: 1.357 (1.36)  Loss_feat: 29.06 (29.1)  Loss_gt: 2.093 (2.09) LR: 5.000e-02
2025-09-11 20:16:59,185 -                train: [    INFO] - Train: 95 [ 200/781 ( 26%)]  Loss: 30.81 (31.4)  Loss_cat: 1.110 (1.18)  Loss_feat: 27.70 (28.2)  Loss_gt: 1.998 (2.08) LR: 5.000e-02
2025-09-11 20:17:18,330 -                train: [    INFO] - Train: 95 [ 400/781 ( 51%)]  Loss: 31.33 (31.5)  Loss_cat: 1.159 (1.18)  Loss_feat: 28.15 (28.2)  Loss_gt: 2.014 (2.09) LR: 5.000e-02
2025-09-11 20:17:37,397 -                train: [    INFO] - Train: 95 [ 600/781 ( 77%)]  Loss: 32.34 (31.5)  Loss_cat: 1.288 (1.19)  Loss_feat: 28.95 (28.2)  Loss_gt: 2.096 (2.10) LR: 5.000e-02
2025-09-11 20:17:54,542 -                train: [    INFO] - Train: 95 [ 780/781 (100%)]  Loss: 31.48 (31.5)  Loss_cat: 1.156 (1.19)  Loss_feat: 28.16 (28.2)  Loss_gt: 2.169 (2.11) LR: 5.000e-02
2025-09-11 20:17:54,657 -                train: [    INFO] - Test: [   0/156]  Time: 0.108 (0.108)  Loss:  0.9070 (0.9070)  Acc@1: 76.5625 (76.5625)  Acc@5: 93.7500 (93.7500)
2025-09-11 20:17:57,575 -                train: [    INFO] - Test: [ 156/156]  Time: 0.009 (0.019)  Loss:  1.1595 (1.0384)  Acc@1: 68.7500 (71.3800)  Acc@5: 81.2500 (93.5600)
2025-09-11 20:17:57,963 - timm.utils.checkpoint_saver: [    INFO] - Current checkpoints:
 ('./output/train/20250911-181227-resnet18_vcaV2-224/checkpoint/checkpoint-79.pth.tar', 71.62)
 ('./output/train/20250911-181227-resnet18_vcaV2-224/checkpoint/checkpoint-84.pth.tar', 71.55)
 ('./output/train/20250911-181227-resnet18_vcaV2-224/checkpoint/checkpoint-95.pth.tar', 71.38)
 ('./output/train/20250911-181227-resnet18_vcaV2-224/checkpoint/checkpoint-93.pth.tar', 71.33)
 ('./output/train/20250911-181227-resnet18_vcaV2-224/checkpoint/checkpoint-92.pth.tar', 71.1)
 ('./output/train/20250911-181227-resnet18_vcaV2-224/checkpoint/checkpoint-91.pth.tar', 71.05)
 ('./output/train/20250911-181227-resnet18_vcaV2-224/checkpoint/checkpoint-58.pth.tar', 70.88)
 ('./output/train/20250911-181227-resnet18_vcaV2-224/checkpoint/checkpoint-88.pth.tar', 70.75)
 ('./output/train/20250911-181227-resnet18_vcaV2-224/checkpoint/checkpoint-70.pth.tar', 70.59)
 ('./output/train/20250911-181227-resnet18_vcaV2-224/checkpoint/checkpoint-94.pth.tar', 70.57)

2025-09-11 20:17:58,164 -                train: [    INFO] - Train: 96 [   0/781 (  0%)]  Loss: 31.44 (31.4)  Loss_cat: 1.192 (1.19)  Loss_feat: 28.31 (28.3)  Loss_gt: 1.941 (1.94) LR: 5.000e-02
2025-09-11 20:18:17,280 -                train: [    INFO] - Train: 96 [ 200/781 ( 26%)]  Loss: 33.04 (31.5)  Loss_cat: 1.353 (1.18)  Loss_feat: 29.37 (28.2)  Loss_gt: 2.320 (2.11) LR: 5.000e-02
2025-09-11 20:18:36,402 -                train: [    INFO] - Train: 96 [ 400/781 ( 51%)]  Loss: 31.84 (31.5)  Loss_cat: 1.274 (1.18)  Loss_feat: 28.58 (28.2)  Loss_gt: 1.985 (2.11) LR: 5.000e-02
2025-09-11 20:18:55,603 -                train: [    INFO] - Train: 96 [ 600/781 ( 77%)]  Loss: 31.66 (31.5)  Loss_cat: 1.140 (1.18)  Loss_feat: 28.25 (28.2)  Loss_gt: 2.273 (2.11) LR: 5.000e-02
2025-09-11 20:19:12,908 -                train: [    INFO] - Train: 96 [ 780/781 (100%)]  Loss: 32.60 (31.5)  Loss_cat: 1.229 (1.18)  Loss_feat: 28.70 (28.2)  Loss_gt: 2.674 (2.12) LR: 5.000e-02
2025-09-11 20:19:13,020 -                train: [    INFO] - Test: [   0/156]  Time: 0.105 (0.105)  Loss:  0.8718 (0.8718)  Acc@1: 76.5625 (76.5625)  Acc@5: 93.7500 (93.7500)
2025-09-11 20:19:15,917 -                train: [    INFO] - Test: [ 156/156]  Time: 0.008 (0.019)  Loss:  1.3511 (1.0262)  Acc@1: 68.7500 (71.8900)  Acc@5: 81.2500 (93.7700)
2025-09-11 20:19:16,366 - timm.utils.checkpoint_saver: [    INFO] - Current checkpoints:
 ('./output/train/20250911-181227-resnet18_vcaV2-224/checkpoint/checkpoint-96.pth.tar', 71.89)
 ('./output/train/20250911-181227-resnet18_vcaV2-224/checkpoint/checkpoint-79.pth.tar', 71.62)
 ('./output/train/20250911-181227-resnet18_vcaV2-224/checkpoint/checkpoint-84.pth.tar', 71.55)
 ('./output/train/20250911-181227-resnet18_vcaV2-224/checkpoint/checkpoint-95.pth.tar', 71.38)
 ('./output/train/20250911-181227-resnet18_vcaV2-224/checkpoint/checkpoint-93.pth.tar', 71.33)
 ('./output/train/20250911-181227-resnet18_vcaV2-224/checkpoint/checkpoint-92.pth.tar', 71.1)
 ('./output/train/20250911-181227-resnet18_vcaV2-224/checkpoint/checkpoint-91.pth.tar', 71.05)
 ('./output/train/20250911-181227-resnet18_vcaV2-224/checkpoint/checkpoint-58.pth.tar', 70.88)
 ('./output/train/20250911-181227-resnet18_vcaV2-224/checkpoint/checkpoint-88.pth.tar', 70.75)
 ('./output/train/20250911-181227-resnet18_vcaV2-224/checkpoint/checkpoint-70.pth.tar', 70.59)

2025-09-11 20:19:16,561 -                train: [    INFO] - Train: 97 [   0/781 (  0%)]  Loss: 31.59 (31.6)  Loss_cat: 1.129 (1.13)  Loss_feat: 28.32 (28.3)  Loss_gt: 2.144 (2.14) LR: 5.000e-02
2025-09-11 20:19:35,656 -                train: [    INFO] - Train: 97 [ 200/781 ( 26%)]  Loss: 30.86 (31.5)  Loss_cat: 1.156 (1.19)  Loss_feat: 27.78 (28.2)  Loss_gt: 1.924 (2.11) LR: 5.000e-02
2025-09-11 20:19:54,856 -                train: [    INFO] - Train: 97 [ 400/781 ( 51%)]  Loss: 30.92 (31.5)  Loss_cat: 1.110 (1.18)  Loss_feat: 27.55 (28.2)  Loss_gt: 2.262 (2.11) LR: 5.000e-02
2025-09-11 20:20:13,884 -                train: [    INFO] - Train: 97 [ 600/781 ( 77%)]  Loss: 32.82 (31.5)  Loss_cat: 1.322 (1.19)  Loss_feat: 29.43 (28.2)  Loss_gt: 2.072 (2.12) LR: 5.000e-02
2025-09-11 20:20:30,969 -                train: [    INFO] - Train: 97 [ 780/781 (100%)]  Loss: 31.28 (31.5)  Loss_cat: 1.076 (1.19)  Loss_feat: 27.81 (28.2)  Loss_gt: 2.393 (2.12) LR: 5.000e-02
2025-09-11 20:20:31,077 -                train: [    INFO] - Test: [   0/156]  Time: 0.102 (0.102)  Loss:  1.0472 (1.0472)  Acc@1: 71.8750 (71.8750)  Acc@5: 93.7500 (93.7500)
2025-09-11 20:20:34,176 -                train: [    INFO] - Test: [ 156/156]  Time: 0.009 (0.020)  Loss:  0.9816 (1.0843)  Acc@1: 75.0000 (70.6100)  Acc@5: 87.5000 (93.0600)
2025-09-11 20:20:34,634 - timm.utils.checkpoint_saver: [    INFO] - Current checkpoints:
 ('./output/train/20250911-181227-resnet18_vcaV2-224/checkpoint/checkpoint-96.pth.tar', 71.89)
 ('./output/train/20250911-181227-resnet18_vcaV2-224/checkpoint/checkpoint-79.pth.tar', 71.62)
 ('./output/train/20250911-181227-resnet18_vcaV2-224/checkpoint/checkpoint-84.pth.tar', 71.55)
 ('./output/train/20250911-181227-resnet18_vcaV2-224/checkpoint/checkpoint-95.pth.tar', 71.38)
 ('./output/train/20250911-181227-resnet18_vcaV2-224/checkpoint/checkpoint-93.pth.tar', 71.33)
 ('./output/train/20250911-181227-resnet18_vcaV2-224/checkpoint/checkpoint-92.pth.tar', 71.1)
 ('./output/train/20250911-181227-resnet18_vcaV2-224/checkpoint/checkpoint-91.pth.tar', 71.05)
 ('./output/train/20250911-181227-resnet18_vcaV2-224/checkpoint/checkpoint-58.pth.tar', 70.88)
 ('./output/train/20250911-181227-resnet18_vcaV2-224/checkpoint/checkpoint-88.pth.tar', 70.75)
 ('./output/train/20250911-181227-resnet18_vcaV2-224/checkpoint/checkpoint-97.pth.tar', 70.61)

2025-09-11 20:20:34,825 -                train: [    INFO] - Train: 98 [   0/781 (  0%)]  Loss: 30.68 (30.7)  Loss_cat: 1.064 (1.06)  Loss_feat: 27.52 (27.5)  Loss_gt: 2.098 (2.10) LR: 5.000e-02
2025-09-11 20:20:53,883 -                train: [    INFO] - Train: 98 [ 200/781 ( 26%)]  Loss: 31.44 (31.5)  Loss_cat: 1.212 (1.18)  Loss_feat: 28.03 (28.2)  Loss_gt: 2.192 (2.08) LR: 5.000e-02
2025-09-11 20:21:12,981 -                train: [    INFO] - Train: 98 [ 400/781 ( 51%)]  Loss: 33.28 (31.5)  Loss_cat: 1.437 (1.18)  Loss_feat: 29.42 (28.2)  Loss_gt: 2.424 (2.09) LR: 5.000e-02
2025-09-11 20:21:32,011 -                train: [    INFO] - Train: 98 [ 600/781 ( 77%)]  Loss: 31.71 (31.5)  Loss_cat: 1.120 (1.19)  Loss_feat: 28.42 (28.2)  Loss_gt: 2.175 (2.10) LR: 5.000e-02
2025-09-11 20:21:49,396 -                train: [    INFO] - Train: 98 [ 780/781 (100%)]  Loss: 31.57 (31.5)  Loss_cat: 1.221 (1.18)  Loss_feat: 27.98 (28.2)  Loss_gt: 2.372 (2.11) LR: 5.000e-02
2025-09-11 20:21:49,506 -                train: [    INFO] - Test: [   0/156]  Time: 0.104 (0.104)  Loss:  1.1406 (1.1406)  Acc@1: 70.3125 (70.3125)  Acc@5: 89.0625 (89.0625)
2025-09-11 20:21:52,439 -                train: [    INFO] - Test: [ 156/156]  Time: 0.008 (0.019)  Loss:  0.9218 (1.0888)  Acc@1: 81.2500 (70.1700)  Acc@5: 87.5000 (93.0300)
2025-09-11 20:21:53,039 -                train: [    INFO] - Train: 99 [   0/781 (  0%)]  Loss: 30.97 (31.0)  Loss_cat: 1.123 (1.12)  Loss_feat: 27.78 (27.8)  Loss_gt: 2.059 (2.06) LR: 5.000e-02
2025-09-11 20:22:12,018 -                train: [    INFO] - Train: 99 [ 200/781 ( 26%)]  Loss: 30.79 (31.5)  Loss_cat: 1.073 (1.18)  Loss_feat: 28.00 (28.2)  Loss_gt: 1.712 (2.10) LR: 5.000e-02
2025-09-11 20:22:31,062 -                train: [    INFO] - Train: 99 [ 400/781 ( 51%)]  Loss: 31.30 (31.5)  Loss_cat: 1.182 (1.19)  Loss_feat: 28.18 (28.2)  Loss_gt: 1.935 (2.11) LR: 5.000e-02
2025-09-11 20:22:50,166 -                train: [    INFO] - Train: 99 [ 600/781 ( 77%)]  Loss: 32.87 (31.5)  Loss_cat: 1.363 (1.18)  Loss_feat: 29.23 (28.2)  Loss_gt: 2.274 (2.11) LR: 5.000e-02
2025-09-11 20:23:07,256 -                train: [    INFO] - Train: 99 [ 780/781 (100%)]  Loss: 31.31 (31.5)  Loss_cat: 1.160 (1.19)  Loss_feat: 28.22 (28.2)  Loss_gt: 1.929 (2.11) LR: 5.000e-02
2025-09-11 20:23:07,374 -                train: [    INFO] - Test: [   0/156]  Time: 0.112 (0.112)  Loss:  0.7841 (0.7841)  Acc@1: 75.0000 (75.0000)  Acc@5: 95.3125 (95.3125)
2025-09-11 20:23:11,120 -                train: [    INFO] - Test: [ 156/156]  Time: 0.008 (0.025)  Loss:  1.0900 (1.0914)  Acc@1: 68.7500 (70.3000)  Acc@5: 87.5000 (92.5100)
2025-09-11 20:23:11,904 -                train: [    INFO] - Train: 100 [   0/781 (  0%)]  Loss: 31.05 (31.1)  Loss_cat: 1.139 (1.14)  Loss_feat: 27.81 (27.8)  Loss_gt: 2.102 (2.10) LR: 5.000e-02
2025-09-11 20:23:30,969 -                train: [    INFO] - Train: 100 [ 200/781 ( 26%)]  Loss: 31.32 (31.5)  Loss_cat: 1.137 (1.18)  Loss_feat: 28.13 (28.2)  Loss_gt: 2.046 (2.09) LR: 5.000e-02
2025-09-11 20:23:49,989 -                train: [    INFO] - Train: 100 [ 400/781 ( 51%)]  Loss: 31.25 (31.5)  Loss_cat: 1.128 (1.18)  Loss_feat: 28.04 (28.2)  Loss_gt: 2.083 (2.10) LR: 5.000e-02
2025-09-11 20:24:09,223 -                train: [    INFO] - Train: 100 [ 600/781 ( 77%)]  Loss: 31.84 (31.5)  Loss_cat: 1.179 (1.18)  Loss_feat: 28.24 (28.2)  Loss_gt: 2.421 (2.10) LR: 5.000e-02
2025-09-11 20:24:26,509 -                train: [    INFO] - Train: 100 [ 780/781 (100%)]  Loss: 31.35 (31.5)  Loss_cat: 1.170 (1.19)  Loss_feat: 28.27 (28.2)  Loss_gt: 1.910 (2.11) LR: 5.000e-02
2025-09-11 20:24:26,618 -                train: [    INFO] - Test: [   0/156]  Time: 0.102 (0.102)  Loss:  0.8762 (0.8762)  Acc@1: 78.1250 (78.1250)  Acc@5: 95.3125 (95.3125)
2025-09-11 20:24:29,784 -                train: [    INFO] - Test: [ 156/156]  Time: 0.014 (0.021)  Loss:  0.9115 (1.0258)  Acc@1: 81.2500 (72.1000)  Acc@5: 87.5000 (93.9100)
2025-09-11 20:24:30,419 - timm.utils.checkpoint_saver: [    INFO] - Current checkpoints:
 ('./output/train/20250911-181227-resnet18_vcaV2-224/checkpoint/checkpoint-100.pth.tar', 72.1)
 ('./output/train/20250911-181227-resnet18_vcaV2-224/checkpoint/checkpoint-96.pth.tar', 71.89)
 ('./output/train/20250911-181227-resnet18_vcaV2-224/checkpoint/checkpoint-79.pth.tar', 71.62)
 ('./output/train/20250911-181227-resnet18_vcaV2-224/checkpoint/checkpoint-84.pth.tar', 71.55)
 ('./output/train/20250911-181227-resnet18_vcaV2-224/checkpoint/checkpoint-95.pth.tar', 71.38)
 ('./output/train/20250911-181227-resnet18_vcaV2-224/checkpoint/checkpoint-93.pth.tar', 71.33)
 ('./output/train/20250911-181227-resnet18_vcaV2-224/checkpoint/checkpoint-92.pth.tar', 71.1)
 ('./output/train/20250911-181227-resnet18_vcaV2-224/checkpoint/checkpoint-91.pth.tar', 71.05)
 ('./output/train/20250911-181227-resnet18_vcaV2-224/checkpoint/checkpoint-58.pth.tar', 70.88)
 ('./output/train/20250911-181227-resnet18_vcaV2-224/checkpoint/checkpoint-88.pth.tar', 70.75)

2025-09-11 20:24:30,639 -                train: [    INFO] - Train: 101 [   0/781 (  0%)]  Loss: 31.44 (31.4)  Loss_cat: 1.233 (1.23)  Loss_feat: 28.20 (28.2)  Loss_gt: 2.002 (2.00) LR: 5.000e-02
2025-09-11 20:24:49,867 -                train: [    INFO] - Train: 101 [ 200/781 ( 26%)]  Loss: 31.03 (31.5)  Loss_cat: 1.161 (1.19)  Loss_feat: 27.68 (28.2)  Loss_gt: 2.191 (2.11) LR: 5.000e-02
2025-09-11 20:25:09,053 -                train: [    INFO] - Train: 101 [ 400/781 ( 51%)]  Loss: 31.66 (31.5)  Loss_cat: 1.247 (1.18)  Loss_feat: 28.25 (28.2)  Loss_gt: 2.166 (2.10) LR: 5.000e-02
2025-09-11 20:25:28,122 -                train: [    INFO] - Train: 101 [ 600/781 ( 77%)]  Loss: 30.90 (31.5)  Loss_cat: 1.150 (1.18)  Loss_feat: 27.50 (28.2)  Loss_gt: 2.243 (2.11) LR: 5.000e-02
2025-09-11 20:25:45,301 -                train: [    INFO] - Train: 101 [ 780/781 (100%)]  Loss: 30.56 (31.5)  Loss_cat: 1.110 (1.18)  Loss_feat: 27.33 (28.2)  Loss_gt: 2.115 (2.11) LR: 5.000e-02
2025-09-11 20:25:45,406 -                train: [    INFO] - Test: [   0/156]  Time: 0.099 (0.099)  Loss:  1.0002 (1.0002)  Acc@1: 76.5625 (76.5625)  Acc@5: 92.1875 (92.1875)
2025-09-11 20:25:48,310 -                train: [    INFO] - Test: [ 156/156]  Time: 0.008 (0.019)  Loss:  0.8923 (1.0493)  Acc@1: 75.0000 (71.9100)  Acc@5: 87.5000 (93.6100)
2025-09-11 20:25:49,184 - timm.utils.checkpoint_saver: [    INFO] - Current checkpoints:
 ('./output/train/20250911-181227-resnet18_vcaV2-224/checkpoint/checkpoint-100.pth.tar', 72.1)
 ('./output/train/20250911-181227-resnet18_vcaV2-224/checkpoint/checkpoint-101.pth.tar', 71.91)
 ('./output/train/20250911-181227-resnet18_vcaV2-224/checkpoint/checkpoint-96.pth.tar', 71.89)
 ('./output/train/20250911-181227-resnet18_vcaV2-224/checkpoint/checkpoint-79.pth.tar', 71.62)
 ('./output/train/20250911-181227-resnet18_vcaV2-224/checkpoint/checkpoint-84.pth.tar', 71.55)
 ('./output/train/20250911-181227-resnet18_vcaV2-224/checkpoint/checkpoint-95.pth.tar', 71.38)
 ('./output/train/20250911-181227-resnet18_vcaV2-224/checkpoint/checkpoint-93.pth.tar', 71.33)
 ('./output/train/20250911-181227-resnet18_vcaV2-224/checkpoint/checkpoint-92.pth.tar', 71.1)
 ('./output/train/20250911-181227-resnet18_vcaV2-224/checkpoint/checkpoint-91.pth.tar', 71.05)
 ('./output/train/20250911-181227-resnet18_vcaV2-224/checkpoint/checkpoint-58.pth.tar', 70.88)

2025-09-11 20:25:49,389 -                train: [    INFO] - Train: 102 [   0/781 (  0%)]  Loss: 30.41 (30.4)  Loss_cat: 1.057 (1.06)  Loss_feat: 27.44 (27.4)  Loss_gt: 1.916 (1.92) LR: 5.000e-02
2025-09-11 20:26:08,390 -                train: [    INFO] - Train: 102 [ 200/781 ( 26%)]  Loss: 30.93 (31.5)  Loss_cat: 1.150 (1.17)  Loss_feat: 27.68 (28.2)  Loss_gt: 2.091 (2.10) LR: 5.000e-02
2025-09-11 20:26:27,549 -                train: [    INFO] - Train: 102 [ 400/781 ( 51%)]  Loss: 31.75 (31.5)  Loss_cat: 1.171 (1.18)  Loss_feat: 28.23 (28.2)  Loss_gt: 2.346 (2.11) LR: 5.000e-02
2025-09-11 20:26:46,726 -                train: [    INFO] - Train: 102 [ 600/781 ( 77%)]  Loss: 31.26 (31.5)  Loss_cat: 1.160 (1.18)  Loss_feat: 27.98 (28.2)  Loss_gt: 2.121 (2.11) LR: 5.000e-02
2025-09-11 20:27:04,015 -                train: [    INFO] - Train: 102 [ 780/781 (100%)]  Loss: 31.03 (31.5)  Loss_cat: 1.116 (1.18)  Loss_feat: 27.95 (28.2)  Loss_gt: 1.967 (2.12) LR: 5.000e-02
2025-09-11 20:27:04,122 -                train: [    INFO] - Test: [   0/156]  Time: 0.100 (0.100)  Loss:  0.7417 (0.7417)  Acc@1: 78.1250 (78.1250)  Acc@5: 95.3125 (95.3125)
2025-09-11 20:27:07,284 -                train: [    INFO] - Test: [ 156/156]  Time: 0.008 (0.021)  Loss:  1.2331 (1.0292)  Acc@1: 75.0000 (71.8300)  Acc@5: 87.5000 (93.5000)
2025-09-11 20:27:07,733 - timm.utils.checkpoint_saver: [    INFO] - Current checkpoints:
 ('./output/train/20250911-181227-resnet18_vcaV2-224/checkpoint/checkpoint-100.pth.tar', 72.1)
 ('./output/train/20250911-181227-resnet18_vcaV2-224/checkpoint/checkpoint-101.pth.tar', 71.91)
 ('./output/train/20250911-181227-resnet18_vcaV2-224/checkpoint/checkpoint-96.pth.tar', 71.89)
 ('./output/train/20250911-181227-resnet18_vcaV2-224/checkpoint/checkpoint-102.pth.tar', 71.83)
 ('./output/train/20250911-181227-resnet18_vcaV2-224/checkpoint/checkpoint-79.pth.tar', 71.62)
 ('./output/train/20250911-181227-resnet18_vcaV2-224/checkpoint/checkpoint-84.pth.tar', 71.55)
 ('./output/train/20250911-181227-resnet18_vcaV2-224/checkpoint/checkpoint-95.pth.tar', 71.38)
 ('./output/train/20250911-181227-resnet18_vcaV2-224/checkpoint/checkpoint-93.pth.tar', 71.33)
 ('./output/train/20250911-181227-resnet18_vcaV2-224/checkpoint/checkpoint-92.pth.tar', 71.1)
 ('./output/train/20250911-181227-resnet18_vcaV2-224/checkpoint/checkpoint-91.pth.tar', 71.05)

2025-09-11 20:27:07,953 -                train: [    INFO] - Train: 103 [   0/781 (  0%)]  Loss: 30.70 (30.7)  Loss_cat: 1.099 (1.10)  Loss_feat: 27.71 (27.7)  Loss_gt: 1.896 (1.90) LR: 5.000e-02
2025-09-11 20:27:27,013 -                train: [    INFO] - Train: 103 [ 200/781 ( 26%)]  Loss: 31.11 (31.4)  Loss_cat: 1.127 (1.17)  Loss_feat: 27.78 (28.2)  Loss_gt: 2.205 (2.09) LR: 5.000e-02
2025-09-11 20:27:46,299 -                train: [    INFO] - Train: 103 [ 400/781 ( 51%)]  Loss: 30.94 (31.5)  Loss_cat: 1.090 (1.18)  Loss_feat: 27.63 (28.2)  Loss_gt: 2.220 (2.10) LR: 5.000e-02
2025-09-11 20:28:05,294 -                train: [    INFO] - Train: 103 [ 600/781 ( 77%)]  Loss: 31.20 (31.5)  Loss_cat: 1.070 (1.18)  Loss_feat: 27.73 (28.2)  Loss_gt: 2.405 (2.11) LR: 5.000e-02
2025-09-11 20:28:22,460 -                train: [    INFO] - Train: 103 [ 780/781 (100%)]  Loss: 32.33 (31.5)  Loss_cat: 1.217 (1.18)  Loss_feat: 28.90 (28.2)  Loss_gt: 2.207 (2.11) LR: 5.000e-02
2025-09-11 20:28:22,570 -                train: [    INFO] - Test: [   0/156]  Time: 0.103 (0.103)  Loss:  0.9903 (0.9903)  Acc@1: 68.7500 (68.7500)  Acc@5: 90.6250 (90.6250)
2025-09-11 20:28:25,543 -                train: [    INFO] - Test: [ 156/156]  Time: 0.009 (0.020)  Loss:  1.2385 (1.0652)  Acc@1: 75.0000 (70.9400)  Acc@5: 87.5000 (93.2100)
2025-09-11 20:28:26,674 -                train: [    INFO] - Train: 104 [   0/781 (  0%)]  Loss: 32.47 (32.5)  Loss_cat: 1.239 (1.24)  Loss_feat: 28.92 (28.9)  Loss_gt: 2.310 (2.31) LR: 5.000e-02
2025-09-11 20:28:45,710 -                train: [    INFO] - Train: 104 [ 200/781 ( 26%)]  Loss: 30.59 (31.5)  Loss_cat: 1.044 (1.18)  Loss_feat: 27.46 (28.2)  Loss_gt: 2.087 (2.09) LR: 5.000e-02
2025-09-11 20:29:04,694 -                train: [    INFO] - Train: 104 [ 400/781 ( 51%)]  Loss: 32.35 (31.4)  Loss_cat: 1.229 (1.18)  Loss_feat: 28.86 (28.2)  Loss_gt: 2.259 (2.11) LR: 5.000e-02
2025-09-11 20:29:23,656 -                train: [    INFO] - Train: 104 [ 600/781 ( 77%)]  Loss: 32.20 (31.5)  Loss_cat: 1.278 (1.18)  Loss_feat: 28.89 (28.2)  Loss_gt: 2.036 (2.11) LR: 5.000e-02
2025-09-11 20:29:40,893 -                train: [    INFO] - Train: 104 [ 780/781 (100%)]  Loss: 31.43 (31.5)  Loss_cat: 1.153 (1.18)  Loss_feat: 28.13 (28.2)  Loss_gt: 2.150 (2.11) LR: 5.000e-02
2025-09-11 20:29:41,002 -                train: [    INFO] - Test: [   0/156]  Time: 0.103 (0.103)  Loss:  1.1747 (1.1747)  Acc@1: 73.4375 (73.4375)  Acc@5: 90.6250 (90.6250)
2025-09-11 20:29:43,854 -                train: [    INFO] - Test: [ 156/156]  Time: 0.008 (0.019)  Loss:  0.6696 (1.0825)  Acc@1: 81.2500 (70.5400)  Acc@5: 93.7500 (93.1400)
2025-09-11 20:29:44,735 -                train: [    INFO] - Train: 105 [   0/781 (  0%)]  Loss: 32.60 (32.6)  Loss_cat: 1.338 (1.34)  Loss_feat: 29.19 (29.2)  Loss_gt: 2.076 (2.08) LR: 5.000e-02
2025-09-11 20:30:03,785 -                train: [    INFO] - Train: 105 [ 200/781 ( 26%)]  Loss: 31.75 (31.4)  Loss_cat: 1.172 (1.18)  Loss_feat: 28.21 (28.2)  Loss_gt: 2.368 (2.07) LR: 5.000e-02
2025-09-11 20:30:22,786 -                train: [    INFO] - Train: 105 [ 400/781 ( 51%)]  Loss: 31.70 (31.5)  Loss_cat: 1.145 (1.18)  Loss_feat: 28.40 (28.2)  Loss_gt: 2.157 (2.09) LR: 5.000e-02
2025-09-11 20:30:41,924 -                train: [    INFO] - Train: 105 [ 600/781 ( 77%)]  Loss: 31.84 (31.5)  Loss_cat: 1.192 (1.19)  Loss_feat: 28.59 (28.2)  Loss_gt: 2.062 (2.10) LR: 5.000e-02
2025-09-11 20:30:59,005 -                train: [    INFO] - Train: 105 [ 780/781 (100%)]  Loss: 30.40 (31.5)  Loss_cat: 1.057 (1.19)  Loss_feat: 27.55 (28.2)  Loss_gt: 1.797 (2.10) LR: 5.000e-02
2025-09-11 20:30:59,114 -                train: [    INFO] - Test: [   0/156]  Time: 0.103 (0.103)  Loss:  1.0816 (1.0816)  Acc@1: 68.7500 (68.7500)  Acc@5: 92.1875 (92.1875)
2025-09-11 20:31:01,989 -                train: [    INFO] - Test: [ 156/156]  Time: 0.009 (0.019)  Loss:  0.7329 (1.0552)  Acc@1: 81.2500 (71.6400)  Acc@5: 87.5000 (93.6600)
2025-09-11 20:31:02,524 - timm.utils.checkpoint_saver: [    INFO] - Current checkpoints:
 ('./output/train/20250911-181227-resnet18_vcaV2-224/checkpoint/checkpoint-100.pth.tar', 72.1)
 ('./output/train/20250911-181227-resnet18_vcaV2-224/checkpoint/checkpoint-101.pth.tar', 71.91)
 ('./output/train/20250911-181227-resnet18_vcaV2-224/checkpoint/checkpoint-96.pth.tar', 71.89)
 ('./output/train/20250911-181227-resnet18_vcaV2-224/checkpoint/checkpoint-102.pth.tar', 71.83)
 ('./output/train/20250911-181227-resnet18_vcaV2-224/checkpoint/checkpoint-105.pth.tar', 71.64)
 ('./output/train/20250911-181227-resnet18_vcaV2-224/checkpoint/checkpoint-79.pth.tar', 71.62)
 ('./output/train/20250911-181227-resnet18_vcaV2-224/checkpoint/checkpoint-84.pth.tar', 71.55)
 ('./output/train/20250911-181227-resnet18_vcaV2-224/checkpoint/checkpoint-95.pth.tar', 71.38)
 ('./output/train/20250911-181227-resnet18_vcaV2-224/checkpoint/checkpoint-93.pth.tar', 71.33)
 ('./output/train/20250911-181227-resnet18_vcaV2-224/checkpoint/checkpoint-92.pth.tar', 71.1)

2025-09-11 20:31:02,756 -                train: [    INFO] - Train: 106 [   0/781 (  0%)]  Loss: 30.76 (30.8)  Loss_cat: 1.154 (1.15)  Loss_feat: 27.57 (27.6)  Loss_gt: 2.030 (2.03) LR: 5.000e-02
2025-09-11 20:31:21,946 -                train: [    INFO] - Train: 106 [ 200/781 ( 26%)]  Loss: 31.28 (31.4)  Loss_cat: 1.137 (1.17)  Loss_feat: 27.73 (28.2)  Loss_gt: 2.414 (2.08) LR: 5.000e-02
2025-09-11 20:31:41,151 -                train: [    INFO] - Train: 106 [ 400/781 ( 51%)]  Loss: 32.01 (31.5)  Loss_cat: 1.261 (1.18)  Loss_feat: 28.60 (28.2)  Loss_gt: 2.147 (2.11) LR: 5.000e-02
2025-09-11 20:32:00,255 -                train: [    INFO] - Train: 106 [ 600/781 ( 77%)]  Loss: 31.95 (31.5)  Loss_cat: 1.243 (1.18)  Loss_feat: 28.85 (28.2)  Loss_gt: 1.854 (2.11) LR: 5.000e-02
2025-09-11 20:32:17,330 -                train: [    INFO] - Train: 106 [ 780/781 (100%)]  Loss: 32.02 (31.5)  Loss_cat: 1.163 (1.18)  Loss_feat: 29.03 (28.2)  Loss_gt: 1.823 (2.11) LR: 5.000e-02
2025-09-11 20:32:17,435 -                train: [    INFO] - Test: [   0/156]  Time: 0.100 (0.100)  Loss:  0.9096 (0.9096)  Acc@1: 76.5625 (76.5625)  Acc@5: 96.8750 (96.8750)
2025-09-11 20:32:20,302 -                train: [    INFO] - Test: [ 156/156]  Time: 0.009 (0.019)  Loss:  1.0617 (1.1460)  Acc@1: 68.7500 (68.4600)  Acc@5: 87.5000 (92.9100)
2025-09-11 20:32:21,124 -                train: [    INFO] - Train: 107 [   0/781 (  0%)]  Loss: 31.38 (31.4)  Loss_cat: 1.131 (1.13)  Loss_feat: 28.31 (28.3)  Loss_gt: 1.945 (1.94) LR: 5.000e-02
2025-09-11 20:32:40,244 -                train: [    INFO] - Train: 107 [ 200/781 ( 26%)]  Loss: 32.21 (31.5)  Loss_cat: 1.293 (1.18)  Loss_feat: 28.60 (28.2)  Loss_gt: 2.314 (2.09) LR: 5.000e-02
2025-09-11 20:32:59,369 -                train: [    INFO] - Train: 107 [ 400/781 ( 51%)]  Loss: 31.82 (31.5)  Loss_cat: 1.225 (1.18)  Loss_feat: 28.46 (28.2)  Loss_gt: 2.130 (2.09) LR: 5.000e-02
2025-09-11 20:33:18,390 -                train: [    INFO] - Train: 107 [ 600/781 ( 77%)]  Loss: 31.93 (31.5)  Loss_cat: 1.224 (1.18)  Loss_feat: 28.66 (28.2)  Loss_gt: 2.044 (2.10) LR: 5.000e-02
2025-09-11 20:33:35,686 -                train: [    INFO] - Train: 107 [ 780/781 (100%)]  Loss: 30.79 (31.5)  Loss_cat: 1.143 (1.18)  Loss_feat: 27.95 (28.2)  Loss_gt: 1.696 (2.11) LR: 5.000e-02
2025-09-11 20:33:35,793 -                train: [    INFO] - Test: [   0/156]  Time: 0.101 (0.101)  Loss:  0.9710 (0.9710)  Acc@1: 75.0000 (75.0000)  Acc@5: 93.7500 (93.7500)
2025-09-11 20:33:39,094 -                train: [    INFO] - Test: [ 156/156]  Time: 0.010 (0.022)  Loss:  0.9190 (1.0712)  Acc@1: 75.0000 (70.4100)  Acc@5: 87.5000 (93.1800)
2025-09-11 20:33:39,973 -                train: [    INFO] - Train: 108 [   0/781 (  0%)]  Loss: 31.02 (31.0)  Loss_cat: 1.135 (1.13)  Loss_feat: 27.97 (28.0)  Loss_gt: 1.916 (1.92) LR: 5.000e-02
2025-09-11 20:33:59,033 -                train: [    INFO] - Train: 108 [ 200/781 ( 26%)]  Loss: 31.73 (31.4)  Loss_cat: 1.228 (1.18)  Loss_feat: 28.10 (28.2)  Loss_gt: 2.396 (2.07) LR: 5.000e-02
2025-09-11 20:34:18,372 -                train: [    INFO] - Train: 108 [ 400/781 ( 51%)]  Loss: 32.51 (31.4)  Loss_cat: 1.279 (1.18)  Loss_feat: 28.93 (28.2)  Loss_gt: 2.296 (2.09) LR: 5.000e-02
2025-09-11 20:34:37,528 -                train: [    INFO] - Train: 108 [ 600/781 ( 77%)]  Loss: 32.26 (31.5)  Loss_cat: 1.285 (1.18)  Loss_feat: 28.63 (28.2)  Loss_gt: 2.344 (2.11) LR: 5.000e-02
2025-09-11 20:34:54,645 -                train: [    INFO] - Train: 108 [ 780/781 (100%)]  Loss: 32.24 (31.5)  Loss_cat: 1.234 (1.19)  Loss_feat: 28.78 (28.2)  Loss_gt: 2.226 (2.11) LR: 5.000e-02
2025-09-11 20:34:54,754 -                train: [    INFO] - Test: [   0/156]  Time: 0.102 (0.102)  Loss:  0.7851 (0.7851)  Acc@1: 76.5625 (76.5625)  Acc@5: 96.8750 (96.8750)
2025-09-11 20:34:57,831 -                train: [    INFO] - Test: [ 156/156]  Time: 0.009 (0.020)  Loss:  0.8358 (1.0656)  Acc@1: 81.2500 (71.5800)  Acc@5: 93.7500 (93.0200)
2025-09-11 20:34:58,282 - timm.utils.checkpoint_saver: [    INFO] - Current checkpoints:
 ('./output/train/20250911-181227-resnet18_vcaV2-224/checkpoint/checkpoint-100.pth.tar', 72.1)
 ('./output/train/20250911-181227-resnet18_vcaV2-224/checkpoint/checkpoint-101.pth.tar', 71.91)
 ('./output/train/20250911-181227-resnet18_vcaV2-224/checkpoint/checkpoint-96.pth.tar', 71.89)
 ('./output/train/20250911-181227-resnet18_vcaV2-224/checkpoint/checkpoint-102.pth.tar', 71.83)
 ('./output/train/20250911-181227-resnet18_vcaV2-224/checkpoint/checkpoint-105.pth.tar', 71.64)
 ('./output/train/20250911-181227-resnet18_vcaV2-224/checkpoint/checkpoint-79.pth.tar', 71.62)
 ('./output/train/20250911-181227-resnet18_vcaV2-224/checkpoint/checkpoint-108.pth.tar', 71.58)
 ('./output/train/20250911-181227-resnet18_vcaV2-224/checkpoint/checkpoint-84.pth.tar', 71.55)
 ('./output/train/20250911-181227-resnet18_vcaV2-224/checkpoint/checkpoint-95.pth.tar', 71.38)
 ('./output/train/20250911-181227-resnet18_vcaV2-224/checkpoint/checkpoint-93.pth.tar', 71.33)

2025-09-11 20:34:58,479 -                train: [    INFO] - Train: 109 [   0/781 (  0%)]  Loss: 31.61 (31.6)  Loss_cat: 1.270 (1.27)  Loss_feat: 28.48 (28.5)  Loss_gt: 1.862 (1.86) LR: 5.000e-02
2025-09-11 20:35:17,613 -                train: [    INFO] - Train: 109 [ 200/781 ( 26%)]  Loss: 31.79 (31.4)  Loss_cat: 1.198 (1.18)  Loss_feat: 28.32 (28.2)  Loss_gt: 2.268 (2.09) LR: 5.000e-02
2025-09-11 20:35:36,714 -                train: [    INFO] - Train: 109 [ 400/781 ( 51%)]  Loss: 31.57 (31.5)  Loss_cat: 1.219 (1.18)  Loss_feat: 28.38 (28.2)  Loss_gt: 1.968 (2.10) LR: 5.000e-02
2025-09-11 20:35:55,780 -                train: [    INFO] - Train: 109 [ 600/781 ( 77%)]  Loss: 31.84 (31.5)  Loss_cat: 1.230 (1.18)  Loss_feat: 28.69 (28.2)  Loss_gt: 1.915 (2.11) LR: 5.000e-02
2025-09-11 20:36:12,970 -                train: [    INFO] - Train: 109 [ 780/781 (100%)]  Loss: 31.33 (31.5)  Loss_cat: 1.179 (1.18)  Loss_feat: 28.16 (28.2)  Loss_gt: 1.997 (2.11) LR: 5.000e-02
2025-09-11 20:36:13,078 -                train: [    INFO] - Test: [   0/156]  Time: 0.101 (0.101)  Loss:  0.8957 (0.8957)  Acc@1: 68.7500 (68.7500)  Acc@5: 96.8750 (96.8750)
2025-09-11 20:36:16,075 -                train: [    INFO] - Test: [ 156/156]  Time: 0.008 (0.020)  Loss:  0.8558 (1.0433)  Acc@1: 81.2500 (71.0100)  Acc@5: 87.5000 (93.5700)
2025-09-11 20:36:16,616 -                train: [    INFO] - Train: 110 [   0/781 (  0%)]  Loss: 31.31 (31.3)  Loss_cat: 1.192 (1.19)  Loss_feat: 28.04 (28.0)  Loss_gt: 2.078 (2.08) LR: 5.000e-02
2025-09-11 20:36:35,804 -                train: [    INFO] - Train: 110 [ 200/781 ( 26%)]  Loss: 31.14 (31.4)  Loss_cat: 1.133 (1.18)  Loss_feat: 28.15 (28.1)  Loss_gt: 1.862 (2.08) LR: 5.000e-02
2025-09-11 20:36:54,895 -                train: [    INFO] - Train: 110 [ 400/781 ( 51%)]  Loss: 31.32 (31.4)  Loss_cat: 1.127 (1.18)  Loss_feat: 28.08 (28.2)  Loss_gt: 2.110 (2.08) LR: 5.000e-02
2025-09-11 20:37:13,966 -                train: [    INFO] - Train: 110 [ 600/781 ( 77%)]  Loss: 31.10 (31.4)  Loss_cat: 1.167 (1.18)  Loss_feat: 27.85 (28.2)  Loss_gt: 2.086 (2.10) LR: 5.000e-02
2025-09-11 20:37:31,220 -                train: [    INFO] - Train: 110 [ 780/781 (100%)]  Loss: 31.49 (31.5)  Loss_cat: 1.164 (1.18)  Loss_feat: 28.14 (28.2)  Loss_gt: 2.177 (2.10) LR: 5.000e-02
2025-09-11 20:37:31,328 -                train: [    INFO] - Test: [   0/156]  Time: 0.103 (0.103)  Loss:  1.0356 (1.0356)  Acc@1: 71.8750 (71.8750)  Acc@5: 90.6250 (90.6250)
2025-09-11 20:37:34,380 -                train: [    INFO] - Test: [ 156/156]  Time: 0.009 (0.020)  Loss:  0.9968 (1.0878)  Acc@1: 81.2500 (70.4700)  Acc@5: 87.5000 (93.1600)
2025-09-11 20:37:35,097 -                train: [    INFO] - Train: 111 [   0/781 (  0%)]  Loss: 32.23 (32.2)  Loss_cat: 1.299 (1.30)  Loss_feat: 28.89 (28.9)  Loss_gt: 2.033 (2.03) LR: 5.000e-02
2025-09-11 20:37:54,269 -                train: [    INFO] - Train: 111 [ 200/781 ( 26%)]  Loss: 31.81 (31.4)  Loss_cat: 1.248 (1.17)  Loss_feat: 28.54 (28.1)  Loss_gt: 2.017 (2.08) LR: 5.000e-02
2025-09-11 20:38:13,449 -                train: [    INFO] - Train: 111 [ 400/781 ( 51%)]  Loss: 31.57 (31.5)  Loss_cat: 1.122 (1.18)  Loss_feat: 28.41 (28.2)  Loss_gt: 2.040 (2.10) LR: 5.000e-02
2025-09-11 20:38:32,484 -                train: [    INFO] - Train: 111 [ 600/781 ( 77%)]  Loss: 31.95 (31.5)  Loss_cat: 1.196 (1.18)  Loss_feat: 28.55 (28.2)  Loss_gt: 2.209 (2.11) LR: 5.000e-02
2025-09-11 20:38:49,544 -                train: [    INFO] - Train: 111 [ 780/781 (100%)]  Loss: 30.97 (31.5)  Loss_cat: 1.075 (1.18)  Loss_feat: 27.72 (28.2)  Loss_gt: 2.170 (2.12) LR: 5.000e-02
2025-09-11 20:38:49,658 -                train: [    INFO] - Test: [   0/156]  Time: 0.109 (0.109)  Loss:  0.9094 (0.9094)  Acc@1: 75.0000 (75.0000)  Acc@5: 95.3125 (95.3125)
2025-09-11 20:38:52,824 -                train: [    INFO] - Test: [ 156/156]  Time: 0.011 (0.021)  Loss:  0.8972 (1.0090)  Acc@1: 75.0000 (72.2000)  Acc@5: 87.5000 (93.7000)
2025-09-11 20:38:53,318 - timm.utils.checkpoint_saver: [    INFO] - Current checkpoints:
 ('./output/train/20250911-181227-resnet18_vcaV2-224/checkpoint/checkpoint-111.pth.tar', 72.2)
 ('./output/train/20250911-181227-resnet18_vcaV2-224/checkpoint/checkpoint-100.pth.tar', 72.1)
 ('./output/train/20250911-181227-resnet18_vcaV2-224/checkpoint/checkpoint-101.pth.tar', 71.91)
 ('./output/train/20250911-181227-resnet18_vcaV2-224/checkpoint/checkpoint-96.pth.tar', 71.89)
 ('./output/train/20250911-181227-resnet18_vcaV2-224/checkpoint/checkpoint-102.pth.tar', 71.83)
 ('./output/train/20250911-181227-resnet18_vcaV2-224/checkpoint/checkpoint-105.pth.tar', 71.64)
 ('./output/train/20250911-181227-resnet18_vcaV2-224/checkpoint/checkpoint-79.pth.tar', 71.62)
 ('./output/train/20250911-181227-resnet18_vcaV2-224/checkpoint/checkpoint-108.pth.tar', 71.58)
 ('./output/train/20250911-181227-resnet18_vcaV2-224/checkpoint/checkpoint-84.pth.tar', 71.55)
 ('./output/train/20250911-181227-resnet18_vcaV2-224/checkpoint/checkpoint-95.pth.tar', 71.38)

2025-09-11 20:38:53,504 -                train: [    INFO] - Train: 112 [   0/781 (  0%)]  Loss: 31.34 (31.3)  Loss_cat: 1.170 (1.17)  Loss_feat: 27.88 (27.9)  Loss_gt: 2.295 (2.30) LR: 5.000e-02
2025-09-11 20:39:12,642 -                train: [    INFO] - Train: 112 [ 200/781 ( 26%)]  Loss: 30.07 (31.4)  Loss_cat: 1.096 (1.18)  Loss_feat: 26.99 (28.1)  Loss_gt: 1.988 (2.10) LR: 5.000e-02
2025-09-11 20:39:31,793 -                train: [    INFO] - Train: 112 [ 400/781 ( 51%)]  Loss: 31.00 (31.4)  Loss_cat: 1.086 (1.18)  Loss_feat: 27.88 (28.2)  Loss_gt: 2.033 (2.10) LR: 5.000e-02
2025-09-11 20:39:50,810 -                train: [    INFO] - Train: 112 [ 600/781 ( 77%)]  Loss: 31.36 (31.5)  Loss_cat: 1.159 (1.18)  Loss_feat: 28.16 (28.2)  Loss_gt: 2.041 (2.11) LR: 5.000e-02
2025-09-11 20:40:07,911 -                train: [    INFO] - Train: 112 [ 780/781 (100%)]  Loss: 31.43 (31.5)  Loss_cat: 1.138 (1.18)  Loss_feat: 28.06 (28.2)  Loss_gt: 2.232 (2.11) LR: 5.000e-02
2025-09-11 20:40:08,019 -                train: [    INFO] - Test: [   0/156]  Time: 0.103 (0.103)  Loss:  1.2770 (1.2770)  Acc@1: 67.1875 (67.1875)  Acc@5: 90.6250 (90.6250)
2025-09-11 20:40:11,762 -                train: [    INFO] - Test: [ 156/156]  Time: 0.009 (0.024)  Loss:  1.1821 (1.0838)  Acc@1: 75.0000 (70.5800)  Acc@5: 87.5000 (93.5000)
2025-09-11 20:40:13,016 -                train: [    INFO] - Train: 113 [   0/781 (  0%)]  Loss: 31.43 (31.4)  Loss_cat: 1.207 (1.21)  Loss_feat: 28.23 (28.2)  Loss_gt: 1.998 (2.00) LR: 5.000e-02
2025-09-11 20:40:32,134 -                train: [    INFO] - Train: 113 [ 200/781 ( 26%)]  Loss: 30.69 (31.4)  Loss_cat: 1.100 (1.18)  Loss_feat: 27.59 (28.1)  Loss_gt: 1.998 (2.10) LR: 5.000e-02
2025-09-11 20:40:51,132 -                train: [    INFO] - Train: 113 [ 400/781 ( 51%)]  Loss: 29.85 (31.5)  Loss_cat: 0.9925 (1.18)  Loss_feat: 27.16 (28.2)  Loss_gt: 1.699 (2.09) LR: 5.000e-02
2025-09-11 20:41:10,148 -                train: [    INFO] - Train: 113 [ 600/781 ( 77%)]  Loss: 30.94 (31.5)  Loss_cat: 1.125 (1.18)  Loss_feat: 27.73 (28.2)  Loss_gt: 2.090 (2.10) LR: 5.000e-02
2025-09-11 20:41:27,278 -                train: [    INFO] - Train: 113 [ 780/781 (100%)]  Loss: 31.62 (31.5)  Loss_cat: 1.209 (1.18)  Loss_feat: 28.21 (28.2)  Loss_gt: 2.205 (2.11) LR: 5.000e-02
2025-09-11 20:41:27,386 -                train: [    INFO] - Test: [   0/156]  Time: 0.103 (0.103)  Loss:  0.9928 (0.9928)  Acc@1: 71.8750 (71.8750)  Acc@5: 93.7500 (93.7500)
2025-09-11 20:41:30,412 -                train: [    INFO] - Test: [ 156/156]  Time: 0.008 (0.020)  Loss:  0.9410 (1.1713)  Acc@1: 68.7500 (69.2000)  Acc@5: 93.7500 (91.3500)
2025-09-11 20:41:31,026 -                train: [    INFO] - Train: 114 [   0/781 (  0%)]  Loss: 31.80 (31.8)  Loss_cat: 1.249 (1.25)  Loss_feat: 28.45 (28.4)  Loss_gt: 2.107 (2.11) LR: 5.000e-02
2025-09-11 20:41:50,050 -                train: [    INFO] - Train: 114 [ 200/781 ( 26%)]  Loss: 30.92 (31.5)  Loss_cat: 1.128 (1.17)  Loss_feat: 27.77 (28.2)  Loss_gt: 2.023 (2.10) LR: 5.000e-02
2025-09-11 20:42:09,224 -                train: [    INFO] - Train: 114 [ 400/781 ( 51%)]  Loss: 31.54 (31.5)  Loss_cat: 1.170 (1.17)  Loss_feat: 28.18 (28.2)  Loss_gt: 2.187 (2.09) LR: 5.000e-02
2025-09-11 20:42:28,490 -                train: [    INFO] - Train: 114 [ 600/781 ( 77%)]  Loss: 31.06 (31.5)  Loss_cat: 1.181 (1.18)  Loss_feat: 27.87 (28.2)  Loss_gt: 2.000 (2.09) LR: 5.000e-02
2025-09-11 20:42:45,611 -                train: [    INFO] - Train: 114 [ 780/781 (100%)]  Loss: 32.05 (31.5)  Loss_cat: 1.215 (1.18)  Loss_feat: 28.68 (28.2)  Loss_gt: 2.152 (2.10) LR: 5.000e-02
2025-09-11 20:42:45,735 -                train: [    INFO] - Test: [   0/156]  Time: 0.118 (0.118)  Loss:  0.9845 (0.9845)  Acc@1: 75.0000 (75.0000)  Acc@5: 92.1875 (92.1875)
2025-09-11 20:42:48,635 -                train: [    INFO] - Test: [ 156/156]  Time: 0.009 (0.019)  Loss:  0.8877 (1.0371)  Acc@1: 81.2500 (71.5600)  Acc@5: 81.2500 (93.6900)
2025-09-11 20:42:49,314 - timm.utils.checkpoint_saver: [    INFO] - Current checkpoints:
 ('./output/train/20250911-181227-resnet18_vcaV2-224/checkpoint/checkpoint-111.pth.tar', 72.2)
 ('./output/train/20250911-181227-resnet18_vcaV2-224/checkpoint/checkpoint-100.pth.tar', 72.1)
 ('./output/train/20250911-181227-resnet18_vcaV2-224/checkpoint/checkpoint-101.pth.tar', 71.91)
 ('./output/train/20250911-181227-resnet18_vcaV2-224/checkpoint/checkpoint-96.pth.tar', 71.89)
 ('./output/train/20250911-181227-resnet18_vcaV2-224/checkpoint/checkpoint-102.pth.tar', 71.83)
 ('./output/train/20250911-181227-resnet18_vcaV2-224/checkpoint/checkpoint-105.pth.tar', 71.64)
 ('./output/train/20250911-181227-resnet18_vcaV2-224/checkpoint/checkpoint-79.pth.tar', 71.62)
 ('./output/train/20250911-181227-resnet18_vcaV2-224/checkpoint/checkpoint-108.pth.tar', 71.58)
 ('./output/train/20250911-181227-resnet18_vcaV2-224/checkpoint/checkpoint-114.pth.tar', 71.56)
 ('./output/train/20250911-181227-resnet18_vcaV2-224/checkpoint/checkpoint-84.pth.tar', 71.55)

2025-09-11 20:42:49,514 -                train: [    INFO] - Train: 115 [   0/781 (  0%)]  Loss: 31.38 (31.4)  Loss_cat: 1.133 (1.13)  Loss_feat: 28.25 (28.3)  Loss_gt: 1.989 (1.99) LR: 5.000e-02
2025-09-11 20:43:08,479 -                train: [    INFO] - Train: 115 [ 200/781 ( 26%)]  Loss: 30.83 (31.4)  Loss_cat: 1.108 (1.17)  Loss_feat: 27.52 (28.2)  Loss_gt: 2.203 (2.10) LR: 5.000e-02
2025-09-11 20:43:27,573 -                train: [    INFO] - Train: 115 [ 400/781 ( 51%)]  Loss: 32.46 (31.5)  Loss_cat: 1.305 (1.18)  Loss_feat: 28.95 (28.2)  Loss_gt: 2.204 (2.10) LR: 5.000e-02
2025-09-11 20:43:46,600 -                train: [    INFO] - Train: 115 [ 600/781 ( 77%)]  Loss: 31.77 (31.5)  Loss_cat: 1.239 (1.18)  Loss_feat: 28.53 (28.2)  Loss_gt: 2.003 (2.11) LR: 5.000e-02
2025-09-11 20:44:03,782 -                train: [    INFO] - Train: 115 [ 780/781 (100%)]  Loss: 30.71 (31.5)  Loss_cat: 1.152 (1.18)  Loss_feat: 27.73 (28.2)  Loss_gt: 1.826 (2.11) LR: 5.000e-02
2025-09-11 20:44:03,888 -                train: [    INFO] - Test: [   0/156]  Time: 0.101 (0.101)  Loss:  0.9406 (0.9406)  Acc@1: 73.4375 (73.4375)  Acc@5: 93.7500 (93.7500)
2025-09-11 20:44:06,737 -                train: [    INFO] - Test: [ 156/156]  Time: 0.008 (0.019)  Loss:  1.0667 (1.0876)  Acc@1: 68.7500 (70.6600)  Acc@5: 93.7500 (93.3100)
2025-09-11 20:44:07,449 -                train: [    INFO] - Train: 116 [   0/781 (  0%)]  Loss: 30.90 (30.9)  Loss_cat: 1.152 (1.15)  Loss_feat: 27.69 (27.7)  Loss_gt: 2.055 (2.05) LR: 5.000e-02
2025-09-11 20:44:26,561 -                train: [    INFO] - Train: 116 [ 200/781 ( 26%)]  Loss: 32.33 (31.5)  Loss_cat: 1.295 (1.18)  Loss_feat: 28.84 (28.2)  Loss_gt: 2.195 (2.10) LR: 5.000e-02
2025-09-11 20:44:45,677 -                train: [    INFO] - Train: 116 [ 400/781 ( 51%)]  Loss: 32.30 (31.4)  Loss_cat: 1.230 (1.18)  Loss_feat: 28.98 (28.2)  Loss_gt: 2.087 (2.10) LR: 5.000e-02
2025-09-11 20:45:04,911 -                train: [    INFO] - Train: 116 [ 600/781 ( 77%)]  Loss: 31.83 (31.4)  Loss_cat: 1.209 (1.18)  Loss_feat: 28.52 (28.2)  Loss_gt: 2.094 (2.10) LR: 5.000e-02
2025-09-11 20:45:22,204 -                train: [    INFO] - Train: 116 [ 780/781 (100%)]  Loss: 31.94 (31.5)  Loss_cat: 1.275 (1.18)  Loss_feat: 28.44 (28.2)  Loss_gt: 2.218 (2.11) LR: 5.000e-02
2025-09-11 20:45:22,313 -                train: [    INFO] - Test: [   0/156]  Time: 0.103 (0.103)  Loss:  1.0954 (1.0954)  Acc@1: 68.7500 (68.7500)  Acc@5: 93.7500 (93.7500)
2025-09-11 20:45:25,478 -                train: [    INFO] - Test: [ 156/156]  Time: 0.008 (0.021)  Loss:  1.1268 (1.0483)  Acc@1: 68.7500 (71.5200)  Acc@5: 87.5000 (93.1100)
2025-09-11 20:45:26,282 -                train: [    INFO] - Train: 117 [   0/781 (  0%)]  Loss: 30.47 (30.5)  Loss_cat: 1.109 (1.11)  Loss_feat: 27.71 (27.7)  Loss_gt: 1.658 (1.66) LR: 5.000e-02
2025-09-11 20:45:45,546 -                train: [    INFO] - Train: 117 [ 200/781 ( 26%)]  Loss: 32.96 (31.4)  Loss_cat: 1.296 (1.17)  Loss_feat: 29.44 (28.1)  Loss_gt: 2.223 (2.09) LR: 5.000e-02
2025-09-11 20:46:04,732 -                train: [    INFO] - Train: 117 [ 400/781 ( 51%)]  Loss: 32.08 (31.4)  Loss_cat: 1.194 (1.17)  Loss_feat: 28.34 (28.1)  Loss_gt: 2.540 (2.10) LR: 5.000e-02
2025-09-11 20:46:23,847 -                train: [    INFO] - Train: 117 [ 600/781 ( 77%)]  Loss: 31.70 (31.4)  Loss_cat: 1.200 (1.18)  Loss_feat: 28.24 (28.2)  Loss_gt: 2.262 (2.10) LR: 5.000e-02
2025-09-11 20:46:40,941 -                train: [    INFO] - Train: 117 [ 780/781 (100%)]  Loss: 30.95 (31.5)  Loss_cat: 1.075 (1.18)  Loss_feat: 27.86 (28.2)  Loss_gt: 2.013 (2.11) LR: 5.000e-02
2025-09-11 20:46:41,050 -                train: [    INFO] - Test: [   0/156]  Time: 0.103 (0.103)  Loss:  0.9874 (0.9874)  Acc@1: 71.8750 (71.8750)  Acc@5: 92.1875 (92.1875)
2025-09-11 20:46:43,981 -                train: [    INFO] - Test: [ 156/156]  Time: 0.009 (0.019)  Loss:  1.0124 (1.0720)  Acc@1: 75.0000 (70.6000)  Acc@5: 87.5000 (92.8300)
2025-09-11 20:46:44,649 -                train: [    INFO] - Train: 118 [   0/781 (  0%)]  Loss: 32.06 (32.1)  Loss_cat: 1.262 (1.26)  Loss_feat: 28.73 (28.7)  Loss_gt: 2.069 (2.07) LR: 5.000e-02
2025-09-11 20:47:03,757 -                train: [    INFO] - Train: 118 [ 200/781 ( 26%)]  Loss: 31.34 (31.4)  Loss_cat: 1.160 (1.17)  Loss_feat: 28.06 (28.2)  Loss_gt: 2.115 (2.09) LR: 5.000e-02
2025-09-11 20:47:22,766 -                train: [    INFO] - Train: 118 [ 400/781 ( 51%)]  Loss: 31.05 (31.4)  Loss_cat: 1.140 (1.17)  Loss_feat: 27.94 (28.2)  Loss_gt: 1.968 (2.08) LR: 5.000e-02
2025-09-11 20:47:41,756 -                train: [    INFO] - Train: 118 [ 600/781 ( 77%)]  Loss: 30.48 (31.4)  Loss_cat: 1.088 (1.18)  Loss_feat: 27.38 (28.2)  Loss_gt: 2.018 (2.09) LR: 5.000e-02
2025-09-11 20:47:58,930 -                train: [    INFO] - Train: 118 [ 780/781 (100%)]  Loss: 32.12 (31.5)  Loss_cat: 1.209 (1.18)  Loss_feat: 28.68 (28.2)  Loss_gt: 2.234 (2.10) LR: 5.000e-02
2025-09-11 20:47:59,050 -                train: [    INFO] - Test: [   0/156]  Time: 0.112 (0.112)  Loss:  1.0180 (1.0180)  Acc@1: 73.4375 (73.4375)  Acc@5: 90.6250 (90.6250)
2025-09-11 20:48:01,939 -                train: [    INFO] - Test: [ 156/156]  Time: 0.008 (0.019)  Loss:  1.2114 (1.0923)  Acc@1: 75.0000 (70.3800)  Acc@5: 87.5000 (92.8900)
2025-09-11 20:48:02,668 -                train: [    INFO] - Train: 119 [   0/781 (  0%)]  Loss: 31.67 (31.7)  Loss_cat: 1.134 (1.13)  Loss_feat: 28.25 (28.2)  Loss_gt: 2.288 (2.29) LR: 5.000e-02
2025-09-11 20:48:21,771 -                train: [    INFO] - Train: 119 [ 200/781 ( 26%)]  Loss: 30.81 (31.3)  Loss_cat: 1.117 (1.16)  Loss_feat: 27.66 (28.1)  Loss_gt: 2.025 (2.08) LR: 5.000e-02
2025-09-11 20:48:40,863 -                train: [    INFO] - Train: 119 [ 400/781 ( 51%)]  Loss: 31.52 (31.4)  Loss_cat: 1.173 (1.17)  Loss_feat: 28.19 (28.1)  Loss_gt: 2.159 (2.09) LR: 5.000e-02
2025-09-11 20:48:59,982 -                train: [    INFO] - Train: 119 [ 600/781 ( 77%)]  Loss: 31.82 (31.4)  Loss_cat: 1.191 (1.17)  Loss_feat: 28.52 (28.1)  Loss_gt: 2.100 (2.10) LR: 5.000e-02
2025-09-11 20:49:17,163 -                train: [    INFO] - Train: 119 [ 780/781 (100%)]  Loss: 30.81 (31.4)  Loss_cat: 1.069 (1.18)  Loss_feat: 27.67 (28.2)  Loss_gt: 2.076 (2.10) LR: 5.000e-02
2025-09-11 20:49:17,272 -                train: [    INFO] - Test: [   0/156]  Time: 0.103 (0.103)  Loss:  1.0283 (1.0283)  Acc@1: 73.4375 (73.4375)  Acc@5: 92.1875 (92.1875)
2025-09-11 20:49:20,311 -                train: [    INFO] - Test: [ 156/156]  Time: 0.008 (0.020)  Loss:  1.3816 (1.0821)  Acc@1: 75.0000 (71.6800)  Acc@5: 87.5000 (93.5000)
2025-09-11 20:49:20,786 - timm.utils.checkpoint_saver: [    INFO] - Current checkpoints:
 ('./output/train/20250911-181227-resnet18_vcaV2-224/checkpoint/checkpoint-111.pth.tar', 72.2)
 ('./output/train/20250911-181227-resnet18_vcaV2-224/checkpoint/checkpoint-100.pth.tar', 72.1)
 ('./output/train/20250911-181227-resnet18_vcaV2-224/checkpoint/checkpoint-101.pth.tar', 71.91)
 ('./output/train/20250911-181227-resnet18_vcaV2-224/checkpoint/checkpoint-96.pth.tar', 71.89)
 ('./output/train/20250911-181227-resnet18_vcaV2-224/checkpoint/checkpoint-102.pth.tar', 71.83)
 ('./output/train/20250911-181227-resnet18_vcaV2-224/checkpoint/checkpoint-119.pth.tar', 71.68)
 ('./output/train/20250911-181227-resnet18_vcaV2-224/checkpoint/checkpoint-105.pth.tar', 71.64)
 ('./output/train/20250911-181227-resnet18_vcaV2-224/checkpoint/checkpoint-79.pth.tar', 71.62)
 ('./output/train/20250911-181227-resnet18_vcaV2-224/checkpoint/checkpoint-108.pth.tar', 71.58)
 ('./output/train/20250911-181227-resnet18_vcaV2-224/checkpoint/checkpoint-114.pth.tar', 71.56)

2025-09-11 20:49:20,975 -                train: [    INFO] - Train: 120 [   0/781 (  0%)]  Loss: 31.23 (31.2)  Loss_cat: 1.196 (1.20)  Loss_feat: 28.23 (28.2)  Loss_gt: 1.804 (1.80) LR: 5.000e-02
2025-09-11 20:49:40,029 -                train: [    INFO] - Train: 120 [ 200/781 ( 26%)]  Loss: 32.15 (31.4)  Loss_cat: 1.221 (1.18)  Loss_feat: 28.63 (28.1)  Loss_gt: 2.307 (2.11) LR: 5.000e-02
2025-09-11 20:49:59,043 -                train: [    INFO] - Train: 120 [ 400/781 ( 51%)]  Loss: 30.66 (31.4)  Loss_cat: 1.068 (1.17)  Loss_feat: 27.64 (28.1)  Loss_gt: 1.954 (2.10) LR: 5.000e-02
2025-09-11 20:50:18,080 -                train: [    INFO] - Train: 120 [ 600/781 ( 77%)]  Loss: 32.35 (31.4)  Loss_cat: 1.255 (1.18)  Loss_feat: 28.72 (28.1)  Loss_gt: 2.376 (2.10) LR: 5.000e-02
2025-09-11 20:50:35,211 -                train: [    INFO] - Train: 120 [ 780/781 (100%)]  Loss: 31.33 (31.5)  Loss_cat: 1.182 (1.18)  Loss_feat: 28.04 (28.2)  Loss_gt: 2.112 (2.10) LR: 5.000e-02
2025-09-11 20:50:35,327 -                train: [    INFO] - Test: [   0/156]  Time: 0.111 (0.111)  Loss:  0.9853 (0.9853)  Acc@1: 75.0000 (75.0000)  Acc@5: 90.6250 (90.6250)
2025-09-11 20:50:38,308 -                train: [    INFO] - Test: [ 156/156]  Time: 0.008 (0.020)  Loss:  0.8325 (1.0748)  Acc@1: 81.2500 (70.2700)  Acc@5: 93.7500 (93.4400)
2025-09-11 20:50:38,950 -                train: [    INFO] - Train: 121 [   0/781 (  0%)]  Loss: 31.15 (31.2)  Loss_cat: 1.157 (1.16)  Loss_feat: 27.66 (27.7)  Loss_gt: 2.340 (2.34) LR: 5.000e-02
2025-09-11 20:50:58,034 -                train: [    INFO] - Train: 121 [ 200/781 ( 26%)]  Loss: 31.12 (31.4)  Loss_cat: 1.127 (1.18)  Loss_feat: 27.74 (28.2)  Loss_gt: 2.252 (2.09) LR: 5.000e-02
2025-09-11 20:51:17,149 -                train: [    INFO] - Train: 121 [ 400/781 ( 51%)]  Loss: 32.72 (31.4)  Loss_cat: 1.310 (1.18)  Loss_feat: 29.27 (28.2)  Loss_gt: 2.139 (2.08) LR: 5.000e-02
2025-09-11 20:51:36,340 -                train: [    INFO] - Train: 121 [ 600/781 ( 77%)]  Loss: 32.44 (31.4)  Loss_cat: 1.271 (1.18)  Loss_feat: 29.38 (28.2)  Loss_gt: 1.791 (2.09) LR: 5.000e-02
2025-09-11 20:51:53,610 -                train: [    INFO] - Train: 121 [ 780/781 (100%)]  Loss: 31.56 (31.5)  Loss_cat: 1.160 (1.18)  Loss_feat: 28.26 (28.2)  Loss_gt: 2.138 (2.11) LR: 5.000e-02
2025-09-11 20:51:53,725 -                train: [    INFO] - Test: [   0/156]  Time: 0.109 (0.109)  Loss:  1.1194 (1.1194)  Acc@1: 68.7500 (68.7500)  Acc@5: 89.0625 (89.0625)
2025-09-11 20:51:56,724 -                train: [    INFO] - Test: [ 156/156]  Time: 0.009 (0.020)  Loss:  1.0918 (1.1180)  Acc@1: 75.0000 (70.0600)  Acc@5: 93.7500 (92.4000)
2025-09-11 20:51:57,381 -                train: [    INFO] - Train: 122 [   0/781 (  0%)]  Loss: 31.09 (31.1)  Loss_cat: 1.186 (1.19)  Loss_feat: 28.11 (28.1)  Loss_gt: 1.799 (1.80) LR: 5.000e-02
2025-09-11 20:52:16,611 -                train: [    INFO] - Train: 122 [ 200/781 ( 26%)]  Loss: 31.75 (31.3)  Loss_cat: 1.242 (1.16)  Loss_feat: 28.15 (28.1)  Loss_gt: 2.361 (2.06) LR: 5.000e-02
2025-09-11 20:52:35,624 -                train: [    INFO] - Train: 122 [ 400/781 ( 51%)]  Loss: 32.82 (31.4)  Loss_cat: 1.302 (1.17)  Loss_feat: 29.25 (28.1)  Loss_gt: 2.270 (2.08) LR: 5.000e-02
2025-09-11 20:52:54,598 -                train: [    INFO] - Train: 122 [ 600/781 ( 77%)]  Loss: 31.66 (31.4)  Loss_cat: 1.191 (1.18)  Loss_feat: 28.66 (28.2)  Loss_gt: 1.813 (2.09) LR: 5.000e-02
2025-09-11 20:53:11,836 -                train: [    INFO] - Train: 122 [ 780/781 (100%)]  Loss: 32.03 (31.4)  Loss_cat: 1.299 (1.18)  Loss_feat: 28.35 (28.2)  Loss_gt: 2.383 (2.10) LR: 5.000e-02
2025-09-11 20:53:11,954 -                train: [    INFO] - Test: [   0/156]  Time: 0.113 (0.113)  Loss:  1.0351 (1.0351)  Acc@1: 70.3125 (70.3125)  Acc@5: 90.6250 (90.6250)
2025-09-11 20:53:15,139 -                train: [    INFO] - Test: [ 156/156]  Time: 0.008 (0.021)  Loss:  0.9631 (1.0526)  Acc@1: 68.7500 (71.0500)  Acc@5: 93.7500 (92.9800)
2025-09-11 20:53:15,740 -                train: [    INFO] - Train: 123 [   0/781 (  0%)]  Loss: 30.20 (30.2)  Loss_cat: 1.050 (1.05)  Loss_feat: 27.13 (27.1)  Loss_gt: 2.018 (2.02) LR: 5.000e-02
2025-09-11 20:53:34,755 -                train: [    INFO] - Train: 123 [ 200/781 ( 26%)]  Loss: 31.74 (31.4)  Loss_cat: 1.247 (1.17)  Loss_feat: 28.32 (28.1)  Loss_gt: 2.178 (2.07) LR: 5.000e-02
2025-09-11 20:53:53,832 -                train: [    INFO] - Train: 123 [ 400/781 ( 51%)]  Loss: 32.44 (31.4)  Loss_cat: 1.257 (1.18)  Loss_feat: 29.06 (28.2)  Loss_gt: 2.123 (2.09) LR: 5.000e-02
2025-09-11 20:54:12,835 -                train: [    INFO] - Train: 123 [ 600/781 ( 77%)]  Loss: 31.07 (31.4)  Loss_cat: 1.114 (1.18)  Loss_feat: 28.11 (28.2)  Loss_gt: 1.854 (2.10) LR: 5.000e-02
2025-09-11 20:54:30,010 -                train: [    INFO] - Train: 123 [ 780/781 (100%)]  Loss: 32.17 (31.5)  Loss_cat: 1.189 (1.18)  Loss_feat: 28.67 (28.2)  Loss_gt: 2.311 (2.10) LR: 5.000e-02
2025-09-11 20:54:30,127 -                train: [    INFO] - Test: [   0/156]  Time: 0.112 (0.112)  Loss:  0.8672 (0.8672)  Acc@1: 73.4375 (73.4375)  Acc@5: 96.8750 (96.8750)
2025-09-11 20:54:33,166 -                train: [    INFO] - Test: [ 156/156]  Time: 0.009 (0.020)  Loss:  1.1271 (1.0854)  Acc@1: 75.0000 (70.0800)  Acc@5: 87.5000 (92.8300)
2025-09-11 20:54:33,802 -                train: [    INFO] - Train: 124 [   0/781 (  0%)]  Loss: 31.03 (31.0)  Loss_cat: 1.059 (1.06)  Loss_feat: 27.79 (27.8)  Loss_gt: 2.181 (2.18) LR: 5.000e-02
2025-09-11 20:54:52,964 -                train: [    INFO] - Train: 124 [ 200/781 ( 26%)]  Loss: 30.57 (31.3)  Loss_cat: 1.096 (1.17)  Loss_feat: 27.32 (28.1)  Loss_gt: 2.148 (2.08) LR: 5.000e-02
2025-09-11 20:55:12,133 -                train: [    INFO] - Train: 124 [ 400/781 ( 51%)]  Loss: 32.12 (31.4)  Loss_cat: 1.277 (1.18)  Loss_feat: 28.74 (28.2)  Loss_gt: 2.101 (2.09) LR: 5.000e-02
2025-09-11 20:55:31,108 -                train: [    INFO] - Train: 124 [ 600/781 ( 77%)]  Loss: 31.77 (31.4)  Loss_cat: 1.193 (1.18)  Loss_feat: 28.35 (28.2)  Loss_gt: 2.234 (2.09) LR: 5.000e-02
2025-09-11 20:55:48,321 -                train: [    INFO] - Train: 124 [ 780/781 (100%)]  Loss: 31.33 (31.4)  Loss_cat: 1.111 (1.18)  Loss_feat: 27.98 (28.2)  Loss_gt: 2.237 (2.10) LR: 5.000e-02
2025-09-11 20:55:48,436 -                train: [    INFO] - Test: [   0/156]  Time: 0.109 (0.109)  Loss:  0.9597 (0.9597)  Acc@1: 73.4375 (73.4375)  Acc@5: 92.1875 (92.1875)
2025-09-11 20:55:51,352 -                train: [    INFO] - Test: [ 156/156]  Time: 0.009 (0.019)  Loss:  0.9943 (1.1824)  Acc@1: 75.0000 (68.5900)  Acc@5: 93.7500 (91.7700)
2025-09-11 20:55:52,054 -                train: [    INFO] - Train: 125 [   0/781 (  0%)]  Loss: 31.23 (31.2)  Loss_cat: 1.166 (1.17)  Loss_feat: 28.21 (28.2)  Loss_gt: 1.862 (1.86) LR: 5.000e-02
2025-09-11 20:56:11,029 -                train: [    INFO] - Train: 125 [ 200/781 ( 26%)]  Loss: 31.14 (31.4)  Loss_cat: 1.088 (1.18)  Loss_feat: 28.17 (28.1)  Loss_gt: 1.887 (2.09) LR: 5.000e-02
2025-09-11 20:56:30,174 -                train: [    INFO] - Train: 125 [ 400/781 ( 51%)]  Loss: 32.20 (31.4)  Loss_cat: 1.284 (1.18)  Loss_feat: 28.98 (28.1)  Loss_gt: 1.945 (2.10) LR: 5.000e-02
2025-09-11 20:56:49,301 -                train: [    INFO] - Train: 125 [ 600/781 ( 77%)]  Loss: 31.48 (31.4)  Loss_cat: 1.189 (1.18)  Loss_feat: 28.37 (28.2)  Loss_gt: 1.919 (2.11) LR: 5.000e-02
2025-09-11 20:57:06,455 -                train: [    INFO] - Train: 125 [ 780/781 (100%)]  Loss: 31.18 (31.5)  Loss_cat: 1.128 (1.18)  Loss_feat: 27.66 (28.2)  Loss_gt: 2.394 (2.11) LR: 5.000e-02
2025-09-11 20:57:06,565 -                train: [    INFO] - Test: [   0/156]  Time: 0.104 (0.104)  Loss:  0.9940 (0.9940)  Acc@1: 73.4375 (73.4375)  Acc@5: 95.3125 (95.3125)
2025-09-11 20:57:09,491 -                train: [    INFO] - Test: [ 156/156]  Time: 0.008 (0.019)  Loss:  1.1821 (1.0845)  Acc@1: 75.0000 (70.8900)  Acc@5: 87.5000 (93.2500)
2025-09-11 20:57:10,569 -                train: [    INFO] - Train: 126 [   0/781 (  0%)]  Loss: 31.63 (31.6)  Loss_cat: 1.192 (1.19)  Loss_feat: 28.36 (28.4)  Loss_gt: 2.074 (2.07) LR: 5.000e-02
2025-09-11 20:57:29,570 -                train: [    INFO] - Train: 126 [ 200/781 ( 26%)]  Loss: 30.87 (31.4)  Loss_cat: 1.066 (1.17)  Loss_feat: 27.65 (28.1)  Loss_gt: 2.154 (2.11) LR: 5.000e-02
2025-09-11 20:57:48,622 -                train: [    INFO] - Train: 126 [ 400/781 ( 51%)]  Loss: 30.98 (31.4)  Loss_cat: 1.099 (1.17)  Loss_feat: 27.69 (28.1)  Loss_gt: 2.189 (2.10) LR: 5.000e-02
2025-09-11 20:58:07,671 -                train: [    INFO] - Train: 126 [ 600/781 ( 77%)]  Loss: 32.21 (31.4)  Loss_cat: 1.199 (1.17)  Loss_feat: 28.76 (28.1)  Loss_gt: 2.255 (2.10) LR: 5.000e-02
2025-09-11 20:58:24,978 -                train: [    INFO] - Train: 126 [ 780/781 (100%)]  Loss: 31.63 (31.4)  Loss_cat: 1.185 (1.18)  Loss_feat: 28.40 (28.2)  Loss_gt: 2.055 (2.10) LR: 5.000e-02
2025-09-11 20:58:25,090 -                train: [    INFO] - Test: [   0/156]  Time: 0.106 (0.106)  Loss:  1.0387 (1.0387)  Acc@1: 67.1875 (67.1875)  Acc@5: 92.1875 (92.1875)
2025-09-11 20:58:28,138 -                train: [    INFO] - Test: [ 156/156]  Time: 0.009 (0.020)  Loss:  0.6843 (1.0494)  Acc@1: 81.2500 (71.3400)  Acc@5: 93.7500 (93.2500)
2025-09-11 20:58:28,876 -                train: [    INFO] - Train: 127 [   0/781 (  0%)]  Loss: 31.64 (31.6)  Loss_cat: 1.215 (1.22)  Loss_feat: 28.46 (28.5)  Loss_gt: 1.965 (1.96) LR: 5.000e-02
2025-09-11 20:58:47,973 -                train: [    INFO] - Train: 127 [ 200/781 ( 26%)]  Loss: 31.45 (31.4)  Loss_cat: 1.192 (1.18)  Loss_feat: 28.30 (28.2)  Loss_gt: 1.950 (2.08) LR: 5.000e-02
2025-09-11 20:59:06,948 -                train: [    INFO] - Train: 127 [ 400/781 ( 51%)]  Loss: 31.76 (31.4)  Loss_cat: 1.187 (1.18)  Loss_feat: 28.53 (28.2)  Loss_gt: 2.048 (2.09) LR: 5.000e-02
2025-09-11 20:59:26,044 -                train: [    INFO] - Train: 127 [ 600/781 ( 77%)]  Loss: 31.71 (31.4)  Loss_cat: 1.161 (1.18)  Loss_feat: 28.33 (28.1)  Loss_gt: 2.219 (2.10) LR: 5.000e-02
2025-09-11 20:59:43,266 -                train: [    INFO] - Train: 127 [ 780/781 (100%)]  Loss: 31.42 (31.4)  Loss_cat: 1.177 (1.18)  Loss_feat: 28.10 (28.2)  Loss_gt: 2.135 (2.10) LR: 5.000e-02
2025-09-11 20:59:43,377 -                train: [    INFO] - Test: [   0/156]  Time: 0.105 (0.105)  Loss:  1.0109 (1.0109)  Acc@1: 78.1250 (78.1250)  Acc@5: 89.0625 (89.0625)
2025-09-11 20:59:46,285 -                train: [    INFO] - Test: [ 156/156]  Time: 0.008 (0.019)  Loss:  0.9071 (1.0969)  Acc@1: 81.2500 (70.2400)  Acc@5: 87.5000 (92.5900)
2025-09-11 20:59:47,261 -                train: [    INFO] - Train: 128 [   0/781 (  0%)]  Loss: 31.60 (31.6)  Loss_cat: 1.265 (1.27)  Loss_feat: 28.14 (28.1)  Loss_gt: 2.191 (2.19) LR: 5.000e-02
2025-09-11 21:00:06,395 -                train: [    INFO] - Train: 128 [ 200/781 ( 26%)]  Loss: 31.31 (31.3)  Loss_cat: 1.162 (1.17)  Loss_feat: 28.16 (28.1)  Loss_gt: 1.990 (2.09) LR: 5.000e-02
2025-09-11 21:00:25,407 -                train: [    INFO] - Train: 128 [ 400/781 ( 51%)]  Loss: 30.64 (31.5)  Loss_cat: 1.124 (1.18)  Loss_feat: 27.34 (28.2)  Loss_gt: 2.173 (2.10) LR: 5.000e-02
2025-09-11 21:00:44,459 -                train: [    INFO] - Train: 128 [ 600/781 ( 77%)]  Loss: 32.18 (31.5)  Loss_cat: 1.243 (1.18)  Loss_feat: 28.70 (28.2)  Loss_gt: 2.242 (2.11) LR: 5.000e-02
2025-09-11 21:01:01,766 -                train: [    INFO] - Train: 128 [ 780/781 (100%)]  Loss: 31.58 (31.5)  Loss_cat: 1.203 (1.18)  Loss_feat: 28.18 (28.2)  Loss_gt: 2.194 (2.11) LR: 5.000e-02
2025-09-11 21:01:01,961 -                train: [    INFO] - Test: [   0/156]  Time: 0.189 (0.189)  Loss:  1.1256 (1.1256)  Acc@1: 68.7500 (68.7500)  Acc@5: 92.1875 (92.1875)
2025-09-11 21:01:05,175 -                train: [    INFO] - Test: [ 156/156]  Time: 0.009 (0.022)  Loss:  0.8374 (1.0687)  Acc@1: 68.7500 (71.2500)  Acc@5: 93.7500 (93.2800)
2025-09-11 21:01:05,897 -                train: [    INFO] - Train: 129 [   0/781 (  0%)]  Loss: 32.15 (32.2)  Loss_cat: 1.295 (1.30)  Loss_feat: 28.62 (28.6)  Loss_gt: 2.235 (2.23) LR: 5.000e-02
2025-09-11 21:01:24,896 -                train: [    INFO] - Train: 129 [ 200/781 ( 26%)]  Loss: 32.55 (31.5)  Loss_cat: 1.264 (1.18)  Loss_feat: 29.22 (28.2)  Loss_gt: 2.072 (2.07) LR: 5.000e-02
2025-09-11 21:01:43,962 -                train: [    INFO] - Train: 129 [ 400/781 ( 51%)]  Loss: 30.92 (31.5)  Loss_cat: 1.115 (1.18)  Loss_feat: 27.82 (28.2)  Loss_gt: 1.982 (2.08) LR: 5.000e-02
2025-09-11 21:02:02,977 -                train: [    INFO] - Train: 129 [ 600/781 ( 77%)]  Loss: 30.70 (31.5)  Loss_cat: 1.111 (1.18)  Loss_feat: 27.50 (28.2)  Loss_gt: 2.089 (2.09) LR: 5.000e-02
2025-09-11 21:02:20,299 -                train: [    INFO] - Train: 129 [ 780/781 (100%)]  Loss: 31.57 (31.5)  Loss_cat: 1.174 (1.18)  Loss_feat: 28.04 (28.2)  Loss_gt: 2.362 (2.10) LR: 5.000e-02
2025-09-11 21:02:20,405 -                train: [    INFO] - Test: [   0/156]  Time: 0.101 (0.101)  Loss:  0.8820 (0.8820)  Acc@1: 70.3125 (70.3125)  Acc@5: 95.3125 (95.3125)
2025-09-11 21:02:23,283 -                train: [    INFO] - Test: [ 156/156]  Time: 0.008 (0.019)  Loss:  1.0781 (1.1587)  Acc@1: 75.0000 (68.5600)  Acc@5: 87.5000 (92.3000)
2025-09-11 21:02:23,925 -                train: [    INFO] - Train: 130 [   0/781 (  0%)]  Loss: 31.50 (31.5)  Loss_cat: 1.237 (1.24)  Loss_feat: 28.11 (28.1)  Loss_gt: 2.154 (2.15) LR: 5.000e-02
2025-09-11 21:02:43,098 -                train: [    INFO] - Train: 130 [ 200/781 ( 26%)]  Loss: 31.17 (31.4)  Loss_cat: 1.149 (1.17)  Loss_feat: 27.90 (28.1)  Loss_gt: 2.118 (2.07) LR: 5.000e-02
2025-09-11 21:03:02,169 -                train: [    INFO] - Train: 130 [ 400/781 ( 51%)]  Loss: 31.92 (31.4)  Loss_cat: 1.185 (1.18)  Loss_feat: 28.65 (28.2)  Loss_gt: 2.085 (2.08) LR: 5.000e-02
2025-09-11 21:03:21,216 -                train: [    INFO] - Train: 130 [ 600/781 ( 77%)]  Loss: 30.63 (31.5)  Loss_cat: 1.109 (1.18)  Loss_feat: 27.16 (28.2)  Loss_gt: 2.362 (2.09) LR: 5.000e-02
2025-09-11 21:03:38,352 -                train: [    INFO] - Train: 130 [ 780/781 (100%)]  Loss: 31.55 (31.5)  Loss_cat: 1.196 (1.18)  Loss_feat: 28.38 (28.2)  Loss_gt: 1.975 (2.10) LR: 5.000e-02
2025-09-11 21:03:38,460 -                train: [    INFO] - Test: [   0/156]  Time: 0.102 (0.102)  Loss:  0.9635 (0.9635)  Acc@1: 73.4375 (73.4375)  Acc@5: 95.3125 (95.3125)
2025-09-11 21:03:41,373 -                train: [    INFO] - Test: [ 156/156]  Time: 0.008 (0.019)  Loss:  0.8971 (1.0715)  Acc@1: 81.2500 (70.9500)  Acc@5: 81.2500 (93.4700)
2025-09-11 21:03:41,913 -                train: [    INFO] - Train: 131 [   0/781 (  0%)]  Loss: 31.99 (32.0)  Loss_cat: 1.247 (1.25)  Loss_feat: 28.44 (28.4)  Loss_gt: 2.297 (2.30) LR: 5.000e-02
2025-09-11 21:04:01,092 -                train: [    INFO] - Train: 131 [ 200/781 ( 26%)]  Loss: 31.31 (31.3)  Loss_cat: 1.157 (1.17)  Loss_feat: 27.86 (28.1)  Loss_gt: 2.295 (2.07) LR: 5.000e-02
2025-09-11 21:04:20,134 -                train: [    INFO] - Train: 131 [ 400/781 ( 51%)]  Loss: 30.97 (31.4)  Loss_cat: 1.115 (1.17)  Loss_feat: 27.72 (28.1)  Loss_gt: 2.139 (2.07) LR: 5.000e-02
2025-09-11 21:04:39,112 -                train: [    INFO] - Train: 131 [ 600/781 ( 77%)]  Loss: 30.75 (31.4)  Loss_cat: 1.107 (1.18)  Loss_feat: 27.39 (28.2)  Loss_gt: 2.253 (2.09) LR: 5.000e-02
2025-09-11 21:04:56,182 -                train: [    INFO] - Train: 131 [ 780/781 (100%)]  Loss: 31.39 (31.4)  Loss_cat: 1.200 (1.18)  Loss_feat: 28.04 (28.2)  Loss_gt: 2.146 (2.09) LR: 5.000e-02
2025-09-11 21:04:56,299 -                train: [    INFO] - Test: [   0/156]  Time: 0.111 (0.111)  Loss:  1.1122 (1.1122)  Acc@1: 70.3125 (70.3125)  Acc@5: 89.0625 (89.0625)
2025-09-11 21:04:59,302 -                train: [    INFO] - Test: [ 156/156]  Time: 0.011 (0.020)  Loss:  0.9011 (1.0447)  Acc@1: 75.0000 (71.4200)  Acc@5: 87.5000 (93.6200)
2025-09-11 21:04:59,815 -                train: [    INFO] - Train: 132 [   0/781 (  0%)]  Loss: 31.03 (31.0)  Loss_cat: 1.182 (1.18)  Loss_feat: 27.68 (27.7)  Loss_gt: 2.161 (2.16) LR: 5.000e-02
2025-09-11 21:05:18,787 -                train: [    INFO] - Train: 132 [ 200/781 ( 26%)]  Loss: 31.74 (31.4)  Loss_cat: 1.233 (1.17)  Loss_feat: 28.65 (28.1)  Loss_gt: 1.856 (2.06) LR: 5.000e-02
2025-09-11 21:05:37,824 -                train: [    INFO] - Train: 132 [ 400/781 ( 51%)]  Loss: 30.50 (31.4)  Loss_cat: 1.108 (1.17)  Loss_feat: 27.58 (28.1)  Loss_gt: 1.818 (2.07) LR: 5.000e-02
2025-09-11 21:05:56,966 -                train: [    INFO] - Train: 132 [ 600/781 ( 77%)]  Loss: 30.98 (31.4)  Loss_cat: 1.117 (1.17)  Loss_feat: 27.64 (28.1)  Loss_gt: 2.225 (2.09) LR: 5.000e-02
2025-09-11 21:06:14,143 -                train: [    INFO] - Train: 132 [ 780/781 (100%)]  Loss: 31.63 (31.4)  Loss_cat: 1.192 (1.17)  Loss_feat: 28.15 (28.1)  Loss_gt: 2.288 (2.10) LR: 5.000e-02
2025-09-11 21:06:14,253 -                train: [    INFO] - Test: [   0/156]  Time: 0.105 (0.105)  Loss:  1.0641 (1.0641)  Acc@1: 73.4375 (73.4375)  Acc@5: 90.6250 (90.6250)
2025-09-11 21:06:17,384 -                train: [    INFO] - Test: [ 156/156]  Time: 0.009 (0.021)  Loss:  1.1163 (1.0315)  Acc@1: 68.7500 (71.9900)  Acc@5: 87.5000 (93.6400)
2025-09-11 21:06:17,736 - timm.utils.checkpoint_saver: [    INFO] - Current checkpoints:
 ('./output/train/20250911-181227-resnet18_vcaV2-224/checkpoint/checkpoint-111.pth.tar', 72.2)
 ('./output/train/20250911-181227-resnet18_vcaV2-224/checkpoint/checkpoint-100.pth.tar', 72.1)
 ('./output/train/20250911-181227-resnet18_vcaV2-224/checkpoint/checkpoint-132.pth.tar', 71.99)
 ('./output/train/20250911-181227-resnet18_vcaV2-224/checkpoint/checkpoint-101.pth.tar', 71.91)
 ('./output/train/20250911-181227-resnet18_vcaV2-224/checkpoint/checkpoint-96.pth.tar', 71.89)
 ('./output/train/20250911-181227-resnet18_vcaV2-224/checkpoint/checkpoint-102.pth.tar', 71.83)
 ('./output/train/20250911-181227-resnet18_vcaV2-224/checkpoint/checkpoint-119.pth.tar', 71.68)
 ('./output/train/20250911-181227-resnet18_vcaV2-224/checkpoint/checkpoint-105.pth.tar', 71.64)
 ('./output/train/20250911-181227-resnet18_vcaV2-224/checkpoint/checkpoint-79.pth.tar', 71.62)
 ('./output/train/20250911-181227-resnet18_vcaV2-224/checkpoint/checkpoint-108.pth.tar', 71.58)

2025-09-11 21:06:17,935 -                train: [    INFO] - Train: 133 [   0/781 (  0%)]  Loss: 30.99 (31.0)  Loss_cat: 1.128 (1.13)  Loss_feat: 27.68 (27.7)  Loss_gt: 2.181 (2.18) LR: 5.000e-02
2025-09-11 21:06:36,943 -                train: [    INFO] - Train: 133 [ 200/781 ( 26%)]  Loss: 31.36 (31.3)  Loss_cat: 1.153 (1.17)  Loss_feat: 28.11 (28.1)  Loss_gt: 2.093 (2.07) LR: 5.000e-02
2025-09-11 21:06:55,975 -                train: [    INFO] - Train: 133 [ 400/781 ( 51%)]  Loss: 31.65 (31.4)  Loss_cat: 1.214 (1.17)  Loss_feat: 28.14 (28.1)  Loss_gt: 2.291 (2.09) LR: 5.000e-02
2025-09-11 21:07:15,140 -                train: [    INFO] - Train: 133 [ 600/781 ( 77%)]  Loss: 30.90 (31.4)  Loss_cat: 1.106 (1.18)  Loss_feat: 27.79 (28.2)  Loss_gt: 2.012 (2.10) LR: 5.000e-02
2025-09-11 21:07:32,334 -                train: [    INFO] - Train: 133 [ 780/781 (100%)]  Loss: 31.75 (31.4)  Loss_cat: 1.212 (1.18)  Loss_feat: 28.31 (28.2)  Loss_gt: 2.230 (2.10) LR: 5.000e-02
2025-09-11 21:07:32,445 -                train: [    INFO] - Test: [   0/156]  Time: 0.104 (0.104)  Loss:  1.0218 (1.0218)  Acc@1: 73.4375 (73.4375)  Acc@5: 93.7500 (93.7500)
2025-09-11 21:07:35,445 -                train: [    INFO] - Test: [ 156/156]  Time: 0.009 (0.020)  Loss:  1.3765 (1.0680)  Acc@1: 68.7500 (70.6800)  Acc@5: 87.5000 (92.9700)
2025-09-11 21:07:35,926 -                train: [    INFO] - Train: 134 [   0/781 (  0%)]  Loss: 31.49 (31.5)  Loss_cat: 1.184 (1.18)  Loss_feat: 28.34 (28.3)  Loss_gt: 1.974 (1.97) LR: 5.000e-02
2025-09-11 21:07:55,161 -                train: [    INFO] - Train: 134 [ 200/781 ( 26%)]  Loss: 31.63 (31.4)  Loss_cat: 1.308 (1.17)  Loss_feat: 28.29 (28.1)  Loss_gt: 2.031 (2.09) LR: 5.000e-02
2025-09-11 21:08:14,302 -                train: [    INFO] - Train: 134 [ 400/781 ( 51%)]  Loss: 31.72 (31.4)  Loss_cat: 1.173 (1.17)  Loss_feat: 28.47 (28.1)  Loss_gt: 2.080 (2.10) LR: 5.000e-02
2025-09-11 21:08:33,504 -                train: [    INFO] - Train: 134 [ 600/781 ( 77%)]  Loss: 31.43 (31.4)  Loss_cat: 1.189 (1.18)  Loss_feat: 28.03 (28.1)  Loss_gt: 2.212 (2.10) LR: 5.000e-02
2025-09-11 21:08:50,704 -                train: [    INFO] - Train: 134 [ 780/781 (100%)]  Loss: 32.04 (31.5)  Loss_cat: 1.230 (1.18)  Loss_feat: 28.37 (28.2)  Loss_gt: 2.447 (2.11) LR: 5.000e-02
2025-09-11 21:08:50,813 -                train: [    INFO] - Test: [   0/156]  Time: 0.104 (0.104)  Loss:  1.0415 (1.0415)  Acc@1: 71.8750 (71.8750)  Acc@5: 93.7500 (93.7500)
2025-09-11 21:08:53,805 -                train: [    INFO] - Test: [ 156/156]  Time: 0.009 (0.020)  Loss:  0.8203 (1.0864)  Acc@1: 81.2500 (70.7200)  Acc@5: 93.7500 (92.8100)
2025-09-11 21:08:54,412 -                train: [    INFO] - Train: 135 [   0/781 (  0%)]  Loss: 32.98 (33.0)  Loss_cat: 1.394 (1.39)  Loss_feat: 29.30 (29.3)  Loss_gt: 2.284 (2.28) LR: 5.000e-02
2025-09-11 21:09:13,460 -                train: [    INFO] - Train: 135 [ 200/781 ( 26%)]  Loss: 31.98 (31.4)  Loss_cat: 1.233 (1.17)  Loss_feat: 28.32 (28.1)  Loss_gt: 2.428 (2.09) LR: 5.000e-02
2025-09-11 21:09:32,657 -                train: [    INFO] - Train: 135 [ 400/781 ( 51%)]  Loss: 32.02 (31.4)  Loss_cat: 1.278 (1.18)  Loss_feat: 28.22 (28.1)  Loss_gt: 2.520 (2.10) LR: 5.000e-02
2025-09-11 21:09:51,888 -                train: [    INFO] - Train: 135 [ 600/781 ( 77%)]  Loss: 31.67 (31.4)  Loss_cat: 1.222 (1.18)  Loss_feat: 28.36 (28.2)  Loss_gt: 2.084 (2.10) LR: 5.000e-02
2025-09-11 21:10:09,183 -                train: [    INFO] - Train: 135 [ 780/781 (100%)]  Loss: 32.54 (31.4)  Loss_cat: 1.279 (1.18)  Loss_feat: 29.17 (28.2)  Loss_gt: 2.089 (2.10) LR: 5.000e-02
2025-09-11 21:10:09,287 -                train: [    INFO] - Test: [   0/156]  Time: 0.099 (0.099)  Loss:  0.9666 (0.9666)  Acc@1: 75.0000 (75.0000)  Acc@5: 96.8750 (96.8750)
2025-09-11 21:10:12,183 -                train: [    INFO] - Test: [ 156/156]  Time: 0.008 (0.019)  Loss:  0.9762 (1.0486)  Acc@1: 75.0000 (71.1900)  Acc@5: 87.5000 (93.6300)
2025-09-11 21:10:12,879 -                train: [    INFO] - Train: 136 [   0/781 (  0%)]  Loss: 30.92 (30.9)  Loss_cat: 1.103 (1.10)  Loss_feat: 27.86 (27.9)  Loss_gt: 1.959 (1.96) LR: 5.000e-02
2025-09-11 21:10:32,207 -                train: [    INFO] - Train: 136 [ 200/781 ( 26%)]  Loss: 31.11 (31.4)  Loss_cat: 1.160 (1.17)  Loss_feat: 27.75 (28.1)  Loss_gt: 2.195 (2.07) LR: 5.000e-02
2025-09-11 21:10:51,230 -                train: [    INFO] - Train: 136 [ 400/781 ( 51%)]  Loss: 30.83 (31.4)  Loss_cat: 1.116 (1.17)  Loss_feat: 27.78 (28.1)  Loss_gt: 1.940 (2.09) LR: 5.000e-02
2025-09-11 21:11:10,392 -                train: [    INFO] - Train: 136 [ 600/781 ( 77%)]  Loss: 32.09 (31.4)  Loss_cat: 1.271 (1.18)  Loss_feat: 28.72 (28.1)  Loss_gt: 2.093 (2.10) LR: 5.000e-02
2025-09-11 21:11:27,666 -                train: [    INFO] - Train: 136 [ 780/781 (100%)]  Loss: 31.16 (31.4)  Loss_cat: 1.144 (1.18)  Loss_feat: 27.74 (28.1)  Loss_gt: 2.285 (2.10) LR: 5.000e-02
2025-09-11 21:11:27,774 -                train: [    INFO] - Test: [   0/156]  Time: 0.103 (0.103)  Loss:  1.1584 (1.1584)  Acc@1: 76.5625 (76.5625)  Acc@5: 89.0625 (89.0625)
2025-09-11 21:11:30,770 -                train: [    INFO] - Test: [ 156/156]  Time: 0.008 (0.020)  Loss:  0.8669 (1.1190)  Acc@1: 75.0000 (70.6300)  Acc@5: 93.7500 (92.7900)
2025-09-11 21:11:31,278 -                train: [    INFO] - Train: 137 [   0/781 (  0%)]  Loss: 32.24 (32.2)  Loss_cat: 1.319 (1.32)  Loss_feat: 28.79 (28.8)  Loss_gt: 2.127 (2.13) LR: 5.000e-02
2025-09-11 21:11:50,401 -                train: [    INFO] - Train: 137 [ 200/781 ( 26%)]  Loss: 31.88 (31.4)  Loss_cat: 1.213 (1.17)  Loss_feat: 28.55 (28.2)  Loss_gt: 2.121 (2.09) LR: 5.000e-02
2025-09-11 21:12:09,492 -                train: [    INFO] - Train: 137 [ 400/781 ( 51%)]  Loss: 31.58 (31.4)  Loss_cat: 1.154 (1.17)  Loss_feat: 28.39 (28.1)  Loss_gt: 2.041 (2.09) LR: 5.000e-02
2025-09-11 21:12:28,534 -                train: [    INFO] - Train: 137 [ 600/781 ( 77%)]  Loss: 31.38 (31.4)  Loss_cat: 1.177 (1.17)  Loss_feat: 28.16 (28.1)  Loss_gt: 2.039 (2.09) LR: 5.000e-02
2025-09-11 21:12:45,654 -                train: [    INFO] - Train: 137 [ 780/781 (100%)]  Loss: 31.92 (31.4)  Loss_cat: 1.177 (1.17)  Loss_feat: 28.47 (28.1)  Loss_gt: 2.272 (2.09) LR: 5.000e-02
2025-09-11 21:12:45,764 -                train: [    INFO] - Test: [   0/156]  Time: 0.104 (0.104)  Loss:  1.0454 (1.0454)  Acc@1: 71.8750 (71.8750)  Acc@5: 92.1875 (92.1875)
2025-09-11 21:12:48,931 -                train: [    INFO] - Test: [ 156/156]  Time: 0.010 (0.021)  Loss:  0.8538 (1.0703)  Acc@1: 81.2500 (70.7300)  Acc@5: 87.5000 (93.5400)
2025-09-11 21:12:49,956 -                train: [    INFO] - Train: 138 [   0/781 (  0%)]  Loss: 31.52 (31.5)  Loss_cat: 1.164 (1.16)  Loss_feat: 28.20 (28.2)  Loss_gt: 2.147 (2.15) LR: 5.000e-02
2025-09-11 21:13:09,210 -                train: [    INFO] - Train: 138 [ 200/781 ( 26%)]  Loss: 31.53 (31.3)  Loss_cat: 1.274 (1.17)  Loss_feat: 28.25 (28.1)  Loss_gt: 2.000 (2.07) LR: 5.000e-02
2025-09-11 21:13:28,323 -                train: [    INFO] - Train: 138 [ 400/781 ( 51%)]  Loss: 32.07 (31.4)  Loss_cat: 1.243 (1.17)  Loss_feat: 28.59 (28.1)  Loss_gt: 2.235 (2.09) LR: 5.000e-02
2025-09-11 21:13:47,459 -                train: [    INFO] - Train: 138 [ 600/781 ( 77%)]  Loss: 30.88 (31.4)  Loss_cat: 1.092 (1.17)  Loss_feat: 27.83 (28.1)  Loss_gt: 1.957 (2.09) LR: 5.000e-02
2025-09-11 21:14:04,568 -                train: [    INFO] - Train: 138 [ 780/781 (100%)]  Loss: 31.72 (31.4)  Loss_cat: 1.109 (1.18)  Loss_feat: 28.53 (28.2)  Loss_gt: 2.085 (2.10) LR: 5.000e-02
2025-09-11 21:14:04,681 -                train: [    INFO] - Test: [   0/156]  Time: 0.107 (0.107)  Loss:  0.9102 (0.9102)  Acc@1: 73.4375 (73.4375)  Acc@5: 93.7500 (93.7500)
2025-09-11 21:14:07,866 -                train: [    INFO] - Test: [ 156/156]  Time: 0.009 (0.021)  Loss:  0.8669 (1.0733)  Acc@1: 75.0000 (70.3700)  Acc@5: 87.5000 (93.1500)
2025-09-11 21:14:08,415 -                train: [    INFO] - Train: 139 [   0/781 (  0%)]  Loss: 31.59 (31.6)  Loss_cat: 1.202 (1.20)  Loss_feat: 28.18 (28.2)  Loss_gt: 2.213 (2.21) LR: 5.000e-02
2025-09-11 21:14:27,550 -                train: [    INFO] - Train: 139 [ 200/781 ( 26%)]  Loss: 31.38 (31.4)  Loss_cat: 1.151 (1.17)  Loss_feat: 28.09 (28.2)  Loss_gt: 2.131 (2.08) LR: 5.000e-02
2025-09-11 21:14:46,530 -                train: [    INFO] - Train: 139 [ 400/781 ( 51%)]  Loss: 31.28 (31.4)  Loss_cat: 1.217 (1.18)  Loss_feat: 28.02 (28.2)  Loss_gt: 2.046 (2.09) LR: 5.000e-02
2025-09-11 21:15:05,599 -                train: [    INFO] - Train: 139 [ 600/781 ( 77%)]  Loss: 31.57 (31.4)  Loss_cat: 1.140 (1.18)  Loss_feat: 28.26 (28.2)  Loss_gt: 2.165 (2.09) LR: 5.000e-02
2025-09-11 21:15:22,754 -                train: [    INFO] - Train: 139 [ 780/781 (100%)]  Loss: 31.08 (31.4)  Loss_cat: 1.127 (1.18)  Loss_feat: 27.68 (28.2)  Loss_gt: 2.267 (2.10) LR: 5.000e-02
2025-09-11 21:15:22,916 -                train: [    INFO] - Test: [   0/156]  Time: 0.156 (0.156)  Loss:  0.8843 (0.8843)  Acc@1: 79.6875 (79.6875)  Acc@5: 93.7500 (93.7500)
2025-09-11 21:15:26,016 -                train: [    INFO] - Test: [ 156/156]  Time: 0.010 (0.021)  Loss:  1.4792 (1.0675)  Acc@1: 62.5000 (71.5800)  Acc@5: 87.5000 (93.1400)
2025-09-11 21:15:26,501 -                train: [    INFO] - Train: 140 [   0/781 (  0%)]  Loss: 30.34 (30.3)  Loss_cat: 1.104 (1.10)  Loss_feat: 27.42 (27.4)  Loss_gt: 1.817 (1.82) LR: 5.000e-02
2025-09-11 21:15:45,636 -                train: [    INFO] - Train: 140 [ 200/781 ( 26%)]  Loss: 31.60 (31.4)  Loss_cat: 1.181 (1.17)  Loss_feat: 28.12 (28.1)  Loss_gt: 2.299 (2.12) LR: 5.000e-02
2025-09-11 21:16:04,914 -                train: [    INFO] - Train: 140 [ 400/781 ( 51%)]  Loss: 31.27 (31.4)  Loss_cat: 1.124 (1.18)  Loss_feat: 28.16 (28.1)  Loss_gt: 1.988 (2.11) LR: 5.000e-02
2025-09-11 21:16:24,030 -                train: [    INFO] - Train: 140 [ 600/781 ( 77%)]  Loss: 31.53 (31.4)  Loss_cat: 1.167 (1.18)  Loss_feat: 28.46 (28.1)  Loss_gt: 1.903 (2.11) LR: 5.000e-02
2025-09-11 21:16:41,199 -                train: [    INFO] - Train: 140 [ 780/781 (100%)]  Loss: 31.81 (31.4)  Loss_cat: 1.224 (1.18)  Loss_feat: 28.40 (28.2)  Loss_gt: 2.184 (2.11) LR: 5.000e-02
2025-09-11 21:16:41,317 -                train: [    INFO] - Test: [   0/156]  Time: 0.114 (0.114)  Loss:  1.1318 (1.1318)  Acc@1: 70.3125 (70.3125)  Acc@5: 89.0625 (89.0625)
2025-09-11 21:16:44,230 -                train: [    INFO] - Test: [ 156/156]  Time: 0.008 (0.019)  Loss:  0.9647 (1.0871)  Acc@1: 68.7500 (69.9200)  Acc@5: 87.5000 (93.2800)
2025-09-11 21:16:44,803 -                train: [    INFO] - Train: 141 [   0/781 (  0%)]  Loss: 30.07 (30.1)  Loss_cat: 1.035 (1.04)  Loss_feat: 27.13 (27.1)  Loss_gt: 1.905 (1.91) LR: 5.000e-02
2025-09-11 21:17:03,911 -                train: [    INFO] - Train: 141 [ 200/781 ( 26%)]  Loss: 31.88 (31.4)  Loss_cat: 1.256 (1.17)  Loss_feat: 28.18 (28.1)  Loss_gt: 2.443 (2.08) LR: 5.000e-02
2025-09-11 21:17:23,053 -                train: [    INFO] - Train: 141 [ 400/781 ( 51%)]  Loss: 32.43 (31.4)  Loss_cat: 1.245 (1.18)  Loss_feat: 29.11 (28.1)  Loss_gt: 2.077 (2.09) LR: 5.000e-02
2025-09-11 21:17:42,137 -                train: [    INFO] - Train: 141 [ 600/781 ( 77%)]  Loss: 31.73 (31.4)  Loss_cat: 1.175 (1.17)  Loss_feat: 28.26 (28.1)  Loss_gt: 2.294 (2.10) LR: 5.000e-02
2025-09-11 21:17:59,370 -                train: [    INFO] - Train: 141 [ 780/781 (100%)]  Loss: 31.09 (31.4)  Loss_cat: 1.138 (1.18)  Loss_feat: 27.85 (28.2)  Loss_gt: 2.103 (2.10) LR: 5.000e-02
2025-09-11 21:17:59,477 -                train: [    INFO] - Test: [   0/156]  Time: 0.102 (0.102)  Loss:  1.2105 (1.2105)  Acc@1: 68.7500 (68.7500)  Acc@5: 90.6250 (90.6250)
2025-09-11 21:18:02,459 -                train: [    INFO] - Test: [ 156/156]  Time: 0.008 (0.020)  Loss:  1.2108 (1.0786)  Acc@1: 75.0000 (71.2900)  Acc@5: 81.2500 (93.4400)
2025-09-11 21:18:02,962 -                train: [    INFO] - Train: 142 [   0/781 (  0%)]  Loss: 31.21 (31.2)  Loss_cat: 1.134 (1.13)  Loss_feat: 27.91 (27.9)  Loss_gt: 2.169 (2.17) LR: 5.000e-02
2025-09-11 21:18:22,056 -                train: [    INFO] - Train: 142 [ 200/781 ( 26%)]  Loss: 31.95 (31.5)  Loss_cat: 1.198 (1.18)  Loss_feat: 28.74 (28.2)  Loss_gt: 2.009 (2.09) LR: 5.000e-02
2025-09-11 21:18:41,219 -                train: [    INFO] - Train: 142 [ 400/781 ( 51%)]  Loss: 32.57 (31.4)  Loss_cat: 1.292 (1.17)  Loss_feat: 29.14 (28.1)  Loss_gt: 2.136 (2.09) LR: 5.000e-02
2025-09-11 21:19:00,502 -                train: [    INFO] - Train: 142 [ 600/781 ( 77%)]  Loss: 31.38 (31.4)  Loss_cat: 1.227 (1.18)  Loss_feat: 28.00 (28.2)  Loss_gt: 2.150 (2.10) LR: 5.000e-02
2025-09-11 21:19:17,759 -                train: [    INFO] - Train: 142 [ 780/781 (100%)]  Loss: 31.57 (31.4)  Loss_cat: 1.201 (1.18)  Loss_feat: 28.47 (28.2)  Loss_gt: 1.899 (2.11) LR: 5.000e-02
2025-09-11 21:19:17,870 -                train: [    INFO] - Test: [   0/156]  Time: 0.106 (0.106)  Loss:  1.1452 (1.1452)  Acc@1: 75.0000 (75.0000)  Acc@5: 87.5000 (87.5000)
2025-09-11 21:19:20,783 -                train: [    INFO] - Test: [ 156/156]  Time: 0.008 (0.019)  Loss:  1.3499 (1.0586)  Acc@1: 68.7500 (71.6000)  Acc@5: 81.2500 (93.3800)
2025-09-11 21:19:21,147 - timm.utils.checkpoint_saver: [    INFO] - Current checkpoints:
 ('./output/train/20250911-181227-resnet18_vcaV2-224/checkpoint/checkpoint-111.pth.tar', 72.2)
 ('./output/train/20250911-181227-resnet18_vcaV2-224/checkpoint/checkpoint-100.pth.tar', 72.1)
 ('./output/train/20250911-181227-resnet18_vcaV2-224/checkpoint/checkpoint-132.pth.tar', 71.99)
 ('./output/train/20250911-181227-resnet18_vcaV2-224/checkpoint/checkpoint-101.pth.tar', 71.91)
 ('./output/train/20250911-181227-resnet18_vcaV2-224/checkpoint/checkpoint-96.pth.tar', 71.89)
 ('./output/train/20250911-181227-resnet18_vcaV2-224/checkpoint/checkpoint-102.pth.tar', 71.83)
 ('./output/train/20250911-181227-resnet18_vcaV2-224/checkpoint/checkpoint-119.pth.tar', 71.68)
 ('./output/train/20250911-181227-resnet18_vcaV2-224/checkpoint/checkpoint-105.pth.tar', 71.64)
 ('./output/train/20250911-181227-resnet18_vcaV2-224/checkpoint/checkpoint-79.pth.tar', 71.62)
 ('./output/train/20250911-181227-resnet18_vcaV2-224/checkpoint/checkpoint-142.pth.tar', 71.6)

2025-09-11 21:19:21,334 -                train: [    INFO] - Train: 143 [   0/781 (  0%)]  Loss: 31.71 (31.7)  Loss_cat: 1.239 (1.24)  Loss_feat: 28.44 (28.4)  Loss_gt: 2.028 (2.03) LR: 5.000e-02
2025-09-11 21:19:40,430 -                train: [    INFO] - Train: 143 [ 200/781 ( 26%)]  Loss: 31.86 (31.4)  Loss_cat: 1.213 (1.18)  Loss_feat: 28.76 (28.1)  Loss_gt: 1.895 (2.08) LR: 5.000e-02
2025-09-11 21:19:59,596 -                train: [    INFO] - Train: 143 [ 400/781 ( 51%)]  Loss: 30.90 (31.4)  Loss_cat: 1.153 (1.18)  Loss_feat: 27.98 (28.1)  Loss_gt: 1.767 (2.09) LR: 5.000e-02
2025-09-11 21:20:18,776 -                train: [    INFO] - Train: 143 [ 600/781 ( 77%)]  Loss: 30.77 (31.4)  Loss_cat: 1.150 (1.18)  Loss_feat: 27.57 (28.1)  Loss_gt: 2.046 (2.10) LR: 5.000e-02
2025-09-11 21:20:35,989 -                train: [    INFO] - Train: 143 [ 780/781 (100%)]  Loss: 31.64 (31.4)  Loss_cat: 1.177 (1.18)  Loss_feat: 28.20 (28.1)  Loss_gt: 2.265 (2.10) LR: 5.000e-02
2025-09-11 21:20:36,098 -                train: [    INFO] - Test: [   0/156]  Time: 0.103 (0.103)  Loss:  0.9410 (0.9410)  Acc@1: 71.8750 (71.8750)  Acc@5: 90.6250 (90.6250)
2025-09-11 21:20:39,209 -                train: [    INFO] - Test: [ 156/156]  Time: 0.010 (0.020)  Loss:  1.0699 (1.0664)  Acc@1: 75.0000 (71.4000)  Acc@5: 87.5000 (93.5500)
2025-09-11 21:20:39,770 -                train: [    INFO] - Train: 144 [   0/781 (  0%)]  Loss: 31.84 (31.8)  Loss_cat: 1.223 (1.22)  Loss_feat: 28.67 (28.7)  Loss_gt: 1.944 (1.94) LR: 5.000e-02
2025-09-11 21:20:58,898 -                train: [    INFO] - Train: 144 [ 200/781 ( 26%)]  Loss: 31.00 (31.3)  Loss_cat: 1.102 (1.17)  Loss_feat: 27.87 (28.1)  Loss_gt: 2.021 (2.07) LR: 5.000e-02
2025-09-11 21:21:18,054 -                train: [    INFO] - Train: 144 [ 400/781 ( 51%)]  Loss: 31.75 (31.3)  Loss_cat: 1.225 (1.17)  Loss_feat: 28.39 (28.1)  Loss_gt: 2.136 (2.07) LR: 5.000e-02
2025-09-11 21:21:37,226 -                train: [    INFO] - Train: 144 [ 600/781 ( 77%)]  Loss: 31.86 (31.4)  Loss_cat: 1.277 (1.18)  Loss_feat: 28.36 (28.1)  Loss_gt: 2.222 (2.09) LR: 5.000e-02
2025-09-11 21:21:54,671 -                train: [    INFO] - Train: 144 [ 780/781 (100%)]  Loss: 30.64 (31.4)  Loss_cat: 1.100 (1.17)  Loss_feat: 27.47 (28.1)  Loss_gt: 2.073 (2.09) LR: 5.000e-02
2025-09-11 21:21:54,783 -                train: [    INFO] - Test: [   0/156]  Time: 0.107 (0.107)  Loss:  0.8525 (0.8525)  Acc@1: 81.2500 (81.2500)  Acc@5: 95.3125 (95.3125)
2025-09-11 21:21:57,993 -                train: [    INFO] - Test: [ 156/156]  Time: 0.009 (0.021)  Loss:  0.9656 (1.0523)  Acc@1: 81.2500 (71.5100)  Acc@5: 87.5000 (93.5100)
2025-09-11 21:21:58,509 -                train: [    INFO] - Train: 145 [   0/781 (  0%)]  Loss: 30.99 (31.0)  Loss_cat: 1.133 (1.13)  Loss_feat: 28.14 (28.1)  Loss_gt: 1.717 (1.72) LR: 5.000e-02
2025-09-11 21:22:17,803 -                train: [    INFO] - Train: 145 [ 200/781 ( 26%)]  Loss: 32.50 (31.4)  Loss_cat: 1.318 (1.18)  Loss_feat: 28.75 (28.2)  Loss_gt: 2.436 (2.08) LR: 5.000e-02
2025-09-11 21:22:36,864 -                train: [    INFO] - Train: 145 [ 400/781 ( 51%)]  Loss: 31.30 (31.4)  Loss_cat: 1.173 (1.18)  Loss_feat: 28.15 (28.1)  Loss_gt: 1.974 (2.08) LR: 5.000e-02
2025-09-11 21:22:55,888 -                train: [    INFO] - Train: 145 [ 600/781 ( 77%)]  Loss: 31.64 (31.4)  Loss_cat: 1.185 (1.18)  Loss_feat: 28.32 (28.1)  Loss_gt: 2.128 (2.09) LR: 5.000e-02
2025-09-11 21:23:13,289 -                train: [    INFO] - Train: 145 [ 780/781 (100%)]  Loss: 31.02 (31.4)  Loss_cat: 1.172 (1.18)  Loss_feat: 28.15 (28.1)  Loss_gt: 1.701 (2.09) LR: 5.000e-02
2025-09-11 21:23:13,402 -                train: [    INFO] - Test: [   0/156]  Time: 0.108 (0.108)  Loss:  0.8910 (0.8910)  Acc@1: 76.5625 (76.5625)  Acc@5: 96.8750 (96.8750)
2025-09-11 21:23:16,818 -                train: [    INFO] - Test: [ 156/156]  Time: 0.009 (0.022)  Loss:  1.2461 (1.0278)  Acc@1: 68.7500 (71.5400)  Acc@5: 87.5000 (93.8600)
2025-09-11 21:23:17,377 -                train: [    INFO] - Train: 146 [   0/781 (  0%)]  Loss: 31.35 (31.3)  Loss_cat: 1.147 (1.15)  Loss_feat: 27.93 (27.9)  Loss_gt: 2.274 (2.27) LR: 5.000e-02
2025-09-11 21:23:36,584 -                train: [    INFO] - Train: 146 [ 200/781 ( 26%)]  Loss: 32.06 (31.3)  Loss_cat: 1.213 (1.16)  Loss_feat: 28.57 (28.0)  Loss_gt: 2.275 (2.08) LR: 5.000e-02
2025-09-11 21:23:55,717 -                train: [    INFO] - Train: 146 [ 400/781 ( 51%)]  Loss: 30.68 (31.3)  Loss_cat: 1.199 (1.17)  Loss_feat: 27.65 (28.1)  Loss_gt: 1.831 (2.08) LR: 5.000e-02
2025-09-11 21:24:14,850 -                train: [    INFO] - Train: 146 [ 600/781 ( 77%)]  Loss: 31.09 (31.4)  Loss_cat: 1.189 (1.17)  Loss_feat: 27.93 (28.1)  Loss_gt: 1.969 (2.09) LR: 5.000e-02
2025-09-11 21:24:32,230 -                train: [    INFO] - Train: 146 [ 780/781 (100%)]  Loss: 30.74 (31.4)  Loss_cat: 1.135 (1.18)  Loss_feat: 27.59 (28.1)  Loss_gt: 2.013 (2.09) LR: 5.000e-02
2025-09-11 21:24:32,344 -                train: [    INFO] - Test: [   0/156]  Time: 0.108 (0.108)  Loss:  1.0352 (1.0352)  Acc@1: 71.8750 (71.8750)  Acc@5: 89.0625 (89.0625)
2025-09-11 21:24:35,230 -                train: [    INFO] - Test: [ 156/156]  Time: 0.008 (0.019)  Loss:  0.7355 (1.0809)  Acc@1: 75.0000 (70.6000)  Acc@5: 100.0000 (93.4700)
2025-09-11 21:24:35,785 -                train: [    INFO] - Train: 147 [   0/781 (  0%)]  Loss: 30.87 (30.9)  Loss_cat: 1.145 (1.15)  Loss_feat: 27.74 (27.7)  Loss_gt: 1.985 (1.99) LR: 5.000e-02
2025-09-11 21:24:54,958 -                train: [    INFO] - Train: 147 [ 200/781 ( 26%)]  Loss: 32.48 (31.3)  Loss_cat: 1.333 (1.17)  Loss_feat: 28.71 (28.1)  Loss_gt: 2.439 (2.06) LR: 5.000e-02
2025-09-11 21:25:14,220 -                train: [    INFO] - Train: 147 [ 400/781 ( 51%)]  Loss: 32.36 (31.4)  Loss_cat: 1.311 (1.18)  Loss_feat: 28.99 (28.1)  Loss_gt: 2.060 (2.08) LR: 5.000e-02
2025-09-11 21:25:33,374 -                train: [    INFO] - Train: 147 [ 600/781 ( 77%)]  Loss: 31.59 (31.4)  Loss_cat: 1.207 (1.18)  Loss_feat: 28.13 (28.1)  Loss_gt: 2.249 (2.09) LR: 5.000e-02
2025-09-11 21:25:50,499 -                train: [    INFO] - Train: 147 [ 780/781 (100%)]  Loss: 31.65 (31.4)  Loss_cat: 1.144 (1.18)  Loss_feat: 28.42 (28.1)  Loss_gt: 2.079 (2.10) LR: 5.000e-02
2025-09-11 21:25:50,606 -                train: [    INFO] - Test: [   0/156]  Time: 0.100 (0.100)  Loss:  1.0516 (1.0516)  Acc@1: 73.4375 (73.4375)  Acc@5: 93.7500 (93.7500)
2025-09-11 21:25:53,539 -                train: [    INFO] - Test: [ 156/156]  Time: 0.008 (0.019)  Loss:  1.2424 (1.0646)  Acc@1: 68.7500 (71.7500)  Acc@5: 87.5000 (93.4000)
2025-09-11 21:25:53,879 - timm.utils.checkpoint_saver: [    INFO] - Current checkpoints:
 ('./output/train/20250911-181227-resnet18_vcaV2-224/checkpoint/checkpoint-111.pth.tar', 72.2)
 ('./output/train/20250911-181227-resnet18_vcaV2-224/checkpoint/checkpoint-100.pth.tar', 72.1)
 ('./output/train/20250911-181227-resnet18_vcaV2-224/checkpoint/checkpoint-132.pth.tar', 71.99)
 ('./output/train/20250911-181227-resnet18_vcaV2-224/checkpoint/checkpoint-101.pth.tar', 71.91)
 ('./output/train/20250911-181227-resnet18_vcaV2-224/checkpoint/checkpoint-96.pth.tar', 71.89)
 ('./output/train/20250911-181227-resnet18_vcaV2-224/checkpoint/checkpoint-102.pth.tar', 71.83)
 ('./output/train/20250911-181227-resnet18_vcaV2-224/checkpoint/checkpoint-147.pth.tar', 71.75)
 ('./output/train/20250911-181227-resnet18_vcaV2-224/checkpoint/checkpoint-119.pth.tar', 71.68)
 ('./output/train/20250911-181227-resnet18_vcaV2-224/checkpoint/checkpoint-105.pth.tar', 71.64)
 ('./output/train/20250911-181227-resnet18_vcaV2-224/checkpoint/checkpoint-79.pth.tar', 71.62)

2025-09-11 21:25:54,071 -                train: [    INFO] - Train: 148 [   0/781 (  0%)]  Loss: 31.34 (31.3)  Loss_cat: 1.151 (1.15)  Loss_feat: 28.20 (28.2)  Loss_gt: 1.991 (1.99) LR: 5.000e-02
2025-09-11 21:26:13,145 -                train: [    INFO] - Train: 148 [ 200/781 ( 26%)]  Loss: 32.08 (31.4)  Loss_cat: 1.270 (1.17)  Loss_feat: 28.48 (28.1)  Loss_gt: 2.334 (2.07) LR: 5.000e-02
2025-09-11 21:26:32,239 -                train: [    INFO] - Train: 148 [ 400/781 ( 51%)]  Loss: 31.21 (31.4)  Loss_cat: 1.196 (1.18)  Loss_feat: 28.10 (28.2)  Loss_gt: 1.911 (2.09) LR: 5.000e-02
2025-09-11 21:26:51,246 -                train: [    INFO] - Train: 148 [ 600/781 ( 77%)]  Loss: 31.85 (31.4)  Loss_cat: 1.217 (1.18)  Loss_feat: 28.56 (28.2)  Loss_gt: 2.076 (2.10) LR: 5.000e-02
2025-09-11 21:27:08,382 -                train: [    INFO] - Train: 148 [ 780/781 (100%)]  Loss: 30.88 (31.4)  Loss_cat: 1.161 (1.18)  Loss_feat: 27.51 (28.2)  Loss_gt: 2.212 (2.10) LR: 5.000e-02
2025-09-11 21:27:08,502 -                train: [    INFO] - Test: [   0/156]  Time: 0.114 (0.114)  Loss:  1.2610 (1.2610)  Acc@1: 68.7500 (68.7500)  Acc@5: 89.0625 (89.0625)
2025-09-11 21:27:11,548 -                train: [    INFO] - Test: [ 156/156]  Time: 0.010 (0.020)  Loss:  1.2668 (1.1052)  Acc@1: 68.7500 (70.2300)  Acc@5: 93.7500 (92.8000)
2025-09-11 21:27:12,041 -                train: [    INFO] - Train: 149 [   0/781 (  0%)]  Loss: 31.60 (31.6)  Loss_cat: 1.179 (1.18)  Loss_feat: 28.06 (28.1)  Loss_gt: 2.362 (2.36) LR: 5.000e-03
2025-09-11 21:27:31,070 -                train: [    INFO] - Train: 149 [ 200/781 ( 26%)]  Loss: 30.89 (30.6)  Loss_cat: 1.094 (1.08)  Loss_feat: 27.73 (27.6)  Loss_gt: 2.072 (1.96) LR: 5.000e-03
2025-09-11 21:27:50,190 -                train: [    INFO] - Train: 149 [ 400/781 ( 51%)]  Loss: 29.69 (30.4)  Loss_cat: 1.020 (1.05)  Loss_feat: 26.93 (27.4)  Loss_gt: 1.738 (1.94) LR: 5.000e-03
2025-09-11 21:28:09,428 -                train: [    INFO] - Train: 149 [ 600/781 ( 77%)]  Loss: 29.97 (30.3)  Loss_cat: 0.9765 (1.04)  Loss_feat: 27.04 (27.3)  Loss_gt: 1.957 (1.91) LR: 5.000e-03
2025-09-11 21:28:26,550 -                train: [    INFO] - Train: 149 [ 780/781 (100%)]  Loss: 29.82 (30.2)  Loss_cat: 0.9738 (1.03)  Loss_feat: 26.86 (27.3)  Loss_gt: 1.984 (1.90) LR: 5.000e-03
2025-09-11 21:28:26,671 -                train: [    INFO] - Test: [   0/156]  Time: 0.115 (0.115)  Loss:  0.7427 (0.7427)  Acc@1: 76.5625 (76.5625)  Acc@5: 96.8750 (96.8750)
2025-09-11 21:28:29,693 -                train: [    INFO] - Test: [ 156/156]  Time: 0.008 (0.020)  Loss:  0.8294 (0.8002)  Acc@1: 75.0000 (78.4300)  Acc@5: 87.5000 (95.7900)
2025-09-11 21:28:30,135 - timm.utils.checkpoint_saver: [    INFO] - Current checkpoints:
 ('./output/train/20250911-181227-resnet18_vcaV2-224/checkpoint/checkpoint-149.pth.tar', 78.43)
 ('./output/train/20250911-181227-resnet18_vcaV2-224/checkpoint/checkpoint-111.pth.tar', 72.2)
 ('./output/train/20250911-181227-resnet18_vcaV2-224/checkpoint/checkpoint-100.pth.tar', 72.1)
 ('./output/train/20250911-181227-resnet18_vcaV2-224/checkpoint/checkpoint-132.pth.tar', 71.99)
 ('./output/train/20250911-181227-resnet18_vcaV2-224/checkpoint/checkpoint-101.pth.tar', 71.91)
 ('./output/train/20250911-181227-resnet18_vcaV2-224/checkpoint/checkpoint-96.pth.tar', 71.89)
 ('./output/train/20250911-181227-resnet18_vcaV2-224/checkpoint/checkpoint-102.pth.tar', 71.83)
 ('./output/train/20250911-181227-resnet18_vcaV2-224/checkpoint/checkpoint-147.pth.tar', 71.75)
 ('./output/train/20250911-181227-resnet18_vcaV2-224/checkpoint/checkpoint-119.pth.tar', 71.68)
 ('./output/train/20250911-181227-resnet18_vcaV2-224/checkpoint/checkpoint-105.pth.tar', 71.64)

2025-09-11 21:28:30,325 -                train: [    INFO] - Train: 150 [   0/781 (  0%)]  Loss: 29.31 (29.3)  Loss_cat: 0.9629 (0.963)  Loss_feat: 26.75 (26.8)  Loss_gt: 1.593 (1.59) LR: 5.000e-03
2025-09-11 21:28:49,363 -                train: [    INFO] - Train: 150 [ 200/781 ( 26%)]  Loss: 29.35 (29.8)  Loss_cat: 0.9132 (0.980)  Loss_feat: 26.79 (27.0)  Loss_gt: 1.655 (1.83) LR: 5.000e-03
2025-09-11 21:29:08,324 -                train: [    INFO] - Train: 150 [ 400/781 ( 51%)]  Loss: 29.86 (29.8)  Loss_cat: 0.9164 (0.977)  Loss_feat: 27.07 (27.0)  Loss_gt: 1.871 (1.83) LR: 5.000e-03
2025-09-11 21:29:27,433 -                train: [    INFO] - Train: 150 [ 600/781 ( 77%)]  Loss: 28.76 (29.8)  Loss_cat: 0.9006 (0.974)  Loss_feat: 26.44 (27.0)  Loss_gt: 1.419 (1.82) LR: 5.000e-03
2025-09-11 21:29:44,687 -                train: [    INFO] - Train: 150 [ 780/781 (100%)]  Loss: 30.07 (29.8)  Loss_cat: 1.017 (0.976)  Loss_feat: 27.21 (27.0)  Loss_gt: 1.845 (1.83) LR: 5.000e-03
2025-09-11 21:29:44,801 -                train: [    INFO] - Test: [   0/156]  Time: 0.109 (0.109)  Loss:  0.7480 (0.7480)  Acc@1: 75.0000 (75.0000)  Acc@5: 98.4375 (98.4375)
2025-09-11 21:29:47,739 -                train: [    INFO] - Test: [ 156/156]  Time: 0.009 (0.019)  Loss:  0.8118 (0.7657)  Acc@1: 75.0000 (79.1300)  Acc@5: 93.7500 (96.0600)
2025-09-11 21:29:48,048 - timm.utils.checkpoint_saver: [    INFO] - Current checkpoints:
 ('./output/train/20250911-181227-resnet18_vcaV2-224/checkpoint/checkpoint-150.pth.tar', 79.13)
 ('./output/train/20250911-181227-resnet18_vcaV2-224/checkpoint/checkpoint-149.pth.tar', 78.43)
 ('./output/train/20250911-181227-resnet18_vcaV2-224/checkpoint/checkpoint-111.pth.tar', 72.2)
 ('./output/train/20250911-181227-resnet18_vcaV2-224/checkpoint/checkpoint-100.pth.tar', 72.1)
 ('./output/train/20250911-181227-resnet18_vcaV2-224/checkpoint/checkpoint-132.pth.tar', 71.99)
 ('./output/train/20250911-181227-resnet18_vcaV2-224/checkpoint/checkpoint-101.pth.tar', 71.91)
 ('./output/train/20250911-181227-resnet18_vcaV2-224/checkpoint/checkpoint-96.pth.tar', 71.89)
 ('./output/train/20250911-181227-resnet18_vcaV2-224/checkpoint/checkpoint-102.pth.tar', 71.83)
 ('./output/train/20250911-181227-resnet18_vcaV2-224/checkpoint/checkpoint-147.pth.tar', 71.75)
 ('./output/train/20250911-181227-resnet18_vcaV2-224/checkpoint/checkpoint-119.pth.tar', 71.68)

2025-09-11 21:29:48,284 -                train: [    INFO] - Train: 151 [   0/781 (  0%)]  Loss: 30.37 (30.4)  Loss_cat: 1.048 (1.05)  Loss_feat: 27.34 (27.3)  Loss_gt: 1.980 (1.98) LR: 5.000e-03
2025-09-11 21:30:07,313 -                train: [    INFO] - Train: 151 [ 200/781 ( 26%)]  Loss: 30.29 (29.6)  Loss_cat: 1.025 (0.962)  Loss_feat: 27.53 (26.9)  Loss_gt: 1.731 (1.80) LR: 5.000e-03
2025-09-11 21:30:26,288 -                train: [    INFO] - Train: 151 [ 400/781 ( 51%)]  Loss: 29.65 (29.6)  Loss_cat: 0.9853 (0.965)  Loss_feat: 26.81 (26.9)  Loss_gt: 1.860 (1.82) LR: 5.000e-03
2025-09-11 21:30:45,355 -                train: [    INFO] - Train: 151 [ 600/781 ( 77%)]  Loss: 29.76 (29.6)  Loss_cat: 0.9180 (0.961)  Loss_feat: 26.93 (26.8)  Loss_gt: 1.911 (1.81) LR: 5.000e-03
2025-09-11 21:31:02,683 -                train: [    INFO] - Train: 151 [ 780/781 (100%)]  Loss: 29.67 (29.6)  Loss_cat: 1.006 (0.961)  Loss_feat: 26.94 (26.9)  Loss_gt: 1.727 (1.81) LR: 5.000e-03
2025-09-11 21:31:02,790 -                train: [    INFO] - Test: [   0/156]  Time: 0.102 (0.102)  Loss:  0.7100 (0.7100)  Acc@1: 79.6875 (79.6875)  Acc@5: 95.3125 (95.3125)
2025-09-11 21:31:05,784 -                train: [    INFO] - Test: [ 156/156]  Time: 0.009 (0.020)  Loss:  0.8982 (0.7470)  Acc@1: 81.2500 (79.6600)  Acc@5: 87.5000 (96.2000)
2025-09-11 21:31:06,060 - timm.utils.checkpoint_saver: [    INFO] - Current checkpoints:
 ('./output/train/20250911-181227-resnet18_vcaV2-224/checkpoint/checkpoint-151.pth.tar', 79.66)
 ('./output/train/20250911-181227-resnet18_vcaV2-224/checkpoint/checkpoint-150.pth.tar', 79.13)
 ('./output/train/20250911-181227-resnet18_vcaV2-224/checkpoint/checkpoint-149.pth.tar', 78.43)
 ('./output/train/20250911-181227-resnet18_vcaV2-224/checkpoint/checkpoint-111.pth.tar', 72.2)
 ('./output/train/20250911-181227-resnet18_vcaV2-224/checkpoint/checkpoint-100.pth.tar', 72.1)
 ('./output/train/20250911-181227-resnet18_vcaV2-224/checkpoint/checkpoint-132.pth.tar', 71.99)
 ('./output/train/20250911-181227-resnet18_vcaV2-224/checkpoint/checkpoint-101.pth.tar', 71.91)
 ('./output/train/20250911-181227-resnet18_vcaV2-224/checkpoint/checkpoint-96.pth.tar', 71.89)
 ('./output/train/20250911-181227-resnet18_vcaV2-224/checkpoint/checkpoint-102.pth.tar', 71.83)
 ('./output/train/20250911-181227-resnet18_vcaV2-224/checkpoint/checkpoint-147.pth.tar', 71.75)

2025-09-11 21:31:06,262 -                train: [    INFO] - Train: 152 [   0/781 (  0%)]  Loss: 30.07 (30.1)  Loss_cat: 1.011 (1.01)  Loss_feat: 27.16 (27.2)  Loss_gt: 1.897 (1.90) LR: 5.000e-03
2025-09-11 21:31:25,277 -                train: [    INFO] - Train: 152 [ 200/781 ( 26%)]  Loss: 28.95 (29.5)  Loss_cat: 0.9330 (0.953)  Loss_feat: 26.25 (26.8)  Loss_gt: 1.765 (1.79) LR: 5.000e-03
2025-09-11 21:31:44,488 -                train: [    INFO] - Train: 152 [ 400/781 ( 51%)]  Loss: 29.04 (29.5)  Loss_cat: 0.9232 (0.950)  Loss_feat: 26.38 (26.7)  Loss_gt: 1.737 (1.79) LR: 5.000e-03
2025-09-11 21:32:03,501 -                train: [    INFO] - Train: 152 [ 600/781 ( 77%)]  Loss: 29.06 (29.5)  Loss_cat: 0.9059 (0.949)  Loss_feat: 26.21 (26.8)  Loss_gt: 1.952 (1.80) LR: 5.000e-03
2025-09-11 21:32:20,751 -                train: [    INFO] - Train: 152 [ 780/781 (100%)]  Loss: 30.19 (29.5)  Loss_cat: 1.009 (0.950)  Loss_feat: 26.97 (26.8)  Loss_gt: 2.209 (1.79) LR: 5.000e-03
2025-09-11 21:32:20,863 -                train: [    INFO] - Test: [   0/156]  Time: 0.107 (0.107)  Loss:  0.6247 (0.6247)  Acc@1: 79.6875 (79.6875)  Acc@5: 98.4375 (98.4375)
2025-09-11 21:32:23,722 -                train: [    INFO] - Test: [ 156/156]  Time: 0.008 (0.019)  Loss:  0.8846 (0.7384)  Acc@1: 75.0000 (79.6800)  Acc@5: 87.5000 (96.3600)
2025-09-11 21:32:24,022 - timm.utils.checkpoint_saver: [    INFO] - Current checkpoints:
 ('./output/train/20250911-181227-resnet18_vcaV2-224/checkpoint/checkpoint-152.pth.tar', 79.68)
 ('./output/train/20250911-181227-resnet18_vcaV2-224/checkpoint/checkpoint-151.pth.tar', 79.66)
 ('./output/train/20250911-181227-resnet18_vcaV2-224/checkpoint/checkpoint-150.pth.tar', 79.13)
 ('./output/train/20250911-181227-resnet18_vcaV2-224/checkpoint/checkpoint-149.pth.tar', 78.43)
 ('./output/train/20250911-181227-resnet18_vcaV2-224/checkpoint/checkpoint-111.pth.tar', 72.2)
 ('./output/train/20250911-181227-resnet18_vcaV2-224/checkpoint/checkpoint-100.pth.tar', 72.1)
 ('./output/train/20250911-181227-resnet18_vcaV2-224/checkpoint/checkpoint-132.pth.tar', 71.99)
 ('./output/train/20250911-181227-resnet18_vcaV2-224/checkpoint/checkpoint-101.pth.tar', 71.91)
 ('./output/train/20250911-181227-resnet18_vcaV2-224/checkpoint/checkpoint-96.pth.tar', 71.89)
 ('./output/train/20250911-181227-resnet18_vcaV2-224/checkpoint/checkpoint-102.pth.tar', 71.83)

2025-09-11 21:32:24,215 -                train: [    INFO] - Train: 153 [   0/781 (  0%)]  Loss: 29.08 (29.1)  Loss_cat: 0.9213 (0.921)  Loss_feat: 26.52 (26.5)  Loss_gt: 1.638 (1.64) LR: 5.000e-03
2025-09-11 21:32:43,203 -                train: [    INFO] - Train: 153 [ 200/781 ( 26%)]  Loss: 29.94 (29.5)  Loss_cat: 1.016 (0.945)  Loss_feat: 27.08 (26.8)  Loss_gt: 1.842 (1.78) LR: 5.000e-03
2025-09-11 21:33:02,282 -                train: [    INFO] - Train: 153 [ 400/781 ( 51%)]  Loss: 28.69 (29.5)  Loss_cat: 0.9056 (0.945)  Loss_feat: 26.05 (26.7)  Loss_gt: 1.736 (1.79) LR: 5.000e-03
2025-09-11 21:33:21,349 -                train: [    INFO] - Train: 153 [ 600/781 ( 77%)]  Loss: 29.34 (29.5)  Loss_cat: 0.8941 (0.944)  Loss_feat: 26.60 (26.7)  Loss_gt: 1.840 (1.78) LR: 5.000e-03
2025-09-11 21:33:38,474 -                train: [    INFO] - Train: 153 [ 780/781 (100%)]  Loss: 29.71 (29.5)  Loss_cat: 0.9311 (0.943)  Loss_feat: 26.73 (26.7)  Loss_gt: 2.055 (1.78) LR: 5.000e-03
2025-09-11 21:33:38,585 -                train: [    INFO] - Test: [   0/156]  Time: 0.106 (0.106)  Loss:  0.6414 (0.6414)  Acc@1: 81.2500 (81.2500)  Acc@5: 98.4375 (98.4375)
2025-09-11 21:33:41,717 -                train: [    INFO] - Test: [ 156/156]  Time: 0.009 (0.021)  Loss:  0.7767 (0.7362)  Acc@1: 81.2500 (79.9900)  Acc@5: 87.5000 (96.5200)
2025-09-11 21:33:42,089 - timm.utils.checkpoint_saver: [    INFO] - Current checkpoints:
 ('./output/train/20250911-181227-resnet18_vcaV2-224/checkpoint/checkpoint-153.pth.tar', 79.99)
 ('./output/train/20250911-181227-resnet18_vcaV2-224/checkpoint/checkpoint-152.pth.tar', 79.68)
 ('./output/train/20250911-181227-resnet18_vcaV2-224/checkpoint/checkpoint-151.pth.tar', 79.66)
 ('./output/train/20250911-181227-resnet18_vcaV2-224/checkpoint/checkpoint-150.pth.tar', 79.13)
 ('./output/train/20250911-181227-resnet18_vcaV2-224/checkpoint/checkpoint-149.pth.tar', 78.43)
 ('./output/train/20250911-181227-resnet18_vcaV2-224/checkpoint/checkpoint-111.pth.tar', 72.2)
 ('./output/train/20250911-181227-resnet18_vcaV2-224/checkpoint/checkpoint-100.pth.tar', 72.1)
 ('./output/train/20250911-181227-resnet18_vcaV2-224/checkpoint/checkpoint-132.pth.tar', 71.99)
 ('./output/train/20250911-181227-resnet18_vcaV2-224/checkpoint/checkpoint-101.pth.tar', 71.91)
 ('./output/train/20250911-181227-resnet18_vcaV2-224/checkpoint/checkpoint-96.pth.tar', 71.89)

2025-09-11 21:33:42,285 -                train: [    INFO] - Train: 154 [   0/781 (  0%)]  Loss: 29.31 (29.3)  Loss_cat: 0.9145 (0.915)  Loss_feat: 26.63 (26.6)  Loss_gt: 1.763 (1.76) LR: 5.000e-03
2025-09-11 21:34:01,379 -                train: [    INFO] - Train: 154 [ 200/781 ( 26%)]  Loss: 28.98 (29.4)  Loss_cat: 0.9161 (0.940)  Loss_feat: 26.43 (26.7)  Loss_gt: 1.637 (1.76) LR: 5.000e-03
2025-09-11 21:34:20,533 -                train: [    INFO] - Train: 154 [ 400/781 ( 51%)]  Loss: 29.65 (29.4)  Loss_cat: 0.9567 (0.940)  Loss_feat: 26.73 (26.7)  Loss_gt: 1.965 (1.77) LR: 5.000e-03
2025-09-11 21:34:39,748 -                train: [    INFO] - Train: 154 [ 600/781 ( 77%)]  Loss: 28.81 (29.4)  Loss_cat: 0.8939 (0.938)  Loss_feat: 26.41 (26.7)  Loss_gt: 1.508 (1.77) LR: 5.000e-03
2025-09-11 21:34:56,988 -                train: [    INFO] - Train: 154 [ 780/781 (100%)]  Loss: 29.70 (29.4)  Loss_cat: 0.9433 (0.939)  Loss_feat: 26.99 (26.7)  Loss_gt: 1.766 (1.77) LR: 5.000e-03
2025-09-11 21:34:57,105 -                train: [    INFO] - Test: [   0/156]  Time: 0.111 (0.111)  Loss:  0.6369 (0.6369)  Acc@1: 81.2500 (81.2500)  Acc@5: 96.8750 (96.8750)
2025-09-11 21:35:00,049 -                train: [    INFO] - Test: [ 156/156]  Time: 0.008 (0.019)  Loss:  0.9082 (0.7319)  Acc@1: 75.0000 (80.2300)  Acc@5: 87.5000 (96.6100)
2025-09-11 21:35:00,373 - timm.utils.checkpoint_saver: [    INFO] - Current checkpoints:
 ('./output/train/20250911-181227-resnet18_vcaV2-224/checkpoint/checkpoint-154.pth.tar', 80.23)
 ('./output/train/20250911-181227-resnet18_vcaV2-224/checkpoint/checkpoint-153.pth.tar', 79.99)
 ('./output/train/20250911-181227-resnet18_vcaV2-224/checkpoint/checkpoint-152.pth.tar', 79.68)
 ('./output/train/20250911-181227-resnet18_vcaV2-224/checkpoint/checkpoint-151.pth.tar', 79.66)
 ('./output/train/20250911-181227-resnet18_vcaV2-224/checkpoint/checkpoint-150.pth.tar', 79.13)
 ('./output/train/20250911-181227-resnet18_vcaV2-224/checkpoint/checkpoint-149.pth.tar', 78.43)
 ('./output/train/20250911-181227-resnet18_vcaV2-224/checkpoint/checkpoint-111.pth.tar', 72.2)
 ('./output/train/20250911-181227-resnet18_vcaV2-224/checkpoint/checkpoint-100.pth.tar', 72.1)
 ('./output/train/20250911-181227-resnet18_vcaV2-224/checkpoint/checkpoint-132.pth.tar', 71.99)
 ('./output/train/20250911-181227-resnet18_vcaV2-224/checkpoint/checkpoint-101.pth.tar', 71.91)

2025-09-11 21:35:00,560 -                train: [    INFO] - Train: 155 [   0/781 (  0%)]  Loss: 29.64 (29.6)  Loss_cat: 0.9792 (0.979)  Loss_feat: 27.12 (27.1)  Loss_gt: 1.544 (1.54) LR: 5.000e-03
2025-09-11 21:35:19,620 -                train: [    INFO] - Train: 155 [ 200/781 ( 26%)]  Loss: 29.52 (29.3)  Loss_cat: 0.9718 (0.931)  Loss_feat: 26.81 (26.6)  Loss_gt: 1.738 (1.77) LR: 5.000e-03
2025-09-11 21:35:38,615 -                train: [    INFO] - Train: 155 [ 400/781 ( 51%)]  Loss: 29.03 (29.3)  Loss_cat: 0.8642 (0.929)  Loss_feat: 26.57 (26.6)  Loss_gt: 1.590 (1.76) LR: 5.000e-03
2025-09-11 21:35:57,585 -                train: [    INFO] - Train: 155 [ 600/781 ( 77%)]  Loss: 29.45 (29.3)  Loss_cat: 0.9087 (0.928)  Loss_feat: 26.98 (26.6)  Loss_gt: 1.560 (1.76) LR: 5.000e-03
2025-09-11 21:36:14,692 -                train: [    INFO] - Train: 155 [ 780/781 (100%)]  Loss: 28.79 (29.3)  Loss_cat: 0.9284 (0.930)  Loss_feat: 26.10 (26.6)  Loss_gt: 1.765 (1.76) LR: 5.000e-03
2025-09-11 21:36:14,807 -                train: [    INFO] - Test: [   0/156]  Time: 0.110 (0.110)  Loss:  0.5738 (0.5738)  Acc@1: 81.2500 (81.2500)  Acc@5: 98.4375 (98.4375)
2025-09-11 21:36:17,788 -                train: [    INFO] - Test: [ 156/156]  Time: 0.008 (0.020)  Loss:  0.9243 (0.7251)  Acc@1: 81.2500 (80.0200)  Acc@5: 87.5000 (96.4600)
2025-09-11 21:36:18,096 - timm.utils.checkpoint_saver: [    INFO] - Current checkpoints:
 ('./output/train/20250911-181227-resnet18_vcaV2-224/checkpoint/checkpoint-154.pth.tar', 80.23)
 ('./output/train/20250911-181227-resnet18_vcaV2-224/checkpoint/checkpoint-155.pth.tar', 80.02)
 ('./output/train/20250911-181227-resnet18_vcaV2-224/checkpoint/checkpoint-153.pth.tar', 79.99)
 ('./output/train/20250911-181227-resnet18_vcaV2-224/checkpoint/checkpoint-152.pth.tar', 79.68)
 ('./output/train/20250911-181227-resnet18_vcaV2-224/checkpoint/checkpoint-151.pth.tar', 79.66)
 ('./output/train/20250911-181227-resnet18_vcaV2-224/checkpoint/checkpoint-150.pth.tar', 79.13)
 ('./output/train/20250911-181227-resnet18_vcaV2-224/checkpoint/checkpoint-149.pth.tar', 78.43)
 ('./output/train/20250911-181227-resnet18_vcaV2-224/checkpoint/checkpoint-111.pth.tar', 72.2)
 ('./output/train/20250911-181227-resnet18_vcaV2-224/checkpoint/checkpoint-100.pth.tar', 72.1)
 ('./output/train/20250911-181227-resnet18_vcaV2-224/checkpoint/checkpoint-132.pth.tar', 71.99)

2025-09-11 21:36:18,292 -                train: [    INFO] - Train: 156 [   0/781 (  0%)]  Loss: 28.92 (28.9)  Loss_cat: 0.8930 (0.893)  Loss_feat: 26.38 (26.4)  Loss_gt: 1.644 (1.64) LR: 5.000e-03
2025-09-11 21:36:37,416 -                train: [    INFO] - Train: 156 [ 200/781 ( 26%)]  Loss: 29.52 (29.3)  Loss_cat: 1.005 (0.926)  Loss_feat: 26.84 (26.6)  Loss_gt: 1.678 (1.75) LR: 5.000e-03
2025-09-11 21:36:56,650 -                train: [    INFO] - Train: 156 [ 400/781 ( 51%)]  Loss: 28.99 (29.3)  Loss_cat: 0.8756 (0.929)  Loss_feat: 26.46 (26.6)  Loss_gt: 1.652 (1.75) LR: 5.000e-03
2025-09-11 21:37:15,756 -                train: [    INFO] - Train: 156 [ 600/781 ( 77%)]  Loss: 28.88 (29.3)  Loss_cat: 0.8925 (0.929)  Loss_feat: 26.20 (26.6)  Loss_gt: 1.785 (1.75) LR: 5.000e-03
2025-09-11 21:37:32,936 -                train: [    INFO] - Train: 156 [ 780/781 (100%)]  Loss: 29.44 (29.3)  Loss_cat: 0.9285 (0.928)  Loss_feat: 26.90 (26.6)  Loss_gt: 1.616 (1.75) LR: 5.000e-03
2025-09-11 21:37:33,050 -                train: [    INFO] - Test: [   0/156]  Time: 0.108 (0.108)  Loss:  0.6341 (0.6341)  Acc@1: 79.6875 (79.6875)  Acc@5: 100.0000 (100.0000)
2025-09-11 21:37:36,125 -                train: [    INFO] - Test: [ 156/156]  Time: 0.010 (0.020)  Loss:  0.8586 (0.7324)  Acc@1: 81.2500 (80.1100)  Acc@5: 87.5000 (96.4900)
2025-09-11 21:37:36,528 - timm.utils.checkpoint_saver: [    INFO] - Current checkpoints:
 ('./output/train/20250911-181227-resnet18_vcaV2-224/checkpoint/checkpoint-154.pth.tar', 80.23)
 ('./output/train/20250911-181227-resnet18_vcaV2-224/checkpoint/checkpoint-156.pth.tar', 80.11)
 ('./output/train/20250911-181227-resnet18_vcaV2-224/checkpoint/checkpoint-155.pth.tar', 80.02)
 ('./output/train/20250911-181227-resnet18_vcaV2-224/checkpoint/checkpoint-153.pth.tar', 79.99)
 ('./output/train/20250911-181227-resnet18_vcaV2-224/checkpoint/checkpoint-152.pth.tar', 79.68)
 ('./output/train/20250911-181227-resnet18_vcaV2-224/checkpoint/checkpoint-151.pth.tar', 79.66)
 ('./output/train/20250911-181227-resnet18_vcaV2-224/checkpoint/checkpoint-150.pth.tar', 79.13)
 ('./output/train/20250911-181227-resnet18_vcaV2-224/checkpoint/checkpoint-149.pth.tar', 78.43)
 ('./output/train/20250911-181227-resnet18_vcaV2-224/checkpoint/checkpoint-111.pth.tar', 72.2)
 ('./output/train/20250911-181227-resnet18_vcaV2-224/checkpoint/checkpoint-100.pth.tar', 72.1)

2025-09-11 21:37:36,727 -                train: [    INFO] - Train: 157 [   0/781 (  0%)]  Loss: 28.90 (28.9)  Loss_cat: 0.8521 (0.852)  Loss_feat: 26.51 (26.5)  Loss_gt: 1.540 (1.54) LR: 5.000e-03
2025-09-11 21:37:55,920 -                train: [    INFO] - Train: 157 [ 200/781 ( 26%)]  Loss: 28.76 (29.2)  Loss_cat: 0.8701 (0.924)  Loss_feat: 26.05 (26.6)  Loss_gt: 1.840 (1.73) LR: 5.000e-03
2025-09-11 21:38:15,136 -                train: [    INFO] - Train: 157 [ 400/781 ( 51%)]  Loss: 29.46 (29.3)  Loss_cat: 0.9260 (0.927)  Loss_feat: 26.79 (26.6)  Loss_gt: 1.744 (1.74) LR: 5.000e-03
2025-09-11 21:38:34,240 -                train: [    INFO] - Train: 157 [ 600/781 ( 77%)]  Loss: 29.78 (29.3)  Loss_cat: 0.9526 (0.927)  Loss_feat: 26.82 (26.6)  Loss_gt: 2.016 (1.74) LR: 5.000e-03
2025-09-11 21:38:51,441 -                train: [    INFO] - Train: 157 [ 780/781 (100%)]  Loss: 30.03 (29.3)  Loss_cat: 0.9662 (0.926)  Loss_feat: 27.16 (26.6)  Loss_gt: 1.908 (1.74) LR: 5.000e-03
2025-09-11 21:38:51,567 -                train: [    INFO] - Test: [   0/156]  Time: 0.120 (0.120)  Loss:  0.5181 (0.5181)  Acc@1: 87.5000 (87.5000)  Acc@5: 98.4375 (98.4375)
2025-09-11 21:38:54,618 -                train: [    INFO] - Test: [ 156/156]  Time: 0.008 (0.020)  Loss:  0.8427 (0.7138)  Acc@1: 75.0000 (80.4000)  Acc@5: 93.7500 (96.5400)
2025-09-11 21:38:54,920 - timm.utils.checkpoint_saver: [    INFO] - Current checkpoints:
 ('./output/train/20250911-181227-resnet18_vcaV2-224/checkpoint/checkpoint-157.pth.tar', 80.4)
 ('./output/train/20250911-181227-resnet18_vcaV2-224/checkpoint/checkpoint-154.pth.tar', 80.23)
 ('./output/train/20250911-181227-resnet18_vcaV2-224/checkpoint/checkpoint-156.pth.tar', 80.11)
 ('./output/train/20250911-181227-resnet18_vcaV2-224/checkpoint/checkpoint-155.pth.tar', 80.02)
 ('./output/train/20250911-181227-resnet18_vcaV2-224/checkpoint/checkpoint-153.pth.tar', 79.99)
 ('./output/train/20250911-181227-resnet18_vcaV2-224/checkpoint/checkpoint-152.pth.tar', 79.68)
 ('./output/train/20250911-181227-resnet18_vcaV2-224/checkpoint/checkpoint-151.pth.tar', 79.66)
 ('./output/train/20250911-181227-resnet18_vcaV2-224/checkpoint/checkpoint-150.pth.tar', 79.13)
 ('./output/train/20250911-181227-resnet18_vcaV2-224/checkpoint/checkpoint-149.pth.tar', 78.43)
 ('./output/train/20250911-181227-resnet18_vcaV2-224/checkpoint/checkpoint-111.pth.tar', 72.2)

2025-09-11 21:38:55,116 -                train: [    INFO] - Train: 158 [   0/781 (  0%)]  Loss: 29.49 (29.5)  Loss_cat: 0.9683 (0.968)  Loss_feat: 26.79 (26.8)  Loss_gt: 1.728 (1.73) LR: 5.000e-03
2025-09-11 21:39:14,375 -                train: [    INFO] - Train: 158 [ 200/781 ( 26%)]  Loss: 28.94 (29.3)  Loss_cat: 0.8754 (0.925)  Loss_feat: 26.44 (26.6)  Loss_gt: 1.626 (1.73) LR: 5.000e-03
2025-09-11 21:39:33,401 -                train: [    INFO] - Train: 158 [ 400/781 ( 51%)]  Loss: 29.15 (29.3)  Loss_cat: 0.9623 (0.927)  Loss_feat: 26.51 (26.6)  Loss_gt: 1.675 (1.73) LR: 5.000e-03
2025-09-11 21:39:52,687 -                train: [    INFO] - Train: 158 [ 600/781 ( 77%)]  Loss: 29.49 (29.2)  Loss_cat: 0.9310 (0.925)  Loss_feat: 26.64 (26.6)  Loss_gt: 1.916 (1.73) LR: 5.000e-03
2025-09-11 21:40:10,023 -                train: [    INFO] - Train: 158 [ 780/781 (100%)]  Loss: 29.30 (29.2)  Loss_cat: 0.8767 (0.923)  Loss_feat: 26.69 (26.6)  Loss_gt: 1.729 (1.73) LR: 5.000e-03
2025-09-11 21:40:10,130 -                train: [    INFO] - Test: [   0/156]  Time: 0.100 (0.100)  Loss:  0.6071 (0.6071)  Acc@1: 82.8125 (82.8125)  Acc@5: 96.8750 (96.8750)
2025-09-11 21:40:13,216 -                train: [    INFO] - Test: [ 156/156]  Time: 0.009 (0.020)  Loss:  0.9558 (0.7151)  Acc@1: 75.0000 (80.6700)  Acc@5: 87.5000 (96.6500)
2025-09-11 21:40:13,514 - timm.utils.checkpoint_saver: [    INFO] - Current checkpoints:
 ('./output/train/20250911-181227-resnet18_vcaV2-224/checkpoint/checkpoint-158.pth.tar', 80.67)
 ('./output/train/20250911-181227-resnet18_vcaV2-224/checkpoint/checkpoint-157.pth.tar', 80.4)
 ('./output/train/20250911-181227-resnet18_vcaV2-224/checkpoint/checkpoint-154.pth.tar', 80.23)
 ('./output/train/20250911-181227-resnet18_vcaV2-224/checkpoint/checkpoint-156.pth.tar', 80.11)
 ('./output/train/20250911-181227-resnet18_vcaV2-224/checkpoint/checkpoint-155.pth.tar', 80.02)
 ('./output/train/20250911-181227-resnet18_vcaV2-224/checkpoint/checkpoint-153.pth.tar', 79.99)
 ('./output/train/20250911-181227-resnet18_vcaV2-224/checkpoint/checkpoint-152.pth.tar', 79.68)
 ('./output/train/20250911-181227-resnet18_vcaV2-224/checkpoint/checkpoint-151.pth.tar', 79.66)
 ('./output/train/20250911-181227-resnet18_vcaV2-224/checkpoint/checkpoint-150.pth.tar', 79.13)
 ('./output/train/20250911-181227-resnet18_vcaV2-224/checkpoint/checkpoint-149.pth.tar', 78.43)

2025-09-11 21:40:13,717 -                train: [    INFO] - Train: 159 [   0/781 (  0%)]  Loss: 29.31 (29.3)  Loss_cat: 0.9512 (0.951)  Loss_feat: 26.77 (26.8)  Loss_gt: 1.581 (1.58) LR: 5.000e-03
2025-09-11 21:40:32,749 -                train: [    INFO] - Train: 159 [ 200/781 ( 26%)]  Loss: 28.85 (29.2)  Loss_cat: 0.9222 (0.921)  Loss_feat: 26.34 (26.5)  Loss_gt: 1.585 (1.72) LR: 5.000e-03
2025-09-11 21:40:51,894 -                train: [    INFO] - Train: 159 [ 400/781 ( 51%)]  Loss: 30.27 (29.2)  Loss_cat: 1.061 (0.920)  Loss_feat: 27.43 (26.5)  Loss_gt: 1.777 (1.74) LR: 5.000e-03
2025-09-11 21:41:11,001 -                train: [    INFO] - Train: 159 [ 600/781 ( 77%)]  Loss: 29.58 (29.2)  Loss_cat: 0.9261 (0.920)  Loss_feat: 26.70 (26.6)  Loss_gt: 1.949 (1.73) LR: 5.000e-03
2025-09-11 21:41:28,305 -                train: [    INFO] - Train: 159 [ 780/781 (100%)]  Loss: 29.06 (29.2)  Loss_cat: 0.9030 (0.921)  Loss_feat: 26.56 (26.6)  Loss_gt: 1.592 (1.73) LR: 5.000e-03
2025-09-11 21:41:28,414 -                train: [    INFO] - Test: [   0/156]  Time: 0.101 (0.101)  Loss:  0.5653 (0.5653)  Acc@1: 84.3750 (84.3750)  Acc@5: 98.4375 (98.4375)
2025-09-11 21:41:31,443 -                train: [    INFO] - Test: [ 156/156]  Time: 0.009 (0.020)  Loss:  0.8774 (0.7016)  Acc@1: 81.2500 (80.7900)  Acc@5: 87.5000 (96.8300)
2025-09-11 21:41:31,730 - timm.utils.checkpoint_saver: [    INFO] - Current checkpoints:
 ('./output/train/20250911-181227-resnet18_vcaV2-224/checkpoint/checkpoint-159.pth.tar', 80.79)
 ('./output/train/20250911-181227-resnet18_vcaV2-224/checkpoint/checkpoint-158.pth.tar', 80.67)
 ('./output/train/20250911-181227-resnet18_vcaV2-224/checkpoint/checkpoint-157.pth.tar', 80.4)
 ('./output/train/20250911-181227-resnet18_vcaV2-224/checkpoint/checkpoint-154.pth.tar', 80.23)
 ('./output/train/20250911-181227-resnet18_vcaV2-224/checkpoint/checkpoint-156.pth.tar', 80.11)
 ('./output/train/20250911-181227-resnet18_vcaV2-224/checkpoint/checkpoint-155.pth.tar', 80.02)
 ('./output/train/20250911-181227-resnet18_vcaV2-224/checkpoint/checkpoint-153.pth.tar', 79.99)
 ('./output/train/20250911-181227-resnet18_vcaV2-224/checkpoint/checkpoint-152.pth.tar', 79.68)
 ('./output/train/20250911-181227-resnet18_vcaV2-224/checkpoint/checkpoint-151.pth.tar', 79.66)
 ('./output/train/20250911-181227-resnet18_vcaV2-224/checkpoint/checkpoint-150.pth.tar', 79.13)

2025-09-11 21:41:31,928 -                train: [    INFO] - Train: 160 [   0/781 (  0%)]  Loss: 29.73 (29.7)  Loss_cat: 0.9708 (0.971)  Loss_feat: 27.14 (27.1)  Loss_gt: 1.621 (1.62) LR: 5.000e-03
2025-09-11 21:41:50,946 -                train: [    INFO] - Train: 160 [ 200/781 ( 26%)]  Loss: 29.28 (29.2)  Loss_cat: 0.9322 (0.920)  Loss_feat: 26.61 (26.6)  Loss_gt: 1.740 (1.71) LR: 5.000e-03
2025-09-11 21:42:09,975 -                train: [    INFO] - Train: 160 [ 400/781 ( 51%)]  Loss: 28.80 (29.1)  Loss_cat: 0.9372 (0.915)  Loss_feat: 26.22 (26.5)  Loss_gt: 1.647 (1.71) LR: 5.000e-03
2025-09-11 21:42:29,231 -                train: [    INFO] - Train: 160 [ 600/781 ( 77%)]  Loss: 29.37 (29.2)  Loss_cat: 0.9213 (0.916)  Loss_feat: 26.60 (26.5)  Loss_gt: 1.846 (1.71) LR: 5.000e-03
2025-09-11 21:42:46,477 -                train: [    INFO] - Train: 160 [ 780/781 (100%)]  Loss: 30.04 (29.2)  Loss_cat: 1.013 (0.917)  Loss_feat: 27.13 (26.5)  Loss_gt: 1.891 (1.72) LR: 5.000e-03
2025-09-11 21:42:46,585 -                train: [    INFO] - Test: [   0/156]  Time: 0.102 (0.102)  Loss:  0.6409 (0.6409)  Acc@1: 82.8125 (82.8125)  Acc@5: 96.8750 (96.8750)
2025-09-11 21:42:49,529 -                train: [    INFO] - Test: [ 156/156]  Time: 0.008 (0.019)  Loss:  0.9526 (0.7016)  Acc@1: 75.0000 (80.6800)  Acc@5: 87.5000 (96.6500)
2025-09-11 21:42:50,156 - timm.utils.checkpoint_saver: [    INFO] - Current checkpoints:
 ('./output/train/20250911-181227-resnet18_vcaV2-224/checkpoint/checkpoint-159.pth.tar', 80.79)
 ('./output/train/20250911-181227-resnet18_vcaV2-224/checkpoint/checkpoint-160.pth.tar', 80.68)
 ('./output/train/20250911-181227-resnet18_vcaV2-224/checkpoint/checkpoint-158.pth.tar', 80.67)
 ('./output/train/20250911-181227-resnet18_vcaV2-224/checkpoint/checkpoint-157.pth.tar', 80.4)
 ('./output/train/20250911-181227-resnet18_vcaV2-224/checkpoint/checkpoint-154.pth.tar', 80.23)
 ('./output/train/20250911-181227-resnet18_vcaV2-224/checkpoint/checkpoint-156.pth.tar', 80.11)
 ('./output/train/20250911-181227-resnet18_vcaV2-224/checkpoint/checkpoint-155.pth.tar', 80.02)
 ('./output/train/20250911-181227-resnet18_vcaV2-224/checkpoint/checkpoint-153.pth.tar', 79.99)
 ('./output/train/20250911-181227-resnet18_vcaV2-224/checkpoint/checkpoint-152.pth.tar', 79.68)
 ('./output/train/20250911-181227-resnet18_vcaV2-224/checkpoint/checkpoint-151.pth.tar', 79.66)

2025-09-11 21:42:50,344 -                train: [    INFO] - Train: 161 [   0/781 (  0%)]  Loss: 29.64 (29.6)  Loss_cat: 1.032 (1.03)  Loss_feat: 26.69 (26.7)  Loss_gt: 1.919 (1.92) LR: 5.000e-03
2025-09-11 21:43:09,613 -                train: [    INFO] - Train: 161 [ 200/781 ( 26%)]  Loss: 29.96 (29.2)  Loss_cat: 1.024 (0.915)  Loss_feat: 27.14 (26.5)  Loss_gt: 1.794 (1.74) LR: 5.000e-03
2025-09-11 21:43:28,799 -                train: [    INFO] - Train: 161 [ 400/781 ( 51%)]  Loss: 28.46 (29.2)  Loss_cat: 0.7984 (0.913)  Loss_feat: 25.94 (26.5)  Loss_gt: 1.721 (1.73) LR: 5.000e-03
2025-09-11 21:43:47,877 -                train: [    INFO] - Train: 161 [ 600/781 ( 77%)]  Loss: 28.84 (29.2)  Loss_cat: 0.8837 (0.913)  Loss_feat: 26.29 (26.5)  Loss_gt: 1.663 (1.72) LR: 5.000e-03
2025-09-11 21:44:05,185 -                train: [    INFO] - Train: 161 [ 780/781 (100%)]  Loss: 29.36 (29.2)  Loss_cat: 0.9693 (0.914)  Loss_feat: 26.89 (26.5)  Loss_gt: 1.495 (1.72) LR: 5.000e-03
2025-09-11 21:44:05,308 -                train: [    INFO] - Test: [   0/156]  Time: 0.116 (0.116)  Loss:  0.5920 (0.5920)  Acc@1: 81.2500 (81.2500)  Acc@5: 100.0000 (100.0000)
2025-09-11 21:44:08,323 -                train: [    INFO] - Test: [ 156/156]  Time: 0.009 (0.020)  Loss:  0.9243 (0.6973)  Acc@1: 75.0000 (81.0200)  Acc@5: 87.5000 (96.8700)
2025-09-11 21:44:08,811 - timm.utils.checkpoint_saver: [    INFO] - Current checkpoints:
 ('./output/train/20250911-181227-resnet18_vcaV2-224/checkpoint/checkpoint-161.pth.tar', 81.02)
 ('./output/train/20250911-181227-resnet18_vcaV2-224/checkpoint/checkpoint-159.pth.tar', 80.79)
 ('./output/train/20250911-181227-resnet18_vcaV2-224/checkpoint/checkpoint-160.pth.tar', 80.68)
 ('./output/train/20250911-181227-resnet18_vcaV2-224/checkpoint/checkpoint-158.pth.tar', 80.67)
 ('./output/train/20250911-181227-resnet18_vcaV2-224/checkpoint/checkpoint-157.pth.tar', 80.4)
 ('./output/train/20250911-181227-resnet18_vcaV2-224/checkpoint/checkpoint-154.pth.tar', 80.23)
 ('./output/train/20250911-181227-resnet18_vcaV2-224/checkpoint/checkpoint-156.pth.tar', 80.11)
 ('./output/train/20250911-181227-resnet18_vcaV2-224/checkpoint/checkpoint-155.pth.tar', 80.02)
 ('./output/train/20250911-181227-resnet18_vcaV2-224/checkpoint/checkpoint-153.pth.tar', 79.99)
 ('./output/train/20250911-181227-resnet18_vcaV2-224/checkpoint/checkpoint-152.pth.tar', 79.68)

2025-09-11 21:44:09,009 -                train: [    INFO] - Train: 162 [   0/781 (  0%)]  Loss: 29.24 (29.2)  Loss_cat: 0.8838 (0.884)  Loss_feat: 26.69 (26.7)  Loss_gt: 1.659 (1.66) LR: 5.000e-03
2025-09-11 21:44:28,003 -                train: [    INFO] - Train: 162 [ 200/781 ( 26%)]  Loss: 29.53 (29.1)  Loss_cat: 0.9155 (0.915)  Loss_feat: 26.80 (26.5)  Loss_gt: 1.822 (1.72) LR: 5.000e-03
2025-09-11 21:44:47,016 -                train: [    INFO] - Train: 162 [ 400/781 ( 51%)]  Loss: 29.88 (29.1)  Loss_cat: 0.9677 (0.916)  Loss_feat: 27.48 (26.5)  Loss_gt: 1.432 (1.71) LR: 5.000e-03
2025-09-11 21:45:06,147 -                train: [    INFO] - Train: 162 [ 600/781 ( 77%)]  Loss: 29.85 (29.1)  Loss_cat: 0.9749 (0.914)  Loss_feat: 27.08 (26.5)  Loss_gt: 1.800 (1.71) LR: 5.000e-03
2025-09-11 21:45:23,235 -                train: [    INFO] - Train: 162 [ 780/781 (100%)]  Loss: 29.04 (29.1)  Loss_cat: 0.9358 (0.914)  Loss_feat: 26.39 (26.5)  Loss_gt: 1.710 (1.71) LR: 5.000e-03
2025-09-11 21:45:23,347 -                train: [    INFO] - Test: [   0/156]  Time: 0.106 (0.106)  Loss:  0.6063 (0.6063)  Acc@1: 84.3750 (84.3750)  Acc@5: 98.4375 (98.4375)
2025-09-11 21:45:26,440 -                train: [    INFO] - Test: [ 156/156]  Time: 0.008 (0.020)  Loss:  0.9035 (0.7006)  Acc@1: 75.0000 (81.2100)  Acc@5: 87.5000 (96.7800)
2025-09-11 21:45:26,850 - timm.utils.checkpoint_saver: [    INFO] - Current checkpoints:
 ('./output/train/20250911-181227-resnet18_vcaV2-224/checkpoint/checkpoint-162.pth.tar', 81.21)
 ('./output/train/20250911-181227-resnet18_vcaV2-224/checkpoint/checkpoint-161.pth.tar', 81.02)
 ('./output/train/20250911-181227-resnet18_vcaV2-224/checkpoint/checkpoint-159.pth.tar', 80.79)
 ('./output/train/20250911-181227-resnet18_vcaV2-224/checkpoint/checkpoint-160.pth.tar', 80.68)
 ('./output/train/20250911-181227-resnet18_vcaV2-224/checkpoint/checkpoint-158.pth.tar', 80.67)
 ('./output/train/20250911-181227-resnet18_vcaV2-224/checkpoint/checkpoint-157.pth.tar', 80.4)
 ('./output/train/20250911-181227-resnet18_vcaV2-224/checkpoint/checkpoint-154.pth.tar', 80.23)
 ('./output/train/20250911-181227-resnet18_vcaV2-224/checkpoint/checkpoint-156.pth.tar', 80.11)
 ('./output/train/20250911-181227-resnet18_vcaV2-224/checkpoint/checkpoint-155.pth.tar', 80.02)
 ('./output/train/20250911-181227-resnet18_vcaV2-224/checkpoint/checkpoint-153.pth.tar', 79.99)

2025-09-11 21:45:27,038 -                train: [    INFO] - Train: 163 [   0/781 (  0%)]  Loss: 29.02 (29.0)  Loss_cat: 0.9117 (0.912)  Loss_feat: 26.35 (26.4)  Loss_gt: 1.756 (1.76) LR: 5.000e-03
2025-09-11 21:45:46,248 -                train: [    INFO] - Train: 163 [ 200/781 ( 26%)]  Loss: 29.20 (29.1)  Loss_cat: 0.8640 (0.908)  Loss_feat: 26.28 (26.5)  Loss_gt: 2.065 (1.70) LR: 5.000e-03
2025-09-11 21:46:05,295 -                train: [    INFO] - Train: 163 [ 400/781 ( 51%)]  Loss: 29.06 (29.1)  Loss_cat: 0.9481 (0.910)  Loss_feat: 26.46 (26.5)  Loss_gt: 1.651 (1.70) LR: 5.000e-03
2025-09-11 21:46:24,324 -                train: [    INFO] - Train: 163 [ 600/781 ( 77%)]  Loss: 29.27 (29.1)  Loss_cat: 0.8998 (0.908)  Loss_feat: 26.49 (26.5)  Loss_gt: 1.880 (1.70) LR: 5.000e-03
2025-09-11 21:46:41,437 -                train: [    INFO] - Train: 163 [ 780/781 (100%)]  Loss: 29.45 (29.1)  Loss_cat: 0.9181 (0.909)  Loss_feat: 26.71 (26.5)  Loss_gt: 1.823 (1.71) LR: 5.000e-03
2025-09-11 21:46:41,550 -                train: [    INFO] - Test: [   0/156]  Time: 0.107 (0.107)  Loss:  0.5736 (0.5736)  Acc@1: 85.9375 (85.9375)  Acc@5: 98.4375 (98.4375)
2025-09-11 21:46:44,549 -                train: [    INFO] - Test: [ 156/156]  Time: 0.008 (0.020)  Loss:  0.9551 (0.6954)  Acc@1: 75.0000 (81.1300)  Acc@5: 93.7500 (96.8700)
2025-09-11 21:46:44,842 - timm.utils.checkpoint_saver: [    INFO] - Current checkpoints:
 ('./output/train/20250911-181227-resnet18_vcaV2-224/checkpoint/checkpoint-162.pth.tar', 81.21)
 ('./output/train/20250911-181227-resnet18_vcaV2-224/checkpoint/checkpoint-163.pth.tar', 81.13)
 ('./output/train/20250911-181227-resnet18_vcaV2-224/checkpoint/checkpoint-161.pth.tar', 81.02)
 ('./output/train/20250911-181227-resnet18_vcaV2-224/checkpoint/checkpoint-159.pth.tar', 80.79)
 ('./output/train/20250911-181227-resnet18_vcaV2-224/checkpoint/checkpoint-160.pth.tar', 80.68)
 ('./output/train/20250911-181227-resnet18_vcaV2-224/checkpoint/checkpoint-158.pth.tar', 80.67)
 ('./output/train/20250911-181227-resnet18_vcaV2-224/checkpoint/checkpoint-157.pth.tar', 80.4)
 ('./output/train/20250911-181227-resnet18_vcaV2-224/checkpoint/checkpoint-154.pth.tar', 80.23)
 ('./output/train/20250911-181227-resnet18_vcaV2-224/checkpoint/checkpoint-156.pth.tar', 80.11)
 ('./output/train/20250911-181227-resnet18_vcaV2-224/checkpoint/checkpoint-155.pth.tar', 80.02)

2025-09-11 21:46:45,030 -                train: [    INFO] - Train: 164 [   0/781 (  0%)]  Loss: 27.96 (28.0)  Loss_cat: 0.7945 (0.794)  Loss_feat: 25.59 (25.6)  Loss_gt: 1.579 (1.58) LR: 5.000e-03
2025-09-11 21:47:04,128 -                train: [    INFO] - Train: 164 [ 200/781 ( 26%)]  Loss: 28.63 (29.1)  Loss_cat: 0.8283 (0.906)  Loss_feat: 26.23 (26.5)  Loss_gt: 1.567 (1.70) LR: 5.000e-03
2025-09-11 21:47:23,242 -                train: [    INFO] - Train: 164 [ 400/781 ( 51%)]  Loss: 29.05 (29.1)  Loss_cat: 0.8992 (0.909)  Loss_feat: 26.29 (26.5)  Loss_gt: 1.865 (1.70) LR: 5.000e-03
2025-09-11 21:47:42,245 -                train: [    INFO] - Train: 164 [ 600/781 ( 77%)]  Loss: 29.10 (29.1)  Loss_cat: 0.8869 (0.910)  Loss_feat: 26.45 (26.5)  Loss_gt: 1.763 (1.70) LR: 5.000e-03
2025-09-11 21:47:59,350 -                train: [    INFO] - Train: 164 [ 780/781 (100%)]  Loss: 28.85 (29.1)  Loss_cat: 0.8909 (0.910)  Loss_feat: 26.23 (26.5)  Loss_gt: 1.730 (1.70) LR: 5.000e-03
2025-09-11 21:47:59,457 -                train: [    INFO] - Test: [   0/156]  Time: 0.101 (0.101)  Loss:  0.5741 (0.5741)  Acc@1: 87.5000 (87.5000)  Acc@5: 98.4375 (98.4375)
2025-09-11 21:48:02,444 -                train: [    INFO] - Test: [ 156/156]  Time: 0.009 (0.020)  Loss:  1.0388 (0.6931)  Acc@1: 75.0000 (80.8700)  Acc@5: 87.5000 (96.7700)
2025-09-11 21:48:02,783 - timm.utils.checkpoint_saver: [    INFO] - Current checkpoints:
 ('./output/train/20250911-181227-resnet18_vcaV2-224/checkpoint/checkpoint-162.pth.tar', 81.21)
 ('./output/train/20250911-181227-resnet18_vcaV2-224/checkpoint/checkpoint-163.pth.tar', 81.13)
 ('./output/train/20250911-181227-resnet18_vcaV2-224/checkpoint/checkpoint-161.pth.tar', 81.02)
 ('./output/train/20250911-181227-resnet18_vcaV2-224/checkpoint/checkpoint-164.pth.tar', 80.87)
 ('./output/train/20250911-181227-resnet18_vcaV2-224/checkpoint/checkpoint-159.pth.tar', 80.79)
 ('./output/train/20250911-181227-resnet18_vcaV2-224/checkpoint/checkpoint-160.pth.tar', 80.68)
 ('./output/train/20250911-181227-resnet18_vcaV2-224/checkpoint/checkpoint-158.pth.tar', 80.67)
 ('./output/train/20250911-181227-resnet18_vcaV2-224/checkpoint/checkpoint-157.pth.tar', 80.4)
 ('./output/train/20250911-181227-resnet18_vcaV2-224/checkpoint/checkpoint-154.pth.tar', 80.23)
 ('./output/train/20250911-181227-resnet18_vcaV2-224/checkpoint/checkpoint-156.pth.tar', 80.11)

2025-09-11 21:48:02,976 -                train: [    INFO] - Train: 165 [   0/781 (  0%)]  Loss: 27.91 (27.9)  Loss_cat: 0.8516 (0.852)  Loss_feat: 25.50 (25.5)  Loss_gt: 1.557 (1.56) LR: 5.000e-03
2025-09-11 21:48:21,974 -                train: [    INFO] - Train: 165 [ 200/781 ( 26%)]  Loss: 28.82 (29.1)  Loss_cat: 0.8814 (0.907)  Loss_feat: 26.39 (26.5)  Loss_gt: 1.552 (1.70) LR: 5.000e-03
2025-09-11 21:48:40,993 -                train: [    INFO] - Train: 165 [ 400/781 ( 51%)]  Loss: 28.43 (29.1)  Loss_cat: 0.8483 (0.909)  Loss_feat: 26.08 (26.5)  Loss_gt: 1.499 (1.69) LR: 5.000e-03
2025-09-11 21:49:00,061 -                train: [    INFO] - Train: 165 [ 600/781 ( 77%)]  Loss: 29.63 (29.1)  Loss_cat: 0.9094 (0.908)  Loss_feat: 27.06 (26.5)  Loss_gt: 1.663 (1.69) LR: 5.000e-03
2025-09-11 21:49:17,151 -                train: [    INFO] - Train: 165 [ 780/781 (100%)]  Loss: 28.39 (29.1)  Loss_cat: 0.8380 (0.908)  Loss_feat: 26.25 (26.5)  Loss_gt: 1.295 (1.69) LR: 5.000e-03
2025-09-11 21:49:17,263 -                train: [    INFO] - Test: [   0/156]  Time: 0.106 (0.106)  Loss:  0.6088 (0.6088)  Acc@1: 84.3750 (84.3750)  Acc@5: 100.0000 (100.0000)
2025-09-11 21:49:20,185 -                train: [    INFO] - Test: [ 156/156]  Time: 0.009 (0.019)  Loss:  0.9626 (0.6961)  Acc@1: 75.0000 (80.8000)  Acc@5: 87.5000 (96.8000)
2025-09-11 21:49:20,494 - timm.utils.checkpoint_saver: [    INFO] - Current checkpoints:
 ('./output/train/20250911-181227-resnet18_vcaV2-224/checkpoint/checkpoint-162.pth.tar', 81.21)
 ('./output/train/20250911-181227-resnet18_vcaV2-224/checkpoint/checkpoint-163.pth.tar', 81.13)
 ('./output/train/20250911-181227-resnet18_vcaV2-224/checkpoint/checkpoint-161.pth.tar', 81.02)
 ('./output/train/20250911-181227-resnet18_vcaV2-224/checkpoint/checkpoint-164.pth.tar', 80.87)
 ('./output/train/20250911-181227-resnet18_vcaV2-224/checkpoint/checkpoint-165.pth.tar', 80.8)
 ('./output/train/20250911-181227-resnet18_vcaV2-224/checkpoint/checkpoint-159.pth.tar', 80.79)
 ('./output/train/20250911-181227-resnet18_vcaV2-224/checkpoint/checkpoint-160.pth.tar', 80.68)
 ('./output/train/20250911-181227-resnet18_vcaV2-224/checkpoint/checkpoint-158.pth.tar', 80.67)
 ('./output/train/20250911-181227-resnet18_vcaV2-224/checkpoint/checkpoint-157.pth.tar', 80.4)
 ('./output/train/20250911-181227-resnet18_vcaV2-224/checkpoint/checkpoint-154.pth.tar', 80.23)

2025-09-11 21:49:20,688 -                train: [    INFO] - Train: 166 [   0/781 (  0%)]  Loss: 29.21 (29.2)  Loss_cat: 0.8983 (0.898)  Loss_feat: 26.40 (26.4)  Loss_gt: 1.903 (1.90) LR: 5.000e-03
2025-09-11 21:49:39,650 -                train: [    INFO] - Train: 166 [ 200/781 ( 26%)]  Loss: 28.98 (29.1)  Loss_cat: 0.9163 (0.907)  Loss_feat: 26.39 (26.4)  Loss_gt: 1.675 (1.70) LR: 5.000e-03
2025-09-11 21:49:58,711 -                train: [    INFO] - Train: 166 [ 400/781 ( 51%)]  Loss: 28.26 (29.0)  Loss_cat: 0.8201 (0.907)  Loss_feat: 26.03 (26.4)  Loss_gt: 1.411 (1.70) LR: 5.000e-03
2025-09-11 21:50:17,689 -                train: [    INFO] - Train: 166 [ 600/781 ( 77%)]  Loss: 29.41 (29.1)  Loss_cat: 0.9295 (0.910)  Loss_feat: 26.68 (26.5)  Loss_gt: 1.802 (1.70) LR: 5.000e-03
2025-09-11 21:50:34,964 -                train: [    INFO] - Train: 166 [ 780/781 (100%)]  Loss: 28.69 (29.1)  Loss_cat: 0.9200 (0.910)  Loss_feat: 26.36 (26.5)  Loss_gt: 1.408 (1.70) LR: 5.000e-03
2025-09-11 21:50:35,072 -                train: [    INFO] - Test: [   0/156]  Time: 0.103 (0.103)  Loss:  0.5965 (0.5965)  Acc@1: 82.8125 (82.8125)  Acc@5: 96.8750 (96.8750)
2025-09-11 21:50:38,003 -                train: [    INFO] - Test: [ 156/156]  Time: 0.008 (0.019)  Loss:  0.8409 (0.6800)  Acc@1: 81.2500 (80.8800)  Acc@5: 93.7500 (96.7500)
2025-09-11 21:50:38,283 - timm.utils.checkpoint_saver: [    INFO] - Current checkpoints:
 ('./output/train/20250911-181227-resnet18_vcaV2-224/checkpoint/checkpoint-162.pth.tar', 81.21)
 ('./output/train/20250911-181227-resnet18_vcaV2-224/checkpoint/checkpoint-163.pth.tar', 81.13)
 ('./output/train/20250911-181227-resnet18_vcaV2-224/checkpoint/checkpoint-161.pth.tar', 81.02)
 ('./output/train/20250911-181227-resnet18_vcaV2-224/checkpoint/checkpoint-166.pth.tar', 80.88)
 ('./output/train/20250911-181227-resnet18_vcaV2-224/checkpoint/checkpoint-164.pth.tar', 80.87)
 ('./output/train/20250911-181227-resnet18_vcaV2-224/checkpoint/checkpoint-165.pth.tar', 80.8)
 ('./output/train/20250911-181227-resnet18_vcaV2-224/checkpoint/checkpoint-159.pth.tar', 80.79)
 ('./output/train/20250911-181227-resnet18_vcaV2-224/checkpoint/checkpoint-160.pth.tar', 80.68)
 ('./output/train/20250911-181227-resnet18_vcaV2-224/checkpoint/checkpoint-158.pth.tar', 80.67)
 ('./output/train/20250911-181227-resnet18_vcaV2-224/checkpoint/checkpoint-157.pth.tar', 80.4)

2025-09-11 21:50:38,472 -                train: [    INFO] - Train: 167 [   0/781 (  0%)]  Loss: 29.38 (29.4)  Loss_cat: 0.9088 (0.909)  Loss_feat: 26.85 (26.8)  Loss_gt: 1.629 (1.63) LR: 5.000e-03
2025-09-11 21:50:57,447 -                train: [    INFO] - Train: 167 [ 200/781 ( 26%)]  Loss: 29.92 (29.0)  Loss_cat: 1.094 (0.907)  Loss_feat: 27.39 (26.4)  Loss_gt: 1.441 (1.68) LR: 5.000e-03
2025-09-11 21:51:16,513 -                train: [    INFO] - Train: 167 [ 400/781 ( 51%)]  Loss: 29.07 (29.0)  Loss_cat: 0.9054 (0.909)  Loss_feat: 26.53 (26.4)  Loss_gt: 1.631 (1.69) LR: 5.000e-03
2025-09-11 21:51:35,527 -                train: [    INFO] - Train: 167 [ 600/781 ( 77%)]  Loss: 28.97 (29.1)  Loss_cat: 0.9006 (0.910)  Loss_feat: 26.27 (26.5)  Loss_gt: 1.792 (1.69) LR: 5.000e-03
2025-09-11 21:51:52,660 -                train: [    INFO] - Train: 167 [ 780/781 (100%)]  Loss: 28.59 (29.1)  Loss_cat: 0.8558 (0.909)  Loss_feat: 26.02 (26.4)  Loss_gt: 1.716 (1.69) LR: 5.000e-03
2025-09-11 21:51:52,773 -                train: [    INFO] - Test: [   0/156]  Time: 0.108 (0.108)  Loss:  0.5869 (0.5869)  Acc@1: 82.8125 (82.8125)  Acc@5: 100.0000 (100.0000)
2025-09-11 21:51:55,829 -                train: [    INFO] - Test: [ 156/156]  Time: 0.008 (0.020)  Loss:  0.9791 (0.7102)  Acc@1: 75.0000 (80.7700)  Acc@5: 87.5000 (96.9900)
2025-09-11 21:51:56,403 - timm.utils.checkpoint_saver: [    INFO] - Current checkpoints:
 ('./output/train/20250911-181227-resnet18_vcaV2-224/checkpoint/checkpoint-162.pth.tar', 81.21)
 ('./output/train/20250911-181227-resnet18_vcaV2-224/checkpoint/checkpoint-163.pth.tar', 81.13)
 ('./output/train/20250911-181227-resnet18_vcaV2-224/checkpoint/checkpoint-161.pth.tar', 81.02)
 ('./output/train/20250911-181227-resnet18_vcaV2-224/checkpoint/checkpoint-166.pth.tar', 80.88)
 ('./output/train/20250911-181227-resnet18_vcaV2-224/checkpoint/checkpoint-164.pth.tar', 80.87)
 ('./output/train/20250911-181227-resnet18_vcaV2-224/checkpoint/checkpoint-165.pth.tar', 80.8)
 ('./output/train/20250911-181227-resnet18_vcaV2-224/checkpoint/checkpoint-159.pth.tar', 80.79)
 ('./output/train/20250911-181227-resnet18_vcaV2-224/checkpoint/checkpoint-167.pth.tar', 80.77)
 ('./output/train/20250911-181227-resnet18_vcaV2-224/checkpoint/checkpoint-160.pth.tar', 80.68)
 ('./output/train/20250911-181227-resnet18_vcaV2-224/checkpoint/checkpoint-158.pth.tar', 80.67)

2025-09-11 21:51:56,607 -                train: [    INFO] - Train: 168 [   0/781 (  0%)]  Loss: 29.67 (29.7)  Loss_cat: 0.9669 (0.967)  Loss_feat: 27.17 (27.2)  Loss_gt: 1.531 (1.53) LR: 5.000e-03
2025-09-11 21:52:15,648 -                train: [    INFO] - Train: 168 [ 200/781 ( 26%)]  Loss: 28.91 (29.1)  Loss_cat: 0.8766 (0.911)  Loss_feat: 26.38 (26.5)  Loss_gt: 1.648 (1.70) LR: 5.000e-03
2025-09-11 21:52:34,663 -                train: [    INFO] - Train: 168 [ 400/781 ( 51%)]  Loss: 29.52 (29.0)  Loss_cat: 0.9230 (0.906)  Loss_feat: 26.84 (26.4)  Loss_gt: 1.757 (1.69) LR: 5.000e-03
2025-09-11 21:52:53,860 -                train: [    INFO] - Train: 168 [ 600/781 ( 77%)]  Loss: 29.26 (29.1)  Loss_cat: 0.9248 (0.906)  Loss_feat: 26.54 (26.4)  Loss_gt: 1.796 (1.70) LR: 5.000e-03
2025-09-11 21:53:11,003 -                train: [    INFO] - Train: 168 [ 780/781 (100%)]  Loss: 29.25 (29.0)  Loss_cat: 0.8661 (0.905)  Loss_feat: 26.55 (26.4)  Loss_gt: 1.831 (1.70) LR: 5.000e-03
2025-09-11 21:53:11,118 -                train: [    INFO] - Test: [   0/156]  Time: 0.110 (0.110)  Loss:  0.6288 (0.6288)  Acc@1: 81.2500 (81.2500)  Acc@5: 96.8750 (96.8750)
2025-09-11 21:53:14,076 -                train: [    INFO] - Test: [ 156/156]  Time: 0.008 (0.020)  Loss:  1.0584 (0.6912)  Acc@1: 75.0000 (81.0200)  Acc@5: 87.5000 (96.8800)
2025-09-11 21:53:14,375 - timm.utils.checkpoint_saver: [    INFO] - Current checkpoints:
 ('./output/train/20250911-181227-resnet18_vcaV2-224/checkpoint/checkpoint-162.pth.tar', 81.21)
 ('./output/train/20250911-181227-resnet18_vcaV2-224/checkpoint/checkpoint-163.pth.tar', 81.13)
 ('./output/train/20250911-181227-resnet18_vcaV2-224/checkpoint/checkpoint-161.pth.tar', 81.02)
 ('./output/train/20250911-181227-resnet18_vcaV2-224/checkpoint/checkpoint-168.pth.tar', 81.02)
 ('./output/train/20250911-181227-resnet18_vcaV2-224/checkpoint/checkpoint-166.pth.tar', 80.88)
 ('./output/train/20250911-181227-resnet18_vcaV2-224/checkpoint/checkpoint-164.pth.tar', 80.87)
 ('./output/train/20250911-181227-resnet18_vcaV2-224/checkpoint/checkpoint-165.pth.tar', 80.8)
 ('./output/train/20250911-181227-resnet18_vcaV2-224/checkpoint/checkpoint-159.pth.tar', 80.79)
 ('./output/train/20250911-181227-resnet18_vcaV2-224/checkpoint/checkpoint-167.pth.tar', 80.77)
 ('./output/train/20250911-181227-resnet18_vcaV2-224/checkpoint/checkpoint-160.pth.tar', 80.68)

2025-09-11 21:53:14,558 -                train: [    INFO] - Train: 169 [   0/781 (  0%)]  Loss: 29.26 (29.3)  Loss_cat: 0.8998 (0.900)  Loss_feat: 26.45 (26.5)  Loss_gt: 1.909 (1.91) LR: 5.000e-03
2025-09-11 21:53:33,661 -                train: [    INFO] - Train: 169 [ 200/781 ( 26%)]  Loss: 29.19 (29.0)  Loss_cat: 0.9741 (0.906)  Loss_feat: 26.53 (26.5)  Loss_gt: 1.684 (1.67) LR: 5.000e-03
2025-09-11 21:53:52,731 -                train: [    INFO] - Train: 169 [ 400/781 ( 51%)]  Loss: 27.81 (29.0)  Loss_cat: 0.7766 (0.905)  Loss_feat: 25.42 (26.4)  Loss_gt: 1.616 (1.68) LR: 5.000e-03
2025-09-11 21:54:11,830 -                train: [    INFO] - Train: 169 [ 600/781 ( 77%)]  Loss: 29.08 (29.0)  Loss_cat: 0.8868 (0.905)  Loss_feat: 26.65 (26.4)  Loss_gt: 1.545 (1.68) LR: 5.000e-03
2025-09-11 21:54:29,036 -                train: [    INFO] - Train: 169 [ 780/781 (100%)]  Loss: 29.32 (29.0)  Loss_cat: 0.9180 (0.904)  Loss_feat: 26.58 (26.4)  Loss_gt: 1.820 (1.68) LR: 5.000e-03
2025-09-11 21:54:29,146 -                train: [    INFO] - Test: [   0/156]  Time: 0.105 (0.105)  Loss:  0.5567 (0.5567)  Acc@1: 89.0625 (89.0625)  Acc@5: 100.0000 (100.0000)
2025-09-11 21:54:32,141 -                train: [    INFO] - Test: [ 156/156]  Time: 0.009 (0.020)  Loss:  1.0364 (0.7104)  Acc@1: 75.0000 (81.1000)  Acc@5: 87.5000 (96.8700)
2025-09-11 21:54:32,464 - timm.utils.checkpoint_saver: [    INFO] - Current checkpoints:
 ('./output/train/20250911-181227-resnet18_vcaV2-224/checkpoint/checkpoint-162.pth.tar', 81.21)
 ('./output/train/20250911-181227-resnet18_vcaV2-224/checkpoint/checkpoint-163.pth.tar', 81.13)
 ('./output/train/20250911-181227-resnet18_vcaV2-224/checkpoint/checkpoint-169.pth.tar', 81.1)
 ('./output/train/20250911-181227-resnet18_vcaV2-224/checkpoint/checkpoint-161.pth.tar', 81.02)
 ('./output/train/20250911-181227-resnet18_vcaV2-224/checkpoint/checkpoint-168.pth.tar', 81.02)
 ('./output/train/20250911-181227-resnet18_vcaV2-224/checkpoint/checkpoint-166.pth.tar', 80.88)
 ('./output/train/20250911-181227-resnet18_vcaV2-224/checkpoint/checkpoint-164.pth.tar', 80.87)
 ('./output/train/20250911-181227-resnet18_vcaV2-224/checkpoint/checkpoint-165.pth.tar', 80.8)
 ('./output/train/20250911-181227-resnet18_vcaV2-224/checkpoint/checkpoint-159.pth.tar', 80.79)
 ('./output/train/20250911-181227-resnet18_vcaV2-224/checkpoint/checkpoint-167.pth.tar', 80.77)

2025-09-11 21:54:32,662 -                train: [    INFO] - Train: 170 [   0/781 (  0%)]  Loss: 28.72 (28.7)  Loss_cat: 0.8885 (0.888)  Loss_feat: 26.18 (26.2)  Loss_gt: 1.648 (1.65) LR: 5.000e-03
2025-09-11 21:54:51,642 -                train: [    INFO] - Train: 170 [ 200/781 ( 26%)]  Loss: 29.51 (29.0)  Loss_cat: 0.8924 (0.899)  Loss_feat: 26.74 (26.4)  Loss_gt: 1.874 (1.68) LR: 5.000e-03
2025-09-11 21:55:10,733 -                train: [    INFO] - Train: 170 [ 400/781 ( 51%)]  Loss: 28.28 (29.0)  Loss_cat: 0.8249 (0.901)  Loss_feat: 25.94 (26.4)  Loss_gt: 1.510 (1.68) LR: 5.000e-03
2025-09-11 21:55:29,706 -                train: [    INFO] - Train: 170 [ 600/781 ( 77%)]  Loss: 29.56 (29.0)  Loss_cat: 0.9445 (0.902)  Loss_feat: 27.11 (26.4)  Loss_gt: 1.510 (1.68) LR: 5.000e-03
2025-09-11 21:55:46,854 -                train: [    INFO] - Train: 170 [ 780/781 (100%)]  Loss: 28.99 (29.0)  Loss_cat: 0.9038 (0.904)  Loss_feat: 26.44 (26.4)  Loss_gt: 1.643 (1.68) LR: 5.000e-03
2025-09-11 21:55:46,959 -                train: [    INFO] - Test: [   0/156]  Time: 0.099 (0.099)  Loss:  0.6083 (0.6083)  Acc@1: 84.3750 (84.3750)  Acc@5: 96.8750 (96.8750)
2025-09-11 21:55:50,069 -                train: [    INFO] - Test: [ 156/156]  Time: 0.008 (0.020)  Loss:  1.0918 (0.7005)  Acc@1: 75.0000 (81.1700)  Acc@5: 87.5000 (96.8200)
2025-09-11 21:55:50,386 - timm.utils.checkpoint_saver: [    INFO] - Current checkpoints:
 ('./output/train/20250911-181227-resnet18_vcaV2-224/checkpoint/checkpoint-162.pth.tar', 81.21)
 ('./output/train/20250911-181227-resnet18_vcaV2-224/checkpoint/checkpoint-170.pth.tar', 81.17)
 ('./output/train/20250911-181227-resnet18_vcaV2-224/checkpoint/checkpoint-163.pth.tar', 81.13)
 ('./output/train/20250911-181227-resnet18_vcaV2-224/checkpoint/checkpoint-169.pth.tar', 81.1)
 ('./output/train/20250911-181227-resnet18_vcaV2-224/checkpoint/checkpoint-161.pth.tar', 81.02)
 ('./output/train/20250911-181227-resnet18_vcaV2-224/checkpoint/checkpoint-168.pth.tar', 81.02)
 ('./output/train/20250911-181227-resnet18_vcaV2-224/checkpoint/checkpoint-166.pth.tar', 80.88)
 ('./output/train/20250911-181227-resnet18_vcaV2-224/checkpoint/checkpoint-164.pth.tar', 80.87)
 ('./output/train/20250911-181227-resnet18_vcaV2-224/checkpoint/checkpoint-165.pth.tar', 80.8)
 ('./output/train/20250911-181227-resnet18_vcaV2-224/checkpoint/checkpoint-159.pth.tar', 80.79)

2025-09-11 21:55:50,592 -                train: [    INFO] - Train: 171 [   0/781 (  0%)]  Loss: 29.08 (29.1)  Loss_cat: 0.8557 (0.856)  Loss_feat: 26.40 (26.4)  Loss_gt: 1.824 (1.82) LR: 5.000e-03
2025-09-11 21:56:09,734 -                train: [    INFO] - Train: 171 [ 200/781 ( 26%)]  Loss: 28.43 (29.0)  Loss_cat: 0.8506 (0.908)  Loss_feat: 26.30 (26.4)  Loss_gt: 1.283 (1.68) LR: 5.000e-03
2025-09-11 21:56:28,848 -                train: [    INFO] - Train: 171 [ 400/781 ( 51%)]  Loss: 29.33 (29.0)  Loss_cat: 0.9354 (0.907)  Loss_feat: 26.72 (26.4)  Loss_gt: 1.665 (1.68) LR: 5.000e-03
2025-09-11 21:56:47,877 -                train: [    INFO] - Train: 171 [ 600/781 ( 77%)]  Loss: 29.14 (29.0)  Loss_cat: 0.9044 (0.904)  Loss_feat: 26.65 (26.4)  Loss_gt: 1.583 (1.68) LR: 5.000e-03
2025-09-11 21:57:05,102 -                train: [    INFO] - Train: 171 [ 780/781 (100%)]  Loss: 29.69 (29.0)  Loss_cat: 0.9096 (0.905)  Loss_feat: 26.87 (26.4)  Loss_gt: 1.906 (1.68) LR: 5.000e-03
2025-09-11 21:57:05,209 -                train: [    INFO] - Test: [   0/156]  Time: 0.102 (0.102)  Loss:  0.6120 (0.6120)  Acc@1: 84.3750 (84.3750)  Acc@5: 96.8750 (96.8750)
2025-09-11 21:57:08,189 -                train: [    INFO] - Test: [ 156/156]  Time: 0.009 (0.020)  Loss:  0.9583 (0.7012)  Acc@1: 75.0000 (81.1700)  Acc@5: 87.5000 (96.8500)
2025-09-11 21:57:08,536 - timm.utils.checkpoint_saver: [    INFO] - Current checkpoints:
 ('./output/train/20250911-181227-resnet18_vcaV2-224/checkpoint/checkpoint-162.pth.tar', 81.21)
 ('./output/train/20250911-181227-resnet18_vcaV2-224/checkpoint/checkpoint-170.pth.tar', 81.17)
 ('./output/train/20250911-181227-resnet18_vcaV2-224/checkpoint/checkpoint-171.pth.tar', 81.17)
 ('./output/train/20250911-181227-resnet18_vcaV2-224/checkpoint/checkpoint-163.pth.tar', 81.13)
 ('./output/train/20250911-181227-resnet18_vcaV2-224/checkpoint/checkpoint-169.pth.tar', 81.1)
 ('./output/train/20250911-181227-resnet18_vcaV2-224/checkpoint/checkpoint-161.pth.tar', 81.02)
 ('./output/train/20250911-181227-resnet18_vcaV2-224/checkpoint/checkpoint-168.pth.tar', 81.02)
 ('./output/train/20250911-181227-resnet18_vcaV2-224/checkpoint/checkpoint-166.pth.tar', 80.88)
 ('./output/train/20250911-181227-resnet18_vcaV2-224/checkpoint/checkpoint-164.pth.tar', 80.87)
 ('./output/train/20250911-181227-resnet18_vcaV2-224/checkpoint/checkpoint-165.pth.tar', 80.8)

2025-09-11 21:57:08,729 -                train: [    INFO] - Train: 172 [   0/781 (  0%)]  Loss: 29.08 (29.1)  Loss_cat: 0.8980 (0.898)  Loss_feat: 26.47 (26.5)  Loss_gt: 1.720 (1.72) LR: 5.000e-03
2025-09-11 21:57:27,873 -                train: [    INFO] - Train: 172 [ 200/781 ( 26%)]  Loss: 28.65 (29.0)  Loss_cat: 0.8851 (0.898)  Loss_feat: 25.95 (26.4)  Loss_gt: 1.813 (1.68) LR: 5.000e-03
2025-09-11 21:57:46,896 -                train: [    INFO] - Train: 172 [ 400/781 ( 51%)]  Loss: 30.01 (29.0)  Loss_cat: 0.9752 (0.901)  Loss_feat: 27.19 (26.4)  Loss_gt: 1.849 (1.68) LR: 5.000e-03
2025-09-11 21:58:06,051 -                train: [    INFO] - Train: 172 [ 600/781 ( 77%)]  Loss: 29.72 (29.0)  Loss_cat: 0.9272 (0.900)  Loss_feat: 26.89 (26.4)  Loss_gt: 1.897 (1.68) LR: 5.000e-03
2025-09-11 21:58:23,339 -                train: [    INFO] - Train: 172 [ 780/781 (100%)]  Loss: 29.42 (29.0)  Loss_cat: 0.9362 (0.902)  Loss_feat: 26.80 (26.4)  Loss_gt: 1.683 (1.68) LR: 5.000e-03
2025-09-11 21:58:23,445 -                train: [    INFO] - Test: [   0/156]  Time: 0.100 (0.100)  Loss:  0.5985 (0.5985)  Acc@1: 84.3750 (84.3750)  Acc@5: 98.4375 (98.4375)
2025-09-11 21:58:26,428 -                train: [    INFO] - Test: [ 156/156]  Time: 0.010 (0.020)  Loss:  0.8698 (0.6961)  Acc@1: 75.0000 (80.7800)  Acc@5: 93.7500 (96.9100)
2025-09-11 21:58:27,149 -                train: [    INFO] - Train: 173 [   0/781 (  0%)]  Loss: 29.41 (29.4)  Loss_cat: 0.9116 (0.912)  Loss_feat: 26.75 (26.8)  Loss_gt: 1.746 (1.75) LR: 5.000e-03
2025-09-11 21:58:46,331 -                train: [    INFO] - Train: 173 [ 200/781 ( 26%)]  Loss: 28.46 (28.9)  Loss_cat: 0.8234 (0.896)  Loss_feat: 25.81 (26.4)  Loss_gt: 1.830 (1.66) LR: 5.000e-03
2025-09-11 21:59:05,352 -                train: [    INFO] - Train: 173 [ 400/781 ( 51%)]  Loss: 29.38 (29.0)  Loss_cat: 0.9792 (0.903)  Loss_feat: 26.77 (26.4)  Loss_gt: 1.630 (1.67) LR: 5.000e-03
2025-09-11 21:59:24,430 -                train: [    INFO] - Train: 173 [ 600/781 ( 77%)]  Loss: 29.76 (29.0)  Loss_cat: 0.8982 (0.903)  Loss_feat: 27.07 (26.4)  Loss_gt: 1.797 (1.67) LR: 5.000e-03
2025-09-11 21:59:41,673 -                train: [    INFO] - Train: 173 [ 780/781 (100%)]  Loss: 28.98 (29.0)  Loss_cat: 0.8913 (0.903)  Loss_feat: 26.65 (26.4)  Loss_gt: 1.439 (1.68) LR: 5.000e-03
2025-09-11 21:59:41,786 -                train: [    INFO] - Test: [   0/156]  Time: 0.106 (0.106)  Loss:  0.5923 (0.5923)  Acc@1: 87.5000 (87.5000)  Acc@5: 100.0000 (100.0000)
2025-09-11 21:59:44,810 -                train: [    INFO] - Test: [ 156/156]  Time: 0.009 (0.020)  Loss:  0.9472 (0.6915)  Acc@1: 75.0000 (81.2500)  Acc@5: 87.5000 (96.9100)
2025-09-11 21:59:45,138 - timm.utils.checkpoint_saver: [    INFO] - Current checkpoints:
 ('./output/train/20250911-181227-resnet18_vcaV2-224/checkpoint/checkpoint-173.pth.tar', 81.25)
 ('./output/train/20250911-181227-resnet18_vcaV2-224/checkpoint/checkpoint-162.pth.tar', 81.21)
 ('./output/train/20250911-181227-resnet18_vcaV2-224/checkpoint/checkpoint-170.pth.tar', 81.17)
 ('./output/train/20250911-181227-resnet18_vcaV2-224/checkpoint/checkpoint-171.pth.tar', 81.17)
 ('./output/train/20250911-181227-resnet18_vcaV2-224/checkpoint/checkpoint-163.pth.tar', 81.13)
 ('./output/train/20250911-181227-resnet18_vcaV2-224/checkpoint/checkpoint-169.pth.tar', 81.1)
 ('./output/train/20250911-181227-resnet18_vcaV2-224/checkpoint/checkpoint-161.pth.tar', 81.02)
 ('./output/train/20250911-181227-resnet18_vcaV2-224/checkpoint/checkpoint-168.pth.tar', 81.02)
 ('./output/train/20250911-181227-resnet18_vcaV2-224/checkpoint/checkpoint-166.pth.tar', 80.88)
 ('./output/train/20250911-181227-resnet18_vcaV2-224/checkpoint/checkpoint-164.pth.tar', 80.87)

2025-09-11 21:59:45,339 -                train: [    INFO] - Train: 174 [   0/781 (  0%)]  Loss: 28.83 (28.8)  Loss_cat: 0.9117 (0.912)  Loss_feat: 26.34 (26.3)  Loss_gt: 1.577 (1.58) LR: 5.000e-03
2025-09-11 22:00:04,415 -                train: [    INFO] - Train: 174 [ 200/781 ( 26%)]  Loss: 29.92 (29.0)  Loss_cat: 0.9861 (0.900)  Loss_feat: 27.01 (26.4)  Loss_gt: 1.924 (1.67) LR: 5.000e-03
2025-09-11 22:00:23,664 -                train: [    INFO] - Train: 174 [ 400/781 ( 51%)]  Loss: 29.11 (29.0)  Loss_cat: 0.8710 (0.903)  Loss_feat: 26.59 (26.4)  Loss_gt: 1.647 (1.67) LR: 5.000e-03
2025-09-11 22:00:42,637 -                train: [    INFO] - Train: 174 [ 600/781 ( 77%)]  Loss: 29.63 (29.0)  Loss_cat: 0.9837 (0.904)  Loss_feat: 26.63 (26.4)  Loss_gt: 2.010 (1.67) LR: 5.000e-03
2025-09-11 22:00:59,822 -                train: [    INFO] - Train: 174 [ 780/781 (100%)]  Loss: 29.46 (29.0)  Loss_cat: 0.9269 (0.905)  Loss_feat: 26.96 (26.4)  Loss_gt: 1.567 (1.68) LR: 5.000e-03
2025-09-11 22:00:59,937 -                train: [    INFO] - Test: [   0/156]  Time: 0.108 (0.108)  Loss:  0.6021 (0.6021)  Acc@1: 84.3750 (84.3750)  Acc@5: 98.4375 (98.4375)
2025-09-11 22:01:02,836 -                train: [    INFO] - Test: [ 156/156]  Time: 0.008 (0.019)  Loss:  0.7343 (0.6878)  Acc@1: 81.2500 (81.7300)  Acc@5: 87.5000 (96.9000)
2025-09-11 22:01:03,181 - timm.utils.checkpoint_saver: [    INFO] - Current checkpoints:
 ('./output/train/20250911-181227-resnet18_vcaV2-224/checkpoint/checkpoint-174.pth.tar', 81.73)
 ('./output/train/20250911-181227-resnet18_vcaV2-224/checkpoint/checkpoint-173.pth.tar', 81.25)
 ('./output/train/20250911-181227-resnet18_vcaV2-224/checkpoint/checkpoint-162.pth.tar', 81.21)
 ('./output/train/20250911-181227-resnet18_vcaV2-224/checkpoint/checkpoint-170.pth.tar', 81.17)
 ('./output/train/20250911-181227-resnet18_vcaV2-224/checkpoint/checkpoint-171.pth.tar', 81.17)
 ('./output/train/20250911-181227-resnet18_vcaV2-224/checkpoint/checkpoint-163.pth.tar', 81.13)
 ('./output/train/20250911-181227-resnet18_vcaV2-224/checkpoint/checkpoint-169.pth.tar', 81.1)
 ('./output/train/20250911-181227-resnet18_vcaV2-224/checkpoint/checkpoint-161.pth.tar', 81.02)
 ('./output/train/20250911-181227-resnet18_vcaV2-224/checkpoint/checkpoint-168.pth.tar', 81.02)
 ('./output/train/20250911-181227-resnet18_vcaV2-224/checkpoint/checkpoint-166.pth.tar', 80.88)

2025-09-11 22:01:03,370 -                train: [    INFO] - Train: 175 [   0/781 (  0%)]  Loss: 29.43 (29.4)  Loss_cat: 0.9537 (0.954)  Loss_feat: 26.91 (26.9)  Loss_gt: 1.571 (1.57) LR: 5.000e-03
2025-09-11 22:01:22,529 -                train: [    INFO] - Train: 175 [ 200/781 ( 26%)]  Loss: 29.56 (29.0)  Loss_cat: 0.9461 (0.905)  Loss_feat: 26.79 (26.4)  Loss_gt: 1.822 (1.68) LR: 5.000e-03
2025-09-11 22:01:41,574 -                train: [    INFO] - Train: 175 [ 400/781 ( 51%)]  Loss: 29.06 (29.0)  Loss_cat: 0.8828 (0.904)  Loss_feat: 26.42 (26.4)  Loss_gt: 1.760 (1.66) LR: 5.000e-03
2025-09-11 22:02:00,855 -                train: [    INFO] - Train: 175 [ 600/781 ( 77%)]  Loss: 28.81 (29.0)  Loss_cat: 0.8919 (0.902)  Loss_feat: 26.40 (26.4)  Loss_gt: 1.524 (1.67) LR: 5.000e-03
2025-09-11 22:02:18,051 -                train: [    INFO] - Train: 175 [ 780/781 (100%)]  Loss: 29.11 (29.0)  Loss_cat: 0.8955 (0.903)  Loss_feat: 26.64 (26.4)  Loss_gt: 1.575 (1.67) LR: 5.000e-03
2025-09-11 22:02:18,158 -                train: [    INFO] - Test: [   0/156]  Time: 0.102 (0.102)  Loss:  0.6045 (0.6045)  Acc@1: 84.3750 (84.3750)  Acc@5: 96.8750 (96.8750)
2025-09-11 22:02:21,177 -                train: [    INFO] - Test: [ 156/156]  Time: 0.008 (0.020)  Loss:  0.7386 (0.6949)  Acc@1: 81.2500 (80.9900)  Acc@5: 93.7500 (96.8200)
2025-09-11 22:02:21,636 - timm.utils.checkpoint_saver: [    INFO] - Current checkpoints:
 ('./output/train/20250911-181227-resnet18_vcaV2-224/checkpoint/checkpoint-174.pth.tar', 81.73)
 ('./output/train/20250911-181227-resnet18_vcaV2-224/checkpoint/checkpoint-173.pth.tar', 81.25)
 ('./output/train/20250911-181227-resnet18_vcaV2-224/checkpoint/checkpoint-162.pth.tar', 81.21)
 ('./output/train/20250911-181227-resnet18_vcaV2-224/checkpoint/checkpoint-170.pth.tar', 81.17)
 ('./output/train/20250911-181227-resnet18_vcaV2-224/checkpoint/checkpoint-171.pth.tar', 81.17)
 ('./output/train/20250911-181227-resnet18_vcaV2-224/checkpoint/checkpoint-163.pth.tar', 81.13)
 ('./output/train/20250911-181227-resnet18_vcaV2-224/checkpoint/checkpoint-169.pth.tar', 81.1)
 ('./output/train/20250911-181227-resnet18_vcaV2-224/checkpoint/checkpoint-161.pth.tar', 81.02)
 ('./output/train/20250911-181227-resnet18_vcaV2-224/checkpoint/checkpoint-168.pth.tar', 81.02)
 ('./output/train/20250911-181227-resnet18_vcaV2-224/checkpoint/checkpoint-175.pth.tar', 80.99)

2025-09-11 22:02:21,844 -                train: [    INFO] - Train: 176 [   0/781 (  0%)]  Loss: 28.68 (28.7)  Loss_cat: 0.8417 (0.842)  Loss_feat: 26.25 (26.2)  Loss_gt: 1.588 (1.59) LR: 5.000e-03
2025-09-11 22:02:40,955 -                train: [    INFO] - Train: 176 [ 200/781 ( 26%)]  Loss: 28.87 (28.9)  Loss_cat: 0.8911 (0.899)  Loss_feat: 26.46 (26.4)  Loss_gt: 1.520 (1.67) LR: 5.000e-03
2025-09-11 22:03:00,152 -                train: [    INFO] - Train: 176 [ 400/781 ( 51%)]  Loss: 28.86 (28.9)  Loss_cat: 0.8823 (0.898)  Loss_feat: 26.41 (26.4)  Loss_gt: 1.564 (1.66) LR: 5.000e-03
2025-09-11 22:03:19,532 -                train: [    INFO] - Train: 176 [ 600/781 ( 77%)]  Loss: 28.17 (29.0)  Loss_cat: 0.8096 (0.900)  Loss_feat: 25.63 (26.4)  Loss_gt: 1.725 (1.67) LR: 5.000e-03
2025-09-11 22:03:36,944 -                train: [    INFO] - Train: 176 [ 780/781 (100%)]  Loss: 29.51 (29.0)  Loss_cat: 0.9238 (0.900)  Loss_feat: 26.90 (26.4)  Loss_gt: 1.686 (1.68) LR: 5.000e-03
2025-09-11 22:03:37,053 -                train: [    INFO] - Test: [   0/156]  Time: 0.104 (0.104)  Loss:  0.6069 (0.6069)  Acc@1: 84.3750 (84.3750)  Acc@5: 98.4375 (98.4375)
2025-09-11 22:03:40,268 -                train: [    INFO] - Test: [ 156/156]  Time: 0.010 (0.021)  Loss:  0.9035 (0.6945)  Acc@1: 75.0000 (80.9100)  Acc@5: 87.5000 (96.8700)
2025-09-11 22:03:41,125 -                train: [    INFO] - Train: 177 [   0/781 (  0%)]  Loss: 28.94 (28.9)  Loss_cat: 0.8729 (0.873)  Loss_feat: 26.69 (26.7)  Loss_gt: 1.381 (1.38) LR: 5.000e-03
2025-09-11 22:04:00,261 -                train: [    INFO] - Train: 177 [ 200/781 ( 26%)]  Loss: 28.70 (29.0)  Loss_cat: 0.9102 (0.904)  Loss_feat: 26.21 (26.4)  Loss_gt: 1.581 (1.66) LR: 5.000e-03
2025-09-11 22:04:19,505 -                train: [    INFO] - Train: 177 [ 400/781 ( 51%)]  Loss: 29.20 (29.0)  Loss_cat: 0.9171 (0.900)  Loss_feat: 26.44 (26.4)  Loss_gt: 1.837 (1.66) LR: 5.000e-03
2025-09-11 22:04:38,754 -                train: [    INFO] - Train: 177 [ 600/781 ( 77%)]  Loss: 29.90 (29.0)  Loss_cat: 1.049 (0.902)  Loss_feat: 27.04 (26.4)  Loss_gt: 1.808 (1.67) LR: 5.000e-03
2025-09-11 22:04:56,216 -                train: [    INFO] - Train: 177 [ 780/781 (100%)]  Loss: 29.34 (29.0)  Loss_cat: 0.9604 (0.902)  Loss_feat: 26.75 (26.4)  Loss_gt: 1.626 (1.67) LR: 5.000e-03
2025-09-11 22:04:56,324 -                train: [    INFO] - Test: [   0/156]  Time: 0.103 (0.103)  Loss:  0.6013 (0.6013)  Acc@1: 84.3750 (84.3750)  Acc@5: 96.8750 (96.8750)
2025-09-11 22:04:59,329 -                train: [    INFO] - Test: [ 156/156]  Time: 0.011 (0.020)  Loss:  0.7372 (0.7148)  Acc@1: 75.0000 (80.8800)  Acc@5: 93.7500 (96.8000)
2025-09-11 22:05:00,204 -                train: [    INFO] - Train: 178 [   0/781 (  0%)]  Loss: 29.20 (29.2)  Loss_cat: 0.9113 (0.911)  Loss_feat: 26.69 (26.7)  Loss_gt: 1.600 (1.60) LR: 5.000e-03
2025-09-11 22:05:19,407 -                train: [    INFO] - Train: 178 [ 200/781 ( 26%)]  Loss: 28.97 (28.9)  Loss_cat: 0.8834 (0.901)  Loss_feat: 26.44 (26.4)  Loss_gt: 1.640 (1.66) LR: 5.000e-03
2025-09-11 22:05:38,522 -                train: [    INFO] - Train: 178 [ 400/781 ( 51%)]  Loss: 29.35 (28.9)  Loss_cat: 0.9321 (0.901)  Loss_feat: 27.10 (26.4)  Loss_gt: 1.321 (1.65) LR: 5.000e-03
2025-09-11 22:05:57,804 -                train: [    INFO] - Train: 178 [ 600/781 ( 77%)]  Loss: 29.04 (29.0)  Loss_cat: 0.9132 (0.901)  Loss_feat: 26.46 (26.4)  Loss_gt: 1.668 (1.66) LR: 5.000e-03
2025-09-11 22:06:15,165 -                train: [    INFO] - Train: 178 [ 780/781 (100%)]  Loss: 29.20 (29.0)  Loss_cat: 0.9908 (0.901)  Loss_feat: 26.59 (26.4)  Loss_gt: 1.612 (1.67) LR: 5.000e-03
2025-09-11 22:06:15,280 -                train: [    INFO] - Test: [   0/156]  Time: 0.107 (0.107)  Loss:  0.5874 (0.5874)  Acc@1: 85.9375 (85.9375)  Acc@5: 96.8750 (96.8750)
2025-09-11 22:06:18,328 -                train: [    INFO] - Test: [ 156/156]  Time: 0.008 (0.020)  Loss:  0.8971 (0.6915)  Acc@1: 75.0000 (81.3700)  Acc@5: 93.7500 (96.9200)
2025-09-11 22:06:18,704 - timm.utils.checkpoint_saver: [    INFO] - Current checkpoints:
 ('./output/train/20250911-181227-resnet18_vcaV2-224/checkpoint/checkpoint-174.pth.tar', 81.73)
 ('./output/train/20250911-181227-resnet18_vcaV2-224/checkpoint/checkpoint-178.pth.tar', 81.37)
 ('./output/train/20250911-181227-resnet18_vcaV2-224/checkpoint/checkpoint-173.pth.tar', 81.25)
 ('./output/train/20250911-181227-resnet18_vcaV2-224/checkpoint/checkpoint-162.pth.tar', 81.21)
 ('./output/train/20250911-181227-resnet18_vcaV2-224/checkpoint/checkpoint-170.pth.tar', 81.17)
 ('./output/train/20250911-181227-resnet18_vcaV2-224/checkpoint/checkpoint-171.pth.tar', 81.17)
 ('./output/train/20250911-181227-resnet18_vcaV2-224/checkpoint/checkpoint-163.pth.tar', 81.13)
 ('./output/train/20250911-181227-resnet18_vcaV2-224/checkpoint/checkpoint-169.pth.tar', 81.1)
 ('./output/train/20250911-181227-resnet18_vcaV2-224/checkpoint/checkpoint-161.pth.tar', 81.02)
 ('./output/train/20250911-181227-resnet18_vcaV2-224/checkpoint/checkpoint-168.pth.tar', 81.02)

2025-09-11 22:06:18,908 -                train: [    INFO] - Train: 179 [   0/781 (  0%)]  Loss: 29.54 (29.5)  Loss_cat: 0.9014 (0.901)  Loss_feat: 26.90 (26.9)  Loss_gt: 1.736 (1.74) LR: 5.000e-04
2025-09-11 22:06:38,009 -                train: [    INFO] - Train: 179 [ 200/781 ( 26%)]  Loss: 28.86 (28.8)  Loss_cat: 0.8513 (0.888)  Loss_feat: 26.39 (26.3)  Loss_gt: 1.615 (1.65) LR: 5.000e-04
2025-09-11 22:06:57,269 -                train: [    INFO] - Train: 179 [ 400/781 ( 51%)]  Loss: 28.94 (28.8)  Loss_cat: 0.9193 (0.878)  Loss_feat: 26.37 (26.2)  Loss_gt: 1.651 (1.64) LR: 5.000e-04
2025-09-11 22:07:16,389 -                train: [    INFO] - Train: 179 [ 600/781 ( 77%)]  Loss: 28.33 (28.7)  Loss_cat: 0.8168 (0.876)  Loss_feat: 26.04 (26.2)  Loss_gt: 1.469 (1.64) LR: 5.000e-04
2025-09-11 22:07:33,725 -                train: [    INFO] - Train: 179 [ 780/781 (100%)]  Loss: 27.93 (28.7)  Loss_cat: 0.8398 (0.874)  Loss_feat: 25.38 (26.2)  Loss_gt: 1.717 (1.63) LR: 5.000e-04
2025-09-11 22:07:33,845 -                train: [    INFO] - Test: [   0/156]  Time: 0.113 (0.113)  Loss:  0.5459 (0.5459)  Acc@1: 85.9375 (85.9375)  Acc@5: 98.4375 (98.4375)
2025-09-11 22:07:36,924 -                train: [    INFO] - Test: [ 156/156]  Time: 0.009 (0.020)  Loss:  0.7778 (0.6532)  Acc@1: 81.2500 (82.2900)  Acc@5: 93.7500 (97.1500)
2025-09-11 22:07:37,176 - timm.utils.checkpoint_saver: [    INFO] - Current checkpoints:
 ('./output/train/20250911-181227-resnet18_vcaV2-224/checkpoint/checkpoint-179.pth.tar', 82.29)
 ('./output/train/20250911-181227-resnet18_vcaV2-224/checkpoint/checkpoint-174.pth.tar', 81.73)
 ('./output/train/20250911-181227-resnet18_vcaV2-224/checkpoint/checkpoint-178.pth.tar', 81.37)
 ('./output/train/20250911-181227-resnet18_vcaV2-224/checkpoint/checkpoint-173.pth.tar', 81.25)
 ('./output/train/20250911-181227-resnet18_vcaV2-224/checkpoint/checkpoint-162.pth.tar', 81.21)
 ('./output/train/20250911-181227-resnet18_vcaV2-224/checkpoint/checkpoint-170.pth.tar', 81.17)
 ('./output/train/20250911-181227-resnet18_vcaV2-224/checkpoint/checkpoint-171.pth.tar', 81.17)
 ('./output/train/20250911-181227-resnet18_vcaV2-224/checkpoint/checkpoint-163.pth.tar', 81.13)
 ('./output/train/20250911-181227-resnet18_vcaV2-224/checkpoint/checkpoint-169.pth.tar', 81.1)
 ('./output/train/20250911-181227-resnet18_vcaV2-224/checkpoint/checkpoint-161.pth.tar', 81.02)

2025-09-11 22:07:37,372 -                train: [    INFO] - Train: 180 [   0/781 (  0%)]  Loss: 28.75 (28.8)  Loss_cat: 0.8308 (0.831)  Loss_feat: 26.35 (26.3)  Loss_gt: 1.577 (1.58) LR: 5.000e-04
2025-09-11 22:07:56,795 -                train: [    INFO] - Train: 180 [ 200/781 ( 26%)]  Loss: 28.52 (28.6)  Loss_cat: 0.9199 (0.868)  Loss_feat: 25.98 (26.1)  Loss_gt: 1.621 (1.62) LR: 5.000e-04
2025-09-11 22:08:15,846 -                train: [    INFO] - Train: 180 [ 400/781 ( 51%)]  Loss: 27.84 (28.6)  Loss_cat: 0.7779 (0.868)  Loss_feat: 25.54 (26.1)  Loss_gt: 1.517 (1.62) LR: 5.000e-04
2025-09-11 22:08:35,110 -                train: [    INFO] - Train: 180 [ 600/781 ( 77%)]  Loss: 28.33 (28.6)  Loss_cat: 0.8630 (0.867)  Loss_feat: 25.64 (26.1)  Loss_gt: 1.826 (1.61) LR: 5.000e-04
2025-09-11 22:08:52,331 -                train: [    INFO] - Train: 180 [ 780/781 (100%)]  Loss: 28.42 (28.6)  Loss_cat: 0.8443 (0.866)  Loss_feat: 26.20 (26.1)  Loss_gt: 1.379 (1.61) LR: 5.000e-04
2025-09-11 22:08:52,444 -                train: [    INFO] - Test: [   0/156]  Time: 0.106 (0.106)  Loss:  0.5514 (0.5514)  Acc@1: 87.5000 (87.5000)  Acc@5: 98.4375 (98.4375)
2025-09-11 22:08:55,557 -                train: [    INFO] - Test: [ 156/156]  Time: 0.008 (0.021)  Loss:  0.7594 (0.6523)  Acc@1: 75.0000 (82.4000)  Acc@5: 93.7500 (97.1700)
2025-09-11 22:08:56,709 - timm.utils.checkpoint_saver: [    INFO] - Current checkpoints:
 ('./output/train/20250911-181227-resnet18_vcaV2-224/checkpoint/checkpoint-180.pth.tar', 82.4)
 ('./output/train/20250911-181227-resnet18_vcaV2-224/checkpoint/checkpoint-179.pth.tar', 82.29)
 ('./output/train/20250911-181227-resnet18_vcaV2-224/checkpoint/checkpoint-174.pth.tar', 81.73)
 ('./output/train/20250911-181227-resnet18_vcaV2-224/checkpoint/checkpoint-178.pth.tar', 81.37)
 ('./output/train/20250911-181227-resnet18_vcaV2-224/checkpoint/checkpoint-173.pth.tar', 81.25)
 ('./output/train/20250911-181227-resnet18_vcaV2-224/checkpoint/checkpoint-162.pth.tar', 81.21)
 ('./output/train/20250911-181227-resnet18_vcaV2-224/checkpoint/checkpoint-170.pth.tar', 81.17)
 ('./output/train/20250911-181227-resnet18_vcaV2-224/checkpoint/checkpoint-171.pth.tar', 81.17)
 ('./output/train/20250911-181227-resnet18_vcaV2-224/checkpoint/checkpoint-163.pth.tar', 81.13)
 ('./output/train/20250911-181227-resnet18_vcaV2-224/checkpoint/checkpoint-169.pth.tar', 81.1)

2025-09-11 22:08:56,972 -                train: [    INFO] - Train: 181 [   0/781 (  0%)]  Loss: 28.27 (28.3)  Loss_cat: 0.8790 (0.879)  Loss_feat: 25.84 (25.8)  Loss_gt: 1.553 (1.55) LR: 5.000e-04
2025-09-11 22:09:16,247 -                train: [    INFO] - Train: 181 [ 200/781 ( 26%)]  Loss: 28.38 (28.6)  Loss_cat: 0.8388 (0.863)  Loss_feat: 25.85 (26.1)  Loss_gt: 1.693 (1.62) LR: 5.000e-04
2025-09-11 22:09:35,321 -                train: [    INFO] - Train: 181 [ 400/781 ( 51%)]  Loss: 29.14 (28.6)  Loss_cat: 0.9158 (0.865)  Loss_feat: 26.41 (26.1)  Loss_gt: 1.808 (1.61) LR: 5.000e-04
2025-09-11 22:09:54,641 -                train: [    INFO] - Train: 181 [ 600/781 ( 77%)]  Loss: 28.36 (28.6)  Loss_cat: 0.8581 (0.864)  Loss_feat: 25.89 (26.1)  Loss_gt: 1.608 (1.61) LR: 5.000e-04
2025-09-11 22:10:11,830 -                train: [    INFO] - Train: 181 [ 780/781 (100%)]  Loss: 28.93 (28.6)  Loss_cat: 0.8637 (0.863)  Loss_feat: 26.31 (26.1)  Loss_gt: 1.754 (1.61) LR: 5.000e-04
2025-09-11 22:10:11,948 -                train: [    INFO] - Test: [   0/156]  Time: 0.113 (0.113)  Loss:  0.5404 (0.5404)  Acc@1: 87.5000 (87.5000)  Acc@5: 98.4375 (98.4375)
2025-09-11 22:10:15,113 -                train: [    INFO] - Test: [ 156/156]  Time: 0.008 (0.021)  Loss:  0.7259 (0.6551)  Acc@1: 81.2500 (82.4100)  Acc@5: 93.7500 (97.2500)
2025-09-11 22:10:15,416 - timm.utils.checkpoint_saver: [    INFO] - Current checkpoints:
 ('./output/train/20250911-181227-resnet18_vcaV2-224/checkpoint/checkpoint-181.pth.tar', 82.41)
 ('./output/train/20250911-181227-resnet18_vcaV2-224/checkpoint/checkpoint-180.pth.tar', 82.4)
 ('./output/train/20250911-181227-resnet18_vcaV2-224/checkpoint/checkpoint-179.pth.tar', 82.29)
 ('./output/train/20250911-181227-resnet18_vcaV2-224/checkpoint/checkpoint-174.pth.tar', 81.73)
 ('./output/train/20250911-181227-resnet18_vcaV2-224/checkpoint/checkpoint-178.pth.tar', 81.37)
 ('./output/train/20250911-181227-resnet18_vcaV2-224/checkpoint/checkpoint-173.pth.tar', 81.25)
 ('./output/train/20250911-181227-resnet18_vcaV2-224/checkpoint/checkpoint-162.pth.tar', 81.21)
 ('./output/train/20250911-181227-resnet18_vcaV2-224/checkpoint/checkpoint-170.pth.tar', 81.17)
 ('./output/train/20250911-181227-resnet18_vcaV2-224/checkpoint/checkpoint-171.pth.tar', 81.17)
 ('./output/train/20250911-181227-resnet18_vcaV2-224/checkpoint/checkpoint-163.pth.tar', 81.13)

2025-09-11 22:10:15,623 -                train: [    INFO] - Train: 182 [   0/781 (  0%)]  Loss: 29.30 (29.3)  Loss_cat: 0.8509 (0.851)  Loss_feat: 26.70 (26.7)  Loss_gt: 1.746 (1.75) LR: 5.000e-04
2025-09-11 22:10:34,762 -                train: [    INFO] - Train: 182 [ 200/781 ( 26%)]  Loss: 28.14 (28.6)  Loss_cat: 0.8111 (0.862)  Loss_feat: 25.89 (26.1)  Loss_gt: 1.439 (1.61) LR: 5.000e-04
2025-09-11 22:10:54,113 -                train: [    INFO] - Train: 182 [ 400/781 ( 51%)]  Loss: 28.96 (28.6)  Loss_cat: 0.8932 (0.864)  Loss_feat: 26.66 (26.1)  Loss_gt: 1.406 (1.61) LR: 5.000e-04
2025-09-11 22:11:13,339 -                train: [    INFO] - Train: 182 [ 600/781 ( 77%)]  Loss: 27.97 (28.6)  Loss_cat: 0.7608 (0.863)  Loss_feat: 25.66 (26.1)  Loss_gt: 1.550 (1.60) LR: 5.000e-04
2025-09-11 22:11:30,609 -                train: [    INFO] - Train: 182 [ 780/781 (100%)]  Loss: 27.58 (28.6)  Loss_cat: 0.7655 (0.863)  Loss_feat: 25.26 (26.1)  Loss_gt: 1.561 (1.61) LR: 5.000e-04
2025-09-11 22:11:30,724 -                train: [    INFO] - Test: [   0/156]  Time: 0.109 (0.109)  Loss:  0.5562 (0.5562)  Acc@1: 85.9375 (85.9375)  Acc@5: 98.4375 (98.4375)
2025-09-11 22:11:33,799 -                train: [    INFO] - Test: [ 156/156]  Time: 0.009 (0.020)  Loss:  0.7607 (0.6520)  Acc@1: 81.2500 (82.7400)  Acc@5: 87.5000 (97.1900)
2025-09-11 22:11:34,117 - timm.utils.checkpoint_saver: [    INFO] - Current checkpoints:
 ('./output/train/20250911-181227-resnet18_vcaV2-224/checkpoint/checkpoint-182.pth.tar', 82.74)
 ('./output/train/20250911-181227-resnet18_vcaV2-224/checkpoint/checkpoint-181.pth.tar', 82.41)
 ('./output/train/20250911-181227-resnet18_vcaV2-224/checkpoint/checkpoint-180.pth.tar', 82.4)
 ('./output/train/20250911-181227-resnet18_vcaV2-224/checkpoint/checkpoint-179.pth.tar', 82.29)
 ('./output/train/20250911-181227-resnet18_vcaV2-224/checkpoint/checkpoint-174.pth.tar', 81.73)
 ('./output/train/20250911-181227-resnet18_vcaV2-224/checkpoint/checkpoint-178.pth.tar', 81.37)
 ('./output/train/20250911-181227-resnet18_vcaV2-224/checkpoint/checkpoint-173.pth.tar', 81.25)
 ('./output/train/20250911-181227-resnet18_vcaV2-224/checkpoint/checkpoint-162.pth.tar', 81.21)
 ('./output/train/20250911-181227-resnet18_vcaV2-224/checkpoint/checkpoint-170.pth.tar', 81.17)
 ('./output/train/20250911-181227-resnet18_vcaV2-224/checkpoint/checkpoint-171.pth.tar', 81.17)

2025-09-11 22:11:34,316 -                train: [    INFO] - Train: 183 [   0/781 (  0%)]  Loss: 28.80 (28.8)  Loss_cat: 0.9164 (0.916)  Loss_feat: 26.15 (26.2)  Loss_gt: 1.731 (1.73) LR: 5.000e-04
2025-09-11 22:11:53,485 -                train: [    INFO] - Train: 183 [ 200/781 ( 26%)]  Loss: 29.56 (28.6)  Loss_cat: 1.035 (0.863)  Loss_feat: 26.88 (26.1)  Loss_gt: 1.644 (1.60) LR: 5.000e-04
2025-09-11 22:12:12,664 -                train: [    INFO] - Train: 183 [ 400/781 ( 51%)]  Loss: 27.75 (28.6)  Loss_cat: 0.7843 (0.863)  Loss_feat: 25.49 (26.1)  Loss_gt: 1.470 (1.59) LR: 5.000e-04
2025-09-11 22:12:31,794 -                train: [    INFO] - Train: 183 [ 600/781 ( 77%)]  Loss: 28.33 (28.6)  Loss_cat: 0.8257 (0.864)  Loss_feat: 25.64 (26.1)  Loss_gt: 1.870 (1.59) LR: 5.000e-04
2025-09-11 22:12:48,973 -                train: [    INFO] - Train: 183 [ 780/781 (100%)]  Loss: 28.14 (28.6)  Loss_cat: 0.8381 (0.863)  Loss_feat: 25.83 (26.1)  Loss_gt: 1.464 (1.59) LR: 5.000e-04
2025-09-11 22:12:49,087 -                train: [    INFO] - Test: [   0/156]  Time: 0.108 (0.108)  Loss:  0.5420 (0.5420)  Acc@1: 87.5000 (87.5000)  Acc@5: 100.0000 (100.0000)
2025-09-11 22:12:52,892 -                train: [    INFO] - Test: [ 156/156]  Time: 0.008 (0.025)  Loss:  0.7649 (0.6437)  Acc@1: 75.0000 (82.5800)  Acc@5: 87.5000 (97.3300)
2025-09-11 22:12:53,763 - timm.utils.checkpoint_saver: [    INFO] - Current checkpoints:
 ('./output/train/20250911-181227-resnet18_vcaV2-224/checkpoint/checkpoint-182.pth.tar', 82.74)
 ('./output/train/20250911-181227-resnet18_vcaV2-224/checkpoint/checkpoint-183.pth.tar', 82.58)
 ('./output/train/20250911-181227-resnet18_vcaV2-224/checkpoint/checkpoint-181.pth.tar', 82.41)
 ('./output/train/20250911-181227-resnet18_vcaV2-224/checkpoint/checkpoint-180.pth.tar', 82.4)
 ('./output/train/20250911-181227-resnet18_vcaV2-224/checkpoint/checkpoint-179.pth.tar', 82.29)
 ('./output/train/20250911-181227-resnet18_vcaV2-224/checkpoint/checkpoint-174.pth.tar', 81.73)
 ('./output/train/20250911-181227-resnet18_vcaV2-224/checkpoint/checkpoint-178.pth.tar', 81.37)
 ('./output/train/20250911-181227-resnet18_vcaV2-224/checkpoint/checkpoint-173.pth.tar', 81.25)
 ('./output/train/20250911-181227-resnet18_vcaV2-224/checkpoint/checkpoint-162.pth.tar', 81.21)
 ('./output/train/20250911-181227-resnet18_vcaV2-224/checkpoint/checkpoint-170.pth.tar', 81.17)

2025-09-11 22:12:53,958 -                train: [    INFO] - Train: 184 [   0/781 (  0%)]  Loss: 28.60 (28.6)  Loss_cat: 0.8545 (0.855)  Loss_feat: 26.02 (26.0)  Loss_gt: 1.728 (1.73) LR: 5.000e-04
2025-09-11 22:13:13,142 -                train: [    INFO] - Train: 184 [ 200/781 ( 26%)]  Loss: 28.37 (28.6)  Loss_cat: 0.8467 (0.863)  Loss_feat: 26.03 (26.1)  Loss_gt: 1.501 (1.61) LR: 5.000e-04
2025-09-11 22:13:32,196 -                train: [    INFO] - Train: 184 [ 400/781 ( 51%)]  Loss: 28.87 (28.6)  Loss_cat: 0.8752 (0.861)  Loss_feat: 26.54 (26.1)  Loss_gt: 1.447 (1.59) LR: 5.000e-04
2025-09-11 22:13:51,513 -                train: [    INFO] - Train: 184 [ 600/781 ( 77%)]  Loss: 28.89 (28.6)  Loss_cat: 0.9148 (0.862)  Loss_feat: 26.52 (26.1)  Loss_gt: 1.464 (1.59) LR: 5.000e-04
2025-09-11 22:14:08,818 -                train: [    INFO] - Train: 184 [ 780/781 (100%)]  Loss: 29.09 (28.6)  Loss_cat: 0.8807 (0.862)  Loss_feat: 26.58 (26.1)  Loss_gt: 1.632 (1.60) LR: 5.000e-04
2025-09-11 22:14:08,931 -                train: [    INFO] - Test: [   0/156]  Time: 0.107 (0.107)  Loss:  0.5545 (0.5545)  Acc@1: 87.5000 (87.5000)  Acc@5: 98.4375 (98.4375)
2025-09-11 22:14:12,073 -                train: [    INFO] - Test: [ 156/156]  Time: 0.011 (0.021)  Loss:  0.7828 (0.6549)  Acc@1: 75.0000 (82.6300)  Acc@5: 87.5000 (97.1500)
2025-09-11 22:14:12,389 - timm.utils.checkpoint_saver: [    INFO] - Current checkpoints:
 ('./output/train/20250911-181227-resnet18_vcaV2-224/checkpoint/checkpoint-182.pth.tar', 82.74)
 ('./output/train/20250911-181227-resnet18_vcaV2-224/checkpoint/checkpoint-184.pth.tar', 82.63)
 ('./output/train/20250911-181227-resnet18_vcaV2-224/checkpoint/checkpoint-183.pth.tar', 82.58)
 ('./output/train/20250911-181227-resnet18_vcaV2-224/checkpoint/checkpoint-181.pth.tar', 82.41)
 ('./output/train/20250911-181227-resnet18_vcaV2-224/checkpoint/checkpoint-180.pth.tar', 82.4)
 ('./output/train/20250911-181227-resnet18_vcaV2-224/checkpoint/checkpoint-179.pth.tar', 82.29)
 ('./output/train/20250911-181227-resnet18_vcaV2-224/checkpoint/checkpoint-174.pth.tar', 81.73)
 ('./output/train/20250911-181227-resnet18_vcaV2-224/checkpoint/checkpoint-178.pth.tar', 81.37)
 ('./output/train/20250911-181227-resnet18_vcaV2-224/checkpoint/checkpoint-173.pth.tar', 81.25)
 ('./output/train/20250911-181227-resnet18_vcaV2-224/checkpoint/checkpoint-162.pth.tar', 81.21)

2025-09-11 22:14:12,583 -                train: [    INFO] - Train: 185 [   0/781 (  0%)]  Loss: 29.63 (29.6)  Loss_cat: 0.9681 (0.968)  Loss_feat: 26.93 (26.9)  Loss_gt: 1.726 (1.73) LR: 5.000e-04
2025-09-11 22:14:31,763 -                train: [    INFO] - Train: 185 [ 200/781 ( 26%)]  Loss: 28.24 (28.5)  Loss_cat: 0.7952 (0.860)  Loss_feat: 25.36 (26.1)  Loss_gt: 2.086 (1.59) LR: 5.000e-04
2025-09-11 22:14:51,027 -                train: [    INFO] - Train: 185 [ 400/781 ( 51%)]  Loss: 29.13 (28.5)  Loss_cat: 0.8910 (0.859)  Loss_feat: 26.56 (26.1)  Loss_gt: 1.681 (1.59) LR: 5.000e-04
2025-09-11 22:15:10,292 -                train: [    INFO] - Train: 185 [ 600/781 ( 77%)]  Loss: 28.71 (28.6)  Loss_cat: 0.8505 (0.861)  Loss_feat: 26.52 (26.1)  Loss_gt: 1.337 (1.60) LR: 5.000e-04
2025-09-11 22:15:27,428 -                train: [    INFO] - Train: 185 [ 780/781 (100%)]  Loss: 28.28 (28.5)  Loss_cat: 0.8578 (0.860)  Loss_feat: 25.88 (26.1)  Loss_gt: 1.541 (1.59) LR: 5.000e-04
2025-09-11 22:15:27,540 -                train: [    INFO] - Test: [   0/156]  Time: 0.107 (0.107)  Loss:  0.5506 (0.5506)  Acc@1: 84.3750 (84.3750)  Acc@5: 100.0000 (100.0000)
2025-09-11 22:15:30,502 -                train: [    INFO] - Test: [ 156/156]  Time: 0.010 (0.020)  Loss:  0.7454 (0.6471)  Acc@1: 81.2500 (82.8100)  Acc@5: 93.7500 (97.2500)
2025-09-11 22:15:30,788 - timm.utils.checkpoint_saver: [    INFO] - Current checkpoints:
 ('./output/train/20250911-181227-resnet18_vcaV2-224/checkpoint/checkpoint-185.pth.tar', 82.81)
 ('./output/train/20250911-181227-resnet18_vcaV2-224/checkpoint/checkpoint-182.pth.tar', 82.74)
 ('./output/train/20250911-181227-resnet18_vcaV2-224/checkpoint/checkpoint-184.pth.tar', 82.63)
 ('./output/train/20250911-181227-resnet18_vcaV2-224/checkpoint/checkpoint-183.pth.tar', 82.58)
 ('./output/train/20250911-181227-resnet18_vcaV2-224/checkpoint/checkpoint-181.pth.tar', 82.41)
 ('./output/train/20250911-181227-resnet18_vcaV2-224/checkpoint/checkpoint-180.pth.tar', 82.4)
 ('./output/train/20250911-181227-resnet18_vcaV2-224/checkpoint/checkpoint-179.pth.tar', 82.29)
 ('./output/train/20250911-181227-resnet18_vcaV2-224/checkpoint/checkpoint-174.pth.tar', 81.73)
 ('./output/train/20250911-181227-resnet18_vcaV2-224/checkpoint/checkpoint-178.pth.tar', 81.37)
 ('./output/train/20250911-181227-resnet18_vcaV2-224/checkpoint/checkpoint-173.pth.tar', 81.25)

2025-09-11 22:15:30,985 -                train: [    INFO] - Train: 186 [   0/781 (  0%)]  Loss: 27.16 (27.2)  Loss_cat: 0.7299 (0.730)  Loss_feat: 24.82 (24.8)  Loss_gt: 1.608 (1.61) LR: 5.000e-04
2025-09-11 22:15:50,086 -                train: [    INFO] - Train: 186 [ 200/781 ( 26%)]  Loss: 29.68 (28.5)  Loss_cat: 0.9896 (0.861)  Loss_feat: 26.87 (26.1)  Loss_gt: 1.822 (1.58) LR: 5.000e-04
2025-09-11 22:16:09,180 -                train: [    INFO] - Train: 186 [ 400/781 ( 51%)]  Loss: 28.64 (28.5)  Loss_cat: 0.8568 (0.861)  Loss_feat: 25.98 (26.1)  Loss_gt: 1.803 (1.59) LR: 5.000e-04
2025-09-11 22:16:28,222 -                train: [    INFO] - Train: 186 [ 600/781 ( 77%)]  Loss: 28.84 (28.5)  Loss_cat: 0.9013 (0.860)  Loss_feat: 26.48 (26.1)  Loss_gt: 1.457 (1.59) LR: 5.000e-04
2025-09-11 22:16:45,595 -                train: [    INFO] - Train: 186 [ 780/781 (100%)]  Loss: 28.87 (28.5)  Loss_cat: 0.8813 (0.858)  Loss_feat: 26.22 (26.1)  Loss_gt: 1.767 (1.59) LR: 5.000e-04
2025-09-11 22:16:45,720 -                train: [    INFO] - Test: [   0/156]  Time: 0.120 (0.120)  Loss:  0.5421 (0.5421)  Acc@1: 87.5000 (87.5000)  Acc@5: 98.4375 (98.4375)
2025-09-11 22:16:48,665 -                train: [    INFO] - Test: [ 156/156]  Time: 0.008 (0.020)  Loss:  0.7411 (0.6455)  Acc@1: 75.0000 (82.7300)  Acc@5: 93.7500 (97.3800)
2025-09-11 22:16:48,995 - timm.utils.checkpoint_saver: [    INFO] - Current checkpoints:
 ('./output/train/20250911-181227-resnet18_vcaV2-224/checkpoint/checkpoint-185.pth.tar', 82.81)
 ('./output/train/20250911-181227-resnet18_vcaV2-224/checkpoint/checkpoint-182.pth.tar', 82.74)
 ('./output/train/20250911-181227-resnet18_vcaV2-224/checkpoint/checkpoint-186.pth.tar', 82.73)
 ('./output/train/20250911-181227-resnet18_vcaV2-224/checkpoint/checkpoint-184.pth.tar', 82.63)
 ('./output/train/20250911-181227-resnet18_vcaV2-224/checkpoint/checkpoint-183.pth.tar', 82.58)
 ('./output/train/20250911-181227-resnet18_vcaV2-224/checkpoint/checkpoint-181.pth.tar', 82.41)
 ('./output/train/20250911-181227-resnet18_vcaV2-224/checkpoint/checkpoint-180.pth.tar', 82.4)
 ('./output/train/20250911-181227-resnet18_vcaV2-224/checkpoint/checkpoint-179.pth.tar', 82.29)
 ('./output/train/20250911-181227-resnet18_vcaV2-224/checkpoint/checkpoint-174.pth.tar', 81.73)
 ('./output/train/20250911-181227-resnet18_vcaV2-224/checkpoint/checkpoint-178.pth.tar', 81.37)

2025-09-11 22:16:49,196 -                train: [    INFO] - Train: 187 [   0/781 (  0%)]  Loss: 28.45 (28.5)  Loss_cat: 0.8560 (0.856)  Loss_feat: 26.10 (26.1)  Loss_gt: 1.494 (1.49) LR: 5.000e-04
2025-09-11 22:17:08,397 -                train: [    INFO] - Train: 187 [ 200/781 ( 26%)]  Loss: 29.20 (28.5)  Loss_cat: 0.8662 (0.857)  Loss_feat: 26.59 (26.1)  Loss_gt: 1.750 (1.60) LR: 5.000e-04
2025-09-11 22:17:27,431 -                train: [    INFO] - Train: 187 [ 400/781 ( 51%)]  Loss: 28.54 (28.5)  Loss_cat: 0.8907 (0.856)  Loss_feat: 26.11 (26.1)  Loss_gt: 1.538 (1.60) LR: 5.000e-04
2025-09-11 22:17:46,482 -                train: [    INFO] - Train: 187 [ 600/781 ( 77%)]  Loss: 27.96 (28.5)  Loss_cat: 0.8312 (0.858)  Loss_feat: 25.66 (26.1)  Loss_gt: 1.469 (1.60) LR: 5.000e-04
2025-09-11 22:18:03,671 -                train: [    INFO] - Train: 187 [ 780/781 (100%)]  Loss: 28.01 (28.5)  Loss_cat: 0.8154 (0.857)  Loss_feat: 25.76 (26.1)  Loss_gt: 1.433 (1.59) LR: 5.000e-04
2025-09-11 22:18:03,800 -                train: [    INFO] - Test: [   0/156]  Time: 0.123 (0.123)  Loss:  0.5650 (0.5650)  Acc@1: 85.9375 (85.9375)  Acc@5: 96.8750 (96.8750)
2025-09-11 22:18:06,919 -                train: [    INFO] - Test: [ 156/156]  Time: 0.010 (0.021)  Loss:  0.7970 (0.6457)  Acc@1: 75.0000 (82.7000)  Acc@5: 87.5000 (97.2500)
2025-09-11 22:18:07,273 - timm.utils.checkpoint_saver: [    INFO] - Current checkpoints:
 ('./output/train/20250911-181227-resnet18_vcaV2-224/checkpoint/checkpoint-185.pth.tar', 82.81)
 ('./output/train/20250911-181227-resnet18_vcaV2-224/checkpoint/checkpoint-182.pth.tar', 82.74)
 ('./output/train/20250911-181227-resnet18_vcaV2-224/checkpoint/checkpoint-186.pth.tar', 82.73)
 ('./output/train/20250911-181227-resnet18_vcaV2-224/checkpoint/checkpoint-187.pth.tar', 82.7)
 ('./output/train/20250911-181227-resnet18_vcaV2-224/checkpoint/checkpoint-184.pth.tar', 82.63)
 ('./output/train/20250911-181227-resnet18_vcaV2-224/checkpoint/checkpoint-183.pth.tar', 82.58)
 ('./output/train/20250911-181227-resnet18_vcaV2-224/checkpoint/checkpoint-181.pth.tar', 82.41)
 ('./output/train/20250911-181227-resnet18_vcaV2-224/checkpoint/checkpoint-180.pth.tar', 82.4)
 ('./output/train/20250911-181227-resnet18_vcaV2-224/checkpoint/checkpoint-179.pth.tar', 82.29)
 ('./output/train/20250911-181227-resnet18_vcaV2-224/checkpoint/checkpoint-174.pth.tar', 81.73)

2025-09-11 22:18:07,476 -                train: [    INFO] - Train: 188 [   0/781 (  0%)]  Loss: 28.34 (28.3)  Loss_cat: 0.8385 (0.838)  Loss_feat: 26.01 (26.0)  Loss_gt: 1.492 (1.49) LR: 5.000e-04
2025-09-11 22:18:26,477 -                train: [    INFO] - Train: 188 [ 200/781 ( 26%)]  Loss: 28.98 (28.5)  Loss_cat: 0.8878 (0.852)  Loss_feat: 26.42 (26.0)  Loss_gt: 1.669 (1.59) LR: 5.000e-04
2025-09-11 22:18:45,565 -                train: [    INFO] - Train: 188 [ 400/781 ( 51%)]  Loss: 28.25 (28.5)  Loss_cat: 0.8240 (0.858)  Loss_feat: 25.81 (26.1)  Loss_gt: 1.619 (1.59) LR: 5.000e-04
2025-09-11 22:19:04,715 -                train: [    INFO] - Train: 188 [ 600/781 ( 77%)]  Loss: 28.90 (28.5)  Loss_cat: 0.9255 (0.855)  Loss_feat: 26.23 (26.0)  Loss_gt: 1.748 (1.59) LR: 5.000e-04
2025-09-11 22:19:21,846 -                train: [    INFO] - Train: 188 [ 780/781 (100%)]  Loss: 28.47 (28.5)  Loss_cat: 0.8906 (0.855)  Loss_feat: 25.99 (26.0)  Loss_gt: 1.591 (1.59) LR: 5.000e-04
2025-09-11 22:19:21,957 -                train: [    INFO] - Test: [   0/156]  Time: 0.105 (0.105)  Loss:  0.5349 (0.5349)  Acc@1: 84.3750 (84.3750)  Acc@5: 100.0000 (100.0000)
2025-09-11 22:19:24,963 -                train: [    INFO] - Test: [ 156/156]  Time: 0.008 (0.020)  Loss:  0.7389 (0.6400)  Acc@1: 81.2500 (82.8600)  Acc@5: 87.5000 (97.2800)
2025-09-11 22:19:25,253 - timm.utils.checkpoint_saver: [    INFO] - Current checkpoints:
 ('./output/train/20250911-181227-resnet18_vcaV2-224/checkpoint/checkpoint-188.pth.tar', 82.86)
 ('./output/train/20250911-181227-resnet18_vcaV2-224/checkpoint/checkpoint-185.pth.tar', 82.81)
 ('./output/train/20250911-181227-resnet18_vcaV2-224/checkpoint/checkpoint-182.pth.tar', 82.74)
 ('./output/train/20250911-181227-resnet18_vcaV2-224/checkpoint/checkpoint-186.pth.tar', 82.73)
 ('./output/train/20250911-181227-resnet18_vcaV2-224/checkpoint/checkpoint-187.pth.tar', 82.7)
 ('./output/train/20250911-181227-resnet18_vcaV2-224/checkpoint/checkpoint-184.pth.tar', 82.63)
 ('./output/train/20250911-181227-resnet18_vcaV2-224/checkpoint/checkpoint-183.pth.tar', 82.58)
 ('./output/train/20250911-181227-resnet18_vcaV2-224/checkpoint/checkpoint-181.pth.tar', 82.41)
 ('./output/train/20250911-181227-resnet18_vcaV2-224/checkpoint/checkpoint-180.pth.tar', 82.4)
 ('./output/train/20250911-181227-resnet18_vcaV2-224/checkpoint/checkpoint-179.pth.tar', 82.29)

2025-09-11 22:19:25,445 -                train: [    INFO] - Train: 189 [   0/781 (  0%)]  Loss: 28.15 (28.2)  Loss_cat: 0.8033 (0.803)  Loss_feat: 25.81 (25.8)  Loss_gt: 1.544 (1.54) LR: 5.000e-04
2025-09-11 22:19:44,644 -                train: [    INFO] - Train: 189 [ 200/781 ( 26%)]  Loss: 27.66 (28.5)  Loss_cat: 0.7909 (0.859)  Loss_feat: 25.31 (26.1)  Loss_gt: 1.564 (1.59) LR: 5.000e-04
2025-09-11 22:20:03,671 -                train: [    INFO] - Train: 189 [ 400/781 ( 51%)]  Loss: 28.19 (28.5)  Loss_cat: 0.8170 (0.857)  Loss_feat: 25.80 (26.1)  Loss_gt: 1.568 (1.58) LR: 5.000e-04
2025-09-11 22:20:22,930 -                train: [    INFO] - Train: 189 [ 600/781 ( 77%)]  Loss: 28.30 (28.5)  Loss_cat: 0.8530 (0.858)  Loss_feat: 25.89 (26.1)  Loss_gt: 1.548 (1.58) LR: 5.000e-04
2025-09-11 22:20:40,109 -                train: [    INFO] - Train: 189 [ 780/781 (100%)]  Loss: 28.58 (28.5)  Loss_cat: 0.8773 (0.857)  Loss_feat: 26.12 (26.1)  Loss_gt: 1.581 (1.58) LR: 5.000e-04
2025-09-11 22:20:40,236 -                train: [    INFO] - Test: [   0/156]  Time: 0.120 (0.120)  Loss:  0.5727 (0.5727)  Acc@1: 84.3750 (84.3750)  Acc@5: 100.0000 (100.0000)
2025-09-11 22:20:43,189 -                train: [    INFO] - Test: [ 156/156]  Time: 0.009 (0.020)  Loss:  0.7606 (0.6462)  Acc@1: 81.2500 (82.6900)  Acc@5: 93.7500 (97.3700)
2025-09-11 22:20:43,524 - timm.utils.checkpoint_saver: [    INFO] - Current checkpoints:
 ('./output/train/20250911-181227-resnet18_vcaV2-224/checkpoint/checkpoint-188.pth.tar', 82.86)
 ('./output/train/20250911-181227-resnet18_vcaV2-224/checkpoint/checkpoint-185.pth.tar', 82.81)
 ('./output/train/20250911-181227-resnet18_vcaV2-224/checkpoint/checkpoint-182.pth.tar', 82.74)
 ('./output/train/20250911-181227-resnet18_vcaV2-224/checkpoint/checkpoint-186.pth.tar', 82.73)
 ('./output/train/20250911-181227-resnet18_vcaV2-224/checkpoint/checkpoint-187.pth.tar', 82.7)
 ('./output/train/20250911-181227-resnet18_vcaV2-224/checkpoint/checkpoint-189.pth.tar', 82.69)
 ('./output/train/20250911-181227-resnet18_vcaV2-224/checkpoint/checkpoint-184.pth.tar', 82.63)
 ('./output/train/20250911-181227-resnet18_vcaV2-224/checkpoint/checkpoint-183.pth.tar', 82.58)
 ('./output/train/20250911-181227-resnet18_vcaV2-224/checkpoint/checkpoint-181.pth.tar', 82.41)
 ('./output/train/20250911-181227-resnet18_vcaV2-224/checkpoint/checkpoint-180.pth.tar', 82.4)

2025-09-11 22:20:43,717 -                train: [    INFO] - Train: 190 [   0/781 (  0%)]  Loss: 28.46 (28.5)  Loss_cat: 0.8329 (0.833)  Loss_feat: 26.04 (26.0)  Loss_gt: 1.585 (1.59) LR: 5.000e-04
2025-09-11 22:21:02,831 -                train: [    INFO] - Train: 190 [ 200/781 ( 26%)]  Loss: 28.87 (28.5)  Loss_cat: 0.8780 (0.854)  Loss_feat: 26.34 (26.0)  Loss_gt: 1.652 (1.59) LR: 5.000e-04
2025-09-11 22:21:21,971 -                train: [    INFO] - Train: 190 [ 400/781 ( 51%)]  Loss: 28.22 (28.5)  Loss_cat: 0.7842 (0.856)  Loss_feat: 25.84 (26.0)  Loss_gt: 1.601 (1.59) LR: 5.000e-04
2025-09-11 22:21:41,069 -                train: [    INFO] - Train: 190 [ 600/781 ( 77%)]  Loss: 28.75 (28.5)  Loss_cat: 0.9164 (0.855)  Loss_feat: 26.22 (26.1)  Loss_gt: 1.611 (1.59) LR: 5.000e-04
2025-09-11 22:21:58,196 -                train: [    INFO] - Train: 190 [ 780/781 (100%)]  Loss: 28.47 (28.5)  Loss_cat: 0.8590 (0.857)  Loss_feat: 26.05 (26.1)  Loss_gt: 1.563 (1.59) LR: 5.000e-04
2025-09-11 22:21:58,313 -                train: [    INFO] - Test: [   0/156]  Time: 0.112 (0.112)  Loss:  0.5590 (0.5590)  Acc@1: 84.3750 (84.3750)  Acc@5: 100.0000 (100.0000)
2025-09-11 22:22:01,383 -                train: [    INFO] - Test: [ 156/156]  Time: 0.009 (0.020)  Loss:  0.7538 (0.6448)  Acc@1: 81.2500 (82.8600)  Acc@5: 93.7500 (97.3200)
2025-09-11 22:22:01,724 - timm.utils.checkpoint_saver: [    INFO] - Current checkpoints:
 ('./output/train/20250911-181227-resnet18_vcaV2-224/checkpoint/checkpoint-188.pth.tar', 82.86)
 ('./output/train/20250911-181227-resnet18_vcaV2-224/checkpoint/checkpoint-190.pth.tar', 82.86)
 ('./output/train/20250911-181227-resnet18_vcaV2-224/checkpoint/checkpoint-185.pth.tar', 82.81)
 ('./output/train/20250911-181227-resnet18_vcaV2-224/checkpoint/checkpoint-182.pth.tar', 82.74)
 ('./output/train/20250911-181227-resnet18_vcaV2-224/checkpoint/checkpoint-186.pth.tar', 82.73)
 ('./output/train/20250911-181227-resnet18_vcaV2-224/checkpoint/checkpoint-187.pth.tar', 82.7)
 ('./output/train/20250911-181227-resnet18_vcaV2-224/checkpoint/checkpoint-189.pth.tar', 82.69)
 ('./output/train/20250911-181227-resnet18_vcaV2-224/checkpoint/checkpoint-184.pth.tar', 82.63)
 ('./output/train/20250911-181227-resnet18_vcaV2-224/checkpoint/checkpoint-183.pth.tar', 82.58)
 ('./output/train/20250911-181227-resnet18_vcaV2-224/checkpoint/checkpoint-181.pth.tar', 82.41)

2025-09-11 22:22:01,915 -                train: [    INFO] - Train: 191 [   0/781 (  0%)]  Loss: 28.54 (28.5)  Loss_cat: 0.8546 (0.855)  Loss_feat: 26.15 (26.1)  Loss_gt: 1.536 (1.54) LR: 5.000e-04
2025-09-11 22:22:20,983 -                train: [    INFO] - Train: 191 [ 200/781 ( 26%)]  Loss: 28.67 (28.5)  Loss_cat: 0.8761 (0.854)  Loss_feat: 26.27 (26.0)  Loss_gt: 1.526 (1.58) LR: 5.000e-04
2025-09-11 22:22:40,125 -                train: [    INFO] - Train: 191 [ 400/781 ( 51%)]  Loss: 28.27 (28.5)  Loss_cat: 0.8363 (0.854)  Loss_feat: 25.97 (26.0)  Loss_gt: 1.465 (1.57) LR: 5.000e-04
2025-09-11 22:22:59,350 -                train: [    INFO] - Train: 191 [ 600/781 ( 77%)]  Loss: 27.69 (28.5)  Loss_cat: 0.7946 (0.854)  Loss_feat: 25.21 (26.1)  Loss_gt: 1.690 (1.57) LR: 5.000e-04
2025-09-11 22:23:16,642 -                train: [    INFO] - Train: 191 [ 780/781 (100%)]  Loss: 28.53 (28.5)  Loss_cat: 0.8556 (0.853)  Loss_feat: 26.20 (26.0)  Loss_gt: 1.477 (1.58) LR: 5.000e-04
2025-09-11 22:23:16,760 -                train: [    INFO] - Test: [   0/156]  Time: 0.113 (0.113)  Loss:  0.5330 (0.5330)  Acc@1: 85.9375 (85.9375)  Acc@5: 100.0000 (100.0000)
2025-09-11 22:23:19,670 -                train: [    INFO] - Test: [ 156/156]  Time: 0.009 (0.019)  Loss:  0.7747 (0.6396)  Acc@1: 75.0000 (82.8200)  Acc@5: 93.7500 (97.2900)
2025-09-11 22:23:20,050 - timm.utils.checkpoint_saver: [    INFO] - Current checkpoints:
 ('./output/train/20250911-181227-resnet18_vcaV2-224/checkpoint/checkpoint-188.pth.tar', 82.86)
 ('./output/train/20250911-181227-resnet18_vcaV2-224/checkpoint/checkpoint-190.pth.tar', 82.86)
 ('./output/train/20250911-181227-resnet18_vcaV2-224/checkpoint/checkpoint-191.pth.tar', 82.82)
 ('./output/train/20250911-181227-resnet18_vcaV2-224/checkpoint/checkpoint-185.pth.tar', 82.81)
 ('./output/train/20250911-181227-resnet18_vcaV2-224/checkpoint/checkpoint-182.pth.tar', 82.74)
 ('./output/train/20250911-181227-resnet18_vcaV2-224/checkpoint/checkpoint-186.pth.tar', 82.73)
 ('./output/train/20250911-181227-resnet18_vcaV2-224/checkpoint/checkpoint-187.pth.tar', 82.7)
 ('./output/train/20250911-181227-resnet18_vcaV2-224/checkpoint/checkpoint-189.pth.tar', 82.69)
 ('./output/train/20250911-181227-resnet18_vcaV2-224/checkpoint/checkpoint-184.pth.tar', 82.63)
 ('./output/train/20250911-181227-resnet18_vcaV2-224/checkpoint/checkpoint-183.pth.tar', 82.58)

2025-09-11 22:23:20,251 -                train: [    INFO] - Train: 192 [   0/781 (  0%)]  Loss: 28.03 (28.0)  Loss_cat: 0.7994 (0.799)  Loss_feat: 25.68 (25.7)  Loss_gt: 1.554 (1.55) LR: 5.000e-04
2025-09-11 22:23:39,367 -                train: [    INFO] - Train: 192 [ 200/781 ( 26%)]  Loss: 28.28 (28.4)  Loss_cat: 0.8783 (0.850)  Loss_feat: 26.10 (26.0)  Loss_gt: 1.297 (1.57) LR: 5.000e-04
2025-09-11 22:23:58,516 -                train: [    INFO] - Train: 192 [ 400/781 ( 51%)]  Loss: 28.51 (28.5)  Loss_cat: 0.8647 (0.854)  Loss_feat: 26.25 (26.0)  Loss_gt: 1.402 (1.57) LR: 5.000e-04
2025-09-11 22:24:17,658 -                train: [    INFO] - Train: 192 [ 600/781 ( 77%)]  Loss: 28.92 (28.5)  Loss_cat: 0.9308 (0.856)  Loss_feat: 26.31 (26.1)  Loss_gt: 1.678 (1.57) LR: 5.000e-04
2025-09-11 22:24:34,811 -                train: [    INFO] - Train: 192 [ 780/781 (100%)]  Loss: 28.43 (28.5)  Loss_cat: 0.8669 (0.855)  Loss_feat: 26.05 (26.1)  Loss_gt: 1.512 (1.58) LR: 5.000e-04
2025-09-11 22:24:34,925 -                train: [    INFO] - Test: [   0/156]  Time: 0.108 (0.108)  Loss:  0.5366 (0.5366)  Acc@1: 85.9375 (85.9375)  Acc@5: 100.0000 (100.0000)
2025-09-11 22:24:37,978 -                train: [    INFO] - Test: [ 156/156]  Time: 0.008 (0.020)  Loss:  0.7674 (0.6381)  Acc@1: 75.0000 (82.9500)  Acc@5: 87.5000 (97.3400)
2025-09-11 22:24:38,491 - timm.utils.checkpoint_saver: [    INFO] - Current checkpoints:
 ('./output/train/20250911-181227-resnet18_vcaV2-224/checkpoint/checkpoint-192.pth.tar', 82.95)
 ('./output/train/20250911-181227-resnet18_vcaV2-224/checkpoint/checkpoint-188.pth.tar', 82.86)
 ('./output/train/20250911-181227-resnet18_vcaV2-224/checkpoint/checkpoint-190.pth.tar', 82.86)
 ('./output/train/20250911-181227-resnet18_vcaV2-224/checkpoint/checkpoint-191.pth.tar', 82.82)
 ('./output/train/20250911-181227-resnet18_vcaV2-224/checkpoint/checkpoint-185.pth.tar', 82.81)
 ('./output/train/20250911-181227-resnet18_vcaV2-224/checkpoint/checkpoint-182.pth.tar', 82.74)
 ('./output/train/20250911-181227-resnet18_vcaV2-224/checkpoint/checkpoint-186.pth.tar', 82.73)
 ('./output/train/20250911-181227-resnet18_vcaV2-224/checkpoint/checkpoint-187.pth.tar', 82.7)
 ('./output/train/20250911-181227-resnet18_vcaV2-224/checkpoint/checkpoint-189.pth.tar', 82.69)
 ('./output/train/20250911-181227-resnet18_vcaV2-224/checkpoint/checkpoint-184.pth.tar', 82.63)

2025-09-11 22:24:38,681 -                train: [    INFO] - Train: 193 [   0/781 (  0%)]  Loss: 28.50 (28.5)  Loss_cat: 0.9295 (0.930)  Loss_feat: 26.10 (26.1)  Loss_gt: 1.475 (1.47) LR: 5.000e-04
2025-09-11 22:24:57,817 -                train: [    INFO] - Train: 193 [ 200/781 ( 26%)]  Loss: 28.27 (28.4)  Loss_cat: 0.8340 (0.853)  Loss_feat: 26.01 (26.0)  Loss_gt: 1.419 (1.56) LR: 5.000e-04
2025-09-11 22:25:17,054 -                train: [    INFO] - Train: 193 [ 400/781 ( 51%)]  Loss: 28.66 (28.4)  Loss_cat: 0.9079 (0.852)  Loss_feat: 26.13 (26.0)  Loss_gt: 1.620 (1.57) LR: 5.000e-04
2025-09-11 22:25:36,352 -                train: [    INFO] - Train: 193 [ 600/781 ( 77%)]  Loss: 28.21 (28.5)  Loss_cat: 0.8476 (0.853)  Loss_feat: 25.88 (26.0)  Loss_gt: 1.474 (1.57) LR: 5.000e-04
2025-09-11 22:25:53,588 -                train: [    INFO] - Train: 193 [ 780/781 (100%)]  Loss: 28.63 (28.5)  Loss_cat: 0.8769 (0.854)  Loss_feat: 26.16 (26.0)  Loss_gt: 1.589 (1.57) LR: 5.000e-04
2025-09-11 22:25:53,693 -                train: [    INFO] - Test: [   0/156]  Time: 0.100 (0.100)  Loss:  0.5419 (0.5419)  Acc@1: 84.3750 (84.3750)  Acc@5: 100.0000 (100.0000)
2025-09-11 22:25:56,785 -                train: [    INFO] - Test: [ 156/156]  Time: 0.008 (0.020)  Loss:  0.7441 (0.6498)  Acc@1: 81.2500 (82.8800)  Acc@5: 93.7500 (97.4100)
2025-09-11 22:25:57,267 - timm.utils.checkpoint_saver: [    INFO] - Current checkpoints:
 ('./output/train/20250911-181227-resnet18_vcaV2-224/checkpoint/checkpoint-192.pth.tar', 82.95)
 ('./output/train/20250911-181227-resnet18_vcaV2-224/checkpoint/checkpoint-193.pth.tar', 82.88)
 ('./output/train/20250911-181227-resnet18_vcaV2-224/checkpoint/checkpoint-188.pth.tar', 82.86)
 ('./output/train/20250911-181227-resnet18_vcaV2-224/checkpoint/checkpoint-190.pth.tar', 82.86)
 ('./output/train/20250911-181227-resnet18_vcaV2-224/checkpoint/checkpoint-191.pth.tar', 82.82)
 ('./output/train/20250911-181227-resnet18_vcaV2-224/checkpoint/checkpoint-185.pth.tar', 82.81)
 ('./output/train/20250911-181227-resnet18_vcaV2-224/checkpoint/checkpoint-182.pth.tar', 82.74)
 ('./output/train/20250911-181227-resnet18_vcaV2-224/checkpoint/checkpoint-186.pth.tar', 82.73)
 ('./output/train/20250911-181227-resnet18_vcaV2-224/checkpoint/checkpoint-187.pth.tar', 82.7)
 ('./output/train/20250911-181227-resnet18_vcaV2-224/checkpoint/checkpoint-189.pth.tar', 82.69)

2025-09-11 22:25:57,459 -                train: [    INFO] - Train: 194 [   0/781 (  0%)]  Loss: 28.07 (28.1)  Loss_cat: 0.8011 (0.801)  Loss_feat: 25.81 (25.8)  Loss_gt: 1.456 (1.46) LR: 5.000e-04
2025-09-11 22:26:16,477 -                train: [    INFO] - Train: 194 [ 200/781 ( 26%)]  Loss: 29.38 (28.5)  Loss_cat: 0.9428 (0.854)  Loss_feat: 26.63 (26.0)  Loss_gt: 1.807 (1.59) LR: 5.000e-04
2025-09-11 22:26:35,624 -                train: [    INFO] - Train: 194 [ 400/781 ( 51%)]  Loss: 28.41 (28.5)  Loss_cat: 0.8738 (0.854)  Loss_feat: 26.02 (26.0)  Loss_gt: 1.520 (1.58) LR: 5.000e-04
2025-09-11 22:26:54,756 -                train: [    INFO] - Train: 194 [ 600/781 ( 77%)]  Loss: 27.99 (28.5)  Loss_cat: 0.7935 (0.855)  Loss_feat: 25.57 (26.0)  Loss_gt: 1.626 (1.58) LR: 5.000e-04
2025-09-11 22:27:12,127 -                train: [    INFO] - Train: 194 [ 780/781 (100%)]  Loss: 27.52 (28.5)  Loss_cat: 0.8346 (0.854)  Loss_feat: 25.27 (26.1)  Loss_gt: 1.420 (1.58) LR: 5.000e-04
2025-09-11 22:27:12,248 -                train: [    INFO] - Test: [   0/156]  Time: 0.115 (0.115)  Loss:  0.5590 (0.5590)  Acc@1: 84.3750 (84.3750)  Acc@5: 100.0000 (100.0000)
2025-09-11 22:27:15,194 -                train: [    INFO] - Test: [ 156/156]  Time: 0.008 (0.019)  Loss:  0.8174 (0.6478)  Acc@1: 75.0000 (82.6200)  Acc@5: 87.5000 (97.4600)
2025-09-11 22:27:15,695 -                train: [    INFO] - Train: 195 [   0/781 (  0%)]  Loss: 28.47 (28.5)  Loss_cat: 0.8813 (0.881)  Loss_feat: 25.69 (25.7)  Loss_gt: 1.901 (1.90) LR: 5.000e-04
2025-09-11 22:27:34,831 -                train: [    INFO] - Train: 195 [ 200/781 ( 26%)]  Loss: 27.56 (28.4)  Loss_cat: 0.7800 (0.849)  Loss_feat: 25.23 (26.0)  Loss_gt: 1.557 (1.58) LR: 5.000e-04
2025-09-11 22:27:54,018 -                train: [    INFO] - Train: 195 [ 400/781 ( 51%)]  Loss: 28.95 (28.4)  Loss_cat: 0.8391 (0.852)  Loss_feat: 26.59 (26.0)  Loss_gt: 1.519 (1.58) LR: 5.000e-04
2025-09-11 22:28:13,080 -                train: [    INFO] - Train: 195 [ 600/781 ( 77%)]  Loss: 28.80 (28.4)  Loss_cat: 0.8909 (0.853)  Loss_feat: 26.48 (26.0)  Loss_gt: 1.427 (1.58) LR: 5.000e-04
2025-09-11 22:28:30,372 -                train: [    INFO] - Train: 195 [ 780/781 (100%)]  Loss: 27.72 (28.4)  Loss_cat: 0.8060 (0.852)  Loss_feat: 25.37 (26.0)  Loss_gt: 1.547 (1.58) LR: 5.000e-04
2025-09-11 22:28:30,517 -                train: [    INFO] - Test: [   0/156]  Time: 0.138 (0.138)  Loss:  0.5257 (0.5257)  Acc@1: 85.9375 (85.9375)  Acc@5: 100.0000 (100.0000)
2025-09-11 22:28:33,505 -                train: [    INFO] - Test: [ 156/156]  Time: 0.008 (0.020)  Loss:  0.7349 (0.6340)  Acc@1: 75.0000 (82.7700)  Acc@5: 87.5000 (97.3500)
2025-09-11 22:28:33,856 - timm.utils.checkpoint_saver: [    INFO] - Current checkpoints:
 ('./output/train/20250911-181227-resnet18_vcaV2-224/checkpoint/checkpoint-192.pth.tar', 82.95)
 ('./output/train/20250911-181227-resnet18_vcaV2-224/checkpoint/checkpoint-193.pth.tar', 82.88)
 ('./output/train/20250911-181227-resnet18_vcaV2-224/checkpoint/checkpoint-188.pth.tar', 82.86)
 ('./output/train/20250911-181227-resnet18_vcaV2-224/checkpoint/checkpoint-190.pth.tar', 82.86)
 ('./output/train/20250911-181227-resnet18_vcaV2-224/checkpoint/checkpoint-191.pth.tar', 82.82)
 ('./output/train/20250911-181227-resnet18_vcaV2-224/checkpoint/checkpoint-185.pth.tar', 82.81)
 ('./output/train/20250911-181227-resnet18_vcaV2-224/checkpoint/checkpoint-195.pth.tar', 82.77)
 ('./output/train/20250911-181227-resnet18_vcaV2-224/checkpoint/checkpoint-182.pth.tar', 82.74)
 ('./output/train/20250911-181227-resnet18_vcaV2-224/checkpoint/checkpoint-186.pth.tar', 82.73)
 ('./output/train/20250911-181227-resnet18_vcaV2-224/checkpoint/checkpoint-187.pth.tar', 82.7)

2025-09-11 22:28:34,063 -                train: [    INFO] - Train: 196 [   0/781 (  0%)]  Loss: 28.21 (28.2)  Loss_cat: 0.8289 (0.829)  Loss_feat: 25.57 (25.6)  Loss_gt: 1.815 (1.81) LR: 5.000e-04
2025-09-11 22:28:53,439 -                train: [    INFO] - Train: 196 [ 200/781 ( 26%)]  Loss: 28.06 (28.5)  Loss_cat: 0.8226 (0.856)  Loss_feat: 25.55 (26.0)  Loss_gt: 1.691 (1.58) LR: 5.000e-04
2025-09-11 22:29:12,506 -                train: [    INFO] - Train: 196 [ 400/781 ( 51%)]  Loss: 28.94 (28.5)  Loss_cat: 0.8411 (0.856)  Loss_feat: 26.34 (26.1)  Loss_gt: 1.761 (1.58) LR: 5.000e-04
2025-09-11 22:29:31,709 -                train: [    INFO] - Train: 196 [ 600/781 ( 77%)]  Loss: 27.97 (28.5)  Loss_cat: 0.8305 (0.854)  Loss_feat: 25.63 (26.0)  Loss_gt: 1.504 (1.58) LR: 5.000e-04
2025-09-11 22:29:49,030 -                train: [    INFO] - Train: 196 [ 780/781 (100%)]  Loss: 28.62 (28.5)  Loss_cat: 0.8697 (0.854)  Loss_feat: 26.16 (26.0)  Loss_gt: 1.596 (1.58) LR: 5.000e-04
2025-09-11 22:29:49,143 -                train: [    INFO] - Test: [   0/156]  Time: 0.106 (0.106)  Loss:  0.5385 (0.5385)  Acc@1: 84.3750 (84.3750)  Acc@5: 100.0000 (100.0000)
2025-09-11 22:29:52,163 -                train: [    INFO] - Test: [ 156/156]  Time: 0.009 (0.020)  Loss:  0.7800 (0.6436)  Acc@1: 81.2500 (82.6700)  Acc@5: 87.5000 (97.4000)
2025-09-11 22:29:52,696 -                train: [    INFO] - Train: 197 [   0/781 (  0%)]  Loss: 28.21 (28.2)  Loss_cat: 0.8383 (0.838)  Loss_feat: 25.64 (25.6)  Loss_gt: 1.730 (1.73) LR: 5.000e-04
2025-09-11 22:30:11,983 -                train: [    INFO] - Train: 197 [ 200/781 ( 26%)]  Loss: 28.34 (28.4)  Loss_cat: 0.8437 (0.853)  Loss_feat: 26.00 (26.0)  Loss_gt: 1.494 (1.57) LR: 5.000e-04
2025-09-11 22:30:31,185 -                train: [    INFO] - Train: 197 [ 400/781 ( 51%)]  Loss: 28.68 (28.4)  Loss_cat: 0.8759 (0.853)  Loss_feat: 26.11 (26.0)  Loss_gt: 1.693 (1.57) LR: 5.000e-04
2025-09-11 22:30:50,354 -                train: [    INFO] - Train: 197 [ 600/781 ( 77%)]  Loss: 28.87 (28.5)  Loss_cat: 0.8681 (0.855)  Loss_feat: 25.95 (26.0)  Loss_gt: 2.047 (1.58) LR: 5.000e-04
2025-09-11 22:31:07,558 -                train: [    INFO] - Train: 197 [ 780/781 (100%)]  Loss: 28.40 (28.5)  Loss_cat: 0.8469 (0.854)  Loss_feat: 26.12 (26.0)  Loss_gt: 1.433 (1.57) LR: 5.000e-04
2025-09-11 22:31:07,666 -                train: [    INFO] - Test: [   0/156]  Time: 0.101 (0.101)  Loss:  0.5493 (0.5493)  Acc@1: 84.3750 (84.3750)  Acc@5: 100.0000 (100.0000)
2025-09-11 22:31:10,631 -                train: [    INFO] - Test: [ 156/156]  Time: 0.012 (0.020)  Loss:  0.7527 (0.6396)  Acc@1: 75.0000 (82.9200)  Acc@5: 87.5000 (97.4300)
2025-09-11 22:31:11,027 - timm.utils.checkpoint_saver: [    INFO] - Current checkpoints:
 ('./output/train/20250911-181227-resnet18_vcaV2-224/checkpoint/checkpoint-192.pth.tar', 82.95)
 ('./output/train/20250911-181227-resnet18_vcaV2-224/checkpoint/checkpoint-197.pth.tar', 82.92)
 ('./output/train/20250911-181227-resnet18_vcaV2-224/checkpoint/checkpoint-193.pth.tar', 82.88)
 ('./output/train/20250911-181227-resnet18_vcaV2-224/checkpoint/checkpoint-188.pth.tar', 82.86)
 ('./output/train/20250911-181227-resnet18_vcaV2-224/checkpoint/checkpoint-190.pth.tar', 82.86)
 ('./output/train/20250911-181227-resnet18_vcaV2-224/checkpoint/checkpoint-191.pth.tar', 82.82)
 ('./output/train/20250911-181227-resnet18_vcaV2-224/checkpoint/checkpoint-185.pth.tar', 82.81)
 ('./output/train/20250911-181227-resnet18_vcaV2-224/checkpoint/checkpoint-195.pth.tar', 82.77)
 ('./output/train/20250911-181227-resnet18_vcaV2-224/checkpoint/checkpoint-182.pth.tar', 82.74)
 ('./output/train/20250911-181227-resnet18_vcaV2-224/checkpoint/checkpoint-186.pth.tar', 82.73)

2025-09-11 22:31:11,234 -                train: [    INFO] - Train: 198 [   0/781 (  0%)]  Loss: 28.95 (29.0)  Loss_cat: 0.8981 (0.898)  Loss_feat: 26.50 (26.5)  Loss_gt: 1.557 (1.56) LR: 5.000e-04
2025-09-11 22:31:30,597 -                train: [    INFO] - Train: 198 [ 200/781 ( 26%)]  Loss: 28.99 (28.5)  Loss_cat: 0.9071 (0.860)  Loss_feat: 26.42 (26.1)  Loss_gt: 1.657 (1.57) LR: 5.000e-04
2025-09-11 22:31:49,853 -                train: [    INFO] - Train: 198 [ 400/781 ( 51%)]  Loss: 29.09 (28.5)  Loss_cat: 0.9021 (0.857)  Loss_feat: 26.44 (26.1)  Loss_gt: 1.741 (1.57) LR: 5.000e-04
2025-09-11 22:32:09,121 -                train: [    INFO] - Train: 198 [ 600/781 ( 77%)]  Loss: 28.41 (28.5)  Loss_cat: 0.7791 (0.855)  Loss_feat: 25.95 (26.0)  Loss_gt: 1.675 (1.57) LR: 5.000e-04
2025-09-11 22:32:26,317 -                train: [    INFO] - Train: 198 [ 780/781 (100%)]  Loss: 28.14 (28.5)  Loss_cat: 0.8590 (0.854)  Loss_feat: 25.93 (26.0)  Loss_gt: 1.350 (1.58) LR: 5.000e-04
2025-09-11 22:32:26,425 -                train: [    INFO] - Test: [   0/156]  Time: 0.103 (0.103)  Loss:  0.5611 (0.5611)  Acc@1: 84.3750 (84.3750)  Acc@5: 100.0000 (100.0000)
2025-09-11 22:32:29,405 -                train: [    INFO] - Test: [ 156/156]  Time: 0.008 (0.020)  Loss:  0.7255 (0.6405)  Acc@1: 81.2500 (82.6900)  Acc@5: 93.7500 (97.2900)
2025-09-11 22:32:29,876 -                train: [    INFO] - Train: 199 [   0/781 (  0%)]  Loss: 28.76 (28.8)  Loss_cat: 0.9224 (0.922)  Loss_feat: 26.35 (26.3)  Loss_gt: 1.487 (1.49) LR: 5.000e-04
2025-09-11 22:32:49,093 -                train: [    INFO] - Train: 199 [ 200/781 ( 26%)]  Loss: 28.67 (28.5)  Loss_cat: 0.8711 (0.856)  Loss_feat: 26.04 (26.0)  Loss_gt: 1.752 (1.59) LR: 5.000e-04
2025-09-11 22:33:08,389 -                train: [    INFO] - Train: 199 [ 400/781 ( 51%)]  Loss: 28.48 (28.5)  Loss_cat: 0.8434 (0.852)  Loss_feat: 25.94 (26.0)  Loss_gt: 1.692 (1.58) LR: 5.000e-04
2025-09-11 22:33:27,719 -                train: [    INFO] - Train: 199 [ 600/781 ( 77%)]  Loss: 28.26 (28.4)  Loss_cat: 0.8435 (0.851)  Loss_feat: 25.76 (26.0)  Loss_gt: 1.660 (1.58) LR: 5.000e-04
2025-09-11 22:33:44,833 -                train: [    INFO] - Train: 199 [ 780/781 (100%)]  Loss: 28.01 (28.4)  Loss_cat: 0.8323 (0.852)  Loss_feat: 25.60 (26.0)  Loss_gt: 1.582 (1.58) LR: 5.000e-04
2025-09-11 22:33:44,949 -                train: [    INFO] - Test: [   0/156]  Time: 0.111 (0.111)  Loss:  0.5676 (0.5676)  Acc@1: 84.3750 (84.3750)  Acc@5: 96.8750 (96.8750)
2025-09-11 22:33:47,908 -                train: [    INFO] - Test: [ 156/156]  Time: 0.008 (0.020)  Loss:  0.7644 (0.6423)  Acc@1: 81.2500 (82.8100)  Acc@5: 87.5000 (97.3000)
2025-09-11 22:33:48,245 - timm.utils.checkpoint_saver: [    INFO] - Current checkpoints:
 ('./output/train/20250911-181227-resnet18_vcaV2-224/checkpoint/checkpoint-192.pth.tar', 82.95)
 ('./output/train/20250911-181227-resnet18_vcaV2-224/checkpoint/checkpoint-197.pth.tar', 82.92)
 ('./output/train/20250911-181227-resnet18_vcaV2-224/checkpoint/checkpoint-193.pth.tar', 82.88)
 ('./output/train/20250911-181227-resnet18_vcaV2-224/checkpoint/checkpoint-188.pth.tar', 82.86)
 ('./output/train/20250911-181227-resnet18_vcaV2-224/checkpoint/checkpoint-190.pth.tar', 82.86)
 ('./output/train/20250911-181227-resnet18_vcaV2-224/checkpoint/checkpoint-191.pth.tar', 82.82)
 ('./output/train/20250911-181227-resnet18_vcaV2-224/checkpoint/checkpoint-185.pth.tar', 82.81)
 ('./output/train/20250911-181227-resnet18_vcaV2-224/checkpoint/checkpoint-199.pth.tar', 82.81)
 ('./output/train/20250911-181227-resnet18_vcaV2-224/checkpoint/checkpoint-195.pth.tar', 82.77)
 ('./output/train/20250911-181227-resnet18_vcaV2-224/checkpoint/checkpoint-182.pth.tar', 82.74)

2025-09-11 22:33:48,429 -                train: [    INFO] - Train: 200 [   0/781 (  0%)]  Loss: 29.52 (29.5)  Loss_cat: 0.9499 (0.950)  Loss_feat: 26.83 (26.8)  Loss_gt: 1.735 (1.73) LR: 5.000e-04
2025-09-11 22:34:07,708 -                train: [    INFO] - Train: 200 [ 200/781 ( 26%)]  Loss: 28.69 (28.4)  Loss_cat: 0.9074 (0.848)  Loss_feat: 26.17 (26.0)  Loss_gt: 1.612 (1.58) LR: 5.000e-04
2025-09-11 22:34:26,878 -                train: [    INFO] - Train: 200 [ 400/781 ( 51%)]  Loss: 28.22 (28.4)  Loss_cat: 0.8183 (0.847)  Loss_feat: 25.69 (26.0)  Loss_gt: 1.707 (1.59) LR: 5.000e-04
2025-09-11 22:34:45,984 -                train: [    INFO] - Train: 200 [ 600/781 ( 77%)]  Loss: 29.29 (28.4)  Loss_cat: 0.9427 (0.847)  Loss_feat: 26.42 (26.0)  Loss_gt: 1.926 (1.58) LR: 5.000e-04
2025-09-11 22:35:03,193 -                train: [    INFO] - Train: 200 [ 780/781 (100%)]  Loss: 27.69 (28.4)  Loss_cat: 0.7984 (0.848)  Loss_feat: 25.42 (26.0)  Loss_gt: 1.473 (1.58) LR: 5.000e-04
2025-09-11 22:35:03,303 -                train: [    INFO] - Test: [   0/156]  Time: 0.104 (0.104)  Loss:  0.5345 (0.5345)  Acc@1: 85.9375 (85.9375)  Acc@5: 100.0000 (100.0000)
2025-09-11 22:35:06,224 -                train: [    INFO] - Test: [ 156/156]  Time: 0.010 (0.019)  Loss:  0.8092 (0.6416)  Acc@1: 75.0000 (82.8800)  Acc@5: 87.5000 (97.3800)
2025-09-11 22:35:06,571 - timm.utils.checkpoint_saver: [    INFO] - Current checkpoints:
 ('./output/train/20250911-181227-resnet18_vcaV2-224/checkpoint/checkpoint-192.pth.tar', 82.95)
 ('./output/train/20250911-181227-resnet18_vcaV2-224/checkpoint/checkpoint-197.pth.tar', 82.92)
 ('./output/train/20250911-181227-resnet18_vcaV2-224/checkpoint/checkpoint-193.pth.tar', 82.88)
 ('./output/train/20250911-181227-resnet18_vcaV2-224/checkpoint/checkpoint-200.pth.tar', 82.88)
 ('./output/train/20250911-181227-resnet18_vcaV2-224/checkpoint/checkpoint-188.pth.tar', 82.86)
 ('./output/train/20250911-181227-resnet18_vcaV2-224/checkpoint/checkpoint-190.pth.tar', 82.86)
 ('./output/train/20250911-181227-resnet18_vcaV2-224/checkpoint/checkpoint-191.pth.tar', 82.82)
 ('./output/train/20250911-181227-resnet18_vcaV2-224/checkpoint/checkpoint-185.pth.tar', 82.81)
 ('./output/train/20250911-181227-resnet18_vcaV2-224/checkpoint/checkpoint-199.pth.tar', 82.81)
 ('./output/train/20250911-181227-resnet18_vcaV2-224/checkpoint/checkpoint-195.pth.tar', 82.77)

2025-09-11 22:35:06,759 -                train: [    INFO] - Train: 201 [   0/781 (  0%)]  Loss: 27.97 (28.0)  Loss_cat: 0.8247 (0.825)  Loss_feat: 25.82 (25.8)  Loss_gt: 1.317 (1.32) LR: 5.000e-04
2025-09-11 22:35:25,858 -                train: [    INFO] - Train: 201 [ 200/781 ( 26%)]  Loss: 28.03 (28.4)  Loss_cat: 0.7962 (0.855)  Loss_feat: 25.51 (26.0)  Loss_gt: 1.722 (1.56) LR: 5.000e-04
2025-09-11 22:35:45,002 -                train: [    INFO] - Train: 201 [ 400/781 ( 51%)]  Loss: 28.84 (28.4)  Loss_cat: 0.9168 (0.853)  Loss_feat: 26.39 (26.0)  Loss_gt: 1.536 (1.56) LR: 5.000e-04
2025-09-11 22:36:04,144 -                train: [    INFO] - Train: 201 [ 600/781 ( 77%)]  Loss: 27.21 (28.4)  Loss_cat: 0.7545 (0.853)  Loss_feat: 24.93 (26.0)  Loss_gt: 1.531 (1.56) LR: 5.000e-04
2025-09-11 22:36:21,359 -                train: [    INFO] - Train: 201 [ 780/781 (100%)]  Loss: 27.40 (28.4)  Loss_cat: 0.7511 (0.852)  Loss_feat: 25.19 (26.0)  Loss_gt: 1.460 (1.56) LR: 5.000e-04
2025-09-11 22:36:21,473 -                train: [    INFO] - Test: [   0/156]  Time: 0.109 (0.109)  Loss:  0.5589 (0.5589)  Acc@1: 84.3750 (84.3750)  Acc@5: 100.0000 (100.0000)
2025-09-11 22:36:24,442 -                train: [    INFO] - Test: [ 156/156]  Time: 0.009 (0.020)  Loss:  0.7922 (0.6364)  Acc@1: 75.0000 (82.8000)  Acc@5: 93.7500 (97.4200)
2025-09-11 22:36:24,759 - timm.utils.checkpoint_saver: [    INFO] - Current checkpoints:
 ('./output/train/20250911-181227-resnet18_vcaV2-224/checkpoint/checkpoint-192.pth.tar', 82.95)
 ('./output/train/20250911-181227-resnet18_vcaV2-224/checkpoint/checkpoint-197.pth.tar', 82.92)
 ('./output/train/20250911-181227-resnet18_vcaV2-224/checkpoint/checkpoint-193.pth.tar', 82.88)
 ('./output/train/20250911-181227-resnet18_vcaV2-224/checkpoint/checkpoint-200.pth.tar', 82.88)
 ('./output/train/20250911-181227-resnet18_vcaV2-224/checkpoint/checkpoint-188.pth.tar', 82.86)
 ('./output/train/20250911-181227-resnet18_vcaV2-224/checkpoint/checkpoint-190.pth.tar', 82.86)
 ('./output/train/20250911-181227-resnet18_vcaV2-224/checkpoint/checkpoint-191.pth.tar', 82.82)
 ('./output/train/20250911-181227-resnet18_vcaV2-224/checkpoint/checkpoint-185.pth.tar', 82.81)
 ('./output/train/20250911-181227-resnet18_vcaV2-224/checkpoint/checkpoint-199.pth.tar', 82.81)
 ('./output/train/20250911-181227-resnet18_vcaV2-224/checkpoint/checkpoint-201.pth.tar', 82.8)

2025-09-11 22:36:24,950 -                train: [    INFO] - Train: 202 [   0/781 (  0%)]  Loss: 28.48 (28.5)  Loss_cat: 0.8131 (0.813)  Loss_feat: 26.04 (26.0)  Loss_gt: 1.621 (1.62) LR: 5.000e-04
2025-09-11 22:36:43,959 -                train: [    INFO] - Train: 202 [ 200/781 ( 26%)]  Loss: 28.28 (28.4)  Loss_cat: 0.8833 (0.846)  Loss_feat: 25.80 (26.0)  Loss_gt: 1.602 (1.59) LR: 5.000e-04
2025-09-11 22:37:02,959 -                train: [    INFO] - Train: 202 [ 400/781 ( 51%)]  Loss: 28.16 (28.4)  Loss_cat: 0.8004 (0.848)  Loss_feat: 25.69 (26.0)  Loss_gt: 1.671 (1.58) LR: 5.000e-04
2025-09-11 22:37:22,171 -                train: [    INFO] - Train: 202 [ 600/781 ( 77%)]  Loss: 29.71 (28.4)  Loss_cat: 1.014 (0.851)  Loss_feat: 27.01 (26.0)  Loss_gt: 1.687 (1.57) LR: 5.000e-04
2025-09-11 22:37:39,294 -                train: [    INFO] - Train: 202 [ 780/781 (100%)]  Loss: 27.78 (28.4)  Loss_cat: 0.7538 (0.851)  Loss_feat: 25.50 (26.0)  Loss_gt: 1.529 (1.57) LR: 5.000e-04
2025-09-11 22:37:39,409 -                train: [    INFO] - Test: [   0/156]  Time: 0.109 (0.109)  Loss:  0.5652 (0.5652)  Acc@1: 84.3750 (84.3750)  Acc@5: 100.0000 (100.0000)
2025-09-11 22:37:42,450 -                train: [    INFO] - Test: [ 156/156]  Time: 0.009 (0.020)  Loss:  0.8426 (0.6408)  Acc@1: 75.0000 (82.9000)  Acc@5: 87.5000 (97.3900)
2025-09-11 22:37:42,772 - timm.utils.checkpoint_saver: [    INFO] - Current checkpoints:
 ('./output/train/20250911-181227-resnet18_vcaV2-224/checkpoint/checkpoint-192.pth.tar', 82.95)
 ('./output/train/20250911-181227-resnet18_vcaV2-224/checkpoint/checkpoint-197.pth.tar', 82.92)
 ('./output/train/20250911-181227-resnet18_vcaV2-224/checkpoint/checkpoint-202.pth.tar', 82.9)
 ('./output/train/20250911-181227-resnet18_vcaV2-224/checkpoint/checkpoint-193.pth.tar', 82.88)
 ('./output/train/20250911-181227-resnet18_vcaV2-224/checkpoint/checkpoint-200.pth.tar', 82.88)
 ('./output/train/20250911-181227-resnet18_vcaV2-224/checkpoint/checkpoint-188.pth.tar', 82.86)
 ('./output/train/20250911-181227-resnet18_vcaV2-224/checkpoint/checkpoint-190.pth.tar', 82.86)
 ('./output/train/20250911-181227-resnet18_vcaV2-224/checkpoint/checkpoint-191.pth.tar', 82.82)
 ('./output/train/20250911-181227-resnet18_vcaV2-224/checkpoint/checkpoint-185.pth.tar', 82.81)
 ('./output/train/20250911-181227-resnet18_vcaV2-224/checkpoint/checkpoint-199.pth.tar', 82.81)

2025-09-11 22:37:42,963 -                train: [    INFO] - Train: 203 [   0/781 (  0%)]  Loss: 28.41 (28.4)  Loss_cat: 0.7988 (0.799)  Loss_feat: 25.94 (25.9)  Loss_gt: 1.668 (1.67) LR: 5.000e-04
2025-09-11 22:38:02,190 -                train: [    INFO] - Train: 203 [ 200/781 ( 26%)]  Loss: 28.35 (28.4)  Loss_cat: 0.8317 (0.848)  Loss_feat: 25.95 (26.0)  Loss_gt: 1.571 (1.57) LR: 5.000e-04
2025-09-11 22:38:21,402 -                train: [    INFO] - Train: 203 [ 400/781 ( 51%)]  Loss: 28.87 (28.4)  Loss_cat: 0.8978 (0.849)  Loss_feat: 26.45 (26.0)  Loss_gt: 1.525 (1.57) LR: 5.000e-04
2025-09-11 22:38:40,668 -                train: [    INFO] - Train: 203 [ 600/781 ( 77%)]  Loss: 28.47 (28.4)  Loss_cat: 0.8981 (0.850)  Loss_feat: 26.34 (26.0)  Loss_gt: 1.238 (1.57) LR: 5.000e-04
2025-09-11 22:38:57,945 -                train: [    INFO] - Train: 203 [ 780/781 (100%)]  Loss: 28.93 (28.4)  Loss_cat: 0.8541 (0.848)  Loss_feat: 26.41 (26.0)  Loss_gt: 1.675 (1.57) LR: 5.000e-04
2025-09-11 22:38:58,067 -                train: [    INFO] - Test: [   0/156]  Time: 0.117 (0.117)  Loss:  0.5852 (0.5852)  Acc@1: 84.3750 (84.3750)  Acc@5: 100.0000 (100.0000)
2025-09-11 22:39:00,961 -                train: [    INFO] - Test: [ 156/156]  Time: 0.008 (0.019)  Loss:  0.8240 (0.6442)  Acc@1: 81.2500 (82.9200)  Acc@5: 87.5000 (97.3400)
2025-09-11 22:39:01,268 - timm.utils.checkpoint_saver: [    INFO] - Current checkpoints:
 ('./output/train/20250911-181227-resnet18_vcaV2-224/checkpoint/checkpoint-192.pth.tar', 82.95)
 ('./output/train/20250911-181227-resnet18_vcaV2-224/checkpoint/checkpoint-197.pth.tar', 82.92)
 ('./output/train/20250911-181227-resnet18_vcaV2-224/checkpoint/checkpoint-203.pth.tar', 82.92)
 ('./output/train/20250911-181227-resnet18_vcaV2-224/checkpoint/checkpoint-202.pth.tar', 82.9)
 ('./output/train/20250911-181227-resnet18_vcaV2-224/checkpoint/checkpoint-193.pth.tar', 82.88)
 ('./output/train/20250911-181227-resnet18_vcaV2-224/checkpoint/checkpoint-200.pth.tar', 82.88)
 ('./output/train/20250911-181227-resnet18_vcaV2-224/checkpoint/checkpoint-188.pth.tar', 82.86)
 ('./output/train/20250911-181227-resnet18_vcaV2-224/checkpoint/checkpoint-190.pth.tar', 82.86)
 ('./output/train/20250911-181227-resnet18_vcaV2-224/checkpoint/checkpoint-191.pth.tar', 82.82)
 ('./output/train/20250911-181227-resnet18_vcaV2-224/checkpoint/checkpoint-185.pth.tar', 82.81)

2025-09-11 22:39:01,455 -                train: [    INFO] - Train: 204 [   0/781 (  0%)]  Loss: 28.73 (28.7)  Loss_cat: 0.8606 (0.861)  Loss_feat: 26.22 (26.2)  Loss_gt: 1.658 (1.66) LR: 5.000e-04
2025-09-11 22:39:20,551 -                train: [    INFO] - Train: 204 [ 200/781 ( 26%)]  Loss: 27.83 (28.4)  Loss_cat: 0.8207 (0.850)  Loss_feat: 25.47 (26.0)  Loss_gt: 1.539 (1.57) LR: 5.000e-04
2025-09-11 22:39:39,645 -                train: [    INFO] - Train: 204 [ 400/781 ( 51%)]  Loss: 28.56 (28.4)  Loss_cat: 0.8803 (0.849)  Loss_feat: 26.24 (26.0)  Loss_gt: 1.440 (1.57) LR: 5.000e-04
2025-09-11 22:39:58,754 -                train: [    INFO] - Train: 204 [ 600/781 ( 77%)]  Loss: 28.92 (28.4)  Loss_cat: 0.9233 (0.850)  Loss_feat: 26.46 (26.0)  Loss_gt: 1.531 (1.57) LR: 5.000e-04
2025-09-11 22:40:16,076 -                train: [    INFO] - Train: 204 [ 780/781 (100%)]  Loss: 28.11 (28.4)  Loss_cat: 0.8077 (0.849)  Loss_feat: 25.99 (26.0)  Loss_gt: 1.311 (1.57) LR: 5.000e-04
2025-09-11 22:40:16,185 -                train: [    INFO] - Test: [   0/156]  Time: 0.103 (0.103)  Loss:  0.5560 (0.5560)  Acc@1: 84.3750 (84.3750)  Acc@5: 100.0000 (100.0000)
2025-09-11 22:40:19,388 -                train: [    INFO] - Test: [ 156/156]  Time: 0.008 (0.021)  Loss:  0.8121 (0.6315)  Acc@1: 75.0000 (82.7000)  Acc@5: 93.7500 (97.3400)
2025-09-11 22:40:19,930 -                train: [    INFO] - Train: 205 [   0/781 (  0%)]  Loss: 28.31 (28.3)  Loss_cat: 0.8513 (0.851)  Loss_feat: 26.06 (26.1)  Loss_gt: 1.400 (1.40) LR: 5.000e-04
2025-09-11 22:40:39,101 -                train: [    INFO] - Train: 205 [ 200/781 ( 26%)]  Loss: 29.16 (28.4)  Loss_cat: 0.9071 (0.847)  Loss_feat: 26.72 (26.0)  Loss_gt: 1.526 (1.56) LR: 5.000e-04
2025-09-11 22:40:58,425 -                train: [    INFO] - Train: 205 [ 400/781 ( 51%)]  Loss: 28.50 (28.4)  Loss_cat: 0.8646 (0.845)  Loss_feat: 26.10 (26.0)  Loss_gt: 1.529 (1.56) LR: 5.000e-04
2025-09-11 22:41:17,575 -                train: [    INFO] - Train: 205 [ 600/781 ( 77%)]  Loss: 28.78 (28.4)  Loss_cat: 0.9030 (0.848)  Loss_feat: 26.28 (26.0)  Loss_gt: 1.593 (1.56) LR: 5.000e-04
2025-09-11 22:41:34,694 -                train: [    INFO] - Train: 205 [ 780/781 (100%)]  Loss: 28.24 (28.4)  Loss_cat: 0.8368 (0.848)  Loss_feat: 25.93 (26.0)  Loss_gt: 1.472 (1.56) LR: 5.000e-04
2025-09-11 22:41:34,801 -                train: [    INFO] - Test: [   0/156]  Time: 0.101 (0.101)  Loss:  0.5663 (0.5663)  Acc@1: 84.3750 (84.3750)  Acc@5: 100.0000 (100.0000)
2025-09-11 22:41:37,762 -                train: [    INFO] - Test: [ 156/156]  Time: 0.008 (0.020)  Loss:  0.8280 (0.6396)  Acc@1: 81.2500 (82.8700)  Acc@5: 87.5000 (97.4200)
2025-09-11 22:41:38,106 - timm.utils.checkpoint_saver: [    INFO] - Current checkpoints:
 ('./output/train/20250911-181227-resnet18_vcaV2-224/checkpoint/checkpoint-192.pth.tar', 82.95)
 ('./output/train/20250911-181227-resnet18_vcaV2-224/checkpoint/checkpoint-197.pth.tar', 82.92)
 ('./output/train/20250911-181227-resnet18_vcaV2-224/checkpoint/checkpoint-203.pth.tar', 82.92)
 ('./output/train/20250911-181227-resnet18_vcaV2-224/checkpoint/checkpoint-202.pth.tar', 82.9)
 ('./output/train/20250911-181227-resnet18_vcaV2-224/checkpoint/checkpoint-193.pth.tar', 82.88)
 ('./output/train/20250911-181227-resnet18_vcaV2-224/checkpoint/checkpoint-200.pth.tar', 82.88)
 ('./output/train/20250911-181227-resnet18_vcaV2-224/checkpoint/checkpoint-205.pth.tar', 82.87)
 ('./output/train/20250911-181227-resnet18_vcaV2-224/checkpoint/checkpoint-188.pth.tar', 82.86)
 ('./output/train/20250911-181227-resnet18_vcaV2-224/checkpoint/checkpoint-190.pth.tar', 82.86)
 ('./output/train/20250911-181227-resnet18_vcaV2-224/checkpoint/checkpoint-191.pth.tar', 82.82)

2025-09-11 22:41:38,301 -                train: [    INFO] - Train: 206 [   0/781 (  0%)]  Loss: 28.52 (28.5)  Loss_cat: 0.8417 (0.842)  Loss_feat: 26.22 (26.2)  Loss_gt: 1.461 (1.46) LR: 5.000e-04
2025-09-11 22:41:57,518 -                train: [    INFO] - Train: 206 [ 200/781 ( 26%)]  Loss: 27.96 (28.4)  Loss_cat: 0.8172 (0.848)  Loss_feat: 25.57 (26.0)  Loss_gt: 1.567 (1.58) LR: 5.000e-04
2025-09-11 22:42:16,596 -                train: [    INFO] - Train: 206 [ 400/781 ( 51%)]  Loss: 28.96 (28.4)  Loss_cat: 0.9279 (0.848)  Loss_feat: 26.53 (26.0)  Loss_gt: 1.506 (1.57) LR: 5.000e-04
2025-09-11 22:42:35,714 -                train: [    INFO] - Train: 206 [ 600/781 ( 77%)]  Loss: 29.43 (28.4)  Loss_cat: 0.9445 (0.848)  Loss_feat: 26.76 (26.0)  Loss_gt: 1.730 (1.57) LR: 5.000e-04
2025-09-11 22:42:53,047 -                train: [    INFO] - Train: 206 [ 780/781 (100%)]  Loss: 28.24 (28.4)  Loss_cat: 0.8123 (0.851)  Loss_feat: 25.64 (26.0)  Loss_gt: 1.783 (1.57) LR: 5.000e-04
2025-09-11 22:42:53,157 -                train: [    INFO] - Test: [   0/156]  Time: 0.105 (0.105)  Loss:  0.5690 (0.5690)  Acc@1: 84.3750 (84.3750)  Acc@5: 98.4375 (98.4375)
2025-09-11 22:42:56,163 -                train: [    INFO] - Test: [ 156/156]  Time: 0.010 (0.020)  Loss:  0.8404 (0.6394)  Acc@1: 75.0000 (82.9400)  Acc@5: 93.7500 (97.4100)
2025-09-11 22:42:56,482 - timm.utils.checkpoint_saver: [    INFO] - Current checkpoints:
 ('./output/train/20250911-181227-resnet18_vcaV2-224/checkpoint/checkpoint-192.pth.tar', 82.95)
 ('./output/train/20250911-181227-resnet18_vcaV2-224/checkpoint/checkpoint-206.pth.tar', 82.94)
 ('./output/train/20250911-181227-resnet18_vcaV2-224/checkpoint/checkpoint-197.pth.tar', 82.92)
 ('./output/train/20250911-181227-resnet18_vcaV2-224/checkpoint/checkpoint-203.pth.tar', 82.92)
 ('./output/train/20250911-181227-resnet18_vcaV2-224/checkpoint/checkpoint-202.pth.tar', 82.9)
 ('./output/train/20250911-181227-resnet18_vcaV2-224/checkpoint/checkpoint-193.pth.tar', 82.88)
 ('./output/train/20250911-181227-resnet18_vcaV2-224/checkpoint/checkpoint-200.pth.tar', 82.88)
 ('./output/train/20250911-181227-resnet18_vcaV2-224/checkpoint/checkpoint-205.pth.tar', 82.87)
 ('./output/train/20250911-181227-resnet18_vcaV2-224/checkpoint/checkpoint-188.pth.tar', 82.86)
 ('./output/train/20250911-181227-resnet18_vcaV2-224/checkpoint/checkpoint-190.pth.tar', 82.86)

2025-09-11 22:42:56,668 -                train: [    INFO] - Train: 207 [   0/781 (  0%)]  Loss: 27.66 (27.7)  Loss_cat: 0.7858 (0.786)  Loss_feat: 25.55 (25.5)  Loss_gt: 1.330 (1.33) LR: 5.000e-04
2025-09-11 22:43:15,810 -                train: [    INFO] - Train: 207 [ 200/781 ( 26%)]  Loss: 28.34 (28.4)  Loss_cat: 0.8659 (0.850)  Loss_feat: 25.99 (26.0)  Loss_gt: 1.485 (1.57) LR: 5.000e-04
2025-09-11 22:43:34,886 -                train: [    INFO] - Train: 207 [ 400/781 ( 51%)]  Loss: 27.35 (28.4)  Loss_cat: 0.7683 (0.849)  Loss_feat: 24.95 (26.0)  Loss_gt: 1.630 (1.57) LR: 5.000e-04
2025-09-11 22:43:53,901 -                train: [    INFO] - Train: 207 [ 600/781 ( 77%)]  Loss: 27.85 (28.4)  Loss_cat: 0.8089 (0.850)  Loss_feat: 25.65 (26.0)  Loss_gt: 1.389 (1.56) LR: 5.000e-04
2025-09-11 22:44:11,015 -                train: [    INFO] - Train: 207 [ 780/781 (100%)]  Loss: 27.90 (28.4)  Loss_cat: 0.7741 (0.850)  Loss_feat: 25.77 (26.0)  Loss_gt: 1.352 (1.56) LR: 5.000e-04
2025-09-11 22:44:11,140 -                train: [    INFO] - Test: [   0/156]  Time: 0.119 (0.119)  Loss:  0.5758 (0.5758)  Acc@1: 84.3750 (84.3750)  Acc@5: 100.0000 (100.0000)
2025-09-11 22:44:14,214 -                train: [    INFO] - Test: [ 156/156]  Time: 0.009 (0.020)  Loss:  0.8290 (0.6338)  Acc@1: 75.0000 (82.8600)  Acc@5: 93.7500 (97.4300)
2025-09-11 22:44:14,701 -                train: [    INFO] - Train: 208 [   0/781 (  0%)]  Loss: 28.07 (28.1)  Loss_cat: 0.8137 (0.814)  Loss_feat: 25.67 (25.7)  Loss_gt: 1.588 (1.59) LR: 5.000e-04
2025-09-11 22:44:33,687 -                train: [    INFO] - Train: 208 [ 200/781 ( 26%)]  Loss: 28.25 (28.4)  Loss_cat: 0.8318 (0.841)  Loss_feat: 25.94 (26.0)  Loss_gt: 1.478 (1.57) LR: 5.000e-04
2025-09-11 22:44:52,712 -                train: [    INFO] - Train: 208 [ 400/781 ( 51%)]  Loss: 28.74 (28.4)  Loss_cat: 0.8788 (0.848)  Loss_feat: 26.14 (26.0)  Loss_gt: 1.723 (1.56) LR: 5.000e-04
2025-09-11 22:45:11,772 -                train: [    INFO] - Train: 208 [ 600/781 ( 77%)]  Loss: 28.43 (28.4)  Loss_cat: 0.8447 (0.848)  Loss_feat: 26.08 (26.0)  Loss_gt: 1.505 (1.56) LR: 5.000e-04
2025-09-11 22:45:28,875 -                train: [    INFO] - Train: 208 [ 780/781 (100%)]  Loss: 28.94 (28.4)  Loss_cat: 0.9278 (0.848)  Loss_feat: 26.57 (26.0)  Loss_gt: 1.439 (1.56) LR: 5.000e-04
2025-09-11 22:45:28,986 -                train: [    INFO] - Test: [   0/156]  Time: 0.106 (0.106)  Loss:  0.5542 (0.5542)  Acc@1: 84.3750 (84.3750)  Acc@5: 100.0000 (100.0000)
2025-09-11 22:45:31,874 -                train: [    INFO] - Test: [ 156/156]  Time: 0.008 (0.019)  Loss:  0.7854 (0.6386)  Acc@1: 75.0000 (83.0000)  Acc@5: 87.5000 (97.3900)
2025-09-11 22:45:32,222 - timm.utils.checkpoint_saver: [    INFO] - Current checkpoints:
 ('./output/train/20250911-181227-resnet18_vcaV2-224/checkpoint/checkpoint-208.pth.tar', 83.0)
 ('./output/train/20250911-181227-resnet18_vcaV2-224/checkpoint/checkpoint-192.pth.tar', 82.95)
 ('./output/train/20250911-181227-resnet18_vcaV2-224/checkpoint/checkpoint-206.pth.tar', 82.94)
 ('./output/train/20250911-181227-resnet18_vcaV2-224/checkpoint/checkpoint-197.pth.tar', 82.92)
 ('./output/train/20250911-181227-resnet18_vcaV2-224/checkpoint/checkpoint-203.pth.tar', 82.92)
 ('./output/train/20250911-181227-resnet18_vcaV2-224/checkpoint/checkpoint-202.pth.tar', 82.9)
 ('./output/train/20250911-181227-resnet18_vcaV2-224/checkpoint/checkpoint-193.pth.tar', 82.88)
 ('./output/train/20250911-181227-resnet18_vcaV2-224/checkpoint/checkpoint-200.pth.tar', 82.88)
 ('./output/train/20250911-181227-resnet18_vcaV2-224/checkpoint/checkpoint-205.pth.tar', 82.87)
 ('./output/train/20250911-181227-resnet18_vcaV2-224/checkpoint/checkpoint-188.pth.tar', 82.86)

2025-09-11 22:45:32,432 -                train: [    INFO] - Train: 209 [   0/781 (  0%)]  Loss: 28.45 (28.4)  Loss_cat: 0.8281 (0.828)  Loss_feat: 25.86 (25.9)  Loss_gt: 1.757 (1.76) LR: 5.000e-05
2025-09-11 22:45:51,459 -                train: [    INFO] - Train: 209 [ 200/781 ( 26%)]  Loss: 28.37 (28.4)  Loss_cat: 0.8262 (0.846)  Loss_feat: 26.14 (26.0)  Loss_gt: 1.403 (1.57) LR: 5.000e-05
2025-09-11 22:46:10,513 -                train: [    INFO] - Train: 209 [ 400/781 ( 51%)]  Loss: 29.34 (28.5)  Loss_cat: 0.9510 (0.853)  Loss_feat: 26.80 (26.0)  Loss_gt: 1.585 (1.57) LR: 5.000e-05
2025-09-11 22:46:29,593 -                train: [    INFO] - Train: 209 [ 600/781 ( 77%)]  Loss: 28.49 (28.4)  Loss_cat: 0.8706 (0.847)  Loss_feat: 26.21 (26.0)  Loss_gt: 1.409 (1.56) LR: 5.000e-05
2025-09-11 22:46:46,808 -                train: [    INFO] - Train: 209 [ 780/781 (100%)]  Loss: 27.91 (28.4)  Loss_cat: 0.7742 (0.847)  Loss_feat: 25.82 (26.0)  Loss_gt: 1.313 (1.56) LR: 5.000e-05
2025-09-11 22:46:46,912 -                train: [    INFO] - Test: [   0/156]  Time: 0.099 (0.099)  Loss:  0.5421 (0.5421)  Acc@1: 84.3750 (84.3750)  Acc@5: 100.0000 (100.0000)
2025-09-11 22:46:49,817 -                train: [    INFO] - Test: [ 156/156]  Time: 0.009 (0.019)  Loss:  0.7621 (0.6347)  Acc@1: 75.0000 (82.9700)  Acc@5: 93.7500 (97.4000)
2025-09-11 22:46:50,149 - timm.utils.checkpoint_saver: [    INFO] - Current checkpoints:
 ('./output/train/20250911-181227-resnet18_vcaV2-224/checkpoint/checkpoint-208.pth.tar', 83.0)
 ('./output/train/20250911-181227-resnet18_vcaV2-224/checkpoint/checkpoint-209.pth.tar', 82.97)
 ('./output/train/20250911-181227-resnet18_vcaV2-224/checkpoint/checkpoint-192.pth.tar', 82.95)
 ('./output/train/20250911-181227-resnet18_vcaV2-224/checkpoint/checkpoint-206.pth.tar', 82.94)
 ('./output/train/20250911-181227-resnet18_vcaV2-224/checkpoint/checkpoint-197.pth.tar', 82.92)
 ('./output/train/20250911-181227-resnet18_vcaV2-224/checkpoint/checkpoint-203.pth.tar', 82.92)
 ('./output/train/20250911-181227-resnet18_vcaV2-224/checkpoint/checkpoint-202.pth.tar', 82.9)
 ('./output/train/20250911-181227-resnet18_vcaV2-224/checkpoint/checkpoint-193.pth.tar', 82.88)
 ('./output/train/20250911-181227-resnet18_vcaV2-224/checkpoint/checkpoint-200.pth.tar', 82.88)
 ('./output/train/20250911-181227-resnet18_vcaV2-224/checkpoint/checkpoint-205.pth.tar', 82.87)

2025-09-11 22:46:50,341 -                train: [    INFO] - Train: 210 [   0/781 (  0%)]  Loss: 28.68 (28.7)  Loss_cat: 0.9070 (0.907)  Loss_feat: 26.04 (26.0)  Loss_gt: 1.728 (1.73) LR: 5.000e-05
2025-09-11 22:47:09,493 -                train: [    INFO] - Train: 210 [ 200/781 ( 26%)]  Loss: 28.80 (28.4)  Loss_cat: 0.9324 (0.842)  Loss_feat: 26.22 (26.0)  Loss_gt: 1.652 (1.57) LR: 5.000e-05
2025-09-11 22:47:28,637 -                train: [    INFO] - Train: 210 [ 400/781 ( 51%)]  Loss: 28.88 (28.4)  Loss_cat: 0.9173 (0.848)  Loss_feat: 26.39 (26.0)  Loss_gt: 1.573 (1.57) LR: 5.000e-05
2025-09-11 22:47:47,735 -                train: [    INFO] - Train: 210 [ 600/781 ( 77%)]  Loss: 28.27 (28.4)  Loss_cat: 0.8679 (0.848)  Loss_feat: 25.95 (26.0)  Loss_gt: 1.445 (1.57) LR: 5.000e-05
2025-09-11 22:48:04,841 -                train: [    INFO] - Train: 210 [ 780/781 (100%)]  Loss: 27.89 (28.4)  Loss_cat: 0.8125 (0.847)  Loss_feat: 25.45 (26.0)  Loss_gt: 1.633 (1.56) LR: 5.000e-05
2025-09-11 22:48:04,963 -                train: [    INFO] - Test: [   0/156]  Time: 0.116 (0.116)  Loss:  0.5451 (0.5451)  Acc@1: 84.3750 (84.3750)  Acc@5: 100.0000 (100.0000)
2025-09-11 22:48:07,927 -                train: [    INFO] - Test: [ 156/156]  Time: 0.009 (0.020)  Loss:  0.8143 (0.6357)  Acc@1: 75.0000 (83.0500)  Acc@5: 87.5000 (97.4400)
2025-09-11 22:48:08,386 - timm.utils.checkpoint_saver: [    INFO] - Current checkpoints:
 ('./output/train/20250911-181227-resnet18_vcaV2-224/checkpoint/checkpoint-210.pth.tar', 83.05)
 ('./output/train/20250911-181227-resnet18_vcaV2-224/checkpoint/checkpoint-208.pth.tar', 83.0)
 ('./output/train/20250911-181227-resnet18_vcaV2-224/checkpoint/checkpoint-209.pth.tar', 82.97)
 ('./output/train/20250911-181227-resnet18_vcaV2-224/checkpoint/checkpoint-192.pth.tar', 82.95)
 ('./output/train/20250911-181227-resnet18_vcaV2-224/checkpoint/checkpoint-206.pth.tar', 82.94)
 ('./output/train/20250911-181227-resnet18_vcaV2-224/checkpoint/checkpoint-197.pth.tar', 82.92)
 ('./output/train/20250911-181227-resnet18_vcaV2-224/checkpoint/checkpoint-203.pth.tar', 82.92)
 ('./output/train/20250911-181227-resnet18_vcaV2-224/checkpoint/checkpoint-202.pth.tar', 82.9)
 ('./output/train/20250911-181227-resnet18_vcaV2-224/checkpoint/checkpoint-193.pth.tar', 82.88)
 ('./output/train/20250911-181227-resnet18_vcaV2-224/checkpoint/checkpoint-200.pth.tar', 82.88)

2025-09-11 22:48:08,578 -                train: [    INFO] - Train: 211 [   0/781 (  0%)]  Loss: 28.69 (28.7)  Loss_cat: 0.9115 (0.911)  Loss_feat: 26.15 (26.1)  Loss_gt: 1.630 (1.63) LR: 5.000e-05
2025-09-11 22:48:27,641 -                train: [    INFO] - Train: 211 [ 200/781 ( 26%)]  Loss: 29.28 (28.4)  Loss_cat: 0.9015 (0.851)  Loss_feat: 26.47 (26.0)  Loss_gt: 1.909 (1.56) LR: 5.000e-05
2025-09-11 22:48:46,628 -                train: [    INFO] - Train: 211 [ 400/781 ( 51%)]  Loss: 28.12 (28.4)  Loss_cat: 0.7891 (0.846)  Loss_feat: 25.79 (26.0)  Loss_gt: 1.537 (1.56) LR: 5.000e-05
2025-09-11 22:49:05,707 -                train: [    INFO] - Train: 211 [ 600/781 ( 77%)]  Loss: 27.71 (28.4)  Loss_cat: 0.7625 (0.846)  Loss_feat: 25.39 (26.0)  Loss_gt: 1.555 (1.56) LR: 5.000e-05
2025-09-11 22:49:22,899 -                train: [    INFO] - Train: 211 [ 780/781 (100%)]  Loss: 28.22 (28.4)  Loss_cat: 0.8667 (0.845)  Loss_feat: 26.05 (26.0)  Loss_gt: 1.305 (1.56) LR: 5.000e-05
2025-09-11 22:49:23,008 -                train: [    INFO] - Test: [   0/156]  Time: 0.104 (0.104)  Loss:  0.5506 (0.5506)  Acc@1: 84.3750 (84.3750)  Acc@5: 100.0000 (100.0000)
2025-09-11 22:49:26,023 -                train: [    INFO] - Test: [ 156/156]  Time: 0.008 (0.020)  Loss:  0.8331 (0.6355)  Acc@1: 75.0000 (83.0500)  Acc@5: 93.7500 (97.4000)
2025-09-11 22:49:26,317 - timm.utils.checkpoint_saver: [    INFO] - Current checkpoints:
 ('./output/train/20250911-181227-resnet18_vcaV2-224/checkpoint/checkpoint-210.pth.tar', 83.05)
 ('./output/train/20250911-181227-resnet18_vcaV2-224/checkpoint/checkpoint-211.pth.tar', 83.05)
 ('./output/train/20250911-181227-resnet18_vcaV2-224/checkpoint/checkpoint-208.pth.tar', 83.0)
 ('./output/train/20250911-181227-resnet18_vcaV2-224/checkpoint/checkpoint-209.pth.tar', 82.97)
 ('./output/train/20250911-181227-resnet18_vcaV2-224/checkpoint/checkpoint-192.pth.tar', 82.95)
 ('./output/train/20250911-181227-resnet18_vcaV2-224/checkpoint/checkpoint-206.pth.tar', 82.94)
 ('./output/train/20250911-181227-resnet18_vcaV2-224/checkpoint/checkpoint-197.pth.tar', 82.92)
 ('./output/train/20250911-181227-resnet18_vcaV2-224/checkpoint/checkpoint-203.pth.tar', 82.92)
 ('./output/train/20250911-181227-resnet18_vcaV2-224/checkpoint/checkpoint-202.pth.tar', 82.9)
 ('./output/train/20250911-181227-resnet18_vcaV2-224/checkpoint/checkpoint-193.pth.tar', 82.88)

2025-09-11 22:49:26,499 -                train: [    INFO] - Train: 212 [   0/781 (  0%)]  Loss: 28.21 (28.2)  Loss_cat: 0.8688 (0.869)  Loss_feat: 25.92 (25.9)  Loss_gt: 1.422 (1.42) LR: 5.000e-05
2025-09-11 22:49:45,690 -                train: [    INFO] - Train: 212 [ 200/781 ( 26%)]  Loss: 28.28 (28.4)  Loss_cat: 0.8250 (0.845)  Loss_feat: 26.03 (26.0)  Loss_gt: 1.426 (1.56) LR: 5.000e-05
2025-09-11 22:50:04,790 -                train: [    INFO] - Train: 212 [ 400/781 ( 51%)]  Loss: 28.75 (28.4)  Loss_cat: 0.8742 (0.847)  Loss_feat: 26.34 (26.0)  Loss_gt: 1.536 (1.56) LR: 5.000e-05
2025-09-11 22:50:23,728 -                train: [    INFO] - Train: 212 [ 600/781 ( 77%)]  Loss: 28.35 (28.4)  Loss_cat: 0.8518 (0.844)  Loss_feat: 26.00 (26.0)  Loss_gt: 1.499 (1.56) LR: 5.000e-05
2025-09-11 22:50:40,881 -                train: [    INFO] - Train: 212 [ 780/781 (100%)]  Loss: 28.43 (28.4)  Loss_cat: 0.8333 (0.843)  Loss_feat: 26.24 (26.0)  Loss_gt: 1.361 (1.56) LR: 5.000e-05
2025-09-11 22:50:40,992 -                train: [    INFO] - Test: [   0/156]  Time: 0.105 (0.105)  Loss:  0.5631 (0.5631)  Acc@1: 84.3750 (84.3750)  Acc@5: 100.0000 (100.0000)
2025-09-11 22:50:43,889 -                train: [    INFO] - Test: [ 156/156]  Time: 0.008 (0.019)  Loss:  0.8540 (0.6355)  Acc@1: 75.0000 (83.2300)  Acc@5: 87.5000 (97.4600)
2025-09-11 22:50:44,272 - timm.utils.checkpoint_saver: [    INFO] - Current checkpoints:
 ('./output/train/20250911-181227-resnet18_vcaV2-224/checkpoint/checkpoint-212.pth.tar', 83.23)
 ('./output/train/20250911-181227-resnet18_vcaV2-224/checkpoint/checkpoint-210.pth.tar', 83.05)
 ('./output/train/20250911-181227-resnet18_vcaV2-224/checkpoint/checkpoint-211.pth.tar', 83.05)
 ('./output/train/20250911-181227-resnet18_vcaV2-224/checkpoint/checkpoint-208.pth.tar', 83.0)
 ('./output/train/20250911-181227-resnet18_vcaV2-224/checkpoint/checkpoint-209.pth.tar', 82.97)
 ('./output/train/20250911-181227-resnet18_vcaV2-224/checkpoint/checkpoint-192.pth.tar', 82.95)
 ('./output/train/20250911-181227-resnet18_vcaV2-224/checkpoint/checkpoint-206.pth.tar', 82.94)
 ('./output/train/20250911-181227-resnet18_vcaV2-224/checkpoint/checkpoint-197.pth.tar', 82.92)
 ('./output/train/20250911-181227-resnet18_vcaV2-224/checkpoint/checkpoint-203.pth.tar', 82.92)
 ('./output/train/20250911-181227-resnet18_vcaV2-224/checkpoint/checkpoint-202.pth.tar', 82.9)

2025-09-11 22:50:44,473 -                train: [    INFO] - Train: 213 [   0/781 (  0%)]  Loss: 28.57 (28.6)  Loss_cat: 0.8701 (0.870)  Loss_feat: 26.34 (26.3)  Loss_gt: 1.360 (1.36) LR: 5.000e-05
2025-09-11 22:51:03,590 -                train: [    INFO] - Train: 213 [ 200/781 ( 26%)]  Loss: 28.98 (28.4)  Loss_cat: 0.9545 (0.854)  Loss_feat: 26.35 (26.0)  Loss_gt: 1.673 (1.56) LR: 5.000e-05
2025-09-11 22:51:22,665 -                train: [    INFO] - Train: 213 [ 400/781 ( 51%)]  Loss: 27.46 (28.4)  Loss_cat: 0.7436 (0.851)  Loss_feat: 25.39 (26.0)  Loss_gt: 1.323 (1.56) LR: 5.000e-05
2025-09-11 22:51:41,804 -                train: [    INFO] - Train: 213 [ 600/781 ( 77%)]  Loss: 28.07 (28.4)  Loss_cat: 0.8235 (0.850)  Loss_feat: 25.90 (26.0)  Loss_gt: 1.343 (1.56) LR: 5.000e-05
2025-09-11 22:51:58,819 -                train: [    INFO] - Train: 213 [ 780/781 (100%)]  Loss: 28.65 (28.4)  Loss_cat: 0.8896 (0.849)  Loss_feat: 26.24 (26.0)  Loss_gt: 1.527 (1.56) LR: 5.000e-05
2025-09-11 22:51:58,927 -                train: [    INFO] - Test: [   0/156]  Time: 0.103 (0.103)  Loss:  0.5464 (0.5464)  Acc@1: 84.3750 (84.3750)  Acc@5: 100.0000 (100.0000)
2025-09-11 22:52:01,936 -                train: [    INFO] - Test: [ 156/156]  Time: 0.008 (0.020)  Loss:  0.7970 (0.6359)  Acc@1: 75.0000 (83.0100)  Acc@5: 93.7500 (97.3900)
2025-09-11 22:52:02,249 - timm.utils.checkpoint_saver: [    INFO] - Current checkpoints:
 ('./output/train/20250911-181227-resnet18_vcaV2-224/checkpoint/checkpoint-212.pth.tar', 83.23)
 ('./output/train/20250911-181227-resnet18_vcaV2-224/checkpoint/checkpoint-210.pth.tar', 83.05)
 ('./output/train/20250911-181227-resnet18_vcaV2-224/checkpoint/checkpoint-211.pth.tar', 83.05)
 ('./output/train/20250911-181227-resnet18_vcaV2-224/checkpoint/checkpoint-213.pth.tar', 83.01)
 ('./output/train/20250911-181227-resnet18_vcaV2-224/checkpoint/checkpoint-208.pth.tar', 83.0)
 ('./output/train/20250911-181227-resnet18_vcaV2-224/checkpoint/checkpoint-209.pth.tar', 82.97)
 ('./output/train/20250911-181227-resnet18_vcaV2-224/checkpoint/checkpoint-192.pth.tar', 82.95)
 ('./output/train/20250911-181227-resnet18_vcaV2-224/checkpoint/checkpoint-206.pth.tar', 82.94)
 ('./output/train/20250911-181227-resnet18_vcaV2-224/checkpoint/checkpoint-197.pth.tar', 82.92)
 ('./output/train/20250911-181227-resnet18_vcaV2-224/checkpoint/checkpoint-203.pth.tar', 82.92)

2025-09-11 22:52:02,432 -                train: [    INFO] - Train: 214 [   0/781 (  0%)]  Loss: 28.92 (28.9)  Loss_cat: 0.9146 (0.915)  Loss_feat: 26.17 (26.2)  Loss_gt: 1.833 (1.83) LR: 5.000e-05
2025-09-11 22:52:21,531 -                train: [    INFO] - Train: 214 [ 200/781 ( 26%)]  Loss: 27.40 (28.4)  Loss_cat: 0.7596 (0.845)  Loss_feat: 25.17 (26.0)  Loss_gt: 1.468 (1.56) LR: 5.000e-05
2025-09-11 22:52:40,531 -                train: [    INFO] - Train: 214 [ 400/781 ( 51%)]  Loss: 28.22 (28.4)  Loss_cat: 0.8062 (0.845)  Loss_feat: 25.85 (26.0)  Loss_gt: 1.559 (1.56) LR: 5.000e-05
2025-09-11 22:52:59,493 -                train: [    INFO] - Train: 214 [ 600/781 ( 77%)]  Loss: 27.96 (28.4)  Loss_cat: 0.8030 (0.846)  Loss_feat: 25.78 (26.0)  Loss_gt: 1.385 (1.56) LR: 5.000e-05
2025-09-11 22:53:16,588 -                train: [    INFO] - Train: 214 [ 780/781 (100%)]  Loss: 28.78 (28.4)  Loss_cat: 0.8651 (0.845)  Loss_feat: 26.25 (26.0)  Loss_gt: 1.665 (1.56) LR: 5.000e-05
2025-09-11 22:53:16,692 -                train: [    INFO] - Test: [   0/156]  Time: 0.099 (0.099)  Loss:  0.5498 (0.5498)  Acc@1: 84.3750 (84.3750)  Acc@5: 100.0000 (100.0000)
2025-09-11 22:53:19,681 -                train: [    INFO] - Test: [ 156/156]  Time: 0.008 (0.020)  Loss:  0.8291 (0.6384)  Acc@1: 75.0000 (83.1100)  Acc@5: 93.7500 (97.4500)
2025-09-11 22:53:19,982 - timm.utils.checkpoint_saver: [    INFO] - Current checkpoints:
 ('./output/train/20250911-181227-resnet18_vcaV2-224/checkpoint/checkpoint-212.pth.tar', 83.23)
 ('./output/train/20250911-181227-resnet18_vcaV2-224/checkpoint/checkpoint-214.pth.tar', 83.11)
 ('./output/train/20250911-181227-resnet18_vcaV2-224/checkpoint/checkpoint-210.pth.tar', 83.05)
 ('./output/train/20250911-181227-resnet18_vcaV2-224/checkpoint/checkpoint-211.pth.tar', 83.05)
 ('./output/train/20250911-181227-resnet18_vcaV2-224/checkpoint/checkpoint-213.pth.tar', 83.01)
 ('./output/train/20250911-181227-resnet18_vcaV2-224/checkpoint/checkpoint-208.pth.tar', 83.0)
 ('./output/train/20250911-181227-resnet18_vcaV2-224/checkpoint/checkpoint-209.pth.tar', 82.97)
 ('./output/train/20250911-181227-resnet18_vcaV2-224/checkpoint/checkpoint-192.pth.tar', 82.95)
 ('./output/train/20250911-181227-resnet18_vcaV2-224/checkpoint/checkpoint-206.pth.tar', 82.94)
 ('./output/train/20250911-181227-resnet18_vcaV2-224/checkpoint/checkpoint-197.pth.tar', 82.92)

2025-09-11 22:53:20,182 -                train: [    INFO] - Train: 215 [   0/781 (  0%)]  Loss: 27.87 (27.9)  Loss_cat: 0.8064 (0.806)  Loss_feat: 25.47 (25.5)  Loss_gt: 1.591 (1.59) LR: 5.000e-05
2025-09-11 22:53:39,138 -                train: [    INFO] - Train: 215 [ 200/781 ( 26%)]  Loss: 28.07 (28.4)  Loss_cat: 0.8262 (0.846)  Loss_feat: 25.60 (26.0)  Loss_gt: 1.643 (1.56) LR: 5.000e-05
2025-09-11 22:53:58,073 -                train: [    INFO] - Train: 215 [ 400/781 ( 51%)]  Loss: 28.82 (28.4)  Loss_cat: 0.8593 (0.843)  Loss_feat: 26.37 (26.0)  Loss_gt: 1.596 (1.55) LR: 5.000e-05
2025-09-11 22:54:17,025 -                train: [    INFO] - Train: 215 [ 600/781 ( 77%)]  Loss: 27.77 (28.3)  Loss_cat: 0.7398 (0.841)  Loss_feat: 25.42 (25.9)  Loss_gt: 1.613 (1.56) LR: 5.000e-05
2025-09-11 22:54:34,234 -                train: [    INFO] - Train: 215 [ 780/781 (100%)]  Loss: 28.30 (28.4)  Loss_cat: 0.8068 (0.843)  Loss_feat: 25.81 (26.0)  Loss_gt: 1.685 (1.56) LR: 5.000e-05
2025-09-11 22:54:34,340 -                train: [    INFO] - Test: [   0/156]  Time: 0.100 (0.100)  Loss:  0.5642 (0.5642)  Acc@1: 84.3750 (84.3750)  Acc@5: 100.0000 (100.0000)
2025-09-11 22:54:37,252 -                train: [    INFO] - Test: [ 156/156]  Time: 0.008 (0.019)  Loss:  0.8327 (0.6417)  Acc@1: 75.0000 (83.1700)  Acc@5: 87.5000 (97.3900)
2025-09-11 22:54:37,584 - timm.utils.checkpoint_saver: [    INFO] - Current checkpoints:
 ('./output/train/20250911-181227-resnet18_vcaV2-224/checkpoint/checkpoint-212.pth.tar', 83.23)
 ('./output/train/20250911-181227-resnet18_vcaV2-224/checkpoint/checkpoint-215.pth.tar', 83.17)
 ('./output/train/20250911-181227-resnet18_vcaV2-224/checkpoint/checkpoint-214.pth.tar', 83.11)
 ('./output/train/20250911-181227-resnet18_vcaV2-224/checkpoint/checkpoint-210.pth.tar', 83.05)
 ('./output/train/20250911-181227-resnet18_vcaV2-224/checkpoint/checkpoint-211.pth.tar', 83.05)
 ('./output/train/20250911-181227-resnet18_vcaV2-224/checkpoint/checkpoint-213.pth.tar', 83.01)
 ('./output/train/20250911-181227-resnet18_vcaV2-224/checkpoint/checkpoint-208.pth.tar', 83.0)
 ('./output/train/20250911-181227-resnet18_vcaV2-224/checkpoint/checkpoint-209.pth.tar', 82.97)
 ('./output/train/20250911-181227-resnet18_vcaV2-224/checkpoint/checkpoint-192.pth.tar', 82.95)
 ('./output/train/20250911-181227-resnet18_vcaV2-224/checkpoint/checkpoint-206.pth.tar', 82.94)

2025-09-11 22:54:37,766 -                train: [    INFO] - Train: 216 [   0/781 (  0%)]  Loss: 28.18 (28.2)  Loss_cat: 0.8232 (0.823)  Loss_feat: 25.80 (25.8)  Loss_gt: 1.550 (1.55) LR: 5.000e-05
2025-09-11 22:54:56,765 -                train: [    INFO] - Train: 216 [ 200/781 ( 26%)]  Loss: 28.58 (28.4)  Loss_cat: 0.8774 (0.843)  Loss_feat: 26.07 (25.9)  Loss_gt: 1.626 (1.57) LR: 5.000e-05
2025-09-11 22:55:15,748 -                train: [    INFO] - Train: 216 [ 400/781 ( 51%)]  Loss: 28.22 (28.4)  Loss_cat: 0.8105 (0.843)  Loss_feat: 25.93 (26.0)  Loss_gt: 1.481 (1.56) LR: 5.000e-05
2025-09-11 22:55:34,878 -                train: [    INFO] - Train: 216 [ 600/781 ( 77%)]  Loss: 29.52 (28.4)  Loss_cat: 0.9243 (0.843)  Loss_feat: 26.86 (26.0)  Loss_gt: 1.741 (1.56) LR: 5.000e-05
2025-09-11 22:55:51,998 -                train: [    INFO] - Train: 216 [ 780/781 (100%)]  Loss: 28.79 (28.4)  Loss_cat: 0.8693 (0.844)  Loss_feat: 25.97 (26.0)  Loss_gt: 1.953 (1.56) LR: 5.000e-05
2025-09-11 22:55:52,106 -                train: [    INFO] - Test: [   0/156]  Time: 0.103 (0.103)  Loss:  0.5627 (0.5627)  Acc@1: 84.3750 (84.3750)  Acc@5: 100.0000 (100.0000)
2025-09-11 22:55:55,104 -                train: [    INFO] - Test: [ 156/156]  Time: 0.009 (0.020)  Loss:  0.8352 (0.6352)  Acc@1: 75.0000 (82.8800)  Acc@5: 93.7500 (97.4200)
2025-09-11 22:55:55,720 -                train: [    INFO] - Train: 217 [   0/781 (  0%)]  Loss: 27.39 (27.4)  Loss_cat: 0.7664 (0.766)  Loss_feat: 25.19 (25.2)  Loss_gt: 1.429 (1.43) LR: 5.000e-05
2025-09-11 22:56:14,898 -                train: [    INFO] - Train: 217 [ 200/781 ( 26%)]  Loss: 27.92 (28.3)  Loss_cat: 0.8172 (0.845)  Loss_feat: 25.52 (25.9)  Loss_gt: 1.582 (1.56) LR: 5.000e-05
2025-09-11 22:56:33,824 -                train: [    INFO] - Train: 217 [ 400/781 ( 51%)]  Loss: 27.78 (28.4)  Loss_cat: 0.8290 (0.843)  Loss_feat: 25.40 (25.9)  Loss_gt: 1.550 (1.56) LR: 5.000e-05
2025-09-11 22:56:52,930 -                train: [    INFO] - Train: 217 [ 600/781 ( 77%)]  Loss: 28.08 (28.4)  Loss_cat: 0.8566 (0.844)  Loss_feat: 25.83 (25.9)  Loss_gt: 1.395 (1.56) LR: 5.000e-05
2025-09-11 22:57:09,988 -                train: [    INFO] - Train: 217 [ 780/781 (100%)]  Loss: 28.60 (28.4)  Loss_cat: 0.8630 (0.844)  Loss_feat: 26.11 (25.9)  Loss_gt: 1.633 (1.56) LR: 5.000e-05
2025-09-11 22:57:10,092 -                train: [    INFO] - Test: [   0/156]  Time: 0.100 (0.100)  Loss:  0.5699 (0.5699)  Acc@1: 84.3750 (84.3750)  Acc@5: 98.4375 (98.4375)
2025-09-11 22:57:13,012 -                train: [    INFO] - Test: [ 156/156]  Time: 0.009 (0.019)  Loss:  0.8058 (0.6407)  Acc@1: 75.0000 (83.1000)  Acc@5: 93.7500 (97.3700)
2025-09-11 22:57:13,492 - timm.utils.checkpoint_saver: [    INFO] - Current checkpoints:
 ('./output/train/20250911-181227-resnet18_vcaV2-224/checkpoint/checkpoint-212.pth.tar', 83.23)
 ('./output/train/20250911-181227-resnet18_vcaV2-224/checkpoint/checkpoint-215.pth.tar', 83.17)
 ('./output/train/20250911-181227-resnet18_vcaV2-224/checkpoint/checkpoint-214.pth.tar', 83.11)
 ('./output/train/20250911-181227-resnet18_vcaV2-224/checkpoint/checkpoint-217.pth.tar', 83.1)
 ('./output/train/20250911-181227-resnet18_vcaV2-224/checkpoint/checkpoint-210.pth.tar', 83.05)
 ('./output/train/20250911-181227-resnet18_vcaV2-224/checkpoint/checkpoint-211.pth.tar', 83.05)
 ('./output/train/20250911-181227-resnet18_vcaV2-224/checkpoint/checkpoint-213.pth.tar', 83.01)
 ('./output/train/20250911-181227-resnet18_vcaV2-224/checkpoint/checkpoint-208.pth.tar', 83.0)
 ('./output/train/20250911-181227-resnet18_vcaV2-224/checkpoint/checkpoint-209.pth.tar', 82.97)
 ('./output/train/20250911-181227-resnet18_vcaV2-224/checkpoint/checkpoint-192.pth.tar', 82.95)

2025-09-11 22:57:13,687 -                train: [    INFO] - Train: 218 [   0/781 (  0%)]  Loss: 28.19 (28.2)  Loss_cat: 0.8561 (0.856)  Loss_feat: 25.84 (25.8)  Loss_gt: 1.491 (1.49) LR: 5.000e-05
2025-09-11 22:57:32,634 -                train: [    INFO] - Train: 218 [ 200/781 ( 26%)]  Loss: 28.69 (28.4)  Loss_cat: 0.8357 (0.846)  Loss_feat: 26.36 (26.0)  Loss_gt: 1.496 (1.55) LR: 5.000e-05
2025-09-11 22:57:51,545 -                train: [    INFO] - Train: 218 [ 400/781 ( 51%)]  Loss: 28.62 (28.4)  Loss_cat: 0.8710 (0.845)  Loss_feat: 25.98 (26.0)  Loss_gt: 1.769 (1.55) LR: 5.000e-05
2025-09-11 22:58:10,487 -                train: [    INFO] - Train: 218 [ 600/781 ( 77%)]  Loss: 28.07 (28.3)  Loss_cat: 0.8554 (0.844)  Loss_feat: 25.76 (26.0)  Loss_gt: 1.455 (1.55) LR: 5.000e-05
2025-09-11 22:58:27,655 -                train: [    INFO] - Train: 218 [ 780/781 (100%)]  Loss: 29.21 (28.3)  Loss_cat: 0.9367 (0.843)  Loss_feat: 26.53 (26.0)  Loss_gt: 1.744 (1.55) LR: 5.000e-05
2025-09-11 22:58:27,764 -                train: [    INFO] - Test: [   0/156]  Time: 0.102 (0.102)  Loss:  0.5700 (0.5700)  Acc@1: 84.3750 (84.3750)  Acc@5: 100.0000 (100.0000)
2025-09-11 22:58:30,718 -                train: [    INFO] - Test: [ 156/156]  Time: 0.008 (0.019)  Loss:  0.8340 (0.6395)  Acc@1: 75.0000 (83.0600)  Acc@5: 87.5000 (97.4400)
2025-09-11 22:58:31,050 - timm.utils.checkpoint_saver: [    INFO] - Current checkpoints:
 ('./output/train/20250911-181227-resnet18_vcaV2-224/checkpoint/checkpoint-212.pth.tar', 83.23)
 ('./output/train/20250911-181227-resnet18_vcaV2-224/checkpoint/checkpoint-215.pth.tar', 83.17)
 ('./output/train/20250911-181227-resnet18_vcaV2-224/checkpoint/checkpoint-214.pth.tar', 83.11)
 ('./output/train/20250911-181227-resnet18_vcaV2-224/checkpoint/checkpoint-217.pth.tar', 83.1)
 ('./output/train/20250911-181227-resnet18_vcaV2-224/checkpoint/checkpoint-218.pth.tar', 83.06)
 ('./output/train/20250911-181227-resnet18_vcaV2-224/checkpoint/checkpoint-210.pth.tar', 83.05)
 ('./output/train/20250911-181227-resnet18_vcaV2-224/checkpoint/checkpoint-211.pth.tar', 83.05)
 ('./output/train/20250911-181227-resnet18_vcaV2-224/checkpoint/checkpoint-213.pth.tar', 83.01)
 ('./output/train/20250911-181227-resnet18_vcaV2-224/checkpoint/checkpoint-208.pth.tar', 83.0)
 ('./output/train/20250911-181227-resnet18_vcaV2-224/checkpoint/checkpoint-209.pth.tar', 82.97)

2025-09-11 22:58:31,234 -                train: [    INFO] - Train: 219 [   0/781 (  0%)]  Loss: 27.85 (27.8)  Loss_cat: 0.7806 (0.781)  Loss_feat: 25.50 (25.5)  Loss_gt: 1.564 (1.56) LR: 5.000e-05
2025-09-11 22:58:50,210 -                train: [    INFO] - Train: 219 [ 200/781 ( 26%)]  Loss: 28.45 (28.3)  Loss_cat: 0.8798 (0.839)  Loss_feat: 26.29 (25.9)  Loss_gt: 1.289 (1.57) LR: 5.000e-05
2025-09-11 22:59:09,161 -                train: [    INFO] - Train: 219 [ 400/781 ( 51%)]  Loss: 28.15 (28.4)  Loss_cat: 0.8173 (0.842)  Loss_feat: 25.63 (25.9)  Loss_gt: 1.712 (1.57) LR: 5.000e-05
2025-09-11 22:59:28,074 -                train: [    INFO] - Train: 219 [ 600/781 ( 77%)]  Loss: 28.54 (28.3)  Loss_cat: 0.8601 (0.842)  Loss_feat: 26.04 (25.9)  Loss_gt: 1.642 (1.56) LR: 5.000e-05
2025-09-11 22:59:45,104 -                train: [    INFO] - Train: 219 [ 780/781 (100%)]  Loss: 28.29 (28.4)  Loss_cat: 0.8416 (0.843)  Loss_feat: 26.04 (25.9)  Loss_gt: 1.408 (1.56) LR: 5.000e-05
2025-09-11 22:59:45,221 -                train: [    INFO] - Test: [   0/156]  Time: 0.111 (0.111)  Loss:  0.5642 (0.5642)  Acc@1: 84.3750 (84.3750)  Acc@5: 100.0000 (100.0000)
2025-09-11 22:59:48,151 -                train: [    INFO] - Test: [ 156/156]  Time: 0.008 (0.019)  Loss:  0.8161 (0.6359)  Acc@1: 75.0000 (83.0300)  Acc@5: 93.7500 (97.4300)
2025-09-11 22:59:48,555 - timm.utils.checkpoint_saver: [    INFO] - Current checkpoints:
 ('./output/train/20250911-181227-resnet18_vcaV2-224/checkpoint/checkpoint-212.pth.tar', 83.23)
 ('./output/train/20250911-181227-resnet18_vcaV2-224/checkpoint/checkpoint-215.pth.tar', 83.17)
 ('./output/train/20250911-181227-resnet18_vcaV2-224/checkpoint/checkpoint-214.pth.tar', 83.11)
 ('./output/train/20250911-181227-resnet18_vcaV2-224/checkpoint/checkpoint-217.pth.tar', 83.1)
 ('./output/train/20250911-181227-resnet18_vcaV2-224/checkpoint/checkpoint-218.pth.tar', 83.06)
 ('./output/train/20250911-181227-resnet18_vcaV2-224/checkpoint/checkpoint-210.pth.tar', 83.05)
 ('./output/train/20250911-181227-resnet18_vcaV2-224/checkpoint/checkpoint-211.pth.tar', 83.05)
 ('./output/train/20250911-181227-resnet18_vcaV2-224/checkpoint/checkpoint-219.pth.tar', 83.03)
 ('./output/train/20250911-181227-resnet18_vcaV2-224/checkpoint/checkpoint-213.pth.tar', 83.01)
 ('./output/train/20250911-181227-resnet18_vcaV2-224/checkpoint/checkpoint-208.pth.tar', 83.0)

2025-09-11 22:59:48,744 -                train: [    INFO] - Train: 220 [   0/781 (  0%)]  Loss: 29.00 (29.0)  Loss_cat: 0.8772 (0.877)  Loss_feat: 26.55 (26.6)  Loss_gt: 1.567 (1.57) LR: 5.000e-05
2025-09-11 23:00:07,828 -                train: [    INFO] - Train: 220 [ 200/781 ( 26%)]  Loss: 28.58 (28.3)  Loss_cat: 0.8734 (0.844)  Loss_feat: 26.16 (25.9)  Loss_gt: 1.546 (1.57) LR: 5.000e-05
2025-09-11 23:00:26,866 -                train: [    INFO] - Train: 220 [ 400/781 ( 51%)]  Loss: 28.35 (28.4)  Loss_cat: 0.8610 (0.845)  Loss_feat: 26.04 (26.0)  Loss_gt: 1.445 (1.55) LR: 5.000e-05
2025-09-11 23:00:45,993 -                train: [    INFO] - Train: 220 [ 600/781 ( 77%)]  Loss: 27.42 (28.4)  Loss_cat: 0.7590 (0.846)  Loss_feat: 25.08 (26.0)  Loss_gt: 1.576 (1.56) LR: 5.000e-05
2025-09-11 23:01:03,117 -                train: [    INFO] - Train: 220 [ 780/781 (100%)]  Loss: 27.45 (28.4)  Loss_cat: 0.8296 (0.846)  Loss_feat: 25.12 (26.0)  Loss_gt: 1.499 (1.56) LR: 5.000e-05
2025-09-11 23:01:03,221 -                train: [    INFO] - Test: [   0/156]  Time: 0.099 (0.099)  Loss:  0.5732 (0.5732)  Acc@1: 84.3750 (84.3750)  Acc@5: 100.0000 (100.0000)
2025-09-11 23:01:06,232 -                train: [    INFO] - Test: [ 156/156]  Time: 0.009 (0.020)  Loss:  0.7826 (0.6382)  Acc@1: 75.0000 (83.0700)  Acc@5: 93.7500 (97.4500)
2025-09-11 23:01:06,578 - timm.utils.checkpoint_saver: [    INFO] - Current checkpoints:
 ('./output/train/20250911-181227-resnet18_vcaV2-224/checkpoint/checkpoint-212.pth.tar', 83.23)
 ('./output/train/20250911-181227-resnet18_vcaV2-224/checkpoint/checkpoint-215.pth.tar', 83.17)
 ('./output/train/20250911-181227-resnet18_vcaV2-224/checkpoint/checkpoint-214.pth.tar', 83.11)
 ('./output/train/20250911-181227-resnet18_vcaV2-224/checkpoint/checkpoint-217.pth.tar', 83.1)
 ('./output/train/20250911-181227-resnet18_vcaV2-224/checkpoint/checkpoint-220.pth.tar', 83.07)
 ('./output/train/20250911-181227-resnet18_vcaV2-224/checkpoint/checkpoint-218.pth.tar', 83.06)
 ('./output/train/20250911-181227-resnet18_vcaV2-224/checkpoint/checkpoint-210.pth.tar', 83.05)
 ('./output/train/20250911-181227-resnet18_vcaV2-224/checkpoint/checkpoint-211.pth.tar', 83.05)
 ('./output/train/20250911-181227-resnet18_vcaV2-224/checkpoint/checkpoint-219.pth.tar', 83.03)
 ('./output/train/20250911-181227-resnet18_vcaV2-224/checkpoint/checkpoint-213.pth.tar', 83.01)

2025-09-11 23:01:06,769 -                train: [    INFO] - Train: 221 [   0/781 (  0%)]  Loss: 29.18 (29.2)  Loss_cat: 0.9442 (0.944)  Loss_feat: 26.42 (26.4)  Loss_gt: 1.815 (1.82) LR: 5.000e-05
2025-09-11 23:01:25,780 -                train: [    INFO] - Train: 221 [ 200/781 ( 26%)]  Loss: 28.90 (28.4)  Loss_cat: 0.8757 (0.848)  Loss_feat: 26.45 (26.0)  Loss_gt: 1.569 (1.56) LR: 5.000e-05
2025-09-11 23:01:44,835 -                train: [    INFO] - Train: 221 [ 400/781 ( 51%)]  Loss: 28.55 (28.4)  Loss_cat: 0.8744 (0.846)  Loss_feat: 26.21 (26.0)  Loss_gt: 1.468 (1.55) LR: 5.000e-05
2025-09-11 23:02:03,965 -                train: [    INFO] - Train: 221 [ 600/781 ( 77%)]  Loss: 27.97 (28.3)  Loss_cat: 0.7932 (0.845)  Loss_feat: 25.67 (26.0)  Loss_gt: 1.500 (1.55) LR: 5.000e-05
2025-09-11 23:02:21,271 -                train: [    INFO] - Train: 221 [ 780/781 (100%)]  Loss: 28.43 (28.3)  Loss_cat: 0.8935 (0.844)  Loss_feat: 26.06 (25.9)  Loss_gt: 1.478 (1.55) LR: 5.000e-05
2025-09-11 23:02:21,381 -                train: [    INFO] - Test: [   0/156]  Time: 0.105 (0.105)  Loss:  0.5623 (0.5623)  Acc@1: 84.3750 (84.3750)  Acc@5: 100.0000 (100.0000)
2025-09-11 23:02:24,315 -                train: [    INFO] - Test: [ 156/156]  Time: 0.009 (0.019)  Loss:  0.8165 (0.6339)  Acc@1: 75.0000 (82.9100)  Acc@5: 93.7500 (97.3800)
2025-09-11 23:02:24,763 -                train: [    INFO] - Train: 222 [   0/781 (  0%)]  Loss: 28.09 (28.1)  Loss_cat: 0.7968 (0.797)  Loss_feat: 25.82 (25.8)  Loss_gt: 1.478 (1.48) LR: 5.000e-05
2025-09-11 23:02:43,708 -                train: [    INFO] - Train: 222 [ 200/781 ( 26%)]  Loss: 28.82 (28.4)  Loss_cat: 0.8860 (0.846)  Loss_feat: 26.26 (26.0)  Loss_gt: 1.675 (1.56) LR: 5.000e-05
2025-09-11 23:03:02,622 -                train: [    INFO] - Train: 222 [ 400/781 ( 51%)]  Loss: 27.62 (28.4)  Loss_cat: 0.7906 (0.844)  Loss_feat: 25.38 (26.0)  Loss_gt: 1.452 (1.55) LR: 5.000e-05
2025-09-11 23:03:21,550 -                train: [    INFO] - Train: 222 [ 600/781 ( 77%)]  Loss: 27.61 (28.4)  Loss_cat: 0.7387 (0.845)  Loss_feat: 25.67 (26.0)  Loss_gt: 1.206 (1.55) LR: 5.000e-05
2025-09-11 23:03:38,594 -                train: [    INFO] - Train: 222 [ 780/781 (100%)]  Loss: 28.72 (28.4)  Loss_cat: 0.8636 (0.845)  Loss_feat: 26.23 (26.0)  Loss_gt: 1.625 (1.55) LR: 5.000e-05
2025-09-11 23:03:38,702 -                train: [    INFO] - Test: [   0/156]  Time: 0.102 (0.102)  Loss:  0.5649 (0.5649)  Acc@1: 84.3750 (84.3750)  Acc@5: 100.0000 (100.0000)
2025-09-11 23:03:41,750 -                train: [    INFO] - Test: [ 156/156]  Time: 0.008 (0.020)  Loss:  0.7860 (0.6342)  Acc@1: 75.0000 (83.1300)  Acc@5: 93.7500 (97.4600)
2025-09-11 23:03:42,197 - timm.utils.checkpoint_saver: [    INFO] - Current checkpoints:
 ('./output/train/20250911-181227-resnet18_vcaV2-224/checkpoint/checkpoint-212.pth.tar', 83.23)
 ('./output/train/20250911-181227-resnet18_vcaV2-224/checkpoint/checkpoint-215.pth.tar', 83.17)
 ('./output/train/20250911-181227-resnet18_vcaV2-224/checkpoint/checkpoint-222.pth.tar', 83.13)
 ('./output/train/20250911-181227-resnet18_vcaV2-224/checkpoint/checkpoint-214.pth.tar', 83.11)
 ('./output/train/20250911-181227-resnet18_vcaV2-224/checkpoint/checkpoint-217.pth.tar', 83.1)
 ('./output/train/20250911-181227-resnet18_vcaV2-224/checkpoint/checkpoint-220.pth.tar', 83.07)
 ('./output/train/20250911-181227-resnet18_vcaV2-224/checkpoint/checkpoint-218.pth.tar', 83.06)
 ('./output/train/20250911-181227-resnet18_vcaV2-224/checkpoint/checkpoint-210.pth.tar', 83.05)
 ('./output/train/20250911-181227-resnet18_vcaV2-224/checkpoint/checkpoint-211.pth.tar', 83.05)
 ('./output/train/20250911-181227-resnet18_vcaV2-224/checkpoint/checkpoint-219.pth.tar', 83.03)

2025-09-11 23:03:42,382 -                train: [    INFO] - Train: 223 [   0/781 (  0%)]  Loss: 28.24 (28.2)  Loss_cat: 0.8193 (0.819)  Loss_feat: 25.68 (25.7)  Loss_gt: 1.747 (1.75) LR: 5.000e-05
2025-09-11 23:04:01,328 -                train: [    INFO] - Train: 223 [ 200/781 ( 26%)]  Loss: 28.17 (28.4)  Loss_cat: 0.8171 (0.846)  Loss_feat: 25.98 (26.0)  Loss_gt: 1.368 (1.55) LR: 5.000e-05
2025-09-11 23:04:20,311 -                train: [    INFO] - Train: 223 [ 400/781 ( 51%)]  Loss: 28.76 (28.4)  Loss_cat: 0.8620 (0.845)  Loss_feat: 26.37 (26.0)  Loss_gt: 1.522 (1.56) LR: 5.000e-05
2025-09-11 23:04:39,418 -                train: [    INFO] - Train: 223 [ 600/781 ( 77%)]  Loss: 27.64 (28.4)  Loss_cat: 0.7883 (0.845)  Loss_feat: 25.32 (26.0)  Loss_gt: 1.533 (1.56) LR: 5.000e-05
2025-09-11 23:04:56,579 -                train: [    INFO] - Train: 223 [ 780/781 (100%)]  Loss: 28.74 (28.4)  Loss_cat: 0.8708 (0.844)  Loss_feat: 26.32 (26.0)  Loss_gt: 1.549 (1.55) LR: 5.000e-05
2025-09-11 23:04:56,686 -                train: [    INFO] - Test: [   0/156]  Time: 0.101 (0.101)  Loss:  0.5461 (0.5461)  Acc@1: 84.3750 (84.3750)  Acc@5: 100.0000 (100.0000)
2025-09-11 23:04:59,643 -                train: [    INFO] - Test: [ 156/156]  Time: 0.011 (0.019)  Loss:  0.7771 (0.6340)  Acc@1: 75.0000 (82.9400)  Acc@5: 93.7500 (97.4300)
2025-09-11 23:05:00,097 -                train: [    INFO] - Train: 224 [   0/781 (  0%)]  Loss: 28.63 (28.6)  Loss_cat: 0.8752 (0.875)  Loss_feat: 26.12 (26.1)  Loss_gt: 1.635 (1.63) LR: 5.000e-05
2025-09-11 23:05:19,034 -                train: [    INFO] - Train: 224 [ 200/781 ( 26%)]  Loss: 28.58 (28.4)  Loss_cat: 0.9173 (0.842)  Loss_feat: 26.11 (26.0)  Loss_gt: 1.544 (1.56) LR: 5.000e-05
2025-09-11 23:05:38,038 -                train: [    INFO] - Train: 224 [ 400/781 ( 51%)]  Loss: 27.71 (28.3)  Loss_cat: 0.7732 (0.842)  Loss_feat: 25.39 (25.9)  Loss_gt: 1.551 (1.55) LR: 5.000e-05
2025-09-11 23:05:57,101 -                train: [    INFO] - Train: 224 [ 600/781 ( 77%)]  Loss: 28.67 (28.3)  Loss_cat: 0.9155 (0.843)  Loss_feat: 26.13 (25.9)  Loss_gt: 1.625 (1.55) LR: 5.000e-05
2025-09-11 23:06:14,328 -                train: [    INFO] - Train: 224 [ 780/781 (100%)]  Loss: 28.02 (28.4)  Loss_cat: 0.8085 (0.843)  Loss_feat: 25.52 (26.0)  Loss_gt: 1.690 (1.55) LR: 5.000e-05
2025-09-11 23:06:14,442 -                train: [    INFO] - Test: [   0/156]  Time: 0.107 (0.107)  Loss:  0.5615 (0.5615)  Acc@1: 84.3750 (84.3750)  Acc@5: 100.0000 (100.0000)
2025-09-11 23:06:17,474 -                train: [    INFO] - Test: [ 156/156]  Time: 0.008 (0.020)  Loss:  0.7920 (0.6330)  Acc@1: 75.0000 (83.1300)  Acc@5: 87.5000 (97.4400)
2025-09-11 23:06:17,816 - timm.utils.checkpoint_saver: [    INFO] - Current checkpoints:
 ('./output/train/20250911-181227-resnet18_vcaV2-224/checkpoint/checkpoint-212.pth.tar', 83.23)
 ('./output/train/20250911-181227-resnet18_vcaV2-224/checkpoint/checkpoint-215.pth.tar', 83.17)
 ('./output/train/20250911-181227-resnet18_vcaV2-224/checkpoint/checkpoint-222.pth.tar', 83.13)
 ('./output/train/20250911-181227-resnet18_vcaV2-224/checkpoint/checkpoint-224.pth.tar', 83.13)
 ('./output/train/20250911-181227-resnet18_vcaV2-224/checkpoint/checkpoint-214.pth.tar', 83.11)
 ('./output/train/20250911-181227-resnet18_vcaV2-224/checkpoint/checkpoint-217.pth.tar', 83.1)
 ('./output/train/20250911-181227-resnet18_vcaV2-224/checkpoint/checkpoint-220.pth.tar', 83.07)
 ('./output/train/20250911-181227-resnet18_vcaV2-224/checkpoint/checkpoint-218.pth.tar', 83.06)
 ('./output/train/20250911-181227-resnet18_vcaV2-224/checkpoint/checkpoint-210.pth.tar', 83.05)
 ('./output/train/20250911-181227-resnet18_vcaV2-224/checkpoint/checkpoint-211.pth.tar', 83.05)

2025-09-11 23:06:18,002 -                train: [    INFO] - Train: 225 [   0/781 (  0%)]  Loss: 28.36 (28.4)  Loss_cat: 0.8262 (0.826)  Loss_feat: 25.74 (25.7)  Loss_gt: 1.794 (1.79) LR: 5.000e-05
2025-09-11 23:06:37,034 -                train: [    INFO] - Train: 225 [ 200/781 ( 26%)]  Loss: 28.78 (28.3)  Loss_cat: 0.8715 (0.846)  Loss_feat: 26.27 (26.0)  Loss_gt: 1.638 (1.55) LR: 5.000e-05
2025-09-11 23:06:55,976 -                train: [    INFO] - Train: 225 [ 400/781 ( 51%)]  Loss: 27.94 (28.4)  Loss_cat: 0.7829 (0.844)  Loss_feat: 25.44 (25.9)  Loss_gt: 1.719 (1.56) LR: 5.000e-05
2025-09-11 23:07:14,994 -                train: [    INFO] - Train: 225 [ 600/781 ( 77%)]  Loss: 28.13 (28.3)  Loss_cat: 0.8405 (0.843)  Loss_feat: 25.77 (25.9)  Loss_gt: 1.514 (1.56) LR: 5.000e-05
2025-09-11 23:07:32,162 -                train: [    INFO] - Train: 225 [ 780/781 (100%)]  Loss: 28.12 (28.3)  Loss_cat: 0.8186 (0.842)  Loss_feat: 25.78 (25.9)  Loss_gt: 1.513 (1.56) LR: 5.000e-05
2025-09-11 23:07:32,269 -                train: [    INFO] - Test: [   0/156]  Time: 0.101 (0.101)  Loss:  0.5572 (0.5572)  Acc@1: 84.3750 (84.3750)  Acc@5: 100.0000 (100.0000)
2025-09-11 23:07:35,327 -                train: [    INFO] - Test: [ 156/156]  Time: 0.008 (0.020)  Loss:  0.7919 (0.6359)  Acc@1: 75.0000 (83.1900)  Acc@5: 93.7500 (97.4700)
2025-09-11 23:07:35,704 - timm.utils.checkpoint_saver: [    INFO] - Current checkpoints:
 ('./output/train/20250911-181227-resnet18_vcaV2-224/checkpoint/checkpoint-212.pth.tar', 83.23)
 ('./output/train/20250911-181227-resnet18_vcaV2-224/checkpoint/checkpoint-225.pth.tar', 83.19)
 ('./output/train/20250911-181227-resnet18_vcaV2-224/checkpoint/checkpoint-215.pth.tar', 83.17)
 ('./output/train/20250911-181227-resnet18_vcaV2-224/checkpoint/checkpoint-222.pth.tar', 83.13)
 ('./output/train/20250911-181227-resnet18_vcaV2-224/checkpoint/checkpoint-224.pth.tar', 83.13)
 ('./output/train/20250911-181227-resnet18_vcaV2-224/checkpoint/checkpoint-214.pth.tar', 83.11)
 ('./output/train/20250911-181227-resnet18_vcaV2-224/checkpoint/checkpoint-217.pth.tar', 83.1)
 ('./output/train/20250911-181227-resnet18_vcaV2-224/checkpoint/checkpoint-220.pth.tar', 83.07)
 ('./output/train/20250911-181227-resnet18_vcaV2-224/checkpoint/checkpoint-218.pth.tar', 83.06)
 ('./output/train/20250911-181227-resnet18_vcaV2-224/checkpoint/checkpoint-210.pth.tar', 83.05)

2025-09-11 23:07:35,894 -                train: [    INFO] - Train: 226 [   0/781 (  0%)]  Loss: 28.40 (28.4)  Loss_cat: 0.8606 (0.861)  Loss_feat: 26.00 (26.0)  Loss_gt: 1.544 (1.54) LR: 5.000e-05
2025-09-11 23:07:55,043 -                train: [    INFO] - Train: 226 [ 200/781 ( 26%)]  Loss: 28.07 (28.4)  Loss_cat: 0.8038 (0.848)  Loss_feat: 25.29 (26.0)  Loss_gt: 1.975 (1.54) LR: 5.000e-05
2025-09-11 23:08:14,212 -                train: [    INFO] - Train: 226 [ 400/781 ( 51%)]  Loss: 27.79 (28.4)  Loss_cat: 0.8170 (0.846)  Loss_feat: 25.51 (26.0)  Loss_gt: 1.465 (1.55) LR: 5.000e-05
2025-09-11 23:08:33,337 -                train: [    INFO] - Train: 226 [ 600/781 ( 77%)]  Loss: 28.42 (28.4)  Loss_cat: 0.8817 (0.845)  Loss_feat: 26.25 (26.0)  Loss_gt: 1.284 (1.55) LR: 5.000e-05
2025-09-11 23:08:50,675 -                train: [    INFO] - Train: 226 [ 780/781 (100%)]  Loss: 27.79 (28.4)  Loss_cat: 0.8519 (0.845)  Loss_feat: 25.52 (26.0)  Loss_gt: 1.418 (1.55) LR: 5.000e-05
2025-09-11 23:08:50,788 -                train: [    INFO] - Test: [   0/156]  Time: 0.108 (0.108)  Loss:  0.5437 (0.5437)  Acc@1: 84.3750 (84.3750)  Acc@5: 100.0000 (100.0000)
2025-09-11 23:08:53,741 -                train: [    INFO] - Test: [ 156/156]  Time: 0.009 (0.019)  Loss:  0.8447 (0.6394)  Acc@1: 75.0000 (83.0900)  Acc@5: 87.5000 (97.4200)
2025-09-11 23:08:54,129 - timm.utils.checkpoint_saver: [    INFO] - Current checkpoints:
 ('./output/train/20250911-181227-resnet18_vcaV2-224/checkpoint/checkpoint-212.pth.tar', 83.23)
 ('./output/train/20250911-181227-resnet18_vcaV2-224/checkpoint/checkpoint-225.pth.tar', 83.19)
 ('./output/train/20250911-181227-resnet18_vcaV2-224/checkpoint/checkpoint-215.pth.tar', 83.17)
 ('./output/train/20250911-181227-resnet18_vcaV2-224/checkpoint/checkpoint-222.pth.tar', 83.13)
 ('./output/train/20250911-181227-resnet18_vcaV2-224/checkpoint/checkpoint-224.pth.tar', 83.13)
 ('./output/train/20250911-181227-resnet18_vcaV2-224/checkpoint/checkpoint-214.pth.tar', 83.11)
 ('./output/train/20250911-181227-resnet18_vcaV2-224/checkpoint/checkpoint-217.pth.tar', 83.1)
 ('./output/train/20250911-181227-resnet18_vcaV2-224/checkpoint/checkpoint-226.pth.tar', 83.09)
 ('./output/train/20250911-181227-resnet18_vcaV2-224/checkpoint/checkpoint-220.pth.tar', 83.07)
 ('./output/train/20250911-181227-resnet18_vcaV2-224/checkpoint/checkpoint-218.pth.tar', 83.06)

2025-09-11 23:08:54,318 -                train: [    INFO] - Train: 227 [   0/781 (  0%)]  Loss: 28.30 (28.3)  Loss_cat: 0.8201 (0.820)  Loss_feat: 25.98 (26.0)  Loss_gt: 1.500 (1.50) LR: 5.000e-05
2025-09-11 23:09:13,359 -                train: [    INFO] - Train: 227 [ 200/781 ( 26%)]  Loss: 28.42 (28.3)  Loss_cat: 0.8062 (0.845)  Loss_feat: 25.84 (26.0)  Loss_gt: 1.783 (1.55) LR: 5.000e-05
2025-09-11 23:09:32,309 -                train: [    INFO] - Train: 227 [ 400/781 ( 51%)]  Loss: 28.40 (28.3)  Loss_cat: 0.8375 (0.844)  Loss_feat: 25.92 (25.9)  Loss_gt: 1.642 (1.56) LR: 5.000e-05
2025-09-11 23:09:51,602 -                train: [    INFO] - Train: 227 [ 600/781 ( 77%)]  Loss: 28.34 (28.3)  Loss_cat: 0.8099 (0.843)  Loss_feat: 26.00 (25.9)  Loss_gt: 1.535 (1.56) LR: 5.000e-05
2025-09-11 23:10:08,944 -                train: [    INFO] - Train: 227 [ 780/781 (100%)]  Loss: 28.00 (28.4)  Loss_cat: 0.7928 (0.845)  Loss_feat: 25.69 (26.0)  Loss_gt: 1.512 (1.56) LR: 5.000e-05
2025-09-11 23:10:09,051 -                train: [    INFO] - Test: [   0/156]  Time: 0.101 (0.101)  Loss:  0.5531 (0.5531)  Acc@1: 84.3750 (84.3750)  Acc@5: 100.0000 (100.0000)
2025-09-11 23:10:11,944 -                train: [    INFO] - Test: [ 156/156]  Time: 0.008 (0.019)  Loss:  0.8070 (0.6308)  Acc@1: 75.0000 (83.0800)  Acc@5: 87.5000 (97.4000)
2025-09-11 23:10:12,389 - timm.utils.checkpoint_saver: [    INFO] - Current checkpoints:
 ('./output/train/20250911-181227-resnet18_vcaV2-224/checkpoint/checkpoint-212.pth.tar', 83.23)
 ('./output/train/20250911-181227-resnet18_vcaV2-224/checkpoint/checkpoint-225.pth.tar', 83.19)
 ('./output/train/20250911-181227-resnet18_vcaV2-224/checkpoint/checkpoint-215.pth.tar', 83.17)
 ('./output/train/20250911-181227-resnet18_vcaV2-224/checkpoint/checkpoint-222.pth.tar', 83.13)
 ('./output/train/20250911-181227-resnet18_vcaV2-224/checkpoint/checkpoint-224.pth.tar', 83.13)
 ('./output/train/20250911-181227-resnet18_vcaV2-224/checkpoint/checkpoint-214.pth.tar', 83.11)
 ('./output/train/20250911-181227-resnet18_vcaV2-224/checkpoint/checkpoint-217.pth.tar', 83.1)
 ('./output/train/20250911-181227-resnet18_vcaV2-224/checkpoint/checkpoint-226.pth.tar', 83.09)
 ('./output/train/20250911-181227-resnet18_vcaV2-224/checkpoint/checkpoint-227.pth.tar', 83.08)
 ('./output/train/20250911-181227-resnet18_vcaV2-224/checkpoint/checkpoint-220.pth.tar', 83.07)

2025-09-11 23:10:12,589 -                train: [    INFO] - Train: 228 [   0/781 (  0%)]  Loss: 28.84 (28.8)  Loss_cat: 0.8477 (0.848)  Loss_feat: 26.38 (26.4)  Loss_gt: 1.607 (1.61) LR: 5.000e-05
2025-09-11 23:10:31,519 -                train: [    INFO] - Train: 228 [ 200/781 ( 26%)]  Loss: 30.15 (28.4)  Loss_cat: 0.9373 (0.845)  Loss_feat: 27.33 (26.0)  Loss_gt: 1.887 (1.55) LR: 5.000e-05
2025-09-11 23:10:50,467 -                train: [    INFO] - Train: 228 [ 400/781 ( 51%)]  Loss: 29.02 (28.3)  Loss_cat: 0.9066 (0.844)  Loss_feat: 26.57 (26.0)  Loss_gt: 1.542 (1.54) LR: 5.000e-05
2025-09-11 23:11:09,490 -                train: [    INFO] - Train: 228 [ 600/781 ( 77%)]  Loss: 28.60 (28.3)  Loss_cat: 0.8614 (0.843)  Loss_feat: 26.10 (25.9)  Loss_gt: 1.634 (1.54) LR: 5.000e-05
2025-09-11 23:11:26,574 -                train: [    INFO] - Train: 228 [ 780/781 (100%)]  Loss: 28.01 (28.3)  Loss_cat: 0.8059 (0.843)  Loss_feat: 25.78 (25.9)  Loss_gt: 1.423 (1.54) LR: 5.000e-05
2025-09-11 23:11:26,680 -                train: [    INFO] - Test: [   0/156]  Time: 0.101 (0.101)  Loss:  0.5613 (0.5613)  Acc@1: 84.3750 (84.3750)  Acc@5: 100.0000 (100.0000)
2025-09-11 23:11:29,617 -                train: [    INFO] - Test: [ 156/156]  Time: 0.008 (0.019)  Loss:  0.8266 (0.6391)  Acc@1: 75.0000 (83.0500)  Acc@5: 87.5000 (97.4600)
2025-09-11 23:11:30,202 -                train: [    INFO] - Train: 229 [   0/781 (  0%)]  Loss: 28.82 (28.8)  Loss_cat: 0.9129 (0.913)  Loss_feat: 26.38 (26.4)  Loss_gt: 1.531 (1.53) LR: 5.000e-05
2025-09-11 23:11:49,130 -                train: [    INFO] - Train: 229 [ 200/781 ( 26%)]  Loss: 27.73 (28.3)  Loss_cat: 0.8168 (0.841)  Loss_feat: 25.25 (25.9)  Loss_gt: 1.663 (1.55) LR: 5.000e-05
2025-09-11 23:12:08,077 -                train: [    INFO] - Train: 229 [ 400/781 ( 51%)]  Loss: 28.76 (28.3)  Loss_cat: 0.8514 (0.841)  Loss_feat: 26.30 (25.9)  Loss_gt: 1.605 (1.55) LR: 5.000e-05
2025-09-11 23:12:27,054 -                train: [    INFO] - Train: 229 [ 600/781 ( 77%)]  Loss: 28.43 (28.3)  Loss_cat: 0.8717 (0.842)  Loss_feat: 26.23 (25.9)  Loss_gt: 1.329 (1.55) LR: 5.000e-05
2025-09-11 23:12:44,141 -                train: [    INFO] - Train: 229 [ 780/781 (100%)]  Loss: 28.63 (28.3)  Loss_cat: 0.9090 (0.843)  Loss_feat: 26.31 (25.9)  Loss_gt: 1.412 (1.56) LR: 5.000e-05
2025-09-11 23:12:44,245 -                train: [    INFO] - Test: [   0/156]  Time: 0.099 (0.099)  Loss:  0.5540 (0.5540)  Acc@1: 84.3750 (84.3750)  Acc@5: 98.4375 (98.4375)
2025-09-11 23:12:47,227 -                train: [    INFO] - Test: [ 156/156]  Time: 0.009 (0.020)  Loss:  0.8198 (0.6367)  Acc@1: 75.0000 (82.9600)  Acc@5: 87.5000 (97.4000)
2025-09-11 23:12:47,837 -                train: [    INFO] - Train: 230 [   0/781 (  0%)]  Loss: 28.24 (28.2)  Loss_cat: 0.8453 (0.845)  Loss_feat: 25.85 (25.8)  Loss_gt: 1.542 (1.54) LR: 5.000e-05
2025-09-11 23:13:06,750 -                train: [    INFO] - Train: 230 [ 200/781 ( 26%)]  Loss: 28.59 (28.3)  Loss_cat: 0.8524 (0.843)  Loss_feat: 26.07 (26.0)  Loss_gt: 1.668 (1.55) LR: 5.000e-05
2025-09-11 23:13:25,674 -                train: [    INFO] - Train: 230 [ 400/781 ( 51%)]  Loss: 28.01 (28.3)  Loss_cat: 0.8575 (0.843)  Loss_feat: 25.58 (25.9)  Loss_gt: 1.572 (1.56) LR: 5.000e-05
2025-09-11 23:13:44,601 -                train: [    INFO] - Train: 230 [ 600/781 ( 77%)]  Loss: 27.93 (28.3)  Loss_cat: 0.7708 (0.841)  Loss_feat: 25.70 (25.9)  Loss_gt: 1.467 (1.56) LR: 5.000e-05
2025-09-11 23:14:01,627 -                train: [    INFO] - Train: 230 [ 780/781 (100%)]  Loss: 27.75 (28.3)  Loss_cat: 0.7824 (0.842)  Loss_feat: 25.49 (25.9)  Loss_gt: 1.482 (1.56) LR: 5.000e-05
2025-09-11 23:14:01,731 -                train: [    INFO] - Test: [   0/156]  Time: 0.098 (0.098)  Loss:  0.5412 (0.5412)  Acc@1: 84.3750 (84.3750)  Acc@5: 100.0000 (100.0000)
2025-09-11 23:14:04,626 -                train: [    INFO] - Test: [ 156/156]  Time: 0.008 (0.019)  Loss:  0.8213 (0.6333)  Acc@1: 75.0000 (83.1200)  Acc@5: 87.5000 (97.5300)
2025-09-11 23:14:04,967 - timm.utils.checkpoint_saver: [    INFO] - Current checkpoints:
 ('./output/train/20250911-181227-resnet18_vcaV2-224/checkpoint/checkpoint-212.pth.tar', 83.23)
 ('./output/train/20250911-181227-resnet18_vcaV2-224/checkpoint/checkpoint-225.pth.tar', 83.19)
 ('./output/train/20250911-181227-resnet18_vcaV2-224/checkpoint/checkpoint-215.pth.tar', 83.17)
 ('./output/train/20250911-181227-resnet18_vcaV2-224/checkpoint/checkpoint-222.pth.tar', 83.13)
 ('./output/train/20250911-181227-resnet18_vcaV2-224/checkpoint/checkpoint-224.pth.tar', 83.13)
 ('./output/train/20250911-181227-resnet18_vcaV2-224/checkpoint/checkpoint-230.pth.tar', 83.12)
 ('./output/train/20250911-181227-resnet18_vcaV2-224/checkpoint/checkpoint-214.pth.tar', 83.11)
 ('./output/train/20250911-181227-resnet18_vcaV2-224/checkpoint/checkpoint-217.pth.tar', 83.1)
 ('./output/train/20250911-181227-resnet18_vcaV2-224/checkpoint/checkpoint-226.pth.tar', 83.09)
 ('./output/train/20250911-181227-resnet18_vcaV2-224/checkpoint/checkpoint-227.pth.tar', 83.08)

2025-09-11 23:14:05,171 -                train: [    INFO] - Train: 231 [   0/781 (  0%)]  Loss: 28.84 (28.8)  Loss_cat: 0.8945 (0.895)  Loss_feat: 26.50 (26.5)  Loss_gt: 1.448 (1.45) LR: 5.000e-05
2025-09-11 23:14:24,211 -                train: [    INFO] - Train: 231 [ 200/781 ( 26%)]  Loss: 28.29 (28.4)  Loss_cat: 0.8208 (0.850)  Loss_feat: 25.85 (26.0)  Loss_gt: 1.612 (1.54) LR: 5.000e-05
2025-09-11 23:14:43,223 -                train: [    INFO] - Train: 231 [ 400/781 ( 51%)]  Loss: 28.66 (28.4)  Loss_cat: 0.9258 (0.846)  Loss_feat: 26.43 (26.0)  Loss_gt: 1.304 (1.54) LR: 5.000e-05
2025-09-11 23:15:02,281 -                train: [    INFO] - Train: 231 [ 600/781 ( 77%)]  Loss: 28.89 (28.3)  Loss_cat: 0.9153 (0.843)  Loss_feat: 26.41 (25.9)  Loss_gt: 1.568 (1.54) LR: 5.000e-05
2025-09-11 23:15:19,358 -                train: [    INFO] - Train: 231 [ 780/781 (100%)]  Loss: 28.70 (28.3)  Loss_cat: 0.8741 (0.842)  Loss_feat: 26.40 (25.9)  Loss_gt: 1.423 (1.55) LR: 5.000e-05
2025-09-11 23:15:19,469 -                train: [    INFO] - Test: [   0/156]  Time: 0.105 (0.105)  Loss:  0.5611 (0.5611)  Acc@1: 84.3750 (84.3750)  Acc@5: 100.0000 (100.0000)
2025-09-11 23:15:22,356 -                train: [    INFO] - Test: [ 156/156]  Time: 0.008 (0.019)  Loss:  0.8312 (0.6349)  Acc@1: 75.0000 (82.8500)  Acc@5: 87.5000 (97.4500)
2025-09-11 23:15:22,897 -                train: [    INFO] - Train: 232 [   0/781 (  0%)]  Loss: 29.07 (29.1)  Loss_cat: 0.9364 (0.936)  Loss_feat: 26.50 (26.5)  Loss_gt: 1.637 (1.64) LR: 5.000e-05
2025-09-11 23:15:41,893 -                train: [    INFO] - Train: 232 [ 200/781 ( 26%)]  Loss: 27.52 (28.3)  Loss_cat: 0.8029 (0.841)  Loss_feat: 25.42 (25.9)  Loss_gt: 1.301 (1.55) LR: 5.000e-05
2025-09-11 23:16:00,921 -                train: [    INFO] - Train: 232 [ 400/781 ( 51%)]  Loss: 28.22 (28.3)  Loss_cat: 0.8241 (0.842)  Loss_feat: 25.90 (25.9)  Loss_gt: 1.494 (1.55) LR: 5.000e-05
2025-09-11 23:16:20,000 -                train: [    INFO] - Train: 232 [ 600/781 ( 77%)]  Loss: 28.58 (28.3)  Loss_cat: 0.8958 (0.845)  Loss_feat: 26.06 (26.0)  Loss_gt: 1.628 (1.55) LR: 5.000e-05
2025-09-11 23:16:37,047 -                train: [    INFO] - Train: 232 [ 780/781 (100%)]  Loss: 28.69 (28.3)  Loss_cat: 0.9205 (0.844)  Loss_feat: 26.30 (26.0)  Loss_gt: 1.472 (1.55) LR: 5.000e-05
2025-09-11 23:16:37,154 -                train: [    INFO] - Test: [   0/156]  Time: 0.102 (0.102)  Loss:  0.5436 (0.5436)  Acc@1: 84.3750 (84.3750)  Acc@5: 100.0000 (100.0000)
2025-09-11 23:16:40,042 -                train: [    INFO] - Test: [ 156/156]  Time: 0.009 (0.019)  Loss:  0.7984 (0.6357)  Acc@1: 75.0000 (83.1000)  Acc@5: 93.7500 (97.4100)
2025-09-11 23:16:40,412 - timm.utils.checkpoint_saver: [    INFO] - Current checkpoints:
 ('./output/train/20250911-181227-resnet18_vcaV2-224/checkpoint/checkpoint-212.pth.tar', 83.23)
 ('./output/train/20250911-181227-resnet18_vcaV2-224/checkpoint/checkpoint-225.pth.tar', 83.19)
 ('./output/train/20250911-181227-resnet18_vcaV2-224/checkpoint/checkpoint-215.pth.tar', 83.17)
 ('./output/train/20250911-181227-resnet18_vcaV2-224/checkpoint/checkpoint-222.pth.tar', 83.13)
 ('./output/train/20250911-181227-resnet18_vcaV2-224/checkpoint/checkpoint-224.pth.tar', 83.13)
 ('./output/train/20250911-181227-resnet18_vcaV2-224/checkpoint/checkpoint-230.pth.tar', 83.12)
 ('./output/train/20250911-181227-resnet18_vcaV2-224/checkpoint/checkpoint-214.pth.tar', 83.11)
 ('./output/train/20250911-181227-resnet18_vcaV2-224/checkpoint/checkpoint-217.pth.tar', 83.1)
 ('./output/train/20250911-181227-resnet18_vcaV2-224/checkpoint/checkpoint-232.pth.tar', 83.1)
 ('./output/train/20250911-181227-resnet18_vcaV2-224/checkpoint/checkpoint-226.pth.tar', 83.09)

2025-09-11 23:16:40,601 -                train: [    INFO] - Train: 233 [   0/781 (  0%)]  Loss: 28.42 (28.4)  Loss_cat: 0.8265 (0.827)  Loss_feat: 26.17 (26.2)  Loss_gt: 1.421 (1.42) LR: 5.000e-05
2025-09-11 23:16:59,628 -                train: [    INFO] - Train: 233 [ 200/781 ( 26%)]  Loss: 29.30 (28.4)  Loss_cat: 0.9749 (0.845)  Loss_feat: 26.57 (26.0)  Loss_gt: 1.754 (1.56) LR: 5.000e-05
2025-09-11 23:17:18,692 -                train: [    INFO] - Train: 233 [ 400/781 ( 51%)]  Loss: 27.43 (28.4)  Loss_cat: 0.7387 (0.846)  Loss_feat: 25.21 (26.0)  Loss_gt: 1.481 (1.55) LR: 5.000e-05
2025-09-11 23:17:37,933 -                train: [    INFO] - Train: 233 [ 600/781 ( 77%)]  Loss: 27.77 (28.4)  Loss_cat: 0.7904 (0.847)  Loss_feat: 25.43 (26.0)  Loss_gt: 1.541 (1.55) LR: 5.000e-05
2025-09-11 23:17:55,045 -                train: [    INFO] - Train: 233 [ 780/781 (100%)]  Loss: 28.39 (28.4)  Loss_cat: 0.8658 (0.845)  Loss_feat: 25.89 (26.0)  Loss_gt: 1.636 (1.56) LR: 5.000e-05
2025-09-11 23:17:55,157 -                train: [    INFO] - Test: [   0/156]  Time: 0.106 (0.106)  Loss:  0.5408 (0.5408)  Acc@1: 84.3750 (84.3750)  Acc@5: 100.0000 (100.0000)
2025-09-11 23:17:58,060 -                train: [    INFO] - Test: [ 156/156]  Time: 0.008 (0.019)  Loss:  0.8126 (0.6326)  Acc@1: 75.0000 (82.9900)  Acc@5: 87.5000 (97.4600)
2025-09-11 23:17:58,534 -                train: [    INFO] - Train: 234 [   0/781 (  0%)]  Loss: 28.72 (28.7)  Loss_cat: 0.8992 (0.899)  Loss_feat: 26.18 (26.2)  Loss_gt: 1.638 (1.64) LR: 5.000e-05
2025-09-11 23:18:17,686 -                train: [    INFO] - Train: 234 [ 200/781 ( 26%)]  Loss: 28.79 (28.3)  Loss_cat: 0.8766 (0.841)  Loss_feat: 26.46 (25.9)  Loss_gt: 1.453 (1.55) LR: 5.000e-05
2025-09-11 23:18:36,742 -                train: [    INFO] - Train: 234 [ 400/781 ( 51%)]  Loss: 28.30 (28.3)  Loss_cat: 0.8589 (0.840)  Loss_feat: 25.89 (25.9)  Loss_gt: 1.549 (1.55) LR: 5.000e-05
2025-09-11 23:18:55,720 -                train: [    INFO] - Train: 234 [ 600/781 ( 77%)]  Loss: 28.45 (28.3)  Loss_cat: 0.8639 (0.841)  Loss_feat: 26.21 (25.9)  Loss_gt: 1.370 (1.55) LR: 5.000e-05
2025-09-11 23:19:12,903 -                train: [    INFO] - Train: 234 [ 780/781 (100%)]  Loss: 28.56 (28.3)  Loss_cat: 0.8620 (0.842)  Loss_feat: 26.12 (26.0)  Loss_gt: 1.575 (1.55) LR: 5.000e-05
2025-09-11 23:19:13,022 -                train: [    INFO] - Test: [   0/156]  Time: 0.113 (0.113)  Loss:  0.5565 (0.5565)  Acc@1: 84.3750 (84.3750)  Acc@5: 100.0000 (100.0000)
2025-09-11 23:19:16,078 -                train: [    INFO] - Test: [ 156/156]  Time: 0.009 (0.020)  Loss:  0.8343 (0.6370)  Acc@1: 75.0000 (83.0700)  Acc@5: 87.5000 (97.4400)
2025-09-11 23:19:16,598 -                train: [    INFO] - Train: 235 [   0/781 (  0%)]  Loss: 28.93 (28.9)  Loss_cat: 0.8919 (0.892)  Loss_feat: 26.41 (26.4)  Loss_gt: 1.621 (1.62) LR: 5.000e-05
2025-09-11 23:19:35,749 -                train: [    INFO] - Train: 235 [ 200/781 ( 26%)]  Loss: 28.61 (28.4)  Loss_cat: 0.8760 (0.848)  Loss_feat: 26.30 (26.0)  Loss_gt: 1.435 (1.55) LR: 5.000e-05
2025-09-11 23:19:54,942 -                train: [    INFO] - Train: 235 [ 400/781 ( 51%)]  Loss: 27.97 (28.4)  Loss_cat: 0.7596 (0.848)  Loss_feat: 25.69 (26.0)  Loss_gt: 1.523 (1.55) LR: 5.000e-05
2025-09-11 23:20:13,976 -                train: [    INFO] - Train: 235 [ 600/781 ( 77%)]  Loss: 28.40 (28.4)  Loss_cat: 0.8303 (0.846)  Loss_feat: 26.08 (26.0)  Loss_gt: 1.484 (1.55) LR: 5.000e-05
2025-09-11 23:20:31,135 -                train: [    INFO] - Train: 235 [ 780/781 (100%)]  Loss: 29.20 (28.4)  Loss_cat: 0.8811 (0.846)  Loss_feat: 26.81 (26.0)  Loss_gt: 1.514 (1.56) LR: 5.000e-05
2025-09-11 23:20:31,242 -                train: [    INFO] - Test: [   0/156]  Time: 0.101 (0.101)  Loss:  0.5574 (0.5574)  Acc@1: 84.3750 (84.3750)  Acc@5: 100.0000 (100.0000)
2025-09-11 23:20:34,155 -                train: [    INFO] - Test: [ 156/156]  Time: 0.009 (0.019)  Loss:  0.8269 (0.6334)  Acc@1: 75.0000 (83.1700)  Acc@5: 87.5000 (97.4500)
2025-09-11 23:20:34,488 - timm.utils.checkpoint_saver: [    INFO] - Current checkpoints:
 ('./output/train/20250911-181227-resnet18_vcaV2-224/checkpoint/checkpoint-212.pth.tar', 83.23)
 ('./output/train/20250911-181227-resnet18_vcaV2-224/checkpoint/checkpoint-225.pth.tar', 83.19)
 ('./output/train/20250911-181227-resnet18_vcaV2-224/checkpoint/checkpoint-215.pth.tar', 83.17)
 ('./output/train/20250911-181227-resnet18_vcaV2-224/checkpoint/checkpoint-235.pth.tar', 83.17)
 ('./output/train/20250911-181227-resnet18_vcaV2-224/checkpoint/checkpoint-222.pth.tar', 83.13)
 ('./output/train/20250911-181227-resnet18_vcaV2-224/checkpoint/checkpoint-224.pth.tar', 83.13)
 ('./output/train/20250911-181227-resnet18_vcaV2-224/checkpoint/checkpoint-230.pth.tar', 83.12)
 ('./output/train/20250911-181227-resnet18_vcaV2-224/checkpoint/checkpoint-214.pth.tar', 83.11)
 ('./output/train/20250911-181227-resnet18_vcaV2-224/checkpoint/checkpoint-217.pth.tar', 83.1)
 ('./output/train/20250911-181227-resnet18_vcaV2-224/checkpoint/checkpoint-232.pth.tar', 83.1)

2025-09-11 23:20:34,675 -                train: [    INFO] - Train: 236 [   0/781 (  0%)]  Loss: 27.44 (27.4)  Loss_cat: 0.7994 (0.799)  Loss_feat: 25.37 (25.4)  Loss_gt: 1.265 (1.27) LR: 5.000e-05
2025-09-11 23:20:53,686 -                train: [    INFO] - Train: 236 [ 200/781 ( 26%)]  Loss: 28.99 (28.4)  Loss_cat: 0.8416 (0.847)  Loss_feat: 26.55 (26.0)  Loss_gt: 1.601 (1.55) LR: 5.000e-05
2025-09-11 23:21:12,688 -                train: [    INFO] - Train: 236 [ 400/781 ( 51%)]  Loss: 28.51 (28.3)  Loss_cat: 0.8695 (0.842)  Loss_feat: 26.04 (26.0)  Loss_gt: 1.602 (1.54) LR: 5.000e-05
2025-09-11 23:21:31,657 -                train: [    INFO] - Train: 236 [ 600/781 ( 77%)]  Loss: 27.69 (28.3)  Loss_cat: 0.7268 (0.842)  Loss_feat: 25.40 (26.0)  Loss_gt: 1.565 (1.54) LR: 5.000e-05
2025-09-11 23:21:48,802 -                train: [    INFO] - Train: 236 [ 780/781 (100%)]  Loss: 28.18 (28.3)  Loss_cat: 0.8413 (0.843)  Loss_feat: 25.92 (26.0)  Loss_gt: 1.424 (1.54) LR: 5.000e-05
2025-09-11 23:21:48,907 -                train: [    INFO] - Test: [   0/156]  Time: 0.100 (0.100)  Loss:  0.5430 (0.5430)  Acc@1: 84.3750 (84.3750)  Acc@5: 100.0000 (100.0000)
2025-09-11 23:21:51,800 -                train: [    INFO] - Test: [ 156/156]  Time: 0.008 (0.019)  Loss:  0.8263 (0.6359)  Acc@1: 75.0000 (83.0100)  Acc@5: 93.7500 (97.4600)
2025-09-11 23:21:52,349 -                train: [    INFO] - Train: 237 [   0/781 (  0%)]  Loss: 29.34 (29.3)  Loss_cat: 0.9029 (0.903)  Loss_feat: 26.70 (26.7)  Loss_gt: 1.741 (1.74) LR: 5.000e-05
2025-09-11 23:22:11,366 -                train: [    INFO] - Train: 237 [ 200/781 ( 26%)]  Loss: 28.36 (28.4)  Loss_cat: 0.8542 (0.847)  Loss_feat: 26.08 (26.0)  Loss_gt: 1.427 (1.55) LR: 5.000e-05
2025-09-11 23:22:30,379 -                train: [    INFO] - Train: 237 [ 400/781 ( 51%)]  Loss: 28.96 (28.4)  Loss_cat: 0.8887 (0.842)  Loss_feat: 26.68 (26.0)  Loss_gt: 1.385 (1.55) LR: 5.000e-05
2025-09-11 23:22:49,586 -                train: [    INFO] - Train: 237 [ 600/781 ( 77%)]  Loss: 28.52 (28.4)  Loss_cat: 0.8794 (0.842)  Loss_feat: 26.03 (26.0)  Loss_gt: 1.615 (1.55) LR: 5.000e-05
2025-09-11 23:23:06,730 -                train: [    INFO] - Train: 237 [ 780/781 (100%)]  Loss: 29.02 (28.3)  Loss_cat: 0.9232 (0.841)  Loss_feat: 26.66 (25.9)  Loss_gt: 1.435 (1.55) LR: 5.000e-05
2025-09-11 23:23:06,838 -                train: [    INFO] - Test: [   0/156]  Time: 0.102 (0.102)  Loss:  0.5681 (0.5681)  Acc@1: 84.3750 (84.3750)  Acc@5: 98.4375 (98.4375)
2025-09-11 23:23:09,726 -                train: [    INFO] - Test: [ 156/156]  Time: 0.008 (0.019)  Loss:  0.8424 (0.6384)  Acc@1: 75.0000 (83.0400)  Acc@5: 87.5000 (97.4300)
2025-09-11 23:23:10,261 -                train: [    INFO] - Train: 238 [   0/781 (  0%)]  Loss: 29.73 (29.7)  Loss_cat: 0.9936 (0.994)  Loss_feat: 27.07 (27.1)  Loss_gt: 1.665 (1.66) LR: 5.000e-05
2025-09-11 23:23:29,407 -                train: [    INFO] - Train: 238 [ 200/781 ( 26%)]  Loss: 27.98 (28.4)  Loss_cat: 0.7987 (0.845)  Loss_feat: 25.67 (26.0)  Loss_gt: 1.505 (1.56) LR: 5.000e-05
2025-09-11 23:23:48,533 -                train: [    INFO] - Train: 238 [ 400/781 ( 51%)]  Loss: 28.59 (28.4)  Loss_cat: 0.8762 (0.844)  Loss_feat: 26.00 (26.0)  Loss_gt: 1.713 (1.56) LR: 5.000e-05
2025-09-11 23:24:07,654 -                train: [    INFO] - Train: 238 [ 600/781 ( 77%)]  Loss: 27.63 (28.4)  Loss_cat: 0.7449 (0.843)  Loss_feat: 25.39 (26.0)  Loss_gt: 1.503 (1.55) LR: 5.000e-05
2025-09-11 23:24:24,817 -                train: [    INFO] - Train: 238 [ 780/781 (100%)]  Loss: 28.93 (28.3)  Loss_cat: 0.8591 (0.843)  Loss_feat: 26.50 (26.0)  Loss_gt: 1.575 (1.55) LR: 5.000e-05
2025-09-11 23:24:24,922 -                train: [    INFO] - Test: [   0/156]  Time: 0.099 (0.099)  Loss:  0.5525 (0.5525)  Acc@1: 84.3750 (84.3750)  Acc@5: 100.0000 (100.0000)
2025-09-11 23:24:27,819 -                train: [    INFO] - Test: [ 156/156]  Time: 0.008 (0.019)  Loss:  0.8337 (0.6392)  Acc@1: 81.2500 (82.9200)  Acc@5: 87.5000 (97.4700)
2025-09-11 23:24:28,306 -                train: [    INFO] - Train: 239 [   0/781 (  0%)]  Loss: 28.60 (28.6)  Loss_cat: 0.9098 (0.910)  Loss_feat: 26.00 (26.0)  Loss_gt: 1.688 (1.69) LR: 5.000e-05
2025-09-11 23:24:47,362 -                train: [    INFO] - Train: 239 [ 200/781 ( 26%)]  Loss: 28.67 (28.4)  Loss_cat: 0.8616 (0.845)  Loss_feat: 26.15 (26.0)  Loss_gt: 1.662 (1.55) LR: 5.000e-05
2025-09-11 23:25:06,309 -                train: [    INFO] - Train: 239 [ 400/781 ( 51%)]  Loss: 27.85 (28.4)  Loss_cat: 0.7855 (0.844)  Loss_feat: 25.58 (26.0)  Loss_gt: 1.481 (1.56) LR: 5.000e-05
2025-09-11 23:25:25,273 -                train: [    INFO] - Train: 239 [ 600/781 ( 77%)]  Loss: 28.52 (28.4)  Loss_cat: 0.8765 (0.845)  Loss_feat: 26.09 (26.0)  Loss_gt: 1.561 (1.55) LR: 5.000e-05
2025-09-11 23:25:42,518 -                train: [    INFO] - Train: 239 [ 780/781 (100%)]  Loss: 28.59 (28.3)  Loss_cat: 0.8381 (0.844)  Loss_feat: 26.17 (26.0)  Loss_gt: 1.586 (1.55) LR: 5.000e-05
2025-09-11 23:25:42,634 -                train: [    INFO] - Test: [   0/156]  Time: 0.110 (0.110)  Loss:  0.5476 (0.5476)  Acc@1: 84.3750 (84.3750)  Acc@5: 100.0000 (100.0000)
2025-09-11 23:25:45,516 -                train: [    INFO] - Test: [ 156/156]  Time: 0.009 (0.019)  Loss:  0.8538 (0.6342)  Acc@1: 75.0000 (83.0200)  Acc@5: 93.7500 (97.4800)
2025-09-11 23:25:45,907 -                train: [    INFO] - *** Best metric: 83.23 (epoch 212)
