2025-08-30 08:55:50,414 -                train: [    INFO] - Training with a single process on 1 GPUs.
2025-08-30 08:55:51,893 -  timm.models.helpers: [    INFO] - Loaded  from checkpoint '/nfs4/wangyb/projects/OFAKD/teacher_checkpoint/swin_tiny_patch4_window7_224_tiny_imagenet.pth'
2025-08-30 08:55:52,244 -                train: [    INFO] - Model resnet18_vcaV2 created, param count:13062640
2025-08-30 08:55:52,245 -     timm.data.config: [    INFO] - Data processing configuration for current model + dataset:
2025-08-30 08:55:52,245 -     timm.data.config: [    INFO] - 	input_size: (3, 224, 224)
2025-08-30 08:55:52,246 -     timm.data.config: [    INFO] - 	interpolation: bicubic
2025-08-30 08:55:52,248 -     timm.data.config: [    INFO] - 	mean: (0.485, 0.456, 0.406)
2025-08-30 08:55:52,248 -     timm.data.config: [    INFO] - 	std: (0.229, 0.224, 0.225)
2025-08-30 08:55:52,248 -     timm.data.config: [    INFO] - 	crop_pct: 0.875
2025-08-30 08:55:52,419 -                train: [    INFO] - 
-------------------------------
Learnable parameters
Student: 13.06M
Extra: 0.00M
-------------------------------
2025-08-30 08:55:52,560 -                train: [    INFO] - AMP not enabled. Training in float32.
2025-08-30 08:55:52,560 -                train: [    INFO] - Scheduled epochs: 200
2025-08-30 08:55:56,786 -                train: [    INFO] - Train: 0 [   0/391 (  0%)]  Loss: 511.0 (511.)  Loss_cat: 3.954 (3.95)  Loss_feat: 501.8 (502.)  Loss_gt: 5.315 (5.31) LR: 1.000e-04
2025-08-30 08:57:06,291 -                train: [    INFO] - Train: 0 [ 200/391 ( 51%)]  Loss: 458.2 (487.)  Loss_cat: 3.746 (3.82)  Loss_feat: 449.1 (478.)  Loss_gt: 5.318 (5.31) LR: 1.000e-04
2025-08-30 08:58:14,299 -                train: [    INFO] - Train: 0 [ 390/391 (100%)]  Loss: 452.2 (470.)  Loss_cat: 3.632 (3.71)  Loss_feat: 443.2 (461.)  Loss_gt: 5.327 (5.31) LR: 1.000e-04
2025-08-30 08:58:14,935 -                train: [    INFO] - Test: [   0/39]  Time: 0.584 (0.584)  Loss:  5.2702 (5.2702)  Acc@1:  0.3906 ( 0.3906)  Acc@5:  1.5625 ( 1.5625)
2025-08-30 08:58:31,273 -                train: [    INFO] - Test: [  39/39]  Time: 1.537 (0.423)  Loss:  5.1449 (5.2903)  Acc@1:  0.0000 ( 0.9100)  Acc@5:  0.0000 ( 4.1100)
2025-08-30 08:58:31,595 - timm.utils.checkpoint_saver: [    INFO] - Current checkpoints:
 ('./output/train/20250830-085552-resnet18_vcaV2-224/checkpoint/checkpoint-0.pth.tar', 0.91)

2025-08-30 08:58:32,636 -                train: [    INFO] - Train: 1 [   0/391 (  0%)]  Loss: 446.2 (446.)  Loss_cat: 3.475 (3.48)  Loss_feat: 437.4 (437.)  Loss_gt: 5.311 (5.31) LR: 1.673e-02
2025-08-30 08:59:41,930 -                train: [    INFO] - Train: 1 [ 200/391 ( 51%)]  Loss: 412.3 (428.)  Loss_cat: 2.567 (2.86)  Loss_feat: 405.0 (420.)  Loss_gt: 4.713 (4.95) LR: 1.673e-02
2025-08-30 09:00:47,631 -                train: [    INFO] - Train: 1 [ 390/391 (100%)]  Loss: 390.4 (414.)  Loss_cat: 2.252 (2.61)  Loss_feat: 384.1 (407.)  Loss_gt: 4.047 (4.66) LR: 1.673e-02
2025-08-30 09:00:48,210 -                train: [    INFO] - Test: [   0/39]  Time: 0.527 (0.527)  Loss:  3.6679 (3.6679)  Acc@1: 18.3594 (18.3594)  Acc@5: 46.0938 (46.0938)
2025-08-30 09:01:07,965 -                train: [    INFO] - Test: [  39/39]  Time: 0.022 (0.507)  Loss:  3.8238 (3.9151)  Acc@1:  6.2500 (14.0700)  Acc@5: 37.5000 (37.3900)
2025-08-30 09:01:08,287 - timm.utils.checkpoint_saver: [    INFO] - Current checkpoints:
 ('./output/train/20250830-085552-resnet18_vcaV2-224/checkpoint/checkpoint-1.pth.tar', 14.07)
 ('./output/train/20250830-085552-resnet18_vcaV2-224/checkpoint/checkpoint-0.pth.tar', 0.91)

2025-08-30 09:01:09,318 -                train: [    INFO] - Train: 2 [   0/391 (  0%)]  Loss: 390.3 (390.)  Loss_cat: 2.212 (2.21)  Loss_feat: 384.0 (384.)  Loss_gt: 4.091 (4.09) LR: 3.337e-02
2025-08-30 09:02:18,678 -                train: [    INFO] - Train: 2 [ 200/391 ( 51%)]  Loss: 372.6 (383.)  Loss_cat: 1.985 (2.10)  Loss_feat: 367.0 (377.)  Loss_gt: 3.623 (3.91) LR: 3.337e-02
2025-08-30 09:03:25,219 -                train: [    INFO] - Train: 2 [ 390/391 (100%)]  Loss: 363.2 (375.)  Loss_cat: 1.850 (1.98)  Loss_feat: 358.0 (370.)  Loss_gt: 3.378 (3.74) LR: 3.337e-02
2025-08-30 09:03:25,978 -                train: [    INFO] - Test: [   0/39]  Time: 0.696 (0.696)  Loss:  2.3403 (2.3403)  Acc@1: 43.7500 (43.7500)  Acc@5: 76.1719 (76.1719)
2025-08-30 09:03:43,802 -                train: [    INFO] - Test: [  39/39]  Time: 0.024 (0.463)  Loss:  3.4926 (3.1761)  Acc@1:  6.2500 (27.1400)  Acc@5: 50.0000 (55.3800)
2025-08-30 09:03:44,120 - timm.utils.checkpoint_saver: [    INFO] - Current checkpoints:
 ('./output/train/20250830-085552-resnet18_vcaV2-224/checkpoint/checkpoint-2.pth.tar', 27.14)
 ('./output/train/20250830-085552-resnet18_vcaV2-224/checkpoint/checkpoint-1.pth.tar', 14.07)
 ('./output/train/20250830-085552-resnet18_vcaV2-224/checkpoint/checkpoint-0.pth.tar', 0.91)

2025-08-30 09:03:45,218 -                train: [    INFO] - Train: 3 [   0/391 (  0%)]  Loss: 359.9 (360.)  Loss_cat: 1.716 (1.72)  Loss_feat: 354.8 (355.)  Loss_gt: 3.376 (3.38) LR: 5.000e-02
2025-08-30 09:04:54,504 -                train: [    INFO] - Train: 3 [ 200/391 ( 51%)]  Loss: 349.0 (359.)  Loss_cat: 1.585 (1.74)  Loss_feat: 344.1 (353.)  Loss_gt: 3.292 (3.38) LR: 5.000e-02
2025-08-30 09:06:00,251 -                train: [    INFO] - Train: 3 [ 390/391 (100%)]  Loss: 349.9 (354.)  Loss_cat: 1.572 (1.68)  Loss_feat: 345.0 (349.)  Loss_gt: 3.260 (3.29) LR: 5.000e-02
2025-08-30 09:06:00,841 -                train: [    INFO] - Test: [   0/39]  Time: 0.525 (0.525)  Loss:  2.4122 (2.4122)  Acc@1: 41.7969 (41.7969)  Acc@5: 69.5312 (69.5312)
2025-08-30 09:06:17,380 -                train: [    INFO] - Test: [  39/39]  Time: 0.023 (0.427)  Loss:  3.6664 (3.0063)  Acc@1: 12.5000 (29.7500)  Acc@5: 50.0000 (59.0300)
2025-08-30 09:06:17,662 - timm.utils.checkpoint_saver: [    INFO] - Current checkpoints:
 ('./output/train/20250830-085552-resnet18_vcaV2-224/checkpoint/checkpoint-3.pth.tar', 29.75)
 ('./output/train/20250830-085552-resnet18_vcaV2-224/checkpoint/checkpoint-2.pth.tar', 27.14)
 ('./output/train/20250830-085552-resnet18_vcaV2-224/checkpoint/checkpoint-1.pth.tar', 14.07)
 ('./output/train/20250830-085552-resnet18_vcaV2-224/checkpoint/checkpoint-0.pth.tar', 0.91)

2025-08-30 09:06:18,695 -                train: [    INFO] - Train: 4 [   0/391 (  0%)]  Loss: 351.2 (351.)  Loss_cat: 1.603 (1.60)  Loss_feat: 346.4 (346.)  Loss_gt: 3.213 (3.21) LR: 5.000e-02
2025-08-30 09:07:27,600 -                train: [    INFO] - Train: 4 [ 200/391 ( 51%)]  Loss: 340.0 (342.)  Loss_cat: 1.445 (1.51)  Loss_feat: 335.6 (337.)  Loss_gt: 2.959 (3.05) LR: 5.000e-02
2025-08-30 09:08:33,063 -                train: [    INFO] - Train: 4 [ 390/391 (100%)]  Loss: 335.1 (340.)  Loss_cat: 1.429 (1.49)  Loss_feat: 330.7 (335.)  Loss_gt: 3.036 (3.02) LR: 5.000e-02
2025-08-30 09:08:33,635 -                train: [    INFO] - Test: [   0/39]  Time: 0.522 (0.522)  Loss:  2.7635 (2.7635)  Acc@1: 39.0625 (39.0625)  Acc@5: 64.0625 (64.0625)
2025-08-30 09:08:50,679 -                train: [    INFO] - Test: [  39/39]  Time: 0.023 (0.439)  Loss:  2.5228 (2.7641)  Acc@1: 31.2500 (35.6600)  Acc@5: 68.7500 (64.3400)
2025-08-30 09:08:51,004 - timm.utils.checkpoint_saver: [    INFO] - Current checkpoints:
 ('./output/train/20250830-085552-resnet18_vcaV2-224/checkpoint/checkpoint-4.pth.tar', 35.66)
 ('./output/train/20250830-085552-resnet18_vcaV2-224/checkpoint/checkpoint-3.pth.tar', 29.75)
 ('./output/train/20250830-085552-resnet18_vcaV2-224/checkpoint/checkpoint-2.pth.tar', 27.14)
 ('./output/train/20250830-085552-resnet18_vcaV2-224/checkpoint/checkpoint-1.pth.tar', 14.07)
 ('./output/train/20250830-085552-resnet18_vcaV2-224/checkpoint/checkpoint-0.pth.tar', 0.91)

2025-08-30 09:08:52,025 -                train: [    INFO] - Train: 5 [   0/391 (  0%)]  Loss: 336.8 (337.)  Loss_cat: 1.434 (1.43)  Loss_feat: 332.5 (333.)  Loss_gt: 2.875 (2.88) LR: 5.000e-02
2025-08-30 09:10:01,006 -                train: [    INFO] - Train: 5 [ 200/391 ( 51%)]  Loss: 331.6 (333.)  Loss_cat: 1.399 (1.40)  Loss_feat: 327.3 (328.)  Loss_gt: 2.897 (2.88) LR: 5.000e-02
2025-08-30 09:11:06,607 -                train: [    INFO] - Train: 5 [ 390/391 (100%)]  Loss: 328.0 (332.)  Loss_cat: 1.328 (1.39)  Loss_feat: 323.9 (328.)  Loss_gt: 2.770 (2.87) LR: 5.000e-02
2025-08-30 09:11:07,187 -                train: [    INFO] - Test: [   0/39]  Time: 0.520 (0.520)  Loss:  1.7854 (1.7854)  Acc@1: 57.4219 (57.4219)  Acc@5: 81.2500 (81.2500)
2025-08-30 09:11:23,727 -                train: [    INFO] - Test: [  39/39]  Time: 0.023 (0.427)  Loss:  2.8645 (2.6998)  Acc@1: 18.7500 (36.9700)  Acc@5: 75.0000 (65.6200)
2025-08-30 09:11:24,034 - timm.utils.checkpoint_saver: [    INFO] - Current checkpoints:
 ('./output/train/20250830-085552-resnet18_vcaV2-224/checkpoint/checkpoint-5.pth.tar', 36.97)
 ('./output/train/20250830-085552-resnet18_vcaV2-224/checkpoint/checkpoint-4.pth.tar', 35.66)
 ('./output/train/20250830-085552-resnet18_vcaV2-224/checkpoint/checkpoint-3.pth.tar', 29.75)
 ('./output/train/20250830-085552-resnet18_vcaV2-224/checkpoint/checkpoint-2.pth.tar', 27.14)
 ('./output/train/20250830-085552-resnet18_vcaV2-224/checkpoint/checkpoint-1.pth.tar', 14.07)
 ('./output/train/20250830-085552-resnet18_vcaV2-224/checkpoint/checkpoint-0.pth.tar', 0.91)

2025-08-30 09:11:25,079 -                train: [    INFO] - Train: 6 [   0/391 (  0%)]  Loss: 324.1 (324.)  Loss_cat: 1.305 (1.30)  Loss_feat: 320.2 (320.)  Loss_gt: 2.663 (2.66) LR: 5.000e-02
2025-08-30 09:12:34,738 -                train: [    INFO] - Train: 6 [ 200/391 ( 51%)]  Loss: 332.7 (327.)  Loss_cat: 1.377 (1.33)  Loss_feat: 328.4 (323.)  Loss_gt: 2.866 (2.78) LR: 5.000e-02
2025-08-30 09:13:40,225 -                train: [    INFO] - Train: 6 [ 390/391 (100%)]  Loss: 324.7 (326.)  Loss_cat: 1.292 (1.33)  Loss_feat: 320.8 (322.)  Loss_gt: 2.625 (2.78) LR: 5.000e-02
2025-08-30 09:13:40,847 -                train: [    INFO] - Test: [   0/39]  Time: 0.553 (0.553)  Loss:  2.1577 (2.1577)  Acc@1: 48.4375 (48.4375)  Acc@5: 73.0469 (73.0469)
2025-08-30 09:13:58,794 -                train: [    INFO] - Test: [  39/39]  Time: 0.022 (0.463)  Loss:  3.3365 (2.5812)  Acc@1: 31.2500 (39.7400)  Acc@5: 56.2500 (67.4800)
2025-08-30 09:13:59,150 - timm.utils.checkpoint_saver: [    INFO] - Current checkpoints:
 ('./output/train/20250830-085552-resnet18_vcaV2-224/checkpoint/checkpoint-6.pth.tar', 39.74)
 ('./output/train/20250830-085552-resnet18_vcaV2-224/checkpoint/checkpoint-5.pth.tar', 36.97)
 ('./output/train/20250830-085552-resnet18_vcaV2-224/checkpoint/checkpoint-4.pth.tar', 35.66)
 ('./output/train/20250830-085552-resnet18_vcaV2-224/checkpoint/checkpoint-3.pth.tar', 29.75)
 ('./output/train/20250830-085552-resnet18_vcaV2-224/checkpoint/checkpoint-2.pth.tar', 27.14)
 ('./output/train/20250830-085552-resnet18_vcaV2-224/checkpoint/checkpoint-1.pth.tar', 14.07)
 ('./output/train/20250830-085552-resnet18_vcaV2-224/checkpoint/checkpoint-0.pth.tar', 0.91)

2025-08-30 09:14:00,244 -                train: [    INFO] - Train: 7 [   0/391 (  0%)]  Loss: 324.4 (324.)  Loss_cat: 1.291 (1.29)  Loss_feat: 320.4 (320.)  Loss_gt: 2.704 (2.70) LR: 5.000e-02
2025-08-30 09:15:09,538 -                train: [    INFO] - Train: 7 [ 200/391 ( 51%)]  Loss: 321.3 (322.)  Loss_cat: 1.263 (1.28)  Loss_feat: 317.4 (318.)  Loss_gt: 2.576 (2.70) LR: 5.000e-02
2025-08-30 09:16:15,470 -                train: [    INFO] - Train: 7 [ 390/391 (100%)]  Loss: 331.0 (322.)  Loss_cat: 1.369 (1.28)  Loss_feat: 326.8 (318.)  Loss_gt: 2.785 (2.70) LR: 5.000e-02
2025-08-30 09:16:16,109 -                train: [    INFO] - Test: [   0/39]  Time: 0.568 (0.568)  Loss:  2.4827 (2.4827)  Acc@1: 42.5781 (42.5781)  Acc@5: 64.4531 (64.4531)
2025-08-30 09:16:34,567 -                train: [    INFO] - Test: [  39/39]  Time: 0.024 (0.476)  Loss:  2.7709 (2.5162)  Acc@1: 31.2500 (40.8800)  Acc@5: 75.0000 (69.2700)
2025-08-30 09:16:34,870 - timm.utils.checkpoint_saver: [    INFO] - Current checkpoints:
 ('./output/train/20250830-085552-resnet18_vcaV2-224/checkpoint/checkpoint-7.pth.tar', 40.88)
 ('./output/train/20250830-085552-resnet18_vcaV2-224/checkpoint/checkpoint-6.pth.tar', 39.74)
 ('./output/train/20250830-085552-resnet18_vcaV2-224/checkpoint/checkpoint-5.pth.tar', 36.97)
 ('./output/train/20250830-085552-resnet18_vcaV2-224/checkpoint/checkpoint-4.pth.tar', 35.66)
 ('./output/train/20250830-085552-resnet18_vcaV2-224/checkpoint/checkpoint-3.pth.tar', 29.75)
 ('./output/train/20250830-085552-resnet18_vcaV2-224/checkpoint/checkpoint-2.pth.tar', 27.14)
 ('./output/train/20250830-085552-resnet18_vcaV2-224/checkpoint/checkpoint-1.pth.tar', 14.07)
 ('./output/train/20250830-085552-resnet18_vcaV2-224/checkpoint/checkpoint-0.pth.tar', 0.91)

2025-08-30 09:16:35,947 -                train: [    INFO] - Train: 8 [   0/391 (  0%)]  Loss: 320.9 (321.)  Loss_cat: 1.257 (1.26)  Loss_feat: 316.8 (317.)  Loss_gt: 2.774 (2.77) LR: 5.000e-02
2025-08-30 09:17:45,185 -                train: [    INFO] - Train: 8 [ 200/391 ( 51%)]  Loss: 317.8 (319.)  Loss_cat: 1.214 (1.24)  Loss_feat: 313.8 (315.)  Loss_gt: 2.768 (2.64) LR: 5.000e-02
2025-08-30 09:18:51,430 -                train: [    INFO] - Train: 8 [ 390/391 (100%)]  Loss: 317.8 (319.)  Loss_cat: 1.248 (1.24)  Loss_feat: 313.9 (315.)  Loss_gt: 2.656 (2.64) LR: 5.000e-02
2025-08-30 09:18:52,036 -                train: [    INFO] - Test: [   0/39]  Time: 0.539 (0.539)  Loss:  2.3384 (2.3384)  Acc@1: 45.7031 (45.7031)  Acc@5: 67.5781 (67.5781)
2025-08-30 09:19:08,743 -                train: [    INFO] - Test: [  39/39]  Time: 0.023 (0.431)  Loss:  3.1125 (2.4191)  Acc@1: 31.2500 (42.5700)  Acc@5: 50.0000 (70.4000)
2025-08-30 09:19:09,059 - timm.utils.checkpoint_saver: [    INFO] - Current checkpoints:
 ('./output/train/20250830-085552-resnet18_vcaV2-224/checkpoint/checkpoint-8.pth.tar', 42.57)
 ('./output/train/20250830-085552-resnet18_vcaV2-224/checkpoint/checkpoint-7.pth.tar', 40.88)
 ('./output/train/20250830-085552-resnet18_vcaV2-224/checkpoint/checkpoint-6.pth.tar', 39.74)
 ('./output/train/20250830-085552-resnet18_vcaV2-224/checkpoint/checkpoint-5.pth.tar', 36.97)
 ('./output/train/20250830-085552-resnet18_vcaV2-224/checkpoint/checkpoint-4.pth.tar', 35.66)
 ('./output/train/20250830-085552-resnet18_vcaV2-224/checkpoint/checkpoint-3.pth.tar', 29.75)
 ('./output/train/20250830-085552-resnet18_vcaV2-224/checkpoint/checkpoint-2.pth.tar', 27.14)
 ('./output/train/20250830-085552-resnet18_vcaV2-224/checkpoint/checkpoint-1.pth.tar', 14.07)
 ('./output/train/20250830-085552-resnet18_vcaV2-224/checkpoint/checkpoint-0.pth.tar', 0.91)

2025-08-30 09:19:10,097 -                train: [    INFO] - Train: 9 [   0/391 (  0%)]  Loss: 316.3 (316.)  Loss_cat: 1.225 (1.23)  Loss_feat: 312.5 (312.)  Loss_gt: 2.552 (2.55) LR: 5.000e-02
2025-08-30 09:20:19,515 -                train: [    INFO] - Train: 9 [ 200/391 ( 51%)]  Loss: 319.1 (316.)  Loss_cat: 1.282 (1.21)  Loss_feat: 315.2 (312.)  Loss_gt: 2.626 (2.58) LR: 5.000e-02
2025-08-30 09:21:25,264 -                train: [    INFO] - Train: 9 [ 390/391 (100%)]  Loss: 323.9 (316.)  Loss_cat: 1.270 (1.22)  Loss_feat: 319.8 (313.)  Loss_gt: 2.834 (2.60) LR: 5.000e-02
2025-08-30 09:21:25,892 -                train: [    INFO] - Test: [   0/39]  Time: 0.562 (0.562)  Loss:  2.5454 (2.5454)  Acc@1: 44.1406 (44.1406)  Acc@5: 66.4062 (66.4062)
2025-08-30 09:21:43,682 -                train: [    INFO] - Test: [  39/39]  Time: 0.022 (0.459)  Loss:  3.5740 (2.3864)  Acc@1: 25.0000 (44.0900)  Acc@5: 50.0000 (71.1900)
2025-08-30 09:21:44,085 - timm.utils.checkpoint_saver: [    INFO] - Current checkpoints:
 ('./output/train/20250830-085552-resnet18_vcaV2-224/checkpoint/checkpoint-9.pth.tar', 44.09)
 ('./output/train/20250830-085552-resnet18_vcaV2-224/checkpoint/checkpoint-8.pth.tar', 42.57)
 ('./output/train/20250830-085552-resnet18_vcaV2-224/checkpoint/checkpoint-7.pth.tar', 40.88)
 ('./output/train/20250830-085552-resnet18_vcaV2-224/checkpoint/checkpoint-6.pth.tar', 39.74)
 ('./output/train/20250830-085552-resnet18_vcaV2-224/checkpoint/checkpoint-5.pth.tar', 36.97)
 ('./output/train/20250830-085552-resnet18_vcaV2-224/checkpoint/checkpoint-4.pth.tar', 35.66)
 ('./output/train/20250830-085552-resnet18_vcaV2-224/checkpoint/checkpoint-3.pth.tar', 29.75)
 ('./output/train/20250830-085552-resnet18_vcaV2-224/checkpoint/checkpoint-2.pth.tar', 27.14)
 ('./output/train/20250830-085552-resnet18_vcaV2-224/checkpoint/checkpoint-1.pth.tar', 14.07)
 ('./output/train/20250830-085552-resnet18_vcaV2-224/checkpoint/checkpoint-0.pth.tar', 0.91)

2025-08-30 09:21:45,160 -                train: [    INFO] - Train: 10 [   0/391 (  0%)]  Loss: 308.6 (309.)  Loss_cat: 1.189 (1.19)  Loss_feat: 304.9 (305.)  Loss_gt: 2.452 (2.45) LR: 5.000e-02
2025-08-30 09:22:54,198 -                train: [    INFO] - Train: 10 [ 200/391 ( 51%)]  Loss: 312.5 (314.)  Loss_cat: 1.184 (1.19)  Loss_feat: 308.7 (310.)  Loss_gt: 2.569 (2.55) LR: 5.000e-02
2025-08-30 09:23:59,947 -                train: [    INFO] - Train: 10 [ 390/391 (100%)]  Loss: 313.9 (314.)  Loss_cat: 1.230 (1.19)  Loss_feat: 310.2 (310.)  Loss_gt: 2.473 (2.57) LR: 5.000e-02
2025-08-30 09:24:00,543 -                train: [    INFO] - Test: [   0/39]  Time: 0.526 (0.526)  Loss:  2.2749 (2.2749)  Acc@1: 49.6094 (49.6094)  Acc@5: 73.0469 (73.0469)
2025-08-30 09:24:17,788 -                train: [    INFO] - Test: [  39/39]  Time: 0.023 (0.444)  Loss:  2.8694 (2.4073)  Acc@1: 37.5000 (44.1500)  Acc@5: 50.0000 (71.3800)
2025-08-30 09:24:18,100 - timm.utils.checkpoint_saver: [    INFO] - Current checkpoints:
 ('./output/train/20250830-085552-resnet18_vcaV2-224/checkpoint/checkpoint-10.pth.tar', 44.15)
 ('./output/train/20250830-085552-resnet18_vcaV2-224/checkpoint/checkpoint-9.pth.tar', 44.09)
 ('./output/train/20250830-085552-resnet18_vcaV2-224/checkpoint/checkpoint-8.pth.tar', 42.57)
 ('./output/train/20250830-085552-resnet18_vcaV2-224/checkpoint/checkpoint-7.pth.tar', 40.88)
 ('./output/train/20250830-085552-resnet18_vcaV2-224/checkpoint/checkpoint-6.pth.tar', 39.74)
 ('./output/train/20250830-085552-resnet18_vcaV2-224/checkpoint/checkpoint-5.pth.tar', 36.97)
 ('./output/train/20250830-085552-resnet18_vcaV2-224/checkpoint/checkpoint-4.pth.tar', 35.66)
 ('./output/train/20250830-085552-resnet18_vcaV2-224/checkpoint/checkpoint-3.pth.tar', 29.75)
 ('./output/train/20250830-085552-resnet18_vcaV2-224/checkpoint/checkpoint-2.pth.tar', 27.14)
 ('./output/train/20250830-085552-resnet18_vcaV2-224/checkpoint/checkpoint-1.pth.tar', 14.07)

2025-08-30 09:24:19,156 -                train: [    INFO] - Train: 11 [   0/391 (  0%)]  Loss: 311.5 (312.)  Loss_cat: 1.161 (1.16)  Loss_feat: 308.0 (308.)  Loss_gt: 2.409 (2.41) LR: 5.000e-02
2025-08-30 09:25:28,382 -                train: [    INFO] - Train: 11 [ 200/391 ( 51%)]  Loss: 313.6 (312.)  Loss_cat: 1.205 (1.17)  Loss_feat: 309.8 (308.)  Loss_gt: 2.597 (2.52) LR: 5.000e-02
2025-08-30 09:26:33,847 -                train: [    INFO] - Train: 11 [ 390/391 (100%)]  Loss: 321.3 (312.)  Loss_cat: 1.258 (1.17)  Loss_feat: 317.3 (309.)  Loss_gt: 2.725 (2.53) LR: 5.000e-02
2025-08-30 09:26:34,535 -                train: [    INFO] - Test: [   0/39]  Time: 0.584 (0.584)  Loss:  2.0415 (2.0415)  Acc@1: 52.7344 (52.7344)  Acc@5: 75.3906 (75.3906)
2025-08-30 09:26:53,486 -                train: [    INFO] - Test: [  39/39]  Time: 0.022 (0.488)  Loss:  2.0236 (2.3054)  Acc@1: 37.5000 (46.1300)  Acc@5: 87.5000 (73.1400)
2025-08-30 09:26:53,799 - timm.utils.checkpoint_saver: [    INFO] - Current checkpoints:
 ('./output/train/20250830-085552-resnet18_vcaV2-224/checkpoint/checkpoint-11.pth.tar', 46.13)
 ('./output/train/20250830-085552-resnet18_vcaV2-224/checkpoint/checkpoint-10.pth.tar', 44.15)
 ('./output/train/20250830-085552-resnet18_vcaV2-224/checkpoint/checkpoint-9.pth.tar', 44.09)
 ('./output/train/20250830-085552-resnet18_vcaV2-224/checkpoint/checkpoint-8.pth.tar', 42.57)
 ('./output/train/20250830-085552-resnet18_vcaV2-224/checkpoint/checkpoint-7.pth.tar', 40.88)
 ('./output/train/20250830-085552-resnet18_vcaV2-224/checkpoint/checkpoint-6.pth.tar', 39.74)
 ('./output/train/20250830-085552-resnet18_vcaV2-224/checkpoint/checkpoint-5.pth.tar', 36.97)
 ('./output/train/20250830-085552-resnet18_vcaV2-224/checkpoint/checkpoint-4.pth.tar', 35.66)
 ('./output/train/20250830-085552-resnet18_vcaV2-224/checkpoint/checkpoint-3.pth.tar', 29.75)
 ('./output/train/20250830-085552-resnet18_vcaV2-224/checkpoint/checkpoint-2.pth.tar', 27.14)

2025-08-30 09:26:54,851 -                train: [    INFO] - Train: 12 [   0/391 (  0%)]  Loss: 309.2 (309.)  Loss_cat: 1.134 (1.13)  Loss_feat: 305.5 (306.)  Loss_gt: 2.540 (2.54) LR: 5.000e-02
2025-08-30 09:28:04,119 -                train: [    INFO] - Train: 12 [ 200/391 ( 51%)]  Loss: 317.3 (310.)  Loss_cat: 1.208 (1.15)  Loss_feat: 313.3 (306.)  Loss_gt: 2.732 (2.49) LR: 5.000e-02
2025-08-30 09:29:09,496 -                train: [    INFO] - Train: 12 [ 390/391 (100%)]  Loss: 311.0 (311.)  Loss_cat: 1.184 (1.16)  Loss_feat: 307.3 (307.)  Loss_gt: 2.482 (2.51) LR: 5.000e-02
2025-08-30 09:29:10,172 -                train: [    INFO] - Test: [   0/39]  Time: 0.622 (0.622)  Loss:  2.1869 (2.1869)  Acc@1: 51.9531 (51.9531)  Acc@5: 71.8750 (71.8750)
2025-08-30 09:29:28,045 -                train: [    INFO] - Test: [  39/39]  Time: 0.022 (0.462)  Loss:  2.4687 (2.2628)  Acc@1: 37.5000 (46.9800)  Acc@5: 81.2500 (73.9100)
2025-08-30 09:29:28,396 - timm.utils.checkpoint_saver: [    INFO] - Current checkpoints:
 ('./output/train/20250830-085552-resnet18_vcaV2-224/checkpoint/checkpoint-12.pth.tar', 46.98)
 ('./output/train/20250830-085552-resnet18_vcaV2-224/checkpoint/checkpoint-11.pth.tar', 46.13)
 ('./output/train/20250830-085552-resnet18_vcaV2-224/checkpoint/checkpoint-10.pth.tar', 44.15)
 ('./output/train/20250830-085552-resnet18_vcaV2-224/checkpoint/checkpoint-9.pth.tar', 44.09)
 ('./output/train/20250830-085552-resnet18_vcaV2-224/checkpoint/checkpoint-8.pth.tar', 42.57)
 ('./output/train/20250830-085552-resnet18_vcaV2-224/checkpoint/checkpoint-7.pth.tar', 40.88)
 ('./output/train/20250830-085552-resnet18_vcaV2-224/checkpoint/checkpoint-6.pth.tar', 39.74)
 ('./output/train/20250830-085552-resnet18_vcaV2-224/checkpoint/checkpoint-5.pth.tar', 36.97)
 ('./output/train/20250830-085552-resnet18_vcaV2-224/checkpoint/checkpoint-4.pth.tar', 35.66)
 ('./output/train/20250830-085552-resnet18_vcaV2-224/checkpoint/checkpoint-3.pth.tar', 29.75)

2025-08-30 09:29:29,455 -                train: [    INFO] - Train: 13 [   0/391 (  0%)]  Loss: 303.9 (304.)  Loss_cat: 1.107 (1.11)  Loss_feat: 300.5 (300.)  Loss_gt: 2.318 (2.32) LR: 5.000e-02
2025-08-30 09:30:38,517 -                train: [    INFO] - Train: 13 [ 200/391 ( 51%)]  Loss: 313.5 (309.)  Loss_cat: 1.192 (1.14)  Loss_feat: 309.7 (305.)  Loss_gt: 2.606 (2.47) LR: 5.000e-02
2025-08-30 09:31:44,272 -                train: [    INFO] - Train: 13 [ 390/391 (100%)]  Loss: 311.4 (309.)  Loss_cat: 1.173 (1.15)  Loss_feat: 307.6 (306.)  Loss_gt: 2.548 (2.49) LR: 5.000e-02
2025-08-30 09:31:44,878 -                train: [    INFO] - Test: [   0/39]  Time: 0.553 (0.553)  Loss:  1.9763 (1.9763)  Acc@1: 54.6875 (54.6875)  Acc@5: 77.3438 (77.3438)
2025-08-30 09:32:03,698 -                train: [    INFO] - Test: [  39/39]  Time: 0.022 (0.484)  Loss:  2.3368 (2.2717)  Acc@1: 43.7500 (47.0600)  Acc@5: 81.2500 (74.0400)
2025-08-30 09:32:04,013 - timm.utils.checkpoint_saver: [    INFO] - Current checkpoints:
 ('./output/train/20250830-085552-resnet18_vcaV2-224/checkpoint/checkpoint-13.pth.tar', 47.06)
 ('./output/train/20250830-085552-resnet18_vcaV2-224/checkpoint/checkpoint-12.pth.tar', 46.98)
 ('./output/train/20250830-085552-resnet18_vcaV2-224/checkpoint/checkpoint-11.pth.tar', 46.13)
 ('./output/train/20250830-085552-resnet18_vcaV2-224/checkpoint/checkpoint-10.pth.tar', 44.15)
 ('./output/train/20250830-085552-resnet18_vcaV2-224/checkpoint/checkpoint-9.pth.tar', 44.09)
 ('./output/train/20250830-085552-resnet18_vcaV2-224/checkpoint/checkpoint-8.pth.tar', 42.57)
 ('./output/train/20250830-085552-resnet18_vcaV2-224/checkpoint/checkpoint-7.pth.tar', 40.88)
 ('./output/train/20250830-085552-resnet18_vcaV2-224/checkpoint/checkpoint-6.pth.tar', 39.74)
 ('./output/train/20250830-085552-resnet18_vcaV2-224/checkpoint/checkpoint-5.pth.tar', 36.97)
 ('./output/train/20250830-085552-resnet18_vcaV2-224/checkpoint/checkpoint-4.pth.tar', 35.66)

2025-08-30 09:32:05,085 -                train: [    INFO] - Train: 14 [   0/391 (  0%)]  Loss: 304.3 (304.)  Loss_cat: 1.128 (1.13)  Loss_feat: 300.8 (301.)  Loss_gt: 2.390 (2.39) LR: 5.000e-02
2025-08-30 09:33:14,086 -                train: [    INFO] - Train: 14 [ 200/391 ( 51%)]  Loss: 310.8 (307.)  Loss_cat: 1.158 (1.13)  Loss_feat: 307.2 (303.)  Loss_gt: 2.510 (2.44) LR: 5.000e-02
2025-08-30 09:34:19,749 -                train: [    INFO] - Train: 14 [ 390/391 (100%)]  Loss: 317.4 (308.)  Loss_cat: 1.240 (1.14)  Loss_feat: 313.5 (305.)  Loss_gt: 2.668 (2.47) LR: 5.000e-02
2025-08-30 09:34:20,379 -                train: [    INFO] - Test: [   0/39]  Time: 0.554 (0.554)  Loss:  2.1468 (2.1468)  Acc@1: 46.0938 (46.0938)  Acc@5: 75.7812 (75.7812)
2025-08-30 09:34:37,936 -                train: [    INFO] - Test: [  39/39]  Time: 0.021 (0.453)  Loss:  2.4584 (2.6037)  Acc@1: 37.5000 (40.6800)  Acc@5: 68.7500 (67.7700)
2025-08-30 09:34:38,285 - timm.utils.checkpoint_saver: [    INFO] - Current checkpoints:
 ('./output/train/20250830-085552-resnet18_vcaV2-224/checkpoint/checkpoint-13.pth.tar', 47.06)
 ('./output/train/20250830-085552-resnet18_vcaV2-224/checkpoint/checkpoint-12.pth.tar', 46.98)
 ('./output/train/20250830-085552-resnet18_vcaV2-224/checkpoint/checkpoint-11.pth.tar', 46.13)
 ('./output/train/20250830-085552-resnet18_vcaV2-224/checkpoint/checkpoint-10.pth.tar', 44.15)
 ('./output/train/20250830-085552-resnet18_vcaV2-224/checkpoint/checkpoint-9.pth.tar', 44.09)
 ('./output/train/20250830-085552-resnet18_vcaV2-224/checkpoint/checkpoint-8.pth.tar', 42.57)
 ('./output/train/20250830-085552-resnet18_vcaV2-224/checkpoint/checkpoint-7.pth.tar', 40.88)
 ('./output/train/20250830-085552-resnet18_vcaV2-224/checkpoint/checkpoint-14.pth.tar', 40.68)
 ('./output/train/20250830-085552-resnet18_vcaV2-224/checkpoint/checkpoint-6.pth.tar', 39.74)
 ('./output/train/20250830-085552-resnet18_vcaV2-224/checkpoint/checkpoint-5.pth.tar', 36.97)

2025-08-30 09:34:39,351 -                train: [    INFO] - Train: 15 [   0/391 (  0%)]  Loss: 306.9 (307.)  Loss_cat: 1.107 (1.11)  Loss_feat: 303.4 (303.)  Loss_gt: 2.397 (2.40) LR: 5.000e-02
2025-08-30 09:35:48,323 -                train: [    INFO] - Train: 15 [ 200/391 ( 51%)]  Loss: 300.1 (306.)  Loss_cat: 1.087 (1.12)  Loss_feat: 296.6 (303.)  Loss_gt: 2.347 (2.44) LR: 5.000e-02
2025-08-30 09:36:54,016 -                train: [    INFO] - Train: 15 [ 390/391 (100%)]  Loss: 314.7 (307.)  Loss_cat: 1.184 (1.13)  Loss_feat: 310.7 (303.)  Loss_gt: 2.802 (2.46) LR: 5.000e-02
2025-08-30 09:36:54,612 -                train: [    INFO] - Test: [   0/39]  Time: 0.541 (0.541)  Loss:  1.8621 (1.8621)  Acc@1: 58.2031 (58.2031)  Acc@5: 78.9062 (78.9062)
2025-08-30 09:37:12,713 -                train: [    INFO] - Test: [  39/39]  Time: 0.021 (0.466)  Loss:  2.3350 (2.2536)  Acc@1: 31.2500 (47.0800)  Acc@5: 81.2500 (73.5500)
2025-08-30 09:37:13,132 - timm.utils.checkpoint_saver: [    INFO] - Current checkpoints:
 ('./output/train/20250830-085552-resnet18_vcaV2-224/checkpoint/checkpoint-15.pth.tar', 47.08)
 ('./output/train/20250830-085552-resnet18_vcaV2-224/checkpoint/checkpoint-13.pth.tar', 47.06)
 ('./output/train/20250830-085552-resnet18_vcaV2-224/checkpoint/checkpoint-12.pth.tar', 46.98)
 ('./output/train/20250830-085552-resnet18_vcaV2-224/checkpoint/checkpoint-11.pth.tar', 46.13)
 ('./output/train/20250830-085552-resnet18_vcaV2-224/checkpoint/checkpoint-10.pth.tar', 44.15)
 ('./output/train/20250830-085552-resnet18_vcaV2-224/checkpoint/checkpoint-9.pth.tar', 44.09)
 ('./output/train/20250830-085552-resnet18_vcaV2-224/checkpoint/checkpoint-8.pth.tar', 42.57)
 ('./output/train/20250830-085552-resnet18_vcaV2-224/checkpoint/checkpoint-7.pth.tar', 40.88)
 ('./output/train/20250830-085552-resnet18_vcaV2-224/checkpoint/checkpoint-14.pth.tar', 40.68)
 ('./output/train/20250830-085552-resnet18_vcaV2-224/checkpoint/checkpoint-6.pth.tar', 39.74)

2025-08-30 09:37:14,193 -                train: [    INFO] - Train: 16 [   0/391 (  0%)]  Loss: 307.7 (308.)  Loss_cat: 1.134 (1.13)  Loss_feat: 304.0 (304.)  Loss_gt: 2.535 (2.54) LR: 5.000e-02
2025-08-30 09:38:23,017 -                train: [    INFO] - Train: 16 [ 200/391 ( 51%)]  Loss: 308.9 (305.)  Loss_cat: 1.145 (1.12)  Loss_feat: 305.1 (302.)  Loss_gt: 2.706 (2.42) LR: 5.000e-02
2025-08-30 09:39:28,462 -                train: [    INFO] - Train: 16 [ 390/391 (100%)]  Loss: 314.9 (306.)  Loss_cat: 1.198 (1.12)  Loss_feat: 311.0 (302.)  Loss_gt: 2.757 (2.44) LR: 5.000e-02
2025-08-30 09:39:29,063 -                train: [    INFO] - Test: [   0/39]  Time: 0.546 (0.546)  Loss:  2.2669 (2.2669)  Acc@1: 47.2656 (47.2656)  Acc@5: 72.2656 (72.2656)
2025-08-30 09:39:46,267 -                train: [    INFO] - Test: [  39/39]  Time: 0.024 (0.444)  Loss:  2.2956 (2.2258)  Acc@1: 31.2500 (47.9300)  Acc@5: 87.5000 (74.6300)
2025-08-30 09:39:46,536 - timm.utils.checkpoint_saver: [    INFO] - Current checkpoints:
 ('./output/train/20250830-085552-resnet18_vcaV2-224/checkpoint/checkpoint-16.pth.tar', 47.93)
 ('./output/train/20250830-085552-resnet18_vcaV2-224/checkpoint/checkpoint-15.pth.tar', 47.08)
 ('./output/train/20250830-085552-resnet18_vcaV2-224/checkpoint/checkpoint-13.pth.tar', 47.06)
 ('./output/train/20250830-085552-resnet18_vcaV2-224/checkpoint/checkpoint-12.pth.tar', 46.98)
 ('./output/train/20250830-085552-resnet18_vcaV2-224/checkpoint/checkpoint-11.pth.tar', 46.13)
 ('./output/train/20250830-085552-resnet18_vcaV2-224/checkpoint/checkpoint-10.pth.tar', 44.15)
 ('./output/train/20250830-085552-resnet18_vcaV2-224/checkpoint/checkpoint-9.pth.tar', 44.09)
 ('./output/train/20250830-085552-resnet18_vcaV2-224/checkpoint/checkpoint-8.pth.tar', 42.57)
 ('./output/train/20250830-085552-resnet18_vcaV2-224/checkpoint/checkpoint-7.pth.tar', 40.88)
 ('./output/train/20250830-085552-resnet18_vcaV2-224/checkpoint/checkpoint-14.pth.tar', 40.68)

2025-08-30 09:39:47,576 -                train: [    INFO] - Train: 17 [   0/391 (  0%)]  Loss: 302.0 (302.)  Loss_cat: 1.076 (1.08)  Loss_feat: 298.6 (299.)  Loss_gt: 2.288 (2.29) LR: 5.000e-02
2025-08-30 09:40:56,555 -                train: [    INFO] - Train: 17 [ 200/391 ( 51%)]  Loss: 307.4 (304.)  Loss_cat: 1.145 (1.11)  Loss_feat: 303.8 (300.)  Loss_gt: 2.464 (2.41) LR: 5.000e-02
2025-08-30 09:42:02,091 -                train: [    INFO] - Train: 17 [ 390/391 (100%)]  Loss: 318.6 (305.)  Loss_cat: 1.224 (1.11)  Loss_feat: 314.7 (301.)  Loss_gt: 2.736 (2.43) LR: 5.000e-02
2025-08-30 09:42:03,359 -                train: [    INFO] - Test: [   0/39]  Time: 0.546 (0.546)  Loss:  2.0696 (2.0696)  Acc@1: 51.9531 (51.9531)  Acc@5: 73.0469 (73.0469)
2025-08-30 09:42:29,203 -                train: [    INFO] - Test: [  39/39]  Time: 0.022 (0.660)  Loss:  1.8977 (2.1419)  Acc@1: 56.2500 (49.7400)  Acc@5: 87.5000 (75.4700)
2025-08-30 09:42:30,587 - timm.utils.checkpoint_saver: [    INFO] - Current checkpoints:
 ('./output/train/20250830-085552-resnet18_vcaV2-224/checkpoint/checkpoint-17.pth.tar', 49.74)
 ('./output/train/20250830-085552-resnet18_vcaV2-224/checkpoint/checkpoint-16.pth.tar', 47.93)
 ('./output/train/20250830-085552-resnet18_vcaV2-224/checkpoint/checkpoint-15.pth.tar', 47.08)
 ('./output/train/20250830-085552-resnet18_vcaV2-224/checkpoint/checkpoint-13.pth.tar', 47.06)
 ('./output/train/20250830-085552-resnet18_vcaV2-224/checkpoint/checkpoint-12.pth.tar', 46.98)
 ('./output/train/20250830-085552-resnet18_vcaV2-224/checkpoint/checkpoint-11.pth.tar', 46.13)
 ('./output/train/20250830-085552-resnet18_vcaV2-224/checkpoint/checkpoint-10.pth.tar', 44.15)
 ('./output/train/20250830-085552-resnet18_vcaV2-224/checkpoint/checkpoint-9.pth.tar', 44.09)
 ('./output/train/20250830-085552-resnet18_vcaV2-224/checkpoint/checkpoint-8.pth.tar', 42.57)
 ('./output/train/20250830-085552-resnet18_vcaV2-224/checkpoint/checkpoint-7.pth.tar', 40.88)

2025-08-30 09:42:31,644 -                train: [    INFO] - Train: 18 [   0/391 (  0%)]  Loss: 304.0 (304.)  Loss_cat: 1.102 (1.10)  Loss_feat: 300.5 (301.)  Loss_gt: 2.380 (2.38) LR: 5.000e-02
2025-08-30 09:43:40,705 -                train: [    INFO] - Train: 18 [ 200/391 ( 51%)]  Loss: 301.8 (303.)  Loss_cat: 1.103 (1.10)  Loss_feat: 298.2 (299.)  Loss_gt: 2.467 (2.40) LR: 5.000e-02
2025-08-30 09:44:46,166 -                train: [    INFO] - Train: 18 [ 390/391 (100%)]  Loss: 300.6 (303.)  Loss_cat: 1.118 (1.11)  Loss_feat: 297.3 (300.)  Loss_gt: 2.257 (2.42) LR: 5.000e-02
2025-08-30 09:44:46,885 -                train: [    INFO] - Test: [   0/39]  Time: 0.667 (0.667)  Loss:  1.8589 (1.8589)  Acc@1: 57.0312 (57.0312)  Acc@5: 78.1250 (78.1250)
2025-08-30 09:45:06,885 -                train: [    INFO] - Test: [  39/39]  Time: 0.022 (0.517)  Loss:  2.0570 (2.1965)  Acc@1: 50.0000 (48.8500)  Acc@5: 93.7500 (74.9300)
2025-08-30 09:45:07,176 - timm.utils.checkpoint_saver: [    INFO] - Current checkpoints:
 ('./output/train/20250830-085552-resnet18_vcaV2-224/checkpoint/checkpoint-17.pth.tar', 49.74)
 ('./output/train/20250830-085552-resnet18_vcaV2-224/checkpoint/checkpoint-18.pth.tar', 48.85)
 ('./output/train/20250830-085552-resnet18_vcaV2-224/checkpoint/checkpoint-16.pth.tar', 47.93)
 ('./output/train/20250830-085552-resnet18_vcaV2-224/checkpoint/checkpoint-15.pth.tar', 47.08)
 ('./output/train/20250830-085552-resnet18_vcaV2-224/checkpoint/checkpoint-13.pth.tar', 47.06)
 ('./output/train/20250830-085552-resnet18_vcaV2-224/checkpoint/checkpoint-12.pth.tar', 46.98)
 ('./output/train/20250830-085552-resnet18_vcaV2-224/checkpoint/checkpoint-11.pth.tar', 46.13)
 ('./output/train/20250830-085552-resnet18_vcaV2-224/checkpoint/checkpoint-10.pth.tar', 44.15)
 ('./output/train/20250830-085552-resnet18_vcaV2-224/checkpoint/checkpoint-9.pth.tar', 44.09)
 ('./output/train/20250830-085552-resnet18_vcaV2-224/checkpoint/checkpoint-8.pth.tar', 42.57)

2025-08-30 09:45:08,338 -                train: [    INFO] - Train: 19 [   0/391 (  0%)]  Loss: 299.7 (300.)  Loss_cat: 1.107 (1.11)  Loss_feat: 296.3 (296.)  Loss_gt: 2.255 (2.26) LR: 5.000e-02
2025-08-30 09:46:17,558 -                train: [    INFO] - Train: 19 [ 200/391 ( 51%)]  Loss: 306.6 (301.)  Loss_cat: 1.121 (1.10)  Loss_feat: 302.9 (298.)  Loss_gt: 2.572 (2.38) LR: 5.000e-02
2025-08-30 09:47:23,375 -                train: [    INFO] - Train: 19 [ 390/391 (100%)]  Loss: 303.0 (302.)  Loss_cat: 1.072 (1.10)  Loss_feat: 299.6 (299.)  Loss_gt: 2.297 (2.41) LR: 5.000e-02
2025-08-30 09:47:23,988 -                train: [    INFO] - Test: [   0/39]  Time: 0.548 (0.548)  Loss:  1.6874 (1.6874)  Acc@1: 60.5469 (60.5469)  Acc@5: 84.3750 (84.3750)
2025-08-30 09:47:42,978 -                train: [    INFO] - Test: [  39/39]  Time: 0.021 (0.488)  Loss:  1.9457 (2.1282)  Acc@1: 43.7500 (49.9800)  Acc@5: 93.7500 (76.2600)
2025-08-30 09:47:43,278 - timm.utils.checkpoint_saver: [    INFO] - Current checkpoints:
 ('./output/train/20250830-085552-resnet18_vcaV2-224/checkpoint/checkpoint-19.pth.tar', 49.98)
 ('./output/train/20250830-085552-resnet18_vcaV2-224/checkpoint/checkpoint-17.pth.tar', 49.74)
 ('./output/train/20250830-085552-resnet18_vcaV2-224/checkpoint/checkpoint-18.pth.tar', 48.85)
 ('./output/train/20250830-085552-resnet18_vcaV2-224/checkpoint/checkpoint-16.pth.tar', 47.93)
 ('./output/train/20250830-085552-resnet18_vcaV2-224/checkpoint/checkpoint-15.pth.tar', 47.08)
 ('./output/train/20250830-085552-resnet18_vcaV2-224/checkpoint/checkpoint-13.pth.tar', 47.06)
 ('./output/train/20250830-085552-resnet18_vcaV2-224/checkpoint/checkpoint-12.pth.tar', 46.98)
 ('./output/train/20250830-085552-resnet18_vcaV2-224/checkpoint/checkpoint-11.pth.tar', 46.13)
 ('./output/train/20250830-085552-resnet18_vcaV2-224/checkpoint/checkpoint-10.pth.tar', 44.15)
 ('./output/train/20250830-085552-resnet18_vcaV2-224/checkpoint/checkpoint-9.pth.tar', 44.09)

2025-08-30 09:47:44,410 -                train: [    INFO] - Train: 20 [   0/391 (  0%)]  Loss: 302.0 (302.)  Loss_cat: 1.110 (1.11)  Loss_feat: 298.6 (299.)  Loss_gt: 2.210 (2.21) LR: 5.000e-02
2025-08-30 09:48:53,703 -                train: [    INFO] - Train: 20 [ 200/391 ( 51%)]  Loss: 301.9 (300.)  Loss_cat: 1.099 (1.09)  Loss_feat: 298.4 (297.)  Loss_gt: 2.398 (2.37) LR: 5.000e-02
2025-08-30 09:49:59,511 -                train: [    INFO] - Train: 20 [ 390/391 (100%)]  Loss: 306.3 (301.)  Loss_cat: 1.116 (1.10)  Loss_feat: 302.6 (298.)  Loss_gt: 2.635 (2.40) LR: 5.000e-02
2025-08-30 09:50:00,125 -                train: [    INFO] - Test: [   0/39]  Time: 0.554 (0.554)  Loss:  2.0174 (2.0174)  Acc@1: 53.9062 (53.9062)  Acc@5: 73.8281 (73.8281)
2025-08-30 09:50:17,307 -                train: [    INFO] - Test: [  39/39]  Time: 0.021 (0.443)  Loss:  1.4265 (2.2368)  Acc@1: 68.7500 (48.1200)  Acc@5: 93.7500 (74.8500)
2025-08-30 09:50:17,593 - timm.utils.checkpoint_saver: [    INFO] - Current checkpoints:
 ('./output/train/20250830-085552-resnet18_vcaV2-224/checkpoint/checkpoint-19.pth.tar', 49.98)
 ('./output/train/20250830-085552-resnet18_vcaV2-224/checkpoint/checkpoint-17.pth.tar', 49.74)
 ('./output/train/20250830-085552-resnet18_vcaV2-224/checkpoint/checkpoint-18.pth.tar', 48.85)
 ('./output/train/20250830-085552-resnet18_vcaV2-224/checkpoint/checkpoint-20.pth.tar', 48.12)
 ('./output/train/20250830-085552-resnet18_vcaV2-224/checkpoint/checkpoint-16.pth.tar', 47.93)
 ('./output/train/20250830-085552-resnet18_vcaV2-224/checkpoint/checkpoint-15.pth.tar', 47.08)
 ('./output/train/20250830-085552-resnet18_vcaV2-224/checkpoint/checkpoint-13.pth.tar', 47.06)
 ('./output/train/20250830-085552-resnet18_vcaV2-224/checkpoint/checkpoint-12.pth.tar', 46.98)
 ('./output/train/20250830-085552-resnet18_vcaV2-224/checkpoint/checkpoint-11.pth.tar', 46.13)
 ('./output/train/20250830-085552-resnet18_vcaV2-224/checkpoint/checkpoint-10.pth.tar', 44.15)

2025-08-30 09:50:18,657 -                train: [    INFO] - Train: 21 [   0/391 (  0%)]  Loss: 294.8 (295.)  Loss_cat: 1.068 (1.07)  Loss_feat: 291.4 (291.)  Loss_gt: 2.286 (2.29) LR: 5.000e-02
2025-08-30 09:51:27,808 -                train: [    INFO] - Train: 21 [ 200/391 ( 51%)]  Loss: 301.2 (299.)  Loss_cat: 1.097 (1.09)  Loss_feat: 297.6 (296.)  Loss_gt: 2.505 (2.37) LR: 5.000e-02
2025-08-30 09:52:33,660 -                train: [    INFO] - Train: 21 [ 390/391 (100%)]  Loss: 300.8 (300.)  Loss_cat: 1.085 (1.10)  Loss_feat: 297.3 (297.)  Loss_gt: 2.434 (2.39) LR: 5.000e-02
2025-08-30 09:52:34,269 -                train: [    INFO] - Test: [   0/39]  Time: 0.534 (0.534)  Loss:  1.8051 (1.8051)  Acc@1: 58.2031 (58.2031)  Acc@5: 77.7344 (77.7344)
2025-08-30 09:52:51,503 -                train: [    INFO] - Test: [  39/39]  Time: 0.023 (0.444)  Loss:  2.6936 (2.2319)  Acc@1: 37.5000 (47.6100)  Acc@5: 81.2500 (74.3300)
2025-08-30 09:52:51,800 - timm.utils.checkpoint_saver: [    INFO] - Current checkpoints:
 ('./output/train/20250830-085552-resnet18_vcaV2-224/checkpoint/checkpoint-19.pth.tar', 49.98)
 ('./output/train/20250830-085552-resnet18_vcaV2-224/checkpoint/checkpoint-17.pth.tar', 49.74)
 ('./output/train/20250830-085552-resnet18_vcaV2-224/checkpoint/checkpoint-18.pth.tar', 48.85)
 ('./output/train/20250830-085552-resnet18_vcaV2-224/checkpoint/checkpoint-20.pth.tar', 48.12)
 ('./output/train/20250830-085552-resnet18_vcaV2-224/checkpoint/checkpoint-16.pth.tar', 47.93)
 ('./output/train/20250830-085552-resnet18_vcaV2-224/checkpoint/checkpoint-21.pth.tar', 47.61)
 ('./output/train/20250830-085552-resnet18_vcaV2-224/checkpoint/checkpoint-15.pth.tar', 47.08)
 ('./output/train/20250830-085552-resnet18_vcaV2-224/checkpoint/checkpoint-13.pth.tar', 47.06)
 ('./output/train/20250830-085552-resnet18_vcaV2-224/checkpoint/checkpoint-12.pth.tar', 46.98)
 ('./output/train/20250830-085552-resnet18_vcaV2-224/checkpoint/checkpoint-11.pth.tar', 46.13)

2025-08-30 09:52:52,884 -                train: [    INFO] - Train: 22 [   0/391 (  0%)]  Loss: 303.0 (303.)  Loss_cat: 1.123 (1.12)  Loss_feat: 299.5 (299.)  Loss_gt: 2.434 (2.43) LR: 5.000e-02
2025-08-30 09:54:01,902 -                train: [    INFO] - Train: 22 [ 200/391 ( 51%)]  Loss: 296.1 (298.)  Loss_cat: 1.094 (1.08)  Loss_feat: 292.7 (295.)  Loss_gt: 2.265 (2.36) LR: 5.000e-02
2025-08-30 09:55:07,734 -                train: [    INFO] - Train: 22 [ 390/391 (100%)]  Loss: 295.0 (299.)  Loss_cat: 1.034 (1.09)  Loss_feat: 291.6 (295.)  Loss_gt: 2.362 (2.39) LR: 5.000e-02
2025-08-30 09:55:08,345 -                train: [    INFO] - Test: [   0/39]  Time: 0.550 (0.550)  Loss:  1.7640 (1.7640)  Acc@1: 59.3750 (59.3750)  Acc@5: 80.4688 (80.4688)
2025-08-30 09:55:25,514 -                train: [    INFO] - Test: [  39/39]  Time: 0.024 (0.443)  Loss:  2.6473 (2.2084)  Acc@1: 37.5000 (48.3800)  Acc@5: 81.2500 (74.7600)
2025-08-30 09:55:25,850 - timm.utils.checkpoint_saver: [    INFO] - Current checkpoints:
 ('./output/train/20250830-085552-resnet18_vcaV2-224/checkpoint/checkpoint-19.pth.tar', 49.98)
 ('./output/train/20250830-085552-resnet18_vcaV2-224/checkpoint/checkpoint-17.pth.tar', 49.74)
 ('./output/train/20250830-085552-resnet18_vcaV2-224/checkpoint/checkpoint-18.pth.tar', 48.85)
 ('./output/train/20250830-085552-resnet18_vcaV2-224/checkpoint/checkpoint-22.pth.tar', 48.38)
 ('./output/train/20250830-085552-resnet18_vcaV2-224/checkpoint/checkpoint-20.pth.tar', 48.12)
 ('./output/train/20250830-085552-resnet18_vcaV2-224/checkpoint/checkpoint-16.pth.tar', 47.93)
 ('./output/train/20250830-085552-resnet18_vcaV2-224/checkpoint/checkpoint-21.pth.tar', 47.61)
 ('./output/train/20250830-085552-resnet18_vcaV2-224/checkpoint/checkpoint-15.pth.tar', 47.08)
 ('./output/train/20250830-085552-resnet18_vcaV2-224/checkpoint/checkpoint-13.pth.tar', 47.06)
 ('./output/train/20250830-085552-resnet18_vcaV2-224/checkpoint/checkpoint-12.pth.tar', 46.98)

2025-08-30 09:55:26,935 -                train: [    INFO] - Train: 23 [   0/391 (  0%)]  Loss: 291.9 (292.)  Loss_cat: 1.032 (1.03)  Loss_feat: 288.6 (289.)  Loss_gt: 2.264 (2.26) LR: 5.000e-02
2025-08-30 09:56:35,754 -                train: [    INFO] - Train: 23 [ 200/391 ( 51%)]  Loss: 301.6 (297.)  Loss_cat: 1.121 (1.08)  Loss_feat: 298.0 (293.)  Loss_gt: 2.536 (2.36) LR: 5.000e-02
2025-08-30 09:57:41,938 -                train: [    INFO] - Train: 23 [ 390/391 (100%)]  Loss: 299.3 (298.)  Loss_cat: 1.084 (1.09)  Loss_feat: 295.9 (294.)  Loss_gt: 2.376 (2.38) LR: 5.000e-02
2025-08-30 09:57:42,529 -                train: [    INFO] - Test: [   0/39]  Time: 0.533 (0.533)  Loss:  1.8746 (1.8746)  Acc@1: 56.2500 (56.2500)  Acc@5: 78.1250 (78.1250)
2025-08-30 09:57:59,096 -                train: [    INFO] - Test: [  39/39]  Time: 0.022 (0.427)  Loss:  3.0182 (2.1297)  Acc@1: 37.5000 (50.1900)  Acc@5: 68.7500 (76.5200)
2025-08-30 09:57:59,449 - timm.utils.checkpoint_saver: [    INFO] - Current checkpoints:
 ('./output/train/20250830-085552-resnet18_vcaV2-224/checkpoint/checkpoint-23.pth.tar', 50.19)
 ('./output/train/20250830-085552-resnet18_vcaV2-224/checkpoint/checkpoint-19.pth.tar', 49.98)
 ('./output/train/20250830-085552-resnet18_vcaV2-224/checkpoint/checkpoint-17.pth.tar', 49.74)
 ('./output/train/20250830-085552-resnet18_vcaV2-224/checkpoint/checkpoint-18.pth.tar', 48.85)
 ('./output/train/20250830-085552-resnet18_vcaV2-224/checkpoint/checkpoint-22.pth.tar', 48.38)
 ('./output/train/20250830-085552-resnet18_vcaV2-224/checkpoint/checkpoint-20.pth.tar', 48.12)
 ('./output/train/20250830-085552-resnet18_vcaV2-224/checkpoint/checkpoint-16.pth.tar', 47.93)
 ('./output/train/20250830-085552-resnet18_vcaV2-224/checkpoint/checkpoint-21.pth.tar', 47.61)
 ('./output/train/20250830-085552-resnet18_vcaV2-224/checkpoint/checkpoint-15.pth.tar', 47.08)
 ('./output/train/20250830-085552-resnet18_vcaV2-224/checkpoint/checkpoint-13.pth.tar', 47.06)

2025-08-30 09:58:00,516 -                train: [    INFO] - Train: 24 [   0/391 (  0%)]  Loss: 294.9 (295.)  Loss_cat: 1.071 (1.07)  Loss_feat: 291.5 (291.)  Loss_gt: 2.384 (2.38) LR: 5.000e-02
2025-08-30 09:59:09,563 -                train: [    INFO] - Train: 24 [ 200/391 ( 51%)]  Loss: 303.2 (296.)  Loss_cat: 1.139 (1.08)  Loss_feat: 299.5 (292.)  Loss_gt: 2.510 (2.35) LR: 5.000e-02
2025-08-30 10:00:15,008 -                train: [    INFO] - Train: 24 [ 390/391 (100%)]  Loss: 291.6 (297.)  Loss_cat: 1.065 (1.09)  Loss_feat: 288.3 (293.)  Loss_gt: 2.306 (2.37) LR: 5.000e-02
2025-08-30 10:00:15,615 -                train: [    INFO] - Test: [   0/39]  Time: 0.546 (0.546)  Loss:  1.8402 (1.8402)  Acc@1: 57.8125 (57.8125)  Acc@5: 77.3438 (77.3438)
2025-08-30 10:00:34,389 -                train: [    INFO] - Test: [  39/39]  Time: 0.021 (0.483)  Loss:  2.3493 (2.0469)  Acc@1: 31.2500 (52.1600)  Acc@5: 75.0000 (77.1200)
2025-08-30 10:00:34,678 - timm.utils.checkpoint_saver: [    INFO] - Current checkpoints:
 ('./output/train/20250830-085552-resnet18_vcaV2-224/checkpoint/checkpoint-24.pth.tar', 52.16)
 ('./output/train/20250830-085552-resnet18_vcaV2-224/checkpoint/checkpoint-23.pth.tar', 50.19)
 ('./output/train/20250830-085552-resnet18_vcaV2-224/checkpoint/checkpoint-19.pth.tar', 49.98)
 ('./output/train/20250830-085552-resnet18_vcaV2-224/checkpoint/checkpoint-17.pth.tar', 49.74)
 ('./output/train/20250830-085552-resnet18_vcaV2-224/checkpoint/checkpoint-18.pth.tar', 48.85)
 ('./output/train/20250830-085552-resnet18_vcaV2-224/checkpoint/checkpoint-22.pth.tar', 48.38)
 ('./output/train/20250830-085552-resnet18_vcaV2-224/checkpoint/checkpoint-20.pth.tar', 48.12)
 ('./output/train/20250830-085552-resnet18_vcaV2-224/checkpoint/checkpoint-16.pth.tar', 47.93)
 ('./output/train/20250830-085552-resnet18_vcaV2-224/checkpoint/checkpoint-21.pth.tar', 47.61)
 ('./output/train/20250830-085552-resnet18_vcaV2-224/checkpoint/checkpoint-15.pth.tar', 47.08)

2025-08-30 10:00:35,961 -                train: [    INFO] - Train: 25 [   0/391 (  0%)]  Loss: 298.6 (299.)  Loss_cat: 1.087 (1.09)  Loss_feat: 295.2 (295.)  Loss_gt: 2.332 (2.33) LR: 5.000e-02
2025-08-30 10:01:45,203 -                train: [    INFO] - Train: 25 [ 200/391 ( 51%)]  Loss: 300.7 (294.)  Loss_cat: 1.109 (1.07)  Loss_feat: 297.1 (291.)  Loss_gt: 2.514 (2.34) LR: 5.000e-02
2025-08-30 10:02:50,585 -                train: [    INFO] - Train: 25 [ 390/391 (100%)]  Loss: 305.4 (295.)  Loss_cat: 1.143 (1.08)  Loss_feat: 301.6 (292.)  Loss_gt: 2.612 (2.37) LR: 5.000e-02
2025-08-30 10:02:51,357 -                train: [    INFO] - Test: [   0/39]  Time: 0.717 (0.717)  Loss:  2.1591 (2.1591)  Acc@1: 50.7812 (50.7812)  Acc@5: 72.2656 (72.2656)
2025-08-30 10:03:11,319 -                train: [    INFO] - Test: [  39/39]  Time: 0.021 (0.517)  Loss:  2.0104 (2.2218)  Acc@1: 43.7500 (48.1100)  Acc@5: 93.7500 (74.3200)
2025-08-30 10:03:11,682 - timm.utils.checkpoint_saver: [    INFO] - Current checkpoints:
 ('./output/train/20250830-085552-resnet18_vcaV2-224/checkpoint/checkpoint-24.pth.tar', 52.16)
 ('./output/train/20250830-085552-resnet18_vcaV2-224/checkpoint/checkpoint-23.pth.tar', 50.19)
 ('./output/train/20250830-085552-resnet18_vcaV2-224/checkpoint/checkpoint-19.pth.tar', 49.98)
 ('./output/train/20250830-085552-resnet18_vcaV2-224/checkpoint/checkpoint-17.pth.tar', 49.74)
 ('./output/train/20250830-085552-resnet18_vcaV2-224/checkpoint/checkpoint-18.pth.tar', 48.85)
 ('./output/train/20250830-085552-resnet18_vcaV2-224/checkpoint/checkpoint-22.pth.tar', 48.38)
 ('./output/train/20250830-085552-resnet18_vcaV2-224/checkpoint/checkpoint-20.pth.tar', 48.12)
 ('./output/train/20250830-085552-resnet18_vcaV2-224/checkpoint/checkpoint-25.pth.tar', 48.11)
 ('./output/train/20250830-085552-resnet18_vcaV2-224/checkpoint/checkpoint-16.pth.tar', 47.93)
 ('./output/train/20250830-085552-resnet18_vcaV2-224/checkpoint/checkpoint-21.pth.tar', 47.61)

2025-08-30 10:03:12,728 -                train: [    INFO] - Train: 26 [   0/391 (  0%)]  Loss: 289.7 (290.)  Loss_cat: 1.043 (1.04)  Loss_feat: 286.3 (286.)  Loss_gt: 2.320 (2.32) LR: 5.000e-02
2025-08-30 10:04:21,754 -                train: [    INFO] - Train: 26 [ 200/391 ( 51%)]  Loss: 298.3 (293.)  Loss_cat: 1.114 (1.07)  Loss_feat: 294.5 (290.)  Loss_gt: 2.647 (2.34) LR: 5.000e-02
2025-08-30 10:05:27,290 -                train: [    INFO] - Train: 26 [ 390/391 (100%)]  Loss: 292.8 (294.)  Loss_cat: 1.078 (1.08)  Loss_feat: 289.3 (291.)  Loss_gt: 2.428 (2.36) LR: 5.000e-02
2025-08-30 10:05:27,871 -                train: [    INFO] - Test: [   0/39]  Time: 0.531 (0.531)  Loss:  2.1579 (2.1579)  Acc@1: 51.5625 (51.5625)  Acc@5: 72.2656 (72.2656)
2025-08-30 10:05:44,681 -                train: [    INFO] - Test: [  39/39]  Time: 0.021 (0.434)  Loss:  2.2599 (2.1788)  Acc@1: 56.2500 (49.2800)  Acc@5: 81.2500 (75.1500)
2025-08-30 10:05:44,979 - timm.utils.checkpoint_saver: [    INFO] - Current checkpoints:
 ('./output/train/20250830-085552-resnet18_vcaV2-224/checkpoint/checkpoint-24.pth.tar', 52.16)
 ('./output/train/20250830-085552-resnet18_vcaV2-224/checkpoint/checkpoint-23.pth.tar', 50.19)
 ('./output/train/20250830-085552-resnet18_vcaV2-224/checkpoint/checkpoint-19.pth.tar', 49.98)
 ('./output/train/20250830-085552-resnet18_vcaV2-224/checkpoint/checkpoint-17.pth.tar', 49.74)
 ('./output/train/20250830-085552-resnet18_vcaV2-224/checkpoint/checkpoint-26.pth.tar', 49.28)
 ('./output/train/20250830-085552-resnet18_vcaV2-224/checkpoint/checkpoint-18.pth.tar', 48.85)
 ('./output/train/20250830-085552-resnet18_vcaV2-224/checkpoint/checkpoint-22.pth.tar', 48.38)
 ('./output/train/20250830-085552-resnet18_vcaV2-224/checkpoint/checkpoint-20.pth.tar', 48.12)
 ('./output/train/20250830-085552-resnet18_vcaV2-224/checkpoint/checkpoint-25.pth.tar', 48.11)
 ('./output/train/20250830-085552-resnet18_vcaV2-224/checkpoint/checkpoint-16.pth.tar', 47.93)

2025-08-30 10:05:46,033 -                train: [    INFO] - Train: 27 [   0/391 (  0%)]  Loss: 295.3 (295.)  Loss_cat: 1.071 (1.07)  Loss_feat: 291.8 (292.)  Loss_gt: 2.404 (2.40) LR: 5.000e-02
2025-08-30 10:06:54,986 -                train: [    INFO] - Train: 27 [ 200/391 ( 51%)]  Loss: 288.7 (292.)  Loss_cat: 1.057 (1.07)  Loss_feat: 285.4 (289.)  Loss_gt: 2.207 (2.34) LR: 5.000e-02
2025-08-30 10:08:00,564 -                train: [    INFO] - Train: 27 [ 390/391 (100%)]  Loss: 299.0 (293.)  Loss_cat: 1.142 (1.07)  Loss_feat: 295.4 (289.)  Loss_gt: 2.445 (2.36) LR: 5.000e-02
2025-08-30 10:08:01,793 -                train: [    INFO] - Test: [   0/39]  Time: 0.543 (0.543)  Loss:  2.0018 (2.0018)  Acc@1: 56.2500 (56.2500)  Acc@5: 75.7812 (75.7812)
2025-08-30 10:08:18,866 -                train: [    INFO] - Test: [  39/39]  Time: 0.022 (0.440)  Loss:  3.1963 (2.2741)  Acc@1: 25.0000 (47.7800)  Acc@5: 56.2500 (73.2700)
2025-08-30 10:08:20,296 -                train: [    INFO] - Train: 28 [   0/391 (  0%)]  Loss: 290.7 (291.)  Loss_cat: 1.054 (1.05)  Loss_feat: 287.3 (287.)  Loss_gt: 2.313 (2.31) LR: 5.000e-02
2025-08-30 10:09:29,291 -                train: [    INFO] - Train: 28 [ 200/391 ( 51%)]  Loss: 291.6 (291.)  Loss_cat: 1.077 (1.07)  Loss_feat: 288.1 (288.)  Loss_gt: 2.352 (2.34) LR: 5.000e-02
2025-08-30 10:10:34,749 -                train: [    INFO] - Train: 28 [ 390/391 (100%)]  Loss: 293.5 (292.)  Loss_cat: 1.112 (1.08)  Loss_feat: 289.9 (289.)  Loss_gt: 2.444 (2.36) LR: 5.000e-02
2025-08-30 10:10:35,332 -                train: [    INFO] - Test: [   0/39]  Time: 0.530 (0.530)  Loss:  1.6659 (1.6659)  Acc@1: 60.1562 (60.1562)  Acc@5: 86.7188 (86.7188)
2025-08-30 10:10:52,480 -                train: [    INFO] - Test: [  39/39]  Time: 0.024 (0.442)  Loss:  2.4478 (2.1048)  Acc@1: 37.5000 (50.3100)  Acc@5: 81.2500 (77.5700)
2025-08-30 10:10:52,805 - timm.utils.checkpoint_saver: [    INFO] - Current checkpoints:
 ('./output/train/20250830-085552-resnet18_vcaV2-224/checkpoint/checkpoint-24.pth.tar', 52.16)
 ('./output/train/20250830-085552-resnet18_vcaV2-224/checkpoint/checkpoint-28.pth.tar', 50.31)
 ('./output/train/20250830-085552-resnet18_vcaV2-224/checkpoint/checkpoint-23.pth.tar', 50.19)
 ('./output/train/20250830-085552-resnet18_vcaV2-224/checkpoint/checkpoint-19.pth.tar', 49.98)
 ('./output/train/20250830-085552-resnet18_vcaV2-224/checkpoint/checkpoint-17.pth.tar', 49.74)
 ('./output/train/20250830-085552-resnet18_vcaV2-224/checkpoint/checkpoint-26.pth.tar', 49.28)
 ('./output/train/20250830-085552-resnet18_vcaV2-224/checkpoint/checkpoint-18.pth.tar', 48.85)
 ('./output/train/20250830-085552-resnet18_vcaV2-224/checkpoint/checkpoint-22.pth.tar', 48.38)
 ('./output/train/20250830-085552-resnet18_vcaV2-224/checkpoint/checkpoint-20.pth.tar', 48.12)
 ('./output/train/20250830-085552-resnet18_vcaV2-224/checkpoint/checkpoint-25.pth.tar', 48.11)

2025-08-30 10:10:53,850 -                train: [    INFO] - Train: 29 [   0/391 (  0%)]  Loss: 289.3 (289.)  Loss_cat: 1.080 (1.08)  Loss_feat: 285.9 (286.)  Loss_gt: 2.301 (2.30) LR: 5.000e-02
2025-08-30 10:12:02,731 -                train: [    INFO] - Train: 29 [ 200/391 ( 51%)]  Loss: 286.5 (290.)  Loss_cat: 1.038 (1.06)  Loss_feat: 283.1 (286.)  Loss_gt: 2.349 (2.32) LR: 5.000e-02
2025-08-30 10:13:08,076 -                train: [    INFO] - Train: 29 [ 390/391 (100%)]  Loss: 292.3 (291.)  Loss_cat: 1.092 (1.07)  Loss_feat: 288.6 (287.)  Loss_gt: 2.548 (2.35) LR: 5.000e-02
2025-08-30 10:13:08,678 -                train: [    INFO] - Test: [   0/39]  Time: 0.553 (0.553)  Loss:  2.3827 (2.3827)  Acc@1: 45.7031 (45.7031)  Acc@5: 68.3594 (68.3594)
2025-08-30 10:13:27,647 -                train: [    INFO] - Test: [  39/39]  Time: 0.021 (0.488)  Loss:  2.5867 (2.1607)  Acc@1: 25.0000 (49.6500)  Acc@5: 81.2500 (76.1600)
2025-08-30 10:13:27,942 - timm.utils.checkpoint_saver: [    INFO] - Current checkpoints:
 ('./output/train/20250830-085552-resnet18_vcaV2-224/checkpoint/checkpoint-24.pth.tar', 52.16)
 ('./output/train/20250830-085552-resnet18_vcaV2-224/checkpoint/checkpoint-28.pth.tar', 50.31)
 ('./output/train/20250830-085552-resnet18_vcaV2-224/checkpoint/checkpoint-23.pth.tar', 50.19)
 ('./output/train/20250830-085552-resnet18_vcaV2-224/checkpoint/checkpoint-19.pth.tar', 49.98)
 ('./output/train/20250830-085552-resnet18_vcaV2-224/checkpoint/checkpoint-17.pth.tar', 49.74)
 ('./output/train/20250830-085552-resnet18_vcaV2-224/checkpoint/checkpoint-29.pth.tar', 49.65)
 ('./output/train/20250830-085552-resnet18_vcaV2-224/checkpoint/checkpoint-26.pth.tar', 49.28)
 ('./output/train/20250830-085552-resnet18_vcaV2-224/checkpoint/checkpoint-18.pth.tar', 48.85)
 ('./output/train/20250830-085552-resnet18_vcaV2-224/checkpoint/checkpoint-22.pth.tar', 48.38)
 ('./output/train/20250830-085552-resnet18_vcaV2-224/checkpoint/checkpoint-20.pth.tar', 48.12)

2025-08-30 10:13:28,977 -                train: [    INFO] - Train: 30 [   0/391 (  0%)]  Loss: 289.7 (290.)  Loss_cat: 1.058 (1.06)  Loss_feat: 286.3 (286.)  Loss_gt: 2.352 (2.35) LR: 5.000e-02
2025-08-30 10:14:38,211 -                train: [    INFO] - Train: 30 [ 200/391 ( 51%)]  Loss: 288.9 (289.)  Loss_cat: 1.054 (1.06)  Loss_feat: 285.6 (286.)  Loss_gt: 2.243 (2.32) LR: 5.000e-02
2025-08-30 10:15:43,716 -                train: [    INFO] - Train: 30 [ 390/391 (100%)]  Loss: 289.6 (290.)  Loss_cat: 1.077 (1.07)  Loss_feat: 286.0 (286.)  Loss_gt: 2.509 (2.35) LR: 5.000e-02
2025-08-30 10:15:44,432 -                train: [    INFO] - Test: [   0/39]  Time: 0.662 (0.662)  Loss:  1.6031 (1.6031)  Acc@1: 57.8125 (57.8125)  Acc@5: 83.5938 (83.5938)
2025-08-30 10:16:03,603 -                train: [    INFO] - Test: [  39/39]  Time: 0.022 (0.496)  Loss:  2.8966 (2.0749)  Acc@1: 18.7500 (51.3700)  Acc@5: 62.5000 (77.1400)
2025-08-30 10:16:03,910 - timm.utils.checkpoint_saver: [    INFO] - Current checkpoints:
 ('./output/train/20250830-085552-resnet18_vcaV2-224/checkpoint/checkpoint-24.pth.tar', 52.16)
 ('./output/train/20250830-085552-resnet18_vcaV2-224/checkpoint/checkpoint-30.pth.tar', 51.37)
 ('./output/train/20250830-085552-resnet18_vcaV2-224/checkpoint/checkpoint-28.pth.tar', 50.31)
 ('./output/train/20250830-085552-resnet18_vcaV2-224/checkpoint/checkpoint-23.pth.tar', 50.19)
 ('./output/train/20250830-085552-resnet18_vcaV2-224/checkpoint/checkpoint-19.pth.tar', 49.98)
 ('./output/train/20250830-085552-resnet18_vcaV2-224/checkpoint/checkpoint-17.pth.tar', 49.74)
 ('./output/train/20250830-085552-resnet18_vcaV2-224/checkpoint/checkpoint-29.pth.tar', 49.65)
 ('./output/train/20250830-085552-resnet18_vcaV2-224/checkpoint/checkpoint-26.pth.tar', 49.28)
 ('./output/train/20250830-085552-resnet18_vcaV2-224/checkpoint/checkpoint-18.pth.tar', 48.85)
 ('./output/train/20250830-085552-resnet18_vcaV2-224/checkpoint/checkpoint-22.pth.tar', 48.38)

2025-08-30 10:16:05,072 -                train: [    INFO] - Train: 31 [   0/391 (  0%)]  Loss: 283.0 (283.)  Loss_cat: 1.015 (1.02)  Loss_feat: 279.9 (280.)  Loss_gt: 2.091 (2.09) LR: 5.000e-02
2025-08-30 10:17:14,218 -                train: [    INFO] - Train: 31 [ 200/391 ( 51%)]  Loss: 288.4 (287.)  Loss_cat: 1.094 (1.06)  Loss_feat: 285.1 (284.)  Loss_gt: 2.245 (2.32) LR: 5.000e-02
2025-08-30 10:18:19,754 -                train: [    INFO] - Train: 31 [ 390/391 (100%)]  Loss: 296.6 (288.)  Loss_cat: 1.165 (1.07)  Loss_feat: 293.1 (285.)  Loss_gt: 2.404 (2.34) LR: 5.000e-02
2025-08-30 10:18:20,345 -                train: [    INFO] - Test: [   0/39]  Time: 0.540 (0.540)  Loss:  1.4180 (1.4180)  Acc@1: 64.4531 (64.4531)  Acc@5: 89.0625 (89.0625)
2025-08-30 10:18:37,716 -                train: [    INFO] - Test: [  39/39]  Time: 0.022 (0.448)  Loss:  2.3977 (2.0596)  Acc@1: 37.5000 (51.8900)  Acc@5: 81.2500 (78.2600)
2025-08-30 10:18:38,072 - timm.utils.checkpoint_saver: [    INFO] - Current checkpoints:
 ('./output/train/20250830-085552-resnet18_vcaV2-224/checkpoint/checkpoint-24.pth.tar', 52.16)
 ('./output/train/20250830-085552-resnet18_vcaV2-224/checkpoint/checkpoint-31.pth.tar', 51.89)
 ('./output/train/20250830-085552-resnet18_vcaV2-224/checkpoint/checkpoint-30.pth.tar', 51.37)
 ('./output/train/20250830-085552-resnet18_vcaV2-224/checkpoint/checkpoint-28.pth.tar', 50.31)
 ('./output/train/20250830-085552-resnet18_vcaV2-224/checkpoint/checkpoint-23.pth.tar', 50.19)
 ('./output/train/20250830-085552-resnet18_vcaV2-224/checkpoint/checkpoint-19.pth.tar', 49.98)
 ('./output/train/20250830-085552-resnet18_vcaV2-224/checkpoint/checkpoint-17.pth.tar', 49.74)
 ('./output/train/20250830-085552-resnet18_vcaV2-224/checkpoint/checkpoint-29.pth.tar', 49.65)
 ('./output/train/20250830-085552-resnet18_vcaV2-224/checkpoint/checkpoint-26.pth.tar', 49.28)
 ('./output/train/20250830-085552-resnet18_vcaV2-224/checkpoint/checkpoint-18.pth.tar', 48.85)

2025-08-30 10:18:39,110 -                train: [    INFO] - Train: 32 [   0/391 (  0%)]  Loss: 283.2 (283.)  Loss_cat: 1.035 (1.04)  Loss_feat: 280.0 (280.)  Loss_gt: 2.158 (2.16) LR: 5.000e-02
2025-08-30 10:19:48,057 -                train: [    INFO] - Train: 32 [ 200/391 ( 51%)]  Loss: 287.7 (286.)  Loss_cat: 1.067 (1.05)  Loss_feat: 284.3 (283.)  Loss_gt: 2.345 (2.31) LR: 5.000e-02
2025-08-30 10:20:53,665 -                train: [    INFO] - Train: 32 [ 390/391 (100%)]  Loss: 280.7 (287.)  Loss_cat: 1.015 (1.07)  Loss_feat: 277.5 (284.)  Loss_gt: 2.206 (2.34) LR: 5.000e-02
2025-08-30 10:20:54,255 -                train: [    INFO] - Test: [   0/39]  Time: 0.537 (0.537)  Loss:  2.0946 (2.0946)  Acc@1: 55.4688 (55.4688)  Acc@5: 75.7812 (75.7812)
2025-08-30 10:21:11,303 -                train: [    INFO] - Test: [  39/39]  Time: 0.022 (0.440)  Loss:  2.1068 (2.1606)  Acc@1: 37.5000 (49.5300)  Acc@5: 87.5000 (75.0200)
2025-08-30 10:21:11,582 - timm.utils.checkpoint_saver: [    INFO] - Current checkpoints:
 ('./output/train/20250830-085552-resnet18_vcaV2-224/checkpoint/checkpoint-24.pth.tar', 52.16)
 ('./output/train/20250830-085552-resnet18_vcaV2-224/checkpoint/checkpoint-31.pth.tar', 51.89)
 ('./output/train/20250830-085552-resnet18_vcaV2-224/checkpoint/checkpoint-30.pth.tar', 51.37)
 ('./output/train/20250830-085552-resnet18_vcaV2-224/checkpoint/checkpoint-28.pth.tar', 50.31)
 ('./output/train/20250830-085552-resnet18_vcaV2-224/checkpoint/checkpoint-23.pth.tar', 50.19)
 ('./output/train/20250830-085552-resnet18_vcaV2-224/checkpoint/checkpoint-19.pth.tar', 49.98)
 ('./output/train/20250830-085552-resnet18_vcaV2-224/checkpoint/checkpoint-17.pth.tar', 49.74)
 ('./output/train/20250830-085552-resnet18_vcaV2-224/checkpoint/checkpoint-29.pth.tar', 49.65)
 ('./output/train/20250830-085552-resnet18_vcaV2-224/checkpoint/checkpoint-32.pth.tar', 49.53)
 ('./output/train/20250830-085552-resnet18_vcaV2-224/checkpoint/checkpoint-26.pth.tar', 49.28)

2025-08-30 10:21:12,642 -                train: [    INFO] - Train: 33 [   0/391 (  0%)]  Loss: 285.3 (285.)  Loss_cat: 1.063 (1.06)  Loss_feat: 282.0 (282.)  Loss_gt: 2.255 (2.25) LR: 5.000e-02
2025-08-30 10:22:21,689 -                train: [    INFO] - Train: 33 [ 200/391 ( 51%)]  Loss: 284.8 (284.)  Loss_cat: 1.090 (1.05)  Loss_feat: 281.4 (281.)  Loss_gt: 2.319 (2.30) LR: 5.000e-02
2025-08-30 10:23:27,236 -                train: [    INFO] - Train: 33 [ 390/391 (100%)]  Loss: 279.6 (285.)  Loss_cat: 1.019 (1.06)  Loss_feat: 276.3 (282.)  Loss_gt: 2.330 (2.33) LR: 5.000e-02
2025-08-30 10:23:27,858 -                train: [    INFO] - Test: [   0/39]  Time: 0.562 (0.562)  Loss:  2.0392 (2.0392)  Acc@1: 57.4219 (57.4219)  Acc@5: 76.1719 (76.1719)
2025-08-30 10:23:43,781 -                train: [    INFO] - Test: [  39/39]  Time: 0.022 (0.412)  Loss:  2.6486 (2.1052)  Acc@1: 31.2500 (51.2900)  Acc@5: 68.7500 (76.5600)
2025-08-30 10:23:44,130 - timm.utils.checkpoint_saver: [    INFO] - Current checkpoints:
 ('./output/train/20250830-085552-resnet18_vcaV2-224/checkpoint/checkpoint-24.pth.tar', 52.16)
 ('./output/train/20250830-085552-resnet18_vcaV2-224/checkpoint/checkpoint-31.pth.tar', 51.89)
 ('./output/train/20250830-085552-resnet18_vcaV2-224/checkpoint/checkpoint-30.pth.tar', 51.37)
 ('./output/train/20250830-085552-resnet18_vcaV2-224/checkpoint/checkpoint-33.pth.tar', 51.29)
 ('./output/train/20250830-085552-resnet18_vcaV2-224/checkpoint/checkpoint-28.pth.tar', 50.31)
 ('./output/train/20250830-085552-resnet18_vcaV2-224/checkpoint/checkpoint-23.pth.tar', 50.19)
 ('./output/train/20250830-085552-resnet18_vcaV2-224/checkpoint/checkpoint-19.pth.tar', 49.98)
 ('./output/train/20250830-085552-resnet18_vcaV2-224/checkpoint/checkpoint-17.pth.tar', 49.74)
 ('./output/train/20250830-085552-resnet18_vcaV2-224/checkpoint/checkpoint-29.pth.tar', 49.65)
 ('./output/train/20250830-085552-resnet18_vcaV2-224/checkpoint/checkpoint-32.pth.tar', 49.53)

2025-08-30 10:23:45,174 -                train: [    INFO] - Train: 34 [   0/391 (  0%)]  Loss: 279.3 (279.)  Loss_cat: 0.9988 (0.999)  Loss_feat: 276.1 (276.)  Loss_gt: 2.201 (2.20) LR: 5.000e-02
2025-08-30 10:24:54,163 -                train: [    INFO] - Train: 34 [ 200/391 ( 51%)]  Loss: 282.8 (284.)  Loss_cat: 1.046 (1.05)  Loss_feat: 279.4 (280.)  Loss_gt: 2.293 (2.31) LR: 5.000e-02
2025-08-30 10:25:59,755 -                train: [    INFO] - Train: 34 [ 390/391 (100%)]  Loss: 292.4 (285.)  Loss_cat: 1.123 (1.07)  Loss_feat: 288.6 (281.)  Loss_gt: 2.690 (2.34) LR: 5.000e-02
2025-08-30 10:26:00,345 -                train: [    INFO] - Test: [   0/39]  Time: 0.535 (0.535)  Loss:  2.3841 (2.3841)  Acc@1: 49.2188 (49.2188)  Acc@5: 69.9219 (69.9219)
2025-08-30 10:26:19,188 -                train: [    INFO] - Test: [  39/39]  Time: 0.023 (0.484)  Loss:  2.0630 (2.1490)  Acc@1: 50.0000 (49.5400)  Acc@5: 81.2500 (76.0500)
2025-08-30 10:26:19,533 - timm.utils.checkpoint_saver: [    INFO] - Current checkpoints:
 ('./output/train/20250830-085552-resnet18_vcaV2-224/checkpoint/checkpoint-24.pth.tar', 52.16)
 ('./output/train/20250830-085552-resnet18_vcaV2-224/checkpoint/checkpoint-31.pth.tar', 51.89)
 ('./output/train/20250830-085552-resnet18_vcaV2-224/checkpoint/checkpoint-30.pth.tar', 51.37)
 ('./output/train/20250830-085552-resnet18_vcaV2-224/checkpoint/checkpoint-33.pth.tar', 51.29)
 ('./output/train/20250830-085552-resnet18_vcaV2-224/checkpoint/checkpoint-28.pth.tar', 50.31)
 ('./output/train/20250830-085552-resnet18_vcaV2-224/checkpoint/checkpoint-23.pth.tar', 50.19)
 ('./output/train/20250830-085552-resnet18_vcaV2-224/checkpoint/checkpoint-19.pth.tar', 49.98)
 ('./output/train/20250830-085552-resnet18_vcaV2-224/checkpoint/checkpoint-17.pth.tar', 49.74)
 ('./output/train/20250830-085552-resnet18_vcaV2-224/checkpoint/checkpoint-29.pth.tar', 49.65)
 ('./output/train/20250830-085552-resnet18_vcaV2-224/checkpoint/checkpoint-34.pth.tar', 49.54)

2025-08-30 10:26:20,701 -                train: [    INFO] - Train: 35 [   0/391 (  0%)]  Loss: 282.2 (282.)  Loss_cat: 1.032 (1.03)  Loss_feat: 278.9 (279.)  Loss_gt: 2.311 (2.31) LR: 5.000e-02
2025-08-30 10:27:29,673 -                train: [    INFO] - Train: 35 [ 200/391 ( 51%)]  Loss: 282.7 (282.)  Loss_cat: 1.084 (1.05)  Loss_feat: 279.4 (279.)  Loss_gt: 2.261 (2.30) LR: 5.000e-02
2025-08-30 10:28:35,124 -                train: [    INFO] - Train: 35 [ 390/391 (100%)]  Loss: 288.1 (283.)  Loss_cat: 1.113 (1.06)  Loss_feat: 284.5 (280.)  Loss_gt: 2.409 (2.33) LR: 5.000e-02
2025-08-30 10:28:35,719 -                train: [    INFO] - Test: [   0/39]  Time: 0.551 (0.551)  Loss:  1.8243 (1.8243)  Acc@1: 58.5938 (58.5938)  Acc@5: 78.5156 (78.5156)
2025-08-30 10:28:55,336 -                train: [    INFO] - Test: [  39/39]  Time: 0.021 (0.504)  Loss:  2.0687 (2.0562)  Acc@1: 50.0000 (52.3100)  Acc@5: 81.2500 (77.6300)
2025-08-30 10:28:55,595 - timm.utils.checkpoint_saver: [    INFO] - Current checkpoints:
 ('./output/train/20250830-085552-resnet18_vcaV2-224/checkpoint/checkpoint-35.pth.tar', 52.31)
 ('./output/train/20250830-085552-resnet18_vcaV2-224/checkpoint/checkpoint-24.pth.tar', 52.16)
 ('./output/train/20250830-085552-resnet18_vcaV2-224/checkpoint/checkpoint-31.pth.tar', 51.89)
 ('./output/train/20250830-085552-resnet18_vcaV2-224/checkpoint/checkpoint-30.pth.tar', 51.37)
 ('./output/train/20250830-085552-resnet18_vcaV2-224/checkpoint/checkpoint-33.pth.tar', 51.29)
 ('./output/train/20250830-085552-resnet18_vcaV2-224/checkpoint/checkpoint-28.pth.tar', 50.31)
 ('./output/train/20250830-085552-resnet18_vcaV2-224/checkpoint/checkpoint-23.pth.tar', 50.19)
 ('./output/train/20250830-085552-resnet18_vcaV2-224/checkpoint/checkpoint-19.pth.tar', 49.98)
 ('./output/train/20250830-085552-resnet18_vcaV2-224/checkpoint/checkpoint-17.pth.tar', 49.74)
 ('./output/train/20250830-085552-resnet18_vcaV2-224/checkpoint/checkpoint-29.pth.tar', 49.65)

2025-08-30 10:28:56,606 -                train: [    INFO] - Train: 36 [   0/391 (  0%)]  Loss: 282.1 (282.)  Loss_cat: 1.074 (1.07)  Loss_feat: 278.7 (279.)  Loss_gt: 2.274 (2.27) LR: 5.000e-02
2025-08-30 10:30:05,874 -                train: [    INFO] - Train: 36 [ 200/391 ( 51%)]  Loss: 280.9 (281.)  Loss_cat: 1.039 (1.05)  Loss_feat: 277.6 (278.)  Loss_gt: 2.338 (2.31) LR: 5.000e-02
2025-08-30 10:31:11,342 -                train: [    INFO] - Train: 36 [ 390/391 (100%)]  Loss: 283.5 (282.)  Loss_cat: 1.082 (1.06)  Loss_feat: 280.0 (278.)  Loss_gt: 2.424 (2.33) LR: 5.000e-02
2025-08-30 10:31:11,959 -                train: [    INFO] - Test: [   0/39]  Time: 0.552 (0.552)  Loss:  1.7530 (1.7530)  Acc@1: 59.3750 (59.3750)  Acc@5: 81.6406 (81.6406)
2025-08-30 10:31:29,721 -                train: [    INFO] - Test: [  39/39]  Time: 0.021 (0.458)  Loss:  2.2297 (2.0757)  Acc@1: 43.7500 (51.2800)  Acc@5: 75.0000 (77.5600)
2025-08-30 10:31:30,065 - timm.utils.checkpoint_saver: [    INFO] - Current checkpoints:
 ('./output/train/20250830-085552-resnet18_vcaV2-224/checkpoint/checkpoint-35.pth.tar', 52.31)
 ('./output/train/20250830-085552-resnet18_vcaV2-224/checkpoint/checkpoint-24.pth.tar', 52.16)
 ('./output/train/20250830-085552-resnet18_vcaV2-224/checkpoint/checkpoint-31.pth.tar', 51.89)
 ('./output/train/20250830-085552-resnet18_vcaV2-224/checkpoint/checkpoint-30.pth.tar', 51.37)
 ('./output/train/20250830-085552-resnet18_vcaV2-224/checkpoint/checkpoint-33.pth.tar', 51.29)
 ('./output/train/20250830-085552-resnet18_vcaV2-224/checkpoint/checkpoint-36.pth.tar', 51.28)
 ('./output/train/20250830-085552-resnet18_vcaV2-224/checkpoint/checkpoint-28.pth.tar', 50.31)
 ('./output/train/20250830-085552-resnet18_vcaV2-224/checkpoint/checkpoint-23.pth.tar', 50.19)
 ('./output/train/20250830-085552-resnet18_vcaV2-224/checkpoint/checkpoint-19.pth.tar', 49.98)
 ('./output/train/20250830-085552-resnet18_vcaV2-224/checkpoint/checkpoint-17.pth.tar', 49.74)

2025-08-30 10:31:31,154 -                train: [    INFO] - Train: 37 [   0/391 (  0%)]  Loss: 278.1 (278.)  Loss_cat: 1.074 (1.07)  Loss_feat: 274.8 (275.)  Loss_gt: 2.238 (2.24) LR: 5.000e-02
2025-08-30 10:32:40,413 -                train: [    INFO] - Train: 37 [ 200/391 ( 51%)]  Loss: 285.0 (280.)  Loss_cat: 1.110 (1.05)  Loss_feat: 281.5 (276.)  Loss_gt: 2.460 (2.30) LR: 5.000e-02
2025-08-30 10:33:46,009 -                train: [    INFO] - Train: 37 [ 390/391 (100%)]  Loss: 282.4 (280.)  Loss_cat: 1.090 (1.06)  Loss_feat: 278.8 (277.)  Loss_gt: 2.569 (2.33) LR: 5.000e-02
2025-08-30 10:33:46,624 -                train: [    INFO] - Test: [   0/39]  Time: 0.563 (0.563)  Loss:  2.2785 (2.2785)  Acc@1: 53.5156 (53.5156)  Acc@5: 73.4375 (73.4375)
2025-08-30 10:34:03,612 -                train: [    INFO] - Test: [  39/39]  Time: 0.021 (0.439)  Loss:  2.9843 (2.2088)  Acc@1: 43.7500 (48.8800)  Acc@5: 62.5000 (75.0800)
2025-08-30 10:34:04,955 -                train: [    INFO] - Train: 38 [   0/391 (  0%)]  Loss: 274.8 (275.)  Loss_cat: 1.045 (1.05)  Loss_feat: 271.7 (272.)  Loss_gt: 2.026 (2.03) LR: 5.000e-02
2025-08-30 10:35:14,195 -                train: [    INFO] - Train: 38 [ 200/391 ( 51%)]  Loss: 275.8 (278.)  Loss_cat: 1.040 (1.05)  Loss_feat: 272.4 (274.)  Loss_gt: 2.344 (2.30) LR: 5.000e-02
2025-08-30 10:36:19,781 -                train: [    INFO] - Train: 38 [ 390/391 (100%)]  Loss: 282.7 (279.)  Loss_cat: 1.135 (1.06)  Loss_feat: 279.2 (276.)  Loss_gt: 2.380 (2.33) LR: 5.000e-02
2025-08-30 10:36:20,485 -                train: [    INFO] - Test: [   0/39]  Time: 0.654 (0.654)  Loss:  1.6267 (1.6267)  Acc@1: 62.8906 (62.8906)  Acc@5: 83.2031 (83.2031)
2025-08-30 10:36:38,782 -                train: [    INFO] - Test: [  39/39]  Time: 0.021 (0.474)  Loss:  2.9810 (2.0833)  Acc@1: 31.2500 (51.2800)  Acc@5: 81.2500 (76.9100)
2025-08-30 10:36:39,154 - timm.utils.checkpoint_saver: [    INFO] - Current checkpoints:
 ('./output/train/20250830-085552-resnet18_vcaV2-224/checkpoint/checkpoint-35.pth.tar', 52.31)
 ('./output/train/20250830-085552-resnet18_vcaV2-224/checkpoint/checkpoint-24.pth.tar', 52.16)
 ('./output/train/20250830-085552-resnet18_vcaV2-224/checkpoint/checkpoint-31.pth.tar', 51.89)
 ('./output/train/20250830-085552-resnet18_vcaV2-224/checkpoint/checkpoint-30.pth.tar', 51.37)
 ('./output/train/20250830-085552-resnet18_vcaV2-224/checkpoint/checkpoint-33.pth.tar', 51.29)
 ('./output/train/20250830-085552-resnet18_vcaV2-224/checkpoint/checkpoint-36.pth.tar', 51.28)
 ('./output/train/20250830-085552-resnet18_vcaV2-224/checkpoint/checkpoint-38.pth.tar', 51.28)
 ('./output/train/20250830-085552-resnet18_vcaV2-224/checkpoint/checkpoint-28.pth.tar', 50.31)
 ('./output/train/20250830-085552-resnet18_vcaV2-224/checkpoint/checkpoint-23.pth.tar', 50.19)
 ('./output/train/20250830-085552-resnet18_vcaV2-224/checkpoint/checkpoint-19.pth.tar', 49.98)

2025-08-30 10:36:40,324 -                train: [    INFO] - Train: 39 [   0/391 (  0%)]  Loss: 277.2 (277.)  Loss_cat: 1.051 (1.05)  Loss_feat: 274.0 (274.)  Loss_gt: 2.179 (2.18) LR: 5.000e-02
2025-08-30 10:37:49,310 -                train: [    INFO] - Train: 39 [ 200/391 ( 51%)]  Loss: 284.4 (277.)  Loss_cat: 1.113 (1.05)  Loss_feat: 280.8 (274.)  Loss_gt: 2.498 (2.30) LR: 5.000e-02
2025-08-30 10:38:54,880 -                train: [    INFO] - Train: 39 [ 390/391 (100%)]  Loss: 282.0 (278.)  Loss_cat: 1.090 (1.06)  Loss_feat: 278.5 (274.)  Loss_gt: 2.387 (2.32) LR: 5.000e-02
2025-08-30 10:38:55,422 -                train: [    INFO] - Test: [   0/39]  Time: 0.475 (0.475)  Loss:  1.3424 (1.3424)  Acc@1: 65.6250 (65.6250)  Acc@5: 89.0625 (89.0625)
2025-08-30 10:39:11,403 -                train: [    INFO] - Test: [  39/39]  Time: 0.021 (0.411)  Loss:  2.3319 (2.1184)  Acc@1: 25.0000 (50.5900)  Acc@5: 87.5000 (76.2600)
2025-08-30 10:39:11,793 - timm.utils.checkpoint_saver: [    INFO] - Current checkpoints:
 ('./output/train/20250830-085552-resnet18_vcaV2-224/checkpoint/checkpoint-35.pth.tar', 52.31)
 ('./output/train/20250830-085552-resnet18_vcaV2-224/checkpoint/checkpoint-24.pth.tar', 52.16)
 ('./output/train/20250830-085552-resnet18_vcaV2-224/checkpoint/checkpoint-31.pth.tar', 51.89)
 ('./output/train/20250830-085552-resnet18_vcaV2-224/checkpoint/checkpoint-30.pth.tar', 51.37)
 ('./output/train/20250830-085552-resnet18_vcaV2-224/checkpoint/checkpoint-33.pth.tar', 51.29)
 ('./output/train/20250830-085552-resnet18_vcaV2-224/checkpoint/checkpoint-36.pth.tar', 51.28)
 ('./output/train/20250830-085552-resnet18_vcaV2-224/checkpoint/checkpoint-38.pth.tar', 51.28)
 ('./output/train/20250830-085552-resnet18_vcaV2-224/checkpoint/checkpoint-39.pth.tar', 50.59)
 ('./output/train/20250830-085552-resnet18_vcaV2-224/checkpoint/checkpoint-28.pth.tar', 50.31)
 ('./output/train/20250830-085552-resnet18_vcaV2-224/checkpoint/checkpoint-23.pth.tar', 50.19)

2025-08-30 10:39:12,844 -                train: [    INFO] - Train: 40 [   0/391 (  0%)]  Loss: 270.5 (271.)  Loss_cat: 1.032 (1.03)  Loss_feat: 267.4 (267.)  Loss_gt: 2.139 (2.14) LR: 5.000e-02
2025-08-30 10:40:21,556 -                train: [    INFO] - Train: 40 [ 200/391 ( 51%)]  Loss: 278.9 (275.)  Loss_cat: 1.076 (1.05)  Loss_feat: 275.5 (272.)  Loss_gt: 2.343 (2.29) LR: 5.000e-02
2025-08-30 10:41:26,962 -                train: [    INFO] - Train: 40 [ 390/391 (100%)]  Loss: 276.7 (276.)  Loss_cat: 1.056 (1.06)  Loss_feat: 273.4 (273.)  Loss_gt: 2.250 (2.32) LR: 5.000e-02
2025-08-30 10:41:27,838 -                train: [    INFO] - Test: [   0/39]  Time: 0.547 (0.547)  Loss:  2.0838 (2.0838)  Acc@1: 51.1719 (51.1719)  Acc@5: 77.7344 (77.7344)
2025-08-30 10:41:59,159 -                train: [    INFO] - Test: [  39/39]  Time: 0.032 (0.797)  Loss:  2.3044 (2.3163)  Acc@1: 43.7500 (47.3000)  Acc@5: 87.5000 (73.1700)
2025-08-30 10:42:01,497 -                train: [    INFO] - Train: 41 [   0/391 (  0%)]  Loss: 274.1 (274.)  Loss_cat: 1.055 (1.06)  Loss_feat: 270.7 (271.)  Loss_gt: 2.339 (2.34) LR: 5.000e-02
2025-08-30 10:43:10,681 -                train: [    INFO] - Train: 41 [ 200/391 ( 51%)]  Loss: 274.8 (274.)  Loss_cat: 1.058 (1.05)  Loss_feat: 271.4 (270.)  Loss_gt: 2.299 (2.29) LR: 5.000e-02
2025-08-30 10:44:16,012 -                train: [    INFO] - Train: 41 [ 390/391 (100%)]  Loss: 275.3 (275.)  Loss_cat: 1.072 (1.06)  Loss_feat: 271.9 (271.)  Loss_gt: 2.338 (2.32) LR: 5.000e-02
2025-08-30 10:44:16,637 -                train: [    INFO] - Test: [   0/39]  Time: 0.562 (0.562)  Loss:  1.8486 (1.8486)  Acc@1: 59.3750 (59.3750)  Acc@5: 77.7344 (77.7344)
2025-08-30 10:44:34,291 -                train: [    INFO] - Test: [  39/39]  Time: 0.023 (0.455)  Loss:  1.8164 (2.1620)  Acc@1: 56.2500 (50.0000)  Acc@5: 87.5000 (75.5600)
2025-08-30 10:44:35,688 -                train: [    INFO] - Train: 42 [   0/391 (  0%)]  Loss: 272.8 (273.)  Loss_cat: 1.054 (1.05)  Loss_feat: 269.6 (270.)  Loss_gt: 2.220 (2.22) LR: 5.000e-02
2025-08-30 10:45:45,014 -                train: [    INFO] - Train: 42 [ 200/391 ( 51%)]  Loss: 274.1 (272.)  Loss_cat: 1.055 (1.05)  Loss_feat: 270.6 (269.)  Loss_gt: 2.413 (2.29) LR: 5.000e-02
2025-08-30 10:46:50,465 -                train: [    INFO] - Train: 42 [ 390/391 (100%)]  Loss: 274.5 (273.)  Loss_cat: 1.104 (1.05)  Loss_feat: 270.9 (270.)  Loss_gt: 2.526 (2.31) LR: 5.000e-02
2025-08-30 10:46:51,283 -                train: [    INFO] - Test: [   0/39]  Time: 0.730 (0.730)  Loss:  2.1515 (2.1515)  Acc@1: 51.5625 (51.5625)  Acc@5: 75.3906 (75.3906)
2025-08-30 10:47:13,686 -                train: [    INFO] - Test: [  39/39]  Time: 0.023 (0.578)  Loss:  2.1571 (2.2124)  Acc@1: 43.7500 (48.9300)  Acc@5: 75.0000 (75.1600)
2025-08-30 10:47:15,122 -                train: [    INFO] - Train: 43 [   0/391 (  0%)]  Loss: 270.6 (271.)  Loss_cat: 1.047 (1.05)  Loss_feat: 267.3 (267.)  Loss_gt: 2.277 (2.28) LR: 5.000e-02
2025-08-30 10:48:26,816 -                train: [    INFO] - Train: 43 [ 200/391 ( 51%)]  Loss: 272.5 (271.)  Loss_cat: 1.083 (1.05)  Loss_feat: 269.1 (268.)  Loss_gt: 2.330 (2.30) LR: 5.000e-02
2025-08-30 10:49:34,929 -                train: [    INFO] - Train: 43 [ 390/391 (100%)]  Loss: 274.5 (272.)  Loss_cat: 1.097 (1.06)  Loss_feat: 271.1 (268.)  Loss_gt: 2.294 (2.32) LR: 5.000e-02
2025-08-30 10:49:35,587 -                train: [    INFO] - Test: [   0/39]  Time: 0.583 (0.583)  Loss:  2.5684 (2.5684)  Acc@1: 44.9219 (44.9219)  Acc@5: 64.4531 (64.4531)
2025-08-30 10:49:58,641 -                train: [    INFO] - Test: [  39/39]  Time: 0.023 (0.591)  Loss:  1.9320 (2.2201)  Acc@1: 50.0000 (48.7700)  Acc@5: 93.7500 (74.5900)
2025-08-30 10:50:00,061 -                train: [    INFO] - Train: 44 [   0/391 (  0%)]  Loss: 274.2 (274.)  Loss_cat: 1.123 (1.12)  Loss_feat: 270.8 (271.)  Loss_gt: 2.270 (2.27) LR: 5.000e-02
2025-08-30 10:51:09,195 -                train: [    INFO] - Train: 44 [ 200/391 ( 51%)]  Loss: 268.1 (269.)  Loss_cat: 1.060 (1.04)  Loss_feat: 264.8 (266.)  Loss_gt: 2.251 (2.29) LR: 5.000e-02
2025-08-30 10:52:19,989 -                train: [    INFO] - Train: 44 [ 390/391 (100%)]  Loss: 270.7 (270.)  Loss_cat: 1.112 (1.05)  Loss_feat: 267.3 (267.)  Loss_gt: 2.256 (2.31) LR: 5.000e-02
2025-08-30 10:52:20,614 -                train: [    INFO] - Test: [   0/39]  Time: 0.561 (0.561)  Loss:  2.5282 (2.5282)  Acc@1: 50.0000 (50.0000)  Acc@5: 68.7500 (68.7500)
2025-08-30 10:52:42,120 -                train: [    INFO] - Test: [  39/39]  Time: 0.026 (0.552)  Loss:  3.9639 (2.3388)  Acc@1: 31.2500 (46.8700)  Acc@5: 56.2500 (71.9400)
2025-08-30 10:52:43,576 -                train: [    INFO] - Train: 45 [   0/391 (  0%)]  Loss: 269.9 (270.)  Loss_cat: 1.067 (1.07)  Loss_feat: 266.5 (267.)  Loss_gt: 2.321 (2.32) LR: 5.000e-02
2025-08-30 10:53:56,875 -                train: [    INFO] - Train: 45 [ 200/391 ( 51%)]  Loss: 276.0 (268.)  Loss_cat: 1.094 (1.05)  Loss_feat: 272.3 (265.)  Loss_gt: 2.598 (2.30) LR: 5.000e-02
2025-08-30 10:55:03,174 -                train: [    INFO] - Train: 45 [ 390/391 (100%)]  Loss: 271.5 (268.)  Loss_cat: 1.098 (1.05)  Loss_feat: 268.1 (265.)  Loss_gt: 2.356 (2.31) LR: 5.000e-02
2025-08-30 10:55:03,804 -                train: [    INFO] - Test: [   0/39]  Time: 0.555 (0.555)  Loss:  2.0717 (2.0717)  Acc@1: 54.2969 (54.2969)  Acc@5: 75.3906 (75.3906)
2025-08-30 10:55:22,011 -                train: [    INFO] - Test: [  39/39]  Time: 0.024 (0.469)  Loss:  2.6367 (2.1165)  Acc@1: 37.5000 (51.3600)  Acc@5: 75.0000 (76.6800)
2025-08-30 10:55:22,387 - timm.utils.checkpoint_saver: [    INFO] - Current checkpoints:
 ('./output/train/20250830-085552-resnet18_vcaV2-224/checkpoint/checkpoint-35.pth.tar', 52.31)
 ('./output/train/20250830-085552-resnet18_vcaV2-224/checkpoint/checkpoint-24.pth.tar', 52.16)
 ('./output/train/20250830-085552-resnet18_vcaV2-224/checkpoint/checkpoint-31.pth.tar', 51.89)
 ('./output/train/20250830-085552-resnet18_vcaV2-224/checkpoint/checkpoint-30.pth.tar', 51.37)
 ('./output/train/20250830-085552-resnet18_vcaV2-224/checkpoint/checkpoint-45.pth.tar', 51.36)
 ('./output/train/20250830-085552-resnet18_vcaV2-224/checkpoint/checkpoint-33.pth.tar', 51.29)
 ('./output/train/20250830-085552-resnet18_vcaV2-224/checkpoint/checkpoint-36.pth.tar', 51.28)
 ('./output/train/20250830-085552-resnet18_vcaV2-224/checkpoint/checkpoint-38.pth.tar', 51.28)
 ('./output/train/20250830-085552-resnet18_vcaV2-224/checkpoint/checkpoint-39.pth.tar', 50.59)
 ('./output/train/20250830-085552-resnet18_vcaV2-224/checkpoint/checkpoint-28.pth.tar', 50.31)

2025-08-30 10:55:23,482 -                train: [    INFO] - Train: 46 [   0/391 (  0%)]  Loss: 267.4 (267.)  Loss_cat: 1.044 (1.04)  Loss_feat: 264.2 (264.)  Loss_gt: 2.180 (2.18) LR: 5.000e-02
2025-08-30 10:56:32,583 -                train: [    INFO] - Train: 46 [ 200/391 ( 51%)]  Loss: 270.3 (266.)  Loss_cat: 1.076 (1.04)  Loss_feat: 266.8 (263.)  Loss_gt: 2.387 (2.29) LR: 5.000e-02
2025-08-30 10:57:38,423 -                train: [    INFO] - Train: 46 [ 390/391 (100%)]  Loss: 265.0 (267.)  Loss_cat: 1.042 (1.05)  Loss_feat: 261.8 (263.)  Loss_gt: 2.148 (2.30) LR: 5.000e-02
2025-08-30 10:57:39,058 -                train: [    INFO] - Test: [   0/39]  Time: 0.576 (0.576)  Loss:  1.5278 (1.5278)  Acc@1: 65.6250 (65.6250)  Acc@5: 83.9844 (83.9844)
2025-08-30 10:57:58,590 -                train: [    INFO] - Test: [  39/39]  Time: 0.027 (0.503)  Loss:  2.3231 (2.0538)  Acc@1: 50.0000 (52.7900)  Acc@5: 81.2500 (77.7600)
2025-08-30 10:57:58,939 - timm.utils.checkpoint_saver: [    INFO] - Current checkpoints:
 ('./output/train/20250830-085552-resnet18_vcaV2-224/checkpoint/checkpoint-46.pth.tar', 52.79)
 ('./output/train/20250830-085552-resnet18_vcaV2-224/checkpoint/checkpoint-35.pth.tar', 52.31)
 ('./output/train/20250830-085552-resnet18_vcaV2-224/checkpoint/checkpoint-24.pth.tar', 52.16)
 ('./output/train/20250830-085552-resnet18_vcaV2-224/checkpoint/checkpoint-31.pth.tar', 51.89)
 ('./output/train/20250830-085552-resnet18_vcaV2-224/checkpoint/checkpoint-30.pth.tar', 51.37)
 ('./output/train/20250830-085552-resnet18_vcaV2-224/checkpoint/checkpoint-45.pth.tar', 51.36)
 ('./output/train/20250830-085552-resnet18_vcaV2-224/checkpoint/checkpoint-33.pth.tar', 51.29)
 ('./output/train/20250830-085552-resnet18_vcaV2-224/checkpoint/checkpoint-36.pth.tar', 51.28)
 ('./output/train/20250830-085552-resnet18_vcaV2-224/checkpoint/checkpoint-38.pth.tar', 51.28)
 ('./output/train/20250830-085552-resnet18_vcaV2-224/checkpoint/checkpoint-39.pth.tar', 50.59)

2025-08-30 10:58:00,000 -                train: [    INFO] - Train: 47 [   0/391 (  0%)]  Loss: 264.7 (265.)  Loss_cat: 1.059 (1.06)  Loss_feat: 261.5 (262.)  Loss_gt: 2.167 (2.17) LR: 5.000e-02
2025-08-30 10:59:09,258 -                train: [    INFO] - Train: 47 [ 200/391 ( 51%)]  Loss: 268.3 (264.)  Loss_cat: 1.047 (1.04)  Loss_feat: 264.9 (261.)  Loss_gt: 2.363 (2.28) LR: 5.000e-02
2025-08-30 11:00:14,925 -                train: [    INFO] - Train: 47 [ 390/391 (100%)]  Loss: 266.5 (265.)  Loss_cat: 1.032 (1.05)  Loss_feat: 263.0 (262.)  Loss_gt: 2.457 (2.31) LR: 5.000e-02
2025-08-30 11:00:15,534 -                train: [    INFO] - Test: [   0/39]  Time: 0.556 (0.556)  Loss:  1.7477 (1.7477)  Acc@1: 60.5469 (60.5469)  Acc@5: 80.4688 (80.4688)
2025-08-30 11:00:35,887 -                train: [    INFO] - Test: [  39/39]  Time: 0.085 (0.523)  Loss:  2.1497 (2.1147)  Acc@1: 50.0000 (51.4700)  Acc@5: 87.5000 (75.9700)
2025-08-30 11:00:36,244 - timm.utils.checkpoint_saver: [    INFO] - Current checkpoints:
 ('./output/train/20250830-085552-resnet18_vcaV2-224/checkpoint/checkpoint-46.pth.tar', 52.79)
 ('./output/train/20250830-085552-resnet18_vcaV2-224/checkpoint/checkpoint-35.pth.tar', 52.31)
 ('./output/train/20250830-085552-resnet18_vcaV2-224/checkpoint/checkpoint-24.pth.tar', 52.16)
 ('./output/train/20250830-085552-resnet18_vcaV2-224/checkpoint/checkpoint-31.pth.tar', 51.89)
 ('./output/train/20250830-085552-resnet18_vcaV2-224/checkpoint/checkpoint-47.pth.tar', 51.47)
 ('./output/train/20250830-085552-resnet18_vcaV2-224/checkpoint/checkpoint-30.pth.tar', 51.37)
 ('./output/train/20250830-085552-resnet18_vcaV2-224/checkpoint/checkpoint-45.pth.tar', 51.36)
 ('./output/train/20250830-085552-resnet18_vcaV2-224/checkpoint/checkpoint-33.pth.tar', 51.29)
 ('./output/train/20250830-085552-resnet18_vcaV2-224/checkpoint/checkpoint-36.pth.tar', 51.28)
 ('./output/train/20250830-085552-resnet18_vcaV2-224/checkpoint/checkpoint-38.pth.tar', 51.28)

2025-08-30 11:00:37,310 -                train: [    INFO] - Train: 48 [   0/391 (  0%)]  Loss: 265.4 (265.)  Loss_cat: 1.060 (1.06)  Loss_feat: 261.9 (262.)  Loss_gt: 2.398 (2.40) LR: 5.000e-02
2025-08-30 11:01:46,714 -                train: [    INFO] - Train: 48 [ 200/391 ( 51%)]  Loss: 261.7 (263.)  Loss_cat: 1.019 (1.04)  Loss_feat: 258.5 (260.)  Loss_gt: 2.218 (2.28) LR: 5.000e-02
2025-08-30 11:02:52,644 -                train: [    INFO] - Train: 48 [ 390/391 (100%)]  Loss: 265.1 (264.)  Loss_cat: 1.080 (1.05)  Loss_feat: 261.7 (260.)  Loss_gt: 2.339 (2.31) LR: 5.000e-02
2025-08-30 11:02:53,245 -                train: [    INFO] - Test: [   0/39]  Time: 0.540 (0.540)  Loss:  2.0762 (2.0762)  Acc@1: 55.0781 (55.0781)  Acc@5: 76.5625 (76.5625)
2025-08-30 11:03:12,727 -                train: [    INFO] - Test: [  39/39]  Time: 0.028 (0.501)  Loss:  2.4510 (2.1174)  Acc@1: 43.7500 (51.4100)  Acc@5: 75.0000 (76.9000)
2025-08-30 11:03:13,166 - timm.utils.checkpoint_saver: [    INFO] - Current checkpoints:
 ('./output/train/20250830-085552-resnet18_vcaV2-224/checkpoint/checkpoint-46.pth.tar', 52.79)
 ('./output/train/20250830-085552-resnet18_vcaV2-224/checkpoint/checkpoint-35.pth.tar', 52.31)
 ('./output/train/20250830-085552-resnet18_vcaV2-224/checkpoint/checkpoint-24.pth.tar', 52.16)
 ('./output/train/20250830-085552-resnet18_vcaV2-224/checkpoint/checkpoint-31.pth.tar', 51.89)
 ('./output/train/20250830-085552-resnet18_vcaV2-224/checkpoint/checkpoint-47.pth.tar', 51.47)
 ('./output/train/20250830-085552-resnet18_vcaV2-224/checkpoint/checkpoint-48.pth.tar', 51.41)
 ('./output/train/20250830-085552-resnet18_vcaV2-224/checkpoint/checkpoint-30.pth.tar', 51.37)
 ('./output/train/20250830-085552-resnet18_vcaV2-224/checkpoint/checkpoint-45.pth.tar', 51.36)
 ('./output/train/20250830-085552-resnet18_vcaV2-224/checkpoint/checkpoint-33.pth.tar', 51.29)
 ('./output/train/20250830-085552-resnet18_vcaV2-224/checkpoint/checkpoint-36.pth.tar', 51.28)

2025-08-30 11:03:14,494 -                train: [    INFO] - Train: 49 [   0/391 (  0%)]  Loss: 263.5 (264.)  Loss_cat: 1.061 (1.06)  Loss_feat: 260.1 (260.)  Loss_gt: 2.336 (2.34) LR: 5.000e-02
2025-08-30 11:04:24,004 -                train: [    INFO] - Train: 49 [ 200/391 ( 51%)]  Loss: 263.3 (261.)  Loss_cat: 1.052 (1.04)  Loss_feat: 260.0 (258.)  Loss_gt: 2.263 (2.28) LR: 5.000e-02
2025-08-30 11:05:29,881 -                train: [    INFO] - Train: 49 [ 390/391 (100%)]  Loss: 269.1 (262.)  Loss_cat: 1.120 (1.05)  Loss_feat: 265.5 (259.)  Loss_gt: 2.463 (2.31) LR: 5.000e-02
2025-08-30 11:05:30,466 -                train: [    INFO] - Test: [   0/39]  Time: 0.537 (0.537)  Loss:  1.7429 (1.7429)  Acc@1: 57.0312 (57.0312)  Acc@5: 82.8125 (82.8125)
2025-08-30 11:05:47,424 -                train: [    INFO] - Test: [  39/39]  Time: 0.023 (0.437)  Loss:  2.1876 (2.0387)  Acc@1: 56.2500 (52.6200)  Acc@5: 75.0000 (78.0000)
2025-08-30 11:05:47,727 - timm.utils.checkpoint_saver: [    INFO] - Current checkpoints:
 ('./output/train/20250830-085552-resnet18_vcaV2-224/checkpoint/checkpoint-46.pth.tar', 52.79)
 ('./output/train/20250830-085552-resnet18_vcaV2-224/checkpoint/checkpoint-49.pth.tar', 52.62)
 ('./output/train/20250830-085552-resnet18_vcaV2-224/checkpoint/checkpoint-35.pth.tar', 52.31)
 ('./output/train/20250830-085552-resnet18_vcaV2-224/checkpoint/checkpoint-24.pth.tar', 52.16)
 ('./output/train/20250830-085552-resnet18_vcaV2-224/checkpoint/checkpoint-31.pth.tar', 51.89)
 ('./output/train/20250830-085552-resnet18_vcaV2-224/checkpoint/checkpoint-47.pth.tar', 51.47)
 ('./output/train/20250830-085552-resnet18_vcaV2-224/checkpoint/checkpoint-48.pth.tar', 51.41)
 ('./output/train/20250830-085552-resnet18_vcaV2-224/checkpoint/checkpoint-30.pth.tar', 51.37)
 ('./output/train/20250830-085552-resnet18_vcaV2-224/checkpoint/checkpoint-45.pth.tar', 51.36)
 ('./output/train/20250830-085552-resnet18_vcaV2-224/checkpoint/checkpoint-33.pth.tar', 51.29)

2025-08-30 11:05:48,826 -                train: [    INFO] - Train: 50 [   0/391 (  0%)]  Loss: 260.0 (260.)  Loss_cat: 1.027 (1.03)  Loss_feat: 256.8 (257.)  Loss_gt: 2.246 (2.25) LR: 5.000e-02
2025-08-30 11:06:57,945 -                train: [    INFO] - Train: 50 [ 200/391 ( 51%)]  Loss: 262.2 (259.)  Loss_cat: 1.070 (1.04)  Loss_feat: 258.7 (256.)  Loss_gt: 2.374 (2.28) LR: 5.000e-02
2025-08-30 11:08:03,863 -                train: [    INFO] - Train: 50 [ 390/391 (100%)]  Loss: 261.3 (260.)  Loss_cat: 1.044 (1.05)  Loss_feat: 257.9 (257.)  Loss_gt: 2.325 (2.30) LR: 5.000e-02
2025-08-30 11:08:04,510 -                train: [    INFO] - Test: [   0/39]  Time: 0.596 (0.596)  Loss:  2.1542 (2.1542)  Acc@1: 56.2500 (56.2500)  Acc@5: 76.1719 (76.1719)
2025-08-30 11:08:21,627 -                train: [    INFO] - Test: [  39/39]  Time: 0.023 (0.443)  Loss:  3.3752 (2.1447)  Acc@1: 25.0000 (51.1400)  Acc@5: 50.0000 (76.3500)
2025-08-30 11:08:23,046 -                train: [    INFO] - Train: 51 [   0/391 (  0%)]  Loss: 257.7 (258.)  Loss_cat: 1.037 (1.04)  Loss_feat: 254.4 (254.)  Loss_gt: 2.208 (2.21) LR: 5.000e-02
2025-08-30 11:09:32,898 -                train: [    INFO] - Train: 51 [ 200/391 ( 51%)]  Loss: 261.4 (257.)  Loss_cat: 1.041 (1.03)  Loss_feat: 258.0 (254.)  Loss_gt: 2.353 (2.27) LR: 5.000e-02
2025-08-30 11:10:42,672 -                train: [    INFO] - Train: 51 [ 390/391 (100%)]  Loss: 259.0 (258.)  Loss_cat: 1.028 (1.05)  Loss_feat: 255.6 (255.)  Loss_gt: 2.310 (2.30) LR: 5.000e-02
2025-08-30 11:10:43,676 -                train: [    INFO] - Test: [   0/39]  Time: 0.907 (0.907)  Loss:  1.9734 (1.9734)  Acc@1: 52.7344 (52.7344)  Acc@5: 79.2969 (79.2969)
2025-08-30 11:11:13,099 -                train: [    INFO] - Test: [  39/39]  Time: 0.050 (0.758)  Loss:  2.2060 (2.1191)  Acc@1: 50.0000 (50.5900)  Acc@5: 87.5000 (76.7200)
2025-08-30 11:11:15,705 -                train: [    INFO] - Train: 52 [   0/391 (  0%)]  Loss: 257.2 (257.)  Loss_cat: 1.050 (1.05)  Loss_feat: 253.8 (254.)  Loss_gt: 2.392 (2.39) LR: 5.000e-02
2025-08-30 11:12:31,629 -                train: [    INFO] - Train: 52 [ 200/391 ( 51%)]  Loss: 250.1 (256.)  Loss_cat: 1.018 (1.04)  Loss_feat: 246.9 (253.)  Loss_gt: 2.173 (2.28) LR: 5.000e-02
2025-08-30 11:13:39,380 -                train: [    INFO] - Train: 52 [ 390/391 (100%)]  Loss: 266.0 (257.)  Loss_cat: 1.144 (1.05)  Loss_feat: 262.3 (253.)  Loss_gt: 2.544 (2.30) LR: 5.000e-02
2025-08-30 11:13:40,174 -                train: [    INFO] - Test: [   0/39]  Time: 0.692 (0.692)  Loss:  1.4872 (1.4872)  Acc@1: 66.4062 (66.4062)  Acc@5: 86.7188 (86.7188)
2025-08-30 11:14:08,105 -                train: [    INFO] - Test: [  39/39]  Time: 0.025 (0.716)  Loss:  3.6227 (2.0063)  Acc@1: 31.2500 (53.8300)  Acc@5: 50.0000 (78.3300)
2025-08-30 11:14:08,435 - timm.utils.checkpoint_saver: [    INFO] - Current checkpoints:
 ('./output/train/20250830-085552-resnet18_vcaV2-224/checkpoint/checkpoint-52.pth.tar', 53.83)
 ('./output/train/20250830-085552-resnet18_vcaV2-224/checkpoint/checkpoint-46.pth.tar', 52.79)
 ('./output/train/20250830-085552-resnet18_vcaV2-224/checkpoint/checkpoint-49.pth.tar', 52.62)
 ('./output/train/20250830-085552-resnet18_vcaV2-224/checkpoint/checkpoint-35.pth.tar', 52.31)
 ('./output/train/20250830-085552-resnet18_vcaV2-224/checkpoint/checkpoint-24.pth.tar', 52.16)
 ('./output/train/20250830-085552-resnet18_vcaV2-224/checkpoint/checkpoint-31.pth.tar', 51.89)
 ('./output/train/20250830-085552-resnet18_vcaV2-224/checkpoint/checkpoint-47.pth.tar', 51.47)
 ('./output/train/20250830-085552-resnet18_vcaV2-224/checkpoint/checkpoint-48.pth.tar', 51.41)
 ('./output/train/20250830-085552-resnet18_vcaV2-224/checkpoint/checkpoint-30.pth.tar', 51.37)
 ('./output/train/20250830-085552-resnet18_vcaV2-224/checkpoint/checkpoint-45.pth.tar', 51.36)

2025-08-30 11:14:09,840 -                train: [    INFO] - Train: 53 [   0/391 (  0%)]  Loss: 260.1 (260.)  Loss_cat: 1.080 (1.08)  Loss_feat: 256.5 (256.)  Loss_gt: 2.490 (2.49) LR: 5.000e-02
2025-08-30 11:15:20,971 -                train: [    INFO] - Train: 53 [ 200/391 ( 51%)]  Loss: 253.8 (254.)  Loss_cat: 1.044 (1.03)  Loss_feat: 250.4 (250.)  Loss_gt: 2.305 (2.27) LR: 5.000e-02
2025-08-30 11:16:27,504 -                train: [    INFO] - Train: 53 [ 390/391 (100%)]  Loss: 255.3 (255.)  Loss_cat: 1.040 (1.04)  Loss_feat: 251.9 (251.)  Loss_gt: 2.306 (2.30) LR: 5.000e-02
2025-08-30 11:16:28,154 -                train: [    INFO] - Test: [   0/39]  Time: 0.586 (0.586)  Loss:  2.1815 (2.1815)  Acc@1: 50.3906 (50.3906)  Acc@5: 72.6562 (72.6562)
2025-08-30 11:16:49,677 -                train: [    INFO] - Test: [  39/39]  Time: 0.652 (0.553)  Loss:  3.0076 (2.1505)  Acc@1: 31.2500 (50.8400)  Acc@5: 75.0000 (75.6900)
2025-08-30 11:16:51,233 -                train: [    INFO] - Train: 54 [   0/391 (  0%)]  Loss: 252.5 (253.)  Loss_cat: 1.055 (1.06)  Loss_feat: 249.2 (249.)  Loss_gt: 2.297 (2.30) LR: 5.000e-02
2025-08-30 11:18:01,491 -                train: [    INFO] - Train: 54 [ 200/391 ( 51%)]  Loss: 251.6 (252.)  Loss_cat: 1.032 (1.04)  Loss_feat: 248.3 (249.)  Loss_gt: 2.319 (2.27) LR: 5.000e-02
2025-08-30 11:19:07,842 -                train: [    INFO] - Train: 54 [ 390/391 (100%)]  Loss: 250.5 (253.)  Loss_cat: 1.030 (1.05)  Loss_feat: 247.3 (250.)  Loss_gt: 2.139 (2.30) LR: 5.000e-02
2025-08-30 11:19:08,544 -                train: [    INFO] - Test: [   0/39]  Time: 0.623 (0.623)  Loss:  1.7812 (1.7812)  Acc@1: 59.7656 (59.7656)  Acc@5: 78.9062 (78.9062)
2025-08-30 11:19:27,803 -                train: [    INFO] - Test: [  39/39]  Time: 0.024 (0.497)  Loss:  2.6875 (2.0935)  Acc@1: 43.7500 (51.4100)  Acc@5: 75.0000 (76.7300)
2025-08-30 11:19:28,138 - timm.utils.checkpoint_saver: [    INFO] - Current checkpoints:
 ('./output/train/20250830-085552-resnet18_vcaV2-224/checkpoint/checkpoint-52.pth.tar', 53.83)
 ('./output/train/20250830-085552-resnet18_vcaV2-224/checkpoint/checkpoint-46.pth.tar', 52.79)
 ('./output/train/20250830-085552-resnet18_vcaV2-224/checkpoint/checkpoint-49.pth.tar', 52.62)
 ('./output/train/20250830-085552-resnet18_vcaV2-224/checkpoint/checkpoint-35.pth.tar', 52.31)
 ('./output/train/20250830-085552-resnet18_vcaV2-224/checkpoint/checkpoint-24.pth.tar', 52.16)
 ('./output/train/20250830-085552-resnet18_vcaV2-224/checkpoint/checkpoint-31.pth.tar', 51.89)
 ('./output/train/20250830-085552-resnet18_vcaV2-224/checkpoint/checkpoint-47.pth.tar', 51.47)
 ('./output/train/20250830-085552-resnet18_vcaV2-224/checkpoint/checkpoint-48.pth.tar', 51.41)
 ('./output/train/20250830-085552-resnet18_vcaV2-224/checkpoint/checkpoint-54.pth.tar', 51.41)
 ('./output/train/20250830-085552-resnet18_vcaV2-224/checkpoint/checkpoint-30.pth.tar', 51.37)

2025-08-30 11:19:29,301 -                train: [    INFO] - Train: 55 [   0/391 (  0%)]  Loss: 249.7 (250.)  Loss_cat: 0.9995 (0.999)  Loss_feat: 246.6 (247.)  Loss_gt: 2.170 (2.17) LR: 5.000e-02
2025-08-30 11:20:39,464 -                train: [    INFO] - Train: 55 [ 200/391 ( 51%)]  Loss: 253.5 (250.)  Loss_cat: 1.045 (1.03)  Loss_feat: 250.1 (247.)  Loss_gt: 2.281 (2.27) LR: 5.000e-02
2025-08-30 11:21:45,931 -                train: [    INFO] - Train: 55 [ 390/391 (100%)]  Loss: 251.9 (251.)  Loss_cat: 1.107 (1.05)  Loss_feat: 248.5 (248.)  Loss_gt: 2.262 (2.30) LR: 5.000e-02
2025-08-30 11:21:46,579 -                train: [    INFO] - Test: [   0/39]  Time: 0.581 (0.581)  Loss:  1.9730 (1.9730)  Acc@1: 56.2500 (56.2500)  Acc@5: 78.5156 (78.5156)
2025-08-30 11:22:04,700 -                train: [    INFO] - Test: [  39/39]  Time: 0.024 (0.468)  Loss:  1.9857 (2.1143)  Acc@1: 56.2500 (50.9500)  Acc@5: 81.2500 (76.6500)
2025-08-30 11:22:06,146 -                train: [    INFO] - Train: 56 [   0/391 (  0%)]  Loss: 246.4 (246.)  Loss_cat: 1.016 (1.02)  Loss_feat: 243.3 (243.)  Loss_gt: 2.104 (2.10) LR: 5.000e-02
2025-08-30 11:23:16,224 -                train: [    INFO] - Train: 56 [ 200/391 ( 51%)]  Loss: 249.0 (249.)  Loss_cat: 1.035 (1.03)  Loss_feat: 245.7 (245.)  Loss_gt: 2.250 (2.27) LR: 5.000e-02
2025-08-30 11:24:22,968 -                train: [    INFO] - Train: 56 [ 390/391 (100%)]  Loss: 251.5 (249.)  Loss_cat: 1.077 (1.04)  Loss_feat: 248.0 (246.)  Loss_gt: 2.429 (2.29) LR: 5.000e-02
2025-08-30 11:24:23,629 -                train: [    INFO] - Test: [   0/39]  Time: 0.597 (0.597)  Loss:  1.8231 (1.8231)  Acc@1: 58.5938 (58.5938)  Acc@5: 77.7344 (77.7344)
2025-08-30 11:24:42,474 -                train: [    INFO] - Test: [  39/39]  Time: 0.024 (0.486)  Loss:  2.6435 (2.0608)  Acc@1: 43.7500 (52.3500)  Acc@5: 75.0000 (77.1500)
2025-08-30 11:24:42,783 - timm.utils.checkpoint_saver: [    INFO] - Current checkpoints:
 ('./output/train/20250830-085552-resnet18_vcaV2-224/checkpoint/checkpoint-52.pth.tar', 53.83)
 ('./output/train/20250830-085552-resnet18_vcaV2-224/checkpoint/checkpoint-46.pth.tar', 52.79)
 ('./output/train/20250830-085552-resnet18_vcaV2-224/checkpoint/checkpoint-49.pth.tar', 52.62)
 ('./output/train/20250830-085552-resnet18_vcaV2-224/checkpoint/checkpoint-56.pth.tar', 52.35)
 ('./output/train/20250830-085552-resnet18_vcaV2-224/checkpoint/checkpoint-35.pth.tar', 52.31)
 ('./output/train/20250830-085552-resnet18_vcaV2-224/checkpoint/checkpoint-24.pth.tar', 52.16)
 ('./output/train/20250830-085552-resnet18_vcaV2-224/checkpoint/checkpoint-31.pth.tar', 51.89)
 ('./output/train/20250830-085552-resnet18_vcaV2-224/checkpoint/checkpoint-47.pth.tar', 51.47)
 ('./output/train/20250830-085552-resnet18_vcaV2-224/checkpoint/checkpoint-48.pth.tar', 51.41)
 ('./output/train/20250830-085552-resnet18_vcaV2-224/checkpoint/checkpoint-54.pth.tar', 51.41)

2025-08-30 11:24:44,038 -                train: [    INFO] - Train: 57 [   0/391 (  0%)]  Loss: 244.0 (244.)  Loss_cat: 0.9901 (0.990)  Loss_feat: 240.8 (241.)  Loss_gt: 2.195 (2.20) LR: 5.000e-02
2025-08-30 11:25:54,806 -                train: [    INFO] - Train: 57 [ 200/391 ( 51%)]  Loss: 246.7 (247.)  Loss_cat: 1.023 (1.03)  Loss_feat: 243.4 (244.)  Loss_gt: 2.283 (2.28) LR: 5.000e-02
2025-08-30 11:27:07,315 -                train: [    INFO] - Train: 57 [ 390/391 (100%)]  Loss: 247.5 (248.)  Loss_cat: 1.059 (1.04)  Loss_feat: 244.0 (244.)  Loss_gt: 2.351 (2.29) LR: 5.000e-02
2025-08-30 11:27:08,488 -                train: [    INFO] - Test: [   0/39]  Time: 1.009 (1.009)  Loss:  1.8648 (1.8648)  Acc@1: 59.7656 (59.7656)  Acc@5: 78.5156 (78.5156)
2025-08-30 11:27:44,627 -                train: [    INFO] - Test: [  39/39]  Time: 0.052 (0.929)  Loss:  2.0896 (1.9846)  Acc@1: 50.0000 (53.4200)  Acc@5: 81.2500 (78.7100)
2025-08-30 11:27:45,012 - timm.utils.checkpoint_saver: [    INFO] - Current checkpoints:
 ('./output/train/20250830-085552-resnet18_vcaV2-224/checkpoint/checkpoint-52.pth.tar', 53.83)
 ('./output/train/20250830-085552-resnet18_vcaV2-224/checkpoint/checkpoint-57.pth.tar', 53.42)
 ('./output/train/20250830-085552-resnet18_vcaV2-224/checkpoint/checkpoint-46.pth.tar', 52.79)
 ('./output/train/20250830-085552-resnet18_vcaV2-224/checkpoint/checkpoint-49.pth.tar', 52.62)
 ('./output/train/20250830-085552-resnet18_vcaV2-224/checkpoint/checkpoint-56.pth.tar', 52.35)
 ('./output/train/20250830-085552-resnet18_vcaV2-224/checkpoint/checkpoint-35.pth.tar', 52.31)
 ('./output/train/20250830-085552-resnet18_vcaV2-224/checkpoint/checkpoint-24.pth.tar', 52.16)
 ('./output/train/20250830-085552-resnet18_vcaV2-224/checkpoint/checkpoint-31.pth.tar', 51.89)
 ('./output/train/20250830-085552-resnet18_vcaV2-224/checkpoint/checkpoint-47.pth.tar', 51.47)
 ('./output/train/20250830-085552-resnet18_vcaV2-224/checkpoint/checkpoint-48.pth.tar', 51.41)

2025-08-30 11:27:46,977 -                train: [    INFO] - Train: 58 [   0/391 (  0%)]  Loss: 247.6 (248.)  Loss_cat: 1.040 (1.04)  Loss_feat: 244.2 (244.)  Loss_gt: 2.402 (2.40) LR: 5.000e-02
2025-08-30 11:29:01,725 -                train: [    INFO] - Train: 58 [ 200/391 ( 51%)]  Loss: 246.6 (245.)  Loss_cat: 1.051 (1.03)  Loss_feat: 243.2 (241.)  Loss_gt: 2.358 (2.26) LR: 5.000e-02
2025-08-30 11:30:09,960 -                train: [    INFO] - Train: 58 [ 390/391 (100%)]  Loss: 246.3 (246.)  Loss_cat: 1.053 (1.04)  Loss_feat: 243.0 (242.)  Loss_gt: 2.317 (2.29) LR: 5.000e-02
2025-08-30 11:30:10,596 -                train: [    INFO] - Test: [   0/39]  Time: 0.571 (0.571)  Loss:  2.2454 (2.2454)  Acc@1: 52.3438 (52.3438)  Acc@5: 73.0469 (73.0469)
2025-08-30 11:30:35,005 -                train: [    INFO] - Test: [  39/39]  Time: 0.025 (0.625)  Loss:  2.6012 (2.1892)  Acc@1: 31.2500 (49.8600)  Acc@5: 75.0000 (75.0500)
2025-08-30 11:30:36,720 -                train: [    INFO] - Train: 59 [   0/391 (  0%)]  Loss: 240.8 (241.)  Loss_cat: 1.021 (1.02)  Loss_feat: 237.5 (238.)  Loss_gt: 2.234 (2.23) LR: 5.000e-03
2025-08-30 11:31:46,902 -                train: [    INFO] - Train: 59 [ 200/391 ( 51%)]  Loss: 231.9 (233.)  Loss_cat: 0.8754 (0.896)  Loss_feat: 229.0 (231.)  Loss_gt: 2.051 (2.05) LR: 5.000e-03
2025-08-30 11:32:53,281 -                train: [    INFO] - Train: 59 [ 390/391 (100%)]  Loss: 230.0 (231.)  Loss_cat: 0.8546 (0.868)  Loss_feat: 227.1 (229.)  Loss_gt: 2.007 (2.00) LR: 5.000e-03
2025-08-30 11:32:54,020 -                train: [    INFO] - Test: [   0/39]  Time: 0.674 (0.674)  Loss:  1.1028 (1.1028)  Acc@1: 74.6094 (74.6094)  Acc@5: 90.2344 (90.2344)
2025-08-30 11:33:13,645 -                train: [    INFO] - Test: [  39/39]  Time: 0.023 (0.507)  Loss:  1.6347 (1.4786)  Acc@1: 62.5000 (64.6500)  Acc@5: 87.5000 (86.0500)
2025-08-30 11:33:14,008 - timm.utils.checkpoint_saver: [    INFO] - Current checkpoints:
 ('./output/train/20250830-085552-resnet18_vcaV2-224/checkpoint/checkpoint-59.pth.tar', 64.65)
 ('./output/train/20250830-085552-resnet18_vcaV2-224/checkpoint/checkpoint-52.pth.tar', 53.83)
 ('./output/train/20250830-085552-resnet18_vcaV2-224/checkpoint/checkpoint-57.pth.tar', 53.42)
 ('./output/train/20250830-085552-resnet18_vcaV2-224/checkpoint/checkpoint-46.pth.tar', 52.79)
 ('./output/train/20250830-085552-resnet18_vcaV2-224/checkpoint/checkpoint-49.pth.tar', 52.62)
 ('./output/train/20250830-085552-resnet18_vcaV2-224/checkpoint/checkpoint-56.pth.tar', 52.35)
 ('./output/train/20250830-085552-resnet18_vcaV2-224/checkpoint/checkpoint-35.pth.tar', 52.31)
 ('./output/train/20250830-085552-resnet18_vcaV2-224/checkpoint/checkpoint-24.pth.tar', 52.16)
 ('./output/train/20250830-085552-resnet18_vcaV2-224/checkpoint/checkpoint-31.pth.tar', 51.89)
 ('./output/train/20250830-085552-resnet18_vcaV2-224/checkpoint/checkpoint-47.pth.tar', 51.47)

2025-08-30 11:33:15,197 -                train: [    INFO] - Train: 60 [   0/391 (  0%)]  Loss: 227.1 (227.)  Loss_cat: 0.8150 (0.815)  Loss_feat: 224.4 (224.)  Loss_gt: 1.883 (1.88) LR: 5.000e-03
2025-08-30 11:34:25,668 -                train: [    INFO] - Train: 60 [ 200/391 ( 51%)]  Loss: 228.8 (226.)  Loss_cat: 0.8305 (0.813)  Loss_feat: 226.0 (223.)  Loss_gt: 1.891 (1.90) LR: 5.000e-03
2025-08-30 11:35:32,064 -                train: [    INFO] - Train: 60 [ 390/391 (100%)]  Loss: 223.5 (225.)  Loss_cat: 0.8099 (0.808)  Loss_feat: 220.8 (223.)  Loss_gt: 1.864 (1.89) LR: 5.000e-03
2025-08-30 11:35:32,821 -                train: [    INFO] - Test: [   0/39]  Time: 0.682 (0.682)  Loss:  1.0631 (1.0631)  Acc@1: 75.7812 (75.7812)  Acc@5: 91.4062 (91.4062)
2025-08-30 11:35:52,346 -                train: [    INFO] - Test: [  39/39]  Time: 0.030 (0.505)  Loss:  1.7997 (1.4247)  Acc@1: 56.2500 (65.6400)  Acc@5: 93.7500 (86.9200)
2025-08-30 11:35:52,709 - timm.utils.checkpoint_saver: [    INFO] - Current checkpoints:
 ('./output/train/20250830-085552-resnet18_vcaV2-224/checkpoint/checkpoint-60.pth.tar', 65.64)
 ('./output/train/20250830-085552-resnet18_vcaV2-224/checkpoint/checkpoint-59.pth.tar', 64.65)
 ('./output/train/20250830-085552-resnet18_vcaV2-224/checkpoint/checkpoint-52.pth.tar', 53.83)
 ('./output/train/20250830-085552-resnet18_vcaV2-224/checkpoint/checkpoint-57.pth.tar', 53.42)
 ('./output/train/20250830-085552-resnet18_vcaV2-224/checkpoint/checkpoint-46.pth.tar', 52.79)
 ('./output/train/20250830-085552-resnet18_vcaV2-224/checkpoint/checkpoint-49.pth.tar', 52.62)
 ('./output/train/20250830-085552-resnet18_vcaV2-224/checkpoint/checkpoint-56.pth.tar', 52.35)
 ('./output/train/20250830-085552-resnet18_vcaV2-224/checkpoint/checkpoint-35.pth.tar', 52.31)
 ('./output/train/20250830-085552-resnet18_vcaV2-224/checkpoint/checkpoint-24.pth.tar', 52.16)
 ('./output/train/20250830-085552-resnet18_vcaV2-224/checkpoint/checkpoint-31.pth.tar', 51.89)

2025-08-30 11:35:53,810 -                train: [    INFO] - Train: 61 [   0/391 (  0%)]  Loss: 225.6 (226.)  Loss_cat: 0.8269 (0.827)  Loss_feat: 222.9 (223.)  Loss_gt: 1.858 (1.86) LR: 5.000e-03
2025-08-30 11:37:03,877 -                train: [    INFO] - Train: 61 [ 200/391 ( 51%)]  Loss: 224.6 (222.)  Loss_cat: 0.8228 (0.788)  Loss_feat: 221.9 (219.)  Loss_gt: 1.890 (1.85) LR: 5.000e-03
2025-08-30 11:38:10,194 -                train: [    INFO] - Train: 61 [ 390/391 (100%)]  Loss: 223.5 (222.)  Loss_cat: 0.8117 (0.785)  Loss_feat: 221.0 (219.)  Loss_gt: 1.716 (1.85) LR: 5.000e-03
2025-08-30 11:38:10,820 -                train: [    INFO] - Test: [   0/39]  Time: 0.555 (0.555)  Loss:  1.0368 (1.0368)  Acc@1: 75.0000 (75.0000)  Acc@5: 91.0156 (91.0156)
2025-08-30 11:38:30,752 -                train: [    INFO] - Test: [  39/39]  Time: 0.024 (0.512)  Loss:  1.6499 (1.3976)  Acc@1: 68.7500 (66.4700)  Acc@5: 93.7500 (87.2400)
2025-08-30 11:38:31,025 - timm.utils.checkpoint_saver: [    INFO] - Current checkpoints:
 ('./output/train/20250830-085552-resnet18_vcaV2-224/checkpoint/checkpoint-61.pth.tar', 66.47)
 ('./output/train/20250830-085552-resnet18_vcaV2-224/checkpoint/checkpoint-60.pth.tar', 65.64)
 ('./output/train/20250830-085552-resnet18_vcaV2-224/checkpoint/checkpoint-59.pth.tar', 64.65)
 ('./output/train/20250830-085552-resnet18_vcaV2-224/checkpoint/checkpoint-52.pth.tar', 53.83)
 ('./output/train/20250830-085552-resnet18_vcaV2-224/checkpoint/checkpoint-57.pth.tar', 53.42)
 ('./output/train/20250830-085552-resnet18_vcaV2-224/checkpoint/checkpoint-46.pth.tar', 52.79)
 ('./output/train/20250830-085552-resnet18_vcaV2-224/checkpoint/checkpoint-49.pth.tar', 52.62)
 ('./output/train/20250830-085552-resnet18_vcaV2-224/checkpoint/checkpoint-56.pth.tar', 52.35)
 ('./output/train/20250830-085552-resnet18_vcaV2-224/checkpoint/checkpoint-35.pth.tar', 52.31)
 ('./output/train/20250830-085552-resnet18_vcaV2-224/checkpoint/checkpoint-24.pth.tar', 52.16)

2025-08-30 11:38:32,095 -                train: [    INFO] - Train: 62 [   0/391 (  0%)]  Loss: 217.6 (218.)  Loss_cat: 0.7559 (0.756)  Loss_feat: 215.1 (215.)  Loss_gt: 1.742 (1.74) LR: 5.000e-03
2025-08-30 11:39:41,893 -                train: [    INFO] - Train: 62 [ 200/391 ( 51%)]  Loss: 215.9 (219.)  Loss_cat: 0.7537 (0.771)  Loss_feat: 213.4 (217.)  Loss_gt: 1.746 (1.81) LR: 5.000e-03
2025-08-30 11:40:48,336 -                train: [    INFO] - Train: 62 [ 390/391 (100%)]  Loss: 218.4 (219.)  Loss_cat: 0.7886 (0.771)  Loss_feat: 215.8 (217.)  Loss_gt: 1.818 (1.81) LR: 5.000e-03
2025-08-30 11:40:48,938 -                train: [    INFO] - Test: [   0/39]  Time: 0.549 (0.549)  Loss:  1.0180 (1.0180)  Acc@1: 76.1719 (76.1719)  Acc@5: 90.6250 (90.6250)
2025-08-30 11:41:06,669 -                train: [    INFO] - Test: [  39/39]  Time: 0.024 (0.457)  Loss:  1.5627 (1.3817)  Acc@1: 75.0000 (66.7500)  Acc@5: 100.0000 (87.3700)
2025-08-30 11:41:07,056 - timm.utils.checkpoint_saver: [    INFO] - Current checkpoints:
 ('./output/train/20250830-085552-resnet18_vcaV2-224/checkpoint/checkpoint-62.pth.tar', 66.75)
 ('./output/train/20250830-085552-resnet18_vcaV2-224/checkpoint/checkpoint-61.pth.tar', 66.47)
 ('./output/train/20250830-085552-resnet18_vcaV2-224/checkpoint/checkpoint-60.pth.tar', 65.64)
 ('./output/train/20250830-085552-resnet18_vcaV2-224/checkpoint/checkpoint-59.pth.tar', 64.65)
 ('./output/train/20250830-085552-resnet18_vcaV2-224/checkpoint/checkpoint-52.pth.tar', 53.83)
 ('./output/train/20250830-085552-resnet18_vcaV2-224/checkpoint/checkpoint-57.pth.tar', 53.42)
 ('./output/train/20250830-085552-resnet18_vcaV2-224/checkpoint/checkpoint-46.pth.tar', 52.79)
 ('./output/train/20250830-085552-resnet18_vcaV2-224/checkpoint/checkpoint-49.pth.tar', 52.62)
 ('./output/train/20250830-085552-resnet18_vcaV2-224/checkpoint/checkpoint-56.pth.tar', 52.35)
 ('./output/train/20250830-085552-resnet18_vcaV2-224/checkpoint/checkpoint-35.pth.tar', 52.31)

2025-08-30 11:41:08,111 -                train: [    INFO] - Train: 63 [   0/391 (  0%)]  Loss: 216.4 (216.)  Loss_cat: 0.7362 (0.736)  Loss_feat: 213.9 (214.)  Loss_gt: 1.775 (1.78) LR: 5.000e-03
2025-08-30 11:42:17,881 -                train: [    INFO] - Train: 63 [ 200/391 ( 51%)]  Loss: 213.9 (216.)  Loss_cat: 0.7496 (0.759)  Loss_feat: 211.5 (214.)  Loss_gt: 1.677 (1.78) LR: 5.000e-03
2025-08-30 11:43:24,137 -                train: [    INFO] - Train: 63 [ 390/391 (100%)]  Loss: 219.0 (216.)  Loss_cat: 0.7827 (0.759)  Loss_feat: 216.2 (214.)  Loss_gt: 2.016 (1.79) LR: 5.000e-03
2025-08-30 11:43:24,843 -                train: [    INFO] - Test: [   0/39]  Time: 0.650 (0.650)  Loss:  1.0407 (1.0407)  Acc@1: 76.9531 (76.9531)  Acc@5: 89.4531 (89.4531)
2025-08-30 11:43:45,997 -                train: [    INFO] - Test: [  39/39]  Time: 0.030 (0.545)  Loss:  1.4076 (1.3711)  Acc@1: 75.0000 (67.0700)  Acc@5: 100.0000 (87.7100)
2025-08-30 11:43:46,282 - timm.utils.checkpoint_saver: [    INFO] - Current checkpoints:
 ('./output/train/20250830-085552-resnet18_vcaV2-224/checkpoint/checkpoint-63.pth.tar', 67.07)
 ('./output/train/20250830-085552-resnet18_vcaV2-224/checkpoint/checkpoint-62.pth.tar', 66.75)
 ('./output/train/20250830-085552-resnet18_vcaV2-224/checkpoint/checkpoint-61.pth.tar', 66.47)
 ('./output/train/20250830-085552-resnet18_vcaV2-224/checkpoint/checkpoint-60.pth.tar', 65.64)
 ('./output/train/20250830-085552-resnet18_vcaV2-224/checkpoint/checkpoint-59.pth.tar', 64.65)
 ('./output/train/20250830-085552-resnet18_vcaV2-224/checkpoint/checkpoint-52.pth.tar', 53.83)
 ('./output/train/20250830-085552-resnet18_vcaV2-224/checkpoint/checkpoint-57.pth.tar', 53.42)
 ('./output/train/20250830-085552-resnet18_vcaV2-224/checkpoint/checkpoint-46.pth.tar', 52.79)
 ('./output/train/20250830-085552-resnet18_vcaV2-224/checkpoint/checkpoint-49.pth.tar', 52.62)
 ('./output/train/20250830-085552-resnet18_vcaV2-224/checkpoint/checkpoint-56.pth.tar', 52.35)

2025-08-30 11:43:47,369 -                train: [    INFO] - Train: 64 [   0/391 (  0%)]  Loss: 217.9 (218.)  Loss_cat: 0.7810 (0.781)  Loss_feat: 215.3 (215.)  Loss_gt: 1.822 (1.82) LR: 5.000e-03
2025-08-30 11:44:57,019 -                train: [    INFO] - Train: 64 [ 200/391 ( 51%)]  Loss: 211.5 (214.)  Loss_cat: 0.7246 (0.749)  Loss_feat: 209.0 (211.)  Loss_gt: 1.745 (1.76) LR: 5.000e-03
2025-08-30 11:46:03,142 -                train: [    INFO] - Train: 64 [ 390/391 (100%)]  Loss: 210.7 (214.)  Loss_cat: 0.7530 (0.750)  Loss_feat: 208.4 (211.)  Loss_gt: 1.585 (1.77) LR: 5.000e-03
2025-08-30 11:46:03,771 -                train: [    INFO] - Test: [   0/39]  Time: 0.560 (0.560)  Loss:  0.9566 (0.9566)  Acc@1: 78.9062 (78.9062)  Acc@5: 91.4062 (91.4062)
2025-08-30 11:46:23,213 -                train: [    INFO] - Test: [  39/39]  Time: 0.024 (0.500)  Loss:  1.5793 (1.3554)  Acc@1: 62.5000 (67.4200)  Acc@5: 100.0000 (87.8100)
2025-08-30 11:46:23,489 - timm.utils.checkpoint_saver: [    INFO] - Current checkpoints:
 ('./output/train/20250830-085552-resnet18_vcaV2-224/checkpoint/checkpoint-64.pth.tar', 67.42)
 ('./output/train/20250830-085552-resnet18_vcaV2-224/checkpoint/checkpoint-63.pth.tar', 67.07)
 ('./output/train/20250830-085552-resnet18_vcaV2-224/checkpoint/checkpoint-62.pth.tar', 66.75)
 ('./output/train/20250830-085552-resnet18_vcaV2-224/checkpoint/checkpoint-61.pth.tar', 66.47)
 ('./output/train/20250830-085552-resnet18_vcaV2-224/checkpoint/checkpoint-60.pth.tar', 65.64)
 ('./output/train/20250830-085552-resnet18_vcaV2-224/checkpoint/checkpoint-59.pth.tar', 64.65)
 ('./output/train/20250830-085552-resnet18_vcaV2-224/checkpoint/checkpoint-52.pth.tar', 53.83)
 ('./output/train/20250830-085552-resnet18_vcaV2-224/checkpoint/checkpoint-57.pth.tar', 53.42)
 ('./output/train/20250830-085552-resnet18_vcaV2-224/checkpoint/checkpoint-46.pth.tar', 52.79)
 ('./output/train/20250830-085552-resnet18_vcaV2-224/checkpoint/checkpoint-49.pth.tar', 52.62)

2025-08-30 11:46:24,589 -                train: [    INFO] - Train: 65 [   0/391 (  0%)]  Loss: 211.4 (211.)  Loss_cat: 0.7316 (0.732)  Loss_feat: 208.9 (209.)  Loss_gt: 1.759 (1.76) LR: 5.000e-03
2025-08-30 11:47:34,628 -                train: [    INFO] - Train: 65 [ 200/391 ( 51%)]  Loss: 209.6 (212.)  Loss_cat: 0.7200 (0.743)  Loss_feat: 207.3 (209.)  Loss_gt: 1.591 (1.75) LR: 5.000e-03
2025-08-30 11:48:40,908 -                train: [    INFO] - Train: 65 [ 390/391 (100%)]  Loss: 210.7 (212.)  Loss_cat: 0.7297 (0.743)  Loss_feat: 208.2 (209.)  Loss_gt: 1.779 (1.75) LR: 5.000e-03
2025-08-30 11:48:41,653 -                train: [    INFO] - Test: [   0/39]  Time: 0.680 (0.680)  Loss:  0.9666 (0.9666)  Acc@1: 78.9062 (78.9062)  Acc@5: 90.6250 (90.6250)
2025-08-30 11:49:01,226 -                train: [    INFO] - Test: [  39/39]  Time: 0.024 (0.506)  Loss:  1.6128 (1.3374)  Acc@1: 68.7500 (67.6100)  Acc@5: 93.7500 (87.9300)
2025-08-30 11:49:01,527 - timm.utils.checkpoint_saver: [    INFO] - Current checkpoints:
 ('./output/train/20250830-085552-resnet18_vcaV2-224/checkpoint/checkpoint-65.pth.tar', 67.61)
 ('./output/train/20250830-085552-resnet18_vcaV2-224/checkpoint/checkpoint-64.pth.tar', 67.42)
 ('./output/train/20250830-085552-resnet18_vcaV2-224/checkpoint/checkpoint-63.pth.tar', 67.07)
 ('./output/train/20250830-085552-resnet18_vcaV2-224/checkpoint/checkpoint-62.pth.tar', 66.75)
 ('./output/train/20250830-085552-resnet18_vcaV2-224/checkpoint/checkpoint-61.pth.tar', 66.47)
 ('./output/train/20250830-085552-resnet18_vcaV2-224/checkpoint/checkpoint-60.pth.tar', 65.64)
 ('./output/train/20250830-085552-resnet18_vcaV2-224/checkpoint/checkpoint-59.pth.tar', 64.65)
 ('./output/train/20250830-085552-resnet18_vcaV2-224/checkpoint/checkpoint-52.pth.tar', 53.83)
 ('./output/train/20250830-085552-resnet18_vcaV2-224/checkpoint/checkpoint-57.pth.tar', 53.42)
 ('./output/train/20250830-085552-resnet18_vcaV2-224/checkpoint/checkpoint-46.pth.tar', 52.79)

2025-08-30 11:49:02,722 -                train: [    INFO] - Train: 66 [   0/391 (  0%)]  Loss: 211.5 (212.)  Loss_cat: 0.7544 (0.754)  Loss_feat: 209.0 (209.)  Loss_gt: 1.747 (1.75) LR: 5.000e-03
2025-08-30 11:50:12,676 -                train: [    INFO] - Train: 66 [ 200/391 ( 51%)]  Loss: 210.3 (209.)  Loss_cat: 0.7371 (0.735)  Loss_feat: 207.7 (207.)  Loss_gt: 1.821 (1.73) LR: 5.000e-03
2025-08-30 11:51:18,451 -                train: [    INFO] - Train: 66 [ 390/391 (100%)]  Loss: 216.2 (209.)  Loss_cat: 0.7938 (0.736)  Loss_feat: 213.6 (207.)  Loss_gt: 1.864 (1.73) LR: 5.000e-03
2025-08-30 11:51:19,109 -                train: [    INFO] - Test: [   0/39]  Time: 0.595 (0.595)  Loss:  0.9725 (0.9725)  Acc@1: 76.9531 (76.9531)  Acc@5: 92.5781 (92.5781)
2025-08-30 11:51:37,120 -                train: [    INFO] - Test: [  39/39]  Time: 0.024 (0.465)  Loss:  1.5406 (1.3361)  Acc@1: 75.0000 (67.9200)  Acc@5: 93.7500 (88.0600)
2025-08-30 11:51:37,406 - timm.utils.checkpoint_saver: [    INFO] - Current checkpoints:
 ('./output/train/20250830-085552-resnet18_vcaV2-224/checkpoint/checkpoint-66.pth.tar', 67.92)
 ('./output/train/20250830-085552-resnet18_vcaV2-224/checkpoint/checkpoint-65.pth.tar', 67.61)
 ('./output/train/20250830-085552-resnet18_vcaV2-224/checkpoint/checkpoint-64.pth.tar', 67.42)
 ('./output/train/20250830-085552-resnet18_vcaV2-224/checkpoint/checkpoint-63.pth.tar', 67.07)
 ('./output/train/20250830-085552-resnet18_vcaV2-224/checkpoint/checkpoint-62.pth.tar', 66.75)
 ('./output/train/20250830-085552-resnet18_vcaV2-224/checkpoint/checkpoint-61.pth.tar', 66.47)
 ('./output/train/20250830-085552-resnet18_vcaV2-224/checkpoint/checkpoint-60.pth.tar', 65.64)
 ('./output/train/20250830-085552-resnet18_vcaV2-224/checkpoint/checkpoint-59.pth.tar', 64.65)
 ('./output/train/20250830-085552-resnet18_vcaV2-224/checkpoint/checkpoint-52.pth.tar', 53.83)
 ('./output/train/20250830-085552-resnet18_vcaV2-224/checkpoint/checkpoint-57.pth.tar', 53.42)

2025-08-30 11:51:38,562 -                train: [    INFO] - Train: 67 [   0/391 (  0%)]  Loss: 209.6 (210.)  Loss_cat: 0.7570 (0.757)  Loss_feat: 207.2 (207.)  Loss_gt: 1.708 (1.71) LR: 5.000e-03
2025-08-30 11:52:48,292 -                train: [    INFO] - Train: 67 [ 200/391 ( 51%)]  Loss: 209.9 (207.)  Loss_cat: 0.7703 (0.729)  Loss_feat: 207.4 (204.)  Loss_gt: 1.785 (1.71) LR: 5.000e-03
2025-08-30 11:53:54,137 -                train: [    INFO] - Train: 67 [ 390/391 (100%)]  Loss: 205.4 (207.)  Loss_cat: 0.7343 (0.730)  Loss_feat: 203.1 (204.)  Loss_gt: 1.631 (1.72) LR: 5.000e-03
2025-08-30 11:53:54,749 -                train: [    INFO] - Test: [   0/39]  Time: 0.538 (0.538)  Loss:  1.0407 (1.0407)  Acc@1: 77.7344 (77.7344)  Acc@5: 91.0156 (91.0156)
2025-08-30 11:54:11,969 -                train: [    INFO] - Test: [  39/39]  Time: 0.025 (0.444)  Loss:  1.3958 (1.3350)  Acc@1: 75.0000 (67.9000)  Acc@5: 100.0000 (88.0200)
2025-08-30 11:54:12,256 - timm.utils.checkpoint_saver: [    INFO] - Current checkpoints:
 ('./output/train/20250830-085552-resnet18_vcaV2-224/checkpoint/checkpoint-66.pth.tar', 67.92)
 ('./output/train/20250830-085552-resnet18_vcaV2-224/checkpoint/checkpoint-67.pth.tar', 67.9)
 ('./output/train/20250830-085552-resnet18_vcaV2-224/checkpoint/checkpoint-65.pth.tar', 67.61)
 ('./output/train/20250830-085552-resnet18_vcaV2-224/checkpoint/checkpoint-64.pth.tar', 67.42)
 ('./output/train/20250830-085552-resnet18_vcaV2-224/checkpoint/checkpoint-63.pth.tar', 67.07)
 ('./output/train/20250830-085552-resnet18_vcaV2-224/checkpoint/checkpoint-62.pth.tar', 66.75)
 ('./output/train/20250830-085552-resnet18_vcaV2-224/checkpoint/checkpoint-61.pth.tar', 66.47)
 ('./output/train/20250830-085552-resnet18_vcaV2-224/checkpoint/checkpoint-60.pth.tar', 65.64)
 ('./output/train/20250830-085552-resnet18_vcaV2-224/checkpoint/checkpoint-59.pth.tar', 64.65)
 ('./output/train/20250830-085552-resnet18_vcaV2-224/checkpoint/checkpoint-52.pth.tar', 53.83)

2025-08-30 11:54:13,351 -                train: [    INFO] - Train: 68 [   0/391 (  0%)]  Loss: 207.0 (207.)  Loss_cat: 0.7477 (0.748)  Loss_feat: 204.6 (205.)  Loss_gt: 1.645 (1.64) LR: 5.000e-03
2025-08-30 11:55:22,926 -                train: [    INFO] - Train: 68 [ 200/391 ( 51%)]  Loss: 205.3 (205.)  Loss_cat: 0.7348 (0.727)  Loss_feat: 202.8 (202.)  Loss_gt: 1.730 (1.70) LR: 5.000e-03
2025-08-30 11:56:28,906 -                train: [    INFO] - Train: 68 [ 390/391 (100%)]  Loss: 203.9 (205.)  Loss_cat: 0.7171 (0.726)  Loss_feat: 201.4 (202.)  Loss_gt: 1.791 (1.70) LR: 5.000e-03
2025-08-30 11:56:29,496 -                train: [    INFO] - Test: [   0/39]  Time: 0.535 (0.535)  Loss:  1.0002 (1.0002)  Acc@1: 78.9062 (78.9062)  Acc@5: 91.4062 (91.4062)
2025-08-30 11:56:47,092 -                train: [    INFO] - Test: [  39/39]  Time: 0.023 (0.453)  Loss:  1.3896 (1.3273)  Acc@1: 81.2500 (67.9700)  Acc@5: 100.0000 (88.2300)
2025-08-30 11:56:47,384 - timm.utils.checkpoint_saver: [    INFO] - Current checkpoints:
 ('./output/train/20250830-085552-resnet18_vcaV2-224/checkpoint/checkpoint-68.pth.tar', 67.97)
 ('./output/train/20250830-085552-resnet18_vcaV2-224/checkpoint/checkpoint-66.pth.tar', 67.92)
 ('./output/train/20250830-085552-resnet18_vcaV2-224/checkpoint/checkpoint-67.pth.tar', 67.9)
 ('./output/train/20250830-085552-resnet18_vcaV2-224/checkpoint/checkpoint-65.pth.tar', 67.61)
 ('./output/train/20250830-085552-resnet18_vcaV2-224/checkpoint/checkpoint-64.pth.tar', 67.42)
 ('./output/train/20250830-085552-resnet18_vcaV2-224/checkpoint/checkpoint-63.pth.tar', 67.07)
 ('./output/train/20250830-085552-resnet18_vcaV2-224/checkpoint/checkpoint-62.pth.tar', 66.75)
 ('./output/train/20250830-085552-resnet18_vcaV2-224/checkpoint/checkpoint-61.pth.tar', 66.47)
 ('./output/train/20250830-085552-resnet18_vcaV2-224/checkpoint/checkpoint-60.pth.tar', 65.64)
 ('./output/train/20250830-085552-resnet18_vcaV2-224/checkpoint/checkpoint-59.pth.tar', 64.65)

2025-08-30 11:56:48,449 -                train: [    INFO] - Train: 69 [   0/391 (  0%)]  Loss: 200.7 (201.)  Loss_cat: 0.7172 (0.717)  Loss_feat: 198.3 (198.)  Loss_gt: 1.688 (1.69) LR: 5.000e-03
2025-08-30 11:57:57,805 -                train: [    INFO] - Train: 69 [ 200/391 ( 51%)]  Loss: 203.4 (202.)  Loss_cat: 0.7237 (0.716)  Loss_feat: 200.9 (200.)  Loss_gt: 1.745 (1.69) LR: 5.000e-03
2025-08-30 11:59:03,788 -                train: [    INFO] - Train: 69 [ 390/391 (100%)]  Loss: 205.6 (202.)  Loss_cat: 0.7570 (0.719)  Loss_feat: 203.2 (200.)  Loss_gt: 1.709 (1.69) LR: 5.000e-03
2025-08-30 11:59:04,566 -                train: [    INFO] - Test: [   0/39]  Time: 0.725 (0.725)  Loss:  1.0063 (1.0063)  Acc@1: 78.9062 (78.9062)  Acc@5: 91.0156 (91.0156)
2025-08-30 11:59:25,161 -                train: [    INFO] - Test: [  39/39]  Time: 0.023 (0.533)  Loss:  1.4940 (1.3141)  Acc@1: 75.0000 (68.5900)  Acc@5: 93.7500 (88.5400)
2025-08-30 11:59:25,562 - timm.utils.checkpoint_saver: [    INFO] - Current checkpoints:
 ('./output/train/20250830-085552-resnet18_vcaV2-224/checkpoint/checkpoint-69.pth.tar', 68.59)
 ('./output/train/20250830-085552-resnet18_vcaV2-224/checkpoint/checkpoint-68.pth.tar', 67.97)
 ('./output/train/20250830-085552-resnet18_vcaV2-224/checkpoint/checkpoint-66.pth.tar', 67.92)
 ('./output/train/20250830-085552-resnet18_vcaV2-224/checkpoint/checkpoint-67.pth.tar', 67.9)
 ('./output/train/20250830-085552-resnet18_vcaV2-224/checkpoint/checkpoint-65.pth.tar', 67.61)
 ('./output/train/20250830-085552-resnet18_vcaV2-224/checkpoint/checkpoint-64.pth.tar', 67.42)
 ('./output/train/20250830-085552-resnet18_vcaV2-224/checkpoint/checkpoint-63.pth.tar', 67.07)
 ('./output/train/20250830-085552-resnet18_vcaV2-224/checkpoint/checkpoint-62.pth.tar', 66.75)
 ('./output/train/20250830-085552-resnet18_vcaV2-224/checkpoint/checkpoint-61.pth.tar', 66.47)
 ('./output/train/20250830-085552-resnet18_vcaV2-224/checkpoint/checkpoint-60.pth.tar', 65.64)

2025-08-30 11:59:26,639 -                train: [    INFO] - Train: 70 [   0/391 (  0%)]  Loss: 199.0 (199.)  Loss_cat: 0.6957 (0.696)  Loss_feat: 196.6 (197.)  Loss_gt: 1.706 (1.71) LR: 5.000e-03
2025-08-30 12:00:36,050 -                train: [    INFO] - Train: 70 [ 200/391 ( 51%)]  Loss: 200.8 (200.)  Loss_cat: 0.7251 (0.715)  Loss_feat: 198.3 (198.)  Loss_gt: 1.767 (1.68) LR: 5.000e-03
2025-08-30 12:01:41,818 -                train: [    INFO] - Train: 70 [ 390/391 (100%)]  Loss: 202.1 (200.)  Loss_cat: 0.7389 (0.717)  Loss_feat: 199.6 (198.)  Loss_gt: 1.730 (1.68) LR: 5.000e-03
2025-08-30 12:01:42,423 -                train: [    INFO] - Test: [   0/39]  Time: 0.544 (0.544)  Loss:  0.9318 (0.9318)  Acc@1: 78.9062 (78.9062)  Acc@5: 92.9688 (92.9688)
2025-08-30 12:01:59,357 -                train: [    INFO] - Test: [  39/39]  Time: 0.024 (0.437)  Loss:  1.6290 (1.3141)  Acc@1: 68.7500 (68.3600)  Acc@5: 93.7500 (88.4900)
2025-08-30 12:01:59,646 - timm.utils.checkpoint_saver: [    INFO] - Current checkpoints:
 ('./output/train/20250830-085552-resnet18_vcaV2-224/checkpoint/checkpoint-69.pth.tar', 68.59)
 ('./output/train/20250830-085552-resnet18_vcaV2-224/checkpoint/checkpoint-70.pth.tar', 68.36)
 ('./output/train/20250830-085552-resnet18_vcaV2-224/checkpoint/checkpoint-68.pth.tar', 67.97)
 ('./output/train/20250830-085552-resnet18_vcaV2-224/checkpoint/checkpoint-66.pth.tar', 67.92)
 ('./output/train/20250830-085552-resnet18_vcaV2-224/checkpoint/checkpoint-67.pth.tar', 67.9)
 ('./output/train/20250830-085552-resnet18_vcaV2-224/checkpoint/checkpoint-65.pth.tar', 67.61)
 ('./output/train/20250830-085552-resnet18_vcaV2-224/checkpoint/checkpoint-64.pth.tar', 67.42)
 ('./output/train/20250830-085552-resnet18_vcaV2-224/checkpoint/checkpoint-63.pth.tar', 67.07)
 ('./output/train/20250830-085552-resnet18_vcaV2-224/checkpoint/checkpoint-62.pth.tar', 66.75)
 ('./output/train/20250830-085552-resnet18_vcaV2-224/checkpoint/checkpoint-61.pth.tar', 66.47)

2025-08-30 12:02:00,717 -                train: [    INFO] - Train: 71 [   0/391 (  0%)]  Loss: 197.4 (197.)  Loss_cat: 0.7175 (0.717)  Loss_feat: 195.0 (195.)  Loss_gt: 1.722 (1.72) LR: 5.000e-03
2025-08-30 12:03:10,310 -                train: [    INFO] - Train: 71 [ 200/391 ( 51%)]  Loss: 197.6 (198.)  Loss_cat: 0.7133 (0.713)  Loss_feat: 195.3 (196.)  Loss_gt: 1.575 (1.67) LR: 5.000e-03
2025-08-30 12:04:16,036 -                train: [    INFO] - Train: 71 [ 390/391 (100%)]  Loss: 198.7 (198.)  Loss_cat: 0.7130 (0.714)  Loss_feat: 196.4 (196.)  Loss_gt: 1.612 (1.67) LR: 5.000e-03
2025-08-30 12:04:16,619 -                train: [    INFO] - Test: [   0/39]  Time: 0.533 (0.533)  Loss:  0.9803 (0.9803)  Acc@1: 78.1250 (78.1250)  Acc@5: 91.4062 (91.4062)
2025-08-30 12:04:36,706 -                train: [    INFO] - Test: [  39/39]  Time: 0.023 (0.516)  Loss:  1.5107 (1.3134)  Acc@1: 75.0000 (68.5700)  Acc@5: 100.0000 (88.2600)
2025-08-30 12:04:36,981 - timm.utils.checkpoint_saver: [    INFO] - Current checkpoints:
 ('./output/train/20250830-085552-resnet18_vcaV2-224/checkpoint/checkpoint-69.pth.tar', 68.59)
 ('./output/train/20250830-085552-resnet18_vcaV2-224/checkpoint/checkpoint-71.pth.tar', 68.57)
 ('./output/train/20250830-085552-resnet18_vcaV2-224/checkpoint/checkpoint-70.pth.tar', 68.36)
 ('./output/train/20250830-085552-resnet18_vcaV2-224/checkpoint/checkpoint-68.pth.tar', 67.97)
 ('./output/train/20250830-085552-resnet18_vcaV2-224/checkpoint/checkpoint-66.pth.tar', 67.92)
 ('./output/train/20250830-085552-resnet18_vcaV2-224/checkpoint/checkpoint-67.pth.tar', 67.9)
 ('./output/train/20250830-085552-resnet18_vcaV2-224/checkpoint/checkpoint-65.pth.tar', 67.61)
 ('./output/train/20250830-085552-resnet18_vcaV2-224/checkpoint/checkpoint-64.pth.tar', 67.42)
 ('./output/train/20250830-085552-resnet18_vcaV2-224/checkpoint/checkpoint-63.pth.tar', 67.07)
 ('./output/train/20250830-085552-resnet18_vcaV2-224/checkpoint/checkpoint-62.pth.tar', 66.75)

2025-08-30 12:04:38,158 -                train: [    INFO] - Train: 72 [   0/391 (  0%)]  Loss: 192.2 (192.)  Loss_cat: 0.6766 (0.677)  Loss_feat: 189.9 (190.)  Loss_gt: 1.647 (1.65) LR: 5.000e-03
2025-08-30 12:05:47,750 -                train: [    INFO] - Train: 72 [ 200/391 ( 51%)]  Loss: 198.9 (196.)  Loss_cat: 0.7126 (0.709)  Loss_feat: 196.5 (194.)  Loss_gt: 1.733 (1.66) LR: 5.000e-03
2025-08-30 12:06:53,660 -                train: [    INFO] - Train: 72 [ 390/391 (100%)]  Loss: 199.6 (196.)  Loss_cat: 0.7451 (0.711)  Loss_feat: 197.3 (194.)  Loss_gt: 1.565 (1.66) LR: 5.000e-03
2025-08-30 12:06:54,266 -                train: [    INFO] - Test: [   0/39]  Time: 0.533 (0.533)  Loss:  0.9206 (0.9206)  Acc@1: 80.4688 (80.4688)  Acc@5: 92.5781 (92.5781)
2025-08-30 12:07:13,240 -                train: [    INFO] - Test: [  39/39]  Time: 0.024 (0.488)  Loss:  1.7507 (1.3036)  Acc@1: 68.7500 (68.7400)  Acc@5: 100.0000 (88.5100)
2025-08-30 12:07:13,589 - timm.utils.checkpoint_saver: [    INFO] - Current checkpoints:
 ('./output/train/20250830-085552-resnet18_vcaV2-224/checkpoint/checkpoint-72.pth.tar', 68.74)
 ('./output/train/20250830-085552-resnet18_vcaV2-224/checkpoint/checkpoint-69.pth.tar', 68.59)
 ('./output/train/20250830-085552-resnet18_vcaV2-224/checkpoint/checkpoint-71.pth.tar', 68.57)
 ('./output/train/20250830-085552-resnet18_vcaV2-224/checkpoint/checkpoint-70.pth.tar', 68.36)
 ('./output/train/20250830-085552-resnet18_vcaV2-224/checkpoint/checkpoint-68.pth.tar', 67.97)
 ('./output/train/20250830-085552-resnet18_vcaV2-224/checkpoint/checkpoint-66.pth.tar', 67.92)
 ('./output/train/20250830-085552-resnet18_vcaV2-224/checkpoint/checkpoint-67.pth.tar', 67.9)
 ('./output/train/20250830-085552-resnet18_vcaV2-224/checkpoint/checkpoint-65.pth.tar', 67.61)
 ('./output/train/20250830-085552-resnet18_vcaV2-224/checkpoint/checkpoint-64.pth.tar', 67.42)
 ('./output/train/20250830-085552-resnet18_vcaV2-224/checkpoint/checkpoint-63.pth.tar', 67.07)

2025-08-30 12:07:14,646 -                train: [    INFO] - Train: 73 [   0/391 (  0%)]  Loss: 192.1 (192.)  Loss_cat: 0.6720 (0.672)  Loss_feat: 189.7 (190.)  Loss_gt: 1.707 (1.71) LR: 5.000e-03
2025-08-30 12:08:24,192 -                train: [    INFO] - Train: 73 [ 200/391 ( 51%)]  Loss: 194.2 (194.)  Loss_cat: 0.7082 (0.703)  Loss_feat: 191.8 (191.)  Loss_gt: 1.660 (1.65) LR: 5.000e-03
2025-08-30 12:09:30,242 -                train: [    INFO] - Train: 73 [ 390/391 (100%)]  Loss: 198.5 (194.)  Loss_cat: 0.7538 (0.708)  Loss_feat: 195.9 (192.)  Loss_gt: 1.779 (1.66) LR: 5.000e-03
2025-08-30 12:09:30,847 -                train: [    INFO] - Test: [   0/39]  Time: 0.546 (0.546)  Loss:  0.9949 (0.9949)  Acc@1: 76.5625 (76.5625)  Acc@5: 93.3594 (93.3594)
2025-08-30 12:09:48,384 -                train: [    INFO] - Test: [  39/39]  Time: 0.022 (0.452)  Loss:  1.5194 (1.3082)  Acc@1: 75.0000 (68.8800)  Acc@5: 100.0000 (88.6500)
2025-08-30 12:09:48,694 - timm.utils.checkpoint_saver: [    INFO] - Current checkpoints:
 ('./output/train/20250830-085552-resnet18_vcaV2-224/checkpoint/checkpoint-73.pth.tar', 68.88)
 ('./output/train/20250830-085552-resnet18_vcaV2-224/checkpoint/checkpoint-72.pth.tar', 68.74)
 ('./output/train/20250830-085552-resnet18_vcaV2-224/checkpoint/checkpoint-69.pth.tar', 68.59)
 ('./output/train/20250830-085552-resnet18_vcaV2-224/checkpoint/checkpoint-71.pth.tar', 68.57)
 ('./output/train/20250830-085552-resnet18_vcaV2-224/checkpoint/checkpoint-70.pth.tar', 68.36)
 ('./output/train/20250830-085552-resnet18_vcaV2-224/checkpoint/checkpoint-68.pth.tar', 67.97)
 ('./output/train/20250830-085552-resnet18_vcaV2-224/checkpoint/checkpoint-66.pth.tar', 67.92)
 ('./output/train/20250830-085552-resnet18_vcaV2-224/checkpoint/checkpoint-67.pth.tar', 67.9)
 ('./output/train/20250830-085552-resnet18_vcaV2-224/checkpoint/checkpoint-65.pth.tar', 67.61)
 ('./output/train/20250830-085552-resnet18_vcaV2-224/checkpoint/checkpoint-64.pth.tar', 67.42)

2025-08-30 12:09:49,795 -                train: [    INFO] - Train: 74 [   0/391 (  0%)]  Loss: 191.5 (192.)  Loss_cat: 0.7126 (0.713)  Loss_feat: 189.2 (189.)  Loss_gt: 1.585 (1.59) LR: 5.000e-03
2025-08-30 12:10:59,441 -                train: [    INFO] - Train: 74 [ 200/391 ( 51%)]  Loss: 191.7 (192.)  Loss_cat: 0.7027 (0.703)  Loss_feat: 189.3 (189.)  Loss_gt: 1.634 (1.64) LR: 5.000e-03
2025-08-30 12:12:05,448 -                train: [    INFO] - Train: 74 [ 390/391 (100%)]  Loss: 191.3 (192.)  Loss_cat: 0.6959 (0.706)  Loss_feat: 189.0 (190.)  Loss_gt: 1.590 (1.65) LR: 5.000e-03
2025-08-30 12:12:06,055 -                train: [    INFO] - Test: [   0/39]  Time: 0.550 (0.550)  Loss:  1.0051 (1.0051)  Acc@1: 76.9531 (76.9531)  Acc@5: 90.2344 (90.2344)
2025-08-30 12:12:25,557 -                train: [    INFO] - Test: [  39/39]  Time: 0.024 (0.501)  Loss:  1.4485 (1.3067)  Acc@1: 75.0000 (68.6300)  Acc@5: 100.0000 (88.4800)
2025-08-30 12:12:25,841 - timm.utils.checkpoint_saver: [    INFO] - Current checkpoints:
 ('./output/train/20250830-085552-resnet18_vcaV2-224/checkpoint/checkpoint-73.pth.tar', 68.88)
 ('./output/train/20250830-085552-resnet18_vcaV2-224/checkpoint/checkpoint-72.pth.tar', 68.74)
 ('./output/train/20250830-085552-resnet18_vcaV2-224/checkpoint/checkpoint-74.pth.tar', 68.63)
 ('./output/train/20250830-085552-resnet18_vcaV2-224/checkpoint/checkpoint-69.pth.tar', 68.59)
 ('./output/train/20250830-085552-resnet18_vcaV2-224/checkpoint/checkpoint-71.pth.tar', 68.57)
 ('./output/train/20250830-085552-resnet18_vcaV2-224/checkpoint/checkpoint-70.pth.tar', 68.36)
 ('./output/train/20250830-085552-resnet18_vcaV2-224/checkpoint/checkpoint-68.pth.tar', 67.97)
 ('./output/train/20250830-085552-resnet18_vcaV2-224/checkpoint/checkpoint-66.pth.tar', 67.92)
 ('./output/train/20250830-085552-resnet18_vcaV2-224/checkpoint/checkpoint-67.pth.tar', 67.9)
 ('./output/train/20250830-085552-resnet18_vcaV2-224/checkpoint/checkpoint-65.pth.tar', 67.61)

2025-08-30 12:12:27,036 -                train: [    INFO] - Train: 75 [   0/391 (  0%)]  Loss: 189.1 (189.)  Loss_cat: 0.6998 (0.700)  Loss_feat: 186.7 (187.)  Loss_gt: 1.652 (1.65) LR: 5.000e-03
2025-08-30 12:13:36,525 -                train: [    INFO] - Train: 75 [ 200/391 ( 51%)]  Loss: 191.2 (190.)  Loss_cat: 0.7129 (0.701)  Loss_feat: 188.7 (187.)  Loss_gt: 1.721 (1.63) LR: 5.000e-03
2025-08-30 12:14:42,467 -                train: [    INFO] - Train: 75 [ 390/391 (100%)]  Loss: 194.4 (190.)  Loss_cat: 0.7543 (0.703)  Loss_feat: 192.0 (188.)  Loss_gt: 1.659 (1.65) LR: 5.000e-03
2025-08-30 12:14:43,084 -                train: [    INFO] - Test: [   0/39]  Time: 0.555 (0.555)  Loss:  0.9429 (0.9429)  Acc@1: 77.7344 (77.7344)  Acc@5: 94.1406 (94.1406)
2025-08-30 12:15:00,463 -                train: [    INFO] - Test: [  39/39]  Time: 0.022 (0.448)  Loss:  1.6939 (1.3117)  Acc@1: 75.0000 (68.5900)  Acc@5: 87.5000 (88.6500)
2025-08-30 12:15:00,751 - timm.utils.checkpoint_saver: [    INFO] - Current checkpoints:
 ('./output/train/20250830-085552-resnet18_vcaV2-224/checkpoint/checkpoint-73.pth.tar', 68.88)
 ('./output/train/20250830-085552-resnet18_vcaV2-224/checkpoint/checkpoint-72.pth.tar', 68.74)
 ('./output/train/20250830-085552-resnet18_vcaV2-224/checkpoint/checkpoint-74.pth.tar', 68.63)
 ('./output/train/20250830-085552-resnet18_vcaV2-224/checkpoint/checkpoint-69.pth.tar', 68.59)
 ('./output/train/20250830-085552-resnet18_vcaV2-224/checkpoint/checkpoint-75.pth.tar', 68.59)
 ('./output/train/20250830-085552-resnet18_vcaV2-224/checkpoint/checkpoint-71.pth.tar', 68.57)
 ('./output/train/20250830-085552-resnet18_vcaV2-224/checkpoint/checkpoint-70.pth.tar', 68.36)
 ('./output/train/20250830-085552-resnet18_vcaV2-224/checkpoint/checkpoint-68.pth.tar', 67.97)
 ('./output/train/20250830-085552-resnet18_vcaV2-224/checkpoint/checkpoint-66.pth.tar', 67.92)
 ('./output/train/20250830-085552-resnet18_vcaV2-224/checkpoint/checkpoint-67.pth.tar', 67.9)

2025-08-30 12:15:01,856 -                train: [    INFO] - Train: 76 [   0/391 (  0%)]  Loss: 189.1 (189.)  Loss_cat: 0.7261 (0.726)  Loss_feat: 186.7 (187.)  Loss_gt: 1.629 (1.63) LR: 5.000e-03
2025-08-30 12:16:11,242 -                train: [    INFO] - Train: 76 [ 200/391 ( 51%)]  Loss: 188.9 (188.)  Loss_cat: 0.6986 (0.698)  Loss_feat: 186.6 (185.)  Loss_gt: 1.541 (1.63) LR: 5.000e-03
2025-08-30 12:17:17,091 -                train: [    INFO] - Train: 76 [ 390/391 (100%)]  Loss: 186.1 (188.)  Loss_cat: 0.7204 (0.701)  Loss_feat: 183.7 (185.)  Loss_gt: 1.690 (1.64) LR: 5.000e-03
2025-08-30 12:17:17,682 -                train: [    INFO] - Test: [   0/39]  Time: 0.538 (0.538)  Loss:  1.0415 (1.0415)  Acc@1: 75.7812 (75.7812)  Acc@5: 91.4062 (91.4062)
2025-08-30 12:17:35,314 -                train: [    INFO] - Test: [  39/39]  Time: 0.027 (0.454)  Loss:  1.5195 (1.3106)  Acc@1: 56.2500 (68.6300)  Acc@5: 100.0000 (88.6600)
2025-08-30 12:17:35,619 - timm.utils.checkpoint_saver: [    INFO] - Current checkpoints:
 ('./output/train/20250830-085552-resnet18_vcaV2-224/checkpoint/checkpoint-73.pth.tar', 68.88)
 ('./output/train/20250830-085552-resnet18_vcaV2-224/checkpoint/checkpoint-72.pth.tar', 68.74)
 ('./output/train/20250830-085552-resnet18_vcaV2-224/checkpoint/checkpoint-74.pth.tar', 68.63)
 ('./output/train/20250830-085552-resnet18_vcaV2-224/checkpoint/checkpoint-76.pth.tar', 68.63)
 ('./output/train/20250830-085552-resnet18_vcaV2-224/checkpoint/checkpoint-69.pth.tar', 68.59)
 ('./output/train/20250830-085552-resnet18_vcaV2-224/checkpoint/checkpoint-75.pth.tar', 68.59)
 ('./output/train/20250830-085552-resnet18_vcaV2-224/checkpoint/checkpoint-71.pth.tar', 68.57)
 ('./output/train/20250830-085552-resnet18_vcaV2-224/checkpoint/checkpoint-70.pth.tar', 68.36)
 ('./output/train/20250830-085552-resnet18_vcaV2-224/checkpoint/checkpoint-68.pth.tar', 67.97)
 ('./output/train/20250830-085552-resnet18_vcaV2-224/checkpoint/checkpoint-66.pth.tar', 67.92)

2025-08-30 12:17:36,676 -                train: [    INFO] - Train: 77 [   0/391 (  0%)]  Loss: 184.8 (185.)  Loss_cat: 0.7105 (0.711)  Loss_feat: 182.5 (183.)  Loss_gt: 1.561 (1.56) LR: 5.000e-03
2025-08-30 12:18:46,175 -                train: [    INFO] - Train: 77 [ 200/391 ( 51%)]  Loss: 181.4 (186.)  Loss_cat: 0.6720 (0.699)  Loss_feat: 179.2 (183.)  Loss_gt: 1.557 (1.62) LR: 5.000e-03
2025-08-30 12:19:52,076 -                train: [    INFO] - Train: 77 [ 390/391 (100%)]  Loss: 185.9 (186.)  Loss_cat: 0.7081 (0.700)  Loss_feat: 183.6 (183.)  Loss_gt: 1.571 (1.63) LR: 5.000e-03
2025-08-30 12:19:52,684 -                train: [    INFO] - Test: [   0/39]  Time: 0.542 (0.542)  Loss:  1.0490 (1.0490)  Acc@1: 76.9531 (76.9531)  Acc@5: 91.0156 (91.0156)
2025-08-30 12:20:09,849 -                train: [    INFO] - Test: [  39/39]  Time: 0.023 (0.443)  Loss:  1.5689 (1.3054)  Acc@1: 81.2500 (68.8600)  Acc@5: 100.0000 (88.5600)
2025-08-30 12:20:10,133 - timm.utils.checkpoint_saver: [    INFO] - Current checkpoints:
 ('./output/train/20250830-085552-resnet18_vcaV2-224/checkpoint/checkpoint-73.pth.tar', 68.88)
 ('./output/train/20250830-085552-resnet18_vcaV2-224/checkpoint/checkpoint-77.pth.tar', 68.86)
 ('./output/train/20250830-085552-resnet18_vcaV2-224/checkpoint/checkpoint-72.pth.tar', 68.74)
 ('./output/train/20250830-085552-resnet18_vcaV2-224/checkpoint/checkpoint-74.pth.tar', 68.63)
 ('./output/train/20250830-085552-resnet18_vcaV2-224/checkpoint/checkpoint-76.pth.tar', 68.63)
 ('./output/train/20250830-085552-resnet18_vcaV2-224/checkpoint/checkpoint-69.pth.tar', 68.59)
 ('./output/train/20250830-085552-resnet18_vcaV2-224/checkpoint/checkpoint-75.pth.tar', 68.59)
 ('./output/train/20250830-085552-resnet18_vcaV2-224/checkpoint/checkpoint-71.pth.tar', 68.57)
 ('./output/train/20250830-085552-resnet18_vcaV2-224/checkpoint/checkpoint-70.pth.tar', 68.36)
 ('./output/train/20250830-085552-resnet18_vcaV2-224/checkpoint/checkpoint-68.pth.tar', 67.97)

2025-08-30 12:20:11,209 -                train: [    INFO] - Train: 78 [   0/391 (  0%)]  Loss: 180.9 (181.)  Loss_cat: 0.6624 (0.662)  Loss_feat: 178.5 (179.)  Loss_gt: 1.683 (1.68) LR: 5.000e-03
2025-08-30 12:21:20,741 -                train: [    INFO] - Train: 78 [ 200/391 ( 51%)]  Loss: 185.4 (184.)  Loss_cat: 0.7001 (0.697)  Loss_feat: 183.0 (181.)  Loss_gt: 1.732 (1.62) LR: 5.000e-03
2025-08-30 12:22:26,573 -                train: [    INFO] - Train: 78 [ 390/391 (100%)]  Loss: 185.0 (184.)  Loss_cat: 0.6998 (0.699)  Loss_feat: 182.7 (181.)  Loss_gt: 1.611 (1.63) LR: 5.000e-03
2025-08-30 12:22:27,189 -                train: [    INFO] - Test: [   0/39]  Time: 0.555 (0.555)  Loss:  1.0218 (1.0218)  Acc@1: 76.1719 (76.1719)  Acc@5: 91.0156 (91.0156)
2025-08-30 12:22:44,652 -                train: [    INFO] - Test: [  39/39]  Time: 0.024 (0.450)  Loss:  1.8264 (1.2997)  Acc@1: 62.5000 (69.0500)  Acc@5: 87.5000 (88.3900)
2025-08-30 12:22:44,947 - timm.utils.checkpoint_saver: [    INFO] - Current checkpoints:
 ('./output/train/20250830-085552-resnet18_vcaV2-224/checkpoint/checkpoint-78.pth.tar', 69.05)
 ('./output/train/20250830-085552-resnet18_vcaV2-224/checkpoint/checkpoint-73.pth.tar', 68.88)
 ('./output/train/20250830-085552-resnet18_vcaV2-224/checkpoint/checkpoint-77.pth.tar', 68.86)
 ('./output/train/20250830-085552-resnet18_vcaV2-224/checkpoint/checkpoint-72.pth.tar', 68.74)
 ('./output/train/20250830-085552-resnet18_vcaV2-224/checkpoint/checkpoint-74.pth.tar', 68.63)
 ('./output/train/20250830-085552-resnet18_vcaV2-224/checkpoint/checkpoint-76.pth.tar', 68.63)
 ('./output/train/20250830-085552-resnet18_vcaV2-224/checkpoint/checkpoint-69.pth.tar', 68.59)
 ('./output/train/20250830-085552-resnet18_vcaV2-224/checkpoint/checkpoint-75.pth.tar', 68.59)
 ('./output/train/20250830-085552-resnet18_vcaV2-224/checkpoint/checkpoint-71.pth.tar', 68.57)
 ('./output/train/20250830-085552-resnet18_vcaV2-224/checkpoint/checkpoint-70.pth.tar', 68.36)

2025-08-30 12:22:45,990 -                train: [    INFO] - Train: 79 [   0/391 (  0%)]  Loss: 183.9 (184.)  Loss_cat: 0.7065 (0.706)  Loss_feat: 181.5 (182.)  Loss_gt: 1.705 (1.71) LR: 5.000e-03
2025-08-30 12:23:55,982 -                train: [    INFO] - Train: 79 [ 200/391 ( 51%)]  Loss: 182.6 (181.)  Loss_cat: 0.7373 (0.694)  Loss_feat: 180.1 (179.)  Loss_gt: 1.718 (1.61) LR: 5.000e-03
2025-08-30 12:25:01,940 -                train: [    INFO] - Train: 79 [ 390/391 (100%)]  Loss: 179.1 (182.)  Loss_cat: 0.6872 (0.698)  Loss_feat: 176.8 (179.)  Loss_gt: 1.648 (1.63) LR: 5.000e-03
2025-08-30 12:25:02,543 -                train: [    INFO] - Test: [   0/39]  Time: 0.552 (0.552)  Loss:  0.8921 (0.8921)  Acc@1: 77.3438 (77.3438)  Acc@5: 92.9688 (92.9688)
2025-08-30 12:25:20,012 -                train: [    INFO] - Test: [  39/39]  Time: 0.023 (0.451)  Loss:  1.4099 (1.3019)  Acc@1: 81.2500 (68.7400)  Acc@5: 100.0000 (88.5000)
2025-08-30 12:25:20,431 - timm.utils.checkpoint_saver: [    INFO] - Current checkpoints:
 ('./output/train/20250830-085552-resnet18_vcaV2-224/checkpoint/checkpoint-78.pth.tar', 69.05)
 ('./output/train/20250830-085552-resnet18_vcaV2-224/checkpoint/checkpoint-73.pth.tar', 68.88)
 ('./output/train/20250830-085552-resnet18_vcaV2-224/checkpoint/checkpoint-77.pth.tar', 68.86)
 ('./output/train/20250830-085552-resnet18_vcaV2-224/checkpoint/checkpoint-72.pth.tar', 68.74)
 ('./output/train/20250830-085552-resnet18_vcaV2-224/checkpoint/checkpoint-79.pth.tar', 68.74)
 ('./output/train/20250830-085552-resnet18_vcaV2-224/checkpoint/checkpoint-74.pth.tar', 68.63)
 ('./output/train/20250830-085552-resnet18_vcaV2-224/checkpoint/checkpoint-76.pth.tar', 68.63)
 ('./output/train/20250830-085552-resnet18_vcaV2-224/checkpoint/checkpoint-69.pth.tar', 68.59)
 ('./output/train/20250830-085552-resnet18_vcaV2-224/checkpoint/checkpoint-75.pth.tar', 68.59)
 ('./output/train/20250830-085552-resnet18_vcaV2-224/checkpoint/checkpoint-71.pth.tar', 68.57)

2025-08-30 12:25:21,495 -                train: [    INFO] - Train: 80 [   0/391 (  0%)]  Loss: 178.8 (179.)  Loss_cat: 0.6932 (0.693)  Loss_feat: 176.4 (176.)  Loss_gt: 1.672 (1.67) LR: 5.000e-03
2025-08-30 12:26:31,158 -                train: [    INFO] - Train: 80 [ 200/391 ( 51%)]  Loss: 178.9 (179.)  Loss_cat: 0.6890 (0.694)  Loss_feat: 176.7 (177.)  Loss_gt: 1.547 (1.62) LR: 5.000e-03
2025-08-30 12:27:37,460 -                train: [    INFO] - Train: 80 [ 390/391 (100%)]  Loss: 184.4 (180.)  Loss_cat: 0.7112 (0.697)  Loss_feat: 182.0 (177.)  Loss_gt: 1.701 (1.62) LR: 5.000e-03
2025-08-30 12:27:38,134 -                train: [    INFO] - Test: [   0/39]  Time: 0.619 (0.619)  Loss:  1.0752 (1.0752)  Acc@1: 75.3906 (75.3906)  Acc@5: 90.2344 (90.2344)
2025-08-30 12:27:55,123 -                train: [    INFO] - Test: [  39/39]  Time: 0.023 (0.440)  Loss:  1.4340 (1.3146)  Acc@1: 68.7500 (68.6100)  Acc@5: 100.0000 (88.3900)
2025-08-30 12:27:55,494 - timm.utils.checkpoint_saver: [    INFO] - Current checkpoints:
 ('./output/train/20250830-085552-resnet18_vcaV2-224/checkpoint/checkpoint-78.pth.tar', 69.05)
 ('./output/train/20250830-085552-resnet18_vcaV2-224/checkpoint/checkpoint-73.pth.tar', 68.88)
 ('./output/train/20250830-085552-resnet18_vcaV2-224/checkpoint/checkpoint-77.pth.tar', 68.86)
 ('./output/train/20250830-085552-resnet18_vcaV2-224/checkpoint/checkpoint-72.pth.tar', 68.74)
 ('./output/train/20250830-085552-resnet18_vcaV2-224/checkpoint/checkpoint-79.pth.tar', 68.74)
 ('./output/train/20250830-085552-resnet18_vcaV2-224/checkpoint/checkpoint-74.pth.tar', 68.63)
 ('./output/train/20250830-085552-resnet18_vcaV2-224/checkpoint/checkpoint-76.pth.tar', 68.63)
 ('./output/train/20250830-085552-resnet18_vcaV2-224/checkpoint/checkpoint-80.pth.tar', 68.61)
 ('./output/train/20250830-085552-resnet18_vcaV2-224/checkpoint/checkpoint-69.pth.tar', 68.59)
 ('./output/train/20250830-085552-resnet18_vcaV2-224/checkpoint/checkpoint-75.pth.tar', 68.59)

2025-08-30 12:27:56,555 -                train: [    INFO] - Train: 81 [   0/391 (  0%)]  Loss: 178.7 (179.)  Loss_cat: 0.7020 (0.702)  Loss_feat: 176.2 (176.)  Loss_gt: 1.753 (1.75) LR: 5.000e-03
2025-08-30 12:29:06,111 -                train: [    INFO] - Train: 81 [ 200/391 ( 51%)]  Loss: 176.5 (177.)  Loss_cat: 0.6759 (0.695)  Loss_feat: 174.3 (175.)  Loss_gt: 1.574 (1.61) LR: 5.000e-03
2025-08-30 12:30:12,020 -                train: [    INFO] - Train: 81 [ 390/391 (100%)]  Loss: 180.4 (178.)  Loss_cat: 0.7583 (0.697)  Loss_feat: 177.9 (175.)  Loss_gt: 1.694 (1.62) LR: 5.000e-03
2025-08-30 12:30:12,567 -                train: [    INFO] - Test: [   0/39]  Time: 0.483 (0.483)  Loss:  1.0007 (1.0007)  Acc@1: 74.6094 (74.6094)  Acc@5: 92.1875 (92.1875)
2025-08-30 12:30:28,823 -                train: [    INFO] - Test: [  39/39]  Time: 0.025 (0.418)  Loss:  1.5281 (1.3282)  Acc@1: 68.7500 (68.4000)  Acc@5: 93.7500 (88.2700)
2025-08-30 12:30:30,239 -                train: [    INFO] - Train: 82 [   0/391 (  0%)]  Loss: 174.5 (175.)  Loss_cat: 0.6762 (0.676)  Loss_feat: 172.3 (172.)  Loss_gt: 1.571 (1.57) LR: 5.000e-03
2025-08-30 12:31:40,063 -                train: [    INFO] - Train: 82 [ 200/391 ( 51%)]  Loss: 174.9 (175.)  Loss_cat: 0.6865 (0.693)  Loss_feat: 172.5 (173.)  Loss_gt: 1.652 (1.61) LR: 5.000e-03
2025-08-30 12:32:46,196 -                train: [    INFO] - Train: 82 [ 390/391 (100%)]  Loss: 176.1 (175.)  Loss_cat: 0.7000 (0.695)  Loss_feat: 173.8 (173.)  Loss_gt: 1.686 (1.62) LR: 5.000e-03
2025-08-30 12:32:46,798 -                train: [    INFO] - Test: [   0/39]  Time: 0.535 (0.535)  Loss:  1.0357 (1.0357)  Acc@1: 75.7812 (75.7812)  Acc@5: 90.2344 (90.2344)
2025-08-30 12:33:04,600 -                train: [    INFO] - Test: [  39/39]  Time: 0.023 (0.458)  Loss:  2.0577 (1.3064)  Acc@1: 56.2500 (68.6700)  Acc@5: 81.2500 (88.4200)
2025-08-30 12:33:04,891 - timm.utils.checkpoint_saver: [    INFO] - Current checkpoints:
 ('./output/train/20250830-085552-resnet18_vcaV2-224/checkpoint/checkpoint-78.pth.tar', 69.05)
 ('./output/train/20250830-085552-resnet18_vcaV2-224/checkpoint/checkpoint-73.pth.tar', 68.88)
 ('./output/train/20250830-085552-resnet18_vcaV2-224/checkpoint/checkpoint-77.pth.tar', 68.86)
 ('./output/train/20250830-085552-resnet18_vcaV2-224/checkpoint/checkpoint-72.pth.tar', 68.74)
 ('./output/train/20250830-085552-resnet18_vcaV2-224/checkpoint/checkpoint-79.pth.tar', 68.74)
 ('./output/train/20250830-085552-resnet18_vcaV2-224/checkpoint/checkpoint-82.pth.tar', 68.67)
 ('./output/train/20250830-085552-resnet18_vcaV2-224/checkpoint/checkpoint-74.pth.tar', 68.63)
 ('./output/train/20250830-085552-resnet18_vcaV2-224/checkpoint/checkpoint-76.pth.tar', 68.63)
 ('./output/train/20250830-085552-resnet18_vcaV2-224/checkpoint/checkpoint-80.pth.tar', 68.61)
 ('./output/train/20250830-085552-resnet18_vcaV2-224/checkpoint/checkpoint-69.pth.tar', 68.59)

2025-08-30 12:33:06,064 -                train: [    INFO] - Train: 83 [   0/391 (  0%)]  Loss: 174.5 (174.)  Loss_cat: 0.6968 (0.697)  Loss_feat: 172.1 (172.)  Loss_gt: 1.662 (1.66) LR: 5.000e-03
2025-08-30 12:34:15,692 -                train: [    INFO] - Train: 83 [ 200/391 ( 51%)]  Loss: 173.3 (173.)  Loss_cat: 0.6911 (0.693)  Loss_feat: 170.9 (171.)  Loss_gt: 1.676 (1.61) LR: 5.000e-03
2025-08-30 12:35:21,694 -                train: [    INFO] - Train: 83 [ 390/391 (100%)]  Loss: 174.7 (173.)  Loss_cat: 0.7352 (0.695)  Loss_feat: 172.2 (171.)  Loss_gt: 1.783 (1.62) LR: 5.000e-03
2025-08-30 12:35:22,293 -                train: [    INFO] - Test: [   0/39]  Time: 0.537 (0.537)  Loss:  1.0122 (1.0122)  Acc@1: 77.7344 (77.7344)  Acc@5: 92.1875 (92.1875)
2025-08-30 12:35:40,004 -                train: [    INFO] - Test: [  39/39]  Time: 0.023 (0.456)  Loss:  1.4565 (1.3193)  Acc@1: 68.7500 (68.4000)  Acc@5: 100.0000 (88.3900)
2025-08-30 12:35:41,317 -                train: [    INFO] - Train: 84 [   0/391 (  0%)]  Loss: 171.4 (171.)  Loss_cat: 0.7141 (0.714)  Loss_feat: 169.1 (169.)  Loss_gt: 1.596 (1.60) LR: 5.000e-03
2025-08-30 12:36:51,228 -                train: [    INFO] - Train: 84 [ 200/391 ( 51%)]  Loss: 170.1 (171.)  Loss_cat: 0.6756 (0.694)  Loss_feat: 167.8 (169.)  Loss_gt: 1.615 (1.61) LR: 5.000e-03
2025-08-30 12:37:57,496 -                train: [    INFO] - Train: 84 [ 390/391 (100%)]  Loss: 173.5 (171.)  Loss_cat: 0.7341 (0.695)  Loss_feat: 171.2 (169.)  Loss_gt: 1.598 (1.61) LR: 5.000e-03
2025-08-30 12:37:58,105 -                train: [    INFO] - Test: [   0/39]  Time: 0.543 (0.543)  Loss:  1.1557 (1.1557)  Acc@1: 73.4375 (73.4375)  Acc@5: 89.4531 (89.4531)
2025-08-30 12:38:17,285 -                train: [    INFO] - Test: [  39/39]  Time: 0.022 (0.493)  Loss:  1.3853 (1.3276)  Acc@1: 68.7500 (68.4100)  Acc@5: 93.7500 (88.0000)
2025-08-30 12:38:18,745 -                train: [    INFO] - Train: 85 [   0/391 (  0%)]  Loss: 169.5 (169.)  Loss_cat: 0.6930 (0.693)  Loss_feat: 167.2 (167.)  Loss_gt: 1.587 (1.59) LR: 5.000e-03
2025-08-30 12:39:28,733 -                train: [    INFO] - Train: 85 [ 200/391 ( 51%)]  Loss: 171.9 (169.)  Loss_cat: 0.7067 (0.694)  Loss_feat: 169.5 (167.)  Loss_gt: 1.724 (1.60) LR: 5.000e-03
2025-08-30 12:40:35,417 -                train: [    INFO] - Train: 85 [ 390/391 (100%)]  Loss: 171.9 (169.)  Loss_cat: 0.7345 (0.695)  Loss_feat: 169.4 (167.)  Loss_gt: 1.703 (1.61) LR: 5.000e-03
2025-08-30 12:40:36,053 -                train: [    INFO] - Test: [   0/39]  Time: 0.567 (0.567)  Loss:  1.0386 (1.0386)  Acc@1: 75.3906 (75.3906)  Acc@5: 91.7969 (91.7969)
2025-08-30 12:40:54,441 -                train: [    INFO] - Test: [  39/39]  Time: 0.023 (0.474)  Loss:  1.4982 (1.3203)  Acc@1: 62.5000 (68.4800)  Acc@5: 93.7500 (88.3500)
2025-08-30 12:40:55,867 -                train: [    INFO] - Train: 86 [   0/391 (  0%)]  Loss: 167.8 (168.)  Loss_cat: 0.6911 (0.691)  Loss_feat: 165.6 (166.)  Loss_gt: 1.505 (1.51) LR: 5.000e-03
2025-08-30 12:42:05,733 -                train: [    INFO] - Train: 86 [ 200/391 ( 51%)]  Loss: 167.7 (167.)  Loss_cat: 0.6971 (0.695)  Loss_feat: 165.4 (165.)  Loss_gt: 1.685 (1.61) LR: 5.000e-03
2025-08-30 12:43:12,217 -                train: [    INFO] - Train: 86 [ 390/391 (100%)]  Loss: 165.2 (167.)  Loss_cat: 0.6882 (0.695)  Loss_feat: 162.8 (165.)  Loss_gt: 1.642 (1.61) LR: 5.000e-03
2025-08-30 12:43:12,889 -                train: [    INFO] - Test: [   0/39]  Time: 0.609 (0.609)  Loss:  1.0693 (1.0693)  Acc@1: 75.3906 (75.3906)  Acc@5: 91.0156 (91.0156)
2025-08-30 12:43:32,598 -                train: [    INFO] - Test: [  39/39]  Time: 0.023 (0.508)  Loss:  1.7329 (1.3198)  Acc@1: 56.2500 (68.3800)  Acc@5: 93.7500 (88.2500)
2025-08-30 12:43:34,037 -                train: [    INFO] - Train: 87 [   0/391 (  0%)]  Loss: 164.8 (165.)  Loss_cat: 0.7030 (0.703)  Loss_feat: 162.6 (163.)  Loss_gt: 1.485 (1.49) LR: 5.000e-03
2025-08-30 12:44:43,706 -                train: [    INFO] - Train: 87 [ 200/391 ( 51%)]  Loss: 164.8 (165.)  Loss_cat: 0.6916 (0.691)  Loss_feat: 162.5 (163.)  Loss_gt: 1.600 (1.60) LR: 5.000e-03
2025-08-30 12:45:49,460 -                train: [    INFO] - Train: 87 [ 390/391 (100%)]  Loss: 163.6 (165.)  Loss_cat: 0.6942 (0.693)  Loss_feat: 161.3 (163.)  Loss_gt: 1.603 (1.61) LR: 5.000e-03
2025-08-30 12:45:50,040 -                train: [    INFO] - Test: [   0/39]  Time: 0.532 (0.532)  Loss:  1.0619 (1.0619)  Acc@1: 75.0000 (75.0000)  Acc@5: 90.2344 (90.2344)
2025-08-30 12:46:12,741 -                train: [    INFO] - Test: [  39/39]  Time: 0.023 (0.581)  Loss:  1.8062 (1.3175)  Acc@1: 62.5000 (68.2700)  Acc@5: 93.7500 (88.4800)
2025-08-30 12:46:14,620 -                train: [    INFO] - Train: 88 [   0/391 (  0%)]  Loss: 159.5 (160.)  Loss_cat: 0.6623 (0.662)  Loss_feat: 157.3 (157.)  Loss_gt: 1.545 (1.55) LR: 5.000e-03
2025-08-30 12:47:24,038 -                train: [    INFO] - Train: 88 [ 200/391 ( 51%)]  Loss: 159.9 (163.)  Loss_cat: 0.6693 (0.692)  Loss_feat: 157.7 (161.)  Loss_gt: 1.589 (1.61) LR: 5.000e-03
2025-08-30 12:48:29,864 -                train: [    INFO] - Train: 88 [ 390/391 (100%)]  Loss: 164.5 (163.)  Loss_cat: 0.7158 (0.694)  Loss_feat: 162.2 (161.)  Loss_gt: 1.599 (1.61) LR: 5.000e-03
2025-08-30 12:48:30,477 -                train: [    INFO] - Test: [   0/39]  Time: 0.555 (0.555)  Loss:  0.9848 (0.9848)  Acc@1: 77.3438 (77.3438)  Acc@5: 92.5781 (92.5781)
2025-08-30 12:48:47,710 -                train: [    INFO] - Test: [  39/39]  Time: 0.031 (0.445)  Loss:  1.6419 (1.3098)  Acc@1: 68.7500 (69.1500)  Acc@5: 100.0000 (88.1600)
2025-08-30 12:48:48,019 - timm.utils.checkpoint_saver: [    INFO] - Current checkpoints:
 ('./output/train/20250830-085552-resnet18_vcaV2-224/checkpoint/checkpoint-88.pth.tar', 69.15)
 ('./output/train/20250830-085552-resnet18_vcaV2-224/checkpoint/checkpoint-78.pth.tar', 69.05)
 ('./output/train/20250830-085552-resnet18_vcaV2-224/checkpoint/checkpoint-73.pth.tar', 68.88)
 ('./output/train/20250830-085552-resnet18_vcaV2-224/checkpoint/checkpoint-77.pth.tar', 68.86)
 ('./output/train/20250830-085552-resnet18_vcaV2-224/checkpoint/checkpoint-72.pth.tar', 68.74)
 ('./output/train/20250830-085552-resnet18_vcaV2-224/checkpoint/checkpoint-79.pth.tar', 68.74)
 ('./output/train/20250830-085552-resnet18_vcaV2-224/checkpoint/checkpoint-82.pth.tar', 68.67)
 ('./output/train/20250830-085552-resnet18_vcaV2-224/checkpoint/checkpoint-74.pth.tar', 68.63)
 ('./output/train/20250830-085552-resnet18_vcaV2-224/checkpoint/checkpoint-76.pth.tar', 68.63)
 ('./output/train/20250830-085552-resnet18_vcaV2-224/checkpoint/checkpoint-80.pth.tar', 68.61)

2025-08-30 12:48:49,101 -                train: [    INFO] - Train: 89 [   0/391 (  0%)]  Loss: 160.9 (161.)  Loss_cat: 0.6942 (0.694)  Loss_feat: 158.6 (159.)  Loss_gt: 1.551 (1.55) LR: 5.000e-03
2025-08-30 12:49:58,666 -                train: [    INFO] - Train: 89 [ 200/391 ( 51%)]  Loss: 160.6 (161.)  Loss_cat: 0.6830 (0.690)  Loss_feat: 158.3 (159.)  Loss_gt: 1.530 (1.60) LR: 5.000e-03
2025-08-30 12:51:04,540 -                train: [    INFO] - Train: 89 [ 390/391 (100%)]  Loss: 159.8 (161.)  Loss_cat: 0.6949 (0.692)  Loss_feat: 157.7 (159.)  Loss_gt: 1.419 (1.61) LR: 5.000e-03
2025-08-30 12:51:05,164 -                train: [    INFO] - Test: [   0/39]  Time: 0.562 (0.562)  Loss:  1.1558 (1.1558)  Acc@1: 74.2188 (74.2188)  Acc@5: 91.0156 (91.0156)
2025-08-30 12:51:22,482 -                train: [    INFO] - Test: [  39/39]  Time: 0.023 (0.447)  Loss:  1.3054 (1.3455)  Acc@1: 75.0000 (68.0900)  Acc@5: 93.7500 (88.0800)
2025-08-30 12:51:23,824 -                train: [    INFO] - Train: 90 [   0/391 (  0%)]  Loss: 156.3 (156.)  Loss_cat: 0.6662 (0.666)  Loss_feat: 154.0 (154.)  Loss_gt: 1.638 (1.64) LR: 5.000e-03
2025-08-30 12:52:33,462 -                train: [    INFO] - Train: 90 [ 200/391 ( 51%)]  Loss: 160.7 (159.)  Loss_cat: 0.7250 (0.692)  Loss_feat: 158.3 (157.)  Loss_gt: 1.703 (1.60) LR: 5.000e-03
2025-08-30 12:53:39,404 -                train: [    INFO] - Train: 90 [ 390/391 (100%)]  Loss: 160.2 (159.)  Loss_cat: 0.7126 (0.693)  Loss_feat: 157.8 (157.)  Loss_gt: 1.671 (1.60) LR: 5.000e-03
2025-08-30 12:53:39,988 -                train: [    INFO] - Test: [   0/39]  Time: 0.527 (0.527)  Loss:  0.9799 (0.9799)  Acc@1: 77.3438 (77.3438)  Acc@5: 92.9688 (92.9688)
2025-08-30 12:53:57,165 -                train: [    INFO] - Test: [  39/39]  Time: 0.027 (0.443)  Loss:  1.7808 (1.3268)  Acc@1: 56.2500 (68.5200)  Acc@5: 93.7500 (88.0200)
2025-08-30 12:53:58,485 -                train: [    INFO] - Train: 91 [   0/391 (  0%)]  Loss: 155.2 (155.)  Loss_cat: 0.6789 (0.679)  Loss_feat: 152.9 (153.)  Loss_gt: 1.598 (1.60) LR: 5.000e-03
2025-08-30 12:55:08,137 -                train: [    INFO] - Train: 91 [ 200/391 ( 51%)]  Loss: 155.6 (157.)  Loss_cat: 0.6710 (0.689)  Loss_feat: 153.4 (154.)  Loss_gt: 1.579 (1.59) LR: 5.000e-03
2025-08-30 12:56:14,076 -                train: [    INFO] - Train: 91 [ 390/391 (100%)]  Loss: 157.8 (157.)  Loss_cat: 0.6917 (0.692)  Loss_feat: 155.5 (155.)  Loss_gt: 1.587 (1.60) LR: 5.000e-03
2025-08-30 12:56:14,688 -                train: [    INFO] - Test: [   0/39]  Time: 0.553 (0.553)  Loss:  1.0295 (1.0295)  Acc@1: 74.6094 (74.6094)  Acc@5: 91.4062 (91.4062)
2025-08-30 12:56:31,885 -                train: [    INFO] - Test: [  39/39]  Time: 0.028 (0.444)  Loss:  1.5548 (1.3033)  Acc@1: 56.2500 (69.1500)  Acc@5: 93.7500 (88.4700)
2025-08-30 12:56:32,201 - timm.utils.checkpoint_saver: [    INFO] - Current checkpoints:
 ('./output/train/20250830-085552-resnet18_vcaV2-224/checkpoint/checkpoint-88.pth.tar', 69.15)
 ('./output/train/20250830-085552-resnet18_vcaV2-224/checkpoint/checkpoint-91.pth.tar', 69.15)
 ('./output/train/20250830-085552-resnet18_vcaV2-224/checkpoint/checkpoint-78.pth.tar', 69.05)
 ('./output/train/20250830-085552-resnet18_vcaV2-224/checkpoint/checkpoint-73.pth.tar', 68.88)
 ('./output/train/20250830-085552-resnet18_vcaV2-224/checkpoint/checkpoint-77.pth.tar', 68.86)
 ('./output/train/20250830-085552-resnet18_vcaV2-224/checkpoint/checkpoint-72.pth.tar', 68.74)
 ('./output/train/20250830-085552-resnet18_vcaV2-224/checkpoint/checkpoint-79.pth.tar', 68.74)
 ('./output/train/20250830-085552-resnet18_vcaV2-224/checkpoint/checkpoint-82.pth.tar', 68.67)
 ('./output/train/20250830-085552-resnet18_vcaV2-224/checkpoint/checkpoint-74.pth.tar', 68.63)
 ('./output/train/20250830-085552-resnet18_vcaV2-224/checkpoint/checkpoint-76.pth.tar', 68.63)

2025-08-30 12:56:33,250 -                train: [    INFO] - Train: 92 [   0/391 (  0%)]  Loss: 153.3 (153.)  Loss_cat: 0.6853 (0.685)  Loss_feat: 151.1 (151.)  Loss_gt: 1.545 (1.54) LR: 5.000e-03
2025-08-30 12:57:42,699 -                train: [    INFO] - Train: 92 [ 200/391 ( 51%)]  Loss: 155.7 (155.)  Loss_cat: 0.7071 (0.689)  Loss_feat: 153.3 (152.)  Loss_gt: 1.681 (1.59) LR: 5.000e-03
2025-08-30 12:58:49,091 -                train: [    INFO] - Train: 92 [ 390/391 (100%)]  Loss: 157.5 (155.)  Loss_cat: 0.7325 (0.691)  Loss_feat: 155.1 (152.)  Loss_gt: 1.697 (1.60) LR: 5.000e-03
2025-08-30 12:58:49,797 -                train: [    INFO] - Test: [   0/39]  Time: 0.645 (0.645)  Loss:  1.0666 (1.0666)  Acc@1: 76.5625 (76.5625)  Acc@5: 90.2344 (90.2344)
2025-08-30 12:59:10,513 -                train: [    INFO] - Test: [  39/39]  Time: 0.027 (0.534)  Loss:  1.7058 (1.3251)  Acc@1: 62.5000 (68.1800)  Acc@5: 93.7500 (88.5000)
2025-08-30 12:59:12,133 -                train: [    INFO] - Train: 93 [   0/391 (  0%)]  Loss: 153.6 (154.)  Loss_cat: 0.6942 (0.694)  Loss_feat: 151.2 (151.)  Loss_gt: 1.703 (1.70) LR: 5.000e-03
2025-08-30 13:00:21,876 -                train: [    INFO] - Train: 93 [ 200/391 ( 51%)]  Loss: 154.2 (152.)  Loss_cat: 0.7109 (0.686)  Loss_feat: 151.9 (150.)  Loss_gt: 1.535 (1.59) LR: 5.000e-03
2025-08-30 13:01:28,434 -                train: [    INFO] - Train: 93 [ 390/391 (100%)]  Loss: 153.8 (153.)  Loss_cat: 0.7017 (0.689)  Loss_feat: 151.5 (150.)  Loss_gt: 1.547 (1.60) LR: 5.000e-03
2025-08-30 13:01:29,245 -                train: [    INFO] - Test: [   0/39]  Time: 0.641 (0.641)  Loss:  0.9598 (0.9598)  Acc@1: 76.5625 (76.5625)  Acc@5: 93.7500 (93.7500)
2025-08-30 13:01:48,427 -                train: [    INFO] - Test: [  39/39]  Time: 0.023 (0.496)  Loss:  1.9091 (1.3319)  Acc@1: 56.2500 (68.0600)  Acc@5: 93.7500 (88.0000)
2025-08-30 13:01:49,866 -                train: [    INFO] - Train: 94 [   0/391 (  0%)]  Loss: 148.7 (149.)  Loss_cat: 0.6829 (0.683)  Loss_feat: 146.6 (147.)  Loss_gt: 1.490 (1.49) LR: 5.000e-03
2025-08-30 13:02:59,497 -                train: [    INFO] - Train: 94 [ 200/391 ( 51%)]  Loss: 153.7 (150.)  Loss_cat: 0.7332 (0.688)  Loss_feat: 151.4 (148.)  Loss_gt: 1.590 (1.59) LR: 5.000e-03
2025-08-30 13:04:05,892 -                train: [    INFO] - Train: 94 [ 390/391 (100%)]  Loss: 150.3 (150.)  Loss_cat: 0.7055 (0.688)  Loss_feat: 148.0 (148.)  Loss_gt: 1.624 (1.60) LR: 5.000e-03
2025-08-30 13:04:06,487 -                train: [    INFO] - Test: [   0/39]  Time: 0.544 (0.544)  Loss:  1.0417 (1.0417)  Acc@1: 75.7812 (75.7812)  Acc@5: 91.7969 (91.7969)
2025-08-30 13:04:24,864 -                train: [    INFO] - Test: [  39/39]  Time: 0.023 (0.473)  Loss:  1.8371 (1.3423)  Acc@1: 68.7500 (67.8200)  Acc@5: 100.0000 (88.0600)
2025-08-30 13:04:26,254 -                train: [    INFO] - Train: 95 [   0/391 (  0%)]  Loss: 147.7 (148.)  Loss_cat: 0.7028 (0.703)  Loss_feat: 145.4 (145.)  Loss_gt: 1.571 (1.57) LR: 5.000e-03
2025-08-30 13:05:36,266 -                train: [    INFO] - Train: 95 [ 200/391 ( 51%)]  Loss: 150.9 (148.)  Loss_cat: 0.7143 (0.687)  Loss_feat: 148.5 (146.)  Loss_gt: 1.670 (1.58) LR: 5.000e-03
2025-08-30 13:06:42,530 -                train: [    INFO] - Train: 95 [ 390/391 (100%)]  Loss: 150.8 (148.)  Loss_cat: 0.7020 (0.688)  Loss_feat: 148.5 (146.)  Loss_gt: 1.550 (1.59) LR: 5.000e-03
2025-08-30 13:06:43,144 -                train: [    INFO] - Test: [   0/39]  Time: 0.549 (0.549)  Loss:  0.9315 (0.9315)  Acc@1: 77.3438 (77.3438)  Acc@5: 91.0156 (91.0156)
2025-08-30 13:07:02,893 -                train: [    INFO] - Test: [  39/39]  Time: 0.026 (0.507)  Loss:  1.6226 (1.3244)  Acc@1: 62.5000 (68.1900)  Acc@5: 81.2500 (88.0700)
2025-08-30 13:07:04,242 -                train: [    INFO] - Train: 96 [   0/391 (  0%)]  Loss: 146.0 (146.)  Loss_cat: 0.6982 (0.698)  Loss_feat: 143.8 (144.)  Loss_gt: 1.505 (1.50) LR: 5.000e-03
2025-08-30 13:08:13,887 -                train: [    INFO] - Train: 96 [ 200/391 ( 51%)]  Loss: 147.8 (146.)  Loss_cat: 0.7079 (0.684)  Loss_feat: 145.4 (144.)  Loss_gt: 1.612 (1.58) LR: 5.000e-03
2025-08-30 13:09:19,601 -                train: [    INFO] - Train: 96 [ 390/391 (100%)]  Loss: 147.5 (146.)  Loss_cat: 0.7106 (0.688)  Loss_feat: 145.2 (144.)  Loss_gt: 1.526 (1.59) LR: 5.000e-03
2025-08-30 13:09:20,786 -                train: [    INFO] - Test: [   0/39]  Time: 0.954 (0.954)  Loss:  1.1722 (1.1722)  Acc@1: 71.4844 (71.4844)  Acc@5: 89.8438 (89.8438)
2025-08-30 13:09:49,137 -                train: [    INFO] - Test: [  39/39]  Time: 0.023 (0.733)  Loss:  1.7223 (1.3284)  Acc@1: 68.7500 (68.2000)  Acc@5: 93.7500 (88.2700)
2025-08-30 13:09:50,526 -                train: [    INFO] - Train: 97 [   0/391 (  0%)]  Loss: 145.8 (146.)  Loss_cat: 0.7004 (0.700)  Loss_feat: 143.5 (143.)  Loss_gt: 1.597 (1.60) LR: 5.000e-03
2025-08-30 13:10:59,835 -                train: [    INFO] - Train: 97 [ 200/391 ( 51%)]  Loss: 143.1 (144.)  Loss_cat: 0.6766 (0.684)  Loss_feat: 140.8 (142.)  Loss_gt: 1.618 (1.58) LR: 5.000e-03
2025-08-30 13:12:05,808 -                train: [    INFO] - Train: 97 [ 390/391 (100%)]  Loss: 148.5 (144.)  Loss_cat: 0.7377 (0.687)  Loss_feat: 146.1 (142.)  Loss_gt: 1.701 (1.59) LR: 5.000e-03
2025-08-30 13:12:06,389 -                train: [    INFO] - Test: [   0/39]  Time: 0.532 (0.532)  Loss:  1.1569 (1.1569)  Acc@1: 73.4375 (73.4375)  Acc@5: 89.8438 (89.8438)
2025-08-30 13:12:23,512 -                train: [    INFO] - Test: [  39/39]  Time: 0.022 (0.441)  Loss:  1.5726 (1.3345)  Acc@1: 62.5000 (68.4500)  Acc@5: 93.7500 (88.3400)
2025-08-30 13:12:24,897 -                train: [    INFO] - Train: 98 [   0/391 (  0%)]  Loss: 140.5 (141.)  Loss_cat: 0.6753 (0.675)  Loss_feat: 138.3 (138.)  Loss_gt: 1.531 (1.53) LR: 5.000e-03
2025-08-30 13:13:34,198 -                train: [    INFO] - Train: 98 [ 200/391 ( 51%)]  Loss: 142.7 (142.)  Loss_cat: 0.6725 (0.683)  Loss_feat: 140.3 (140.)  Loss_gt: 1.694 (1.58) LR: 5.000e-03
2025-08-30 13:14:40,037 -                train: [    INFO] - Train: 98 [ 390/391 (100%)]  Loss: 143.0 (142.)  Loss_cat: 0.7104 (0.686)  Loss_feat: 140.5 (140.)  Loss_gt: 1.735 (1.59) LR: 5.000e-03
2025-08-30 13:14:40,622 -                train: [    INFO] - Test: [   0/39]  Time: 0.533 (0.533)  Loss:  0.9699 (0.9699)  Acc@1: 77.7344 (77.7344)  Acc@5: 92.5781 (92.5781)
2025-08-30 13:14:57,730 -                train: [    INFO] - Test: [  39/39]  Time: 0.023 (0.441)  Loss:  1.5205 (1.3025)  Acc@1: 62.5000 (68.8700)  Acc@5: 93.7500 (88.3900)
2025-08-30 13:14:58,005 - timm.utils.checkpoint_saver: [    INFO] - Current checkpoints:
 ('./output/train/20250830-085552-resnet18_vcaV2-224/checkpoint/checkpoint-88.pth.tar', 69.15)
 ('./output/train/20250830-085552-resnet18_vcaV2-224/checkpoint/checkpoint-91.pth.tar', 69.15)
 ('./output/train/20250830-085552-resnet18_vcaV2-224/checkpoint/checkpoint-78.pth.tar', 69.05)
 ('./output/train/20250830-085552-resnet18_vcaV2-224/checkpoint/checkpoint-73.pth.tar', 68.88)
 ('./output/train/20250830-085552-resnet18_vcaV2-224/checkpoint/checkpoint-98.pth.tar', 68.87)
 ('./output/train/20250830-085552-resnet18_vcaV2-224/checkpoint/checkpoint-77.pth.tar', 68.86)
 ('./output/train/20250830-085552-resnet18_vcaV2-224/checkpoint/checkpoint-72.pth.tar', 68.74)
 ('./output/train/20250830-085552-resnet18_vcaV2-224/checkpoint/checkpoint-79.pth.tar', 68.74)
 ('./output/train/20250830-085552-resnet18_vcaV2-224/checkpoint/checkpoint-82.pth.tar', 68.67)
 ('./output/train/20250830-085552-resnet18_vcaV2-224/checkpoint/checkpoint-74.pth.tar', 68.63)

2025-08-30 13:14:59,032 -                train: [    INFO] - Train: 99 [   0/391 (  0%)]  Loss: 140.0 (140.)  Loss_cat: 0.6828 (0.683)  Loss_feat: 137.8 (138.)  Loss_gt: 1.610 (1.61) LR: 5.000e-03
2025-08-30 13:16:08,376 -                train: [    INFO] - Train: 99 [ 200/391 ( 51%)]  Loss: 137.4 (140.)  Loss_cat: 0.6543 (0.683)  Loss_feat: 135.2 (137.)  Loss_gt: 1.528 (1.58) LR: 5.000e-03
2025-08-30 13:17:14,144 -                train: [    INFO] - Train: 99 [ 390/391 (100%)]  Loss: 140.7 (140.)  Loss_cat: 0.7147 (0.685)  Loss_feat: 138.5 (138.)  Loss_gt: 1.497 (1.58) LR: 5.000e-03
2025-08-30 13:17:14,729 -                train: [    INFO] - Test: [   0/39]  Time: 0.533 (0.533)  Loss:  0.9747 (0.9747)  Acc@1: 78.5156 (78.5156)  Acc@5: 92.1875 (92.1875)
2025-08-30 13:17:29,989 -                train: [    INFO] - Test: [  39/39]  Time: 0.025 (0.395)  Loss:  1.4807 (1.3068)  Acc@1: 68.7500 (69.0400)  Acc@5: 87.5000 (88.4000)
2025-08-30 13:17:30,282 - timm.utils.checkpoint_saver: [    INFO] - Current checkpoints:
 ('./output/train/20250830-085552-resnet18_vcaV2-224/checkpoint/checkpoint-88.pth.tar', 69.15)
 ('./output/train/20250830-085552-resnet18_vcaV2-224/checkpoint/checkpoint-91.pth.tar', 69.15)
 ('./output/train/20250830-085552-resnet18_vcaV2-224/checkpoint/checkpoint-78.pth.tar', 69.05)
 ('./output/train/20250830-085552-resnet18_vcaV2-224/checkpoint/checkpoint-99.pth.tar', 69.04)
 ('./output/train/20250830-085552-resnet18_vcaV2-224/checkpoint/checkpoint-73.pth.tar', 68.88)
 ('./output/train/20250830-085552-resnet18_vcaV2-224/checkpoint/checkpoint-98.pth.tar', 68.87)
 ('./output/train/20250830-085552-resnet18_vcaV2-224/checkpoint/checkpoint-77.pth.tar', 68.86)
 ('./output/train/20250830-085552-resnet18_vcaV2-224/checkpoint/checkpoint-72.pth.tar', 68.74)
 ('./output/train/20250830-085552-resnet18_vcaV2-224/checkpoint/checkpoint-79.pth.tar', 68.74)
 ('./output/train/20250830-085552-resnet18_vcaV2-224/checkpoint/checkpoint-82.pth.tar', 68.67)

2025-08-30 13:17:31,439 -                train: [    INFO] - Train: 100 [   0/391 (  0%)]  Loss: 137.0 (137.)  Loss_cat: 0.6883 (0.688)  Loss_feat: 134.8 (135.)  Loss_gt: 1.473 (1.47) LR: 5.000e-03
2025-08-30 13:18:40,942 -                train: [    INFO] - Train: 100 [ 200/391 ( 51%)]  Loss: 137.9 (137.)  Loss_cat: 0.6742 (0.680)  Loss_feat: 135.5 (135.)  Loss_gt: 1.659 (1.57) LR: 5.000e-03
2025-08-30 13:19:46,844 -                train: [    INFO] - Train: 100 [ 390/391 (100%)]  Loss: 139.0 (138.)  Loss_cat: 0.6910 (0.684)  Loss_feat: 136.4 (135.)  Loss_gt: 1.873 (1.58) LR: 5.000e-03
2025-08-30 13:19:47,464 -                train: [    INFO] - Test: [   0/39]  Time: 0.547 (0.547)  Loss:  0.9760 (0.9760)  Acc@1: 75.7812 (75.7812)  Acc@5: 92.9688 (92.9688)
2025-08-30 13:20:07,186 -                train: [    INFO] - Test: [  39/39]  Time: 0.023 (0.507)  Loss:  1.3419 (1.3070)  Acc@1: 68.7500 (68.7200)  Acc@5: 93.7500 (88.3500)
2025-08-30 13:20:07,565 - timm.utils.checkpoint_saver: [    INFO] - Current checkpoints:
 ('./output/train/20250830-085552-resnet18_vcaV2-224/checkpoint/checkpoint-88.pth.tar', 69.15)
 ('./output/train/20250830-085552-resnet18_vcaV2-224/checkpoint/checkpoint-91.pth.tar', 69.15)
 ('./output/train/20250830-085552-resnet18_vcaV2-224/checkpoint/checkpoint-78.pth.tar', 69.05)
 ('./output/train/20250830-085552-resnet18_vcaV2-224/checkpoint/checkpoint-99.pth.tar', 69.04)
 ('./output/train/20250830-085552-resnet18_vcaV2-224/checkpoint/checkpoint-73.pth.tar', 68.88)
 ('./output/train/20250830-085552-resnet18_vcaV2-224/checkpoint/checkpoint-98.pth.tar', 68.87)
 ('./output/train/20250830-085552-resnet18_vcaV2-224/checkpoint/checkpoint-77.pth.tar', 68.86)
 ('./output/train/20250830-085552-resnet18_vcaV2-224/checkpoint/checkpoint-72.pth.tar', 68.74)
 ('./output/train/20250830-085552-resnet18_vcaV2-224/checkpoint/checkpoint-79.pth.tar', 68.74)
 ('./output/train/20250830-085552-resnet18_vcaV2-224/checkpoint/checkpoint-100.pth.tar', 68.72)

2025-08-30 13:20:08,619 -                train: [    INFO] - Train: 101 [   0/391 (  0%)]  Loss: 136.3 (136.)  Loss_cat: 0.6805 (0.680)  Loss_feat: 133.8 (134.)  Loss_gt: 1.745 (1.75) LR: 5.000e-03
2025-08-30 13:21:18,088 -                train: [    INFO] - Train: 101 [ 200/391 ( 51%)]  Loss: 134.6 (135.)  Loss_cat: 0.6454 (0.681)  Loss_feat: 132.4 (133.)  Loss_gt: 1.497 (1.57) LR: 5.000e-03
2025-08-30 13:22:23,987 -                train: [    INFO] - Train: 101 [ 390/391 (100%)]  Loss: 136.0 (136.)  Loss_cat: 0.6866 (0.684)  Loss_feat: 133.8 (133.)  Loss_gt: 1.475 (1.58) LR: 5.000e-03
2025-08-30 13:22:24,632 -                train: [    INFO] - Test: [   0/39]  Time: 0.581 (0.581)  Loss:  1.0286 (1.0286)  Acc@1: 76.9531 (76.9531)  Acc@5: 90.6250 (90.6250)
2025-08-30 13:22:41,785 -                train: [    INFO] - Test: [  39/39]  Time: 0.024 (0.443)  Loss:  1.5827 (1.3027)  Acc@1: 62.5000 (69.1200)  Acc@5: 93.7500 (88.5500)
2025-08-30 13:22:42,051 - timm.utils.checkpoint_saver: [    INFO] - Current checkpoints:
 ('./output/train/20250830-085552-resnet18_vcaV2-224/checkpoint/checkpoint-88.pth.tar', 69.15)
 ('./output/train/20250830-085552-resnet18_vcaV2-224/checkpoint/checkpoint-91.pth.tar', 69.15)
 ('./output/train/20250830-085552-resnet18_vcaV2-224/checkpoint/checkpoint-101.pth.tar', 69.12)
 ('./output/train/20250830-085552-resnet18_vcaV2-224/checkpoint/checkpoint-78.pth.tar', 69.05)
 ('./output/train/20250830-085552-resnet18_vcaV2-224/checkpoint/checkpoint-99.pth.tar', 69.04)
 ('./output/train/20250830-085552-resnet18_vcaV2-224/checkpoint/checkpoint-73.pth.tar', 68.88)
 ('./output/train/20250830-085552-resnet18_vcaV2-224/checkpoint/checkpoint-98.pth.tar', 68.87)
 ('./output/train/20250830-085552-resnet18_vcaV2-224/checkpoint/checkpoint-77.pth.tar', 68.86)
 ('./output/train/20250830-085552-resnet18_vcaV2-224/checkpoint/checkpoint-72.pth.tar', 68.74)
 ('./output/train/20250830-085552-resnet18_vcaV2-224/checkpoint/checkpoint-79.pth.tar', 68.74)

2025-08-30 13:22:43,123 -                train: [    INFO] - Train: 102 [   0/391 (  0%)]  Loss: 132.6 (133.)  Loss_cat: 0.6847 (0.685)  Loss_feat: 130.4 (130.)  Loss_gt: 1.517 (1.52) LR: 5.000e-03
2025-08-30 13:23:52,725 -                train: [    INFO] - Train: 102 [ 200/391 ( 51%)]  Loss: 132.4 (133.)  Loss_cat: 0.6683 (0.679)  Loss_feat: 130.2 (131.)  Loss_gt: 1.542 (1.57) LR: 5.000e-03
2025-08-30 13:24:58,751 -                train: [    INFO] - Train: 102 [ 390/391 (100%)]  Loss: 131.4 (133.)  Loss_cat: 0.6790 (0.683)  Loss_feat: 129.2 (131.)  Loss_gt: 1.468 (1.58) LR: 5.000e-03
2025-08-30 13:25:00,047 -                train: [    INFO] - Test: [   0/39]  Time: 0.576 (0.576)  Loss:  1.0451 (1.0451)  Acc@1: 75.7812 (75.7812)  Acc@5: 91.4062 (91.4062)
2025-08-30 13:25:18,608 -                train: [    INFO] - Test: [  39/39]  Time: 0.027 (0.478)  Loss:  1.4067 (1.3131)  Acc@1: 62.5000 (68.6000)  Acc@5: 87.5000 (88.2600)
2025-08-30 13:25:20,216 -                train: [    INFO] - Train: 103 [   0/391 (  0%)]  Loss: 131.3 (131.)  Loss_cat: 0.6811 (0.681)  Loss_feat: 129.0 (129.)  Loss_gt: 1.623 (1.62) LR: 5.000e-03
2025-08-30 13:26:29,562 -                train: [    INFO] - Train: 103 [ 200/391 ( 51%)]  Loss: 132.3 (131.)  Loss_cat: 0.7072 (0.681)  Loss_feat: 130.0 (129.)  Loss_gt: 1.567 (1.57) LR: 5.000e-03
2025-08-30 13:27:35,528 -                train: [    INFO] - Train: 103 [ 390/391 (100%)]  Loss: 134.3 (131.)  Loss_cat: 0.7337 (0.683)  Loss_feat: 131.9 (129.)  Loss_gt: 1.693 (1.58) LR: 5.000e-03
2025-08-30 13:27:36,136 -                train: [    INFO] - Test: [   0/39]  Time: 0.564 (0.564)  Loss:  1.0601 (1.0601)  Acc@1: 75.0000 (75.0000)  Acc@5: 92.1875 (92.1875)
2025-08-30 13:27:54,096 -                train: [    INFO] - Test: [  39/39]  Time: 0.023 (0.463)  Loss:  1.7334 (1.3253)  Acc@1: 62.5000 (69.0000)  Acc@5: 87.5000 (88.0400)
2025-08-30 13:27:54,383 - timm.utils.checkpoint_saver: [    INFO] - Current checkpoints:
 ('./output/train/20250830-085552-resnet18_vcaV2-224/checkpoint/checkpoint-88.pth.tar', 69.15)
 ('./output/train/20250830-085552-resnet18_vcaV2-224/checkpoint/checkpoint-91.pth.tar', 69.15)
 ('./output/train/20250830-085552-resnet18_vcaV2-224/checkpoint/checkpoint-101.pth.tar', 69.12)
 ('./output/train/20250830-085552-resnet18_vcaV2-224/checkpoint/checkpoint-78.pth.tar', 69.05)
 ('./output/train/20250830-085552-resnet18_vcaV2-224/checkpoint/checkpoint-99.pth.tar', 69.04)
 ('./output/train/20250830-085552-resnet18_vcaV2-224/checkpoint/checkpoint-103.pth.tar', 69.0)
 ('./output/train/20250830-085552-resnet18_vcaV2-224/checkpoint/checkpoint-73.pth.tar', 68.88)
 ('./output/train/20250830-085552-resnet18_vcaV2-224/checkpoint/checkpoint-98.pth.tar', 68.87)
 ('./output/train/20250830-085552-resnet18_vcaV2-224/checkpoint/checkpoint-77.pth.tar', 68.86)
 ('./output/train/20250830-085552-resnet18_vcaV2-224/checkpoint/checkpoint-72.pth.tar', 68.74)

2025-08-30 13:27:55,496 -                train: [    INFO] - Train: 104 [   0/391 (  0%)]  Loss: 129.4 (129.)  Loss_cat: 0.6799 (0.680)  Loss_feat: 127.2 (127.)  Loss_gt: 1.518 (1.52) LR: 5.000e-03
2025-08-30 13:29:04,932 -                train: [    INFO] - Train: 104 [ 200/391 ( 51%)]  Loss: 126.8 (129.)  Loss_cat: 0.6557 (0.678)  Loss_feat: 124.6 (127.)  Loss_gt: 1.550 (1.56) LR: 5.000e-03
2025-08-30 13:30:10,921 -                train: [    INFO] - Train: 104 [ 390/391 (100%)]  Loss: 133.1 (129.)  Loss_cat: 0.7656 (0.681)  Loss_feat: 130.6 (127.)  Loss_gt: 1.694 (1.57) LR: 5.000e-03
2025-08-30 13:30:11,538 -                train: [    INFO] - Test: [   0/39]  Time: 0.566 (0.566)  Loss:  0.9373 (0.9373)  Acc@1: 79.6875 (79.6875)  Acc@5: 93.7500 (93.7500)
2025-08-30 13:30:28,721 -                train: [    INFO] - Test: [  39/39]  Time: 0.023 (0.444)  Loss:  1.6867 (1.3157)  Acc@1: 68.7500 (68.8200)  Acc@5: 87.5000 (88.3300)
2025-08-30 13:30:28,986 - timm.utils.checkpoint_saver: [    INFO] - Current checkpoints:
 ('./output/train/20250830-085552-resnet18_vcaV2-224/checkpoint/checkpoint-88.pth.tar', 69.15)
 ('./output/train/20250830-085552-resnet18_vcaV2-224/checkpoint/checkpoint-91.pth.tar', 69.15)
 ('./output/train/20250830-085552-resnet18_vcaV2-224/checkpoint/checkpoint-101.pth.tar', 69.12)
 ('./output/train/20250830-085552-resnet18_vcaV2-224/checkpoint/checkpoint-78.pth.tar', 69.05)
 ('./output/train/20250830-085552-resnet18_vcaV2-224/checkpoint/checkpoint-99.pth.tar', 69.04)
 ('./output/train/20250830-085552-resnet18_vcaV2-224/checkpoint/checkpoint-103.pth.tar', 69.0)
 ('./output/train/20250830-085552-resnet18_vcaV2-224/checkpoint/checkpoint-73.pth.tar', 68.88)
 ('./output/train/20250830-085552-resnet18_vcaV2-224/checkpoint/checkpoint-98.pth.tar', 68.87)
 ('./output/train/20250830-085552-resnet18_vcaV2-224/checkpoint/checkpoint-77.pth.tar', 68.86)
 ('./output/train/20250830-085552-resnet18_vcaV2-224/checkpoint/checkpoint-104.pth.tar', 68.82)

2025-08-30 13:30:30,052 -                train: [    INFO] - Train: 105 [   0/391 (  0%)]  Loss: 128.3 (128.)  Loss_cat: 0.6848 (0.685)  Loss_feat: 126.0 (126.)  Loss_gt: 1.611 (1.61) LR: 5.000e-03
2025-08-30 13:31:39,424 -                train: [    INFO] - Train: 105 [ 200/391 ( 51%)]  Loss: 127.7 (127.)  Loss_cat: 0.6912 (0.680)  Loss_feat: 125.4 (125.)  Loss_gt: 1.567 (1.56) LR: 5.000e-03
2025-08-30 13:32:45,281 -                train: [    INFO] - Train: 105 [ 390/391 (100%)]  Loss: 129.2 (127.)  Loss_cat: 0.7350 (0.681)  Loss_feat: 126.8 (125.)  Loss_gt: 1.639 (1.57) LR: 5.000e-03
2025-08-30 13:32:45,888 -                train: [    INFO] - Test: [   0/39]  Time: 0.540 (0.540)  Loss:  1.1908 (1.1908)  Acc@1: 71.4844 (71.4844)  Acc@5: 89.8438 (89.8438)
2025-08-30 13:33:03,387 -                train: [    INFO] - Test: [  39/39]  Time: 0.023 (0.451)  Loss:  1.6491 (1.3216)  Acc@1: 68.7500 (68.5200)  Acc@5: 93.7500 (88.1600)
2025-08-30 13:33:04,789 -                train: [    INFO] - Train: 106 [   0/391 (  0%)]  Loss: 125.3 (125.)  Loss_cat: 0.6767 (0.677)  Loss_feat: 123.1 (123.)  Loss_gt: 1.566 (1.57) LR: 5.000e-03
2025-08-30 13:34:14,229 -                train: [    INFO] - Train: 106 [ 200/391 ( 51%)]  Loss: 125.5 (125.)  Loss_cat: 0.6802 (0.678)  Loss_feat: 123.1 (123.)  Loss_gt: 1.658 (1.56) LR: 5.000e-03
2025-08-30 13:35:20,033 -                train: [    INFO] - Train: 106 [ 390/391 (100%)]  Loss: 127.5 (125.)  Loss_cat: 0.7319 (0.680)  Loss_feat: 125.3 (123.)  Loss_gt: 1.508 (1.56) LR: 5.000e-03
2025-08-30 13:35:20,622 -                train: [    INFO] - Test: [   0/39]  Time: 0.536 (0.536)  Loss:  0.9828 (0.9828)  Acc@1: 75.7812 (75.7812)  Acc@5: 93.7500 (93.7500)
2025-08-30 13:35:39,589 -                train: [    INFO] - Test: [  39/39]  Time: 0.023 (0.488)  Loss:  1.7202 (1.3090)  Acc@1: 68.7500 (68.8500)  Acc@5: 87.5000 (88.6800)
2025-08-30 13:35:39,881 - timm.utils.checkpoint_saver: [    INFO] - Current checkpoints:
 ('./output/train/20250830-085552-resnet18_vcaV2-224/checkpoint/checkpoint-88.pth.tar', 69.15)
 ('./output/train/20250830-085552-resnet18_vcaV2-224/checkpoint/checkpoint-91.pth.tar', 69.15)
 ('./output/train/20250830-085552-resnet18_vcaV2-224/checkpoint/checkpoint-101.pth.tar', 69.12)
 ('./output/train/20250830-085552-resnet18_vcaV2-224/checkpoint/checkpoint-78.pth.tar', 69.05)
 ('./output/train/20250830-085552-resnet18_vcaV2-224/checkpoint/checkpoint-99.pth.tar', 69.04)
 ('./output/train/20250830-085552-resnet18_vcaV2-224/checkpoint/checkpoint-103.pth.tar', 69.0)
 ('./output/train/20250830-085552-resnet18_vcaV2-224/checkpoint/checkpoint-73.pth.tar', 68.88)
 ('./output/train/20250830-085552-resnet18_vcaV2-224/checkpoint/checkpoint-98.pth.tar', 68.87)
 ('./output/train/20250830-085552-resnet18_vcaV2-224/checkpoint/checkpoint-77.pth.tar', 68.86)
 ('./output/train/20250830-085552-resnet18_vcaV2-224/checkpoint/checkpoint-106.pth.tar', 68.85)

2025-08-30 13:35:41,021 -                train: [    INFO] - Train: 107 [   0/391 (  0%)]  Loss: 121.5 (121.)  Loss_cat: 0.6802 (0.680)  Loss_feat: 119.2 (119.)  Loss_gt: 1.574 (1.57) LR: 5.000e-03
2025-08-30 13:36:50,544 -                train: [    INFO] - Train: 107 [ 200/391 ( 51%)]  Loss: 122.0 (123.)  Loss_cat: 0.6708 (0.678)  Loss_feat: 119.9 (121.)  Loss_gt: 1.474 (1.56) LR: 5.000e-03
2025-08-30 13:37:56,460 -                train: [    INFO] - Train: 107 [ 390/391 (100%)]  Loss: 121.4 (123.)  Loss_cat: 0.6498 (0.680)  Loss_feat: 119.3 (121.)  Loss_gt: 1.419 (1.57) LR: 5.000e-03
2025-08-30 13:37:57,080 -                train: [    INFO] - Test: [   0/39]  Time: 0.569 (0.569)  Loss:  1.0003 (1.0003)  Acc@1: 75.7812 (75.7812)  Acc@5: 90.6250 (90.6250)
2025-08-30 13:38:14,478 -                train: [    INFO] - Test: [  39/39]  Time: 0.023 (0.449)  Loss:  1.8233 (1.2963)  Acc@1: 56.2500 (68.8700)  Acc@5: 87.5000 (88.5100)
2025-08-30 13:38:14,739 - timm.utils.checkpoint_saver: [    INFO] - Current checkpoints:
 ('./output/train/20250830-085552-resnet18_vcaV2-224/checkpoint/checkpoint-88.pth.tar', 69.15)
 ('./output/train/20250830-085552-resnet18_vcaV2-224/checkpoint/checkpoint-91.pth.tar', 69.15)
 ('./output/train/20250830-085552-resnet18_vcaV2-224/checkpoint/checkpoint-101.pth.tar', 69.12)
 ('./output/train/20250830-085552-resnet18_vcaV2-224/checkpoint/checkpoint-78.pth.tar', 69.05)
 ('./output/train/20250830-085552-resnet18_vcaV2-224/checkpoint/checkpoint-99.pth.tar', 69.04)
 ('./output/train/20250830-085552-resnet18_vcaV2-224/checkpoint/checkpoint-103.pth.tar', 69.0)
 ('./output/train/20250830-085552-resnet18_vcaV2-224/checkpoint/checkpoint-73.pth.tar', 68.88)
 ('./output/train/20250830-085552-resnet18_vcaV2-224/checkpoint/checkpoint-98.pth.tar', 68.87)
 ('./output/train/20250830-085552-resnet18_vcaV2-224/checkpoint/checkpoint-107.pth.tar', 68.87)
 ('./output/train/20250830-085552-resnet18_vcaV2-224/checkpoint/checkpoint-77.pth.tar', 68.86)

2025-08-30 13:38:15,833 -                train: [    INFO] - Train: 108 [   0/391 (  0%)]  Loss: 117.8 (118.)  Loss_cat: 0.6616 (0.662)  Loss_feat: 115.8 (116.)  Loss_gt: 1.395 (1.40) LR: 5.000e-03
2025-08-30 13:39:25,308 -                train: [    INFO] - Train: 108 [ 200/391 ( 51%)]  Loss: 121.2 (121.)  Loss_cat: 0.6796 (0.680)  Loss_feat: 119.0 (119.)  Loss_gt: 1.531 (1.55) LR: 5.000e-03
2025-08-30 13:40:31,078 -                train: [    INFO] - Train: 108 [ 390/391 (100%)]  Loss: 123.4 (121.)  Loss_cat: 0.7162 (0.680)  Loss_feat: 121.0 (119.)  Loss_gt: 1.697 (1.56) LR: 5.000e-03
2025-08-30 13:40:31,664 -                train: [    INFO] - Test: [   0/39]  Time: 0.535 (0.535)  Loss:  0.9461 (0.9461)  Acc@1: 79.2969 (79.2969)  Acc@5: 93.3594 (93.3594)
2025-08-30 13:40:49,048 -                train: [    INFO] - Test: [  39/39]  Time: 0.024 (0.448)  Loss:  1.6172 (1.2833)  Acc@1: 62.5000 (69.4500)  Acc@5: 87.5000 (88.6700)
2025-08-30 13:40:49,316 - timm.utils.checkpoint_saver: [    INFO] - Current checkpoints:
 ('./output/train/20250830-085552-resnet18_vcaV2-224/checkpoint/checkpoint-108.pth.tar', 69.45)
 ('./output/train/20250830-085552-resnet18_vcaV2-224/checkpoint/checkpoint-88.pth.tar', 69.15)
 ('./output/train/20250830-085552-resnet18_vcaV2-224/checkpoint/checkpoint-91.pth.tar', 69.15)
 ('./output/train/20250830-085552-resnet18_vcaV2-224/checkpoint/checkpoint-101.pth.tar', 69.12)
 ('./output/train/20250830-085552-resnet18_vcaV2-224/checkpoint/checkpoint-78.pth.tar', 69.05)
 ('./output/train/20250830-085552-resnet18_vcaV2-224/checkpoint/checkpoint-99.pth.tar', 69.04)
 ('./output/train/20250830-085552-resnet18_vcaV2-224/checkpoint/checkpoint-103.pth.tar', 69.0)
 ('./output/train/20250830-085552-resnet18_vcaV2-224/checkpoint/checkpoint-73.pth.tar', 68.88)
 ('./output/train/20250830-085552-resnet18_vcaV2-224/checkpoint/checkpoint-98.pth.tar', 68.87)
 ('./output/train/20250830-085552-resnet18_vcaV2-224/checkpoint/checkpoint-107.pth.tar', 68.87)

2025-08-30 13:40:50,376 -                train: [    INFO] - Train: 109 [   0/391 (  0%)]  Loss: 116.6 (117.)  Loss_cat: 0.6650 (0.665)  Loss_feat: 114.5 (115.)  Loss_gt: 1.450 (1.45) LR: 5.000e-03
2025-08-30 13:41:59,771 -                train: [    INFO] - Train: 109 [ 200/391 ( 51%)]  Loss: 119.1 (119.)  Loss_cat: 0.6860 (0.675)  Loss_feat: 116.8 (116.)  Loss_gt: 1.625 (1.55) LR: 5.000e-03
2025-08-30 13:43:05,685 -                train: [    INFO] - Train: 109 [ 390/391 (100%)]  Loss: 118.3 (119.)  Loss_cat: 0.7007 (0.677)  Loss_feat: 116.0 (116.)  Loss_gt: 1.559 (1.56) LR: 5.000e-03
2025-08-30 13:43:06,283 -                train: [    INFO] - Test: [   0/39]  Time: 0.544 (0.544)  Loss:  1.0168 (1.0168)  Acc@1: 78.5156 (78.5156)  Acc@5: 91.0156 (91.0156)
2025-08-30 13:43:23,384 -                train: [    INFO] - Test: [  39/39]  Time: 0.023 (0.441)  Loss:  1.5402 (1.3059)  Acc@1: 68.7500 (68.7800)  Acc@5: 87.5000 (88.6800)
2025-08-30 13:43:24,684 -                train: [    INFO] - Train: 110 [   0/391 (  0%)]  Loss: 116.7 (117.)  Loss_cat: 0.6852 (0.685)  Loss_feat: 114.5 (115.)  Loss_gt: 1.506 (1.51) LR: 5.000e-03
2025-08-30 13:44:34,033 -                train: [    INFO] - Train: 110 [ 200/391 ( 51%)]  Loss: 116.8 (117.)  Loss_cat: 0.6780 (0.675)  Loss_feat: 114.6 (114.)  Loss_gt: 1.553 (1.55) LR: 5.000e-03
2025-08-30 13:45:39,959 -                train: [    INFO] - Train: 110 [ 390/391 (100%)]  Loss: 118.5 (117.)  Loss_cat: 0.7011 (0.677)  Loss_feat: 116.2 (114.)  Loss_gt: 1.659 (1.56) LR: 5.000e-03
2025-08-30 13:45:40,549 -                train: [    INFO] - Test: [   0/39]  Time: 0.531 (0.531)  Loss:  0.9214 (0.9214)  Acc@1: 77.7344 (77.7344)  Acc@5: 92.9688 (92.9688)
2025-08-30 13:45:57,813 -                train: [    INFO] - Test: [  39/39]  Time: 0.023 (0.445)  Loss:  2.1257 (1.3070)  Acc@1: 50.0000 (68.9600)  Acc@5: 87.5000 (88.5700)
2025-08-30 13:45:58,111 - timm.utils.checkpoint_saver: [    INFO] - Current checkpoints:
 ('./output/train/20250830-085552-resnet18_vcaV2-224/checkpoint/checkpoint-108.pth.tar', 69.45)
 ('./output/train/20250830-085552-resnet18_vcaV2-224/checkpoint/checkpoint-88.pth.tar', 69.15)
 ('./output/train/20250830-085552-resnet18_vcaV2-224/checkpoint/checkpoint-91.pth.tar', 69.15)
 ('./output/train/20250830-085552-resnet18_vcaV2-224/checkpoint/checkpoint-101.pth.tar', 69.12)
 ('./output/train/20250830-085552-resnet18_vcaV2-224/checkpoint/checkpoint-78.pth.tar', 69.05)
 ('./output/train/20250830-085552-resnet18_vcaV2-224/checkpoint/checkpoint-99.pth.tar', 69.04)
 ('./output/train/20250830-085552-resnet18_vcaV2-224/checkpoint/checkpoint-103.pth.tar', 69.0)
 ('./output/train/20250830-085552-resnet18_vcaV2-224/checkpoint/checkpoint-110.pth.tar', 68.96)
 ('./output/train/20250830-085552-resnet18_vcaV2-224/checkpoint/checkpoint-73.pth.tar', 68.88)
 ('./output/train/20250830-085552-resnet18_vcaV2-224/checkpoint/checkpoint-98.pth.tar', 68.87)

2025-08-30 13:45:59,181 -                train: [    INFO] - Train: 111 [   0/391 (  0%)]  Loss: 114.6 (115.)  Loss_cat: 0.6812 (0.681)  Loss_feat: 112.4 (112.)  Loss_gt: 1.503 (1.50) LR: 5.000e-03
2025-08-30 13:47:08,798 -                train: [    INFO] - Train: 111 [ 200/391 ( 51%)]  Loss: 114.3 (114.)  Loss_cat: 0.6671 (0.675)  Loss_feat: 112.1 (112.)  Loss_gt: 1.571 (1.55) LR: 5.000e-03
2025-08-30 13:48:14,901 -                train: [    INFO] - Train: 111 [ 390/391 (100%)]  Loss: 114.1 (114.)  Loss_cat: 0.7097 (0.677)  Loss_feat: 111.9 (112.)  Loss_gt: 1.506 (1.55) LR: 5.000e-03
2025-08-30 13:48:15,502 -                train: [    INFO] - Test: [   0/39]  Time: 0.543 (0.543)  Loss:  1.0311 (1.0311)  Acc@1: 76.1719 (76.1719)  Acc@5: 91.7969 (91.7969)
2025-08-30 13:48:38,332 -                train: [    INFO] - Test: [  39/39]  Time: 0.022 (0.584)  Loss:  1.7620 (1.3001)  Acc@1: 56.2500 (68.8900)  Acc@5: 87.5000 (88.7200)
2025-08-30 13:48:38,631 - timm.utils.checkpoint_saver: [    INFO] - Current checkpoints:
 ('./output/train/20250830-085552-resnet18_vcaV2-224/checkpoint/checkpoint-108.pth.tar', 69.45)
 ('./output/train/20250830-085552-resnet18_vcaV2-224/checkpoint/checkpoint-88.pth.tar', 69.15)
 ('./output/train/20250830-085552-resnet18_vcaV2-224/checkpoint/checkpoint-91.pth.tar', 69.15)
 ('./output/train/20250830-085552-resnet18_vcaV2-224/checkpoint/checkpoint-101.pth.tar', 69.12)
 ('./output/train/20250830-085552-resnet18_vcaV2-224/checkpoint/checkpoint-78.pth.tar', 69.05)
 ('./output/train/20250830-085552-resnet18_vcaV2-224/checkpoint/checkpoint-99.pth.tar', 69.04)
 ('./output/train/20250830-085552-resnet18_vcaV2-224/checkpoint/checkpoint-103.pth.tar', 69.0)
 ('./output/train/20250830-085552-resnet18_vcaV2-224/checkpoint/checkpoint-110.pth.tar', 68.96)
 ('./output/train/20250830-085552-resnet18_vcaV2-224/checkpoint/checkpoint-111.pth.tar', 68.89)
 ('./output/train/20250830-085552-resnet18_vcaV2-224/checkpoint/checkpoint-73.pth.tar', 68.88)

2025-08-30 13:48:40,018 -                train: [    INFO] - Train: 112 [   0/391 (  0%)]  Loss: 111.1 (111.)  Loss_cat: 0.6641 (0.664)  Loss_feat: 108.9 (109.)  Loss_gt: 1.515 (1.51) LR: 5.000e-03
2025-08-30 13:49:49,695 -                train: [    INFO] - Train: 112 [ 200/391 ( 51%)]  Loss: 113.3 (112.)  Loss_cat: 0.6882 (0.674)  Loss_feat: 111.0 (110.)  Loss_gt: 1.580 (1.54) LR: 5.000e-03
2025-08-30 13:50:55,677 -                train: [    INFO] - Train: 112 [ 390/391 (100%)]  Loss: 117.2 (112.)  Loss_cat: 0.7332 (0.676)  Loss_feat: 114.8 (110.)  Loss_gt: 1.688 (1.55) LR: 5.000e-03
2025-08-30 13:50:56,289 -                train: [    INFO] - Test: [   0/39]  Time: 0.559 (0.559)  Loss:  1.0814 (1.0814)  Acc@1: 75.7812 (75.7812)  Acc@5: 90.2344 (90.2344)
2025-08-30 13:51:13,597 -                train: [    INFO] - Test: [  39/39]  Time: 0.023 (0.447)  Loss:  1.8622 (1.3189)  Acc@1: 56.2500 (69.0800)  Acc@5: 87.5000 (88.4500)
2025-08-30 13:51:13,858 - timm.utils.checkpoint_saver: [    INFO] - Current checkpoints:
 ('./output/train/20250830-085552-resnet18_vcaV2-224/checkpoint/checkpoint-108.pth.tar', 69.45)
 ('./output/train/20250830-085552-resnet18_vcaV2-224/checkpoint/checkpoint-88.pth.tar', 69.15)
 ('./output/train/20250830-085552-resnet18_vcaV2-224/checkpoint/checkpoint-91.pth.tar', 69.15)
 ('./output/train/20250830-085552-resnet18_vcaV2-224/checkpoint/checkpoint-101.pth.tar', 69.12)
 ('./output/train/20250830-085552-resnet18_vcaV2-224/checkpoint/checkpoint-112.pth.tar', 69.08)
 ('./output/train/20250830-085552-resnet18_vcaV2-224/checkpoint/checkpoint-78.pth.tar', 69.05)
 ('./output/train/20250830-085552-resnet18_vcaV2-224/checkpoint/checkpoint-99.pth.tar', 69.04)
 ('./output/train/20250830-085552-resnet18_vcaV2-224/checkpoint/checkpoint-103.pth.tar', 69.0)
 ('./output/train/20250830-085552-resnet18_vcaV2-224/checkpoint/checkpoint-110.pth.tar', 68.96)
 ('./output/train/20250830-085552-resnet18_vcaV2-224/checkpoint/checkpoint-111.pth.tar', 68.89)

2025-08-30 13:51:14,918 -                train: [    INFO] - Train: 113 [   0/391 (  0%)]  Loss: 110.2 (110.)  Loss_cat: 0.6583 (0.658)  Loss_feat: 107.9 (108.)  Loss_gt: 1.567 (1.57) LR: 5.000e-03
2025-08-30 13:52:25,175 -                train: [    INFO] - Train: 113 [ 200/391 ( 51%)]  Loss: 112.4 (110.)  Loss_cat: 0.7035 (0.673)  Loss_feat: 110.1 (108.)  Loss_gt: 1.633 (1.55) LR: 5.000e-03
2025-08-30 13:53:31,353 -                train: [    INFO] - Train: 113 [ 390/391 (100%)]  Loss: 110.4 (110.)  Loss_cat: 0.6878 (0.674)  Loss_feat: 108.1 (108.)  Loss_gt: 1.644 (1.55) LR: 5.000e-03
2025-08-30 13:53:31,974 -                train: [    INFO] - Test: [   0/39]  Time: 0.559 (0.559)  Loss:  1.0282 (1.0282)  Acc@1: 75.3906 (75.3906)  Acc@5: 92.5781 (92.5781)
2025-08-30 13:53:49,402 -                train: [    INFO] - Test: [  39/39]  Time: 0.026 (0.450)  Loss:  1.6804 (1.3020)  Acc@1: 62.5000 (69.2200)  Acc@5: 93.7500 (88.7100)
2025-08-30 13:53:49,678 - timm.utils.checkpoint_saver: [    INFO] - Current checkpoints:
 ('./output/train/20250830-085552-resnet18_vcaV2-224/checkpoint/checkpoint-108.pth.tar', 69.45)
 ('./output/train/20250830-085552-resnet18_vcaV2-224/checkpoint/checkpoint-113.pth.tar', 69.22)
 ('./output/train/20250830-085552-resnet18_vcaV2-224/checkpoint/checkpoint-88.pth.tar', 69.15)
 ('./output/train/20250830-085552-resnet18_vcaV2-224/checkpoint/checkpoint-91.pth.tar', 69.15)
 ('./output/train/20250830-085552-resnet18_vcaV2-224/checkpoint/checkpoint-101.pth.tar', 69.12)
 ('./output/train/20250830-085552-resnet18_vcaV2-224/checkpoint/checkpoint-112.pth.tar', 69.08)
 ('./output/train/20250830-085552-resnet18_vcaV2-224/checkpoint/checkpoint-78.pth.tar', 69.05)
 ('./output/train/20250830-085552-resnet18_vcaV2-224/checkpoint/checkpoint-99.pth.tar', 69.04)
 ('./output/train/20250830-085552-resnet18_vcaV2-224/checkpoint/checkpoint-103.pth.tar', 69.0)
 ('./output/train/20250830-085552-resnet18_vcaV2-224/checkpoint/checkpoint-110.pth.tar', 68.96)

2025-08-30 13:53:50,737 -                train: [    INFO] - Train: 114 [   0/391 (  0%)]  Loss: 109.0 (109.)  Loss_cat: 0.6892 (0.689)  Loss_feat: 106.8 (107.)  Loss_gt: 1.466 (1.47) LR: 5.000e-03
2025-08-30 13:55:00,865 -                train: [    INFO] - Train: 114 [ 200/391 ( 51%)]  Loss: 109.9 (108.)  Loss_cat: 0.7071 (0.674)  Loss_feat: 107.8 (106.)  Loss_gt: 1.473 (1.54) LR: 5.000e-03
2025-08-30 13:56:07,361 -                train: [    INFO] - Train: 114 [ 390/391 (100%)]  Loss: 110.4 (108.)  Loss_cat: 0.7142 (0.675)  Loss_feat: 108.1 (106.)  Loss_gt: 1.601 (1.55) LR: 5.000e-03
2025-08-30 13:56:07,985 -                train: [    INFO] - Test: [   0/39]  Time: 0.558 (0.558)  Loss:  1.1137 (1.1137)  Acc@1: 74.6094 (74.6094)  Acc@5: 90.6250 (90.6250)
2025-08-30 13:56:30,019 -                train: [    INFO] - Test: [  39/39]  Time: 0.023 (0.565)  Loss:  1.8402 (1.2964)  Acc@1: 56.2500 (69.1300)  Acc@5: 87.5000 (88.4500)
2025-08-30 13:56:30,383 - timm.utils.checkpoint_saver: [    INFO] - Current checkpoints:
 ('./output/train/20250830-085552-resnet18_vcaV2-224/checkpoint/checkpoint-108.pth.tar', 69.45)
 ('./output/train/20250830-085552-resnet18_vcaV2-224/checkpoint/checkpoint-113.pth.tar', 69.22)
 ('./output/train/20250830-085552-resnet18_vcaV2-224/checkpoint/checkpoint-88.pth.tar', 69.15)
 ('./output/train/20250830-085552-resnet18_vcaV2-224/checkpoint/checkpoint-91.pth.tar', 69.15)
 ('./output/train/20250830-085552-resnet18_vcaV2-224/checkpoint/checkpoint-114.pth.tar', 69.13)
 ('./output/train/20250830-085552-resnet18_vcaV2-224/checkpoint/checkpoint-101.pth.tar', 69.12)
 ('./output/train/20250830-085552-resnet18_vcaV2-224/checkpoint/checkpoint-112.pth.tar', 69.08)
 ('./output/train/20250830-085552-resnet18_vcaV2-224/checkpoint/checkpoint-78.pth.tar', 69.05)
 ('./output/train/20250830-085552-resnet18_vcaV2-224/checkpoint/checkpoint-99.pth.tar', 69.04)
 ('./output/train/20250830-085552-resnet18_vcaV2-224/checkpoint/checkpoint-103.pth.tar', 69.0)

2025-08-30 13:56:31,661 -                train: [    INFO] - Train: 115 [   0/391 (  0%)]  Loss: 105.5 (106.)  Loss_cat: 0.6537 (0.654)  Loss_feat: 103.3 (103.)  Loss_gt: 1.553 (1.55) LR: 5.000e-03
2025-08-30 13:57:41,511 -                train: [    INFO] - Train: 115 [ 200/391 ( 51%)]  Loss: 105.8 (106.)  Loss_cat: 0.6799 (0.670)  Loss_feat: 103.5 (104.)  Loss_gt: 1.614 (1.54) LR: 5.000e-03
2025-08-30 13:58:47,974 -                train: [    INFO] - Train: 115 [ 390/391 (100%)]  Loss: 106.8 (106.)  Loss_cat: 0.6976 (0.673)  Loss_feat: 104.5 (104.)  Loss_gt: 1.621 (1.54) LR: 5.000e-03
2025-08-30 13:58:48,671 -                train: [    INFO] - Test: [   0/39]  Time: 0.653 (0.653)  Loss:  1.0507 (1.0507)  Acc@1: 74.2188 (74.2188)  Acc@5: 91.7969 (91.7969)
2025-08-30 13:59:07,434 -                train: [    INFO] - Test: [  39/39]  Time: 0.023 (0.485)  Loss:  1.6905 (1.2947)  Acc@1: 62.5000 (69.4500)  Acc@5: 87.5000 (88.6700)
2025-08-30 13:59:07,755 - timm.utils.checkpoint_saver: [    INFO] - Current checkpoints:
 ('./output/train/20250830-085552-resnet18_vcaV2-224/checkpoint/checkpoint-108.pth.tar', 69.45)
 ('./output/train/20250830-085552-resnet18_vcaV2-224/checkpoint/checkpoint-115.pth.tar', 69.45)
 ('./output/train/20250830-085552-resnet18_vcaV2-224/checkpoint/checkpoint-113.pth.tar', 69.22)
 ('./output/train/20250830-085552-resnet18_vcaV2-224/checkpoint/checkpoint-88.pth.tar', 69.15)
 ('./output/train/20250830-085552-resnet18_vcaV2-224/checkpoint/checkpoint-91.pth.tar', 69.15)
 ('./output/train/20250830-085552-resnet18_vcaV2-224/checkpoint/checkpoint-114.pth.tar', 69.13)
 ('./output/train/20250830-085552-resnet18_vcaV2-224/checkpoint/checkpoint-101.pth.tar', 69.12)
 ('./output/train/20250830-085552-resnet18_vcaV2-224/checkpoint/checkpoint-112.pth.tar', 69.08)
 ('./output/train/20250830-085552-resnet18_vcaV2-224/checkpoint/checkpoint-78.pth.tar', 69.05)
 ('./output/train/20250830-085552-resnet18_vcaV2-224/checkpoint/checkpoint-99.pth.tar', 69.04)

2025-08-30 13:59:08,989 -                train: [    INFO] - Train: 116 [   0/391 (  0%)]  Loss: 104.7 (105.)  Loss_cat: 0.6748 (0.675)  Loss_feat: 102.4 (102.)  Loss_gt: 1.587 (1.59) LR: 5.000e-03
2025-08-30 14:00:18,743 -                train: [    INFO] - Train: 116 [ 200/391 ( 51%)]  Loss: 103.7 (104.)  Loss_cat: 0.6495 (0.670)  Loss_feat: 101.5 (102.)  Loss_gt: 1.501 (1.53) LR: 5.000e-03
2025-08-30 14:01:25,262 -                train: [    INFO] - Train: 116 [ 390/391 (100%)]  Loss: 103.9 (104.)  Loss_cat: 0.6705 (0.672)  Loss_feat: 101.7 (102.)  Loss_gt: 1.492 (1.54) LR: 5.000e-03
2025-08-30 14:01:25,965 -                train: [    INFO] - Test: [   0/39]  Time: 0.648 (0.648)  Loss:  0.9928 (0.9928)  Acc@1: 75.0000 (75.0000)  Acc@5: 91.7969 (91.7969)
2025-08-30 14:01:46,541 -                train: [    INFO] - Test: [  39/39]  Time: 0.023 (0.531)  Loss:  1.9998 (1.3058)  Acc@1: 56.2500 (69.0300)  Acc@5: 87.5000 (88.7000)
2025-08-30 14:01:48,052 -                train: [    INFO] - Train: 117 [   0/391 (  0%)]  Loss: 103.1 (103.)  Loss_cat: 0.6831 (0.683)  Loss_feat: 100.8 (101.)  Loss_gt: 1.571 (1.57) LR: 5.000e-03
2025-08-30 14:02:58,090 -                train: [    INFO] - Train: 117 [ 200/391 ( 51%)]  Loss: 102.5 (102.)  Loss_cat: 0.6801 (0.671)  Loss_feat: 100.2 (99.9)  Loss_gt: 1.569 (1.52) LR: 5.000e-03
2025-08-30 14:04:04,748 -                train: [    INFO] - Train: 117 [ 390/391 (100%)]  Loss: 101.7 (102.)  Loss_cat: 0.6837 (0.672)  Loss_feat: 99.61 (99.9)  Loss_gt: 1.433 (1.54) LR: 5.000e-03
2025-08-30 14:04:05,361 -                train: [    INFO] - Test: [   0/39]  Time: 0.541 (0.541)  Loss:  0.9597 (0.9597)  Acc@1: 78.9062 (78.9062)  Acc@5: 92.5781 (92.5781)
2025-08-30 14:04:25,399 -                train: [    INFO] - Test: [  39/39]  Time: 0.024 (0.514)  Loss:  1.7773 (1.3052)  Acc@1: 62.5000 (68.8100)  Acc@5: 93.7500 (88.6200)
2025-08-30 14:04:26,748 -                train: [    INFO] - Train: 118 [   0/391 (  0%)]  Loss: 99.88 (99.9)  Loss_cat: 0.6563 (0.656)  Loss_feat: 97.67 (97.7)  Loss_gt: 1.552 (1.55) LR: 5.000e-03
2025-08-30 14:05:37,281 -                train: [    INFO] - Train: 118 [ 200/391 ( 51%)]  Loss: 98.90 (100.)  Loss_cat: 0.6544 (0.670)  Loss_feat: 96.68 (97.8)  Loss_gt: 1.566 (1.53) LR: 5.000e-03
2025-08-30 14:06:43,656 -                train: [    INFO] - Train: 118 [ 390/391 (100%)]  Loss: 98.81 (100.)  Loss_cat: 0.6569 (0.672)  Loss_feat: 96.58 (97.9)  Loss_gt: 1.570 (1.53) LR: 5.000e-03
2025-08-30 14:06:44,256 -                train: [    INFO] - Test: [   0/39]  Time: 0.543 (0.543)  Loss:  0.9415 (0.9415)  Acc@1: 77.7344 (77.7344)  Acc@5: 93.7500 (93.7500)
2025-08-30 14:07:05,271 -                train: [    INFO] - Test: [  39/39]  Time: 0.024 (0.539)  Loss:  2.0498 (1.2756)  Acc@1: 50.0000 (69.3700)  Acc@5: 87.5000 (88.8500)
2025-08-30 14:07:05,597 - timm.utils.checkpoint_saver: [    INFO] - Current checkpoints:
 ('./output/train/20250830-085552-resnet18_vcaV2-224/checkpoint/checkpoint-108.pth.tar', 69.45)
 ('./output/train/20250830-085552-resnet18_vcaV2-224/checkpoint/checkpoint-115.pth.tar', 69.45)
 ('./output/train/20250830-085552-resnet18_vcaV2-224/checkpoint/checkpoint-118.pth.tar', 69.37)
 ('./output/train/20250830-085552-resnet18_vcaV2-224/checkpoint/checkpoint-113.pth.tar', 69.22)
 ('./output/train/20250830-085552-resnet18_vcaV2-224/checkpoint/checkpoint-88.pth.tar', 69.15)
 ('./output/train/20250830-085552-resnet18_vcaV2-224/checkpoint/checkpoint-91.pth.tar', 69.15)
 ('./output/train/20250830-085552-resnet18_vcaV2-224/checkpoint/checkpoint-114.pth.tar', 69.13)
 ('./output/train/20250830-085552-resnet18_vcaV2-224/checkpoint/checkpoint-101.pth.tar', 69.12)
 ('./output/train/20250830-085552-resnet18_vcaV2-224/checkpoint/checkpoint-112.pth.tar', 69.08)
 ('./output/train/20250830-085552-resnet18_vcaV2-224/checkpoint/checkpoint-78.pth.tar', 69.05)

2025-08-30 14:07:06,725 -                train: [    INFO] - Train: 119 [   0/391 (  0%)]  Loss: 97.89 (97.9)  Loss_cat: 0.6548 (0.655)  Loss_feat: 95.69 (95.7)  Loss_gt: 1.548 (1.55) LR: 5.000e-04
2025-08-30 14:08:16,681 -                train: [    INFO] - Train: 119 [ 200/391 ( 51%)]  Loss: 95.37 (97.1)  Loss_cat: 0.6251 (0.649)  Loss_feat: 93.30 (95.0)  Loss_gt: 1.449 (1.48) LR: 5.000e-04
2025-08-30 14:09:22,765 -                train: [    INFO] - Train: 119 [ 390/391 (100%)]  Loss: 96.79 (96.9)  Loss_cat: 0.6345 (0.644)  Loss_feat: 94.72 (94.8)  Loss_gt: 1.444 (1.47) LR: 5.000e-04
2025-08-30 14:09:23,354 -                train: [    INFO] - Test: [   0/39]  Time: 0.539 (0.539)  Loss:  0.9187 (0.9187)  Acc@1: 78.5156 (78.5156)  Acc@5: 92.5781 (92.5781)
2025-08-30 14:09:42,476 -                train: [    INFO] - Test: [  39/39]  Time: 0.023 (0.492)  Loss:  1.7965 (1.2031)  Acc@1: 50.0000 (71.2500)  Acc@5: 87.5000 (89.7500)
2025-08-30 14:09:42,781 - timm.utils.checkpoint_saver: [    INFO] - Current checkpoints:
 ('./output/train/20250830-085552-resnet18_vcaV2-224/checkpoint/checkpoint-119.pth.tar', 71.25)
 ('./output/train/20250830-085552-resnet18_vcaV2-224/checkpoint/checkpoint-108.pth.tar', 69.45)
 ('./output/train/20250830-085552-resnet18_vcaV2-224/checkpoint/checkpoint-115.pth.tar', 69.45)
 ('./output/train/20250830-085552-resnet18_vcaV2-224/checkpoint/checkpoint-118.pth.tar', 69.37)
 ('./output/train/20250830-085552-resnet18_vcaV2-224/checkpoint/checkpoint-113.pth.tar', 69.22)
 ('./output/train/20250830-085552-resnet18_vcaV2-224/checkpoint/checkpoint-88.pth.tar', 69.15)
 ('./output/train/20250830-085552-resnet18_vcaV2-224/checkpoint/checkpoint-91.pth.tar', 69.15)
 ('./output/train/20250830-085552-resnet18_vcaV2-224/checkpoint/checkpoint-114.pth.tar', 69.13)
 ('./output/train/20250830-085552-resnet18_vcaV2-224/checkpoint/checkpoint-101.pth.tar', 69.12)
 ('./output/train/20250830-085552-resnet18_vcaV2-224/checkpoint/checkpoint-112.pth.tar', 69.08)

2025-08-30 14:09:44,119 -                train: [    INFO] - Train: 120 [   0/391 (  0%)]  Loss: 94.78 (94.8)  Loss_cat: 0.6338 (0.634)  Loss_feat: 92.70 (92.7)  Loss_gt: 1.440 (1.44) LR: 5.000e-04
2025-08-30 14:10:54,104 -                train: [    INFO] - Train: 120 [ 200/391 ( 51%)]  Loss: 94.17 (94.5)  Loss_cat: 0.6260 (0.633)  Loss_feat: 92.19 (92.4)  Loss_gt: 1.354 (1.45) LR: 5.000e-04
2025-08-30 14:12:00,178 -                train: [    INFO] - Train: 120 [ 390/391 (100%)]  Loss: 95.22 (94.4)  Loss_cat: 0.6774 (0.631)  Loss_feat: 93.06 (92.3)  Loss_gt: 1.486 (1.45) LR: 5.000e-04
2025-08-30 14:12:00,969 -                train: [    INFO] - Test: [   0/39]  Time: 0.727 (0.727)  Loss:  0.9251 (0.9251)  Acc@1: 78.9062 (78.9062)  Acc@5: 92.5781 (92.5781)
2025-08-30 14:12:21,506 -                train: [    INFO] - Test: [  39/39]  Time: 0.023 (0.532)  Loss:  1.7212 (1.1924)  Acc@1: 62.5000 (71.4600)  Acc@5: 87.5000 (89.9400)
2025-08-30 14:12:21,844 - timm.utils.checkpoint_saver: [    INFO] - Current checkpoints:
 ('./output/train/20250830-085552-resnet18_vcaV2-224/checkpoint/checkpoint-120.pth.tar', 71.46)
 ('./output/train/20250830-085552-resnet18_vcaV2-224/checkpoint/checkpoint-119.pth.tar', 71.25)
 ('./output/train/20250830-085552-resnet18_vcaV2-224/checkpoint/checkpoint-108.pth.tar', 69.45)
 ('./output/train/20250830-085552-resnet18_vcaV2-224/checkpoint/checkpoint-115.pth.tar', 69.45)
 ('./output/train/20250830-085552-resnet18_vcaV2-224/checkpoint/checkpoint-118.pth.tar', 69.37)
 ('./output/train/20250830-085552-resnet18_vcaV2-224/checkpoint/checkpoint-113.pth.tar', 69.22)
 ('./output/train/20250830-085552-resnet18_vcaV2-224/checkpoint/checkpoint-88.pth.tar', 69.15)
 ('./output/train/20250830-085552-resnet18_vcaV2-224/checkpoint/checkpoint-91.pth.tar', 69.15)
 ('./output/train/20250830-085552-resnet18_vcaV2-224/checkpoint/checkpoint-114.pth.tar', 69.13)
 ('./output/train/20250830-085552-resnet18_vcaV2-224/checkpoint/checkpoint-101.pth.tar', 69.12)

2025-08-30 14:12:23,120 -                train: [    INFO] - Train: 121 [   0/391 (  0%)]  Loss: 89.53 (89.5)  Loss_cat: 0.5902 (0.590)  Loss_feat: 87.57 (87.6)  Loss_gt: 1.373 (1.37) LR: 5.000e-04
2025-08-30 14:13:32,756 -                train: [    INFO] - Train: 121 [ 200/391 ( 51%)]  Loss: 92.73 (92.3)  Loss_cat: 0.6199 (0.627)  Loss_feat: 90.65 (90.2)  Loss_gt: 1.466 (1.44) LR: 5.000e-04
2025-08-30 14:14:39,251 -                train: [    INFO] - Train: 121 [ 390/391 (100%)]  Loss: 93.14 (92.3)  Loss_cat: 0.6539 (0.627)  Loss_feat: 91.07 (90.2)  Loss_gt: 1.412 (1.44) LR: 5.000e-04
2025-08-30 14:14:39,850 -                train: [    INFO] - Test: [   0/39]  Time: 0.534 (0.534)  Loss:  0.9006 (0.9006)  Acc@1: 78.5156 (78.5156)  Acc@5: 93.3594 (93.3594)
2025-08-30 14:14:57,445 -                train: [    INFO] - Test: [  39/39]  Time: 0.024 (0.453)  Loss:  1.7155 (1.1889)  Acc@1: 62.5000 (71.4500)  Acc@5: 93.7500 (90.0400)
2025-08-30 14:14:57,756 - timm.utils.checkpoint_saver: [    INFO] - Current checkpoints:
 ('./output/train/20250830-085552-resnet18_vcaV2-224/checkpoint/checkpoint-120.pth.tar', 71.46)
 ('./output/train/20250830-085552-resnet18_vcaV2-224/checkpoint/checkpoint-121.pth.tar', 71.45)
 ('./output/train/20250830-085552-resnet18_vcaV2-224/checkpoint/checkpoint-119.pth.tar', 71.25)
 ('./output/train/20250830-085552-resnet18_vcaV2-224/checkpoint/checkpoint-108.pth.tar', 69.45)
 ('./output/train/20250830-085552-resnet18_vcaV2-224/checkpoint/checkpoint-115.pth.tar', 69.45)
 ('./output/train/20250830-085552-resnet18_vcaV2-224/checkpoint/checkpoint-118.pth.tar', 69.37)
 ('./output/train/20250830-085552-resnet18_vcaV2-224/checkpoint/checkpoint-113.pth.tar', 69.22)
 ('./output/train/20250830-085552-resnet18_vcaV2-224/checkpoint/checkpoint-88.pth.tar', 69.15)
 ('./output/train/20250830-085552-resnet18_vcaV2-224/checkpoint/checkpoint-91.pth.tar', 69.15)
 ('./output/train/20250830-085552-resnet18_vcaV2-224/checkpoint/checkpoint-114.pth.tar', 69.13)

2025-08-30 14:14:58,804 -                train: [    INFO] - Train: 122 [   0/391 (  0%)]  Loss: 89.15 (89.2)  Loss_cat: 0.5996 (0.600)  Loss_feat: 87.08 (87.1)  Loss_gt: 1.470 (1.47) LR: 5.000e-04
2025-08-30 14:16:08,577 -                train: [    INFO] - Train: 122 [ 200/391 ( 51%)]  Loss: 89.69 (90.2)  Loss_cat: 0.6236 (0.623)  Loss_feat: 87.66 (88.2)  Loss_gt: 1.404 (1.44) LR: 5.000e-04
2025-08-30 14:17:15,003 -                train: [    INFO] - Train: 122 [ 390/391 (100%)]  Loss: 91.10 (90.3)  Loss_cat: 0.6576 (0.624)  Loss_feat: 88.92 (88.2)  Loss_gt: 1.520 (1.44) LR: 5.000e-04
2025-08-30 14:17:15,606 -                train: [    INFO] - Test: [   0/39]  Time: 0.546 (0.546)  Loss:  0.8838 (0.8838)  Acc@1: 79.2969 (79.2969)  Acc@5: 92.9688 (92.9688)
2025-08-30 14:17:34,643 -                train: [    INFO] - Test: [  39/39]  Time: 0.022 (0.490)  Loss:  1.7377 (1.1850)  Acc@1: 62.5000 (71.8600)  Acc@5: 87.5000 (90.1200)
2025-08-30 14:17:34,968 - timm.utils.checkpoint_saver: [    INFO] - Current checkpoints:
 ('./output/train/20250830-085552-resnet18_vcaV2-224/checkpoint/checkpoint-122.pth.tar', 71.86)
 ('./output/train/20250830-085552-resnet18_vcaV2-224/checkpoint/checkpoint-120.pth.tar', 71.46)
 ('./output/train/20250830-085552-resnet18_vcaV2-224/checkpoint/checkpoint-121.pth.tar', 71.45)
 ('./output/train/20250830-085552-resnet18_vcaV2-224/checkpoint/checkpoint-119.pth.tar', 71.25)
 ('./output/train/20250830-085552-resnet18_vcaV2-224/checkpoint/checkpoint-108.pth.tar', 69.45)
 ('./output/train/20250830-085552-resnet18_vcaV2-224/checkpoint/checkpoint-115.pth.tar', 69.45)
 ('./output/train/20250830-085552-resnet18_vcaV2-224/checkpoint/checkpoint-118.pth.tar', 69.37)
 ('./output/train/20250830-085552-resnet18_vcaV2-224/checkpoint/checkpoint-113.pth.tar', 69.22)
 ('./output/train/20250830-085552-resnet18_vcaV2-224/checkpoint/checkpoint-88.pth.tar', 69.15)
 ('./output/train/20250830-085552-resnet18_vcaV2-224/checkpoint/checkpoint-91.pth.tar', 69.15)

2025-08-30 14:17:36,100 -                train: [    INFO] - Train: 123 [   0/391 (  0%)]  Loss: 89.80 (89.8)  Loss_cat: 0.6522 (0.652)  Loss_feat: 87.73 (87.7)  Loss_gt: 1.415 (1.42) LR: 5.000e-04
2025-08-30 14:18:45,660 -                train: [    INFO] - Train: 123 [ 200/391 ( 51%)]  Loss: 88.13 (88.2)  Loss_cat: 0.6128 (0.621)  Loss_feat: 86.13 (86.2)  Loss_gt: 1.396 (1.43) LR: 5.000e-04
2025-08-30 14:19:51,654 -                train: [    INFO] - Train: 123 [ 390/391 (100%)]  Loss: 88.26 (88.3)  Loss_cat: 0.6397 (0.622)  Loss_feat: 86.22 (86.2)  Loss_gt: 1.399 (1.43) LR: 5.000e-04
2025-08-30 14:19:52,543 -                train: [    INFO] - Test: [   0/39]  Time: 0.821 (0.821)  Loss:  0.9009 (0.9009)  Acc@1: 79.2969 (79.2969)  Acc@5: 94.1406 (94.1406)
2025-08-30 14:20:16,890 -                train: [    INFO] - Test: [  39/39]  Time: 0.025 (0.629)  Loss:  1.7687 (1.1824)  Acc@1: 56.2500 (71.5200)  Acc@5: 93.7500 (90.0200)
2025-08-30 14:20:17,224 - timm.utils.checkpoint_saver: [    INFO] - Current checkpoints:
 ('./output/train/20250830-085552-resnet18_vcaV2-224/checkpoint/checkpoint-122.pth.tar', 71.86)
 ('./output/train/20250830-085552-resnet18_vcaV2-224/checkpoint/checkpoint-123.pth.tar', 71.52)
 ('./output/train/20250830-085552-resnet18_vcaV2-224/checkpoint/checkpoint-120.pth.tar', 71.46)
 ('./output/train/20250830-085552-resnet18_vcaV2-224/checkpoint/checkpoint-121.pth.tar', 71.45)
 ('./output/train/20250830-085552-resnet18_vcaV2-224/checkpoint/checkpoint-119.pth.tar', 71.25)
 ('./output/train/20250830-085552-resnet18_vcaV2-224/checkpoint/checkpoint-108.pth.tar', 69.45)
 ('./output/train/20250830-085552-resnet18_vcaV2-224/checkpoint/checkpoint-115.pth.tar', 69.45)
 ('./output/train/20250830-085552-resnet18_vcaV2-224/checkpoint/checkpoint-118.pth.tar', 69.37)
 ('./output/train/20250830-085552-resnet18_vcaV2-224/checkpoint/checkpoint-113.pth.tar', 69.22)
 ('./output/train/20250830-085552-resnet18_vcaV2-224/checkpoint/checkpoint-88.pth.tar', 69.15)

2025-08-30 14:20:18,371 -                train: [    INFO] - Train: 124 [   0/391 (  0%)]  Loss: 86.48 (86.5)  Loss_cat: 0.6316 (0.632)  Loss_feat: 84.47 (84.5)  Loss_gt: 1.374 (1.37) LR: 5.000e-04
2025-08-30 14:21:28,120 -                train: [    INFO] - Train: 124 [ 200/391 ( 51%)]  Loss: 86.60 (86.4)  Loss_cat: 0.6299 (0.622)  Loss_feat: 84.53 (84.3)  Loss_gt: 1.442 (1.42) LR: 5.000e-04
2025-08-30 14:22:34,075 -                train: [    INFO] - Train: 124 [ 390/391 (100%)]  Loss: 86.49 (86.4)  Loss_cat: 0.6209 (0.622)  Loss_feat: 84.39 (84.3)  Loss_gt: 1.477 (1.43) LR: 5.000e-04
2025-08-30 14:22:34,737 -                train: [    INFO] - Test: [   0/39]  Time: 0.594 (0.594)  Loss:  0.9028 (0.9028)  Acc@1: 78.5156 (78.5156)  Acc@5: 94.5312 (94.5312)
2025-08-30 14:22:56,177 -                train: [    INFO] - Test: [  39/39]  Time: 0.023 (0.551)  Loss:  1.7962 (1.1802)  Acc@1: 50.0000 (71.7500)  Acc@5: 93.7500 (90.0500)
2025-08-30 14:22:56,536 - timm.utils.checkpoint_saver: [    INFO] - Current checkpoints:
 ('./output/train/20250830-085552-resnet18_vcaV2-224/checkpoint/checkpoint-122.pth.tar', 71.86)
 ('./output/train/20250830-085552-resnet18_vcaV2-224/checkpoint/checkpoint-124.pth.tar', 71.75)
 ('./output/train/20250830-085552-resnet18_vcaV2-224/checkpoint/checkpoint-123.pth.tar', 71.52)
 ('./output/train/20250830-085552-resnet18_vcaV2-224/checkpoint/checkpoint-120.pth.tar', 71.46)
 ('./output/train/20250830-085552-resnet18_vcaV2-224/checkpoint/checkpoint-121.pth.tar', 71.45)
 ('./output/train/20250830-085552-resnet18_vcaV2-224/checkpoint/checkpoint-119.pth.tar', 71.25)
 ('./output/train/20250830-085552-resnet18_vcaV2-224/checkpoint/checkpoint-108.pth.tar', 69.45)
 ('./output/train/20250830-085552-resnet18_vcaV2-224/checkpoint/checkpoint-115.pth.tar', 69.45)
 ('./output/train/20250830-085552-resnet18_vcaV2-224/checkpoint/checkpoint-118.pth.tar', 69.37)
 ('./output/train/20250830-085552-resnet18_vcaV2-224/checkpoint/checkpoint-113.pth.tar', 69.22)

2025-08-30 14:22:57,586 -                train: [    INFO] - Train: 125 [   0/391 (  0%)]  Loss: 84.10 (84.1)  Loss_cat: 0.6200 (0.620)  Loss_feat: 82.08 (82.1)  Loss_gt: 1.402 (1.40) LR: 5.000e-04
2025-08-30 14:24:07,340 -                train: [    INFO] - Train: 125 [ 200/391 ( 51%)]  Loss: 84.05 (84.4)  Loss_cat: 0.6129 (0.619)  Loss_feat: 81.98 (82.4)  Loss_gt: 1.461 (1.42) LR: 5.000e-04
2025-08-30 14:25:13,279 -                train: [    INFO] - Train: 125 [ 390/391 (100%)]  Loss: 85.61 (84.4)  Loss_cat: 0.6467 (0.620)  Loss_feat: 83.40 (82.4)  Loss_gt: 1.563 (1.42) LR: 5.000e-04
2025-08-30 14:25:13,914 -                train: [    INFO] - Test: [   0/39]  Time: 0.576 (0.576)  Loss:  0.9132 (0.9132)  Acc@1: 78.1250 (78.1250)  Acc@5: 93.7500 (93.7500)
2025-08-30 14:25:33,453 -                train: [    INFO] - Test: [  39/39]  Time: 0.023 (0.503)  Loss:  1.6511 (1.1791)  Acc@1: 56.2500 (71.6400)  Acc@5: 93.7500 (89.9500)
2025-08-30 14:25:33,788 - timm.utils.checkpoint_saver: [    INFO] - Current checkpoints:
 ('./output/train/20250830-085552-resnet18_vcaV2-224/checkpoint/checkpoint-122.pth.tar', 71.86)
 ('./output/train/20250830-085552-resnet18_vcaV2-224/checkpoint/checkpoint-124.pth.tar', 71.75)
 ('./output/train/20250830-085552-resnet18_vcaV2-224/checkpoint/checkpoint-125.pth.tar', 71.64)
 ('./output/train/20250830-085552-resnet18_vcaV2-224/checkpoint/checkpoint-123.pth.tar', 71.52)
 ('./output/train/20250830-085552-resnet18_vcaV2-224/checkpoint/checkpoint-120.pth.tar', 71.46)
 ('./output/train/20250830-085552-resnet18_vcaV2-224/checkpoint/checkpoint-121.pth.tar', 71.45)
 ('./output/train/20250830-085552-resnet18_vcaV2-224/checkpoint/checkpoint-119.pth.tar', 71.25)
 ('./output/train/20250830-085552-resnet18_vcaV2-224/checkpoint/checkpoint-108.pth.tar', 69.45)
 ('./output/train/20250830-085552-resnet18_vcaV2-224/checkpoint/checkpoint-115.pth.tar', 69.45)
 ('./output/train/20250830-085552-resnet18_vcaV2-224/checkpoint/checkpoint-118.pth.tar', 69.37)

2025-08-30 14:25:34,863 -                train: [    INFO] - Train: 126 [   0/391 (  0%)]  Loss: 81.94 (81.9)  Loss_cat: 0.6261 (0.626)  Loss_feat: 79.97 (80.0)  Loss_gt: 1.341 (1.34) LR: 5.000e-04
2025-08-30 14:26:44,427 -                train: [    INFO] - Train: 126 [ 200/391 ( 51%)]  Loss: 83.25 (82.5)  Loss_cat: 0.6294 (0.617)  Loss_feat: 81.17 (80.4)  Loss_gt: 1.444 (1.42) LR: 5.000e-04
2025-08-30 14:27:50,317 -                train: [    INFO] - Train: 126 [ 390/391 (100%)]  Loss: 82.84 (82.5)  Loss_cat: 0.6240 (0.618)  Loss_feat: 80.72 (80.5)  Loss_gt: 1.499 (1.42) LR: 5.000e-04
2025-08-30 14:27:51,051 -                train: [    INFO] - Test: [   0/39]  Time: 0.679 (0.679)  Loss:  0.9127 (0.9127)  Acc@1: 79.2969 (79.2969)  Acc@5: 93.3594 (93.3594)
2025-08-30 14:28:10,462 -                train: [    INFO] - Test: [  39/39]  Time: 0.022 (0.502)  Loss:  1.7504 (1.1777)  Acc@1: 50.0000 (71.8600)  Acc@5: 93.7500 (90.0500)
2025-08-30 14:28:10,818 - timm.utils.checkpoint_saver: [    INFO] - Current checkpoints:
 ('./output/train/20250830-085552-resnet18_vcaV2-224/checkpoint/checkpoint-122.pth.tar', 71.86)
 ('./output/train/20250830-085552-resnet18_vcaV2-224/checkpoint/checkpoint-126.pth.tar', 71.86)
 ('./output/train/20250830-085552-resnet18_vcaV2-224/checkpoint/checkpoint-124.pth.tar', 71.75)
 ('./output/train/20250830-085552-resnet18_vcaV2-224/checkpoint/checkpoint-125.pth.tar', 71.64)
 ('./output/train/20250830-085552-resnet18_vcaV2-224/checkpoint/checkpoint-123.pth.tar', 71.52)
 ('./output/train/20250830-085552-resnet18_vcaV2-224/checkpoint/checkpoint-120.pth.tar', 71.46)
 ('./output/train/20250830-085552-resnet18_vcaV2-224/checkpoint/checkpoint-121.pth.tar', 71.45)
 ('./output/train/20250830-085552-resnet18_vcaV2-224/checkpoint/checkpoint-119.pth.tar', 71.25)
 ('./output/train/20250830-085552-resnet18_vcaV2-224/checkpoint/checkpoint-108.pth.tar', 69.45)
 ('./output/train/20250830-085552-resnet18_vcaV2-224/checkpoint/checkpoint-115.pth.tar', 69.45)

2025-08-30 14:28:12,161 -                train: [    INFO] - Train: 127 [   0/391 (  0%)]  Loss: 81.44 (81.4)  Loss_cat: 0.6361 (0.636)  Loss_feat: 79.27 (79.3)  Loss_gt: 1.528 (1.53) LR: 5.000e-04
2025-08-30 14:29:21,646 -                train: [    INFO] - Train: 127 [ 200/391 ( 51%)]  Loss: 80.08 (80.6)  Loss_cat: 0.5942 (0.617)  Loss_feat: 78.07 (78.5)  Loss_gt: 1.409 (1.41) LR: 5.000e-04
2025-08-30 14:30:27,886 -                train: [    INFO] - Train: 127 [ 390/391 (100%)]  Loss: 81.45 (80.6)  Loss_cat: 0.6359 (0.617)  Loss_feat: 79.43 (78.6)  Loss_gt: 1.386 (1.42) LR: 5.000e-04
2025-08-30 14:30:28,467 -                train: [    INFO] - Test: [   0/39]  Time: 0.528 (0.528)  Loss:  0.9416 (0.9416)  Acc@1: 78.1250 (78.1250)  Acc@5: 92.9688 (92.9688)
2025-08-30 14:30:48,247 -                train: [    INFO] - Test: [  39/39]  Time: 0.024 (0.508)  Loss:  1.8012 (1.1757)  Acc@1: 50.0000 (71.8400)  Acc@5: 93.7500 (90.0400)
2025-08-30 14:30:48,671 - timm.utils.checkpoint_saver: [    INFO] - Current checkpoints:
 ('./output/train/20250830-085552-resnet18_vcaV2-224/checkpoint/checkpoint-122.pth.tar', 71.86)
 ('./output/train/20250830-085552-resnet18_vcaV2-224/checkpoint/checkpoint-126.pth.tar', 71.86)
 ('./output/train/20250830-085552-resnet18_vcaV2-224/checkpoint/checkpoint-127.pth.tar', 71.84)
 ('./output/train/20250830-085552-resnet18_vcaV2-224/checkpoint/checkpoint-124.pth.tar', 71.75)
 ('./output/train/20250830-085552-resnet18_vcaV2-224/checkpoint/checkpoint-125.pth.tar', 71.64)
 ('./output/train/20250830-085552-resnet18_vcaV2-224/checkpoint/checkpoint-123.pth.tar', 71.52)
 ('./output/train/20250830-085552-resnet18_vcaV2-224/checkpoint/checkpoint-120.pth.tar', 71.46)
 ('./output/train/20250830-085552-resnet18_vcaV2-224/checkpoint/checkpoint-121.pth.tar', 71.45)
 ('./output/train/20250830-085552-resnet18_vcaV2-224/checkpoint/checkpoint-119.pth.tar', 71.25)
 ('./output/train/20250830-085552-resnet18_vcaV2-224/checkpoint/checkpoint-108.pth.tar', 69.45)

2025-08-30 14:30:49,713 -                train: [    INFO] - Train: 128 [   0/391 (  0%)]  Loss: 78.45 (78.5)  Loss_cat: 0.6178 (0.618)  Loss_feat: 76.35 (76.4)  Loss_gt: 1.480 (1.48) LR: 5.000e-04
2025-08-30 14:31:59,276 -                train: [    INFO] - Train: 128 [ 200/391 ( 51%)]  Loss: 78.17 (78.7)  Loss_cat: 0.6070 (0.616)  Loss_feat: 76.17 (76.7)  Loss_gt: 1.402 (1.41) LR: 5.000e-04
2025-08-30 14:33:05,406 -                train: [    INFO] - Train: 128 [ 390/391 (100%)]  Loss: 78.47 (78.7)  Loss_cat: 0.6136 (0.616)  Loss_feat: 76.45 (76.7)  Loss_gt: 1.414 (1.41) LR: 5.000e-04
2025-08-30 14:33:06,021 -                train: [    INFO] - Test: [   0/39]  Time: 0.553 (0.553)  Loss:  0.8724 (0.8724)  Acc@1: 78.5156 (78.5156)  Acc@5: 93.3594 (93.3594)
2025-08-30 14:33:23,189 -                train: [    INFO] - Test: [  39/39]  Time: 0.022 (0.443)  Loss:  1.7185 (1.1712)  Acc@1: 62.5000 (71.9000)  Acc@5: 93.7500 (90.2100)
2025-08-30 14:33:23,521 - timm.utils.checkpoint_saver: [    INFO] - Current checkpoints:
 ('./output/train/20250830-085552-resnet18_vcaV2-224/checkpoint/checkpoint-128.pth.tar', 71.9)
 ('./output/train/20250830-085552-resnet18_vcaV2-224/checkpoint/checkpoint-122.pth.tar', 71.86)
 ('./output/train/20250830-085552-resnet18_vcaV2-224/checkpoint/checkpoint-126.pth.tar', 71.86)
 ('./output/train/20250830-085552-resnet18_vcaV2-224/checkpoint/checkpoint-127.pth.tar', 71.84)
 ('./output/train/20250830-085552-resnet18_vcaV2-224/checkpoint/checkpoint-124.pth.tar', 71.75)
 ('./output/train/20250830-085552-resnet18_vcaV2-224/checkpoint/checkpoint-125.pth.tar', 71.64)
 ('./output/train/20250830-085552-resnet18_vcaV2-224/checkpoint/checkpoint-123.pth.tar', 71.52)
 ('./output/train/20250830-085552-resnet18_vcaV2-224/checkpoint/checkpoint-120.pth.tar', 71.46)
 ('./output/train/20250830-085552-resnet18_vcaV2-224/checkpoint/checkpoint-121.pth.tar', 71.45)
 ('./output/train/20250830-085552-resnet18_vcaV2-224/checkpoint/checkpoint-119.pth.tar', 71.25)

2025-08-30 14:33:24,606 -                train: [    INFO] - Train: 129 [   0/391 (  0%)]  Loss: 75.57 (75.6)  Loss_cat: 0.5884 (0.588)  Loss_feat: 73.73 (73.7)  Loss_gt: 1.252 (1.25) LR: 5.000e-04
2025-08-30 14:34:34,147 -                train: [    INFO] - Train: 129 [ 200/391 ( 51%)]  Loss: 76.17 (76.8)  Loss_cat: 0.6047 (0.613)  Loss_feat: 74.27 (74.8)  Loss_gt: 1.300 (1.41) LR: 5.000e-04
2025-08-30 14:35:40,139 -                train: [    INFO] - Train: 129 [ 390/391 (100%)]  Loss: 77.85 (76.8)  Loss_cat: 0.6289 (0.615)  Loss_feat: 75.87 (74.8)  Loss_gt: 1.356 (1.41) LR: 5.000e-04
2025-08-30 14:35:40,744 -                train: [    INFO] - Test: [   0/39]  Time: 0.543 (0.543)  Loss:  0.8795 (0.8795)  Acc@1: 78.9062 (78.9062)  Acc@5: 93.3594 (93.3594)
2025-08-30 14:36:02,074 -                train: [    INFO] - Test: [  39/39]  Time: 0.022 (0.547)  Loss:  1.6264 (1.1714)  Acc@1: 62.5000 (71.7700)  Acc@5: 93.7500 (90.0800)
2025-08-30 14:36:02,352 - timm.utils.checkpoint_saver: [    INFO] - Current checkpoints:
 ('./output/train/20250830-085552-resnet18_vcaV2-224/checkpoint/checkpoint-128.pth.tar', 71.9)
 ('./output/train/20250830-085552-resnet18_vcaV2-224/checkpoint/checkpoint-122.pth.tar', 71.86)
 ('./output/train/20250830-085552-resnet18_vcaV2-224/checkpoint/checkpoint-126.pth.tar', 71.86)
 ('./output/train/20250830-085552-resnet18_vcaV2-224/checkpoint/checkpoint-127.pth.tar', 71.84)
 ('./output/train/20250830-085552-resnet18_vcaV2-224/checkpoint/checkpoint-129.pth.tar', 71.77)
 ('./output/train/20250830-085552-resnet18_vcaV2-224/checkpoint/checkpoint-124.pth.tar', 71.75)
 ('./output/train/20250830-085552-resnet18_vcaV2-224/checkpoint/checkpoint-125.pth.tar', 71.64)
 ('./output/train/20250830-085552-resnet18_vcaV2-224/checkpoint/checkpoint-123.pth.tar', 71.52)
 ('./output/train/20250830-085552-resnet18_vcaV2-224/checkpoint/checkpoint-120.pth.tar', 71.46)
 ('./output/train/20250830-085552-resnet18_vcaV2-224/checkpoint/checkpoint-121.pth.tar', 71.45)

2025-08-30 14:36:03,648 -                train: [    INFO] - Train: 130 [   0/391 (  0%)]  Loss: 74.91 (74.9)  Loss_cat: 0.6109 (0.611)  Loss_feat: 72.88 (72.9)  Loss_gt: 1.420 (1.42) LR: 5.000e-04
2025-08-30 14:37:13,276 -                train: [    INFO] - Train: 130 [ 200/391 ( 51%)]  Loss: 75.76 (75.0)  Loss_cat: 0.6170 (0.613)  Loss_feat: 73.62 (73.0)  Loss_gt: 1.525 (1.41) LR: 5.000e-04
2025-08-30 14:38:19,332 -                train: [    INFO] - Train: 130 [ 390/391 (100%)]  Loss: 75.26 (75.0)  Loss_cat: 0.6178 (0.614)  Loss_feat: 73.20 (73.0)  Loss_gt: 1.438 (1.41) LR: 5.000e-04
2025-08-30 14:38:19,924 -                train: [    INFO] - Test: [   0/39]  Time: 0.531 (0.531)  Loss:  0.8793 (0.8793)  Acc@1: 80.4688 (80.4688)  Acc@5: 94.1406 (94.1406)
2025-08-30 14:38:39,261 -                train: [    INFO] - Test: [  39/39]  Time: 0.023 (0.497)  Loss:  1.7057 (1.1716)  Acc@1: 62.5000 (71.8100)  Acc@5: 93.7500 (89.9800)
2025-08-30 14:38:39,532 - timm.utils.checkpoint_saver: [    INFO] - Current checkpoints:
 ('./output/train/20250830-085552-resnet18_vcaV2-224/checkpoint/checkpoint-128.pth.tar', 71.9)
 ('./output/train/20250830-085552-resnet18_vcaV2-224/checkpoint/checkpoint-122.pth.tar', 71.86)
 ('./output/train/20250830-085552-resnet18_vcaV2-224/checkpoint/checkpoint-126.pth.tar', 71.86)
 ('./output/train/20250830-085552-resnet18_vcaV2-224/checkpoint/checkpoint-127.pth.tar', 71.84)
 ('./output/train/20250830-085552-resnet18_vcaV2-224/checkpoint/checkpoint-130.pth.tar', 71.81)
 ('./output/train/20250830-085552-resnet18_vcaV2-224/checkpoint/checkpoint-129.pth.tar', 71.77)
 ('./output/train/20250830-085552-resnet18_vcaV2-224/checkpoint/checkpoint-124.pth.tar', 71.75)
 ('./output/train/20250830-085552-resnet18_vcaV2-224/checkpoint/checkpoint-125.pth.tar', 71.64)
 ('./output/train/20250830-085552-resnet18_vcaV2-224/checkpoint/checkpoint-123.pth.tar', 71.52)
 ('./output/train/20250830-085552-resnet18_vcaV2-224/checkpoint/checkpoint-120.pth.tar', 71.46)

2025-08-30 14:38:40,735 -                train: [    INFO] - Train: 131 [   0/391 (  0%)]  Loss: 74.65 (74.7)  Loss_cat: 0.6459 (0.646)  Loss_feat: 72.63 (72.6)  Loss_gt: 1.377 (1.38) LR: 5.000e-04
2025-08-30 14:39:50,459 -                train: [    INFO] - Train: 131 [ 200/391 ( 51%)]  Loss: 72.28 (73.2)  Loss_cat: 0.5878 (0.614)  Loss_feat: 70.32 (71.2)  Loss_gt: 1.379 (1.40) LR: 5.000e-04
2025-08-30 14:40:56,548 -                train: [    INFO] - Train: 131 [ 390/391 (100%)]  Loss: 73.58 (73.2)  Loss_cat: 0.6185 (0.614)  Loss_feat: 71.45 (71.2)  Loss_gt: 1.509 (1.40) LR: 5.000e-04
2025-08-30 14:40:57,136 -                train: [    INFO] - Test: [   0/39]  Time: 0.531 (0.531)  Loss:  0.8963 (0.8963)  Acc@1: 79.2969 (79.2969)  Acc@5: 93.7500 (93.7500)
2025-08-30 14:41:14,241 -                train: [    INFO] - Test: [  39/39]  Time: 0.022 (0.441)  Loss:  1.7151 (1.1720)  Acc@1: 56.2500 (71.8300)  Acc@5: 93.7500 (89.9800)
2025-08-30 14:41:14,735 - timm.utils.checkpoint_saver: [    INFO] - Current checkpoints:
 ('./output/train/20250830-085552-resnet18_vcaV2-224/checkpoint/checkpoint-128.pth.tar', 71.9)
 ('./output/train/20250830-085552-resnet18_vcaV2-224/checkpoint/checkpoint-122.pth.tar', 71.86)
 ('./output/train/20250830-085552-resnet18_vcaV2-224/checkpoint/checkpoint-126.pth.tar', 71.86)
 ('./output/train/20250830-085552-resnet18_vcaV2-224/checkpoint/checkpoint-127.pth.tar', 71.84)
 ('./output/train/20250830-085552-resnet18_vcaV2-224/checkpoint/checkpoint-131.pth.tar', 71.83)
 ('./output/train/20250830-085552-resnet18_vcaV2-224/checkpoint/checkpoint-130.pth.tar', 71.81)
 ('./output/train/20250830-085552-resnet18_vcaV2-224/checkpoint/checkpoint-129.pth.tar', 71.77)
 ('./output/train/20250830-085552-resnet18_vcaV2-224/checkpoint/checkpoint-124.pth.tar', 71.75)
 ('./output/train/20250830-085552-resnet18_vcaV2-224/checkpoint/checkpoint-125.pth.tar', 71.64)
 ('./output/train/20250830-085552-resnet18_vcaV2-224/checkpoint/checkpoint-123.pth.tar', 71.52)

2025-08-30 14:41:16,082 -                train: [    INFO] - Train: 132 [   0/391 (  0%)]  Loss: 71.04 (71.0)  Loss_cat: 0.5843 (0.584)  Loss_feat: 68.96 (69.0)  Loss_gt: 1.495 (1.49) LR: 5.000e-04
2025-08-30 14:42:25,722 -                train: [    INFO] - Train: 132 [ 200/391 ( 51%)]  Loss: 71.52 (71.5)  Loss_cat: 0.6194 (0.614)  Loss_feat: 69.51 (69.5)  Loss_gt: 1.389 (1.40) LR: 5.000e-04
2025-08-30 14:43:31,742 -                train: [    INFO] - Train: 132 [ 390/391 (100%)]  Loss: 72.34 (71.4)  Loss_cat: 0.6509 (0.614)  Loss_feat: 70.31 (69.4)  Loss_gt: 1.375 (1.40) LR: 5.000e-04
2025-08-30 14:43:32,738 -                train: [    INFO] - Test: [   0/39]  Time: 0.944 (0.944)  Loss:  0.8793 (0.8793)  Acc@1: 80.0781 (80.0781)  Acc@5: 93.7500 (93.7500)
2025-08-30 14:43:59,874 -                train: [    INFO] - Test: [  39/39]  Time: 0.022 (0.702)  Loss:  1.6759 (1.1746)  Acc@1: 62.5000 (72.0700)  Acc@5: 93.7500 (90.1500)
2025-08-30 14:44:00,159 - timm.utils.checkpoint_saver: [    INFO] - Current checkpoints:
 ('./output/train/20250830-085552-resnet18_vcaV2-224/checkpoint/checkpoint-132.pth.tar', 72.07)
 ('./output/train/20250830-085552-resnet18_vcaV2-224/checkpoint/checkpoint-128.pth.tar', 71.9)
 ('./output/train/20250830-085552-resnet18_vcaV2-224/checkpoint/checkpoint-122.pth.tar', 71.86)
 ('./output/train/20250830-085552-resnet18_vcaV2-224/checkpoint/checkpoint-126.pth.tar', 71.86)
 ('./output/train/20250830-085552-resnet18_vcaV2-224/checkpoint/checkpoint-127.pth.tar', 71.84)
 ('./output/train/20250830-085552-resnet18_vcaV2-224/checkpoint/checkpoint-131.pth.tar', 71.83)
 ('./output/train/20250830-085552-resnet18_vcaV2-224/checkpoint/checkpoint-130.pth.tar', 71.81)
 ('./output/train/20250830-085552-resnet18_vcaV2-224/checkpoint/checkpoint-129.pth.tar', 71.77)
 ('./output/train/20250830-085552-resnet18_vcaV2-224/checkpoint/checkpoint-124.pth.tar', 71.75)
 ('./output/train/20250830-085552-resnet18_vcaV2-224/checkpoint/checkpoint-125.pth.tar', 71.64)

2025-08-30 14:44:01,553 -                train: [    INFO] - Train: 133 [   0/391 (  0%)]  Loss: 70.34 (70.3)  Loss_cat: 0.6326 (0.633)  Loss_feat: 68.23 (68.2)  Loss_gt: 1.471 (1.47) LR: 5.000e-04
2025-08-30 14:45:11,189 -                train: [    INFO] - Train: 133 [ 200/391 ( 51%)]  Loss: 69.00 (69.7)  Loss_cat: 0.5996 (0.614)  Loss_feat: 67.00 (67.7)  Loss_gt: 1.399 (1.40) LR: 5.000e-04
2025-08-30 14:46:17,232 -                train: [    INFO] - Train: 133 [ 390/391 (100%)]  Loss: 70.58 (69.7)  Loss_cat: 0.6468 (0.614)  Loss_feat: 68.58 (67.7)  Loss_gt: 1.350 (1.40) LR: 5.000e-04
2025-08-30 14:46:17,846 -                train: [    INFO] - Test: [   0/39]  Time: 0.556 (0.556)  Loss:  0.9335 (0.9335)  Acc@1: 78.1250 (78.1250)  Acc@5: 93.7500 (93.7500)
2025-08-30 14:46:34,980 -                train: [    INFO] - Test: [  39/39]  Time: 0.022 (0.442)  Loss:  1.7595 (1.1728)  Acc@1: 56.2500 (71.9500)  Acc@5: 87.5000 (90.0500)
2025-08-30 14:46:35,291 - timm.utils.checkpoint_saver: [    INFO] - Current checkpoints:
 ('./output/train/20250830-085552-resnet18_vcaV2-224/checkpoint/checkpoint-132.pth.tar', 72.07)
 ('./output/train/20250830-085552-resnet18_vcaV2-224/checkpoint/checkpoint-133.pth.tar', 71.95)
 ('./output/train/20250830-085552-resnet18_vcaV2-224/checkpoint/checkpoint-128.pth.tar', 71.9)
 ('./output/train/20250830-085552-resnet18_vcaV2-224/checkpoint/checkpoint-122.pth.tar', 71.86)
 ('./output/train/20250830-085552-resnet18_vcaV2-224/checkpoint/checkpoint-126.pth.tar', 71.86)
 ('./output/train/20250830-085552-resnet18_vcaV2-224/checkpoint/checkpoint-127.pth.tar', 71.84)
 ('./output/train/20250830-085552-resnet18_vcaV2-224/checkpoint/checkpoint-131.pth.tar', 71.83)
 ('./output/train/20250830-085552-resnet18_vcaV2-224/checkpoint/checkpoint-130.pth.tar', 71.81)
 ('./output/train/20250830-085552-resnet18_vcaV2-224/checkpoint/checkpoint-129.pth.tar', 71.77)
 ('./output/train/20250830-085552-resnet18_vcaV2-224/checkpoint/checkpoint-124.pth.tar', 71.75)

2025-08-30 14:46:36,324 -                train: [    INFO] - Train: 134 [   0/391 (  0%)]  Loss: 66.99 (67.0)  Loss_cat: 0.5830 (0.583)  Loss_feat: 65.04 (65.0)  Loss_gt: 1.376 (1.38) LR: 5.000e-04
2025-08-30 14:47:45,949 -                train: [    INFO] - Train: 134 [ 200/391 ( 51%)]  Loss: 66.24 (67.9)  Loss_cat: 0.5755 (0.613)  Loss_feat: 64.34 (65.9)  Loss_gt: 1.319 (1.39) LR: 5.000e-04
2025-08-30 14:48:51,933 -                train: [    INFO] - Train: 134 [ 390/391 (100%)]  Loss: 68.15 (67.8)  Loss_cat: 0.6164 (0.612)  Loss_feat: 66.17 (65.8)  Loss_gt: 1.372 (1.40) LR: 5.000e-04
2025-08-30 14:48:52,505 -                train: [    INFO] - Test: [   0/39]  Time: 0.523 (0.523)  Loss:  0.9129 (0.9129)  Acc@1: 78.5156 (78.5156)  Acc@5: 92.9688 (92.9688)
2025-08-30 14:49:09,531 -                train: [    INFO] - Test: [  39/39]  Time: 0.022 (0.439)  Loss:  1.7271 (1.1679)  Acc@1: 56.2500 (72.0500)  Acc@5: 93.7500 (89.9900)
2025-08-30 14:49:09,832 - timm.utils.checkpoint_saver: [    INFO] - Current checkpoints:
 ('./output/train/20250830-085552-resnet18_vcaV2-224/checkpoint/checkpoint-132.pth.tar', 72.07)
 ('./output/train/20250830-085552-resnet18_vcaV2-224/checkpoint/checkpoint-134.pth.tar', 72.05)
 ('./output/train/20250830-085552-resnet18_vcaV2-224/checkpoint/checkpoint-133.pth.tar', 71.95)
 ('./output/train/20250830-085552-resnet18_vcaV2-224/checkpoint/checkpoint-128.pth.tar', 71.9)
 ('./output/train/20250830-085552-resnet18_vcaV2-224/checkpoint/checkpoint-122.pth.tar', 71.86)
 ('./output/train/20250830-085552-resnet18_vcaV2-224/checkpoint/checkpoint-126.pth.tar', 71.86)
 ('./output/train/20250830-085552-resnet18_vcaV2-224/checkpoint/checkpoint-127.pth.tar', 71.84)
 ('./output/train/20250830-085552-resnet18_vcaV2-224/checkpoint/checkpoint-131.pth.tar', 71.83)
 ('./output/train/20250830-085552-resnet18_vcaV2-224/checkpoint/checkpoint-130.pth.tar', 71.81)
 ('./output/train/20250830-085552-resnet18_vcaV2-224/checkpoint/checkpoint-129.pth.tar', 71.77)

2025-08-30 14:49:10,900 -                train: [    INFO] - Train: 135 [   0/391 (  0%)]  Loss: 65.48 (65.5)  Loss_cat: 0.5961 (0.596)  Loss_feat: 63.53 (63.5)  Loss_gt: 1.360 (1.36) LR: 5.000e-04
2025-08-30 14:50:20,601 -                train: [    INFO] - Train: 135 [ 200/391 ( 51%)]  Loss: 66.61 (66.2)  Loss_cat: 0.6420 (0.613)  Loss_feat: 64.57 (64.1)  Loss_gt: 1.396 (1.40) LR: 5.000e-04
2025-08-30 14:51:26,649 -                train: [    INFO] - Train: 135 [ 390/391 (100%)]  Loss: 65.21 (66.1)  Loss_cat: 0.6124 (0.612)  Loss_feat: 63.18 (64.1)  Loss_gt: 1.409 (1.40) LR: 5.000e-04
2025-08-30 14:51:27,247 -                train: [    INFO] - Test: [   0/39]  Time: 0.546 (0.546)  Loss:  0.8669 (0.8669)  Acc@1: 78.1250 (78.1250)  Acc@5: 93.7500 (93.7500)
2025-08-30 14:51:44,266 -                train: [    INFO] - Test: [  39/39]  Time: 0.022 (0.439)  Loss:  1.8382 (1.1660)  Acc@1: 50.0000 (71.7500)  Acc@5: 87.5000 (90.1200)
2025-08-30 14:51:45,563 -                train: [    INFO] - Train: 136 [   0/391 (  0%)]  Loss: 63.07 (63.1)  Loss_cat: 0.5818 (0.582)  Loss_feat: 61.12 (61.1)  Loss_gt: 1.368 (1.37) LR: 5.000e-04
2025-08-30 14:52:55,288 -                train: [    INFO] - Train: 136 [ 200/391 ( 51%)]  Loss: 63.62 (64.4)  Loss_cat: 0.5795 (0.610)  Loss_feat: 61.70 (62.4)  Loss_gt: 1.339 (1.39) LR: 5.000e-04
2025-08-30 14:54:01,339 -                train: [    INFO] - Train: 136 [ 390/391 (100%)]  Loss: 65.72 (64.4)  Loss_cat: 0.6491 (0.611)  Loss_feat: 63.73 (62.4)  Loss_gt: 1.341 (1.39) LR: 5.000e-04
2025-08-30 14:54:01,940 -                train: [    INFO] - Test: [   0/39]  Time: 0.538 (0.538)  Loss:  0.9000 (0.9000)  Acc@1: 79.2969 (79.2969)  Acc@5: 93.7500 (93.7500)
2025-08-30 14:54:18,854 -                train: [    INFO] - Test: [  39/39]  Time: 0.022 (0.436)  Loss:  1.6882 (1.1679)  Acc@1: 56.2500 (72.0100)  Acc@5: 87.5000 (90.2000)
2025-08-30 14:54:19,141 - timm.utils.checkpoint_saver: [    INFO] - Current checkpoints:
 ('./output/train/20250830-085552-resnet18_vcaV2-224/checkpoint/checkpoint-132.pth.tar', 72.07)
 ('./output/train/20250830-085552-resnet18_vcaV2-224/checkpoint/checkpoint-134.pth.tar', 72.05)
 ('./output/train/20250830-085552-resnet18_vcaV2-224/checkpoint/checkpoint-136.pth.tar', 72.01)
 ('./output/train/20250830-085552-resnet18_vcaV2-224/checkpoint/checkpoint-133.pth.tar', 71.95)
 ('./output/train/20250830-085552-resnet18_vcaV2-224/checkpoint/checkpoint-128.pth.tar', 71.9)
 ('./output/train/20250830-085552-resnet18_vcaV2-224/checkpoint/checkpoint-122.pth.tar', 71.86)
 ('./output/train/20250830-085552-resnet18_vcaV2-224/checkpoint/checkpoint-126.pth.tar', 71.86)
 ('./output/train/20250830-085552-resnet18_vcaV2-224/checkpoint/checkpoint-127.pth.tar', 71.84)
 ('./output/train/20250830-085552-resnet18_vcaV2-224/checkpoint/checkpoint-131.pth.tar', 71.83)
 ('./output/train/20250830-085552-resnet18_vcaV2-224/checkpoint/checkpoint-130.pth.tar', 71.81)

2025-08-30 14:54:20,152 -                train: [    INFO] - Train: 137 [   0/391 (  0%)]  Loss: 61.88 (61.9)  Loss_cat: 0.5978 (0.598)  Loss_feat: 59.96 (60.0)  Loss_gt: 1.325 (1.32) LR: 5.000e-04
2025-08-30 14:55:29,858 -                train: [    INFO] - Train: 137 [ 200/391 ( 51%)]  Loss: 62.28 (62.6)  Loss_cat: 0.6069 (0.610)  Loss_feat: 60.33 (60.6)  Loss_gt: 1.350 (1.39) LR: 5.000e-04
2025-08-30 14:56:35,931 -                train: [    INFO] - Train: 137 [ 390/391 (100%)]  Loss: 62.45 (62.7)  Loss_cat: 0.6271 (0.611)  Loss_feat: 60.45 (60.7)  Loss_gt: 1.379 (1.39) LR: 5.000e-04
2025-08-30 14:56:36,542 -                train: [    INFO] - Test: [   0/39]  Time: 0.557 (0.557)  Loss:  0.9174 (0.9174)  Acc@1: 78.5156 (78.5156)  Acc@5: 93.3594 (93.3594)
2025-08-30 14:56:53,720 -                train: [    INFO] - Test: [  39/39]  Time: 0.022 (0.443)  Loss:  1.7283 (1.1683)  Acc@1: 56.2500 (71.9600)  Acc@5: 93.7500 (90.1600)
2025-08-30 14:56:53,983 - timm.utils.checkpoint_saver: [    INFO] - Current checkpoints:
 ('./output/train/20250830-085552-resnet18_vcaV2-224/checkpoint/checkpoint-132.pth.tar', 72.07)
 ('./output/train/20250830-085552-resnet18_vcaV2-224/checkpoint/checkpoint-134.pth.tar', 72.05)
 ('./output/train/20250830-085552-resnet18_vcaV2-224/checkpoint/checkpoint-136.pth.tar', 72.01)
 ('./output/train/20250830-085552-resnet18_vcaV2-224/checkpoint/checkpoint-137.pth.tar', 71.96)
 ('./output/train/20250830-085552-resnet18_vcaV2-224/checkpoint/checkpoint-133.pth.tar', 71.95)
 ('./output/train/20250830-085552-resnet18_vcaV2-224/checkpoint/checkpoint-128.pth.tar', 71.9)
 ('./output/train/20250830-085552-resnet18_vcaV2-224/checkpoint/checkpoint-122.pth.tar', 71.86)
 ('./output/train/20250830-085552-resnet18_vcaV2-224/checkpoint/checkpoint-126.pth.tar', 71.86)
 ('./output/train/20250830-085552-resnet18_vcaV2-224/checkpoint/checkpoint-127.pth.tar', 71.84)
 ('./output/train/20250830-085552-resnet18_vcaV2-224/checkpoint/checkpoint-131.pth.tar', 71.83)

2025-08-30 14:56:55,016 -                train: [    INFO] - Train: 138 [   0/391 (  0%)]  Loss: 61.00 (61.0)  Loss_cat: 0.6080 (0.608)  Loss_feat: 58.97 (59.0)  Loss_gt: 1.422 (1.42) LR: 5.000e-04
2025-08-30 14:58:04,752 -                train: [    INFO] - Train: 138 [ 200/391 ( 51%)]  Loss: 59.94 (60.9)  Loss_cat: 0.5923 (0.610)  Loss_feat: 58.00 (58.9)  Loss_gt: 1.351 (1.39) LR: 5.000e-04
2025-08-30 14:59:10,769 -                train: [    INFO] - Train: 138 [ 390/391 (100%)]  Loss: 60.80 (61.0)  Loss_cat: 0.6211 (0.611)  Loss_feat: 58.76 (59.0)  Loss_gt: 1.417 (1.39) LR: 5.000e-04
2025-08-30 14:59:11,355 -                train: [    INFO] - Test: [   0/39]  Time: 0.531 (0.531)  Loss:  0.9123 (0.9123)  Acc@1: 77.7344 (77.7344)  Acc@5: 92.9688 (92.9688)
2025-08-30 14:59:28,385 -                train: [    INFO] - Test: [  39/39]  Time: 0.022 (0.439)  Loss:  1.7343 (1.1643)  Acc@1: 56.2500 (71.9000)  Acc@5: 93.7500 (90.0500)
2025-08-30 14:59:28,656 - timm.utils.checkpoint_saver: [    INFO] - Current checkpoints:
 ('./output/train/20250830-085552-resnet18_vcaV2-224/checkpoint/checkpoint-132.pth.tar', 72.07)
 ('./output/train/20250830-085552-resnet18_vcaV2-224/checkpoint/checkpoint-134.pth.tar', 72.05)
 ('./output/train/20250830-085552-resnet18_vcaV2-224/checkpoint/checkpoint-136.pth.tar', 72.01)
 ('./output/train/20250830-085552-resnet18_vcaV2-224/checkpoint/checkpoint-137.pth.tar', 71.96)
 ('./output/train/20250830-085552-resnet18_vcaV2-224/checkpoint/checkpoint-133.pth.tar', 71.95)
 ('./output/train/20250830-085552-resnet18_vcaV2-224/checkpoint/checkpoint-128.pth.tar', 71.9)
 ('./output/train/20250830-085552-resnet18_vcaV2-224/checkpoint/checkpoint-138.pth.tar', 71.9)
 ('./output/train/20250830-085552-resnet18_vcaV2-224/checkpoint/checkpoint-122.pth.tar', 71.86)
 ('./output/train/20250830-085552-resnet18_vcaV2-224/checkpoint/checkpoint-126.pth.tar', 71.86)
 ('./output/train/20250830-085552-resnet18_vcaV2-224/checkpoint/checkpoint-127.pth.tar', 71.84)

2025-08-30 14:59:29,713 -                train: [    INFO] - Train: 139 [   0/391 (  0%)]  Loss: 59.72 (59.7)  Loss_cat: 0.6151 (0.615)  Loss_feat: 57.66 (57.7)  Loss_gt: 1.449 (1.45) LR: 5.000e-04
2025-08-30 15:00:39,364 -                train: [    INFO] - Train: 139 [ 200/391 ( 51%)]  Loss: 58.46 (59.2)  Loss_cat: 0.5944 (0.608)  Loss_feat: 56.53 (57.2)  Loss_gt: 1.333 (1.38) LR: 5.000e-04
2025-08-30 15:01:45,407 -                train: [    INFO] - Train: 139 [ 390/391 (100%)]  Loss: 60.08 (59.3)  Loss_cat: 0.6188 (0.609)  Loss_feat: 58.02 (57.3)  Loss_gt: 1.437 (1.38) LR: 5.000e-04
2025-08-30 15:01:45,987 -                train: [    INFO] - Test: [   0/39]  Time: 0.532 (0.532)  Loss:  0.9032 (0.9032)  Acc@1: 78.9062 (78.9062)  Acc@5: 93.3594 (93.3594)
2025-08-30 15:02:03,002 -                train: [    INFO] - Test: [  39/39]  Time: 0.022 (0.439)  Loss:  1.8152 (1.1645)  Acc@1: 50.0000 (71.9800)  Acc@5: 93.7500 (90.1300)
2025-08-30 15:02:03,290 - timm.utils.checkpoint_saver: [    INFO] - Current checkpoints:
 ('./output/train/20250830-085552-resnet18_vcaV2-224/checkpoint/checkpoint-132.pth.tar', 72.07)
 ('./output/train/20250830-085552-resnet18_vcaV2-224/checkpoint/checkpoint-134.pth.tar', 72.05)
 ('./output/train/20250830-085552-resnet18_vcaV2-224/checkpoint/checkpoint-136.pth.tar', 72.01)
 ('./output/train/20250830-085552-resnet18_vcaV2-224/checkpoint/checkpoint-139.pth.tar', 71.98)
 ('./output/train/20250830-085552-resnet18_vcaV2-224/checkpoint/checkpoint-137.pth.tar', 71.96)
 ('./output/train/20250830-085552-resnet18_vcaV2-224/checkpoint/checkpoint-133.pth.tar', 71.95)
 ('./output/train/20250830-085552-resnet18_vcaV2-224/checkpoint/checkpoint-128.pth.tar', 71.9)
 ('./output/train/20250830-085552-resnet18_vcaV2-224/checkpoint/checkpoint-138.pth.tar', 71.9)
 ('./output/train/20250830-085552-resnet18_vcaV2-224/checkpoint/checkpoint-122.pth.tar', 71.86)
 ('./output/train/20250830-085552-resnet18_vcaV2-224/checkpoint/checkpoint-126.pth.tar', 71.86)

2025-08-30 15:02:04,376 -                train: [    INFO] - Train: 140 [   0/391 (  0%)]  Loss: 57.10 (57.1)  Loss_cat: 0.5763 (0.576)  Loss_feat: 55.10 (55.1)  Loss_gt: 1.427 (1.43) LR: 5.000e-04
2025-08-30 15:03:14,049 -                train: [    INFO] - Train: 140 [ 200/391 ( 51%)]  Loss: 58.03 (57.6)  Loss_cat: 0.6277 (0.609)  Loss_feat: 55.98 (55.6)  Loss_gt: 1.421 (1.39) LR: 5.000e-04
2025-08-30 15:04:20,081 -                train: [    INFO] - Train: 140 [ 390/391 (100%)]  Loss: 57.26 (57.6)  Loss_cat: 0.6014 (0.610)  Loss_feat: 55.21 (55.7)  Loss_gt: 1.450 (1.38) LR: 5.000e-04
2025-08-30 15:04:20,654 -                train: [    INFO] - Test: [   0/39]  Time: 0.522 (0.522)  Loss:  0.9016 (0.9016)  Acc@1: 79.2969 (79.2969)  Acc@5: 93.7500 (93.7500)
2025-08-30 15:04:38,200 -                train: [    INFO] - Test: [  39/39]  Time: 0.022 (0.452)  Loss:  1.6612 (1.1622)  Acc@1: 62.5000 (72.1600)  Acc@5: 87.5000 (90.1800)
2025-08-30 15:04:38,443 - timm.utils.checkpoint_saver: [    INFO] - Current checkpoints:
 ('./output/train/20250830-085552-resnet18_vcaV2-224/checkpoint/checkpoint-140.pth.tar', 72.16)
 ('./output/train/20250830-085552-resnet18_vcaV2-224/checkpoint/checkpoint-132.pth.tar', 72.07)
 ('./output/train/20250830-085552-resnet18_vcaV2-224/checkpoint/checkpoint-134.pth.tar', 72.05)
 ('./output/train/20250830-085552-resnet18_vcaV2-224/checkpoint/checkpoint-136.pth.tar', 72.01)
 ('./output/train/20250830-085552-resnet18_vcaV2-224/checkpoint/checkpoint-139.pth.tar', 71.98)
 ('./output/train/20250830-085552-resnet18_vcaV2-224/checkpoint/checkpoint-137.pth.tar', 71.96)
 ('./output/train/20250830-085552-resnet18_vcaV2-224/checkpoint/checkpoint-133.pth.tar', 71.95)
 ('./output/train/20250830-085552-resnet18_vcaV2-224/checkpoint/checkpoint-128.pth.tar', 71.9)
 ('./output/train/20250830-085552-resnet18_vcaV2-224/checkpoint/checkpoint-138.pth.tar', 71.9)
 ('./output/train/20250830-085552-resnet18_vcaV2-224/checkpoint/checkpoint-122.pth.tar', 71.86)

2025-08-30 15:04:39,537 -                train: [    INFO] - Train: 141 [   0/391 (  0%)]  Loss: 55.96 (56.0)  Loss_cat: 0.6077 (0.608)  Loss_feat: 53.96 (54.0)  Loss_gt: 1.392 (1.39) LR: 5.000e-04
2025-08-30 15:05:49,227 -                train: [    INFO] - Train: 141 [ 200/391 ( 51%)]  Loss: 56.18 (56.0)  Loss_cat: 0.6131 (0.611)  Loss_feat: 54.19 (54.0)  Loss_gt: 1.375 (1.38) LR: 5.000e-04
2025-08-30 15:06:55,277 -                train: [    INFO] - Train: 141 [ 390/391 (100%)]  Loss: 56.03 (56.0)  Loss_cat: 0.6024 (0.608)  Loss_feat: 54.09 (54.0)  Loss_gt: 1.341 (1.38) LR: 5.000e-04
2025-08-30 15:06:55,883 -                train: [    INFO] - Test: [   0/39]  Time: 0.547 (0.547)  Loss:  0.8935 (0.8935)  Acc@1: 79.2969 (79.2969)  Acc@5: 93.7500 (93.7500)
2025-08-30 15:07:13,884 -                train: [    INFO] - Test: [  39/39]  Time: 0.022 (0.464)  Loss:  1.7603 (1.1652)  Acc@1: 50.0000 (72.0300)  Acc@5: 93.7500 (90.0900)
2025-08-30 15:07:14,180 - timm.utils.checkpoint_saver: [    INFO] - Current checkpoints:
 ('./output/train/20250830-085552-resnet18_vcaV2-224/checkpoint/checkpoint-140.pth.tar', 72.16)
 ('./output/train/20250830-085552-resnet18_vcaV2-224/checkpoint/checkpoint-132.pth.tar', 72.07)
 ('./output/train/20250830-085552-resnet18_vcaV2-224/checkpoint/checkpoint-134.pth.tar', 72.05)
 ('./output/train/20250830-085552-resnet18_vcaV2-224/checkpoint/checkpoint-141.pth.tar', 72.03)
 ('./output/train/20250830-085552-resnet18_vcaV2-224/checkpoint/checkpoint-136.pth.tar', 72.01)
 ('./output/train/20250830-085552-resnet18_vcaV2-224/checkpoint/checkpoint-139.pth.tar', 71.98)
 ('./output/train/20250830-085552-resnet18_vcaV2-224/checkpoint/checkpoint-137.pth.tar', 71.96)
 ('./output/train/20250830-085552-resnet18_vcaV2-224/checkpoint/checkpoint-133.pth.tar', 71.95)
 ('./output/train/20250830-085552-resnet18_vcaV2-224/checkpoint/checkpoint-128.pth.tar', 71.9)
 ('./output/train/20250830-085552-resnet18_vcaV2-224/checkpoint/checkpoint-138.pth.tar', 71.9)

2025-08-30 15:07:15,303 -                train: [    INFO] - Train: 142 [   0/391 (  0%)]  Loss: 55.19 (55.2)  Loss_cat: 0.6319 (0.632)  Loss_feat: 53.03 (53.0)  Loss_gt: 1.525 (1.53) LR: 5.000e-04
2025-08-30 15:08:24,992 -                train: [    INFO] - Train: 142 [ 200/391 ( 51%)]  Loss: 53.87 (54.3)  Loss_cat: 0.5916 (0.608)  Loss_feat: 51.88 (52.4)  Loss_gt: 1.394 (1.37) LR: 5.000e-04
2025-08-30 15:09:30,965 -                train: [    INFO] - Train: 142 [ 390/391 (100%)]  Loss: 54.72 (54.4)  Loss_cat: 0.6159 (0.608)  Loss_feat: 52.58 (52.4)  Loss_gt: 1.518 (1.38) LR: 5.000e-04
2025-08-30 15:09:31,768 -                train: [    INFO] - Test: [   0/39]  Time: 0.741 (0.741)  Loss:  0.8758 (0.8758)  Acc@1: 78.9062 (78.9062)  Acc@5: 93.7500 (93.7500)
2025-08-30 15:09:48,669 -                train: [    INFO] - Test: [  39/39]  Time: 0.022 (0.441)  Loss:  1.7236 (1.1599)  Acc@1: 56.2500 (72.0900)  Acc@5: 93.7500 (90.2000)
2025-08-30 15:09:48,934 - timm.utils.checkpoint_saver: [    INFO] - Current checkpoints:
 ('./output/train/20250830-085552-resnet18_vcaV2-224/checkpoint/checkpoint-140.pth.tar', 72.16)
 ('./output/train/20250830-085552-resnet18_vcaV2-224/checkpoint/checkpoint-142.pth.tar', 72.09)
 ('./output/train/20250830-085552-resnet18_vcaV2-224/checkpoint/checkpoint-132.pth.tar', 72.07)
 ('./output/train/20250830-085552-resnet18_vcaV2-224/checkpoint/checkpoint-134.pth.tar', 72.05)
 ('./output/train/20250830-085552-resnet18_vcaV2-224/checkpoint/checkpoint-141.pth.tar', 72.03)
 ('./output/train/20250830-085552-resnet18_vcaV2-224/checkpoint/checkpoint-136.pth.tar', 72.01)
 ('./output/train/20250830-085552-resnet18_vcaV2-224/checkpoint/checkpoint-139.pth.tar', 71.98)
 ('./output/train/20250830-085552-resnet18_vcaV2-224/checkpoint/checkpoint-137.pth.tar', 71.96)
 ('./output/train/20250830-085552-resnet18_vcaV2-224/checkpoint/checkpoint-133.pth.tar', 71.95)
 ('./output/train/20250830-085552-resnet18_vcaV2-224/checkpoint/checkpoint-128.pth.tar', 71.9)

2025-08-30 15:09:49,961 -                train: [    INFO] - Train: 143 [   0/391 (  0%)]  Loss: 52.91 (52.9)  Loss_cat: 0.6064 (0.606)  Loss_feat: 50.91 (50.9)  Loss_gt: 1.396 (1.40) LR: 5.000e-04
2025-08-30 15:10:59,607 -                train: [    INFO] - Train: 143 [ 200/391 ( 51%)]  Loss: 53.16 (52.8)  Loss_cat: 0.6331 (0.609)  Loss_feat: 51.17 (50.8)  Loss_gt: 1.359 (1.38) LR: 5.000e-04
2025-08-30 15:12:05,584 -                train: [    INFO] - Train: 143 [ 390/391 (100%)]  Loss: 52.85 (52.8)  Loss_cat: 0.6256 (0.609)  Loss_feat: 50.91 (50.8)  Loss_gt: 1.309 (1.38) LR: 5.000e-04
2025-08-30 15:12:06,160 -                train: [    INFO] - Test: [   0/39]  Time: 0.527 (0.527)  Loss:  0.8774 (0.8774)  Acc@1: 78.9062 (78.9062)  Acc@5: 93.7500 (93.7500)
2025-08-30 15:12:23,463 -                train: [    INFO] - Test: [  39/39]  Time: 0.022 (0.446)  Loss:  1.6358 (1.1603)  Acc@1: 62.5000 (72.0400)  Acc@5: 93.7500 (90.3300)
2025-08-30 15:12:23,720 - timm.utils.checkpoint_saver: [    INFO] - Current checkpoints:
 ('./output/train/20250830-085552-resnet18_vcaV2-224/checkpoint/checkpoint-140.pth.tar', 72.16)
 ('./output/train/20250830-085552-resnet18_vcaV2-224/checkpoint/checkpoint-142.pth.tar', 72.09)
 ('./output/train/20250830-085552-resnet18_vcaV2-224/checkpoint/checkpoint-132.pth.tar', 72.07)
 ('./output/train/20250830-085552-resnet18_vcaV2-224/checkpoint/checkpoint-134.pth.tar', 72.05)
 ('./output/train/20250830-085552-resnet18_vcaV2-224/checkpoint/checkpoint-143.pth.tar', 72.04)
 ('./output/train/20250830-085552-resnet18_vcaV2-224/checkpoint/checkpoint-141.pth.tar', 72.03)
 ('./output/train/20250830-085552-resnet18_vcaV2-224/checkpoint/checkpoint-136.pth.tar', 72.01)
 ('./output/train/20250830-085552-resnet18_vcaV2-224/checkpoint/checkpoint-139.pth.tar', 71.98)
 ('./output/train/20250830-085552-resnet18_vcaV2-224/checkpoint/checkpoint-137.pth.tar', 71.96)
 ('./output/train/20250830-085552-resnet18_vcaV2-224/checkpoint/checkpoint-133.pth.tar', 71.95)

2025-08-30 15:12:24,740 -                train: [    INFO] - Train: 144 [   0/391 (  0%)]  Loss: 52.15 (52.2)  Loss_cat: 0.6375 (0.637)  Loss_feat: 50.16 (50.2)  Loss_gt: 1.352 (1.35) LR: 5.000e-04
2025-08-30 15:13:34,438 -                train: [    INFO] - Train: 144 [ 200/391 ( 51%)]  Loss: 51.66 (51.2)  Loss_cat: 0.6260 (0.609)  Loss_feat: 49.66 (49.3)  Loss_gt: 1.378 (1.37) LR: 5.000e-04
2025-08-30 15:14:40,554 -                train: [    INFO] - Train: 144 [ 390/391 (100%)]  Loss: 51.21 (51.2)  Loss_cat: 0.5979 (0.609)  Loss_feat: 49.13 (49.3)  Loss_gt: 1.489 (1.37) LR: 5.000e-04
2025-08-30 15:14:41,182 -                train: [    INFO] - Test: [   0/39]  Time: 0.563 (0.563)  Loss:  0.8755 (0.8755)  Acc@1: 78.9062 (78.9062)  Acc@5: 94.1406 (94.1406)
2025-08-30 15:14:58,758 -                train: [    INFO] - Test: [  39/39]  Time: 0.022 (0.453)  Loss:  1.6264 (1.1602)  Acc@1: 62.5000 (72.2700)  Acc@5: 87.5000 (90.2100)
2025-08-30 15:14:59,050 - timm.utils.checkpoint_saver: [    INFO] - Current checkpoints:
 ('./output/train/20250830-085552-resnet18_vcaV2-224/checkpoint/checkpoint-144.pth.tar', 72.27)
 ('./output/train/20250830-085552-resnet18_vcaV2-224/checkpoint/checkpoint-140.pth.tar', 72.16)
 ('./output/train/20250830-085552-resnet18_vcaV2-224/checkpoint/checkpoint-142.pth.tar', 72.09)
 ('./output/train/20250830-085552-resnet18_vcaV2-224/checkpoint/checkpoint-132.pth.tar', 72.07)
 ('./output/train/20250830-085552-resnet18_vcaV2-224/checkpoint/checkpoint-134.pth.tar', 72.05)
 ('./output/train/20250830-085552-resnet18_vcaV2-224/checkpoint/checkpoint-143.pth.tar', 72.04)
 ('./output/train/20250830-085552-resnet18_vcaV2-224/checkpoint/checkpoint-141.pth.tar', 72.03)
 ('./output/train/20250830-085552-resnet18_vcaV2-224/checkpoint/checkpoint-136.pth.tar', 72.01)
 ('./output/train/20250830-085552-resnet18_vcaV2-224/checkpoint/checkpoint-139.pth.tar', 71.98)
 ('./output/train/20250830-085552-resnet18_vcaV2-224/checkpoint/checkpoint-137.pth.tar', 71.96)

2025-08-30 15:15:00,104 -                train: [    INFO] - Train: 145 [   0/391 (  0%)]  Loss: 49.75 (49.8)  Loss_cat: 0.6158 (0.616)  Loss_feat: 47.79 (47.8)  Loss_gt: 1.342 (1.34) LR: 5.000e-04
2025-08-30 15:16:09,728 -                train: [    INFO] - Train: 145 [ 200/391 ( 51%)]  Loss: 49.36 (49.6)  Loss_cat: 0.6193 (0.606)  Loss_feat: 47.31 (47.6)  Loss_gt: 1.425 (1.37) LR: 5.000e-04
2025-08-30 15:17:15,768 -                train: [    INFO] - Train: 145 [ 390/391 (100%)]  Loss: 49.12 (49.6)  Loss_cat: 0.6042 (0.606)  Loss_feat: 47.25 (47.7)  Loss_gt: 1.261 (1.37) LR: 5.000e-04
2025-08-30 15:17:16,357 -                train: [    INFO] - Test: [   0/39]  Time: 0.532 (0.532)  Loss:  0.8815 (0.8815)  Acc@1: 79.2969 (79.2969)  Acc@5: 94.1406 (94.1406)
2025-08-30 15:17:35,084 -                train: [    INFO] - Test: [  39/39]  Time: 0.021 (0.481)  Loss:  1.6655 (1.1583)  Acc@1: 62.5000 (72.1300)  Acc@5: 93.7500 (90.1900)
2025-08-30 15:17:35,354 - timm.utils.checkpoint_saver: [    INFO] - Current checkpoints:
 ('./output/train/20250830-085552-resnet18_vcaV2-224/checkpoint/checkpoint-144.pth.tar', 72.27)
 ('./output/train/20250830-085552-resnet18_vcaV2-224/checkpoint/checkpoint-140.pth.tar', 72.16)
 ('./output/train/20250830-085552-resnet18_vcaV2-224/checkpoint/checkpoint-145.pth.tar', 72.13)
 ('./output/train/20250830-085552-resnet18_vcaV2-224/checkpoint/checkpoint-142.pth.tar', 72.09)
 ('./output/train/20250830-085552-resnet18_vcaV2-224/checkpoint/checkpoint-132.pth.tar', 72.07)
 ('./output/train/20250830-085552-resnet18_vcaV2-224/checkpoint/checkpoint-134.pth.tar', 72.05)
 ('./output/train/20250830-085552-resnet18_vcaV2-224/checkpoint/checkpoint-143.pth.tar', 72.04)
 ('./output/train/20250830-085552-resnet18_vcaV2-224/checkpoint/checkpoint-141.pth.tar', 72.03)
 ('./output/train/20250830-085552-resnet18_vcaV2-224/checkpoint/checkpoint-136.pth.tar', 72.01)
 ('./output/train/20250830-085552-resnet18_vcaV2-224/checkpoint/checkpoint-139.pth.tar', 71.98)

2025-08-30 15:17:36,409 -                train: [    INFO] - Train: 146 [   0/391 (  0%)]  Loss: 47.41 (47.4)  Loss_cat: 0.5804 (0.580)  Loss_feat: 45.43 (45.4)  Loss_gt: 1.394 (1.39) LR: 5.000e-04
2025-08-30 15:18:46,162 -                train: [    INFO] - Train: 146 [ 200/391 ( 51%)]  Loss: 49.25 (48.1)  Loss_cat: 0.6268 (0.607)  Loss_feat: 47.17 (46.1)  Loss_gt: 1.453 (1.37) LR: 5.000e-04
2025-08-30 15:19:52,298 -                train: [    INFO] - Train: 146 [ 390/391 (100%)]  Loss: 48.48 (48.1)  Loss_cat: 0.6082 (0.608)  Loss_feat: 46.52 (46.2)  Loss_gt: 1.351 (1.37) LR: 5.000e-04
2025-08-30 15:19:52,893 -                train: [    INFO] - Test: [   0/39]  Time: 0.542 (0.542)  Loss:  0.8928 (0.8928)  Acc@1: 78.9062 (78.9062)  Acc@5: 93.3594 (93.3594)
2025-08-30 15:20:10,330 -                train: [    INFO] - Test: [  39/39]  Time: 0.022 (0.449)  Loss:  1.6027 (1.1598)  Acc@1: 62.5000 (72.1800)  Acc@5: 87.5000 (90.1200)
2025-08-30 15:20:10,580 - timm.utils.checkpoint_saver: [    INFO] - Current checkpoints:
 ('./output/train/20250830-085552-resnet18_vcaV2-224/checkpoint/checkpoint-144.pth.tar', 72.27)
 ('./output/train/20250830-085552-resnet18_vcaV2-224/checkpoint/checkpoint-146.pth.tar', 72.18)
 ('./output/train/20250830-085552-resnet18_vcaV2-224/checkpoint/checkpoint-140.pth.tar', 72.16)
 ('./output/train/20250830-085552-resnet18_vcaV2-224/checkpoint/checkpoint-145.pth.tar', 72.13)
 ('./output/train/20250830-085552-resnet18_vcaV2-224/checkpoint/checkpoint-142.pth.tar', 72.09)
 ('./output/train/20250830-085552-resnet18_vcaV2-224/checkpoint/checkpoint-132.pth.tar', 72.07)
 ('./output/train/20250830-085552-resnet18_vcaV2-224/checkpoint/checkpoint-134.pth.tar', 72.05)
 ('./output/train/20250830-085552-resnet18_vcaV2-224/checkpoint/checkpoint-143.pth.tar', 72.04)
 ('./output/train/20250830-085552-resnet18_vcaV2-224/checkpoint/checkpoint-141.pth.tar', 72.03)
 ('./output/train/20250830-085552-resnet18_vcaV2-224/checkpoint/checkpoint-136.pth.tar', 72.01)

2025-08-30 15:20:11,652 -                train: [    INFO] - Train: 147 [   0/391 (  0%)]  Loss: 45.85 (45.8)  Loss_cat: 0.5868 (0.587)  Loss_feat: 43.91 (43.9)  Loss_gt: 1.356 (1.36) LR: 5.000e-04
2025-08-30 15:21:21,393 -                train: [    INFO] - Train: 147 [ 200/391 ( 51%)]  Loss: 46.34 (46.6)  Loss_cat: 0.6033 (0.606)  Loss_feat: 44.35 (44.6)  Loss_gt: 1.387 (1.36) LR: 5.000e-04
2025-08-30 15:22:27,469 -                train: [    INFO] - Train: 147 [ 390/391 (100%)]  Loss: 48.30 (46.6)  Loss_cat: 0.6617 (0.606)  Loss_feat: 46.24 (44.6)  Loss_gt: 1.401 (1.37) LR: 5.000e-04
2025-08-30 15:22:28,051 -                train: [    INFO] - Test: [   0/39]  Time: 0.526 (0.526)  Loss:  0.8642 (0.8642)  Acc@1: 78.9062 (78.9062)  Acc@5: 94.1406 (94.1406)
2025-08-30 15:22:44,885 -                train: [    INFO] - Test: [  39/39]  Time: 0.022 (0.434)  Loss:  1.6823 (1.1578)  Acc@1: 56.2500 (71.9300)  Acc@5: 93.7500 (90.2300)
2025-08-30 15:22:46,195 -                train: [    INFO] - Train: 148 [   0/391 (  0%)]  Loss: 44.94 (44.9)  Loss_cat: 0.5949 (0.595)  Loss_feat: 43.03 (43.0)  Loss_gt: 1.314 (1.31) LR: 5.000e-04
2025-08-30 15:23:55,865 -                train: [    INFO] - Train: 148 [ 200/391 ( 51%)]  Loss: 45.71 (45.1)  Loss_cat: 0.6250 (0.605)  Loss_feat: 43.66 (43.1)  Loss_gt: 1.422 (1.36) LR: 5.000e-04
2025-08-30 15:25:01,880 -                train: [    INFO] - Train: 148 [ 390/391 (100%)]  Loss: 45.51 (45.1)  Loss_cat: 0.6387 (0.606)  Loss_feat: 43.59 (43.1)  Loss_gt: 1.282 (1.36) LR: 5.000e-04
2025-08-30 15:25:02,472 -                train: [    INFO] - Test: [   0/39]  Time: 0.535 (0.535)  Loss:  0.8959 (0.8959)  Acc@1: 79.6875 (79.6875)  Acc@5: 93.3594 (93.3594)
2025-08-30 15:25:19,518 -                train: [    INFO] - Test: [  39/39]  Time: 0.022 (0.440)  Loss:  1.7348 (1.1568)  Acc@1: 62.5000 (72.2100)  Acc@5: 93.7500 (90.2800)
2025-08-30 15:25:19,802 - timm.utils.checkpoint_saver: [    INFO] - Current checkpoints:
 ('./output/train/20250830-085552-resnet18_vcaV2-224/checkpoint/checkpoint-144.pth.tar', 72.27)
 ('./output/train/20250830-085552-resnet18_vcaV2-224/checkpoint/checkpoint-148.pth.tar', 72.21)
 ('./output/train/20250830-085552-resnet18_vcaV2-224/checkpoint/checkpoint-146.pth.tar', 72.18)
 ('./output/train/20250830-085552-resnet18_vcaV2-224/checkpoint/checkpoint-140.pth.tar', 72.16)
 ('./output/train/20250830-085552-resnet18_vcaV2-224/checkpoint/checkpoint-145.pth.tar', 72.13)
 ('./output/train/20250830-085552-resnet18_vcaV2-224/checkpoint/checkpoint-142.pth.tar', 72.09)
 ('./output/train/20250830-085552-resnet18_vcaV2-224/checkpoint/checkpoint-132.pth.tar', 72.07)
 ('./output/train/20250830-085552-resnet18_vcaV2-224/checkpoint/checkpoint-134.pth.tar', 72.05)
 ('./output/train/20250830-085552-resnet18_vcaV2-224/checkpoint/checkpoint-143.pth.tar', 72.04)
 ('./output/train/20250830-085552-resnet18_vcaV2-224/checkpoint/checkpoint-141.pth.tar', 72.03)

2025-08-30 15:25:20,850 -                train: [    INFO] - Train: 149 [   0/391 (  0%)]  Loss: 43.91 (43.9)  Loss_cat: 0.6149 (0.615)  Loss_feat: 41.95 (42.0)  Loss_gt: 1.348 (1.35) LR: 5.000e-04
2025-08-30 15:26:30,508 -                train: [    INFO] - Train: 149 [ 200/391 ( 51%)]  Loss: 44.30 (43.7)  Loss_cat: 0.6275 (0.607)  Loss_feat: 42.39 (41.7)  Loss_gt: 1.284 (1.36) LR: 5.000e-04
2025-08-30 15:27:36,580 -                train: [    INFO] - Train: 149 [ 390/391 (100%)]  Loss: 43.42 (43.7)  Loss_cat: 0.6242 (0.606)  Loss_feat: 41.47 (41.7)  Loss_gt: 1.320 (1.36) LR: 5.000e-04
2025-08-30 15:27:37,171 -                train: [    INFO] - Test: [   0/39]  Time: 0.538 (0.538)  Loss:  0.8894 (0.8894)  Acc@1: 78.1250 (78.1250)  Acc@5: 93.3594 (93.3594)
2025-08-30 15:27:54,081 -                train: [    INFO] - Test: [  39/39]  Time: 0.022 (0.436)  Loss:  1.6081 (1.1572)  Acc@1: 62.5000 (72.5100)  Acc@5: 93.7500 (90.2300)
2025-08-30 15:27:54,348 - timm.utils.checkpoint_saver: [    INFO] - Current checkpoints:
 ('./output/train/20250830-085552-resnet18_vcaV2-224/checkpoint/checkpoint-149.pth.tar', 72.51)
 ('./output/train/20250830-085552-resnet18_vcaV2-224/checkpoint/checkpoint-144.pth.tar', 72.27)
 ('./output/train/20250830-085552-resnet18_vcaV2-224/checkpoint/checkpoint-148.pth.tar', 72.21)
 ('./output/train/20250830-085552-resnet18_vcaV2-224/checkpoint/checkpoint-146.pth.tar', 72.18)
 ('./output/train/20250830-085552-resnet18_vcaV2-224/checkpoint/checkpoint-140.pth.tar', 72.16)
 ('./output/train/20250830-085552-resnet18_vcaV2-224/checkpoint/checkpoint-145.pth.tar', 72.13)
 ('./output/train/20250830-085552-resnet18_vcaV2-224/checkpoint/checkpoint-142.pth.tar', 72.09)
 ('./output/train/20250830-085552-resnet18_vcaV2-224/checkpoint/checkpoint-132.pth.tar', 72.07)
 ('./output/train/20250830-085552-resnet18_vcaV2-224/checkpoint/checkpoint-134.pth.tar', 72.05)
 ('./output/train/20250830-085552-resnet18_vcaV2-224/checkpoint/checkpoint-143.pth.tar', 72.04)

2025-08-30 15:27:55,386 -                train: [    INFO] - Train: 150 [   0/391 (  0%)]  Loss: 42.07 (42.1)  Loss_cat: 0.5952 (0.595)  Loss_feat: 40.04 (40.0)  Loss_gt: 1.432 (1.43) LR: 5.000e-04
2025-08-30 15:29:05,043 -                train: [    INFO] - Train: 150 [ 200/391 ( 51%)]  Loss: 42.56 (42.2)  Loss_cat: 0.6200 (0.606)  Loss_feat: 40.61 (40.2)  Loss_gt: 1.335 (1.36) LR: 5.000e-04
2025-08-30 15:30:11,056 -                train: [    INFO] - Train: 150 [ 390/391 (100%)]  Loss: 43.31 (42.2)  Loss_cat: 0.6464 (0.606)  Loss_feat: 41.27 (40.2)  Loss_gt: 1.392 (1.36) LR: 5.000e-04
2025-08-30 15:30:11,643 -                train: [    INFO] - Test: [   0/39]  Time: 0.535 (0.535)  Loss:  0.8519 (0.8519)  Acc@1: 79.6875 (79.6875)  Acc@5: 94.1406 (94.1406)
2025-08-30 15:30:29,204 -                train: [    INFO] - Test: [  39/39]  Time: 0.022 (0.452)  Loss:  1.5372 (1.1584)  Acc@1: 62.5000 (72.2000)  Acc@5: 100.0000 (90.2600)
2025-08-30 15:30:29,508 - timm.utils.checkpoint_saver: [    INFO] - Current checkpoints:
 ('./output/train/20250830-085552-resnet18_vcaV2-224/checkpoint/checkpoint-149.pth.tar', 72.51)
 ('./output/train/20250830-085552-resnet18_vcaV2-224/checkpoint/checkpoint-144.pth.tar', 72.27)
 ('./output/train/20250830-085552-resnet18_vcaV2-224/checkpoint/checkpoint-148.pth.tar', 72.21)
 ('./output/train/20250830-085552-resnet18_vcaV2-224/checkpoint/checkpoint-150.pth.tar', 72.2)
 ('./output/train/20250830-085552-resnet18_vcaV2-224/checkpoint/checkpoint-146.pth.tar', 72.18)
 ('./output/train/20250830-085552-resnet18_vcaV2-224/checkpoint/checkpoint-140.pth.tar', 72.16)
 ('./output/train/20250830-085552-resnet18_vcaV2-224/checkpoint/checkpoint-145.pth.tar', 72.13)
 ('./output/train/20250830-085552-resnet18_vcaV2-224/checkpoint/checkpoint-142.pth.tar', 72.09)
 ('./output/train/20250830-085552-resnet18_vcaV2-224/checkpoint/checkpoint-132.pth.tar', 72.07)
 ('./output/train/20250830-085552-resnet18_vcaV2-224/checkpoint/checkpoint-134.pth.tar', 72.05)

2025-08-30 15:30:30,528 -                train: [    INFO] - Train: 151 [   0/391 (  0%)]  Loss: 41.36 (41.4)  Loss_cat: 0.6177 (0.618)  Loss_feat: 39.30 (39.3)  Loss_gt: 1.440 (1.44) LR: 5.000e-04
2025-08-30 15:31:40,312 -                train: [    INFO] - Train: 151 [ 200/391 ( 51%)]  Loss: 40.68 (40.8)  Loss_cat: 0.6167 (0.605)  Loss_feat: 38.78 (38.8)  Loss_gt: 1.275 (1.35) LR: 5.000e-04
2025-08-30 15:32:46,413 -                train: [    INFO] - Train: 151 [ 390/391 (100%)]  Loss: 41.49 (40.8)  Loss_cat: 0.6431 (0.606)  Loss_feat: 39.48 (38.8)  Loss_gt: 1.362 (1.36) LR: 5.000e-04
2025-08-30 15:32:47,003 -                train: [    INFO] - Test: [   0/39]  Time: 0.533 (0.533)  Loss:  0.8876 (0.8876)  Acc@1: 78.9062 (78.9062)  Acc@5: 93.7500 (93.7500)
2025-08-30 15:33:04,383 -                train: [    INFO] - Test: [  39/39]  Time: 0.022 (0.448)  Loss:  1.6875 (1.1562)  Acc@1: 62.5000 (72.2900)  Acc@5: 87.5000 (90.2500)
2025-08-30 15:33:04,641 - timm.utils.checkpoint_saver: [    INFO] - Current checkpoints:
 ('./output/train/20250830-085552-resnet18_vcaV2-224/checkpoint/checkpoint-149.pth.tar', 72.51)
 ('./output/train/20250830-085552-resnet18_vcaV2-224/checkpoint/checkpoint-151.pth.tar', 72.29)
 ('./output/train/20250830-085552-resnet18_vcaV2-224/checkpoint/checkpoint-144.pth.tar', 72.27)
 ('./output/train/20250830-085552-resnet18_vcaV2-224/checkpoint/checkpoint-148.pth.tar', 72.21)
 ('./output/train/20250830-085552-resnet18_vcaV2-224/checkpoint/checkpoint-150.pth.tar', 72.2)
 ('./output/train/20250830-085552-resnet18_vcaV2-224/checkpoint/checkpoint-146.pth.tar', 72.18)
 ('./output/train/20250830-085552-resnet18_vcaV2-224/checkpoint/checkpoint-140.pth.tar', 72.16)
 ('./output/train/20250830-085552-resnet18_vcaV2-224/checkpoint/checkpoint-145.pth.tar', 72.13)
 ('./output/train/20250830-085552-resnet18_vcaV2-224/checkpoint/checkpoint-142.pth.tar', 72.09)
 ('./output/train/20250830-085552-resnet18_vcaV2-224/checkpoint/checkpoint-132.pth.tar', 72.07)

2025-08-30 15:33:05,731 -                train: [    INFO] - Train: 152 [   0/391 (  0%)]  Loss: 39.15 (39.2)  Loss_cat: 0.5827 (0.583)  Loss_feat: 37.11 (37.1)  Loss_gt: 1.458 (1.46) LR: 5.000e-04
2025-08-30 15:34:15,365 -                train: [    INFO] - Train: 152 [ 200/391 ( 51%)]  Loss: 39.23 (39.4)  Loss_cat: 0.6089 (0.605)  Loss_feat: 37.27 (37.4)  Loss_gt: 1.348 (1.35) LR: 5.000e-04
2025-08-30 15:35:21,335 -                train: [    INFO] - Train: 152 [ 390/391 (100%)]  Loss: 40.38 (39.4)  Loss_cat: 0.6386 (0.605)  Loss_feat: 38.41 (37.4)  Loss_gt: 1.335 (1.35) LR: 5.000e-04
2025-08-30 15:35:21,922 -                train: [    INFO] - Test: [   0/39]  Time: 0.536 (0.536)  Loss:  0.8326 (0.8326)  Acc@1: 80.4688 (80.4688)  Acc@5: 94.1406 (94.1406)
2025-08-30 15:35:40,657 -                train: [    INFO] - Test: [  39/39]  Time: 0.022 (0.482)  Loss:  1.6526 (1.1579)  Acc@1: 62.5000 (72.3100)  Acc@5: 93.7500 (90.3000)
2025-08-30 15:35:40,957 - timm.utils.checkpoint_saver: [    INFO] - Current checkpoints:
 ('./output/train/20250830-085552-resnet18_vcaV2-224/checkpoint/checkpoint-149.pth.tar', 72.51)
 ('./output/train/20250830-085552-resnet18_vcaV2-224/checkpoint/checkpoint-152.pth.tar', 72.31)
 ('./output/train/20250830-085552-resnet18_vcaV2-224/checkpoint/checkpoint-151.pth.tar', 72.29)
 ('./output/train/20250830-085552-resnet18_vcaV2-224/checkpoint/checkpoint-144.pth.tar', 72.27)
 ('./output/train/20250830-085552-resnet18_vcaV2-224/checkpoint/checkpoint-148.pth.tar', 72.21)
 ('./output/train/20250830-085552-resnet18_vcaV2-224/checkpoint/checkpoint-150.pth.tar', 72.2)
 ('./output/train/20250830-085552-resnet18_vcaV2-224/checkpoint/checkpoint-146.pth.tar', 72.18)
 ('./output/train/20250830-085552-resnet18_vcaV2-224/checkpoint/checkpoint-140.pth.tar', 72.16)
 ('./output/train/20250830-085552-resnet18_vcaV2-224/checkpoint/checkpoint-145.pth.tar', 72.13)
 ('./output/train/20250830-085552-resnet18_vcaV2-224/checkpoint/checkpoint-142.pth.tar', 72.09)

2025-08-30 15:35:41,998 -                train: [    INFO] - Train: 153 [   0/391 (  0%)]  Loss: 37.41 (37.4)  Loss_cat: 0.5909 (0.591)  Loss_feat: 35.51 (35.5)  Loss_gt: 1.317 (1.32) LR: 5.000e-04
2025-08-30 15:36:51,641 -                train: [    INFO] - Train: 153 [ 200/391 ( 51%)]  Loss: 37.38 (38.0)  Loss_cat: 0.5889 (0.604)  Loss_feat: 35.48 (36.0)  Loss_gt: 1.303 (1.35) LR: 5.000e-04
2025-08-30 15:37:57,643 -                train: [    INFO] - Train: 153 [ 390/391 (100%)]  Loss: 38.09 (38.0)  Loss_cat: 0.6113 (0.604)  Loss_feat: 36.13 (36.0)  Loss_gt: 1.344 (1.35) LR: 5.000e-04
2025-08-30 15:37:58,229 -                train: [    INFO] - Test: [   0/39]  Time: 0.533 (0.533)  Loss:  0.8721 (0.8721)  Acc@1: 79.6875 (79.6875)  Acc@5: 93.7500 (93.7500)
2025-08-30 15:38:15,244 -                train: [    INFO] - Test: [  39/39]  Time: 0.022 (0.439)  Loss:  1.7064 (1.1544)  Acc@1: 62.5000 (72.3200)  Acc@5: 87.5000 (90.2200)
2025-08-30 15:38:15,532 - timm.utils.checkpoint_saver: [    INFO] - Current checkpoints:
 ('./output/train/20250830-085552-resnet18_vcaV2-224/checkpoint/checkpoint-149.pth.tar', 72.51)
 ('./output/train/20250830-085552-resnet18_vcaV2-224/checkpoint/checkpoint-153.pth.tar', 72.32)
 ('./output/train/20250830-085552-resnet18_vcaV2-224/checkpoint/checkpoint-152.pth.tar', 72.31)
 ('./output/train/20250830-085552-resnet18_vcaV2-224/checkpoint/checkpoint-151.pth.tar', 72.29)
 ('./output/train/20250830-085552-resnet18_vcaV2-224/checkpoint/checkpoint-144.pth.tar', 72.27)
 ('./output/train/20250830-085552-resnet18_vcaV2-224/checkpoint/checkpoint-148.pth.tar', 72.21)
 ('./output/train/20250830-085552-resnet18_vcaV2-224/checkpoint/checkpoint-150.pth.tar', 72.2)
 ('./output/train/20250830-085552-resnet18_vcaV2-224/checkpoint/checkpoint-146.pth.tar', 72.18)
 ('./output/train/20250830-085552-resnet18_vcaV2-224/checkpoint/checkpoint-140.pth.tar', 72.16)
 ('./output/train/20250830-085552-resnet18_vcaV2-224/checkpoint/checkpoint-145.pth.tar', 72.13)

2025-08-30 15:38:16,568 -                train: [    INFO] - Train: 154 [   0/391 (  0%)]  Loss: 36.03 (36.0)  Loss_cat: 0.5877 (0.588)  Loss_feat: 34.18 (34.2)  Loss_gt: 1.266 (1.27) LR: 5.000e-04
2025-08-30 15:39:26,176 -                train: [    INFO] - Train: 154 [ 200/391 ( 51%)]  Loss: 36.74 (36.7)  Loss_cat: 0.6104 (0.605)  Loss_feat: 34.73 (34.7)  Loss_gt: 1.401 (1.35) LR: 5.000e-04
2025-08-30 15:40:32,165 -                train: [    INFO] - Train: 154 [ 390/391 (100%)]  Loss: 37.15 (36.7)  Loss_cat: 0.6303 (0.605)  Loss_feat: 35.10 (34.7)  Loss_gt: 1.425 (1.35) LR: 5.000e-04
2025-08-30 15:40:32,762 -                train: [    INFO] - Test: [   0/39]  Time: 0.548 (0.548)  Loss:  0.8752 (0.8752)  Acc@1: 78.1250 (78.1250)  Acc@5: 93.7500 (93.7500)
2025-08-30 15:40:50,152 -                train: [    INFO] - Test: [  39/39]  Time: 0.022 (0.448)  Loss:  1.6349 (1.1555)  Acc@1: 62.5000 (72.5200)  Acc@5: 93.7500 (90.3300)
2025-08-30 15:40:50,425 - timm.utils.checkpoint_saver: [    INFO] - Current checkpoints:
 ('./output/train/20250830-085552-resnet18_vcaV2-224/checkpoint/checkpoint-154.pth.tar', 72.52)
 ('./output/train/20250830-085552-resnet18_vcaV2-224/checkpoint/checkpoint-149.pth.tar', 72.51)
 ('./output/train/20250830-085552-resnet18_vcaV2-224/checkpoint/checkpoint-153.pth.tar', 72.32)
 ('./output/train/20250830-085552-resnet18_vcaV2-224/checkpoint/checkpoint-152.pth.tar', 72.31)
 ('./output/train/20250830-085552-resnet18_vcaV2-224/checkpoint/checkpoint-151.pth.tar', 72.29)
 ('./output/train/20250830-085552-resnet18_vcaV2-224/checkpoint/checkpoint-144.pth.tar', 72.27)
 ('./output/train/20250830-085552-resnet18_vcaV2-224/checkpoint/checkpoint-148.pth.tar', 72.21)
 ('./output/train/20250830-085552-resnet18_vcaV2-224/checkpoint/checkpoint-150.pth.tar', 72.2)
 ('./output/train/20250830-085552-resnet18_vcaV2-224/checkpoint/checkpoint-146.pth.tar', 72.18)
 ('./output/train/20250830-085552-resnet18_vcaV2-224/checkpoint/checkpoint-140.pth.tar', 72.16)

2025-08-30 15:40:51,440 -                train: [    INFO] - Train: 155 [   0/391 (  0%)]  Loss: 35.42 (35.4)  Loss_cat: 0.6095 (0.609)  Loss_feat: 33.51 (33.5)  Loss_gt: 1.301 (1.30) LR: 5.000e-04
2025-08-30 15:42:01,070 -                train: [    INFO] - Train: 155 [ 200/391 ( 51%)]  Loss: 35.38 (35.3)  Loss_cat: 0.6046 (0.603)  Loss_feat: 33.33 (33.3)  Loss_gt: 1.444 (1.34) LR: 5.000e-04
2025-08-30 15:43:07,069 -                train: [    INFO] - Train: 155 [ 390/391 (100%)]  Loss: 34.81 (35.3)  Loss_cat: 0.6040 (0.604)  Loss_feat: 32.96 (33.4)  Loss_gt: 1.245 (1.35) LR: 5.000e-04
2025-08-30 15:43:07,650 -                train: [    INFO] - Test: [   0/39]  Time: 0.530 (0.530)  Loss:  0.8806 (0.8806)  Acc@1: 78.5156 (78.5156)  Acc@5: 93.7500 (93.7500)
2025-08-30 15:43:24,832 -                train: [    INFO] - Test: [  39/39]  Time: 0.022 (0.443)  Loss:  1.6769 (1.1514)  Acc@1: 62.5000 (72.3000)  Acc@5: 87.5000 (90.2500)
2025-08-30 15:43:25,155 - timm.utils.checkpoint_saver: [    INFO] - Current checkpoints:
 ('./output/train/20250830-085552-resnet18_vcaV2-224/checkpoint/checkpoint-154.pth.tar', 72.52)
 ('./output/train/20250830-085552-resnet18_vcaV2-224/checkpoint/checkpoint-149.pth.tar', 72.51)
 ('./output/train/20250830-085552-resnet18_vcaV2-224/checkpoint/checkpoint-153.pth.tar', 72.32)
 ('./output/train/20250830-085552-resnet18_vcaV2-224/checkpoint/checkpoint-152.pth.tar', 72.31)
 ('./output/train/20250830-085552-resnet18_vcaV2-224/checkpoint/checkpoint-155.pth.tar', 72.3)
 ('./output/train/20250830-085552-resnet18_vcaV2-224/checkpoint/checkpoint-151.pth.tar', 72.29)
 ('./output/train/20250830-085552-resnet18_vcaV2-224/checkpoint/checkpoint-144.pth.tar', 72.27)
 ('./output/train/20250830-085552-resnet18_vcaV2-224/checkpoint/checkpoint-148.pth.tar', 72.21)
 ('./output/train/20250830-085552-resnet18_vcaV2-224/checkpoint/checkpoint-150.pth.tar', 72.2)
 ('./output/train/20250830-085552-resnet18_vcaV2-224/checkpoint/checkpoint-146.pth.tar', 72.18)

2025-08-30 15:43:26,182 -                train: [    INFO] - Train: 156 [   0/391 (  0%)]  Loss: 33.66 (33.7)  Loss_cat: 0.5878 (0.588)  Loss_feat: 31.78 (31.8)  Loss_gt: 1.291 (1.29) LR: 5.000e-04
2025-08-30 15:44:35,925 -                train: [    INFO] - Train: 156 [ 200/391 ( 51%)]  Loss: 34.24 (34.0)  Loss_cat: 0.6278 (0.605)  Loss_feat: 32.24 (32.1)  Loss_gt: 1.377 (1.34) LR: 5.000e-04
2025-08-30 15:45:41,971 -                train: [    INFO] - Train: 156 [ 390/391 (100%)]  Loss: 34.33 (34.0)  Loss_cat: 0.6245 (0.604)  Loss_feat: 32.43 (32.1)  Loss_gt: 1.276 (1.34) LR: 5.000e-04
2025-08-30 15:45:42,573 -                train: [    INFO] - Test: [   0/39]  Time: 0.546 (0.546)  Loss:  0.8381 (0.8381)  Acc@1: 79.6875 (79.6875)  Acc@5: 93.7500 (93.7500)
2025-08-30 15:45:59,642 -                train: [    INFO] - Test: [  39/39]  Time: 0.022 (0.440)  Loss:  1.6306 (1.1504)  Acc@1: 62.5000 (72.3100)  Acc@5: 87.5000 (90.4300)
2025-08-30 15:45:59,908 - timm.utils.checkpoint_saver: [    INFO] - Current checkpoints:
 ('./output/train/20250830-085552-resnet18_vcaV2-224/checkpoint/checkpoint-154.pth.tar', 72.52)
 ('./output/train/20250830-085552-resnet18_vcaV2-224/checkpoint/checkpoint-149.pth.tar', 72.51)
 ('./output/train/20250830-085552-resnet18_vcaV2-224/checkpoint/checkpoint-153.pth.tar', 72.32)
 ('./output/train/20250830-085552-resnet18_vcaV2-224/checkpoint/checkpoint-152.pth.tar', 72.31)
 ('./output/train/20250830-085552-resnet18_vcaV2-224/checkpoint/checkpoint-156.pth.tar', 72.31)
 ('./output/train/20250830-085552-resnet18_vcaV2-224/checkpoint/checkpoint-155.pth.tar', 72.3)
 ('./output/train/20250830-085552-resnet18_vcaV2-224/checkpoint/checkpoint-151.pth.tar', 72.29)
 ('./output/train/20250830-085552-resnet18_vcaV2-224/checkpoint/checkpoint-144.pth.tar', 72.27)
 ('./output/train/20250830-085552-resnet18_vcaV2-224/checkpoint/checkpoint-148.pth.tar', 72.21)
 ('./output/train/20250830-085552-resnet18_vcaV2-224/checkpoint/checkpoint-150.pth.tar', 72.2)

2025-08-30 15:46:00,946 -                train: [    INFO] - Train: 157 [   0/391 (  0%)]  Loss: 32.49 (32.5)  Loss_cat: 0.5922 (0.592)  Loss_feat: 30.57 (30.6)  Loss_gt: 1.336 (1.34) LR: 5.000e-04
2025-08-30 15:47:10,569 -                train: [    INFO] - Train: 157 [ 200/391 ( 51%)]  Loss: 32.94 (32.7)  Loss_cat: 0.6241 (0.604)  Loss_feat: 30.90 (30.8)  Loss_gt: 1.417 (1.34) LR: 5.000e-04
2025-08-30 15:48:16,597 -                train: [    INFO] - Train: 157 [ 390/391 (100%)]  Loss: 33.05 (32.8)  Loss_cat: 0.6121 (0.604)  Loss_feat: 31.06 (30.8)  Loss_gt: 1.371 (1.34) LR: 5.000e-04
2025-08-30 15:48:17,191 -                train: [    INFO] - Test: [   0/39]  Time: 0.538 (0.538)  Loss:  0.8513 (0.8513)  Acc@1: 78.9062 (78.9062)  Acc@5: 94.1406 (94.1406)
2025-08-30 15:48:34,413 -                train: [    INFO] - Test: [  39/39]  Time: 0.022 (0.444)  Loss:  1.6622 (1.1533)  Acc@1: 62.5000 (72.3100)  Acc@5: 93.7500 (90.2800)
2025-08-30 15:48:34,702 - timm.utils.checkpoint_saver: [    INFO] - Current checkpoints:
 ('./output/train/20250830-085552-resnet18_vcaV2-224/checkpoint/checkpoint-154.pth.tar', 72.52)
 ('./output/train/20250830-085552-resnet18_vcaV2-224/checkpoint/checkpoint-149.pth.tar', 72.51)
 ('./output/train/20250830-085552-resnet18_vcaV2-224/checkpoint/checkpoint-153.pth.tar', 72.32)
 ('./output/train/20250830-085552-resnet18_vcaV2-224/checkpoint/checkpoint-152.pth.tar', 72.31)
 ('./output/train/20250830-085552-resnet18_vcaV2-224/checkpoint/checkpoint-156.pth.tar', 72.31)
 ('./output/train/20250830-085552-resnet18_vcaV2-224/checkpoint/checkpoint-157.pth.tar', 72.31)
 ('./output/train/20250830-085552-resnet18_vcaV2-224/checkpoint/checkpoint-155.pth.tar', 72.3)
 ('./output/train/20250830-085552-resnet18_vcaV2-224/checkpoint/checkpoint-151.pth.tar', 72.29)
 ('./output/train/20250830-085552-resnet18_vcaV2-224/checkpoint/checkpoint-144.pth.tar', 72.27)
 ('./output/train/20250830-085552-resnet18_vcaV2-224/checkpoint/checkpoint-148.pth.tar', 72.21)

2025-08-30 15:48:35,733 -                train: [    INFO] - Train: 158 [   0/391 (  0%)]  Loss: 31.75 (31.7)  Loss_cat: 0.6139 (0.614)  Loss_feat: 29.69 (29.7)  Loss_gt: 1.443 (1.44) LR: 5.000e-04
2025-08-30 15:49:45,330 -                train: [    INFO] - Train: 158 [ 200/391 ( 51%)]  Loss: 31.67 (31.5)  Loss_cat: 0.6028 (0.602)  Loss_feat: 29.72 (29.5)  Loss_gt: 1.342 (1.33) LR: 5.000e-04
2025-08-30 15:50:51,377 -                train: [    INFO] - Train: 158 [ 390/391 (100%)]  Loss: 31.37 (31.5)  Loss_cat: 0.5936 (0.602)  Loss_feat: 29.51 (29.5)  Loss_gt: 1.268 (1.34) LR: 5.000e-04
2025-08-30 15:50:51,963 -                train: [    INFO] - Test: [   0/39]  Time: 0.532 (0.532)  Loss:  0.8618 (0.8618)  Acc@1: 79.6875 (79.6875)  Acc@5: 93.7500 (93.7500)
2025-08-30 15:51:09,727 -                train: [    INFO] - Test: [  39/39]  Time: 0.022 (0.457)  Loss:  1.6778 (1.1501)  Acc@1: 62.5000 (72.4900)  Acc@5: 87.5000 (90.1900)
2025-08-30 15:51:10,008 - timm.utils.checkpoint_saver: [    INFO] - Current checkpoints:
 ('./output/train/20250830-085552-resnet18_vcaV2-224/checkpoint/checkpoint-154.pth.tar', 72.52)
 ('./output/train/20250830-085552-resnet18_vcaV2-224/checkpoint/checkpoint-149.pth.tar', 72.51)
 ('./output/train/20250830-085552-resnet18_vcaV2-224/checkpoint/checkpoint-158.pth.tar', 72.49)
 ('./output/train/20250830-085552-resnet18_vcaV2-224/checkpoint/checkpoint-153.pth.tar', 72.32)
 ('./output/train/20250830-085552-resnet18_vcaV2-224/checkpoint/checkpoint-152.pth.tar', 72.31)
 ('./output/train/20250830-085552-resnet18_vcaV2-224/checkpoint/checkpoint-156.pth.tar', 72.31)
 ('./output/train/20250830-085552-resnet18_vcaV2-224/checkpoint/checkpoint-157.pth.tar', 72.31)
 ('./output/train/20250830-085552-resnet18_vcaV2-224/checkpoint/checkpoint-155.pth.tar', 72.3)
 ('./output/train/20250830-085552-resnet18_vcaV2-224/checkpoint/checkpoint-151.pth.tar', 72.29)
 ('./output/train/20250830-085552-resnet18_vcaV2-224/checkpoint/checkpoint-144.pth.tar', 72.27)

2025-08-30 15:51:11,034 -                train: [    INFO] - Train: 159 [   0/391 (  0%)]  Loss: 29.99 (30.0)  Loss_cat: 0.5837 (0.584)  Loss_feat: 28.10 (28.1)  Loss_gt: 1.305 (1.31) LR: 5.000e-05
2025-08-30 15:52:20,643 -                train: [    INFO] - Train: 159 [ 200/391 ( 51%)]  Loss: 30.08 (30.2)  Loss_cat: 0.6045 (0.602)  Loss_feat: 28.27 (28.3)  Loss_gt: 1.202 (1.33) LR: 5.000e-05
2025-08-30 15:53:26,639 -                train: [    INFO] - Train: 159 [ 390/391 (100%)]  Loss: 30.17 (30.2)  Loss_cat: 0.6028 (0.602)  Loss_feat: 28.25 (28.3)  Loss_gt: 1.314 (1.33) LR: 5.000e-05
2025-08-30 15:53:27,218 -                train: [    INFO] - Test: [   0/39]  Time: 0.532 (0.532)  Loss:  0.8534 (0.8534)  Acc@1: 79.2969 (79.2969)  Acc@5: 94.5312 (94.5312)
2025-08-30 15:53:44,910 -                train: [    INFO] - Test: [  39/39]  Time: 0.022 (0.456)  Loss:  1.6652 (1.1512)  Acc@1: 62.5000 (72.4300)  Acc@5: 93.7500 (90.3400)
2025-08-30 15:53:45,211 - timm.utils.checkpoint_saver: [    INFO] - Current checkpoints:
 ('./output/train/20250830-085552-resnet18_vcaV2-224/checkpoint/checkpoint-154.pth.tar', 72.52)
 ('./output/train/20250830-085552-resnet18_vcaV2-224/checkpoint/checkpoint-149.pth.tar', 72.51)
 ('./output/train/20250830-085552-resnet18_vcaV2-224/checkpoint/checkpoint-158.pth.tar', 72.49)
 ('./output/train/20250830-085552-resnet18_vcaV2-224/checkpoint/checkpoint-159.pth.tar', 72.43)
 ('./output/train/20250830-085552-resnet18_vcaV2-224/checkpoint/checkpoint-153.pth.tar', 72.32)
 ('./output/train/20250830-085552-resnet18_vcaV2-224/checkpoint/checkpoint-152.pth.tar', 72.31)
 ('./output/train/20250830-085552-resnet18_vcaV2-224/checkpoint/checkpoint-156.pth.tar', 72.31)
 ('./output/train/20250830-085552-resnet18_vcaV2-224/checkpoint/checkpoint-157.pth.tar', 72.31)
 ('./output/train/20250830-085552-resnet18_vcaV2-224/checkpoint/checkpoint-155.pth.tar', 72.3)
 ('./output/train/20250830-085552-resnet18_vcaV2-224/checkpoint/checkpoint-151.pth.tar', 72.29)

2025-08-30 15:53:46,197 -                train: [    INFO] - Train: 160 [   0/391 (  0%)]  Loss: 29.15 (29.1)  Loss_cat: 0.5930 (0.593)  Loss_feat: 27.21 (27.2)  Loss_gt: 1.348 (1.35) LR: 5.000e-05
2025-08-30 15:54:55,860 -                train: [    INFO] - Train: 160 [ 200/391 ( 51%)]  Loss: 29.04 (29.0)  Loss_cat: 0.6030 (0.602)  Loss_feat: 27.04 (27.1)  Loss_gt: 1.396 (1.33) LR: 5.000e-05
2025-08-30 15:56:01,883 -                train: [    INFO] - Train: 160 [ 390/391 (100%)]  Loss: 28.77 (29.0)  Loss_cat: 0.5709 (0.601)  Loss_feat: 26.88 (27.1)  Loss_gt: 1.319 (1.33) LR: 5.000e-05
2025-08-30 15:56:02,462 -                train: [    INFO] - Test: [   0/39]  Time: 0.531 (0.531)  Loss:  0.8474 (0.8474)  Acc@1: 80.0781 (80.0781)  Acc@5: 94.1406 (94.1406)
2025-08-30 15:56:19,488 -                train: [    INFO] - Test: [  39/39]  Time: 0.022 (0.439)  Loss:  1.6618 (1.1502)  Acc@1: 62.5000 (72.4300)  Acc@5: 93.7500 (90.2500)
2025-08-30 15:56:19,749 - timm.utils.checkpoint_saver: [    INFO] - Current checkpoints:
 ('./output/train/20250830-085552-resnet18_vcaV2-224/checkpoint/checkpoint-154.pth.tar', 72.52)
 ('./output/train/20250830-085552-resnet18_vcaV2-224/checkpoint/checkpoint-149.pth.tar', 72.51)
 ('./output/train/20250830-085552-resnet18_vcaV2-224/checkpoint/checkpoint-158.pth.tar', 72.49)
 ('./output/train/20250830-085552-resnet18_vcaV2-224/checkpoint/checkpoint-159.pth.tar', 72.43)
 ('./output/train/20250830-085552-resnet18_vcaV2-224/checkpoint/checkpoint-160.pth.tar', 72.43)
 ('./output/train/20250830-085552-resnet18_vcaV2-224/checkpoint/checkpoint-153.pth.tar', 72.32)
 ('./output/train/20250830-085552-resnet18_vcaV2-224/checkpoint/checkpoint-152.pth.tar', 72.31)
 ('./output/train/20250830-085552-resnet18_vcaV2-224/checkpoint/checkpoint-156.pth.tar', 72.31)
 ('./output/train/20250830-085552-resnet18_vcaV2-224/checkpoint/checkpoint-157.pth.tar', 72.31)
 ('./output/train/20250830-085552-resnet18_vcaV2-224/checkpoint/checkpoint-155.pth.tar', 72.3)

2025-08-30 15:56:20,779 -                train: [    INFO] - Train: 161 [   0/391 (  0%)]  Loss: 27.78 (27.8)  Loss_cat: 0.6001 (0.600)  Loss_feat: 25.83 (25.8)  Loss_gt: 1.353 (1.35) LR: 5.000e-05
2025-08-30 15:57:30,400 -                train: [    INFO] - Train: 161 [ 200/391 ( 51%)]  Loss: 27.86 (27.9)  Loss_cat: 0.6027 (0.603)  Loss_feat: 25.97 (25.9)  Loss_gt: 1.290 (1.33) LR: 5.000e-05
2025-08-30 15:58:36,382 -                train: [    INFO] - Train: 161 [ 390/391 (100%)]  Loss: 27.65 (27.9)  Loss_cat: 0.6061 (0.602)  Loss_feat: 25.67 (25.9)  Loss_gt: 1.377 (1.33) LR: 5.000e-05
2025-08-30 15:58:36,966 -                train: [    INFO] - Test: [   0/39]  Time: 0.532 (0.532)  Loss:  0.8799 (0.8799)  Acc@1: 79.2969 (79.2969)  Acc@5: 93.7500 (93.7500)
2025-08-30 15:58:54,067 -                train: [    INFO] - Test: [  39/39]  Time: 0.022 (0.441)  Loss:  1.7791 (1.1495)  Acc@1: 62.5000 (72.5300)  Acc@5: 87.5000 (90.3700)
2025-08-30 15:58:54,334 - timm.utils.checkpoint_saver: [    INFO] - Current checkpoints:
 ('./output/train/20250830-085552-resnet18_vcaV2-224/checkpoint/checkpoint-161.pth.tar', 72.53)
 ('./output/train/20250830-085552-resnet18_vcaV2-224/checkpoint/checkpoint-154.pth.tar', 72.52)
 ('./output/train/20250830-085552-resnet18_vcaV2-224/checkpoint/checkpoint-149.pth.tar', 72.51)
 ('./output/train/20250830-085552-resnet18_vcaV2-224/checkpoint/checkpoint-158.pth.tar', 72.49)
 ('./output/train/20250830-085552-resnet18_vcaV2-224/checkpoint/checkpoint-159.pth.tar', 72.43)
 ('./output/train/20250830-085552-resnet18_vcaV2-224/checkpoint/checkpoint-160.pth.tar', 72.43)
 ('./output/train/20250830-085552-resnet18_vcaV2-224/checkpoint/checkpoint-153.pth.tar', 72.32)
 ('./output/train/20250830-085552-resnet18_vcaV2-224/checkpoint/checkpoint-152.pth.tar', 72.31)
 ('./output/train/20250830-085552-resnet18_vcaV2-224/checkpoint/checkpoint-156.pth.tar', 72.31)
 ('./output/train/20250830-085552-resnet18_vcaV2-224/checkpoint/checkpoint-157.pth.tar', 72.31)

2025-08-30 15:58:55,393 -                train: [    INFO] - Train: 162 [   0/391 (  0%)]  Loss: 26.46 (26.5)  Loss_cat: 0.5820 (0.582)  Loss_feat: 24.49 (24.5)  Loss_gt: 1.383 (1.38) LR: 5.000e-05
2025-08-30 16:00:05,057 -                train: [    INFO] - Train: 162 [ 200/391 ( 51%)]  Loss: 27.16 (26.7)  Loss_cat: 0.6298 (0.601)  Loss_feat: 25.13 (24.8)  Loss_gt: 1.399 (1.33) LR: 5.000e-05
2025-08-30 16:01:11,083 -                train: [    INFO] - Train: 162 [ 390/391 (100%)]  Loss: 27.06 (26.7)  Loss_cat: 0.6156 (0.602)  Loss_feat: 25.10 (24.8)  Loss_gt: 1.345 (1.33) LR: 5.000e-05
2025-08-30 16:01:11,669 -                train: [    INFO] - Test: [   0/39]  Time: 0.533 (0.533)  Loss:  0.8479 (0.8479)  Acc@1: 79.2969 (79.2969)  Acc@5: 94.1406 (94.1406)
2025-08-30 16:01:28,579 -                train: [    INFO] - Test: [  39/39]  Time: 0.022 (0.436)  Loss:  1.6998 (1.1477)  Acc@1: 62.5000 (72.4300)  Acc@5: 87.5000 (90.2800)
2025-08-30 16:01:28,834 - timm.utils.checkpoint_saver: [    INFO] - Current checkpoints:
 ('./output/train/20250830-085552-resnet18_vcaV2-224/checkpoint/checkpoint-161.pth.tar', 72.53)
 ('./output/train/20250830-085552-resnet18_vcaV2-224/checkpoint/checkpoint-154.pth.tar', 72.52)
 ('./output/train/20250830-085552-resnet18_vcaV2-224/checkpoint/checkpoint-149.pth.tar', 72.51)
 ('./output/train/20250830-085552-resnet18_vcaV2-224/checkpoint/checkpoint-158.pth.tar', 72.49)
 ('./output/train/20250830-085552-resnet18_vcaV2-224/checkpoint/checkpoint-159.pth.tar', 72.43)
 ('./output/train/20250830-085552-resnet18_vcaV2-224/checkpoint/checkpoint-160.pth.tar', 72.43)
 ('./output/train/20250830-085552-resnet18_vcaV2-224/checkpoint/checkpoint-162.pth.tar', 72.43)
 ('./output/train/20250830-085552-resnet18_vcaV2-224/checkpoint/checkpoint-153.pth.tar', 72.32)
 ('./output/train/20250830-085552-resnet18_vcaV2-224/checkpoint/checkpoint-152.pth.tar', 72.31)
 ('./output/train/20250830-085552-resnet18_vcaV2-224/checkpoint/checkpoint-156.pth.tar', 72.31)

2025-08-30 16:01:29,858 -                train: [    INFO] - Train: 163 [   0/391 (  0%)]  Loss: 25.76 (25.8)  Loss_cat: 0.6119 (0.612)  Loss_feat: 23.88 (23.9)  Loss_gt: 1.268 (1.27) LR: 5.000e-05
2025-08-30 16:02:39,649 -                train: [    INFO] - Train: 163 [ 200/391 ( 51%)]  Loss: 25.82 (25.6)  Loss_cat: 0.6143 (0.603)  Loss_feat: 23.83 (23.7)  Loss_gt: 1.376 (1.32) LR: 5.000e-05
2025-08-30 16:03:45,843 -                train: [    INFO] - Train: 163 [ 390/391 (100%)]  Loss: 26.34 (25.6)  Loss_cat: 0.6547 (0.602)  Loss_feat: 24.12 (23.7)  Loss_gt: 1.562 (1.33) LR: 5.000e-05
2025-08-30 16:03:46,424 -                train: [    INFO] - Test: [   0/39]  Time: 0.526 (0.526)  Loss:  0.8922 (0.8922)  Acc@1: 76.9531 (76.9531)  Acc@5: 93.7500 (93.7500)
2025-08-30 16:04:03,495 -                train: [    INFO] - Test: [  39/39]  Time: 0.022 (0.440)  Loss:  1.6653 (1.1487)  Acc@1: 62.5000 (72.5200)  Acc@5: 87.5000 (90.4500)
2025-08-30 16:04:03,805 - timm.utils.checkpoint_saver: [    INFO] - Current checkpoints:
 ('./output/train/20250830-085552-resnet18_vcaV2-224/checkpoint/checkpoint-161.pth.tar', 72.53)
 ('./output/train/20250830-085552-resnet18_vcaV2-224/checkpoint/checkpoint-154.pth.tar', 72.52)
 ('./output/train/20250830-085552-resnet18_vcaV2-224/checkpoint/checkpoint-163.pth.tar', 72.52)
 ('./output/train/20250830-085552-resnet18_vcaV2-224/checkpoint/checkpoint-149.pth.tar', 72.51)
 ('./output/train/20250830-085552-resnet18_vcaV2-224/checkpoint/checkpoint-158.pth.tar', 72.49)
 ('./output/train/20250830-085552-resnet18_vcaV2-224/checkpoint/checkpoint-159.pth.tar', 72.43)
 ('./output/train/20250830-085552-resnet18_vcaV2-224/checkpoint/checkpoint-160.pth.tar', 72.43)
 ('./output/train/20250830-085552-resnet18_vcaV2-224/checkpoint/checkpoint-162.pth.tar', 72.43)
 ('./output/train/20250830-085552-resnet18_vcaV2-224/checkpoint/checkpoint-153.pth.tar', 72.32)
 ('./output/train/20250830-085552-resnet18_vcaV2-224/checkpoint/checkpoint-152.pth.tar', 72.31)

2025-08-30 16:04:04,837 -                train: [    INFO] - Train: 164 [   0/391 (  0%)]  Loss: 24.51 (24.5)  Loss_cat: 0.6053 (0.605)  Loss_feat: 22.57 (22.6)  Loss_gt: 1.335 (1.33) LR: 5.000e-05
2025-08-30 16:05:14,540 -                train: [    INFO] - Train: 164 [ 200/391 ( 51%)]  Loss: 24.57 (24.5)  Loss_cat: 0.6100 (0.603)  Loss_feat: 22.58 (22.6)  Loss_gt: 1.380 (1.33) LR: 5.000e-05
2025-08-30 16:06:20,541 -                train: [    INFO] - Train: 164 [ 390/391 (100%)]  Loss: 24.91 (24.5)  Loss_cat: 0.6377 (0.602)  Loss_feat: 22.82 (22.6)  Loss_gt: 1.457 (1.33) LR: 5.000e-05
2025-08-30 16:06:21,124 -                train: [    INFO] - Test: [   0/39]  Time: 0.533 (0.533)  Loss:  0.8564 (0.8564)  Acc@1: 78.9062 (78.9062)  Acc@5: 93.7500 (93.7500)
2025-08-30 16:06:38,271 -                train: [    INFO] - Test: [  39/39]  Time: 0.022 (0.442)  Loss:  1.5793 (1.1501)  Acc@1: 62.5000 (72.4700)  Acc@5: 93.7500 (90.3600)
2025-08-30 16:06:38,538 - timm.utils.checkpoint_saver: [    INFO] - Current checkpoints:
 ('./output/train/20250830-085552-resnet18_vcaV2-224/checkpoint/checkpoint-161.pth.tar', 72.53)
 ('./output/train/20250830-085552-resnet18_vcaV2-224/checkpoint/checkpoint-154.pth.tar', 72.52)
 ('./output/train/20250830-085552-resnet18_vcaV2-224/checkpoint/checkpoint-163.pth.tar', 72.52)
 ('./output/train/20250830-085552-resnet18_vcaV2-224/checkpoint/checkpoint-149.pth.tar', 72.51)
 ('./output/train/20250830-085552-resnet18_vcaV2-224/checkpoint/checkpoint-158.pth.tar', 72.49)
 ('./output/train/20250830-085552-resnet18_vcaV2-224/checkpoint/checkpoint-164.pth.tar', 72.47)
 ('./output/train/20250830-085552-resnet18_vcaV2-224/checkpoint/checkpoint-159.pth.tar', 72.43)
 ('./output/train/20250830-085552-resnet18_vcaV2-224/checkpoint/checkpoint-160.pth.tar', 72.43)
 ('./output/train/20250830-085552-resnet18_vcaV2-224/checkpoint/checkpoint-162.pth.tar', 72.43)
 ('./output/train/20250830-085552-resnet18_vcaV2-224/checkpoint/checkpoint-153.pth.tar', 72.32)

2025-08-30 16:06:39,596 -                train: [    INFO] - Train: 165 [   0/391 (  0%)]  Loss: 23.69 (23.7)  Loss_cat: 0.6300 (0.630)  Loss_feat: 21.72 (21.7)  Loss_gt: 1.346 (1.35) LR: 5.000e-05
2025-08-30 16:07:49,247 -                train: [    INFO] - Train: 165 [ 200/391 ( 51%)]  Loss: 23.42 (23.4)  Loss_cat: 0.6158 (0.600)  Loss_feat: 21.57 (21.5)  Loss_gt: 1.230 (1.32) LR: 5.000e-05
2025-08-30 16:08:55,300 -                train: [    INFO] - Train: 165 [ 390/391 (100%)]  Loss: 23.34 (23.4)  Loss_cat: 0.5927 (0.601)  Loss_feat: 21.47 (21.5)  Loss_gt: 1.271 (1.33) LR: 5.000e-05
2025-08-30 16:08:55,888 -                train: [    INFO] - Test: [   0/39]  Time: 0.532 (0.532)  Loss:  0.8583 (0.8583)  Acc@1: 79.2969 (79.2969)  Acc@5: 94.1406 (94.1406)
2025-08-30 16:09:12,821 -                train: [    INFO] - Test: [  39/39]  Time: 0.023 (0.437)  Loss:  1.5902 (1.1472)  Acc@1: 62.5000 (72.5400)  Acc@5: 87.5000 (90.4200)
2025-08-30 16:09:13,114 - timm.utils.checkpoint_saver: [    INFO] - Current checkpoints:
 ('./output/train/20250830-085552-resnet18_vcaV2-224/checkpoint/checkpoint-165.pth.tar', 72.54)
 ('./output/train/20250830-085552-resnet18_vcaV2-224/checkpoint/checkpoint-161.pth.tar', 72.53)
 ('./output/train/20250830-085552-resnet18_vcaV2-224/checkpoint/checkpoint-154.pth.tar', 72.52)
 ('./output/train/20250830-085552-resnet18_vcaV2-224/checkpoint/checkpoint-163.pth.tar', 72.52)
 ('./output/train/20250830-085552-resnet18_vcaV2-224/checkpoint/checkpoint-149.pth.tar', 72.51)
 ('./output/train/20250830-085552-resnet18_vcaV2-224/checkpoint/checkpoint-158.pth.tar', 72.49)
 ('./output/train/20250830-085552-resnet18_vcaV2-224/checkpoint/checkpoint-164.pth.tar', 72.47)
 ('./output/train/20250830-085552-resnet18_vcaV2-224/checkpoint/checkpoint-159.pth.tar', 72.43)
 ('./output/train/20250830-085552-resnet18_vcaV2-224/checkpoint/checkpoint-160.pth.tar', 72.43)
 ('./output/train/20250830-085552-resnet18_vcaV2-224/checkpoint/checkpoint-162.pth.tar', 72.43)

2025-08-30 16:09:14,169 -                train: [    INFO] - Train: 166 [   0/391 (  0%)]  Loss: 22.10 (22.1)  Loss_cat: 0.5861 (0.586)  Loss_feat: 20.20 (20.2)  Loss_gt: 1.312 (1.31) LR: 5.000e-05
2025-08-30 16:10:23,853 -                train: [    INFO] - Train: 166 [ 200/391 ( 51%)]  Loss: 22.47 (22.4)  Loss_cat: 0.6057 (0.601)  Loss_feat: 20.43 (20.5)  Loss_gt: 1.441 (1.33) LR: 5.000e-05
2025-08-30 16:11:29,797 -                train: [    INFO] - Train: 166 [ 390/391 (100%)]  Loss: 22.31 (22.4)  Loss_cat: 0.6143 (0.601)  Loss_feat: 20.35 (20.5)  Loss_gt: 1.339 (1.32) LR: 5.000e-05
2025-08-30 16:11:30,388 -                train: [    INFO] - Test: [   0/39]  Time: 0.535 (0.535)  Loss:  0.8651 (0.8651)  Acc@1: 79.2969 (79.2969)  Acc@5: 93.3594 (93.3594)
2025-08-30 16:11:50,826 -                train: [    INFO] - Test: [  39/39]  Time: 0.022 (0.524)  Loss:  1.7264 (1.1494)  Acc@1: 62.5000 (72.4600)  Acc@5: 87.5000 (90.3700)
2025-08-30 16:11:51,352 - timm.utils.checkpoint_saver: [    INFO] - Current checkpoints:
 ('./output/train/20250830-085552-resnet18_vcaV2-224/checkpoint/checkpoint-165.pth.tar', 72.54)
 ('./output/train/20250830-085552-resnet18_vcaV2-224/checkpoint/checkpoint-161.pth.tar', 72.53)
 ('./output/train/20250830-085552-resnet18_vcaV2-224/checkpoint/checkpoint-154.pth.tar', 72.52)
 ('./output/train/20250830-085552-resnet18_vcaV2-224/checkpoint/checkpoint-163.pth.tar', 72.52)
 ('./output/train/20250830-085552-resnet18_vcaV2-224/checkpoint/checkpoint-149.pth.tar', 72.51)
 ('./output/train/20250830-085552-resnet18_vcaV2-224/checkpoint/checkpoint-158.pth.tar', 72.49)
 ('./output/train/20250830-085552-resnet18_vcaV2-224/checkpoint/checkpoint-164.pth.tar', 72.47)
 ('./output/train/20250830-085552-resnet18_vcaV2-224/checkpoint/checkpoint-166.pth.tar', 72.46)
 ('./output/train/20250830-085552-resnet18_vcaV2-224/checkpoint/checkpoint-159.pth.tar', 72.43)
 ('./output/train/20250830-085552-resnet18_vcaV2-224/checkpoint/checkpoint-160.pth.tar', 72.43)

2025-08-30 16:11:52,409 -                train: [    INFO] - Train: 167 [   0/391 (  0%)]  Loss: 21.39 (21.4)  Loss_cat: 0.5933 (0.593)  Loss_feat: 19.49 (19.5)  Loss_gt: 1.306 (1.31) LR: 5.000e-05
2025-08-30 16:13:02,142 -                train: [    INFO] - Train: 167 [ 200/391 ( 51%)]  Loss: 21.27 (21.4)  Loss_cat: 0.6064 (0.601)  Loss_feat: 19.36 (19.5)  Loss_gt: 1.295 (1.32) LR: 5.000e-05
2025-08-30 16:14:08,246 -                train: [    INFO] - Train: 167 [ 390/391 (100%)]  Loss: 21.39 (21.4)  Loss_cat: 0.5973 (0.602)  Loss_feat: 19.40 (19.5)  Loss_gt: 1.390 (1.32) LR: 5.000e-05
2025-08-30 16:14:08,841 -                train: [    INFO] - Test: [   0/39]  Time: 0.532 (0.532)  Loss:  0.8304 (0.8304)  Acc@1: 79.6875 (79.6875)  Acc@5: 94.9219 (94.9219)
2025-08-30 16:14:26,008 -                train: [    INFO] - Test: [  39/39]  Time: 0.022 (0.442)  Loss:  1.6545 (1.1470)  Acc@1: 62.5000 (72.4900)  Acc@5: 87.5000 (90.4200)
2025-08-30 16:14:26,332 - timm.utils.checkpoint_saver: [    INFO] - Current checkpoints:
 ('./output/train/20250830-085552-resnet18_vcaV2-224/checkpoint/checkpoint-165.pth.tar', 72.54)
 ('./output/train/20250830-085552-resnet18_vcaV2-224/checkpoint/checkpoint-161.pth.tar', 72.53)
 ('./output/train/20250830-085552-resnet18_vcaV2-224/checkpoint/checkpoint-154.pth.tar', 72.52)
 ('./output/train/20250830-085552-resnet18_vcaV2-224/checkpoint/checkpoint-163.pth.tar', 72.52)
 ('./output/train/20250830-085552-resnet18_vcaV2-224/checkpoint/checkpoint-149.pth.tar', 72.51)
 ('./output/train/20250830-085552-resnet18_vcaV2-224/checkpoint/checkpoint-158.pth.tar', 72.49)
 ('./output/train/20250830-085552-resnet18_vcaV2-224/checkpoint/checkpoint-167.pth.tar', 72.49)
 ('./output/train/20250830-085552-resnet18_vcaV2-224/checkpoint/checkpoint-164.pth.tar', 72.47)
 ('./output/train/20250830-085552-resnet18_vcaV2-224/checkpoint/checkpoint-166.pth.tar', 72.46)
 ('./output/train/20250830-085552-resnet18_vcaV2-224/checkpoint/checkpoint-159.pth.tar', 72.43)

2025-08-30 16:14:28,091 -                train: [    INFO] - Train: 168 [   0/391 (  0%)]  Loss: 20.14 (20.1)  Loss_cat: 0.5880 (0.588)  Loss_feat: 18.23 (18.2)  Loss_gt: 1.327 (1.33) LR: 5.000e-05
2025-08-30 16:15:37,667 -                train: [    INFO] - Train: 168 [ 200/391 ( 51%)]  Loss: 20.36 (20.4)  Loss_cat: 0.6007 (0.603)  Loss_feat: 18.42 (18.5)  Loss_gt: 1.340 (1.33) LR: 5.000e-05
2025-08-30 16:16:43,669 -                train: [    INFO] - Train: 168 [ 390/391 (100%)]  Loss: 20.60 (20.4)  Loss_cat: 0.6162 (0.602)  Loss_feat: 18.55 (18.5)  Loss_gt: 1.425 (1.32) LR: 5.000e-05
2025-08-30 16:16:44,243 -                train: [    INFO] - Test: [   0/39]  Time: 0.520 (0.520)  Loss:  0.8264 (0.8264)  Acc@1: 78.9062 (78.9062)  Acc@5: 94.9219 (94.9219)
2025-08-30 16:17:01,347 -                train: [    INFO] - Test: [  39/39]  Time: 0.022 (0.441)  Loss:  1.7189 (1.1464)  Acc@1: 62.5000 (72.4400)  Acc@5: 87.5000 (90.3400)
2025-08-30 16:17:01,643 - timm.utils.checkpoint_saver: [    INFO] - Current checkpoints:
 ('./output/train/20250830-085552-resnet18_vcaV2-224/checkpoint/checkpoint-165.pth.tar', 72.54)
 ('./output/train/20250830-085552-resnet18_vcaV2-224/checkpoint/checkpoint-161.pth.tar', 72.53)
 ('./output/train/20250830-085552-resnet18_vcaV2-224/checkpoint/checkpoint-154.pth.tar', 72.52)
 ('./output/train/20250830-085552-resnet18_vcaV2-224/checkpoint/checkpoint-163.pth.tar', 72.52)
 ('./output/train/20250830-085552-resnet18_vcaV2-224/checkpoint/checkpoint-149.pth.tar', 72.51)
 ('./output/train/20250830-085552-resnet18_vcaV2-224/checkpoint/checkpoint-158.pth.tar', 72.49)
 ('./output/train/20250830-085552-resnet18_vcaV2-224/checkpoint/checkpoint-167.pth.tar', 72.49)
 ('./output/train/20250830-085552-resnet18_vcaV2-224/checkpoint/checkpoint-164.pth.tar', 72.47)
 ('./output/train/20250830-085552-resnet18_vcaV2-224/checkpoint/checkpoint-166.pth.tar', 72.46)
 ('./output/train/20250830-085552-resnet18_vcaV2-224/checkpoint/checkpoint-168.pth.tar', 72.44)

2025-08-30 16:17:02,663 -                train: [    INFO] - Train: 169 [   0/391 (  0%)]  Loss: 19.43 (19.4)  Loss_cat: 0.5922 (0.592)  Loss_feat: 17.47 (17.5)  Loss_gt: 1.373 (1.37) LR: 5.000e-05
2025-08-30 16:18:12,360 -                train: [    INFO] - Train: 169 [ 200/391 ( 51%)]  Loss: 18.92 (19.5)  Loss_cat: 0.5838 (0.602)  Loss_feat: 17.13 (17.5)  Loss_gt: 1.205 (1.33) LR: 5.000e-05
2025-08-30 16:19:18,411 -                train: [    INFO] - Train: 169 [ 390/391 (100%)]  Loss: 19.00 (19.4)  Loss_cat: 0.5686 (0.602)  Loss_feat: 17.14 (17.5)  Loss_gt: 1.289 (1.32) LR: 5.000e-05
2025-08-30 16:19:18,998 -                train: [    INFO] - Test: [   0/39]  Time: 0.531 (0.531)  Loss:  0.8742 (0.8742)  Acc@1: 77.7344 (77.7344)  Acc@5: 93.3594 (93.3594)
2025-08-30 16:19:35,955 -                train: [    INFO] - Test: [  39/39]  Time: 0.022 (0.437)  Loss:  1.6650 (1.1451)  Acc@1: 62.5000 (72.5600)  Acc@5: 87.5000 (90.3200)
2025-08-30 16:19:36,254 - timm.utils.checkpoint_saver: [    INFO] - Current checkpoints:
 ('./output/train/20250830-085552-resnet18_vcaV2-224/checkpoint/checkpoint-169.pth.tar', 72.56)
 ('./output/train/20250830-085552-resnet18_vcaV2-224/checkpoint/checkpoint-165.pth.tar', 72.54)
 ('./output/train/20250830-085552-resnet18_vcaV2-224/checkpoint/checkpoint-161.pth.tar', 72.53)
 ('./output/train/20250830-085552-resnet18_vcaV2-224/checkpoint/checkpoint-154.pth.tar', 72.52)
 ('./output/train/20250830-085552-resnet18_vcaV2-224/checkpoint/checkpoint-163.pth.tar', 72.52)
 ('./output/train/20250830-085552-resnet18_vcaV2-224/checkpoint/checkpoint-149.pth.tar', 72.51)
 ('./output/train/20250830-085552-resnet18_vcaV2-224/checkpoint/checkpoint-158.pth.tar', 72.49)
 ('./output/train/20250830-085552-resnet18_vcaV2-224/checkpoint/checkpoint-167.pth.tar', 72.49)
 ('./output/train/20250830-085552-resnet18_vcaV2-224/checkpoint/checkpoint-164.pth.tar', 72.47)
 ('./output/train/20250830-085552-resnet18_vcaV2-224/checkpoint/checkpoint-166.pth.tar', 72.46)

2025-08-30 16:19:37,294 -                train: [    INFO] - Train: 170 [   0/391 (  0%)]  Loss: 18.48 (18.5)  Loss_cat: 0.5854 (0.585)  Loss_feat: 16.55 (16.6)  Loss_gt: 1.347 (1.35) LR: 5.000e-05
2025-08-30 16:20:46,989 -                train: [    INFO] - Train: 170 [ 200/391 ( 51%)]  Loss: 18.51 (18.5)  Loss_cat: 0.5994 (0.602)  Loss_feat: 16.55 (16.6)  Loss_gt: 1.363 (1.32) LR: 5.000e-05
2025-08-30 16:21:52,968 -                train: [    INFO] - Train: 170 [ 390/391 (100%)]  Loss: 18.49 (18.5)  Loss_cat: 0.6176 (0.601)  Loss_feat: 16.61 (16.6)  Loss_gt: 1.265 (1.32) LR: 5.000e-05
2025-08-30 16:21:53,651 -                train: [    INFO] - Test: [   0/39]  Time: 0.629 (0.629)  Loss:  0.8608 (0.8608)  Acc@1: 78.5156 (78.5156)  Acc@5: 94.1406 (94.1406)
2025-08-30 16:22:10,613 -                train: [    INFO] - Test: [  39/39]  Time: 0.022 (0.440)  Loss:  1.6874 (1.1488)  Acc@1: 62.5000 (72.3900)  Acc@5: 87.5000 (90.2700)
2025-08-30 16:22:11,902 -                train: [    INFO] - Train: 171 [   0/391 (  0%)]  Loss: 17.73 (17.7)  Loss_cat: 0.6096 (0.610)  Loss_feat: 15.76 (15.8)  Loss_gt: 1.355 (1.36) LR: 5.000e-05
2025-08-30 16:23:21,570 -                train: [    INFO] - Train: 171 [ 200/391 ( 51%)]  Loss: 17.54 (17.6)  Loss_cat: 0.5965 (0.600)  Loss_feat: 15.67 (15.7)  Loss_gt: 1.271 (1.32) LR: 5.000e-05
2025-08-30 16:24:27,542 -                train: [    INFO] - Train: 171 [ 390/391 (100%)]  Loss: 17.24 (17.6)  Loss_cat: 0.5821 (0.602)  Loss_feat: 15.42 (15.7)  Loss_gt: 1.233 (1.32) LR: 5.000e-05
2025-08-30 16:24:28,126 -                train: [    INFO] - Test: [   0/39]  Time: 0.528 (0.528)  Loss:  0.8456 (0.8456)  Acc@1: 79.2969 (79.2969)  Acc@5: 94.1406 (94.1406)
2025-08-30 16:24:45,231 -                train: [    INFO] - Test: [  39/39]  Time: 0.022 (0.441)  Loss:  1.6515 (1.1461)  Acc@1: 62.5000 (72.6300)  Acc@5: 87.5000 (90.3700)
2025-08-30 16:24:45,727 - timm.utils.checkpoint_saver: [    INFO] - Current checkpoints:
 ('./output/train/20250830-085552-resnet18_vcaV2-224/checkpoint/checkpoint-171.pth.tar', 72.63)
 ('./output/train/20250830-085552-resnet18_vcaV2-224/checkpoint/checkpoint-169.pth.tar', 72.56)
 ('./output/train/20250830-085552-resnet18_vcaV2-224/checkpoint/checkpoint-165.pth.tar', 72.54)
 ('./output/train/20250830-085552-resnet18_vcaV2-224/checkpoint/checkpoint-161.pth.tar', 72.53)
 ('./output/train/20250830-085552-resnet18_vcaV2-224/checkpoint/checkpoint-154.pth.tar', 72.52)
 ('./output/train/20250830-085552-resnet18_vcaV2-224/checkpoint/checkpoint-163.pth.tar', 72.52)
 ('./output/train/20250830-085552-resnet18_vcaV2-224/checkpoint/checkpoint-149.pth.tar', 72.51)
 ('./output/train/20250830-085552-resnet18_vcaV2-224/checkpoint/checkpoint-158.pth.tar', 72.49)
 ('./output/train/20250830-085552-resnet18_vcaV2-224/checkpoint/checkpoint-167.pth.tar', 72.49)
 ('./output/train/20250830-085552-resnet18_vcaV2-224/checkpoint/checkpoint-164.pth.tar', 72.47)

2025-08-30 16:24:46,734 -                train: [    INFO] - Train: 172 [   0/391 (  0%)]  Loss: 16.85 (16.9)  Loss_cat: 0.6163 (0.616)  Loss_feat: 14.86 (14.9)  Loss_gt: 1.375 (1.38) LR: 5.000e-05
2025-08-30 16:25:57,633 -                train: [    INFO] - Train: 172 [ 200/391 ( 51%)]  Loss: 16.69 (16.7)  Loss_cat: 0.5845 (0.602)  Loss_feat: 14.70 (14.8)  Loss_gt: 1.401 (1.32) LR: 5.000e-05
2025-08-30 16:27:04,645 -                train: [    INFO] - Train: 172 [ 390/391 (100%)]  Loss: 16.74 (16.7)  Loss_cat: 0.6051 (0.601)  Loss_feat: 14.90 (14.8)  Loss_gt: 1.241 (1.32) LR: 5.000e-05
2025-08-30 16:27:05,232 -                train: [    INFO] - Test: [   0/39]  Time: 0.533 (0.533)  Loss:  0.8453 (0.8453)  Acc@1: 78.5156 (78.5156)  Acc@5: 94.1406 (94.1406)
2025-08-30 16:27:22,072 -                train: [    INFO] - Test: [  39/39]  Time: 0.022 (0.434)  Loss:  1.5965 (1.1453)  Acc@1: 62.5000 (72.5700)  Acc@5: 93.7500 (90.3800)
2025-08-30 16:27:22,349 - timm.utils.checkpoint_saver: [    INFO] - Current checkpoints:
 ('./output/train/20250830-085552-resnet18_vcaV2-224/checkpoint/checkpoint-171.pth.tar', 72.63)
 ('./output/train/20250830-085552-resnet18_vcaV2-224/checkpoint/checkpoint-172.pth.tar', 72.57)
 ('./output/train/20250830-085552-resnet18_vcaV2-224/checkpoint/checkpoint-169.pth.tar', 72.56)
 ('./output/train/20250830-085552-resnet18_vcaV2-224/checkpoint/checkpoint-165.pth.tar', 72.54)
 ('./output/train/20250830-085552-resnet18_vcaV2-224/checkpoint/checkpoint-161.pth.tar', 72.53)
 ('./output/train/20250830-085552-resnet18_vcaV2-224/checkpoint/checkpoint-154.pth.tar', 72.52)
 ('./output/train/20250830-085552-resnet18_vcaV2-224/checkpoint/checkpoint-163.pth.tar', 72.52)
 ('./output/train/20250830-085552-resnet18_vcaV2-224/checkpoint/checkpoint-149.pth.tar', 72.51)
 ('./output/train/20250830-085552-resnet18_vcaV2-224/checkpoint/checkpoint-158.pth.tar', 72.49)
 ('./output/train/20250830-085552-resnet18_vcaV2-224/checkpoint/checkpoint-167.pth.tar', 72.49)

2025-08-30 16:27:23,469 -                train: [    INFO] - Train: 173 [   0/391 (  0%)]  Loss: 16.03 (16.0)  Loss_cat: 0.6095 (0.609)  Loss_feat: 14.10 (14.1)  Loss_gt: 1.314 (1.31) LR: 5.000e-05
2025-08-30 16:28:33,102 -                train: [    INFO] - Train: 173 [ 200/391 ( 51%)]  Loss: 15.89 (15.9)  Loss_cat: 0.6286 (0.603)  Loss_feat: 14.02 (14.0)  Loss_gt: 1.246 (1.32) LR: 5.000e-05
2025-08-30 16:29:39,092 -                train: [    INFO] - Train: 173 [ 390/391 (100%)]  Loss: 15.85 (15.9)  Loss_cat: 0.5833 (0.602)  Loss_feat: 13.86 (14.0)  Loss_gt: 1.401 (1.32) LR: 5.000e-05
2025-08-30 16:29:39,686 -                train: [    INFO] - Test: [   0/39]  Time: 0.541 (0.541)  Loss:  0.8429 (0.8429)  Acc@1: 79.6875 (79.6875)  Acc@5: 94.1406 (94.1406)
2025-08-30 16:29:56,751 -                train: [    INFO] - Test: [  39/39]  Time: 0.022 (0.440)  Loss:  1.6609 (1.1456)  Acc@1: 62.5000 (72.6100)  Acc@5: 87.5000 (90.4000)
2025-08-30 16:29:57,058 - timm.utils.checkpoint_saver: [    INFO] - Current checkpoints:
 ('./output/train/20250830-085552-resnet18_vcaV2-224/checkpoint/checkpoint-171.pth.tar', 72.63)
 ('./output/train/20250830-085552-resnet18_vcaV2-224/checkpoint/checkpoint-173.pth.tar', 72.61)
 ('./output/train/20250830-085552-resnet18_vcaV2-224/checkpoint/checkpoint-172.pth.tar', 72.57)
 ('./output/train/20250830-085552-resnet18_vcaV2-224/checkpoint/checkpoint-169.pth.tar', 72.56)
 ('./output/train/20250830-085552-resnet18_vcaV2-224/checkpoint/checkpoint-165.pth.tar', 72.54)
 ('./output/train/20250830-085552-resnet18_vcaV2-224/checkpoint/checkpoint-161.pth.tar', 72.53)
 ('./output/train/20250830-085552-resnet18_vcaV2-224/checkpoint/checkpoint-154.pth.tar', 72.52)
 ('./output/train/20250830-085552-resnet18_vcaV2-224/checkpoint/checkpoint-163.pth.tar', 72.52)
 ('./output/train/20250830-085552-resnet18_vcaV2-224/checkpoint/checkpoint-149.pth.tar', 72.51)
 ('./output/train/20250830-085552-resnet18_vcaV2-224/checkpoint/checkpoint-158.pth.tar', 72.49)

2025-08-30 16:29:58,069 -                train: [    INFO] - Train: 174 [   0/391 (  0%)]  Loss: 15.03 (15.0)  Loss_cat: 0.5972 (0.597)  Loss_feat: 13.09 (13.1)  Loss_gt: 1.349 (1.35) LR: 5.000e-05
2025-08-30 16:31:07,727 -                train: [    INFO] - Train: 174 [ 200/391 ( 51%)]  Loss: 14.75 (15.1)  Loss_cat: 0.5663 (0.604)  Loss_feat: 12.88 (13.2)  Loss_gt: 1.296 (1.32) LR: 5.000e-05
2025-08-30 16:32:13,721 -                train: [    INFO] - Train: 174 [ 390/391 (100%)]  Loss: 15.47 (15.1)  Loss_cat: 0.6536 (0.602)  Loss_feat: 13.48 (13.2)  Loss_gt: 1.336 (1.32) LR: 5.000e-05
2025-08-30 16:32:14,311 -                train: [    INFO] - Test: [   0/39]  Time: 0.532 (0.532)  Loss:  0.8544 (0.8544)  Acc@1: 78.9062 (78.9062)  Acc@5: 93.7500 (93.7500)
2025-08-30 16:32:31,340 -                train: [    INFO] - Test: [  39/39]  Time: 0.022 (0.439)  Loss:  1.5973 (1.1447)  Acc@1: 62.5000 (72.7600)  Acc@5: 93.7500 (90.3600)
2025-08-30 16:32:31,630 - timm.utils.checkpoint_saver: [    INFO] - Current checkpoints:
 ('./output/train/20250830-085552-resnet18_vcaV2-224/checkpoint/checkpoint-174.pth.tar', 72.76)
 ('./output/train/20250830-085552-resnet18_vcaV2-224/checkpoint/checkpoint-171.pth.tar', 72.63)
 ('./output/train/20250830-085552-resnet18_vcaV2-224/checkpoint/checkpoint-173.pth.tar', 72.61)
 ('./output/train/20250830-085552-resnet18_vcaV2-224/checkpoint/checkpoint-172.pth.tar', 72.57)
 ('./output/train/20250830-085552-resnet18_vcaV2-224/checkpoint/checkpoint-169.pth.tar', 72.56)
 ('./output/train/20250830-085552-resnet18_vcaV2-224/checkpoint/checkpoint-165.pth.tar', 72.54)
 ('./output/train/20250830-085552-resnet18_vcaV2-224/checkpoint/checkpoint-161.pth.tar', 72.53)
 ('./output/train/20250830-085552-resnet18_vcaV2-224/checkpoint/checkpoint-154.pth.tar', 72.52)
 ('./output/train/20250830-085552-resnet18_vcaV2-224/checkpoint/checkpoint-163.pth.tar', 72.52)
 ('./output/train/20250830-085552-resnet18_vcaV2-224/checkpoint/checkpoint-149.pth.tar', 72.51)

2025-08-30 16:32:32,665 -                train: [    INFO] - Train: 175 [   0/391 (  0%)]  Loss: 14.18 (14.2)  Loss_cat: 0.5908 (0.591)  Loss_feat: 12.28 (12.3)  Loss_gt: 1.312 (1.31) LR: 5.000e-05
2025-08-30 16:33:42,410 -                train: [    INFO] - Train: 175 [ 200/391 ( 51%)]  Loss: 14.66 (14.3)  Loss_cat: 0.6453 (0.603)  Loss_feat: 12.69 (12.4)  Loss_gt: 1.326 (1.32) LR: 5.000e-05
2025-08-30 16:34:48,499 -                train: [    INFO] - Train: 175 [ 390/391 (100%)]  Loss: 14.44 (14.3)  Loss_cat: 0.6022 (0.601)  Loss_feat: 12.49 (12.4)  Loss_gt: 1.344 (1.32) LR: 5.000e-05
2025-08-30 16:34:49,078 -                train: [    INFO] - Test: [   0/39]  Time: 0.529 (0.529)  Loss:  0.8553 (0.8553)  Acc@1: 78.5156 (78.5156)  Acc@5: 94.1406 (94.1406)
2025-08-30 16:35:06,016 -                train: [    INFO] - Test: [  39/39]  Time: 0.023 (0.437)  Loss:  1.6709 (1.1435)  Acc@1: 62.5000 (72.5200)  Acc@5: 87.5000 (90.3500)
2025-08-30 16:35:06,292 - timm.utils.checkpoint_saver: [    INFO] - Current checkpoints:
 ('./output/train/20250830-085552-resnet18_vcaV2-224/checkpoint/checkpoint-174.pth.tar', 72.76)
 ('./output/train/20250830-085552-resnet18_vcaV2-224/checkpoint/checkpoint-171.pth.tar', 72.63)
 ('./output/train/20250830-085552-resnet18_vcaV2-224/checkpoint/checkpoint-173.pth.tar', 72.61)
 ('./output/train/20250830-085552-resnet18_vcaV2-224/checkpoint/checkpoint-172.pth.tar', 72.57)
 ('./output/train/20250830-085552-resnet18_vcaV2-224/checkpoint/checkpoint-169.pth.tar', 72.56)
 ('./output/train/20250830-085552-resnet18_vcaV2-224/checkpoint/checkpoint-165.pth.tar', 72.54)
 ('./output/train/20250830-085552-resnet18_vcaV2-224/checkpoint/checkpoint-161.pth.tar', 72.53)
 ('./output/train/20250830-085552-resnet18_vcaV2-224/checkpoint/checkpoint-154.pth.tar', 72.52)
 ('./output/train/20250830-085552-resnet18_vcaV2-224/checkpoint/checkpoint-163.pth.tar', 72.52)
 ('./output/train/20250830-085552-resnet18_vcaV2-224/checkpoint/checkpoint-175.pth.tar', 72.52)

2025-08-30 16:35:07,340 -                train: [    INFO] - Train: 176 [   0/391 (  0%)]  Loss: 13.40 (13.4)  Loss_cat: 0.5947 (0.595)  Loss_feat: 11.52 (11.5)  Loss_gt: 1.288 (1.29) LR: 5.000e-05
2025-08-30 16:36:17,032 -                train: [    INFO] - Train: 176 [ 200/391 ( 51%)]  Loss: 13.49 (13.5)  Loss_cat: 0.5946 (0.603)  Loss_feat: 11.57 (11.6)  Loss_gt: 1.330 (1.32) LR: 5.000e-05
2025-08-30 16:37:23,029 -                train: [    INFO] - Train: 176 [ 390/391 (100%)]  Loss: 13.62 (13.5)  Loss_cat: 0.6361 (0.602)  Loss_feat: 11.69 (11.6)  Loss_gt: 1.292 (1.32) LR: 5.000e-05
2025-08-30 16:37:23,619 -                train: [    INFO] - Test: [   0/39]  Time: 0.532 (0.532)  Loss:  0.8603 (0.8603)  Acc@1: 80.4688 (80.4688)  Acc@5: 93.7500 (93.7500)
2025-08-30 16:37:44,626 -                train: [    INFO] - Test: [  39/39]  Time: 0.022 (0.538)  Loss:  1.6615 (1.1453)  Acc@1: 62.5000 (72.7100)  Acc@5: 93.7500 (90.3300)
2025-08-30 16:37:44,919 - timm.utils.checkpoint_saver: [    INFO] - Current checkpoints:
 ('./output/train/20250830-085552-resnet18_vcaV2-224/checkpoint/checkpoint-174.pth.tar', 72.76)
 ('./output/train/20250830-085552-resnet18_vcaV2-224/checkpoint/checkpoint-176.pth.tar', 72.71)
 ('./output/train/20250830-085552-resnet18_vcaV2-224/checkpoint/checkpoint-171.pth.tar', 72.63)
 ('./output/train/20250830-085552-resnet18_vcaV2-224/checkpoint/checkpoint-173.pth.tar', 72.61)
 ('./output/train/20250830-085552-resnet18_vcaV2-224/checkpoint/checkpoint-172.pth.tar', 72.57)
 ('./output/train/20250830-085552-resnet18_vcaV2-224/checkpoint/checkpoint-169.pth.tar', 72.56)
 ('./output/train/20250830-085552-resnet18_vcaV2-224/checkpoint/checkpoint-165.pth.tar', 72.54)
 ('./output/train/20250830-085552-resnet18_vcaV2-224/checkpoint/checkpoint-161.pth.tar', 72.53)
 ('./output/train/20250830-085552-resnet18_vcaV2-224/checkpoint/checkpoint-154.pth.tar', 72.52)
 ('./output/train/20250830-085552-resnet18_vcaV2-224/checkpoint/checkpoint-163.pth.tar', 72.52)

2025-08-30 16:37:46,617 -                train: [    INFO] - Train: 177 [   0/391 (  0%)]  Loss: 12.81 (12.8)  Loss_cat: 0.6092 (0.609)  Loss_feat: 10.87 (10.9)  Loss_gt: 1.337 (1.34) LR: 5.000e-05
2025-08-30 16:38:56,308 -                train: [    INFO] - Train: 177 [ 200/391 ( 51%)]  Loss: 12.59 (12.8)  Loss_cat: 0.5963 (0.603)  Loss_feat: 10.77 (10.9)  Loss_gt: 1.222 (1.31) LR: 5.000e-05
2025-08-30 16:40:02,309 -                train: [    INFO] - Train: 177 [ 390/391 (100%)]  Loss: 12.86 (12.8)  Loss_cat: 0.6278 (0.602)  Loss_feat: 10.93 (10.9)  Loss_gt: 1.303 (1.32) LR: 5.000e-05
2025-08-30 16:40:02,897 -                train: [    INFO] - Test: [   0/39]  Time: 0.532 (0.532)  Loss:  0.8527 (0.8527)  Acc@1: 78.1250 (78.1250)  Acc@5: 94.5312 (94.5312)
2025-08-30 16:40:19,832 -                train: [    INFO] - Test: [  39/39]  Time: 0.022 (0.437)  Loss:  1.5895 (1.1444)  Acc@1: 62.5000 (72.5500)  Acc@5: 87.5000 (90.4500)
2025-08-30 16:40:20,145 - timm.utils.checkpoint_saver: [    INFO] - Current checkpoints:
 ('./output/train/20250830-085552-resnet18_vcaV2-224/checkpoint/checkpoint-174.pth.tar', 72.76)
 ('./output/train/20250830-085552-resnet18_vcaV2-224/checkpoint/checkpoint-176.pth.tar', 72.71)
 ('./output/train/20250830-085552-resnet18_vcaV2-224/checkpoint/checkpoint-171.pth.tar', 72.63)
 ('./output/train/20250830-085552-resnet18_vcaV2-224/checkpoint/checkpoint-173.pth.tar', 72.61)
 ('./output/train/20250830-085552-resnet18_vcaV2-224/checkpoint/checkpoint-172.pth.tar', 72.57)
 ('./output/train/20250830-085552-resnet18_vcaV2-224/checkpoint/checkpoint-169.pth.tar', 72.56)
 ('./output/train/20250830-085552-resnet18_vcaV2-224/checkpoint/checkpoint-177.pth.tar', 72.55)
 ('./output/train/20250830-085552-resnet18_vcaV2-224/checkpoint/checkpoint-165.pth.tar', 72.54)
 ('./output/train/20250830-085552-resnet18_vcaV2-224/checkpoint/checkpoint-161.pth.tar', 72.53)
 ('./output/train/20250830-085552-resnet18_vcaV2-224/checkpoint/checkpoint-154.pth.tar', 72.52)

2025-08-30 16:40:21,156 -                train: [    INFO] - Train: 178 [   0/391 (  0%)]  Loss: 12.12 (12.1)  Loss_cat: 0.5982 (0.598)  Loss_feat: 10.19 (10.2)  Loss_gt: 1.336 (1.34) LR: 5.000e-05
2025-08-30 16:41:30,804 -                train: [    INFO] - Train: 178 [ 200/391 ( 51%)]  Loss: 12.19 (12.1)  Loss_cat: 0.6078 (0.602)  Loss_feat: 10.25 (10.2)  Loss_gt: 1.330 (1.32) LR: 5.000e-05
2025-08-30 16:42:36,824 -                train: [    INFO] - Train: 178 [ 390/391 (100%)]  Loss: 12.04 (12.1)  Loss_cat: 0.6272 (0.602)  Loss_feat: 10.17 (10.2)  Loss_gt: 1.239 (1.31) LR: 5.000e-05
2025-08-30 16:42:37,405 -                train: [    INFO] - Test: [   0/39]  Time: 0.527 (0.527)  Loss:  0.8695 (0.8695)  Acc@1: 79.2969 (79.2969)  Acc@5: 94.1406 (94.1406)
2025-08-30 16:42:54,198 -                train: [    INFO] - Test: [  39/39]  Time: 0.023 (0.433)  Loss:  1.6846 (1.1443)  Acc@1: 62.5000 (72.5100)  Acc@5: 87.5000 (90.3700)
2025-08-30 16:42:55,478 -                train: [    INFO] - Train: 179 [   0/391 (  0%)]  Loss: 11.35 (11.3)  Loss_cat: 0.6042 (0.604)  Loss_feat: 9.481 (9.48)  Loss_gt: 1.265 (1.26) LR: 5.000e-05
2025-08-30 16:44:05,209 -                train: [    INFO] - Train: 179 [ 200/391 ( 51%)]  Loss: 11.39 (11.4)  Loss_cat: 0.5952 (0.602)  Loss_feat: 9.516 (9.52)  Loss_gt: 1.284 (1.31) LR: 5.000e-05
2025-08-30 16:45:11,291 -                train: [    INFO] - Train: 179 [ 390/391 (100%)]  Loss: 11.44 (11.4)  Loss_cat: 0.6090 (0.602)  Loss_feat: 9.547 (9.51)  Loss_gt: 1.284 (1.31) LR: 5.000e-05
2025-08-30 16:45:11,876 -                train: [    INFO] - Test: [   0/39]  Time: 0.528 (0.528)  Loss:  0.8307 (0.8307)  Acc@1: 78.5156 (78.5156)  Acc@5: 94.5312 (94.5312)
2025-08-30 16:45:28,771 -                train: [    INFO] - Test: [  39/39]  Time: 0.022 (0.436)  Loss:  1.6164 (1.1418)  Acc@1: 62.5000 (72.6500)  Acc@5: 87.5000 (90.3000)
2025-08-30 16:45:29,047 - timm.utils.checkpoint_saver: [    INFO] - Current checkpoints:
 ('./output/train/20250830-085552-resnet18_vcaV2-224/checkpoint/checkpoint-174.pth.tar', 72.76)
 ('./output/train/20250830-085552-resnet18_vcaV2-224/checkpoint/checkpoint-176.pth.tar', 72.71)
 ('./output/train/20250830-085552-resnet18_vcaV2-224/checkpoint/checkpoint-179.pth.tar', 72.65)
 ('./output/train/20250830-085552-resnet18_vcaV2-224/checkpoint/checkpoint-171.pth.tar', 72.63)
 ('./output/train/20250830-085552-resnet18_vcaV2-224/checkpoint/checkpoint-173.pth.tar', 72.61)
 ('./output/train/20250830-085552-resnet18_vcaV2-224/checkpoint/checkpoint-172.pth.tar', 72.57)
 ('./output/train/20250830-085552-resnet18_vcaV2-224/checkpoint/checkpoint-169.pth.tar', 72.56)
 ('./output/train/20250830-085552-resnet18_vcaV2-224/checkpoint/checkpoint-177.pth.tar', 72.55)
 ('./output/train/20250830-085552-resnet18_vcaV2-224/checkpoint/checkpoint-165.pth.tar', 72.54)
 ('./output/train/20250830-085552-resnet18_vcaV2-224/checkpoint/checkpoint-161.pth.tar', 72.53)

2025-08-30 16:45:30,085 -                train: [    INFO] - Train: 180 [   0/391 (  0%)]  Loss: 10.60 (10.6)  Loss_cat: 0.5967 (0.597)  Loss_feat: 8.806 (8.81)  Loss_gt: 1.196 (1.20) LR: 5.000e-05
2025-08-30 16:46:39,718 -                train: [    INFO] - Train: 180 [ 200/391 ( 51%)]  Loss: 10.70 (10.8)  Loss_cat: 0.5816 (0.600)  Loss_feat: 8.813 (8.87)  Loss_gt: 1.309 (1.31) LR: 5.000e-05
2025-08-30 16:47:45,721 -                train: [    INFO] - Train: 180 [ 390/391 (100%)]  Loss: 10.85 (10.8)  Loss_cat: 0.6370 (0.601)  Loss_feat: 8.916 (8.87)  Loss_gt: 1.300 (1.31) LR: 5.000e-05
2025-08-30 16:47:46,311 -                train: [    INFO] - Test: [   0/39]  Time: 0.536 (0.536)  Loss:  0.8593 (0.8593)  Acc@1: 79.6875 (79.6875)  Acc@5: 94.5312 (94.5312)
2025-08-30 16:48:03,284 -                train: [    INFO] - Test: [  39/39]  Time: 0.022 (0.438)  Loss:  1.7117 (1.1439)  Acc@1: 62.5000 (72.7300)  Acc@5: 87.5000 (90.3200)
2025-08-30 16:48:03,587 - timm.utils.checkpoint_saver: [    INFO] - Current checkpoints:
 ('./output/train/20250830-085552-resnet18_vcaV2-224/checkpoint/checkpoint-174.pth.tar', 72.76)
 ('./output/train/20250830-085552-resnet18_vcaV2-224/checkpoint/checkpoint-180.pth.tar', 72.73)
 ('./output/train/20250830-085552-resnet18_vcaV2-224/checkpoint/checkpoint-176.pth.tar', 72.71)
 ('./output/train/20250830-085552-resnet18_vcaV2-224/checkpoint/checkpoint-179.pth.tar', 72.65)
 ('./output/train/20250830-085552-resnet18_vcaV2-224/checkpoint/checkpoint-171.pth.tar', 72.63)
 ('./output/train/20250830-085552-resnet18_vcaV2-224/checkpoint/checkpoint-173.pth.tar', 72.61)
 ('./output/train/20250830-085552-resnet18_vcaV2-224/checkpoint/checkpoint-172.pth.tar', 72.57)
 ('./output/train/20250830-085552-resnet18_vcaV2-224/checkpoint/checkpoint-169.pth.tar', 72.56)
 ('./output/train/20250830-085552-resnet18_vcaV2-224/checkpoint/checkpoint-177.pth.tar', 72.55)
 ('./output/train/20250830-085552-resnet18_vcaV2-224/checkpoint/checkpoint-165.pth.tar', 72.54)

2025-08-30 16:48:04,644 -                train: [    INFO] - Train: 181 [   0/391 (  0%)]  Loss: 10.30 (10.3)  Loss_cat: 0.6014 (0.601)  Loss_feat: 8.299 (8.30)  Loss_gt: 1.399 (1.40) LR: 5.000e-05
2025-08-30 16:49:14,337 -                train: [    INFO] - Train: 181 [ 200/391 ( 51%)]  Loss: 10.06 (10.2)  Loss_cat: 0.5885 (0.600)  Loss_feat: 8.238 (8.27)  Loss_gt: 1.233 (1.31) LR: 5.000e-05
2025-08-30 16:50:20,325 -                train: [    INFO] - Train: 181 [ 390/391 (100%)]  Loss: 10.39 (10.2)  Loss_cat: 0.6290 (0.600)  Loss_feat: 8.425 (8.26)  Loss_gt: 1.339 (1.31) LR: 5.000e-05
2025-08-30 16:50:20,914 -                train: [    INFO] - Test: [   0/39]  Time: 0.535 (0.535)  Loss:  0.8541 (0.8541)  Acc@1: 80.0781 (80.0781)  Acc@5: 94.5312 (94.5312)
2025-08-30 16:50:37,925 -                train: [    INFO] - Test: [  39/39]  Time: 0.022 (0.439)  Loss:  1.6032 (1.1422)  Acc@1: 62.5000 (72.7600)  Acc@5: 87.5000 (90.3600)
2025-08-30 16:50:38,216 - timm.utils.checkpoint_saver: [    INFO] - Current checkpoints:
 ('./output/train/20250830-085552-resnet18_vcaV2-224/checkpoint/checkpoint-174.pth.tar', 72.76)
 ('./output/train/20250830-085552-resnet18_vcaV2-224/checkpoint/checkpoint-181.pth.tar', 72.76)
 ('./output/train/20250830-085552-resnet18_vcaV2-224/checkpoint/checkpoint-180.pth.tar', 72.73)
 ('./output/train/20250830-085552-resnet18_vcaV2-224/checkpoint/checkpoint-176.pth.tar', 72.71)
 ('./output/train/20250830-085552-resnet18_vcaV2-224/checkpoint/checkpoint-179.pth.tar', 72.65)
 ('./output/train/20250830-085552-resnet18_vcaV2-224/checkpoint/checkpoint-171.pth.tar', 72.63)
 ('./output/train/20250830-085552-resnet18_vcaV2-224/checkpoint/checkpoint-173.pth.tar', 72.61)
 ('./output/train/20250830-085552-resnet18_vcaV2-224/checkpoint/checkpoint-172.pth.tar', 72.57)
 ('./output/train/20250830-085552-resnet18_vcaV2-224/checkpoint/checkpoint-169.pth.tar', 72.56)
 ('./output/train/20250830-085552-resnet18_vcaV2-224/checkpoint/checkpoint-177.pth.tar', 72.55)

2025-08-30 16:50:39,236 -                train: [    INFO] - Train: 182 [   0/391 (  0%)]  Loss: 9.758 (9.76)  Loss_cat: 0.6373 (0.637)  Loss_feat: 7.807 (7.81)  Loss_gt: 1.314 (1.31) LR: 5.000e-05
2025-08-30 16:51:48,896 -                train: [    INFO] - Train: 182 [ 200/391 ( 51%)]  Loss: 9.486 (9.62)  Loss_cat: 0.5898 (0.602)  Loss_feat: 7.584 (7.70)  Loss_gt: 1.313 (1.32) LR: 5.000e-05
2025-08-30 16:52:54,925 -                train: [    INFO] - Train: 182 [ 390/391 (100%)]  Loss: 9.780 (9.61)  Loss_cat: 0.6353 (0.603)  Loss_feat: 7.733 (7.70)  Loss_gt: 1.411 (1.31) LR: 5.000e-05
2025-08-30 16:52:55,504 -                train: [    INFO] - Test: [   0/39]  Time: 0.525 (0.525)  Loss:  0.8502 (0.8502)  Acc@1: 78.9062 (78.9062)  Acc@5: 93.7500 (93.7500)
2025-08-30 16:53:13,162 -                train: [    INFO] - Test: [  39/39]  Time: 0.022 (0.455)  Loss:  1.6693 (1.1431)  Acc@1: 62.5000 (72.7100)  Acc@5: 87.5000 (90.4100)
2025-08-30 16:53:13,418 - timm.utils.checkpoint_saver: [    INFO] - Current checkpoints:
 ('./output/train/20250830-085552-resnet18_vcaV2-224/checkpoint/checkpoint-174.pth.tar', 72.76)
 ('./output/train/20250830-085552-resnet18_vcaV2-224/checkpoint/checkpoint-181.pth.tar', 72.76)
 ('./output/train/20250830-085552-resnet18_vcaV2-224/checkpoint/checkpoint-180.pth.tar', 72.73)
 ('./output/train/20250830-085552-resnet18_vcaV2-224/checkpoint/checkpoint-176.pth.tar', 72.71)
 ('./output/train/20250830-085552-resnet18_vcaV2-224/checkpoint/checkpoint-182.pth.tar', 72.71)
 ('./output/train/20250830-085552-resnet18_vcaV2-224/checkpoint/checkpoint-179.pth.tar', 72.65)
 ('./output/train/20250830-085552-resnet18_vcaV2-224/checkpoint/checkpoint-171.pth.tar', 72.63)
 ('./output/train/20250830-085552-resnet18_vcaV2-224/checkpoint/checkpoint-173.pth.tar', 72.61)
 ('./output/train/20250830-085552-resnet18_vcaV2-224/checkpoint/checkpoint-172.pth.tar', 72.57)
 ('./output/train/20250830-085552-resnet18_vcaV2-224/checkpoint/checkpoint-169.pth.tar', 72.56)

2025-08-30 16:53:14,407 -                train: [    INFO] - Train: 183 [   0/391 (  0%)]  Loss: 8.874 (8.87)  Loss_cat: 0.5689 (0.569)  Loss_feat: 7.031 (7.03)  Loss_gt: 1.274 (1.27) LR: 5.000e-05
2025-08-30 16:54:24,062 -                train: [    INFO] - Train: 183 [ 200/391 ( 51%)]  Loss: 9.032 (9.06)  Loss_cat: 0.5962 (0.603)  Loss_feat: 7.135 (7.15)  Loss_gt: 1.301 (1.31) LR: 5.000e-05
2025-08-30 16:55:30,147 -                train: [    INFO] - Train: 183 [ 390/391 (100%)]  Loss: 9.060 (9.06)  Loss_cat: 0.6173 (0.602)  Loss_feat: 7.196 (7.15)  Loss_gt: 1.247 (1.31) LR: 5.000e-05
2025-08-30 16:55:30,732 -                train: [    INFO] - Test: [   0/39]  Time: 0.528 (0.528)  Loss:  0.8529 (0.8529)  Acc@1: 80.0781 (80.0781)  Acc@5: 94.5312 (94.5312)
2025-08-30 16:55:47,838 -                train: [    INFO] - Test: [  39/39]  Time: 0.022 (0.441)  Loss:  1.5896 (1.1392)  Acc@1: 62.5000 (72.7900)  Acc@5: 87.5000 (90.3800)
2025-08-30 16:55:48,126 - timm.utils.checkpoint_saver: [    INFO] - Current checkpoints:
 ('./output/train/20250830-085552-resnet18_vcaV2-224/checkpoint/checkpoint-183.pth.tar', 72.79)
 ('./output/train/20250830-085552-resnet18_vcaV2-224/checkpoint/checkpoint-174.pth.tar', 72.76)
 ('./output/train/20250830-085552-resnet18_vcaV2-224/checkpoint/checkpoint-181.pth.tar', 72.76)
 ('./output/train/20250830-085552-resnet18_vcaV2-224/checkpoint/checkpoint-180.pth.tar', 72.73)
 ('./output/train/20250830-085552-resnet18_vcaV2-224/checkpoint/checkpoint-176.pth.tar', 72.71)
 ('./output/train/20250830-085552-resnet18_vcaV2-224/checkpoint/checkpoint-182.pth.tar', 72.71)
 ('./output/train/20250830-085552-resnet18_vcaV2-224/checkpoint/checkpoint-179.pth.tar', 72.65)
 ('./output/train/20250830-085552-resnet18_vcaV2-224/checkpoint/checkpoint-171.pth.tar', 72.63)
 ('./output/train/20250830-085552-resnet18_vcaV2-224/checkpoint/checkpoint-173.pth.tar', 72.61)
 ('./output/train/20250830-085552-resnet18_vcaV2-224/checkpoint/checkpoint-172.pth.tar', 72.57)

2025-08-30 16:55:49,169 -                train: [    INFO] - Train: 184 [   0/391 (  0%)]  Loss: 8.522 (8.52)  Loss_cat: 0.6032 (0.603)  Loss_feat: 6.625 (6.63)  Loss_gt: 1.294 (1.29) LR: 5.000e-05
2025-08-30 16:56:58,836 -                train: [    INFO] - Train: 184 [ 200/391 ( 51%)]  Loss: 8.401 (8.54)  Loss_cat: 0.5892 (0.602)  Loss_feat: 6.590 (6.63)  Loss_gt: 1.221 (1.31) LR: 5.000e-05
2025-08-30 16:58:04,917 -                train: [    INFO] - Train: 184 [ 390/391 (100%)]  Loss: 8.577 (8.54)  Loss_cat: 0.6214 (0.602)  Loss_feat: 6.679 (6.63)  Loss_gt: 1.276 (1.31) LR: 5.000e-05
2025-08-30 16:58:05,499 -                train: [    INFO] - Test: [   0/39]  Time: 0.531 (0.531)  Loss:  0.8141 (0.8141)  Acc@1: 80.0781 (80.0781)  Acc@5: 94.9219 (94.9219)
2025-08-30 16:58:22,713 -                train: [    INFO] - Test: [  39/39]  Time: 0.022 (0.444)  Loss:  1.6143 (1.1393)  Acc@1: 62.5000 (72.7400)  Acc@5: 93.7500 (90.4400)
2025-08-30 16:58:23,000 - timm.utils.checkpoint_saver: [    INFO] - Current checkpoints:
 ('./output/train/20250830-085552-resnet18_vcaV2-224/checkpoint/checkpoint-183.pth.tar', 72.79)
 ('./output/train/20250830-085552-resnet18_vcaV2-224/checkpoint/checkpoint-174.pth.tar', 72.76)
 ('./output/train/20250830-085552-resnet18_vcaV2-224/checkpoint/checkpoint-181.pth.tar', 72.76)
 ('./output/train/20250830-085552-resnet18_vcaV2-224/checkpoint/checkpoint-184.pth.tar', 72.74)
 ('./output/train/20250830-085552-resnet18_vcaV2-224/checkpoint/checkpoint-180.pth.tar', 72.73)
 ('./output/train/20250830-085552-resnet18_vcaV2-224/checkpoint/checkpoint-176.pth.tar', 72.71)
 ('./output/train/20250830-085552-resnet18_vcaV2-224/checkpoint/checkpoint-182.pth.tar', 72.71)
 ('./output/train/20250830-085552-resnet18_vcaV2-224/checkpoint/checkpoint-179.pth.tar', 72.65)
 ('./output/train/20250830-085552-resnet18_vcaV2-224/checkpoint/checkpoint-171.pth.tar', 72.63)
 ('./output/train/20250830-085552-resnet18_vcaV2-224/checkpoint/checkpoint-173.pth.tar', 72.61)

2025-08-30 16:58:24,049 -                train: [    INFO] - Train: 185 [   0/391 (  0%)]  Loss: 8.025 (8.03)  Loss_cat: 0.5957 (0.596)  Loss_feat: 6.128 (6.13)  Loss_gt: 1.302 (1.30) LR: 5.000e-05
2025-08-30 16:59:33,765 -                train: [    INFO] - Train: 185 [ 200/391 ( 51%)]  Loss: 8.239 (8.05)  Loss_cat: 0.6177 (0.601)  Loss_feat: 6.213 (6.14)  Loss_gt: 1.408 (1.31) LR: 5.000e-05
2025-08-30 17:00:39,826 -                train: [    INFO] - Train: 185 [ 390/391 (100%)]  Loss: 8.285 (8.05)  Loss_cat: 0.6359 (0.602)  Loss_feat: 6.248 (6.14)  Loss_gt: 1.401 (1.31) LR: 5.000e-05
2025-08-30 17:00:40,411 -                train: [    INFO] - Test: [   0/39]  Time: 0.528 (0.528)  Loss:  0.8847 (0.8847)  Acc@1: 78.5156 (78.5156)  Acc@5: 93.3594 (93.3594)
2025-08-30 17:00:58,367 -                train: [    INFO] - Test: [  39/39]  Time: 0.022 (0.462)  Loss:  1.6159 (1.1402)  Acc@1: 62.5000 (72.7700)  Acc@5: 87.5000 (90.3700)
2025-08-30 17:00:58,932 - timm.utils.checkpoint_saver: [    INFO] - Current checkpoints:
 ('./output/train/20250830-085552-resnet18_vcaV2-224/checkpoint/checkpoint-183.pth.tar', 72.79)
 ('./output/train/20250830-085552-resnet18_vcaV2-224/checkpoint/checkpoint-185.pth.tar', 72.77)
 ('./output/train/20250830-085552-resnet18_vcaV2-224/checkpoint/checkpoint-174.pth.tar', 72.76)
 ('./output/train/20250830-085552-resnet18_vcaV2-224/checkpoint/checkpoint-181.pth.tar', 72.76)
 ('./output/train/20250830-085552-resnet18_vcaV2-224/checkpoint/checkpoint-184.pth.tar', 72.74)
 ('./output/train/20250830-085552-resnet18_vcaV2-224/checkpoint/checkpoint-180.pth.tar', 72.73)
 ('./output/train/20250830-085552-resnet18_vcaV2-224/checkpoint/checkpoint-176.pth.tar', 72.71)
 ('./output/train/20250830-085552-resnet18_vcaV2-224/checkpoint/checkpoint-182.pth.tar', 72.71)
 ('./output/train/20250830-085552-resnet18_vcaV2-224/checkpoint/checkpoint-179.pth.tar', 72.65)
 ('./output/train/20250830-085552-resnet18_vcaV2-224/checkpoint/checkpoint-171.pth.tar', 72.63)

2025-08-30 17:00:59,952 -                train: [    INFO] - Train: 186 [   0/391 (  0%)]  Loss: 7.660 (7.66)  Loss_cat: 0.6270 (0.627)  Loss_feat: 5.729 (5.73)  Loss_gt: 1.304 (1.30) LR: 5.000e-05
2025-08-30 17:02:09,606 -                train: [    INFO] - Train: 186 [ 200/391 ( 51%)]  Loss: 7.570 (7.60)  Loss_cat: 0.6016 (0.602)  Loss_feat: 5.720 (5.69)  Loss_gt: 1.249 (1.31) LR: 5.000e-05
2025-08-30 17:03:15,671 -                train: [    INFO] - Train: 186 [ 390/391 (100%)]  Loss: 7.697 (7.59)  Loss_cat: 0.6039 (0.602)  Loss_feat: 5.691 (5.69)  Loss_gt: 1.403 (1.30) LR: 5.000e-05
2025-08-30 17:03:16,258 -                train: [    INFO] - Test: [   0/39]  Time: 0.533 (0.533)  Loss:  0.8690 (0.8690)  Acc@1: 79.2969 (79.2969)  Acc@5: 93.3594 (93.3594)
2025-08-30 17:03:33,575 -                train: [    INFO] - Test: [  39/39]  Time: 0.022 (0.446)  Loss:  1.5947 (1.1396)  Acc@1: 62.5000 (72.5500)  Acc@5: 87.5000 (90.3700)
2025-08-30 17:03:34,891 -                train: [    INFO] - Train: 187 [   0/391 (  0%)]  Loss: 7.029 (7.03)  Loss_cat: 0.5955 (0.596)  Loss_feat: 5.208 (5.21)  Loss_gt: 1.225 (1.23) LR: 5.000e-05
2025-08-30 17:04:44,532 -                train: [    INFO] - Train: 187 [ 200/391 ( 51%)]  Loss: 7.268 (7.17)  Loss_cat: 0.6183 (0.602)  Loss_feat: 5.308 (5.26)  Loss_gt: 1.342 (1.30) LR: 5.000e-05
2025-08-30 17:05:50,624 -                train: [    INFO] - Train: 187 [ 390/391 (100%)]  Loss: 7.158 (7.17)  Loss_cat: 0.6069 (0.602)  Loss_feat: 5.225 (5.26)  Loss_gt: 1.326 (1.30) LR: 5.000e-05
2025-08-30 17:05:51,195 -                train: [    INFO] - Test: [   0/39]  Time: 0.527 (0.527)  Loss:  0.8244 (0.8244)  Acc@1: 79.6875 (79.6875)  Acc@5: 95.3125 (95.3125)
2025-08-30 17:06:09,189 -                train: [    INFO] - Test: [  39/39]  Time: 0.022 (0.463)  Loss:  1.5924 (1.1391)  Acc@1: 62.5000 (72.7100)  Acc@5: 87.5000 (90.5700)
2025-08-30 17:06:09,516 - timm.utils.checkpoint_saver: [    INFO] - Current checkpoints:
 ('./output/train/20250830-085552-resnet18_vcaV2-224/checkpoint/checkpoint-183.pth.tar', 72.79)
 ('./output/train/20250830-085552-resnet18_vcaV2-224/checkpoint/checkpoint-185.pth.tar', 72.77)
 ('./output/train/20250830-085552-resnet18_vcaV2-224/checkpoint/checkpoint-174.pth.tar', 72.76)
 ('./output/train/20250830-085552-resnet18_vcaV2-224/checkpoint/checkpoint-181.pth.tar', 72.76)
 ('./output/train/20250830-085552-resnet18_vcaV2-224/checkpoint/checkpoint-184.pth.tar', 72.74)
 ('./output/train/20250830-085552-resnet18_vcaV2-224/checkpoint/checkpoint-180.pth.tar', 72.73)
 ('./output/train/20250830-085552-resnet18_vcaV2-224/checkpoint/checkpoint-176.pth.tar', 72.71)
 ('./output/train/20250830-085552-resnet18_vcaV2-224/checkpoint/checkpoint-182.pth.tar', 72.71)
 ('./output/train/20250830-085552-resnet18_vcaV2-224/checkpoint/checkpoint-187.pth.tar', 72.71)
 ('./output/train/20250830-085552-resnet18_vcaV2-224/checkpoint/checkpoint-179.pth.tar', 72.65)

2025-08-30 17:06:10,692 -                train: [    INFO] - Train: 188 [   0/391 (  0%)]  Loss: 6.801 (6.80)  Loss_cat: 0.6124 (0.612)  Loss_feat: 4.909 (4.91)  Loss_gt: 1.280 (1.28) LR: 5.000e-05
2025-08-30 17:07:20,305 -                train: [    INFO] - Train: 188 [ 200/391 ( 51%)]  Loss: 6.754 (6.77)  Loss_cat: 0.6073 (0.602)  Loss_feat: 4.876 (4.87)  Loss_gt: 1.270 (1.30) LR: 5.000e-05
2025-08-30 17:08:26,325 -                train: [    INFO] - Train: 188 [ 390/391 (100%)]  Loss: 6.987 (6.77)  Loss_cat: 0.6408 (0.602)  Loss_feat: 4.934 (4.87)  Loss_gt: 1.412 (1.30) LR: 5.000e-05
2025-08-30 17:08:26,911 -                train: [    INFO] - Test: [   0/39]  Time: 0.533 (0.533)  Loss:  0.8176 (0.8176)  Acc@1: 79.6875 (79.6875)  Acc@5: 94.5312 (94.5312)
2025-08-30 17:08:44,009 -                train: [    INFO] - Test: [  39/39]  Time: 0.022 (0.441)  Loss:  1.6801 (1.1377)  Acc@1: 62.5000 (72.7300)  Acc@5: 87.5000 (90.4500)
2025-08-30 17:08:44,384 - timm.utils.checkpoint_saver: [    INFO] - Current checkpoints:
 ('./output/train/20250830-085552-resnet18_vcaV2-224/checkpoint/checkpoint-183.pth.tar', 72.79)
 ('./output/train/20250830-085552-resnet18_vcaV2-224/checkpoint/checkpoint-185.pth.tar', 72.77)
 ('./output/train/20250830-085552-resnet18_vcaV2-224/checkpoint/checkpoint-174.pth.tar', 72.76)
 ('./output/train/20250830-085552-resnet18_vcaV2-224/checkpoint/checkpoint-181.pth.tar', 72.76)
 ('./output/train/20250830-085552-resnet18_vcaV2-224/checkpoint/checkpoint-184.pth.tar', 72.74)
 ('./output/train/20250830-085552-resnet18_vcaV2-224/checkpoint/checkpoint-180.pth.tar', 72.73)
 ('./output/train/20250830-085552-resnet18_vcaV2-224/checkpoint/checkpoint-188.pth.tar', 72.73)
 ('./output/train/20250830-085552-resnet18_vcaV2-224/checkpoint/checkpoint-176.pth.tar', 72.71)
 ('./output/train/20250830-085552-resnet18_vcaV2-224/checkpoint/checkpoint-182.pth.tar', 72.71)
 ('./output/train/20250830-085552-resnet18_vcaV2-224/checkpoint/checkpoint-187.pth.tar', 72.71)

2025-08-30 17:08:45,408 -                train: [    INFO] - Train: 189 [   0/391 (  0%)]  Loss: 6.473 (6.47)  Loss_cat: 0.6103 (0.610)  Loss_feat: 4.564 (4.56)  Loss_gt: 1.299 (1.30) LR: 5.000e-05
2025-08-30 17:09:55,110 -                train: [    INFO] - Train: 189 [ 200/391 ( 51%)]  Loss: 6.471 (6.40)  Loss_cat: 0.6299 (0.602)  Loss_feat: 4.563 (4.50)  Loss_gt: 1.278 (1.30) LR: 5.000e-05
2025-08-30 17:11:01,118 -                train: [    INFO] - Train: 189 [ 390/391 (100%)]  Loss: 6.591 (6.41)  Loss_cat: 0.6003 (0.603)  Loss_feat: 4.533 (4.51)  Loss_gt: 1.458 (1.30) LR: 5.000e-05
2025-08-30 17:11:01,714 -                train: [    INFO] - Test: [   0/39]  Time: 0.542 (0.542)  Loss:  0.8565 (0.8565)  Acc@1: 79.6875 (79.6875)  Acc@5: 94.5312 (94.5312)
2025-08-30 17:11:18,995 -                train: [    INFO] - Test: [  39/39]  Time: 0.022 (0.446)  Loss:  1.6846 (1.1382)  Acc@1: 62.5000 (72.8400)  Acc@5: 87.5000 (90.4800)
2025-08-30 17:11:19,297 - timm.utils.checkpoint_saver: [    INFO] - Current checkpoints:
 ('./output/train/20250830-085552-resnet18_vcaV2-224/checkpoint/checkpoint-189.pth.tar', 72.84)
 ('./output/train/20250830-085552-resnet18_vcaV2-224/checkpoint/checkpoint-183.pth.tar', 72.79)
 ('./output/train/20250830-085552-resnet18_vcaV2-224/checkpoint/checkpoint-185.pth.tar', 72.77)
 ('./output/train/20250830-085552-resnet18_vcaV2-224/checkpoint/checkpoint-174.pth.tar', 72.76)
 ('./output/train/20250830-085552-resnet18_vcaV2-224/checkpoint/checkpoint-181.pth.tar', 72.76)
 ('./output/train/20250830-085552-resnet18_vcaV2-224/checkpoint/checkpoint-184.pth.tar', 72.74)
 ('./output/train/20250830-085552-resnet18_vcaV2-224/checkpoint/checkpoint-180.pth.tar', 72.73)
 ('./output/train/20250830-085552-resnet18_vcaV2-224/checkpoint/checkpoint-188.pth.tar', 72.73)
 ('./output/train/20250830-085552-resnet18_vcaV2-224/checkpoint/checkpoint-176.pth.tar', 72.71)
 ('./output/train/20250830-085552-resnet18_vcaV2-224/checkpoint/checkpoint-182.pth.tar', 72.71)

2025-08-30 17:11:20,321 -                train: [    INFO] - Train: 190 [   0/391 (  0%)]  Loss: 6.032 (6.03)  Loss_cat: 0.5918 (0.592)  Loss_feat: 4.165 (4.16)  Loss_gt: 1.276 (1.28) LR: 5.000e-05
2025-08-30 17:12:29,930 -                train: [    INFO] - Train: 190 [ 200/391 ( 51%)]  Loss: 6.049 (6.08)  Loss_cat: 0.6159 (0.602)  Loss_feat: 4.225 (4.18)  Loss_gt: 1.208 (1.30) LR: 5.000e-05
2025-08-30 17:13:35,922 -                train: [    INFO] - Train: 190 [ 390/391 (100%)]  Loss: 6.216 (6.08)  Loss_cat: 0.6289 (0.602)  Loss_feat: 4.232 (4.18)  Loss_gt: 1.356 (1.30) LR: 5.000e-05
2025-08-30 17:13:36,564 -                train: [    INFO] - Test: [   0/39]  Time: 0.587 (0.587)  Loss:  0.8056 (0.8056)  Acc@1: 79.6875 (79.6875)  Acc@5: 95.3125 (95.3125)
2025-08-30 17:13:54,100 -                train: [    INFO] - Test: [  39/39]  Time: 0.022 (0.453)  Loss:  1.6529 (1.1385)  Acc@1: 62.5000 (72.7600)  Acc@5: 87.5000 (90.5100)
2025-08-30 17:13:54,341 - timm.utils.checkpoint_saver: [    INFO] - Current checkpoints:
 ('./output/train/20250830-085552-resnet18_vcaV2-224/checkpoint/checkpoint-189.pth.tar', 72.84)
 ('./output/train/20250830-085552-resnet18_vcaV2-224/checkpoint/checkpoint-183.pth.tar', 72.79)
 ('./output/train/20250830-085552-resnet18_vcaV2-224/checkpoint/checkpoint-185.pth.tar', 72.77)
 ('./output/train/20250830-085552-resnet18_vcaV2-224/checkpoint/checkpoint-174.pth.tar', 72.76)
 ('./output/train/20250830-085552-resnet18_vcaV2-224/checkpoint/checkpoint-181.pth.tar', 72.76)
 ('./output/train/20250830-085552-resnet18_vcaV2-224/checkpoint/checkpoint-190.pth.tar', 72.76)
 ('./output/train/20250830-085552-resnet18_vcaV2-224/checkpoint/checkpoint-184.pth.tar', 72.74)
 ('./output/train/20250830-085552-resnet18_vcaV2-224/checkpoint/checkpoint-180.pth.tar', 72.73)
 ('./output/train/20250830-085552-resnet18_vcaV2-224/checkpoint/checkpoint-188.pth.tar', 72.73)
 ('./output/train/20250830-085552-resnet18_vcaV2-224/checkpoint/checkpoint-176.pth.tar', 72.71)

2025-08-30 17:13:55,369 -                train: [    INFO] - Train: 191 [   0/391 (  0%)]  Loss: 5.836 (5.84)  Loss_cat: 0.6014 (0.601)  Loss_feat: 3.869 (3.87)  Loss_gt: 1.366 (1.37) LR: 5.000e-05
2025-08-30 17:15:04,988 -                train: [    INFO] - Train: 191 [ 200/391 ( 51%)]  Loss: 5.923 (5.78)  Loss_cat: 0.6152 (0.604)  Loss_feat: 3.942 (3.88)  Loss_gt: 1.366 (1.30) LR: 5.000e-05
2025-08-30 17:16:11,010 -                train: [    INFO] - Train: 191 [ 390/391 (100%)]  Loss: 5.799 (5.78)  Loss_cat: 0.6068 (0.603)  Loss_feat: 3.864 (3.88)  Loss_gt: 1.328 (1.30) LR: 5.000e-05
2025-08-30 17:16:11,611 -                train: [    INFO] - Test: [   0/39]  Time: 0.542 (0.542)  Loss:  0.8537 (0.8537)  Acc@1: 79.2969 (79.2969)  Acc@5: 94.5312 (94.5312)
2025-08-30 17:16:28,556 -                train: [    INFO] - Test: [  39/39]  Time: 0.022 (0.437)  Loss:  1.6307 (1.1379)  Acc@1: 62.5000 (72.7400)  Acc@5: 87.5000 (90.2500)
2025-08-30 17:16:28,916 - timm.utils.checkpoint_saver: [    INFO] - Current checkpoints:
 ('./output/train/20250830-085552-resnet18_vcaV2-224/checkpoint/checkpoint-189.pth.tar', 72.84)
 ('./output/train/20250830-085552-resnet18_vcaV2-224/checkpoint/checkpoint-183.pth.tar', 72.79)
 ('./output/train/20250830-085552-resnet18_vcaV2-224/checkpoint/checkpoint-185.pth.tar', 72.77)
 ('./output/train/20250830-085552-resnet18_vcaV2-224/checkpoint/checkpoint-174.pth.tar', 72.76)
 ('./output/train/20250830-085552-resnet18_vcaV2-224/checkpoint/checkpoint-181.pth.tar', 72.76)
 ('./output/train/20250830-085552-resnet18_vcaV2-224/checkpoint/checkpoint-190.pth.tar', 72.76)
 ('./output/train/20250830-085552-resnet18_vcaV2-224/checkpoint/checkpoint-184.pth.tar', 72.74)
 ('./output/train/20250830-085552-resnet18_vcaV2-224/checkpoint/checkpoint-191.pth.tar', 72.74)
 ('./output/train/20250830-085552-resnet18_vcaV2-224/checkpoint/checkpoint-180.pth.tar', 72.73)
 ('./output/train/20250830-085552-resnet18_vcaV2-224/checkpoint/checkpoint-188.pth.tar', 72.73)

2025-08-30 17:16:29,951 -                train: [    INFO] - Train: 192 [   0/391 (  0%)]  Loss: 5.405 (5.40)  Loss_cat: 0.6025 (0.603)  Loss_feat: 3.603 (3.60)  Loss_gt: 1.199 (1.20) LR: 5.000e-05
2025-08-30 17:17:39,590 -                train: [    INFO] - Train: 192 [ 200/391 ( 51%)]  Loss: 5.615 (5.51)  Loss_cat: 0.6175 (0.604)  Loss_feat: 3.647 (3.61)  Loss_gt: 1.350 (1.30) LR: 5.000e-05
2025-08-30 17:18:45,645 -                train: [    INFO] - Train: 192 [ 390/391 (100%)]  Loss: 5.622 (5.51)  Loss_cat: 0.6121 (0.603)  Loss_feat: 3.628 (3.61)  Loss_gt: 1.382 (1.30) LR: 5.000e-05
2025-08-30 17:18:46,236 -                train: [    INFO] - Test: [   0/39]  Time: 0.529 (0.529)  Loss:  0.8429 (0.8429)  Acc@1: 79.6875 (79.6875)  Acc@5: 94.5312 (94.5312)
2025-08-30 17:19:03,836 -                train: [    INFO] - Test: [  39/39]  Time: 0.022 (0.453)  Loss:  1.6698 (1.1366)  Acc@1: 62.5000 (72.6400)  Acc@5: 87.5000 (90.4400)
2025-08-30 17:19:05,159 -                train: [    INFO] - Train: 193 [   0/391 (  0%)]  Loss: 5.293 (5.29)  Loss_cat: 0.5968 (0.597)  Loss_feat: 3.365 (3.36)  Loss_gt: 1.332 (1.33) LR: 5.000e-05
2025-08-30 17:20:14,847 -                train: [    INFO] - Train: 193 [ 200/391 ( 51%)]  Loss: 5.385 (5.27)  Loss_cat: 0.6354 (0.601)  Loss_feat: 3.411 (3.37)  Loss_gt: 1.338 (1.30) LR: 5.000e-05
2025-08-30 17:21:20,902 -                train: [    INFO] - Train: 193 [ 390/391 (100%)]  Loss: 5.150 (5.27)  Loss_cat: 0.5894 (0.602)  Loss_feat: 3.341 (3.37)  Loss_gt: 1.220 (1.30) LR: 5.000e-05
2025-08-30 17:21:21,491 -                train: [    INFO] - Test: [   0/39]  Time: 0.529 (0.529)  Loss:  0.7916 (0.7916)  Acc@1: 80.8594 (80.8594)  Acc@5: 94.9219 (94.9219)
2025-08-30 17:21:38,586 -                train: [    INFO] - Test: [  39/39]  Time: 0.022 (0.441)  Loss:  1.6037 (1.1353)  Acc@1: 62.5000 (72.8400)  Acc@5: 87.5000 (90.4700)
2025-08-30 17:21:38,878 - timm.utils.checkpoint_saver: [    INFO] - Current checkpoints:
 ('./output/train/20250830-085552-resnet18_vcaV2-224/checkpoint/checkpoint-189.pth.tar', 72.84)
 ('./output/train/20250830-085552-resnet18_vcaV2-224/checkpoint/checkpoint-193.pth.tar', 72.84)
 ('./output/train/20250830-085552-resnet18_vcaV2-224/checkpoint/checkpoint-183.pth.tar', 72.79)
 ('./output/train/20250830-085552-resnet18_vcaV2-224/checkpoint/checkpoint-185.pth.tar', 72.77)
 ('./output/train/20250830-085552-resnet18_vcaV2-224/checkpoint/checkpoint-174.pth.tar', 72.76)
 ('./output/train/20250830-085552-resnet18_vcaV2-224/checkpoint/checkpoint-181.pth.tar', 72.76)
 ('./output/train/20250830-085552-resnet18_vcaV2-224/checkpoint/checkpoint-190.pth.tar', 72.76)
 ('./output/train/20250830-085552-resnet18_vcaV2-224/checkpoint/checkpoint-184.pth.tar', 72.74)
 ('./output/train/20250830-085552-resnet18_vcaV2-224/checkpoint/checkpoint-191.pth.tar', 72.74)
 ('./output/train/20250830-085552-resnet18_vcaV2-224/checkpoint/checkpoint-180.pth.tar', 72.73)

2025-08-30 17:21:39,920 -                train: [    INFO] - Train: 194 [   0/391 (  0%)]  Loss: 5.173 (5.17)  Loss_cat: 0.5914 (0.591)  Loss_feat: 3.162 (3.16)  Loss_gt: 1.419 (1.42) LR: 5.000e-05
2025-08-30 17:22:49,607 -                train: [    INFO] - Train: 194 [ 200/391 ( 51%)]  Loss: 5.126 (5.06)  Loss_cat: 0.6266 (0.602)  Loss_feat: 3.205 (3.16)  Loss_gt: 1.294 (1.30) LR: 5.000e-05
2025-08-30 17:23:55,693 -                train: [    INFO] - Train: 194 [ 390/391 (100%)]  Loss: 5.077 (5.06)  Loss_cat: 0.6048 (0.602)  Loss_feat: 3.142 (3.16)  Loss_gt: 1.329 (1.29) LR: 5.000e-05
2025-08-30 17:23:56,267 -                train: [    INFO] - Test: [   0/39]  Time: 0.524 (0.524)  Loss:  0.8388 (0.8388)  Acc@1: 79.6875 (79.6875)  Acc@5: 94.1406 (94.1406)
2025-08-30 17:24:13,145 -                train: [    INFO] - Test: [  39/39]  Time: 0.022 (0.435)  Loss:  1.6918 (1.1366)  Acc@1: 62.5000 (72.6800)  Acc@5: 87.5000 (90.4600)
2025-08-30 17:24:14,492 -                train: [    INFO] - Train: 195 [   0/391 (  0%)]  Loss: 4.748 (4.75)  Loss_cat: 0.5867 (0.587)  Loss_feat: 2.929 (2.93)  Loss_gt: 1.233 (1.23) LR: 5.000e-05
2025-08-30 17:25:24,147 -                train: [    INFO] - Train: 195 [ 200/391 ( 51%)]  Loss: 4.923 (4.89)  Loss_cat: 0.6084 (0.604)  Loss_feat: 3.019 (2.99)  Loss_gt: 1.295 (1.29) LR: 5.000e-05
2025-08-30 17:26:30,211 -                train: [    INFO] - Train: 195 [ 390/391 (100%)]  Loss: 4.797 (4.89)  Loss_cat: 0.5968 (0.604)  Loss_feat: 2.950 (2.99)  Loss_gt: 1.250 (1.30) LR: 5.000e-05
2025-08-30 17:26:30,789 -                train: [    INFO] - Test: [   0/39]  Time: 0.521 (0.521)  Loss:  0.8471 (0.8471)  Acc@1: 79.2969 (79.2969)  Acc@5: 94.5312 (94.5312)
2025-08-30 17:26:47,632 -                train: [    INFO] - Test: [  39/39]  Time: 0.022 (0.434)  Loss:  1.6695 (1.1339)  Acc@1: 62.5000 (72.7600)  Acc@5: 87.5000 (90.4700)
2025-08-30 17:26:47,969 - timm.utils.checkpoint_saver: [    INFO] - Current checkpoints:
 ('./output/train/20250830-085552-resnet18_vcaV2-224/checkpoint/checkpoint-189.pth.tar', 72.84)
 ('./output/train/20250830-085552-resnet18_vcaV2-224/checkpoint/checkpoint-193.pth.tar', 72.84)
 ('./output/train/20250830-085552-resnet18_vcaV2-224/checkpoint/checkpoint-183.pth.tar', 72.79)
 ('./output/train/20250830-085552-resnet18_vcaV2-224/checkpoint/checkpoint-185.pth.tar', 72.77)
 ('./output/train/20250830-085552-resnet18_vcaV2-224/checkpoint/checkpoint-174.pth.tar', 72.76)
 ('./output/train/20250830-085552-resnet18_vcaV2-224/checkpoint/checkpoint-181.pth.tar', 72.76)
 ('./output/train/20250830-085552-resnet18_vcaV2-224/checkpoint/checkpoint-190.pth.tar', 72.76)
 ('./output/train/20250830-085552-resnet18_vcaV2-224/checkpoint/checkpoint-195.pth.tar', 72.76)
 ('./output/train/20250830-085552-resnet18_vcaV2-224/checkpoint/checkpoint-184.pth.tar', 72.74)
 ('./output/train/20250830-085552-resnet18_vcaV2-224/checkpoint/checkpoint-191.pth.tar', 72.74)

2025-08-30 17:26:49,024 -                train: [    INFO] - Train: 196 [   0/391 (  0%)]  Loss: 4.687 (4.69)  Loss_cat: 0.5936 (0.594)  Loss_feat: 2.832 (2.83)  Loss_gt: 1.262 (1.26) LR: 5.000e-05
2025-08-30 17:27:58,634 -                train: [    INFO] - Train: 196 [ 200/391 ( 51%)]  Loss: 4.647 (4.75)  Loss_cat: 0.5927 (0.604)  Loss_feat: 2.826 (2.85)  Loss_gt: 1.229 (1.29) LR: 5.000e-05
2025-08-30 17:29:04,649 -                train: [    INFO] - Train: 196 [ 390/391 (100%)]  Loss: 4.884 (4.75)  Loss_cat: 0.6669 (0.604)  Loss_feat: 2.915 (2.85)  Loss_gt: 1.302 (1.30) LR: 5.000e-05
2025-08-30 17:29:05,230 -                train: [    INFO] - Test: [   0/39]  Time: 0.534 (0.534)  Loss:  0.8184 (0.8184)  Acc@1: 79.2969 (79.2969)  Acc@5: 94.5312 (94.5312)
2025-08-30 17:29:23,418 -                train: [    INFO] - Test: [  39/39]  Time: 0.022 (0.468)  Loss:  1.6416 (1.1361)  Acc@1: 62.5000 (72.8000)  Acc@5: 87.5000 (90.4200)
2025-08-30 17:29:23,922 - timm.utils.checkpoint_saver: [    INFO] - Current checkpoints:
 ('./output/train/20250830-085552-resnet18_vcaV2-224/checkpoint/checkpoint-189.pth.tar', 72.84)
 ('./output/train/20250830-085552-resnet18_vcaV2-224/checkpoint/checkpoint-193.pth.tar', 72.84)
 ('./output/train/20250830-085552-resnet18_vcaV2-224/checkpoint/checkpoint-196.pth.tar', 72.8)
 ('./output/train/20250830-085552-resnet18_vcaV2-224/checkpoint/checkpoint-183.pth.tar', 72.79)
 ('./output/train/20250830-085552-resnet18_vcaV2-224/checkpoint/checkpoint-185.pth.tar', 72.77)
 ('./output/train/20250830-085552-resnet18_vcaV2-224/checkpoint/checkpoint-174.pth.tar', 72.76)
 ('./output/train/20250830-085552-resnet18_vcaV2-224/checkpoint/checkpoint-181.pth.tar', 72.76)
 ('./output/train/20250830-085552-resnet18_vcaV2-224/checkpoint/checkpoint-190.pth.tar', 72.76)
 ('./output/train/20250830-085552-resnet18_vcaV2-224/checkpoint/checkpoint-195.pth.tar', 72.76)
 ('./output/train/20250830-085552-resnet18_vcaV2-224/checkpoint/checkpoint-184.pth.tar', 72.74)

2025-08-30 17:29:24,931 -                train: [    INFO] - Train: 197 [   0/391 (  0%)]  Loss: 4.791 (4.79)  Loss_cat: 0.6171 (0.617)  Loss_feat: 2.765 (2.76)  Loss_gt: 1.409 (1.41) LR: 5.000e-05
2025-08-30 17:30:34,568 -                train: [    INFO] - Train: 197 [ 200/391 ( 51%)]  Loss: 4.608 (4.63)  Loss_cat: 0.5962 (0.602)  Loss_feat: 2.734 (2.74)  Loss_gt: 1.278 (1.29) LR: 5.000e-05
2025-08-30 17:31:40,616 -                train: [    INFO] - Train: 197 [ 390/391 (100%)]  Loss: 4.544 (4.64)  Loss_cat: 0.6010 (0.603)  Loss_feat: 2.729 (2.74)  Loss_gt: 1.214 (1.29) LR: 5.000e-05
2025-08-30 17:31:41,198 -                train: [    INFO] - Test: [   0/39]  Time: 0.529 (0.529)  Loss:  0.8078 (0.8078)  Acc@1: 80.0781 (80.0781)  Acc@5: 94.9219 (94.9219)
2025-08-30 17:31:58,294 -                train: [    INFO] - Test: [  39/39]  Time: 0.022 (0.441)  Loss:  1.6788 (1.1339)  Acc@1: 62.5000 (72.9200)  Acc@5: 87.5000 (90.4300)
2025-08-30 17:31:58,637 - timm.utils.checkpoint_saver: [    INFO] - Current checkpoints:
 ('./output/train/20250830-085552-resnet18_vcaV2-224/checkpoint/checkpoint-197.pth.tar', 72.92)
 ('./output/train/20250830-085552-resnet18_vcaV2-224/checkpoint/checkpoint-189.pth.tar', 72.84)
 ('./output/train/20250830-085552-resnet18_vcaV2-224/checkpoint/checkpoint-193.pth.tar', 72.84)
 ('./output/train/20250830-085552-resnet18_vcaV2-224/checkpoint/checkpoint-196.pth.tar', 72.8)
 ('./output/train/20250830-085552-resnet18_vcaV2-224/checkpoint/checkpoint-183.pth.tar', 72.79)
 ('./output/train/20250830-085552-resnet18_vcaV2-224/checkpoint/checkpoint-185.pth.tar', 72.77)
 ('./output/train/20250830-085552-resnet18_vcaV2-224/checkpoint/checkpoint-174.pth.tar', 72.76)
 ('./output/train/20250830-085552-resnet18_vcaV2-224/checkpoint/checkpoint-181.pth.tar', 72.76)
 ('./output/train/20250830-085552-resnet18_vcaV2-224/checkpoint/checkpoint-190.pth.tar', 72.76)
 ('./output/train/20250830-085552-resnet18_vcaV2-224/checkpoint/checkpoint-195.pth.tar', 72.76)

2025-08-30 17:31:59,772 -                train: [    INFO] - Train: 198 [   0/391 (  0%)]  Loss: 4.504 (4.50)  Loss_cat: 0.5910 (0.591)  Loss_feat: 2.650 (2.65)  Loss_gt: 1.263 (1.26) LR: 5.000e-05
2025-08-30 17:33:09,438 -                train: [    INFO] - Train: 198 [ 200/391 ( 51%)]  Loss: 4.516 (4.56)  Loss_cat: 0.5954 (0.603)  Loss_feat: 2.638 (2.66)  Loss_gt: 1.283 (1.29) LR: 5.000e-05
2025-08-30 17:34:15,492 -                train: [    INFO] - Train: 198 [ 390/391 (100%)]  Loss: 4.601 (4.56)  Loss_cat: 0.6123 (0.604)  Loss_feat: 2.702 (2.66)  Loss_gt: 1.286 (1.29) LR: 5.000e-05
2025-08-30 17:34:16,088 -                train: [    INFO] - Test: [   0/39]  Time: 0.535 (0.535)  Loss:  0.8048 (0.8048)  Acc@1: 80.4688 (80.4688)  Acc@5: 94.1406 (94.1406)
2025-08-30 17:34:33,402 -                train: [    INFO] - Test: [  39/39]  Time: 0.022 (0.446)  Loss:  1.6048 (1.1356)  Acc@1: 62.5000 (72.7000)  Acc@5: 87.5000 (90.5300)
2025-08-30 17:34:34,823 -                train: [    INFO] - Train: 199 [   0/391 (  0%)]  Loss: 4.543 (4.54)  Loss_cat: 0.6020 (0.602)  Loss_feat: 2.604 (2.60)  Loss_gt: 1.337 (1.34) LR: 5.000e-05
2025-08-30 17:35:44,513 -                train: [    INFO] - Train: 199 [ 200/391 ( 51%)]  Loss: 4.554 (4.50)  Loss_cat: 0.5866 (0.602)  Loss_feat: 2.590 (2.61)  Loss_gt: 1.377 (1.29) LR: 5.000e-05
2025-08-30 17:36:50,591 -                train: [    INFO] - Train: 199 [ 390/391 (100%)]  Loss: 4.581 (4.50)  Loss_cat: 0.6142 (0.602)  Loss_feat: 2.626 (2.61)  Loss_gt: 1.341 (1.29) LR: 5.000e-05
2025-08-30 17:36:51,185 -                train: [    INFO] - Test: [   0/39]  Time: 0.541 (0.541)  Loss:  0.8238 (0.8238)  Acc@1: 79.2969 (79.2969)  Acc@5: 94.9219 (94.9219)
2025-08-30 17:37:08,257 -                train: [    INFO] - Test: [  39/39]  Time: 0.022 (0.440)  Loss:  1.6261 (1.1357)  Acc@1: 62.5000 (72.8700)  Acc@5: 87.5000 (90.3800)
2025-08-30 17:37:08,566 - timm.utils.checkpoint_saver: [    INFO] - Current checkpoints:
 ('./output/train/20250830-085552-resnet18_vcaV2-224/checkpoint/checkpoint-197.pth.tar', 72.92)
 ('./output/train/20250830-085552-resnet18_vcaV2-224/checkpoint/checkpoint-199.pth.tar', 72.87)
 ('./output/train/20250830-085552-resnet18_vcaV2-224/checkpoint/checkpoint-189.pth.tar', 72.84)
 ('./output/train/20250830-085552-resnet18_vcaV2-224/checkpoint/checkpoint-193.pth.tar', 72.84)
 ('./output/train/20250830-085552-resnet18_vcaV2-224/checkpoint/checkpoint-196.pth.tar', 72.8)
 ('./output/train/20250830-085552-resnet18_vcaV2-224/checkpoint/checkpoint-183.pth.tar', 72.79)
 ('./output/train/20250830-085552-resnet18_vcaV2-224/checkpoint/checkpoint-185.pth.tar', 72.77)
 ('./output/train/20250830-085552-resnet18_vcaV2-224/checkpoint/checkpoint-174.pth.tar', 72.76)
 ('./output/train/20250830-085552-resnet18_vcaV2-224/checkpoint/checkpoint-181.pth.tar', 72.76)
 ('./output/train/20250830-085552-resnet18_vcaV2-224/checkpoint/checkpoint-190.pth.tar', 72.76)

2025-08-30 17:37:08,569 -                train: [    INFO] - *** Best metric: 72.92 (epoch 197)
