2025-09-01 18:44:19,418 -                train: [    INFO] - Training in distributed mode with multiple processes, 1 GPU per process. Process 1, total 4.
2025-09-01 18:44:19,418 -                train: [    INFO] - Training in distributed mode with multiple processes, 1 GPU per process. Process 3, total 4.
2025-09-01 18:44:19,418 -                train: [    INFO] - Training in distributed mode with multiple processes, 1 GPU per process. Process 2, total 4.
2025-09-01 18:44:19,418 -                train: [    INFO] - Training in distributed mode with multiple processes, 1 GPU per process. Process 0, total 4.
2025-09-01 18:44:20,059 -  timm.models.helpers: [    INFO] - Loaded model from checkpoint '/nfs4/wangyb/projects/OFAKD/teacher_checkpoint/swin_tiny_patch4_window7_224.pth'
2025-09-01 18:44:20,059 -  timm.models.helpers: [    INFO] - Loaded model from checkpoint '/nfs4/wangyb/projects/OFAKD/teacher_checkpoint/swin_tiny_patch4_window7_224.pth'
2025-09-01 18:44:20,059 -  timm.models.helpers: [    INFO] - Loaded model from checkpoint '/nfs4/wangyb/projects/OFAKD/teacher_checkpoint/swin_tiny_patch4_window7_224.pth'
2025-09-01 18:44:20,059 -  timm.models.helpers: [    INFO] - Loaded model from checkpoint '/nfs4/wangyb/projects/OFAKD/teacher_checkpoint/swin_tiny_patch4_window7_224.pth'
2025-09-01 18:44:20,094 -                train: [    INFO] - Model mobilenetv2_vcaV2 created, param count:5745384
2025-09-01 18:44:20,094 -     timm.data.config: [    INFO] - Data processing configuration for current model + dataset:
2025-09-01 18:44:20,096 -     timm.data.config: [    INFO] - 	input_size: (3, 224, 224)
2025-09-01 18:44:20,096 -     timm.data.config: [    INFO] - 	interpolation: bicubic
2025-09-01 18:44:20,096 -     timm.data.config: [    INFO] - 	mean: (0.485, 0.456, 0.406)
2025-09-01 18:44:20,097 -     timm.data.config: [    INFO] - 	std: (0.229, 0.224, 0.225)
2025-09-01 18:44:20,097 -     timm.data.config: [    INFO] - 	crop_pct: 0.95
2025-09-01 18:44:20,101 -                train: [    INFO] - Converted model to use Synchronized BatchNorm. WARNING: You may have issues if using zero initialized BN layers (enabled by default for ResNets) while sync-bn enabled.
2025-09-01 18:44:33,987 -                train: [    INFO] - 
-------------------------------
Learnable parameters
Student: 5.75M
Extra: 0.00M
-------------------------------
2025-09-01 18:44:33,990 -                train: [    INFO] - AMP not enabled. Training in float32.
2025-09-01 18:47:13,189 -                train: [    INFO] - Training in distributed mode with multiple processes, 1 GPU per process. Process 0, total 4.
2025-09-01 18:47:13,189 -                train: [    INFO] - Training in distributed mode with multiple processes, 1 GPU per process. Process 1, total 4.
2025-09-01 18:47:13,189 -                train: [    INFO] - Training in distributed mode with multiple processes, 1 GPU per process. Process 2, total 4.
2025-09-01 18:47:13,189 -                train: [    INFO] - Training in distributed mode with multiple processes, 1 GPU per process. Process 3, total 4.
2025-09-01 18:47:13,603 -  timm.models.helpers: [    INFO] - Loaded model from checkpoint '/nfs4/wangyb/projects/OFAKD/teacher_checkpoint/swin_tiny_patch4_window7_224.pth'
2025-09-01 18:47:13,603 -  timm.models.helpers: [    INFO] - Loaded model from checkpoint '/nfs4/wangyb/projects/OFAKD/teacher_checkpoint/swin_tiny_patch4_window7_224.pth'
2025-09-01 18:47:13,617 -  timm.models.helpers: [    INFO] - Loaded model from checkpoint '/nfs4/wangyb/projects/OFAKD/teacher_checkpoint/swin_tiny_patch4_window7_224.pth'
2025-09-01 18:47:13,618 -  timm.models.helpers: [    INFO] - Loaded model from checkpoint '/nfs4/wangyb/projects/OFAKD/teacher_checkpoint/swin_tiny_patch4_window7_224.pth'
2025-09-01 18:47:13,637 -                train: [    INFO] - Model mobilenetv2_vcaV2 created, param count:5745384
2025-09-01 18:47:13,637 -     timm.data.config: [    INFO] - Data processing configuration for current model + dataset:
2025-09-01 18:47:13,638 -     timm.data.config: [    INFO] - 	input_size: (3, 224, 224)
2025-09-01 18:47:13,638 -     timm.data.config: [    INFO] - 	interpolation: bicubic
2025-09-01 18:47:13,638 -     timm.data.config: [    INFO] - 	mean: (0.485, 0.456, 0.406)
2025-09-01 18:47:13,638 -     timm.data.config: [    INFO] - 	std: (0.229, 0.224, 0.225)
2025-09-01 18:47:13,640 -     timm.data.config: [    INFO] - 	crop_pct: 0.95
2025-09-01 18:47:13,644 -                train: [    INFO] - Converted model to use Synchronized BatchNorm. WARNING: You may have issues if using zero initialized BN layers (enabled by default for ResNets) while sync-bn enabled.
2025-09-01 18:47:22,820 -                train: [    INFO] - 
-------------------------------
Learnable parameters
Student: 5.75M
Extra: 0.00M
-------------------------------
2025-09-01 18:47:22,822 -                train: [    INFO] - AMP not enabled. Training in float32.
2025-09-01 18:47:22,842 -                train: [    INFO] - Using native Torch DistributedDataParallel.
2025-09-01 18:47:23,412 -                train: [    INFO] - Scheduled epochs: 100
2025-09-01 18:47:28,954 -                train: [    INFO] - Train: 0 [   0/2502 (  0%)]  Loss: 62.00 (62.0)  Loss_cat: 0.7999 (0.800)  Loss_feat: 49.87 (49.9)  Loss_gt: 6.918 (6.92)  Loss_kd: 4.414 (4.41) LR: 1.000e-06
2025-09-01 18:48:18,765 -                train: [    INFO] - Train: 0 [ 200/2502 (  8%)]  Loss: 62.36 (62.2)  Loss_cat: 0.8000 (0.800)  Loss_feat: 49.81 (49.8)  Loss_gt: 6.915 (6.92)  Loss_kd: 4.833 (4.62) LR: 1.000e-06
2025-09-01 18:49:08,703 -                train: [    INFO] - Train: 0 [ 400/2502 ( 16%)]  Loss: 62.41 (62.3)  Loss_cat: 0.7991 (0.800)  Loss_feat: 49.78 (49.8)  Loss_gt: 6.911 (6.91)  Loss_kd: 4.923 (4.72) LR: 1.000e-06
2025-09-01 18:49:58,518 -                train: [    INFO] - Train: 0 [ 600/2502 ( 24%)]  Loss: 62.17 (62.2)  Loss_cat: 0.7989 (0.799)  Loss_feat: 49.82 (49.8)  Loss_gt: 6.913 (6.91)  Loss_kd: 4.646 (4.70) LR: 1.000e-06
2025-09-01 18:50:48,454 -                train: [    INFO] - Train: 0 [ 800/2502 ( 32%)]  Loss: 61.90 (62.2)  Loss_cat: 0.8001 (0.800)  Loss_feat: 49.87 (49.8)  Loss_gt: 6.922 (6.92)  Loss_kd: 4.310 (4.63) LR: 1.000e-06
2025-09-01 18:51:38,141 -                train: [    INFO] - Train: 0 [1000/2502 ( 40%)]  Loss: 62.06 (62.2)  Loss_cat: 0.7993 (0.800)  Loss_feat: 49.87 (49.8)  Loss_gt: 6.918 (6.92)  Loss_kd: 4.471 (4.60) LR: 1.000e-06
2025-09-01 18:52:28,595 -                train: [    INFO] - Train: 0 [1200/2502 ( 48%)]  Loss: 62.27 (62.2)  Loss_cat: 0.7986 (0.799)  Loss_feat: 49.80 (49.8)  Loss_gt: 6.914 (6.92)  Loss_kd: 4.758 (4.62) LR: 1.000e-06
2025-09-01 18:53:18,709 -                train: [    INFO] - Train: 0 [1400/2502 ( 56%)]  Loss: 62.21 (62.2)  Loss_cat: 0.7996 (0.799)  Loss_feat: 49.83 (49.8)  Loss_gt: 6.913 (6.92)  Loss_kd: 4.664 (4.63) LR: 1.000e-06
2025-09-01 18:54:09,023 -                train: [    INFO] - Train: 0 [1600/2502 ( 64%)]  Loss: 62.20 (62.2)  Loss_cat: 0.8000 (0.799)  Loss_feat: 49.84 (49.8)  Loss_gt: 6.917 (6.92)  Loss_kd: 4.649 (4.63) LR: 1.000e-06
2025-09-01 18:54:59,984 -                train: [    INFO] - Train: 0 [1800/2502 ( 72%)]  Loss: 62.35 (62.2)  Loss_cat: 0.7993 (0.799)  Loss_feat: 49.78 (49.8)  Loss_gt: 6.914 (6.92)  Loss_kd: 4.857 (4.65) LR: 1.000e-06
2025-09-01 18:55:50,166 -                train: [    INFO] - Train: 0 [2000/2502 ( 80%)]  Loss: 62.01 (62.2)  Loss_cat: 0.7990 (0.799)  Loss_feat: 49.86 (49.8)  Loss_gt: 6.918 (6.92)  Loss_kd: 4.434 (4.63) LR: 1.000e-06
2025-09-01 18:56:40,288 -                train: [    INFO] - Train: 0 [2200/2502 ( 88%)]  Loss: 62.26 (62.2)  Loss_cat: 0.7977 (0.799)  Loss_feat: 49.81 (49.8)  Loss_gt: 6.907 (6.91)  Loss_kd: 4.744 (4.64) LR: 1.000e-06
2025-09-01 18:57:30,710 -                train: [    INFO] - Train: 0 [2400/2502 ( 96%)]  Loss: 62.41 (62.2)  Loss_cat: 0.7982 (0.799)  Loss_feat: 49.80 (49.8)  Loss_gt: 6.919 (6.92)  Loss_kd: 4.894 (4.66) LR: 1.000e-06
2025-09-01 18:57:56,336 -                train: [    INFO] - Train: 0 [2501/2502 (100%)]  Loss: 62.18 (62.2)  Loss_cat: 0.7979 (0.799)  Loss_feat: 49.79 (49.8)  Loss_gt: 6.914 (6.92)  Loss_kd: 4.674 (4.66) LR: 1.000e-06
2025-09-01 18:57:56,336 -                train: [    INFO] - Distributing BatchNorm running means and vars
2025-09-01 18:57:58,515 -                train: [    INFO] - Test: [   0/97]  Time: 2.173 (2.173)  Loss:  6.9853 (6.9853)  Acc@1:  0.0000 ( 0.0000)  Acc@5:  0.0000 ( 0.0000)
2025-09-01 18:58:15,557 -                train: [    INFO] - Test: [  97/97]  Time: 0.208 (0.196)  Loss:  6.9549 (6.9140)  Acc@1:  0.0000 ( 0.0880)  Acc@5:  0.0000 ( 0.4280)
2025-09-01 18:58:15,734 - timm.utils.checkpoint_saver: [    INFO] - Current checkpoints:
 ('./output/train/20250901-184723-mobilenetv2_vcaV2-224/checkpoint/checkpoint-0.pth.tar', 0.088)

2025-09-01 18:58:17,176 -                train: [    INFO] - Test (EMA 0.99990): [   0/97]  Time: 1.436 (1.436)  Loss:  6.9050 (6.9050)  Acc@1:  0.0000 ( 0.0000)  Acc@5:  0.0000 ( 0.0000)
2025-09-01 18:58:31,711 -                train: [    INFO] - Test (EMA 0.99990): [  97/97]  Time: 0.014 (0.163)  Loss:  6.9228 (6.9080)  Acc@1:  0.0000 ( 0.1000)  Acc@5:  0.0000 ( 0.5000)
2025-09-01 18:58:31,984 - timm.utils.checkpoint_saver: [    INFO] - Current checkpoints:
 ('./output/train/20250901-184723-mobilenetv2_vcaV2-224/ema0.9999_checkpoint/checkpoint-0.pth.tar', 0.1)

2025-09-01 18:58:34,152 -                train: [    INFO] - Train: 1 [   0/2502 (  0%)]  Loss: 62.37 (62.4)  Loss_cat: 0.7984 (0.798)  Loss_feat: 49.74 (49.7)  Loss_gt: 6.922 (6.92)  Loss_kd: 4.910 (4.91) LR: 6.667e-02
2025-09-01 18:59:24,079 -                train: [    INFO] - Train: 1 [ 200/2502 (  8%)]  Loss: 57.18 (59.8)  Loss_cat: 0.7098 (0.754)  Loss_feat: 45.50 (47.6)  Loss_gt: 6.711 (6.82)  Loss_kd: 4.260 (4.59) LR: 6.667e-02
2025-09-01 19:00:14,411 -                train: [    INFO] - Train: 1 [ 400/2502 ( 16%)]  Loss: 55.80 (58.5)  Loss_cat: 0.6828 (0.730)  Loss_feat: 44.77 (46.7)  Loss_gt: 6.366 (6.67)  Loss_kd: 3.987 (4.39) LR: 6.667e-02
2025-09-01 19:01:04,436 -                train: [    INFO] - Train: 1 [ 600/2502 ( 24%)]  Loss: 54.21 (57.4)  Loss_cat: 0.6784 (0.717)  Loss_feat: 43.65 (45.9)  Loss_gt: 5.964 (6.49)  Loss_kd: 3.921 (4.27) LR: 6.667e-02
2025-09-01 19:01:54,000 -                train: [    INFO] - Train: 1 [ 800/2502 ( 32%)]  Loss: 54.04 (56.7)  Loss_cat: 0.6475 (0.703)  Loss_feat: 43.80 (45.5)  Loss_gt: 5.978 (6.39)  Loss_kd: 3.621 (4.14) LR: 6.667e-02
2025-09-01 19:02:44,025 -                train: [    INFO] - Train: 1 [1000/2502 ( 40%)]  Loss: 52.54 (56.0)  Loss_cat: 0.6467 (0.694)  Loss_feat: 42.76 (45.0)  Loss_gt: 5.565 (6.25)  Loss_kd: 3.571 (4.05) LR: 6.667e-02
2025-09-01 19:03:34,383 -                train: [    INFO] - Train: 1 [1200/2502 ( 48%)]  Loss: 51.50 (55.4)  Loss_cat: 0.6536 (0.688)  Loss_feat: 42.22 (44.6)  Loss_gt: 5.261 (6.11)  Loss_kd: 3.366 (3.95) LR: 6.667e-02
2025-09-01 19:04:24,537 -                train: [    INFO] - Train: 1 [1400/2502 ( 56%)]  Loss: 52.30 (55.0)  Loss_cat: 0.6500 (0.683)  Loss_feat: 43.03 (44.4)  Loss_gt: 5.396 (6.02)  Loss_kd: 3.216 (3.86) LR: 6.667e-02
2025-09-01 19:05:14,225 -                train: [    INFO] - Train: 1 [1600/2502 ( 64%)]  Loss: 51.35 (54.6)  Loss_cat: 0.6437 (0.679)  Loss_feat: 42.53 (44.2)  Loss_gt: 5.044 (5.91)  Loss_kd: 3.135 (3.78) LR: 6.667e-02
2025-09-01 19:06:04,565 -                train: [    INFO] - Train: 1 [1800/2502 ( 72%)]  Loss: 51.34 (54.3)  Loss_cat: 0.6244 (0.674)  Loss_feat: 42.23 (44.0)  Loss_gt: 5.303 (5.85)  Loss_kd: 3.190 (3.72) LR: 6.667e-02
2025-09-01 19:06:54,807 -                train: [    INFO] - Train: 1 [2000/2502 ( 80%)]  Loss: 49.20 (53.8)  Loss_cat: 0.6074 (0.668)  Loss_feat: 40.99 (43.7)  Loss_gt: 4.696 (5.75)  Loss_kd: 2.904 (3.64) LR: 6.667e-02
2025-09-01 19:07:44,945 -                train: [    INFO] - Train: 1 [2200/2502 ( 88%)]  Loss: 50.21 (53.5)  Loss_cat: 0.5999 (0.662)  Loss_feat: 41.75 (43.6)  Loss_gt: 4.991 (5.68)  Loss_kd: 2.869 (3.58) LR: 6.667e-02
2025-09-01 19:08:35,412 -                train: [    INFO] - Train: 1 [2400/2502 ( 96%)]  Loss: 50.65 (53.3)  Loss_cat: 0.6137 (0.658)  Loss_feat: 42.15 (43.5)  Loss_gt: 5.053 (5.63)  Loss_kd: 2.826 (3.52) LR: 6.667e-02
2025-09-01 19:09:00,675 -                train: [    INFO] - Train: 1 [2501/2502 (100%)]  Loss: 49.69 (53.0)  Loss_cat: 0.6089 (0.655)  Loss_feat: 41.58 (43.3)  Loss_gt: 4.771 (5.57)  Loss_kd: 2.727 (3.46) LR: 6.667e-02
2025-09-01 19:09:00,675 -                train: [    INFO] - Distributing BatchNorm running means and vars
2025-09-01 19:09:02,399 -                train: [    INFO] - Test: [   0/97]  Time: 1.718 (1.718)  Loss:  3.3066 (3.3066)  Acc@1: 30.2734 (30.2734)  Acc@5: 61.7188 (61.7188)
2025-09-01 19:09:19,260 -                train: [    INFO] - Test: [  97/97]  Time: 0.014 (0.190)  Loss:  3.6402 (3.7300)  Acc@1: 31.5476 (24.0780)  Acc@5: 54.4643 (48.7660)
2025-09-01 19:09:19,540 - timm.utils.checkpoint_saver: [    INFO] - Current checkpoints:
 ('./output/train/20250901-184723-mobilenetv2_vcaV2-224/checkpoint/checkpoint-1.pth.tar', 24.077999998779298)
 ('./output/train/20250901-184723-mobilenetv2_vcaV2-224/checkpoint/checkpoint-0.pth.tar', 0.088)

2025-09-01 19:09:20,949 -                train: [    INFO] - Test (EMA 0.99990): [   0/97]  Time: 1.404 (1.404)  Loss:  6.9147 (6.9147)  Acc@1:  0.0000 ( 0.0000)  Acc@5:  0.0000 ( 0.0000)
2025-09-01 19:09:35,632 -                train: [    INFO] - Test (EMA 0.99990): [  97/97]  Time: 0.014 (0.164)  Loss:  6.9037 (6.9088)  Acc@1:  0.0000 ( 0.1000)  Acc@5:  0.0000 ( 0.5000)
2025-09-01 19:09:36,174 - timm.utils.checkpoint_saver: [    INFO] - Current checkpoints:
 ('./output/train/20250901-184723-mobilenetv2_vcaV2-224/ema0.9999_checkpoint/checkpoint-0.pth.tar', 0.1)
 ('./output/train/20250901-184723-mobilenetv2_vcaV2-224/ema0.9999_checkpoint/checkpoint-1.pth.tar', 0.1)

2025-09-01 19:09:38,210 -                train: [    INFO] - Train: 2 [   0/2502 (  0%)]  Loss: 51.95 (52.0)  Loss_cat: 0.6085 (0.609)  Loss_feat: 43.11 (43.1)  Loss_gt: 5.390 (5.39)  Loss_kd: 2.846 (2.85) LR: 1.333e-01
2025-09-01 19:10:28,254 -                train: [    INFO] - Train: 2 [ 200/2502 (  8%)]  Loss: 48.48 (50.2)  Loss_cat: 0.5871 (0.598)  Loss_feat: 40.42 (41.8)  Loss_gt: 4.587 (4.99)  Loss_kd: 2.894 (2.87) LR: 1.333e-01
2025-09-01 19:11:17,994 -                train: [    INFO] - Train: 2 [ 400/2502 ( 16%)]  Loss: 49.31 (49.9)  Loss_cat: 0.5963 (0.597)  Loss_feat: 41.13 (41.6)  Loss_gt: 4.787 (4.92)  Loss_kd: 2.789 (2.84) LR: 1.333e-01
2025-09-01 19:12:07,853 -                train: [    INFO] - Train: 2 [ 600/2502 ( 24%)]  Loss: 51.01 (50.2)  Loss_cat: 0.5993 (0.598)  Loss_feat: 42.56 (41.8)  Loss_gt: 5.137 (4.98)  Loss_kd: 2.713 (2.81) LR: 1.333e-01
2025-09-01 19:12:59,118 -                train: [    INFO] - Train: 2 [ 800/2502 ( 32%)]  Loss: 48.47 (49.8)  Loss_cat: 0.5685 (0.592)  Loss_feat: 40.67 (41.6)  Loss_gt: 4.650 (4.91)  Loss_kd: 2.581 (2.76) LR: 1.333e-01
2025-09-01 19:13:49,492 -                train: [    INFO] - Train: 2 [1000/2502 ( 40%)]  Loss: 49.31 (49.8)  Loss_cat: 0.5801 (0.590)  Loss_feat: 41.21 (41.5)  Loss_gt: 4.812 (4.89)  Loss_kd: 2.712 (2.76) LR: 1.333e-01
2025-09-01 19:14:39,100 -                train: [    INFO] - Train: 2 [1200/2502 ( 48%)]  Loss: 49.64 (49.7)  Loss_cat: 0.5729 (0.588)  Loss_feat: 41.42 (41.5)  Loss_gt: 4.998 (4.91)  Loss_kd: 2.647 (2.74) LR: 1.333e-01
2025-09-01 19:15:29,415 -                train: [    INFO] - Train: 2 [1400/2502 ( 56%)]  Loss: 47.41 (49.4)  Loss_cat: 0.5467 (0.582)  Loss_feat: 40.08 (41.3)  Loss_gt: 4.346 (4.84)  Loss_kd: 2.441 (2.70) LR: 1.333e-01
2025-09-01 19:16:19,533 -                train: [    INFO] - Train: 2 [1600/2502 ( 64%)]  Loss: 46.46 (49.1)  Loss_cat: 0.5468 (0.578)  Loss_feat: 39.61 (41.1)  Loss_gt: 4.093 (4.76)  Loss_kd: 2.213 (2.65) LR: 1.333e-01
2025-09-01 19:17:09,465 -                train: [    INFO] - Train: 2 [1800/2502 ( 72%)]  Loss: 47.54 (49.0)  Loss_cat: 0.5511 (0.576)  Loss_feat: 40.13 (41.0)  Loss_gt: 4.483 (4.73)  Loss_kd: 2.372 (2.62) LR: 1.333e-01
2025-09-01 19:17:59,876 -                train: [    INFO] - Train: 2 [2000/2502 ( 80%)]  Loss: 47.28 (48.8)  Loss_cat: 0.5526 (0.574)  Loss_feat: 40.23 (41.0)  Loss_gt: 4.267 (4.69)  Loss_kd: 2.238 (2.59) LR: 1.333e-01
2025-09-01 19:18:49,609 -                train: [    INFO] - Train: 2 [2200/2502 ( 88%)]  Loss: 47.21 (48.7)  Loss_cat: 0.5629 (0.573)  Loss_feat: 40.14 (40.9)  Loss_gt: 4.206 (4.65)  Loss_kd: 2.300 (2.56) LR: 1.333e-01
2025-09-01 19:19:40,091 -                train: [    INFO] - Train: 2 [2400/2502 ( 96%)]  Loss: 44.88 (48.4)  Loss_cat: 0.5310 (0.570)  Loss_feat: 38.77 (40.7)  Loss_gt: 3.564 (4.56)  Loss_kd: 2.014 (2.52) LR: 1.333e-01
2025-09-01 19:20:05,031 -                train: [    INFO] - Train: 2 [2501/2502 (100%)]  Loss: 47.94 (48.4)  Loss_cat: 0.5511 (0.568)  Loss_feat: 40.55 (40.7)  Loss_gt: 4.557 (4.56)  Loss_kd: 2.287 (2.50) LR: 1.333e-01
2025-09-01 19:20:05,031 -                train: [    INFO] - Distributing BatchNorm running means and vars
2025-09-01 19:20:06,768 -                train: [    INFO] - Test: [   0/97]  Time: 1.731 (1.731)  Loss:  2.3128 (2.3128)  Acc@1: 46.8750 (46.8750)  Acc@5: 77.1484 (77.1484)
2025-09-01 19:20:24,249 -                train: [    INFO] - Test: [  97/97]  Time: 0.014 (0.196)  Loss:  2.5042 (2.8197)  Acc@1: 47.9167 (37.9380)  Acc@5: 71.1310 (65.8840)
2025-09-01 19:20:24,499 - timm.utils.checkpoint_saver: [    INFO] - Current checkpoints:
 ('./output/train/20250901-184723-mobilenetv2_vcaV2-224/checkpoint/checkpoint-2.pth.tar', 37.938000008544925)
 ('./output/train/20250901-184723-mobilenetv2_vcaV2-224/checkpoint/checkpoint-1.pth.tar', 24.077999998779298)
 ('./output/train/20250901-184723-mobilenetv2_vcaV2-224/checkpoint/checkpoint-0.pth.tar', 0.088)

2025-09-01 19:20:25,802 -                train: [    INFO] - Test (EMA 0.99990): [   0/97]  Time: 1.298 (1.298)  Loss:  6.9193 (6.9193)  Acc@1:  0.0000 ( 0.0000)  Acc@5:  0.0000 ( 0.0000)
2025-09-01 19:20:40,652 -                train: [    INFO] - Test (EMA 0.99990): [  97/97]  Time: 0.014 (0.165)  Loss:  6.8723 (6.9156)  Acc@1:  0.0000 ( 0.1000)  Acc@5:  0.0000 ( 0.5000)
2025-09-01 19:20:40,838 - timm.utils.checkpoint_saver: [    INFO] - Current checkpoints:
 ('./output/train/20250901-184723-mobilenetv2_vcaV2-224/ema0.9999_checkpoint/checkpoint-0.pth.tar', 0.1)
 ('./output/train/20250901-184723-mobilenetv2_vcaV2-224/ema0.9999_checkpoint/checkpoint-1.pth.tar', 0.1)
 ('./output/train/20250901-184723-mobilenetv2_vcaV2-224/ema0.9999_checkpoint/checkpoint-2.pth.tar', 0.1)

2025-09-01 19:20:43,122 -                train: [    INFO] - Train: 3 [   0/2502 (  0%)]  Loss: 46.99 (47.0)  Loss_cat: 0.5448 (0.545)  Loss_feat: 39.93 (39.9)  Loss_gt: 4.237 (4.24)  Loss_kd: 2.282 (2.28) LR: 1.996e-01
2025-09-01 19:21:33,646 -                train: [    INFO] - Train: 3 [ 200/2502 (  8%)]  Loss: 47.92 (47.5)  Loss_cat: 0.5499 (0.547)  Loss_feat: 40.53 (40.2)  Loss_gt: 4.523 (4.38)  Loss_kd: 2.314 (2.30) LR: 1.996e-01
2025-09-01 19:22:23,409 -                train: [    INFO] - Train: 3 [ 400/2502 ( 16%)]  Loss: 48.65 (47.9)  Loss_cat: 0.5609 (0.552)  Loss_feat: 41.01 (40.5)  Loss_gt: 4.734 (4.50)  Loss_kd: 2.347 (2.31) LR: 1.996e-01
2025-09-01 19:23:13,911 -                train: [    INFO] - Train: 3 [ 600/2502 ( 24%)]  Loss: 47.21 (47.7)  Loss_cat: 0.5425 (0.550)  Loss_feat: 40.13 (40.4)  Loss_gt: 4.331 (4.46)  Loss_kd: 2.207 (2.29) LR: 1.996e-01
2025-09-01 19:24:04,167 -                train: [    INFO] - Train: 3 [ 800/2502 ( 32%)]  Loss: 44.36 (47.0)  Loss_cat: 0.5140 (0.542)  Loss_feat: 38.26 (40.0)  Loss_gt: 3.545 (4.27)  Loss_kd: 2.040 (2.24) LR: 1.996e-01
2025-09-01 19:24:53,871 -                train: [    INFO] - Train: 3 [1000/2502 ( 40%)]  Loss: 47.83 (47.2)  Loss_cat: 0.5605 (0.545)  Loss_feat: 40.69 (40.1)  Loss_gt: 4.373 (4.29)  Loss_kd: 2.201 (2.23) LR: 1.996e-01
2025-09-01 19:25:44,845 -                train: [    INFO] - Train: 3 [1200/2502 ( 48%)]  Loss: 49.12 (47.4)  Loss_cat: 0.5458 (0.546)  Loss_feat: 41.46 (40.3)  Loss_gt: 4.881 (4.37)  Loss_kd: 2.237 (2.23) LR: 1.996e-01
2025-09-01 19:26:35,044 -                train: [    INFO] - Train: 3 [1400/2502 ( 56%)]  Loss: 47.81 (47.5)  Loss_cat: 0.5424 (0.545)  Loss_feat: 40.55 (40.3)  Loss_gt: 4.540 (4.40)  Loss_kd: 2.188 (2.23) LR: 1.996e-01
2025-09-01 19:27:24,980 -                train: [    INFO] - Train: 3 [1600/2502 ( 64%)]  Loss: 45.68 (47.3)  Loss_cat: 0.5239 (0.543)  Loss_feat: 39.19 (40.2)  Loss_gt: 3.971 (4.35)  Loss_kd: 1.998 (2.20) LR: 1.996e-01
2025-09-01 19:28:15,732 -                train: [    INFO] - Train: 3 [1800/2502 ( 72%)]  Loss: 45.87 (47.1)  Loss_cat: 0.5278 (0.541)  Loss_feat: 39.30 (40.1)  Loss_gt: 4.017 (4.32)  Loss_kd: 2.021 (2.18) LR: 1.996e-01
2025-09-01 19:29:05,661 -                train: [    INFO] - Train: 3 [2000/2502 ( 80%)]  Loss: 44.71 (46.9)  Loss_cat: 0.5076 (0.538)  Loss_feat: 38.52 (40.0)  Loss_gt: 3.796 (4.27)  Loss_kd: 1.883 (2.16) LR: 1.996e-01
2025-09-01 19:29:56,034 -                train: [    INFO] - Train: 3 [2200/2502 ( 88%)]  Loss: 43.03 (46.6)  Loss_cat: 0.4859 (0.534)  Loss_feat: 37.36 (39.7)  Loss_gt: 3.368 (4.19)  Loss_kd: 1.815 (2.13) LR: 1.996e-01
2025-09-01 19:30:46,409 -                train: [    INFO] - Train: 3 [2400/2502 ( 96%)]  Loss: 43.13 (46.3)  Loss_cat: 0.4942 (0.531)  Loss_feat: 37.54 (39.6)  Loss_gt: 3.249 (4.12)  Loss_kd: 1.847 (2.11) LR: 1.996e-01
2025-09-01 19:31:11,362 -                train: [    INFO] - Train: 3 [2501/2502 (100%)]  Loss: 45.30 (46.3)  Loss_cat: 0.5267 (0.531)  Loss_feat: 39.00 (39.5)  Loss_gt: 3.830 (4.10)  Loss_kd: 1.939 (2.09) LR: 1.996e-01
2025-09-01 19:31:11,363 -                train: [    INFO] - Distributing BatchNorm running means and vars
2025-09-01 19:31:12,959 -                train: [    INFO] - Test: [   0/97]  Time: 1.591 (1.591)  Loss:  2.3888 (2.3888)  Acc@1: 48.2422 (48.2422)  Acc@5: 76.3672 (76.3672)
2025-09-01 19:31:30,030 -                train: [    INFO] - Test: [  97/97]  Time: 0.014 (0.190)  Loss:  2.7230 (2.8658)  Acc@1: 44.3452 (38.4700)  Acc@5: 66.6667 (65.6120)
2025-09-01 19:31:30,339 - timm.utils.checkpoint_saver: [    INFO] - Current checkpoints:
 ('./output/train/20250901-184723-mobilenetv2_vcaV2-224/checkpoint/checkpoint-3.pth.tar', 38.47000002319336)
 ('./output/train/20250901-184723-mobilenetv2_vcaV2-224/checkpoint/checkpoint-2.pth.tar', 37.938000008544925)
 ('./output/train/20250901-184723-mobilenetv2_vcaV2-224/checkpoint/checkpoint-1.pth.tar', 24.077999998779298)
 ('./output/train/20250901-184723-mobilenetv2_vcaV2-224/checkpoint/checkpoint-0.pth.tar', 0.088)

2025-09-01 19:31:31,770 -                train: [    INFO] - Test (EMA 0.99990): [   0/97]  Time: 1.424 (1.424)  Loss:  6.8813 (6.8813)  Acc@1:  0.0000 ( 0.0000)  Acc@5:  0.0000 ( 0.0000)
2025-09-01 19:31:46,522 -                train: [    INFO] - Test (EMA 0.99990): [  97/97]  Time: 0.014 (0.165)  Loss:  6.8642 (6.9271)  Acc@1:  0.0000 ( 0.1000)  Acc@5:  0.0000 ( 0.5000)
2025-09-01 19:31:46,706 - timm.utils.checkpoint_saver: [    INFO] - Current checkpoints:
 ('./output/train/20250901-184723-mobilenetv2_vcaV2-224/ema0.9999_checkpoint/checkpoint-0.pth.tar', 0.1)
 ('./output/train/20250901-184723-mobilenetv2_vcaV2-224/ema0.9999_checkpoint/checkpoint-1.pth.tar', 0.1)
 ('./output/train/20250901-184723-mobilenetv2_vcaV2-224/ema0.9999_checkpoint/checkpoint-2.pth.tar', 0.1)
 ('./output/train/20250901-184723-mobilenetv2_vcaV2-224/ema0.9999_checkpoint/checkpoint-3.pth.tar', 0.1)

2025-09-01 19:31:48,817 -                train: [    INFO] - Train: 4 [   0/2502 (  0%)]  Loss: 44.56 (44.6)  Loss_cat: 0.5032 (0.503)  Loss_feat: 38.40 (38.4)  Loss_gt: 3.749 (3.75)  Loss_kd: 1.912 (1.91) LR: 1.992e-01
2025-09-01 19:32:39,034 -                train: [    INFO] - Train: 4 [ 200/2502 (  8%)]  Loss: 48.80 (46.7)  Loss_cat: 0.5326 (0.518)  Loss_feat: 41.05 (39.7)  Loss_gt: 4.990 (4.37)  Loss_kd: 2.226 (2.07) LR: 1.992e-01
2025-09-01 19:33:29,359 -                train: [    INFO] - Train: 4 [ 400/2502 ( 16%)]  Loss: 44.98 (46.1)  Loss_cat: 0.5049 (0.514)  Loss_feat: 38.55 (39.3)  Loss_gt: 3.935 (4.22)  Loss_kd: 1.992 (2.04) LR: 1.992e-01
2025-09-01 19:34:19,145 -                train: [    INFO] - Train: 4 [ 600/2502 ( 24%)]  Loss: 45.84 (46.0)  Loss_cat: 0.5173 (0.514)  Loss_feat: 39.23 (39.3)  Loss_gt: 4.165 (4.21)  Loss_kd: 1.919 (2.01) LR: 1.992e-01
2025-09-01 19:35:09,663 -                train: [    INFO] - Train: 4 [ 800/2502 ( 32%)]  Loss: 44.72 (45.8)  Loss_cat: 0.5074 (0.513)  Loss_feat: 38.57 (39.2)  Loss_gt: 3.820 (4.13)  Loss_kd: 1.819 (1.97) LR: 1.992e-01
2025-09-01 19:36:00,148 -                train: [    INFO] - Train: 4 [1000/2502 ( 40%)]  Loss: 46.91 (46.0)  Loss_cat: 0.5178 (0.514)  Loss_feat: 39.88 (39.3)  Loss_gt: 4.438 (4.18)  Loss_kd: 2.072 (1.99) LR: 1.992e-01
2025-09-01 19:36:50,442 -                train: [    INFO] - Train: 4 [1200/2502 ( 48%)]  Loss: 44.60 (45.8)  Loss_cat: 0.5096 (0.513)  Loss_feat: 38.62 (39.2)  Loss_gt: 3.738 (4.12)  Loss_kd: 1.734 (1.95) LR: 1.992e-01
2025-09-01 19:37:40,299 -                train: [    INFO] - Train: 4 [1400/2502 ( 56%)]  Loss: 43.19 (45.4)  Loss_cat: 0.4793 (0.509)  Loss_feat: 37.47 (39.0)  Loss_gt: 3.409 (4.03)  Loss_kd: 1.825 (1.94) LR: 1.992e-01
2025-09-01 19:38:30,843 -                train: [    INFO] - Train: 4 [1600/2502 ( 64%)]  Loss: 47.38 (45.7)  Loss_cat: 0.5265 (0.511)  Loss_feat: 40.16 (39.1)  Loss_gt: 4.582 (4.09)  Loss_kd: 2.112 (1.96) LR: 1.992e-01
2025-09-01 19:39:21,360 -                train: [    INFO] - Train: 4 [1800/2502 ( 72%)]  Loss: 43.80 (45.5)  Loss_cat: 0.5041 (0.510)  Loss_feat: 38.17 (39.0)  Loss_gt: 3.440 (4.03)  Loss_kd: 1.683 (1.93) LR: 1.992e-01
2025-09-01 19:40:11,337 -                train: [    INFO] - Train: 4 [2000/2502 ( 80%)]  Loss: 45.67 (45.5)  Loss_cat: 0.5189 (0.511)  Loss_feat: 39.40 (39.0)  Loss_gt: 3.985 (4.02)  Loss_kd: 1.766 (1.91) LR: 1.992e-01
2025-09-01 19:41:02,043 -                train: [    INFO] - Train: 4 [2200/2502 ( 88%)]  Loss: 44.32 (45.4)  Loss_cat: 0.4937 (0.510)  Loss_feat: 38.33 (39.0)  Loss_gt: 3.765 (4.00)  Loss_kd: 1.732 (1.90) LR: 1.992e-01
2025-09-01 19:41:54,041 -                train: [    INFO] - Train: 4 [2400/2502 ( 96%)]  Loss: 41.56 (45.1)  Loss_cat: 0.4672 (0.506)  Loss_feat: 36.50 (38.8)  Loss_gt: 3.080 (3.93)  Loss_kd: 1.509 (1.87) LR: 1.992e-01
2025-09-01 19:42:19,481 -                train: [    INFO] - Train: 4 [2501/2502 (100%)]  Loss: 43.92 (45.0)  Loss_cat: 0.5001 (0.506)  Loss_feat: 38.15 (38.7)  Loss_gt: 3.562 (3.90)  Loss_kd: 1.704 (1.86) LR: 1.992e-01
2025-09-01 19:42:19,482 -                train: [    INFO] - Distributing BatchNorm running means and vars
2025-09-01 19:42:21,386 -                train: [    INFO] - Test: [   0/97]  Time: 1.899 (1.899)  Loss:  1.7724 (1.7724)  Acc@1: 59.7656 (59.7656)  Acc@5: 83.7891 (83.7891)
2025-09-01 19:42:37,608 -                train: [    INFO] - Test: [  97/97]  Time: 0.014 (0.185)  Loss:  1.9189 (2.3337)  Acc@1: 55.3571 (47.6460)  Acc@5: 80.9524 (74.7420)
2025-09-01 19:42:37,994 - timm.utils.checkpoint_saver: [    INFO] - Current checkpoints:
 ('./output/train/20250901-184723-mobilenetv2_vcaV2-224/checkpoint/checkpoint-4.pth.tar', 47.64600000366211)
 ('./output/train/20250901-184723-mobilenetv2_vcaV2-224/checkpoint/checkpoint-3.pth.tar', 38.47000002319336)
 ('./output/train/20250901-184723-mobilenetv2_vcaV2-224/checkpoint/checkpoint-2.pth.tar', 37.938000008544925)
 ('./output/train/20250901-184723-mobilenetv2_vcaV2-224/checkpoint/checkpoint-1.pth.tar', 24.077999998779298)
 ('./output/train/20250901-184723-mobilenetv2_vcaV2-224/checkpoint/checkpoint-0.pth.tar', 0.088)

2025-09-01 19:42:39,419 -                train: [    INFO] - Test (EMA 0.99990): [   0/97]  Time: 1.419 (1.419)  Loss:  6.7889 (6.7889)  Acc@1:  0.0000 ( 0.0000)  Acc@5:  0.0000 ( 0.0000)
2025-09-01 19:42:55,198 -                train: [    INFO] - Test (EMA 0.99990): [  97/97]  Time: 0.014 (0.175)  Loss:  6.8181 (6.9404)  Acc@1:  0.0000 ( 0.1000)  Acc@5:  0.0000 ( 0.5000)
2025-09-01 19:42:55,484 - timm.utils.checkpoint_saver: [    INFO] - Current checkpoints:
 ('./output/train/20250901-184723-mobilenetv2_vcaV2-224/ema0.9999_checkpoint/checkpoint-0.pth.tar', 0.1)
 ('./output/train/20250901-184723-mobilenetv2_vcaV2-224/ema0.9999_checkpoint/checkpoint-1.pth.tar', 0.1)
 ('./output/train/20250901-184723-mobilenetv2_vcaV2-224/ema0.9999_checkpoint/checkpoint-2.pth.tar', 0.1)
 ('./output/train/20250901-184723-mobilenetv2_vcaV2-224/ema0.9999_checkpoint/checkpoint-3.pth.tar', 0.1)
 ('./output/train/20250901-184723-mobilenetv2_vcaV2-224/ema0.9999_checkpoint/checkpoint-4.pth.tar', 0.1)

2025-09-01 19:42:57,013 -                train: [    INFO] - Train: 5 [   0/2502 (  0%)]  Loss: 45.12 (45.1)  Loss_cat: 0.5018 (0.502)  Loss_feat: 38.84 (38.8)  Loss_gt: 4.026 (4.03)  Loss_kd: 1.750 (1.75) LR: 1.988e-01
2025-09-01 19:43:47,593 -                train: [    INFO] - Train: 5 [ 200/2502 (  8%)]  Loss: 42.35 (43.7)  Loss_cat: 0.4765 (0.489)  Loss_feat: 37.14 (38.0)  Loss_gt: 3.171 (3.60)  Loss_kd: 1.563 (1.66) LR: 1.988e-01
2025-09-01 19:44:37,912 -                train: [    INFO] - Train: 5 [ 400/2502 ( 16%)]  Loss: 47.46 (45.0)  Loss_cat: 0.5182 (0.499)  Loss_feat: 40.23 (38.7)  Loss_gt: 4.663 (3.95)  Loss_kd: 2.044 (1.79) LR: 1.988e-01
2025-09-01 19:45:28,429 -                train: [    INFO] - Train: 5 [ 600/2502 ( 24%)]  Loss: 43.51 (44.6)  Loss_cat: 0.4887 (0.496)  Loss_feat: 37.83 (38.5)  Loss_gt: 3.498 (3.84)  Loss_kd: 1.692 (1.76) LR: 1.988e-01
2025-09-01 19:46:18,243 -                train: [    INFO] - Train: 5 [ 800/2502 ( 32%)]  Loss: 44.23 (44.5)  Loss_cat: 0.4967 (0.496)  Loss_feat: 38.17 (38.4)  Loss_gt: 3.785 (3.83)  Loss_kd: 1.776 (1.77) LR: 1.988e-01
2025-09-01 19:47:09,113 -                train: [    INFO] - Train: 5 [1000/2502 ( 40%)]  Loss: 44.70 (44.6)  Loss_cat: 0.4968 (0.496)  Loss_feat: 38.56 (38.5)  Loss_gt: 3.895 (3.84)  Loss_kd: 1.743 (1.76) LR: 1.988e-01
2025-09-01 19:47:59,052 -                train: [    INFO] - Train: 5 [1200/2502 ( 48%)]  Loss: 44.47 (44.5)  Loss_cat: 0.4936 (0.496)  Loss_feat: 38.36 (38.4)  Loss_gt: 3.855 (3.84)  Loss_kd: 1.753 (1.76) LR: 1.988e-01
2025-09-01 19:48:50,398 -                train: [    INFO] - Train: 5 [1400/2502 ( 56%)]  Loss: 43.44 (44.4)  Loss_cat: 0.4883 (0.495)  Loss_feat: 37.78 (38.4)  Loss_gt: 3.510 (3.80)  Loss_kd: 1.659 (1.75) LR: 1.988e-01
2025-09-01 19:49:40,486 -                train: [    INFO] - Train: 5 [1600/2502 ( 64%)]  Loss: 44.42 (44.4)  Loss_cat: 0.4839 (0.494)  Loss_feat: 38.19 (38.3)  Loss_gt: 3.903 (3.81)  Loss_kd: 1.838 (1.76) LR: 1.988e-01
2025-09-01 19:50:30,870 -                train: [    INFO] - Train: 5 [1800/2502 ( 72%)]  Loss: 44.11 (44.4)  Loss_cat: 0.4958 (0.494)  Loss_feat: 38.24 (38.3)  Loss_gt: 3.674 (3.80)  Loss_kd: 1.700 (1.75) LR: 1.988e-01
2025-09-01 19:51:22,115 -                train: [    INFO] - Train: 5 [2000/2502 ( 80%)]  Loss: 41.64 (44.1)  Loss_cat: 0.4563 (0.491)  Loss_feat: 36.43 (38.2)  Loss_gt: 3.170 (3.74)  Loss_kd: 1.580 (1.74) LR: 1.988e-01
2025-09-01 19:52:12,175 -                train: [    INFO] - Train: 5 [2200/2502 ( 88%)]  Loss: 45.09 (44.2)  Loss_cat: 0.5075 (0.492)  Loss_feat: 38.80 (38.2)  Loss_gt: 3.984 (3.76)  Loss_kd: 1.799 (1.74) LR: 1.988e-01
2025-09-01 19:53:02,631 -                train: [    INFO] - Train: 5 [2400/2502 ( 96%)]  Loss: 44.09 (44.2)  Loss_cat: 0.4958 (0.492)  Loss_feat: 38.26 (38.2)  Loss_gt: 3.666 (3.75)  Loss_kd: 1.664 (1.74) LR: 1.988e-01
2025-09-01 19:53:29,292 -                train: [    INFO] - Train: 5 [2501/2502 (100%)]  Loss: 42.17 (44.1)  Loss_cat: 0.4735 (0.491)  Loss_feat: 36.89 (38.1)  Loss_gt: 3.295 (3.72)  Loss_kd: 1.516 (1.72) LR: 1.988e-01
2025-09-01 19:53:29,293 -                train: [    INFO] - Distributing BatchNorm running means and vars
2025-09-01 19:53:30,826 -                train: [    INFO] - Test: [   0/97]  Time: 1.528 (1.528)  Loss:  2.0975 (2.0975)  Acc@1: 54.6875 (54.6875)  Acc@5: 79.4922 (79.4922)
2025-09-01 19:53:47,895 -                train: [    INFO] - Test: [  97/97]  Time: 0.014 (0.190)  Loss:  2.1279 (2.2839)  Acc@1: 51.4881 (48.5720)  Acc@5: 78.5714 (75.4160)
2025-09-01 19:53:48,099 - timm.utils.checkpoint_saver: [    INFO] - Current checkpoints:
 ('./output/train/20250901-184723-mobilenetv2_vcaV2-224/checkpoint/checkpoint-5.pth.tar', 48.57199999389648)
 ('./output/train/20250901-184723-mobilenetv2_vcaV2-224/checkpoint/checkpoint-4.pth.tar', 47.64600000366211)
 ('./output/train/20250901-184723-mobilenetv2_vcaV2-224/checkpoint/checkpoint-3.pth.tar', 38.47000002319336)
 ('./output/train/20250901-184723-mobilenetv2_vcaV2-224/checkpoint/checkpoint-2.pth.tar', 37.938000008544925)
 ('./output/train/20250901-184723-mobilenetv2_vcaV2-224/checkpoint/checkpoint-1.pth.tar', 24.077999998779298)
 ('./output/train/20250901-184723-mobilenetv2_vcaV2-224/checkpoint/checkpoint-0.pth.tar', 0.088)

2025-09-01 19:53:49,613 -                train: [    INFO] - Test (EMA 0.99990): [   0/97]  Time: 1.508 (1.508)  Loss:  6.6560 (6.6560)  Acc@1:  0.0000 ( 0.0000)  Acc@5:  0.0000 ( 0.0000)
2025-09-01 19:54:04,630 -                train: [    INFO] - Test (EMA 0.99990): [  97/97]  Time: 0.014 (0.169)  Loss:  6.8469 (6.9492)  Acc@1:  0.0000 ( 0.1000)  Acc@5:  0.0000 ( 0.5000)
2025-09-01 19:54:04,928 - timm.utils.checkpoint_saver: [    INFO] - Current checkpoints:
 ('./output/train/20250901-184723-mobilenetv2_vcaV2-224/ema0.9999_checkpoint/checkpoint-0.pth.tar', 0.1)
 ('./output/train/20250901-184723-mobilenetv2_vcaV2-224/ema0.9999_checkpoint/checkpoint-1.pth.tar', 0.1)
 ('./output/train/20250901-184723-mobilenetv2_vcaV2-224/ema0.9999_checkpoint/checkpoint-2.pth.tar', 0.1)
 ('./output/train/20250901-184723-mobilenetv2_vcaV2-224/ema0.9999_checkpoint/checkpoint-3.pth.tar', 0.1)
 ('./output/train/20250901-184723-mobilenetv2_vcaV2-224/ema0.9999_checkpoint/checkpoint-4.pth.tar', 0.1)
 ('./output/train/20250901-184723-mobilenetv2_vcaV2-224/ema0.9999_checkpoint/checkpoint-5.pth.tar', 0.1)

2025-09-01 19:54:06,692 -                train: [    INFO] - Train: 6 [   0/2502 (  0%)]  Loss: 42.93 (42.9)  Loss_cat: 0.4853 (0.485)  Loss_feat: 37.45 (37.4)  Loss_gt: 3.455 (3.46)  Loss_kd: 1.541 (1.54) LR: 1.982e-01
2025-09-01 19:54:57,470 -                train: [    INFO] - Train: 6 [ 200/2502 (  8%)]  Loss: 44.09 (43.5)  Loss_cat: 0.4882 (0.487)  Loss_feat: 38.09 (37.8)  Loss_gt: 3.767 (3.61)  Loss_kd: 1.743 (1.64) LR: 1.982e-01
2025-09-01 19:55:47,897 -                train: [    INFO] - Train: 6 [ 400/2502 ( 16%)]  Loss: 48.88 (45.3)  Loss_cat: 0.5279 (0.500)  Loss_feat: 41.02 (38.9)  Loss_gt: 5.076 (4.10)  Loss_kd: 2.262 (1.85) LR: 1.982e-01
2025-09-01 19:56:38,508 -                train: [    INFO] - Train: 6 [ 600/2502 ( 24%)]  Loss: 42.17 (44.5)  Loss_cat: 0.4674 (0.492)  Loss_feat: 36.90 (38.4)  Loss_gt: 3.250 (3.89)  Loss_kd: 1.551 (1.77) LR: 1.982e-01
2025-09-01 19:57:28,291 -                train: [    INFO] - Train: 6 [ 800/2502 ( 32%)]  Loss: 43.07 (44.2)  Loss_cat: 0.4806 (0.490)  Loss_feat: 37.52 (38.2)  Loss_gt: 3.494 (3.81)  Loss_kd: 1.583 (1.74) LR: 1.982e-01
2025-09-01 19:58:18,513 -                train: [    INFO] - Train: 6 [1000/2502 ( 40%)]  Loss: 41.15 (43.7)  Loss_cat: 0.4560 (0.484)  Loss_feat: 36.11 (37.8)  Loss_gt: 3.063 (3.68)  Loss_kd: 1.514 (1.70) LR: 1.982e-01
2025-09-01 19:59:08,851 -                train: [    INFO] - Train: 6 [1200/2502 ( 48%)]  Loss: 43.46 (43.7)  Loss_cat: 0.4780 (0.483)  Loss_feat: 37.59 (37.8)  Loss_gt: 3.684 (3.68)  Loss_kd: 1.715 (1.70) LR: 1.982e-01
2025-09-01 19:59:59,156 -                train: [    INFO] - Train: 6 [1400/2502 ( 56%)]  Loss: 44.26 (43.8)  Loss_cat: 0.4959 (0.485)  Loss_feat: 38.21 (37.9)  Loss_gt: 3.836 (3.70)  Loss_kd: 1.715 (1.70) LR: 1.982e-01
2025-09-01 20:00:49,225 -                train: [    INFO] - Train: 6 [1600/2502 ( 64%)]  Loss: 42.97 (43.7)  Loss_cat: 0.4692 (0.483)  Loss_feat: 37.16 (37.8)  Loss_gt: 3.631 (3.70)  Loss_kd: 1.712 (1.70) LR: 1.982e-01
2025-09-01 20:01:39,958 -                train: [    INFO] - Train: 6 [1800/2502 ( 72%)]  Loss: 42.01 (43.5)  Loss_cat: 0.4697 (0.482)  Loss_feat: 36.83 (37.7)  Loss_gt: 3.177 (3.64)  Loss_kd: 1.537 (1.69) LR: 1.982e-01
2025-09-01 20:02:30,272 -                train: [    INFO] - Train: 6 [2000/2502 ( 80%)]  Loss: 41.38 (43.3)  Loss_cat: 0.4640 (0.480)  Loss_feat: 36.33 (37.6)  Loss_gt: 3.094 (3.59)  Loss_kd: 1.499 (1.67) LR: 1.982e-01
2025-09-01 20:03:20,566 -                train: [    INFO] - Train: 6 [2200/2502 ( 88%)]  Loss: 43.47 (43.3)  Loss_cat: 0.4789 (0.480)  Loss_feat: 37.65 (37.6)  Loss_gt: 3.681 (3.60)  Loss_kd: 1.658 (1.67) LR: 1.982e-01
2025-09-01 20:04:11,185 -                train: [    INFO] - Train: 6 [2400/2502 ( 96%)]  Loss: 44.84 (43.4)  Loss_cat: 0.4875 (0.481)  Loss_feat: 38.39 (37.6)  Loss_gt: 4.109 (3.64)  Loss_kd: 1.858 (1.68) LR: 1.982e-01
2025-09-01 20:04:36,721 -                train: [    INFO] - Train: 6 [2501/2502 (100%)]  Loss: 43.18 (43.4)  Loss_cat: 0.4799 (0.481)  Loss_feat: 37.61 (37.6)  Loss_gt: 3.516 (3.63)  Loss_kd: 1.580 (1.68) LR: 1.982e-01
2025-09-01 20:04:36,721 -                train: [    INFO] - Distributing BatchNorm running means and vars
2025-09-01 20:04:38,523 -                train: [    INFO] - Test: [   0/97]  Time: 1.796 (1.796)  Loss:  1.5007 (1.5007)  Acc@1: 64.0625 (64.0625)  Acc@5: 87.5000 (87.5000)
2025-09-01 20:04:55,039 -                train: [    INFO] - Test: [  97/97]  Time: 0.014 (0.187)  Loss:  1.8220 (2.1307)  Acc@1: 61.9048 (50.5120)  Acc@5: 81.8452 (77.5460)
2025-09-01 20:04:55,314 - timm.utils.checkpoint_saver: [    INFO] - Current checkpoints:
 ('./output/train/20250901-184723-mobilenetv2_vcaV2-224/checkpoint/checkpoint-6.pth.tar', 50.512000002441404)
 ('./output/train/20250901-184723-mobilenetv2_vcaV2-224/checkpoint/checkpoint-5.pth.tar', 48.57199999389648)
 ('./output/train/20250901-184723-mobilenetv2_vcaV2-224/checkpoint/checkpoint-4.pth.tar', 47.64600000366211)
 ('./output/train/20250901-184723-mobilenetv2_vcaV2-224/checkpoint/checkpoint-3.pth.tar', 38.47000002319336)
 ('./output/train/20250901-184723-mobilenetv2_vcaV2-224/checkpoint/checkpoint-2.pth.tar', 37.938000008544925)
 ('./output/train/20250901-184723-mobilenetv2_vcaV2-224/checkpoint/checkpoint-1.pth.tar', 24.077999998779298)
 ('./output/train/20250901-184723-mobilenetv2_vcaV2-224/checkpoint/checkpoint-0.pth.tar', 0.088)

2025-09-01 20:04:56,906 -                train: [    INFO] - Test (EMA 0.99990): [   0/97]  Time: 1.584 (1.584)  Loss:  6.5309 (6.5309)  Acc@1:  0.0000 ( 0.0000)  Acc@5:  9.7656 ( 9.7656)
2025-09-01 20:05:11,877 -                train: [    INFO] - Test (EMA 0.99990): [  97/97]  Time: 0.014 (0.169)  Loss:  6.9164 (6.9485)  Acc@1:  0.0000 ( 0.1000)  Acc@5:  0.0000 ( 0.5000)
2025-09-01 20:05:12,146 - timm.utils.checkpoint_saver: [    INFO] - Current checkpoints:
 ('./output/train/20250901-184723-mobilenetv2_vcaV2-224/ema0.9999_checkpoint/checkpoint-0.pth.tar', 0.1)
 ('./output/train/20250901-184723-mobilenetv2_vcaV2-224/ema0.9999_checkpoint/checkpoint-1.pth.tar', 0.1)
 ('./output/train/20250901-184723-mobilenetv2_vcaV2-224/ema0.9999_checkpoint/checkpoint-2.pth.tar', 0.1)
 ('./output/train/20250901-184723-mobilenetv2_vcaV2-224/ema0.9999_checkpoint/checkpoint-3.pth.tar', 0.1)
 ('./output/train/20250901-184723-mobilenetv2_vcaV2-224/ema0.9999_checkpoint/checkpoint-4.pth.tar', 0.1)
 ('./output/train/20250901-184723-mobilenetv2_vcaV2-224/ema0.9999_checkpoint/checkpoint-5.pth.tar', 0.1)
 ('./output/train/20250901-184723-mobilenetv2_vcaV2-224/ema0.9999_checkpoint/checkpoint-6.pth.tar', 0.1)

2025-09-01 20:05:14,216 -                train: [    INFO] - Train: 7 [   0/2502 (  0%)]  Loss: 42.79 (42.8)  Loss_cat: 0.4859 (0.486)  Loss_feat: 37.44 (37.4)  Loss_gt: 3.350 (3.35)  Loss_kd: 1.509 (1.51) LR: 1.976e-01
2025-09-01 20:06:04,963 -                train: [    INFO] - Train: 7 [ 200/2502 (  8%)]  Loss: 45.45 (44.1)  Loss_cat: 0.4947 (0.490)  Loss_feat: 38.82 (38.1)  Loss_gt: 4.292 (3.82)  Loss_kd: 1.850 (1.68) LR: 1.976e-01
2025-09-01 20:06:54,870 -                train: [    INFO] - Train: 7 [ 400/2502 ( 16%)]  Loss: 41.39 (43.2)  Loss_cat: 0.4664 (0.482)  Loss_feat: 36.41 (37.6)  Loss_gt: 3.045 (3.56)  Loss_kd: 1.466 (1.61) LR: 1.976e-01
2025-09-01 20:07:45,403 -                train: [    INFO] - Train: 7 [ 600/2502 ( 24%)]  Loss: 44.52 (43.5)  Loss_cat: 0.4927 (0.485)  Loss_feat: 38.42 (37.8)  Loss_gt: 3.900 (3.65)  Loss_kd: 1.704 (1.63) LR: 1.976e-01
2025-09-01 20:08:35,251 -                train: [    INFO] - Train: 7 [ 800/2502 ( 32%)]  Loss: 40.85 (43.0)  Loss_cat: 0.4524 (0.478)  Loss_feat: 35.91 (37.4)  Loss_gt: 3.024 (3.52)  Loss_kd: 1.468 (1.60) LR: 1.976e-01
2025-09-01 20:09:25,799 -                train: [    INFO] - Train: 7 [1000/2502 ( 40%)]  Loss: 42.98 (43.0)  Loss_cat: 0.4790 (0.479)  Loss_feat: 37.34 (37.4)  Loss_gt: 3.561 (3.53)  Loss_kd: 1.603 (1.60) LR: 1.976e-01
2025-09-01 20:10:16,488 -                train: [    INFO] - Train: 7 [1200/2502 ( 48%)]  Loss: 41.74 (42.8)  Loss_cat: 0.4558 (0.475)  Loss_feat: 36.42 (37.3)  Loss_gt: 3.428 (3.51)  Loss_kd: 1.437 (1.58) LR: 1.976e-01
2025-09-01 20:11:06,696 -                train: [    INFO] - Train: 7 [1400/2502 ( 56%)]  Loss: 43.09 (42.9)  Loss_cat: 0.4700 (0.475)  Loss_feat: 37.38 (37.3)  Loss_gt: 3.677 (3.53)  Loss_kd: 1.559 (1.57) LR: 1.976e-01
2025-09-01 20:12:00,405 -                train: [    INFO] - Train: 7 [1600/2502 ( 64%)]  Loss: 42.39 (42.8)  Loss_cat: 0.4799 (0.475)  Loss_feat: 37.08 (37.2)  Loss_gt: 3.339 (3.51)  Loss_kd: 1.492 (1.57) LR: 1.976e-01
2025-09-01 20:12:50,575 -                train: [    INFO] - Train: 7 [1800/2502 ( 72%)]  Loss: 40.98 (42.6)  Loss_cat: 0.4474 (0.472)  Loss_feat: 36.00 (37.1)  Loss_gt: 3.119 (3.47)  Loss_kd: 1.414 (1.55) LR: 1.976e-01
2025-09-01 20:13:41,065 -                train: [    INFO] - Train: 7 [2000/2502 ( 80%)]  Loss: 41.57 (42.5)  Loss_cat: 0.4625 (0.472)  Loss_feat: 36.35 (37.1)  Loss_gt: 3.250 (3.45)  Loss_kd: 1.512 (1.55) LR: 1.976e-01
2025-09-01 20:14:31,571 -                train: [    INFO] - Train: 7 [2200/2502 ( 88%)]  Loss: 42.92 (42.6)  Loss_cat: 0.4718 (0.472)  Loss_feat: 37.23 (37.1)  Loss_gt: 3.649 (3.47)  Loss_kd: 1.570 (1.55) LR: 1.976e-01
2025-09-01 20:15:22,839 -                train: [    INFO] - Train: 7 [2400/2502 ( 96%)]  Loss: 43.45 (42.6)  Loss_cat: 0.4743 (0.472)  Loss_feat: 37.55 (37.1)  Loss_gt: 3.787 (3.49)  Loss_kd: 1.635 (1.56) LR: 1.976e-01
2025-09-01 20:15:47,797 -                train: [    INFO] - Train: 7 [2501/2502 (100%)]  Loss: 44.28 (42.7)  Loss_cat: 0.4919 (0.473)  Loss_feat: 38.13 (37.2)  Loss_gt: 3.938 (3.53)  Loss_kd: 1.715 (1.57) LR: 1.976e-01
2025-09-01 20:15:47,797 -                train: [    INFO] - Distributing BatchNorm running means and vars
2025-09-01 20:15:49,567 -                train: [    INFO] - Test: [   0/97]  Time: 1.764 (1.764)  Loss:  1.5340 (1.5340)  Acc@1: 65.6250 (65.6250)  Acc@5: 86.5234 (86.5234)
2025-09-01 20:16:06,891 -                train: [    INFO] - Test: [  97/97]  Time: 0.014 (0.195)  Loss:  1.5863 (2.0881)  Acc@1: 65.1786 (52.3480)  Acc@5: 86.3095 (78.6740)
2025-09-01 20:16:07,238 - timm.utils.checkpoint_saver: [    INFO] - Current checkpoints:
 ('./output/train/20250901-184723-mobilenetv2_vcaV2-224/checkpoint/checkpoint-7.pth.tar', 52.348000014648434)
 ('./output/train/20250901-184723-mobilenetv2_vcaV2-224/checkpoint/checkpoint-6.pth.tar', 50.512000002441404)
 ('./output/train/20250901-184723-mobilenetv2_vcaV2-224/checkpoint/checkpoint-5.pth.tar', 48.57199999389648)
 ('./output/train/20250901-184723-mobilenetv2_vcaV2-224/checkpoint/checkpoint-4.pth.tar', 47.64600000366211)
 ('./output/train/20250901-184723-mobilenetv2_vcaV2-224/checkpoint/checkpoint-3.pth.tar', 38.47000002319336)
 ('./output/train/20250901-184723-mobilenetv2_vcaV2-224/checkpoint/checkpoint-2.pth.tar', 37.938000008544925)
 ('./output/train/20250901-184723-mobilenetv2_vcaV2-224/checkpoint/checkpoint-1.pth.tar', 24.077999998779298)
 ('./output/train/20250901-184723-mobilenetv2_vcaV2-224/checkpoint/checkpoint-0.pth.tar', 0.088)

2025-09-01 20:16:08,776 -                train: [    INFO] - Test (EMA 0.99990): [   0/97]  Time: 1.531 (1.531)  Loss:  6.4837 (6.4837)  Acc@1:  0.0000 ( 0.0000)  Acc@5:  1.1719 ( 1.1719)
2025-09-01 20:16:24,828 -                train: [    INFO] - Test (EMA 0.99990): [  97/97]  Time: 0.014 (0.179)  Loss:  7.0099 (6.9346)  Acc@1:  0.0000 ( 0.1000)  Acc@5:  0.0000 ( 0.5880)
2025-09-01 20:16:25,234 - timm.utils.checkpoint_saver: [    INFO] - Current checkpoints:
 ('./output/train/20250901-184723-mobilenetv2_vcaV2-224/ema0.9999_checkpoint/checkpoint-0.pth.tar', 0.1)
 ('./output/train/20250901-184723-mobilenetv2_vcaV2-224/ema0.9999_checkpoint/checkpoint-1.pth.tar', 0.1)
 ('./output/train/20250901-184723-mobilenetv2_vcaV2-224/ema0.9999_checkpoint/checkpoint-2.pth.tar', 0.1)
 ('./output/train/20250901-184723-mobilenetv2_vcaV2-224/ema0.9999_checkpoint/checkpoint-3.pth.tar', 0.1)
 ('./output/train/20250901-184723-mobilenetv2_vcaV2-224/ema0.9999_checkpoint/checkpoint-4.pth.tar', 0.1)
 ('./output/train/20250901-184723-mobilenetv2_vcaV2-224/ema0.9999_checkpoint/checkpoint-5.pth.tar', 0.1)
 ('./output/train/20250901-184723-mobilenetv2_vcaV2-224/ema0.9999_checkpoint/checkpoint-6.pth.tar', 0.1)
 ('./output/train/20250901-184723-mobilenetv2_vcaV2-224/ema0.9999_checkpoint/checkpoint-7.pth.tar', 0.1)

2025-09-01 20:16:27,044 -                train: [    INFO] - Train: 8 [   0/2502 (  0%)]  Loss: 41.79 (41.8)  Loss_cat: 0.4652 (0.465)  Loss_feat: 36.61 (36.6)  Loss_gt: 3.257 (3.26)  Loss_kd: 1.459 (1.46) LR: 1.969e-01
2025-09-01 20:17:17,741 -                train: [    INFO] - Train: 8 [ 200/2502 (  8%)]  Loss: 40.26 (41.0)  Loss_cat: 0.4495 (0.457)  Loss_feat: 35.50 (36.1)  Loss_gt: 2.869 (3.06)  Loss_kd: 1.443 (1.45) LR: 1.969e-01
2025-09-01 20:18:07,494 -                train: [    INFO] - Train: 8 [ 400/2502 ( 16%)]  Loss: 42.08 (41.4)  Loss_cat: 0.4571 (0.457)  Loss_feat: 36.55 (36.2)  Loss_gt: 3.446 (3.19)  Loss_kd: 1.630 (1.51) LR: 1.969e-01
2025-09-01 20:18:57,299 -                train: [    INFO] - Train: 8 [ 600/2502 ( 24%)]  Loss: 46.53 (42.7)  Loss_cat: 0.4947 (0.467)  Loss_feat: 39.33 (37.0)  Loss_gt: 4.723 (3.57)  Loss_kd: 1.985 (1.63) LR: 1.969e-01
2025-09-01 20:19:47,478 -                train: [    INFO] - Train: 8 [ 800/2502 ( 32%)]  Loss: 41.39 (42.4)  Loss_cat: 0.4669 (0.467)  Loss_feat: 36.44 (36.9)  Loss_gt: 3.094 (3.48)  Loss_kd: 1.383 (1.58) LR: 1.969e-01
2025-09-01 20:20:37,738 -                train: [    INFO] - Train: 8 [1000/2502 ( 40%)]  Loss: 43.40 (42.6)  Loss_cat: 0.4686 (0.467)  Loss_feat: 37.33 (37.0)  Loss_gt: 3.876 (3.54)  Loss_kd: 1.724 (1.60) LR: 1.969e-01
2025-09-01 20:21:27,555 -                train: [    INFO] - Train: 8 [1200/2502 ( 48%)]  Loss: 44.09 (42.8)  Loss_cat: 0.4858 (0.470)  Loss_feat: 38.00 (37.1)  Loss_gt: 3.896 (3.59)  Loss_kd: 1.708 (1.62) LR: 1.969e-01
2025-09-01 20:22:18,177 -                train: [    INFO] - Train: 8 [1400/2502 ( 56%)]  Loss: 42.63 (42.8)  Loss_cat: 0.4703 (0.470)  Loss_feat: 37.15 (37.1)  Loss_gt: 3.524 (3.59)  Loss_kd: 1.485 (1.60) LR: 1.969e-01
2025-09-01 20:23:08,706 -                train: [    INFO] - Train: 8 [1600/2502 ( 64%)]  Loss: 42.87 (42.8)  Loss_cat: 0.4748 (0.470)  Loss_feat: 37.21 (37.1)  Loss_gt: 3.622 (3.59)  Loss_kd: 1.561 (1.60) LR: 1.969e-01
2025-09-01 20:23:59,327 -                train: [    INFO] - Train: 8 [1800/2502 ( 72%)]  Loss: 43.63 (42.9)  Loss_cat: 0.4878 (0.472)  Loss_feat: 37.76 (37.2)  Loss_gt: 3.694 (3.60)  Loss_kd: 1.686 (1.61) LR: 1.969e-01
2025-09-01 20:24:50,085 -                train: [    INFO] - Train: 8 [2000/2502 ( 80%)]  Loss: 43.07 (42.9)  Loss_cat: 0.4676 (0.472)  Loss_feat: 37.26 (37.2)  Loss_gt: 3.670 (3.61)  Loss_kd: 1.675 (1.61) LR: 1.969e-01
2025-09-01 20:25:40,395 -                train: [    INFO] - Train: 8 [2200/2502 ( 88%)]  Loss: 39.98 (42.6)  Loss_cat: 0.4411 (0.469)  Loss_feat: 35.19 (37.0)  Loss_gt: 3.016 (3.56)  Loss_kd: 1.335 (1.59) LR: 1.969e-01
2025-09-01 20:26:30,777 -                train: [    INFO] - Train: 8 [2400/2502 ( 96%)]  Loss: 42.31 (42.6)  Loss_cat: 0.4687 (0.469)  Loss_feat: 36.86 (37.0)  Loss_gt: 3.420 (3.55)  Loss_kd: 1.557 (1.59) LR: 1.969e-01
2025-09-01 20:26:56,594 -                train: [    INFO] - Train: 8 [2501/2502 (100%)]  Loss: 43.85 (42.7)  Loss_cat: 0.4712 (0.469)  Loss_feat: 37.67 (37.1)  Loss_gt: 4.003 (3.58)  Loss_kd: 1.708 (1.60) LR: 1.969e-01
2025-09-01 20:26:56,594 -                train: [    INFO] - Distributing BatchNorm running means and vars
2025-09-01 20:26:58,288 -                train: [    INFO] - Test: [   0/97]  Time: 1.688 (1.688)  Loss:  1.6012 (1.6012)  Acc@1: 63.0859 (63.0859)  Acc@5: 86.9141 (86.9141)
2025-09-01 20:27:15,144 -                train: [    INFO] - Test: [  97/97]  Time: 0.014 (0.189)  Loss:  1.7615 (2.0277)  Acc@1: 61.3095 (54.0740)  Acc@5: 85.7143 (79.9900)
2025-09-01 20:27:15,581 - timm.utils.checkpoint_saver: [    INFO] - Current checkpoints:
 ('./output/train/20250901-184723-mobilenetv2_vcaV2-224/checkpoint/checkpoint-8.pth.tar', 54.07400000488281)
 ('./output/train/20250901-184723-mobilenetv2_vcaV2-224/checkpoint/checkpoint-7.pth.tar', 52.348000014648434)
 ('./output/train/20250901-184723-mobilenetv2_vcaV2-224/checkpoint/checkpoint-6.pth.tar', 50.512000002441404)
 ('./output/train/20250901-184723-mobilenetv2_vcaV2-224/checkpoint/checkpoint-5.pth.tar', 48.57199999389648)
 ('./output/train/20250901-184723-mobilenetv2_vcaV2-224/checkpoint/checkpoint-4.pth.tar', 47.64600000366211)
 ('./output/train/20250901-184723-mobilenetv2_vcaV2-224/checkpoint/checkpoint-3.pth.tar', 38.47000002319336)
 ('./output/train/20250901-184723-mobilenetv2_vcaV2-224/checkpoint/checkpoint-2.pth.tar', 37.938000008544925)
 ('./output/train/20250901-184723-mobilenetv2_vcaV2-224/checkpoint/checkpoint-1.pth.tar', 24.077999998779298)
 ('./output/train/20250901-184723-mobilenetv2_vcaV2-224/checkpoint/checkpoint-0.pth.tar', 0.088)

2025-09-01 20:27:17,253 -                train: [    INFO] - Test (EMA 0.99990): [   0/97]  Time: 1.666 (1.666)  Loss:  6.5558 (6.5558)  Acc@1:  0.0000 ( 0.0000)  Acc@5:  0.0000 ( 0.0000)
2025-09-01 20:27:31,388 -                train: [    INFO] - Test (EMA 0.99990): [  97/97]  Time: 0.014 (0.161)  Loss:  7.1232 (6.9002)  Acc@1:  0.0000 ( 0.1300)  Acc@5:  1.7857 ( 0.7860)
2025-09-01 20:27:31,647 - timm.utils.checkpoint_saver: [    INFO] - Current checkpoints:
 ('./output/train/20250901-184723-mobilenetv2_vcaV2-224/ema0.9999_checkpoint/checkpoint-8.pth.tar', 0.13)
 ('./output/train/20250901-184723-mobilenetv2_vcaV2-224/ema0.9999_checkpoint/checkpoint-0.pth.tar', 0.1)
 ('./output/train/20250901-184723-mobilenetv2_vcaV2-224/ema0.9999_checkpoint/checkpoint-1.pth.tar', 0.1)
 ('./output/train/20250901-184723-mobilenetv2_vcaV2-224/ema0.9999_checkpoint/checkpoint-2.pth.tar', 0.1)
 ('./output/train/20250901-184723-mobilenetv2_vcaV2-224/ema0.9999_checkpoint/checkpoint-3.pth.tar', 0.1)
 ('./output/train/20250901-184723-mobilenetv2_vcaV2-224/ema0.9999_checkpoint/checkpoint-4.pth.tar', 0.1)
 ('./output/train/20250901-184723-mobilenetv2_vcaV2-224/ema0.9999_checkpoint/checkpoint-5.pth.tar', 0.1)
 ('./output/train/20250901-184723-mobilenetv2_vcaV2-224/ema0.9999_checkpoint/checkpoint-6.pth.tar', 0.1)
 ('./output/train/20250901-184723-mobilenetv2_vcaV2-224/ema0.9999_checkpoint/checkpoint-7.pth.tar', 0.1)

2025-09-01 20:27:33,782 -                train: [    INFO] - Train: 9 [   0/2502 (  0%)]  Loss: 41.15 (41.1)  Loss_cat: 0.4490 (0.449)  Loss_feat: 36.08 (36.1)  Loss_gt: 3.171 (3.17)  Loss_kd: 1.448 (1.45) LR: 1.960e-01
2025-09-01 20:28:24,036 -                train: [    INFO] - Train: 9 [ 200/2502 (  8%)]  Loss: 44.34 (42.7)  Loss_cat: 0.4737 (0.461)  Loss_feat: 37.96 (37.0)  Loss_gt: 4.090 (3.63)  Loss_kd: 1.823 (1.64) LR: 1.960e-01
2025-09-01 20:29:13,753 -                train: [    INFO] - Train: 9 [ 400/2502 ( 16%)]  Loss: 44.52 (43.3)  Loss_cat: 0.4869 (0.470)  Loss_feat: 38.34 (37.5)  Loss_gt: 4.062 (3.77)  Loss_kd: 1.629 (1.63) LR: 1.960e-01
2025-09-01 20:30:03,969 -                train: [    INFO] - Train: 9 [ 600/2502 ( 24%)]  Loss: 41.56 (42.9)  Loss_cat: 0.4542 (0.466)  Loss_feat: 36.33 (37.2)  Loss_gt: 3.277 (3.65)  Loss_kd: 1.495 (1.60) LR: 1.960e-01
2025-09-01 20:30:53,836 -                train: [    INFO] - Train: 9 [ 800/2502 ( 32%)]  Loss: 41.02 (42.5)  Loss_cat: 0.4632 (0.465)  Loss_feat: 36.10 (37.0)  Loss_gt: 3.081 (3.54)  Loss_kd: 1.376 (1.55) LR: 1.960e-01
2025-09-01 20:31:45,168 -                train: [    INFO] - Train: 9 [1000/2502 ( 40%)]  Loss: 42.92 (42.6)  Loss_cat: 0.4689 (0.466)  Loss_feat: 37.07 (37.0)  Loss_gt: 3.741 (3.57)  Loss_kd: 1.644 (1.57) LR: 1.960e-01
2025-09-01 20:32:35,637 -                train: [    INFO] - Train: 9 [1200/2502 ( 48%)]  Loss: 43.53 (42.7)  Loss_cat: 0.4792 (0.468)  Loss_feat: 37.61 (37.1)  Loss_gt: 3.785 (3.60)  Loss_kd: 1.658 (1.58) LR: 1.960e-01
2025-09-01 20:33:26,114 -                train: [    INFO] - Train: 9 [1400/2502 ( 56%)]  Loss: 46.48 (43.2)  Loss_cat: 0.5028 (0.472)  Loss_feat: 39.50 (37.4)  Loss_gt: 4.508 (3.71)  Loss_kd: 1.972 (1.63) LR: 1.960e-01
2025-09-01 20:34:16,907 -                train: [    INFO] - Train: 9 [1600/2502 ( 64%)]  Loss: 46.05 (43.5)  Loss_cat: 0.5039 (0.476)  Loss_feat: 39.30 (37.6)  Loss_gt: 4.434 (3.79)  Loss_kd: 1.811 (1.65) LR: 1.960e-01
2025-09-01 20:35:06,933 -                train: [    INFO] - Train: 9 [1800/2502 ( 72%)]  Loss: 41.39 (43.3)  Loss_cat: 0.4556 (0.474)  Loss_feat: 36.22 (37.5)  Loss_gt: 3.314 (3.75)  Loss_kd: 1.401 (1.63) LR: 1.960e-01
2025-09-01 20:35:57,591 -                train: [    INFO] - Train: 9 [2000/2502 ( 80%)]  Loss: 41.32 (43.1)  Loss_cat: 0.4616 (0.473)  Loss_feat: 36.31 (37.3)  Loss_gt: 3.140 (3.69)  Loss_kd: 1.407 (1.61) LR: 1.960e-01
2025-09-01 20:36:48,546 -                train: [    INFO] - Train: 9 [2200/2502 ( 88%)]  Loss: 42.48 (43.1)  Loss_cat: 0.4738 (0.473)  Loss_feat: 37.18 (37.3)  Loss_gt: 3.414 (3.67)  Loss_kd: 1.411 (1.59) LR: 1.960e-01
2025-09-01 20:37:38,477 -                train: [    INFO] - Train: 9 [2400/2502 ( 96%)]  Loss: 41.70 (43.0)  Loss_cat: 0.4552 (0.471)  Loss_feat: 36.37 (37.3)  Loss_gt: 3.426 (3.65)  Loss_kd: 1.442 (1.58) LR: 1.960e-01
2025-09-01 20:38:04,180 -                train: [    INFO] - Train: 9 [2501/2502 (100%)]  Loss: 39.86 (42.7)  Loss_cat: 0.4422 (0.469)  Loss_feat: 35.17 (37.1)  Loss_gt: 2.895 (3.60)  Loss_kd: 1.358 (1.56) LR: 1.960e-01
2025-09-01 20:38:04,180 -                train: [    INFO] - Distributing BatchNorm running means and vars
2025-09-01 20:38:05,931 -                train: [    INFO] - Test: [   0/97]  Time: 1.746 (1.746)  Loss:  1.5680 (1.5680)  Acc@1: 62.5000 (62.5000)  Acc@5: 88.2812 (88.2812)
2025-09-01 20:38:22,899 -                train: [    INFO] - Test: [  97/97]  Time: 0.014 (0.191)  Loss:  1.6930 (2.0092)  Acc@1: 62.7976 (53.4180)  Acc@5: 83.3333 (79.6600)
2025-09-01 20:38:23,077 - timm.utils.checkpoint_saver: [    INFO] - Current checkpoints:
 ('./output/train/20250901-184723-mobilenetv2_vcaV2-224/checkpoint/checkpoint-8.pth.tar', 54.07400000488281)
 ('./output/train/20250901-184723-mobilenetv2_vcaV2-224/checkpoint/checkpoint-9.pth.tar', 53.41799997314453)
 ('./output/train/20250901-184723-mobilenetv2_vcaV2-224/checkpoint/checkpoint-7.pth.tar', 52.348000014648434)
 ('./output/train/20250901-184723-mobilenetv2_vcaV2-224/checkpoint/checkpoint-6.pth.tar', 50.512000002441404)
 ('./output/train/20250901-184723-mobilenetv2_vcaV2-224/checkpoint/checkpoint-5.pth.tar', 48.57199999389648)
 ('./output/train/20250901-184723-mobilenetv2_vcaV2-224/checkpoint/checkpoint-4.pth.tar', 47.64600000366211)
 ('./output/train/20250901-184723-mobilenetv2_vcaV2-224/checkpoint/checkpoint-3.pth.tar', 38.47000002319336)
 ('./output/train/20250901-184723-mobilenetv2_vcaV2-224/checkpoint/checkpoint-2.pth.tar', 37.938000008544925)
 ('./output/train/20250901-184723-mobilenetv2_vcaV2-224/checkpoint/checkpoint-1.pth.tar', 24.077999998779298)
 ('./output/train/20250901-184723-mobilenetv2_vcaV2-224/checkpoint/checkpoint-0.pth.tar', 0.088)

2025-09-01 20:38:24,609 -                train: [    INFO] - Test (EMA 0.99990): [   0/97]  Time: 1.527 (1.527)  Loss:  6.6019 (6.6019)  Acc@1:  0.0000 ( 0.0000)  Acc@5:  0.0000 ( 0.0000)
2025-09-01 20:38:39,284 -                train: [    INFO] - Test (EMA 0.99990): [  97/97]  Time: 0.014 (0.165)  Loss:  7.1610 (6.8309)  Acc@1:  0.0000 ( 0.2440)  Acc@5:  0.8929 ( 0.9600)
2025-09-01 20:38:39,497 - timm.utils.checkpoint_saver: [    INFO] - Current checkpoints:
 ('./output/train/20250901-184723-mobilenetv2_vcaV2-224/ema0.9999_checkpoint/checkpoint-9.pth.tar', 0.244)
 ('./output/train/20250901-184723-mobilenetv2_vcaV2-224/ema0.9999_checkpoint/checkpoint-8.pth.tar', 0.13)
 ('./output/train/20250901-184723-mobilenetv2_vcaV2-224/ema0.9999_checkpoint/checkpoint-0.pth.tar', 0.1)
 ('./output/train/20250901-184723-mobilenetv2_vcaV2-224/ema0.9999_checkpoint/checkpoint-1.pth.tar', 0.1)
 ('./output/train/20250901-184723-mobilenetv2_vcaV2-224/ema0.9999_checkpoint/checkpoint-2.pth.tar', 0.1)
 ('./output/train/20250901-184723-mobilenetv2_vcaV2-224/ema0.9999_checkpoint/checkpoint-3.pth.tar', 0.1)
 ('./output/train/20250901-184723-mobilenetv2_vcaV2-224/ema0.9999_checkpoint/checkpoint-4.pth.tar', 0.1)
 ('./output/train/20250901-184723-mobilenetv2_vcaV2-224/ema0.9999_checkpoint/checkpoint-5.pth.tar', 0.1)
 ('./output/train/20250901-184723-mobilenetv2_vcaV2-224/ema0.9999_checkpoint/checkpoint-6.pth.tar', 0.1)
 ('./output/train/20250901-184723-mobilenetv2_vcaV2-224/ema0.9999_checkpoint/checkpoint-7.pth.tar', 0.1)

2025-09-01 20:38:41,568 -                train: [    INFO] - Train: 10 [   0/2502 (  0%)]  Loss: 43.84 (43.8)  Loss_cat: 0.4665 (0.467)  Loss_feat: 37.73 (37.7)  Loss_gt: 3.974 (3.97)  Loss_kd: 1.675 (1.67) LR: 1.951e-01
2025-09-01 20:39:32,292 -                train: [    INFO] - Train: 10 [ 200/2502 (  8%)]  Loss: 42.68 (43.3)  Loss_cat: 0.4660 (0.466)  Loss_feat: 36.89 (37.3)  Loss_gt: 3.682 (3.83)  Loss_kd: 1.641 (1.66) LR: 1.951e-01
2025-09-01 20:40:22,650 -                train: [    INFO] - Train: 10 [ 400/2502 ( 16%)]  Loss: 41.87 (42.8)  Loss_cat: 0.4582 (0.464)  Loss_feat: 36.56 (37.1)  Loss_gt: 3.320 (3.66)  Loss_kd: 1.529 (1.61) LR: 1.951e-01
2025-09-01 20:41:12,985 -                train: [    INFO] - Train: 10 [ 600/2502 ( 24%)]  Loss: 43.26 (42.9)  Loss_cat: 0.4657 (0.464)  Loss_feat: 37.30 (37.1)  Loss_gt: 3.851 (3.71)  Loss_kd: 1.650 (1.62) LR: 1.951e-01
2025-09-01 20:42:02,827 -                train: [    INFO] - Train: 10 [ 800/2502 ( 32%)]  Loss: 42.08 (42.7)  Loss_cat: 0.4708 (0.465)  Loss_feat: 36.90 (37.1)  Loss_gt: 3.264 (3.62)  Loss_kd: 1.446 (1.59) LR: 1.951e-01
2025-09-01 20:42:55,369 -                train: [    INFO] - Train: 10 [1000/2502 ( 40%)]  Loss: 45.61 (43.2)  Loss_cat: 0.4915 (0.470)  Loss_feat: 38.80 (37.4)  Loss_gt: 4.418 (3.75)  Loss_kd: 1.901 (1.64) LR: 1.951e-01
2025-09-01 20:43:45,873 -                train: [    INFO] - Train: 10 [1200/2502 ( 48%)]  Loss: 40.96 (42.9)  Loss_cat: 0.4489 (0.467)  Loss_feat: 35.86 (37.1)  Loss_gt: 3.250 (3.68)  Loss_kd: 1.407 (1.61) LR: 1.951e-01
2025-09-01 20:44:36,132 -                train: [    INFO] - Train: 10 [1400/2502 ( 56%)]  Loss: 44.20 (43.1)  Loss_cat: 0.4778 (0.468)  Loss_feat: 37.94 (37.2)  Loss_gt: 4.094 (3.73)  Loss_kd: 1.691 (1.62) LR: 1.951e-01
2025-09-01 20:45:26,162 -                train: [    INFO] - Train: 10 [1600/2502 ( 64%)]  Loss: 42.88 (43.0)  Loss_cat: 0.4817 (0.470)  Loss_feat: 37.33 (37.3)  Loss_gt: 3.566 (3.71)  Loss_kd: 1.494 (1.60) LR: 1.951e-01
2025-09-01 20:46:16,737 -                train: [    INFO] - Train: 10 [1800/2502 ( 72%)]  Loss: 40.33 (42.8)  Loss_cat: 0.4479 (0.468)  Loss_feat: 35.49 (37.1)  Loss_gt: 3.006 (3.64)  Loss_kd: 1.385 (1.58) LR: 1.951e-01
2025-09-01 20:47:07,184 -                train: [    INFO] - Train: 10 [2000/2502 ( 80%)]  Loss: 42.75 (42.8)  Loss_cat: 0.4627 (0.467)  Loss_feat: 37.12 (37.1)  Loss_gt: 3.627 (3.64)  Loss_kd: 1.541 (1.58) LR: 1.951e-01
2025-09-01 20:47:57,878 -                train: [    INFO] - Train: 10 [2200/2502 ( 88%)]  Loss: 41.39 (42.7)  Loss_cat: 0.4551 (0.466)  Loss_feat: 36.23 (37.0)  Loss_gt: 3.281 (3.61)  Loss_kd: 1.423 (1.57) LR: 1.951e-01
2025-09-01 20:48:48,530 -                train: [    INFO] - Train: 10 [2400/2502 ( 96%)]  Loss: 41.50 (42.6)  Loss_cat: 0.4542 (0.465)  Loss_feat: 36.29 (37.0)  Loss_gt: 3.339 (3.59)  Loss_kd: 1.416 (1.55) LR: 1.951e-01
2025-09-01 20:49:13,526 -                train: [    INFO] - Train: 10 [2501/2502 (100%)]  Loss: 40.94 (42.4)  Loss_cat: 0.4521 (0.464)  Loss_feat: 35.82 (36.9)  Loss_gt: 3.190 (3.56)  Loss_kd: 1.478 (1.55) LR: 1.951e-01
2025-09-01 20:49:13,526 -                train: [    INFO] - Distributing BatchNorm running means and vars
2025-09-01 20:49:15,203 -                train: [    INFO] - Test: [   0/97]  Time: 1.670 (1.670)  Loss:  1.2820 (1.2820)  Acc@1: 68.9453 (68.9453)  Acc@5: 92.1875 (92.1875)
2025-09-01 20:49:33,084 -                train: [    INFO] - Test: [  97/97]  Time: 0.014 (0.200)  Loss:  1.7952 (1.9333)  Acc@1: 60.7143 (55.4200)  Acc@5: 81.8452 (81.0020)
2025-09-01 20:49:33,317 - timm.utils.checkpoint_saver: [    INFO] - Current checkpoints:
 ('./output/train/20250901-184723-mobilenetv2_vcaV2-224/checkpoint/checkpoint-10.pth.tar', 55.42000000732422)
 ('./output/train/20250901-184723-mobilenetv2_vcaV2-224/checkpoint/checkpoint-8.pth.tar', 54.07400000488281)
 ('./output/train/20250901-184723-mobilenetv2_vcaV2-224/checkpoint/checkpoint-9.pth.tar', 53.41799997314453)
 ('./output/train/20250901-184723-mobilenetv2_vcaV2-224/checkpoint/checkpoint-7.pth.tar', 52.348000014648434)
 ('./output/train/20250901-184723-mobilenetv2_vcaV2-224/checkpoint/checkpoint-6.pth.tar', 50.512000002441404)
 ('./output/train/20250901-184723-mobilenetv2_vcaV2-224/checkpoint/checkpoint-5.pth.tar', 48.57199999389648)
 ('./output/train/20250901-184723-mobilenetv2_vcaV2-224/checkpoint/checkpoint-4.pth.tar', 47.64600000366211)
 ('./output/train/20250901-184723-mobilenetv2_vcaV2-224/checkpoint/checkpoint-3.pth.tar', 38.47000002319336)
 ('./output/train/20250901-184723-mobilenetv2_vcaV2-224/checkpoint/checkpoint-2.pth.tar', 37.938000008544925)
 ('./output/train/20250901-184723-mobilenetv2_vcaV2-224/checkpoint/checkpoint-1.pth.tar', 24.077999998779298)

2025-09-01 20:49:34,782 -                train: [    INFO] - Test (EMA 0.99990): [   0/97]  Time: 1.453 (1.453)  Loss:  6.5011 (6.5011)  Acc@1:  0.9766 ( 0.9766)  Acc@5:  5.4688 ( 5.4688)
2025-09-01 20:49:49,386 -                train: [    INFO] - Test (EMA 0.99990): [  97/97]  Time: 0.014 (0.164)  Loss:  7.1700 (6.6892)  Acc@1:  0.0000 ( 0.4660)  Acc@5:  2.3810 ( 2.0220)
2025-09-01 20:49:49,688 - timm.utils.checkpoint_saver: [    INFO] - Current checkpoints:
 ('./output/train/20250901-184723-mobilenetv2_vcaV2-224/ema0.9999_checkpoint/checkpoint-10.pth.tar', 0.466)
 ('./output/train/20250901-184723-mobilenetv2_vcaV2-224/ema0.9999_checkpoint/checkpoint-9.pth.tar', 0.244)
 ('./output/train/20250901-184723-mobilenetv2_vcaV2-224/ema0.9999_checkpoint/checkpoint-8.pth.tar', 0.13)
 ('./output/train/20250901-184723-mobilenetv2_vcaV2-224/ema0.9999_checkpoint/checkpoint-0.pth.tar', 0.1)
 ('./output/train/20250901-184723-mobilenetv2_vcaV2-224/ema0.9999_checkpoint/checkpoint-1.pth.tar', 0.1)
 ('./output/train/20250901-184723-mobilenetv2_vcaV2-224/ema0.9999_checkpoint/checkpoint-2.pth.tar', 0.1)
 ('./output/train/20250901-184723-mobilenetv2_vcaV2-224/ema0.9999_checkpoint/checkpoint-3.pth.tar', 0.1)
 ('./output/train/20250901-184723-mobilenetv2_vcaV2-224/ema0.9999_checkpoint/checkpoint-4.pth.tar', 0.1)
 ('./output/train/20250901-184723-mobilenetv2_vcaV2-224/ema0.9999_checkpoint/checkpoint-5.pth.tar', 0.1)
 ('./output/train/20250901-184723-mobilenetv2_vcaV2-224/ema0.9999_checkpoint/checkpoint-6.pth.tar', 0.1)

2025-09-01 20:49:51,721 -                train: [    INFO] - Train: 11 [   0/2502 (  0%)]  Loss: 40.15 (40.2)  Loss_cat: 0.4381 (0.438)  Loss_feat: 35.44 (35.4)  Loss_gt: 2.966 (2.97)  Loss_kd: 1.309 (1.31) LR: 1.941e-01
2025-09-01 20:50:42,384 -                train: [    INFO] - Train: 11 [ 200/2502 (  8%)]  Loss: 39.74 (39.9)  Loss_cat: 0.4366 (0.437)  Loss_feat: 35.17 (35.3)  Loss_gt: 2.838 (2.90)  Loss_kd: 1.299 (1.30) LR: 1.941e-01
2025-09-01 20:51:33,017 -                train: [    INFO] - Train: 11 [ 400/2502 ( 16%)]  Loss: 43.41 (41.1)  Loss_cat: 0.4747 (0.450)  Loss_feat: 37.58 (36.1)  Loss_gt: 3.759 (3.19)  Loss_kd: 1.598 (1.40) LR: 1.941e-01
2025-09-01 20:52:22,689 -                train: [    INFO] - Train: 11 [ 600/2502 ( 24%)]  Loss: 41.38 (41.2)  Loss_cat: 0.4459 (0.449)  Loss_feat: 36.09 (36.1)  Loss_gt: 3.382 (3.24)  Loss_kd: 1.465 (1.42) LR: 1.941e-01
2025-09-01 20:53:13,080 -                train: [    INFO] - Train: 11 [ 800/2502 ( 32%)]  Loss: 40.98 (41.1)  Loss_cat: 0.4500 (0.449)  Loss_feat: 35.89 (36.0)  Loss_gt: 3.255 (3.24)  Loss_kd: 1.382 (1.41) LR: 1.941e-01
2025-09-01 20:54:03,115 -                train: [    INFO] - Train: 11 [1000/2502 ( 40%)]  Loss: 43.05 (41.5)  Loss_cat: 0.4626 (0.451)  Loss_feat: 37.20 (36.2)  Loss_gt: 3.869 (3.34)  Loss_kd: 1.513 (1.43) LR: 1.941e-01
2025-09-01 20:54:53,026 -                train: [    INFO] - Train: 11 [1200/2502 ( 48%)]  Loss: 40.64 (41.3)  Loss_cat: 0.4393 (0.450)  Loss_feat: 35.57 (36.1)  Loss_gt: 3.244 (3.33)  Loss_kd: 1.392 (1.42) LR: 1.941e-01
2025-09-01 20:55:43,898 -                train: [    INFO] - Train: 11 [1400/2502 ( 56%)]  Loss: 41.38 (41.3)  Loss_cat: 0.4495 (0.450)  Loss_feat: 36.00 (36.1)  Loss_gt: 3.419 (3.34)  Loss_kd: 1.509 (1.43) LR: 1.941e-01
2025-09-01 20:56:35,017 -                train: [    INFO] - Train: 11 [1600/2502 ( 64%)]  Loss: 42.27 (41.4)  Loss_cat: 0.4628 (0.451)  Loss_feat: 36.81 (36.2)  Loss_gt: 3.561 (3.37)  Loss_kd: 1.441 (1.43) LR: 1.941e-01
2025-09-01 20:57:24,942 -                train: [    INFO] - Train: 11 [1800/2502 ( 72%)]  Loss: 39.81 (41.3)  Loss_cat: 0.4411 (0.450)  Loss_feat: 35.08 (36.1)  Loss_gt: 2.973 (3.33)  Loss_kd: 1.315 (1.42) LR: 1.941e-01
2025-09-01 20:58:15,442 -                train: [    INFO] - Train: 11 [2000/2502 ( 80%)]  Loss: 39.33 (41.1)  Loss_cat: 0.4339 (0.449)  Loss_feat: 34.88 (36.0)  Loss_gt: 2.763 (3.28)  Loss_kd: 1.253 (1.41) LR: 1.941e-01
2025-09-01 20:59:06,075 -                train: [    INFO] - Train: 11 [2200/2502 ( 88%)]  Loss: 43.04 (41.3)  Loss_cat: 0.4740 (0.451)  Loss_feat: 37.38 (36.1)  Loss_gt: 3.650 (3.31)  Loss_kd: 1.540 (1.42) LR: 1.941e-01
2025-09-01 20:59:56,771 -                train: [    INFO] - Train: 11 [2400/2502 ( 96%)]  Loss: 40.02 (41.2)  Loss_cat: 0.4335 (0.449)  Loss_feat: 35.25 (36.0)  Loss_gt: 3.002 (3.28)  Loss_kd: 1.335 (1.41) LR: 1.941e-01
2025-09-01 21:00:22,482 -                train: [    INFO] - Train: 11 [2501/2502 (100%)]  Loss: 39.67 (41.1)  Loss_cat: 0.4369 (0.448)  Loss_feat: 34.97 (36.0)  Loss_gt: 2.902 (3.26)  Loss_kd: 1.356 (1.41) LR: 1.941e-01
2025-09-01 21:00:22,482 -                train: [    INFO] - Distributing BatchNorm running means and vars
2025-09-01 21:00:24,055 -                train: [    INFO] - Test: [   0/97]  Time: 1.567 (1.567)  Loss:  2.0878 (2.0878)  Acc@1: 54.2969 (54.2969)  Acc@5: 79.2969 (79.2969)
2025-09-01 21:00:41,902 -                train: [    INFO] - Test: [  97/97]  Time: 0.014 (0.198)  Loss:  2.1656 (2.3743)  Acc@1: 52.6786 (48.2640)  Acc@5: 79.1667 (74.3200)
2025-09-01 21:00:42,128 - timm.utils.checkpoint_saver: [    INFO] - Current checkpoints:
 ('./output/train/20250901-184723-mobilenetv2_vcaV2-224/checkpoint/checkpoint-10.pth.tar', 55.42000000732422)
 ('./output/train/20250901-184723-mobilenetv2_vcaV2-224/checkpoint/checkpoint-8.pth.tar', 54.07400000488281)
 ('./output/train/20250901-184723-mobilenetv2_vcaV2-224/checkpoint/checkpoint-9.pth.tar', 53.41799997314453)
 ('./output/train/20250901-184723-mobilenetv2_vcaV2-224/checkpoint/checkpoint-7.pth.tar', 52.348000014648434)
 ('./output/train/20250901-184723-mobilenetv2_vcaV2-224/checkpoint/checkpoint-6.pth.tar', 50.512000002441404)
 ('./output/train/20250901-184723-mobilenetv2_vcaV2-224/checkpoint/checkpoint-5.pth.tar', 48.57199999389648)
 ('./output/train/20250901-184723-mobilenetv2_vcaV2-224/checkpoint/checkpoint-11.pth.tar', 48.26399998901367)
 ('./output/train/20250901-184723-mobilenetv2_vcaV2-224/checkpoint/checkpoint-4.pth.tar', 47.64600000366211)
 ('./output/train/20250901-184723-mobilenetv2_vcaV2-224/checkpoint/checkpoint-3.pth.tar', 38.47000002319336)
 ('./output/train/20250901-184723-mobilenetv2_vcaV2-224/checkpoint/checkpoint-2.pth.tar', 37.938000008544925)

2025-09-01 21:00:43,908 -                train: [    INFO] - Test (EMA 0.99990): [   0/97]  Time: 1.775 (1.775)  Loss:  6.1543 (6.1543)  Acc@1:  6.4453 ( 6.4453)  Acc@5: 19.1406 (19.1406)
2025-09-01 21:00:58,592 -                train: [    INFO] - Test (EMA 0.99990): [  97/97]  Time: 0.014 (0.168)  Loss:  6.9815 (6.3718)  Acc@1:  0.0000 ( 1.7680)  Acc@5:  3.5714 ( 6.6500)
2025-09-01 21:00:58,837 - timm.utils.checkpoint_saver: [    INFO] - Current checkpoints:
 ('./output/train/20250901-184723-mobilenetv2_vcaV2-224/ema0.9999_checkpoint/checkpoint-11.pth.tar', 1.768)
 ('./output/train/20250901-184723-mobilenetv2_vcaV2-224/ema0.9999_checkpoint/checkpoint-10.pth.tar', 0.466)
 ('./output/train/20250901-184723-mobilenetv2_vcaV2-224/ema0.9999_checkpoint/checkpoint-9.pth.tar', 0.244)
 ('./output/train/20250901-184723-mobilenetv2_vcaV2-224/ema0.9999_checkpoint/checkpoint-8.pth.tar', 0.13)
 ('./output/train/20250901-184723-mobilenetv2_vcaV2-224/ema0.9999_checkpoint/checkpoint-0.pth.tar', 0.1)
 ('./output/train/20250901-184723-mobilenetv2_vcaV2-224/ema0.9999_checkpoint/checkpoint-1.pth.tar', 0.1)
 ('./output/train/20250901-184723-mobilenetv2_vcaV2-224/ema0.9999_checkpoint/checkpoint-2.pth.tar', 0.1)
 ('./output/train/20250901-184723-mobilenetv2_vcaV2-224/ema0.9999_checkpoint/checkpoint-3.pth.tar', 0.1)
 ('./output/train/20250901-184723-mobilenetv2_vcaV2-224/ema0.9999_checkpoint/checkpoint-4.pth.tar', 0.1)
 ('./output/train/20250901-184723-mobilenetv2_vcaV2-224/ema0.9999_checkpoint/checkpoint-5.pth.tar', 0.1)

2025-09-01 21:01:00,988 -                train: [    INFO] - Train: 12 [   0/2502 (  0%)]  Loss: 41.39 (41.4)  Loss_cat: 0.4489 (0.449)  Loss_feat: 36.19 (36.2)  Loss_gt: 3.316 (3.32)  Loss_kd: 1.444 (1.44) LR: 1.930e-01
2025-09-01 21:01:51,201 -                train: [    INFO] - Train: 12 [ 200/2502 (  8%)]  Loss: 38.78 (40.1)  Loss_cat: 0.4159 (0.432)  Loss_feat: 34.30 (35.2)  Loss_gt: 2.809 (3.06)  Loss_kd: 1.252 (1.35) LR: 1.930e-01
2025-09-01 21:02:41,323 -                train: [    INFO] - Train: 12 [ 400/2502 ( 16%)]  Loss: 42.05 (40.7)  Loss_cat: 0.4560 (0.440)  Loss_feat: 36.53 (35.7)  Loss_gt: 3.589 (3.24)  Loss_kd: 1.471 (1.39) LR: 1.930e-01
2025-09-01 21:03:31,767 -                train: [    INFO] - Train: 12 [ 600/2502 ( 24%)]  Loss: 39.40 (40.4)  Loss_cat: 0.4219 (0.436)  Loss_feat: 34.69 (35.4)  Loss_gt: 2.965 (3.17)  Loss_kd: 1.321 (1.37) LR: 1.930e-01
2025-09-01 21:04:21,801 -                train: [    INFO] - Train: 12 [ 800/2502 ( 32%)]  Loss: 43.50 (41.0)  Loss_cat: 0.4698 (0.442)  Loss_feat: 37.45 (35.8)  Loss_gt: 3.929 (3.32)  Loss_kd: 1.646 (1.43) LR: 1.930e-01
2025-09-01 21:05:12,325 -                train: [    INFO] - Train: 12 [1000/2502 ( 40%)]  Loss: 41.87 (41.2)  Loss_cat: 0.4518 (0.444)  Loss_feat: 36.37 (35.9)  Loss_gt: 3.498 (3.35)  Loss_kd: 1.545 (1.45) LR: 1.930e-01
2025-09-01 21:06:02,531 -                train: [    INFO] - Train: 12 [1200/2502 ( 48%)]  Loss: 39.29 (40.9)  Loss_cat: 0.4273 (0.442)  Loss_feat: 34.70 (35.7)  Loss_gt: 2.841 (3.28)  Loss_kd: 1.318 (1.43) LR: 1.930e-01
2025-09-01 21:06:53,658 -                train: [    INFO] - Train: 12 [1400/2502 ( 56%)]  Loss: 40.30 (40.8)  Loss_cat: 0.4372 (0.441)  Loss_feat: 35.41 (35.7)  Loss_gt: 3.125 (3.26)  Loss_kd: 1.320 (1.41) LR: 1.930e-01
2025-09-01 21:07:43,933 -                train: [    INFO] - Train: 12 [1600/2502 ( 64%)]  Loss: 42.59 (41.0)  Loss_cat: 0.4713 (0.444)  Loss_feat: 37.07 (35.9)  Loss_gt: 3.564 (3.29)  Loss_kd: 1.487 (1.42) LR: 1.930e-01
2025-09-01 21:08:34,307 -                train: [    INFO] - Train: 12 [1800/2502 ( 72%)]  Loss: 42.34 (41.2)  Loss_cat: 0.4613 (0.446)  Loss_feat: 36.78 (36.0)  Loss_gt: 3.662 (3.33)  Loss_kd: 1.438 (1.42) LR: 1.930e-01
2025-09-01 21:09:25,254 -                train: [    INFO] - Train: 12 [2000/2502 ( 80%)]  Loss: 39.63 (41.0)  Loss_cat: 0.4352 (0.445)  Loss_feat: 34.99 (35.9)  Loss_gt: 2.893 (3.29)  Loss_kd: 1.318 (1.41) LR: 1.930e-01
2025-09-01 21:10:14,864 -                train: [    INFO] - Train: 12 [2200/2502 ( 88%)]  Loss: 43.10 (41.2)  Loss_cat: 0.4774 (0.448)  Loss_feat: 37.51 (36.0)  Loss_gt: 3.652 (3.32)  Loss_kd: 1.457 (1.42) LR: 1.930e-01
2025-09-01 21:11:05,146 -                train: [    INFO] - Train: 12 [2400/2502 ( 96%)]  Loss: 39.48 (41.1)  Loss_cat: 0.4270 (0.446)  Loss_feat: 34.83 (35.9)  Loss_gt: 2.950 (3.29)  Loss_kd: 1.279 (1.41) LR: 1.930e-01
2025-09-01 21:11:31,539 -                train: [    INFO] - Train: 12 [2501/2502 (100%)]  Loss: 40.34 (41.0)  Loss_cat: 0.4362 (0.446)  Loss_feat: 35.51 (35.9)  Loss_gt: 3.099 (3.28)  Loss_kd: 1.294 (1.40) LR: 1.930e-01
2025-09-01 21:11:31,539 -                train: [    INFO] - Distributing BatchNorm running means and vars
2025-09-01 21:11:33,578 -                train: [    INFO] - Test: [   0/97]  Time: 2.034 (2.034)  Loss:  1.2470 (1.2470)  Acc@1: 67.7734 (67.7734)  Acc@5: 90.2344 (90.2344)
2025-09-01 21:11:52,728 -                train: [    INFO] - Test: [  97/97]  Time: 0.014 (0.216)  Loss:  1.5246 (1.8891)  Acc@1: 67.8571 (56.0600)  Acc@5: 85.1190 (81.5380)
2025-09-01 21:11:52,987 - timm.utils.checkpoint_saver: [    INFO] - Current checkpoints:
 ('./output/train/20250901-184723-mobilenetv2_vcaV2-224/checkpoint/checkpoint-12.pth.tar', 56.06000002929687)
 ('./output/train/20250901-184723-mobilenetv2_vcaV2-224/checkpoint/checkpoint-10.pth.tar', 55.42000000732422)
 ('./output/train/20250901-184723-mobilenetv2_vcaV2-224/checkpoint/checkpoint-8.pth.tar', 54.07400000488281)
 ('./output/train/20250901-184723-mobilenetv2_vcaV2-224/checkpoint/checkpoint-9.pth.tar', 53.41799997314453)
 ('./output/train/20250901-184723-mobilenetv2_vcaV2-224/checkpoint/checkpoint-7.pth.tar', 52.348000014648434)
 ('./output/train/20250901-184723-mobilenetv2_vcaV2-224/checkpoint/checkpoint-6.pth.tar', 50.512000002441404)
 ('./output/train/20250901-184723-mobilenetv2_vcaV2-224/checkpoint/checkpoint-5.pth.tar', 48.57199999389648)
 ('./output/train/20250901-184723-mobilenetv2_vcaV2-224/checkpoint/checkpoint-11.pth.tar', 48.26399998901367)
 ('./output/train/20250901-184723-mobilenetv2_vcaV2-224/checkpoint/checkpoint-4.pth.tar', 47.64600000366211)
 ('./output/train/20250901-184723-mobilenetv2_vcaV2-224/checkpoint/checkpoint-3.pth.tar', 38.47000002319336)

2025-09-01 21:11:54,492 -                train: [    INFO] - Test (EMA 0.99990): [   0/97]  Time: 1.499 (1.499)  Loss:  5.5135 (5.5135)  Acc@1: 14.8438 (14.8438)  Acc@5: 37.3047 (37.3047)
2025-09-01 21:12:08,841 -                train: [    INFO] - Test (EMA 0.99990): [  97/97]  Time: 0.014 (0.162)  Loss:  6.5042 (5.7565)  Acc@1:  0.2976 ( 6.9160)  Acc@5:  7.4405 (19.8760)
2025-09-01 21:12:09,068 - timm.utils.checkpoint_saver: [    INFO] - Current checkpoints:
 ('./output/train/20250901-184723-mobilenetv2_vcaV2-224/ema0.9999_checkpoint/checkpoint-12.pth.tar', 6.915999999980927)
 ('./output/train/20250901-184723-mobilenetv2_vcaV2-224/ema0.9999_checkpoint/checkpoint-11.pth.tar', 1.768)
 ('./output/train/20250901-184723-mobilenetv2_vcaV2-224/ema0.9999_checkpoint/checkpoint-10.pth.tar', 0.466)
 ('./output/train/20250901-184723-mobilenetv2_vcaV2-224/ema0.9999_checkpoint/checkpoint-9.pth.tar', 0.244)
 ('./output/train/20250901-184723-mobilenetv2_vcaV2-224/ema0.9999_checkpoint/checkpoint-8.pth.tar', 0.13)
 ('./output/train/20250901-184723-mobilenetv2_vcaV2-224/ema0.9999_checkpoint/checkpoint-0.pth.tar', 0.1)
 ('./output/train/20250901-184723-mobilenetv2_vcaV2-224/ema0.9999_checkpoint/checkpoint-1.pth.tar', 0.1)
 ('./output/train/20250901-184723-mobilenetv2_vcaV2-224/ema0.9999_checkpoint/checkpoint-2.pth.tar', 0.1)
 ('./output/train/20250901-184723-mobilenetv2_vcaV2-224/ema0.9999_checkpoint/checkpoint-3.pth.tar', 0.1)
 ('./output/train/20250901-184723-mobilenetv2_vcaV2-224/ema0.9999_checkpoint/checkpoint-4.pth.tar', 0.1)

2025-09-01 21:12:11,089 -                train: [    INFO] - Train: 13 [   0/2502 (  0%)]  Loss: 40.13 (40.1)  Loss_cat: 0.4434 (0.443)  Loss_feat: 35.32 (35.3)  Loss_gt: 3.021 (3.02)  Loss_kd: 1.339 (1.34) LR: 1.918e-01
2025-09-01 21:13:02,244 -                train: [    INFO] - Train: 13 [ 200/2502 (  8%)]  Loss: 41.34 (40.7)  Loss_cat: 0.4534 (0.448)  Loss_feat: 36.06 (35.7)  Loss_gt: 3.371 (3.20)  Loss_kd: 1.451 (1.40) LR: 1.918e-01
2025-09-01 21:13:52,484 -                train: [    INFO] - Train: 13 [ 400/2502 ( 16%)]  Loss: 42.18 (41.2)  Loss_cat: 0.4502 (0.449)  Loss_feat: 36.64 (36.0)  Loss_gt: 3.616 (3.34)  Loss_kd: 1.476 (1.42) LR: 1.918e-01
2025-09-01 21:14:42,792 -                train: [    INFO] - Train: 13 [ 600/2502 ( 24%)]  Loss: 39.50 (40.8)  Loss_cat: 0.4249 (0.443)  Loss_feat: 34.75 (35.7)  Loss_gt: 3.021 (3.26)  Loss_kd: 1.304 (1.39) LR: 1.918e-01
2025-09-01 21:15:33,146 -                train: [    INFO] - Train: 13 [ 800/2502 ( 32%)]  Loss: 41.23 (40.9)  Loss_cat: 0.4546 (0.445)  Loss_feat: 36.07 (35.8)  Loss_gt: 3.322 (3.27)  Loss_kd: 1.384 (1.39) LR: 1.918e-01
2025-09-01 21:16:23,790 -                train: [    INFO] - Train: 13 [1000/2502 ( 40%)]  Loss: 41.18 (40.9)  Loss_cat: 0.4495 (0.446)  Loss_feat: 35.91 (35.8)  Loss_gt: 3.415 (3.29)  Loss_kd: 1.409 (1.39) LR: 1.918e-01
2025-09-01 21:17:13,602 -                train: [    INFO] - Train: 13 [1200/2502 ( 48%)]  Loss: 43.10 (41.2)  Loss_cat: 0.4727 (0.450)  Loss_feat: 37.30 (36.0)  Loss_gt: 3.786 (3.36)  Loss_kd: 1.538 (1.41) LR: 1.918e-01
2025-09-01 21:18:04,161 -                train: [    INFO] - Train: 13 [1400/2502 ( 56%)]  Loss: 42.05 (41.3)  Loss_cat: 0.4666 (0.452)  Loss_feat: 36.76 (36.1)  Loss_gt: 3.410 (3.37)  Loss_kd: 1.419 (1.41) LR: 1.918e-01
2025-09-01 21:18:54,789 -                train: [    INFO] - Train: 13 [1600/2502 ( 64%)]  Loss: 40.74 (41.3)  Loss_cat: 0.4367 (0.450)  Loss_feat: 35.57 (36.0)  Loss_gt: 3.318 (3.36)  Loss_kd: 1.417 (1.42) LR: 1.918e-01
2025-09-01 21:19:44,699 -                train: [    INFO] - Train: 13 [1800/2502 ( 72%)]  Loss: 42.76 (41.4)  Loss_cat: 0.4580 (0.451)  Loss_feat: 36.99 (36.1)  Loss_gt: 3.716 (3.40)  Loss_kd: 1.598 (1.43) LR: 1.918e-01
2025-09-01 21:20:35,278 -                train: [    INFO] - Train: 13 [2000/2502 ( 80%)]  Loss: 47.41 (42.0)  Loss_cat: 0.5098 (0.456)  Loss_feat: 40.06 (36.5)  Loss_gt: 4.873 (3.53)  Loss_kd: 1.966 (1.48) LR: 1.918e-01
2025-09-01 21:21:25,651 -                train: [    INFO] - Train: 13 [2200/2502 ( 88%)]  Loss: 42.10 (42.0)  Loss_cat: 0.4554 (0.456)  Loss_feat: 36.48 (36.5)  Loss_gt: 3.633 (3.54)  Loss_kd: 1.531 (1.49) LR: 1.918e-01
2025-09-01 21:22:16,257 -                train: [    INFO] - Train: 13 [2400/2502 ( 96%)]  Loss: 38.81 (41.7)  Loss_cat: 0.4180 (0.453)  Loss_feat: 34.27 (36.3)  Loss_gt: 2.883 (3.49)  Loss_kd: 1.240 (1.47) LR: 1.918e-01
2025-09-01 21:22:41,269 -                train: [    INFO] - Train: 13 [2501/2502 (100%)]  Loss: 41.56 (41.7)  Loss_cat: 0.4503 (0.453)  Loss_feat: 36.23 (36.3)  Loss_gt: 3.485 (3.49)  Loss_kd: 1.393 (1.46) LR: 1.918e-01
2025-09-01 21:22:41,270 -                train: [    INFO] - Distributing BatchNorm running means and vars
2025-09-01 21:22:42,766 -                train: [    INFO] - Test: [   0/97]  Time: 1.491 (1.491)  Loss:  1.3687 (1.3687)  Acc@1: 68.3594 (68.3594)  Acc@5: 88.2812 (88.2812)
2025-09-01 21:23:00,003 -                train: [    INFO] - Test: [  97/97]  Time: 0.014 (0.191)  Loss:  1.6912 (1.9642)  Acc@1: 59.5238 (54.5760)  Acc@5: 81.2500 (80.5220)
2025-09-01 21:23:00,365 - timm.utils.checkpoint_saver: [    INFO] - Current checkpoints:
 ('./output/train/20250901-184723-mobilenetv2_vcaV2-224/checkpoint/checkpoint-12.pth.tar', 56.06000002929687)
 ('./output/train/20250901-184723-mobilenetv2_vcaV2-224/checkpoint/checkpoint-10.pth.tar', 55.42000000732422)
 ('./output/train/20250901-184723-mobilenetv2_vcaV2-224/checkpoint/checkpoint-13.pth.tar', 54.57599998657226)
 ('./output/train/20250901-184723-mobilenetv2_vcaV2-224/checkpoint/checkpoint-8.pth.tar', 54.07400000488281)
 ('./output/train/20250901-184723-mobilenetv2_vcaV2-224/checkpoint/checkpoint-9.pth.tar', 53.41799997314453)
 ('./output/train/20250901-184723-mobilenetv2_vcaV2-224/checkpoint/checkpoint-7.pth.tar', 52.348000014648434)
 ('./output/train/20250901-184723-mobilenetv2_vcaV2-224/checkpoint/checkpoint-6.pth.tar', 50.512000002441404)
 ('./output/train/20250901-184723-mobilenetv2_vcaV2-224/checkpoint/checkpoint-5.pth.tar', 48.57199999389648)
 ('./output/train/20250901-184723-mobilenetv2_vcaV2-224/checkpoint/checkpoint-11.pth.tar', 48.26399998901367)
 ('./output/train/20250901-184723-mobilenetv2_vcaV2-224/checkpoint/checkpoint-4.pth.tar', 47.64600000366211)

2025-09-01 21:23:01,697 -                train: [    INFO] - Test (EMA 0.99990): [   0/97]  Time: 1.327 (1.327)  Loss:  4.5608 (4.5608)  Acc@1: 30.8594 (30.8594)  Acc@5: 57.6172 (57.6172)
2025-09-01 21:23:19,314 -                train: [    INFO] - Test (EMA 0.99990): [  97/97]  Time: 0.014 (0.193)  Loss:  5.6543 (4.9108)  Acc@1:  8.3333 (17.5620)  Acc@5: 25.0000 (39.1100)
2025-09-01 21:23:19,521 - timm.utils.checkpoint_saver: [    INFO] - Current checkpoints:
 ('./output/train/20250901-184723-mobilenetv2_vcaV2-224/ema0.9999_checkpoint/checkpoint-13.pth.tar', 17.562000004272463)
 ('./output/train/20250901-184723-mobilenetv2_vcaV2-224/ema0.9999_checkpoint/checkpoint-12.pth.tar', 6.915999999980927)
 ('./output/train/20250901-184723-mobilenetv2_vcaV2-224/ema0.9999_checkpoint/checkpoint-11.pth.tar', 1.768)
 ('./output/train/20250901-184723-mobilenetv2_vcaV2-224/ema0.9999_checkpoint/checkpoint-10.pth.tar', 0.466)
 ('./output/train/20250901-184723-mobilenetv2_vcaV2-224/ema0.9999_checkpoint/checkpoint-9.pth.tar', 0.244)
 ('./output/train/20250901-184723-mobilenetv2_vcaV2-224/ema0.9999_checkpoint/checkpoint-8.pth.tar', 0.13)
 ('./output/train/20250901-184723-mobilenetv2_vcaV2-224/ema0.9999_checkpoint/checkpoint-0.pth.tar', 0.1)
 ('./output/train/20250901-184723-mobilenetv2_vcaV2-224/ema0.9999_checkpoint/checkpoint-1.pth.tar', 0.1)
 ('./output/train/20250901-184723-mobilenetv2_vcaV2-224/ema0.9999_checkpoint/checkpoint-2.pth.tar', 0.1)
 ('./output/train/20250901-184723-mobilenetv2_vcaV2-224/ema0.9999_checkpoint/checkpoint-3.pth.tar', 0.1)

2025-09-01 21:23:21,695 -                train: [    INFO] - Train: 14 [   0/2502 (  0%)]  Loss: 38.62 (38.6)  Loss_cat: 0.4212 (0.421)  Loss_feat: 34.24 (34.2)  Loss_gt: 2.730 (2.73)  Loss_kd: 1.229 (1.23) LR: 1.905e-01
2025-09-01 21:24:11,671 -                train: [    INFO] - Train: 14 [ 200/2502 (  8%)]  Loss: 41.95 (40.3)  Loss_cat: 0.4445 (0.433)  Loss_feat: 36.31 (35.3)  Loss_gt: 3.665 (3.20)  Loss_kd: 1.534 (1.38) LR: 1.905e-01
2025-09-01 21:25:02,857 -                train: [    INFO] - Train: 14 [ 400/2502 ( 16%)]  Loss: 39.96 (40.2)  Loss_cat: 0.4403 (0.435)  Loss_feat: 35.34 (35.3)  Loss_gt: 2.971 (3.12)  Loss_kd: 1.214 (1.33) LR: 1.905e-01
2025-09-01 21:25:53,167 -                train: [    INFO] - Train: 14 [ 600/2502 ( 24%)]  Loss: 42.85 (40.8)  Loss_cat: 0.4549 (0.440)  Loss_feat: 36.98 (35.7)  Loss_gt: 3.830 (3.30)  Loss_kd: 1.588 (1.39) LR: 1.905e-01
2025-09-01 21:26:43,889 -                train: [    INFO] - Train: 14 [ 800/2502 ( 32%)]  Loss: 39.21 (40.5)  Loss_cat: 0.4315 (0.438)  Loss_feat: 34.70 (35.5)  Loss_gt: 2.798 (3.20)  Loss_kd: 1.281 (1.37) LR: 1.905e-01
2025-09-01 21:27:35,137 -                train: [    INFO] - Train: 14 [1000/2502 ( 40%)]  Loss: 39.02 (40.3)  Loss_cat: 0.4284 (0.437)  Loss_feat: 34.48 (35.3)  Loss_gt: 2.812 (3.13)  Loss_kd: 1.305 (1.36) LR: 1.905e-01
2025-09-01 21:28:25,061 -                train: [    INFO] - Train: 14 [1200/2502 ( 48%)]  Loss: 41.10 (40.4)  Loss_cat: 0.4447 (0.438)  Loss_feat: 35.88 (35.4)  Loss_gt: 3.356 (3.17)  Loss_kd: 1.420 (1.37) LR: 1.905e-01
2025-09-01 21:29:16,093 -                train: [    INFO] - Train: 14 [1400/2502 ( 56%)]  Loss: 41.93 (40.6)  Loss_cat: 0.4546 (0.440)  Loss_feat: 36.45 (35.5)  Loss_gt: 3.526 (3.21)  Loss_kd: 1.501 (1.38) LR: 1.905e-01
2025-09-01 21:30:06,470 -                train: [    INFO] - Train: 14 [1600/2502 ( 64%)]  Loss: 44.39 (41.0)  Loss_cat: 0.4908 (0.446)  Loss_feat: 38.24 (35.8)  Loss_gt: 4.093 (3.31)  Loss_kd: 1.566 (1.40) LR: 1.905e-01
2025-09-01 21:30:57,287 -                train: [    INFO] - Train: 14 [1800/2502 ( 72%)]  Loss: 39.05 (40.8)  Loss_cat: 0.4271 (0.444)  Loss_feat: 34.41 (35.7)  Loss_gt: 2.912 (3.27)  Loss_kd: 1.292 (1.39) LR: 1.905e-01
2025-09-01 21:31:47,931 -                train: [    INFO] - Train: 14 [2000/2502 ( 80%)]  Loss: 42.18 (40.9)  Loss_cat: 0.4524 (0.445)  Loss_feat: 36.56 (35.8)  Loss_gt: 3.666 (3.31)  Loss_kd: 1.503 (1.40) LR: 1.905e-01
2025-09-01 21:32:38,618 -                train: [    INFO] - Train: 14 [2200/2502 ( 88%)]  Loss: 40.72 (40.9)  Loss_cat: 0.4532 (0.445)  Loss_feat: 35.80 (35.8)  Loss_gt: 3.140 (3.29)  Loss_kd: 1.329 (1.40) LR: 1.905e-01
2025-09-01 21:33:29,308 -                train: [    INFO] - Train: 14 [2400/2502 ( 96%)]  Loss: 42.33 (41.0)  Loss_cat: 0.4535 (0.446)  Loss_feat: 36.65 (35.8)  Loss_gt: 3.720 (3.32)  Loss_kd: 1.501 (1.40) LR: 1.905e-01
2025-09-01 21:33:54,925 -                train: [    INFO] - Train: 14 [2501/2502 (100%)]  Loss: 40.89 (41.0)  Loss_cat: 0.4395 (0.445)  Loss_feat: 35.77 (35.8)  Loss_gt: 3.283 (3.32)  Loss_kd: 1.392 (1.40) LR: 1.905e-01
2025-09-01 21:33:54,925 -                train: [    INFO] - Distributing BatchNorm running means and vars
2025-09-01 21:33:56,519 -                train: [    INFO] - Test: [   0/97]  Time: 1.589 (1.589)  Loss:  1.3523 (1.3523)  Acc@1: 70.5078 (70.5078)  Acc@5: 90.6250 (90.6250)
2025-09-01 21:34:13,978 -                train: [    INFO] - Test: [  97/97]  Time: 0.014 (0.194)  Loss:  1.6456 (1.8502)  Acc@1: 63.6905 (57.1500)  Acc@5: 82.1429 (82.3760)
2025-09-01 21:34:14,225 - timm.utils.checkpoint_saver: [    INFO] - Current checkpoints:
 ('./output/train/20250901-184723-mobilenetv2_vcaV2-224/checkpoint/checkpoint-14.pth.tar', 57.149999995117184)
 ('./output/train/20250901-184723-mobilenetv2_vcaV2-224/checkpoint/checkpoint-12.pth.tar', 56.06000002929687)
 ('./output/train/20250901-184723-mobilenetv2_vcaV2-224/checkpoint/checkpoint-10.pth.tar', 55.42000000732422)
 ('./output/train/20250901-184723-mobilenetv2_vcaV2-224/checkpoint/checkpoint-13.pth.tar', 54.57599998657226)
 ('./output/train/20250901-184723-mobilenetv2_vcaV2-224/checkpoint/checkpoint-8.pth.tar', 54.07400000488281)
 ('./output/train/20250901-184723-mobilenetv2_vcaV2-224/checkpoint/checkpoint-9.pth.tar', 53.41799997314453)
 ('./output/train/20250901-184723-mobilenetv2_vcaV2-224/checkpoint/checkpoint-7.pth.tar', 52.348000014648434)
 ('./output/train/20250901-184723-mobilenetv2_vcaV2-224/checkpoint/checkpoint-6.pth.tar', 50.512000002441404)
 ('./output/train/20250901-184723-mobilenetv2_vcaV2-224/checkpoint/checkpoint-5.pth.tar', 48.57199999389648)
 ('./output/train/20250901-184723-mobilenetv2_vcaV2-224/checkpoint/checkpoint-11.pth.tar', 48.26399998901367)

2025-09-01 21:34:15,581 -                train: [    INFO] - Test (EMA 0.99990): [   0/97]  Time: 1.350 (1.350)  Loss:  3.5335 (3.5335)  Acc@1: 46.2891 (46.2891)  Acc@5: 72.4609 (72.4609)
2025-09-01 21:34:31,210 -                train: [    INFO] - Test (EMA 0.99990): [  97/97]  Time: 0.014 (0.173)  Loss:  4.5759 (4.0766)  Acc@1: 27.6786 (29.1480)  Acc@5: 49.1071 (54.7600)
2025-09-01 21:34:31,414 - timm.utils.checkpoint_saver: [    INFO] - Current checkpoints:
 ('./output/train/20250901-184723-mobilenetv2_vcaV2-224/ema0.9999_checkpoint/checkpoint-14.pth.tar', 29.148000001831054)
 ('./output/train/20250901-184723-mobilenetv2_vcaV2-224/ema0.9999_checkpoint/checkpoint-13.pth.tar', 17.562000004272463)
 ('./output/train/20250901-184723-mobilenetv2_vcaV2-224/ema0.9999_checkpoint/checkpoint-12.pth.tar', 6.915999999980927)
 ('./output/train/20250901-184723-mobilenetv2_vcaV2-224/ema0.9999_checkpoint/checkpoint-11.pth.tar', 1.768)
 ('./output/train/20250901-184723-mobilenetv2_vcaV2-224/ema0.9999_checkpoint/checkpoint-10.pth.tar', 0.466)
 ('./output/train/20250901-184723-mobilenetv2_vcaV2-224/ema0.9999_checkpoint/checkpoint-9.pth.tar', 0.244)
 ('./output/train/20250901-184723-mobilenetv2_vcaV2-224/ema0.9999_checkpoint/checkpoint-8.pth.tar', 0.13)
 ('./output/train/20250901-184723-mobilenetv2_vcaV2-224/ema0.9999_checkpoint/checkpoint-0.pth.tar', 0.1)
 ('./output/train/20250901-184723-mobilenetv2_vcaV2-224/ema0.9999_checkpoint/checkpoint-1.pth.tar', 0.1)
 ('./output/train/20250901-184723-mobilenetv2_vcaV2-224/ema0.9999_checkpoint/checkpoint-2.pth.tar', 0.1)

2025-09-01 21:34:33,437 -                train: [    INFO] - Train: 15 [   0/2502 (  0%)]  Loss: 39.36 (39.4)  Loss_cat: 0.4309 (0.431)  Loss_feat: 34.86 (34.9)  Loss_gt: 2.842 (2.84)  Loss_kd: 1.223 (1.22) LR: 1.891e-01
2025-09-01 21:35:24,091 -                train: [    INFO] - Train: 15 [ 200/2502 (  8%)]  Loss: 39.75 (39.6)  Loss_cat: 0.4312 (0.431)  Loss_feat: 35.01 (34.9)  Loss_gt: 3.057 (2.95)  Loss_kd: 1.249 (1.24) LR: 1.891e-01
2025-09-01 21:36:14,276 -                train: [    INFO] - Train: 15 [ 400/2502 ( 16%)]  Loss: 40.69 (39.9)  Loss_cat: 0.4356 (0.433)  Loss_feat: 35.65 (35.2)  Loss_gt: 3.180 (3.03)  Loss_kd: 1.417 (1.30) LR: 1.891e-01
2025-09-01 21:37:03,769 -                train: [    INFO] - Train: 15 [ 600/2502 ( 24%)]  Loss: 38.83 (39.7)  Loss_cat: 0.4176 (0.429)  Loss_feat: 34.27 (35.0)  Loss_gt: 2.851 (2.98)  Loss_kd: 1.285 (1.29) LR: 1.891e-01
2025-09-01 21:37:54,138 -                train: [    INFO] - Train: 15 [ 800/2502 ( 32%)]  Loss: 41.83 (40.1)  Loss_cat: 0.4509 (0.433)  Loss_feat: 36.40 (35.2)  Loss_gt: 3.559 (3.10)  Loss_kd: 1.413 (1.32) LR: 1.891e-01
2025-09-01 21:38:44,516 -                train: [    INFO] - Train: 15 [1000/2502 ( 40%)]  Loss: 38.37 (39.8)  Loss_cat: 0.4152 (0.430)  Loss_feat: 34.07 (35.0)  Loss_gt: 2.727 (3.04)  Loss_kd: 1.155 (1.29) LR: 1.891e-01
2025-09-01 21:39:34,472 -                train: [    INFO] - Train: 15 [1200/2502 ( 48%)]  Loss: 39.93 (39.8)  Loss_cat: 0.4329 (0.431)  Loss_feat: 35.06 (35.0)  Loss_gt: 3.146 (3.05)  Loss_kd: 1.290 (1.29) LR: 1.891e-01
2025-09-01 21:40:25,123 -                train: [    INFO] - Train: 15 [1400/2502 ( 56%)]  Loss: 42.71 (40.2)  Loss_cat: 0.4511 (0.433)  Loss_feat: 36.93 (35.3)  Loss_gt: 3.746 (3.14)  Loss_kd: 1.573 (1.33) LR: 1.891e-01
2025-09-01 21:41:15,419 -                train: [    INFO] - Train: 15 [1600/2502 ( 64%)]  Loss: 41.99 (40.4)  Loss_cat: 0.4646 (0.437)  Loss_feat: 36.63 (35.4)  Loss_gt: 3.486 (3.18)  Loss_kd: 1.414 (1.34) LR: 1.891e-01
2025-09-01 21:42:08,921 -                train: [    INFO] - Train: 15 [1800/2502 ( 72%)]  Loss: 41.14 (40.5)  Loss_cat: 0.4496 (0.438)  Loss_feat: 35.90 (35.5)  Loss_gt: 3.350 (3.19)  Loss_kd: 1.440 (1.35) LR: 1.891e-01
2025-09-01 21:43:03,750 -                train: [    INFO] - Train: 15 [2000/2502 ( 80%)]  Loss: 39.80 (40.4)  Loss_cat: 0.4301 (0.437)  Loss_feat: 34.94 (35.4)  Loss_gt: 3.053 (3.18)  Loss_kd: 1.375 (1.35) LR: 1.891e-01
2025-09-01 21:43:54,508 -                train: [    INFO] - Train: 15 [2200/2502 ( 88%)]  Loss: 38.40 (40.2)  Loss_cat: 0.4193 (0.436)  Loss_feat: 34.20 (35.3)  Loss_gt: 2.657 (3.14)  Loss_kd: 1.121 (1.33) LR: 1.891e-01
2025-09-01 21:44:44,811 -                train: [    INFO] - Train: 15 [2400/2502 ( 96%)]  Loss: 40.93 (40.3)  Loss_cat: 0.4375 (0.436)  Loss_feat: 35.65 (35.4)  Loss_gt: 3.409 (3.16)  Loss_kd: 1.430 (1.34) LR: 1.891e-01
2025-09-01 21:45:10,853 -                train: [    INFO] - Train: 15 [2501/2502 (100%)]  Loss: 45.96 (40.7)  Loss_cat: 0.4742 (0.439)  Loss_feat: 38.86 (35.6)  Loss_gt: 4.754 (3.27)  Loss_kd: 1.874 (1.38) LR: 1.891e-01
2025-09-01 21:45:10,854 -                train: [    INFO] - Distributing BatchNorm running means and vars
2025-09-01 21:45:12,600 -                train: [    INFO] - Test: [   0/97]  Time: 1.742 (1.742)  Loss:  1.3395 (1.3395)  Acc@1: 70.3125 (70.3125)  Acc@5: 88.0859 (88.0859)
2025-09-01 21:45:29,261 -                train: [    INFO] - Test: [  97/97]  Time: 0.014 (0.188)  Loss:  1.3848 (1.8891)  Acc@1: 69.9405 (55.9420)  Acc@5: 86.9048 (81.4580)
2025-09-01 21:45:29,482 - timm.utils.checkpoint_saver: [    INFO] - Current checkpoints:
 ('./output/train/20250901-184723-mobilenetv2_vcaV2-224/checkpoint/checkpoint-14.pth.tar', 57.149999995117184)
 ('./output/train/20250901-184723-mobilenetv2_vcaV2-224/checkpoint/checkpoint-12.pth.tar', 56.06000002929687)
 ('./output/train/20250901-184723-mobilenetv2_vcaV2-224/checkpoint/checkpoint-15.pth.tar', 55.941999995117186)
 ('./output/train/20250901-184723-mobilenetv2_vcaV2-224/checkpoint/checkpoint-10.pth.tar', 55.42000000732422)
 ('./output/train/20250901-184723-mobilenetv2_vcaV2-224/checkpoint/checkpoint-13.pth.tar', 54.57599998657226)
 ('./output/train/20250901-184723-mobilenetv2_vcaV2-224/checkpoint/checkpoint-8.pth.tar', 54.07400000488281)
 ('./output/train/20250901-184723-mobilenetv2_vcaV2-224/checkpoint/checkpoint-9.pth.tar', 53.41799997314453)
 ('./output/train/20250901-184723-mobilenetv2_vcaV2-224/checkpoint/checkpoint-7.pth.tar', 52.348000014648434)
 ('./output/train/20250901-184723-mobilenetv2_vcaV2-224/checkpoint/checkpoint-6.pth.tar', 50.512000002441404)
 ('./output/train/20250901-184723-mobilenetv2_vcaV2-224/checkpoint/checkpoint-5.pth.tar', 48.57199999389648)

2025-09-01 21:45:31,034 -                train: [    INFO] - Test (EMA 0.99990): [   0/97]  Time: 1.548 (1.548)  Loss:  2.6709 (2.6709)  Acc@1: 55.8594 (55.8594)  Acc@5: 80.8594 (80.8594)
2025-09-01 21:45:46,972 -                train: [    INFO] - Test (EMA 0.99990): [  97/97]  Time: 0.014 (0.178)  Loss:  3.6122 (3.3837)  Acc@1: 40.1786 (37.9400)  Acc@5: 64.5833 (64.9720)
2025-09-01 21:45:47,247 - timm.utils.checkpoint_saver: [    INFO] - Current checkpoints:
 ('./output/train/20250901-184723-mobilenetv2_vcaV2-224/ema0.9999_checkpoint/checkpoint-15.pth.tar', 37.94000001464844)
 ('./output/train/20250901-184723-mobilenetv2_vcaV2-224/ema0.9999_checkpoint/checkpoint-14.pth.tar', 29.148000001831054)
 ('./output/train/20250901-184723-mobilenetv2_vcaV2-224/ema0.9999_checkpoint/checkpoint-13.pth.tar', 17.562000004272463)
 ('./output/train/20250901-184723-mobilenetv2_vcaV2-224/ema0.9999_checkpoint/checkpoint-12.pth.tar', 6.915999999980927)
 ('./output/train/20250901-184723-mobilenetv2_vcaV2-224/ema0.9999_checkpoint/checkpoint-11.pth.tar', 1.768)
 ('./output/train/20250901-184723-mobilenetv2_vcaV2-224/ema0.9999_checkpoint/checkpoint-10.pth.tar', 0.466)
 ('./output/train/20250901-184723-mobilenetv2_vcaV2-224/ema0.9999_checkpoint/checkpoint-9.pth.tar', 0.244)
 ('./output/train/20250901-184723-mobilenetv2_vcaV2-224/ema0.9999_checkpoint/checkpoint-8.pth.tar', 0.13)
 ('./output/train/20250901-184723-mobilenetv2_vcaV2-224/ema0.9999_checkpoint/checkpoint-0.pth.tar', 0.1)
 ('./output/train/20250901-184723-mobilenetv2_vcaV2-224/ema0.9999_checkpoint/checkpoint-1.pth.tar', 0.1)

2025-09-01 21:45:49,016 -                train: [    INFO] - Train: 16 [   0/2502 (  0%)]  Loss: 43.92 (43.9)  Loss_cat: 0.4677 (0.468)  Loss_feat: 37.85 (37.8)  Loss_gt: 4.015 (4.02)  Loss_kd: 1.589 (1.59) LR: 1.876e-01
2025-09-01 21:46:39,938 -                train: [    INFO] - Train: 16 [ 200/2502 (  8%)]  Loss: 43.47 (43.7)  Loss_cat: 0.4707 (0.469)  Loss_feat: 37.51 (37.7)  Loss_gt: 3.944 (3.98)  Loss_kd: 1.539 (1.56) LR: 1.876e-01
2025-09-01 21:47:30,517 -                train: [    INFO] - Train: 16 [ 400/2502 ( 16%)]  Loss: 39.47 (42.3)  Loss_cat: 0.4317 (0.457)  Loss_feat: 34.83 (36.7)  Loss_gt: 2.972 (3.64)  Loss_kd: 1.239 (1.46) LR: 1.876e-01
2025-09-01 21:48:20,879 -                train: [    INFO] - Train: 16 [ 600/2502 ( 24%)]  Loss: 38.99 (41.5)  Loss_cat: 0.4247 (0.449)  Loss_feat: 34.45 (36.2)  Loss_gt: 2.826 (3.44)  Loss_kd: 1.292 (1.41) LR: 1.876e-01
2025-09-01 21:49:10,673 -                train: [    INFO] - Train: 16 [ 800/2502 ( 32%)]  Loss: 38.71 (40.9)  Loss_cat: 0.4260 (0.444)  Loss_feat: 34.27 (35.8)  Loss_gt: 2.748 (3.30)  Loss_kd: 1.264 (1.38) LR: 1.876e-01
2025-09-01 21:50:01,517 -                train: [    INFO] - Train: 16 [1000/2502 ( 40%)]  Loss: 42.06 (41.1)  Loss_cat: 0.4525 (0.446)  Loss_feat: 36.40 (35.9)  Loss_gt: 3.679 (3.36)  Loss_kd: 1.523 (1.41) LR: 1.876e-01
2025-09-01 21:50:51,606 -                train: [    INFO] - Train: 16 [1200/2502 ( 48%)]  Loss: 42.19 (41.3)  Loss_cat: 0.4540 (0.447)  Loss_feat: 36.70 (36.0)  Loss_gt: 3.584 (3.40)  Loss_kd: 1.459 (1.41) LR: 1.876e-01
2025-09-01 21:51:42,116 -                train: [    INFO] - Train: 16 [1400/2502 ( 56%)]  Loss: 40.45 (41.2)  Loss_cat: 0.4430 (0.446)  Loss_feat: 35.59 (35.9)  Loss_gt: 3.149 (3.36)  Loss_kd: 1.276 (1.40) LR: 1.876e-01
2025-09-01 21:52:32,730 -                train: [    INFO] - Train: 16 [1600/2502 ( 64%)]  Loss: 41.02 (41.1)  Loss_cat: 0.4445 (0.446)  Loss_feat: 35.88 (35.9)  Loss_gt: 3.276 (3.35)  Loss_kd: 1.423 (1.40) LR: 1.876e-01
2025-09-01 21:53:24,409 -                train: [    INFO] - Train: 16 [1800/2502 ( 72%)]  Loss: 40.08 (41.0)  Loss_cat: 0.4271 (0.444)  Loss_feat: 35.21 (35.9)  Loss_gt: 3.136 (3.33)  Loss_kd: 1.307 (1.39) LR: 1.876e-01
2025-09-01 21:54:14,120 -                train: [    INFO] - Train: 16 [2000/2502 ( 80%)]  Loss: 40.46 (41.0)  Loss_cat: 0.4419 (0.444)  Loss_feat: 35.36 (35.8)  Loss_gt: 3.213 (3.32)  Loss_kd: 1.443 (1.40) LR: 1.876e-01
2025-09-01 21:55:04,405 -                train: [    INFO] - Train: 16 [2200/2502 ( 88%)]  Loss: 41.03 (41.0)  Loss_cat: 0.4409 (0.444)  Loss_feat: 35.86 (35.8)  Loss_gt: 3.311 (3.32)  Loss_kd: 1.426 (1.40) LR: 1.876e-01
2025-09-01 21:55:54,796 -                train: [    INFO] - Train: 16 [2400/2502 ( 96%)]  Loss: 43.08 (41.1)  Loss_cat: 0.4643 (0.445)  Loss_feat: 37.23 (35.9)  Loss_gt: 3.820 (3.36)  Loss_kd: 1.565 (1.41) LR: 1.876e-01
2025-09-01 21:56:20,395 -                train: [    INFO] - Train: 16 [2501/2502 (100%)]  Loss: 38.73 (41.0)  Loss_cat: 0.4172 (0.443)  Loss_feat: 34.17 (35.8)  Loss_gt: 2.922 (3.33)  Loss_kd: 1.221 (1.40) LR: 1.876e-01
2025-09-01 21:56:20,396 -                train: [    INFO] - Distributing BatchNorm running means and vars
2025-09-01 21:56:22,343 -                train: [    INFO] - Test: [   0/97]  Time: 1.942 (1.942)  Loss:  1.5613 (1.5613)  Acc@1: 63.4766 (63.4766)  Acc@5: 85.3516 (85.3516)
2025-09-01 21:56:39,960 -                train: [    INFO] - Test: [  97/97]  Time: 0.014 (0.200)  Loss:  1.6283 (1.9833)  Acc@1: 64.2857 (54.5100)  Acc@5: 83.9286 (80.6220)
2025-09-01 21:56:40,201 - timm.utils.checkpoint_saver: [    INFO] - Current checkpoints:
 ('./output/train/20250901-184723-mobilenetv2_vcaV2-224/checkpoint/checkpoint-14.pth.tar', 57.149999995117184)
 ('./output/train/20250901-184723-mobilenetv2_vcaV2-224/checkpoint/checkpoint-12.pth.tar', 56.06000002929687)
 ('./output/train/20250901-184723-mobilenetv2_vcaV2-224/checkpoint/checkpoint-15.pth.tar', 55.941999995117186)
 ('./output/train/20250901-184723-mobilenetv2_vcaV2-224/checkpoint/checkpoint-10.pth.tar', 55.42000000732422)
 ('./output/train/20250901-184723-mobilenetv2_vcaV2-224/checkpoint/checkpoint-13.pth.tar', 54.57599998657226)
 ('./output/train/20250901-184723-mobilenetv2_vcaV2-224/checkpoint/checkpoint-16.pth.tar', 54.50999999267578)
 ('./output/train/20250901-184723-mobilenetv2_vcaV2-224/checkpoint/checkpoint-8.pth.tar', 54.07400000488281)
 ('./output/train/20250901-184723-mobilenetv2_vcaV2-224/checkpoint/checkpoint-9.pth.tar', 53.41799997314453)
 ('./output/train/20250901-184723-mobilenetv2_vcaV2-224/checkpoint/checkpoint-7.pth.tar', 52.348000014648434)
 ('./output/train/20250901-184723-mobilenetv2_vcaV2-224/checkpoint/checkpoint-6.pth.tar', 50.512000002441404)

2025-09-01 21:56:41,800 -                train: [    INFO] - Test (EMA 0.99990): [   0/97]  Time: 1.593 (1.593)  Loss:  2.0604 (2.0604)  Acc@1: 63.0859 (63.0859)  Acc@5: 84.9609 (84.9609)
2025-09-01 21:56:57,812 -                train: [    INFO] - Test (EMA 0.99990): [  97/97]  Time: 0.014 (0.180)  Loss:  2.8675 (2.8571)  Acc@1: 49.4048 (44.5900)  Acc@5: 73.5119 (71.2940)
2025-09-01 21:56:58,218 - timm.utils.checkpoint_saver: [    INFO] - Current checkpoints:
 ('./output/train/20250901-184723-mobilenetv2_vcaV2-224/ema0.9999_checkpoint/checkpoint-16.pth.tar', 44.59000000244141)
 ('./output/train/20250901-184723-mobilenetv2_vcaV2-224/ema0.9999_checkpoint/checkpoint-15.pth.tar', 37.94000001464844)
 ('./output/train/20250901-184723-mobilenetv2_vcaV2-224/ema0.9999_checkpoint/checkpoint-14.pth.tar', 29.148000001831054)
 ('./output/train/20250901-184723-mobilenetv2_vcaV2-224/ema0.9999_checkpoint/checkpoint-13.pth.tar', 17.562000004272463)
 ('./output/train/20250901-184723-mobilenetv2_vcaV2-224/ema0.9999_checkpoint/checkpoint-12.pth.tar', 6.915999999980927)
 ('./output/train/20250901-184723-mobilenetv2_vcaV2-224/ema0.9999_checkpoint/checkpoint-11.pth.tar', 1.768)
 ('./output/train/20250901-184723-mobilenetv2_vcaV2-224/ema0.9999_checkpoint/checkpoint-10.pth.tar', 0.466)
 ('./output/train/20250901-184723-mobilenetv2_vcaV2-224/ema0.9999_checkpoint/checkpoint-9.pth.tar', 0.244)
 ('./output/train/20250901-184723-mobilenetv2_vcaV2-224/ema0.9999_checkpoint/checkpoint-8.pth.tar', 0.13)
 ('./output/train/20250901-184723-mobilenetv2_vcaV2-224/ema0.9999_checkpoint/checkpoint-0.pth.tar', 0.1)

2025-09-01 21:57:02,310 -                train: [    INFO] - Train: 17 [   0/2502 (  0%)]  Loss: 38.15 (38.1)  Loss_cat: 0.4092 (0.409)  Loss_feat: 33.82 (33.8)  Loss_gt: 2.737 (2.74)  Loss_kd: 1.181 (1.18) LR: 1.861e-01
2025-09-01 21:57:52,607 -                train: [    INFO] - Train: 17 [ 200/2502 (  8%)]  Loss: 44.37 (41.3)  Loss_cat: 0.4799 (0.445)  Loss_feat: 38.22 (36.0)  Loss_gt: 4.037 (3.39)  Loss_kd: 1.639 (1.41) LR: 1.861e-01
2025-09-01 21:58:42,868 -                train: [    INFO] - Train: 17 [ 400/2502 ( 16%)]  Loss: 42.52 (41.7)  Loss_cat: 0.4520 (0.447)  Loss_feat: 36.70 (36.2)  Loss_gt: 3.766 (3.51)  Loss_kd: 1.600 (1.47) LR: 1.861e-01
2025-09-01 21:59:33,536 -                train: [    INFO] - Train: 17 [ 600/2502 ( 24%)]  Loss: 39.19 (41.1)  Loss_cat: 0.4205 (0.440)  Loss_feat: 34.51 (35.8)  Loss_gt: 2.986 (3.38)  Loss_kd: 1.272 (1.42) LR: 1.861e-01
2025-09-01 22:00:23,259 -                train: [    INFO] - Train: 17 [ 800/2502 ( 32%)]  Loss: 40.67 (41.0)  Loss_cat: 0.4384 (0.440)  Loss_feat: 35.71 (35.8)  Loss_gt: 3.179 (3.34)  Loss_kd: 1.341 (1.41) LR: 1.861e-01
2025-09-01 22:01:13,846 -                train: [    INFO] - Train: 17 [1000/2502 ( 40%)]  Loss: 40.62 (40.9)  Loss_cat: 0.4289 (0.438)  Loss_feat: 35.38 (35.7)  Loss_gt: 3.388 (3.35)  Loss_kd: 1.425 (1.41) LR: 1.861e-01
2025-09-01 22:02:04,176 -                train: [    INFO] - Train: 17 [1200/2502 ( 48%)]  Loss: 46.52 (41.7)  Loss_cat: 0.4872 (0.445)  Loss_feat: 39.41 (36.2)  Loss_gt: 4.745 (3.55)  Loss_kd: 1.878 (1.48) LR: 1.861e-01
2025-09-01 22:02:54,212 -                train: [    INFO] - Train: 17 [1400/2502 ( 56%)]  Loss: 40.01 (41.5)  Loss_cat: 0.4297 (0.443)  Loss_feat: 35.09 (36.1)  Loss_gt: 3.184 (3.50)  Loss_kd: 1.311 (1.46) LR: 1.861e-01
2025-09-01 22:03:45,055 -                train: [    INFO] - Train: 17 [1600/2502 ( 64%)]  Loss: 44.08 (41.8)  Loss_cat: 0.4765 (0.447)  Loss_feat: 37.81 (36.3)  Loss_gt: 4.164 (3.58)  Loss_kd: 1.628 (1.48) LR: 1.861e-01
2025-09-01 22:04:35,511 -                train: [    INFO] - Train: 17 [1800/2502 ( 72%)]  Loss: 42.23 (41.8)  Loss_cat: 0.4623 (0.448)  Loss_feat: 36.81 (36.3)  Loss_gt: 3.534 (3.57)  Loss_kd: 1.424 (1.47) LR: 1.861e-01
2025-09-01 22:05:26,259 -                train: [    INFO] - Train: 17 [2000/2502 ( 80%)]  Loss: 42.26 (41.9)  Loss_cat: 0.4569 (0.449)  Loss_feat: 36.68 (36.4)  Loss_gt: 3.660 (3.58)  Loss_kd: 1.470 (1.47) LR: 1.861e-01
2025-09-01 22:06:16,892 -                train: [    INFO] - Train: 17 [2200/2502 ( 88%)]  Loss: 39.15 (41.6)  Loss_cat: 0.4221 (0.447)  Loss_feat: 34.61 (36.2)  Loss_gt: 2.958 (3.53)  Loss_kd: 1.161 (1.44) LR: 1.861e-01
2025-09-01 22:07:07,528 -                train: [    INFO] - Train: 17 [2400/2502 ( 96%)]  Loss: 40.83 (41.6)  Loss_cat: 0.4457 (0.447)  Loss_feat: 35.90 (36.2)  Loss_gt: 3.192 (3.50)  Loss_kd: 1.292 (1.43) LR: 1.861e-01
2025-09-01 22:07:32,746 -                train: [    INFO] - Train: 17 [2501/2502 (100%)]  Loss: 41.96 (41.6)  Loss_cat: 0.4495 (0.447)  Loss_feat: 36.38 (36.2)  Loss_gt: 3.564 (3.51)  Loss_kd: 1.566 (1.44) LR: 1.861e-01
2025-09-01 22:07:32,747 -                train: [    INFO] - Distributing BatchNorm running means and vars
2025-09-01 22:07:34,424 -                train: [    INFO] - Test: [   0/97]  Time: 1.673 (1.673)  Loss:  1.2277 (1.2277)  Acc@1: 72.6562 (72.6562)  Acc@5: 90.2344 (90.2344)
2025-09-01 22:07:51,420 -                train: [    INFO] - Test: [  97/97]  Time: 0.014 (0.190)  Loss:  1.6369 (1.8591)  Acc@1: 64.2857 (56.4420)  Acc@5: 81.2500 (81.8120)
2025-09-01 22:07:51,773 - timm.utils.checkpoint_saver: [    INFO] - Current checkpoints:
 ('./output/train/20250901-184723-mobilenetv2_vcaV2-224/checkpoint/checkpoint-14.pth.tar', 57.149999995117184)
 ('./output/train/20250901-184723-mobilenetv2_vcaV2-224/checkpoint/checkpoint-17.pth.tar', 56.44199999267578)
 ('./output/train/20250901-184723-mobilenetv2_vcaV2-224/checkpoint/checkpoint-12.pth.tar', 56.06000002929687)
 ('./output/train/20250901-184723-mobilenetv2_vcaV2-224/checkpoint/checkpoint-15.pth.tar', 55.941999995117186)
 ('./output/train/20250901-184723-mobilenetv2_vcaV2-224/checkpoint/checkpoint-10.pth.tar', 55.42000000732422)
 ('./output/train/20250901-184723-mobilenetv2_vcaV2-224/checkpoint/checkpoint-13.pth.tar', 54.57599998657226)
 ('./output/train/20250901-184723-mobilenetv2_vcaV2-224/checkpoint/checkpoint-16.pth.tar', 54.50999999267578)
 ('./output/train/20250901-184723-mobilenetv2_vcaV2-224/checkpoint/checkpoint-8.pth.tar', 54.07400000488281)
 ('./output/train/20250901-184723-mobilenetv2_vcaV2-224/checkpoint/checkpoint-9.pth.tar', 53.41799997314453)
 ('./output/train/20250901-184723-mobilenetv2_vcaV2-224/checkpoint/checkpoint-7.pth.tar', 52.348000014648434)

2025-09-01 22:07:53,329 -                train: [    INFO] - Test (EMA 0.99990): [   0/97]  Time: 1.552 (1.552)  Loss:  1.6648 (1.6648)  Acc@1: 68.1641 (68.1641)  Acc@5: 89.2578 (89.2578)
2025-09-01 22:08:09,408 -                train: [    INFO] - Test (EMA 0.99990): [  97/97]  Time: 0.014 (0.180)  Loss:  2.3705 (2.4718)  Acc@1: 55.0595 (49.5740)  Acc@5: 77.9762 (75.5400)
2025-09-01 22:08:09,633 - timm.utils.checkpoint_saver: [    INFO] - Current checkpoints:
 ('./output/train/20250901-184723-mobilenetv2_vcaV2-224/ema0.9999_checkpoint/checkpoint-17.pth.tar', 49.57400000488281)
 ('./output/train/20250901-184723-mobilenetv2_vcaV2-224/ema0.9999_checkpoint/checkpoint-16.pth.tar', 44.59000000244141)
 ('./output/train/20250901-184723-mobilenetv2_vcaV2-224/ema0.9999_checkpoint/checkpoint-15.pth.tar', 37.94000001464844)
 ('./output/train/20250901-184723-mobilenetv2_vcaV2-224/ema0.9999_checkpoint/checkpoint-14.pth.tar', 29.148000001831054)
 ('./output/train/20250901-184723-mobilenetv2_vcaV2-224/ema0.9999_checkpoint/checkpoint-13.pth.tar', 17.562000004272463)
 ('./output/train/20250901-184723-mobilenetv2_vcaV2-224/ema0.9999_checkpoint/checkpoint-12.pth.tar', 6.915999999980927)
 ('./output/train/20250901-184723-mobilenetv2_vcaV2-224/ema0.9999_checkpoint/checkpoint-11.pth.tar', 1.768)
 ('./output/train/20250901-184723-mobilenetv2_vcaV2-224/ema0.9999_checkpoint/checkpoint-10.pth.tar', 0.466)
 ('./output/train/20250901-184723-mobilenetv2_vcaV2-224/ema0.9999_checkpoint/checkpoint-9.pth.tar', 0.244)
 ('./output/train/20250901-184723-mobilenetv2_vcaV2-224/ema0.9999_checkpoint/checkpoint-8.pth.tar', 0.13)

2025-09-01 22:08:11,555 -                train: [    INFO] - Train: 18 [   0/2502 (  0%)]  Loss: 42.07 (42.1)  Loss_cat: 0.4619 (0.462)  Loss_feat: 36.63 (36.6)  Loss_gt: 3.557 (3.56)  Loss_kd: 1.427 (1.43) LR: 1.844e-01
2025-09-01 22:09:02,010 -                train: [    INFO] - Train: 18 [ 200/2502 (  8%)]  Loss: 43.34 (42.7)  Loss_cat: 0.4622 (0.462)  Loss_feat: 37.35 (37.0)  Loss_gt: 3.922 (3.74)  Loss_kd: 1.606 (1.52) LR: 1.844e-01
2025-09-01 22:09:51,577 -                train: [    INFO] - Train: 18 [ 400/2502 ( 16%)]  Loss: 43.35 (42.9)  Loss_cat: 0.4741 (0.466)  Loss_feat: 37.60 (37.2)  Loss_gt: 3.770 (3.75)  Loss_kd: 1.499 (1.51) LR: 1.844e-01
2025-09-01 22:10:41,679 -                train: [    INFO] - Train: 18 [ 600/2502 ( 24%)]  Loss: 38.07 (41.7)  Loss_cat: 0.4133 (0.453)  Loss_feat: 33.81 (36.3)  Loss_gt: 2.703 (3.49)  Loss_kd: 1.137 (1.42) LR: 1.844e-01
2025-09-01 22:11:31,883 -                train: [    INFO] - Train: 18 [ 800/2502 ( 32%)]  Loss: 39.46 (41.3)  Loss_cat: 0.4282 (0.448)  Loss_feat: 34.83 (36.0)  Loss_gt: 2.991 (3.39)  Loss_kd: 1.213 (1.38) LR: 1.844e-01
2025-09-01 22:12:23,229 -                train: [    INFO] - Train: 18 [1000/2502 ( 40%)]  Loss: 40.98 (41.2)  Loss_cat: 0.4386 (0.446)  Loss_feat: 35.75 (36.0)  Loss_gt: 3.354 (3.38)  Loss_kd: 1.445 (1.39) LR: 1.844e-01
2025-09-01 22:13:13,620 -                train: [    INFO] - Train: 18 [1200/2502 ( 48%)]  Loss: 39.25 (40.9)  Loss_cat: 0.4343 (0.445)  Loss_feat: 34.70 (35.8)  Loss_gt: 2.843 (3.31)  Loss_kd: 1.275 (1.37) LR: 1.844e-01
2025-09-01 22:14:04,517 -                train: [    INFO] - Train: 18 [1400/2502 ( 56%)]  Loss: 39.12 (40.7)  Loss_cat: 0.4228 (0.442)  Loss_feat: 34.63 (35.7)  Loss_gt: 2.826 (3.25)  Loss_kd: 1.244 (1.36) LR: 1.844e-01
2025-09-01 22:14:54,844 -                train: [    INFO] - Train: 18 [1600/2502 ( 64%)]  Loss: 40.94 (40.7)  Loss_cat: 0.4369 (0.441)  Loss_feat: 35.78 (35.7)  Loss_gt: 3.319 (3.25)  Loss_kd: 1.398 (1.36) LR: 1.844e-01
2025-09-01 22:15:44,979 -                train: [    INFO] - Train: 18 [1800/2502 ( 72%)]  Loss: 43.79 (41.0)  Loss_cat: 0.4668 (0.444)  Loss_feat: 37.59 (35.9)  Loss_gt: 4.071 (3.34)  Loss_kd: 1.660 (1.39) LR: 1.844e-01
2025-09-01 22:16:35,510 -                train: [    INFO] - Train: 18 [2000/2502 ( 80%)]  Loss: 46.66 (41.5)  Loss_cat: 0.4930 (0.448)  Loss_feat: 39.56 (36.2)  Loss_gt: 4.716 (3.46)  Loss_kd: 1.892 (1.44) LR: 1.844e-01
2025-09-01 22:17:26,526 -                train: [    INFO] - Train: 18 [2200/2502 ( 88%)]  Loss: 40.11 (41.4)  Loss_cat: 0.4270 (0.447)  Loss_feat: 35.16 (36.1)  Loss_gt: 3.192 (3.44)  Loss_kd: 1.335 (1.43) LR: 1.844e-01
2025-09-01 22:18:16,475 -                train: [    INFO] - Train: 18 [2400/2502 ( 96%)]  Loss: 41.28 (41.4)  Loss_cat: 0.4421 (0.446)  Loss_feat: 35.98 (36.1)  Loss_gt: 3.451 (3.44)  Loss_kd: 1.409 (1.43) LR: 1.844e-01
2025-09-01 22:18:42,331 -                train: [    INFO] - Train: 18 [2501/2502 (100%)]  Loss: 40.50 (41.4)  Loss_cat: 0.4330 (0.445)  Loss_feat: 35.43 (36.1)  Loss_gt: 3.304 (3.43)  Loss_kd: 1.327 (1.42) LR: 1.844e-01
2025-09-01 22:18:42,332 -                train: [    INFO] - Distributing BatchNorm running means and vars
2025-09-01 22:18:43,938 -                train: [    INFO] - Test: [   0/97]  Time: 1.601 (1.601)  Loss:  1.4334 (1.4334)  Acc@1: 68.7500 (68.7500)  Acc@5: 88.4766 (88.4766)
2025-09-01 22:19:00,745 -                train: [    INFO] - Test: [  97/97]  Time: 0.014 (0.188)  Loss:  1.4369 (1.8910)  Acc@1: 68.7500 (56.9700)  Acc@5: 86.9048 (82.1280)
2025-09-01 22:19:00,942 - timm.utils.checkpoint_saver: [    INFO] - Current checkpoints:
 ('./output/train/20250901-184723-mobilenetv2_vcaV2-224/checkpoint/checkpoint-14.pth.tar', 57.149999995117184)
 ('./output/train/20250901-184723-mobilenetv2_vcaV2-224/checkpoint/checkpoint-18.pth.tar', 56.97)
 ('./output/train/20250901-184723-mobilenetv2_vcaV2-224/checkpoint/checkpoint-17.pth.tar', 56.44199999267578)
 ('./output/train/20250901-184723-mobilenetv2_vcaV2-224/checkpoint/checkpoint-12.pth.tar', 56.06000002929687)
 ('./output/train/20250901-184723-mobilenetv2_vcaV2-224/checkpoint/checkpoint-15.pth.tar', 55.941999995117186)
 ('./output/train/20250901-184723-mobilenetv2_vcaV2-224/checkpoint/checkpoint-10.pth.tar', 55.42000000732422)
 ('./output/train/20250901-184723-mobilenetv2_vcaV2-224/checkpoint/checkpoint-13.pth.tar', 54.57599998657226)
 ('./output/train/20250901-184723-mobilenetv2_vcaV2-224/checkpoint/checkpoint-16.pth.tar', 54.50999999267578)
 ('./output/train/20250901-184723-mobilenetv2_vcaV2-224/checkpoint/checkpoint-8.pth.tar', 54.07400000488281)
 ('./output/train/20250901-184723-mobilenetv2_vcaV2-224/checkpoint/checkpoint-9.pth.tar', 53.41799997314453)

2025-09-01 22:19:02,382 -                train: [    INFO] - Test (EMA 0.99990): [   0/97]  Time: 1.436 (1.436)  Loss:  1.4244 (1.4244)  Acc@1: 70.7031 (70.7031)  Acc@5: 90.4297 (90.4297)
2025-09-01 22:19:16,872 -                train: [    INFO] - Test (EMA 0.99990): [  97/97]  Time: 0.014 (0.163)  Loss:  2.0305 (2.1998)  Acc@1: 58.9286 (53.0060)  Acc@5: 81.5476 (78.4800)
2025-09-01 22:19:17,119 - timm.utils.checkpoint_saver: [    INFO] - Current checkpoints:
 ('./output/train/20250901-184723-mobilenetv2_vcaV2-224/ema0.9999_checkpoint/checkpoint-18.pth.tar', 53.005999989013674)
 ('./output/train/20250901-184723-mobilenetv2_vcaV2-224/ema0.9999_checkpoint/checkpoint-17.pth.tar', 49.57400000488281)
 ('./output/train/20250901-184723-mobilenetv2_vcaV2-224/ema0.9999_checkpoint/checkpoint-16.pth.tar', 44.59000000244141)
 ('./output/train/20250901-184723-mobilenetv2_vcaV2-224/ema0.9999_checkpoint/checkpoint-15.pth.tar', 37.94000001464844)
 ('./output/train/20250901-184723-mobilenetv2_vcaV2-224/ema0.9999_checkpoint/checkpoint-14.pth.tar', 29.148000001831054)
 ('./output/train/20250901-184723-mobilenetv2_vcaV2-224/ema0.9999_checkpoint/checkpoint-13.pth.tar', 17.562000004272463)
 ('./output/train/20250901-184723-mobilenetv2_vcaV2-224/ema0.9999_checkpoint/checkpoint-12.pth.tar', 6.915999999980927)
 ('./output/train/20250901-184723-mobilenetv2_vcaV2-224/ema0.9999_checkpoint/checkpoint-11.pth.tar', 1.768)
 ('./output/train/20250901-184723-mobilenetv2_vcaV2-224/ema0.9999_checkpoint/checkpoint-10.pth.tar', 0.466)
 ('./output/train/20250901-184723-mobilenetv2_vcaV2-224/ema0.9999_checkpoint/checkpoint-9.pth.tar', 0.244)

2025-09-01 22:19:19,299 -                train: [    INFO] - Train: 19 [   0/2502 (  0%)]  Loss: 44.22 (44.2)  Loss_cat: 0.4783 (0.478)  Loss_feat: 38.10 (38.1)  Loss_gt: 4.133 (4.13)  Loss_kd: 1.509 (1.51) LR: 1.827e-01
2025-09-01 22:20:10,144 -                train: [    INFO] - Train: 19 [ 200/2502 (  8%)]  Loss: 43.35 (43.8)  Loss_cat: 0.4627 (0.470)  Loss_feat: 37.45 (37.8)  Loss_gt: 3.932 (4.03)  Loss_kd: 1.512 (1.51) LR: 1.827e-01
2025-09-01 22:21:00,616 -                train: [    INFO] - Train: 19 [ 400/2502 ( 16%)]  Loss: 38.06 (41.9)  Loss_cat: 0.4132 (0.451)  Loss_feat: 33.85 (36.5)  Loss_gt: 2.662 (3.58)  Loss_kd: 1.129 (1.38) LR: 1.827e-01
2025-09-01 22:21:51,075 -                train: [    INFO] - Train: 19 [ 600/2502 ( 24%)]  Loss: 40.98 (41.7)  Loss_cat: 0.4471 (0.450)  Loss_feat: 35.98 (36.3)  Loss_gt: 3.262 (3.50)  Loss_kd: 1.296 (1.36) LR: 1.827e-01
2025-09-01 22:22:40,678 -                train: [    INFO] - Train: 19 [ 800/2502 ( 32%)]  Loss: 39.10 (41.1)  Loss_cat: 0.4233 (0.445)  Loss_feat: 34.73 (36.0)  Loss_gt: 2.765 (3.35)  Loss_kd: 1.185 (1.33) LR: 1.827e-01
2025-09-01 22:23:31,103 -                train: [    INFO] - Train: 19 [1000/2502 ( 40%)]  Loss: 40.89 (41.1)  Loss_cat: 0.4328 (0.443)  Loss_feat: 35.58 (35.9)  Loss_gt: 3.443 (3.37)  Loss_kd: 1.443 (1.35) LR: 1.827e-01
2025-09-01 22:24:21,635 -                train: [    INFO] - Train: 19 [1200/2502 ( 48%)]  Loss: 39.27 (40.8)  Loss_cat: 0.4208 (0.440)  Loss_feat: 34.69 (35.8)  Loss_gt: 2.892 (3.30)  Loss_kd: 1.268 (1.33) LR: 1.827e-01
2025-09-01 22:25:12,805 -                train: [    INFO] - Train: 19 [1400/2502 ( 56%)]  Loss: 46.67 (41.6)  Loss_cat: 0.4979 (0.447)  Loss_feat: 39.60 (36.2)  Loss_gt: 4.713 (3.48)  Loss_kd: 1.856 (1.40) LR: 1.827e-01
2025-09-01 22:26:02,836 -                train: [    INFO] - Train: 19 [1600/2502 ( 64%)]  Loss: 40.26 (41.4)  Loss_cat: 0.4303 (0.445)  Loss_feat: 35.26 (36.1)  Loss_gt: 3.270 (3.45)  Loss_kd: 1.294 (1.39) LR: 1.827e-01
2025-09-01 22:26:53,249 -                train: [    INFO] - Train: 19 [1800/2502 ( 72%)]  Loss: 43.83 (41.7)  Loss_cat: 0.4683 (0.447)  Loss_feat: 37.72 (36.3)  Loss_gt: 4.045 (3.51)  Loss_kd: 1.596 (1.41) LR: 1.827e-01
2025-09-01 22:27:43,965 -                train: [    INFO] - Train: 19 [2000/2502 ( 80%)]  Loss: 40.05 (41.5)  Loss_cat: 0.4245 (0.445)  Loss_feat: 35.07 (36.2)  Loss_gt: 3.232 (3.49)  Loss_kd: 1.329 (1.40) LR: 1.827e-01
2025-09-01 22:28:33,692 -                train: [    INFO] - Train: 19 [2200/2502 ( 88%)]  Loss: 39.44 (41.3)  Loss_cat: 0.4199 (0.443)  Loss_feat: 34.68 (36.1)  Loss_gt: 3.077 (3.45)  Loss_kd: 1.262 (1.39) LR: 1.827e-01
2025-09-01 22:29:24,376 -                train: [    INFO] - Train: 19 [2400/2502 ( 96%)]  Loss: 38.52 (41.1)  Loss_cat: 0.4252 (0.442)  Loss_feat: 34.36 (35.9)  Loss_gt: 2.626 (3.39)  Loss_kd: 1.104 (1.37) LR: 1.827e-01
2025-09-01 22:29:49,606 -                train: [    INFO] - Train: 19 [2501/2502 (100%)]  Loss: 38.77 (41.0)  Loss_cat: 0.4189 (0.440)  Loss_feat: 34.34 (35.8)  Loss_gt: 2.775 (3.34)  Loss_kd: 1.238 (1.36) LR: 1.827e-01
2025-09-01 22:29:49,607 -                train: [    INFO] - Distributing BatchNorm running means and vars
2025-09-01 22:29:51,284 -                train: [    INFO] - Test: [   0/97]  Time: 1.671 (1.671)  Loss:  1.6468 (1.6468)  Acc@1: 62.8906 (62.8906)  Acc@5: 85.7422 (85.7422)
2025-09-01 22:30:08,078 -                train: [    INFO] - Test: [  97/97]  Time: 0.014 (0.188)  Loss:  1.5269 (1.9704)  Acc@1: 63.3929 (54.9580)  Acc@5: 85.7143 (80.9040)
2025-09-01 22:30:08,340 - timm.utils.checkpoint_saver: [    INFO] - Current checkpoints:
 ('./output/train/20250901-184723-mobilenetv2_vcaV2-224/checkpoint/checkpoint-14.pth.tar', 57.149999995117184)
 ('./output/train/20250901-184723-mobilenetv2_vcaV2-224/checkpoint/checkpoint-18.pth.tar', 56.97)
 ('./output/train/20250901-184723-mobilenetv2_vcaV2-224/checkpoint/checkpoint-17.pth.tar', 56.44199999267578)
 ('./output/train/20250901-184723-mobilenetv2_vcaV2-224/checkpoint/checkpoint-12.pth.tar', 56.06000002929687)
 ('./output/train/20250901-184723-mobilenetv2_vcaV2-224/checkpoint/checkpoint-15.pth.tar', 55.941999995117186)
 ('./output/train/20250901-184723-mobilenetv2_vcaV2-224/checkpoint/checkpoint-10.pth.tar', 55.42000000732422)
 ('./output/train/20250901-184723-mobilenetv2_vcaV2-224/checkpoint/checkpoint-19.pth.tar', 54.95800002197266)
 ('./output/train/20250901-184723-mobilenetv2_vcaV2-224/checkpoint/checkpoint-13.pth.tar', 54.57599998657226)
 ('./output/train/20250901-184723-mobilenetv2_vcaV2-224/checkpoint/checkpoint-16.pth.tar', 54.50999999267578)
 ('./output/train/20250901-184723-mobilenetv2_vcaV2-224/checkpoint/checkpoint-8.pth.tar', 54.07400000488281)

2025-09-01 22:30:09,895 -                train: [    INFO] - Test (EMA 0.99990): [   0/97]  Time: 1.551 (1.551)  Loss:  1.2749 (1.2749)  Acc@1: 72.8516 (72.8516)  Acc@5: 91.2109 (91.2109)
2025-09-01 22:30:24,508 -                train: [    INFO] - Test (EMA 0.99990): [  97/97]  Time: 0.014 (0.165)  Loss:  1.8025 (2.0103)  Acc@1: 61.3095 (55.6160)  Acc@5: 83.9286 (80.5160)
2025-09-01 22:30:24,952 - timm.utils.checkpoint_saver: [    INFO] - Current checkpoints:
 ('./output/train/20250901-184723-mobilenetv2_vcaV2-224/ema0.9999_checkpoint/checkpoint-19.pth.tar', 55.616000004882814)
 ('./output/train/20250901-184723-mobilenetv2_vcaV2-224/ema0.9999_checkpoint/checkpoint-18.pth.tar', 53.005999989013674)
 ('./output/train/20250901-184723-mobilenetv2_vcaV2-224/ema0.9999_checkpoint/checkpoint-17.pth.tar', 49.57400000488281)
 ('./output/train/20250901-184723-mobilenetv2_vcaV2-224/ema0.9999_checkpoint/checkpoint-16.pth.tar', 44.59000000244141)
 ('./output/train/20250901-184723-mobilenetv2_vcaV2-224/ema0.9999_checkpoint/checkpoint-15.pth.tar', 37.94000001464844)
 ('./output/train/20250901-184723-mobilenetv2_vcaV2-224/ema0.9999_checkpoint/checkpoint-14.pth.tar', 29.148000001831054)
 ('./output/train/20250901-184723-mobilenetv2_vcaV2-224/ema0.9999_checkpoint/checkpoint-13.pth.tar', 17.562000004272463)
 ('./output/train/20250901-184723-mobilenetv2_vcaV2-224/ema0.9999_checkpoint/checkpoint-12.pth.tar', 6.915999999980927)
 ('./output/train/20250901-184723-mobilenetv2_vcaV2-224/ema0.9999_checkpoint/checkpoint-11.pth.tar', 1.768)
 ('./output/train/20250901-184723-mobilenetv2_vcaV2-224/ema0.9999_checkpoint/checkpoint-10.pth.tar', 0.466)

2025-09-01 22:30:26,857 -                train: [    INFO] - Train: 20 [   0/2502 (  0%)]  Loss: 41.96 (42.0)  Loss_cat: 0.4507 (0.451)  Loss_feat: 36.49 (36.5)  Loss_gt: 3.548 (3.55)  Loss_kd: 1.463 (1.46) LR: 1.809e-01
2025-09-01 22:31:17,101 -                train: [    INFO] - Train: 20 [ 200/2502 (  8%)]  Loss: 40.60 (41.3)  Loss_cat: 0.4520 (0.451)  Loss_feat: 35.74 (36.1)  Loss_gt: 3.126 (3.34)  Loss_kd: 1.277 (1.37) LR: 1.809e-01
2025-09-01 22:32:06,818 -                train: [    INFO] - Train: 20 [ 400/2502 ( 16%)]  Loss: 46.82 (43.1)  Loss_cat: 0.4972 (0.467)  Loss_feat: 39.54 (37.3)  Loss_gt: 4.832 (3.84)  Loss_kd: 1.947 (1.56) LR: 1.809e-01
2025-09-01 22:32:57,165 -                train: [    INFO] - Train: 20 [ 600/2502 ( 24%)]  Loss: 38.39 (41.9)  Loss_cat: 0.4153 (0.454)  Loss_feat: 34.16 (36.5)  Loss_gt: 2.708 (3.55)  Loss_kd: 1.110 (1.45) LR: 1.809e-01
2025-09-01 22:33:47,257 -                train: [    INFO] - Train: 20 [ 800/2502 ( 32%)]  Loss: 42.00 (42.0)  Loss_cat: 0.4579 (0.455)  Loss_feat: 36.54 (36.5)  Loss_gt: 3.548 (3.55)  Loss_kd: 1.452 (1.45) LR: 1.809e-01
2025-09-01 22:34:37,149 -                train: [    INFO] - Train: 20 [1000/2502 ( 40%)]  Loss: 39.21 (41.5)  Loss_cat: 0.4318 (0.451)  Loss_feat: 34.81 (36.2)  Loss_gt: 2.821 (3.43)  Loss_kd: 1.154 (1.40) LR: 1.809e-01
2025-09-01 22:35:27,958 -                train: [    INFO] - Train: 20 [1200/2502 ( 48%)]  Loss: 39.80 (41.3)  Loss_cat: 0.4253 (0.447)  Loss_feat: 34.89 (36.0)  Loss_gt: 3.207 (3.40)  Loss_kd: 1.287 (1.38) LR: 1.809e-01
2025-09-01 22:36:18,237 -                train: [    INFO] - Train: 20 [1400/2502 ( 56%)]  Loss: 41.14 (41.2)  Loss_cat: 0.4583 (0.449)  Loss_feat: 36.18 (36.0)  Loss_gt: 3.216 (3.38)  Loss_kd: 1.283 (1.37) LR: 1.809e-01
2025-09-01 22:37:09,044 -                train: [    INFO] - Train: 20 [1600/2502 ( 64%)]  Loss: 40.75 (41.2)  Loss_cat: 0.4382 (0.447)  Loss_feat: 35.63 (36.0)  Loss_gt: 3.286 (3.37)  Loss_kd: 1.402 (1.37) LR: 1.809e-01
2025-09-01 22:37:59,612 -                train: [    INFO] - Train: 20 [1800/2502 ( 72%)]  Loss: 40.25 (41.1)  Loss_cat: 0.4269 (0.445)  Loss_feat: 35.12 (35.9)  Loss_gt: 3.311 (3.36)  Loss_kd: 1.384 (1.38) LR: 1.809e-01
2025-09-01 22:38:49,450 -                train: [    INFO] - Train: 20 [2000/2502 ( 80%)]  Loss: 41.66 (41.1)  Loss_cat: 0.4619 (0.447)  Loss_feat: 36.49 (36.0)  Loss_gt: 3.347 (3.36)  Loss_kd: 1.364 (1.37) LR: 1.809e-01
2025-09-01 22:39:40,040 -                train: [    INFO] - Train: 20 [2200/2502 ( 88%)]  Loss: 41.92 (41.2)  Loss_cat: 0.4631 (0.448)  Loss_feat: 36.68 (36.0)  Loss_gt: 3.440 (3.37)  Loss_kd: 1.339 (1.37) LR: 1.809e-01
2025-09-01 22:40:30,968 -                train: [    INFO] - Train: 20 [2400/2502 ( 96%)]  Loss: 38.19 (41.0)  Loss_cat: 0.4137 (0.446)  Loss_feat: 33.86 (35.9)  Loss_gt: 2.751 (3.32)  Loss_kd: 1.167 (1.36) LR: 1.809e-01
2025-09-01 22:40:56,093 -                train: [    INFO] - Train: 20 [2501/2502 (100%)]  Loss: 38.95 (40.8)  Loss_cat: 0.4166 (0.443)  Loss_feat: 34.38 (35.8)  Loss_gt: 2.914 (3.29)  Loss_kd: 1.240 (1.35) LR: 1.809e-01
2025-09-01 22:40:56,094 -                train: [    INFO] - Distributing BatchNorm running means and vars
2025-09-01 22:40:57,780 -                train: [    INFO] - Test: [   0/97]  Time: 1.604 (1.604)  Loss:  1.4100 (1.4100)  Acc@1: 67.3828 (67.3828)  Acc@5: 87.6953 (87.6953)
2025-09-01 22:41:14,522 -                train: [    INFO] - Test: [  97/97]  Time: 0.014 (0.187)  Loss:  1.5334 (1.8717)  Acc@1: 65.4762 (56.9000)  Acc@5: 84.5238 (82.2340)
2025-09-01 22:41:14,739 - timm.utils.checkpoint_saver: [    INFO] - Current checkpoints:
 ('./output/train/20250901-184723-mobilenetv2_vcaV2-224/checkpoint/checkpoint-14.pth.tar', 57.149999995117184)
 ('./output/train/20250901-184723-mobilenetv2_vcaV2-224/checkpoint/checkpoint-18.pth.tar', 56.97)
 ('./output/train/20250901-184723-mobilenetv2_vcaV2-224/checkpoint/checkpoint-20.pth.tar', 56.89999998779297)
 ('./output/train/20250901-184723-mobilenetv2_vcaV2-224/checkpoint/checkpoint-17.pth.tar', 56.44199999267578)
 ('./output/train/20250901-184723-mobilenetv2_vcaV2-224/checkpoint/checkpoint-12.pth.tar', 56.06000002929687)
 ('./output/train/20250901-184723-mobilenetv2_vcaV2-224/checkpoint/checkpoint-15.pth.tar', 55.941999995117186)
 ('./output/train/20250901-184723-mobilenetv2_vcaV2-224/checkpoint/checkpoint-10.pth.tar', 55.42000000732422)
 ('./output/train/20250901-184723-mobilenetv2_vcaV2-224/checkpoint/checkpoint-19.pth.tar', 54.95800002197266)
 ('./output/train/20250901-184723-mobilenetv2_vcaV2-224/checkpoint/checkpoint-13.pth.tar', 54.57599998657226)
 ('./output/train/20250901-184723-mobilenetv2_vcaV2-224/checkpoint/checkpoint-16.pth.tar', 54.50999999267578)

2025-09-01 22:41:16,056 -                train: [    INFO] - Test (EMA 0.99990): [   0/97]  Time: 1.313 (1.313)  Loss:  1.1914 (1.1914)  Acc@1: 74.4141 (74.4141)  Acc@5: 91.4062 (91.4062)
2025-09-01 22:41:37,187 -                train: [    INFO] - Test (EMA 0.99990): [  97/97]  Time: 0.014 (0.229)  Loss:  1.6396 (1.8646)  Acc@1: 64.5833 (57.8420)  Acc@5: 84.2262 (82.2460)
2025-09-01 22:41:37,417 - timm.utils.checkpoint_saver: [    INFO] - Current checkpoints:
 ('./output/train/20250901-184723-mobilenetv2_vcaV2-224/ema0.9999_checkpoint/checkpoint-20.pth.tar', 57.841999965820314)
 ('./output/train/20250901-184723-mobilenetv2_vcaV2-224/ema0.9999_checkpoint/checkpoint-19.pth.tar', 55.616000004882814)
 ('./output/train/20250901-184723-mobilenetv2_vcaV2-224/ema0.9999_checkpoint/checkpoint-18.pth.tar', 53.005999989013674)
 ('./output/train/20250901-184723-mobilenetv2_vcaV2-224/ema0.9999_checkpoint/checkpoint-17.pth.tar', 49.57400000488281)
 ('./output/train/20250901-184723-mobilenetv2_vcaV2-224/ema0.9999_checkpoint/checkpoint-16.pth.tar', 44.59000000244141)
 ('./output/train/20250901-184723-mobilenetv2_vcaV2-224/ema0.9999_checkpoint/checkpoint-15.pth.tar', 37.94000001464844)
 ('./output/train/20250901-184723-mobilenetv2_vcaV2-224/ema0.9999_checkpoint/checkpoint-14.pth.tar', 29.148000001831054)
 ('./output/train/20250901-184723-mobilenetv2_vcaV2-224/ema0.9999_checkpoint/checkpoint-13.pth.tar', 17.562000004272463)
 ('./output/train/20250901-184723-mobilenetv2_vcaV2-224/ema0.9999_checkpoint/checkpoint-12.pth.tar', 6.915999999980927)
 ('./output/train/20250901-184723-mobilenetv2_vcaV2-224/ema0.9999_checkpoint/checkpoint-11.pth.tar', 1.768)

2025-09-01 22:41:39,417 -                train: [    INFO] - Train: 21 [   0/2502 (  0%)]  Loss: 42.50 (42.5)  Loss_cat: 0.4556 (0.456)  Loss_feat: 36.86 (36.9)  Loss_gt: 3.688 (3.69)  Loss_kd: 1.494 (1.49) LR: 1.790e-01
2025-09-01 22:42:41,926 -                train: [    INFO] - Train: 21 [ 200/2502 (  8%)]  Loss: 42.93 (42.7)  Loss_cat: 0.4644 (0.460)  Loss_feat: 37.28 (37.1)  Loss_gt: 3.729 (3.71)  Loss_kd: 1.450 (1.47) LR: 1.790e-01
2025-09-01 22:43:32,166 -                train: [    INFO] - Train: 21 [ 400/2502 ( 16%)]  Loss: 41.97 (42.5)  Loss_cat: 0.4498 (0.457)  Loss_feat: 36.50 (36.9)  Loss_gt: 3.635 (3.68)  Loss_kd: 1.391 (1.44) LR: 1.790e-01
2025-09-01 22:44:23,143 -                train: [    INFO] - Train: 21 [ 600/2502 ( 24%)]  Loss: 41.76 (42.3)  Loss_cat: 0.4487 (0.455)  Loss_feat: 36.41 (36.8)  Loss_gt: 3.540 (3.65)  Loss_kd: 1.362 (1.42) LR: 1.790e-01
2025-09-01 22:45:12,778 -                train: [    INFO] - Train: 21 [ 800/2502 ( 32%)]  Loss: 41.78 (42.2)  Loss_cat: 0.4583 (0.455)  Loss_feat: 36.52 (36.7)  Loss_gt: 3.449 (3.61)  Loss_kd: 1.354 (1.41) LR: 1.790e-01
2025-09-01 22:46:03,286 -                train: [    INFO] - Train: 21 [1000/2502 ( 40%)]  Loss: 44.02 (42.5)  Loss_cat: 0.4671 (0.457)  Loss_feat: 37.67 (36.9)  Loss_gt: 4.196 (3.71)  Loss_kd: 1.687 (1.46) LR: 1.790e-01
2025-09-01 22:46:53,582 -                train: [    INFO] - Train: 21 [1200/2502 ( 48%)]  Loss: 46.03 (43.0)  Loss_cat: 0.4853 (0.461)  Loss_feat: 39.14 (37.2)  Loss_gt: 4.603 (3.83)  Loss_kd: 1.807 (1.51) LR: 1.790e-01
2025-09-01 22:47:43,930 -                train: [    INFO] - Train: 21 [1400/2502 ( 56%)]  Loss: 41.67 (42.8)  Loss_cat: 0.4505 (0.460)  Loss_feat: 36.41 (37.1)  Loss_gt: 3.435 (3.78)  Loss_kd: 1.376 (1.49) LR: 1.790e-01
2025-09-01 22:48:33,813 -                train: [    INFO] - Train: 21 [1600/2502 ( 64%)]  Loss: 41.97 (42.7)  Loss_cat: 0.4393 (0.458)  Loss_feat: 36.36 (37.0)  Loss_gt: 3.660 (3.77)  Loss_kd: 1.516 (1.49) LR: 1.790e-01
2025-09-01 22:49:24,372 -                train: [    INFO] - Train: 21 [1800/2502 ( 72%)]  Loss: 40.15 (42.5)  Loss_cat: 0.4244 (0.454)  Loss_feat: 35.12 (36.8)  Loss_gt: 3.237 (3.72)  Loss_kd: 1.368 (1.48) LR: 1.790e-01
2025-09-01 22:50:14,930 -                train: [    INFO] - Train: 21 [2000/2502 ( 80%)]  Loss: 42.38 (42.5)  Loss_cat: 0.4558 (0.454)  Loss_feat: 36.76 (36.8)  Loss_gt: 3.724 (3.72)  Loss_kd: 1.442 (1.48) LR: 1.790e-01
2025-09-01 22:51:05,279 -                train: [    INFO] - Train: 21 [2200/2502 ( 88%)]  Loss: 38.34 (42.1)  Loss_cat: 0.4185 (0.451)  Loss_feat: 33.97 (36.6)  Loss_gt: 2.752 (3.64)  Loss_kd: 1.197 (1.45) LR: 1.790e-01
2025-09-01 22:51:55,087 -                train: [    INFO] - Train: 21 [2400/2502 ( 96%)]  Loss: 38.61 (41.9)  Loss_cat: 0.4194 (0.449)  Loss_feat: 34.17 (36.4)  Loss_gt: 2.876 (3.58)  Loss_kd: 1.146 (1.43) LR: 1.790e-01
2025-09-01 22:52:20,301 -                train: [    INFO] - Train: 21 [2501/2502 (100%)]  Loss: 40.54 (41.8)  Loss_cat: 0.4273 (0.447)  Loss_feat: 35.33 (36.3)  Loss_gt: 3.353 (3.56)  Loss_kd: 1.432 (1.43) LR: 1.790e-01
2025-09-01 22:52:20,302 -                train: [    INFO] - Distributing BatchNorm running means and vars
2025-09-01 22:52:21,847 -                train: [    INFO] - Test: [   0/97]  Time: 1.541 (1.541)  Loss:  1.5220 (1.5220)  Acc@1: 63.4766 (63.4766)  Acc@5: 88.6719 (88.6719)
2025-09-01 22:52:38,767 -                train: [    INFO] - Test: [  97/97]  Time: 0.014 (0.188)  Loss:  1.4353 (1.8915)  Acc@1: 67.2619 (56.6440)  Acc@5: 86.9048 (81.9200)
2025-09-01 22:52:38,940 - timm.utils.checkpoint_saver: [    INFO] - Current checkpoints:
 ('./output/train/20250901-184723-mobilenetv2_vcaV2-224/checkpoint/checkpoint-14.pth.tar', 57.149999995117184)
 ('./output/train/20250901-184723-mobilenetv2_vcaV2-224/checkpoint/checkpoint-18.pth.tar', 56.97)
 ('./output/train/20250901-184723-mobilenetv2_vcaV2-224/checkpoint/checkpoint-20.pth.tar', 56.89999998779297)
 ('./output/train/20250901-184723-mobilenetv2_vcaV2-224/checkpoint/checkpoint-21.pth.tar', 56.64399998046875)
 ('./output/train/20250901-184723-mobilenetv2_vcaV2-224/checkpoint/checkpoint-17.pth.tar', 56.44199999267578)
 ('./output/train/20250901-184723-mobilenetv2_vcaV2-224/checkpoint/checkpoint-12.pth.tar', 56.06000002929687)
 ('./output/train/20250901-184723-mobilenetv2_vcaV2-224/checkpoint/checkpoint-15.pth.tar', 55.941999995117186)
 ('./output/train/20250901-184723-mobilenetv2_vcaV2-224/checkpoint/checkpoint-10.pth.tar', 55.42000000732422)
 ('./output/train/20250901-184723-mobilenetv2_vcaV2-224/checkpoint/checkpoint-19.pth.tar', 54.95800002197266)
 ('./output/train/20250901-184723-mobilenetv2_vcaV2-224/checkpoint/checkpoint-13.pth.tar', 54.57599998657226)

2025-09-01 22:52:40,391 -                train: [    INFO] - Test (EMA 0.99990): [   0/97]  Time: 1.446 (1.446)  Loss:  1.1303 (1.1303)  Acc@1: 74.8047 (74.8047)  Acc@5: 92.1875 (92.1875)
2025-09-01 22:52:55,457 -                train: [    INFO] - Test (EMA 0.99990): [  97/97]  Time: 0.014 (0.168)  Loss:  1.5328 (1.7639)  Acc@1: 66.9643 (59.3320)  Acc@5: 84.2262 (83.4020)
2025-09-01 22:52:55,673 - timm.utils.checkpoint_saver: [    INFO] - Current checkpoints:
 ('./output/train/20250901-184723-mobilenetv2_vcaV2-224/ema0.9999_checkpoint/checkpoint-21.pth.tar', 59.33200000732422)
 ('./output/train/20250901-184723-mobilenetv2_vcaV2-224/ema0.9999_checkpoint/checkpoint-20.pth.tar', 57.841999965820314)
 ('./output/train/20250901-184723-mobilenetv2_vcaV2-224/ema0.9999_checkpoint/checkpoint-19.pth.tar', 55.616000004882814)
 ('./output/train/20250901-184723-mobilenetv2_vcaV2-224/ema0.9999_checkpoint/checkpoint-18.pth.tar', 53.005999989013674)
 ('./output/train/20250901-184723-mobilenetv2_vcaV2-224/ema0.9999_checkpoint/checkpoint-17.pth.tar', 49.57400000488281)
 ('./output/train/20250901-184723-mobilenetv2_vcaV2-224/ema0.9999_checkpoint/checkpoint-16.pth.tar', 44.59000000244141)
 ('./output/train/20250901-184723-mobilenetv2_vcaV2-224/ema0.9999_checkpoint/checkpoint-15.pth.tar', 37.94000001464844)
 ('./output/train/20250901-184723-mobilenetv2_vcaV2-224/ema0.9999_checkpoint/checkpoint-14.pth.tar', 29.148000001831054)
 ('./output/train/20250901-184723-mobilenetv2_vcaV2-224/ema0.9999_checkpoint/checkpoint-13.pth.tar', 17.562000004272463)
 ('./output/train/20250901-184723-mobilenetv2_vcaV2-224/ema0.9999_checkpoint/checkpoint-12.pth.tar', 6.915999999980927)

2025-09-01 22:52:57,830 -                train: [    INFO] - Train: 22 [   0/2502 (  0%)]  Loss: 40.59 (40.6)  Loss_cat: 0.4344 (0.434)  Loss_feat: 35.64 (35.6)  Loss_gt: 3.201 (3.20)  Loss_kd: 1.319 (1.32) LR: 1.771e-01
2025-09-01 22:53:49,134 -                train: [    INFO] - Train: 22 [ 200/2502 (  8%)]  Loss: 43.16 (41.9)  Loss_cat: 0.4585 (0.446)  Loss_feat: 37.19 (36.4)  Loss_gt: 3.935 (3.57)  Loss_kd: 1.578 (1.45) LR: 1.771e-01
2025-09-01 22:54:39,213 -                train: [    INFO] - Train: 22 [ 400/2502 ( 16%)]  Loss: 39.14 (41.0)  Loss_cat: 0.4251 (0.439)  Loss_feat: 34.69 (35.8)  Loss_gt: 2.829 (3.32)  Loss_kd: 1.201 (1.37) LR: 1.771e-01
2025-09-01 22:55:29,674 -                train: [    INFO] - Train: 22 [ 600/2502 ( 24%)]  Loss: 39.24 (40.5)  Loss_cat: 0.4254 (0.436)  Loss_feat: 34.68 (35.5)  Loss_gt: 2.922 (3.22)  Loss_kd: 1.209 (1.33) LR: 1.771e-01
2025-09-01 22:56:20,220 -                train: [    INFO] - Train: 22 [ 800/2502 ( 32%)]  Loss: 40.53 (40.5)  Loss_cat: 0.4334 (0.435)  Loss_feat: 35.43 (35.5)  Loss_gt: 3.257 (3.23)  Loss_kd: 1.407 (1.34) LR: 1.771e-01
2025-09-01 22:57:10,053 -                train: [    INFO] - Train: 22 [1000/2502 ( 40%)]  Loss: 38.38 (40.2)  Loss_cat: 0.4134 (0.432)  Loss_feat: 34.08 (35.3)  Loss_gt: 2.707 (3.14)  Loss_kd: 1.177 (1.32) LR: 1.771e-01
2025-09-01 22:58:00,837 -                train: [    INFO] - Train: 22 [1200/2502 ( 48%)]  Loss: 38.58 (39.9)  Loss_cat: 0.4226 (0.430)  Loss_feat: 34.34 (35.2)  Loss_gt: 2.683 (3.08)  Loss_kd: 1.127 (1.29) LR: 1.771e-01
2025-09-01 22:58:51,417 -                train: [    INFO] - Train: 22 [1400/2502 ( 56%)]  Loss: 42.51 (40.3)  Loss_cat: 0.4451 (0.432)  Loss_feat: 36.74 (35.3)  Loss_gt: 3.798 (3.17)  Loss_kd: 1.530 (1.32) LR: 1.771e-01
2025-09-01 22:59:41,987 -                train: [    INFO] - Train: 22 [1600/2502 ( 64%)]  Loss: 39.76 (40.2)  Loss_cat: 0.4211 (0.431)  Loss_feat: 34.92 (35.3)  Loss_gt: 3.125 (3.16)  Loss_kd: 1.303 (1.32) LR: 1.771e-01
2025-09-01 23:00:33,099 -                train: [    INFO] - Train: 22 [1800/2502 ( 72%)]  Loss: 44.38 (40.6)  Loss_cat: 0.4776 (0.436)  Loss_feat: 38.16 (35.6)  Loss_gt: 4.136 (3.26)  Loss_kd: 1.606 (1.35) LR: 1.771e-01
2025-09-01 23:01:23,905 -                train: [    INFO] - Train: 22 [2000/2502 ( 80%)]  Loss: 40.65 (40.6)  Loss_cat: 0.4378 (0.436)  Loss_feat: 35.54 (35.6)  Loss_gt: 3.304 (3.26)  Loss_kd: 1.368 (1.35) LR: 1.771e-01
2025-09-01 23:02:14,338 -                train: [    INFO] - Train: 22 [2200/2502 ( 88%)]  Loss: 39.22 (40.5)  Loss_cat: 0.4273 (0.435)  Loss_feat: 34.82 (35.5)  Loss_gt: 2.781 (3.22)  Loss_kd: 1.191 (1.33) LR: 1.771e-01
2025-09-01 23:03:04,691 -                train: [    INFO] - Train: 22 [2400/2502 ( 96%)]  Loss: 38.30 (40.3)  Loss_cat: 0.4141 (0.434)  Loss_feat: 33.97 (35.4)  Loss_gt: 2.750 (3.19)  Loss_kd: 1.164 (1.32) LR: 1.771e-01
2025-09-01 23:03:30,487 -                train: [    INFO] - Train: 22 [2501/2502 (100%)]  Loss: 41.03 (40.4)  Loss_cat: 0.4399 (0.434)  Loss_feat: 35.81 (35.4)  Loss_gt: 3.353 (3.20)  Loss_kd: 1.417 (1.33) LR: 1.771e-01
2025-09-01 23:03:30,487 -                train: [    INFO] - Distributing BatchNorm running means and vars
2025-09-01 23:03:32,155 -                train: [    INFO] - Test: [   0/97]  Time: 1.661 (1.661)  Loss:  1.5386 (1.5386)  Acc@1: 64.8438 (64.8438)  Acc@5: 87.1094 (87.1094)
2025-09-01 23:03:48,600 -                train: [    INFO] - Test: [  97/97]  Time: 0.014 (0.185)  Loss:  1.6711 (1.8752)  Acc@1: 62.5000 (56.8860)  Acc@5: 81.8452 (82.0100)
2025-09-01 23:03:48,821 - timm.utils.checkpoint_saver: [    INFO] - Current checkpoints:
 ('./output/train/20250901-184723-mobilenetv2_vcaV2-224/checkpoint/checkpoint-14.pth.tar', 57.149999995117184)
 ('./output/train/20250901-184723-mobilenetv2_vcaV2-224/checkpoint/checkpoint-18.pth.tar', 56.97)
 ('./output/train/20250901-184723-mobilenetv2_vcaV2-224/checkpoint/checkpoint-20.pth.tar', 56.89999998779297)
 ('./output/train/20250901-184723-mobilenetv2_vcaV2-224/checkpoint/checkpoint-22.pth.tar', 56.886)
 ('./output/train/20250901-184723-mobilenetv2_vcaV2-224/checkpoint/checkpoint-21.pth.tar', 56.64399998046875)
 ('./output/train/20250901-184723-mobilenetv2_vcaV2-224/checkpoint/checkpoint-17.pth.tar', 56.44199999267578)
 ('./output/train/20250901-184723-mobilenetv2_vcaV2-224/checkpoint/checkpoint-12.pth.tar', 56.06000002929687)
 ('./output/train/20250901-184723-mobilenetv2_vcaV2-224/checkpoint/checkpoint-15.pth.tar', 55.941999995117186)
 ('./output/train/20250901-184723-mobilenetv2_vcaV2-224/checkpoint/checkpoint-10.pth.tar', 55.42000000732422)
 ('./output/train/20250901-184723-mobilenetv2_vcaV2-224/checkpoint/checkpoint-19.pth.tar', 54.95800002197266)

2025-09-01 23:03:50,335 -                train: [    INFO] - Test (EMA 0.99990): [   0/97]  Time: 1.510 (1.510)  Loss:  1.0900 (1.0900)  Acc@1: 74.8047 (74.8047)  Acc@5: 92.7734 (92.7734)
2025-09-01 23:04:05,218 -                train: [    INFO] - Test (EMA 0.99990): [  97/97]  Time: 0.014 (0.167)  Loss:  1.4616 (1.6924)  Acc@1: 67.2619 (60.4900)  Acc@5: 84.8214 (84.2120)
2025-09-01 23:04:05,452 - timm.utils.checkpoint_saver: [    INFO] - Current checkpoints:
 ('./output/train/20250901-184723-mobilenetv2_vcaV2-224/ema0.9999_checkpoint/checkpoint-22.pth.tar', 60.49000003173828)
 ('./output/train/20250901-184723-mobilenetv2_vcaV2-224/ema0.9999_checkpoint/checkpoint-21.pth.tar', 59.33200000732422)
 ('./output/train/20250901-184723-mobilenetv2_vcaV2-224/ema0.9999_checkpoint/checkpoint-20.pth.tar', 57.841999965820314)
 ('./output/train/20250901-184723-mobilenetv2_vcaV2-224/ema0.9999_checkpoint/checkpoint-19.pth.tar', 55.616000004882814)
 ('./output/train/20250901-184723-mobilenetv2_vcaV2-224/ema0.9999_checkpoint/checkpoint-18.pth.tar', 53.005999989013674)
 ('./output/train/20250901-184723-mobilenetv2_vcaV2-224/ema0.9999_checkpoint/checkpoint-17.pth.tar', 49.57400000488281)
 ('./output/train/20250901-184723-mobilenetv2_vcaV2-224/ema0.9999_checkpoint/checkpoint-16.pth.tar', 44.59000000244141)
 ('./output/train/20250901-184723-mobilenetv2_vcaV2-224/ema0.9999_checkpoint/checkpoint-15.pth.tar', 37.94000001464844)
 ('./output/train/20250901-184723-mobilenetv2_vcaV2-224/ema0.9999_checkpoint/checkpoint-14.pth.tar', 29.148000001831054)
 ('./output/train/20250901-184723-mobilenetv2_vcaV2-224/ema0.9999_checkpoint/checkpoint-13.pth.tar', 17.562000004272463)

2025-09-01 23:04:07,246 -                train: [    INFO] - Train: 23 [   0/2502 (  0%)]  Loss: 41.00 (41.0)  Loss_cat: 0.4431 (0.443)  Loss_feat: 35.91 (35.9)  Loss_gt: 3.329 (3.33)  Loss_kd: 1.317 (1.32) LR: 1.750e-01
2025-09-01 23:04:57,815 -                train: [    INFO] - Train: 23 [ 200/2502 (  8%)]  Loss: 39.30 (40.2)  Loss_cat: 0.4242 (0.434)  Loss_feat: 34.80 (35.4)  Loss_gt: 2.861 (3.09)  Loss_kd: 1.213 (1.26) LR: 1.750e-01
2025-09-01 23:05:47,674 -                train: [    INFO] - Train: 23 [ 400/2502 ( 16%)]  Loss: 38.02 (39.4)  Loss_cat: 0.4082 (0.425)  Loss_feat: 33.84 (34.9)  Loss_gt: 2.634 (2.94)  Loss_kd: 1.144 (1.22) LR: 1.750e-01
2025-09-01 23:06:37,948 -                train: [    INFO] - Train: 23 [ 600/2502 ( 24%)]  Loss: 41.02 (39.8)  Loss_cat: 0.4425 (0.430)  Loss_feat: 35.74 (35.1)  Loss_gt: 3.416 (3.06)  Loss_kd: 1.420 (1.27) LR: 1.750e-01
2025-09-01 23:07:28,402 -                train: [    INFO] - Train: 23 [ 800/2502 ( 32%)]  Loss: 42.19 (40.3)  Loss_cat: 0.4387 (0.431)  Loss_feat: 36.52 (35.4)  Loss_gt: 3.745 (3.20)  Loss_kd: 1.484 (1.32) LR: 1.750e-01
2025-09-01 23:08:18,644 -                train: [    INFO] - Train: 23 [1000/2502 ( 40%)]  Loss: 40.47 (40.3)  Loss_cat: 0.4410 (0.433)  Loss_feat: 35.56 (35.4)  Loss_gt: 3.230 (3.20)  Loss_kd: 1.246 (1.30) LR: 1.750e-01
2025-09-01 23:09:09,498 -                train: [    INFO] - Train: 23 [1200/2502 ( 48%)]  Loss: 38.13 (40.0)  Loss_cat: 0.4138 (0.430)  Loss_feat: 33.99 (35.2)  Loss_gt: 2.617 (3.12)  Loss_kd: 1.102 (1.28) LR: 1.750e-01
2025-09-01 23:10:00,609 -                train: [    INFO] - Train: 23 [1400/2502 ( 56%)]  Loss: 38.58 (39.8)  Loss_cat: 0.4174 (0.429)  Loss_feat: 34.29 (35.1)  Loss_gt: 2.736 (3.07)  Loss_kd: 1.143 (1.26) LR: 1.750e-01
2025-09-01 23:10:50,822 -                train: [    INFO] - Train: 23 [1600/2502 ( 64%)]  Loss: 38.67 (39.7)  Loss_cat: 0.4198 (0.428)  Loss_feat: 34.31 (35.0)  Loss_gt: 2.724 (3.03)  Loss_kd: 1.210 (1.25) LR: 1.750e-01
2025-09-01 23:11:40,559 -                train: [    INFO] - Train: 23 [1800/2502 ( 72%)]  Loss: 43.78 (40.1)  Loss_cat: 0.4675 (0.432)  Loss_feat: 37.72 (35.3)  Loss_gt: 4.006 (3.13)  Loss_kd: 1.584 (1.29) LR: 1.750e-01
2025-09-01 23:12:41,264 -                train: [    INFO] - Train: 23 [2000/2502 ( 80%)]  Loss: 40.91 (40.2)  Loss_cat: 0.4409 (0.432)  Loss_feat: 35.84 (35.3)  Loss_gt: 3.307 (3.15)  Loss_kd: 1.315 (1.29) LR: 1.750e-01
2025-09-01 23:13:32,109 -                train: [    INFO] - Train: 23 [2200/2502 ( 88%)]  Loss: 40.22 (40.2)  Loss_cat: 0.4366 (0.433)  Loss_feat: 35.40 (35.3)  Loss_gt: 3.056 (3.14)  Loss_kd: 1.324 (1.29) LR: 1.750e-01
2025-09-01 23:14:21,844 -                train: [    INFO] - Train: 23 [2400/2502 ( 96%)]  Loss: 41.22 (40.3)  Loss_cat: 0.4374 (0.433)  Loss_feat: 35.95 (35.4)  Loss_gt: 3.401 (3.16)  Loss_kd: 1.430 (1.30) LR: 1.750e-01
2025-09-01 23:14:47,137 -                train: [    INFO] - Train: 23 [2501/2502 (100%)]  Loss: 45.93 (40.7)  Loss_cat: 0.4852 (0.437)  Loss_feat: 39.05 (35.6)  Loss_gt: 4.582 (3.26)  Loss_kd: 1.813 (1.34) LR: 1.750e-01
2025-09-01 23:14:47,137 -                train: [    INFO] - Distributing BatchNorm running means and vars
2025-09-01 23:14:48,814 -                train: [    INFO] - Test: [   0/97]  Time: 1.670 (1.670)  Loss:  1.1645 (1.1645)  Acc@1: 74.2188 (74.2188)  Acc@5: 93.7500 (93.7500)
2025-09-01 23:15:05,621 -                train: [    INFO] - Test: [  97/97]  Time: 0.014 (0.189)  Loss:  1.4360 (1.8190)  Acc@1: 69.3452 (58.8880)  Acc@5: 86.9048 (83.6640)
2025-09-01 23:15:05,907 - timm.utils.checkpoint_saver: [    INFO] - Current checkpoints:
 ('./output/train/20250901-184723-mobilenetv2_vcaV2-224/checkpoint/checkpoint-23.pth.tar', 58.887999997558595)
 ('./output/train/20250901-184723-mobilenetv2_vcaV2-224/checkpoint/checkpoint-14.pth.tar', 57.149999995117184)
 ('./output/train/20250901-184723-mobilenetv2_vcaV2-224/checkpoint/checkpoint-18.pth.tar', 56.97)
 ('./output/train/20250901-184723-mobilenetv2_vcaV2-224/checkpoint/checkpoint-20.pth.tar', 56.89999998779297)
 ('./output/train/20250901-184723-mobilenetv2_vcaV2-224/checkpoint/checkpoint-22.pth.tar', 56.886)
 ('./output/train/20250901-184723-mobilenetv2_vcaV2-224/checkpoint/checkpoint-21.pth.tar', 56.64399998046875)
 ('./output/train/20250901-184723-mobilenetv2_vcaV2-224/checkpoint/checkpoint-17.pth.tar', 56.44199999267578)
 ('./output/train/20250901-184723-mobilenetv2_vcaV2-224/checkpoint/checkpoint-12.pth.tar', 56.06000002929687)
 ('./output/train/20250901-184723-mobilenetv2_vcaV2-224/checkpoint/checkpoint-15.pth.tar', 55.941999995117186)
 ('./output/train/20250901-184723-mobilenetv2_vcaV2-224/checkpoint/checkpoint-10.pth.tar', 55.42000000732422)

2025-09-01 23:15:07,530 -                train: [    INFO] - Test (EMA 0.99990): [   0/97]  Time: 1.617 (1.617)  Loss:  1.0531 (1.0531)  Acc@1: 75.0000 (75.0000)  Acc@5: 93.3594 (93.3594)
2025-09-01 23:15:21,671 -                train: [    INFO] - Test (EMA 0.99990): [  97/97]  Time: 0.014 (0.161)  Loss:  1.4080 (1.6355)  Acc@1: 67.8571 (61.4440)  Acc@5: 86.9048 (84.8200)
2025-09-01 23:15:21,957 - timm.utils.checkpoint_saver: [    INFO] - Current checkpoints:
 ('./output/train/20250901-184723-mobilenetv2_vcaV2-224/ema0.9999_checkpoint/checkpoint-23.pth.tar', 61.44400002929687)
 ('./output/train/20250901-184723-mobilenetv2_vcaV2-224/ema0.9999_checkpoint/checkpoint-22.pth.tar', 60.49000003173828)
 ('./output/train/20250901-184723-mobilenetv2_vcaV2-224/ema0.9999_checkpoint/checkpoint-21.pth.tar', 59.33200000732422)
 ('./output/train/20250901-184723-mobilenetv2_vcaV2-224/ema0.9999_checkpoint/checkpoint-20.pth.tar', 57.841999965820314)
 ('./output/train/20250901-184723-mobilenetv2_vcaV2-224/ema0.9999_checkpoint/checkpoint-19.pth.tar', 55.616000004882814)
 ('./output/train/20250901-184723-mobilenetv2_vcaV2-224/ema0.9999_checkpoint/checkpoint-18.pth.tar', 53.005999989013674)
 ('./output/train/20250901-184723-mobilenetv2_vcaV2-224/ema0.9999_checkpoint/checkpoint-17.pth.tar', 49.57400000488281)
 ('./output/train/20250901-184723-mobilenetv2_vcaV2-224/ema0.9999_checkpoint/checkpoint-16.pth.tar', 44.59000000244141)
 ('./output/train/20250901-184723-mobilenetv2_vcaV2-224/ema0.9999_checkpoint/checkpoint-15.pth.tar', 37.94000001464844)
 ('./output/train/20250901-184723-mobilenetv2_vcaV2-224/ema0.9999_checkpoint/checkpoint-14.pth.tar', 29.148000001831054)

2025-09-01 23:15:24,173 -                train: [    INFO] - Train: 24 [   0/2502 (  0%)]  Loss: 39.37 (39.4)  Loss_cat: 0.4232 (0.423)  Loss_feat: 34.77 (34.8)  Loss_gt: 2.930 (2.93)  Loss_kd: 1.247 (1.25) LR: 1.729e-01
2025-09-01 23:16:14,835 -                train: [    INFO] - Train: 24 [ 200/2502 (  8%)]  Loss: 37.44 (38.4)  Loss_cat: 0.3960 (0.410)  Loss_feat: 33.19 (34.0)  Loss_gt: 2.676 (2.80)  Loss_kd: 1.176 (1.21) LR: 1.729e-01
2025-09-01 23:17:04,669 -                train: [    INFO] - Train: 24 [ 400/2502 ( 16%)]  Loss: 42.86 (39.9)  Loss_cat: 0.4548 (0.425)  Loss_feat: 37.14 (35.0)  Loss_gt: 3.779 (3.13)  Loss_kd: 1.487 (1.30) LR: 1.729e-01
2025-09-01 23:17:54,744 -                train: [    INFO] - Train: 24 [ 600/2502 ( 24%)]  Loss: 40.25 (40.0)  Loss_cat: 0.4359 (0.427)  Loss_feat: 35.41 (35.1)  Loss_gt: 3.094 (3.12)  Loss_kd: 1.308 (1.30) LR: 1.729e-01
2025-09-01 23:18:45,306 -                train: [    INFO] - Train: 24 [ 800/2502 ( 32%)]  Loss: 38.08 (39.6)  Loss_cat: 0.4061 (0.423)  Loss_feat: 33.80 (34.9)  Loss_gt: 2.735 (3.04)  Loss_kd: 1.142 (1.27) LR: 1.729e-01
2025-09-01 23:19:35,245 -                train: [    INFO] - Train: 24 [1000/2502 ( 40%)]  Loss: 39.22 (39.5)  Loss_cat: 0.4233 (0.423)  Loss_feat: 34.66 (34.8)  Loss_gt: 2.938 (3.03)  Loss_kd: 1.193 (1.26) LR: 1.729e-01
2025-09-01 23:20:25,681 -                train: [    INFO] - Train: 24 [1200/2502 ( 48%)]  Loss: 37.82 (39.3)  Loss_cat: 0.4041 (0.420)  Loss_feat: 33.55 (34.6)  Loss_gt: 2.740 (2.98)  Loss_kd: 1.132 (1.24) LR: 1.729e-01
2025-09-01 23:21:16,333 -                train: [    INFO] - Train: 24 [1400/2502 ( 56%)]  Loss: 40.26 (39.4)  Loss_cat: 0.4207 (0.421)  Loss_feat: 35.13 (34.7)  Loss_gt: 3.319 (3.03)  Loss_kd: 1.387 (1.26) LR: 1.729e-01
2025-09-01 23:22:06,867 -                train: [    INFO] - Train: 24 [1600/2502 ( 64%)]  Loss: 41.79 (39.7)  Loss_cat: 0.4550 (0.424)  Loss_feat: 36.40 (34.9)  Loss_gt: 3.547 (3.08)  Loss_kd: 1.398 (1.27) LR: 1.729e-01
2025-09-01 23:22:56,716 -                train: [    INFO] - Train: 24 [1800/2502 ( 72%)]  Loss: 43.96 (40.1)  Loss_cat: 0.4802 (0.430)  Loss_feat: 38.05 (35.2)  Loss_gt: 3.939 (3.17)  Loss_kd: 1.495 (1.30) LR: 1.729e-01
2025-09-01 23:23:47,107 -                train: [    INFO] - Train: 24 [2000/2502 ( 80%)]  Loss: 42.09 (40.3)  Loss_cat: 0.4411 (0.431)  Loss_feat: 36.38 (35.3)  Loss_gt: 3.740 (3.22)  Loss_kd: 1.526 (1.32) LR: 1.729e-01
2025-09-01 23:24:37,725 -                train: [    INFO] - Train: 24 [2200/2502 ( 88%)]  Loss: 40.93 (40.3)  Loss_cat: 0.4349 (0.431)  Loss_feat: 35.81 (35.4)  Loss_gt: 3.393 (3.24)  Loss_kd: 1.292 (1.32) LR: 1.729e-01
2025-09-01 23:25:28,235 -                train: [    INFO] - Train: 24 [2400/2502 ( 96%)]  Loss: 42.23 (40.5)  Loss_cat: 0.4461 (0.432)  Loss_feat: 36.65 (35.5)  Loss_gt: 3.668 (3.27)  Loss_kd: 1.465 (1.33) LR: 1.729e-01
2025-09-01 23:25:53,341 -                train: [    INFO] - Train: 24 [2501/2502 (100%)]  Loss: 43.84 (40.7)  Loss_cat: 0.4701 (0.435)  Loss_feat: 37.80 (35.6)  Loss_gt: 4.021 (3.32)  Loss_kd: 1.550 (1.34) LR: 1.729e-01
2025-09-01 23:25:53,341 -                train: [    INFO] - Distributing BatchNorm running means and vars
2025-09-01 23:25:54,887 -                train: [    INFO] - Test: [   0/97]  Time: 1.540 (1.540)  Loss:  1.4255 (1.4255)  Acc@1: 68.1641 (68.1641)  Acc@5: 89.0625 (89.0625)
2025-09-01 23:26:12,769 -                train: [    INFO] - Test: [  97/97]  Time: 0.014 (0.198)  Loss:  1.5473 (1.8374)  Acc@1: 66.9643 (58.0120)  Acc@5: 84.8214 (83.0780)
2025-09-01 23:26:13,050 - timm.utils.checkpoint_saver: [    INFO] - Current checkpoints:
 ('./output/train/20250901-184723-mobilenetv2_vcaV2-224/checkpoint/checkpoint-23.pth.tar', 58.887999997558595)
 ('./output/train/20250901-184723-mobilenetv2_vcaV2-224/checkpoint/checkpoint-24.pth.tar', 58.01200000732422)
 ('./output/train/20250901-184723-mobilenetv2_vcaV2-224/checkpoint/checkpoint-14.pth.tar', 57.149999995117184)
 ('./output/train/20250901-184723-mobilenetv2_vcaV2-224/checkpoint/checkpoint-18.pth.tar', 56.97)
 ('./output/train/20250901-184723-mobilenetv2_vcaV2-224/checkpoint/checkpoint-20.pth.tar', 56.89999998779297)
 ('./output/train/20250901-184723-mobilenetv2_vcaV2-224/checkpoint/checkpoint-22.pth.tar', 56.886)
 ('./output/train/20250901-184723-mobilenetv2_vcaV2-224/checkpoint/checkpoint-21.pth.tar', 56.64399998046875)
 ('./output/train/20250901-184723-mobilenetv2_vcaV2-224/checkpoint/checkpoint-17.pth.tar', 56.44199999267578)
 ('./output/train/20250901-184723-mobilenetv2_vcaV2-224/checkpoint/checkpoint-12.pth.tar', 56.06000002929687)
 ('./output/train/20250901-184723-mobilenetv2_vcaV2-224/checkpoint/checkpoint-15.pth.tar', 55.941999995117186)

2025-09-01 23:26:14,536 -                train: [    INFO] - Test (EMA 0.99990): [   0/97]  Time: 1.483 (1.483)  Loss:  1.0230 (1.0230)  Acc@1: 75.7812 (75.7812)  Acc@5: 93.5547 (93.5547)
2025-09-01 23:26:29,324 -                train: [    INFO] - Test (EMA 0.99990): [  97/97]  Time: 0.014 (0.166)  Loss:  1.3555 (1.5879)  Acc@1: 69.0476 (62.3280)  Acc@5: 86.9048 (85.3540)
2025-09-01 23:26:29,532 - timm.utils.checkpoint_saver: [    INFO] - Current checkpoints:
 ('./output/train/20250901-184723-mobilenetv2_vcaV2-224/ema0.9999_checkpoint/checkpoint-24.pth.tar', 62.32800002441406)
 ('./output/train/20250901-184723-mobilenetv2_vcaV2-224/ema0.9999_checkpoint/checkpoint-23.pth.tar', 61.44400002929687)
 ('./output/train/20250901-184723-mobilenetv2_vcaV2-224/ema0.9999_checkpoint/checkpoint-22.pth.tar', 60.49000003173828)
 ('./output/train/20250901-184723-mobilenetv2_vcaV2-224/ema0.9999_checkpoint/checkpoint-21.pth.tar', 59.33200000732422)
 ('./output/train/20250901-184723-mobilenetv2_vcaV2-224/ema0.9999_checkpoint/checkpoint-20.pth.tar', 57.841999965820314)
 ('./output/train/20250901-184723-mobilenetv2_vcaV2-224/ema0.9999_checkpoint/checkpoint-19.pth.tar', 55.616000004882814)
 ('./output/train/20250901-184723-mobilenetv2_vcaV2-224/ema0.9999_checkpoint/checkpoint-18.pth.tar', 53.005999989013674)
 ('./output/train/20250901-184723-mobilenetv2_vcaV2-224/ema0.9999_checkpoint/checkpoint-17.pth.tar', 49.57400000488281)
 ('./output/train/20250901-184723-mobilenetv2_vcaV2-224/ema0.9999_checkpoint/checkpoint-16.pth.tar', 44.59000000244141)
 ('./output/train/20250901-184723-mobilenetv2_vcaV2-224/ema0.9999_checkpoint/checkpoint-15.pth.tar', 37.94000001464844)

2025-09-01 23:26:31,652 -                train: [    INFO] - Train: 25 [   0/2502 (  0%)]  Loss: 43.43 (43.4)  Loss_cat: 0.4663 (0.466)  Loss_feat: 37.45 (37.5)  Loss_gt: 3.940 (3.94)  Loss_kd: 1.574 (1.57) LR: 1.707e-01
2025-09-01 23:27:22,301 -                train: [    INFO] - Train: 25 [ 200/2502 (  8%)]  Loss: 42.64 (43.0)  Loss_cat: 0.4506 (0.458)  Loss_feat: 36.95 (37.2)  Loss_gt: 3.779 (3.86)  Loss_kd: 1.454 (1.51) LR: 1.707e-01
2025-09-01 23:28:11,872 -                train: [    INFO] - Train: 25 [ 400/2502 ( 16%)]  Loss: 37.72 (41.3)  Loss_cat: 0.3972 (0.438)  Loss_feat: 33.68 (36.0)  Loss_gt: 2.524 (3.41)  Loss_kd: 1.112 (1.38) LR: 1.707e-01
2025-09-01 23:29:02,137 -                train: [    INFO] - Train: 25 [ 600/2502 ( 24%)]  Loss: 38.14 (40.5)  Loss_cat: 0.4117 (0.431)  Loss_feat: 33.99 (35.5)  Loss_gt: 2.650 (3.22)  Loss_kd: 1.085 (1.31) LR: 1.707e-01
2025-09-01 23:29:52,550 -                train: [    INFO] - Train: 25 [ 800/2502 ( 32%)]  Loss: 42.89 (41.0)  Loss_cat: 0.4513 (0.435)  Loss_feat: 37.00 (35.8)  Loss_gt: 3.921 (3.36)  Loss_kd: 1.523 (1.35) LR: 1.707e-01
2025-09-01 23:30:42,518 -                train: [    INFO] - Train: 25 [1000/2502 ( 40%)]  Loss: 40.70 (40.9)  Loss_cat: 0.4450 (0.437)  Loss_feat: 35.80 (35.8)  Loss_gt: 3.179 (3.33)  Loss_kd: 1.272 (1.34) LR: 1.707e-01
2025-09-01 23:31:33,222 -                train: [    INFO] - Train: 25 [1200/2502 ( 48%)]  Loss: 38.36 (40.6)  Loss_cat: 0.4084 (0.433)  Loss_feat: 33.87 (35.5)  Loss_gt: 2.863 (3.27)  Loss_kd: 1.212 (1.32) LR: 1.707e-01
2025-09-01 23:32:23,984 -                train: [    INFO] - Train: 25 [1400/2502 ( 56%)]  Loss: 39.77 (40.5)  Loss_cat: 0.4255 (0.432)  Loss_feat: 34.96 (35.5)  Loss_gt: 3.090 (3.24)  Loss_kd: 1.295 (1.32) LR: 1.707e-01
2025-09-01 23:33:14,815 -                train: [    INFO] - Train: 25 [1600/2502 ( 64%)]  Loss: 39.82 (40.4)  Loss_cat: 0.4337 (0.432)  Loss_feat: 35.24 (35.4)  Loss_gt: 2.984 (3.21)  Loss_kd: 1.166 (1.30) LR: 1.707e-01
2025-09-01 23:34:04,986 -                train: [    INFO] - Train: 25 [1800/2502 ( 72%)]  Loss: 40.55 (40.4)  Loss_cat: 0.4358 (0.433)  Loss_feat: 35.64 (35.5)  Loss_gt: 3.187 (3.21)  Loss_kd: 1.288 (1.30) LR: 1.707e-01
2025-09-01 23:34:55,506 -                train: [    INFO] - Train: 25 [2000/2502 ( 80%)]  Loss: 38.29 (40.2)  Loss_cat: 0.4121 (0.431)  Loss_feat: 34.02 (35.3)  Loss_gt: 2.697 (3.16)  Loss_kd: 1.164 (1.29) LR: 1.707e-01
2025-09-01 23:35:45,677 -                train: [    INFO] - Train: 25 [2200/2502 ( 88%)]  Loss: 38.74 (40.1)  Loss_cat: 0.4158 (0.429)  Loss_feat: 34.27 (35.2)  Loss_gt: 2.773 (3.13)  Loss_kd: 1.289 (1.29) LR: 1.707e-01
2025-09-01 23:36:36,178 -                train: [    INFO] - Train: 25 [2400/2502 ( 96%)]  Loss: 41.62 (40.2)  Loss_cat: 0.4474 (0.431)  Loss_feat: 36.40 (35.3)  Loss_gt: 3.367 (3.15)  Loss_kd: 1.408 (1.30) LR: 1.707e-01
2025-09-01 23:37:01,171 -                train: [    INFO] - Train: 25 [2501/2502 (100%)]  Loss: 38.53 (40.1)  Loss_cat: 0.4171 (0.430)  Loss_feat: 34.14 (35.2)  Loss_gt: 2.753 (3.12)  Loss_kd: 1.220 (1.29) LR: 1.707e-01
2025-09-01 23:37:01,172 -                train: [    INFO] - Distributing BatchNorm running means and vars
2025-09-01 23:37:02,945 -                train: [    INFO] - Test: [   0/97]  Time: 1.767 (1.767)  Loss:  1.4161 (1.4161)  Acc@1: 67.3828 (67.3828)  Acc@5: 87.8906 (87.8906)
2025-09-01 23:37:20,898 -                train: [    INFO] - Test: [  97/97]  Time: 0.014 (0.201)  Loss:  1.6218 (1.8710)  Acc@1: 60.7143 (56.4480)  Acc@5: 84.5238 (81.7940)
2025-09-01 23:37:21,106 - timm.utils.checkpoint_saver: [    INFO] - Current checkpoints:
 ('./output/train/20250901-184723-mobilenetv2_vcaV2-224/checkpoint/checkpoint-23.pth.tar', 58.887999997558595)
 ('./output/train/20250901-184723-mobilenetv2_vcaV2-224/checkpoint/checkpoint-24.pth.tar', 58.01200000732422)
 ('./output/train/20250901-184723-mobilenetv2_vcaV2-224/checkpoint/checkpoint-14.pth.tar', 57.149999995117184)
 ('./output/train/20250901-184723-mobilenetv2_vcaV2-224/checkpoint/checkpoint-18.pth.tar', 56.97)
 ('./output/train/20250901-184723-mobilenetv2_vcaV2-224/checkpoint/checkpoint-20.pth.tar', 56.89999998779297)
 ('./output/train/20250901-184723-mobilenetv2_vcaV2-224/checkpoint/checkpoint-22.pth.tar', 56.886)
 ('./output/train/20250901-184723-mobilenetv2_vcaV2-224/checkpoint/checkpoint-21.pth.tar', 56.64399998046875)
 ('./output/train/20250901-184723-mobilenetv2_vcaV2-224/checkpoint/checkpoint-25.pth.tar', 56.44800000732422)
 ('./output/train/20250901-184723-mobilenetv2_vcaV2-224/checkpoint/checkpoint-17.pth.tar', 56.44199999267578)
 ('./output/train/20250901-184723-mobilenetv2_vcaV2-224/checkpoint/checkpoint-12.pth.tar', 56.06000002929687)

2025-09-01 23:37:22,570 -                train: [    INFO] - Test (EMA 0.99990): [   0/97]  Time: 1.460 (1.460)  Loss:  1.0059 (1.0059)  Acc@1: 76.9531 (76.9531)  Acc@5: 93.5547 (93.5547)
2025-09-01 23:37:37,113 -                train: [    INFO] - Test (EMA 0.99990): [  97/97]  Time: 0.014 (0.163)  Loss:  1.3181 (1.5504)  Acc@1: 69.3452 (63.0140)  Acc@5: 87.5000 (85.7780)
2025-09-01 23:37:37,315 - timm.utils.checkpoint_saver: [    INFO] - Current checkpoints:
 ('./output/train/20250901-184723-mobilenetv2_vcaV2-224/ema0.9999_checkpoint/checkpoint-25.pth.tar', 63.01399999755859)
 ('./output/train/20250901-184723-mobilenetv2_vcaV2-224/ema0.9999_checkpoint/checkpoint-24.pth.tar', 62.32800002441406)
 ('./output/train/20250901-184723-mobilenetv2_vcaV2-224/ema0.9999_checkpoint/checkpoint-23.pth.tar', 61.44400002929687)
 ('./output/train/20250901-184723-mobilenetv2_vcaV2-224/ema0.9999_checkpoint/checkpoint-22.pth.tar', 60.49000003173828)
 ('./output/train/20250901-184723-mobilenetv2_vcaV2-224/ema0.9999_checkpoint/checkpoint-21.pth.tar', 59.33200000732422)
 ('./output/train/20250901-184723-mobilenetv2_vcaV2-224/ema0.9999_checkpoint/checkpoint-20.pth.tar', 57.841999965820314)
 ('./output/train/20250901-184723-mobilenetv2_vcaV2-224/ema0.9999_checkpoint/checkpoint-19.pth.tar', 55.616000004882814)
 ('./output/train/20250901-184723-mobilenetv2_vcaV2-224/ema0.9999_checkpoint/checkpoint-18.pth.tar', 53.005999989013674)
 ('./output/train/20250901-184723-mobilenetv2_vcaV2-224/ema0.9999_checkpoint/checkpoint-17.pth.tar', 49.57400000488281)
 ('./output/train/20250901-184723-mobilenetv2_vcaV2-224/ema0.9999_checkpoint/checkpoint-16.pth.tar', 44.59000000244141)

2025-09-01 23:37:39,136 -                train: [    INFO] - Train: 26 [   0/2502 (  0%)]  Loss: 40.56 (40.6)  Loss_cat: 0.4277 (0.428)  Loss_feat: 35.54 (35.5)  Loss_gt: 3.300 (3.30)  Loss_kd: 1.295 (1.30) LR: 1.685e-01
2025-09-01 23:38:30,008 -                train: [    INFO] - Train: 26 [ 200/2502 (  8%)]  Loss: 39.22 (39.9)  Loss_cat: 0.4268 (0.427)  Loss_feat: 34.79 (35.2)  Loss_gt: 2.834 (3.07)  Loss_kd: 1.175 (1.24) LR: 1.685e-01
2025-09-01 23:39:19,774 -                train: [    INFO] - Train: 26 [ 400/2502 ( 16%)]  Loss: 39.38 (39.7)  Loss_cat: 0.4208 (0.425)  Loss_feat: 34.82 (35.0)  Loss_gt: 2.969 (3.03)  Loss_kd: 1.165 (1.21) LR: 1.685e-01
2025-09-01 23:40:10,068 -                train: [    INFO] - Train: 26 [ 600/2502 ( 24%)]  Loss: 40.44 (39.9)  Loss_cat: 0.4330 (0.427)  Loss_feat: 35.43 (35.1)  Loss_gt: 3.295 (3.10)  Loss_kd: 1.279 (1.23) LR: 1.685e-01
2025-09-01 23:41:00,411 -                train: [    INFO] - Train: 26 [ 800/2502 ( 32%)]  Loss: 40.90 (40.1)  Loss_cat: 0.4335 (0.428)  Loss_feat: 35.76 (35.3)  Loss_gt: 3.364 (3.15)  Loss_kd: 1.344 (1.25) LR: 1.685e-01
2025-09-01 23:41:51,242 -                train: [    INFO] - Train: 26 [1000/2502 ( 40%)]  Loss: 39.22 (40.0)  Loss_cat: 0.4247 (0.428)  Loss_feat: 34.69 (35.2)  Loss_gt: 2.859 (3.10)  Loss_kd: 1.249 (1.25) LR: 1.685e-01
2025-09-01 23:42:41,181 -                train: [    INFO] - Train: 26 [1200/2502 ( 48%)]  Loss: 42.36 (40.3)  Loss_cat: 0.4504 (0.431)  Loss_feat: 36.82 (35.4)  Loss_gt: 3.663 (3.18)  Loss_kd: 1.425 (1.28) LR: 1.685e-01
2025-09-01 23:43:31,524 -                train: [    INFO] - Train: 26 [1400/2502 ( 56%)]  Loss: 40.39 (40.3)  Loss_cat: 0.4261 (0.430)  Loss_feat: 35.30 (35.4)  Loss_gt: 3.277 (3.20)  Loss_kd: 1.384 (1.29) LR: 1.685e-01
2025-09-01 23:44:21,774 -                train: [    INFO] - Train: 26 [1600/2502 ( 64%)]  Loss: 40.02 (40.3)  Loss_cat: 0.4218 (0.429)  Loss_feat: 34.98 (35.3)  Loss_gt: 3.257 (3.20)  Loss_kd: 1.355 (1.30) LR: 1.685e-01
2025-09-01 23:45:12,248 -                train: [    INFO] - Train: 26 [1800/2502 ( 72%)]  Loss: 37.96 (40.0)  Loss_cat: 0.4030 (0.427)  Loss_feat: 33.71 (35.2)  Loss_gt: 2.679 (3.15)  Loss_kd: 1.172 (1.28) LR: 1.685e-01
2025-09-01 23:46:02,228 -                train: [    INFO] - Train: 26 [2000/2502 ( 80%)]  Loss: 41.27 (40.2)  Loss_cat: 0.4528 (0.429)  Loss_feat: 36.26 (35.3)  Loss_gt: 3.295 (3.16)  Loss_kd: 1.264 (1.28) LR: 1.685e-01
2025-09-01 23:46:52,677 -                train: [    INFO] - Train: 26 [2200/2502 ( 88%)]  Loss: 38.50 (40.0)  Loss_cat: 0.4165 (0.428)  Loss_feat: 34.05 (35.2)  Loss_gt: 2.854 (3.14)  Loss_kd: 1.174 (1.27) LR: 1.685e-01
2025-09-01 23:47:43,334 -                train: [    INFO] - Train: 26 [2400/2502 ( 96%)]  Loss: 41.16 (40.1)  Loss_cat: 0.4409 (0.429)  Loss_feat: 35.99 (35.2)  Loss_gt: 3.344 (3.15)  Loss_kd: 1.386 (1.28) LR: 1.685e-01
2025-09-01 23:48:08,474 -                train: [    INFO] - Train: 26 [2501/2502 (100%)]  Loss: 38.56 (40.0)  Loss_cat: 0.4164 (0.428)  Loss_feat: 34.23 (35.2)  Loss_gt: 2.722 (3.12)  Loss_kd: 1.190 (1.28) LR: 1.685e-01
2025-09-01 23:48:08,475 -                train: [    INFO] - Distributing BatchNorm running means and vars
2025-09-01 23:48:10,187 -                train: [    INFO] - Test: [   0/97]  Time: 1.706 (1.706)  Loss:  1.3029 (1.3029)  Acc@1: 68.1641 (68.1641)  Acc@5: 88.6719 (88.6719)
2025-09-01 23:48:28,864 -                train: [    INFO] - Test: [  97/97]  Time: 0.014 (0.208)  Loss:  1.4865 (1.8193)  Acc@1: 68.1548 (57.8020)  Acc@5: 85.7143 (82.9020)
2025-09-01 23:48:29,090 - timm.utils.checkpoint_saver: [    INFO] - Current checkpoints:
 ('./output/train/20250901-184723-mobilenetv2_vcaV2-224/checkpoint/checkpoint-23.pth.tar', 58.887999997558595)
 ('./output/train/20250901-184723-mobilenetv2_vcaV2-224/checkpoint/checkpoint-24.pth.tar', 58.01200000732422)
 ('./output/train/20250901-184723-mobilenetv2_vcaV2-224/checkpoint/checkpoint-26.pth.tar', 57.8020000024414)
 ('./output/train/20250901-184723-mobilenetv2_vcaV2-224/checkpoint/checkpoint-14.pth.tar', 57.149999995117184)
 ('./output/train/20250901-184723-mobilenetv2_vcaV2-224/checkpoint/checkpoint-18.pth.tar', 56.97)
 ('./output/train/20250901-184723-mobilenetv2_vcaV2-224/checkpoint/checkpoint-20.pth.tar', 56.89999998779297)
 ('./output/train/20250901-184723-mobilenetv2_vcaV2-224/checkpoint/checkpoint-22.pth.tar', 56.886)
 ('./output/train/20250901-184723-mobilenetv2_vcaV2-224/checkpoint/checkpoint-21.pth.tar', 56.64399998046875)
 ('./output/train/20250901-184723-mobilenetv2_vcaV2-224/checkpoint/checkpoint-25.pth.tar', 56.44800000732422)
 ('./output/train/20250901-184723-mobilenetv2_vcaV2-224/checkpoint/checkpoint-17.pth.tar', 56.44199999267578)

2025-09-01 23:48:30,532 -                train: [    INFO] - Test (EMA 0.99990): [   0/97]  Time: 1.437 (1.437)  Loss:  0.9913 (0.9913)  Acc@1: 77.3438 (77.3438)  Acc@5: 93.5547 (93.5547)
2025-09-01 23:48:44,837 -                train: [    INFO] - Test (EMA 0.99990): [  97/97]  Time: 0.014 (0.161)  Loss:  1.2938 (1.5193)  Acc@1: 69.3452 (63.4760)  Acc@5: 87.5000 (86.1200)
2025-09-01 23:48:45,016 - timm.utils.checkpoint_saver: [    INFO] - Current checkpoints:
 ('./output/train/20250901-184723-mobilenetv2_vcaV2-224/ema0.9999_checkpoint/checkpoint-26.pth.tar', 63.475999997558596)
 ('./output/train/20250901-184723-mobilenetv2_vcaV2-224/ema0.9999_checkpoint/checkpoint-25.pth.tar', 63.01399999755859)
 ('./output/train/20250901-184723-mobilenetv2_vcaV2-224/ema0.9999_checkpoint/checkpoint-24.pth.tar', 62.32800002441406)
 ('./output/train/20250901-184723-mobilenetv2_vcaV2-224/ema0.9999_checkpoint/checkpoint-23.pth.tar', 61.44400002929687)
 ('./output/train/20250901-184723-mobilenetv2_vcaV2-224/ema0.9999_checkpoint/checkpoint-22.pth.tar', 60.49000003173828)
 ('./output/train/20250901-184723-mobilenetv2_vcaV2-224/ema0.9999_checkpoint/checkpoint-21.pth.tar', 59.33200000732422)
 ('./output/train/20250901-184723-mobilenetv2_vcaV2-224/ema0.9999_checkpoint/checkpoint-20.pth.tar', 57.841999965820314)
 ('./output/train/20250901-184723-mobilenetv2_vcaV2-224/ema0.9999_checkpoint/checkpoint-19.pth.tar', 55.616000004882814)
 ('./output/train/20250901-184723-mobilenetv2_vcaV2-224/ema0.9999_checkpoint/checkpoint-18.pth.tar', 53.005999989013674)
 ('./output/train/20250901-184723-mobilenetv2_vcaV2-224/ema0.9999_checkpoint/checkpoint-17.pth.tar', 49.57400000488281)

2025-09-01 23:48:46,842 -                train: [    INFO] - Train: 27 [   0/2502 (  0%)]  Loss: 41.19 (41.2)  Loss_cat: 0.4411 (0.441)  Loss_feat: 36.14 (36.1)  Loss_gt: 3.315 (3.31)  Loss_kd: 1.302 (1.30) LR: 1.661e-01
2025-09-01 23:49:37,420 -                train: [    INFO] - Train: 27 [ 200/2502 (  8%)]  Loss: 42.19 (41.7)  Loss_cat: 0.4462 (0.444)  Loss_feat: 36.69 (36.4)  Loss_gt: 3.649 (3.48)  Loss_kd: 1.406 (1.35) LR: 1.661e-01
2025-09-01 23:50:27,820 -                train: [    INFO] - Train: 27 [ 400/2502 ( 16%)]  Loss: 38.25 (40.5)  Loss_cat: 0.4068 (0.431)  Loss_feat: 33.99 (35.6)  Loss_gt: 2.707 (3.22)  Loss_kd: 1.146 (1.28) LR: 1.661e-01
2025-09-01 23:51:18,235 -                train: [    INFO] - Train: 27 [ 600/2502 ( 24%)]  Loss: 38.07 (39.9)  Loss_cat: 0.4055 (0.425)  Loss_feat: 33.77 (35.1)  Loss_gt: 2.737 (3.10)  Loss_kd: 1.164 (1.25) LR: 1.661e-01
2025-09-01 23:52:08,767 -                train: [    INFO] - Train: 27 [ 800/2502 ( 32%)]  Loss: 41.04 (40.1)  Loss_cat: 0.4396 (0.428)  Loss_feat: 35.86 (35.3)  Loss_gt: 3.440 (3.17)  Loss_kd: 1.299 (1.26) LR: 1.661e-01
2025-09-01 23:52:58,644 -                train: [    INFO] - Train: 27 [1000/2502 ( 40%)]  Loss: 40.41 (40.2)  Loss_cat: 0.4370 (0.429)  Loss_feat: 35.37 (35.3)  Loss_gt: 3.291 (3.19)  Loss_kd: 1.308 (1.27) LR: 1.661e-01
2025-09-01 23:53:49,271 -                train: [    INFO] - Train: 27 [1200/2502 ( 48%)]  Loss: 39.58 (40.1)  Loss_cat: 0.4158 (0.427)  Loss_feat: 34.85 (35.2)  Loss_gt: 3.057 (3.17)  Loss_kd: 1.254 (1.27) LR: 1.661e-01
2025-09-01 23:54:42,707 -                train: [    INFO] - Train: 27 [1400/2502 ( 56%)]  Loss: 37.88 (39.8)  Loss_cat: 0.4096 (0.425)  Loss_feat: 33.84 (35.1)  Loss_gt: 2.575 (3.10)  Loss_kd: 1.052 (1.24) LR: 1.661e-01
2025-09-01 23:55:33,364 -                train: [    INFO] - Train: 27 [1600/2502 ( 64%)]  Loss: 41.25 (40.0)  Loss_cat: 0.4372 (0.427)  Loss_feat: 36.09 (35.2)  Loss_gt: 3.364 (3.13)  Loss_kd: 1.358 (1.25) LR: 1.661e-01
2025-09-01 23:56:23,154 -                train: [    INFO] - Train: 27 [1800/2502 ( 72%)]  Loss: 39.92 (40.0)  Loss_cat: 0.4309 (0.427)  Loss_feat: 35.12 (35.2)  Loss_gt: 3.089 (3.12)  Loss_kd: 1.283 (1.26) LR: 1.661e-01
2025-09-01 23:57:13,823 -                train: [    INFO] - Train: 27 [2000/2502 ( 80%)]  Loss: 42.00 (40.2)  Loss_cat: 0.4525 (0.429)  Loss_feat: 36.73 (35.3)  Loss_gt: 3.518 (3.16)  Loss_kd: 1.293 (1.26) LR: 1.661e-01
2025-09-01 23:58:03,920 -                train: [    INFO] - Train: 27 [2200/2502 ( 88%)]  Loss: 39.28 (40.1)  Loss_cat: 0.4178 (0.428)  Loss_feat: 34.56 (35.3)  Loss_gt: 3.042 (3.15)  Loss_kd: 1.261 (1.26) LR: 1.661e-01
2025-09-01 23:58:54,875 -                train: [    INFO] - Train: 27 [2400/2502 ( 96%)]  Loss: 38.89 (40.0)  Loss_cat: 0.4187 (0.428)  Loss_feat: 34.52 (35.2)  Loss_gt: 2.811 (3.12)  Loss_kd: 1.143 (1.25) LR: 1.661e-01
2025-09-01 23:59:20,110 -                train: [    INFO] - Train: 27 [2501/2502 (100%)]  Loss: 37.65 (39.8)  Loss_cat: 0.4013 (0.426)  Loss_feat: 33.59 (35.1)  Loss_gt: 2.588 (3.08)  Loss_kd: 1.065 (1.24) LR: 1.661e-01
2025-09-01 23:59:20,110 -                train: [    INFO] - Distributing BatchNorm running means and vars
2025-09-01 23:59:21,802 -                train: [    INFO] - Test: [   0/97]  Time: 1.687 (1.687)  Loss:  1.4089 (1.4089)  Acc@1: 67.5781 (67.5781)  Acc@5: 89.6484 (89.6484)
2025-09-01 23:59:38,959 -                train: [    INFO] - Test: [  97/97]  Time: 0.014 (0.192)  Loss:  1.7593 (1.9205)  Acc@1: 58.0357 (55.5940)  Acc@5: 82.4405 (81.1260)
2025-09-01 23:59:40,780 -                train: [    INFO] - Test (EMA 0.99990): [   0/97]  Time: 1.654 (1.654)  Loss:  0.9851 (0.9851)  Acc@1: 76.5625 (76.5625)  Acc@5: 93.3594 (93.3594)
2025-09-01 23:59:56,896 -                train: [    INFO] - Test (EMA 0.99990): [  97/97]  Time: 0.014 (0.181)  Loss:  1.2674 (1.4918)  Acc@1: 70.2381 (63.9900)  Acc@5: 87.2024 (86.4940)
2025-09-01 23:59:57,112 - timm.utils.checkpoint_saver: [    INFO] - Current checkpoints:
 ('./output/train/20250901-184723-mobilenetv2_vcaV2-224/ema0.9999_checkpoint/checkpoint-27.pth.tar', 63.99000001953125)
 ('./output/train/20250901-184723-mobilenetv2_vcaV2-224/ema0.9999_checkpoint/checkpoint-26.pth.tar', 63.475999997558596)
 ('./output/train/20250901-184723-mobilenetv2_vcaV2-224/ema0.9999_checkpoint/checkpoint-25.pth.tar', 63.01399999755859)
 ('./output/train/20250901-184723-mobilenetv2_vcaV2-224/ema0.9999_checkpoint/checkpoint-24.pth.tar', 62.32800002441406)
 ('./output/train/20250901-184723-mobilenetv2_vcaV2-224/ema0.9999_checkpoint/checkpoint-23.pth.tar', 61.44400002929687)
 ('./output/train/20250901-184723-mobilenetv2_vcaV2-224/ema0.9999_checkpoint/checkpoint-22.pth.tar', 60.49000003173828)
 ('./output/train/20250901-184723-mobilenetv2_vcaV2-224/ema0.9999_checkpoint/checkpoint-21.pth.tar', 59.33200000732422)
 ('./output/train/20250901-184723-mobilenetv2_vcaV2-224/ema0.9999_checkpoint/checkpoint-20.pth.tar', 57.841999965820314)
 ('./output/train/20250901-184723-mobilenetv2_vcaV2-224/ema0.9999_checkpoint/checkpoint-19.pth.tar', 55.616000004882814)
 ('./output/train/20250901-184723-mobilenetv2_vcaV2-224/ema0.9999_checkpoint/checkpoint-18.pth.tar', 53.005999989013674)

2025-09-01 23:59:59,227 -                train: [    INFO] - Train: 28 [   0/2502 (  0%)]  Loss: 39.87 (39.9)  Loss_cat: 0.4141 (0.414)  Loss_feat: 34.99 (35.0)  Loss_gt: 3.180 (3.18)  Loss_kd: 1.283 (1.28) LR: 1.637e-01
2025-09-02 00:00:49,439 -                train: [    INFO] - Train: 28 [ 200/2502 (  8%)]  Loss: 38.79 (39.3)  Loss_cat: 0.4229 (0.418)  Loss_feat: 34.45 (34.7)  Loss_gt: 2.757 (2.97)  Loss_kd: 1.154 (1.22) LR: 1.637e-01
2025-09-02 00:01:39,713 -                train: [    INFO] - Train: 28 [ 400/2502 ( 16%)]  Loss: 41.27 (40.0)  Loss_cat: 0.4475 (0.428)  Loss_feat: 36.04 (35.2)  Loss_gt: 3.400 (3.11)  Loss_kd: 1.380 (1.27) LR: 1.637e-01
2025-09-02 00:02:30,685 -                train: [    INFO] - Train: 28 [ 600/2502 ( 24%)]  Loss: 39.00 (39.7)  Loss_cat: 0.4164 (0.425)  Loss_feat: 34.54 (35.0)  Loss_gt: 2.842 (3.04)  Loss_kd: 1.207 (1.26) LR: 1.637e-01
2025-09-02 00:03:20,340 -                train: [    INFO] - Train: 28 [ 800/2502 ( 32%)]  Loss: 43.76 (40.5)  Loss_cat: 0.4600 (0.432)  Loss_feat: 37.71 (35.5)  Loss_gt: 4.078 (3.25)  Loss_kd: 1.516 (1.31) LR: 1.637e-01
2025-09-02 00:04:10,533 -                train: [    INFO] - Train: 28 [1000/2502 ( 40%)]  Loss: 39.51 (40.4)  Loss_cat: 0.4298 (0.432)  Loss_feat: 34.93 (35.4)  Loss_gt: 2.932 (3.20)  Loss_kd: 1.216 (1.29) LR: 1.637e-01
2025-09-02 00:05:01,150 -                train: [    INFO] - Train: 28 [1200/2502 ( 48%)]  Loss: 39.18 (40.2)  Loss_cat: 0.4116 (0.429)  Loss_feat: 34.38 (35.3)  Loss_gt: 3.109 (3.19)  Loss_kd: 1.274 (1.29) LR: 1.637e-01
2025-09-02 00:05:51,443 -                train: [    INFO] - Train: 28 [1400/2502 ( 56%)]  Loss: 38.07 (39.9)  Loss_cat: 0.4030 (0.426)  Loss_feat: 33.83 (35.1)  Loss_gt: 2.680 (3.12)  Loss_kd: 1.153 (1.27) LR: 1.637e-01
2025-09-02 00:06:41,891 -                train: [    INFO] - Train: 28 [1600/2502 ( 64%)]  Loss: 40.88 (40.0)  Loss_cat: 0.4266 (0.426)  Loss_feat: 35.73 (35.2)  Loss_gt: 3.325 (3.14)  Loss_kd: 1.396 (1.29) LR: 1.637e-01
2025-09-02 00:07:32,481 -                train: [    INFO] - Train: 28 [1800/2502 ( 72%)]  Loss: 41.18 (40.2)  Loss_cat: 0.4294 (0.426)  Loss_feat: 35.99 (35.3)  Loss_gt: 3.462 (3.18)  Loss_kd: 1.296 (1.29) LR: 1.637e-01
2025-09-02 00:08:22,948 -                train: [    INFO] - Train: 28 [2000/2502 ( 80%)]  Loss: 43.08 (40.4)  Loss_cat: 0.4483 (0.428)  Loss_feat: 37.24 (35.4)  Loss_gt: 3.907 (3.24)  Loss_kd: 1.490 (1.31) LR: 1.637e-01
2025-09-02 00:09:12,967 -                train: [    INFO] - Train: 28 [2200/2502 ( 88%)]  Loss: 38.50 (40.3)  Loss_cat: 0.4121 (0.427)  Loss_feat: 34.16 (35.3)  Loss_gt: 2.771 (3.20)  Loss_kd: 1.153 (1.29) LR: 1.637e-01
2025-09-02 00:10:03,647 -                train: [    INFO] - Train: 28 [2400/2502 ( 96%)]  Loss: 40.73 (40.3)  Loss_cat: 0.4265 (0.427)  Loss_feat: 35.61 (35.4)  Loss_gt: 3.365 (3.22)  Loss_kd: 1.329 (1.30) LR: 1.637e-01
2025-09-02 00:10:29,249 -                train: [    INFO] - Train: 28 [2501/2502 (100%)]  Loss: 41.66 (40.4)  Loss_cat: 0.4474 (0.428)  Loss_feat: 36.31 (35.4)  Loss_gt: 3.518 (3.24)  Loss_kd: 1.382 (1.30) LR: 1.637e-01
2025-09-02 00:10:29,249 -                train: [    INFO] - Distributing BatchNorm running means and vars
2025-09-02 00:10:30,771 -                train: [    INFO] - Test: [   0/97]  Time: 1.516 (1.516)  Loss:  1.3956 (1.3956)  Acc@1: 66.7969 (66.7969)  Acc@5: 90.8203 (90.8203)
2025-09-02 00:10:47,606 -                train: [    INFO] - Test: [  97/97]  Time: 0.014 (0.187)  Loss:  1.8014 (1.9159)  Acc@1: 61.0119 (56.3380)  Acc@5: 80.9524 (81.6820)
2025-09-02 00:10:49,610 -                train: [    INFO] - Test (EMA 0.99990): [   0/97]  Time: 1.806 (1.806)  Loss:  0.9810 (0.9810)  Acc@1: 76.7578 (76.7578)  Acc@5: 93.3594 (93.3594)
2025-09-02 00:11:05,700 -                train: [    INFO] - Test (EMA 0.99990): [  97/97]  Time: 0.014 (0.183)  Loss:  1.2363 (1.4696)  Acc@1: 69.9405 (64.4740)  Acc@5: 88.3929 (86.8480)
2025-09-02 00:11:05,891 - timm.utils.checkpoint_saver: [    INFO] - Current checkpoints:
 ('./output/train/20250901-184723-mobilenetv2_vcaV2-224/ema0.9999_checkpoint/checkpoint-28.pth.tar', 64.47399999511718)
 ('./output/train/20250901-184723-mobilenetv2_vcaV2-224/ema0.9999_checkpoint/checkpoint-27.pth.tar', 63.99000001953125)
 ('./output/train/20250901-184723-mobilenetv2_vcaV2-224/ema0.9999_checkpoint/checkpoint-26.pth.tar', 63.475999997558596)
 ('./output/train/20250901-184723-mobilenetv2_vcaV2-224/ema0.9999_checkpoint/checkpoint-25.pth.tar', 63.01399999755859)
 ('./output/train/20250901-184723-mobilenetv2_vcaV2-224/ema0.9999_checkpoint/checkpoint-24.pth.tar', 62.32800002441406)
 ('./output/train/20250901-184723-mobilenetv2_vcaV2-224/ema0.9999_checkpoint/checkpoint-23.pth.tar', 61.44400002929687)
 ('./output/train/20250901-184723-mobilenetv2_vcaV2-224/ema0.9999_checkpoint/checkpoint-22.pth.tar', 60.49000003173828)
 ('./output/train/20250901-184723-mobilenetv2_vcaV2-224/ema0.9999_checkpoint/checkpoint-21.pth.tar', 59.33200000732422)
 ('./output/train/20250901-184723-mobilenetv2_vcaV2-224/ema0.9999_checkpoint/checkpoint-20.pth.tar', 57.841999965820314)
 ('./output/train/20250901-184723-mobilenetv2_vcaV2-224/ema0.9999_checkpoint/checkpoint-19.pth.tar', 55.616000004882814)

2025-09-02 00:11:07,779 -                train: [    INFO] - Train: 29 [   0/2502 (  0%)]  Loss: 42.70 (42.7)  Loss_cat: 0.4485 (0.448)  Loss_feat: 36.96 (37.0)  Loss_gt: 3.822 (3.82)  Loss_kd: 1.474 (1.47) LR: 1.613e-01
2025-09-02 00:11:57,954 -                train: [    INFO] - Train: 29 [ 200/2502 (  8%)]  Loss: 39.73 (41.2)  Loss_cat: 0.4317 (0.440)  Loss_feat: 35.18 (36.1)  Loss_gt: 2.926 (3.37)  Loss_kd: 1.194 (1.33) LR: 1.613e-01
2025-09-02 00:12:50,979 -                train: [    INFO] - Train: 29 [ 400/2502 ( 16%)]  Loss: 39.93 (40.8)  Loss_cat: 0.4204 (0.434)  Loss_feat: 35.06 (35.7)  Loss_gt: 3.179 (3.31)  Loss_kd: 1.266 (1.31) LR: 1.613e-01
2025-09-02 00:13:41,222 -                train: [    INFO] - Train: 29 [ 600/2502 ( 24%)]  Loss: 42.42 (41.2)  Loss_cat: 0.4444 (0.436)  Loss_feat: 36.55 (35.9)  Loss_gt: 3.859 (3.45)  Loss_kd: 1.568 (1.38) LR: 1.613e-01
2025-09-02 00:14:31,037 -                train: [    INFO] - Train: 29 [ 800/2502 ( 32%)]  Loss: 40.53 (41.1)  Loss_cat: 0.4378 (0.437)  Loss_feat: 35.68 (35.9)  Loss_gt: 3.239 (3.40)  Loss_kd: 1.181 (1.34) LR: 1.613e-01
2025-09-02 00:15:21,593 -                train: [    INFO] - Train: 29 [1000/2502 ( 40%)]  Loss: 40.48 (41.0)  Loss_cat: 0.4329 (0.436)  Loss_feat: 35.44 (35.8)  Loss_gt: 3.294 (3.39)  Loss_kd: 1.313 (1.33) LR: 1.613e-01
2025-09-02 00:16:11,944 -                train: [    INFO] - Train: 29 [1200/2502 ( 48%)]  Loss: 41.43 (41.0)  Loss_cat: 0.4334 (0.436)  Loss_feat: 36.07 (35.8)  Loss_gt: 3.539 (3.41)  Loss_kd: 1.395 (1.34) LR: 1.613e-01
2025-09-02 00:17:02,435 -                train: [    INFO] - Train: 29 [1400/2502 ( 56%)]  Loss: 42.86 (41.3)  Loss_cat: 0.4430 (0.437)  Loss_feat: 36.87 (36.0)  Loss_gt: 3.944 (3.48)  Loss_kd: 1.602 (1.37) LR: 1.613e-01
2025-09-02 00:17:53,169 -                train: [    INFO] - Train: 29 [1600/2502 ( 64%)]  Loss: 43.46 (41.5)  Loss_cat: 0.4672 (0.440)  Loss_feat: 37.55 (36.1)  Loss_gt: 3.867 (3.52)  Loss_kd: 1.580 (1.40) LR: 1.613e-01
2025-09-02 00:18:43,925 -                train: [    INFO] - Train: 29 [1800/2502 ( 72%)]  Loss: 40.01 (41.4)  Loss_cat: 0.4237 (0.438)  Loss_feat: 35.18 (36.1)  Loss_gt: 3.157 (3.48)  Loss_kd: 1.246 (1.38) LR: 1.613e-01
2025-09-02 00:19:34,466 -                train: [    INFO] - Train: 29 [2000/2502 ( 80%)]  Loss: 41.94 (41.4)  Loss_cat: 0.4456 (0.439)  Loss_feat: 36.50 (36.1)  Loss_gt: 3.598 (3.49)  Loss_kd: 1.406 (1.38) LR: 1.613e-01
2025-09-02 00:20:24,935 -                train: [    INFO] - Train: 29 [2200/2502 ( 88%)]  Loss: 38.65 (41.2)  Loss_cat: 0.4110 (0.437)  Loss_feat: 34.21 (35.9)  Loss_gt: 2.836 (3.44)  Loss_kd: 1.187 (1.37) LR: 1.613e-01
2025-09-02 00:21:14,788 -                train: [    INFO] - Train: 29 [2400/2502 ( 96%)]  Loss: 39.30 (41.0)  Loss_cat: 0.4204 (0.435)  Loss_feat: 34.69 (35.8)  Loss_gt: 2.977 (3.40)  Loss_kd: 1.209 (1.36) LR: 1.613e-01
2025-09-02 00:21:40,358 -                train: [    INFO] - Train: 29 [2501/2502 (100%)]  Loss: 37.39 (40.8)  Loss_cat: 0.3945 (0.432)  Loss_feat: 33.39 (35.7)  Loss_gt: 2.511 (3.34)  Loss_kd: 1.096 (1.34) LR: 1.613e-01
2025-09-02 00:21:40,359 -                train: [    INFO] - Distributing BatchNorm running means and vars
2025-09-02 00:21:42,141 -                train: [    INFO] - Test: [   0/97]  Time: 1.777 (1.777)  Loss:  1.3282 (1.3282)  Acc@1: 67.7734 (67.7734)  Acc@5: 88.2812 (88.2812)
2025-09-02 00:21:58,925 -                train: [    INFO] - Test: [  97/97]  Time: 0.014 (0.189)  Loss:  1.4484 (1.7214)  Acc@1: 67.8571 (59.2140)  Acc@5: 87.2024 (83.8940)
2025-09-02 00:21:59,160 - timm.utils.checkpoint_saver: [    INFO] - Current checkpoints:
 ('./output/train/20250901-184723-mobilenetv2_vcaV2-224/checkpoint/checkpoint-29.pth.tar', 59.21400002929688)
 ('./output/train/20250901-184723-mobilenetv2_vcaV2-224/checkpoint/checkpoint-23.pth.tar', 58.887999997558595)
 ('./output/train/20250901-184723-mobilenetv2_vcaV2-224/checkpoint/checkpoint-24.pth.tar', 58.01200000732422)
 ('./output/train/20250901-184723-mobilenetv2_vcaV2-224/checkpoint/checkpoint-26.pth.tar', 57.8020000024414)
 ('./output/train/20250901-184723-mobilenetv2_vcaV2-224/checkpoint/checkpoint-14.pth.tar', 57.149999995117184)
 ('./output/train/20250901-184723-mobilenetv2_vcaV2-224/checkpoint/checkpoint-18.pth.tar', 56.97)
 ('./output/train/20250901-184723-mobilenetv2_vcaV2-224/checkpoint/checkpoint-20.pth.tar', 56.89999998779297)
 ('./output/train/20250901-184723-mobilenetv2_vcaV2-224/checkpoint/checkpoint-22.pth.tar', 56.886)
 ('./output/train/20250901-184723-mobilenetv2_vcaV2-224/checkpoint/checkpoint-21.pth.tar', 56.64399998046875)
 ('./output/train/20250901-184723-mobilenetv2_vcaV2-224/checkpoint/checkpoint-25.pth.tar', 56.44800000732422)

2025-09-02 00:22:00,836 -                train: [    INFO] - Test (EMA 0.99990): [   0/97]  Time: 1.671 (1.671)  Loss:  0.9714 (0.9714)  Acc@1: 76.3672 (76.3672)  Acc@5: 93.5547 (93.5547)
2025-09-02 00:22:15,357 -                train: [    INFO] - Test (EMA 0.99990): [  97/97]  Time: 0.014 (0.165)  Loss:  1.2093 (1.4490)  Acc@1: 69.9405 (64.8080)  Acc@5: 89.2857 (87.1760)
2025-09-02 00:22:15,545 - timm.utils.checkpoint_saver: [    INFO] - Current checkpoints:
 ('./output/train/20250901-184723-mobilenetv2_vcaV2-224/ema0.9999_checkpoint/checkpoint-29.pth.tar', 64.80799999511719)
 ('./output/train/20250901-184723-mobilenetv2_vcaV2-224/ema0.9999_checkpoint/checkpoint-28.pth.tar', 64.47399999511718)
 ('./output/train/20250901-184723-mobilenetv2_vcaV2-224/ema0.9999_checkpoint/checkpoint-27.pth.tar', 63.99000001953125)
 ('./output/train/20250901-184723-mobilenetv2_vcaV2-224/ema0.9999_checkpoint/checkpoint-26.pth.tar', 63.475999997558596)
 ('./output/train/20250901-184723-mobilenetv2_vcaV2-224/ema0.9999_checkpoint/checkpoint-25.pth.tar', 63.01399999755859)
 ('./output/train/20250901-184723-mobilenetv2_vcaV2-224/ema0.9999_checkpoint/checkpoint-24.pth.tar', 62.32800002441406)
 ('./output/train/20250901-184723-mobilenetv2_vcaV2-224/ema0.9999_checkpoint/checkpoint-23.pth.tar', 61.44400002929687)
 ('./output/train/20250901-184723-mobilenetv2_vcaV2-224/ema0.9999_checkpoint/checkpoint-22.pth.tar', 60.49000003173828)
 ('./output/train/20250901-184723-mobilenetv2_vcaV2-224/ema0.9999_checkpoint/checkpoint-21.pth.tar', 59.33200000732422)
 ('./output/train/20250901-184723-mobilenetv2_vcaV2-224/ema0.9999_checkpoint/checkpoint-20.pth.tar', 57.841999965820314)

2025-09-02 00:22:17,694 -                train: [    INFO] - Train: 30 [   0/2502 (  0%)]  Loss: 39.70 (39.7)  Loss_cat: 0.4117 (0.412)  Loss_feat: 34.91 (34.9)  Loss_gt: 3.131 (3.13)  Loss_kd: 1.244 (1.24) LR: 1.588e-01
2025-09-02 00:23:08,215 -                train: [    INFO] - Train: 30 [ 200/2502 (  8%)]  Loss: 42.39 (41.0)  Loss_cat: 0.4367 (0.424)  Loss_feat: 36.50 (35.7)  Loss_gt: 3.912 (3.52)  Loss_kd: 1.535 (1.39) LR: 1.588e-01
2025-09-02 00:23:57,970 -                train: [    INFO] - Train: 30 [ 400/2502 ( 16%)]  Loss: 39.16 (40.4)  Loss_cat: 0.4188 (0.422)  Loss_feat: 34.66 (35.4)  Loss_gt: 2.945 (3.33)  Loss_kd: 1.140 (1.31) LR: 1.588e-01
2025-09-02 00:24:49,141 -                train: [    INFO] - Train: 30 [ 600/2502 ( 24%)]  Loss: 44.21 (41.4)  Loss_cat: 0.4659 (0.433)  Loss_feat: 38.04 (36.0)  Loss_gt: 4.160 (3.54)  Loss_kd: 1.540 (1.37) LR: 1.588e-01
2025-09-02 00:25:40,396 -                train: [    INFO] - Train: 30 [ 800/2502 ( 32%)]  Loss: 38.60 (40.8)  Loss_cat: 0.4204 (0.431)  Loss_feat: 34.33 (35.7)  Loss_gt: 2.703 (3.37)  Loss_kd: 1.144 (1.32) LR: 1.588e-01
2025-09-02 00:26:30,600 -                train: [    INFO] - Train: 30 [1000/2502 ( 40%)]  Loss: 41.60 (40.9)  Loss_cat: 0.4332 (0.431)  Loss_feat: 36.14 (35.8)  Loss_gt: 3.607 (3.41)  Loss_kd: 1.418 (1.34) LR: 1.588e-01
2025-09-02 00:27:21,057 -                train: [    INFO] - Train: 30 [1200/2502 ( 48%)]  Loss: 40.89 (40.9)  Loss_cat: 0.4327 (0.431)  Loss_feat: 35.80 (35.8)  Loss_gt: 3.313 (3.40)  Loss_kd: 1.351 (1.34) LR: 1.588e-01
2025-09-02 00:28:11,840 -                train: [    INFO] - Train: 30 [1400/2502 ( 56%)]  Loss: 39.99 (40.8)  Loss_cat: 0.4156 (0.429)  Loss_feat: 35.11 (35.7)  Loss_gt: 3.163 (3.37)  Loss_kd: 1.304 (1.33) LR: 1.588e-01
2025-09-02 00:29:01,878 -                train: [    INFO] - Train: 30 [1600/2502 ( 64%)]  Loss: 37.19 (40.4)  Loss_cat: 0.3947 (0.426)  Loss_feat: 33.15 (35.4)  Loss_gt: 2.527 (3.27)  Loss_kd: 1.122 (1.31) LR: 1.588e-01
2025-09-02 00:29:52,679 -                train: [    INFO] - Train: 30 [1800/2502 ( 72%)]  Loss: 40.92 (40.5)  Loss_cat: 0.4295 (0.426)  Loss_feat: 35.76 (35.4)  Loss_gt: 3.419 (3.29)  Loss_kd: 1.306 (1.31) LR: 1.588e-01
2025-09-02 00:30:43,076 -                train: [    INFO] - Train: 30 [2000/2502 ( 80%)]  Loss: 45.21 (40.9)  Loss_cat: 0.4813 (0.431)  Loss_feat: 38.59 (35.7)  Loss_gt: 4.367 (3.39)  Loss_kd: 1.767 (1.35) LR: 1.588e-01
2025-09-02 00:31:33,600 -                train: [    INFO] - Train: 30 [2200/2502 ( 88%)]  Loss: 39.98 (40.8)  Loss_cat: 0.4205 (0.430)  Loss_feat: 35.07 (35.7)  Loss_gt: 3.171 (3.37)  Loss_kd: 1.311 (1.35) LR: 1.588e-01
2025-09-02 00:32:24,139 -                train: [    INFO] - Train: 30 [2400/2502 ( 96%)]  Loss: 42.38 (40.9)  Loss_cat: 0.4364 (0.431)  Loss_feat: 36.54 (35.7)  Loss_gt: 3.836 (3.40)  Loss_kd: 1.571 (1.37) LR: 1.588e-01
2025-09-02 00:32:49,753 -                train: [    INFO] - Train: 30 [2501/2502 (100%)]  Loss: 42.01 (41.0)  Loss_cat: 0.4457 (0.432)  Loss_feat: 36.46 (35.8)  Loss_gt: 3.669 (3.42)  Loss_kd: 1.435 (1.37) LR: 1.588e-01
2025-09-02 00:32:49,754 -                train: [    INFO] - Distributing BatchNorm running means and vars
2025-09-02 00:32:51,294 -                train: [    INFO] - Test: [   0/97]  Time: 1.535 (1.535)  Loss:  1.2734 (1.2734)  Acc@1: 68.5547 (68.5547)  Acc@5: 89.6484 (89.6484)
2025-09-02 00:33:07,948 -                train: [    INFO] - Test: [  97/97]  Time: 0.014 (0.186)  Loss:  1.4751 (1.7693)  Acc@1: 67.5595 (58.8640)  Acc@5: 86.3095 (83.6560)
2025-09-02 00:33:08,178 - timm.utils.checkpoint_saver: [    INFO] - Current checkpoints:
 ('./output/train/20250901-184723-mobilenetv2_vcaV2-224/checkpoint/checkpoint-29.pth.tar', 59.21400002929688)
 ('./output/train/20250901-184723-mobilenetv2_vcaV2-224/checkpoint/checkpoint-23.pth.tar', 58.887999997558595)
 ('./output/train/20250901-184723-mobilenetv2_vcaV2-224/checkpoint/checkpoint-30.pth.tar', 58.86400000488281)
 ('./output/train/20250901-184723-mobilenetv2_vcaV2-224/checkpoint/checkpoint-24.pth.tar', 58.01200000732422)
 ('./output/train/20250901-184723-mobilenetv2_vcaV2-224/checkpoint/checkpoint-26.pth.tar', 57.8020000024414)
 ('./output/train/20250901-184723-mobilenetv2_vcaV2-224/checkpoint/checkpoint-14.pth.tar', 57.149999995117184)
 ('./output/train/20250901-184723-mobilenetv2_vcaV2-224/checkpoint/checkpoint-18.pth.tar', 56.97)
 ('./output/train/20250901-184723-mobilenetv2_vcaV2-224/checkpoint/checkpoint-20.pth.tar', 56.89999998779297)
 ('./output/train/20250901-184723-mobilenetv2_vcaV2-224/checkpoint/checkpoint-22.pth.tar', 56.886)
 ('./output/train/20250901-184723-mobilenetv2_vcaV2-224/checkpoint/checkpoint-21.pth.tar', 56.64399998046875)

2025-09-02 00:33:09,628 -                train: [    INFO] - Test (EMA 0.99990): [   0/97]  Time: 1.444 (1.444)  Loss:  0.9670 (0.9670)  Acc@1: 76.9531 (76.9531)  Acc@5: 93.5547 (93.5547)
2025-09-02 00:33:24,296 -                train: [    INFO] - Test (EMA 0.99990): [  97/97]  Time: 0.014 (0.164)  Loss:  1.1918 (1.4317)  Acc@1: 69.9405 (65.1680)  Acc@5: 89.5833 (87.3780)
2025-09-02 00:33:24,482 - timm.utils.checkpoint_saver: [    INFO] - Current checkpoints:
 ('./output/train/20250901-184723-mobilenetv2_vcaV2-224/ema0.9999_checkpoint/checkpoint-30.pth.tar', 65.16799999511719)
 ('./output/train/20250901-184723-mobilenetv2_vcaV2-224/ema0.9999_checkpoint/checkpoint-29.pth.tar', 64.80799999511719)
 ('./output/train/20250901-184723-mobilenetv2_vcaV2-224/ema0.9999_checkpoint/checkpoint-28.pth.tar', 64.47399999511718)
 ('./output/train/20250901-184723-mobilenetv2_vcaV2-224/ema0.9999_checkpoint/checkpoint-27.pth.tar', 63.99000001953125)
 ('./output/train/20250901-184723-mobilenetv2_vcaV2-224/ema0.9999_checkpoint/checkpoint-26.pth.tar', 63.475999997558596)
 ('./output/train/20250901-184723-mobilenetv2_vcaV2-224/ema0.9999_checkpoint/checkpoint-25.pth.tar', 63.01399999755859)
 ('./output/train/20250901-184723-mobilenetv2_vcaV2-224/ema0.9999_checkpoint/checkpoint-24.pth.tar', 62.32800002441406)
 ('./output/train/20250901-184723-mobilenetv2_vcaV2-224/ema0.9999_checkpoint/checkpoint-23.pth.tar', 61.44400002929687)
 ('./output/train/20250901-184723-mobilenetv2_vcaV2-224/ema0.9999_checkpoint/checkpoint-22.pth.tar', 60.49000003173828)
 ('./output/train/20250901-184723-mobilenetv2_vcaV2-224/ema0.9999_checkpoint/checkpoint-21.pth.tar', 59.33200000732422)

2025-09-02 00:33:26,544 -                train: [    INFO] - Train: 31 [   0/2502 (  0%)]  Loss: 38.78 (38.8)  Loss_cat: 0.4196 (0.420)  Loss_feat: 34.37 (34.4)  Loss_gt: 2.812 (2.81)  Loss_kd: 1.176 (1.18) LR: 1.562e-01
2025-09-02 00:34:17,025 -                train: [    INFO] - Train: 31 [ 200/2502 (  8%)]  Loss: 38.15 (38.5)  Loss_cat: 0.4040 (0.412)  Loss_feat: 33.97 (34.2)  Loss_gt: 2.652 (2.73)  Loss_kd: 1.120 (1.15) LR: 1.562e-01
2025-09-02 00:35:07,088 -                train: [    INFO] - Train: 31 [ 400/2502 ( 16%)]  Loss: 40.71 (39.2)  Loss_cat: 0.4305 (0.418)  Loss_feat: 35.62 (34.7)  Loss_gt: 3.369 (2.94)  Loss_kd: 1.288 (1.19) LR: 1.562e-01
2025-09-02 00:35:57,473 -                train: [    INFO] - Train: 31 [ 600/2502 ( 24%)]  Loss: 37.30 (38.7)  Loss_cat: 0.3964 (0.413)  Loss_feat: 33.22 (34.3)  Loss_gt: 2.560 (2.85)  Loss_kd: 1.122 (1.18) LR: 1.562e-01
2025-09-02 00:36:47,203 -                train: [    INFO] - Train: 31 [ 800/2502 ( 32%)]  Loss: 40.28 (39.0)  Loss_cat: 0.4264 (0.415)  Loss_feat: 35.19 (34.5)  Loss_gt: 3.308 (2.94)  Loss_kd: 1.359 (1.21) LR: 1.562e-01
2025-09-02 00:37:37,754 -                train: [    INFO] - Train: 31 [1000/2502 ( 40%)]  Loss: 40.57 (39.3)  Loss_cat: 0.4329 (0.418)  Loss_feat: 35.58 (34.7)  Loss_gt: 3.216 (2.99)  Loss_kd: 1.338 (1.23) LR: 1.562e-01
2025-09-02 00:38:28,308 -                train: [    INFO] - Train: 31 [1200/2502 ( 48%)]  Loss: 37.67 (39.1)  Loss_cat: 0.4010 (0.416)  Loss_feat: 33.49 (34.5)  Loss_gt: 2.635 (2.94)  Loss_kd: 1.145 (1.22) LR: 1.562e-01
2025-09-02 00:39:18,157 -                train: [    INFO] - Train: 31 [1400/2502 ( 56%)]  Loss: 41.06 (39.3)  Loss_cat: 0.4323 (0.418)  Loss_feat: 35.74 (34.6)  Loss_gt: 3.547 (3.01)  Loss_kd: 1.340 (1.24) LR: 1.562e-01
2025-09-02 00:40:08,368 -                train: [    INFO] - Train: 31 [1600/2502 ( 64%)]  Loss: 42.01 (39.6)  Loss_cat: 0.4355 (0.420)  Loss_feat: 36.31 (34.8)  Loss_gt: 3.764 (3.10)  Loss_kd: 1.505 (1.27) LR: 1.562e-01
2025-09-02 00:40:58,804 -                train: [    INFO] - Train: 31 [1800/2502 ( 72%)]  Loss: 42.94 (39.9)  Loss_cat: 0.4506 (0.423)  Loss_feat: 37.13 (35.1)  Loss_gt: 3.895 (3.18)  Loss_kd: 1.460 (1.29) LR: 1.562e-01
2025-09-02 00:41:53,597 -                train: [    INFO] - Train: 31 [2000/2502 ( 80%)]  Loss: 38.17 (39.8)  Loss_cat: 0.4140 (0.422)  Loss_feat: 33.90 (35.0)  Loss_gt: 2.703 (3.13)  Loss_kd: 1.157 (1.27) LR: 1.562e-01
2025-09-02 00:42:47,931 -                train: [    INFO] - Train: 31 [2200/2502 ( 88%)]  Loss: 40.14 (39.8)  Loss_cat: 0.4221 (0.422)  Loss_feat: 35.27 (35.0)  Loss_gt: 3.180 (3.14)  Loss_kd: 1.271 (1.27) LR: 1.562e-01
2025-09-02 00:43:38,932 -                train: [    INFO] - Train: 31 [2400/2502 ( 96%)]  Loss: 37.67 (39.6)  Loss_cat: 0.4054 (0.421)  Loss_feat: 33.62 (34.9)  Loss_gt: 2.630 (3.10)  Loss_kd: 1.019 (1.25) LR: 1.562e-01
2025-09-02 00:44:04,427 -                train: [    INFO] - Train: 31 [2501/2502 (100%)]  Loss: 39.09 (39.6)  Loss_cat: 0.4285 (0.421)  Loss_feat: 34.83 (34.9)  Loss_gt: 2.737 (3.07)  Loss_kd: 1.094 (1.24) LR: 1.562e-01
2025-09-02 00:44:04,428 -                train: [    INFO] - Distributing BatchNorm running means and vars
2025-09-02 00:44:06,082 -                train: [    INFO] - Test: [   0/97]  Time: 1.648 (1.648)  Loss:  1.3314 (1.3314)  Acc@1: 70.3125 (70.3125)  Acc@5: 89.2578 (89.2578)
2025-09-02 00:44:22,945 -                train: [    INFO] - Test: [  97/97]  Time: 0.014 (0.189)  Loss:  1.4223 (1.7444)  Acc@1: 68.4524 (59.2540)  Acc@5: 87.7976 (84.0120)
2025-09-02 00:44:23,143 - timm.utils.checkpoint_saver: [    INFO] - Current checkpoints:
 ('./output/train/20250901-184723-mobilenetv2_vcaV2-224/checkpoint/checkpoint-31.pth.tar', 59.25400002685547)
 ('./output/train/20250901-184723-mobilenetv2_vcaV2-224/checkpoint/checkpoint-29.pth.tar', 59.21400002929688)
 ('./output/train/20250901-184723-mobilenetv2_vcaV2-224/checkpoint/checkpoint-23.pth.tar', 58.887999997558595)
 ('./output/train/20250901-184723-mobilenetv2_vcaV2-224/checkpoint/checkpoint-30.pth.tar', 58.86400000488281)
 ('./output/train/20250901-184723-mobilenetv2_vcaV2-224/checkpoint/checkpoint-24.pth.tar', 58.01200000732422)
 ('./output/train/20250901-184723-mobilenetv2_vcaV2-224/checkpoint/checkpoint-26.pth.tar', 57.8020000024414)
 ('./output/train/20250901-184723-mobilenetv2_vcaV2-224/checkpoint/checkpoint-14.pth.tar', 57.149999995117184)
 ('./output/train/20250901-184723-mobilenetv2_vcaV2-224/checkpoint/checkpoint-18.pth.tar', 56.97)
 ('./output/train/20250901-184723-mobilenetv2_vcaV2-224/checkpoint/checkpoint-20.pth.tar', 56.89999998779297)
 ('./output/train/20250901-184723-mobilenetv2_vcaV2-224/checkpoint/checkpoint-22.pth.tar', 56.886)

2025-09-02 00:44:24,612 -                train: [    INFO] - Test (EMA 0.99990): [   0/97]  Time: 1.463 (1.463)  Loss:  0.9595 (0.9595)  Acc@1: 77.3438 (77.3438)  Acc@5: 93.9453 (93.9453)
2025-09-02 00:44:40,524 -                train: [    INFO] - Test (EMA 0.99990): [  97/97]  Time: 0.014 (0.177)  Loss:  1.1713 (1.4179)  Acc@1: 70.5357 (65.4680)  Acc@5: 90.1786 (87.5640)
2025-09-02 00:44:40,790 - timm.utils.checkpoint_saver: [    INFO] - Current checkpoints:
 ('./output/train/20250901-184723-mobilenetv2_vcaV2-224/ema0.9999_checkpoint/checkpoint-31.pth.tar', 65.46800004394531)
 ('./output/train/20250901-184723-mobilenetv2_vcaV2-224/ema0.9999_checkpoint/checkpoint-30.pth.tar', 65.16799999511719)
 ('./output/train/20250901-184723-mobilenetv2_vcaV2-224/ema0.9999_checkpoint/checkpoint-29.pth.tar', 64.80799999511719)
 ('./output/train/20250901-184723-mobilenetv2_vcaV2-224/ema0.9999_checkpoint/checkpoint-28.pth.tar', 64.47399999511718)
 ('./output/train/20250901-184723-mobilenetv2_vcaV2-224/ema0.9999_checkpoint/checkpoint-27.pth.tar', 63.99000001953125)
 ('./output/train/20250901-184723-mobilenetv2_vcaV2-224/ema0.9999_checkpoint/checkpoint-26.pth.tar', 63.475999997558596)
 ('./output/train/20250901-184723-mobilenetv2_vcaV2-224/ema0.9999_checkpoint/checkpoint-25.pth.tar', 63.01399999755859)
 ('./output/train/20250901-184723-mobilenetv2_vcaV2-224/ema0.9999_checkpoint/checkpoint-24.pth.tar', 62.32800002441406)
 ('./output/train/20250901-184723-mobilenetv2_vcaV2-224/ema0.9999_checkpoint/checkpoint-23.pth.tar', 61.44400002929687)
 ('./output/train/20250901-184723-mobilenetv2_vcaV2-224/ema0.9999_checkpoint/checkpoint-22.pth.tar', 60.49000003173828)

2025-09-02 00:44:42,742 -                train: [    INFO] - Train: 32 [   0/2502 (  0%)]  Loss: 39.91 (39.9)  Loss_cat: 0.4184 (0.418)  Loss_feat: 35.02 (35.0)  Loss_gt: 3.195 (3.20)  Loss_kd: 1.277 (1.28) LR: 1.536e-01
2025-09-02 00:45:33,367 -                train: [    INFO] - Train: 32 [ 200/2502 (  8%)]  Loss: 37.28 (38.6)  Loss_cat: 0.3968 (0.408)  Loss_feat: 33.38 (34.2)  Loss_gt: 2.447 (2.82)  Loss_kd: 1.060 (1.17) LR: 1.536e-01
2025-09-02 00:46:23,572 -                train: [    INFO] - Train: 32 [ 400/2502 ( 16%)]  Loss: 37.64 (38.3)  Loss_cat: 0.3991 (0.405)  Loss_feat: 33.55 (34.0)  Loss_gt: 2.625 (2.76)  Loss_kd: 1.066 (1.13) LR: 1.536e-01
2025-09-02 00:47:14,279 -                train: [    INFO] - Train: 32 [ 600/2502 ( 24%)]  Loss: 39.18 (38.5)  Loss_cat: 0.4241 (0.410)  Loss_feat: 34.69 (34.2)  Loss_gt: 2.901 (2.79)  Loss_kd: 1.170 (1.14) LR: 1.536e-01
2025-09-02 00:48:04,818 -                train: [    INFO] - Train: 32 [ 800/2502 ( 32%)]  Loss: 44.52 (39.7)  Loss_cat: 0.4550 (0.419)  Loss_feat: 38.00 (34.9)  Loss_gt: 4.356 (3.11)  Loss_kd: 1.712 (1.26) LR: 1.536e-01
2025-09-02 00:48:54,541 -                train: [    INFO] - Train: 32 [1000/2502 ( 40%)]  Loss: 38.44 (39.5)  Loss_cat: 0.4109 (0.417)  Loss_feat: 34.04 (34.8)  Loss_gt: 2.856 (3.06)  Loss_kd: 1.136 (1.24) LR: 1.536e-01
2025-09-02 00:49:45,412 -                train: [    INFO] - Train: 32 [1200/2502 ( 48%)]  Loss: 41.79 (39.8)  Loss_cat: 0.4478 (0.422)  Loss_feat: 36.40 (35.0)  Loss_gt: 3.561 (3.13)  Loss_kd: 1.384 (1.26) LR: 1.536e-01
2025-09-02 00:50:36,005 -                train: [    INFO] - Train: 32 [1400/2502 ( 56%)]  Loss: 41.95 (40.1)  Loss_cat: 0.4477 (0.425)  Loss_feat: 36.60 (35.2)  Loss_gt: 3.521 (3.18)  Loss_kd: 1.384 (1.27) LR: 1.536e-01
2025-09-02 00:51:26,707 -                train: [    INFO] - Train: 32 [1600/2502 ( 64%)]  Loss: 41.94 (40.3)  Loss_cat: 0.4329 (0.426)  Loss_feat: 36.22 (35.3)  Loss_gt: 3.760 (3.25)  Loss_kd: 1.531 (1.30) LR: 1.536e-01
2025-09-02 00:52:17,732 -                train: [    INFO] - Train: 32 [1800/2502 ( 72%)]  Loss: 42.23 (40.5)  Loss_cat: 0.4402 (0.427)  Loss_feat: 36.48 (35.4)  Loss_gt: 3.800 (3.30)  Loss_kd: 1.507 (1.32) LR: 1.536e-01
2025-09-02 00:53:07,517 -                train: [    INFO] - Train: 32 [2000/2502 ( 80%)]  Loss: 40.02 (40.4)  Loss_cat: 0.4264 (0.427)  Loss_feat: 35.06 (35.4)  Loss_gt: 3.221 (3.29)  Loss_kd: 1.308 (1.32) LR: 1.536e-01
2025-09-02 00:53:58,173 -                train: [    INFO] - Train: 32 [2200/2502 ( 88%)]  Loss: 39.14 (40.3)  Loss_cat: 0.4261 (0.427)  Loss_feat: 34.68 (35.3)  Loss_gt: 2.860 (3.26)  Loss_kd: 1.178 (1.31) LR: 1.536e-01
2025-09-02 00:54:48,756 -                train: [    INFO] - Train: 32 [2400/2502 ( 96%)]  Loss: 38.32 (40.2)  Loss_cat: 0.4096 (0.426)  Loss_feat: 33.93 (35.2)  Loss_gt: 2.851 (3.23)  Loss_kd: 1.130 (1.30) LR: 1.536e-01
2025-09-02 00:55:13,787 -                train: [    INFO] - Train: 32 [2501/2502 (100%)]  Loss: 41.67 (40.3)  Loss_cat: 0.4458 (0.427)  Loss_feat: 36.44 (35.3)  Loss_gt: 3.478 (3.25)  Loss_kd: 1.305 (1.30) LR: 1.536e-01
2025-09-02 00:55:13,788 -                train: [    INFO] - Distributing BatchNorm running means and vars
2025-09-02 00:55:15,455 -                train: [    INFO] - Test: [   0/97]  Time: 1.662 (1.662)  Loss:  1.1672 (1.1672)  Acc@1: 70.7031 (70.7031)  Acc@5: 91.6016 (91.6016)
2025-09-02 00:55:32,500 -                train: [    INFO] - Test: [  97/97]  Time: 0.014 (0.191)  Loss:  1.2529 (1.7360)  Acc@1: 72.9167 (59.2220)  Acc@5: 88.0952 (83.9280)
2025-09-02 00:55:32,671 - timm.utils.checkpoint_saver: [    INFO] - Current checkpoints:
 ('./output/train/20250901-184723-mobilenetv2_vcaV2-224/checkpoint/checkpoint-31.pth.tar', 59.25400002685547)
 ('./output/train/20250901-184723-mobilenetv2_vcaV2-224/checkpoint/checkpoint-32.pth.tar', 59.222000034179686)
 ('./output/train/20250901-184723-mobilenetv2_vcaV2-224/checkpoint/checkpoint-29.pth.tar', 59.21400002929688)
 ('./output/train/20250901-184723-mobilenetv2_vcaV2-224/checkpoint/checkpoint-23.pth.tar', 58.887999997558595)
 ('./output/train/20250901-184723-mobilenetv2_vcaV2-224/checkpoint/checkpoint-30.pth.tar', 58.86400000488281)
 ('./output/train/20250901-184723-mobilenetv2_vcaV2-224/checkpoint/checkpoint-24.pth.tar', 58.01200000732422)
 ('./output/train/20250901-184723-mobilenetv2_vcaV2-224/checkpoint/checkpoint-26.pth.tar', 57.8020000024414)
 ('./output/train/20250901-184723-mobilenetv2_vcaV2-224/checkpoint/checkpoint-14.pth.tar', 57.149999995117184)
 ('./output/train/20250901-184723-mobilenetv2_vcaV2-224/checkpoint/checkpoint-18.pth.tar', 56.97)
 ('./output/train/20250901-184723-mobilenetv2_vcaV2-224/checkpoint/checkpoint-20.pth.tar', 56.89999998779297)

2025-09-02 00:55:34,190 -                train: [    INFO] - Test (EMA 0.99990): [   0/97]  Time: 1.512 (1.512)  Loss:  0.9600 (0.9600)  Acc@1: 77.1484 (77.1484)  Acc@5: 93.5547 (93.5547)
2025-09-02 00:55:51,704 -                train: [    INFO] - Test (EMA 0.99990): [  97/97]  Time: 0.014 (0.194)  Loss:  1.1559 (1.4064)  Acc@1: 71.4286 (65.6320)  Acc@5: 90.1786 (87.7420)
2025-09-02 00:55:51,924 - timm.utils.checkpoint_saver: [    INFO] - Current checkpoints:
 ('./output/train/20250901-184723-mobilenetv2_vcaV2-224/ema0.9999_checkpoint/checkpoint-32.pth.tar', 65.63200001464844)
 ('./output/train/20250901-184723-mobilenetv2_vcaV2-224/ema0.9999_checkpoint/checkpoint-31.pth.tar', 65.46800004394531)
 ('./output/train/20250901-184723-mobilenetv2_vcaV2-224/ema0.9999_checkpoint/checkpoint-30.pth.tar', 65.16799999511719)
 ('./output/train/20250901-184723-mobilenetv2_vcaV2-224/ema0.9999_checkpoint/checkpoint-29.pth.tar', 64.80799999511719)
 ('./output/train/20250901-184723-mobilenetv2_vcaV2-224/ema0.9999_checkpoint/checkpoint-28.pth.tar', 64.47399999511718)
 ('./output/train/20250901-184723-mobilenetv2_vcaV2-224/ema0.9999_checkpoint/checkpoint-27.pth.tar', 63.99000001953125)
 ('./output/train/20250901-184723-mobilenetv2_vcaV2-224/ema0.9999_checkpoint/checkpoint-26.pth.tar', 63.475999997558596)
 ('./output/train/20250901-184723-mobilenetv2_vcaV2-224/ema0.9999_checkpoint/checkpoint-25.pth.tar', 63.01399999755859)
 ('./output/train/20250901-184723-mobilenetv2_vcaV2-224/ema0.9999_checkpoint/checkpoint-24.pth.tar', 62.32800002441406)
 ('./output/train/20250901-184723-mobilenetv2_vcaV2-224/ema0.9999_checkpoint/checkpoint-23.pth.tar', 61.44400002929687)

2025-09-02 00:55:53,674 -                train: [    INFO] - Train: 33 [   0/2502 (  0%)]  Loss: 40.38 (40.4)  Loss_cat: 0.4191 (0.419)  Loss_feat: 35.29 (35.3)  Loss_gt: 3.272 (3.27)  Loss_kd: 1.391 (1.39) LR: 1.509e-01
2025-09-02 00:56:43,880 -                train: [    INFO] - Train: 33 [ 200/2502 (  8%)]  Loss: 42.55 (41.5)  Loss_cat: 0.4472 (0.433)  Loss_feat: 36.87 (36.1)  Loss_gt: 3.824 (3.55)  Loss_kd: 1.411 (1.40) LR: 1.509e-01
2025-09-02 00:57:34,957 -                train: [    INFO] - Train: 33 [ 400/2502 ( 16%)]  Loss: 40.17 (41.0)  Loss_cat: 0.4112 (0.426)  Loss_feat: 34.92 (35.7)  Loss_gt: 3.368 (3.49)  Loss_kd: 1.468 (1.42) LR: 1.509e-01
2025-09-02 00:58:24,862 -                train: [    INFO] - Train: 33 [ 600/2502 ( 24%)]  Loss: 43.76 (41.7)  Loss_cat: 0.4592 (0.434)  Loss_feat: 37.64 (36.2)  Loss_gt: 4.064 (3.63)  Loss_kd: 1.596 (1.47) LR: 1.509e-01
2025-09-02 00:59:15,328 -                train: [    INFO] - Train: 33 [ 800/2502 ( 32%)]  Loss: 42.26 (41.8)  Loss_cat: 0.4433 (0.436)  Loss_feat: 36.60 (36.3)  Loss_gt: 3.785 (3.66)  Loss_kd: 1.433 (1.46) LR: 1.509e-01
2025-09-02 01:00:05,883 -                train: [    INFO] - Train: 33 [1000/2502 ( 40%)]  Loss: 37.41 (41.1)  Loss_cat: 0.3975 (0.430)  Loss_feat: 33.30 (35.8)  Loss_gt: 2.605 (3.49)  Loss_kd: 1.104 (1.40) LR: 1.509e-01
2025-09-02 01:00:56,132 -                train: [    INFO] - Train: 33 [1200/2502 ( 48%)]  Loss: 39.42 (40.9)  Loss_cat: 0.4150 (0.427)  Loss_feat: 34.65 (35.6)  Loss_gt: 3.140 (3.44)  Loss_kd: 1.212 (1.37) LR: 1.509e-01
2025-09-02 01:01:46,613 -                train: [    INFO] - Train: 33 [1400/2502 ( 56%)]  Loss: 39.41 (40.7)  Loss_cat: 0.4082 (0.425)  Loss_feat: 34.59 (35.5)  Loss_gt: 3.138 (3.40)  Loss_kd: 1.271 (1.36) LR: 1.509e-01
2025-09-02 01:02:37,121 -                train: [    INFO] - Train: 33 [1600/2502 ( 64%)]  Loss: 37.95 (40.4)  Loss_cat: 0.4066 (0.423)  Loss_feat: 33.79 (35.3)  Loss_gt: 2.698 (3.32)  Loss_kd: 1.059 (1.33) LR: 1.509e-01
2025-09-02 01:03:27,951 -                train: [    INFO] - Train: 33 [1800/2502 ( 72%)]  Loss: 39.24 (40.3)  Loss_cat: 0.4222 (0.423)  Loss_feat: 34.68 (35.2)  Loss_gt: 2.952 (3.28)  Loss_kd: 1.183 (1.31) LR: 1.509e-01
2025-09-02 01:04:18,672 -                train: [    INFO] - Train: 33 [2000/2502 ( 80%)]  Loss: 38.18 (40.1)  Loss_cat: 0.4097 (0.422)  Loss_feat: 33.99 (35.1)  Loss_gt: 2.687 (3.23)  Loss_kd: 1.101 (1.29) LR: 1.509e-01
2025-09-02 01:05:08,365 -                train: [    INFO] - Train: 33 [2200/2502 ( 88%)]  Loss: 40.55 (40.1)  Loss_cat: 0.4335 (0.423)  Loss_feat: 35.69 (35.2)  Loss_gt: 3.251 (3.23)  Loss_kd: 1.180 (1.28) LR: 1.509e-01
2025-09-02 01:05:59,375 -                train: [    INFO] - Train: 33 [2400/2502 ( 96%)]  Loss: 39.54 (40.1)  Loss_cat: 0.4125 (0.422)  Loss_feat: 34.68 (35.1)  Loss_gt: 3.187 (3.23)  Loss_kd: 1.257 (1.28) LR: 1.509e-01
2025-09-02 01:06:24,962 -                train: [    INFO] - Train: 33 [2501/2502 (100%)]  Loss: 41.73 (40.2)  Loss_cat: 0.4462 (0.424)  Loss_feat: 36.47 (35.2)  Loss_gt: 3.507 (3.25)  Loss_kd: 1.312 (1.28) LR: 1.509e-01
2025-09-02 01:06:24,962 -                train: [    INFO] - Distributing BatchNorm running means and vars
2025-09-02 01:06:26,621 -                train: [    INFO] - Test: [   0/97]  Time: 1.654 (1.654)  Loss:  1.2710 (1.2710)  Acc@1: 70.7031 (70.7031)  Acc@5: 89.6484 (89.6484)
2025-09-02 01:06:43,072 -                train: [    INFO] - Test: [  97/97]  Time: 0.014 (0.185)  Loss:  1.4278 (1.7157)  Acc@1: 69.0476 (59.5480)  Acc@5: 85.4167 (83.9580)
2025-09-02 01:06:43,227 - timm.utils.checkpoint_saver: [    INFO] - Current checkpoints:
 ('./output/train/20250901-184723-mobilenetv2_vcaV2-224/checkpoint/checkpoint-33.pth.tar', 59.548000024414065)
 ('./output/train/20250901-184723-mobilenetv2_vcaV2-224/checkpoint/checkpoint-31.pth.tar', 59.25400002685547)
 ('./output/train/20250901-184723-mobilenetv2_vcaV2-224/checkpoint/checkpoint-32.pth.tar', 59.222000034179686)
 ('./output/train/20250901-184723-mobilenetv2_vcaV2-224/checkpoint/checkpoint-29.pth.tar', 59.21400002929688)
 ('./output/train/20250901-184723-mobilenetv2_vcaV2-224/checkpoint/checkpoint-23.pth.tar', 58.887999997558595)
 ('./output/train/20250901-184723-mobilenetv2_vcaV2-224/checkpoint/checkpoint-30.pth.tar', 58.86400000488281)
 ('./output/train/20250901-184723-mobilenetv2_vcaV2-224/checkpoint/checkpoint-24.pth.tar', 58.01200000732422)
 ('./output/train/20250901-184723-mobilenetv2_vcaV2-224/checkpoint/checkpoint-26.pth.tar', 57.8020000024414)
 ('./output/train/20250901-184723-mobilenetv2_vcaV2-224/checkpoint/checkpoint-14.pth.tar', 57.149999995117184)
 ('./output/train/20250901-184723-mobilenetv2_vcaV2-224/checkpoint/checkpoint-18.pth.tar', 56.97)

2025-09-02 01:06:44,916 -                train: [    INFO] - Test (EMA 0.99990): [   0/97]  Time: 1.682 (1.682)  Loss:  0.9597 (0.9597)  Acc@1: 77.3438 (77.3438)  Acc@5: 93.3594 (93.3594)
2025-09-02 01:07:00,580 -                train: [    INFO] - Test (EMA 0.99990): [  97/97]  Time: 0.014 (0.177)  Loss:  1.1416 (1.3971)  Acc@1: 71.7262 (65.8500)  Acc@5: 89.8810 (87.9120)
2025-09-02 01:07:00,783 - timm.utils.checkpoint_saver: [    INFO] - Current checkpoints:
 ('./output/train/20250901-184723-mobilenetv2_vcaV2-224/ema0.9999_checkpoint/checkpoint-33.pth.tar', 65.8500000390625)
 ('./output/train/20250901-184723-mobilenetv2_vcaV2-224/ema0.9999_checkpoint/checkpoint-32.pth.tar', 65.63200001464844)
 ('./output/train/20250901-184723-mobilenetv2_vcaV2-224/ema0.9999_checkpoint/checkpoint-31.pth.tar', 65.46800004394531)
 ('./output/train/20250901-184723-mobilenetv2_vcaV2-224/ema0.9999_checkpoint/checkpoint-30.pth.tar', 65.16799999511719)
 ('./output/train/20250901-184723-mobilenetv2_vcaV2-224/ema0.9999_checkpoint/checkpoint-29.pth.tar', 64.80799999511719)
 ('./output/train/20250901-184723-mobilenetv2_vcaV2-224/ema0.9999_checkpoint/checkpoint-28.pth.tar', 64.47399999511718)
 ('./output/train/20250901-184723-mobilenetv2_vcaV2-224/ema0.9999_checkpoint/checkpoint-27.pth.tar', 63.99000001953125)
 ('./output/train/20250901-184723-mobilenetv2_vcaV2-224/ema0.9999_checkpoint/checkpoint-26.pth.tar', 63.475999997558596)
 ('./output/train/20250901-184723-mobilenetv2_vcaV2-224/ema0.9999_checkpoint/checkpoint-25.pth.tar', 63.01399999755859)
 ('./output/train/20250901-184723-mobilenetv2_vcaV2-224/ema0.9999_checkpoint/checkpoint-24.pth.tar', 62.32800002441406)

2025-09-02 01:07:02,587 -                train: [    INFO] - Train: 34 [   0/2502 (  0%)]  Loss: 39.93 (39.9)  Loss_cat: 0.4236 (0.424)  Loss_feat: 35.13 (35.1)  Loss_gt: 3.167 (3.17)  Loss_kd: 1.210 (1.21) LR: 1.482e-01
2025-09-02 01:07:53,430 -                train: [    INFO] - Train: 34 [ 200/2502 (  8%)]  Loss: 40.13 (40.0)  Loss_cat: 0.4269 (0.425)  Loss_feat: 35.21 (35.2)  Loss_gt: 3.254 (3.21)  Loss_kd: 1.241 (1.23) LR: 1.482e-01
2025-09-02 01:08:43,385 -                train: [    INFO] - Train: 34 [ 400/2502 ( 16%)]  Loss: 45.65 (41.9)  Loss_cat: 0.4765 (0.442)  Loss_feat: 38.77 (36.4)  Loss_gt: 4.571 (3.66)  Loss_kd: 1.823 (1.42) LR: 1.482e-01
2025-09-02 01:09:33,278 -                train: [    INFO] - Train: 34 [ 600/2502 ( 24%)]  Loss: 39.52 (41.3)  Loss_cat: 0.4229 (0.437)  Loss_feat: 34.90 (36.0)  Loss_gt: 3.041 (3.51)  Loss_kd: 1.156 (1.36) LR: 1.482e-01
2025-09-02 01:10:24,345 -                train: [    INFO] - Train: 34 [ 800/2502 ( 32%)]  Loss: 41.16 (41.3)  Loss_cat: 0.4346 (0.437)  Loss_feat: 36.07 (36.0)  Loss_gt: 3.377 (3.48)  Loss_kd: 1.277 (1.34) LR: 1.482e-01
2025-09-02 01:11:14,530 -                train: [    INFO] - Train: 34 [1000/2502 ( 40%)]  Loss: 38.30 (40.8)  Loss_cat: 0.4109 (0.433)  Loss_feat: 33.92 (35.7)  Loss_gt: 2.827 (3.37)  Loss_kd: 1.142 (1.31) LR: 1.482e-01
2025-09-02 01:12:04,811 -                train: [    INFO] - Train: 34 [1200/2502 ( 48%)]  Loss: 42.44 (41.0)  Loss_cat: 0.4372 (0.433)  Loss_feat: 36.59 (35.8)  Loss_gt: 3.864 (3.44)  Loss_kd: 1.545 (1.34) LR: 1.482e-01
2025-09-02 01:12:59,599 -                train: [    INFO] - Train: 34 [1400/2502 ( 56%)]  Loss: 40.80 (41.0)  Loss_cat: 0.4309 (0.433)  Loss_feat: 35.62 (35.8)  Loss_gt: 3.421 (3.44)  Loss_kd: 1.329 (1.34) LR: 1.482e-01
2025-09-02 01:13:50,352 -                train: [    INFO] - Train: 34 [1600/2502 ( 64%)]  Loss: 38.90 (40.8)  Loss_cat: 0.4061 (0.430)  Loss_feat: 34.29 (35.6)  Loss_gt: 3.031 (3.39)  Loss_kd: 1.173 (1.32) LR: 1.482e-01
2025-09-02 01:14:40,290 -                train: [    INFO] - Train: 34 [1800/2502 ( 72%)]  Loss: 40.16 (40.7)  Loss_cat: 0.4261 (0.430)  Loss_feat: 35.24 (35.6)  Loss_gt: 3.215 (3.38)  Loss_kd: 1.281 (1.32) LR: 1.482e-01
2025-09-02 01:15:30,642 -                train: [    INFO] - Train: 34 [2000/2502 ( 80%)]  Loss: 40.96 (40.7)  Loss_cat: 0.4338 (0.430)  Loss_feat: 35.86 (35.6)  Loss_gt: 3.359 (3.38)  Loss_kd: 1.311 (1.32) LR: 1.482e-01
2025-09-02 01:16:20,863 -                train: [    INFO] - Train: 34 [2200/2502 ( 88%)]  Loss: 43.19 (40.9)  Loss_cat: 0.4577 (0.432)  Loss_feat: 37.19 (35.7)  Loss_gt: 4.000 (3.43)  Loss_kd: 1.537 (1.34) LR: 1.482e-01
2025-09-02 01:17:11,346 -                train: [    INFO] - Train: 34 [2400/2502 ( 96%)]  Loss: 39.05 (40.8)  Loss_cat: 0.4226 (0.432)  Loss_feat: 34.68 (35.7)  Loss_gt: 2.832 (3.38)  Loss_kd: 1.115 (1.32) LR: 1.482e-01
2025-09-02 01:17:36,344 -                train: [    INFO] - Train: 34 [2501/2502 (100%)]  Loss: 41.32 (40.8)  Loss_cat: 0.4336 (0.432)  Loss_feat: 36.05 (35.7)  Loss_gt: 3.410 (3.38)  Loss_kd: 1.431 (1.33) LR: 1.482e-01
2025-09-02 01:17:36,344 -                train: [    INFO] - Distributing BatchNorm running means and vars
2025-09-02 01:17:37,931 -                train: [    INFO] - Test: [   0/97]  Time: 1.582 (1.582)  Loss:  1.4701 (1.4701)  Acc@1: 69.1406 (69.1406)  Acc@5: 87.8906 (87.8906)
2025-09-02 01:17:54,846 -                train: [    INFO] - Test: [  97/97]  Time: 0.014 (0.189)  Loss:  1.5170 (1.7636)  Acc@1: 68.4524 (58.5200)  Acc@5: 84.5238 (83.3180)
2025-09-02 01:17:55,134 - timm.utils.checkpoint_saver: [    INFO] - Current checkpoints:
 ('./output/train/20250901-184723-mobilenetv2_vcaV2-224/checkpoint/checkpoint-33.pth.tar', 59.548000024414065)
 ('./output/train/20250901-184723-mobilenetv2_vcaV2-224/checkpoint/checkpoint-31.pth.tar', 59.25400002685547)
 ('./output/train/20250901-184723-mobilenetv2_vcaV2-224/checkpoint/checkpoint-32.pth.tar', 59.222000034179686)
 ('./output/train/20250901-184723-mobilenetv2_vcaV2-224/checkpoint/checkpoint-29.pth.tar', 59.21400002929688)
 ('./output/train/20250901-184723-mobilenetv2_vcaV2-224/checkpoint/checkpoint-23.pth.tar', 58.887999997558595)
 ('./output/train/20250901-184723-mobilenetv2_vcaV2-224/checkpoint/checkpoint-30.pth.tar', 58.86400000488281)
 ('./output/train/20250901-184723-mobilenetv2_vcaV2-224/checkpoint/checkpoint-34.pth.tar', 58.51999997558594)
 ('./output/train/20250901-184723-mobilenetv2_vcaV2-224/checkpoint/checkpoint-24.pth.tar', 58.01200000732422)
 ('./output/train/20250901-184723-mobilenetv2_vcaV2-224/checkpoint/checkpoint-26.pth.tar', 57.8020000024414)
 ('./output/train/20250901-184723-mobilenetv2_vcaV2-224/checkpoint/checkpoint-14.pth.tar', 57.149999995117184)

2025-09-02 01:17:56,888 -                train: [    INFO] - Test (EMA 0.99990): [   0/97]  Time: 1.750 (1.750)  Loss:  0.9534 (0.9534)  Acc@1: 77.5391 (77.5391)  Acc@5: 93.5547 (93.5547)
2025-09-02 01:18:12,762 -                train: [    INFO] - Test (EMA 0.99990): [  97/97]  Time: 0.014 (0.180)  Loss:  1.1445 (1.3893)  Acc@1: 72.0238 (66.0880)  Acc@5: 89.8810 (87.9820)
2025-09-02 01:18:12,970 - timm.utils.checkpoint_saver: [    INFO] - Current checkpoints:
 ('./output/train/20250901-184723-mobilenetv2_vcaV2-224/ema0.9999_checkpoint/checkpoint-34.pth.tar', 66.08800001220703)
 ('./output/train/20250901-184723-mobilenetv2_vcaV2-224/ema0.9999_checkpoint/checkpoint-33.pth.tar', 65.8500000390625)
 ('./output/train/20250901-184723-mobilenetv2_vcaV2-224/ema0.9999_checkpoint/checkpoint-32.pth.tar', 65.63200001464844)
 ('./output/train/20250901-184723-mobilenetv2_vcaV2-224/ema0.9999_checkpoint/checkpoint-31.pth.tar', 65.46800004394531)
 ('./output/train/20250901-184723-mobilenetv2_vcaV2-224/ema0.9999_checkpoint/checkpoint-30.pth.tar', 65.16799999511719)
 ('./output/train/20250901-184723-mobilenetv2_vcaV2-224/ema0.9999_checkpoint/checkpoint-29.pth.tar', 64.80799999511719)
 ('./output/train/20250901-184723-mobilenetv2_vcaV2-224/ema0.9999_checkpoint/checkpoint-28.pth.tar', 64.47399999511718)
 ('./output/train/20250901-184723-mobilenetv2_vcaV2-224/ema0.9999_checkpoint/checkpoint-27.pth.tar', 63.99000001953125)
 ('./output/train/20250901-184723-mobilenetv2_vcaV2-224/ema0.9999_checkpoint/checkpoint-26.pth.tar', 63.475999997558596)
 ('./output/train/20250901-184723-mobilenetv2_vcaV2-224/ema0.9999_checkpoint/checkpoint-25.pth.tar', 63.01399999755859)

2025-09-02 01:18:14,963 -                train: [    INFO] - Train: 35 [   0/2502 (  0%)]  Loss: 37.52 (37.5)  Loss_cat: 0.3939 (0.394)  Loss_feat: 33.25 (33.2)  Loss_gt: 2.736 (2.74)  Loss_kd: 1.147 (1.15) LR: 1.454e-01
2025-09-02 01:19:05,191 -                train: [    INFO] - Train: 35 [ 200/2502 (  8%)]  Loss: 38.63 (38.1)  Loss_cat: 0.4069 (0.400)  Loss_feat: 34.16 (33.7)  Loss_gt: 2.943 (2.84)  Loss_kd: 1.124 (1.14) LR: 1.454e-01
2025-09-02 01:19:55,586 -                train: [    INFO] - Train: 35 [ 400/2502 ( 16%)]  Loss: 40.37 (38.8)  Loss_cat: 0.4227 (0.408)  Loss_feat: 35.38 (34.3)  Loss_gt: 3.239 (2.97)  Loss_kd: 1.324 (1.20) LR: 1.454e-01
2025-09-02 01:20:45,539 -                train: [    INFO] - Train: 35 [ 600/2502 ( 24%)]  Loss: 38.62 (38.8)  Loss_cat: 0.4116 (0.409)  Loss_feat: 34.30 (34.3)  Loss_gt: 2.786 (2.93)  Loss_kd: 1.116 (1.18) LR: 1.454e-01
2025-09-02 01:21:35,468 -                train: [    INFO] - Train: 35 [ 800/2502 ( 32%)]  Loss: 39.77 (39.0)  Loss_cat: 0.4195 (0.411)  Loss_feat: 35.10 (34.4)  Loss_gt: 3.033 (2.95)  Loss_kd: 1.210 (1.18) LR: 1.454e-01
2025-09-02 01:22:25,823 -                train: [    INFO] - Train: 35 [1000/2502 ( 40%)]  Loss: 42.45 (39.6)  Loss_cat: 0.4531 (0.418)  Loss_feat: 36.93 (34.9)  Loss_gt: 3.698 (3.07)  Loss_kd: 1.366 (1.21) LR: 1.454e-01
2025-09-02 01:23:16,579 -                train: [    INFO] - Train: 35 [1200/2502 ( 48%)]  Loss: 41.26 (39.8)  Loss_cat: 0.4291 (0.420)  Loss_feat: 36.06 (35.0)  Loss_gt: 3.446 (3.13)  Loss_kd: 1.331 (1.23) LR: 1.454e-01
2025-09-02 01:24:06,863 -                train: [    INFO] - Train: 35 [1400/2502 ( 56%)]  Loss: 39.33 (39.7)  Loss_cat: 0.4156 (0.419)  Loss_feat: 34.73 (35.0)  Loss_gt: 2.963 (3.11)  Loss_kd: 1.223 (1.23) LR: 1.454e-01
2025-09-02 01:24:58,108 -                train: [    INFO] - Train: 35 [1600/2502 ( 64%)]  Loss: 40.16 (39.8)  Loss_cat: 0.4221 (0.419)  Loss_feat: 35.20 (35.0)  Loss_gt: 3.194 (3.12)  Loss_kd: 1.347 (1.24) LR: 1.454e-01
2025-09-02 01:25:48,162 -                train: [    INFO] - Train: 35 [1800/2502 ( 72%)]  Loss: 38.60 (39.7)  Loss_cat: 0.4044 (0.418)  Loss_feat: 34.16 (34.9)  Loss_gt: 2.852 (3.09)  Loss_kd: 1.182 (1.24) LR: 1.454e-01
2025-09-02 01:26:39,362 -                train: [    INFO] - Train: 35 [2000/2502 ( 80%)]  Loss: 42.88 (40.0)  Loss_cat: 0.4552 (0.421)  Loss_feat: 37.15 (35.1)  Loss_gt: 3.845 (3.16)  Loss_kd: 1.431 (1.25) LR: 1.454e-01
2025-09-02 01:27:29,932 -                train: [    INFO] - Train: 35 [2200/2502 ( 88%)]  Loss: 39.16 (39.9)  Loss_cat: 0.4199 (0.421)  Loss_feat: 34.65 (35.1)  Loss_gt: 2.885 (3.13)  Loss_kd: 1.207 (1.25) LR: 1.454e-01
2025-09-02 01:28:20,963 -                train: [    INFO] - Train: 35 [2400/2502 ( 96%)]  Loss: 39.24 (39.8)  Loss_cat: 0.4219 (0.421)  Loss_feat: 34.79 (35.1)  Loss_gt: 2.889 (3.12)  Loss_kd: 1.135 (1.24) LR: 1.454e-01
2025-09-02 01:28:46,069 -                train: [    INFO] - Train: 35 [2501/2502 (100%)]  Loss: 38.78 (39.8)  Loss_cat: 0.4106 (0.420)  Loss_feat: 34.26 (35.0)  Loss_gt: 2.910 (3.10)  Loss_kd: 1.202 (1.24) LR: 1.454e-01
2025-09-02 01:28:46,069 -                train: [    INFO] - Distributing BatchNorm running means and vars
2025-09-02 01:28:47,935 -                train: [    INFO] - Test: [   0/97]  Time: 1.860 (1.860)  Loss:  1.4030 (1.4030)  Acc@1: 68.9453 (68.9453)  Acc@5: 89.4531 (89.4531)
2025-09-02 01:29:05,763 -                train: [    INFO] - Test: [  97/97]  Time: 0.014 (0.201)  Loss:  1.5486 (1.7815)  Acc@1: 67.2619 (59.2700)  Acc@5: 86.0119 (83.6640)
2025-09-02 01:29:05,947 - timm.utils.checkpoint_saver: [    INFO] - Current checkpoints:
 ('./output/train/20250901-184723-mobilenetv2_vcaV2-224/checkpoint/checkpoint-33.pth.tar', 59.548000024414065)
 ('./output/train/20250901-184723-mobilenetv2_vcaV2-224/checkpoint/checkpoint-35.pth.tar', 59.270000031738284)
 ('./output/train/20250901-184723-mobilenetv2_vcaV2-224/checkpoint/checkpoint-31.pth.tar', 59.25400002685547)
 ('./output/train/20250901-184723-mobilenetv2_vcaV2-224/checkpoint/checkpoint-32.pth.tar', 59.222000034179686)
 ('./output/train/20250901-184723-mobilenetv2_vcaV2-224/checkpoint/checkpoint-29.pth.tar', 59.21400002929688)
 ('./output/train/20250901-184723-mobilenetv2_vcaV2-224/checkpoint/checkpoint-23.pth.tar', 58.887999997558595)
 ('./output/train/20250901-184723-mobilenetv2_vcaV2-224/checkpoint/checkpoint-30.pth.tar', 58.86400000488281)
 ('./output/train/20250901-184723-mobilenetv2_vcaV2-224/checkpoint/checkpoint-34.pth.tar', 58.51999997558594)
 ('./output/train/20250901-184723-mobilenetv2_vcaV2-224/checkpoint/checkpoint-24.pth.tar', 58.01200000732422)
 ('./output/train/20250901-184723-mobilenetv2_vcaV2-224/checkpoint/checkpoint-26.pth.tar', 57.8020000024414)

2025-09-02 01:29:07,247 -                train: [    INFO] - Test (EMA 0.99990): [   0/97]  Time: 1.296 (1.296)  Loss:  0.9475 (0.9475)  Acc@1: 77.3438 (77.3438)  Acc@5: 93.7500 (93.7500)
2025-09-02 01:29:22,066 -                train: [    INFO] - Test (EMA 0.99990): [  97/97]  Time: 0.014 (0.164)  Loss:  1.1429 (1.3817)  Acc@1: 72.3214 (66.2420)  Acc@5: 90.7738 (88.0840)
2025-09-02 01:29:22,266 - timm.utils.checkpoint_saver: [    INFO] - Current checkpoints:
 ('./output/train/20250901-184723-mobilenetv2_vcaV2-224/ema0.9999_checkpoint/checkpoint-35.pth.tar', 66.24199998535157)
 ('./output/train/20250901-184723-mobilenetv2_vcaV2-224/ema0.9999_checkpoint/checkpoint-34.pth.tar', 66.08800001220703)
 ('./output/train/20250901-184723-mobilenetv2_vcaV2-224/ema0.9999_checkpoint/checkpoint-33.pth.tar', 65.8500000390625)
 ('./output/train/20250901-184723-mobilenetv2_vcaV2-224/ema0.9999_checkpoint/checkpoint-32.pth.tar', 65.63200001464844)
 ('./output/train/20250901-184723-mobilenetv2_vcaV2-224/ema0.9999_checkpoint/checkpoint-31.pth.tar', 65.46800004394531)
 ('./output/train/20250901-184723-mobilenetv2_vcaV2-224/ema0.9999_checkpoint/checkpoint-30.pth.tar', 65.16799999511719)
 ('./output/train/20250901-184723-mobilenetv2_vcaV2-224/ema0.9999_checkpoint/checkpoint-29.pth.tar', 64.80799999511719)
 ('./output/train/20250901-184723-mobilenetv2_vcaV2-224/ema0.9999_checkpoint/checkpoint-28.pth.tar', 64.47399999511718)
 ('./output/train/20250901-184723-mobilenetv2_vcaV2-224/ema0.9999_checkpoint/checkpoint-27.pth.tar', 63.99000001953125)
 ('./output/train/20250901-184723-mobilenetv2_vcaV2-224/ema0.9999_checkpoint/checkpoint-26.pth.tar', 63.475999997558596)

2025-09-02 01:29:24,309 -                train: [    INFO] - Train: 36 [   0/2502 (  0%)]  Loss: 43.99 (44.0)  Loss_cat: 0.4557 (0.456)  Loss_feat: 37.69 (37.7)  Loss_gt: 4.233 (4.23)  Loss_kd: 1.607 (1.61) LR: 1.426e-01
2025-09-02 01:30:14,763 -                train: [    INFO] - Train: 36 [ 200/2502 (  8%)]  Loss: 38.59 (41.3)  Loss_cat: 0.4210 (0.438)  Loss_feat: 34.36 (36.0)  Loss_gt: 2.719 (3.48)  Loss_kd: 1.091 (1.35) LR: 1.426e-01
2025-09-02 01:31:04,589 -                train: [    INFO] - Train: 36 [ 400/2502 ( 16%)]  Loss: 41.11 (41.2)  Loss_cat: 0.4262 (0.434)  Loss_feat: 35.84 (36.0)  Loss_gt: 3.482 (3.48)  Loss_kd: 1.361 (1.35) LR: 1.426e-01
2025-09-02 01:31:55,043 -                train: [    INFO] - Train: 36 [ 600/2502 ( 24%)]  Loss: 39.01 (40.7)  Loss_cat: 0.4140 (0.429)  Loss_feat: 34.45 (35.6)  Loss_gt: 2.989 (3.36)  Loss_kd: 1.151 (1.30) LR: 1.426e-01
2025-09-02 01:32:45,717 -                train: [    INFO] - Train: 36 [ 800/2502 ( 32%)]  Loss: 38.64 (40.3)  Loss_cat: 0.4101 (0.425)  Loss_feat: 34.11 (35.3)  Loss_gt: 2.902 (3.26)  Loss_kd: 1.223 (1.29) LR: 1.426e-01
2025-09-02 01:33:36,148 -                train: [    INFO] - Train: 36 [1000/2502 ( 40%)]  Loss: 37.61 (39.8)  Loss_cat: 0.4029 (0.422)  Loss_feat: 33.59 (35.0)  Loss_gt: 2.541 (3.14)  Loss_kd: 1.080 (1.25) LR: 1.426e-01
2025-09-02 01:34:27,341 -                train: [    INFO] - Train: 36 [1200/2502 ( 48%)]  Loss: 40.53 (39.9)  Loss_cat: 0.4337 (0.423)  Loss_feat: 35.77 (35.1)  Loss_gt: 3.136 (3.14)  Loss_kd: 1.185 (1.24) LR: 1.426e-01
2025-09-02 01:35:18,006 -                train: [    INFO] - Train: 36 [1400/2502 ( 56%)]  Loss: 42.10 (40.2)  Loss_cat: 0.4381 (0.425)  Loss_feat: 36.44 (35.3)  Loss_gt: 3.742 (3.22)  Loss_kd: 1.481 (1.27) LR: 1.426e-01
2025-09-02 01:36:08,606 -                train: [    INFO] - Train: 36 [1600/2502 ( 64%)]  Loss: 40.27 (40.2)  Loss_cat: 0.4225 (0.425)  Loss_feat: 35.28 (35.3)  Loss_gt: 3.293 (3.23)  Loss_kd: 1.273 (1.27) LR: 1.426e-01
2025-09-02 01:36:59,500 -                train: [    INFO] - Train: 36 [1800/2502 ( 72%)]  Loss: 36.66 (39.9)  Loss_cat: 0.3929 (0.422)  Loss_feat: 32.91 (35.0)  Loss_gt: 2.378 (3.14)  Loss_kd: 0.9795 (1.24) LR: 1.426e-01
2025-09-02 01:37:49,970 -                train: [    INFO] - Train: 36 [2000/2502 ( 80%)]  Loss: 41.67 (40.0)  Loss_cat: 0.4501 (0.424)  Loss_feat: 36.44 (35.2)  Loss_gt: 3.469 (3.17)  Loss_kd: 1.305 (1.25) LR: 1.426e-01
2025-09-02 01:38:40,295 -                train: [    INFO] - Train: 36 [2200/2502 ( 88%)]  Loss: 40.11 (40.0)  Loss_cat: 0.4206 (0.424)  Loss_feat: 35.10 (35.2)  Loss_gt: 3.256 (3.18)  Loss_kd: 1.334 (1.26) LR: 1.426e-01
2025-09-02 01:39:30,950 -                train: [    INFO] - Train: 36 [2400/2502 ( 96%)]  Loss: 42.37 (40.2)  Loss_cat: 0.4430 (0.425)  Loss_feat: 36.77 (35.3)  Loss_gt: 3.715 (3.22)  Loss_kd: 1.447 (1.27) LR: 1.426e-01
2025-09-02 01:39:56,034 -                train: [    INFO] - Train: 36 [2501/2502 (100%)]  Loss: 43.38 (40.4)  Loss_cat: 0.4448 (0.427)  Loss_feat: 37.28 (35.4)  Loss_gt: 4.093 (3.28)  Loss_kd: 1.565 (1.29) LR: 1.426e-01
2025-09-02 01:39:56,035 -                train: [    INFO] - Distributing BatchNorm running means and vars
2025-09-02 01:39:57,718 -                train: [    INFO] - Test: [   0/97]  Time: 1.679 (1.679)  Loss:  1.3735 (1.3735)  Acc@1: 67.3828 (67.3828)  Acc@5: 87.8906 (87.8906)
2025-09-02 01:40:15,985 -                train: [    INFO] - Test: [  97/97]  Time: 0.014 (0.204)  Loss:  1.5635 (1.7477)  Acc@1: 60.7143 (59.3000)  Acc@5: 87.7976 (83.7300)
2025-09-02 01:40:16,248 - timm.utils.checkpoint_saver: [    INFO] - Current checkpoints:
 ('./output/train/20250901-184723-mobilenetv2_vcaV2-224/checkpoint/checkpoint-33.pth.tar', 59.548000024414065)
 ('./output/train/20250901-184723-mobilenetv2_vcaV2-224/checkpoint/checkpoint-36.pth.tar', 59.30000000732422)
 ('./output/train/20250901-184723-mobilenetv2_vcaV2-224/checkpoint/checkpoint-35.pth.tar', 59.270000031738284)
 ('./output/train/20250901-184723-mobilenetv2_vcaV2-224/checkpoint/checkpoint-31.pth.tar', 59.25400002685547)
 ('./output/train/20250901-184723-mobilenetv2_vcaV2-224/checkpoint/checkpoint-32.pth.tar', 59.222000034179686)
 ('./output/train/20250901-184723-mobilenetv2_vcaV2-224/checkpoint/checkpoint-29.pth.tar', 59.21400002929688)
 ('./output/train/20250901-184723-mobilenetv2_vcaV2-224/checkpoint/checkpoint-23.pth.tar', 58.887999997558595)
 ('./output/train/20250901-184723-mobilenetv2_vcaV2-224/checkpoint/checkpoint-30.pth.tar', 58.86400000488281)
 ('./output/train/20250901-184723-mobilenetv2_vcaV2-224/checkpoint/checkpoint-34.pth.tar', 58.51999997558594)
 ('./output/train/20250901-184723-mobilenetv2_vcaV2-224/checkpoint/checkpoint-24.pth.tar', 58.01200000732422)

2025-09-02 01:40:17,906 -                train: [    INFO] - Test (EMA 0.99990): [   0/97]  Time: 1.654 (1.654)  Loss:  0.9411 (0.9411)  Acc@1: 77.3438 (77.3438)  Acc@5: 93.9453 (93.9453)
2025-09-02 01:40:32,380 -                train: [    INFO] - Test (EMA 0.99990): [  97/97]  Time: 0.014 (0.165)  Loss:  1.1425 (1.3757)  Acc@1: 71.7262 (66.3660)  Acc@5: 89.8810 (88.1520)
2025-09-02 01:40:32,557 - timm.utils.checkpoint_saver: [    INFO] - Current checkpoints:
 ('./output/train/20250901-184723-mobilenetv2_vcaV2-224/ema0.9999_checkpoint/checkpoint-36.pth.tar', 66.3660000390625)
 ('./output/train/20250901-184723-mobilenetv2_vcaV2-224/ema0.9999_checkpoint/checkpoint-35.pth.tar', 66.24199998535157)
 ('./output/train/20250901-184723-mobilenetv2_vcaV2-224/ema0.9999_checkpoint/checkpoint-34.pth.tar', 66.08800001220703)
 ('./output/train/20250901-184723-mobilenetv2_vcaV2-224/ema0.9999_checkpoint/checkpoint-33.pth.tar', 65.8500000390625)
 ('./output/train/20250901-184723-mobilenetv2_vcaV2-224/ema0.9999_checkpoint/checkpoint-32.pth.tar', 65.63200001464844)
 ('./output/train/20250901-184723-mobilenetv2_vcaV2-224/ema0.9999_checkpoint/checkpoint-31.pth.tar', 65.46800004394531)
 ('./output/train/20250901-184723-mobilenetv2_vcaV2-224/ema0.9999_checkpoint/checkpoint-30.pth.tar', 65.16799999511719)
 ('./output/train/20250901-184723-mobilenetv2_vcaV2-224/ema0.9999_checkpoint/checkpoint-29.pth.tar', 64.80799999511719)
 ('./output/train/20250901-184723-mobilenetv2_vcaV2-224/ema0.9999_checkpoint/checkpoint-28.pth.tar', 64.47399999511718)
 ('./output/train/20250901-184723-mobilenetv2_vcaV2-224/ema0.9999_checkpoint/checkpoint-27.pth.tar', 63.99000001953125)

2025-09-02 01:40:34,420 -                train: [    INFO] - Train: 37 [   0/2502 (  0%)]  Loss: 40.06 (40.1)  Loss_cat: 0.4276 (0.428)  Loss_feat: 35.22 (35.2)  Loss_gt: 3.157 (3.16)  Loss_kd: 1.250 (1.25) LR: 1.397e-01
2025-09-02 01:41:25,554 -                train: [    INFO] - Train: 37 [ 200/2502 (  8%)]  Loss: 37.32 (38.7)  Loss_cat: 0.3940 (0.411)  Loss_feat: 33.13 (34.2)  Loss_gt: 2.630 (2.89)  Loss_kd: 1.167 (1.21) LR: 1.397e-01
2025-09-02 01:42:17,685 -                train: [    INFO] - Train: 37 [ 400/2502 ( 16%)]  Loss: 40.59 (39.3)  Loss_cat: 0.4288 (0.417)  Loss_feat: 35.53 (34.6)  Loss_gt: 3.353 (3.05)  Loss_kd: 1.278 (1.23) LR: 1.397e-01
2025-09-02 01:43:08,689 -                train: [    INFO] - Train: 37 [ 600/2502 ( 24%)]  Loss: 41.80 (39.9)  Loss_cat: 0.4347 (0.421)  Loss_feat: 36.33 (35.1)  Loss_gt: 3.610 (3.19)  Loss_kd: 1.427 (1.28) LR: 1.397e-01
2025-09-02 01:43:59,092 -                train: [    INFO] - Train: 37 [ 800/2502 ( 32%)]  Loss: 39.32 (39.8)  Loss_cat: 0.4284 (0.423)  Loss_feat: 34.92 (35.0)  Loss_gt: 2.899 (3.13)  Loss_kd: 1.070 (1.24) LR: 1.397e-01
2025-09-02 01:44:48,984 -                train: [    INFO] - Train: 37 [1000/2502 ( 40%)]  Loss: 38.33 (39.6)  Loss_cat: 0.4004 (0.419)  Loss_feat: 33.97 (34.9)  Loss_gt: 2.820 (3.08)  Loss_kd: 1.139 (1.22) LR: 1.397e-01
2025-09-02 01:45:39,533 -                train: [    INFO] - Train: 37 [1200/2502 ( 48%)]  Loss: 38.94 (39.5)  Loss_cat: 0.4206 (0.419)  Loss_feat: 34.62 (34.8)  Loss_gt: 2.785 (3.04)  Loss_kd: 1.110 (1.21) LR: 1.397e-01
2025-09-02 01:46:30,040 -                train: [    INFO] - Train: 37 [1400/2502 ( 56%)]  Loss: 39.07 (39.4)  Loss_cat: 0.4150 (0.419)  Loss_feat: 34.54 (34.8)  Loss_gt: 2.988 (3.03)  Loss_kd: 1.127 (1.20) LR: 1.397e-01
2025-09-02 01:47:21,451 -                train: [    INFO] - Train: 37 [1600/2502 ( 64%)]  Loss: 37.51 (39.2)  Loss_cat: 0.3998 (0.417)  Loss_feat: 33.39 (34.6)  Loss_gt: 2.604 (2.98)  Loss_kd: 1.113 (1.19) LR: 1.397e-01
2025-09-02 01:48:11,833 -                train: [    INFO] - Train: 37 [1800/2502 ( 72%)]  Loss: 38.70 (39.2)  Loss_cat: 0.4108 (0.416)  Loss_feat: 34.26 (34.6)  Loss_gt: 2.844 (2.97)  Loss_kd: 1.186 (1.19) LR: 1.397e-01
2025-09-02 01:49:02,306 -                train: [    INFO] - Train: 37 [2000/2502 ( 80%)]  Loss: 40.04 (39.2)  Loss_cat: 0.4107 (0.416)  Loss_feat: 35.00 (34.6)  Loss_gt: 3.299 (3.00)  Loss_kd: 1.330 (1.20) LR: 1.397e-01
2025-09-02 01:49:52,810 -                train: [    INFO] - Train: 37 [2200/2502 ( 88%)]  Loss: 39.17 (39.2)  Loss_cat: 0.4159 (0.416)  Loss_feat: 34.60 (34.6)  Loss_gt: 3.012 (3.00)  Loss_kd: 1.144 (1.20) LR: 1.397e-01
2025-09-02 01:50:43,574 -                train: [    INFO] - Train: 37 [2400/2502 ( 96%)]  Loss: 42.91 (39.5)  Loss_cat: 0.4596 (0.419)  Loss_feat: 37.13 (34.8)  Loss_gt: 3.908 (3.07)  Loss_kd: 1.418 (1.21) LR: 1.397e-01
2025-09-02 01:51:08,870 -                train: [    INFO] - Train: 37 [2501/2502 (100%)]  Loss: 42.45 (39.7)  Loss_cat: 0.4427 (0.421)  Loss_feat: 36.59 (34.9)  Loss_gt: 3.867 (3.13)  Loss_kd: 1.547 (1.24) LR: 1.397e-01
2025-09-02 01:51:08,871 -                train: [    INFO] - Distributing BatchNorm running means and vars
2025-09-02 01:51:10,395 -                train: [    INFO] - Test: [   0/97]  Time: 1.519 (1.519)  Loss:  1.5846 (1.5846)  Acc@1: 64.8438 (64.8438)  Acc@5: 86.7188 (86.7188)
2025-09-02 01:51:28,695 -                train: [    INFO] - Test: [  97/97]  Time: 0.014 (0.202)  Loss:  1.5392 (1.8321)  Acc@1: 67.5595 (58.1320)  Acc@5: 85.1190 (82.8620)
2025-09-02 01:51:28,893 - timm.utils.checkpoint_saver: [    INFO] - Current checkpoints:
 ('./output/train/20250901-184723-mobilenetv2_vcaV2-224/checkpoint/checkpoint-33.pth.tar', 59.548000024414065)
 ('./output/train/20250901-184723-mobilenetv2_vcaV2-224/checkpoint/checkpoint-36.pth.tar', 59.30000000732422)
 ('./output/train/20250901-184723-mobilenetv2_vcaV2-224/checkpoint/checkpoint-35.pth.tar', 59.270000031738284)
 ('./output/train/20250901-184723-mobilenetv2_vcaV2-224/checkpoint/checkpoint-31.pth.tar', 59.25400002685547)
 ('./output/train/20250901-184723-mobilenetv2_vcaV2-224/checkpoint/checkpoint-32.pth.tar', 59.222000034179686)
 ('./output/train/20250901-184723-mobilenetv2_vcaV2-224/checkpoint/checkpoint-29.pth.tar', 59.21400002929688)
 ('./output/train/20250901-184723-mobilenetv2_vcaV2-224/checkpoint/checkpoint-23.pth.tar', 58.887999997558595)
 ('./output/train/20250901-184723-mobilenetv2_vcaV2-224/checkpoint/checkpoint-30.pth.tar', 58.86400000488281)
 ('./output/train/20250901-184723-mobilenetv2_vcaV2-224/checkpoint/checkpoint-34.pth.tar', 58.51999997558594)
 ('./output/train/20250901-184723-mobilenetv2_vcaV2-224/checkpoint/checkpoint-37.pth.tar', 58.13200000488281)

2025-09-02 01:51:30,242 -                train: [    INFO] - Test (EMA 0.99990): [   0/97]  Time: 1.345 (1.345)  Loss:  0.9361 (0.9361)  Acc@1: 77.3438 (77.3438)  Acc@5: 93.9453 (93.9453)
2025-09-02 01:51:44,877 -                train: [    INFO] - Test (EMA 0.99990): [  97/97]  Time: 0.014 (0.163)  Loss:  1.1322 (1.3689)  Acc@1: 71.1310 (66.5600)  Acc@5: 90.1786 (88.2800)
2025-09-02 01:51:45,130 - timm.utils.checkpoint_saver: [    INFO] - Current checkpoints:
 ('./output/train/20250901-184723-mobilenetv2_vcaV2-224/ema0.9999_checkpoint/checkpoint-37.pth.tar', 66.55999999023437)
 ('./output/train/20250901-184723-mobilenetv2_vcaV2-224/ema0.9999_checkpoint/checkpoint-36.pth.tar', 66.3660000390625)
 ('./output/train/20250901-184723-mobilenetv2_vcaV2-224/ema0.9999_checkpoint/checkpoint-35.pth.tar', 66.24199998535157)
 ('./output/train/20250901-184723-mobilenetv2_vcaV2-224/ema0.9999_checkpoint/checkpoint-34.pth.tar', 66.08800001220703)
 ('./output/train/20250901-184723-mobilenetv2_vcaV2-224/ema0.9999_checkpoint/checkpoint-33.pth.tar', 65.8500000390625)
 ('./output/train/20250901-184723-mobilenetv2_vcaV2-224/ema0.9999_checkpoint/checkpoint-32.pth.tar', 65.63200001464844)
 ('./output/train/20250901-184723-mobilenetv2_vcaV2-224/ema0.9999_checkpoint/checkpoint-31.pth.tar', 65.46800004394531)
 ('./output/train/20250901-184723-mobilenetv2_vcaV2-224/ema0.9999_checkpoint/checkpoint-30.pth.tar', 65.16799999511719)
 ('./output/train/20250901-184723-mobilenetv2_vcaV2-224/ema0.9999_checkpoint/checkpoint-29.pth.tar', 64.80799999511719)
 ('./output/train/20250901-184723-mobilenetv2_vcaV2-224/ema0.9999_checkpoint/checkpoint-28.pth.tar', 64.47399999511718)

2025-09-02 01:51:47,105 -                train: [    INFO] - Train: 38 [   0/2502 (  0%)]  Loss: 39.59 (39.6)  Loss_cat: 0.4283 (0.428)  Loss_feat: 35.09 (35.1)  Loss_gt: 2.926 (2.93)  Loss_kd: 1.141 (1.14) LR: 1.368e-01
2025-09-02 01:52:37,366 -                train: [    INFO] - Train: 38 [ 200/2502 (  8%)]  Loss: 38.16 (38.9)  Loss_cat: 0.4029 (0.416)  Loss_feat: 33.96 (34.5)  Loss_gt: 2.733 (2.83)  Loss_kd: 1.061 (1.10) LR: 1.368e-01
2025-09-02 01:53:27,732 -                train: [    INFO] - Train: 38 [ 400/2502 ( 16%)]  Loss: 37.13 (38.3)  Loss_cat: 0.3932 (0.408)  Loss_feat: 33.31 (34.1)  Loss_gt: 2.437 (2.70)  Loss_kd: 0.9888 (1.06) LR: 1.368e-01
2025-09-02 01:54:17,988 -                train: [    INFO] - Train: 38 [ 600/2502 ( 24%)]  Loss: 37.93 (38.2)  Loss_cat: 0.4038 (0.407)  Loss_feat: 33.72 (34.0)  Loss_gt: 2.702 (2.70)  Loss_kd: 1.113 (1.08) LR: 1.368e-01
2025-09-02 01:55:09,488 -                train: [    INFO] - Train: 38 [ 800/2502 ( 32%)]  Loss: 44.90 (39.5)  Loss_cat: 0.4645 (0.419)  Loss_feat: 38.33 (34.9)  Loss_gt: 4.449 (3.05)  Loss_kd: 1.657 (1.19) LR: 1.368e-01
2025-09-02 01:55:59,629 -                train: [    INFO] - Train: 38 [1000/2502 ( 40%)]  Loss: 37.17 (39.1)  Loss_cat: 0.3897 (0.414)  Loss_feat: 33.23 (34.6)  Loss_gt: 2.517 (2.96)  Loss_kd: 1.030 (1.17) LR: 1.368e-01
2025-09-02 01:56:49,971 -                train: [    INFO] - Train: 38 [1200/2502 ( 48%)]  Loss: 40.44 (39.3)  Loss_cat: 0.4164 (0.414)  Loss_feat: 35.40 (34.7)  Loss_gt: 3.333 (3.01)  Loss_kd: 1.285 (1.18) LR: 1.368e-01
2025-09-02 01:57:40,305 -                train: [    INFO] - Train: 38 [1400/2502 ( 56%)]  Loss: 36.79 (39.0)  Loss_cat: 0.3878 (0.411)  Loss_feat: 32.91 (34.5)  Loss_gt: 2.485 (2.95)  Loss_kd: 1.009 (1.16) LR: 1.368e-01
2025-09-02 01:58:30,921 -                train: [    INFO] - Train: 38 [1600/2502 ( 64%)]  Loss: 38.94 (39.0)  Loss_cat: 0.4166 (0.411)  Loss_feat: 34.54 (34.5)  Loss_gt: 2.877 (2.94)  Loss_kd: 1.111 (1.15) LR: 1.368e-01
2025-09-02 01:59:21,207 -                train: [    INFO] - Train: 38 [1800/2502 ( 72%)]  Loss: 40.44 (39.1)  Loss_cat: 0.4203 (0.412)  Loss_feat: 35.35 (34.6)  Loss_gt: 3.344 (2.98)  Loss_kd: 1.327 (1.17) LR: 1.368e-01
2025-09-02 02:00:11,748 -                train: [    INFO] - Train: 38 [2000/2502 ( 80%)]  Loss: 40.48 (39.3)  Loss_cat: 0.4224 (0.413)  Loss_feat: 35.47 (34.7)  Loss_gt: 3.267 (3.01)  Loss_kd: 1.320 (1.19) LR: 1.368e-01
2025-09-02 02:01:02,386 -                train: [    INFO] - Train: 38 [2200/2502 ( 88%)]  Loss: 38.78 (39.2)  Loss_cat: 0.4100 (0.413)  Loss_feat: 34.43 (34.6)  Loss_gt: 2.837 (2.99)  Loss_kd: 1.110 (1.18) LR: 1.368e-01
2025-09-02 02:01:52,765 -                train: [    INFO] - Train: 38 [2400/2502 ( 96%)]  Loss: 40.15 (39.3)  Loss_cat: 0.4321 (0.414)  Loss_feat: 35.28 (34.7)  Loss_gt: 3.138 (3.00)  Loss_kd: 1.292 (1.19) LR: 1.368e-01
2025-09-02 02:02:17,864 -                train: [    INFO] - Train: 38 [2501/2502 (100%)]  Loss: 42.22 (39.5)  Loss_cat: 0.4489 (0.417)  Loss_feat: 36.71 (34.8)  Loss_gt: 3.689 (3.05)  Loss_kd: 1.373 (1.20) LR: 1.368e-01
2025-09-02 02:02:17,865 -                train: [    INFO] - Distributing BatchNorm running means and vars
2025-09-02 02:02:19,484 -                train: [    INFO] - Test: [   0/97]  Time: 1.614 (1.614)  Loss:  1.3057 (1.3057)  Acc@1: 68.1641 (68.1641)  Acc@5: 88.6719 (88.6719)
2025-09-02 02:02:36,870 -                train: [    INFO] - Test: [  97/97]  Time: 0.014 (0.194)  Loss:  1.6688 (1.7482)  Acc@1: 59.2262 (59.1280)  Acc@5: 82.4405 (83.4560)
2025-09-02 02:02:37,114 - timm.utils.checkpoint_saver: [    INFO] - Current checkpoints:
 ('./output/train/20250901-184723-mobilenetv2_vcaV2-224/checkpoint/checkpoint-33.pth.tar', 59.548000024414065)
 ('./output/train/20250901-184723-mobilenetv2_vcaV2-224/checkpoint/checkpoint-36.pth.tar', 59.30000000732422)
 ('./output/train/20250901-184723-mobilenetv2_vcaV2-224/checkpoint/checkpoint-35.pth.tar', 59.270000031738284)
 ('./output/train/20250901-184723-mobilenetv2_vcaV2-224/checkpoint/checkpoint-31.pth.tar', 59.25400002685547)
 ('./output/train/20250901-184723-mobilenetv2_vcaV2-224/checkpoint/checkpoint-32.pth.tar', 59.222000034179686)
 ('./output/train/20250901-184723-mobilenetv2_vcaV2-224/checkpoint/checkpoint-29.pth.tar', 59.21400002929688)
 ('./output/train/20250901-184723-mobilenetv2_vcaV2-224/checkpoint/checkpoint-38.pth.tar', 59.12799998779297)
 ('./output/train/20250901-184723-mobilenetv2_vcaV2-224/checkpoint/checkpoint-23.pth.tar', 58.887999997558595)
 ('./output/train/20250901-184723-mobilenetv2_vcaV2-224/checkpoint/checkpoint-30.pth.tar', 58.86400000488281)
 ('./output/train/20250901-184723-mobilenetv2_vcaV2-224/checkpoint/checkpoint-34.pth.tar', 58.51999997558594)

2025-09-02 02:02:38,527 -                train: [    INFO] - Test (EMA 0.99990): [   0/97]  Time: 1.409 (1.409)  Loss:  0.9304 (0.9304)  Acc@1: 77.1484 (77.1484)  Acc@5: 93.7500 (93.7500)
2025-09-02 02:02:52,936 -                train: [    INFO] - Test (EMA 0.99990): [  97/97]  Time: 0.014 (0.161)  Loss:  1.1278 (1.3632)  Acc@1: 71.7262 (66.6440)  Acc@5: 90.1786 (88.3460)
2025-09-02 02:02:53,150 - timm.utils.checkpoint_saver: [    INFO] - Current checkpoints:
 ('./output/train/20250901-184723-mobilenetv2_vcaV2-224/ema0.9999_checkpoint/checkpoint-38.pth.tar', 66.6440000390625)
 ('./output/train/20250901-184723-mobilenetv2_vcaV2-224/ema0.9999_checkpoint/checkpoint-37.pth.tar', 66.55999999023437)
 ('./output/train/20250901-184723-mobilenetv2_vcaV2-224/ema0.9999_checkpoint/checkpoint-36.pth.tar', 66.3660000390625)
 ('./output/train/20250901-184723-mobilenetv2_vcaV2-224/ema0.9999_checkpoint/checkpoint-35.pth.tar', 66.24199998535157)
 ('./output/train/20250901-184723-mobilenetv2_vcaV2-224/ema0.9999_checkpoint/checkpoint-34.pth.tar', 66.08800001220703)
 ('./output/train/20250901-184723-mobilenetv2_vcaV2-224/ema0.9999_checkpoint/checkpoint-33.pth.tar', 65.8500000390625)
 ('./output/train/20250901-184723-mobilenetv2_vcaV2-224/ema0.9999_checkpoint/checkpoint-32.pth.tar', 65.63200001464844)
 ('./output/train/20250901-184723-mobilenetv2_vcaV2-224/ema0.9999_checkpoint/checkpoint-31.pth.tar', 65.46800004394531)
 ('./output/train/20250901-184723-mobilenetv2_vcaV2-224/ema0.9999_checkpoint/checkpoint-30.pth.tar', 65.16799999511719)
 ('./output/train/20250901-184723-mobilenetv2_vcaV2-224/ema0.9999_checkpoint/checkpoint-29.pth.tar', 64.80799999511719)

2025-09-02 02:02:55,292 -                train: [    INFO] - Train: 39 [   0/2502 (  0%)]  Loss: 41.69 (41.7)  Loss_cat: 0.4415 (0.442)  Loss_feat: 36.40 (36.4)  Loss_gt: 3.531 (3.53)  Loss_kd: 1.313 (1.31) LR: 1.339e-01
2025-09-02 02:03:45,551 -                train: [    INFO] - Train: 39 [ 200/2502 (  8%)]  Loss: 40.68 (41.2)  Loss_cat: 0.4237 (0.433)  Loss_feat: 35.59 (36.0)  Loss_gt: 3.321 (3.43)  Loss_kd: 1.345 (1.33) LR: 1.339e-01
2025-09-02 02:04:35,457 -                train: [    INFO] - Train: 39 [ 400/2502 ( 16%)]  Loss: 39.29 (40.6)  Loss_cat: 0.4158 (0.427)  Loss_feat: 34.74 (35.6)  Loss_gt: 2.960 (3.27)  Loss_kd: 1.171 (1.28) LR: 1.339e-01
2025-09-02 02:05:25,866 -                train: [    INFO] - Train: 39 [ 600/2502 ( 24%)]  Loss: 40.39 (40.5)  Loss_cat: 0.4296 (0.428)  Loss_feat: 35.36 (35.5)  Loss_gt: 3.334 (3.29)  Loss_kd: 1.269 (1.27) LR: 1.339e-01
2025-09-02 02:06:16,119 -                train: [    INFO] - Train: 39 [ 800/2502 ( 32%)]  Loss: 37.30 (39.9)  Loss_cat: 0.3893 (0.420)  Loss_feat: 33.28 (35.1)  Loss_gt: 2.593 (3.15)  Loss_kd: 1.034 (1.23) LR: 1.339e-01
2025-09-02 02:07:06,626 -                train: [    INFO] - Train: 39 [1000/2502 ( 40%)]  Loss: 39.14 (39.7)  Loss_cat: 0.4035 (0.417)  Loss_feat: 34.37 (35.0)  Loss_gt: 3.129 (3.14)  Loss_kd: 1.236 (1.23) LR: 1.339e-01
2025-09-02 02:07:56,606 -                train: [    INFO] - Train: 39 [1200/2502 ( 48%)]  Loss: 41.22 (40.0)  Loss_cat: 0.4298 (0.419)  Loss_feat: 35.83 (35.1)  Loss_gt: 3.546 (3.20)  Loss_kd: 1.415 (1.25) LR: 1.339e-01
2025-09-02 02:08:47,025 -                train: [    INFO] - Train: 39 [1400/2502 ( 56%)]  Loss: 40.10 (40.0)  Loss_cat: 0.4289 (0.420)  Loss_feat: 35.37 (35.1)  Loss_gt: 3.109 (3.19)  Loss_kd: 1.195 (1.25) LR: 1.339e-01
2025-09-02 02:09:37,101 -                train: [    INFO] - Train: 39 [1600/2502 ( 64%)]  Loss: 38.54 (39.8)  Loss_cat: 0.4087 (0.419)  Loss_feat: 34.25 (35.0)  Loss_gt: 2.764 (3.14)  Loss_kd: 1.120 (1.23) LR: 1.339e-01
2025-09-02 02:10:27,872 -                train: [    INFO] - Train: 39 [1800/2502 ( 72%)]  Loss: 39.12 (39.7)  Loss_cat: 0.4065 (0.418)  Loss_feat: 34.36 (35.0)  Loss_gt: 3.114 (3.14)  Loss_kd: 1.242 (1.23) LR: 1.339e-01
2025-09-02 02:11:18,232 -                train: [    INFO] - Train: 39 [2000/2502 ( 80%)]  Loss: 41.03 (39.9)  Loss_cat: 0.4378 (0.420)  Loss_feat: 35.98 (35.0)  Loss_gt: 3.341 (3.16)  Loss_kd: 1.271 (1.24) LR: 1.339e-01
2025-09-02 02:12:10,768 -                train: [    INFO] - Train: 39 [2200/2502 ( 88%)]  Loss: 42.07 (40.0)  Loss_cat: 0.4387 (0.421)  Loss_feat: 36.48 (35.2)  Loss_gt: 3.766 (3.21)  Loss_kd: 1.390 (1.25) LR: 1.339e-01
2025-09-02 02:13:01,988 -                train: [    INFO] - Train: 39 [2400/2502 ( 96%)]  Loss: 40.88 (40.1)  Loss_cat: 0.4396 (0.423)  Loss_feat: 35.97 (35.2)  Loss_gt: 3.233 (3.21)  Loss_kd: 1.236 (1.25) LR: 1.339e-01
2025-09-02 02:13:27,156 -                train: [    INFO] - Train: 39 [2501/2502 (100%)]  Loss: 37.49 (39.9)  Loss_cat: 0.3975 (0.421)  Loss_feat: 33.48 (35.1)  Loss_gt: 2.581 (3.17)  Loss_kd: 1.030 (1.23) LR: 1.339e-01
2025-09-02 02:13:27,156 -                train: [    INFO] - Distributing BatchNorm running means and vars
2025-09-02 02:13:28,824 -                train: [    INFO] - Test: [   0/97]  Time: 1.663 (1.663)  Loss:  1.1061 (1.1061)  Acc@1: 73.6328 (73.6328)  Acc@5: 91.2109 (91.2109)
2025-09-02 02:13:46,835 -                train: [    INFO] - Test: [  97/97]  Time: 0.014 (0.201)  Loss:  1.4435 (1.6381)  Acc@1: 65.4762 (61.0940)  Acc@5: 86.9048 (84.8820)
2025-09-02 02:13:47,103 - timm.utils.checkpoint_saver: [    INFO] - Current checkpoints:
 ('./output/train/20250901-184723-mobilenetv2_vcaV2-224/checkpoint/checkpoint-39.pth.tar', 61.0940000390625)
 ('./output/train/20250901-184723-mobilenetv2_vcaV2-224/checkpoint/checkpoint-33.pth.tar', 59.548000024414065)
 ('./output/train/20250901-184723-mobilenetv2_vcaV2-224/checkpoint/checkpoint-36.pth.tar', 59.30000000732422)
 ('./output/train/20250901-184723-mobilenetv2_vcaV2-224/checkpoint/checkpoint-35.pth.tar', 59.270000031738284)
 ('./output/train/20250901-184723-mobilenetv2_vcaV2-224/checkpoint/checkpoint-31.pth.tar', 59.25400002685547)
 ('./output/train/20250901-184723-mobilenetv2_vcaV2-224/checkpoint/checkpoint-32.pth.tar', 59.222000034179686)
 ('./output/train/20250901-184723-mobilenetv2_vcaV2-224/checkpoint/checkpoint-29.pth.tar', 59.21400002929688)
 ('./output/train/20250901-184723-mobilenetv2_vcaV2-224/checkpoint/checkpoint-38.pth.tar', 59.12799998779297)
 ('./output/train/20250901-184723-mobilenetv2_vcaV2-224/checkpoint/checkpoint-23.pth.tar', 58.887999997558595)
 ('./output/train/20250901-184723-mobilenetv2_vcaV2-224/checkpoint/checkpoint-30.pth.tar', 58.86400000488281)

2025-09-02 02:13:48,469 -                train: [    INFO] - Test (EMA 0.99990): [   0/97]  Time: 1.361 (1.361)  Loss:  0.9226 (0.9226)  Acc@1: 77.3438 (77.3438)  Acc@5: 94.1406 (94.1406)
2025-09-02 02:14:03,237 -                train: [    INFO] - Test (EMA 0.99990): [  97/97]  Time: 0.014 (0.165)  Loss:  1.1213 (1.3580)  Acc@1: 71.1310 (66.8280)  Acc@5: 89.8810 (88.4080)
2025-09-02 02:14:03,435 - timm.utils.checkpoint_saver: [    INFO] - Current checkpoints:
 ('./output/train/20250901-184723-mobilenetv2_vcaV2-224/ema0.9999_checkpoint/checkpoint-39.pth.tar', 66.82799999023437)
 ('./output/train/20250901-184723-mobilenetv2_vcaV2-224/ema0.9999_checkpoint/checkpoint-38.pth.tar', 66.6440000390625)
 ('./output/train/20250901-184723-mobilenetv2_vcaV2-224/ema0.9999_checkpoint/checkpoint-37.pth.tar', 66.55999999023437)
 ('./output/train/20250901-184723-mobilenetv2_vcaV2-224/ema0.9999_checkpoint/checkpoint-36.pth.tar', 66.3660000390625)
 ('./output/train/20250901-184723-mobilenetv2_vcaV2-224/ema0.9999_checkpoint/checkpoint-35.pth.tar', 66.24199998535157)
 ('./output/train/20250901-184723-mobilenetv2_vcaV2-224/ema0.9999_checkpoint/checkpoint-34.pth.tar', 66.08800001220703)
 ('./output/train/20250901-184723-mobilenetv2_vcaV2-224/ema0.9999_checkpoint/checkpoint-33.pth.tar', 65.8500000390625)
 ('./output/train/20250901-184723-mobilenetv2_vcaV2-224/ema0.9999_checkpoint/checkpoint-32.pth.tar', 65.63200001464844)
 ('./output/train/20250901-184723-mobilenetv2_vcaV2-224/ema0.9999_checkpoint/checkpoint-31.pth.tar', 65.46800004394531)
 ('./output/train/20250901-184723-mobilenetv2_vcaV2-224/ema0.9999_checkpoint/checkpoint-30.pth.tar', 65.16799999511719)

2025-09-02 02:14:05,229 -                train: [    INFO] - Train: 40 [   0/2502 (  0%)]  Loss: 39.64 (39.6)  Loss_cat: 0.4263 (0.426)  Loss_feat: 35.12 (35.1)  Loss_gt: 2.982 (2.98)  Loss_kd: 1.107 (1.11) LR: 1.309e-01
2025-09-02 02:14:55,611 -                train: [    INFO] - Train: 40 [ 200/2502 (  8%)]  Loss: 42.63 (41.1)  Loss_cat: 0.4487 (0.437)  Loss_feat: 36.88 (36.0)  Loss_gt: 3.815 (3.40)  Loss_kd: 1.483 (1.30) LR: 1.309e-01
2025-09-02 02:15:45,903 -                train: [    INFO] - Train: 40 [ 400/2502 ( 16%)]  Loss: 41.11 (41.1)  Loss_cat: 0.4458 (0.440)  Loss_feat: 36.18 (36.1)  Loss_gt: 3.252 (3.35)  Loss_kd: 1.228 (1.27) LR: 1.309e-01
2025-09-02 02:16:36,246 -                train: [    INFO] - Train: 40 [ 600/2502 ( 24%)]  Loss: 39.32 (40.7)  Loss_cat: 0.4226 (0.436)  Loss_feat: 34.89 (35.8)  Loss_gt: 2.891 (3.24)  Loss_kd: 1.112 (1.23) LR: 1.309e-01
2025-09-02 02:17:26,221 -                train: [    INFO] - Train: 40 [ 800/2502 ( 32%)]  Loss: 38.00 (40.1)  Loss_cat: 0.4043 (0.430)  Loss_feat: 33.83 (35.4)  Loss_gt: 2.690 (3.13)  Loss_kd: 1.072 (1.20) LR: 1.309e-01
2025-09-02 02:18:16,554 -                train: [    INFO] - Train: 40 [1000/2502 ( 40%)]  Loss: 37.54 (39.7)  Loss_cat: 0.4000 (0.425)  Loss_feat: 33.44 (35.1)  Loss_gt: 2.624 (3.04)  Loss_kd: 1.072 (1.18) LR: 1.309e-01
2025-09-02 02:19:07,289 -                train: [    INFO] - Train: 40 [1200/2502 ( 48%)]  Loss: 43.11 (40.2)  Loss_cat: 0.4580 (0.429)  Loss_feat: 37.35 (35.4)  Loss_gt: 3.870 (3.16)  Loss_kd: 1.432 (1.22) LR: 1.309e-01
2025-09-02 02:19:57,670 -                train: [    INFO] - Train: 40 [1400/2502 ( 56%)]  Loss: 39.07 (40.1)  Loss_cat: 0.4070 (0.427)  Loss_feat: 34.50 (35.3)  Loss_gt: 2.980 (3.14)  Loss_kd: 1.187 (1.21) LR: 1.309e-01
2025-09-02 02:20:48,077 -                train: [    INFO] - Train: 40 [1600/2502 ( 64%)]  Loss: 39.26 (40.0)  Loss_cat: 0.4197 (0.426)  Loss_feat: 34.75 (35.2)  Loss_gt: 2.916 (3.11)  Loss_kd: 1.181 (1.21) LR: 1.309e-01
2025-09-02 02:21:38,725 -                train: [    INFO] - Train: 40 [1800/2502 ( 72%)]  Loss: 39.66 (39.9)  Loss_cat: 0.4096 (0.424)  Loss_feat: 34.67 (35.2)  Loss_gt: 3.268 (3.13)  Loss_kd: 1.317 (1.22) LR: 1.309e-01
2025-09-02 02:22:29,189 -                train: [    INFO] - Train: 40 [2000/2502 ( 80%)]  Loss: 39.58 (39.9)  Loss_cat: 0.4070 (0.423)  Loss_feat: 34.63 (35.1)  Loss_gt: 3.177 (3.13)  Loss_kd: 1.367 (1.23) LR: 1.309e-01
2025-09-02 02:23:20,128 -                train: [    INFO] - Train: 40 [2200/2502 ( 88%)]  Loss: 38.07 (39.7)  Loss_cat: 0.3978 (0.421)  Loss_feat: 33.70 (35.0)  Loss_gt: 2.825 (3.11)  Loss_kd: 1.147 (1.23) LR: 1.309e-01
2025-09-02 02:24:10,422 -                train: [    INFO] - Train: 40 [2400/2502 ( 96%)]  Loss: 45.98 (40.2)  Loss_cat: 0.4742 (0.425)  Loss_feat: 39.02 (35.3)  Loss_gt: 4.690 (3.23)  Loss_kd: 1.800 (1.27) LR: 1.309e-01
2025-09-02 02:24:35,591 -                train: [    INFO] - Train: 40 [2501/2502 (100%)]  Loss: 39.70 (40.2)  Loss_cat: 0.4216 (0.424)  Loss_feat: 34.99 (35.3)  Loss_gt: 3.099 (3.22)  Loss_kd: 1.195 (1.26) LR: 1.309e-01
2025-09-02 02:24:35,592 -                train: [    INFO] - Distributing BatchNorm running means and vars
2025-09-02 02:24:37,199 -                train: [    INFO] - Test: [   0/97]  Time: 1.602 (1.602)  Loss:  1.2918 (1.2918)  Acc@1: 69.7266 (69.7266)  Acc@5: 91.0156 (91.0156)
2025-09-02 02:24:54,600 -                train: [    INFO] - Test: [  97/97]  Time: 0.014 (0.194)  Loss:  1.4425 (1.7020)  Acc@1: 64.8810 (60.3980)  Acc@5: 86.9048 (84.5700)
2025-09-02 02:24:54,822 - timm.utils.checkpoint_saver: [    INFO] - Current checkpoints:
 ('./output/train/20250901-184723-mobilenetv2_vcaV2-224/checkpoint/checkpoint-39.pth.tar', 61.0940000390625)
 ('./output/train/20250901-184723-mobilenetv2_vcaV2-224/checkpoint/checkpoint-40.pth.tar', 60.397999990234375)
 ('./output/train/20250901-184723-mobilenetv2_vcaV2-224/checkpoint/checkpoint-33.pth.tar', 59.548000024414065)
 ('./output/train/20250901-184723-mobilenetv2_vcaV2-224/checkpoint/checkpoint-36.pth.tar', 59.30000000732422)
 ('./output/train/20250901-184723-mobilenetv2_vcaV2-224/checkpoint/checkpoint-35.pth.tar', 59.270000031738284)
 ('./output/train/20250901-184723-mobilenetv2_vcaV2-224/checkpoint/checkpoint-31.pth.tar', 59.25400002685547)
 ('./output/train/20250901-184723-mobilenetv2_vcaV2-224/checkpoint/checkpoint-32.pth.tar', 59.222000034179686)
 ('./output/train/20250901-184723-mobilenetv2_vcaV2-224/checkpoint/checkpoint-29.pth.tar', 59.21400002929688)
 ('./output/train/20250901-184723-mobilenetv2_vcaV2-224/checkpoint/checkpoint-38.pth.tar', 59.12799998779297)
 ('./output/train/20250901-184723-mobilenetv2_vcaV2-224/checkpoint/checkpoint-23.pth.tar', 58.887999997558595)

2025-09-02 02:24:56,338 -                train: [    INFO] - Test (EMA 0.99990): [   0/97]  Time: 1.512 (1.512)  Loss:  0.9090 (0.9090)  Acc@1: 78.1250 (78.1250)  Acc@5: 94.5312 (94.5312)
2025-09-02 02:25:10,921 -                train: [    INFO] - Test (EMA 0.99990): [  97/97]  Time: 0.014 (0.164)  Loss:  1.1185 (1.3527)  Acc@1: 70.8333 (66.9100)  Acc@5: 89.8810 (88.3920)
2025-09-02 02:25:11,142 - timm.utils.checkpoint_saver: [    INFO] - Current checkpoints:
 ('./output/train/20250901-184723-mobilenetv2_vcaV2-224/ema0.9999_checkpoint/checkpoint-40.pth.tar', 66.91000001708984)
 ('./output/train/20250901-184723-mobilenetv2_vcaV2-224/ema0.9999_checkpoint/checkpoint-39.pth.tar', 66.82799999023437)
 ('./output/train/20250901-184723-mobilenetv2_vcaV2-224/ema0.9999_checkpoint/checkpoint-38.pth.tar', 66.6440000390625)
 ('./output/train/20250901-184723-mobilenetv2_vcaV2-224/ema0.9999_checkpoint/checkpoint-37.pth.tar', 66.55999999023437)
 ('./output/train/20250901-184723-mobilenetv2_vcaV2-224/ema0.9999_checkpoint/checkpoint-36.pth.tar', 66.3660000390625)
 ('./output/train/20250901-184723-mobilenetv2_vcaV2-224/ema0.9999_checkpoint/checkpoint-35.pth.tar', 66.24199998535157)
 ('./output/train/20250901-184723-mobilenetv2_vcaV2-224/ema0.9999_checkpoint/checkpoint-34.pth.tar', 66.08800001220703)
 ('./output/train/20250901-184723-mobilenetv2_vcaV2-224/ema0.9999_checkpoint/checkpoint-33.pth.tar', 65.8500000390625)
 ('./output/train/20250901-184723-mobilenetv2_vcaV2-224/ema0.9999_checkpoint/checkpoint-32.pth.tar', 65.63200001464844)
 ('./output/train/20250901-184723-mobilenetv2_vcaV2-224/ema0.9999_checkpoint/checkpoint-31.pth.tar', 65.46800004394531)

2025-09-02 02:25:13,526 -                train: [    INFO] - Train: 41 [   0/2502 (  0%)]  Loss: 43.75 (43.8)  Loss_cat: 0.4617 (0.462)  Loss_feat: 37.72 (37.7)  Loss_gt: 4.084 (4.08)  Loss_kd: 1.486 (1.49) LR: 1.279e-01
2025-09-02 02:26:03,509 -                train: [    INFO] - Train: 41 [ 200/2502 (  8%)]  Loss: 40.78 (42.3)  Loss_cat: 0.4262 (0.444)  Loss_feat: 35.65 (36.7)  Loss_gt: 3.379 (3.73)  Loss_kd: 1.325 (1.41) LR: 1.279e-01
2025-09-02 02:26:53,675 -                train: [    INFO] - Train: 41 [ 400/2502 ( 16%)]  Loss: 38.33 (41.0)  Loss_cat: 0.4114 (0.433)  Loss_feat: 34.06 (35.8)  Loss_gt: 2.758 (3.41)  Loss_kd: 1.099 (1.30) LR: 1.279e-01
2025-09-02 02:27:44,348 -                train: [    INFO] - Train: 41 [ 600/2502 ( 24%)]  Loss: 37.92 (40.2)  Loss_cat: 0.3993 (0.425)  Loss_feat: 33.75 (35.3)  Loss_gt: 2.661 (3.22)  Loss_kd: 1.115 (1.26) LR: 1.279e-01
2025-09-02 02:28:35,029 -                train: [    INFO] - Train: 41 [ 800/2502 ( 32%)]  Loss: 43.83 (40.9)  Loss_cat: 0.4479 (0.429)  Loss_feat: 37.57 (35.7)  Loss_gt: 4.252 (3.43)  Loss_kd: 1.561 (1.32) LR: 1.279e-01
2025-09-02 02:29:25,671 -                train: [    INFO] - Train: 41 [1000/2502 ( 40%)]  Loss: 41.31 (41.0)  Loss_cat: 0.4424 (0.431)  Loss_feat: 36.26 (35.8)  Loss_gt: 3.384 (3.42)  Loss_kd: 1.226 (1.30) LR: 1.279e-01
2025-09-02 02:30:15,886 -                train: [    INFO] - Train: 41 [1200/2502 ( 48%)]  Loss: 39.08 (40.7)  Loss_cat: 0.4157 (0.429)  Loss_feat: 34.51 (35.6)  Loss_gt: 2.985 (3.36)  Loss_kd: 1.166 (1.28) LR: 1.279e-01
2025-09-02 02:31:06,331 -                train: [    INFO] - Train: 41 [1400/2502 ( 56%)]  Loss: 42.46 (40.9)  Loss_cat: 0.4444 (0.431)  Loss_feat: 36.81 (35.8)  Loss_gt: 3.780 (3.41)  Loss_kd: 1.418 (1.30) LR: 1.279e-01
2025-09-02 02:31:57,164 -                train: [    INFO] - Train: 41 [1600/2502 ( 64%)]  Loss: 43.26 (41.2)  Loss_cat: 0.4438 (0.433)  Loss_feat: 37.02 (35.9)  Loss_gt: 4.192 (3.50)  Loss_kd: 1.600 (1.33) LR: 1.279e-01
2025-09-02 02:32:47,501 -                train: [    INFO] - Train: 41 [1800/2502 ( 72%)]  Loss: 39.86 (41.1)  Loss_cat: 0.4324 (0.433)  Loss_feat: 35.29 (35.9)  Loss_gt: 3.076 (3.46)  Loss_kd: 1.066 (1.31) LR: 1.279e-01
2025-09-02 02:33:38,050 -                train: [    INFO] - Train: 41 [2000/2502 ( 80%)]  Loss: 39.40 (40.9)  Loss_cat: 0.4050 (0.430)  Loss_feat: 34.41 (35.7)  Loss_gt: 3.293 (3.44)  Loss_kd: 1.294 (1.31) LR: 1.279e-01
2025-09-02 02:34:28,481 -                train: [    INFO] - Train: 41 [2200/2502 ( 88%)]  Loss: 42.47 (41.0)  Loss_cat: 0.4484 (0.432)  Loss_feat: 36.88 (35.8)  Loss_gt: 3.731 (3.46)  Loss_kd: 1.415 (1.31) LR: 1.279e-01
2025-09-02 02:35:19,254 -                train: [    INFO] - Train: 41 [2400/2502 ( 96%)]  Loss: 40.67 (41.0)  Loss_cat: 0.4297 (0.431)  Loss_feat: 35.52 (35.8)  Loss_gt: 3.399 (3.46)  Loss_kd: 1.327 (1.32) LR: 1.279e-01
2025-09-02 02:35:44,513 -                train: [    INFO] - Train: 41 [2501/2502 (100%)]  Loss: 40.17 (40.9)  Loss_cat: 0.4236 (0.431)  Loss_feat: 35.30 (35.8)  Loss_gt: 3.232 (3.44)  Loss_kd: 1.217 (1.31) LR: 1.279e-01
2025-09-02 02:35:44,514 -                train: [    INFO] - Distributing BatchNorm running means and vars
2025-09-02 02:35:46,104 -                train: [    INFO] - Test: [   0/97]  Time: 1.585 (1.585)  Loss:  1.2323 (1.2323)  Acc@1: 73.0469 (73.0469)  Acc@5: 90.4297 (90.4297)
2025-09-02 02:36:03,175 -                train: [    INFO] - Test: [  97/97]  Time: 0.014 (0.190)  Loss:  1.3085 (1.7386)  Acc@1: 67.5595 (59.7260)  Acc@5: 88.0952 (83.8580)
2025-09-02 02:36:03,407 - timm.utils.checkpoint_saver: [    INFO] - Current checkpoints:
 ('./output/train/20250901-184723-mobilenetv2_vcaV2-224/checkpoint/checkpoint-39.pth.tar', 61.0940000390625)
 ('./output/train/20250901-184723-mobilenetv2_vcaV2-224/checkpoint/checkpoint-40.pth.tar', 60.397999990234375)
 ('./output/train/20250901-184723-mobilenetv2_vcaV2-224/checkpoint/checkpoint-41.pth.tar', 59.72600000488281)
 ('./output/train/20250901-184723-mobilenetv2_vcaV2-224/checkpoint/checkpoint-33.pth.tar', 59.548000024414065)
 ('./output/train/20250901-184723-mobilenetv2_vcaV2-224/checkpoint/checkpoint-36.pth.tar', 59.30000000732422)
 ('./output/train/20250901-184723-mobilenetv2_vcaV2-224/checkpoint/checkpoint-35.pth.tar', 59.270000031738284)
 ('./output/train/20250901-184723-mobilenetv2_vcaV2-224/checkpoint/checkpoint-31.pth.tar', 59.25400002685547)
 ('./output/train/20250901-184723-mobilenetv2_vcaV2-224/checkpoint/checkpoint-32.pth.tar', 59.222000034179686)
 ('./output/train/20250901-184723-mobilenetv2_vcaV2-224/checkpoint/checkpoint-29.pth.tar', 59.21400002929688)
 ('./output/train/20250901-184723-mobilenetv2_vcaV2-224/checkpoint/checkpoint-38.pth.tar', 59.12799998779297)

2025-09-02 02:36:04,709 -                train: [    INFO] - Test (EMA 0.99990): [   0/97]  Time: 1.297 (1.297)  Loss:  0.9032 (0.9032)  Acc@1: 77.9297 (77.9297)  Acc@5: 94.1406 (94.1406)
2025-09-02 02:36:19,458 -                train: [    INFO] - Test (EMA 0.99990): [  97/97]  Time: 0.014 (0.164)  Loss:  1.1177 (1.3483)  Acc@1: 71.4286 (67.0260)  Acc@5: 90.1786 (88.4260)
2025-09-02 02:36:19,646 - timm.utils.checkpoint_saver: [    INFO] - Current checkpoints:
 ('./output/train/20250901-184723-mobilenetv2_vcaV2-224/ema0.9999_checkpoint/checkpoint-41.pth.tar', 67.02600001464843)
 ('./output/train/20250901-184723-mobilenetv2_vcaV2-224/ema0.9999_checkpoint/checkpoint-40.pth.tar', 66.91000001708984)
 ('./output/train/20250901-184723-mobilenetv2_vcaV2-224/ema0.9999_checkpoint/checkpoint-39.pth.tar', 66.82799999023437)
 ('./output/train/20250901-184723-mobilenetv2_vcaV2-224/ema0.9999_checkpoint/checkpoint-38.pth.tar', 66.6440000390625)
 ('./output/train/20250901-184723-mobilenetv2_vcaV2-224/ema0.9999_checkpoint/checkpoint-37.pth.tar', 66.55999999023437)
 ('./output/train/20250901-184723-mobilenetv2_vcaV2-224/ema0.9999_checkpoint/checkpoint-36.pth.tar', 66.3660000390625)
 ('./output/train/20250901-184723-mobilenetv2_vcaV2-224/ema0.9999_checkpoint/checkpoint-35.pth.tar', 66.24199998535157)
 ('./output/train/20250901-184723-mobilenetv2_vcaV2-224/ema0.9999_checkpoint/checkpoint-34.pth.tar', 66.08800001220703)
 ('./output/train/20250901-184723-mobilenetv2_vcaV2-224/ema0.9999_checkpoint/checkpoint-33.pth.tar', 65.8500000390625)
 ('./output/train/20250901-184723-mobilenetv2_vcaV2-224/ema0.9999_checkpoint/checkpoint-32.pth.tar', 65.63200001464844)

2025-09-02 02:36:21,919 -                train: [    INFO] - Train: 42 [   0/2502 (  0%)]  Loss: 37.89 (37.9)  Loss_cat: 0.4070 (0.407)  Loss_feat: 33.76 (33.8)  Loss_gt: 2.597 (2.60)  Loss_kd: 1.121 (1.12) LR: 1.249e-01
2025-09-02 02:37:12,404 -                train: [    INFO] - Train: 42 [ 200/2502 (  8%)]  Loss: 43.16 (40.5)  Loss_cat: 0.4586 (0.433)  Loss_feat: 37.44 (35.6)  Loss_gt: 3.870 (3.23)  Loss_kd: 1.393 (1.26) LR: 1.249e-01
2025-09-02 02:38:02,142 -                train: [    INFO] - Train: 42 [ 400/2502 ( 16%)]  Loss: 38.54 (39.9)  Loss_cat: 0.4169 (0.427)  Loss_feat: 34.47 (35.2)  Loss_gt: 2.663 (3.04)  Loss_kd: 0.9971 (1.17) LR: 1.249e-01
2025-09-02 02:38:52,406 -                train: [    INFO] - Train: 42 [ 600/2502 ( 24%)]  Loss: 39.79 (39.8)  Loss_cat: 0.4140 (0.424)  Loss_feat: 34.99 (35.2)  Loss_gt: 3.106 (3.06)  Loss_kd: 1.272 (1.20) LR: 1.249e-01
2025-09-02 02:39:42,439 -                train: [    INFO] - Train: 42 [ 800/2502 ( 32%)]  Loss: 39.93 (39.9)  Loss_cat: 0.4206 (0.423)  Loss_feat: 35.08 (35.1)  Loss_gt: 3.233 (3.09)  Loss_kd: 1.202 (1.20) LR: 1.249e-01
2025-09-02 02:40:32,900 -                train: [    INFO] - Train: 42 [1000/2502 ( 40%)]  Loss: 40.56 (40.0)  Loss_cat: 0.4272 (0.424)  Loss_feat: 35.54 (35.2)  Loss_gt: 3.359 (3.14)  Loss_kd: 1.240 (1.20) LR: 1.249e-01
2025-09-02 02:41:23,532 -                train: [    INFO] - Train: 42 [1200/2502 ( 48%)]  Loss: 37.68 (39.7)  Loss_cat: 0.3973 (0.420)  Loss_feat: 33.62 (35.0)  Loss_gt: 2.630 (3.07)  Loss_kd: 1.033 (1.18) LR: 1.249e-01
2025-09-02 02:42:13,648 -                train: [    INFO] - Train: 42 [1400/2502 ( 56%)]  Loss: 41.71 (39.9)  Loss_cat: 0.4351 (0.422)  Loss_feat: 36.18 (35.1)  Loss_gt: 3.679 (3.14)  Loss_kd: 1.414 (1.21) LR: 1.249e-01
2025-09-02 02:43:05,341 -                train: [    INFO] - Train: 42 [1600/2502 ( 64%)]  Loss: 37.42 (39.6)  Loss_cat: 0.3948 (0.419)  Loss_feat: 33.38 (34.9)  Loss_gt: 2.623 (3.08)  Loss_kd: 1.021 (1.19) LR: 1.249e-01
2025-09-02 02:43:55,678 -                train: [    INFO] - Train: 42 [1800/2502 ( 72%)]  Loss: 39.97 (39.7)  Loss_cat: 0.4140 (0.419)  Loss_feat: 35.04 (35.0)  Loss_gt: 3.246 (3.10)  Loss_kd: 1.269 (1.20) LR: 1.249e-01
2025-09-02 02:44:46,600 -                train: [    INFO] - Train: 42 [2000/2502 ( 80%)]  Loss: 39.80 (39.7)  Loss_cat: 0.4169 (0.418)  Loss_feat: 34.98 (35.0)  Loss_gt: 3.172 (3.11)  Loss_kd: 1.230 (1.20) LR: 1.249e-01
2025-09-02 02:45:36,900 -                train: [    INFO] - Train: 42 [2200/2502 ( 88%)]  Loss: 42.86 (39.9)  Loss_cat: 0.4563 (0.422)  Loss_feat: 37.22 (35.1)  Loss_gt: 3.775 (3.16)  Loss_kd: 1.409 (1.22) LR: 1.249e-01
2025-09-02 02:46:27,754 -                train: [    INFO] - Train: 42 [2400/2502 ( 96%)]  Loss: 38.57 (39.8)  Loss_cat: 0.4007 (0.420)  Loss_feat: 34.20 (35.1)  Loss_gt: 2.834 (3.14)  Loss_kd: 1.137 (1.21) LR: 1.249e-01
2025-09-02 02:46:53,072 -                train: [    INFO] - Train: 42 [2501/2502 (100%)]  Loss: 37.40 (39.7)  Loss_cat: 0.3916 (0.418)  Loss_feat: 33.43 (35.0)  Loss_gt: 2.605 (3.10)  Loss_kd: 0.9738 (1.19) LR: 1.249e-01
2025-09-02 02:46:53,072 -                train: [    INFO] - Distributing BatchNorm running means and vars
2025-09-02 02:46:54,844 -                train: [    INFO] - Test: [   0/97]  Time: 1.767 (1.767)  Loss:  1.1360 (1.1360)  Acc@1: 73.8281 (73.8281)  Acc@5: 92.3828 (92.3828)
2025-09-02 02:47:11,800 -                train: [    INFO] - Test: [  97/97]  Time: 0.014 (0.191)  Loss:  1.2183 (1.6277)  Acc@1: 69.3452 (61.7200)  Acc@5: 90.1786 (85.6060)
2025-09-02 02:47:12,030 - timm.utils.checkpoint_saver: [    INFO] - Current checkpoints:
 ('./output/train/20250901-184723-mobilenetv2_vcaV2-224/checkpoint/checkpoint-42.pth.tar', 61.720000048828126)
 ('./output/train/20250901-184723-mobilenetv2_vcaV2-224/checkpoint/checkpoint-39.pth.tar', 61.0940000390625)
 ('./output/train/20250901-184723-mobilenetv2_vcaV2-224/checkpoint/checkpoint-40.pth.tar', 60.397999990234375)
 ('./output/train/20250901-184723-mobilenetv2_vcaV2-224/checkpoint/checkpoint-41.pth.tar', 59.72600000488281)
 ('./output/train/20250901-184723-mobilenetv2_vcaV2-224/checkpoint/checkpoint-33.pth.tar', 59.548000024414065)
 ('./output/train/20250901-184723-mobilenetv2_vcaV2-224/checkpoint/checkpoint-36.pth.tar', 59.30000000732422)
 ('./output/train/20250901-184723-mobilenetv2_vcaV2-224/checkpoint/checkpoint-35.pth.tar', 59.270000031738284)
 ('./output/train/20250901-184723-mobilenetv2_vcaV2-224/checkpoint/checkpoint-31.pth.tar', 59.25400002685547)
 ('./output/train/20250901-184723-mobilenetv2_vcaV2-224/checkpoint/checkpoint-32.pth.tar', 59.222000034179686)
 ('./output/train/20250901-184723-mobilenetv2_vcaV2-224/checkpoint/checkpoint-29.pth.tar', 59.21400002929688)

2025-09-02 02:47:13,473 -                train: [    INFO] - Test (EMA 0.99990): [   0/97]  Time: 1.438 (1.438)  Loss:  0.9024 (0.9024)  Acc@1: 78.1250 (78.1250)  Acc@5: 93.7500 (93.7500)
2025-09-02 02:47:28,401 -                train: [    INFO] - Test (EMA 0.99990): [  97/97]  Time: 0.014 (0.167)  Loss:  1.1164 (1.3450)  Acc@1: 70.5357 (67.0940)  Acc@5: 90.7738 (88.4620)
2025-09-02 02:47:28,574 - timm.utils.checkpoint_saver: [    INFO] - Current checkpoints:
 ('./output/train/20250901-184723-mobilenetv2_vcaV2-224/ema0.9999_checkpoint/checkpoint-42.pth.tar', 67.09400004394531)
 ('./output/train/20250901-184723-mobilenetv2_vcaV2-224/ema0.9999_checkpoint/checkpoint-41.pth.tar', 67.02600001464843)
 ('./output/train/20250901-184723-mobilenetv2_vcaV2-224/ema0.9999_checkpoint/checkpoint-40.pth.tar', 66.91000001708984)
 ('./output/train/20250901-184723-mobilenetv2_vcaV2-224/ema0.9999_checkpoint/checkpoint-39.pth.tar', 66.82799999023437)
 ('./output/train/20250901-184723-mobilenetv2_vcaV2-224/ema0.9999_checkpoint/checkpoint-38.pth.tar', 66.6440000390625)
 ('./output/train/20250901-184723-mobilenetv2_vcaV2-224/ema0.9999_checkpoint/checkpoint-37.pth.tar', 66.55999999023437)
 ('./output/train/20250901-184723-mobilenetv2_vcaV2-224/ema0.9999_checkpoint/checkpoint-36.pth.tar', 66.3660000390625)
 ('./output/train/20250901-184723-mobilenetv2_vcaV2-224/ema0.9999_checkpoint/checkpoint-35.pth.tar', 66.24199998535157)
 ('./output/train/20250901-184723-mobilenetv2_vcaV2-224/ema0.9999_checkpoint/checkpoint-34.pth.tar', 66.08800001220703)
 ('./output/train/20250901-184723-mobilenetv2_vcaV2-224/ema0.9999_checkpoint/checkpoint-33.pth.tar', 65.8500000390625)

2025-09-02 02:47:30,443 -                train: [    INFO] - Train: 43 [   0/2502 (  0%)]  Loss: 44.13 (44.1)  Loss_cat: 0.4690 (0.469)  Loss_feat: 37.99 (38.0)  Loss_gt: 4.199 (4.20)  Loss_kd: 1.472 (1.47) LR: 1.218e-01
2025-09-02 02:48:20,927 -                train: [    INFO] - Train: 43 [ 200/2502 (  8%)]  Loss: 38.95 (41.5)  Loss_cat: 0.4180 (0.443)  Loss_feat: 34.57 (36.3)  Loss_gt: 2.882 (3.54)  Loss_kd: 1.084 (1.28) LR: 1.218e-01
2025-09-02 02:49:11,317 -                train: [    INFO] - Train: 43 [ 400/2502 ( 16%)]  Loss: 41.52 (41.5)  Loss_cat: 0.4398 (0.442)  Loss_feat: 36.44 (36.3)  Loss_gt: 3.335 (3.47)  Loss_kd: 1.301 (1.29) LR: 1.218e-01
2025-09-02 02:50:02,194 -                train: [    INFO] - Train: 43 [ 600/2502 ( 24%)]  Loss: 42.86 (41.9)  Loss_cat: 0.4505 (0.444)  Loss_feat: 37.04 (36.5)  Loss_gt: 3.904 (3.58)  Loss_kd: 1.464 (1.33) LR: 1.218e-01
2025-09-02 02:50:52,661 -                train: [    INFO] - Train: 43 [ 800/2502 ( 32%)]  Loss: 38.41 (41.2)  Loss_cat: 0.4064 (0.437)  Loss_feat: 34.07 (36.0)  Loss_gt: 2.859 (3.44)  Loss_kd: 1.073 (1.28) LR: 1.218e-01
2025-09-02 02:51:43,092 -                train: [    INFO] - Train: 43 [1000/2502 ( 40%)]  Loss: 39.63 (40.9)  Loss_cat: 0.4209 (0.434)  Loss_feat: 35.02 (35.9)  Loss_gt: 3.065 (3.37)  Loss_kd: 1.132 (1.25) LR: 1.218e-01
2025-09-02 02:52:33,620 -                train: [    INFO] - Train: 43 [1200/2502 ( 48%)]  Loss: 38.37 (40.6)  Loss_cat: 0.4101 (0.431)  Loss_feat: 34.21 (35.6)  Loss_gt: 2.736 (3.28)  Loss_kd: 1.018 (1.22) LR: 1.218e-01
2025-09-02 02:53:23,942 -                train: [    INFO] - Train: 43 [1400/2502 ( 56%)]  Loss: 38.35 (40.3)  Loss_cat: 0.4052 (0.427)  Loss_feat: 34.04 (35.4)  Loss_gt: 2.764 (3.22)  Loss_kd: 1.142 (1.21) LR: 1.218e-01
2025-09-02 02:54:15,255 -                train: [    INFO] - Train: 43 [1600/2502 ( 64%)]  Loss: 41.89 (40.5)  Loss_cat: 0.4347 (0.428)  Loss_feat: 36.37 (35.5)  Loss_gt: 3.729 (3.27)  Loss_kd: 1.352 (1.23) LR: 1.218e-01
2025-09-02 02:55:05,809 -                train: [    INFO] - Train: 43 [1800/2502 ( 72%)]  Loss: 41.40 (40.6)  Loss_cat: 0.4278 (0.428)  Loss_feat: 36.05 (35.6)  Loss_gt: 3.597 (3.31)  Loss_kd: 1.331 (1.24) LR: 1.218e-01
2025-09-02 02:55:56,164 -                train: [    INFO] - Train: 43 [2000/2502 ( 80%)]  Loss: 39.98 (40.5)  Loss_cat: 0.4255 (0.428)  Loss_feat: 35.22 (35.5)  Loss_gt: 3.121 (3.29)  Loss_kd: 1.207 (1.23) LR: 1.218e-01
2025-09-02 02:56:46,522 -                train: [    INFO] - Train: 43 [2200/2502 ( 88%)]  Loss: 41.40 (40.6)  Loss_cat: 0.4421 (0.429)  Loss_feat: 36.40 (35.6)  Loss_gt: 3.293 (3.29)  Loss_kd: 1.266 (1.24) LR: 1.218e-01
2025-09-02 02:57:36,659 -                train: [    INFO] - Train: 43 [2400/2502 ( 96%)]  Loss: 38.83 (40.4)  Loss_cat: 0.4062 (0.427)  Loss_feat: 34.29 (35.5)  Loss_gt: 2.975 (3.27)  Loss_kd: 1.152 (1.23) LR: 1.218e-01
2025-09-02 02:58:01,929 -                train: [    INFO] - Train: 43 [2501/2502 (100%)]  Loss: 40.24 (40.4)  Loss_cat: 0.4233 (0.427)  Loss_feat: 35.41 (35.5)  Loss_gt: 3.210 (3.26)  Loss_kd: 1.202 (1.23) LR: 1.218e-01
2025-09-02 02:58:01,929 -                train: [    INFO] - Distributing BatchNorm running means and vars
2025-09-02 02:58:03,609 -                train: [    INFO] - Test: [   0/97]  Time: 1.674 (1.674)  Loss:  1.1232 (1.1232)  Acc@1: 71.2891 (71.2891)  Acc@5: 93.1641 (93.1641)
2025-09-02 02:58:21,397 -                train: [    INFO] - Test: [  97/97]  Time: 0.014 (0.199)  Loss:  1.4232 (1.7083)  Acc@1: 64.8810 (59.5380)  Acc@5: 88.6905 (84.3440)
2025-09-02 02:58:21,641 - timm.utils.checkpoint_saver: [    INFO] - Current checkpoints:
 ('./output/train/20250901-184723-mobilenetv2_vcaV2-224/checkpoint/checkpoint-42.pth.tar', 61.720000048828126)
 ('./output/train/20250901-184723-mobilenetv2_vcaV2-224/checkpoint/checkpoint-39.pth.tar', 61.0940000390625)
 ('./output/train/20250901-184723-mobilenetv2_vcaV2-224/checkpoint/checkpoint-40.pth.tar', 60.397999990234375)
 ('./output/train/20250901-184723-mobilenetv2_vcaV2-224/checkpoint/checkpoint-41.pth.tar', 59.72600000488281)
 ('./output/train/20250901-184723-mobilenetv2_vcaV2-224/checkpoint/checkpoint-33.pth.tar', 59.548000024414065)
 ('./output/train/20250901-184723-mobilenetv2_vcaV2-224/checkpoint/checkpoint-43.pth.tar', 59.537999990234376)
 ('./output/train/20250901-184723-mobilenetv2_vcaV2-224/checkpoint/checkpoint-36.pth.tar', 59.30000000732422)
 ('./output/train/20250901-184723-mobilenetv2_vcaV2-224/checkpoint/checkpoint-35.pth.tar', 59.270000031738284)
 ('./output/train/20250901-184723-mobilenetv2_vcaV2-224/checkpoint/checkpoint-31.pth.tar', 59.25400002685547)
 ('./output/train/20250901-184723-mobilenetv2_vcaV2-224/checkpoint/checkpoint-32.pth.tar', 59.222000034179686)

2025-09-02 02:58:23,243 -                train: [    INFO] - Test (EMA 0.99990): [   0/97]  Time: 1.598 (1.598)  Loss:  0.9017 (0.9017)  Acc@1: 77.1484 (77.1484)  Acc@5: 93.9453 (93.9453)
2025-09-02 02:58:37,573 -                train: [    INFO] - Test (EMA 0.99990): [  97/97]  Time: 0.014 (0.163)  Loss:  1.1101 (1.3411)  Acc@1: 70.8333 (67.1680)  Acc@5: 90.7738 (88.5000)
2025-09-02 02:58:37,785 - timm.utils.checkpoint_saver: [    INFO] - Current checkpoints:
 ('./output/train/20250901-184723-mobilenetv2_vcaV2-224/ema0.9999_checkpoint/checkpoint-43.pth.tar', 67.16800001708984)
 ('./output/train/20250901-184723-mobilenetv2_vcaV2-224/ema0.9999_checkpoint/checkpoint-42.pth.tar', 67.09400004394531)
 ('./output/train/20250901-184723-mobilenetv2_vcaV2-224/ema0.9999_checkpoint/checkpoint-41.pth.tar', 67.02600001464843)
 ('./output/train/20250901-184723-mobilenetv2_vcaV2-224/ema0.9999_checkpoint/checkpoint-40.pth.tar', 66.91000001708984)
 ('./output/train/20250901-184723-mobilenetv2_vcaV2-224/ema0.9999_checkpoint/checkpoint-39.pth.tar', 66.82799999023437)
 ('./output/train/20250901-184723-mobilenetv2_vcaV2-224/ema0.9999_checkpoint/checkpoint-38.pth.tar', 66.6440000390625)
 ('./output/train/20250901-184723-mobilenetv2_vcaV2-224/ema0.9999_checkpoint/checkpoint-37.pth.tar', 66.55999999023437)
 ('./output/train/20250901-184723-mobilenetv2_vcaV2-224/ema0.9999_checkpoint/checkpoint-36.pth.tar', 66.3660000390625)
 ('./output/train/20250901-184723-mobilenetv2_vcaV2-224/ema0.9999_checkpoint/checkpoint-35.pth.tar', 66.24199998535157)
 ('./output/train/20250901-184723-mobilenetv2_vcaV2-224/ema0.9999_checkpoint/checkpoint-34.pth.tar', 66.08800001220703)

2025-09-02 02:58:39,695 -                train: [    INFO] - Train: 44 [   0/2502 (  0%)]  Loss: 41.25 (41.2)  Loss_cat: 0.4353 (0.435)  Loss_feat: 36.03 (36.0)  Loss_gt: 3.451 (3.45)  Loss_kd: 1.327 (1.33) LR: 1.187e-01
2025-09-02 02:59:30,178 -                train: [    INFO] - Train: 44 [ 200/2502 (  8%)]  Loss: 39.72 (40.5)  Loss_cat: 0.4180 (0.427)  Loss_feat: 34.95 (35.5)  Loss_gt: 3.203 (3.33)  Loss_kd: 1.153 (1.24) LR: 1.187e-01
2025-09-02 03:00:20,754 -                train: [    INFO] - Train: 44 [ 400/2502 ( 16%)]  Loss: 36.71 (39.2)  Loss_cat: 0.3840 (0.412)  Loss_feat: 32.89 (34.6)  Loss_gt: 2.484 (3.05)  Loss_kd: 0.9512 (1.14) LR: 1.187e-01
2025-09-02 03:01:11,006 -                train: [    INFO] - Train: 44 [ 600/2502 ( 24%)]  Loss: 38.08 (38.9)  Loss_cat: 0.4088 (0.412)  Loss_feat: 34.03 (34.5)  Loss_gt: 2.611 (2.94)  Loss_kd: 1.029 (1.11) LR: 1.187e-01
2025-09-02 03:02:02,016 -                train: [    INFO] - Train: 44 [ 800/2502 ( 32%)]  Loss: 39.02 (39.0)  Loss_cat: 0.4098 (0.411)  Loss_feat: 34.53 (34.5)  Loss_gt: 3.003 (2.95)  Loss_kd: 1.078 (1.11) LR: 1.187e-01
2025-09-02 03:02:52,494 -                train: [    INFO] - Train: 44 [1000/2502 ( 40%)]  Loss: 44.37 (39.9)  Loss_cat: 0.4649 (0.420)  Loss_feat: 38.26 (35.1)  Loss_gt: 4.126 (3.15)  Loss_kd: 1.521 (1.18) LR: 1.187e-01
2025-09-02 03:03:42,466 -                train: [    INFO] - Train: 44 [1200/2502 ( 48%)]  Loss: 41.71 (40.1)  Loss_cat: 0.4272 (0.421)  Loss_feat: 36.13 (35.3)  Loss_gt: 3.725 (3.23)  Loss_kd: 1.426 (1.21) LR: 1.187e-01
2025-09-02 03:04:33,209 -                train: [    INFO] - Train: 44 [1400/2502 ( 56%)]  Loss: 37.21 (39.8)  Loss_cat: 0.3934 (0.418)  Loss_feat: 33.40 (35.0)  Loss_gt: 2.455 (3.13)  Loss_kd: 0.9572 (1.18) LR: 1.187e-01
2025-09-02 03:05:23,716 -                train: [    INFO] - Train: 44 [1600/2502 ( 64%)]  Loss: 40.15 (39.8)  Loss_cat: 0.4172 (0.418)  Loss_feat: 35.20 (35.0)  Loss_gt: 3.275 (3.15)  Loss_kd: 1.262 (1.19) LR: 1.187e-01
2025-09-02 03:06:13,710 -                train: [    INFO] - Train: 44 [1800/2502 ( 72%)]  Loss: 42.48 (40.1)  Loss_cat: 0.4465 (0.421)  Loss_feat: 36.79 (35.2)  Loss_gt: 3.817 (3.21)  Loss_kd: 1.429 (1.21) LR: 1.187e-01
2025-09-02 03:07:03,888 -                train: [    INFO] - Train: 44 [2000/2502 ( 80%)]  Loss: 40.09 (40.1)  Loss_cat: 0.4201 (0.420)  Loss_feat: 35.27 (35.2)  Loss_gt: 3.185 (3.21)  Loss_kd: 1.212 (1.21) LR: 1.187e-01
2025-09-02 03:07:53,908 -                train: [    INFO] - Train: 44 [2200/2502 ( 88%)]  Loss: 43.42 (40.4)  Loss_cat: 0.4552 (0.423)  Loss_feat: 37.40 (35.4)  Loss_gt: 4.052 (3.28)  Loss_kd: 1.511 (1.24) LR: 1.187e-01
2025-09-02 03:08:44,594 -                train: [    INFO] - Train: 44 [2400/2502 ( 96%)]  Loss: 38.74 (40.2)  Loss_cat: 0.4080 (0.422)  Loss_feat: 34.33 (35.3)  Loss_gt: 2.874 (3.25)  Loss_kd: 1.123 (1.23) LR: 1.187e-01
2025-09-02 03:09:09,909 -                train: [    INFO] - Train: 44 [2501/2502 (100%)]  Loss: 37.74 (40.0)  Loss_cat: 0.4032 (0.421)  Loss_feat: 33.69 (35.2)  Loss_gt: 2.635 (3.21)  Loss_kd: 1.020 (1.21) LR: 1.187e-01
2025-09-02 03:09:09,910 -                train: [    INFO] - Distributing BatchNorm running means and vars
2025-09-02 03:09:11,616 -                train: [    INFO] - Test: [   0/97]  Time: 1.700 (1.700)  Loss:  1.1745 (1.1745)  Acc@1: 71.0938 (71.0938)  Acc@5: 91.6016 (91.6016)
2025-09-02 03:09:28,657 -                train: [    INFO] - Test: [  97/97]  Time: 0.014 (0.191)  Loss:  1.2764 (1.6603)  Acc@1: 70.8333 (60.7900)  Acc@5: 88.3929 (84.7660)
2025-09-02 03:09:28,910 - timm.utils.checkpoint_saver: [    INFO] - Current checkpoints:
 ('./output/train/20250901-184723-mobilenetv2_vcaV2-224/checkpoint/checkpoint-42.pth.tar', 61.720000048828126)
 ('./output/train/20250901-184723-mobilenetv2_vcaV2-224/checkpoint/checkpoint-39.pth.tar', 61.0940000390625)
 ('./output/train/20250901-184723-mobilenetv2_vcaV2-224/checkpoint/checkpoint-44.pth.tar', 60.789999965820314)
 ('./output/train/20250901-184723-mobilenetv2_vcaV2-224/checkpoint/checkpoint-40.pth.tar', 60.397999990234375)
 ('./output/train/20250901-184723-mobilenetv2_vcaV2-224/checkpoint/checkpoint-41.pth.tar', 59.72600000488281)
 ('./output/train/20250901-184723-mobilenetv2_vcaV2-224/checkpoint/checkpoint-33.pth.tar', 59.548000024414065)
 ('./output/train/20250901-184723-mobilenetv2_vcaV2-224/checkpoint/checkpoint-43.pth.tar', 59.537999990234376)
 ('./output/train/20250901-184723-mobilenetv2_vcaV2-224/checkpoint/checkpoint-36.pth.tar', 59.30000000732422)
 ('./output/train/20250901-184723-mobilenetv2_vcaV2-224/checkpoint/checkpoint-35.pth.tar', 59.270000031738284)
 ('./output/train/20250901-184723-mobilenetv2_vcaV2-224/checkpoint/checkpoint-31.pth.tar', 59.25400002685547)

2025-09-02 03:09:30,380 -                train: [    INFO] - Test (EMA 0.99990): [   0/97]  Time: 1.464 (1.464)  Loss:  0.9027 (0.9027)  Acc@1: 77.3438 (77.3438)  Acc@5: 94.1406 (94.1406)
2025-09-02 03:09:44,828 -                train: [    INFO] - Test (EMA 0.99990): [  97/97]  Time: 0.014 (0.162)  Loss:  1.1077 (1.3368)  Acc@1: 70.8333 (67.2160)  Acc@5: 91.0714 (88.5860)
2025-09-02 03:09:45,024 - timm.utils.checkpoint_saver: [    INFO] - Current checkpoints:
 ('./output/train/20250901-184723-mobilenetv2_vcaV2-224/ema0.9999_checkpoint/checkpoint-44.pth.tar', 67.21600001708984)
 ('./output/train/20250901-184723-mobilenetv2_vcaV2-224/ema0.9999_checkpoint/checkpoint-43.pth.tar', 67.16800001708984)
 ('./output/train/20250901-184723-mobilenetv2_vcaV2-224/ema0.9999_checkpoint/checkpoint-42.pth.tar', 67.09400004394531)
 ('./output/train/20250901-184723-mobilenetv2_vcaV2-224/ema0.9999_checkpoint/checkpoint-41.pth.tar', 67.02600001464843)
 ('./output/train/20250901-184723-mobilenetv2_vcaV2-224/ema0.9999_checkpoint/checkpoint-40.pth.tar', 66.91000001708984)
 ('./output/train/20250901-184723-mobilenetv2_vcaV2-224/ema0.9999_checkpoint/checkpoint-39.pth.tar', 66.82799999023437)
 ('./output/train/20250901-184723-mobilenetv2_vcaV2-224/ema0.9999_checkpoint/checkpoint-38.pth.tar', 66.6440000390625)
 ('./output/train/20250901-184723-mobilenetv2_vcaV2-224/ema0.9999_checkpoint/checkpoint-37.pth.tar', 66.55999999023437)
 ('./output/train/20250901-184723-mobilenetv2_vcaV2-224/ema0.9999_checkpoint/checkpoint-36.pth.tar', 66.3660000390625)
 ('./output/train/20250901-184723-mobilenetv2_vcaV2-224/ema0.9999_checkpoint/checkpoint-35.pth.tar', 66.24199998535157)

2025-09-02 03:09:46,683 -                train: [    INFO] - Train: 45 [   0/2502 (  0%)]  Loss: 39.04 (39.0)  Loss_cat: 0.4047 (0.405)  Loss_feat: 34.36 (34.4)  Loss_gt: 3.050 (3.05)  Loss_kd: 1.228 (1.23) LR: 1.156e-01
2025-09-02 03:10:37,225 -                train: [    INFO] - Train: 45 [ 200/2502 (  8%)]  Loss: 37.43 (38.2)  Loss_cat: 0.3987 (0.402)  Loss_feat: 33.33 (33.8)  Loss_gt: 2.665 (2.86)  Loss_kd: 1.037 (1.13) LR: 1.156e-01
2025-09-02 03:11:27,630 -                train: [    INFO] - Train: 45 [ 400/2502 ( 16%)]  Loss: 39.48 (38.7)  Loss_cat: 0.4087 (0.404)  Loss_feat: 34.62 (34.1)  Loss_gt: 3.158 (2.96)  Loss_kd: 1.289 (1.18) LR: 1.156e-01
2025-09-02 03:12:19,561 -                train: [    INFO] - Train: 45 [ 600/2502 ( 24%)]  Loss: 39.98 (39.0)  Loss_cat: 0.4156 (0.407)  Loss_feat: 35.14 (34.4)  Loss_gt: 3.203 (3.02)  Loss_kd: 1.216 (1.19) LR: 1.156e-01
2025-09-02 03:13:11,224 -                train: [    INFO] - Train: 45 [ 800/2502 ( 32%)]  Loss: 41.31 (39.4)  Loss_cat: 0.4332 (0.412)  Loss_feat: 36.07 (34.7)  Loss_gt: 3.567 (3.13)  Loss_kd: 1.246 (1.20) LR: 1.156e-01
2025-09-02 03:14:01,824 -                train: [    INFO] - Train: 45 [1000/2502 ( 40%)]  Loss: 41.20 (39.7)  Loss_cat: 0.4242 (0.414)  Loss_feat: 35.87 (34.9)  Loss_gt: 3.513 (3.19)  Loss_kd: 1.398 (1.24) LR: 1.156e-01
2025-09-02 03:14:52,400 -                train: [    INFO] - Train: 45 [1200/2502 ( 48%)]  Loss: 39.71 (39.7)  Loss_cat: 0.4232 (0.415)  Loss_feat: 35.01 (34.9)  Loss_gt: 3.120 (3.18)  Loss_kd: 1.151 (1.22) LR: 1.156e-01
2025-09-02 03:15:42,409 -                train: [    INFO] - Train: 45 [1400/2502 ( 56%)]  Loss: 40.16 (39.8)  Loss_cat: 0.4213 (0.416)  Loss_feat: 35.36 (35.0)  Loss_gt: 3.206 (3.19)  Loss_kd: 1.168 (1.22) LR: 1.156e-01
2025-09-02 03:16:33,334 -                train: [    INFO] - Train: 45 [1600/2502 ( 64%)]  Loss: 39.55 (39.8)  Loss_cat: 0.4174 (0.416)  Loss_feat: 34.95 (35.0)  Loss_gt: 3.051 (3.17)  Loss_kd: 1.136 (1.21) LR: 1.156e-01
2025-09-02 03:17:23,400 -                train: [    INFO] - Train: 45 [1800/2502 ( 72%)]  Loss: 40.41 (39.8)  Loss_cat: 0.4251 (0.417)  Loss_feat: 35.36 (35.0)  Loss_gt: 3.334 (3.19)  Loss_kd: 1.298 (1.22) LR: 1.156e-01
2025-09-02 03:18:13,833 -                train: [    INFO] - Train: 45 [2000/2502 ( 80%)]  Loss: 41.71 (40.0)  Loss_cat: 0.4275 (0.418)  Loss_feat: 36.10 (35.1)  Loss_gt: 3.719 (3.24)  Loss_kd: 1.466 (1.24) LR: 1.156e-01
2025-09-02 03:19:04,081 -                train: [    INFO] - Train: 45 [2200/2502 ( 88%)]  Loss: 40.03 (40.0)  Loss_cat: 0.4171 (0.418)  Loss_feat: 35.23 (35.1)  Loss_gt: 3.178 (3.23)  Loss_kd: 1.212 (1.24) LR: 1.156e-01
2025-09-02 03:19:54,495 -                train: [    INFO] - Train: 45 [2400/2502 ( 96%)]  Loss: 40.67 (40.1)  Loss_cat: 0.4242 (0.419)  Loss_feat: 35.63 (35.2)  Loss_gt: 3.374 (3.24)  Loss_kd: 1.244 (1.24) LR: 1.156e-01
2025-09-02 03:20:20,045 -                train: [    INFO] - Train: 45 [2501/2502 (100%)]  Loss: 36.98 (39.8)  Loss_cat: 0.3867 (0.416)  Loss_feat: 33.08 (35.0)  Loss_gt: 2.474 (3.19)  Loss_kd: 1.039 (1.22) LR: 1.156e-01
2025-09-02 03:20:20,046 -                train: [    INFO] - Distributing BatchNorm running means and vars
2025-09-02 03:20:21,554 -                train: [    INFO] - Test: [   0/97]  Time: 1.503 (1.503)  Loss:  1.1932 (1.1932)  Acc@1: 70.8984 (70.8984)  Acc@5: 91.9922 (91.9922)
2025-09-02 03:20:38,800 -                train: [    INFO] - Test: [  97/97]  Time: 0.014 (0.191)  Loss:  1.3118 (1.6254)  Acc@1: 68.4524 (61.3500)  Acc@5: 88.9881 (85.4680)
2025-09-02 03:20:39,008 - timm.utils.checkpoint_saver: [    INFO] - Current checkpoints:
 ('./output/train/20250901-184723-mobilenetv2_vcaV2-224/checkpoint/checkpoint-42.pth.tar', 61.720000048828126)
 ('./output/train/20250901-184723-mobilenetv2_vcaV2-224/checkpoint/checkpoint-45.pth.tar', 61.35000002685547)
 ('./output/train/20250901-184723-mobilenetv2_vcaV2-224/checkpoint/checkpoint-39.pth.tar', 61.0940000390625)
 ('./output/train/20250901-184723-mobilenetv2_vcaV2-224/checkpoint/checkpoint-44.pth.tar', 60.789999965820314)
 ('./output/train/20250901-184723-mobilenetv2_vcaV2-224/checkpoint/checkpoint-40.pth.tar', 60.397999990234375)
 ('./output/train/20250901-184723-mobilenetv2_vcaV2-224/checkpoint/checkpoint-41.pth.tar', 59.72600000488281)
 ('./output/train/20250901-184723-mobilenetv2_vcaV2-224/checkpoint/checkpoint-33.pth.tar', 59.548000024414065)
 ('./output/train/20250901-184723-mobilenetv2_vcaV2-224/checkpoint/checkpoint-43.pth.tar', 59.537999990234376)
 ('./output/train/20250901-184723-mobilenetv2_vcaV2-224/checkpoint/checkpoint-36.pth.tar', 59.30000000732422)
 ('./output/train/20250901-184723-mobilenetv2_vcaV2-224/checkpoint/checkpoint-35.pth.tar', 59.270000031738284)

2025-09-02 03:20:40,383 -                train: [    INFO] - Test (EMA 0.99990): [   0/97]  Time: 1.370 (1.370)  Loss:  0.9028 (0.9028)  Acc@1: 77.9297 (77.9297)  Acc@5: 94.1406 (94.1406)
2025-09-02 03:20:55,129 -                train: [    INFO] - Test (EMA 0.99990): [  97/97]  Time: 0.014 (0.164)  Loss:  1.1048 (1.3333)  Acc@1: 70.8333 (67.3460)  Acc@5: 91.0714 (88.6940)
2025-09-02 03:20:55,314 - timm.utils.checkpoint_saver: [    INFO] - Current checkpoints:
 ('./output/train/20250901-184723-mobilenetv2_vcaV2-224/ema0.9999_checkpoint/checkpoint-45.pth.tar', 67.34600001708985)
 ('./output/train/20250901-184723-mobilenetv2_vcaV2-224/ema0.9999_checkpoint/checkpoint-44.pth.tar', 67.21600001708984)
 ('./output/train/20250901-184723-mobilenetv2_vcaV2-224/ema0.9999_checkpoint/checkpoint-43.pth.tar', 67.16800001708984)
 ('./output/train/20250901-184723-mobilenetv2_vcaV2-224/ema0.9999_checkpoint/checkpoint-42.pth.tar', 67.09400004394531)
 ('./output/train/20250901-184723-mobilenetv2_vcaV2-224/ema0.9999_checkpoint/checkpoint-41.pth.tar', 67.02600001464843)
 ('./output/train/20250901-184723-mobilenetv2_vcaV2-224/ema0.9999_checkpoint/checkpoint-40.pth.tar', 66.91000001708984)
 ('./output/train/20250901-184723-mobilenetv2_vcaV2-224/ema0.9999_checkpoint/checkpoint-39.pth.tar', 66.82799999023437)
 ('./output/train/20250901-184723-mobilenetv2_vcaV2-224/ema0.9999_checkpoint/checkpoint-38.pth.tar', 66.6440000390625)
 ('./output/train/20250901-184723-mobilenetv2_vcaV2-224/ema0.9999_checkpoint/checkpoint-37.pth.tar', 66.55999999023437)
 ('./output/train/20250901-184723-mobilenetv2_vcaV2-224/ema0.9999_checkpoint/checkpoint-36.pth.tar', 66.3660000390625)

2025-09-02 03:20:57,803 -                train: [    INFO] - Train: 46 [   0/2502 (  0%)]  Loss: 39.70 (39.7)  Loss_cat: 0.4135 (0.414)  Loss_feat: 34.90 (34.9)  Loss_gt: 3.212 (3.21)  Loss_kd: 1.177 (1.18) LR: 1.125e-01
2025-09-02 03:21:48,222 -                train: [    INFO] - Train: 46 [ 200/2502 (  8%)]  Loss: 38.56 (39.1)  Loss_cat: 0.4020 (0.408)  Loss_feat: 34.20 (34.5)  Loss_gt: 2.873 (3.04)  Loss_kd: 1.087 (1.13) LR: 1.125e-01
2025-09-02 03:22:38,314 -                train: [    INFO] - Train: 46 [ 400/2502 ( 16%)]  Loss: 38.27 (38.8)  Loss_cat: 0.4068 (0.407)  Loss_feat: 34.14 (34.4)  Loss_gt: 2.714 (2.93)  Loss_kd: 1.016 (1.09) LR: 1.125e-01
2025-09-02 03:23:28,999 -                train: [    INFO] - Train: 46 [ 600/2502 ( 24%)]  Loss: 40.73 (39.3)  Loss_cat: 0.4284 (0.413)  Loss_feat: 35.66 (34.7)  Loss_gt: 3.365 (3.04)  Loss_kd: 1.286 (1.14) LR: 1.125e-01
2025-09-02 03:24:19,105 -                train: [    INFO] - Train: 46 [ 800/2502 ( 32%)]  Loss: 39.34 (39.3)  Loss_cat: 0.4097 (0.412)  Loss_feat: 34.80 (34.7)  Loss_gt: 3.008 (3.03)  Loss_kd: 1.122 (1.14) LR: 1.125e-01
2025-09-02 03:25:09,752 -                train: [    INFO] - Train: 46 [1000/2502 ( 40%)]  Loss: 41.28 (39.6)  Loss_cat: 0.4361 (0.416)  Loss_feat: 35.92 (34.9)  Loss_gt: 3.622 (3.13)  Loss_kd: 1.302 (1.16) LR: 1.125e-01
2025-09-02 03:26:00,109 -                train: [    INFO] - Train: 46 [1200/2502 ( 48%)]  Loss: 39.91 (39.7)  Loss_cat: 0.4154 (0.416)  Loss_feat: 35.13 (35.0)  Loss_gt: 3.179 (3.14)  Loss_kd: 1.185 (1.17) LR: 1.125e-01
2025-09-02 03:26:50,211 -                train: [    INFO] - Train: 46 [1400/2502 ( 56%)]  Loss: 40.19 (39.7)  Loss_cat: 0.4243 (0.417)  Loss_feat: 35.43 (35.0)  Loss_gt: 3.180 (3.14)  Loss_kd: 1.160 (1.17) LR: 1.125e-01
2025-09-02 03:27:40,813 -                train: [    INFO] - Train: 46 [1600/2502 ( 64%)]  Loss: 41.10 (39.9)  Loss_cat: 0.4290 (0.418)  Loss_feat: 35.92 (35.1)  Loss_gt: 3.460 (3.18)  Loss_kd: 1.291 (1.18) LR: 1.125e-01
2025-09-02 03:28:31,290 -                train: [    INFO] - Train: 46 [1800/2502 ( 72%)]  Loss: 38.95 (39.8)  Loss_cat: 0.4029 (0.417)  Loss_feat: 34.42 (35.0)  Loss_gt: 2.983 (3.16)  Loss_kd: 1.143 (1.18) LR: 1.125e-01
2025-09-02 03:29:21,997 -                train: [    INFO] - Train: 46 [2000/2502 ( 80%)]  Loss: 37.52 (39.6)  Loss_cat: 0.3939 (0.415)  Loss_feat: 33.56 (34.9)  Loss_gt: 2.588 (3.11)  Loss_kd: 0.9702 (1.16) LR: 1.125e-01
2025-09-02 03:30:12,107 -                train: [    INFO] - Train: 46 [2200/2502 ( 88%)]  Loss: 41.57 (39.8)  Loss_cat: 0.4251 (0.416)  Loss_feat: 36.05 (35.0)  Loss_gt: 3.664 (3.15)  Loss_kd: 1.432 (1.18) LR: 1.125e-01
2025-09-02 03:31:02,601 -                train: [    INFO] - Train: 46 [2400/2502 ( 96%)]  Loss: 38.94 (39.7)  Loss_cat: 0.3981 (0.414)  Loss_feat: 34.28 (35.0)  Loss_gt: 3.039 (3.15)  Loss_kd: 1.224 (1.18) LR: 1.125e-01
2025-09-02 03:31:27,909 -                train: [    INFO] - Train: 46 [2501/2502 (100%)]  Loss: 39.96 (39.7)  Loss_cat: 0.4206 (0.415)  Loss_feat: 35.25 (35.0)  Loss_gt: 3.111 (3.14)  Loss_kd: 1.173 (1.18) LR: 1.125e-01
2025-09-02 03:31:27,909 -                train: [    INFO] - Distributing BatchNorm running means and vars
2025-09-02 03:31:29,441 -                train: [    INFO] - Test: [   0/97]  Time: 1.526 (1.526)  Loss:  1.0970 (1.0970)  Acc@1: 73.6328 (73.6328)  Acc@5: 91.6016 (91.6016)
2025-09-02 03:31:46,552 -                train: [    INFO] - Test: [  97/97]  Time: 0.014 (0.190)  Loss:  1.3935 (1.6076)  Acc@1: 68.7500 (61.8160)  Acc@5: 88.0952 (85.5620)
2025-09-02 03:31:46,881 - timm.utils.checkpoint_saver: [    INFO] - Current checkpoints:
 ('./output/train/20250901-184723-mobilenetv2_vcaV2-224/checkpoint/checkpoint-46.pth.tar', 61.816)
 ('./output/train/20250901-184723-mobilenetv2_vcaV2-224/checkpoint/checkpoint-42.pth.tar', 61.720000048828126)
 ('./output/train/20250901-184723-mobilenetv2_vcaV2-224/checkpoint/checkpoint-45.pth.tar', 61.35000002685547)
 ('./output/train/20250901-184723-mobilenetv2_vcaV2-224/checkpoint/checkpoint-39.pth.tar', 61.0940000390625)
 ('./output/train/20250901-184723-mobilenetv2_vcaV2-224/checkpoint/checkpoint-44.pth.tar', 60.789999965820314)
 ('./output/train/20250901-184723-mobilenetv2_vcaV2-224/checkpoint/checkpoint-40.pth.tar', 60.397999990234375)
 ('./output/train/20250901-184723-mobilenetv2_vcaV2-224/checkpoint/checkpoint-41.pth.tar', 59.72600000488281)
 ('./output/train/20250901-184723-mobilenetv2_vcaV2-224/checkpoint/checkpoint-33.pth.tar', 59.548000024414065)
 ('./output/train/20250901-184723-mobilenetv2_vcaV2-224/checkpoint/checkpoint-43.pth.tar', 59.537999990234376)
 ('./output/train/20250901-184723-mobilenetv2_vcaV2-224/checkpoint/checkpoint-36.pth.tar', 59.30000000732422)

2025-09-02 03:31:48,680 -                train: [    INFO] - Test (EMA 0.99990): [   0/97]  Time: 1.792 (1.792)  Loss:  0.8974 (0.8974)  Acc@1: 77.7344 (77.7344)  Acc@5: 94.3359 (94.3359)
2025-09-02 03:32:03,005 -                train: [    INFO] - Test (EMA 0.99990): [  97/97]  Time: 0.014 (0.164)  Loss:  1.0947 (1.3294)  Acc@1: 70.8333 (67.4260)  Acc@5: 91.0714 (88.7740)
2025-09-02 03:32:03,247 - timm.utils.checkpoint_saver: [    INFO] - Current checkpoints:
 ('./output/train/20250901-184723-mobilenetv2_vcaV2-224/ema0.9999_checkpoint/checkpoint-46.pth.tar', 67.42600001708985)
 ('./output/train/20250901-184723-mobilenetv2_vcaV2-224/ema0.9999_checkpoint/checkpoint-45.pth.tar', 67.34600001708985)
 ('./output/train/20250901-184723-mobilenetv2_vcaV2-224/ema0.9999_checkpoint/checkpoint-44.pth.tar', 67.21600001708984)
 ('./output/train/20250901-184723-mobilenetv2_vcaV2-224/ema0.9999_checkpoint/checkpoint-43.pth.tar', 67.16800001708984)
 ('./output/train/20250901-184723-mobilenetv2_vcaV2-224/ema0.9999_checkpoint/checkpoint-42.pth.tar', 67.09400004394531)
 ('./output/train/20250901-184723-mobilenetv2_vcaV2-224/ema0.9999_checkpoint/checkpoint-41.pth.tar', 67.02600001464843)
 ('./output/train/20250901-184723-mobilenetv2_vcaV2-224/ema0.9999_checkpoint/checkpoint-40.pth.tar', 66.91000001708984)
 ('./output/train/20250901-184723-mobilenetv2_vcaV2-224/ema0.9999_checkpoint/checkpoint-39.pth.tar', 66.82799999023437)
 ('./output/train/20250901-184723-mobilenetv2_vcaV2-224/ema0.9999_checkpoint/checkpoint-38.pth.tar', 66.6440000390625)
 ('./output/train/20250901-184723-mobilenetv2_vcaV2-224/ema0.9999_checkpoint/checkpoint-37.pth.tar', 66.55999999023437)

2025-09-02 03:32:05,313 -                train: [    INFO] - Train: 47 [   0/2502 (  0%)]  Loss: 43.37 (43.4)  Loss_cat: 0.4569 (0.457)  Loss_feat: 37.43 (37.4)  Loss_gt: 4.064 (4.06)  Loss_kd: 1.424 (1.42) LR: 1.094e-01
2025-09-02 03:32:55,911 -                train: [    INFO] - Train: 47 [ 200/2502 (  8%)]  Loss: 40.55 (42.0)  Loss_cat: 0.4274 (0.442)  Loss_feat: 35.68 (36.6)  Loss_gt: 3.259 (3.66)  Loss_kd: 1.181 (1.30) LR: 1.094e-01
2025-09-02 03:33:46,033 -                train: [    INFO] - Train: 47 [ 400/2502 ( 16%)]  Loss: 41.89 (41.9)  Loss_cat: 0.4416 (0.442)  Loss_feat: 36.45 (36.5)  Loss_gt: 3.654 (3.66)  Loss_kd: 1.353 (1.32) LR: 1.094e-01
2025-09-02 03:34:36,487 -                train: [    INFO] - Train: 47 [ 600/2502 ( 24%)]  Loss: 42.76 (42.1)  Loss_cat: 0.4329 (0.440)  Loss_feat: 36.94 (36.6)  Loss_gt: 3.954 (3.73)  Loss_kd: 1.435 (1.35) LR: 1.094e-01
2025-09-02 03:35:26,821 -                train: [    INFO] - Train: 47 [ 800/2502 ( 32%)]  Loss: 38.72 (41.5)  Loss_cat: 0.4098 (0.434)  Loss_feat: 34.26 (36.2)  Loss_gt: 2.911 (3.57)  Loss_kd: 1.140 (1.31) LR: 1.094e-01
2025-09-02 03:36:17,212 -                train: [    INFO] - Train: 47 [1000/2502 ( 40%)]  Loss: 39.38 (41.1)  Loss_cat: 0.4103 (0.430)  Loss_feat: 34.64 (35.9)  Loss_gt: 3.125 (3.49)  Loss_kd: 1.204 (1.29) LR: 1.094e-01
2025-09-02 03:37:07,337 -                train: [    INFO] - Train: 47 [1200/2502 ( 48%)]  Loss: 42.34 (41.3)  Loss_cat: 0.4446 (0.432)  Loss_feat: 36.64 (36.0)  Loss_gt: 3.841 (3.54)  Loss_kd: 1.413 (1.31) LR: 1.094e-01
2025-09-02 03:37:58,364 -                train: [    INFO] - Train: 47 [1400/2502 ( 56%)]  Loss: 40.72 (41.2)  Loss_cat: 0.4280 (0.431)  Loss_feat: 35.60 (36.0)  Loss_gt: 3.413 (3.53)  Loss_kd: 1.275 (1.30) LR: 1.094e-01
2025-09-02 03:38:48,410 -                train: [    INFO] - Train: 47 [1600/2502 ( 64%)]  Loss: 39.08 (41.0)  Loss_cat: 0.4073 (0.429)  Loss_feat: 34.33 (35.8)  Loss_gt: 3.125 (3.48)  Loss_kd: 1.214 (1.29) LR: 1.094e-01
2025-09-02 03:39:38,971 -                train: [    INFO] - Train: 47 [1800/2502 ( 72%)]  Loss: 42.03 (41.1)  Loss_cat: 0.4478 (0.431)  Loss_feat: 36.80 (35.9)  Loss_gt: 3.541 (3.49)  Loss_kd: 1.243 (1.29) LR: 1.094e-01
2025-09-02 03:40:29,751 -                train: [    INFO] - Train: 47 [2000/2502 ( 80%)]  Loss: 37.27 (40.7)  Loss_cat: 0.3898 (0.427)  Loss_feat: 33.20 (35.6)  Loss_gt: 2.560 (3.40)  Loss_kd: 1.124 (1.27) LR: 1.094e-01
2025-09-02 03:41:20,256 -                train: [    INFO] - Train: 47 [2200/2502 ( 88%)]  Loss: 38.37 (40.5)  Loss_cat: 0.4041 (0.425)  Loss_feat: 34.13 (35.5)  Loss_gt: 2.782 (3.35)  Loss_kd: 1.052 (1.25) LR: 1.094e-01
2025-09-02 03:42:11,147 -                train: [    INFO] - Train: 47 [2400/2502 ( 96%)]  Loss: 37.67 (40.3)  Loss_cat: 0.3944 (0.423)  Loss_feat: 33.46 (35.4)  Loss_gt: 2.736 (3.30)  Loss_kd: 1.081 (1.24) LR: 1.094e-01
2025-09-02 03:42:37,905 -                train: [    INFO] - Train: 47 [2501/2502 (100%)]  Loss: 37.08 (40.1)  Loss_cat: 0.3905 (0.420)  Loss_feat: 33.03 (35.2)  Loss_gt: 2.616 (3.26)  Loss_kd: 1.043 (1.23) LR: 1.094e-01
2025-09-02 03:42:37,905 -                train: [    INFO] - Distributing BatchNorm running means and vars
2025-09-02 03:42:39,624 -                train: [    INFO] - Test: [   0/97]  Time: 1.713 (1.713)  Loss:  1.2017 (1.2017)  Acc@1: 73.0469 (73.0469)  Acc@5: 92.1875 (92.1875)
2025-09-02 03:42:56,348 -                train: [    INFO] - Test: [  97/97]  Time: 0.014 (0.188)  Loss:  1.3160 (1.6296)  Acc@1: 67.5595 (62.2200)  Acc@5: 90.7738 (85.8360)
2025-09-02 03:42:56,606 - timm.utils.checkpoint_saver: [    INFO] - Current checkpoints:
 ('./output/train/20250901-184723-mobilenetv2_vcaV2-224/checkpoint/checkpoint-47.pth.tar', 62.22000000488281)
 ('./output/train/20250901-184723-mobilenetv2_vcaV2-224/checkpoint/checkpoint-46.pth.tar', 61.816)
 ('./output/train/20250901-184723-mobilenetv2_vcaV2-224/checkpoint/checkpoint-42.pth.tar', 61.720000048828126)
 ('./output/train/20250901-184723-mobilenetv2_vcaV2-224/checkpoint/checkpoint-45.pth.tar', 61.35000002685547)
 ('./output/train/20250901-184723-mobilenetv2_vcaV2-224/checkpoint/checkpoint-39.pth.tar', 61.0940000390625)
 ('./output/train/20250901-184723-mobilenetv2_vcaV2-224/checkpoint/checkpoint-44.pth.tar', 60.789999965820314)
 ('./output/train/20250901-184723-mobilenetv2_vcaV2-224/checkpoint/checkpoint-40.pth.tar', 60.397999990234375)
 ('./output/train/20250901-184723-mobilenetv2_vcaV2-224/checkpoint/checkpoint-41.pth.tar', 59.72600000488281)
 ('./output/train/20250901-184723-mobilenetv2_vcaV2-224/checkpoint/checkpoint-33.pth.tar', 59.548000024414065)
 ('./output/train/20250901-184723-mobilenetv2_vcaV2-224/checkpoint/checkpoint-43.pth.tar', 59.537999990234376)

2025-09-02 03:42:57,912 -                train: [    INFO] - Test (EMA 0.99990): [   0/97]  Time: 1.300 (1.300)  Loss:  0.8910 (0.8910)  Acc@1: 77.1484 (77.1484)  Acc@5: 94.1406 (94.1406)
2025-09-02 03:43:12,791 -                train: [    INFO] - Test (EMA 0.99990): [  97/97]  Time: 0.014 (0.165)  Loss:  1.0889 (1.3254)  Acc@1: 70.8333 (67.6140)  Acc@5: 91.3690 (88.8540)
2025-09-02 03:43:13,061 - timm.utils.checkpoint_saver: [    INFO] - Current checkpoints:
 ('./output/train/20250901-184723-mobilenetv2_vcaV2-224/ema0.9999_checkpoint/checkpoint-47.pth.tar', 67.61400001708985)
 ('./output/train/20250901-184723-mobilenetv2_vcaV2-224/ema0.9999_checkpoint/checkpoint-46.pth.tar', 67.42600001708985)
 ('./output/train/20250901-184723-mobilenetv2_vcaV2-224/ema0.9999_checkpoint/checkpoint-45.pth.tar', 67.34600001708985)
 ('./output/train/20250901-184723-mobilenetv2_vcaV2-224/ema0.9999_checkpoint/checkpoint-44.pth.tar', 67.21600001708984)
 ('./output/train/20250901-184723-mobilenetv2_vcaV2-224/ema0.9999_checkpoint/checkpoint-43.pth.tar', 67.16800001708984)
 ('./output/train/20250901-184723-mobilenetv2_vcaV2-224/ema0.9999_checkpoint/checkpoint-42.pth.tar', 67.09400004394531)
 ('./output/train/20250901-184723-mobilenetv2_vcaV2-224/ema0.9999_checkpoint/checkpoint-41.pth.tar', 67.02600001464843)
 ('./output/train/20250901-184723-mobilenetv2_vcaV2-224/ema0.9999_checkpoint/checkpoint-40.pth.tar', 66.91000001708984)
 ('./output/train/20250901-184723-mobilenetv2_vcaV2-224/ema0.9999_checkpoint/checkpoint-39.pth.tar', 66.82799999023437)
 ('./output/train/20250901-184723-mobilenetv2_vcaV2-224/ema0.9999_checkpoint/checkpoint-38.pth.tar', 66.6440000390625)

2025-09-02 03:43:15,343 -                train: [    INFO] - Train: 48 [   0/2502 (  0%)]  Loss: 39.99 (40.0)  Loss_cat: 0.4144 (0.414)  Loss_feat: 35.18 (35.2)  Loss_gt: 3.206 (3.21)  Loss_kd: 1.185 (1.18) LR: 1.063e-01
2025-09-02 03:44:05,925 -                train: [    INFO] - Train: 48 [ 200/2502 (  8%)]  Loss: 38.48 (39.2)  Loss_cat: 0.4081 (0.411)  Loss_feat: 34.30 (34.7)  Loss_gt: 2.723 (2.96)  Loss_kd: 1.050 (1.12) LR: 1.063e-01
2025-09-02 03:44:55,977 -                train: [    INFO] - Train: 48 [ 400/2502 ( 16%)]  Loss: 39.12 (39.2)  Loss_cat: 0.4033 (0.409)  Loss_feat: 34.45 (34.6)  Loss_gt: 3.075 (3.00)  Loss_kd: 1.189 (1.14) LR: 1.063e-01
2025-09-02 03:45:45,879 -                train: [    INFO] - Train: 48 [ 600/2502 ( 24%)]  Loss: 39.54 (39.3)  Loss_cat: 0.4117 (0.409)  Loss_feat: 34.94 (34.7)  Loss_gt: 3.042 (3.01)  Loss_kd: 1.151 (1.14) LR: 1.063e-01
2025-09-02 03:46:36,418 -                train: [    INFO] - Train: 48 [ 800/2502 ( 32%)]  Loss: 41.73 (39.8)  Loss_cat: 0.4298 (0.413)  Loss_feat: 36.07 (35.0)  Loss_gt: 3.756 (3.16)  Loss_kd: 1.467 (1.21) LR: 1.063e-01
2025-09-02 03:47:26,881 -                train: [    INFO] - Train: 48 [1000/2502 ( 40%)]  Loss: 40.31 (39.9)  Loss_cat: 0.4126 (0.413)  Loss_feat: 35.28 (35.0)  Loss_gt: 3.338 (3.19)  Loss_kd: 1.277 (1.22) LR: 1.063e-01
2025-09-02 03:48:17,188 -                train: [    INFO] - Train: 48 [1200/2502 ( 48%)]  Loss: 40.09 (39.9)  Loss_cat: 0.4152 (0.414)  Loss_feat: 35.18 (35.1)  Loss_gt: 3.281 (3.20)  Loss_kd: 1.213 (1.22) LR: 1.063e-01
2025-09-02 03:49:07,584 -                train: [    INFO] - Train: 48 [1400/2502 ( 56%)]  Loss: 40.57 (40.0)  Loss_cat: 0.4275 (0.415)  Loss_feat: 35.67 (35.1)  Loss_gt: 3.242 (3.21)  Loss_kd: 1.231 (1.22) LR: 1.063e-01
2025-09-02 03:49:58,132 -                train: [    INFO] - Train: 48 [1600/2502 ( 64%)]  Loss: 38.77 (39.8)  Loss_cat: 0.4106 (0.415)  Loss_feat: 34.58 (35.1)  Loss_gt: 2.779 (3.16)  Loss_kd: 1.000 (1.20) LR: 1.063e-01
2025-09-02 03:50:48,529 -                train: [    INFO] - Train: 48 [1800/2502 ( 72%)]  Loss: 38.70 (39.7)  Loss_cat: 0.4156 (0.415)  Loss_feat: 34.45 (35.0)  Loss_gt: 2.784 (3.12)  Loss_kd: 1.050 (1.18) LR: 1.063e-01
2025-09-02 03:51:39,462 -                train: [    INFO] - Train: 48 [2000/2502 ( 80%)]  Loss: 40.89 (39.8)  Loss_cat: 0.4198 (0.415)  Loss_feat: 35.62 (35.1)  Loss_gt: 3.508 (3.16)  Loss_kd: 1.340 (1.20) LR: 1.063e-01
2025-09-02 03:52:29,938 -                train: [    INFO] - Train: 48 [2200/2502 ( 88%)]  Loss: 38.80 (39.7)  Loss_cat: 0.4001 (0.414)  Loss_feat: 34.15 (35.0)  Loss_gt: 3.038 (3.15)  Loss_kd: 1.212 (1.20) LR: 1.063e-01
2025-09-02 03:53:20,314 -                train: [    INFO] - Train: 48 [2400/2502 ( 96%)]  Loss: 38.32 (39.6)  Loss_cat: 0.3926 (0.412)  Loss_feat: 33.85 (34.9)  Loss_gt: 2.940 (3.13)  Loss_kd: 1.137 (1.19) LR: 1.063e-01
2025-09-02 03:53:45,508 -                train: [    INFO] - Train: 48 [2501/2502 (100%)]  Loss: 38.44 (39.6)  Loss_cat: 0.3904 (0.411)  Loss_feat: 33.98 (34.8)  Loss_gt: 2.914 (3.12)  Loss_kd: 1.151 (1.19) LR: 1.063e-01
2025-09-02 03:53:45,508 -                train: [    INFO] - Distributing BatchNorm running means and vars
2025-09-02 03:53:47,138 -                train: [    INFO] - Test: [   0/97]  Time: 1.625 (1.625)  Loss:  1.1118 (1.1118)  Acc@1: 71.4844 (71.4844)  Acc@5: 93.7500 (93.7500)
2025-09-02 03:54:03,909 -                train: [    INFO] - Test: [  97/97]  Time: 0.014 (0.188)  Loss:  1.4749 (1.6041)  Acc@1: 67.2619 (62.2940)  Acc@5: 87.2024 (85.8620)
2025-09-02 03:54:04,233 - timm.utils.checkpoint_saver: [    INFO] - Current checkpoints:
 ('./output/train/20250901-184723-mobilenetv2_vcaV2-224/checkpoint/checkpoint-48.pth.tar', 62.29399998046875)
 ('./output/train/20250901-184723-mobilenetv2_vcaV2-224/checkpoint/checkpoint-47.pth.tar', 62.22000000488281)
 ('./output/train/20250901-184723-mobilenetv2_vcaV2-224/checkpoint/checkpoint-46.pth.tar', 61.816)
 ('./output/train/20250901-184723-mobilenetv2_vcaV2-224/checkpoint/checkpoint-42.pth.tar', 61.720000048828126)
 ('./output/train/20250901-184723-mobilenetv2_vcaV2-224/checkpoint/checkpoint-45.pth.tar', 61.35000002685547)
 ('./output/train/20250901-184723-mobilenetv2_vcaV2-224/checkpoint/checkpoint-39.pth.tar', 61.0940000390625)
 ('./output/train/20250901-184723-mobilenetv2_vcaV2-224/checkpoint/checkpoint-44.pth.tar', 60.789999965820314)
 ('./output/train/20250901-184723-mobilenetv2_vcaV2-224/checkpoint/checkpoint-40.pth.tar', 60.397999990234375)
 ('./output/train/20250901-184723-mobilenetv2_vcaV2-224/checkpoint/checkpoint-41.pth.tar', 59.72600000488281)
 ('./output/train/20250901-184723-mobilenetv2_vcaV2-224/checkpoint/checkpoint-33.pth.tar', 59.548000024414065)

2025-09-02 03:54:05,624 -                train: [    INFO] - Test (EMA 0.99990): [   0/97]  Time: 1.385 (1.385)  Loss:  0.8823 (0.8823)  Acc@1: 77.3438 (77.3438)  Acc@5: 94.3359 (94.3359)
2025-09-02 03:54:20,144 -                train: [    INFO] - Test (EMA 0.99990): [  97/97]  Time: 0.014 (0.162)  Loss:  1.0883 (1.3213)  Acc@1: 71.4286 (67.6360)  Acc@5: 91.3690 (88.9000)
2025-09-02 03:54:20,340 - timm.utils.checkpoint_saver: [    INFO] - Current checkpoints:
 ('./output/train/20250901-184723-mobilenetv2_vcaV2-224/ema0.9999_checkpoint/checkpoint-48.pth.tar', 67.63600001464843)
 ('./output/train/20250901-184723-mobilenetv2_vcaV2-224/ema0.9999_checkpoint/checkpoint-47.pth.tar', 67.61400001708985)
 ('./output/train/20250901-184723-mobilenetv2_vcaV2-224/ema0.9999_checkpoint/checkpoint-46.pth.tar', 67.42600001708985)
 ('./output/train/20250901-184723-mobilenetv2_vcaV2-224/ema0.9999_checkpoint/checkpoint-45.pth.tar', 67.34600001708985)
 ('./output/train/20250901-184723-mobilenetv2_vcaV2-224/ema0.9999_checkpoint/checkpoint-44.pth.tar', 67.21600001708984)
 ('./output/train/20250901-184723-mobilenetv2_vcaV2-224/ema0.9999_checkpoint/checkpoint-43.pth.tar', 67.16800001708984)
 ('./output/train/20250901-184723-mobilenetv2_vcaV2-224/ema0.9999_checkpoint/checkpoint-42.pth.tar', 67.09400004394531)
 ('./output/train/20250901-184723-mobilenetv2_vcaV2-224/ema0.9999_checkpoint/checkpoint-41.pth.tar', 67.02600001464843)
 ('./output/train/20250901-184723-mobilenetv2_vcaV2-224/ema0.9999_checkpoint/checkpoint-40.pth.tar', 66.91000001708984)
 ('./output/train/20250901-184723-mobilenetv2_vcaV2-224/ema0.9999_checkpoint/checkpoint-39.pth.tar', 66.82799999023437)

2025-09-02 03:54:22,575 -                train: [    INFO] - Train: 49 [   0/2502 (  0%)]  Loss: 38.52 (38.5)  Loss_cat: 0.4044 (0.404)  Loss_feat: 34.28 (34.3)  Loss_gt: 2.774 (2.77)  Loss_kd: 1.059 (1.06) LR: 1.031e-01
2025-09-02 03:55:14,639 -                train: [    INFO] - Train: 49 [ 200/2502 (  8%)]  Loss: 38.97 (38.7)  Loss_cat: 0.4103 (0.407)  Loss_feat: 34.54 (34.4)  Loss_gt: 2.912 (2.84)  Loss_kd: 1.108 (1.08) LR: 1.031e-01
2025-09-02 03:56:04,461 -                train: [    INFO] - Train: 49 [ 400/2502 ( 16%)]  Loss: 39.16 (38.9)  Loss_cat: 0.4109 (0.409)  Loss_feat: 34.67 (34.5)  Loss_gt: 2.951 (2.88)  Loss_kd: 1.125 (1.10) LR: 1.031e-01
2025-09-02 03:56:54,760 -                train: [    INFO] - Train: 49 [ 600/2502 ( 24%)]  Loss: 36.87 (38.4)  Loss_cat: 0.3833 (0.402)  Loss_feat: 33.01 (34.1)  Loss_gt: 2.522 (2.79)  Loss_kd: 0.9521 (1.06) LR: 1.031e-01
2025-09-02 03:57:45,171 -                train: [    INFO] - Train: 49 [ 800/2502 ( 32%)]  Loss: 39.33 (38.6)  Loss_cat: 0.4188 (0.406)  Loss_feat: 34.93 (34.3)  Loss_gt: 2.920 (2.82)  Loss_kd: 1.057 (1.06) LR: 1.031e-01
2025-09-02 03:58:35,439 -                train: [    INFO] - Train: 49 [1000/2502 ( 40%)]  Loss: 41.83 (39.1)  Loss_cat: 0.4332 (0.410)  Loss_feat: 36.37 (34.6)  Loss_gt: 3.641 (2.95)  Loss_kd: 1.394 (1.12) LR: 1.031e-01
2025-09-02 03:59:26,124 -                train: [    INFO] - Train: 49 [1200/2502 ( 48%)]  Loss: 37.09 (38.8)  Loss_cat: 0.3947 (0.408)  Loss_feat: 33.32 (34.4)  Loss_gt: 2.405 (2.88)  Loss_kd: 0.9752 (1.10) LR: 1.031e-01
2025-09-02 04:00:17,163 -                train: [    INFO] - Train: 49 [1400/2502 ( 56%)]  Loss: 40.05 (39.0)  Loss_cat: 0.4148 (0.409)  Loss_feat: 35.17 (34.5)  Loss_gt: 3.247 (2.92)  Loss_kd: 1.226 (1.11) LR: 1.031e-01
2025-09-02 04:01:07,210 -                train: [    INFO] - Train: 49 [1600/2502 ( 64%)]  Loss: 38.52 (38.9)  Loss_cat: 0.4022 (0.408)  Loss_feat: 34.01 (34.5)  Loss_gt: 2.966 (2.93)  Loss_kd: 1.140 (1.12) LR: 1.031e-01
2025-09-02 04:01:57,668 -                train: [    INFO] - Train: 49 [1800/2502 ( 72%)]  Loss: 42.10 (39.2)  Loss_cat: 0.4344 (0.411)  Loss_feat: 36.51 (34.7)  Loss_gt: 3.768 (3.01)  Loss_kd: 1.388 (1.14) LR: 1.031e-01
2025-09-02 04:02:48,186 -                train: [    INFO] - Train: 49 [2000/2502 ( 80%)]  Loss: 40.14 (39.3)  Loss_cat: 0.4179 (0.411)  Loss_feat: 35.25 (34.7)  Loss_gt: 3.238 (3.03)  Loss_kd: 1.225 (1.15) LR: 1.031e-01
2025-09-02 04:03:38,370 -                train: [    INFO] - Train: 49 [2200/2502 ( 88%)]  Loss: 38.01 (39.2)  Loss_cat: 0.3984 (0.410)  Loss_feat: 33.83 (34.7)  Loss_gt: 2.745 (3.01)  Loss_kd: 1.037 (1.14) LR: 1.031e-01
2025-09-02 04:04:28,652 -                train: [    INFO] - Train: 49 [2400/2502 ( 96%)]  Loss: 36.77 (39.0)  Loss_cat: 0.3876 (0.409)  Loss_feat: 33.01 (34.5)  Loss_gt: 2.394 (2.96)  Loss_kd: 0.9824 (1.13) LR: 1.031e-01
2025-09-02 04:04:53,937 -                train: [    INFO] - Train: 49 [2501/2502 (100%)]  Loss: 39.04 (39.0)  Loss_cat: 0.4093 (0.409)  Loss_feat: 34.46 (34.5)  Loss_gt: 2.995 (2.96)  Loss_kd: 1.168 (1.13) LR: 1.031e-01
2025-09-02 04:04:53,938 -                train: [    INFO] - Distributing BatchNorm running means and vars
2025-09-02 04:04:55,512 -                train: [    INFO] - Test: [   0/97]  Time: 1.569 (1.569)  Loss:  1.0846 (1.0846)  Acc@1: 74.4141 (74.4141)  Acc@5: 92.7734 (92.7734)
2025-09-02 04:05:12,979 -                train: [    INFO] - Test: [  97/97]  Time: 0.014 (0.194)  Loss:  1.3233 (1.5980)  Acc@1: 69.0476 (62.3160)  Acc@5: 90.7738 (85.6940)
2025-09-02 04:05:13,258 - timm.utils.checkpoint_saver: [    INFO] - Current checkpoints:
 ('./output/train/20250901-184723-mobilenetv2_vcaV2-224/checkpoint/checkpoint-49.pth.tar', 62.31600002441406)
 ('./output/train/20250901-184723-mobilenetv2_vcaV2-224/checkpoint/checkpoint-48.pth.tar', 62.29399998046875)
 ('./output/train/20250901-184723-mobilenetv2_vcaV2-224/checkpoint/checkpoint-47.pth.tar', 62.22000000488281)
 ('./output/train/20250901-184723-mobilenetv2_vcaV2-224/checkpoint/checkpoint-46.pth.tar', 61.816)
 ('./output/train/20250901-184723-mobilenetv2_vcaV2-224/checkpoint/checkpoint-42.pth.tar', 61.720000048828126)
 ('./output/train/20250901-184723-mobilenetv2_vcaV2-224/checkpoint/checkpoint-45.pth.tar', 61.35000002685547)
 ('./output/train/20250901-184723-mobilenetv2_vcaV2-224/checkpoint/checkpoint-39.pth.tar', 61.0940000390625)
 ('./output/train/20250901-184723-mobilenetv2_vcaV2-224/checkpoint/checkpoint-44.pth.tar', 60.789999965820314)
 ('./output/train/20250901-184723-mobilenetv2_vcaV2-224/checkpoint/checkpoint-40.pth.tar', 60.397999990234375)
 ('./output/train/20250901-184723-mobilenetv2_vcaV2-224/checkpoint/checkpoint-41.pth.tar', 59.72600000488281)

2025-09-02 04:05:14,936 -                train: [    INFO] - Test (EMA 0.99990): [   0/97]  Time: 1.672 (1.672)  Loss:  0.8765 (0.8765)  Acc@1: 77.3438 (77.3438)  Acc@5: 94.3359 (94.3359)
2025-09-02 04:05:29,848 -                train: [    INFO] - Test (EMA 0.99990): [  97/97]  Time: 0.014 (0.169)  Loss:  1.0906 (1.3178)  Acc@1: 70.5357 (67.6800)  Acc@5: 91.3690 (88.9720)
2025-09-02 04:05:30,113 - timm.utils.checkpoint_saver: [    INFO] - Current checkpoints:
 ('./output/train/20250901-184723-mobilenetv2_vcaV2-224/ema0.9999_checkpoint/checkpoint-49.pth.tar', 67.68000004394531)
 ('./output/train/20250901-184723-mobilenetv2_vcaV2-224/ema0.9999_checkpoint/checkpoint-48.pth.tar', 67.63600001464843)
 ('./output/train/20250901-184723-mobilenetv2_vcaV2-224/ema0.9999_checkpoint/checkpoint-47.pth.tar', 67.61400001708985)
 ('./output/train/20250901-184723-mobilenetv2_vcaV2-224/ema0.9999_checkpoint/checkpoint-46.pth.tar', 67.42600001708985)
 ('./output/train/20250901-184723-mobilenetv2_vcaV2-224/ema0.9999_checkpoint/checkpoint-45.pth.tar', 67.34600001708985)
 ('./output/train/20250901-184723-mobilenetv2_vcaV2-224/ema0.9999_checkpoint/checkpoint-44.pth.tar', 67.21600001708984)
 ('./output/train/20250901-184723-mobilenetv2_vcaV2-224/ema0.9999_checkpoint/checkpoint-43.pth.tar', 67.16800001708984)
 ('./output/train/20250901-184723-mobilenetv2_vcaV2-224/ema0.9999_checkpoint/checkpoint-42.pth.tar', 67.09400004394531)
 ('./output/train/20250901-184723-mobilenetv2_vcaV2-224/ema0.9999_checkpoint/checkpoint-41.pth.tar', 67.02600001464843)
 ('./output/train/20250901-184723-mobilenetv2_vcaV2-224/ema0.9999_checkpoint/checkpoint-40.pth.tar', 66.91000001708984)

2025-09-02 04:05:31,913 -                train: [    INFO] - Train: 50 [   0/2502 (  0%)]  Loss: 38.03 (38.0)  Loss_cat: 0.3945 (0.394)  Loss_feat: 33.86 (33.9)  Loss_gt: 2.733 (2.73)  Loss_kd: 1.042 (1.04) LR: 1.000e-01
2025-09-02 04:06:22,958 -                train: [    INFO] - Train: 50 [ 200/2502 (  8%)]  Loss: 40.42 (39.2)  Loss_cat: 0.4243 (0.409)  Loss_feat: 35.42 (34.6)  Loss_gt: 3.373 (3.05)  Loss_kd: 1.195 (1.12) LR: 1.000e-01
2025-09-02 04:07:12,749 -                train: [    INFO] - Train: 50 [ 400/2502 ( 16%)]  Loss: 42.79 (40.4)  Loss_cat: 0.4378 (0.419)  Loss_feat: 36.89 (35.4)  Loss_gt: 3.970 (3.36)  Loss_kd: 1.498 (1.25) LR: 1.000e-01
2025-09-02 04:08:03,170 -                train: [    INFO] - Train: 50 [ 600/2502 ( 24%)]  Loss: 42.84 (41.0)  Loss_cat: 0.4306 (0.422)  Loss_feat: 36.88 (35.8)  Loss_gt: 4.013 (3.52)  Loss_kd: 1.521 (1.31) LR: 1.000e-01
2025-09-02 04:08:53,578 -                train: [    INFO] - Train: 50 [ 800/2502 ( 32%)]  Loss: 45.27 (41.9)  Loss_cat: 0.4618 (0.430)  Loss_feat: 38.57 (36.3)  Loss_gt: 4.586 (3.74)  Loss_kd: 1.652 (1.38) LR: 1.000e-01
2025-09-02 04:09:43,800 -                train: [    INFO] - Train: 50 [1000/2502 ( 40%)]  Loss: 40.16 (41.6)  Loss_cat: 0.4142 (0.427)  Loss_feat: 35.03 (36.1)  Loss_gt: 3.399 (3.68)  Loss_kd: 1.316 (1.37) LR: 1.000e-01
2025-09-02 04:10:34,417 -                train: [    INFO] - Train: 50 [1200/2502 ( 48%)]  Loss: 41.68 (41.6)  Loss_cat: 0.4255 (0.427)  Loss_feat: 36.02 (36.1)  Loss_gt: 3.765 (3.69)  Loss_kd: 1.467 (1.38) LR: 1.000e-01
2025-09-02 04:11:25,281 -                train: [    INFO] - Train: 50 [1400/2502 ( 56%)]  Loss: 38.48 (41.2)  Loss_cat: 0.4035 (0.424)  Loss_feat: 34.31 (35.9)  Loss_gt: 2.775 (3.58)  Loss_kd: 0.9993 (1.34) LR: 1.000e-01
2025-09-02 04:12:16,999 -                train: [    INFO] - Train: 50 [1600/2502 ( 64%)]  Loss: 37.57 (40.8)  Loss_cat: 0.4001 (0.421)  Loss_feat: 33.55 (35.6)  Loss_gt: 2.585 (3.47)  Loss_kd: 1.041 (1.30) LR: 1.000e-01
2025-09-02 04:13:08,890 -                train: [    INFO] - Train: 50 [1800/2502 ( 72%)]  Loss: 37.04 (40.4)  Loss_cat: 0.3875 (0.418)  Loss_feat: 33.14 (35.4)  Loss_gt: 2.477 (3.37)  Loss_kd: 1.037 (1.28) LR: 1.000e-01
2025-09-02 04:13:59,372 -                train: [    INFO] - Train: 50 [2000/2502 ( 80%)]  Loss: 39.51 (40.3)  Loss_cat: 0.4108 (0.417)  Loss_feat: 34.75 (35.3)  Loss_gt: 3.180 (3.35)  Loss_kd: 1.174 (1.27) LR: 1.000e-01
2025-09-02 04:14:50,619 -                train: [    INFO] - Train: 50 [2200/2502 ( 88%)]  Loss: 37.80 (40.1)  Loss_cat: 0.3958 (0.416)  Loss_feat: 33.75 (35.2)  Loss_gt: 2.677 (3.29)  Loss_kd: 0.9726 (1.24) LR: 1.000e-01
2025-09-02 04:15:42,039 -                train: [    INFO] - Train: 50 [2400/2502 ( 96%)]  Loss: 40.79 (40.2)  Loss_cat: 0.4258 (0.416)  Loss_feat: 35.82 (35.2)  Loss_gt: 3.337 (3.30)  Loss_kd: 1.206 (1.24) LR: 1.000e-01
2025-09-02 04:16:07,485 -                train: [    INFO] - Train: 50 [2501/2502 (100%)]  Loss: 37.68 (40.0)  Loss_cat: 0.3902 (0.414)  Loss_feat: 33.46 (35.1)  Loss_gt: 2.756 (3.26)  Loss_kd: 1.071 (1.23) LR: 1.000e-01
2025-09-02 04:16:07,486 -                train: [    INFO] - Distributing BatchNorm running means and vars
2025-09-02 04:16:09,357 -                train: [    INFO] - Test: [   0/97]  Time: 1.866 (1.866)  Loss:  1.0915 (1.0915)  Acc@1: 74.2188 (74.2188)  Acc@5: 92.7734 (92.7734)
2025-09-02 04:16:27,493 -                train: [    INFO] - Test: [  97/97]  Time: 0.014 (0.204)  Loss:  1.3365 (1.5698)  Acc@1: 66.9643 (62.7400)  Acc@5: 88.3929 (86.2860)
2025-09-02 04:16:27,700 - timm.utils.checkpoint_saver: [    INFO] - Current checkpoints:
 ('./output/train/20250901-184723-mobilenetv2_vcaV2-224/checkpoint/checkpoint-50.pth.tar', 62.74000000732422)
 ('./output/train/20250901-184723-mobilenetv2_vcaV2-224/checkpoint/checkpoint-49.pth.tar', 62.31600002441406)
 ('./output/train/20250901-184723-mobilenetv2_vcaV2-224/checkpoint/checkpoint-48.pth.tar', 62.29399998046875)
 ('./output/train/20250901-184723-mobilenetv2_vcaV2-224/checkpoint/checkpoint-47.pth.tar', 62.22000000488281)
 ('./output/train/20250901-184723-mobilenetv2_vcaV2-224/checkpoint/checkpoint-46.pth.tar', 61.816)
 ('./output/train/20250901-184723-mobilenetv2_vcaV2-224/checkpoint/checkpoint-42.pth.tar', 61.720000048828126)
 ('./output/train/20250901-184723-mobilenetv2_vcaV2-224/checkpoint/checkpoint-45.pth.tar', 61.35000002685547)
 ('./output/train/20250901-184723-mobilenetv2_vcaV2-224/checkpoint/checkpoint-39.pth.tar', 61.0940000390625)
 ('./output/train/20250901-184723-mobilenetv2_vcaV2-224/checkpoint/checkpoint-44.pth.tar', 60.789999965820314)
 ('./output/train/20250901-184723-mobilenetv2_vcaV2-224/checkpoint/checkpoint-40.pth.tar', 60.397999990234375)

2025-09-02 04:16:29,135 -                train: [    INFO] - Test (EMA 0.99990): [   0/97]  Time: 1.428 (1.428)  Loss:  0.8796 (0.8796)  Acc@1: 77.5391 (77.5391)  Acc@5: 94.3359 (94.3359)
2025-09-02 04:16:43,852 -                train: [    INFO] - Test (EMA 0.99990): [  97/97]  Time: 0.014 (0.165)  Loss:  1.0860 (1.3138)  Acc@1: 70.5357 (67.7400)  Acc@5: 91.6667 (89.0240)
2025-09-02 04:16:44,046 - timm.utils.checkpoint_saver: [    INFO] - Current checkpoints:
 ('./output/train/20250901-184723-mobilenetv2_vcaV2-224/ema0.9999_checkpoint/checkpoint-50.pth.tar', 67.74000004394532)
 ('./output/train/20250901-184723-mobilenetv2_vcaV2-224/ema0.9999_checkpoint/checkpoint-49.pth.tar', 67.68000004394531)
 ('./output/train/20250901-184723-mobilenetv2_vcaV2-224/ema0.9999_checkpoint/checkpoint-48.pth.tar', 67.63600001464843)
 ('./output/train/20250901-184723-mobilenetv2_vcaV2-224/ema0.9999_checkpoint/checkpoint-47.pth.tar', 67.61400001708985)
 ('./output/train/20250901-184723-mobilenetv2_vcaV2-224/ema0.9999_checkpoint/checkpoint-46.pth.tar', 67.42600001708985)
 ('./output/train/20250901-184723-mobilenetv2_vcaV2-224/ema0.9999_checkpoint/checkpoint-45.pth.tar', 67.34600001708985)
 ('./output/train/20250901-184723-mobilenetv2_vcaV2-224/ema0.9999_checkpoint/checkpoint-44.pth.tar', 67.21600001708984)
 ('./output/train/20250901-184723-mobilenetv2_vcaV2-224/ema0.9999_checkpoint/checkpoint-43.pth.tar', 67.16800001708984)
 ('./output/train/20250901-184723-mobilenetv2_vcaV2-224/ema0.9999_checkpoint/checkpoint-42.pth.tar', 67.09400004394531)
 ('./output/train/20250901-184723-mobilenetv2_vcaV2-224/ema0.9999_checkpoint/checkpoint-41.pth.tar', 67.02600001464843)

2025-09-02 04:16:45,842 -                train: [    INFO] - Train: 51 [   0/2502 (  0%)]  Loss: 37.00 (37.0)  Loss_cat: 0.3879 (0.388)  Loss_feat: 33.05 (33.0)  Loss_gt: 2.536 (2.54)  Loss_kd: 1.033 (1.03) LR: 9.686e-02
2025-09-02 04:17:36,998 -                train: [    INFO] - Train: 51 [ 200/2502 (  8%)]  Loss: 39.37 (38.2)  Loss_cat: 0.4146 (0.401)  Loss_feat: 34.89 (34.0)  Loss_gt: 3.007 (2.77)  Loss_kd: 1.055 (1.04) LR: 9.686e-02
2025-09-02 04:18:26,827 -                train: [    INFO] - Train: 51 [ 400/2502 ( 16%)]  Loss: 36.61 (37.7)  Loss_cat: 0.3786 (0.394)  Loss_feat: 32.79 (33.6)  Loss_gt: 2.449 (2.66)  Loss_kd: 0.9859 (1.02) LR: 9.686e-02
2025-09-02 04:19:17,773 -                train: [    INFO] - Train: 51 [ 600/2502 ( 24%)]  Loss: 36.72 (37.4)  Loss_cat: 0.3841 (0.391)  Loss_feat: 32.86 (33.4)  Loss_gt: 2.529 (2.63)  Loss_kd: 0.9550 (1.01) LR: 9.686e-02
2025-09-02 04:20:08,362 -                train: [    INFO] - Train: 51 [ 800/2502 ( 32%)]  Loss: 39.26 (37.8)  Loss_cat: 0.4024 (0.394)  Loss_feat: 34.49 (33.6)  Loss_gt: 3.162 (2.74)  Loss_kd: 1.206 (1.05) LR: 9.686e-02
2025-09-02 04:20:58,986 -                train: [    INFO] - Train: 51 [1000/2502 ( 40%)]  Loss: 41.04 (38.3)  Loss_cat: 0.4302 (0.400)  Loss_feat: 35.86 (34.0)  Loss_gt: 3.468 (2.86)  Loss_kd: 1.274 (1.08) LR: 9.686e-02
2025-09-02 04:21:48,890 -                train: [    INFO] - Train: 51 [1200/2502 ( 48%)]  Loss: 38.27 (38.3)  Loss_cat: 0.3999 (0.400)  Loss_feat: 34.09 (34.0)  Loss_gt: 2.757 (2.84)  Loss_kd: 1.019 (1.08) LR: 9.686e-02
2025-09-02 04:22:39,428 -                train: [    INFO] - Train: 51 [1400/2502 ( 56%)]  Loss: 43.72 (39.0)  Loss_cat: 0.4515 (0.406)  Loss_feat: 37.67 (34.5)  Loss_gt: 4.090 (3.00)  Loss_kd: 1.499 (1.13) LR: 9.686e-02
2025-09-02 04:23:30,194 -                train: [    INFO] - Train: 51 [1600/2502 ( 64%)]  Loss: 41.98 (39.3)  Loss_cat: 0.4348 (0.409)  Loss_feat: 36.40 (34.7)  Loss_gt: 3.788 (3.09)  Loss_kd: 1.355 (1.15) LR: 9.686e-02
2025-09-02 04:24:20,544 -                train: [    INFO] - Train: 51 [1800/2502 ( 72%)]  Loss: 36.82 (39.1)  Loss_cat: 0.3850 (0.407)  Loss_feat: 32.99 (34.5)  Loss_gt: 2.485 (3.03)  Loss_kd: 0.9629 (1.13) LR: 9.686e-02
2025-09-02 04:25:11,044 -                train: [    INFO] - Train: 51 [2000/2502 ( 80%)]  Loss: 40.73 (39.2)  Loss_cat: 0.4190 (0.408)  Loss_feat: 35.50 (34.6)  Loss_gt: 3.505 (3.07)  Loss_kd: 1.306 (1.15) LR: 9.686e-02
2025-09-02 04:26:02,086 -                train: [    INFO] - Train: 51 [2200/2502 ( 88%)]  Loss: 39.08 (39.2)  Loss_cat: 0.3979 (0.407)  Loss_feat: 34.39 (34.6)  Loss_gt: 3.108 (3.07)  Loss_kd: 1.185 (1.15) LR: 9.686e-02
2025-09-02 04:26:52,195 -                train: [    INFO] - Train: 51 [2400/2502 ( 96%)]  Loss: 40.22 (39.3)  Loss_cat: 0.4210 (0.408)  Loss_feat: 35.44 (34.6)  Loss_gt: 3.139 (3.08)  Loss_kd: 1.219 (1.16) LR: 9.686e-02
2025-09-02 04:27:17,387 -                train: [    INFO] - Train: 51 [2501/2502 (100%)]  Loss: 42.36 (39.5)  Loss_cat: 0.4423 (0.411)  Loss_feat: 36.82 (34.8)  Loss_gt: 3.746 (3.13)  Loss_kd: 1.356 (1.17) LR: 9.686e-02
2025-09-02 04:27:17,388 -                train: [    INFO] - Distributing BatchNorm running means and vars
2025-09-02 04:27:19,150 -                train: [    INFO] - Test: [   0/97]  Time: 1.757 (1.757)  Loss:  1.1302 (1.1302)  Acc@1: 73.2422 (73.2422)  Acc@5: 93.1641 (93.1641)
2025-09-02 04:27:35,748 -                train: [    INFO] - Test: [  97/97]  Time: 0.014 (0.187)  Loss:  1.3675 (1.5406)  Acc@1: 66.3690 (63.6060)  Acc@5: 88.3929 (86.6000)
2025-09-02 04:27:35,980 - timm.utils.checkpoint_saver: [    INFO] - Current checkpoints:
 ('./output/train/20250901-184723-mobilenetv2_vcaV2-224/checkpoint/checkpoint-51.pth.tar', 63.60600000976562)
 ('./output/train/20250901-184723-mobilenetv2_vcaV2-224/checkpoint/checkpoint-50.pth.tar', 62.74000000732422)
 ('./output/train/20250901-184723-mobilenetv2_vcaV2-224/checkpoint/checkpoint-49.pth.tar', 62.31600002441406)
 ('./output/train/20250901-184723-mobilenetv2_vcaV2-224/checkpoint/checkpoint-48.pth.tar', 62.29399998046875)
 ('./output/train/20250901-184723-mobilenetv2_vcaV2-224/checkpoint/checkpoint-47.pth.tar', 62.22000000488281)
 ('./output/train/20250901-184723-mobilenetv2_vcaV2-224/checkpoint/checkpoint-46.pth.tar', 61.816)
 ('./output/train/20250901-184723-mobilenetv2_vcaV2-224/checkpoint/checkpoint-42.pth.tar', 61.720000048828126)
 ('./output/train/20250901-184723-mobilenetv2_vcaV2-224/checkpoint/checkpoint-45.pth.tar', 61.35000002685547)
 ('./output/train/20250901-184723-mobilenetv2_vcaV2-224/checkpoint/checkpoint-39.pth.tar', 61.0940000390625)
 ('./output/train/20250901-184723-mobilenetv2_vcaV2-224/checkpoint/checkpoint-44.pth.tar', 60.789999965820314)

2025-09-02 04:27:37,371 -                train: [    INFO] - Test (EMA 0.99990): [   0/97]  Time: 1.385 (1.385)  Loss:  0.8797 (0.8797)  Acc@1: 77.3438 (77.3438)  Acc@5: 94.9219 (94.9219)
2025-09-02 04:27:51,901 -                train: [    INFO] - Test (EMA 0.99990): [  97/97]  Time: 0.014 (0.162)  Loss:  1.0828 (1.3095)  Acc@1: 70.8333 (67.8120)  Acc@5: 91.6667 (89.0660)
2025-09-02 04:27:52,149 - timm.utils.checkpoint_saver: [    INFO] - Current checkpoints:
 ('./output/train/20250901-184723-mobilenetv2_vcaV2-224/ema0.9999_checkpoint/checkpoint-51.pth.tar', 67.81200001708984)
 ('./output/train/20250901-184723-mobilenetv2_vcaV2-224/ema0.9999_checkpoint/checkpoint-50.pth.tar', 67.74000004394532)
 ('./output/train/20250901-184723-mobilenetv2_vcaV2-224/ema0.9999_checkpoint/checkpoint-49.pth.tar', 67.68000004394531)
 ('./output/train/20250901-184723-mobilenetv2_vcaV2-224/ema0.9999_checkpoint/checkpoint-48.pth.tar', 67.63600001464843)
 ('./output/train/20250901-184723-mobilenetv2_vcaV2-224/ema0.9999_checkpoint/checkpoint-47.pth.tar', 67.61400001708985)
 ('./output/train/20250901-184723-mobilenetv2_vcaV2-224/ema0.9999_checkpoint/checkpoint-46.pth.tar', 67.42600001708985)
 ('./output/train/20250901-184723-mobilenetv2_vcaV2-224/ema0.9999_checkpoint/checkpoint-45.pth.tar', 67.34600001708985)
 ('./output/train/20250901-184723-mobilenetv2_vcaV2-224/ema0.9999_checkpoint/checkpoint-44.pth.tar', 67.21600001708984)
 ('./output/train/20250901-184723-mobilenetv2_vcaV2-224/ema0.9999_checkpoint/checkpoint-43.pth.tar', 67.16800001708984)
 ('./output/train/20250901-184723-mobilenetv2_vcaV2-224/ema0.9999_checkpoint/checkpoint-42.pth.tar', 67.09400004394531)

2025-09-02 04:27:54,079 -                train: [    INFO] - Train: 52 [   0/2502 (  0%)]  Loss: 38.82 (38.8)  Loss_cat: 0.4071 (0.407)  Loss_feat: 34.44 (34.4)  Loss_gt: 2.914 (2.91)  Loss_kd: 1.062 (1.06) LR: 9.372e-02
2025-09-02 04:28:44,687 -                train: [    INFO] - Train: 52 [ 200/2502 (  8%)]  Loss: 38.83 (38.8)  Loss_cat: 0.4114 (0.409)  Loss_feat: 34.43 (34.4)  Loss_gt: 2.907 (2.91)  Loss_kd: 1.084 (1.07) LR: 9.372e-02
2025-09-02 04:29:34,968 -                train: [    INFO] - Train: 52 [ 400/2502 ( 16%)]  Loss: 41.34 (39.7)  Loss_cat: 0.4194 (0.413)  Loss_feat: 35.95 (34.9)  Loss_gt: 3.681 (3.17)  Loss_kd: 1.294 (1.15) LR: 9.372e-02
2025-09-02 04:30:25,130 -                train: [    INFO] - Train: 52 [ 600/2502 ( 24%)]  Loss: 37.91 (39.2)  Loss_cat: 0.4016 (0.410)  Loss_feat: 33.80 (34.7)  Loss_gt: 2.751 (3.06)  Loss_kd: 0.9481 (1.10) LR: 9.372e-02
2025-09-02 04:31:15,886 -                train: [    INFO] - Train: 52 [ 800/2502 ( 32%)]  Loss: 36.82 (38.7)  Loss_cat: 0.3781 (0.404)  Loss_feat: 32.99 (34.3)  Loss_gt: 2.550 (2.96)  Loss_kd: 0.8978 (1.06) LR: 9.372e-02
2025-09-02 04:32:05,662 -                train: [    INFO] - Train: 52 [1000/2502 ( 40%)]  Loss: 40.41 (39.0)  Loss_cat: 0.4102 (0.405)  Loss_feat: 35.38 (34.5)  Loss_gt: 3.401 (3.03)  Loss_kd: 1.225 (1.09) LR: 9.372e-02
2025-09-02 04:32:55,868 -                train: [    INFO] - Train: 52 [1200/2502 ( 48%)]  Loss: 36.74 (38.7)  Loss_cat: 0.3787 (0.401)  Loss_feat: 32.87 (34.3)  Loss_gt: 2.474 (2.95)  Loss_kd: 1.013 (1.07) LR: 9.372e-02
2025-09-02 04:33:46,185 -                train: [    INFO] - Train: 52 [1400/2502 ( 56%)]  Loss: 43.22 (39.3)  Loss_cat: 0.4522 (0.407)  Loss_feat: 37.43 (34.7)  Loss_gt: 3.954 (3.08)  Loss_kd: 1.384 (1.11) LR: 9.372e-02
2025-09-02 04:34:37,216 -                train: [    INFO] - Train: 52 [1600/2502 ( 64%)]  Loss: 38.50 (39.2)  Loss_cat: 0.3927 (0.406)  Loss_feat: 33.93 (34.6)  Loss_gt: 2.990 (3.07)  Loss_kd: 1.189 (1.12) LR: 9.372e-02
2025-09-02 04:35:27,269 -                train: [    INFO] - Train: 52 [1800/2502 ( 72%)]  Loss: 36.03 (38.9)  Loss_cat: 0.3765 (0.403)  Loss_feat: 32.39 (34.4)  Loss_gt: 2.370 (3.00)  Loss_kd: 0.8975 (1.10) LR: 9.372e-02
2025-09-02 04:36:17,917 -                train: [    INFO] - Train: 52 [2000/2502 ( 80%)]  Loss: 39.21 (38.9)  Loss_cat: 0.4122 (0.404)  Loss_feat: 34.59 (34.4)  Loss_gt: 3.045 (3.00)  Loss_kd: 1.167 (1.11) LR: 9.372e-02
2025-09-02 04:37:08,246 -                train: [    INFO] - Train: 52 [2200/2502 ( 88%)]  Loss: 39.66 (39.0)  Loss_cat: 0.4181 (0.405)  Loss_feat: 35.03 (34.4)  Loss_gt: 3.078 (3.01)  Loss_kd: 1.130 (1.11) LR: 9.372e-02
2025-09-02 04:37:58,904 -                train: [    INFO] - Train: 52 [2400/2502 ( 96%)]  Loss: 40.16 (39.0)  Loss_cat: 0.4210 (0.406)  Loss_feat: 35.30 (34.5)  Loss_gt: 3.257 (3.03)  Loss_kd: 1.186 (1.11) LR: 9.372e-02
2025-09-02 04:38:24,059 -                train: [    INFO] - Train: 52 [2501/2502 (100%)]  Loss: 42.86 (39.3)  Loss_cat: 0.4457 (0.409)  Loss_feat: 37.07 (34.7)  Loss_gt: 3.918 (3.09)  Loss_kd: 1.424 (1.14) LR: 9.372e-02
2025-09-02 04:38:24,060 -                train: [    INFO] - Distributing BatchNorm running means and vars
2025-09-02 04:38:25,816 -                train: [    INFO] - Test: [   0/97]  Time: 1.751 (1.751)  Loss:  1.0523 (1.0523)  Acc@1: 75.7812 (75.7812)  Acc@5: 93.1641 (93.1641)
2025-09-02 04:38:42,290 -                train: [    INFO] - Test: [  97/97]  Time: 0.014 (0.186)  Loss:  1.3742 (1.5925)  Acc@1: 62.5000 (62.5560)  Acc@5: 90.1786 (86.0660)
2025-09-02 04:38:42,541 - timm.utils.checkpoint_saver: [    INFO] - Current checkpoints:
 ('./output/train/20250901-184723-mobilenetv2_vcaV2-224/checkpoint/checkpoint-51.pth.tar', 63.60600000976562)
 ('./output/train/20250901-184723-mobilenetv2_vcaV2-224/checkpoint/checkpoint-50.pth.tar', 62.74000000732422)
 ('./output/train/20250901-184723-mobilenetv2_vcaV2-224/checkpoint/checkpoint-52.pth.tar', 62.556)
 ('./output/train/20250901-184723-mobilenetv2_vcaV2-224/checkpoint/checkpoint-49.pth.tar', 62.31600002441406)
 ('./output/train/20250901-184723-mobilenetv2_vcaV2-224/checkpoint/checkpoint-48.pth.tar', 62.29399998046875)
 ('./output/train/20250901-184723-mobilenetv2_vcaV2-224/checkpoint/checkpoint-47.pth.tar', 62.22000000488281)
 ('./output/train/20250901-184723-mobilenetv2_vcaV2-224/checkpoint/checkpoint-46.pth.tar', 61.816)
 ('./output/train/20250901-184723-mobilenetv2_vcaV2-224/checkpoint/checkpoint-42.pth.tar', 61.720000048828126)
 ('./output/train/20250901-184723-mobilenetv2_vcaV2-224/checkpoint/checkpoint-45.pth.tar', 61.35000002685547)
 ('./output/train/20250901-184723-mobilenetv2_vcaV2-224/checkpoint/checkpoint-39.pth.tar', 61.0940000390625)

2025-09-02 04:38:45,275 -                train: [    INFO] - Test (EMA 0.99990): [   0/97]  Time: 2.730 (2.730)  Loss:  0.8826 (0.8826)  Acc@1: 77.1484 (77.1484)  Acc@5: 94.9219 (94.9219)
2025-09-02 04:38:59,713 -                train: [    INFO] - Test (EMA 0.99990): [  97/97]  Time: 0.014 (0.175)  Loss:  1.0769 (1.3057)  Acc@1: 71.1310 (67.9540)  Acc@5: 91.6667 (89.1000)
2025-09-02 04:38:59,976 - timm.utils.checkpoint_saver: [    INFO] - Current checkpoints:
 ('./output/train/20250901-184723-mobilenetv2_vcaV2-224/ema0.9999_checkpoint/checkpoint-52.pth.tar', 67.95399999023438)
 ('./output/train/20250901-184723-mobilenetv2_vcaV2-224/ema0.9999_checkpoint/checkpoint-51.pth.tar', 67.81200001708984)
 ('./output/train/20250901-184723-mobilenetv2_vcaV2-224/ema0.9999_checkpoint/checkpoint-50.pth.tar', 67.74000004394532)
 ('./output/train/20250901-184723-mobilenetv2_vcaV2-224/ema0.9999_checkpoint/checkpoint-49.pth.tar', 67.68000004394531)
 ('./output/train/20250901-184723-mobilenetv2_vcaV2-224/ema0.9999_checkpoint/checkpoint-48.pth.tar', 67.63600001464843)
 ('./output/train/20250901-184723-mobilenetv2_vcaV2-224/ema0.9999_checkpoint/checkpoint-47.pth.tar', 67.61400001708985)
 ('./output/train/20250901-184723-mobilenetv2_vcaV2-224/ema0.9999_checkpoint/checkpoint-46.pth.tar', 67.42600001708985)
 ('./output/train/20250901-184723-mobilenetv2_vcaV2-224/ema0.9999_checkpoint/checkpoint-45.pth.tar', 67.34600001708985)
 ('./output/train/20250901-184723-mobilenetv2_vcaV2-224/ema0.9999_checkpoint/checkpoint-44.pth.tar', 67.21600001708984)
 ('./output/train/20250901-184723-mobilenetv2_vcaV2-224/ema0.9999_checkpoint/checkpoint-43.pth.tar', 67.16800001708984)

2025-09-02 04:39:02,239 -                train: [    INFO] - Train: 53 [   0/2502 (  0%)]  Loss: 38.93 (38.9)  Loss_cat: 0.3982 (0.398)  Loss_feat: 34.38 (34.4)  Loss_gt: 3.038 (3.04)  Loss_kd: 1.111 (1.11) LR: 9.059e-02
2025-09-02 04:39:52,322 -                train: [    INFO] - Train: 53 [ 200/2502 (  8%)]  Loss: 38.18 (38.6)  Loss_cat: 0.4020 (0.400)  Loss_feat: 33.99 (34.2)  Loss_gt: 2.778 (2.91)  Loss_kd: 1.012 (1.06) LR: 9.059e-02
2025-09-02 04:40:42,587 -                train: [    INFO] - Train: 53 [ 400/2502 ( 16%)]  Loss: 40.26 (39.1)  Loss_cat: 0.4096 (0.403)  Loss_feat: 35.30 (34.6)  Loss_gt: 3.289 (3.03)  Loss_kd: 1.260 (1.13) LR: 9.059e-02
2025-09-02 04:41:32,964 -                train: [    INFO] - Train: 53 [ 600/2502 ( 24%)]  Loss: 38.80 (39.0)  Loss_cat: 0.4078 (0.404)  Loss_feat: 34.39 (34.5)  Loss_gt: 2.920 (3.01)  Loss_kd: 1.083 (1.12) LR: 9.059e-02
2025-09-02 04:42:24,590 -                train: [    INFO] - Train: 53 [ 800/2502 ( 32%)]  Loss: 42.87 (39.8)  Loss_cat: 0.4405 (0.412)  Loss_feat: 37.21 (35.1)  Loss_gt: 3.906 (3.19)  Loss_kd: 1.306 (1.15) LR: 9.059e-02
2025-09-02 04:43:16,195 -                train: [    INFO] - Train: 53 [1000/2502 ( 40%)]  Loss: 42.42 (40.2)  Loss_cat: 0.4384 (0.416)  Loss_feat: 36.78 (35.3)  Loss_gt: 3.797 (3.29)  Loss_kd: 1.400 (1.20) LR: 9.059e-02
2025-09-02 04:44:07,471 -                train: [    INFO] - Train: 53 [1200/2502 ( 48%)]  Loss: 39.61 (40.2)  Loss_cat: 0.4033 (0.414)  Loss_feat: 34.86 (35.3)  Loss_gt: 3.178 (3.27)  Loss_kd: 1.168 (1.19) LR: 9.059e-02
2025-09-02 04:44:57,525 -                train: [    INFO] - Train: 53 [1400/2502 ( 56%)]  Loss: 41.33 (40.3)  Loss_cat: 0.4265 (0.416)  Loss_feat: 36.09 (35.4)  Loss_gt: 3.530 (3.30)  Loss_kd: 1.280 (1.20) LR: 9.059e-02
2025-09-02 04:45:48,247 -                train: [    INFO] - Train: 53 [1600/2502 ( 64%)]  Loss: 38.74 (40.1)  Loss_cat: 0.3963 (0.414)  Loss_feat: 34.19 (35.2)  Loss_gt: 3.067 (3.28)  Loss_kd: 1.088 (1.19) LR: 9.059e-02
2025-09-02 04:46:38,788 -                train: [    INFO] - Train: 53 [1800/2502 ( 72%)]  Loss: 39.67 (40.1)  Loss_cat: 0.4104 (0.413)  Loss_feat: 34.97 (35.2)  Loss_gt: 3.150 (3.27)  Loss_kd: 1.136 (1.18) LR: 9.059e-02
2025-09-02 04:47:29,451 -                train: [    INFO] - Train: 53 [2000/2502 ( 80%)]  Loss: 41.65 (40.2)  Loss_cat: 0.4317 (0.415)  Loss_feat: 36.30 (35.3)  Loss_gt: 3.637 (3.30)  Loss_kd: 1.275 (1.19) LR: 9.059e-02
2025-09-02 04:48:20,318 -                train: [    INFO] - Train: 53 [2200/2502 ( 88%)]  Loss: 41.96 (40.4)  Loss_cat: 0.4358 (0.417)  Loss_feat: 36.40 (35.4)  Loss_gt: 3.757 (3.34)  Loss_kd: 1.370 (1.21) LR: 9.059e-02
2025-09-02 04:49:10,915 -                train: [    INFO] - Train: 53 [2400/2502 ( 96%)]  Loss: 38.28 (40.2)  Loss_cat: 0.4044 (0.416)  Loss_feat: 34.09 (35.3)  Loss_gt: 2.776 (3.29)  Loss_kd: 1.008 (1.19) LR: 9.059e-02
2025-09-02 04:49:36,360 -                train: [    INFO] - Train: 53 [2501/2502 (100%)]  Loss: 39.69 (40.2)  Loss_cat: 0.4200 (0.416)  Loss_feat: 35.20 (35.3)  Loss_gt: 3.048 (3.28)  Loss_kd: 1.028 (1.18) LR: 9.059e-02
2025-09-02 04:49:36,361 -                train: [    INFO] - Distributing BatchNorm running means and vars
2025-09-02 04:49:37,912 -                train: [    INFO] - Test: [   0/97]  Time: 1.546 (1.546)  Loss:  1.2908 (1.2908)  Acc@1: 71.0938 (71.0938)  Acc@5: 91.6016 (91.6016)
2025-09-02 04:49:54,835 -                train: [    INFO] - Test: [  97/97]  Time: 0.014 (0.188)  Loss:  1.5396 (1.6882)  Acc@1: 66.6667 (61.0600)  Acc@5: 86.0119 (84.7480)
2025-09-02 04:49:56,884 -                train: [    INFO] - Test (EMA 0.99990): [   0/97]  Time: 1.790 (1.790)  Loss:  0.8854 (0.8854)  Acc@1: 76.9531 (76.9531)  Acc@5: 94.7266 (94.7266)
2025-09-02 04:50:11,138 -                train: [    INFO] - Test (EMA 0.99990): [  97/97]  Time: 0.014 (0.164)  Loss:  1.0703 (1.3020)  Acc@1: 70.8333 (68.0660)  Acc@5: 91.9643 (89.1480)
2025-09-02 04:50:11,307 - timm.utils.checkpoint_saver: [    INFO] - Current checkpoints:
 ('./output/train/20250901-184723-mobilenetv2_vcaV2-224/ema0.9999_checkpoint/checkpoint-53.pth.tar', 68.06600001708985)
 ('./output/train/20250901-184723-mobilenetv2_vcaV2-224/ema0.9999_checkpoint/checkpoint-52.pth.tar', 67.95399999023438)
 ('./output/train/20250901-184723-mobilenetv2_vcaV2-224/ema0.9999_checkpoint/checkpoint-51.pth.tar', 67.81200001708984)
 ('./output/train/20250901-184723-mobilenetv2_vcaV2-224/ema0.9999_checkpoint/checkpoint-50.pth.tar', 67.74000004394532)
 ('./output/train/20250901-184723-mobilenetv2_vcaV2-224/ema0.9999_checkpoint/checkpoint-49.pth.tar', 67.68000004394531)
 ('./output/train/20250901-184723-mobilenetv2_vcaV2-224/ema0.9999_checkpoint/checkpoint-48.pth.tar', 67.63600001464843)
 ('./output/train/20250901-184723-mobilenetv2_vcaV2-224/ema0.9999_checkpoint/checkpoint-47.pth.tar', 67.61400001708985)
 ('./output/train/20250901-184723-mobilenetv2_vcaV2-224/ema0.9999_checkpoint/checkpoint-46.pth.tar', 67.42600001708985)
 ('./output/train/20250901-184723-mobilenetv2_vcaV2-224/ema0.9999_checkpoint/checkpoint-45.pth.tar', 67.34600001708985)
 ('./output/train/20250901-184723-mobilenetv2_vcaV2-224/ema0.9999_checkpoint/checkpoint-44.pth.tar', 67.21600001708984)

2025-09-02 04:50:13,156 -                train: [    INFO] - Train: 54 [   0/2502 (  0%)]  Loss: 43.38 (43.4)  Loss_cat: 0.4404 (0.440)  Loss_feat: 37.33 (37.3)  Loss_gt: 4.072 (4.07)  Loss_kd: 1.542 (1.54) LR: 8.747e-02
2025-09-02 04:51:04,474 -                train: [    INFO] - Train: 54 [ 200/2502 (  8%)]  Loss: 37.79 (40.6)  Loss_cat: 0.3993 (0.420)  Loss_feat: 33.78 (35.6)  Loss_gt: 2.618 (3.34)  Loss_kd: 0.9935 (1.27) LR: 8.747e-02
2025-09-02 04:51:54,233 -                train: [    INFO] - Train: 54 [ 400/2502 ( 16%)]  Loss: 40.46 (40.5)  Loss_cat: 0.4261 (0.422)  Loss_feat: 35.58 (35.6)  Loss_gt: 3.332 (3.34)  Loss_kd: 1.124 (1.22) LR: 8.747e-02
2025-09-02 04:52:45,137 -                train: [    INFO] - Train: 54 [ 600/2502 ( 24%)]  Loss: 39.07 (40.2)  Loss_cat: 0.4028 (0.417)  Loss_feat: 34.45 (35.3)  Loss_gt: 3.103 (3.28)  Loss_kd: 1.110 (1.19) LR: 8.747e-02
2025-09-02 04:53:35,459 -                train: [    INFO] - Train: 54 [ 800/2502 ( 32%)]  Loss: 37.24 (39.6)  Loss_cat: 0.3845 (0.411)  Loss_feat: 33.26 (34.9)  Loss_gt: 2.599 (3.14)  Loss_kd: 1.001 (1.15) LR: 8.747e-02
2025-09-02 04:54:26,150 -                train: [    INFO] - Train: 54 [1000/2502 ( 40%)]  Loss: 37.87 (39.3)  Loss_cat: 0.3915 (0.407)  Loss_feat: 33.80 (34.7)  Loss_gt: 2.638 (3.06)  Loss_kd: 1.034 (1.13) LR: 8.747e-02
2025-09-02 04:55:16,262 -                train: [    INFO] - Train: 54 [1200/2502 ( 48%)]  Loss: 38.93 (39.2)  Loss_cat: 0.4045 (0.407)  Loss_feat: 34.45 (34.7)  Loss_gt: 2.976 (3.05)  Loss_kd: 1.098 (1.13) LR: 8.747e-02
2025-09-02 04:56:06,982 -                train: [    INFO] - Train: 54 [1400/2502 ( 56%)]  Loss: 38.47 (39.2)  Loss_cat: 0.3948 (0.406)  Loss_feat: 34.08 (34.6)  Loss_gt: 2.827 (3.02)  Loss_kd: 1.169 (1.13) LR: 8.747e-02
2025-09-02 04:56:57,385 -                train: [    INFO] - Train: 54 [1600/2502 ( 64%)]  Loss: 36.53 (38.9)  Loss_cat: 0.3747 (0.402)  Loss_feat: 32.78 (34.4)  Loss_gt: 2.436 (2.96)  Loss_kd: 0.9463 (1.11) LR: 8.747e-02
2025-09-02 04:57:48,085 -                train: [    INFO] - Train: 54 [1800/2502 ( 72%)]  Loss: 37.06 (38.7)  Loss_cat: 0.3838 (0.400)  Loss_feat: 33.10 (34.3)  Loss_gt: 2.598 (2.92)  Loss_kd: 0.9807 (1.10) LR: 8.747e-02
2025-09-02 04:58:38,751 -                train: [    INFO] - Train: 54 [2000/2502 ( 80%)]  Loss: 39.08 (38.7)  Loss_cat: 0.3927 (0.400)  Loss_feat: 34.43 (34.3)  Loss_gt: 3.088 (2.94)  Loss_kd: 1.167 (1.11) LR: 8.747e-02
2025-09-02 04:59:29,313 -                train: [    INFO] - Train: 54 [2200/2502 ( 88%)]  Loss: 38.33 (38.7)  Loss_cat: 0.4024 (0.400)  Loss_feat: 34.19 (34.3)  Loss_gt: 2.722 (2.92)  Loss_kd: 1.006 (1.10) LR: 8.747e-02
2025-09-02 05:00:21,423 -                train: [    INFO] - Train: 54 [2400/2502 ( 96%)]  Loss: 40.95 (38.9)  Loss_cat: 0.4219 (0.402)  Loss_feat: 35.66 (34.4)  Loss_gt: 3.596 (2.97)  Loss_kd: 1.270 (1.11) LR: 8.747e-02
2025-09-02 05:00:46,515 -                train: [    INFO] - Train: 54 [2501/2502 (100%)]  Loss: 41.42 (39.0)  Loss_cat: 0.4215 (0.403)  Loss_feat: 36.06 (34.5)  Loss_gt: 3.589 (3.01)  Loss_kd: 1.350 (1.13) LR: 8.747e-02
2025-09-02 05:00:46,515 -                train: [    INFO] - Distributing BatchNorm running means and vars
2025-09-02 05:00:48,188 -                train: [    INFO] - Test: [   0/97]  Time: 1.668 (1.668)  Loss:  1.0909 (1.0909)  Acc@1: 71.8750 (71.8750)  Acc@5: 93.3594 (93.3594)
2025-09-02 05:01:06,158 -                train: [    INFO] - Test: [  97/97]  Time: 0.014 (0.200)  Loss:  1.3116 (1.5396)  Acc@1: 67.2619 (63.4580)  Acc@5: 87.7976 (86.4540)
2025-09-02 05:01:06,365 - timm.utils.checkpoint_saver: [    INFO] - Current checkpoints:
 ('./output/train/20250901-184723-mobilenetv2_vcaV2-224/checkpoint/checkpoint-51.pth.tar', 63.60600000976562)
 ('./output/train/20250901-184723-mobilenetv2_vcaV2-224/checkpoint/checkpoint-54.pth.tar', 63.45799998046875)
 ('./output/train/20250901-184723-mobilenetv2_vcaV2-224/checkpoint/checkpoint-50.pth.tar', 62.74000000732422)
 ('./output/train/20250901-184723-mobilenetv2_vcaV2-224/checkpoint/checkpoint-52.pth.tar', 62.556)
 ('./output/train/20250901-184723-mobilenetv2_vcaV2-224/checkpoint/checkpoint-49.pth.tar', 62.31600002441406)
 ('./output/train/20250901-184723-mobilenetv2_vcaV2-224/checkpoint/checkpoint-48.pth.tar', 62.29399998046875)
 ('./output/train/20250901-184723-mobilenetv2_vcaV2-224/checkpoint/checkpoint-47.pth.tar', 62.22000000488281)
 ('./output/train/20250901-184723-mobilenetv2_vcaV2-224/checkpoint/checkpoint-46.pth.tar', 61.816)
 ('./output/train/20250901-184723-mobilenetv2_vcaV2-224/checkpoint/checkpoint-42.pth.tar', 61.720000048828126)
 ('./output/train/20250901-184723-mobilenetv2_vcaV2-224/checkpoint/checkpoint-45.pth.tar', 61.35000002685547)

2025-09-02 05:01:07,961 -                train: [    INFO] - Test (EMA 0.99990): [   0/97]  Time: 1.592 (1.592)  Loss:  0.8872 (0.8872)  Acc@1: 76.5625 (76.5625)  Acc@5: 94.7266 (94.7266)
2025-09-02 05:01:22,204 -                train: [    INFO] - Test (EMA 0.99990): [  97/97]  Time: 0.014 (0.162)  Loss:  1.0645 (1.2986)  Acc@1: 71.1310 (68.0500)  Acc@5: 91.6667 (89.2360)
2025-09-02 05:01:22,384 - timm.utils.checkpoint_saver: [    INFO] - Current checkpoints:
 ('./output/train/20250901-184723-mobilenetv2_vcaV2-224/ema0.9999_checkpoint/checkpoint-53.pth.tar', 68.06600001708985)
 ('./output/train/20250901-184723-mobilenetv2_vcaV2-224/ema0.9999_checkpoint/checkpoint-54.pth.tar', 68.04999999023437)
 ('./output/train/20250901-184723-mobilenetv2_vcaV2-224/ema0.9999_checkpoint/checkpoint-52.pth.tar', 67.95399999023438)
 ('./output/train/20250901-184723-mobilenetv2_vcaV2-224/ema0.9999_checkpoint/checkpoint-51.pth.tar', 67.81200001708984)
 ('./output/train/20250901-184723-mobilenetv2_vcaV2-224/ema0.9999_checkpoint/checkpoint-50.pth.tar', 67.74000004394532)
 ('./output/train/20250901-184723-mobilenetv2_vcaV2-224/ema0.9999_checkpoint/checkpoint-49.pth.tar', 67.68000004394531)
 ('./output/train/20250901-184723-mobilenetv2_vcaV2-224/ema0.9999_checkpoint/checkpoint-48.pth.tar', 67.63600001464843)
 ('./output/train/20250901-184723-mobilenetv2_vcaV2-224/ema0.9999_checkpoint/checkpoint-47.pth.tar', 67.61400001708985)
 ('./output/train/20250901-184723-mobilenetv2_vcaV2-224/ema0.9999_checkpoint/checkpoint-46.pth.tar', 67.42600001708985)
 ('./output/train/20250901-184723-mobilenetv2_vcaV2-224/ema0.9999_checkpoint/checkpoint-45.pth.tar', 67.34600001708985)

2025-09-02 05:01:24,606 -                train: [    INFO] - Train: 55 [   0/2502 (  0%)]  Loss: 39.07 (39.1)  Loss_cat: 0.4018 (0.402)  Loss_feat: 34.51 (34.5)  Loss_gt: 3.048 (3.05)  Loss_kd: 1.112 (1.11) LR: 8.436e-02
2025-09-02 05:02:15,178 -                train: [    INFO] - Train: 55 [ 200/2502 (  8%)]  Loss: 43.47 (41.3)  Loss_cat: 0.4437 (0.423)  Loss_feat: 37.36 (35.9)  Loss_gt: 4.110 (3.58)  Loss_kd: 1.555 (1.33) LR: 8.436e-02
2025-09-02 05:03:04,877 -                train: [    INFO] - Train: 55 [ 400/2502 ( 16%)]  Loss: 38.97 (40.5)  Loss_cat: 0.3981 (0.415)  Loss_feat: 34.33 (35.4)  Loss_gt: 3.068 (3.41)  Loss_kd: 1.178 (1.28) LR: 8.436e-02
2025-09-02 05:03:55,471 -                train: [    INFO] - Train: 55 [ 600/2502 ( 24%)]  Loss: 37.24 (39.7)  Loss_cat: 0.3889 (0.408)  Loss_feat: 33.37 (34.9)  Loss_gt: 2.543 (3.19)  Loss_kd: 0.9442 (1.20) LR: 8.436e-02
2025-09-02 05:04:45,867 -                train: [    INFO] - Train: 55 [ 800/2502 ( 32%)]  Loss: 39.61 (39.7)  Loss_cat: 0.4036 (0.407)  Loss_feat: 34.76 (34.9)  Loss_gt: 3.220 (3.20)  Loss_kd: 1.218 (1.20) LR: 8.436e-02
2025-09-02 05:05:35,873 -                train: [    INFO] - Train: 55 [1000/2502 ( 40%)]  Loss: 38.97 (39.6)  Loss_cat: 0.4022 (0.406)  Loss_feat: 34.48 (34.8)  Loss_gt: 2.975 (3.16)  Loss_kd: 1.113 (1.19) LR: 8.436e-02
2025-09-02 05:06:26,414 -                train: [    INFO] - Train: 55 [1200/2502 ( 48%)]  Loss: 42.49 (40.0)  Loss_cat: 0.4380 (0.411)  Loss_feat: 36.72 (35.1)  Loss_gt: 3.928 (3.27)  Loss_kd: 1.406 (1.22) LR: 8.436e-02
2025-09-02 05:07:17,321 -                train: [    INFO] - Train: 55 [1400/2502 ( 56%)]  Loss: 39.40 (39.9)  Loss_cat: 0.4100 (0.411)  Loss_feat: 34.84 (35.0)  Loss_gt: 3.023 (3.24)  Loss_kd: 1.135 (1.21) LR: 8.436e-02
2025-09-02 05:08:07,824 -                train: [    INFO] - Train: 55 [1600/2502 ( 64%)]  Loss: 36.75 (39.6)  Loss_cat: 0.3798 (0.407)  Loss_feat: 32.83 (34.8)  Loss_gt: 2.596 (3.17)  Loss_kd: 0.9519 (1.18) LR: 8.436e-02
2025-09-02 05:08:58,586 -                train: [    INFO] - Train: 55 [1800/2502 ( 72%)]  Loss: 38.71 (39.5)  Loss_cat: 0.3963 (0.406)  Loss_feat: 34.17 (34.7)  Loss_gt: 3.052 (3.16)  Loss_kd: 1.088 (1.17) LR: 8.436e-02
2025-09-02 05:09:49,286 -                train: [    INFO] - Train: 55 [2000/2502 ( 80%)]  Loss: 36.46 (39.2)  Loss_cat: 0.3769 (0.404)  Loss_feat: 32.76 (34.6)  Loss_gt: 2.369 (3.08)  Loss_kd: 0.9585 (1.15) LR: 8.436e-02
2025-09-02 05:10:39,232 -                train: [    INFO] - Train: 55 [2200/2502 ( 88%)]  Loss: 41.32 (39.4)  Loss_cat: 0.4284 (0.406)  Loss_feat: 35.90 (34.7)  Loss_gt: 3.599 (3.13)  Loss_kd: 1.393 (1.17) LR: 8.436e-02
2025-09-02 05:11:29,836 -                train: [    INFO] - Train: 55 [2400/2502 ( 96%)]  Loss: 37.27 (39.2)  Loss_cat: 0.3852 (0.404)  Loss_feat: 33.29 (34.6)  Loss_gt: 2.562 (3.08)  Loss_kd: 1.034 (1.16) LR: 8.436e-02
2025-09-02 05:11:54,976 -                train: [    INFO] - Train: 55 [2501/2502 (100%)]  Loss: 36.78 (39.0)  Loss_cat: 0.3774 (0.402)  Loss_feat: 32.80 (34.4)  Loss_gt: 2.611 (3.05)  Loss_kd: 0.9891 (1.15) LR: 8.436e-02
2025-09-02 05:11:54,977 -                train: [    INFO] - Distributing BatchNorm running means and vars
2025-09-02 05:11:56,697 -                train: [    INFO] - Test: [   0/97]  Time: 1.715 (1.715)  Loss:  1.0995 (1.0995)  Acc@1: 74.6094 (74.6094)  Acc@5: 93.5547 (93.5547)
2025-09-02 05:12:13,859 -                train: [    INFO] - Test: [  97/97]  Time: 0.014 (0.193)  Loss:  1.3331 (1.5303)  Acc@1: 69.3452 (63.5180)  Acc@5: 87.7976 (86.7220)
2025-09-02 05:12:14,142 - timm.utils.checkpoint_saver: [    INFO] - Current checkpoints:
 ('./output/train/20250901-184723-mobilenetv2_vcaV2-224/checkpoint/checkpoint-51.pth.tar', 63.60600000976562)
 ('./output/train/20250901-184723-mobilenetv2_vcaV2-224/checkpoint/checkpoint-55.pth.tar', 63.5179999975586)
 ('./output/train/20250901-184723-mobilenetv2_vcaV2-224/checkpoint/checkpoint-54.pth.tar', 63.45799998046875)
 ('./output/train/20250901-184723-mobilenetv2_vcaV2-224/checkpoint/checkpoint-50.pth.tar', 62.74000000732422)
 ('./output/train/20250901-184723-mobilenetv2_vcaV2-224/checkpoint/checkpoint-52.pth.tar', 62.556)
 ('./output/train/20250901-184723-mobilenetv2_vcaV2-224/checkpoint/checkpoint-49.pth.tar', 62.31600002441406)
 ('./output/train/20250901-184723-mobilenetv2_vcaV2-224/checkpoint/checkpoint-48.pth.tar', 62.29399998046875)
 ('./output/train/20250901-184723-mobilenetv2_vcaV2-224/checkpoint/checkpoint-47.pth.tar', 62.22000000488281)
 ('./output/train/20250901-184723-mobilenetv2_vcaV2-224/checkpoint/checkpoint-46.pth.tar', 61.816)
 ('./output/train/20250901-184723-mobilenetv2_vcaV2-224/checkpoint/checkpoint-42.pth.tar', 61.720000048828126)

2025-09-02 05:12:15,685 -                train: [    INFO] - Test (EMA 0.99990): [   0/97]  Time: 1.538 (1.538)  Loss:  0.8849 (0.8849)  Acc@1: 76.7578 (76.7578)  Acc@5: 95.1172 (95.1172)
2025-09-02 05:12:30,237 -                train: [    INFO] - Test (EMA 0.99990): [  97/97]  Time: 0.014 (0.164)  Loss:  1.0637 (1.2950)  Acc@1: 71.7262 (68.1120)  Acc@5: 91.9643 (89.3380)
2025-09-02 05:12:30,441 - timm.utils.checkpoint_saver: [    INFO] - Current checkpoints:
 ('./output/train/20250901-184723-mobilenetv2_vcaV2-224/ema0.9999_checkpoint/checkpoint-55.pth.tar', 68.1120000390625)
 ('./output/train/20250901-184723-mobilenetv2_vcaV2-224/ema0.9999_checkpoint/checkpoint-53.pth.tar', 68.06600001708985)
 ('./output/train/20250901-184723-mobilenetv2_vcaV2-224/ema0.9999_checkpoint/checkpoint-54.pth.tar', 68.04999999023437)
 ('./output/train/20250901-184723-mobilenetv2_vcaV2-224/ema0.9999_checkpoint/checkpoint-52.pth.tar', 67.95399999023438)
 ('./output/train/20250901-184723-mobilenetv2_vcaV2-224/ema0.9999_checkpoint/checkpoint-51.pth.tar', 67.81200001708984)
 ('./output/train/20250901-184723-mobilenetv2_vcaV2-224/ema0.9999_checkpoint/checkpoint-50.pth.tar', 67.74000004394532)
 ('./output/train/20250901-184723-mobilenetv2_vcaV2-224/ema0.9999_checkpoint/checkpoint-49.pth.tar', 67.68000004394531)
 ('./output/train/20250901-184723-mobilenetv2_vcaV2-224/ema0.9999_checkpoint/checkpoint-48.pth.tar', 67.63600001464843)
 ('./output/train/20250901-184723-mobilenetv2_vcaV2-224/ema0.9999_checkpoint/checkpoint-47.pth.tar', 67.61400001708985)
 ('./output/train/20250901-184723-mobilenetv2_vcaV2-224/ema0.9999_checkpoint/checkpoint-46.pth.tar', 67.42600001708985)

2025-09-02 05:12:32,476 -                train: [    INFO] - Train: 56 [   0/2502 (  0%)]  Loss: 37.46 (37.5)  Loss_cat: 0.3877 (0.388)  Loss_feat: 33.42 (33.4)  Loss_gt: 2.645 (2.65)  Loss_kd: 1.003 (1.00) LR: 8.126e-02
2025-09-02 05:13:23,316 -                train: [    INFO] - Train: 56 [ 200/2502 (  8%)]  Loss: 35.55 (36.5)  Loss_cat: 0.3649 (0.376)  Loss_feat: 31.98 (32.7)  Loss_gt: 2.298 (2.47)  Loss_kd: 0.9143 (0.959) LR: 8.126e-02
2025-09-02 05:14:13,464 -                train: [    INFO] - Train: 56 [ 400/2502 ( 16%)]  Loss: 40.12 (37.7)  Loss_cat: 0.4102 (0.388)  Loss_feat: 35.19 (33.5)  Loss_gt: 3.249 (2.73)  Loss_kd: 1.271 (1.06) LR: 8.126e-02
2025-09-02 05:15:03,248 -                train: [    INFO] - Train: 56 [ 600/2502 ( 24%)]  Loss: 43.14 (39.1)  Loss_cat: 0.4451 (0.402)  Loss_feat: 37.16 (34.4)  Loss_gt: 4.060 (3.06)  Loss_kd: 1.474 (1.17) LR: 8.126e-02
2025-09-02 05:15:53,753 -                train: [    INFO] - Train: 56 [ 800/2502 ( 32%)]  Loss: 36.04 (38.5)  Loss_cat: 0.3695 (0.395)  Loss_feat: 32.45 (34.0)  Loss_gt: 2.318 (2.91)  Loss_kd: 0.9038 (1.11) LR: 8.126e-02
2025-09-02 05:16:44,584 -                train: [    INFO] - Train: 56 [1000/2502 ( 40%)]  Loss: 42.36 (39.1)  Loss_cat: 0.4236 (0.400)  Loss_feat: 36.74 (34.5)  Loss_gt: 3.809 (3.06)  Loss_kd: 1.390 (1.16) LR: 8.126e-02
2025-09-02 05:17:35,296 -                train: [    INFO] - Train: 56 [1200/2502 ( 48%)]  Loss: 36.96 (38.8)  Loss_cat: 0.3815 (0.398)  Loss_feat: 33.11 (34.3)  Loss_gt: 2.518 (2.99)  Loss_kd: 0.9522 (1.13) LR: 8.126e-02
2025-09-02 05:18:25,267 -                train: [    INFO] - Train: 56 [1400/2502 ( 56%)]  Loss: 39.70 (38.9)  Loss_cat: 0.4190 (0.400)  Loss_feat: 35.10 (34.4)  Loss_gt: 3.070 (3.00)  Loss_kd: 1.106 (1.13) LR: 8.126e-02
2025-09-02 05:19:16,332 -                train: [    INFO] - Train: 56 [1600/2502 ( 64%)]  Loss: 38.97 (38.9)  Loss_cat: 0.4078 (0.401)  Loss_feat: 34.55 (34.4)  Loss_gt: 2.927 (2.99)  Loss_kd: 1.080 (1.12) LR: 8.126e-02
2025-09-02 05:20:07,332 -                train: [    INFO] - Train: 56 [1800/2502 ( 72%)]  Loss: 40.51 (39.1)  Loss_cat: 0.4174 (0.403)  Loss_feat: 35.34 (34.5)  Loss_gt: 3.490 (3.04)  Loss_kd: 1.257 (1.14) LR: 8.126e-02
2025-09-02 05:20:58,047 -                train: [    INFO] - Train: 56 [2000/2502 ( 80%)]  Loss: 40.82 (39.2)  Loss_cat: 0.4195 (0.404)  Loss_feat: 35.77 (34.6)  Loss_gt: 3.411 (3.07)  Loss_kd: 1.223 (1.14) LR: 8.126e-02
2025-09-02 05:21:49,162 -                train: [    INFO] - Train: 56 [2200/2502 ( 88%)]  Loss: 39.74 (39.3)  Loss_cat: 0.4063 (0.404)  Loss_feat: 34.90 (34.6)  Loss_gt: 3.241 (3.09)  Loss_kd: 1.194 (1.15) LR: 8.126e-02
2025-09-02 05:22:40,004 -                train: [    INFO] - Train: 56 [2400/2502 ( 96%)]  Loss: 37.51 (39.1)  Loss_cat: 0.3915 (0.403)  Loss_feat: 33.56 (34.6)  Loss_gt: 2.675 (3.05)  Loss_kd: 0.8880 (1.13) LR: 8.126e-02
2025-09-02 05:23:05,154 -                train: [    INFO] - Train: 56 [2501/2502 (100%)]  Loss: 38.91 (39.1)  Loss_cat: 0.4071 (0.404)  Loss_feat: 34.65 (34.6)  Loss_gt: 2.877 (3.04)  Loss_kd: 0.9791 (1.12) LR: 8.126e-02
2025-09-02 05:23:05,154 -                train: [    INFO] - Distributing BatchNorm running means and vars
2025-09-02 05:23:07,019 -                train: [    INFO] - Test: [   0/97]  Time: 1.860 (1.860)  Loss:  1.0084 (1.0084)  Acc@1: 75.9766 (75.9766)  Acc@5: 93.9453 (93.9453)
2025-09-02 05:23:23,847 -                train: [    INFO] - Test: [  97/97]  Time: 0.014 (0.191)  Loss:  1.3893 (1.5739)  Acc@1: 67.2619 (63.1400)  Acc@5: 86.6071 (86.3460)
2025-09-02 05:23:24,015 - timm.utils.checkpoint_saver: [    INFO] - Current checkpoints:
 ('./output/train/20250901-184723-mobilenetv2_vcaV2-224/checkpoint/checkpoint-51.pth.tar', 63.60600000976562)
 ('./output/train/20250901-184723-mobilenetv2_vcaV2-224/checkpoint/checkpoint-55.pth.tar', 63.5179999975586)
 ('./output/train/20250901-184723-mobilenetv2_vcaV2-224/checkpoint/checkpoint-54.pth.tar', 63.45799998046875)
 ('./output/train/20250901-184723-mobilenetv2_vcaV2-224/checkpoint/checkpoint-56.pth.tar', 63.14000003173828)
 ('./output/train/20250901-184723-mobilenetv2_vcaV2-224/checkpoint/checkpoint-50.pth.tar', 62.74000000732422)
 ('./output/train/20250901-184723-mobilenetv2_vcaV2-224/checkpoint/checkpoint-52.pth.tar', 62.556)
 ('./output/train/20250901-184723-mobilenetv2_vcaV2-224/checkpoint/checkpoint-49.pth.tar', 62.31600002441406)
 ('./output/train/20250901-184723-mobilenetv2_vcaV2-224/checkpoint/checkpoint-48.pth.tar', 62.29399998046875)
 ('./output/train/20250901-184723-mobilenetv2_vcaV2-224/checkpoint/checkpoint-47.pth.tar', 62.22000000488281)
 ('./output/train/20250901-184723-mobilenetv2_vcaV2-224/checkpoint/checkpoint-46.pth.tar', 61.816)

2025-09-02 05:23:25,439 -                train: [    INFO] - Test (EMA 0.99990): [   0/97]  Time: 1.417 (1.417)  Loss:  0.8821 (0.8821)  Acc@1: 77.7344 (77.7344)  Acc@5: 95.3125 (95.3125)
2025-09-02 05:23:41,802 -                train: [    INFO] - Test (EMA 0.99990): [  97/97]  Time: 0.014 (0.181)  Loss:  1.0648 (1.2913)  Acc@1: 72.3214 (68.1960)  Acc@5: 91.9643 (89.3820)
2025-09-02 05:23:41,983 - timm.utils.checkpoint_saver: [    INFO] - Current checkpoints:
 ('./output/train/20250901-184723-mobilenetv2_vcaV2-224/ema0.9999_checkpoint/checkpoint-56.pth.tar', 68.19599998535156)
 ('./output/train/20250901-184723-mobilenetv2_vcaV2-224/ema0.9999_checkpoint/checkpoint-55.pth.tar', 68.1120000390625)
 ('./output/train/20250901-184723-mobilenetv2_vcaV2-224/ema0.9999_checkpoint/checkpoint-53.pth.tar', 68.06600001708985)
 ('./output/train/20250901-184723-mobilenetv2_vcaV2-224/ema0.9999_checkpoint/checkpoint-54.pth.tar', 68.04999999023437)
 ('./output/train/20250901-184723-mobilenetv2_vcaV2-224/ema0.9999_checkpoint/checkpoint-52.pth.tar', 67.95399999023438)
 ('./output/train/20250901-184723-mobilenetv2_vcaV2-224/ema0.9999_checkpoint/checkpoint-51.pth.tar', 67.81200001708984)
 ('./output/train/20250901-184723-mobilenetv2_vcaV2-224/ema0.9999_checkpoint/checkpoint-50.pth.tar', 67.74000004394532)
 ('./output/train/20250901-184723-mobilenetv2_vcaV2-224/ema0.9999_checkpoint/checkpoint-49.pth.tar', 67.68000004394531)
 ('./output/train/20250901-184723-mobilenetv2_vcaV2-224/ema0.9999_checkpoint/checkpoint-48.pth.tar', 67.63600001464843)
 ('./output/train/20250901-184723-mobilenetv2_vcaV2-224/ema0.9999_checkpoint/checkpoint-47.pth.tar', 67.61400001708985)

2025-09-02 05:23:43,951 -                train: [    INFO] - Train: 57 [   0/2502 (  0%)]  Loss: 39.62 (39.6)  Loss_cat: 0.4177 (0.418)  Loss_feat: 34.92 (34.9)  Loss_gt: 3.130 (3.13)  Loss_kd: 1.160 (1.16) LR: 7.819e-02
2025-09-02 05:24:34,306 -                train: [    INFO] - Train: 57 [ 200/2502 (  8%)]  Loss: 40.20 (39.9)  Loss_cat: 0.4136 (0.416)  Loss_feat: 35.20 (35.1)  Loss_gt: 3.335 (3.23)  Loss_kd: 1.246 (1.20) LR: 7.819e-02
2025-09-02 05:25:28,009 -                train: [    INFO] - Train: 57 [ 400/2502 ( 16%)]  Loss: 39.26 (39.7)  Loss_cat: 0.4092 (0.414)  Loss_feat: 34.70 (34.9)  Loss_gt: 3.052 (3.17)  Loss_kd: 1.098 (1.17) LR: 7.819e-02
2025-09-02 05:26:18,363 -                train: [    INFO] - Train: 57 [ 600/2502 ( 24%)]  Loss: 43.03 (40.5)  Loss_cat: 0.4424 (0.421)  Loss_feat: 37.22 (35.5)  Loss_gt: 3.965 (3.37)  Loss_kd: 1.403 (1.23) LR: 7.819e-02
2025-09-02 05:27:08,496 -                train: [    INFO] - Train: 57 [ 800/2502 ( 32%)]  Loss: 38.98 (40.2)  Loss_cat: 0.4032 (0.417)  Loss_feat: 34.44 (35.3)  Loss_gt: 2.987 (3.29)  Loss_kd: 1.154 (1.21) LR: 7.819e-02
2025-09-02 05:27:59,311 -                train: [    INFO] - Train: 57 [1000/2502 ( 40%)]  Loss: 41.90 (40.5)  Loss_cat: 0.4200 (0.418)  Loss_feat: 36.25 (35.5)  Loss_gt: 3.866 (3.39)  Loss_kd: 1.357 (1.24) LR: 7.819e-02
2025-09-02 05:28:50,206 -                train: [    INFO] - Train: 57 [1200/2502 ( 48%)]  Loss: 37.77 (40.1)  Loss_cat: 0.3905 (0.414)  Loss_feat: 33.71 (35.2)  Loss_gt: 2.656 (3.28)  Loss_kd: 1.018 (1.21) LR: 7.819e-02
2025-09-02 05:29:40,366 -                train: [    INFO] - Train: 57 [1400/2502 ( 56%)]  Loss: 41.78 (40.3)  Loss_cat: 0.4228 (0.415)  Loss_feat: 36.32 (35.3)  Loss_gt: 3.690 (3.33)  Loss_kd: 1.346 (1.22) LR: 7.819e-02
2025-09-02 05:30:31,475 -                train: [    INFO] - Train: 57 [1600/2502 ( 64%)]  Loss: 38.23 (40.1)  Loss_cat: 0.3894 (0.412)  Loss_feat: 33.89 (35.2)  Loss_gt: 2.834 (3.28)  Loss_kd: 1.114 (1.21) LR: 7.819e-02
2025-09-02 05:31:22,824 -                train: [    INFO] - Train: 57 [1800/2502 ( 72%)]  Loss: 36.54 (39.7)  Loss_cat: 0.3806 (0.409)  Loss_feat: 32.81 (34.9)  Loss_gt: 2.428 (3.19)  Loss_kd: 0.9203 (1.18) LR: 7.819e-02
2025-09-02 05:32:12,751 -                train: [    INFO] - Train: 57 [2000/2502 ( 80%)]  Loss: 39.83 (39.7)  Loss_cat: 0.4131 (0.409)  Loss_feat: 34.91 (34.9)  Loss_gt: 3.283 (3.20)  Loss_kd: 1.224 (1.19) LR: 7.819e-02
2025-09-02 05:33:03,476 -                train: [    INFO] - Train: 57 [2200/2502 ( 88%)]  Loss: 38.47 (39.6)  Loss_cat: 0.3929 (0.408)  Loss_feat: 34.05 (34.9)  Loss_gt: 2.929 (3.18)  Loss_kd: 1.104 (1.18) LR: 7.819e-02
2025-09-02 05:33:53,821 -                train: [    INFO] - Train: 57 [2400/2502 ( 96%)]  Loss: 39.86 (39.7)  Loss_cat: 0.4050 (0.408)  Loss_feat: 35.14 (34.9)  Loss_gt: 3.143 (3.18)  Loss_kd: 1.175 (1.18) LR: 7.819e-02
2025-09-02 05:34:19,379 -                train: [    INFO] - Train: 57 [2501/2502 (100%)]  Loss: 37.23 (39.5)  Loss_cat: 0.3831 (0.406)  Loss_feat: 33.28 (34.8)  Loss_gt: 2.559 (3.13)  Loss_kd: 1.004 (1.17) LR: 7.819e-02
2025-09-02 05:34:19,379 -                train: [    INFO] - Distributing BatchNorm running means and vars
2025-09-02 05:34:21,036 -                train: [    INFO] - Test: [   0/97]  Time: 1.651 (1.651)  Loss:  0.9570 (0.9570)  Acc@1: 75.9766 (75.9766)  Acc@5: 93.9453 (93.9453)
2025-09-02 05:34:38,068 -                train: [    INFO] - Test: [  97/97]  Time: 0.014 (0.191)  Loss:  1.2424 (1.5213)  Acc@1: 70.8333 (63.8400)  Acc@5: 90.1786 (86.7000)
2025-09-02 05:34:38,308 - timm.utils.checkpoint_saver: [    INFO] - Current checkpoints:
 ('./output/train/20250901-184723-mobilenetv2_vcaV2-224/checkpoint/checkpoint-57.pth.tar', 63.84000001708984)
 ('./output/train/20250901-184723-mobilenetv2_vcaV2-224/checkpoint/checkpoint-51.pth.tar', 63.60600000976562)
 ('./output/train/20250901-184723-mobilenetv2_vcaV2-224/checkpoint/checkpoint-55.pth.tar', 63.5179999975586)
 ('./output/train/20250901-184723-mobilenetv2_vcaV2-224/checkpoint/checkpoint-54.pth.tar', 63.45799998046875)
 ('./output/train/20250901-184723-mobilenetv2_vcaV2-224/checkpoint/checkpoint-56.pth.tar', 63.14000003173828)
 ('./output/train/20250901-184723-mobilenetv2_vcaV2-224/checkpoint/checkpoint-50.pth.tar', 62.74000000732422)
 ('./output/train/20250901-184723-mobilenetv2_vcaV2-224/checkpoint/checkpoint-52.pth.tar', 62.556)
 ('./output/train/20250901-184723-mobilenetv2_vcaV2-224/checkpoint/checkpoint-49.pth.tar', 62.31600002441406)
 ('./output/train/20250901-184723-mobilenetv2_vcaV2-224/checkpoint/checkpoint-48.pth.tar', 62.29399998046875)
 ('./output/train/20250901-184723-mobilenetv2_vcaV2-224/checkpoint/checkpoint-47.pth.tar', 62.22000000488281)

2025-09-02 05:34:39,704 -                train: [    INFO] - Test (EMA 0.99990): [   0/97]  Time: 1.391 (1.391)  Loss:  0.8748 (0.8748)  Acc@1: 78.1250 (78.1250)  Acc@5: 95.1172 (95.1172)
2025-09-02 05:34:54,274 -                train: [    INFO] - Test (EMA 0.99990): [  97/97]  Time: 0.014 (0.163)  Loss:  1.0667 (1.2871)  Acc@1: 72.6190 (68.3400)  Acc@5: 91.6667 (89.4540)
2025-09-02 05:34:54,464 - timm.utils.checkpoint_saver: [    INFO] - Current checkpoints:
 ('./output/train/20250901-184723-mobilenetv2_vcaV2-224/ema0.9999_checkpoint/checkpoint-57.pth.tar', 68.34000000976563)
 ('./output/train/20250901-184723-mobilenetv2_vcaV2-224/ema0.9999_checkpoint/checkpoint-56.pth.tar', 68.19599998535156)
 ('./output/train/20250901-184723-mobilenetv2_vcaV2-224/ema0.9999_checkpoint/checkpoint-55.pth.tar', 68.1120000390625)
 ('./output/train/20250901-184723-mobilenetv2_vcaV2-224/ema0.9999_checkpoint/checkpoint-53.pth.tar', 68.06600001708985)
 ('./output/train/20250901-184723-mobilenetv2_vcaV2-224/ema0.9999_checkpoint/checkpoint-54.pth.tar', 68.04999999023437)
 ('./output/train/20250901-184723-mobilenetv2_vcaV2-224/ema0.9999_checkpoint/checkpoint-52.pth.tar', 67.95399999023438)
 ('./output/train/20250901-184723-mobilenetv2_vcaV2-224/ema0.9999_checkpoint/checkpoint-51.pth.tar', 67.81200001708984)
 ('./output/train/20250901-184723-mobilenetv2_vcaV2-224/ema0.9999_checkpoint/checkpoint-50.pth.tar', 67.74000004394532)
 ('./output/train/20250901-184723-mobilenetv2_vcaV2-224/ema0.9999_checkpoint/checkpoint-49.pth.tar', 67.68000004394531)
 ('./output/train/20250901-184723-mobilenetv2_vcaV2-224/ema0.9999_checkpoint/checkpoint-48.pth.tar', 67.63600001464843)

2025-09-02 05:34:56,419 -                train: [    INFO] - Train: 58 [   0/2502 (  0%)]  Loss: 37.76 (37.8)  Loss_cat: 0.3921 (0.392)  Loss_feat: 33.79 (33.8)  Loss_gt: 2.622 (2.62)  Loss_kd: 0.9544 (0.954) LR: 7.513e-02
2025-09-02 05:35:47,311 -                train: [    INFO] - Train: 58 [ 200/2502 (  8%)]  Loss: 38.99 (38.4)  Loss_cat: 0.4019 (0.397)  Loss_feat: 34.52 (34.2)  Loss_gt: 2.993 (2.81)  Loss_kd: 1.079 (1.02) LR: 7.513e-02
2025-09-02 05:36:37,759 -                train: [    INFO] - Train: 58 [ 400/2502 ( 16%)]  Loss: 35.87 (37.5)  Loss_cat: 0.3713 (0.388)  Loss_feat: 32.36 (33.6)  Loss_gt: 2.283 (2.63)  Loss_kd: 0.8555 (0.963) LR: 7.513e-02
2025-09-02 05:37:27,883 -                train: [    INFO] - Train: 58 [ 600/2502 ( 24%)]  Loss: 38.21 (37.7)  Loss_cat: 0.4114 (0.394)  Loss_feat: 34.29 (33.7)  Loss_gt: 2.570 (2.62)  Loss_kd: 0.9374 (0.956) LR: 7.513e-02
2025-09-02 05:38:17,663 -                train: [    INFO] - Train: 58 [ 800/2502 ( 32%)]  Loss: 36.99 (37.6)  Loss_cat: 0.3804 (0.391)  Loss_feat: 33.08 (33.6)  Loss_gt: 2.609 (2.62)  Loss_kd: 0.9212 (0.949) LR: 7.513e-02
2025-09-02 05:39:08,097 -                train: [    INFO] - Train: 58 [1000/2502 ( 40%)]  Loss: 37.24 (37.5)  Loss_cat: 0.3865 (0.391)  Loss_feat: 33.35 (33.6)  Loss_gt: 2.517 (2.60)  Loss_kd: 0.9852 (0.955) LR: 7.513e-02
2025-09-02 05:39:58,801 -                train: [    INFO] - Train: 58 [1200/2502 ( 48%)]  Loss: 39.80 (37.8)  Loss_cat: 0.4135 (0.394)  Loss_feat: 35.08 (33.8)  Loss_gt: 3.134 (2.68)  Loss_kd: 1.173 (0.986) LR: 7.513e-02
2025-09-02 05:40:49,369 -                train: [    INFO] - Train: 58 [1400/2502 ( 56%)]  Loss: 38.66 (37.9)  Loss_cat: 0.3942 (0.394)  Loss_feat: 34.10 (33.8)  Loss_gt: 2.994 (2.72)  Loss_kd: 1.178 (1.01) LR: 7.513e-02
2025-09-02 05:41:42,223 -                train: [    INFO] - Train: 58 [1600/2502 ( 64%)]  Loss: 40.57 (38.2)  Loss_cat: 0.4116 (0.396)  Loss_feat: 35.38 (34.0)  Loss_gt: 3.449 (2.80)  Loss_kd: 1.326 (1.05) LR: 7.513e-02
2025-09-02 05:42:35,247 -                train: [    INFO] - Train: 58 [1800/2502 ( 72%)]  Loss: 39.41 (38.4)  Loss_cat: 0.4096 (0.397)  Loss_feat: 34.86 (34.1)  Loss_gt: 3.041 (2.82)  Loss_kd: 1.101 (1.05) LR: 7.513e-02
2025-09-02 05:43:25,520 -                train: [    INFO] - Train: 58 [2000/2502 ( 80%)]  Loss: 38.87 (38.4)  Loss_cat: 0.4012 (0.398)  Loss_feat: 34.47 (34.1)  Loss_gt: 2.947 (2.83)  Loss_kd: 1.051 (1.05) LR: 7.513e-02
2025-09-02 05:44:16,229 -                train: [    INFO] - Train: 58 [2200/2502 ( 88%)]  Loss: 42.41 (38.7)  Loss_cat: 0.4306 (0.400)  Loss_feat: 36.73 (34.3)  Loss_gt: 3.879 (2.92)  Loss_kd: 1.368 (1.08) LR: 7.513e-02
2025-09-02 05:45:07,035 -                train: [    INFO] - Train: 58 [2400/2502 ( 96%)]  Loss: 39.85 (38.8)  Loss_cat: 0.4088 (0.401)  Loss_feat: 35.07 (34.4)  Loss_gt: 3.206 (2.94)  Loss_kd: 1.162 (1.08) LR: 7.513e-02
2025-09-02 05:45:32,120 -                train: [    INFO] - Train: 58 [2501/2502 (100%)]  Loss: 39.98 (38.9)  Loss_cat: 0.4105 (0.402)  Loss_feat: 35.24 (34.5)  Loss_gt: 3.210 (2.96)  Loss_kd: 1.113 (1.09) LR: 7.513e-02
2025-09-02 05:45:32,121 -                train: [    INFO] - Distributing BatchNorm running means and vars
2025-09-02 05:45:33,751 -                train: [    INFO] - Test: [   0/97]  Time: 1.625 (1.625)  Loss:  1.2453 (1.2453)  Acc@1: 68.3594 (68.3594)  Acc@5: 91.9922 (91.9922)
2025-09-02 05:45:50,932 -                train: [    INFO] - Test: [  97/97]  Time: 0.014 (0.192)  Loss:  1.4398 (1.6114)  Acc@1: 66.9643 (62.5360)  Acc@5: 85.7143 (85.8380)
2025-09-02 05:45:51,094 - timm.utils.checkpoint_saver: [    INFO] - Current checkpoints:
 ('./output/train/20250901-184723-mobilenetv2_vcaV2-224/checkpoint/checkpoint-57.pth.tar', 63.84000001708984)
 ('./output/train/20250901-184723-mobilenetv2_vcaV2-224/checkpoint/checkpoint-51.pth.tar', 63.60600000976562)
 ('./output/train/20250901-184723-mobilenetv2_vcaV2-224/checkpoint/checkpoint-55.pth.tar', 63.5179999975586)
 ('./output/train/20250901-184723-mobilenetv2_vcaV2-224/checkpoint/checkpoint-54.pth.tar', 63.45799998046875)
 ('./output/train/20250901-184723-mobilenetv2_vcaV2-224/checkpoint/checkpoint-56.pth.tar', 63.14000003173828)
 ('./output/train/20250901-184723-mobilenetv2_vcaV2-224/checkpoint/checkpoint-50.pth.tar', 62.74000000732422)
 ('./output/train/20250901-184723-mobilenetv2_vcaV2-224/checkpoint/checkpoint-52.pth.tar', 62.556)
 ('./output/train/20250901-184723-mobilenetv2_vcaV2-224/checkpoint/checkpoint-58.pth.tar', 62.53599995605469)
 ('./output/train/20250901-184723-mobilenetv2_vcaV2-224/checkpoint/checkpoint-49.pth.tar', 62.31600002441406)
 ('./output/train/20250901-184723-mobilenetv2_vcaV2-224/checkpoint/checkpoint-48.pth.tar', 62.29399998046875)

2025-09-02 05:45:52,588 -                train: [    INFO] - Test (EMA 0.99990): [   0/97]  Time: 1.489 (1.489)  Loss:  0.8705 (0.8705)  Acc@1: 77.7344 (77.7344)  Acc@5: 95.5078 (95.5078)
2025-09-02 05:46:08,540 -                train: [    INFO] - Test (EMA 0.99990): [  97/97]  Time: 0.014 (0.178)  Loss:  1.0584 (1.2831)  Acc@1: 72.0238 (68.4280)  Acc@5: 91.9643 (89.5400)
2025-09-02 05:46:08,916 - timm.utils.checkpoint_saver: [    INFO] - Current checkpoints:
 ('./output/train/20250901-184723-mobilenetv2_vcaV2-224/ema0.9999_checkpoint/checkpoint-58.pth.tar', 68.42800001220704)
 ('./output/train/20250901-184723-mobilenetv2_vcaV2-224/ema0.9999_checkpoint/checkpoint-57.pth.tar', 68.34000000976563)
 ('./output/train/20250901-184723-mobilenetv2_vcaV2-224/ema0.9999_checkpoint/checkpoint-56.pth.tar', 68.19599998535156)
 ('./output/train/20250901-184723-mobilenetv2_vcaV2-224/ema0.9999_checkpoint/checkpoint-55.pth.tar', 68.1120000390625)
 ('./output/train/20250901-184723-mobilenetv2_vcaV2-224/ema0.9999_checkpoint/checkpoint-53.pth.tar', 68.06600001708985)
 ('./output/train/20250901-184723-mobilenetv2_vcaV2-224/ema0.9999_checkpoint/checkpoint-54.pth.tar', 68.04999999023437)
 ('./output/train/20250901-184723-mobilenetv2_vcaV2-224/ema0.9999_checkpoint/checkpoint-52.pth.tar', 67.95399999023438)
 ('./output/train/20250901-184723-mobilenetv2_vcaV2-224/ema0.9999_checkpoint/checkpoint-51.pth.tar', 67.81200001708984)
 ('./output/train/20250901-184723-mobilenetv2_vcaV2-224/ema0.9999_checkpoint/checkpoint-50.pth.tar', 67.74000004394532)
 ('./output/train/20250901-184723-mobilenetv2_vcaV2-224/ema0.9999_checkpoint/checkpoint-49.pth.tar', 67.68000004394531)

2025-09-02 05:46:10,806 -                train: [    INFO] - Train: 59 [   0/2502 (  0%)]  Loss: 37.91 (37.9)  Loss_cat: 0.3902 (0.390)  Loss_feat: 33.88 (33.9)  Loss_gt: 2.682 (2.68)  Loss_kd: 0.9624 (0.962) LR: 7.210e-02
2025-09-02 05:47:01,182 -                train: [    INFO] - Train: 59 [ 200/2502 (  8%)]  Loss: 42.85 (40.4)  Loss_cat: 0.4463 (0.418)  Loss_feat: 37.19 (35.5)  Loss_gt: 3.855 (3.27)  Loss_kd: 1.352 (1.16) LR: 7.210e-02
2025-09-02 05:47:51,271 -                train: [    INFO] - Train: 59 [ 400/2502 ( 16%)]  Loss: 37.33 (39.4)  Loss_cat: 0.3905 (0.409)  Loss_feat: 33.40 (34.8)  Loss_gt: 2.578 (3.04)  Loss_kd: 0.9629 (1.09) LR: 7.210e-02
2025-09-02 05:48:41,746 -                train: [    INFO] - Train: 59 [ 600/2502 ( 24%)]  Loss: 38.98 (39.3)  Loss_cat: 0.4043 (0.408)  Loss_feat: 34.54 (34.8)  Loss_gt: 2.911 (3.01)  Loss_kd: 1.132 (1.10) LR: 7.210e-02
2025-09-02 05:49:31,672 -                train: [    INFO] - Train: 59 [ 800/2502 ( 32%)]  Loss: 38.57 (39.1)  Loss_cat: 0.3891 (0.404)  Loss_feat: 33.98 (34.6)  Loss_gt: 3.033 (3.01)  Loss_kd: 1.176 (1.12) LR: 7.210e-02
2025-09-02 05:50:22,270 -                train: [    INFO] - Train: 59 [1000/2502 ( 40%)]  Loss: 36.43 (38.7)  Loss_cat: 0.3736 (0.399)  Loss_feat: 32.60 (34.3)  Loss_gt: 2.462 (2.92)  Loss_kd: 0.9948 (1.10) LR: 7.210e-02
2025-09-02 05:51:13,441 -                train: [    INFO] - Train: 59 [1200/2502 ( 48%)]  Loss: 38.38 (38.6)  Loss_cat: 0.4004 (0.399)  Loss_feat: 34.16 (34.2)  Loss_gt: 2.806 (2.90)  Loss_kd: 1.018 (1.09) LR: 7.210e-02
2025-09-02 05:52:04,438 -                train: [    INFO] - Train: 59 [1400/2502 ( 56%)]  Loss: 35.89 (38.3)  Loss_cat: 0.3735 (0.396)  Loss_feat: 32.28 (34.0)  Loss_gt: 2.352 (2.83)  Loss_kd: 0.8873 (1.06) LR: 7.210e-02
2025-09-02 05:52:55,737 -                train: [    INFO] - Train: 59 [1600/2502 ( 64%)]  Loss: 37.61 (38.2)  Loss_cat: 0.3898 (0.395)  Loss_feat: 33.59 (34.0)  Loss_gt: 2.657 (2.82)  Loss_kd: 0.9722 (1.05) LR: 7.210e-02
2025-09-02 05:53:46,125 -                train: [    INFO] - Train: 59 [1800/2502 ( 72%)]  Loss: 36.75 (38.1)  Loss_cat: 0.3771 (0.393)  Loss_feat: 32.84 (33.8)  Loss_gt: 2.560 (2.79)  Loss_kd: 0.9649 (1.04) LR: 7.210e-02
2025-09-02 05:54:36,731 -                train: [    INFO] - Train: 59 [2000/2502 ( 80%)]  Loss: 37.69 (38.0)  Loss_cat: 0.3865 (0.393)  Loss_feat: 33.44 (33.8)  Loss_gt: 2.808 (2.79)  Loss_kd: 1.056 (1.04) LR: 7.210e-02
2025-09-02 05:55:32,020 -                train: [    INFO] - Train: 59 [2200/2502 ( 88%)]  Loss: 41.63 (38.3)  Loss_cat: 0.4180 (0.395)  Loss_feat: 36.15 (34.0)  Loss_gt: 3.723 (2.87)  Loss_kd: 1.337 (1.07) LR: 7.210e-02
2025-09-02 05:56:24,951 -                train: [    INFO] - Train: 59 [2400/2502 ( 96%)]  Loss: 40.43 (38.5)  Loss_cat: 0.4192 (0.397)  Loss_feat: 35.51 (34.1)  Loss_gt: 3.291 (2.90)  Loss_kd: 1.208 (1.08) LR: 7.210e-02
2025-09-02 05:56:50,811 -                train: [    INFO] - Train: 59 [2501/2502 (100%)]  Loss: 41.10 (38.7)  Loss_cat: 0.4251 (0.399)  Loss_feat: 36.11 (34.3)  Loss_gt: 3.416 (2.94)  Loss_kd: 1.157 (1.08) LR: 7.210e-02
2025-09-02 05:56:50,811 -                train: [    INFO] - Distributing BatchNorm running means and vars
2025-09-02 05:56:52,350 -                train: [    INFO] - Test: [   0/97]  Time: 1.534 (1.534)  Loss:  1.0482 (1.0482)  Acc@1: 76.9531 (76.9531)  Acc@5: 93.5547 (93.5547)
2025-09-02 05:57:09,275 -                train: [    INFO] - Test: [  97/97]  Time: 0.014 (0.188)  Loss:  1.2703 (1.5037)  Acc@1: 69.9405 (64.2800)  Acc@5: 88.9881 (87.1060)
2025-09-02 05:57:09,482 - timm.utils.checkpoint_saver: [    INFO] - Current checkpoints:
 ('./output/train/20250901-184723-mobilenetv2_vcaV2-224/checkpoint/checkpoint-59.pth.tar', 64.2799999951172)
 ('./output/train/20250901-184723-mobilenetv2_vcaV2-224/checkpoint/checkpoint-57.pth.tar', 63.84000001708984)
 ('./output/train/20250901-184723-mobilenetv2_vcaV2-224/checkpoint/checkpoint-51.pth.tar', 63.60600000976562)
 ('./output/train/20250901-184723-mobilenetv2_vcaV2-224/checkpoint/checkpoint-55.pth.tar', 63.5179999975586)
 ('./output/train/20250901-184723-mobilenetv2_vcaV2-224/checkpoint/checkpoint-54.pth.tar', 63.45799998046875)
 ('./output/train/20250901-184723-mobilenetv2_vcaV2-224/checkpoint/checkpoint-56.pth.tar', 63.14000003173828)
 ('./output/train/20250901-184723-mobilenetv2_vcaV2-224/checkpoint/checkpoint-50.pth.tar', 62.74000000732422)
 ('./output/train/20250901-184723-mobilenetv2_vcaV2-224/checkpoint/checkpoint-52.pth.tar', 62.556)
 ('./output/train/20250901-184723-mobilenetv2_vcaV2-224/checkpoint/checkpoint-58.pth.tar', 62.53599995605469)
 ('./output/train/20250901-184723-mobilenetv2_vcaV2-224/checkpoint/checkpoint-49.pth.tar', 62.31600002441406)

2025-09-02 05:57:10,842 -                train: [    INFO] - Test (EMA 0.99990): [   0/97]  Time: 1.354 (1.354)  Loss:  0.8653 (0.8653)  Acc@1: 78.3203 (78.3203)  Acc@5: 95.7031 (95.7031)
2025-09-02 05:57:25,487 -                train: [    INFO] - Test (EMA 0.99990): [  97/97]  Time: 0.014 (0.163)  Loss:  1.0492 (1.2798)  Acc@1: 72.6190 (68.5140)  Acc@5: 92.2619 (89.5760)
2025-09-02 05:57:25,656 - timm.utils.checkpoint_saver: [    INFO] - Current checkpoints:
 ('./output/train/20250901-184723-mobilenetv2_vcaV2-224/ema0.9999_checkpoint/checkpoint-59.pth.tar', 68.51400000976562)
 ('./output/train/20250901-184723-mobilenetv2_vcaV2-224/ema0.9999_checkpoint/checkpoint-58.pth.tar', 68.42800001220704)
 ('./output/train/20250901-184723-mobilenetv2_vcaV2-224/ema0.9999_checkpoint/checkpoint-57.pth.tar', 68.34000000976563)
 ('./output/train/20250901-184723-mobilenetv2_vcaV2-224/ema0.9999_checkpoint/checkpoint-56.pth.tar', 68.19599998535156)
 ('./output/train/20250901-184723-mobilenetv2_vcaV2-224/ema0.9999_checkpoint/checkpoint-55.pth.tar', 68.1120000390625)
 ('./output/train/20250901-184723-mobilenetv2_vcaV2-224/ema0.9999_checkpoint/checkpoint-53.pth.tar', 68.06600001708985)
 ('./output/train/20250901-184723-mobilenetv2_vcaV2-224/ema0.9999_checkpoint/checkpoint-54.pth.tar', 68.04999999023437)
 ('./output/train/20250901-184723-mobilenetv2_vcaV2-224/ema0.9999_checkpoint/checkpoint-52.pth.tar', 67.95399999023438)
 ('./output/train/20250901-184723-mobilenetv2_vcaV2-224/ema0.9999_checkpoint/checkpoint-51.pth.tar', 67.81200001708984)
 ('./output/train/20250901-184723-mobilenetv2_vcaV2-224/ema0.9999_checkpoint/checkpoint-50.pth.tar', 67.74000004394532)

2025-09-02 05:57:27,321 -                train: [    INFO] - Train: 60 [   0/2502 (  0%)]  Loss: 35.68 (35.7)  Loss_cat: 0.3655 (0.365)  Loss_feat: 32.16 (32.2)  Loss_gt: 2.303 (2.30)  Loss_kd: 0.8505 (0.850) LR: 6.910e-02
2025-09-02 05:58:18,719 -                train: [    INFO] - Train: 60 [ 200/2502 (  8%)]  Loss: 39.04 (37.4)  Loss_cat: 0.4086 (0.387)  Loss_feat: 34.52 (33.3)  Loss_gt: 3.023 (2.66)  Loss_kd: 1.088 (0.969) LR: 6.910e-02
2025-09-02 05:59:11,198 -                train: [    INFO] - Train: 60 [ 400/2502 ( 16%)]  Loss: 39.37 (38.0)  Loss_cat: 0.4053 (0.393)  Loss_feat: 34.76 (33.8)  Loss_gt: 3.092 (2.81)  Loss_kd: 1.107 (1.02) LR: 6.910e-02
2025-09-02 06:00:01,835 -                train: [    INFO] - Train: 60 [ 600/2502 ( 24%)]  Loss: 38.71 (38.2)  Loss_cat: 0.4018 (0.395)  Loss_feat: 34.47 (34.0)  Loss_gt: 2.870 (2.82)  Loss_kd: 0.9734 (1.00) LR: 6.910e-02
2025-09-02 06:00:52,469 -                train: [    INFO] - Train: 60 [ 800/2502 ( 32%)]  Loss: 41.05 (38.8)  Loss_cat: 0.4182 (0.400)  Loss_feat: 35.90 (34.4)  Loss_gt: 3.513 (2.96)  Loss_kd: 1.211 (1.05) LR: 6.910e-02
2025-09-02 06:01:43,089 -                train: [    INFO] - Train: 60 [1000/2502 ( 40%)]  Loss: 36.40 (38.4)  Loss_cat: 0.3758 (0.396)  Loss_feat: 32.70 (34.1)  Loss_gt: 2.392 (2.87)  Loss_kd: 0.9362 (1.03) LR: 6.910e-02
2025-09-02 06:02:33,923 -                train: [    INFO] - Train: 60 [1200/2502 ( 48%)]  Loss: 39.96 (38.6)  Loss_cat: 0.4040 (0.397)  Loss_feat: 35.21 (34.2)  Loss_gt: 3.181 (2.91)  Loss_kd: 1.169 (1.05) LR: 6.910e-02
2025-09-02 06:03:24,720 -                train: [    INFO] - Train: 60 [1400/2502 ( 56%)]  Loss: 37.49 (38.5)  Loss_cat: 0.3794 (0.395)  Loss_feat: 33.40 (34.1)  Loss_gt: 2.698 (2.88)  Loss_kd: 1.008 (1.04) LR: 6.910e-02
2025-09-02 06:04:14,959 -                train: [    INFO] - Train: 60 [1600/2502 ( 64%)]  Loss: 36.73 (38.3)  Loss_cat: 0.3786 (0.393)  Loss_feat: 32.94 (34.0)  Loss_gt: 2.471 (2.84)  Loss_kd: 0.9410 (1.03) LR: 6.910e-02
2025-09-02 06:05:05,681 -                train: [    INFO] - Train: 60 [1800/2502 ( 72%)]  Loss: 36.43 (38.1)  Loss_cat: 0.3703 (0.391)  Loss_feat: 32.58 (33.9)  Loss_gt: 2.513 (2.81)  Loss_kd: 0.9750 (1.03) LR: 6.910e-02
2025-09-02 06:05:56,032 -                train: [    INFO] - Train: 60 [2000/2502 ( 80%)]  Loss: 36.80 (38.0)  Loss_cat: 0.3817 (0.390)  Loss_feat: 33.01 (33.8)  Loss_gt: 2.521 (2.78)  Loss_kd: 0.8883 (1.01) LR: 6.910e-02
2025-09-02 06:06:46,887 -                train: [    INFO] - Train: 60 [2200/2502 ( 88%)]  Loss: 38.43 (38.0)  Loss_cat: 0.3929 (0.390)  Loss_feat: 33.99 (33.8)  Loss_gt: 2.926 (2.79)  Loss_kd: 1.122 (1.02) LR: 6.910e-02
2025-09-02 06:07:37,174 -                train: [    INFO] - Train: 60 [2400/2502 ( 96%)]  Loss: 41.60 (38.3)  Loss_cat: 0.4191 (0.392)  Loss_feat: 36.05 (34.0)  Loss_gt: 3.748 (2.87)  Loss_kd: 1.379 (1.05) LR: 6.910e-02
2025-09-02 06:08:02,491 -                train: [    INFO] - Train: 60 [2501/2502 (100%)]  Loss: 38.18 (38.3)  Loss_cat: 0.3974 (0.393)  Loss_feat: 34.02 (34.0)  Loss_gt: 2.762 (2.86)  Loss_kd: 1.009 (1.05) LR: 6.910e-02
2025-09-02 06:08:02,491 -                train: [    INFO] - Distributing BatchNorm running means and vars
2025-09-02 06:08:04,123 -                train: [    INFO] - Test: [   0/97]  Time: 1.626 (1.626)  Loss:  0.9907 (0.9907)  Acc@1: 74.6094 (74.6094)  Acc@5: 93.5547 (93.5547)
2025-09-02 06:08:21,151 -                train: [    INFO] - Test: [  97/97]  Time: 0.014 (0.190)  Loss:  1.2207 (1.5247)  Acc@1: 70.8333 (64.1220)  Acc@5: 89.2857 (86.8540)
2025-09-02 06:08:21,331 - timm.utils.checkpoint_saver: [    INFO] - Current checkpoints:
 ('./output/train/20250901-184723-mobilenetv2_vcaV2-224/checkpoint/checkpoint-59.pth.tar', 64.2799999951172)
 ('./output/train/20250901-184723-mobilenetv2_vcaV2-224/checkpoint/checkpoint-60.pth.tar', 64.12200001708985)
 ('./output/train/20250901-184723-mobilenetv2_vcaV2-224/checkpoint/checkpoint-57.pth.tar', 63.84000001708984)
 ('./output/train/20250901-184723-mobilenetv2_vcaV2-224/checkpoint/checkpoint-51.pth.tar', 63.60600000976562)
 ('./output/train/20250901-184723-mobilenetv2_vcaV2-224/checkpoint/checkpoint-55.pth.tar', 63.5179999975586)
 ('./output/train/20250901-184723-mobilenetv2_vcaV2-224/checkpoint/checkpoint-54.pth.tar', 63.45799998046875)
 ('./output/train/20250901-184723-mobilenetv2_vcaV2-224/checkpoint/checkpoint-56.pth.tar', 63.14000003173828)
 ('./output/train/20250901-184723-mobilenetv2_vcaV2-224/checkpoint/checkpoint-50.pth.tar', 62.74000000732422)
 ('./output/train/20250901-184723-mobilenetv2_vcaV2-224/checkpoint/checkpoint-52.pth.tar', 62.556)
 ('./output/train/20250901-184723-mobilenetv2_vcaV2-224/checkpoint/checkpoint-58.pth.tar', 62.53599995605469)

2025-09-02 06:08:22,834 -                train: [    INFO] - Test (EMA 0.99990): [   0/97]  Time: 1.498 (1.498)  Loss:  0.8601 (0.8601)  Acc@1: 78.3203 (78.3203)  Acc@5: 95.7031 (95.7031)
2025-09-02 06:08:37,312 -                train: [    INFO] - Test (EMA 0.99990): [  97/97]  Time: 0.014 (0.163)  Loss:  1.0427 (1.2760)  Acc@1: 73.2143 (68.6540)  Acc@5: 92.5595 (89.6220)
2025-09-02 06:08:37,480 - timm.utils.checkpoint_saver: [    INFO] - Current checkpoints:
 ('./output/train/20250901-184723-mobilenetv2_vcaV2-224/ema0.9999_checkpoint/checkpoint-60.pth.tar', 68.65400000732421)
 ('./output/train/20250901-184723-mobilenetv2_vcaV2-224/ema0.9999_checkpoint/checkpoint-59.pth.tar', 68.51400000976562)
 ('./output/train/20250901-184723-mobilenetv2_vcaV2-224/ema0.9999_checkpoint/checkpoint-58.pth.tar', 68.42800001220704)
 ('./output/train/20250901-184723-mobilenetv2_vcaV2-224/ema0.9999_checkpoint/checkpoint-57.pth.tar', 68.34000000976563)
 ('./output/train/20250901-184723-mobilenetv2_vcaV2-224/ema0.9999_checkpoint/checkpoint-56.pth.tar', 68.19599998535156)
 ('./output/train/20250901-184723-mobilenetv2_vcaV2-224/ema0.9999_checkpoint/checkpoint-55.pth.tar', 68.1120000390625)
 ('./output/train/20250901-184723-mobilenetv2_vcaV2-224/ema0.9999_checkpoint/checkpoint-53.pth.tar', 68.06600001708985)
 ('./output/train/20250901-184723-mobilenetv2_vcaV2-224/ema0.9999_checkpoint/checkpoint-54.pth.tar', 68.04999999023437)
 ('./output/train/20250901-184723-mobilenetv2_vcaV2-224/ema0.9999_checkpoint/checkpoint-52.pth.tar', 67.95399999023438)
 ('./output/train/20250901-184723-mobilenetv2_vcaV2-224/ema0.9999_checkpoint/checkpoint-51.pth.tar', 67.81200001708984)

2025-09-02 06:08:39,726 -                train: [    INFO] - Train: 61 [   0/2502 (  0%)]  Loss: 38.43 (38.4)  Loss_cat: 0.4011 (0.401)  Loss_feat: 34.23 (34.2)  Loss_gt: 2.809 (2.81)  Loss_kd: 0.9983 (0.998) LR: 6.613e-02
2025-09-02 06:09:30,193 -                train: [    INFO] - Train: 61 [ 200/2502 (  8%)]  Loss: 37.57 (38.0)  Loss_cat: 0.3954 (0.398)  Loss_feat: 33.63 (33.9)  Loss_gt: 2.617 (2.71)  Loss_kd: 0.9321 (0.965) LR: 6.613e-02
2025-09-02 06:10:20,550 -                train: [    INFO] - Train: 61 [ 400/2502 ( 16%)]  Loss: 41.10 (39.0)  Loss_cat: 0.4237 (0.407)  Loss_feat: 36.10 (34.7)  Loss_gt: 3.448 (2.96)  Loss_kd: 1.135 (1.02) LR: 6.613e-02
2025-09-02 06:11:10,307 -                train: [    INFO] - Train: 61 [ 600/2502 ( 24%)]  Loss: 40.63 (39.4)  Loss_cat: 0.4199 (0.410)  Loss_feat: 35.68 (34.9)  Loss_gt: 3.318 (3.05)  Loss_kd: 1.213 (1.07) LR: 6.613e-02
2025-09-02 06:12:03,162 -                train: [    INFO] - Train: 61 [ 800/2502 ( 32%)]  Loss: 39.50 (39.4)  Loss_cat: 0.3976 (0.408)  Loss_feat: 34.65 (34.9)  Loss_gt: 3.259 (3.09)  Loss_kd: 1.197 (1.09) LR: 6.613e-02
2025-09-02 06:12:55,341 -                train: [    INFO] - Train: 61 [1000/2502 ( 40%)]  Loss: 36.95 (39.0)  Loss_cat: 0.3867 (0.404)  Loss_feat: 33.09 (34.6)  Loss_gt: 2.536 (3.00)  Loss_kd: 0.9395 (1.07) LR: 6.613e-02
2025-09-02 06:13:46,193 -                train: [    INFO] - Train: 61 [1200/2502 ( 48%)]  Loss: 41.55 (39.4)  Loss_cat: 0.4256 (0.407)  Loss_feat: 36.22 (34.8)  Loss_gt: 3.656 (3.09)  Loss_kd: 1.255 (1.10) LR: 6.613e-02
2025-09-02 06:14:36,751 -                train: [    INFO] - Train: 61 [1400/2502 ( 56%)]  Loss: 38.99 (39.3)  Loss_cat: 0.4002 (0.406)  Loss_feat: 34.48 (34.8)  Loss_gt: 3.018 (3.08)  Loss_kd: 1.087 (1.09) LR: 6.613e-02
2025-09-02 06:15:28,116 -                train: [    INFO] - Train: 61 [1600/2502 ( 64%)]  Loss: 41.54 (39.6)  Loss_cat: 0.4240 (0.408)  Loss_feat: 36.27 (34.9)  Loss_gt: 3.578 (3.14)  Loss_kd: 1.271 (1.11) LR: 6.613e-02
2025-09-02 06:16:19,467 -                train: [    INFO] - Train: 61 [1800/2502 ( 72%)]  Loss: 37.19 (39.3)  Loss_cat: 0.3908 (0.406)  Loss_feat: 33.24 (34.8)  Loss_gt: 2.579 (3.08)  Loss_kd: 0.9782 (1.10) LR: 6.613e-02
2025-09-02 06:17:10,609 -                train: [    INFO] - Train: 61 [2000/2502 ( 80%)]  Loss: 39.32 (39.3)  Loss_cat: 0.3973 (0.406)  Loss_feat: 34.53 (34.7)  Loss_gt: 3.203 (3.09)  Loss_kd: 1.192 (1.11) LR: 6.613e-02
2025-09-02 06:18:01,412 -                train: [    INFO] - Train: 61 [2200/2502 ( 88%)]  Loss: 41.35 (39.5)  Loss_cat: 0.4215 (0.407)  Loss_feat: 36.11 (34.9)  Loss_gt: 3.571 (3.13)  Loss_kd: 1.243 (1.12) LR: 6.613e-02
2025-09-02 06:18:51,850 -                train: [    INFO] - Train: 61 [2400/2502 ( 96%)]  Loss: 38.26 (39.4)  Loss_cat: 0.3954 (0.406)  Loss_feat: 34.20 (34.8)  Loss_gt: 2.688 (3.10)  Loss_kd: 0.9792 (1.11) LR: 6.613e-02
2025-09-02 06:19:17,359 -                train: [    INFO] - Train: 61 [2501/2502 (100%)]  Loss: 39.42 (39.4)  Loss_cat: 0.4013 (0.406)  Loss_feat: 34.69 (34.8)  Loss_gt: 3.186 (3.10)  Loss_kd: 1.140 (1.11) LR: 6.613e-02
2025-09-02 06:19:17,359 -                train: [    INFO] - Distributing BatchNorm running means and vars
2025-09-02 06:19:18,931 -                train: [    INFO] - Test: [   0/97]  Time: 1.567 (1.567)  Loss:  1.2540 (1.2540)  Acc@1: 72.4609 (72.4609)  Acc@5: 90.2344 (90.2344)
2025-09-02 06:19:38,065 -                train: [    INFO] - Test: [  97/97]  Time: 0.014 (0.211)  Loss:  1.3689 (1.5634)  Acc@1: 68.1548 (63.4620)  Acc@5: 89.2857 (86.1380)
2025-09-02 06:19:38,280 - timm.utils.checkpoint_saver: [    INFO] - Current checkpoints:
 ('./output/train/20250901-184723-mobilenetv2_vcaV2-224/checkpoint/checkpoint-59.pth.tar', 64.2799999951172)
 ('./output/train/20250901-184723-mobilenetv2_vcaV2-224/checkpoint/checkpoint-60.pth.tar', 64.12200001708985)
 ('./output/train/20250901-184723-mobilenetv2_vcaV2-224/checkpoint/checkpoint-57.pth.tar', 63.84000001708984)
 ('./output/train/20250901-184723-mobilenetv2_vcaV2-224/checkpoint/checkpoint-51.pth.tar', 63.60600000976562)
 ('./output/train/20250901-184723-mobilenetv2_vcaV2-224/checkpoint/checkpoint-55.pth.tar', 63.5179999975586)
 ('./output/train/20250901-184723-mobilenetv2_vcaV2-224/checkpoint/checkpoint-61.pth.tar', 63.46200000244141)
 ('./output/train/20250901-184723-mobilenetv2_vcaV2-224/checkpoint/checkpoint-54.pth.tar', 63.45799998046875)
 ('./output/train/20250901-184723-mobilenetv2_vcaV2-224/checkpoint/checkpoint-56.pth.tar', 63.14000003173828)
 ('./output/train/20250901-184723-mobilenetv2_vcaV2-224/checkpoint/checkpoint-50.pth.tar', 62.74000000732422)
 ('./output/train/20250901-184723-mobilenetv2_vcaV2-224/checkpoint/checkpoint-52.pth.tar', 62.556)

2025-09-02 06:19:39,869 -                train: [    INFO] - Test (EMA 0.99990): [   0/97]  Time: 1.582 (1.582)  Loss:  0.8575 (0.8575)  Acc@1: 78.5156 (78.5156)  Acc@5: 95.8984 (95.8984)
2025-09-02 06:19:54,442 -                train: [    INFO] - Test (EMA 0.99990): [  97/97]  Time: 0.014 (0.165)  Loss:  1.0365 (1.2729)  Acc@1: 73.2143 (68.7260)  Acc@5: 92.2619 (89.6560)
2025-09-02 06:19:54,639 - timm.utils.checkpoint_saver: [    INFO] - Current checkpoints:
 ('./output/train/20250901-184723-mobilenetv2_vcaV2-224/ema0.9999_checkpoint/checkpoint-61.pth.tar', 68.72600000732422)
 ('./output/train/20250901-184723-mobilenetv2_vcaV2-224/ema0.9999_checkpoint/checkpoint-60.pth.tar', 68.65400000732421)
 ('./output/train/20250901-184723-mobilenetv2_vcaV2-224/ema0.9999_checkpoint/checkpoint-59.pth.tar', 68.51400000976562)
 ('./output/train/20250901-184723-mobilenetv2_vcaV2-224/ema0.9999_checkpoint/checkpoint-58.pth.tar', 68.42800001220704)
 ('./output/train/20250901-184723-mobilenetv2_vcaV2-224/ema0.9999_checkpoint/checkpoint-57.pth.tar', 68.34000000976563)
 ('./output/train/20250901-184723-mobilenetv2_vcaV2-224/ema0.9999_checkpoint/checkpoint-56.pth.tar', 68.19599998535156)
 ('./output/train/20250901-184723-mobilenetv2_vcaV2-224/ema0.9999_checkpoint/checkpoint-55.pth.tar', 68.1120000390625)
 ('./output/train/20250901-184723-mobilenetv2_vcaV2-224/ema0.9999_checkpoint/checkpoint-53.pth.tar', 68.06600001708985)
 ('./output/train/20250901-184723-mobilenetv2_vcaV2-224/ema0.9999_checkpoint/checkpoint-54.pth.tar', 68.04999999023437)
 ('./output/train/20250901-184723-mobilenetv2_vcaV2-224/ema0.9999_checkpoint/checkpoint-52.pth.tar', 67.95399999023438)

2025-09-02 06:19:56,617 -                train: [    INFO] - Train: 62 [   0/2502 (  0%)]  Loss: 38.42 (38.4)  Loss_cat: 0.3922 (0.392)  Loss_feat: 34.04 (34.0)  Loss_gt: 2.936 (2.94)  Loss_kd: 1.053 (1.05) LR: 6.319e-02
2025-09-02 06:20:47,627 -                train: [    INFO] - Train: 62 [ 200/2502 (  8%)]  Loss: 38.24 (38.3)  Loss_cat: 0.3846 (0.388)  Loss_feat: 33.78 (33.9)  Loss_gt: 3.013 (2.97)  Loss_kd: 1.059 (1.06) LR: 6.319e-02
2025-09-02 06:21:38,584 -                train: [    INFO] - Train: 62 [ 400/2502 ( 16%)]  Loss: 37.02 (37.9)  Loss_cat: 0.3811 (0.386)  Loss_feat: 33.22 (33.7)  Loss_gt: 2.552 (2.83)  Loss_kd: 0.8671 (0.993) LR: 6.319e-02
2025-09-02 06:22:28,958 -                train: [    INFO] - Train: 62 [ 600/2502 ( 24%)]  Loss: 35.90 (37.4)  Loss_cat: 0.3678 (0.381)  Loss_feat: 32.33 (33.3)  Loss_gt: 2.334 (2.71)  Loss_kd: 0.8757 (0.963) LR: 6.319e-02
2025-09-02 06:23:19,901 -                train: [    INFO] - Train: 62 [ 800/2502 ( 32%)]  Loss: 37.79 (37.5)  Loss_cat: 0.3919 (0.384)  Loss_feat: 33.71 (33.4)  Loss_gt: 2.711 (2.71)  Loss_kd: 0.9763 (0.966) LR: 6.319e-02
2025-09-02 06:24:09,837 -                train: [    INFO] - Train: 62 [1000/2502 ( 40%)]  Loss: 36.32 (37.3)  Loss_cat: 0.3715 (0.382)  Loss_feat: 32.68 (33.3)  Loss_gt: 2.377 (2.65)  Loss_kd: 0.8883 (0.953) LR: 6.319e-02
2025-09-02 06:25:00,525 -                train: [    INFO] - Train: 62 [1200/2502 ( 48%)]  Loss: 39.12 (37.5)  Loss_cat: 0.3990 (0.384)  Loss_feat: 34.65 (33.5)  Loss_gt: 2.958 (2.70)  Loss_kd: 1.110 (0.975) LR: 6.319e-02
2025-09-02 06:25:51,854 -                train: [    INFO] - Train: 62 [1400/2502 ( 56%)]  Loss: 42.96 (38.2)  Loss_cat: 0.4439 (0.391)  Loss_feat: 37.19 (33.9)  Loss_gt: 3.931 (2.85)  Loss_kd: 1.397 (1.03) LR: 6.319e-02
2025-09-02 06:26:41,794 -                train: [    INFO] - Train: 62 [1600/2502 ( 64%)]  Loss: 40.54 (38.5)  Loss_cat: 0.4102 (0.394)  Loss_feat: 35.43 (34.1)  Loss_gt: 3.485 (2.92)  Loss_kd: 1.208 (1.05) LR: 6.319e-02
2025-09-02 06:27:32,419 -                train: [    INFO] - Train: 62 [1800/2502 ( 72%)]  Loss: 36.79 (38.3)  Loss_cat: 0.3820 (0.392)  Loss_feat: 33.01 (34.0)  Loss_gt: 2.498 (2.88)  Loss_kd: 0.9011 (1.03) LR: 6.319e-02
2025-09-02 06:28:22,572 -                train: [    INFO] - Train: 62 [2000/2502 ( 80%)]  Loss: 38.61 (38.3)  Loss_cat: 0.3943 (0.393)  Loss_feat: 34.12 (34.0)  Loss_gt: 2.974 (2.89)  Loss_kd: 1.123 (1.04) LR: 6.319e-02
2025-09-02 06:29:13,348 -                train: [    INFO] - Train: 62 [2200/2502 ( 88%)]  Loss: 40.53 (38.5)  Loss_cat: 0.4026 (0.393)  Loss_feat: 35.39 (34.1)  Loss_gt: 3.487 (2.94)  Loss_kd: 1.252 (1.06) LR: 6.319e-02
2025-09-02 06:30:03,593 -                train: [    INFO] - Train: 62 [2400/2502 ( 96%)]  Loss: 40.29 (38.7)  Loss_cat: 0.4113 (0.395)  Loss_feat: 35.35 (34.2)  Loss_gt: 3.355 (2.97)  Loss_kd: 1.167 (1.07) LR: 6.319e-02
2025-09-02 06:30:28,934 -                train: [    INFO] - Train: 62 [2501/2502 (100%)]  Loss: 37.44 (38.6)  Loss_cat: 0.3836 (0.394)  Loss_feat: 33.56 (34.2)  Loss_gt: 2.563 (2.94)  Loss_kd: 0.9262 (1.06) LR: 6.319e-02
2025-09-02 06:30:28,935 -                train: [    INFO] - Distributing BatchNorm running means and vars
2025-09-02 06:30:30,602 -                train: [    INFO] - Test: [   0/97]  Time: 1.662 (1.662)  Loss:  1.1047 (1.1047)  Acc@1: 72.4609 (72.4609)  Acc@5: 93.3594 (93.3594)
2025-09-02 06:30:48,384 -                train: [    INFO] - Test: [  97/97]  Time: 0.014 (0.198)  Loss:  1.2101 (1.5156)  Acc@1: 69.6429 (64.4220)  Acc@5: 90.1786 (87.0280)
2025-09-02 06:30:48,625 - timm.utils.checkpoint_saver: [    INFO] - Current checkpoints:
 ('./output/train/20250901-184723-mobilenetv2_vcaV2-224/checkpoint/checkpoint-62.pth.tar', 64.42200002197265)
 ('./output/train/20250901-184723-mobilenetv2_vcaV2-224/checkpoint/checkpoint-59.pth.tar', 64.2799999951172)
 ('./output/train/20250901-184723-mobilenetv2_vcaV2-224/checkpoint/checkpoint-60.pth.tar', 64.12200001708985)
 ('./output/train/20250901-184723-mobilenetv2_vcaV2-224/checkpoint/checkpoint-57.pth.tar', 63.84000001708984)
 ('./output/train/20250901-184723-mobilenetv2_vcaV2-224/checkpoint/checkpoint-51.pth.tar', 63.60600000976562)
 ('./output/train/20250901-184723-mobilenetv2_vcaV2-224/checkpoint/checkpoint-55.pth.tar', 63.5179999975586)
 ('./output/train/20250901-184723-mobilenetv2_vcaV2-224/checkpoint/checkpoint-61.pth.tar', 63.46200000244141)
 ('./output/train/20250901-184723-mobilenetv2_vcaV2-224/checkpoint/checkpoint-54.pth.tar', 63.45799998046875)
 ('./output/train/20250901-184723-mobilenetv2_vcaV2-224/checkpoint/checkpoint-56.pth.tar', 63.14000003173828)
 ('./output/train/20250901-184723-mobilenetv2_vcaV2-224/checkpoint/checkpoint-50.pth.tar', 62.74000000732422)

2025-09-02 06:30:50,161 -                train: [    INFO] - Test (EMA 0.99990): [   0/97]  Time: 1.529 (1.529)  Loss:  0.8581 (0.8581)  Acc@1: 78.3203 (78.3203)  Acc@5: 95.8984 (95.8984)
2025-09-02 06:31:04,869 -                train: [    INFO] - Test (EMA 0.99990): [  97/97]  Time: 0.014 (0.166)  Loss:  1.0326 (1.2690)  Acc@1: 72.9167 (68.8780)  Acc@5: 92.5595 (89.7120)
2025-09-02 06:31:05,172 - timm.utils.checkpoint_saver: [    INFO] - Current checkpoints:
 ('./output/train/20250901-184723-mobilenetv2_vcaV2-224/ema0.9999_checkpoint/checkpoint-62.pth.tar', 68.87800003417969)
 ('./output/train/20250901-184723-mobilenetv2_vcaV2-224/ema0.9999_checkpoint/checkpoint-61.pth.tar', 68.72600000732422)
 ('./output/train/20250901-184723-mobilenetv2_vcaV2-224/ema0.9999_checkpoint/checkpoint-60.pth.tar', 68.65400000732421)
 ('./output/train/20250901-184723-mobilenetv2_vcaV2-224/ema0.9999_checkpoint/checkpoint-59.pth.tar', 68.51400000976562)
 ('./output/train/20250901-184723-mobilenetv2_vcaV2-224/ema0.9999_checkpoint/checkpoint-58.pth.tar', 68.42800001220704)
 ('./output/train/20250901-184723-mobilenetv2_vcaV2-224/ema0.9999_checkpoint/checkpoint-57.pth.tar', 68.34000000976563)
 ('./output/train/20250901-184723-mobilenetv2_vcaV2-224/ema0.9999_checkpoint/checkpoint-56.pth.tar', 68.19599998535156)
 ('./output/train/20250901-184723-mobilenetv2_vcaV2-224/ema0.9999_checkpoint/checkpoint-55.pth.tar', 68.1120000390625)
 ('./output/train/20250901-184723-mobilenetv2_vcaV2-224/ema0.9999_checkpoint/checkpoint-53.pth.tar', 68.06600001708985)
 ('./output/train/20250901-184723-mobilenetv2_vcaV2-224/ema0.9999_checkpoint/checkpoint-54.pth.tar', 68.04999999023437)

2025-09-02 06:31:07,150 -                train: [    INFO] - Train: 63 [   0/2502 (  0%)]  Loss: 37.95 (38.0)  Loss_cat: 0.3879 (0.388)  Loss_feat: 33.85 (33.9)  Loss_gt: 2.725 (2.72)  Loss_kd: 0.9867 (0.987) LR: 6.029e-02
2025-09-02 06:31:57,558 -                train: [    INFO] - Train: 63 [ 200/2502 (  8%)]  Loss: 39.42 (38.7)  Loss_cat: 0.3981 (0.393)  Loss_feat: 34.79 (34.3)  Loss_gt: 3.154 (2.94)  Loss_kd: 1.080 (1.03) LR: 6.029e-02
2025-09-02 06:32:47,837 -                train: [    INFO] - Train: 63 [ 400/2502 ( 16%)]  Loss: 38.12 (38.5)  Loss_cat: 0.3991 (0.395)  Loss_feat: 34.16 (34.3)  Loss_gt: 2.641 (2.84)  Loss_kd: 0.9166 (0.994) LR: 6.029e-02
2025-09-02 06:33:37,633 -                train: [    INFO] - Train: 63 [ 600/2502 ( 24%)]  Loss: 38.30 (38.4)  Loss_cat: 0.3936 (0.395)  Loss_feat: 34.10 (34.2)  Loss_gt: 2.832 (2.84)  Loss_kd: 0.9807 (0.991) LR: 6.029e-02
2025-09-02 06:34:27,952 -                train: [    INFO] - Train: 63 [ 800/2502 ( 32%)]  Loss: 37.52 (38.3)  Loss_cat: 0.3882 (0.393)  Loss_feat: 33.66 (34.1)  Loss_gt: 2.567 (2.78)  Loss_kd: 0.9070 (0.974) LR: 6.029e-02
2025-09-02 06:35:18,638 -                train: [    INFO] - Train: 63 [1000/2502 ( 40%)]  Loss: 37.52 (38.1)  Loss_cat: 0.3816 (0.391)  Loss_feat: 33.48 (34.0)  Loss_gt: 2.694 (2.77)  Loss_kd: 0.9694 (0.973) LR: 6.029e-02
2025-09-02 06:36:09,259 -                train: [    INFO] - Train: 63 [1200/2502 ( 48%)]  Loss: 36.92 (38.0)  Loss_cat: 0.3762 (0.389)  Loss_feat: 33.05 (33.9)  Loss_gt: 2.538 (2.74)  Loss_kd: 0.9597 (0.971) LR: 6.029e-02
2025-09-02 06:36:59,276 -                train: [    INFO] - Train: 63 [1400/2502 ( 56%)]  Loss: 38.63 (38.0)  Loss_cat: 0.3936 (0.390)  Loss_feat: 34.14 (33.9)  Loss_gt: 3.016 (2.77)  Loss_kd: 1.083 (0.985) LR: 6.029e-02
2025-09-02 06:37:49,978 -                train: [    INFO] - Train: 63 [1600/2502 ( 64%)]  Loss: 40.53 (38.3)  Loss_cat: 0.4173 (0.393)  Loss_feat: 35.51 (34.1)  Loss_gt: 3.377 (2.84)  Loss_kd: 1.231 (1.01) LR: 6.029e-02
2025-09-02 06:38:40,383 -                train: [    INFO] - Train: 63 [1800/2502 ( 72%)]  Loss: 41.06 (38.6)  Loss_cat: 0.4199 (0.396)  Loss_feat: 35.92 (34.3)  Loss_gt: 3.566 (2.91)  Loss_kd: 1.152 (1.03) LR: 6.029e-02
2025-09-02 06:39:30,874 -                train: [    INFO] - Train: 63 [2000/2502 ( 80%)]  Loss: 39.87 (38.7)  Loss_cat: 0.4182 (0.398)  Loss_feat: 35.27 (34.4)  Loss_gt: 3.126 (2.93)  Loss_kd: 1.054 (1.03) LR: 6.029e-02
2025-09-02 06:40:21,344 -                train: [    INFO] - Train: 63 [2200/2502 ( 88%)]  Loss: 37.84 (38.6)  Loss_cat: 0.3861 (0.397)  Loss_feat: 33.60 (34.3)  Loss_gt: 2.855 (2.92)  Loss_kd: 0.9909 (1.03) LR: 6.029e-02
2025-09-02 06:41:12,443 -                train: [    INFO] - Train: 63 [2400/2502 ( 96%)]  Loss: 37.80 (38.6)  Loss_cat: 0.3939 (0.396)  Loss_feat: 33.91 (34.3)  Loss_gt: 2.588 (2.90)  Loss_kd: 0.9063 (1.02) LR: 6.029e-02
2025-09-02 06:41:37,870 -                train: [    INFO] - Train: 63 [2501/2502 (100%)]  Loss: 40.48 (38.7)  Loss_cat: 0.4072 (0.397)  Loss_feat: 35.41 (34.3)  Loss_gt: 3.429 (2.94)  Loss_kd: 1.242 (1.03) LR: 6.029e-02
2025-09-02 06:41:37,870 -                train: [    INFO] - Distributing BatchNorm running means and vars
2025-09-02 06:41:39,429 -                train: [    INFO] - Test: [   0/97]  Time: 1.554 (1.554)  Loss:  1.0046 (1.0046)  Acc@1: 75.3906 (75.3906)  Acc@5: 93.5547 (93.5547)
2025-09-02 06:42:02,168 -                train: [    INFO] - Test: [  97/97]  Time: 0.014 (0.248)  Loss:  1.1799 (1.4745)  Acc@1: 72.6190 (64.7560)  Acc@5: 89.8810 (87.2040)
2025-09-02 06:42:02,438 - timm.utils.checkpoint_saver: [    INFO] - Current checkpoints:
 ('./output/train/20250901-184723-mobilenetv2_vcaV2-224/checkpoint/checkpoint-63.pth.tar', 64.75600000976563)
 ('./output/train/20250901-184723-mobilenetv2_vcaV2-224/checkpoint/checkpoint-62.pth.tar', 64.42200002197265)
 ('./output/train/20250901-184723-mobilenetv2_vcaV2-224/checkpoint/checkpoint-59.pth.tar', 64.2799999951172)
 ('./output/train/20250901-184723-mobilenetv2_vcaV2-224/checkpoint/checkpoint-60.pth.tar', 64.12200001708985)
 ('./output/train/20250901-184723-mobilenetv2_vcaV2-224/checkpoint/checkpoint-57.pth.tar', 63.84000001708984)
 ('./output/train/20250901-184723-mobilenetv2_vcaV2-224/checkpoint/checkpoint-51.pth.tar', 63.60600000976562)
 ('./output/train/20250901-184723-mobilenetv2_vcaV2-224/checkpoint/checkpoint-55.pth.tar', 63.5179999975586)
 ('./output/train/20250901-184723-mobilenetv2_vcaV2-224/checkpoint/checkpoint-61.pth.tar', 63.46200000244141)
 ('./output/train/20250901-184723-mobilenetv2_vcaV2-224/checkpoint/checkpoint-54.pth.tar', 63.45799998046875)
 ('./output/train/20250901-184723-mobilenetv2_vcaV2-224/checkpoint/checkpoint-56.pth.tar', 63.14000003173828)

2025-09-02 06:42:03,937 -                train: [    INFO] - Test (EMA 0.99990): [   0/97]  Time: 1.493 (1.493)  Loss:  0.8596 (0.8596)  Acc@1: 79.1016 (79.1016)  Acc@5: 95.5078 (95.5078)
2025-09-02 06:42:18,134 -                train: [    INFO] - Test (EMA 0.99990): [  97/97]  Time: 0.014 (0.160)  Loss:  1.0274 (1.2650)  Acc@1: 72.9167 (68.9720)  Acc@5: 92.5595 (89.7440)
2025-09-02 06:42:18,359 - timm.utils.checkpoint_saver: [    INFO] - Current checkpoints:
 ('./output/train/20250901-184723-mobilenetv2_vcaV2-224/ema0.9999_checkpoint/checkpoint-63.pth.tar', 68.97200003417969)
 ('./output/train/20250901-184723-mobilenetv2_vcaV2-224/ema0.9999_checkpoint/checkpoint-62.pth.tar', 68.87800003417969)
 ('./output/train/20250901-184723-mobilenetv2_vcaV2-224/ema0.9999_checkpoint/checkpoint-61.pth.tar', 68.72600000732422)
 ('./output/train/20250901-184723-mobilenetv2_vcaV2-224/ema0.9999_checkpoint/checkpoint-60.pth.tar', 68.65400000732421)
 ('./output/train/20250901-184723-mobilenetv2_vcaV2-224/ema0.9999_checkpoint/checkpoint-59.pth.tar', 68.51400000976562)
 ('./output/train/20250901-184723-mobilenetv2_vcaV2-224/ema0.9999_checkpoint/checkpoint-58.pth.tar', 68.42800001220704)
 ('./output/train/20250901-184723-mobilenetv2_vcaV2-224/ema0.9999_checkpoint/checkpoint-57.pth.tar', 68.34000000976563)
 ('./output/train/20250901-184723-mobilenetv2_vcaV2-224/ema0.9999_checkpoint/checkpoint-56.pth.tar', 68.19599998535156)
 ('./output/train/20250901-184723-mobilenetv2_vcaV2-224/ema0.9999_checkpoint/checkpoint-55.pth.tar', 68.1120000390625)
 ('./output/train/20250901-184723-mobilenetv2_vcaV2-224/ema0.9999_checkpoint/checkpoint-53.pth.tar', 68.06600001708985)

2025-09-02 06:42:20,327 -                train: [    INFO] - Train: 64 [   0/2502 (  0%)]  Loss: 41.00 (41.0)  Loss_cat: 0.4231 (0.423)  Loss_feat: 35.99 (36.0)  Loss_gt: 3.430 (3.43)  Loss_kd: 1.164 (1.16) LR: 5.742e-02
2025-09-02 06:43:10,580 -                train: [    INFO] - Train: 64 [ 200/2502 (  8%)]  Loss: 40.79 (40.9)  Loss_cat: 0.4041 (0.414)  Loss_feat: 35.59 (35.8)  Loss_gt: 3.535 (3.48)  Loss_kd: 1.259 (1.21) LR: 5.742e-02
2025-09-02 06:44:00,970 -                train: [    INFO] - Train: 64 [ 400/2502 ( 16%)]  Loss: 39.95 (40.6)  Loss_cat: 0.4104 (0.413)  Loss_feat: 35.13 (35.6)  Loss_gt: 3.260 (3.41)  Loss_kd: 1.150 (1.19) LR: 5.742e-02
2025-09-02 06:44:51,279 -                train: [    INFO] - Train: 64 [ 600/2502 ( 24%)]  Loss: 38.28 (40.0)  Loss_cat: 0.3901 (0.407)  Loss_feat: 33.85 (35.1)  Loss_gt: 2.945 (3.29)  Loss_kd: 1.089 (1.17) LR: 5.742e-02
2025-09-02 06:45:41,434 -                train: [    INFO] - Train: 64 [ 800/2502 ( 32%)]  Loss: 37.26 (39.5)  Loss_cat: 0.3850 (0.403)  Loss_feat: 33.26 (34.8)  Loss_gt: 2.624 (3.16)  Loss_kd: 0.9925 (1.13) LR: 5.742e-02
2025-09-02 06:46:31,491 -                train: [    INFO] - Train: 64 [1000/2502 ( 40%)]  Loss: 38.22 (39.2)  Loss_cat: 0.3772 (0.398)  Loss_feat: 33.83 (34.6)  Loss_gt: 2.948 (3.12)  Loss_kd: 1.066 (1.12) LR: 5.742e-02
2025-09-02 06:47:22,316 -                train: [    INFO] - Train: 64 [1200/2502 ( 48%)]  Loss: 38.08 (39.1)  Loss_cat: 0.3966 (0.398)  Loss_feat: 34.02 (34.5)  Loss_gt: 2.694 (3.06)  Loss_kd: 0.9640 (1.10) LR: 5.742e-02
2025-09-02 06:48:13,332 -                train: [    INFO] - Train: 64 [1400/2502 ( 56%)]  Loss: 37.21 (38.8)  Loss_cat: 0.3786 (0.396)  Loss_feat: 33.27 (34.4)  Loss_gt: 2.626 (3.01)  Loss_kd: 0.9401 (1.08) LR: 5.742e-02
2025-09-02 06:49:03,426 -                train: [    INFO] - Train: 64 [1600/2502 ( 64%)]  Loss: 38.57 (38.8)  Loss_cat: 0.3898 (0.395)  Loss_feat: 34.13 (34.3)  Loss_gt: 2.968 (3.00)  Loss_kd: 1.076 (1.08) LR: 5.742e-02
2025-09-02 06:49:54,083 -                train: [    INFO] - Train: 64 [1800/2502 ( 72%)]  Loss: 40.20 (39.0)  Loss_cat: 0.4060 (0.396)  Loss_feat: 35.09 (34.4)  Loss_gt: 3.448 (3.05)  Loss_kd: 1.257 (1.10) LR: 5.742e-02
2025-09-02 06:50:44,747 -                train: [    INFO] - Train: 64 [2000/2502 ( 80%)]  Loss: 35.42 (38.6)  Loss_cat: 0.3609 (0.393)  Loss_feat: 31.96 (34.2)  Loss_gt: 2.288 (2.98)  Loss_kd: 0.8048 (1.07) LR: 5.742e-02
2025-09-02 06:51:35,052 -                train: [    INFO] - Train: 64 [2200/2502 ( 88%)]  Loss: 40.50 (38.8)  Loss_cat: 0.4076 (0.394)  Loss_feat: 35.47 (34.3)  Loss_gt: 3.375 (3.01)  Loss_kd: 1.255 (1.08) LR: 5.742e-02
2025-09-02 06:52:25,340 -                train: [    INFO] - Train: 64 [2400/2502 ( 96%)]  Loss: 42.68 (39.1)  Loss_cat: 0.4262 (0.397)  Loss_feat: 36.87 (34.5)  Loss_gt: 3.956 (3.08)  Loss_kd: 1.425 (1.11) LR: 5.742e-02
2025-09-02 06:52:51,120 -                train: [    INFO] - Train: 64 [2501/2502 (100%)]  Loss: 40.12 (39.2)  Loss_cat: 0.4081 (0.397)  Loss_feat: 35.24 (34.6)  Loss_gt: 3.330 (3.10)  Loss_kd: 1.141 (1.11) LR: 5.742e-02
2025-09-02 06:52:51,121 -                train: [    INFO] - Distributing BatchNorm running means and vars
2025-09-02 06:52:52,985 -                train: [    INFO] - Test: [   0/97]  Time: 1.859 (1.859)  Loss:  1.0266 (1.0266)  Acc@1: 76.5625 (76.5625)  Acc@5: 93.3594 (93.3594)
2025-09-02 06:53:09,572 -                train: [    INFO] - Test: [  97/97]  Time: 0.014 (0.188)  Loss:  1.2620 (1.4770)  Acc@1: 69.0476 (65.1180)  Acc@5: 89.8810 (87.4960)
2025-09-02 06:53:09,804 - timm.utils.checkpoint_saver: [    INFO] - Current checkpoints:
 ('./output/train/20250901-184723-mobilenetv2_vcaV2-224/checkpoint/checkpoint-64.pth.tar', 65.11800002441406)
 ('./output/train/20250901-184723-mobilenetv2_vcaV2-224/checkpoint/checkpoint-63.pth.tar', 64.75600000976563)
 ('./output/train/20250901-184723-mobilenetv2_vcaV2-224/checkpoint/checkpoint-62.pth.tar', 64.42200002197265)
 ('./output/train/20250901-184723-mobilenetv2_vcaV2-224/checkpoint/checkpoint-59.pth.tar', 64.2799999951172)
 ('./output/train/20250901-184723-mobilenetv2_vcaV2-224/checkpoint/checkpoint-60.pth.tar', 64.12200001708985)
 ('./output/train/20250901-184723-mobilenetv2_vcaV2-224/checkpoint/checkpoint-57.pth.tar', 63.84000001708984)
 ('./output/train/20250901-184723-mobilenetv2_vcaV2-224/checkpoint/checkpoint-51.pth.tar', 63.60600000976562)
 ('./output/train/20250901-184723-mobilenetv2_vcaV2-224/checkpoint/checkpoint-55.pth.tar', 63.5179999975586)
 ('./output/train/20250901-184723-mobilenetv2_vcaV2-224/checkpoint/checkpoint-61.pth.tar', 63.46200000244141)
 ('./output/train/20250901-184723-mobilenetv2_vcaV2-224/checkpoint/checkpoint-54.pth.tar', 63.45799998046875)

2025-09-02 06:53:11,364 -                train: [    INFO] - Test (EMA 0.99990): [   0/97]  Time: 1.553 (1.553)  Loss:  0.8571 (0.8571)  Acc@1: 78.7109 (78.7109)  Acc@5: 95.5078 (95.5078)
2025-09-02 06:53:26,504 -                train: [    INFO] - Test (EMA 0.99990): [  97/97]  Time: 0.014 (0.170)  Loss:  1.0285 (1.2610)  Acc@1: 72.6190 (69.0900)  Acc@5: 92.2619 (89.7960)
2025-09-02 06:53:26,705 - timm.utils.checkpoint_saver: [    INFO] - Current checkpoints:
 ('./output/train/20250901-184723-mobilenetv2_vcaV2-224/ema0.9999_checkpoint/checkpoint-64.pth.tar', 69.09000000976563)
 ('./output/train/20250901-184723-mobilenetv2_vcaV2-224/ema0.9999_checkpoint/checkpoint-63.pth.tar', 68.97200003417969)
 ('./output/train/20250901-184723-mobilenetv2_vcaV2-224/ema0.9999_checkpoint/checkpoint-62.pth.tar', 68.87800003417969)
 ('./output/train/20250901-184723-mobilenetv2_vcaV2-224/ema0.9999_checkpoint/checkpoint-61.pth.tar', 68.72600000732422)
 ('./output/train/20250901-184723-mobilenetv2_vcaV2-224/ema0.9999_checkpoint/checkpoint-60.pth.tar', 68.65400000732421)
 ('./output/train/20250901-184723-mobilenetv2_vcaV2-224/ema0.9999_checkpoint/checkpoint-59.pth.tar', 68.51400000976562)
 ('./output/train/20250901-184723-mobilenetv2_vcaV2-224/ema0.9999_checkpoint/checkpoint-58.pth.tar', 68.42800001220704)
 ('./output/train/20250901-184723-mobilenetv2_vcaV2-224/ema0.9999_checkpoint/checkpoint-57.pth.tar', 68.34000000976563)
 ('./output/train/20250901-184723-mobilenetv2_vcaV2-224/ema0.9999_checkpoint/checkpoint-56.pth.tar', 68.19599998535156)
 ('./output/train/20250901-184723-mobilenetv2_vcaV2-224/ema0.9999_checkpoint/checkpoint-55.pth.tar', 68.1120000390625)

2025-09-02 06:53:28,546 -                train: [    INFO] - Train: 65 [   0/2502 (  0%)]  Loss: 38.05 (38.1)  Loss_cat: 0.3860 (0.386)  Loss_feat: 33.72 (33.7)  Loss_gt: 2.905 (2.90)  Loss_kd: 1.044 (1.04) LR: 5.460e-02
2025-09-02 06:54:19,418 -                train: [    INFO] - Train: 65 [ 200/2502 (  8%)]  Loss: 38.47 (38.3)  Loss_cat: 0.4006 (0.393)  Loss_feat: 34.17 (33.9)  Loss_gt: 2.881 (2.89)  Loss_kd: 1.017 (1.03) LR: 5.460e-02
2025-09-02 06:55:10,218 -                train: [    INFO] - Train: 65 [ 400/2502 ( 16%)]  Loss: 37.83 (38.1)  Loss_cat: 0.3838 (0.390)  Loss_feat: 33.62 (33.8)  Loss_gt: 2.864 (2.88)  Loss_kd: 0.9541 (1.00) LR: 5.460e-02
2025-09-02 06:56:00,544 -                train: [    INFO] - Train: 65 [ 600/2502 ( 24%)]  Loss: 38.93 (38.3)  Loss_cat: 0.3906 (0.390)  Loss_feat: 34.32 (34.0)  Loss_gt: 3.140 (2.95)  Loss_kd: 1.077 (1.02) LR: 5.460e-02
2025-09-02 06:56:50,287 -                train: [    INFO] - Train: 65 [ 800/2502 ( 32%)]  Loss: 39.53 (38.6)  Loss_cat: 0.4073 (0.394)  Loss_feat: 34.96 (34.2)  Loss_gt: 3.067 (2.97)  Loss_kd: 1.094 (1.04) LR: 5.460e-02
2025-09-02 06:57:40,928 -                train: [    INFO] - Train: 65 [1000/2502 ( 40%)]  Loss: 39.02 (38.6)  Loss_cat: 0.4017 (0.395)  Loss_feat: 34.54 (34.2)  Loss_gt: 3.015 (2.98)  Loss_kd: 1.056 (1.04) LR: 5.460e-02
2025-09-02 06:58:31,811 -                train: [    INFO] - Train: 65 [1200/2502 ( 48%)]  Loss: 42.43 (39.2)  Loss_cat: 0.4237 (0.399)  Loss_feat: 36.70 (34.6)  Loss_gt: 3.884 (3.11)  Loss_kd: 1.418 (1.09) LR: 5.460e-02
2025-09-02 06:59:21,951 -                train: [    INFO] - Train: 65 [1400/2502 ( 56%)]  Loss: 36.95 (38.9)  Loss_cat: 0.3728 (0.396)  Loss_feat: 32.99 (34.4)  Loss_gt: 2.602 (3.04)  Loss_kd: 0.9770 (1.08) LR: 5.460e-02
2025-09-02 07:00:13,005 -                train: [    INFO] - Train: 65 [1600/2502 ( 64%)]  Loss: 37.76 (38.8)  Loss_cat: 0.3846 (0.395)  Loss_feat: 33.67 (34.3)  Loss_gt: 2.776 (3.02)  Loss_kd: 0.9317 (1.06) LR: 5.460e-02
2025-09-02 07:01:03,308 -                train: [    INFO] - Train: 65 [1800/2502 ( 72%)]  Loss: 37.89 (38.7)  Loss_cat: 0.3792 (0.393)  Loss_feat: 33.59 (34.2)  Loss_gt: 2.868 (3.00)  Loss_kd: 1.052 (1.06) LR: 5.460e-02
2025-09-02 07:01:54,241 -                train: [    INFO] - Train: 65 [2000/2502 ( 80%)]  Loss: 37.17 (38.5)  Loss_cat: 0.3765 (0.392)  Loss_feat: 33.19 (34.1)  Loss_gt: 2.644 (2.97)  Loss_kd: 0.9616 (1.05) LR: 5.460e-02
2025-09-02 07:02:44,373 -                train: [    INFO] - Train: 65 [2200/2502 ( 88%)]  Loss: 41.29 (38.8)  Loss_cat: 0.4214 (0.394)  Loss_feat: 35.91 (34.3)  Loss_gt: 3.638 (3.02)  Loss_kd: 1.319 (1.08) LR: 5.460e-02
2025-09-02 07:03:34,716 -                train: [    INFO] - Train: 65 [2400/2502 ( 96%)]  Loss: 36.30 (38.6)  Loss_cat: 0.3720 (0.392)  Loss_feat: 32.65 (34.2)  Loss_gt: 2.403 (2.98)  Loss_kd: 0.8764 (1.06) LR: 5.460e-02
2025-09-02 07:04:00,388 -                train: [    INFO] - Train: 65 [2501/2502 (100%)]  Loss: 37.48 (38.5)  Loss_cat: 0.3872 (0.392)  Loss_feat: 33.60 (34.1)  Loss_gt: 2.596 (2.95)  Loss_kd: 0.8943 (1.05) LR: 5.460e-02
2025-09-02 07:04:00,389 -                train: [    INFO] - Distributing BatchNorm running means and vars
2025-09-02 07:04:01,912 -                train: [    INFO] - Test: [   0/97]  Time: 1.518 (1.518)  Loss:  1.0548 (1.0548)  Acc@1: 75.0000 (75.0000)  Acc@5: 93.1641 (93.1641)
2025-09-02 07:04:19,013 -                train: [    INFO] - Test: [  97/97]  Time: 0.014 (0.190)  Loss:  1.2207 (1.5406)  Acc@1: 72.0238 (63.7820)  Acc@5: 91.0714 (86.6460)
2025-09-02 07:04:19,222 - timm.utils.checkpoint_saver: [    INFO] - Current checkpoints:
 ('./output/train/20250901-184723-mobilenetv2_vcaV2-224/checkpoint/checkpoint-64.pth.tar', 65.11800002441406)
 ('./output/train/20250901-184723-mobilenetv2_vcaV2-224/checkpoint/checkpoint-63.pth.tar', 64.75600000976563)
 ('./output/train/20250901-184723-mobilenetv2_vcaV2-224/checkpoint/checkpoint-62.pth.tar', 64.42200002197265)
 ('./output/train/20250901-184723-mobilenetv2_vcaV2-224/checkpoint/checkpoint-59.pth.tar', 64.2799999951172)
 ('./output/train/20250901-184723-mobilenetv2_vcaV2-224/checkpoint/checkpoint-60.pth.tar', 64.12200001708985)
 ('./output/train/20250901-184723-mobilenetv2_vcaV2-224/checkpoint/checkpoint-57.pth.tar', 63.84000001708984)
 ('./output/train/20250901-184723-mobilenetv2_vcaV2-224/checkpoint/checkpoint-65.pth.tar', 63.78200001220703)
 ('./output/train/20250901-184723-mobilenetv2_vcaV2-224/checkpoint/checkpoint-51.pth.tar', 63.60600000976562)
 ('./output/train/20250901-184723-mobilenetv2_vcaV2-224/checkpoint/checkpoint-55.pth.tar', 63.5179999975586)
 ('./output/train/20250901-184723-mobilenetv2_vcaV2-224/checkpoint/checkpoint-61.pth.tar', 63.46200000244141)

2025-09-02 07:04:20,898 -                train: [    INFO] - Test (EMA 0.99990): [   0/97]  Time: 1.671 (1.671)  Loss:  0.8527 (0.8527)  Acc@1: 78.9062 (78.9062)  Acc@5: 95.7031 (95.7031)
2025-09-02 07:04:35,593 -                train: [    INFO] - Test (EMA 0.99990): [  97/97]  Time: 0.014 (0.167)  Loss:  1.0216 (1.2577)  Acc@1: 73.2143 (69.1660)  Acc@5: 92.2619 (89.8760)
2025-09-02 07:04:35,767 - timm.utils.checkpoint_saver: [    INFO] - Current checkpoints:
 ('./output/train/20250901-184723-mobilenetv2_vcaV2-224/ema0.9999_checkpoint/checkpoint-65.pth.tar', 69.16600000732421)
 ('./output/train/20250901-184723-mobilenetv2_vcaV2-224/ema0.9999_checkpoint/checkpoint-64.pth.tar', 69.09000000976563)
 ('./output/train/20250901-184723-mobilenetv2_vcaV2-224/ema0.9999_checkpoint/checkpoint-63.pth.tar', 68.97200003417969)
 ('./output/train/20250901-184723-mobilenetv2_vcaV2-224/ema0.9999_checkpoint/checkpoint-62.pth.tar', 68.87800003417969)
 ('./output/train/20250901-184723-mobilenetv2_vcaV2-224/ema0.9999_checkpoint/checkpoint-61.pth.tar', 68.72600000732422)
 ('./output/train/20250901-184723-mobilenetv2_vcaV2-224/ema0.9999_checkpoint/checkpoint-60.pth.tar', 68.65400000732421)
 ('./output/train/20250901-184723-mobilenetv2_vcaV2-224/ema0.9999_checkpoint/checkpoint-59.pth.tar', 68.51400000976562)
 ('./output/train/20250901-184723-mobilenetv2_vcaV2-224/ema0.9999_checkpoint/checkpoint-58.pth.tar', 68.42800001220704)
 ('./output/train/20250901-184723-mobilenetv2_vcaV2-224/ema0.9999_checkpoint/checkpoint-57.pth.tar', 68.34000000976563)
 ('./output/train/20250901-184723-mobilenetv2_vcaV2-224/ema0.9999_checkpoint/checkpoint-56.pth.tar', 68.19599998535156)

2025-09-02 07:04:38,810 -                train: [    INFO] - Train: 66 [   0/2502 (  0%)]  Loss: 37.14 (37.1)  Loss_cat: 0.3840 (0.384)  Loss_feat: 33.34 (33.3)  Loss_gt: 2.511 (2.51)  Loss_kd: 0.9110 (0.911) LR: 5.183e-02
2025-09-02 07:05:28,990 -                train: [    INFO] - Train: 66 [ 200/2502 (  8%)]  Loss: 36.53 (36.8)  Loss_cat: 0.3773 (0.381)  Loss_feat: 32.94 (33.1)  Loss_gt: 2.387 (2.45)  Loss_kd: 0.8300 (0.870) LR: 5.183e-02
2025-09-02 07:06:19,497 -                train: [    INFO] - Train: 66 [ 400/2502 ( 16%)]  Loss: 39.50 (37.7)  Loss_cat: 0.4017 (0.388)  Loss_feat: 34.81 (33.7)  Loss_gt: 3.188 (2.70)  Loss_kd: 1.101 (0.947) LR: 5.183e-02
2025-09-02 07:07:09,517 -                train: [    INFO] - Train: 66 [ 600/2502 ( 24%)]  Loss: 35.41 (37.1)  Loss_cat: 0.3582 (0.380)  Loss_feat: 31.96 (33.3)  Loss_gt: 2.221 (2.58)  Loss_kd: 0.8656 (0.927) LR: 5.183e-02
2025-09-02 07:07:59,980 -                train: [    INFO] - Train: 66 [ 800/2502 ( 32%)]  Loss: 40.24 (37.8)  Loss_cat: 0.4229 (0.389)  Loss_feat: 35.61 (33.7)  Loss_gt: 3.207 (2.70)  Loss_kd: 1.008 (0.943) LR: 5.183e-02
2025-09-02 07:08:50,351 -                train: [    INFO] - Train: 66 [1000/2502 ( 40%)]  Loss: 37.56 (37.7)  Loss_cat: 0.3865 (0.388)  Loss_feat: 33.48 (33.7)  Loss_gt: 2.705 (2.70)  Loss_kd: 0.9909 (0.951) LR: 5.183e-02
2025-09-02 07:09:40,877 -                train: [    INFO] - Train: 66 [1200/2502 ( 48%)]  Loss: 39.57 (38.0)  Loss_cat: 0.4006 (0.390)  Loss_feat: 34.72 (33.8)  Loss_gt: 3.285 (2.79)  Loss_kd: 1.165 (0.982) LR: 5.183e-02
2025-09-02 07:10:31,343 -                train: [    INFO] - Train: 66 [1400/2502 ( 56%)]  Loss: 39.59 (38.2)  Loss_cat: 0.4010 (0.392)  Loss_feat: 34.92 (34.0)  Loss_gt: 3.215 (2.84)  Loss_kd: 1.058 (0.991) LR: 5.183e-02
2025-09-02 07:11:22,187 -                train: [    INFO] - Train: 66 [1600/2502 ( 64%)]  Loss: 37.80 (38.2)  Loss_cat: 0.3833 (0.391)  Loss_feat: 33.67 (33.9)  Loss_gt: 2.766 (2.83)  Loss_kd: 0.9845 (0.991) LR: 5.183e-02
2025-09-02 07:12:12,804 -                train: [    INFO] - Train: 66 [1800/2502 ( 72%)]  Loss: 43.01 (38.6)  Loss_cat: 0.4433 (0.396)  Loss_feat: 37.25 (34.3)  Loss_gt: 3.930 (2.94)  Loss_kd: 1.380 (1.03) LR: 5.183e-02
2025-09-02 07:13:04,490 -                train: [    INFO] - Train: 66 [2000/2502 ( 80%)]  Loss: 41.94 (38.9)  Loss_cat: 0.4266 (0.399)  Loss_feat: 36.49 (34.5)  Loss_gt: 3.715 (3.01)  Loss_kd: 1.309 (1.05) LR: 5.183e-02
2025-09-02 07:13:55,133 -                train: [    INFO] - Train: 66 [2200/2502 ( 88%)]  Loss: 37.14 (38.8)  Loss_cat: 0.3887 (0.398)  Loss_feat: 33.32 (34.4)  Loss_gt: 2.510 (2.97)  Loss_kd: 0.9232 (1.04) LR: 5.183e-02
2025-09-02 07:14:45,301 -                train: [    INFO] - Train: 66 [2400/2502 ( 96%)]  Loss: 44.60 (39.2)  Loss_cat: 0.4517 (0.402)  Loss_feat: 38.07 (34.7)  Loss_gt: 4.456 (3.08)  Loss_kd: 1.617 (1.09) LR: 5.183e-02
2025-09-02 07:15:10,957 -                train: [    INFO] - Train: 66 [2501/2502 (100%)]  Loss: 37.02 (39.1)  Loss_cat: 0.3812 (0.400)  Loss_feat: 33.26 (34.6)  Loss_gt: 2.446 (3.04)  Loss_kd: 0.9382 (1.08) LR: 5.183e-02
2025-09-02 07:15:10,958 -                train: [    INFO] - Distributing BatchNorm running means and vars
2025-09-02 07:15:12,528 -                train: [    INFO] - Test: [   0/97]  Time: 1.565 (1.565)  Loss:  1.0303 (1.0303)  Acc@1: 75.9766 (75.9766)  Acc@5: 93.3594 (93.3594)
2025-09-02 07:15:29,342 -                train: [    INFO] - Test: [  97/97]  Time: 0.014 (0.188)  Loss:  1.2320 (1.4327)  Acc@1: 70.8333 (65.9900)  Acc@5: 90.1786 (87.7720)
2025-09-02 07:15:29,604 - timm.utils.checkpoint_saver: [    INFO] - Current checkpoints:
 ('./output/train/20250901-184723-mobilenetv2_vcaV2-224/checkpoint/checkpoint-66.pth.tar', 65.99000001708984)
 ('./output/train/20250901-184723-mobilenetv2_vcaV2-224/checkpoint/checkpoint-64.pth.tar', 65.11800002441406)
 ('./output/train/20250901-184723-mobilenetv2_vcaV2-224/checkpoint/checkpoint-63.pth.tar', 64.75600000976563)
 ('./output/train/20250901-184723-mobilenetv2_vcaV2-224/checkpoint/checkpoint-62.pth.tar', 64.42200002197265)
 ('./output/train/20250901-184723-mobilenetv2_vcaV2-224/checkpoint/checkpoint-59.pth.tar', 64.2799999951172)
 ('./output/train/20250901-184723-mobilenetv2_vcaV2-224/checkpoint/checkpoint-60.pth.tar', 64.12200001708985)
 ('./output/train/20250901-184723-mobilenetv2_vcaV2-224/checkpoint/checkpoint-57.pth.tar', 63.84000001708984)
 ('./output/train/20250901-184723-mobilenetv2_vcaV2-224/checkpoint/checkpoint-65.pth.tar', 63.78200001220703)
 ('./output/train/20250901-184723-mobilenetv2_vcaV2-224/checkpoint/checkpoint-51.pth.tar', 63.60600000976562)
 ('./output/train/20250901-184723-mobilenetv2_vcaV2-224/checkpoint/checkpoint-55.pth.tar', 63.5179999975586)

2025-09-02 07:15:30,966 -                train: [    INFO] - Test (EMA 0.99990): [   0/97]  Time: 1.356 (1.356)  Loss:  0.8471 (0.8471)  Acc@1: 78.7109 (78.7109)  Acc@5: 95.8984 (95.8984)
2025-09-02 07:15:45,717 -                train: [    INFO] - Test (EMA 0.99990): [  97/97]  Time: 0.014 (0.164)  Loss:  1.0182 (1.2548)  Acc@1: 73.2143 (69.2280)  Acc@5: 92.2619 (89.9260)
2025-09-02 07:15:45,929 - timm.utils.checkpoint_saver: [    INFO] - Current checkpoints:
 ('./output/train/20250901-184723-mobilenetv2_vcaV2-224/ema0.9999_checkpoint/checkpoint-66.pth.tar', 69.22800000732421)
 ('./output/train/20250901-184723-mobilenetv2_vcaV2-224/ema0.9999_checkpoint/checkpoint-65.pth.tar', 69.16600000732421)
 ('./output/train/20250901-184723-mobilenetv2_vcaV2-224/ema0.9999_checkpoint/checkpoint-64.pth.tar', 69.09000000976563)
 ('./output/train/20250901-184723-mobilenetv2_vcaV2-224/ema0.9999_checkpoint/checkpoint-63.pth.tar', 68.97200003417969)
 ('./output/train/20250901-184723-mobilenetv2_vcaV2-224/ema0.9999_checkpoint/checkpoint-62.pth.tar', 68.87800003417969)
 ('./output/train/20250901-184723-mobilenetv2_vcaV2-224/ema0.9999_checkpoint/checkpoint-61.pth.tar', 68.72600000732422)
 ('./output/train/20250901-184723-mobilenetv2_vcaV2-224/ema0.9999_checkpoint/checkpoint-60.pth.tar', 68.65400000732421)
 ('./output/train/20250901-184723-mobilenetv2_vcaV2-224/ema0.9999_checkpoint/checkpoint-59.pth.tar', 68.51400000976562)
 ('./output/train/20250901-184723-mobilenetv2_vcaV2-224/ema0.9999_checkpoint/checkpoint-58.pth.tar', 68.42800001220704)
 ('./output/train/20250901-184723-mobilenetv2_vcaV2-224/ema0.9999_checkpoint/checkpoint-57.pth.tar', 68.34000000976563)

2025-09-02 07:15:47,929 -                train: [    INFO] - Train: 67 [   0/2502 (  0%)]  Loss: 41.69 (41.7)  Loss_cat: 0.4195 (0.419)  Loss_feat: 36.25 (36.2)  Loss_gt: 3.715 (3.71)  Loss_kd: 1.308 (1.31) LR: 4.910e-02
2025-09-02 07:16:38,358 -                train: [    INFO] - Train: 67 [ 200/2502 (  8%)]  Loss: 37.50 (39.6)  Loss_cat: 0.3899 (0.405)  Loss_feat: 33.71 (35.0)  Loss_gt: 2.511 (3.11)  Loss_kd: 0.8893 (1.10) LR: 4.910e-02
2025-09-02 07:17:28,290 -                train: [    INFO] - Train: 67 [ 400/2502 ( 16%)]  Loss: 38.75 (39.3)  Loss_cat: 0.3946 (0.401)  Loss_feat: 34.38 (34.8)  Loss_gt: 2.907 (3.04)  Loss_kd: 1.067 (1.09) LR: 4.910e-02
2025-09-02 07:18:18,541 -                train: [    INFO] - Train: 67 [ 600/2502 ( 24%)]  Loss: 38.65 (39.1)  Loss_cat: 0.3889 (0.398)  Loss_feat: 34.09 (34.6)  Loss_gt: 3.069 (3.05)  Loss_kd: 1.100 (1.09) LR: 4.910e-02
2025-09-02 07:19:08,884 -                train: [    INFO] - Train: 67 [ 800/2502 ( 32%)]  Loss: 38.70 (39.1)  Loss_cat: 0.3902 (0.397)  Loss_feat: 34.14 (34.5)  Loss_gt: 3.110 (3.06)  Loss_kd: 1.063 (1.09) LR: 4.910e-02
2025-09-02 07:19:59,241 -                train: [    INFO] - Train: 67 [1000/2502 ( 40%)]  Loss: 37.97 (38.9)  Loss_cat: 0.3878 (0.395)  Loss_feat: 33.91 (34.4)  Loss_gt: 2.745 (3.01)  Loss_kd: 0.9237 (1.06) LR: 4.910e-02
2025-09-02 07:20:49,675 -                train: [    INFO] - Train: 67 [1200/2502 ( 48%)]  Loss: 37.83 (38.7)  Loss_cat: 0.3860 (0.394)  Loss_feat: 33.88 (34.3)  Loss_gt: 2.658 (2.96)  Loss_kd: 0.9056 (1.04) LR: 4.910e-02
2025-09-02 07:21:40,550 -                train: [    INFO] - Train: 67 [1400/2502 ( 56%)]  Loss: 40.25 (38.9)  Loss_cat: 0.4011 (0.395)  Loss_feat: 35.20 (34.4)  Loss_gt: 3.479 (3.02)  Loss_kd: 1.168 (1.05) LR: 4.910e-02
2025-09-02 07:22:30,432 -                train: [    INFO] - Train: 67 [1600/2502 ( 64%)]  Loss: 37.26 (38.7)  Loss_cat: 0.3805 (0.393)  Loss_feat: 33.26 (34.3)  Loss_gt: 2.665 (2.98)  Loss_kd: 0.9602 (1.04) LR: 4.910e-02
2025-09-02 07:23:21,079 -                train: [    INFO] - Train: 67 [1800/2502 ( 72%)]  Loss: 39.38 (38.8)  Loss_cat: 0.3975 (0.394)  Loss_feat: 34.61 (34.3)  Loss_gt: 3.268 (3.01)  Loss_kd: 1.102 (1.05) LR: 4.910e-02
2025-09-02 07:24:11,467 -                train: [    INFO] - Train: 67 [2000/2502 ( 80%)]  Loss: 41.49 (39.0)  Loss_cat: 0.4197 (0.396)  Loss_feat: 36.12 (34.5)  Loss_gt: 3.614 (3.07)  Loss_kd: 1.335 (1.07) LR: 4.910e-02
2025-09-02 07:25:02,016 -                train: [    INFO] - Train: 67 [2200/2502 ( 88%)]  Loss: 36.01 (38.8)  Loss_cat: 0.3658 (0.393)  Loss_feat: 32.39 (34.3)  Loss_gt: 2.340 (3.01)  Loss_kd: 0.9124 (1.06) LR: 4.910e-02
2025-09-02 07:25:52,721 -                train: [    INFO] - Train: 67 [2400/2502 ( 96%)]  Loss: 38.61 (38.8)  Loss_cat: 0.3911 (0.393)  Loss_feat: 34.12 (34.3)  Loss_gt: 3.006 (3.01)  Loss_kd: 1.093 (1.06) LR: 4.910e-02
2025-09-02 07:26:17,870 -                train: [    INFO] - Train: 67 [2501/2502 (100%)]  Loss: 39.95 (38.9)  Loss_cat: 0.4087 (0.394)  Loss_feat: 35.12 (34.4)  Loss_gt: 3.306 (3.03)  Loss_kd: 1.114 (1.07) LR: 4.910e-02
2025-09-02 07:26:17,870 -                train: [    INFO] - Distributing BatchNorm running means and vars
2025-09-02 07:26:19,473 -                train: [    INFO] - Test: [   0/97]  Time: 1.597 (1.597)  Loss:  1.0773 (1.0773)  Acc@1: 75.0000 (75.0000)  Acc@5: 93.7500 (93.7500)
2025-09-02 07:26:36,776 -                train: [    INFO] - Test: [  97/97]  Time: 0.014 (0.193)  Loss:  1.2451 (1.4872)  Acc@1: 67.8571 (65.3000)  Acc@5: 91.6667 (87.4940)
2025-09-02 07:26:37,084 - timm.utils.checkpoint_saver: [    INFO] - Current checkpoints:
 ('./output/train/20250901-184723-mobilenetv2_vcaV2-224/checkpoint/checkpoint-66.pth.tar', 65.99000001708984)
 ('./output/train/20250901-184723-mobilenetv2_vcaV2-224/checkpoint/checkpoint-67.pth.tar', 65.30000002929688)
 ('./output/train/20250901-184723-mobilenetv2_vcaV2-224/checkpoint/checkpoint-64.pth.tar', 65.11800002441406)
 ('./output/train/20250901-184723-mobilenetv2_vcaV2-224/checkpoint/checkpoint-63.pth.tar', 64.75600000976563)
 ('./output/train/20250901-184723-mobilenetv2_vcaV2-224/checkpoint/checkpoint-62.pth.tar', 64.42200002197265)
 ('./output/train/20250901-184723-mobilenetv2_vcaV2-224/checkpoint/checkpoint-59.pth.tar', 64.2799999951172)
 ('./output/train/20250901-184723-mobilenetv2_vcaV2-224/checkpoint/checkpoint-60.pth.tar', 64.12200001708985)
 ('./output/train/20250901-184723-mobilenetv2_vcaV2-224/checkpoint/checkpoint-57.pth.tar', 63.84000001708984)
 ('./output/train/20250901-184723-mobilenetv2_vcaV2-224/checkpoint/checkpoint-65.pth.tar', 63.78200001220703)
 ('./output/train/20250901-184723-mobilenetv2_vcaV2-224/checkpoint/checkpoint-51.pth.tar', 63.60600000976562)

2025-09-02 07:26:39,794 -                train: [    INFO] - Test (EMA 0.99990): [   0/97]  Time: 2.707 (2.707)  Loss:  0.8435 (0.8435)  Acc@1: 79.4922 (79.4922)  Acc@5: 95.8984 (95.8984)
2025-09-02 07:26:54,364 -                train: [    INFO] - Test (EMA 0.99990): [  97/97]  Time: 0.014 (0.176)  Loss:  1.0147 (1.2512)  Acc@1: 73.2143 (69.3700)  Acc@5: 92.2619 (89.9380)
2025-09-02 07:26:54,553 - timm.utils.checkpoint_saver: [    INFO] - Current checkpoints:
 ('./output/train/20250901-184723-mobilenetv2_vcaV2-224/ema0.9999_checkpoint/checkpoint-67.pth.tar', 69.37000000732422)
 ('./output/train/20250901-184723-mobilenetv2_vcaV2-224/ema0.9999_checkpoint/checkpoint-66.pth.tar', 69.22800000732421)
 ('./output/train/20250901-184723-mobilenetv2_vcaV2-224/ema0.9999_checkpoint/checkpoint-65.pth.tar', 69.16600000732421)
 ('./output/train/20250901-184723-mobilenetv2_vcaV2-224/ema0.9999_checkpoint/checkpoint-64.pth.tar', 69.09000000976563)
 ('./output/train/20250901-184723-mobilenetv2_vcaV2-224/ema0.9999_checkpoint/checkpoint-63.pth.tar', 68.97200003417969)
 ('./output/train/20250901-184723-mobilenetv2_vcaV2-224/ema0.9999_checkpoint/checkpoint-62.pth.tar', 68.87800003417969)
 ('./output/train/20250901-184723-mobilenetv2_vcaV2-224/ema0.9999_checkpoint/checkpoint-61.pth.tar', 68.72600000732422)
 ('./output/train/20250901-184723-mobilenetv2_vcaV2-224/ema0.9999_checkpoint/checkpoint-60.pth.tar', 68.65400000732421)
 ('./output/train/20250901-184723-mobilenetv2_vcaV2-224/ema0.9999_checkpoint/checkpoint-59.pth.tar', 68.51400000976562)
 ('./output/train/20250901-184723-mobilenetv2_vcaV2-224/ema0.9999_checkpoint/checkpoint-58.pth.tar', 68.42800001220704)

2025-09-02 07:26:56,173 -                train: [    INFO] - Train: 68 [   0/2502 (  0%)]  Loss: 37.77 (37.8)  Loss_cat: 0.3896 (0.390)  Loss_feat: 33.84 (33.8)  Loss_gt: 2.630 (2.63)  Loss_kd: 0.9052 (0.905) LR: 4.642e-02
2025-09-02 07:27:47,438 -                train: [    INFO] - Train: 68 [ 200/2502 (  8%)]  Loss: 39.12 (38.4)  Loss_cat: 0.3960 (0.393)  Loss_feat: 34.45 (34.1)  Loss_gt: 3.160 (2.89)  Loss_kd: 1.113 (1.01) LR: 4.642e-02
2025-09-02 07:28:37,197 -                train: [    INFO] - Train: 68 [ 400/2502 ( 16%)]  Loss: 35.69 (37.5)  Loss_cat: 0.3635 (0.383)  Loss_feat: 32.25 (33.5)  Loss_gt: 2.236 (2.68)  Loss_kd: 0.8446 (0.954) LR: 4.642e-02
2025-09-02 07:29:27,886 -                train: [    INFO] - Train: 68 [ 600/2502 ( 24%)]  Loss: 36.96 (37.4)  Loss_cat: 0.3713 (0.380)  Loss_feat: 32.99 (33.4)  Loss_gt: 2.650 (2.67)  Loss_kd: 0.9479 (0.953) LR: 4.642e-02
2025-09-02 07:30:17,979 -                train: [    INFO] - Train: 68 [ 800/2502 ( 32%)]  Loss: 38.73 (37.7)  Loss_cat: 0.4006 (0.384)  Loss_feat: 34.44 (33.6)  Loss_gt: 2.870 (2.71)  Loss_kd: 1.015 (0.965) LR: 4.642e-02
2025-09-02 07:31:09,075 -                train: [    INFO] - Train: 68 [1000/2502 ( 40%)]  Loss: 38.11 (37.7)  Loss_cat: 0.3862 (0.385)  Loss_feat: 33.82 (33.6)  Loss_gt: 2.936 (2.75)  Loss_kd: 0.9748 (0.967) LR: 4.642e-02
2025-09-02 07:31:59,341 -                train: [    INFO] - Train: 68 [1200/2502 ( 48%)]  Loss: 36.37 (37.5)  Loss_cat: 0.3721 (0.383)  Loss_feat: 32.67 (33.5)  Loss_gt: 2.456 (2.71)  Loss_kd: 0.8678 (0.953) LR: 4.642e-02
2025-09-02 07:32:50,249 -                train: [    INFO] - Train: 68 [1400/2502 ( 56%)]  Loss: 38.27 (37.6)  Loss_cat: 0.3829 (0.383)  Loss_feat: 33.91 (33.5)  Loss_gt: 2.932 (2.73)  Loss_kd: 1.041 (0.964) LR: 4.642e-02
2025-09-02 07:33:41,219 -                train: [    INFO] - Train: 68 [1600/2502 ( 64%)]  Loss: 38.89 (37.8)  Loss_cat: 0.3892 (0.383)  Loss_feat: 34.34 (33.6)  Loss_gt: 3.068 (2.77)  Loss_kd: 1.090 (0.978) LR: 4.642e-02
2025-09-02 07:34:31,402 -                train: [    INFO] - Train: 68 [1800/2502 ( 72%)]  Loss: 39.96 (38.0)  Loss_cat: 0.4017 (0.385)  Loss_feat: 34.97 (33.8)  Loss_gt: 3.350 (2.83)  Loss_kd: 1.242 (1.00) LR: 4.642e-02
2025-09-02 07:35:22,516 -                train: [    INFO] - Train: 68 [2000/2502 ( 80%)]  Loss: 39.40 (38.1)  Loss_cat: 0.4004 (0.387)  Loss_feat: 34.79 (33.9)  Loss_gt: 3.110 (2.85)  Loss_kd: 1.102 (1.01) LR: 4.642e-02
2025-09-02 07:36:14,956 -                train: [    INFO] - Train: 68 [2200/2502 ( 88%)]  Loss: 36.73 (38.0)  Loss_cat: 0.3741 (0.386)  Loss_feat: 32.97 (33.8)  Loss_gt: 2.484 (2.82)  Loss_kd: 0.8933 (1.00) LR: 4.642e-02
2025-09-02 07:37:05,822 -                train: [    INFO] - Train: 68 [2400/2502 ( 96%)]  Loss: 35.57 (37.8)  Loss_cat: 0.3575 (0.383)  Loss_feat: 31.98 (33.6)  Loss_gt: 2.391 (2.79)  Loss_kd: 0.8482 (0.991) LR: 4.642e-02
2025-09-02 07:37:31,213 -                train: [    INFO] - Train: 68 [2501/2502 (100%)]  Loss: 36.05 (37.7)  Loss_cat: 0.3683 (0.382)  Loss_feat: 32.46 (33.6)  Loss_gt: 2.366 (2.76)  Loss_kd: 0.8533 (0.981) LR: 4.642e-02
2025-09-02 07:37:31,214 -                train: [    INFO] - Distributing BatchNorm running means and vars
2025-09-02 07:37:32,898 -                train: [    INFO] - Test: [   0/97]  Time: 1.678 (1.678)  Loss:  1.1809 (1.1809)  Acc@1: 69.1406 (69.1406)  Acc@5: 92.3828 (92.3828)
2025-09-02 07:37:50,463 -                train: [    INFO] - Test: [  97/97]  Time: 0.014 (0.196)  Loss:  1.3963 (1.5075)  Acc@1: 66.9643 (64.3020)  Acc@5: 86.9048 (86.6600)
2025-09-02 07:37:50,680 - timm.utils.checkpoint_saver: [    INFO] - Current checkpoints:
 ('./output/train/20250901-184723-mobilenetv2_vcaV2-224/checkpoint/checkpoint-66.pth.tar', 65.99000001708984)
 ('./output/train/20250901-184723-mobilenetv2_vcaV2-224/checkpoint/checkpoint-67.pth.tar', 65.30000002929688)
 ('./output/train/20250901-184723-mobilenetv2_vcaV2-224/checkpoint/checkpoint-64.pth.tar', 65.11800002441406)
 ('./output/train/20250901-184723-mobilenetv2_vcaV2-224/checkpoint/checkpoint-63.pth.tar', 64.75600000976563)
 ('./output/train/20250901-184723-mobilenetv2_vcaV2-224/checkpoint/checkpoint-62.pth.tar', 64.42200002197265)
 ('./output/train/20250901-184723-mobilenetv2_vcaV2-224/checkpoint/checkpoint-68.pth.tar', 64.30200000732422)
 ('./output/train/20250901-184723-mobilenetv2_vcaV2-224/checkpoint/checkpoint-59.pth.tar', 64.2799999951172)
 ('./output/train/20250901-184723-mobilenetv2_vcaV2-224/checkpoint/checkpoint-60.pth.tar', 64.12200001708985)
 ('./output/train/20250901-184723-mobilenetv2_vcaV2-224/checkpoint/checkpoint-57.pth.tar', 63.84000001708984)
 ('./output/train/20250901-184723-mobilenetv2_vcaV2-224/checkpoint/checkpoint-65.pth.tar', 63.78200001220703)

2025-09-02 07:37:52,651 -                train: [    INFO] - Test (EMA 0.99990): [   0/97]  Time: 1.967 (1.967)  Loss:  0.8402 (0.8402)  Acc@1: 80.0781 (80.0781)  Acc@5: 95.8984 (95.8984)
2025-09-02 07:38:07,015 -                train: [    INFO] - Test (EMA 0.99990): [  97/97]  Time: 0.014 (0.167)  Loss:  1.0117 (1.2481)  Acc@1: 73.2143 (69.4840)  Acc@5: 92.2619 (90.0200)
2025-09-02 07:38:07,214 - timm.utils.checkpoint_saver: [    INFO] - Current checkpoints:
 ('./output/train/20250901-184723-mobilenetv2_vcaV2-224/ema0.9999_checkpoint/checkpoint-68.pth.tar', 69.48400000732421)
 ('./output/train/20250901-184723-mobilenetv2_vcaV2-224/ema0.9999_checkpoint/checkpoint-67.pth.tar', 69.37000000732422)
 ('./output/train/20250901-184723-mobilenetv2_vcaV2-224/ema0.9999_checkpoint/checkpoint-66.pth.tar', 69.22800000732421)
 ('./output/train/20250901-184723-mobilenetv2_vcaV2-224/ema0.9999_checkpoint/checkpoint-65.pth.tar', 69.16600000732421)
 ('./output/train/20250901-184723-mobilenetv2_vcaV2-224/ema0.9999_checkpoint/checkpoint-64.pth.tar', 69.09000000976563)
 ('./output/train/20250901-184723-mobilenetv2_vcaV2-224/ema0.9999_checkpoint/checkpoint-63.pth.tar', 68.97200003417969)
 ('./output/train/20250901-184723-mobilenetv2_vcaV2-224/ema0.9999_checkpoint/checkpoint-62.pth.tar', 68.87800003417969)
 ('./output/train/20250901-184723-mobilenetv2_vcaV2-224/ema0.9999_checkpoint/checkpoint-61.pth.tar', 68.72600000732422)
 ('./output/train/20250901-184723-mobilenetv2_vcaV2-224/ema0.9999_checkpoint/checkpoint-60.pth.tar', 68.65400000732421)
 ('./output/train/20250901-184723-mobilenetv2_vcaV2-224/ema0.9999_checkpoint/checkpoint-59.pth.tar', 68.51400000976562)

2025-09-02 07:38:09,559 -                train: [    INFO] - Train: 69 [   0/2502 (  0%)]  Loss: 40.47 (40.5)  Loss_cat: 0.4137 (0.414)  Loss_feat: 35.57 (35.6)  Loss_gt: 3.361 (3.36)  Loss_kd: 1.121 (1.12) LR: 4.379e-02
2025-09-02 07:38:59,497 -                train: [    INFO] - Train: 69 [ 200/2502 (  8%)]  Loss: 37.00 (38.7)  Loss_cat: 0.3818 (0.398)  Loss_feat: 33.34 (34.5)  Loss_gt: 2.436 (2.90)  Loss_kd: 0.8458 (0.983) LR: 4.379e-02
2025-09-02 07:39:49,842 -                train: [    INFO] - Train: 69 [ 400/2502 ( 16%)]  Loss: 37.87 (38.4)  Loss_cat: 0.3906 (0.395)  Loss_feat: 33.93 (34.3)  Loss_gt: 2.621 (2.81)  Loss_kd: 0.9285 (0.965) LR: 4.379e-02
2025-09-02 07:40:39,645 -                train: [    INFO] - Train: 69 [ 600/2502 ( 24%)]  Loss: 39.15 (38.6)  Loss_cat: 0.3972 (0.396)  Loss_feat: 34.59 (34.4)  Loss_gt: 3.116 (2.88)  Loss_kd: 1.051 (0.986) LR: 4.379e-02
2025-09-02 07:41:31,645 -                train: [    INFO] - Train: 69 [ 800/2502 ( 32%)]  Loss: 37.59 (38.4)  Loss_cat: 0.3782 (0.392)  Loss_feat: 33.51 (34.2)  Loss_gt: 2.708 (2.85)  Loss_kd: 0.9933 (0.988) LR: 4.379e-02
2025-09-02 07:42:25,728 -                train: [    INFO] - Train: 69 [1000/2502 ( 40%)]  Loss: 38.30 (38.4)  Loss_cat: 0.3840 (0.391)  Loss_feat: 33.79 (34.1)  Loss_gt: 2.984 (2.87)  Loss_kd: 1.141 (1.01) LR: 4.379e-02
2025-09-02 07:43:17,554 -                train: [    INFO] - Train: 69 [1200/2502 ( 48%)]  Loss: 35.95 (38.0)  Loss_cat: 0.3631 (0.387)  Loss_feat: 32.44 (33.9)  Loss_gt: 2.350 (2.80)  Loss_kd: 0.7940 (0.982) LR: 4.379e-02
2025-09-02 07:44:08,265 -                train: [    INFO] - Train: 69 [1400/2502 ( 56%)]  Loss: 36.34 (37.8)  Loss_cat: 0.3693 (0.385)  Loss_feat: 32.67 (33.7)  Loss_gt: 2.467 (2.76)  Loss_kd: 0.8423 (0.965) LR: 4.379e-02
2025-09-02 07:44:59,143 -                train: [    INFO] - Train: 69 [1600/2502 ( 64%)]  Loss: 41.98 (38.3)  Loss_cat: 0.4212 (0.389)  Loss_feat: 36.49 (34.0)  Loss_gt: 3.813 (2.87)  Loss_kd: 1.249 (0.996) LR: 4.379e-02
2025-09-02 07:45:49,965 -                train: [    INFO] - Train: 69 [1800/2502 ( 72%)]  Loss: 39.11 (38.4)  Loss_cat: 0.3928 (0.389)  Loss_feat: 34.44 (34.1)  Loss_gt: 3.177 (2.90)  Loss_kd: 1.107 (1.01) LR: 4.379e-02
2025-09-02 07:46:40,478 -                train: [    INFO] - Train: 69 [2000/2502 ( 80%)]  Loss: 38.66 (38.4)  Loss_cat: 0.3986 (0.390)  Loss_feat: 34.42 (34.1)  Loss_gt: 2.899 (2.90)  Loss_kd: 0.9445 (1.00) LR: 4.379e-02
2025-09-02 07:47:31,327 -                train: [    INFO] - Train: 69 [2200/2502 ( 88%)]  Loss: 39.03 (38.5)  Loss_cat: 0.3987 (0.391)  Loss_feat: 34.71 (34.2)  Loss_gt: 2.954 (2.91)  Loss_kd: 0.9712 (0.999) LR: 4.379e-02
2025-09-02 07:48:22,893 -                train: [    INFO] - Train: 69 [2400/2502 ( 96%)]  Loss: 38.15 (38.4)  Loss_cat: 0.3748 (0.390)  Loss_feat: 33.81 (34.1)  Loss_gt: 2.932 (2.91)  Loss_kd: 1.027 (1.00) LR: 4.379e-02
2025-09-02 07:48:48,581 -                train: [    INFO] - Train: 69 [2501/2502 (100%)]  Loss: 40.60 (38.6)  Loss_cat: 0.4029 (0.391)  Loss_feat: 35.42 (34.2)  Loss_gt: 3.494 (2.95)  Loss_kd: 1.283 (1.02) LR: 4.379e-02
2025-09-02 07:48:48,581 -                train: [    INFO] - Distributing BatchNorm running means and vars
2025-09-02 07:48:50,223 -                train: [    INFO] - Test: [   0/97]  Time: 1.637 (1.637)  Loss:  1.0075 (1.0075)  Acc@1: 74.0234 (74.0234)  Acc@5: 93.3594 (93.3594)
2025-09-02 07:49:08,931 -                train: [    INFO] - Test: [  97/97]  Time: 0.014 (0.208)  Loss:  1.1860 (1.4187)  Acc@1: 71.1310 (66.0280)  Acc@5: 90.7738 (88.0000)
2025-09-02 07:49:09,158 - timm.utils.checkpoint_saver: [    INFO] - Current checkpoints:
 ('./output/train/20250901-184723-mobilenetv2_vcaV2-224/checkpoint/checkpoint-69.pth.tar', 66.02799999023438)
 ('./output/train/20250901-184723-mobilenetv2_vcaV2-224/checkpoint/checkpoint-66.pth.tar', 65.99000001708984)
 ('./output/train/20250901-184723-mobilenetv2_vcaV2-224/checkpoint/checkpoint-67.pth.tar', 65.30000002929688)
 ('./output/train/20250901-184723-mobilenetv2_vcaV2-224/checkpoint/checkpoint-64.pth.tar', 65.11800002441406)
 ('./output/train/20250901-184723-mobilenetv2_vcaV2-224/checkpoint/checkpoint-63.pth.tar', 64.75600000976563)
 ('./output/train/20250901-184723-mobilenetv2_vcaV2-224/checkpoint/checkpoint-62.pth.tar', 64.42200002197265)
 ('./output/train/20250901-184723-mobilenetv2_vcaV2-224/checkpoint/checkpoint-68.pth.tar', 64.30200000732422)
 ('./output/train/20250901-184723-mobilenetv2_vcaV2-224/checkpoint/checkpoint-59.pth.tar', 64.2799999951172)
 ('./output/train/20250901-184723-mobilenetv2_vcaV2-224/checkpoint/checkpoint-60.pth.tar', 64.12200001708985)
 ('./output/train/20250901-184723-mobilenetv2_vcaV2-224/checkpoint/checkpoint-57.pth.tar', 63.84000001708984)

2025-09-02 07:49:10,527 -                train: [    INFO] - Test (EMA 0.99990): [   0/97]  Time: 1.362 (1.362)  Loss:  0.8422 (0.8422)  Acc@1: 79.1016 (79.1016)  Acc@5: 95.8984 (95.8984)
2025-09-02 07:49:25,448 -                train: [    INFO] - Test (EMA 0.99990): [  97/97]  Time: 0.014 (0.166)  Loss:  1.0107 (1.2454)  Acc@1: 72.9167 (69.6200)  Acc@5: 92.2619 (90.0540)
2025-09-02 07:49:25,655 - timm.utils.checkpoint_saver: [    INFO] - Current checkpoints:
 ('./output/train/20250901-184723-mobilenetv2_vcaV2-224/ema0.9999_checkpoint/checkpoint-69.pth.tar', 69.62000003417968)
 ('./output/train/20250901-184723-mobilenetv2_vcaV2-224/ema0.9999_checkpoint/checkpoint-68.pth.tar', 69.48400000732421)
 ('./output/train/20250901-184723-mobilenetv2_vcaV2-224/ema0.9999_checkpoint/checkpoint-67.pth.tar', 69.37000000732422)
 ('./output/train/20250901-184723-mobilenetv2_vcaV2-224/ema0.9999_checkpoint/checkpoint-66.pth.tar', 69.22800000732421)
 ('./output/train/20250901-184723-mobilenetv2_vcaV2-224/ema0.9999_checkpoint/checkpoint-65.pth.tar', 69.16600000732421)
 ('./output/train/20250901-184723-mobilenetv2_vcaV2-224/ema0.9999_checkpoint/checkpoint-64.pth.tar', 69.09000000976563)
 ('./output/train/20250901-184723-mobilenetv2_vcaV2-224/ema0.9999_checkpoint/checkpoint-63.pth.tar', 68.97200003417969)
 ('./output/train/20250901-184723-mobilenetv2_vcaV2-224/ema0.9999_checkpoint/checkpoint-62.pth.tar', 68.87800003417969)
 ('./output/train/20250901-184723-mobilenetv2_vcaV2-224/ema0.9999_checkpoint/checkpoint-61.pth.tar', 68.72600000732422)
 ('./output/train/20250901-184723-mobilenetv2_vcaV2-224/ema0.9999_checkpoint/checkpoint-60.pth.tar', 68.65400000732421)

2025-09-02 07:49:27,345 -                train: [    INFO] - Train: 70 [   0/2502 (  0%)]  Loss: 35.66 (35.7)  Loss_cat: 0.3654 (0.365)  Loss_feat: 32.32 (32.3)  Loss_gt: 2.219 (2.22)  Loss_kd: 0.7574 (0.757) LR: 4.122e-02
2025-09-02 07:50:17,710 -                train: [    INFO] - Train: 70 [ 200/2502 (  8%)]  Loss: 39.32 (37.5)  Loss_cat: 0.3934 (0.379)  Loss_feat: 34.64 (33.5)  Loss_gt: 3.193 (2.71)  Loss_kd: 1.095 (0.926) LR: 4.122e-02
2025-09-02 07:51:08,273 -                train: [    INFO] - Train: 70 [ 400/2502 ( 16%)]  Loss: 38.74 (37.9)  Loss_cat: 0.3851 (0.381)  Loss_feat: 34.15 (33.7)  Loss_gt: 3.096 (2.84)  Loss_kd: 1.102 (0.985) LR: 4.122e-02
2025-09-02 07:51:59,441 -                train: [    INFO] - Train: 70 [ 600/2502 ( 24%)]  Loss: 38.32 (38.0)  Loss_cat: 0.3887 (0.383)  Loss_feat: 34.14 (33.8)  Loss_gt: 2.833 (2.84)  Loss_kd: 0.9594 (0.978) LR: 4.122e-02
2025-09-02 07:52:49,325 -                train: [    INFO] - Train: 70 [ 800/2502 ( 32%)]  Loss: 41.66 (38.7)  Loss_cat: 0.4185 (0.390)  Loss_feat: 36.17 (34.3)  Loss_gt: 3.752 (3.02)  Loss_kd: 1.316 (1.05) LR: 4.122e-02
2025-09-02 07:53:40,672 -                train: [    INFO] - Train: 70 [1000/2502 ( 40%)]  Loss: 38.09 (38.6)  Loss_cat: 0.3892 (0.390)  Loss_feat: 33.99 (34.2)  Loss_gt: 2.771 (2.98)  Loss_kd: 0.9330 (1.03) LR: 4.122e-02
2025-09-02 07:54:36,565 -                train: [    INFO] - Train: 70 [1200/2502 ( 48%)]  Loss: 40.52 (38.9)  Loss_cat: 0.4227 (0.395)  Loss_feat: 35.55 (34.4)  Loss_gt: 3.416 (3.04)  Loss_kd: 1.137 (1.04) LR: 4.122e-02
2025-09-02 07:55:42,447 -                train: [    INFO] - Train: 70 [1400/2502 ( 56%)]  Loss: 36.82 (38.6)  Loss_cat: 0.3736 (0.392)  Loss_feat: 33.07 (34.3)  Loss_gt: 2.517 (2.97)  Loss_kd: 0.8587 (1.02) LR: 4.122e-02
2025-09-02 07:56:44,139 -                train: [    INFO] - Train: 70 [1600/2502 ( 64%)]  Loss: 40.24 (38.8)  Loss_cat: 0.4087 (0.394)  Loss_feat: 35.20 (34.4)  Loss_gt: 3.434 (3.03)  Loss_kd: 1.196 (1.04) LR: 4.122e-02
2025-09-02 07:57:53,774 -                train: [    INFO] - Train: 70 [1800/2502 ( 72%)]  Loss: 40.43 (39.0)  Loss_cat: 0.4062 (0.395)  Loss_feat: 35.44 (34.5)  Loss_gt: 3.406 (3.06)  Loss_kd: 1.180 (1.05) LR: 4.122e-02
2025-09-02 07:58:53,012 -                train: [    INFO] - Train: 70 [2000/2502 ( 80%)]  Loss: 37.82 (38.9)  Loss_cat: 0.3783 (0.394)  Loss_feat: 33.52 (34.4)  Loss_gt: 2.877 (3.05)  Loss_kd: 1.041 (1.05) LR: 4.122e-02
2025-09-02 07:59:43,550 -                train: [    INFO] - Train: 70 [2200/2502 ( 88%)]  Loss: 40.24 (39.0)  Loss_cat: 0.4027 (0.394)  Loss_feat: 35.38 (34.5)  Loss_gt: 3.305 (3.07)  Loss_kd: 1.149 (1.06) LR: 4.122e-02
2025-09-02 08:00:33,995 -                train: [    INFO] - Train: 70 [2400/2502 ( 96%)]  Loss: 40.79 (39.1)  Loss_cat: 0.4221 (0.397)  Loss_feat: 35.72 (34.6)  Loss_gt: 3.467 (3.10)  Loss_kd: 1.179 (1.07) LR: 4.122e-02
2025-09-02 08:00:59,395 -                train: [    INFO] - Train: 70 [2501/2502 (100%)]  Loss: 34.79 (38.8)  Loss_cat: 0.3568 (0.394)  Loss_feat: 31.64 (34.4)  Loss_gt: 2.044 (3.02)  Loss_kd: 0.7497 (1.05) LR: 4.122e-02
2025-09-02 08:00:59,396 -                train: [    INFO] - Distributing BatchNorm running means and vars
2025-09-02 08:01:01,040 -                train: [    INFO] - Test: [   0/97]  Time: 1.640 (1.640)  Loss:  0.8989 (0.8989)  Acc@1: 78.3203 (78.3203)  Acc@5: 94.5312 (94.5312)
2025-09-02 08:01:19,295 -                train: [    INFO] - Test: [  97/97]  Time: 0.014 (0.203)  Loss:  1.1320 (1.3960)  Acc@1: 69.6429 (66.7160)  Acc@5: 91.3690 (88.2020)
2025-09-02 08:01:19,741 - timm.utils.checkpoint_saver: [    INFO] - Current checkpoints:
 ('./output/train/20250901-184723-mobilenetv2_vcaV2-224/checkpoint/checkpoint-70.pth.tar', 66.71600002197266)
 ('./output/train/20250901-184723-mobilenetv2_vcaV2-224/checkpoint/checkpoint-69.pth.tar', 66.02799999023438)
 ('./output/train/20250901-184723-mobilenetv2_vcaV2-224/checkpoint/checkpoint-66.pth.tar', 65.99000001708984)
 ('./output/train/20250901-184723-mobilenetv2_vcaV2-224/checkpoint/checkpoint-67.pth.tar', 65.30000002929688)
 ('./output/train/20250901-184723-mobilenetv2_vcaV2-224/checkpoint/checkpoint-64.pth.tar', 65.11800002441406)
 ('./output/train/20250901-184723-mobilenetv2_vcaV2-224/checkpoint/checkpoint-63.pth.tar', 64.75600000976563)
 ('./output/train/20250901-184723-mobilenetv2_vcaV2-224/checkpoint/checkpoint-62.pth.tar', 64.42200002197265)
 ('./output/train/20250901-184723-mobilenetv2_vcaV2-224/checkpoint/checkpoint-68.pth.tar', 64.30200000732422)
 ('./output/train/20250901-184723-mobilenetv2_vcaV2-224/checkpoint/checkpoint-59.pth.tar', 64.2799999951172)
 ('./output/train/20250901-184723-mobilenetv2_vcaV2-224/checkpoint/checkpoint-60.pth.tar', 64.12200001708985)

2025-09-02 08:01:21,517 -                train: [    INFO] - Test (EMA 0.99990): [   0/97]  Time: 1.769 (1.769)  Loss:  0.8422 (0.8422)  Acc@1: 78.9062 (78.9062)  Acc@5: 95.7031 (95.7031)
2025-09-02 08:01:36,480 -                train: [    INFO] - Test (EMA 0.99990): [  97/97]  Time: 0.014 (0.171)  Loss:  1.0084 (1.2420)  Acc@1: 73.2143 (69.6900)  Acc@5: 92.2619 (90.0620)
2025-09-02 08:01:36,810 - timm.utils.checkpoint_saver: [    INFO] - Current checkpoints:
 ('./output/train/20250901-184723-mobilenetv2_vcaV2-224/ema0.9999_checkpoint/checkpoint-70.pth.tar', 69.69000000732422)
 ('./output/train/20250901-184723-mobilenetv2_vcaV2-224/ema0.9999_checkpoint/checkpoint-69.pth.tar', 69.62000003417968)
 ('./output/train/20250901-184723-mobilenetv2_vcaV2-224/ema0.9999_checkpoint/checkpoint-68.pth.tar', 69.48400000732421)
 ('./output/train/20250901-184723-mobilenetv2_vcaV2-224/ema0.9999_checkpoint/checkpoint-67.pth.tar', 69.37000000732422)
 ('./output/train/20250901-184723-mobilenetv2_vcaV2-224/ema0.9999_checkpoint/checkpoint-66.pth.tar', 69.22800000732421)
 ('./output/train/20250901-184723-mobilenetv2_vcaV2-224/ema0.9999_checkpoint/checkpoint-65.pth.tar', 69.16600000732421)
 ('./output/train/20250901-184723-mobilenetv2_vcaV2-224/ema0.9999_checkpoint/checkpoint-64.pth.tar', 69.09000000976563)
 ('./output/train/20250901-184723-mobilenetv2_vcaV2-224/ema0.9999_checkpoint/checkpoint-63.pth.tar', 68.97200003417969)
 ('./output/train/20250901-184723-mobilenetv2_vcaV2-224/ema0.9999_checkpoint/checkpoint-62.pth.tar', 68.87800003417969)
 ('./output/train/20250901-184723-mobilenetv2_vcaV2-224/ema0.9999_checkpoint/checkpoint-61.pth.tar', 68.72600000732422)

2025-09-02 08:01:38,681 -                train: [    INFO] - Train: 71 [   0/2502 (  0%)]  Loss: 39.75 (39.7)  Loss_cat: 0.4121 (0.412)  Loss_feat: 35.20 (35.2)  Loss_gt: 3.083 (3.08)  Loss_kd: 1.048 (1.05) LR: 3.871e-02
2025-09-02 08:02:29,604 -                train: [    INFO] - Train: 71 [ 200/2502 (  8%)]  Loss: 36.88 (38.3)  Loss_cat: 0.3799 (0.396)  Loss_feat: 33.24 (34.2)  Loss_gt: 2.440 (2.76)  Loss_kd: 0.8244 (0.936) LR: 3.871e-02
2025-09-02 08:03:20,888 -                train: [    INFO] - Train: 71 [ 400/2502 ( 16%)]  Loss: 39.51 (38.7)  Loss_cat: 0.4045 (0.399)  Loss_feat: 34.98 (34.5)  Loss_gt: 3.134 (2.89)  Loss_kd: 0.9858 (0.953) LR: 3.871e-02
2025-09-02 08:04:11,278 -                train: [    INFO] - Train: 71 [ 600/2502 ( 24%)]  Loss: 36.37 (38.1)  Loss_cat: 0.3688 (0.391)  Loss_feat: 32.68 (34.0)  Loss_gt: 2.444 (2.78)  Loss_kd: 0.8787 (0.934) LR: 3.871e-02
2025-09-02 08:05:01,675 -                train: [    INFO] - Train: 71 [ 800/2502 ( 32%)]  Loss: 38.12 (38.1)  Loss_cat: 0.3877 (0.391)  Loss_feat: 33.81 (34.0)  Loss_gt: 2.892 (2.80)  Loss_kd: 1.027 (0.953) LR: 3.871e-02
2025-09-02 08:05:52,315 -                train: [    INFO] - Train: 71 [1000/2502 ( 40%)]  Loss: 36.12 (37.8)  Loss_cat: 0.3662 (0.387)  Loss_feat: 32.56 (33.7)  Loss_gt: 2.375 (2.73)  Loss_kd: 0.8180 (0.930) LR: 3.871e-02
2025-09-02 08:06:43,036 -                train: [    INFO] - Train: 71 [1200/2502 ( 48%)]  Loss: 38.03 (37.8)  Loss_cat: 0.3908 (0.387)  Loss_feat: 33.87 (33.8)  Loss_gt: 2.815 (2.74)  Loss_kd: 0.9461 (0.933) LR: 3.871e-02
2025-09-02 08:07:33,772 -                train: [    INFO] - Train: 71 [1400/2502 ( 56%)]  Loss: 36.31 (37.6)  Loss_cat: 0.3704 (0.385)  Loss_feat: 32.76 (33.6)  Loss_gt: 2.365 (2.69)  Loss_kd: 0.8118 (0.917) LR: 3.871e-02
2025-09-02 08:08:24,839 -                train: [    INFO] - Train: 71 [1600/2502 ( 64%)]  Loss: 37.88 (37.7)  Loss_cat: 0.3847 (0.385)  Loss_feat: 33.70 (33.6)  Loss_gt: 2.806 (2.71)  Loss_kd: 0.9886 (0.925) LR: 3.871e-02
2025-09-02 08:09:15,944 -                train: [    INFO] - Train: 71 [1800/2502 ( 72%)]  Loss: 41.45 (38.0)  Loss_cat: 0.4124 (0.388)  Loss_feat: 36.06 (33.9)  Loss_gt: 3.721 (2.81)  Loss_kd: 1.257 (0.959) LR: 3.871e-02
2025-09-02 08:10:06,532 -                train: [    INFO] - Train: 71 [2000/2502 ( 80%)]  Loss: 38.39 (38.1)  Loss_cat: 0.3772 (0.387)  Loss_feat: 33.83 (33.9)  Loss_gt: 3.036 (2.83)  Loss_kd: 1.151 (0.976) LR: 3.871e-02
2025-09-02 08:10:57,077 -                train: [    INFO] - Train: 71 [2200/2502 ( 88%)]  Loss: 37.36 (38.0)  Loss_cat: 0.3725 (0.386)  Loss_feat: 33.30 (33.8)  Loss_gt: 2.765 (2.82)  Loss_kd: 0.9162 (0.971) LR: 3.871e-02
2025-09-02 08:11:48,373 -                train: [    INFO] - Train: 71 [2400/2502 ( 96%)]  Loss: 36.39 (37.9)  Loss_cat: 0.3711 (0.384)  Loss_feat: 32.92 (33.8)  Loss_gt: 2.339 (2.79)  Loss_kd: 0.7660 (0.955) LR: 3.871e-02
2025-09-02 08:12:14,001 -                train: [    INFO] - Train: 71 [2501/2502 (100%)]  Loss: 37.38 (37.9)  Loss_cat: 0.3732 (0.384)  Loss_feat: 33.25 (33.7)  Loss_gt: 2.752 (2.78)  Loss_kd: 1.007 (0.959) LR: 3.871e-02
2025-09-02 08:12:14,002 -                train: [    INFO] - Distributing BatchNorm running means and vars
2025-09-02 08:12:15,600 -                train: [    INFO] - Test: [   0/97]  Time: 1.593 (1.593)  Loss:  0.9647 (0.9647)  Acc@1: 76.5625 (76.5625)  Acc@5: 94.9219 (94.9219)
2025-09-02 08:12:33,120 -                train: [    INFO] - Test: [  97/97]  Time: 0.014 (0.195)  Loss:  1.1781 (1.3849)  Acc@1: 71.1310 (67.0380)  Acc@5: 91.0714 (88.5880)
2025-09-02 08:12:33,449 - timm.utils.checkpoint_saver: [    INFO] - Current checkpoints:
 ('./output/train/20250901-184723-mobilenetv2_vcaV2-224/checkpoint/checkpoint-71.pth.tar', 67.03799999023437)
 ('./output/train/20250901-184723-mobilenetv2_vcaV2-224/checkpoint/checkpoint-70.pth.tar', 66.71600002197266)
 ('./output/train/20250901-184723-mobilenetv2_vcaV2-224/checkpoint/checkpoint-69.pth.tar', 66.02799999023438)
 ('./output/train/20250901-184723-mobilenetv2_vcaV2-224/checkpoint/checkpoint-66.pth.tar', 65.99000001708984)
 ('./output/train/20250901-184723-mobilenetv2_vcaV2-224/checkpoint/checkpoint-67.pth.tar', 65.30000002929688)
 ('./output/train/20250901-184723-mobilenetv2_vcaV2-224/checkpoint/checkpoint-64.pth.tar', 65.11800002441406)
 ('./output/train/20250901-184723-mobilenetv2_vcaV2-224/checkpoint/checkpoint-63.pth.tar', 64.75600000976563)
 ('./output/train/20250901-184723-mobilenetv2_vcaV2-224/checkpoint/checkpoint-62.pth.tar', 64.42200002197265)
 ('./output/train/20250901-184723-mobilenetv2_vcaV2-224/checkpoint/checkpoint-68.pth.tar', 64.30200000732422)
 ('./output/train/20250901-184723-mobilenetv2_vcaV2-224/checkpoint/checkpoint-59.pth.tar', 64.2799999951172)

2025-09-02 08:12:35,882 -                train: [    INFO] - Test (EMA 0.99990): [   0/97]  Time: 2.427 (2.427)  Loss:  0.8445 (0.8445)  Acc@1: 79.2969 (79.2969)  Acc@5: 95.5078 (95.5078)
2025-09-02 08:12:51,467 -                train: [    INFO] - Test (EMA 0.99990): [  97/97]  Time: 0.014 (0.184)  Loss:  1.0070 (1.2388)  Acc@1: 73.5119 (69.7940)  Acc@5: 91.6667 (90.1460)
2025-09-02 08:12:51,702 - timm.utils.checkpoint_saver: [    INFO] - Current checkpoints:
 ('./output/train/20250901-184723-mobilenetv2_vcaV2-224/ema0.9999_checkpoint/checkpoint-71.pth.tar', 69.79399998046875)
 ('./output/train/20250901-184723-mobilenetv2_vcaV2-224/ema0.9999_checkpoint/checkpoint-70.pth.tar', 69.69000000732422)
 ('./output/train/20250901-184723-mobilenetv2_vcaV2-224/ema0.9999_checkpoint/checkpoint-69.pth.tar', 69.62000003417968)
 ('./output/train/20250901-184723-mobilenetv2_vcaV2-224/ema0.9999_checkpoint/checkpoint-68.pth.tar', 69.48400000732421)
 ('./output/train/20250901-184723-mobilenetv2_vcaV2-224/ema0.9999_checkpoint/checkpoint-67.pth.tar', 69.37000000732422)
 ('./output/train/20250901-184723-mobilenetv2_vcaV2-224/ema0.9999_checkpoint/checkpoint-66.pth.tar', 69.22800000732421)
 ('./output/train/20250901-184723-mobilenetv2_vcaV2-224/ema0.9999_checkpoint/checkpoint-65.pth.tar', 69.16600000732421)
 ('./output/train/20250901-184723-mobilenetv2_vcaV2-224/ema0.9999_checkpoint/checkpoint-64.pth.tar', 69.09000000976563)
 ('./output/train/20250901-184723-mobilenetv2_vcaV2-224/ema0.9999_checkpoint/checkpoint-63.pth.tar', 68.97200003417969)
 ('./output/train/20250901-184723-mobilenetv2_vcaV2-224/ema0.9999_checkpoint/checkpoint-62.pth.tar', 68.87800003417969)

2025-09-02 08:12:53,755 -                train: [    INFO] - Train: 72 [   0/2502 (  0%)]  Loss: 36.19 (36.2)  Loss_cat: 0.3673 (0.367)  Loss_feat: 32.75 (32.7)  Loss_gt: 2.295 (2.29)  Loss_kd: 0.7826 (0.783) LR: 3.626e-02
2025-09-02 08:13:44,525 -                train: [    INFO] - Train: 72 [ 200/2502 (  8%)]  Loss: 37.20 (36.7)  Loss_cat: 0.3822 (0.375)  Loss_feat: 33.50 (33.1)  Loss_gt: 2.469 (2.38)  Loss_kd: 0.8530 (0.818) LR: 3.626e-02
2025-09-02 08:14:34,701 -                train: [    INFO] - Train: 72 [ 400/2502 ( 16%)]  Loss: 35.28 (36.2)  Loss_cat: 0.3516 (0.367)  Loss_feat: 31.84 (32.7)  Loss_gt: 2.264 (2.34)  Loss_kd: 0.8248 (0.820) LR: 3.626e-02
2025-09-02 08:15:25,383 -                train: [    INFO] - Train: 72 [ 600/2502 ( 24%)]  Loss: 40.55 (37.3)  Loss_cat: 0.4076 (0.377)  Loss_feat: 35.43 (33.4)  Loss_gt: 3.529 (2.64)  Loss_kd: 1.176 (0.909) LR: 3.626e-02
2025-09-02 08:16:15,875 -                train: [    INFO] - Train: 72 [ 800/2502 ( 32%)]  Loss: 40.38 (37.9)  Loss_cat: 0.3970 (0.381)  Loss_feat: 35.24 (33.8)  Loss_gt: 3.538 (2.82)  Loss_kd: 1.200 (0.967) LR: 3.626e-02
2025-09-02 08:17:06,736 -                train: [    INFO] - Train: 72 [1000/2502 ( 40%)]  Loss: 38.85 (38.1)  Loss_cat: 0.3812 (0.381)  Loss_feat: 34.30 (33.8)  Loss_gt: 3.119 (2.87)  Loss_kd: 1.043 (0.980) LR: 3.626e-02
2025-09-02 08:17:57,642 -                train: [    INFO] - Train: 72 [1200/2502 ( 48%)]  Loss: 35.75 (37.7)  Loss_cat: 0.3593 (0.378)  Loss_feat: 32.25 (33.6)  Loss_gt: 2.345 (2.79)  Loss_kd: 0.8026 (0.955) LR: 3.626e-02
2025-09-02 08:18:48,319 -                train: [    INFO] - Train: 72 [1400/2502 ( 56%)]  Loss: 40.85 (38.1)  Loss_cat: 0.4157 (0.383)  Loss_feat: 35.74 (33.9)  Loss_gt: 3.566 (2.89)  Loss_kd: 1.120 (0.975) LR: 3.626e-02
2025-09-02 08:19:38,844 -                train: [    INFO] - Train: 72 [1600/2502 ( 64%)]  Loss: 36.72 (38.0)  Loss_cat: 0.3723 (0.382)  Loss_feat: 32.98 (33.8)  Loss_gt: 2.514 (2.85)  Loss_kd: 0.8478 (0.961) LR: 3.626e-02
2025-09-02 08:20:30,263 -                train: [    INFO] - Train: 72 [1800/2502 ( 72%)]  Loss: 37.72 (37.9)  Loss_cat: 0.3808 (0.381)  Loss_feat: 33.63 (33.8)  Loss_gt: 2.786 (2.84)  Loss_kd: 0.9239 (0.957) LR: 3.626e-02
2025-09-02 08:21:33,959 -                train: [    INFO] - Train: 72 [2000/2502 ( 80%)]  Loss: 40.49 (38.2)  Loss_cat: 0.4090 (0.384)  Loss_feat: 35.43 (33.9)  Loss_gt: 3.428 (2.90)  Loss_kd: 1.219 (0.981) LR: 3.626e-02
2025-09-02 08:22:24,731 -                train: [    INFO] - Train: 72 [2200/2502 ( 88%)]  Loss: 41.01 (38.4)  Loss_cat: 0.4163 (0.387)  Loss_feat: 35.72 (34.1)  Loss_gt: 3.619 (2.96)  Loss_kd: 1.253 (1.00) LR: 3.626e-02
2025-09-02 08:23:15,089 -                train: [    INFO] - Train: 72 [2400/2502 ( 96%)]  Loss: 38.28 (38.4)  Loss_cat: 0.3889 (0.387)  Loss_feat: 33.99 (34.1)  Loss_gt: 2.938 (2.95)  Loss_kd: 0.9612 (1.00) LR: 3.626e-02
2025-09-02 08:23:40,304 -                train: [    INFO] - Train: 72 [2501/2502 (100%)]  Loss: 41.00 (38.6)  Loss_cat: 0.4075 (0.388)  Loss_feat: 35.74 (34.2)  Loss_gt: 3.592 (3.00)  Loss_kd: 1.256 (1.02) LR: 3.626e-02
2025-09-02 08:23:40,305 -                train: [    INFO] - Distributing BatchNorm running means and vars
2025-09-02 08:23:41,812 -                train: [    INFO] - Test: [   0/97]  Time: 1.502 (1.502)  Loss:  0.8385 (0.8385)  Acc@1: 77.7344 (77.7344)  Acc@5: 96.0938 (96.0938)
2025-09-02 08:24:00,632 -                train: [    INFO] - Test: [  97/97]  Time: 0.014 (0.207)  Loss:  1.1457 (1.3665)  Acc@1: 71.1310 (67.3160)  Acc@5: 91.0714 (88.8400)
2025-09-02 08:24:01,007 - timm.utils.checkpoint_saver: [    INFO] - Current checkpoints:
 ('./output/train/20250901-184723-mobilenetv2_vcaV2-224/checkpoint/checkpoint-72.pth.tar', 67.31599999023437)
 ('./output/train/20250901-184723-mobilenetv2_vcaV2-224/checkpoint/checkpoint-71.pth.tar', 67.03799999023437)
 ('./output/train/20250901-184723-mobilenetv2_vcaV2-224/checkpoint/checkpoint-70.pth.tar', 66.71600002197266)
 ('./output/train/20250901-184723-mobilenetv2_vcaV2-224/checkpoint/checkpoint-69.pth.tar', 66.02799999023438)
 ('./output/train/20250901-184723-mobilenetv2_vcaV2-224/checkpoint/checkpoint-66.pth.tar', 65.99000001708984)
 ('./output/train/20250901-184723-mobilenetv2_vcaV2-224/checkpoint/checkpoint-67.pth.tar', 65.30000002929688)
 ('./output/train/20250901-184723-mobilenetv2_vcaV2-224/checkpoint/checkpoint-64.pth.tar', 65.11800002441406)
 ('./output/train/20250901-184723-mobilenetv2_vcaV2-224/checkpoint/checkpoint-63.pth.tar', 64.75600000976563)
 ('./output/train/20250901-184723-mobilenetv2_vcaV2-224/checkpoint/checkpoint-62.pth.tar', 64.42200002197265)
 ('./output/train/20250901-184723-mobilenetv2_vcaV2-224/checkpoint/checkpoint-68.pth.tar', 64.30200000732422)

2025-09-02 08:24:02,352 -                train: [    INFO] - Test (EMA 0.99990): [   0/97]  Time: 1.339 (1.339)  Loss:  0.8409 (0.8409)  Acc@1: 79.1016 (79.1016)  Acc@5: 95.5078 (95.5078)
2025-09-02 08:24:16,763 -                train: [    INFO] - Test (EMA 0.99990): [  97/97]  Time: 0.014 (0.161)  Loss:  1.0070 (1.2354)  Acc@1: 73.8095 (69.9280)  Acc@5: 91.9643 (90.2100)
2025-09-02 08:24:17,009 - timm.utils.checkpoint_saver: [    INFO] - Current checkpoints:
 ('./output/train/20250901-184723-mobilenetv2_vcaV2-224/ema0.9999_checkpoint/checkpoint-72.pth.tar', 69.92800000488282)
 ('./output/train/20250901-184723-mobilenetv2_vcaV2-224/ema0.9999_checkpoint/checkpoint-71.pth.tar', 69.79399998046875)
 ('./output/train/20250901-184723-mobilenetv2_vcaV2-224/ema0.9999_checkpoint/checkpoint-70.pth.tar', 69.69000000732422)
 ('./output/train/20250901-184723-mobilenetv2_vcaV2-224/ema0.9999_checkpoint/checkpoint-69.pth.tar', 69.62000003417968)
 ('./output/train/20250901-184723-mobilenetv2_vcaV2-224/ema0.9999_checkpoint/checkpoint-68.pth.tar', 69.48400000732421)
 ('./output/train/20250901-184723-mobilenetv2_vcaV2-224/ema0.9999_checkpoint/checkpoint-67.pth.tar', 69.37000000732422)
 ('./output/train/20250901-184723-mobilenetv2_vcaV2-224/ema0.9999_checkpoint/checkpoint-66.pth.tar', 69.22800000732421)
 ('./output/train/20250901-184723-mobilenetv2_vcaV2-224/ema0.9999_checkpoint/checkpoint-65.pth.tar', 69.16600000732421)
 ('./output/train/20250901-184723-mobilenetv2_vcaV2-224/ema0.9999_checkpoint/checkpoint-64.pth.tar', 69.09000000976563)
 ('./output/train/20250901-184723-mobilenetv2_vcaV2-224/ema0.9999_checkpoint/checkpoint-63.pth.tar', 68.97200003417969)

2025-09-02 08:24:18,767 -                train: [    INFO] - Train: 73 [   0/2502 (  0%)]  Loss: 38.56 (38.6)  Loss_cat: 0.3890 (0.389)  Loss_feat: 34.16 (34.2)  Loss_gt: 2.985 (2.99)  Loss_kd: 1.022 (1.02) LR: 3.387e-02
2025-09-02 08:25:09,670 -                train: [    INFO] - Train: 73 [ 200/2502 (  8%)]  Loss: 36.78 (37.7)  Loss_cat: 0.3709 (0.380)  Loss_feat: 33.10 (33.6)  Loss_gt: 2.465 (2.72)  Loss_kd: 0.8455 (0.934) LR: 3.387e-02
2025-09-02 08:26:00,092 -                train: [    INFO] - Train: 73 [ 400/2502 ( 16%)]  Loss: 40.33 (38.6)  Loss_cat: 0.4077 (0.389)  Loss_feat: 35.40 (34.2)  Loss_gt: 3.440 (2.96)  Loss_kd: 1.081 (0.983) LR: 3.387e-02
2025-09-02 08:26:49,985 -                train: [    INFO] - Train: 73 [ 600/2502 ( 24%)]  Loss: 39.74 (38.9)  Loss_cat: 0.3965 (0.391)  Loss_feat: 34.89 (34.4)  Loss_gt: 3.278 (3.04)  Loss_kd: 1.180 (1.03) LR: 3.387e-02
2025-09-02 08:27:40,312 -                train: [    INFO] - Train: 73 [ 800/2502 ( 32%)]  Loss: 38.83 (38.8)  Loss_cat: 0.3991 (0.393)  Loss_feat: 34.61 (34.4)  Loss_gt: 2.894 (3.01)  Loss_kd: 0.9265 (1.01) LR: 3.387e-02
2025-09-02 08:28:30,589 -                train: [    INFO] - Train: 73 [1000/2502 ( 40%)]  Loss: 37.95 (38.7)  Loss_cat: 0.3782 (0.390)  Loss_feat: 33.74 (34.3)  Loss_gt: 2.860 (2.99)  Loss_kd: 0.9693 (1.00) LR: 3.387e-02
2025-09-02 08:29:21,140 -                train: [    INFO] - Train: 73 [1200/2502 ( 48%)]  Loss: 38.16 (38.6)  Loss_cat: 0.3798 (0.389)  Loss_feat: 33.86 (34.3)  Loss_gt: 2.863 (2.97)  Loss_kd: 1.051 (1.01) LR: 3.387e-02
2025-09-02 08:30:11,837 -                train: [    INFO] - Train: 73 [1400/2502 ( 56%)]  Loss: 39.02 (38.7)  Loss_cat: 0.3937 (0.389)  Loss_feat: 34.55 (34.3)  Loss_gt: 3.052 (2.98)  Loss_kd: 1.025 (1.01) LR: 3.387e-02
2025-09-02 08:31:02,601 -                train: [    INFO] - Train: 73 [1600/2502 ( 64%)]  Loss: 40.24 (38.8)  Loss_cat: 0.4024 (0.391)  Loss_feat: 35.10 (34.4)  Loss_gt: 3.484 (3.04)  Loss_kd: 1.261 (1.04) LR: 3.387e-02
2025-09-02 08:31:53,431 -                train: [    INFO] - Train: 73 [1800/2502 ( 72%)]  Loss: 40.51 (39.0)  Loss_cat: 0.4054 (0.392)  Loss_feat: 35.44 (34.5)  Loss_gt: 3.472 (3.08)  Loss_kd: 1.197 (1.06) LR: 3.387e-02
2025-09-02 08:32:44,319 -                train: [    INFO] - Train: 73 [2000/2502 ( 80%)]  Loss: 42.84 (39.4)  Loss_cat: 0.4339 (0.396)  Loss_feat: 37.09 (34.7)  Loss_gt: 3.926 (3.16)  Loss_kd: 1.395 (1.09) LR: 3.387e-02
2025-09-02 08:33:34,790 -                train: [    INFO] - Train: 73 [2200/2502 ( 88%)]  Loss: 38.13 (39.3)  Loss_cat: 0.3857 (0.395)  Loss_feat: 33.84 (34.6)  Loss_gt: 2.897 (3.13)  Loss_kd: 1.015 (1.08) LR: 3.387e-02
2025-09-02 08:34:25,271 -                train: [    INFO] - Train: 73 [2400/2502 ( 96%)]  Loss: 38.78 (39.2)  Loss_cat: 0.3893 (0.395)  Loss_feat: 34.28 (34.6)  Loss_gt: 3.072 (3.13)  Loss_kd: 1.044 (1.08) LR: 3.387e-02
2025-09-02 08:34:51,066 -                train: [    INFO] - Train: 73 [2501/2502 (100%)]  Loss: 38.86 (39.2)  Loss_cat: 0.3880 (0.394)  Loss_feat: 34.23 (34.6)  Loss_gt: 3.163 (3.13)  Loss_kd: 1.082 (1.08) LR: 3.387e-02
2025-09-02 08:34:51,066 -                train: [    INFO] - Distributing BatchNorm running means and vars
2025-09-02 08:34:52,818 -                train: [    INFO] - Test: [   0/97]  Time: 1.747 (1.747)  Loss:  0.9864 (0.9864)  Acc@1: 76.7578 (76.7578)  Acc@5: 94.7266 (94.7266)
2025-09-02 08:35:10,500 -                train: [    INFO] - Test: [  97/97]  Time: 0.014 (0.198)  Loss:  1.1786 (1.4159)  Acc@1: 70.8333 (66.4960)  Acc@5: 88.9881 (88.1040)
2025-09-02 08:35:10,782 - timm.utils.checkpoint_saver: [    INFO] - Current checkpoints:
 ('./output/train/20250901-184723-mobilenetv2_vcaV2-224/checkpoint/checkpoint-72.pth.tar', 67.31599999023437)
 ('./output/train/20250901-184723-mobilenetv2_vcaV2-224/checkpoint/checkpoint-71.pth.tar', 67.03799999023437)
 ('./output/train/20250901-184723-mobilenetv2_vcaV2-224/checkpoint/checkpoint-70.pth.tar', 66.71600002197266)
 ('./output/train/20250901-184723-mobilenetv2_vcaV2-224/checkpoint/checkpoint-73.pth.tar', 66.49600001708984)
 ('./output/train/20250901-184723-mobilenetv2_vcaV2-224/checkpoint/checkpoint-69.pth.tar', 66.02799999023438)
 ('./output/train/20250901-184723-mobilenetv2_vcaV2-224/checkpoint/checkpoint-66.pth.tar', 65.99000001708984)
 ('./output/train/20250901-184723-mobilenetv2_vcaV2-224/checkpoint/checkpoint-67.pth.tar', 65.30000002929688)
 ('./output/train/20250901-184723-mobilenetv2_vcaV2-224/checkpoint/checkpoint-64.pth.tar', 65.11800002441406)
 ('./output/train/20250901-184723-mobilenetv2_vcaV2-224/checkpoint/checkpoint-63.pth.tar', 64.75600000976563)
 ('./output/train/20250901-184723-mobilenetv2_vcaV2-224/checkpoint/checkpoint-62.pth.tar', 64.42200002197265)

2025-09-02 08:35:12,301 -                train: [    INFO] - Test (EMA 0.99990): [   0/97]  Time: 1.515 (1.515)  Loss:  0.8350 (0.8350)  Acc@1: 79.4922 (79.4922)  Acc@5: 95.5078 (95.5078)
2025-09-02 08:35:27,217 -                train: [    INFO] - Test (EMA 0.99990): [  97/97]  Time: 0.014 (0.168)  Loss:  1.0037 (1.2324)  Acc@1: 74.1071 (70.0220)  Acc@5: 92.2619 (90.2260)
2025-09-02 08:35:27,463 - timm.utils.checkpoint_saver: [    INFO] - Current checkpoints:
 ('./output/train/20250901-184723-mobilenetv2_vcaV2-224/ema0.9999_checkpoint/checkpoint-73.pth.tar', 70.02200002929688)
 ('./output/train/20250901-184723-mobilenetv2_vcaV2-224/ema0.9999_checkpoint/checkpoint-72.pth.tar', 69.92800000488282)
 ('./output/train/20250901-184723-mobilenetv2_vcaV2-224/ema0.9999_checkpoint/checkpoint-71.pth.tar', 69.79399998046875)
 ('./output/train/20250901-184723-mobilenetv2_vcaV2-224/ema0.9999_checkpoint/checkpoint-70.pth.tar', 69.69000000732422)
 ('./output/train/20250901-184723-mobilenetv2_vcaV2-224/ema0.9999_checkpoint/checkpoint-69.pth.tar', 69.62000003417968)
 ('./output/train/20250901-184723-mobilenetv2_vcaV2-224/ema0.9999_checkpoint/checkpoint-68.pth.tar', 69.48400000732421)
 ('./output/train/20250901-184723-mobilenetv2_vcaV2-224/ema0.9999_checkpoint/checkpoint-67.pth.tar', 69.37000000732422)
 ('./output/train/20250901-184723-mobilenetv2_vcaV2-224/ema0.9999_checkpoint/checkpoint-66.pth.tar', 69.22800000732421)
 ('./output/train/20250901-184723-mobilenetv2_vcaV2-224/ema0.9999_checkpoint/checkpoint-65.pth.tar', 69.16600000732421)
 ('./output/train/20250901-184723-mobilenetv2_vcaV2-224/ema0.9999_checkpoint/checkpoint-64.pth.tar', 69.09000000976563)

2025-09-02 08:35:29,301 -                train: [    INFO] - Train: 74 [   0/2502 (  0%)]  Loss: 40.84 (40.8)  Loss_cat: 0.4043 (0.404)  Loss_feat: 35.67 (35.7)  Loss_gt: 3.538 (3.54)  Loss_kd: 1.226 (1.23) LR: 3.155e-02
2025-09-02 08:36:20,340 -                train: [    INFO] - Train: 74 [ 200/2502 (  8%)]  Loss: 35.97 (38.4)  Loss_cat: 0.3684 (0.386)  Loss_feat: 32.58 (34.1)  Loss_gt: 2.211 (2.87)  Loss_kd: 0.8106 (1.02) LR: 3.155e-02
2025-09-02 08:37:10,436 -                train: [    INFO] - Train: 74 [ 400/2502 ( 16%)]  Loss: 40.11 (39.0)  Loss_cat: 0.4098 (0.394)  Loss_feat: 35.39 (34.6)  Loss_gt: 3.233 (2.99)  Loss_kd: 1.076 (1.04) LR: 3.155e-02
2025-09-02 08:38:01,023 -                train: [    INFO] - Train: 74 [ 600/2502 ( 24%)]  Loss: 38.61 (38.9)  Loss_cat: 0.3834 (0.392)  Loss_feat: 34.20 (34.5)  Loss_gt: 2.991 (2.99)  Loss_kd: 1.034 (1.04) LR: 3.155e-02
2025-09-02 08:38:52,150 -                train: [    INFO] - Train: 74 [ 800/2502 ( 32%)]  Loss: 36.47 (38.4)  Loss_cat: 0.3671 (0.387)  Loss_feat: 32.80 (34.1)  Loss_gt: 2.466 (2.89)  Loss_kd: 0.8399 (0.997) LR: 3.155e-02
2025-09-02 08:39:44,286 -                train: [    INFO] - Train: 74 [1000/2502 ( 40%)]  Loss: 36.25 (38.0)  Loss_cat: 0.3640 (0.383)  Loss_feat: 32.60 (33.9)  Loss_gt: 2.447 (2.81)  Loss_kd: 0.8307 (0.970) LR: 3.155e-02
2025-09-02 08:40:37,909 -                train: [    INFO] - Train: 74 [1200/2502 ( 48%)]  Loss: 37.75 (38.0)  Loss_cat: 0.3804 (0.383)  Loss_feat: 33.71 (33.9)  Loss_gt: 2.793 (2.81)  Loss_kd: 0.8662 (0.955) LR: 3.155e-02
2025-09-02 08:41:34,084 -                train: [    INFO] - Train: 74 [1400/2502 ( 56%)]  Loss: 38.43 (38.1)  Loss_cat: 0.3814 (0.382)  Loss_feat: 34.10 (33.9)  Loss_gt: 2.931 (2.83)  Loss_kd: 1.021 (0.963) LR: 3.155e-02
2025-09-02 08:42:29,203 -                train: [    INFO] - Train: 74 [1600/2502 ( 64%)]  Loss: 35.71 (37.8)  Loss_cat: 0.3596 (0.380)  Loss_feat: 32.31 (33.7)  Loss_gt: 2.258 (2.76)  Loss_kd: 0.7773 (0.942) LR: 3.155e-02
2025-09-02 08:43:20,324 -                train: [    INFO] - Train: 74 [1800/2502 ( 72%)]  Loss: 39.27 (37.9)  Loss_cat: 0.4057 (0.382)  Loss_feat: 34.84 (33.8)  Loss_gt: 2.983 (2.79)  Loss_kd: 1.039 (0.952) LR: 3.155e-02
2025-09-02 08:44:11,231 -                train: [    INFO] - Train: 74 [2000/2502 ( 80%)]  Loss: 39.05 (38.0)  Loss_cat: 0.3918 (0.383)  Loss_feat: 34.60 (33.9)  Loss_gt: 3.070 (2.81)  Loss_kd: 0.9915 (0.956) LR: 3.155e-02
2025-09-02 08:45:02,327 -                train: [    INFO] - Train: 74 [2200/2502 ( 88%)]  Loss: 37.42 (38.0)  Loss_cat: 0.3763 (0.383)  Loss_feat: 33.49 (33.9)  Loss_gt: 2.667 (2.80)  Loss_kd: 0.8862 (0.950) LR: 3.155e-02
2025-09-02 08:45:53,204 -                train: [    INFO] - Train: 74 [2400/2502 ( 96%)]  Loss: 40.63 (38.2)  Loss_cat: 0.4038 (0.384)  Loss_feat: 35.49 (34.0)  Loss_gt: 3.526 (2.85)  Loss_kd: 1.203 (0.969) LR: 3.155e-02
2025-09-02 08:46:18,896 -                train: [    INFO] - Train: 74 [2501/2502 (100%)]  Loss: 39.11 (38.3)  Loss_cat: 0.4095 (0.386)  Loss_feat: 34.93 (34.1)  Loss_gt: 2.850 (2.85)  Loss_kd: 0.9156 (0.966) LR: 3.155e-02
2025-09-02 08:46:18,896 -                train: [    INFO] - Distributing BatchNorm running means and vars
2025-09-02 08:46:20,609 -                train: [    INFO] - Test: [   0/97]  Time: 1.708 (1.708)  Loss:  0.9487 (0.9487)  Acc@1: 77.3438 (77.3438)  Acc@5: 95.3125 (95.3125)
2025-09-02 08:46:37,519 -                train: [    INFO] - Test: [  97/97]  Time: 0.014 (0.190)  Loss:  1.1026 (1.3847)  Acc@1: 71.4286 (67.0400)  Acc@5: 91.6667 (88.5160)
2025-09-02 08:46:37,790 - timm.utils.checkpoint_saver: [    INFO] - Current checkpoints:
 ('./output/train/20250901-184723-mobilenetv2_vcaV2-224/checkpoint/checkpoint-72.pth.tar', 67.31599999023437)
 ('./output/train/20250901-184723-mobilenetv2_vcaV2-224/checkpoint/checkpoint-74.pth.tar', 67.04000001464844)
 ('./output/train/20250901-184723-mobilenetv2_vcaV2-224/checkpoint/checkpoint-71.pth.tar', 67.03799999023437)
 ('./output/train/20250901-184723-mobilenetv2_vcaV2-224/checkpoint/checkpoint-70.pth.tar', 66.71600002197266)
 ('./output/train/20250901-184723-mobilenetv2_vcaV2-224/checkpoint/checkpoint-73.pth.tar', 66.49600001708984)
 ('./output/train/20250901-184723-mobilenetv2_vcaV2-224/checkpoint/checkpoint-69.pth.tar', 66.02799999023438)
 ('./output/train/20250901-184723-mobilenetv2_vcaV2-224/checkpoint/checkpoint-66.pth.tar', 65.99000001708984)
 ('./output/train/20250901-184723-mobilenetv2_vcaV2-224/checkpoint/checkpoint-67.pth.tar', 65.30000002929688)
 ('./output/train/20250901-184723-mobilenetv2_vcaV2-224/checkpoint/checkpoint-64.pth.tar', 65.11800002441406)
 ('./output/train/20250901-184723-mobilenetv2_vcaV2-224/checkpoint/checkpoint-63.pth.tar', 64.75600000976563)

2025-09-02 08:46:39,656 -                train: [    INFO] - Test (EMA 0.99990): [   0/97]  Time: 1.860 (1.860)  Loss:  0.8311 (0.8311)  Acc@1: 79.4922 (79.4922)  Acc@5: 95.5078 (95.5078)
2025-09-02 08:46:53,830 -                train: [    INFO] - Test (EMA 0.99990): [  97/97]  Time: 0.014 (0.164)  Loss:  0.9996 (1.2295)  Acc@1: 74.4048 (70.0440)  Acc@5: 91.9643 (90.2920)
2025-09-02 08:46:54,056 - timm.utils.checkpoint_saver: [    INFO] - Current checkpoints:
 ('./output/train/20250901-184723-mobilenetv2_vcaV2-224/ema0.9999_checkpoint/checkpoint-74.pth.tar', 70.04400000244141)
 ('./output/train/20250901-184723-mobilenetv2_vcaV2-224/ema0.9999_checkpoint/checkpoint-73.pth.tar', 70.02200002929688)
 ('./output/train/20250901-184723-mobilenetv2_vcaV2-224/ema0.9999_checkpoint/checkpoint-72.pth.tar', 69.92800000488282)
 ('./output/train/20250901-184723-mobilenetv2_vcaV2-224/ema0.9999_checkpoint/checkpoint-71.pth.tar', 69.79399998046875)
 ('./output/train/20250901-184723-mobilenetv2_vcaV2-224/ema0.9999_checkpoint/checkpoint-70.pth.tar', 69.69000000732422)
 ('./output/train/20250901-184723-mobilenetv2_vcaV2-224/ema0.9999_checkpoint/checkpoint-69.pth.tar', 69.62000003417968)
 ('./output/train/20250901-184723-mobilenetv2_vcaV2-224/ema0.9999_checkpoint/checkpoint-68.pth.tar', 69.48400000732421)
 ('./output/train/20250901-184723-mobilenetv2_vcaV2-224/ema0.9999_checkpoint/checkpoint-67.pth.tar', 69.37000000732422)
 ('./output/train/20250901-184723-mobilenetv2_vcaV2-224/ema0.9999_checkpoint/checkpoint-66.pth.tar', 69.22800000732421)
 ('./output/train/20250901-184723-mobilenetv2_vcaV2-224/ema0.9999_checkpoint/checkpoint-65.pth.tar', 69.16600000732421)

2025-09-02 08:46:55,777 -                train: [    INFO] - Train: 75 [   0/2502 (  0%)]  Loss: 37.22 (37.2)  Loss_cat: 0.3786 (0.379)  Loss_feat: 33.36 (33.4)  Loss_gt: 2.615 (2.62)  Loss_kd: 0.8700 (0.870) LR: 2.929e-02
2025-09-02 08:47:46,946 -                train: [    INFO] - Train: 75 [ 200/2502 (  8%)]  Loss: 37.56 (37.4)  Loss_cat: 0.3779 (0.378)  Loss_feat: 33.50 (33.4)  Loss_gt: 2.709 (2.66)  Loss_kd: 0.9670 (0.919) LR: 2.929e-02
2025-09-02 08:48:38,128 -                train: [    INFO] - Train: 75 [ 400/2502 ( 16%)]  Loss: 36.22 (37.0)  Loss_cat: 0.3691 (0.375)  Loss_feat: 32.66 (33.2)  Loss_gt: 2.372 (2.57)  Loss_kd: 0.8140 (0.884) LR: 2.929e-02
2025-09-02 08:49:28,035 -                train: [    INFO] - Train: 75 [ 600/2502 ( 24%)]  Loss: 37.49 (37.1)  Loss_cat: 0.3792 (0.376)  Loss_feat: 33.52 (33.3)  Loss_gt: 2.711 (2.60)  Loss_kd: 0.8835 (0.884) LR: 2.929e-02
2025-09-02 08:50:19,356 -                train: [    INFO] - Train: 75 [ 800/2502 ( 32%)]  Loss: 35.96 (36.9)  Loss_cat: 0.3583 (0.373)  Loss_feat: 32.50 (33.1)  Loss_gt: 2.276 (2.54)  Loss_kd: 0.8244 (0.872) LR: 2.929e-02
2025-09-02 08:51:09,892 -                train: [    INFO] - Train: 75 [1000/2502 ( 40%)]  Loss: 37.79 (37.0)  Loss_cat: 0.3777 (0.373)  Loss_feat: 33.75 (33.2)  Loss_gt: 2.738 (2.57)  Loss_kd: 0.9236 (0.880) LR: 2.929e-02
2025-09-02 08:52:00,775 -                train: [    INFO] - Train: 75 [1200/2502 ( 48%)]  Loss: 39.26 (37.4)  Loss_cat: 0.3956 (0.377)  Loss_feat: 34.86 (33.5)  Loss_gt: 3.018 (2.63)  Loss_kd: 0.9809 (0.895) LR: 2.929e-02
2025-09-02 08:52:52,133 -                train: [    INFO] - Train: 75 [1400/2502 ( 56%)]  Loss: 40.77 (37.8)  Loss_cat: 0.3978 (0.379)  Loss_feat: 35.63 (33.7)  Loss_gt: 3.548 (2.75)  Loss_kd: 1.194 (0.932) LR: 2.929e-02
2025-09-02 08:53:42,909 -                train: [    INFO] - Train: 75 [1600/2502 ( 64%)]  Loss: 38.40 (37.9)  Loss_cat: 0.3936 (0.381)  Loss_feat: 34.22 (33.8)  Loss_gt: 2.848 (2.76)  Loss_kd: 0.9388 (0.933) LR: 2.929e-02
2025-09-02 08:54:33,278 -                train: [    INFO] - Train: 75 [1800/2502 ( 72%)]  Loss: 38.94 (38.0)  Loss_cat: 0.3907 (0.382)  Loss_feat: 34.52 (33.9)  Loss_gt: 3.030 (2.79)  Loss_kd: 1.004 (0.940) LR: 2.929e-02
2025-09-02 08:55:25,110 -                train: [    INFO] - Train: 75 [2000/2502 ( 80%)]  Loss: 37.35 (37.9)  Loss_cat: 0.3658 (0.380)  Loss_feat: 33.14 (33.8)  Loss_gt: 2.853 (2.79)  Loss_kd: 0.9871 (0.944) LR: 2.929e-02
2025-09-02 08:56:16,390 -                train: [    INFO] - Train: 75 [2200/2502 ( 88%)]  Loss: 37.66 (37.9)  Loss_cat: 0.3780 (0.380)  Loss_feat: 33.55 (33.8)  Loss_gt: 2.801 (2.79)  Loss_kd: 0.9265 (0.943) LR: 2.929e-02
2025-09-02 08:57:06,827 -                train: [    INFO] - Train: 75 [2400/2502 ( 96%)]  Loss: 36.89 (37.8)  Loss_cat: 0.3809 (0.380)  Loss_feat: 33.20 (33.7)  Loss_gt: 2.473 (2.77)  Loss_kd: 0.8314 (0.934) LR: 2.929e-02
2025-09-02 08:57:32,707 -                train: [    INFO] - Train: 75 [2501/2502 (100%)]  Loss: 35.14 (37.6)  Loss_cat: 0.3507 (0.378)  Loss_feat: 31.83 (33.6)  Loss_gt: 2.162 (2.73)  Loss_kd: 0.7963 (0.924) LR: 2.929e-02
2025-09-02 08:57:32,707 -                train: [    INFO] - Distributing BatchNorm running means and vars
2025-09-02 08:57:34,596 -                train: [    INFO] - Test: [   0/97]  Time: 1.883 (1.883)  Loss:  0.9649 (0.9649)  Acc@1: 75.3906 (75.3906)  Acc@5: 94.7266 (94.7266)
2025-09-02 08:57:51,622 -                train: [    INFO] - Test: [  97/97]  Time: 0.014 (0.193)  Loss:  1.0397 (1.3290)  Acc@1: 73.5119 (67.8400)  Acc@5: 93.1548 (89.0800)
2025-09-02 08:57:51,781 - timm.utils.checkpoint_saver: [    INFO] - Current checkpoints:
 ('./output/train/20250901-184723-mobilenetv2_vcaV2-224/checkpoint/checkpoint-75.pth.tar', 67.83999998046875)
 ('./output/train/20250901-184723-mobilenetv2_vcaV2-224/checkpoint/checkpoint-72.pth.tar', 67.31599999023437)
 ('./output/train/20250901-184723-mobilenetv2_vcaV2-224/checkpoint/checkpoint-74.pth.tar', 67.04000001464844)
 ('./output/train/20250901-184723-mobilenetv2_vcaV2-224/checkpoint/checkpoint-71.pth.tar', 67.03799999023437)
 ('./output/train/20250901-184723-mobilenetv2_vcaV2-224/checkpoint/checkpoint-70.pth.tar', 66.71600002197266)
 ('./output/train/20250901-184723-mobilenetv2_vcaV2-224/checkpoint/checkpoint-73.pth.tar', 66.49600001708984)
 ('./output/train/20250901-184723-mobilenetv2_vcaV2-224/checkpoint/checkpoint-69.pth.tar', 66.02799999023438)
 ('./output/train/20250901-184723-mobilenetv2_vcaV2-224/checkpoint/checkpoint-66.pth.tar', 65.99000001708984)
 ('./output/train/20250901-184723-mobilenetv2_vcaV2-224/checkpoint/checkpoint-67.pth.tar', 65.30000002929688)
 ('./output/train/20250901-184723-mobilenetv2_vcaV2-224/checkpoint/checkpoint-64.pth.tar', 65.11800002441406)

2025-09-02 08:57:53,338 -                train: [    INFO] - Test (EMA 0.99990): [   0/97]  Time: 1.551 (1.551)  Loss:  0.8286 (0.8286)  Acc@1: 78.9062 (78.9062)  Acc@5: 95.5078 (95.5078)
2025-09-02 08:58:08,927 -                train: [    INFO] - Test (EMA 0.99990): [  97/97]  Time: 0.014 (0.175)  Loss:  0.9932 (1.2266)  Acc@1: 74.1071 (70.1540)  Acc@5: 92.2619 (90.3280)
2025-09-02 08:58:09,272 - timm.utils.checkpoint_saver: [    INFO] - Current checkpoints:
 ('./output/train/20250901-184723-mobilenetv2_vcaV2-224/ema0.9999_checkpoint/checkpoint-75.pth.tar', 70.15400002929688)
 ('./output/train/20250901-184723-mobilenetv2_vcaV2-224/ema0.9999_checkpoint/checkpoint-74.pth.tar', 70.04400000244141)
 ('./output/train/20250901-184723-mobilenetv2_vcaV2-224/ema0.9999_checkpoint/checkpoint-73.pth.tar', 70.02200002929688)
 ('./output/train/20250901-184723-mobilenetv2_vcaV2-224/ema0.9999_checkpoint/checkpoint-72.pth.tar', 69.92800000488282)
 ('./output/train/20250901-184723-mobilenetv2_vcaV2-224/ema0.9999_checkpoint/checkpoint-71.pth.tar', 69.79399998046875)
 ('./output/train/20250901-184723-mobilenetv2_vcaV2-224/ema0.9999_checkpoint/checkpoint-70.pth.tar', 69.69000000732422)
 ('./output/train/20250901-184723-mobilenetv2_vcaV2-224/ema0.9999_checkpoint/checkpoint-69.pth.tar', 69.62000003417968)
 ('./output/train/20250901-184723-mobilenetv2_vcaV2-224/ema0.9999_checkpoint/checkpoint-68.pth.tar', 69.48400000732421)
 ('./output/train/20250901-184723-mobilenetv2_vcaV2-224/ema0.9999_checkpoint/checkpoint-67.pth.tar', 69.37000000732422)
 ('./output/train/20250901-184723-mobilenetv2_vcaV2-224/ema0.9999_checkpoint/checkpoint-66.pth.tar', 69.22800000732421)

2025-09-02 08:58:11,231 -                train: [    INFO] - Train: 76 [   0/2502 (  0%)]  Loss: 37.82 (37.8)  Loss_cat: 0.3747 (0.375)  Loss_feat: 33.57 (33.6)  Loss_gt: 2.818 (2.82)  Loss_kd: 1.054 (1.05) LR: 2.710e-02
2025-09-02 08:59:02,065 -                train: [    INFO] - Train: 76 [ 200/2502 (  8%)]  Loss: 43.75 (40.8)  Loss_cat: 0.4385 (0.407)  Loss_feat: 37.72 (35.6)  Loss_gt: 4.163 (3.49)  Loss_kd: 1.424 (1.24) LR: 2.710e-02
2025-09-02 08:59:53,172 -                train: [    INFO] - Train: 76 [ 400/2502 ( 16%)]  Loss: 37.43 (39.7)  Loss_cat: 0.3721 (0.395)  Loss_feat: 33.27 (34.9)  Loss_gt: 2.831 (3.27)  Loss_kd: 0.9548 (1.14) LR: 2.710e-02
2025-09-02 09:00:43,433 -                train: [    INFO] - Train: 76 [ 600/2502 ( 24%)]  Loss: 38.25 (39.3)  Loss_cat: 0.3890 (0.394)  Loss_feat: 34.12 (34.7)  Loss_gt: 2.792 (3.15)  Loss_kd: 0.9474 (1.10) LR: 2.710e-02
2025-09-02 09:01:34,136 -                train: [    INFO] - Train: 76 [ 800/2502 ( 32%)]  Loss: 37.22 (38.9)  Loss_cat: 0.3714 (0.389)  Loss_feat: 33.13 (34.4)  Loss_gt: 2.749 (3.07)  Loss_kd: 0.9779 (1.07) LR: 2.710e-02
2025-09-02 09:02:25,087 -                train: [    INFO] - Train: 76 [1000/2502 ( 40%)]  Loss: 40.76 (39.2)  Loss_cat: 0.4115 (0.393)  Loss_feat: 35.68 (34.6)  Loss_gt: 3.517 (3.15)  Loss_kd: 1.150 (1.08) LR: 2.710e-02
2025-09-02 09:03:15,766 -                train: [    INFO] - Train: 76 [1200/2502 ( 48%)]  Loss: 36.98 (38.9)  Loss_cat: 0.3794 (0.391)  Loss_feat: 33.12 (34.4)  Loss_gt: 2.533 (3.06)  Loss_kd: 0.9482 (1.07) LR: 2.710e-02
2025-09-02 09:04:06,905 -                train: [    INFO] - Train: 76 [1400/2502 ( 56%)]  Loss: 40.47 (39.1)  Loss_cat: 0.3974 (0.392)  Loss_feat: 35.35 (34.5)  Loss_gt: 3.506 (3.11)  Loss_kd: 1.210 (1.08) LR: 2.710e-02
2025-09-02 09:04:57,727 -                train: [    INFO] - Train: 76 [1600/2502 ( 64%)]  Loss: 36.51 (38.8)  Loss_cat: 0.3733 (0.390)  Loss_feat: 32.84 (34.3)  Loss_gt: 2.442 (3.04)  Loss_kd: 0.8529 (1.06) LR: 2.710e-02
2025-09-02 09:05:49,647 -                train: [    INFO] - Train: 76 [1800/2502 ( 72%)]  Loss: 36.44 (38.6)  Loss_cat: 0.3713 (0.388)  Loss_feat: 32.74 (34.2)  Loss_gt: 2.513 (2.99)  Loss_kd: 0.8196 (1.03) LR: 2.710e-02
2025-09-02 09:06:59,426 -                train: [    INFO] - Train: 76 [2000/2502 ( 80%)]  Loss: 39.43 (38.6)  Loss_cat: 0.3996 (0.389)  Loss_feat: 34.85 (34.2)  Loss_gt: 3.196 (3.01)  Loss_kd: 0.9858 (1.03) LR: 2.710e-02
2025-09-02 09:07:50,377 -                train: [    INFO] - Train: 76 [2200/2502 ( 88%)]  Loss: 38.92 (38.7)  Loss_cat: 0.3930 (0.389)  Loss_feat: 34.53 (34.2)  Loss_gt: 3.019 (3.01)  Loss_kd: 0.9788 (1.03) LR: 2.710e-02
2025-09-02 09:08:40,727 -                train: [    INFO] - Train: 76 [2400/2502 ( 96%)]  Loss: 38.60 (38.7)  Loss_cat: 0.3907 (0.389)  Loss_feat: 34.26 (34.2)  Loss_gt: 2.954 (3.00)  Loss_kd: 0.9941 (1.02) LR: 2.710e-02
2025-09-02 09:09:05,906 -                train: [    INFO] - Train: 76 [2501/2502 (100%)]  Loss: 42.71 (38.9)  Loss_cat: 0.4398 (0.393)  Loss_feat: 37.04 (34.4)  Loss_gt: 3.953 (3.07)  Loss_kd: 1.277 (1.04) LR: 2.710e-02
2025-09-02 09:09:05,907 -                train: [    INFO] - Distributing BatchNorm running means and vars
2025-09-02 09:09:07,516 -                train: [    INFO] - Test: [   0/97]  Time: 1.604 (1.604)  Loss:  0.9419 (0.9419)  Acc@1: 76.9531 (76.9531)  Acc@5: 94.3359 (94.3359)
2025-09-02 09:09:25,117 -                train: [    INFO] - Test: [  97/97]  Time: 0.014 (0.196)  Loss:  1.1173 (1.3468)  Acc@1: 72.3214 (67.7520)  Acc@5: 89.8810 (88.9700)
2025-09-02 09:09:25,385 - timm.utils.checkpoint_saver: [    INFO] - Current checkpoints:
 ('./output/train/20250901-184723-mobilenetv2_vcaV2-224/checkpoint/checkpoint-75.pth.tar', 67.83999998046875)
 ('./output/train/20250901-184723-mobilenetv2_vcaV2-224/checkpoint/checkpoint-76.pth.tar', 67.75199998535156)
 ('./output/train/20250901-184723-mobilenetv2_vcaV2-224/checkpoint/checkpoint-72.pth.tar', 67.31599999023437)
 ('./output/train/20250901-184723-mobilenetv2_vcaV2-224/checkpoint/checkpoint-74.pth.tar', 67.04000001464844)
 ('./output/train/20250901-184723-mobilenetv2_vcaV2-224/checkpoint/checkpoint-71.pth.tar', 67.03799999023437)
 ('./output/train/20250901-184723-mobilenetv2_vcaV2-224/checkpoint/checkpoint-70.pth.tar', 66.71600002197266)
 ('./output/train/20250901-184723-mobilenetv2_vcaV2-224/checkpoint/checkpoint-73.pth.tar', 66.49600001708984)
 ('./output/train/20250901-184723-mobilenetv2_vcaV2-224/checkpoint/checkpoint-69.pth.tar', 66.02799999023438)
 ('./output/train/20250901-184723-mobilenetv2_vcaV2-224/checkpoint/checkpoint-66.pth.tar', 65.99000001708984)
 ('./output/train/20250901-184723-mobilenetv2_vcaV2-224/checkpoint/checkpoint-67.pth.tar', 65.30000002929688)

2025-09-02 09:09:27,132 -                train: [    INFO] - Test (EMA 0.99990): [   0/97]  Time: 1.742 (1.742)  Loss:  0.8229 (0.8229)  Acc@1: 79.2969 (79.2969)  Acc@5: 95.5078 (95.5078)
2025-09-02 09:09:41,651 -                train: [    INFO] - Test (EMA 0.99990): [  97/97]  Time: 0.014 (0.166)  Loss:  0.9908 (1.2236)  Acc@1: 74.1071 (70.2320)  Acc@5: 92.5595 (90.3620)
2025-09-02 09:09:41,947 - timm.utils.checkpoint_saver: [    INFO] - Current checkpoints:
 ('./output/train/20250901-184723-mobilenetv2_vcaV2-224/ema0.9999_checkpoint/checkpoint-76.pth.tar', 70.23200002929687)
 ('./output/train/20250901-184723-mobilenetv2_vcaV2-224/ema0.9999_checkpoint/checkpoint-75.pth.tar', 70.15400002929688)
 ('./output/train/20250901-184723-mobilenetv2_vcaV2-224/ema0.9999_checkpoint/checkpoint-74.pth.tar', 70.04400000244141)
 ('./output/train/20250901-184723-mobilenetv2_vcaV2-224/ema0.9999_checkpoint/checkpoint-73.pth.tar', 70.02200002929688)
 ('./output/train/20250901-184723-mobilenetv2_vcaV2-224/ema0.9999_checkpoint/checkpoint-72.pth.tar', 69.92800000488282)
 ('./output/train/20250901-184723-mobilenetv2_vcaV2-224/ema0.9999_checkpoint/checkpoint-71.pth.tar', 69.79399998046875)
 ('./output/train/20250901-184723-mobilenetv2_vcaV2-224/ema0.9999_checkpoint/checkpoint-70.pth.tar', 69.69000000732422)
 ('./output/train/20250901-184723-mobilenetv2_vcaV2-224/ema0.9999_checkpoint/checkpoint-69.pth.tar', 69.62000003417968)
 ('./output/train/20250901-184723-mobilenetv2_vcaV2-224/ema0.9999_checkpoint/checkpoint-68.pth.tar', 69.48400000732421)
 ('./output/train/20250901-184723-mobilenetv2_vcaV2-224/ema0.9999_checkpoint/checkpoint-67.pth.tar', 69.37000000732422)

2025-09-02 09:09:43,646 -                train: [    INFO] - Train: 77 [   0/2502 (  0%)]  Loss: 38.68 (38.7)  Loss_cat: 0.3869 (0.387)  Loss_feat: 34.27 (34.3)  Loss_gt: 3.014 (3.01)  Loss_kd: 1.014 (1.01) LR: 2.499e-02
2025-09-02 09:10:34,816 -                train: [    INFO] - Train: 77 [ 200/2502 (  8%)]  Loss: 40.80 (39.7)  Loss_cat: 0.4102 (0.399)  Loss_feat: 35.60 (34.9)  Loss_gt: 3.590 (3.30)  Loss_kd: 1.198 (1.11) LR: 2.499e-02
2025-09-02 09:11:25,088 -                train: [    INFO] - Train: 77 [ 400/2502 ( 16%)]  Loss: 36.30 (38.6)  Loss_cat: 0.3737 (0.390)  Loss_feat: 32.92 (34.3)  Loss_gt: 2.290 (2.96)  Loss_kd: 0.7108 (0.974) LR: 2.499e-02
2025-09-02 09:12:15,997 -                train: [    INFO] - Train: 77 [ 600/2502 ( 24%)]  Loss: 36.96 (38.2)  Loss_cat: 0.3676 (0.385)  Loss_feat: 32.99 (33.9)  Loss_gt: 2.683 (2.89)  Loss_kd: 0.9196 (0.961) LR: 2.499e-02
2025-09-02 09:13:06,843 -                train: [    INFO] - Train: 77 [ 800/2502 ( 32%)]  Loss: 37.17 (38.0)  Loss_cat: 0.3671 (0.381)  Loss_feat: 33.27 (33.8)  Loss_gt: 2.664 (2.85)  Loss_kd: 0.8747 (0.943) LR: 2.499e-02
2025-09-02 09:13:58,065 -                train: [    INFO] - Train: 77 [1000/2502 ( 40%)]  Loss: 38.25 (38.0)  Loss_cat: 0.3821 (0.381)  Loss_feat: 33.99 (33.8)  Loss_gt: 2.911 (2.86)  Loss_kd: 0.9700 (0.948) LR: 2.499e-02
2025-09-02 09:14:49,009 -                train: [    INFO] - Train: 77 [1200/2502 ( 48%)]  Loss: 40.95 (38.4)  Loss_cat: 0.4147 (0.386)  Loss_feat: 35.81 (34.1)  Loss_gt: 3.530 (2.95)  Loss_kd: 1.196 (0.983) LR: 2.499e-02
2025-09-02 09:15:39,450 -                train: [    INFO] - Train: 77 [1400/2502 ( 56%)]  Loss: 37.20 (38.3)  Loss_cat: 0.3676 (0.384)  Loss_feat: 33.36 (34.0)  Loss_gt: 2.593 (2.91)  Loss_kd: 0.8735 (0.970) LR: 2.499e-02
2025-09-02 09:16:30,577 -                train: [    INFO] - Train: 77 [1600/2502 ( 64%)]  Loss: 38.39 (38.3)  Loss_cat: 0.3847 (0.384)  Loss_feat: 34.25 (34.0)  Loss_gt: 2.805 (2.90)  Loss_kd: 0.9537 (0.968) LR: 2.499e-02
2025-09-02 09:17:21,833 -                train: [    INFO] - Train: 77 [1800/2502 ( 72%)]  Loss: 37.44 (38.2)  Loss_cat: 0.3689 (0.382)  Loss_feat: 33.38 (34.0)  Loss_gt: 2.783 (2.89)  Loss_kd: 0.9101 (0.962) LR: 2.499e-02
2025-09-02 09:18:12,420 -                train: [    INFO] - Train: 77 [2000/2502 ( 80%)]  Loss: 38.75 (38.3)  Loss_cat: 0.3905 (0.383)  Loss_feat: 34.25 (34.0)  Loss_gt: 3.107 (2.91)  Loss_kd: 1.006 (0.966) LR: 2.499e-02
2025-09-02 09:19:03,376 -                train: [    INFO] - Train: 77 [2200/2502 ( 88%)]  Loss: 39.19 (38.3)  Loss_cat: 0.3941 (0.384)  Loss_feat: 34.60 (34.1)  Loss_gt: 3.201 (2.93)  Loss_kd: 0.9904 (0.968) LR: 2.499e-02
2025-09-02 09:19:53,972 -                train: [    INFO] - Train: 77 [2400/2502 ( 96%)]  Loss: 40.14 (38.5)  Loss_cat: 0.3984 (0.385)  Loss_feat: 35.18 (34.1)  Loss_gt: 3.436 (2.97)  Loss_kd: 1.127 (0.980) LR: 2.499e-02
2025-09-02 09:20:19,369 -                train: [    INFO] - Train: 77 [2501/2502 (100%)]  Loss: 39.92 (38.6)  Loss_cat: 0.3990 (0.386)  Loss_feat: 35.10 (34.2)  Loss_gt: 3.325 (3.00)  Loss_kd: 1.096 (0.989) LR: 2.499e-02
2025-09-02 09:20:19,369 -                train: [    INFO] - Distributing BatchNorm running means and vars
2025-09-02 09:20:21,012 -                train: [    INFO] - Test: [   0/97]  Time: 1.637 (1.637)  Loss:  1.0107 (1.0107)  Acc@1: 75.5859 (75.5859)  Acc@5: 93.3594 (93.3594)
2025-09-02 09:20:38,333 -                train: [    INFO] - Test: [  97/97]  Time: 0.014 (0.193)  Loss:  1.1160 (1.3226)  Acc@1: 72.6190 (68.2780)  Acc@5: 91.3690 (89.2580)
2025-09-02 09:20:38,525 - timm.utils.checkpoint_saver: [    INFO] - Current checkpoints:
 ('./output/train/20250901-184723-mobilenetv2_vcaV2-224/checkpoint/checkpoint-77.pth.tar', 68.27800000976562)
 ('./output/train/20250901-184723-mobilenetv2_vcaV2-224/checkpoint/checkpoint-75.pth.tar', 67.83999998046875)
 ('./output/train/20250901-184723-mobilenetv2_vcaV2-224/checkpoint/checkpoint-76.pth.tar', 67.75199998535156)
 ('./output/train/20250901-184723-mobilenetv2_vcaV2-224/checkpoint/checkpoint-72.pth.tar', 67.31599999023437)
 ('./output/train/20250901-184723-mobilenetv2_vcaV2-224/checkpoint/checkpoint-74.pth.tar', 67.04000001464844)
 ('./output/train/20250901-184723-mobilenetv2_vcaV2-224/checkpoint/checkpoint-71.pth.tar', 67.03799999023437)
 ('./output/train/20250901-184723-mobilenetv2_vcaV2-224/checkpoint/checkpoint-70.pth.tar', 66.71600002197266)
 ('./output/train/20250901-184723-mobilenetv2_vcaV2-224/checkpoint/checkpoint-73.pth.tar', 66.49600001708984)
 ('./output/train/20250901-184723-mobilenetv2_vcaV2-224/checkpoint/checkpoint-69.pth.tar', 66.02799999023438)
 ('./output/train/20250901-184723-mobilenetv2_vcaV2-224/checkpoint/checkpoint-66.pth.tar', 65.99000001708984)

2025-09-02 09:20:40,006 -                train: [    INFO] - Test (EMA 0.99990): [   0/97]  Time: 1.475 (1.475)  Loss:  0.8191 (0.8191)  Acc@1: 79.1016 (79.1016)  Acc@5: 95.7031 (95.7031)
2025-09-02 09:20:54,606 -                train: [    INFO] - Test (EMA 0.99990): [  97/97]  Time: 0.014 (0.164)  Loss:  0.9882 (1.2205)  Acc@1: 74.4048 (70.2860)  Acc@5: 92.5595 (90.3720)
2025-09-02 09:20:54,935 - timm.utils.checkpoint_saver: [    INFO] - Current checkpoints:
 ('./output/train/20250901-184723-mobilenetv2_vcaV2-224/ema0.9999_checkpoint/checkpoint-77.pth.tar', 70.28600000244141)
 ('./output/train/20250901-184723-mobilenetv2_vcaV2-224/ema0.9999_checkpoint/checkpoint-76.pth.tar', 70.23200002929687)
 ('./output/train/20250901-184723-mobilenetv2_vcaV2-224/ema0.9999_checkpoint/checkpoint-75.pth.tar', 70.15400002929688)
 ('./output/train/20250901-184723-mobilenetv2_vcaV2-224/ema0.9999_checkpoint/checkpoint-74.pth.tar', 70.04400000244141)
 ('./output/train/20250901-184723-mobilenetv2_vcaV2-224/ema0.9999_checkpoint/checkpoint-73.pth.tar', 70.02200002929688)
 ('./output/train/20250901-184723-mobilenetv2_vcaV2-224/ema0.9999_checkpoint/checkpoint-72.pth.tar', 69.92800000488282)
 ('./output/train/20250901-184723-mobilenetv2_vcaV2-224/ema0.9999_checkpoint/checkpoint-71.pth.tar', 69.79399998046875)
 ('./output/train/20250901-184723-mobilenetv2_vcaV2-224/ema0.9999_checkpoint/checkpoint-70.pth.tar', 69.69000000732422)
 ('./output/train/20250901-184723-mobilenetv2_vcaV2-224/ema0.9999_checkpoint/checkpoint-69.pth.tar', 69.62000003417968)
 ('./output/train/20250901-184723-mobilenetv2_vcaV2-224/ema0.9999_checkpoint/checkpoint-68.pth.tar', 69.48400000732421)

2025-09-02 09:20:56,823 -                train: [    INFO] - Train: 78 [   0/2502 (  0%)]  Loss: 38.06 (38.1)  Loss_cat: 0.3899 (0.390)  Loss_feat: 34.10 (34.1)  Loss_gt: 2.685 (2.68)  Loss_kd: 0.8887 (0.889) LR: 2.295e-02
2025-09-02 09:21:47,699 -                train: [    INFO] - Train: 78 [ 200/2502 (  8%)]  Loss: 36.00 (37.0)  Loss_cat: 0.3663 (0.378)  Loss_feat: 32.43 (33.3)  Loss_gt: 2.407 (2.55)  Loss_kd: 0.7914 (0.840) LR: 2.295e-02
2025-09-02 09:22:38,054 -                train: [    INFO] - Train: 78 [ 400/2502 ( 16%)]  Loss: 39.63 (37.9)  Loss_cat: 0.3967 (0.384)  Loss_feat: 35.00 (33.8)  Loss_gt: 3.203 (2.77)  Loss_kd: 1.035 (0.905) LR: 2.295e-02
2025-09-02 09:23:27,984 -                train: [    INFO] - Train: 78 [ 600/2502 ( 24%)]  Loss: 40.56 (38.6)  Loss_cat: 0.4034 (0.389)  Loss_feat: 35.50 (34.3)  Loss_gt: 3.521 (2.95)  Loss_kd: 1.134 (0.962) LR: 2.295e-02
2025-09-02 09:24:18,408 -                train: [    INFO] - Train: 78 [ 800/2502 ( 32%)]  Loss: 35.02 (37.9)  Loss_cat: 0.3494 (0.381)  Loss_feat: 31.82 (33.8)  Loss_gt: 2.117 (2.79)  Loss_kd: 0.7335 (0.917) LR: 2.295e-02
2025-09-02 09:25:10,121 -                train: [    INFO] - Train: 78 [1000/2502 ( 40%)]  Loss: 37.60 (37.8)  Loss_cat: 0.3716 (0.380)  Loss_feat: 33.38 (33.7)  Loss_gt: 2.867 (2.80)  Loss_kd: 0.9802 (0.927) LR: 2.295e-02
2025-09-02 09:26:04,846 -                train: [    INFO] - Train: 78 [1200/2502 ( 48%)]  Loss: 36.97 (37.7)  Loss_cat: 0.3726 (0.379)  Loss_feat: 33.18 (33.6)  Loss_gt: 2.607 (2.77)  Loss_kd: 0.8096 (0.910) LR: 2.295e-02
2025-09-02 09:26:55,216 -                train: [    INFO] - Train: 78 [1400/2502 ( 56%)]  Loss: 35.98 (37.5)  Loss_cat: 0.3638 (0.377)  Loss_feat: 32.51 (33.5)  Loss_gt: 2.323 (2.72)  Loss_kd: 0.7891 (0.895) LR: 2.295e-02
2025-09-02 09:27:46,233 -                train: [    INFO] - Train: 78 [1600/2502 ( 64%)]  Loss: 37.38 (37.5)  Loss_cat: 0.3721 (0.376)  Loss_feat: 33.25 (33.5)  Loss_gt: 2.783 (2.72)  Loss_kd: 0.9688 (0.903) LR: 2.295e-02
2025-09-02 09:28:36,840 -                train: [    INFO] - Train: 78 [1800/2502 ( 72%)]  Loss: 36.93 (37.4)  Loss_cat: 0.3740 (0.376)  Loss_feat: 33.16 (33.4)  Loss_gt: 2.575 (2.71)  Loss_kd: 0.8201 (0.895) LR: 2.295e-02
2025-09-02 09:29:27,274 -                train: [    INFO] - Train: 78 [2000/2502 ( 80%)]  Loss: 39.18 (37.6)  Loss_cat: 0.3915 (0.377)  Loss_feat: 34.66 (33.5)  Loss_gt: 3.082 (2.74)  Loss_kd: 1.052 (0.909) LR: 2.295e-02
2025-09-02 09:30:18,210 -                train: [    INFO] - Train: 78 [2200/2502 ( 88%)]  Loss: 37.12 (37.5)  Loss_cat: 0.3737 (0.377)  Loss_feat: 33.28 (33.5)  Loss_gt: 2.663 (2.74)  Loss_kd: 0.8005 (0.900) LR: 2.295e-02
2025-09-02 09:31:08,665 -                train: [    INFO] - Train: 78 [2400/2502 ( 96%)]  Loss: 36.67 (37.5)  Loss_cat: 0.3713 (0.377)  Loss_feat: 32.94 (33.5)  Loss_gt: 2.511 (2.72)  Loss_kd: 0.8457 (0.896) LR: 2.295e-02
2025-09-02 09:31:34,350 -                train: [    INFO] - Train: 78 [2501/2502 (100%)]  Loss: 35.76 (37.3)  Loss_cat: 0.3515 (0.375)  Loss_feat: 32.16 (33.4)  Loss_gt: 2.417 (2.70)  Loss_kd: 0.8252 (0.891) LR: 2.295e-02
2025-09-02 09:31:34,350 -                train: [    INFO] - Distributing BatchNorm running means and vars
2025-09-02 09:31:35,939 -                train: [    INFO] - Test: [   0/97]  Time: 1.582 (1.582)  Loss:  0.9142 (0.9142)  Acc@1: 78.7109 (78.7109)  Acc@5: 94.9219 (94.9219)
2025-09-02 09:31:53,565 -                train: [    INFO] - Test: [  97/97]  Time: 0.014 (0.196)  Loss:  1.0863 (1.3461)  Acc@1: 73.8095 (67.9160)  Acc@5: 90.1786 (89.0360)
2025-09-02 09:31:53,970 - timm.utils.checkpoint_saver: [    INFO] - Current checkpoints:
 ('./output/train/20250901-184723-mobilenetv2_vcaV2-224/checkpoint/checkpoint-77.pth.tar', 68.27800000976562)
 ('./output/train/20250901-184723-mobilenetv2_vcaV2-224/checkpoint/checkpoint-78.pth.tar', 67.91600000488282)
 ('./output/train/20250901-184723-mobilenetv2_vcaV2-224/checkpoint/checkpoint-75.pth.tar', 67.83999998046875)
 ('./output/train/20250901-184723-mobilenetv2_vcaV2-224/checkpoint/checkpoint-76.pth.tar', 67.75199998535156)
 ('./output/train/20250901-184723-mobilenetv2_vcaV2-224/checkpoint/checkpoint-72.pth.tar', 67.31599999023437)
 ('./output/train/20250901-184723-mobilenetv2_vcaV2-224/checkpoint/checkpoint-74.pth.tar', 67.04000001464844)
 ('./output/train/20250901-184723-mobilenetv2_vcaV2-224/checkpoint/checkpoint-71.pth.tar', 67.03799999023437)
 ('./output/train/20250901-184723-mobilenetv2_vcaV2-224/checkpoint/checkpoint-70.pth.tar', 66.71600002197266)
 ('./output/train/20250901-184723-mobilenetv2_vcaV2-224/checkpoint/checkpoint-73.pth.tar', 66.49600001708984)
 ('./output/train/20250901-184723-mobilenetv2_vcaV2-224/checkpoint/checkpoint-69.pth.tar', 66.02799999023438)

2025-09-02 09:31:55,623 -                train: [    INFO] - Test (EMA 0.99990): [   0/97]  Time: 1.648 (1.648)  Loss:  0.8199 (0.8199)  Acc@1: 79.1016 (79.1016)  Acc@5: 95.8984 (95.8984)
2025-09-02 09:32:10,483 -                train: [    INFO] - Test (EMA 0.99990): [  97/97]  Time: 0.014 (0.168)  Loss:  0.9887 (1.2177)  Acc@1: 74.7024 (70.4220)  Acc@5: 92.5595 (90.4080)
2025-09-02 09:32:10,707 - timm.utils.checkpoint_saver: [    INFO] - Current checkpoints:
 ('./output/train/20250901-184723-mobilenetv2_vcaV2-224/ema0.9999_checkpoint/checkpoint-78.pth.tar', 70.42200002685547)
 ('./output/train/20250901-184723-mobilenetv2_vcaV2-224/ema0.9999_checkpoint/checkpoint-77.pth.tar', 70.28600000244141)
 ('./output/train/20250901-184723-mobilenetv2_vcaV2-224/ema0.9999_checkpoint/checkpoint-76.pth.tar', 70.23200002929687)
 ('./output/train/20250901-184723-mobilenetv2_vcaV2-224/ema0.9999_checkpoint/checkpoint-75.pth.tar', 70.15400002929688)
 ('./output/train/20250901-184723-mobilenetv2_vcaV2-224/ema0.9999_checkpoint/checkpoint-74.pth.tar', 70.04400000244141)
 ('./output/train/20250901-184723-mobilenetv2_vcaV2-224/ema0.9999_checkpoint/checkpoint-73.pth.tar', 70.02200002929688)
 ('./output/train/20250901-184723-mobilenetv2_vcaV2-224/ema0.9999_checkpoint/checkpoint-72.pth.tar', 69.92800000488282)
 ('./output/train/20250901-184723-mobilenetv2_vcaV2-224/ema0.9999_checkpoint/checkpoint-71.pth.tar', 69.79399998046875)
 ('./output/train/20250901-184723-mobilenetv2_vcaV2-224/ema0.9999_checkpoint/checkpoint-70.pth.tar', 69.69000000732422)
 ('./output/train/20250901-184723-mobilenetv2_vcaV2-224/ema0.9999_checkpoint/checkpoint-69.pth.tar', 69.62000003417968)

2025-09-02 09:32:12,712 -                train: [    INFO] - Train: 79 [   0/2502 (  0%)]  Loss: 36.60 (36.6)  Loss_cat: 0.3670 (0.367)  Loss_feat: 32.89 (32.9)  Loss_gt: 2.548 (2.55)  Loss_kd: 0.7903 (0.790) LR: 2.099e-02
2025-09-02 09:33:03,747 -                train: [    INFO] - Train: 79 [ 200/2502 (  8%)]  Loss: 35.01 (35.8)  Loss_cat: 0.3550 (0.361)  Loss_feat: 31.68 (32.3)  Loss_gt: 2.193 (2.37)  Loss_kd: 0.7833 (0.787) LR: 2.099e-02
2025-09-02 09:33:53,456 -                train: [    INFO] - Train: 79 [ 400/2502 ( 16%)]  Loss: 35.10 (35.6)  Loss_cat: 0.3493 (0.357)  Loss_feat: 31.80 (32.1)  Loss_gt: 2.223 (2.32)  Loss_kd: 0.7275 (0.767) LR: 2.099e-02
2025-09-02 09:34:44,128 -                train: [    INFO] - Train: 79 [ 600/2502 ( 24%)]  Loss: 37.30 (36.0)  Loss_cat: 0.3762 (0.362)  Loss_feat: 33.44 (32.5)  Loss_gt: 2.633 (2.40)  Loss_kd: 0.8543 (0.789) LR: 2.099e-02
2025-09-02 09:35:34,957 -                train: [    INFO] - Train: 79 [ 800/2502 ( 32%)]  Loss: 39.89 (36.8)  Loss_cat: 0.3888 (0.367)  Loss_feat: 34.87 (32.9)  Loss_gt: 3.427 (2.61)  Loss_kd: 1.198 (0.871) LR: 2.099e-02
2025-09-02 09:36:25,559 -                train: [    INFO] - Train: 79 [1000/2502 ( 40%)]  Loss: 37.23 (36.9)  Loss_cat: 0.3626 (0.366)  Loss_feat: 33.15 (33.0)  Loss_gt: 2.746 (2.63)  Loss_kd: 0.9658 (0.887) LR: 2.099e-02
2025-09-02 09:37:15,943 -                train: [    INFO] - Train: 79 [1200/2502 ( 48%)]  Loss: 37.12 (36.9)  Loss_cat: 0.3677 (0.367)  Loss_feat: 33.13 (33.0)  Loss_gt: 2.672 (2.63)  Loss_kd: 0.9509 (0.896) LR: 2.099e-02
2025-09-02 09:38:06,902 -                train: [    INFO] - Train: 79 [1400/2502 ( 56%)]  Loss: 39.22 (37.2)  Loss_cat: 0.3866 (0.369)  Loss_feat: 34.45 (33.2)  Loss_gt: 3.253 (2.71)  Loss_kd: 1.137 (0.926) LR: 2.099e-02
2025-09-02 09:38:58,058 -                train: [    INFO] - Train: 79 [1600/2502 ( 64%)]  Loss: 39.28 (37.4)  Loss_cat: 0.3847 (0.371)  Loss_feat: 34.56 (33.3)  Loss_gt: 3.260 (2.77)  Loss_kd: 1.084 (0.944) LR: 2.099e-02
2025-09-02 09:39:48,392 -                train: [    INFO] - Train: 79 [1800/2502 ( 72%)]  Loss: 40.26 (37.7)  Loss_cat: 0.4039 (0.374)  Loss_feat: 35.34 (33.5)  Loss_gt: 3.388 (2.83)  Loss_kd: 1.128 (0.962) LR: 2.099e-02
2025-09-02 09:40:39,481 -                train: [    INFO] - Train: 79 [2000/2502 ( 80%)]  Loss: 35.68 (37.5)  Loss_cat: 0.3610 (0.373)  Loss_feat: 32.33 (33.4)  Loss_gt: 2.239 (2.78)  Loss_kd: 0.7556 (0.943) LR: 2.099e-02
2025-09-02 09:41:29,985 -                train: [    INFO] - Train: 79 [2200/2502 ( 88%)]  Loss: 36.52 (37.4)  Loss_cat: 0.3701 (0.373)  Loss_feat: 32.93 (33.4)  Loss_gt: 2.403 (2.75)  Loss_kd: 0.8205 (0.933) LR: 2.099e-02
2025-09-02 09:42:22,587 -                train: [    INFO] - Train: 79 [2400/2502 ( 96%)]  Loss: 39.53 (37.6)  Loss_cat: 0.3997 (0.375)  Loss_feat: 34.92 (33.5)  Loss_gt: 3.226 (2.79)  Loss_kd: 0.9877 (0.937) LR: 2.099e-02
2025-09-02 09:42:47,827 -                train: [    INFO] - Train: 79 [2501/2502 (100%)]  Loss: 40.00 (37.8)  Loss_cat: 0.4021 (0.377)  Loss_feat: 35.24 (33.6)  Loss_gt: 3.314 (2.82)  Loss_kd: 1.037 (0.944) LR: 2.099e-02
2025-09-02 09:42:47,828 -                train: [    INFO] - Distributing BatchNorm running means and vars
2025-09-02 09:42:49,480 -                train: [    INFO] - Test: [   0/97]  Time: 1.647 (1.647)  Loss:  0.9226 (0.9226)  Acc@1: 78.5156 (78.5156)  Acc@5: 95.3125 (95.3125)
2025-09-02 09:43:08,192 -                train: [    INFO] - Test: [  97/97]  Time: 0.014 (0.208)  Loss:  1.0400 (1.3030)  Acc@1: 73.8095 (68.6680)  Acc@5: 91.9643 (89.4560)
2025-09-02 09:43:08,432 - timm.utils.checkpoint_saver: [    INFO] - Current checkpoints:
 ('./output/train/20250901-184723-mobilenetv2_vcaV2-224/checkpoint/checkpoint-79.pth.tar', 68.66800000488281)
 ('./output/train/20250901-184723-mobilenetv2_vcaV2-224/checkpoint/checkpoint-77.pth.tar', 68.27800000976562)
 ('./output/train/20250901-184723-mobilenetv2_vcaV2-224/checkpoint/checkpoint-78.pth.tar', 67.91600000488282)
 ('./output/train/20250901-184723-mobilenetv2_vcaV2-224/checkpoint/checkpoint-75.pth.tar', 67.83999998046875)
 ('./output/train/20250901-184723-mobilenetv2_vcaV2-224/checkpoint/checkpoint-76.pth.tar', 67.75199998535156)
 ('./output/train/20250901-184723-mobilenetv2_vcaV2-224/checkpoint/checkpoint-72.pth.tar', 67.31599999023437)
 ('./output/train/20250901-184723-mobilenetv2_vcaV2-224/checkpoint/checkpoint-74.pth.tar', 67.04000001464844)
 ('./output/train/20250901-184723-mobilenetv2_vcaV2-224/checkpoint/checkpoint-71.pth.tar', 67.03799999023437)
 ('./output/train/20250901-184723-mobilenetv2_vcaV2-224/checkpoint/checkpoint-70.pth.tar', 66.71600002197266)
 ('./output/train/20250901-184723-mobilenetv2_vcaV2-224/checkpoint/checkpoint-73.pth.tar', 66.49600001708984)

2025-09-02 09:43:09,962 -                train: [    INFO] - Test (EMA 0.99990): [   0/97]  Time: 1.525 (1.525)  Loss:  0.8244 (0.8244)  Acc@1: 79.1016 (79.1016)  Acc@5: 95.7031 (95.7031)
2025-09-02 09:43:24,573 -                train: [    INFO] - Test (EMA 0.99990): [  97/97]  Time: 0.014 (0.165)  Loss:  0.9884 (1.2148)  Acc@1: 74.4048 (70.4360)  Acc@5: 92.5595 (90.5060)
2025-09-02 09:43:24,855 - timm.utils.checkpoint_saver: [    INFO] - Current checkpoints:
 ('./output/train/20250901-184723-mobilenetv2_vcaV2-224/ema0.9999_checkpoint/checkpoint-79.pth.tar', 70.4360000024414)
 ('./output/train/20250901-184723-mobilenetv2_vcaV2-224/ema0.9999_checkpoint/checkpoint-78.pth.tar', 70.42200002685547)
 ('./output/train/20250901-184723-mobilenetv2_vcaV2-224/ema0.9999_checkpoint/checkpoint-77.pth.tar', 70.28600000244141)
 ('./output/train/20250901-184723-mobilenetv2_vcaV2-224/ema0.9999_checkpoint/checkpoint-76.pth.tar', 70.23200002929687)
 ('./output/train/20250901-184723-mobilenetv2_vcaV2-224/ema0.9999_checkpoint/checkpoint-75.pth.tar', 70.15400002929688)
 ('./output/train/20250901-184723-mobilenetv2_vcaV2-224/ema0.9999_checkpoint/checkpoint-74.pth.tar', 70.04400000244141)
 ('./output/train/20250901-184723-mobilenetv2_vcaV2-224/ema0.9999_checkpoint/checkpoint-73.pth.tar', 70.02200002929688)
 ('./output/train/20250901-184723-mobilenetv2_vcaV2-224/ema0.9999_checkpoint/checkpoint-72.pth.tar', 69.92800000488282)
 ('./output/train/20250901-184723-mobilenetv2_vcaV2-224/ema0.9999_checkpoint/checkpoint-71.pth.tar', 69.79399998046875)
 ('./output/train/20250901-184723-mobilenetv2_vcaV2-224/ema0.9999_checkpoint/checkpoint-70.pth.tar', 69.69000000732422)

2025-09-02 09:43:26,750 -                train: [    INFO] - Train: 80 [   0/2502 (  0%)]  Loss: 39.36 (39.4)  Loss_cat: 0.3920 (0.392)  Loss_feat: 34.76 (34.8)  Loss_gt: 3.204 (3.20)  Loss_kd: 1.008 (1.01) LR: 1.910e-02
2025-09-02 09:44:17,155 -                train: [    INFO] - Train: 80 [ 200/2502 (  8%)]  Loss: 35.76 (37.6)  Loss_cat: 0.3589 (0.375)  Loss_feat: 32.41 (33.6)  Loss_gt: 2.238 (2.72)  Loss_kd: 0.7565 (0.882) LR: 1.910e-02
2025-09-02 09:45:07,514 -                train: [    INFO] - Train: 80 [ 400/2502 ( 16%)]  Loss: 41.89 (39.0)  Loss_cat: 0.4227 (0.391)  Loss_feat: 36.46 (34.5)  Loss_gt: 3.737 (3.06)  Loss_kd: 1.267 (1.01) LR: 1.910e-02
2025-09-02 09:45:57,789 -                train: [    INFO] - Train: 80 [ 600/2502 ( 24%)]  Loss: 37.64 (38.7)  Loss_cat: 0.3698 (0.386)  Loss_feat: 33.48 (34.3)  Loss_gt: 2.806 (3.00)  Loss_kd: 0.9798 (1.00) LR: 1.910e-02
2025-09-02 09:46:49,184 -                train: [    INFO] - Train: 80 [ 800/2502 ( 32%)]  Loss: 38.86 (38.7)  Loss_cat: 0.3901 (0.387)  Loss_feat: 34.45 (34.3)  Loss_gt: 3.072 (3.01)  Loss_kd: 0.9483 (0.992) LR: 1.910e-02
2025-09-02 09:47:39,845 -                train: [    INFO] - Train: 80 [1000/2502 ( 40%)]  Loss: 36.00 (38.3)  Loss_cat: 0.3624 (0.383)  Loss_feat: 32.54 (34.0)  Loss_gt: 2.383 (2.91)  Loss_kd: 0.7152 (0.946) LR: 1.910e-02
2025-09-02 09:48:30,623 -                train: [    INFO] - Train: 80 [1200/2502 ( 48%)]  Loss: 37.61 (38.2)  Loss_cat: 0.3653 (0.380)  Loss_feat: 33.45 (33.9)  Loss_gt: 2.844 (2.90)  Loss_kd: 0.9439 (0.946) LR: 1.910e-02
2025-09-02 09:49:21,460 -                train: [    INFO] - Train: 80 [1400/2502 ( 56%)]  Loss: 37.26 (38.0)  Loss_cat: 0.3751 (0.380)  Loss_feat: 33.45 (33.9)  Loss_gt: 2.619 (2.86)  Loss_kd: 0.8181 (0.930) LR: 1.910e-02
2025-09-02 09:50:11,936 -                train: [    INFO] - Train: 80 [1600/2502 ( 64%)]  Loss: 39.76 (38.2)  Loss_cat: 0.3998 (0.382)  Loss_feat: 34.93 (34.0)  Loss_gt: 3.322 (2.91)  Loss_kd: 1.104 (0.949) LR: 1.910e-02
2025-09-02 09:51:02,826 -                train: [    INFO] - Train: 80 [1800/2502 ( 72%)]  Loss: 36.39 (38.1)  Loss_cat: 0.3652 (0.380)  Loss_feat: 32.77 (33.9)  Loss_gt: 2.472 (2.87)  Loss_kd: 0.7745 (0.932) LR: 1.910e-02
2025-09-02 09:51:53,339 -                train: [    INFO] - Train: 80 [2000/2502 ( 80%)]  Loss: 39.10 (38.1)  Loss_cat: 0.3880 (0.381)  Loss_feat: 34.45 (33.9)  Loss_gt: 3.199 (2.90)  Loss_kd: 1.064 (0.944) LR: 1.910e-02
2025-09-02 09:52:44,016 -                train: [    INFO] - Train: 80 [2200/2502 ( 88%)]  Loss: 40.12 (38.3)  Loss_cat: 0.3939 (0.382)  Loss_feat: 35.00 (34.0)  Loss_gt: 3.548 (2.95)  Loss_kd: 1.183 (0.963) LR: 1.910e-02
2025-09-02 09:53:34,466 -                train: [    INFO] - Train: 80 [2400/2502 ( 96%)]  Loss: 39.87 (38.4)  Loss_cat: 0.3994 (0.383)  Loss_feat: 35.10 (34.1)  Loss_gt: 3.338 (2.98)  Loss_kd: 1.030 (0.969) LR: 1.910e-02
2025-09-02 09:53:59,865 -                train: [    INFO] - Train: 80 [2501/2502 (100%)]  Loss: 41.62 (38.7)  Loss_cat: 0.4131 (0.385)  Loss_feat: 36.19 (34.2)  Loss_gt: 3.747 (3.04)  Loss_kd: 1.270 (0.990) LR: 1.910e-02
2025-09-02 09:53:59,866 -                train: [    INFO] - Distributing BatchNorm running means and vars
2025-09-02 09:54:01,636 -                train: [    INFO] - Test: [   0/97]  Time: 1.765 (1.765)  Loss:  0.8959 (0.8959)  Acc@1: 78.7109 (78.7109)  Acc@5: 94.7266 (94.7266)
2025-09-02 09:54:18,671 -                train: [    INFO] - Test: [  97/97]  Time: 0.014 (0.192)  Loss:  1.1550 (1.2986)  Acc@1: 71.4286 (69.0260)  Acc@5: 90.7738 (89.6120)
2025-09-02 09:54:18,891 - timm.utils.checkpoint_saver: [    INFO] - Current checkpoints:
 ('./output/train/20250901-184723-mobilenetv2_vcaV2-224/checkpoint/checkpoint-80.pth.tar', 69.02600001464843)
 ('./output/train/20250901-184723-mobilenetv2_vcaV2-224/checkpoint/checkpoint-79.pth.tar', 68.66800000488281)
 ('./output/train/20250901-184723-mobilenetv2_vcaV2-224/checkpoint/checkpoint-77.pth.tar', 68.27800000976562)
 ('./output/train/20250901-184723-mobilenetv2_vcaV2-224/checkpoint/checkpoint-78.pth.tar', 67.91600000488282)
 ('./output/train/20250901-184723-mobilenetv2_vcaV2-224/checkpoint/checkpoint-75.pth.tar', 67.83999998046875)
 ('./output/train/20250901-184723-mobilenetv2_vcaV2-224/checkpoint/checkpoint-76.pth.tar', 67.75199998535156)
 ('./output/train/20250901-184723-mobilenetv2_vcaV2-224/checkpoint/checkpoint-72.pth.tar', 67.31599999023437)
 ('./output/train/20250901-184723-mobilenetv2_vcaV2-224/checkpoint/checkpoint-74.pth.tar', 67.04000001464844)
 ('./output/train/20250901-184723-mobilenetv2_vcaV2-224/checkpoint/checkpoint-71.pth.tar', 67.03799999023437)
 ('./output/train/20250901-184723-mobilenetv2_vcaV2-224/checkpoint/checkpoint-70.pth.tar', 66.71600002197266)

2025-09-02 09:54:20,665 -                train: [    INFO] - Test (EMA 0.99990): [   0/97]  Time: 1.768 (1.768)  Loss:  0.8256 (0.8256)  Acc@1: 79.2969 (79.2969)  Acc@5: 95.7031 (95.7031)
2025-09-02 09:54:35,092 -                train: [    INFO] - Test (EMA 0.99990): [  97/97]  Time: 0.014 (0.165)  Loss:  0.9863 (1.2121)  Acc@1: 74.4048 (70.5180)  Acc@5: 92.2619 (90.5020)
2025-09-02 09:54:35,297 - timm.utils.checkpoint_saver: [    INFO] - Current checkpoints:
 ('./output/train/20250901-184723-mobilenetv2_vcaV2-224/ema0.9999_checkpoint/checkpoint-80.pth.tar', 70.51800000244141)
 ('./output/train/20250901-184723-mobilenetv2_vcaV2-224/ema0.9999_checkpoint/checkpoint-79.pth.tar', 70.4360000024414)
 ('./output/train/20250901-184723-mobilenetv2_vcaV2-224/ema0.9999_checkpoint/checkpoint-78.pth.tar', 70.42200002685547)
 ('./output/train/20250901-184723-mobilenetv2_vcaV2-224/ema0.9999_checkpoint/checkpoint-77.pth.tar', 70.28600000244141)
 ('./output/train/20250901-184723-mobilenetv2_vcaV2-224/ema0.9999_checkpoint/checkpoint-76.pth.tar', 70.23200002929687)
 ('./output/train/20250901-184723-mobilenetv2_vcaV2-224/ema0.9999_checkpoint/checkpoint-75.pth.tar', 70.15400002929688)
 ('./output/train/20250901-184723-mobilenetv2_vcaV2-224/ema0.9999_checkpoint/checkpoint-74.pth.tar', 70.04400000244141)
 ('./output/train/20250901-184723-mobilenetv2_vcaV2-224/ema0.9999_checkpoint/checkpoint-73.pth.tar', 70.02200002929688)
 ('./output/train/20250901-184723-mobilenetv2_vcaV2-224/ema0.9999_checkpoint/checkpoint-72.pth.tar', 69.92800000488282)
 ('./output/train/20250901-184723-mobilenetv2_vcaV2-224/ema0.9999_checkpoint/checkpoint-71.pth.tar', 69.79399998046875)

2025-09-02 09:54:36,979 -                train: [    INFO] - Train: 81 [   0/2502 (  0%)]  Loss: 37.37 (37.4)  Loss_cat: 0.3721 (0.372)  Loss_feat: 33.33 (33.3)  Loss_gt: 2.772 (2.77)  Loss_kd: 0.8971 (0.897) LR: 1.729e-02
2025-09-02 09:55:29,530 -                train: [    INFO] - Train: 81 [ 200/2502 (  8%)]  Loss: 35.68 (36.5)  Loss_cat: 0.3665 (0.369)  Loss_feat: 32.32 (32.8)  Loss_gt: 2.259 (2.52)  Loss_kd: 0.7278 (0.812) LR: 1.729e-02
2025-09-02 09:56:19,518 -                train: [    INFO] - Train: 81 [ 400/2502 ( 16%)]  Loss: 38.19 (37.1)  Loss_cat: 0.3894 (0.376)  Loss_feat: 34.15 (33.3)  Loss_gt: 2.801 (2.61)  Loss_kd: 0.8428 (0.823) LR: 1.729e-02
2025-09-02 09:57:09,502 -                train: [    INFO] - Train: 81 [ 600/2502 ( 24%)]  Loss: 37.60 (37.2)  Loss_cat: 0.3716 (0.375)  Loss_feat: 33.41 (33.3)  Loss_gt: 2.852 (2.67)  Loss_kd: 0.9622 (0.857) LR: 1.729e-02
2025-09-02 09:58:00,448 -                train: [    INFO] - Train: 81 [ 800/2502 ( 32%)]  Loss: 35.99 (37.0)  Loss_cat: 0.3620 (0.372)  Loss_feat: 32.50 (33.1)  Loss_gt: 2.349 (2.61)  Loss_kd: 0.7780 (0.842) LR: 1.729e-02
2025-09-02 09:58:51,623 -                train: [    INFO] - Train: 81 [1000/2502 ( 40%)]  Loss: 35.05 (36.6)  Loss_cat: 0.3480 (0.368)  Loss_feat: 31.82 (32.9)  Loss_gt: 2.170 (2.53)  Loss_kd: 0.7096 (0.820) LR: 1.729e-02
2025-09-02 09:59:41,860 -                train: [    INFO] - Train: 81 [1200/2502 ( 48%)]  Loss: 39.49 (37.1)  Loss_cat: 0.3930 (0.372)  Loss_feat: 34.86 (33.2)  Loss_gt: 3.197 (2.63)  Loss_kd: 1.040 (0.851) LR: 1.729e-02
2025-09-02 10:00:48,455 -                train: [    INFO] - Train: 81 [1400/2502 ( 56%)]  Loss: 39.08 (37.3)  Loss_cat: 0.3924 (0.374)  Loss_feat: 34.55 (33.4)  Loss_gt: 3.156 (2.69)  Loss_kd: 0.9886 (0.868) LR: 1.729e-02
2025-09-02 10:01:39,393 -                train: [    INFO] - Train: 81 [1600/2502 ( 64%)]  Loss: 38.06 (37.4)  Loss_cat: 0.3860 (0.376)  Loss_feat: 34.12 (33.5)  Loss_gt: 2.696 (2.69)  Loss_kd: 0.8563 (0.867) LR: 1.729e-02
2025-09-02 10:02:30,048 -                train: [    INFO] - Train: 81 [1800/2502 ( 72%)]  Loss: 39.46 (37.6)  Loss_cat: 0.3936 (0.377)  Loss_feat: 34.86 (33.6)  Loss_gt: 3.179 (2.74)  Loss_kd: 1.024 (0.883) LR: 1.729e-02
2025-09-02 10:03:21,027 -                train: [    INFO] - Train: 81 [2000/2502 ( 80%)]  Loss: 43.83 (38.2)  Loss_cat: 0.4424 (0.383)  Loss_feat: 37.68 (34.0)  Loss_gt: 4.306 (2.89)  Loss_kd: 1.407 (0.930) LR: 1.729e-02
2025-09-02 10:04:11,480 -                train: [    INFO] - Train: 81 [2200/2502 ( 88%)]  Loss: 37.52 (38.1)  Loss_cat: 0.3794 (0.383)  Loss_feat: 33.47 (33.9)  Loss_gt: 2.764 (2.88)  Loss_kd: 0.9027 (0.928) LR: 1.729e-02
2025-09-02 10:05:02,611 -                train: [    INFO] - Train: 81 [2400/2502 ( 96%)]  Loss: 36.34 (38.0)  Loss_cat: 0.3669 (0.382)  Loss_feat: 32.76 (33.8)  Loss_gt: 2.434 (2.84)  Loss_kd: 0.7775 (0.916) LR: 1.729e-02
2025-09-02 10:05:27,981 -                train: [    INFO] - Train: 81 [2501/2502 (100%)]  Loss: 39.01 (38.0)  Loss_cat: 0.3844 (0.382)  Loss_feat: 34.46 (33.9)  Loss_gt: 3.199 (2.87)  Loss_kd: 0.9738 (0.921) LR: 1.729e-02
2025-09-02 10:05:27,981 -                train: [    INFO] - Distributing BatchNorm running means and vars
2025-09-02 10:05:29,646 -                train: [    INFO] - Test: [   0/97]  Time: 1.660 (1.660)  Loss:  0.9477 (0.9477)  Acc@1: 77.7344 (77.7344)  Acc@5: 94.7266 (94.7266)
2025-09-02 10:05:46,899 -                train: [    INFO] - Test: [  97/97]  Time: 0.014 (0.193)  Loss:  1.1305 (1.2897)  Acc@1: 72.9167 (69.1880)  Acc@5: 91.6667 (89.7520)
2025-09-02 10:05:47,174 - timm.utils.checkpoint_saver: [    INFO] - Current checkpoints:
 ('./output/train/20250901-184723-mobilenetv2_vcaV2-224/checkpoint/checkpoint-81.pth.tar', 69.1880000341797)
 ('./output/train/20250901-184723-mobilenetv2_vcaV2-224/checkpoint/checkpoint-80.pth.tar', 69.02600001464843)
 ('./output/train/20250901-184723-mobilenetv2_vcaV2-224/checkpoint/checkpoint-79.pth.tar', 68.66800000488281)
 ('./output/train/20250901-184723-mobilenetv2_vcaV2-224/checkpoint/checkpoint-77.pth.tar', 68.27800000976562)
 ('./output/train/20250901-184723-mobilenetv2_vcaV2-224/checkpoint/checkpoint-78.pth.tar', 67.91600000488282)
 ('./output/train/20250901-184723-mobilenetv2_vcaV2-224/checkpoint/checkpoint-75.pth.tar', 67.83999998046875)
 ('./output/train/20250901-184723-mobilenetv2_vcaV2-224/checkpoint/checkpoint-76.pth.tar', 67.75199998535156)
 ('./output/train/20250901-184723-mobilenetv2_vcaV2-224/checkpoint/checkpoint-72.pth.tar', 67.31599999023437)
 ('./output/train/20250901-184723-mobilenetv2_vcaV2-224/checkpoint/checkpoint-74.pth.tar', 67.04000001464844)
 ('./output/train/20250901-184723-mobilenetv2_vcaV2-224/checkpoint/checkpoint-71.pth.tar', 67.03799999023437)

2025-09-02 10:05:48,926 -                train: [    INFO] - Test (EMA 0.99990): [   0/97]  Time: 1.745 (1.745)  Loss:  0.8238 (0.8238)  Acc@1: 79.1016 (79.1016)  Acc@5: 95.8984 (95.8984)
2025-09-02 10:06:04,953 -                train: [    INFO] - Test (EMA 0.99990): [  97/97]  Time: 0.014 (0.181)  Loss:  0.9829 (1.2097)  Acc@1: 75.2976 (70.5860)  Acc@5: 91.9643 (90.5660)
2025-09-02 10:06:05,236 - timm.utils.checkpoint_saver: [    INFO] - Current checkpoints:
 ('./output/train/20250901-184723-mobilenetv2_vcaV2-224/ema0.9999_checkpoint/checkpoint-81.pth.tar', 70.58600002441406)
 ('./output/train/20250901-184723-mobilenetv2_vcaV2-224/ema0.9999_checkpoint/checkpoint-80.pth.tar', 70.51800000244141)
 ('./output/train/20250901-184723-mobilenetv2_vcaV2-224/ema0.9999_checkpoint/checkpoint-79.pth.tar', 70.4360000024414)
 ('./output/train/20250901-184723-mobilenetv2_vcaV2-224/ema0.9999_checkpoint/checkpoint-78.pth.tar', 70.42200002685547)
 ('./output/train/20250901-184723-mobilenetv2_vcaV2-224/ema0.9999_checkpoint/checkpoint-77.pth.tar', 70.28600000244141)
 ('./output/train/20250901-184723-mobilenetv2_vcaV2-224/ema0.9999_checkpoint/checkpoint-76.pth.tar', 70.23200002929687)
 ('./output/train/20250901-184723-mobilenetv2_vcaV2-224/ema0.9999_checkpoint/checkpoint-75.pth.tar', 70.15400002929688)
 ('./output/train/20250901-184723-mobilenetv2_vcaV2-224/ema0.9999_checkpoint/checkpoint-74.pth.tar', 70.04400000244141)
 ('./output/train/20250901-184723-mobilenetv2_vcaV2-224/ema0.9999_checkpoint/checkpoint-73.pth.tar', 70.02200002929688)
 ('./output/train/20250901-184723-mobilenetv2_vcaV2-224/ema0.9999_checkpoint/checkpoint-72.pth.tar', 69.92800000488282)

2025-09-02 10:06:07,365 -                train: [    INFO] - Train: 82 [   0/2502 (  0%)]  Loss: 38.81 (38.8)  Loss_cat: 0.3859 (0.386)  Loss_feat: 34.27 (34.3)  Loss_gt: 3.100 (3.10)  Loss_kd: 1.052 (1.05) LR: 1.557e-02
2025-09-02 10:06:57,542 -                train: [    INFO] - Train: 82 [ 200/2502 (  8%)]  Loss: 37.08 (37.9)  Loss_cat: 0.3757 (0.381)  Loss_feat: 33.26 (33.8)  Loss_gt: 2.595 (2.85)  Loss_kd: 0.8533 (0.953) LR: 1.557e-02
2025-09-02 10:07:47,988 -                train: [    INFO] - Train: 82 [ 400/2502 ( 16%)]  Loss: 39.23 (38.4)  Loss_cat: 0.3886 (0.383)  Loss_feat: 34.60 (34.0)  Loss_gt: 3.240 (2.98)  Loss_kd: 1.009 (0.971) LR: 1.557e-02
2025-09-02 10:08:38,470 -                train: [    INFO] - Train: 82 [ 600/2502 ( 24%)]  Loss: 37.48 (38.2)  Loss_cat: 0.3689 (0.380)  Loss_feat: 33.58 (33.9)  Loss_gt: 2.637 (2.89)  Loss_kd: 0.8921 (0.952) LR: 1.557e-02
2025-09-02 10:09:29,156 -                train: [    INFO] - Train: 82 [ 800/2502 ( 32%)]  Loss: 37.73 (38.1)  Loss_cat: 0.3752 (0.379)  Loss_feat: 33.62 (33.9)  Loss_gt: 2.841 (2.88)  Loss_kd: 0.8953 (0.940) LR: 1.557e-02
2025-09-02 10:10:19,274 -                train: [    INFO] - Train: 82 [1000/2502 ( 40%)]  Loss: 40.25 (38.4)  Loss_cat: 0.4039 (0.383)  Loss_feat: 35.49 (34.1)  Loss_gt: 3.321 (2.96)  Loss_kd: 1.042 (0.957) LR: 1.557e-02
2025-09-02 10:11:09,623 -                train: [    INFO] - Train: 82 [1200/2502 ( 48%)]  Loss: 35.05 (37.9)  Loss_cat: 0.3503 (0.378)  Loss_feat: 31.83 (33.8)  Loss_gt: 2.157 (2.84)  Loss_kd: 0.7137 (0.923) LR: 1.557e-02
2025-09-02 10:12:05,246 -                train: [    INFO] - Train: 82 [1400/2502 ( 56%)]  Loss: 35.87 (37.7)  Loss_cat: 0.3556 (0.376)  Loss_feat: 32.30 (33.6)  Loss_gt: 2.435 (2.79)  Loss_kd: 0.7847 (0.905) LR: 1.557e-02
2025-09-02 10:12:55,526 -                train: [    INFO] - Train: 82 [1600/2502 ( 64%)]  Loss: 38.49 (37.8)  Loss_cat: 0.3827 (0.376)  Loss_feat: 34.13 (33.7)  Loss_gt: 3.015 (2.82)  Loss_kd: 0.9625 (0.912) LR: 1.557e-02
2025-09-02 10:13:46,506 -                train: [    INFO] - Train: 82 [1800/2502 ( 72%)]  Loss: 37.11 (37.7)  Loss_cat: 0.3784 (0.377)  Loss_feat: 33.44 (33.7)  Loss_gt: 2.546 (2.79)  Loss_kd: 0.7550 (0.896) LR: 1.557e-02
2025-09-02 10:14:37,285 -                train: [    INFO] - Train: 82 [2000/2502 ( 80%)]  Loss: 37.73 (37.7)  Loss_cat: 0.3815 (0.377)  Loss_feat: 33.84 (33.7)  Loss_gt: 2.686 (2.78)  Loss_kd: 0.8153 (0.889) LR: 1.557e-02
2025-09-02 10:15:27,831 -                train: [    INFO] - Train: 82 [2200/2502 ( 88%)]  Loss: 36.74 (37.6)  Loss_cat: 0.3696 (0.376)  Loss_feat: 33.06 (33.6)  Loss_gt: 2.529 (2.76)  Loss_kd: 0.7875 (0.880) LR: 1.557e-02
2025-09-02 10:16:18,667 -                train: [    INFO] - Train: 82 [2400/2502 ( 96%)]  Loss: 37.08 (37.6)  Loss_cat: 0.3623 (0.375)  Loss_feat: 33.08 (33.6)  Loss_gt: 2.708 (2.75)  Loss_kd: 0.9312 (0.884) LR: 1.557e-02
2025-09-02 10:16:44,055 -                train: [    INFO] - Train: 82 [2501/2502 (100%)]  Loss: 35.69 (37.5)  Loss_cat: 0.3572 (0.374)  Loss_feat: 32.21 (33.5)  Loss_gt: 2.308 (2.72)  Loss_kd: 0.8135 (0.879) LR: 1.557e-02
2025-09-02 10:16:44,055 -                train: [    INFO] - Distributing BatchNorm running means and vars
2025-09-02 10:16:45,651 -                train: [    INFO] - Test: [   0/97]  Time: 1.591 (1.591)  Loss:  0.9256 (0.9256)  Acc@1: 76.9531 (76.9531)  Acc@5: 95.3125 (95.3125)
2025-09-02 10:17:02,878 -                train: [    INFO] - Test: [  97/97]  Time: 0.014 (0.192)  Loss:  1.0322 (1.3040)  Acc@1: 73.5119 (68.7740)  Acc@5: 92.5595 (89.6160)
2025-09-02 10:17:03,093 - timm.utils.checkpoint_saver: [    INFO] - Current checkpoints:
 ('./output/train/20250901-184723-mobilenetv2_vcaV2-224/checkpoint/checkpoint-81.pth.tar', 69.1880000341797)
 ('./output/train/20250901-184723-mobilenetv2_vcaV2-224/checkpoint/checkpoint-80.pth.tar', 69.02600001464843)
 ('./output/train/20250901-184723-mobilenetv2_vcaV2-224/checkpoint/checkpoint-82.pth.tar', 68.77399998046874)
 ('./output/train/20250901-184723-mobilenetv2_vcaV2-224/checkpoint/checkpoint-79.pth.tar', 68.66800000488281)
 ('./output/train/20250901-184723-mobilenetv2_vcaV2-224/checkpoint/checkpoint-77.pth.tar', 68.27800000976562)
 ('./output/train/20250901-184723-mobilenetv2_vcaV2-224/checkpoint/checkpoint-78.pth.tar', 67.91600000488282)
 ('./output/train/20250901-184723-mobilenetv2_vcaV2-224/checkpoint/checkpoint-75.pth.tar', 67.83999998046875)
 ('./output/train/20250901-184723-mobilenetv2_vcaV2-224/checkpoint/checkpoint-76.pth.tar', 67.75199998535156)
 ('./output/train/20250901-184723-mobilenetv2_vcaV2-224/checkpoint/checkpoint-72.pth.tar', 67.31599999023437)
 ('./output/train/20250901-184723-mobilenetv2_vcaV2-224/checkpoint/checkpoint-74.pth.tar', 67.04000001464844)

2025-09-02 10:17:04,735 -                train: [    INFO] - Test (EMA 0.99990): [   0/97]  Time: 1.637 (1.637)  Loss:  0.8220 (0.8220)  Acc@1: 79.2969 (79.2969)  Acc@5: 95.8984 (95.8984)
2025-09-02 10:17:19,526 -                train: [    INFO] - Test (EMA 0.99990): [  97/97]  Time: 0.014 (0.168)  Loss:  0.9835 (1.2072)  Acc@1: 75.8929 (70.6520)  Acc@5: 91.6667 (90.6120)
2025-09-02 10:17:19,762 - timm.utils.checkpoint_saver: [    INFO] - Current checkpoints:
 ('./output/train/20250901-184723-mobilenetv2_vcaV2-224/ema0.9999_checkpoint/checkpoint-82.pth.tar', 70.65200002197265)
 ('./output/train/20250901-184723-mobilenetv2_vcaV2-224/ema0.9999_checkpoint/checkpoint-81.pth.tar', 70.58600002441406)
 ('./output/train/20250901-184723-mobilenetv2_vcaV2-224/ema0.9999_checkpoint/checkpoint-80.pth.tar', 70.51800000244141)
 ('./output/train/20250901-184723-mobilenetv2_vcaV2-224/ema0.9999_checkpoint/checkpoint-79.pth.tar', 70.4360000024414)
 ('./output/train/20250901-184723-mobilenetv2_vcaV2-224/ema0.9999_checkpoint/checkpoint-78.pth.tar', 70.42200002685547)
 ('./output/train/20250901-184723-mobilenetv2_vcaV2-224/ema0.9999_checkpoint/checkpoint-77.pth.tar', 70.28600000244141)
 ('./output/train/20250901-184723-mobilenetv2_vcaV2-224/ema0.9999_checkpoint/checkpoint-76.pth.tar', 70.23200002929687)
 ('./output/train/20250901-184723-mobilenetv2_vcaV2-224/ema0.9999_checkpoint/checkpoint-75.pth.tar', 70.15400002929688)
 ('./output/train/20250901-184723-mobilenetv2_vcaV2-224/ema0.9999_checkpoint/checkpoint-74.pth.tar', 70.04400000244141)
 ('./output/train/20250901-184723-mobilenetv2_vcaV2-224/ema0.9999_checkpoint/checkpoint-73.pth.tar', 70.02200002929688)

2025-09-02 10:17:21,894 -                train: [    INFO] - Train: 83 [   0/2502 (  0%)]  Loss: 40.16 (40.2)  Loss_cat: 0.4014 (0.401)  Loss_feat: 35.39 (35.4)  Loss_gt: 3.333 (3.33)  Loss_kd: 1.036 (1.04) LR: 1.393e-02
2025-09-02 10:18:12,693 -                train: [    INFO] - Train: 83 [ 200/2502 (  8%)]  Loss: 40.07 (40.1)  Loss_cat: 0.3995 (0.400)  Loss_feat: 35.23 (35.3)  Loss_gt: 3.386 (3.36)  Loss_kd: 1.050 (1.04) LR: 1.393e-02
2025-09-02 10:19:05,926 -                train: [    INFO] - Train: 83 [ 400/2502 ( 16%)]  Loss: 35.72 (38.6)  Loss_cat: 0.3551 (0.385)  Loss_feat: 32.21 (34.3)  Loss_gt: 2.362 (3.03)  Loss_kd: 0.7946 (0.960) LR: 1.393e-02
2025-09-02 10:19:55,861 -                train: [    INFO] - Train: 83 [ 600/2502 ( 24%)]  Loss: 39.52 (38.9)  Loss_cat: 0.3855 (0.385)  Loss_feat: 34.70 (34.4)  Loss_gt: 3.307 (3.10)  Loss_kd: 1.122 (1.00) LR: 1.393e-02
2025-09-02 10:20:46,779 -                train: [    INFO] - Train: 83 [ 800/2502 ( 32%)]  Loss: 37.83 (38.7)  Loss_cat: 0.3770 (0.384)  Loss_feat: 33.72 (34.3)  Loss_gt: 2.824 (3.04)  Loss_kd: 0.9118 (0.983) LR: 1.393e-02
2025-09-02 10:22:26,623 -                train: [    INFO] - Train: 83 [1000/2502 ( 40%)]  Loss: 37.18 (38.4)  Loss_cat: 0.3590 (0.380)  Loss_feat: 33.10 (34.1)  Loss_gt: 2.803 (3.00)  Loss_kd: 0.9220 (0.973) LR: 1.393e-02
2025-09-02 10:23:17,495 -                train: [    INFO] - Train: 83 [1200/2502 ( 48%)]  Loss: 36.07 (38.1)  Loss_cat: 0.3643 (0.377)  Loss_feat: 32.64 (33.9)  Loss_gt: 2.296 (2.90)  Loss_kd: 0.7650 (0.943) LR: 1.393e-02
2025-09-02 10:24:08,685 -                train: [    INFO] - Train: 83 [1400/2502 ( 56%)]  Loss: 36.23 (37.8)  Loss_cat: 0.3629 (0.376)  Loss_feat: 32.64 (33.7)  Loss_gt: 2.413 (2.84)  Loss_kd: 0.8212 (0.928) LR: 1.393e-02
2025-09-02 10:25:00,159 -                train: [    INFO] - Train: 83 [1600/2502 ( 64%)]  Loss: 34.50 (37.5)  Loss_cat: 0.3394 (0.372)  Loss_feat: 31.43 (33.5)  Loss_gt: 2.046 (2.75)  Loss_kd: 0.6837 (0.901) LR: 1.393e-02
2025-09-02 10:25:50,810 -                train: [    INFO] - Train: 83 [1800/2502 ( 72%)]  Loss: 37.45 (37.5)  Loss_cat: 0.3784 (0.372)  Loss_feat: 33.53 (33.5)  Loss_gt: 2.732 (2.75)  Loss_kd: 0.8145 (0.892) LR: 1.393e-02
2025-09-02 10:26:41,428 -                train: [    INFO] - Train: 83 [2000/2502 ( 80%)]  Loss: 39.90 (37.7)  Loss_cat: 0.3971 (0.375)  Loss_feat: 35.06 (33.6)  Loss_gt: 3.380 (2.81)  Loss_kd: 1.060 (0.907) LR: 1.393e-02
2025-09-02 10:27:32,137 -                train: [    INFO] - Train: 83 [2200/2502 ( 88%)]  Loss: 38.44 (37.8)  Loss_cat: 0.3841 (0.375)  Loss_feat: 34.32 (33.7)  Loss_gt: 2.853 (2.81)  Loss_kd: 0.8870 (0.906) LR: 1.393e-02
2025-09-02 10:28:22,590 -                train: [    INFO] - Train: 83 [2400/2502 ( 96%)]  Loss: 37.62 (37.7)  Loss_cat: 0.3706 (0.375)  Loss_feat: 33.51 (33.7)  Loss_gt: 2.821 (2.81)  Loss_kd: 0.9168 (0.907) LR: 1.393e-02
2025-09-02 10:28:48,367 -                train: [    INFO] - Train: 83 [2501/2502 (100%)]  Loss: 37.68 (37.7)  Loss_cat: 0.3747 (0.375)  Loss_feat: 33.79 (33.7)  Loss_gt: 2.669 (2.80)  Loss_kd: 0.8400 (0.902) LR: 1.393e-02
2025-09-02 10:28:48,367 -                train: [    INFO] - Distributing BatchNorm running means and vars
2025-09-02 10:28:49,998 -                train: [    INFO] - Test: [   0/97]  Time: 1.626 (1.626)  Loss:  0.9203 (0.9203)  Acc@1: 78.9062 (78.9062)  Acc@5: 95.1172 (95.1172)
2025-09-02 10:29:07,843 -                train: [    INFO] - Test: [  97/97]  Time: 0.014 (0.199)  Loss:  1.0399 (1.2827)  Acc@1: 75.0000 (69.4960)  Acc@5: 90.7738 (89.9220)
2025-09-02 10:29:08,028 - timm.utils.checkpoint_saver: [    INFO] - Current checkpoints:
 ('./output/train/20250901-184723-mobilenetv2_vcaV2-224/checkpoint/checkpoint-83.pth.tar', 69.496)
 ('./output/train/20250901-184723-mobilenetv2_vcaV2-224/checkpoint/checkpoint-81.pth.tar', 69.1880000341797)
 ('./output/train/20250901-184723-mobilenetv2_vcaV2-224/checkpoint/checkpoint-80.pth.tar', 69.02600001464843)
 ('./output/train/20250901-184723-mobilenetv2_vcaV2-224/checkpoint/checkpoint-82.pth.tar', 68.77399998046874)
 ('./output/train/20250901-184723-mobilenetv2_vcaV2-224/checkpoint/checkpoint-79.pth.tar', 68.66800000488281)
 ('./output/train/20250901-184723-mobilenetv2_vcaV2-224/checkpoint/checkpoint-77.pth.tar', 68.27800000976562)
 ('./output/train/20250901-184723-mobilenetv2_vcaV2-224/checkpoint/checkpoint-78.pth.tar', 67.91600000488282)
 ('./output/train/20250901-184723-mobilenetv2_vcaV2-224/checkpoint/checkpoint-75.pth.tar', 67.83999998046875)
 ('./output/train/20250901-184723-mobilenetv2_vcaV2-224/checkpoint/checkpoint-76.pth.tar', 67.75199998535156)
 ('./output/train/20250901-184723-mobilenetv2_vcaV2-224/checkpoint/checkpoint-72.pth.tar', 67.31599999023437)

2025-09-02 10:29:09,331 -                train: [    INFO] - Test (EMA 0.99990): [   0/97]  Time: 1.297 (1.297)  Loss:  0.8182 (0.8182)  Acc@1: 79.2969 (79.2969)  Acc@5: 96.0938 (96.0938)
2025-09-02 10:29:24,111 -                train: [    INFO] - Test (EMA 0.99990): [  97/97]  Time: 0.014 (0.164)  Loss:  0.9804 (1.2045)  Acc@1: 76.1905 (70.7200)  Acc@5: 91.9643 (90.6400)
2025-09-02 10:29:24,315 - timm.utils.checkpoint_saver: [    INFO] - Current checkpoints:
 ('./output/train/20250901-184723-mobilenetv2_vcaV2-224/ema0.9999_checkpoint/checkpoint-83.pth.tar', 70.71999999511719)
 ('./output/train/20250901-184723-mobilenetv2_vcaV2-224/ema0.9999_checkpoint/checkpoint-82.pth.tar', 70.65200002197265)
 ('./output/train/20250901-184723-mobilenetv2_vcaV2-224/ema0.9999_checkpoint/checkpoint-81.pth.tar', 70.58600002441406)
 ('./output/train/20250901-184723-mobilenetv2_vcaV2-224/ema0.9999_checkpoint/checkpoint-80.pth.tar', 70.51800000244141)
 ('./output/train/20250901-184723-mobilenetv2_vcaV2-224/ema0.9999_checkpoint/checkpoint-79.pth.tar', 70.4360000024414)
 ('./output/train/20250901-184723-mobilenetv2_vcaV2-224/ema0.9999_checkpoint/checkpoint-78.pth.tar', 70.42200002685547)
 ('./output/train/20250901-184723-mobilenetv2_vcaV2-224/ema0.9999_checkpoint/checkpoint-77.pth.tar', 70.28600000244141)
 ('./output/train/20250901-184723-mobilenetv2_vcaV2-224/ema0.9999_checkpoint/checkpoint-76.pth.tar', 70.23200002929687)
 ('./output/train/20250901-184723-mobilenetv2_vcaV2-224/ema0.9999_checkpoint/checkpoint-75.pth.tar', 70.15400002929688)
 ('./output/train/20250901-184723-mobilenetv2_vcaV2-224/ema0.9999_checkpoint/checkpoint-74.pth.tar', 70.04400000244141)

2025-09-02 10:29:26,215 -                train: [    INFO] - Train: 84 [   0/2502 (  0%)]  Loss: 37.55 (37.5)  Loss_cat: 0.3684 (0.368)  Loss_feat: 33.34 (33.3)  Loss_gt: 2.846 (2.85)  Loss_kd: 0.9928 (0.993) LR: 1.237e-02
2025-09-02 10:30:16,954 -                train: [    INFO] - Train: 84 [ 200/2502 (  8%)]  Loss: 37.41 (37.5)  Loss_cat: 0.3670 (0.368)  Loss_feat: 33.38 (33.4)  Loss_gt: 2.709 (2.78)  Loss_kd: 0.9463 (0.970) LR: 1.237e-02
2025-09-02 10:31:07,442 -                train: [    INFO] - Train: 84 [ 400/2502 ( 16%)]  Loss: 38.66 (37.9)  Loss_cat: 0.3841 (0.373)  Loss_feat: 34.36 (33.7)  Loss_gt: 2.964 (2.84)  Loss_kd: 0.9549 (0.965) LR: 1.237e-02
2025-09-02 10:31:58,201 -                train: [    INFO] - Train: 84 [ 600/2502 ( 24%)]  Loss: 35.13 (37.2)  Loss_cat: 0.3464 (0.366)  Loss_feat: 31.93 (33.3)  Loss_gt: 2.162 (2.67)  Loss_kd: 0.6831 (0.894) LR: 1.237e-02
2025-09-02 10:32:48,786 -                train: [    INFO] - Train: 84 [ 800/2502 ( 32%)]  Loss: 42.50 (38.2)  Loss_cat: 0.4242 (0.378)  Loss_feat: 36.94 (34.0)  Loss_gt: 3.919 (2.92)  Loss_kd: 1.211 (0.958) LR: 1.237e-02
2025-09-02 10:33:38,937 -                train: [    INFO] - Train: 84 [1000/2502 ( 40%)]  Loss: 36.87 (38.0)  Loss_cat: 0.3732 (0.377)  Loss_feat: 33.30 (33.9)  Loss_gt: 2.430 (2.84)  Loss_kd: 0.7700 (0.926) LR: 1.237e-02
2025-09-02 10:34:29,906 -                train: [    INFO] - Train: 84 [1200/2502 ( 48%)]  Loss: 36.02 (37.7)  Loss_cat: 0.3612 (0.375)  Loss_feat: 32.52 (33.7)  Loss_gt: 2.363 (2.77)  Loss_kd: 0.7731 (0.905) LR: 1.237e-02
2025-09-02 10:35:20,778 -                train: [    INFO] - Train: 84 [1400/2502 ( 56%)]  Loss: 37.87 (37.7)  Loss_cat: 0.3810 (0.376)  Loss_feat: 33.88 (33.7)  Loss_gt: 2.781 (2.77)  Loss_kd: 0.8286 (0.895) LR: 1.237e-02
2025-09-02 10:36:11,231 -                train: [    INFO] - Train: 84 [1600/2502 ( 64%)]  Loss: 38.87 (37.9)  Loss_cat: 0.3838 (0.377)  Loss_feat: 34.50 (33.8)  Loss_gt: 3.020 (2.80)  Loss_kd: 0.9616 (0.902) LR: 1.237e-02
2025-09-02 10:37:02,006 -                train: [    INFO] - Train: 84 [1800/2502 ( 72%)]  Loss: 41.08 (38.2)  Loss_cat: 0.4058 (0.380)  Loss_feat: 35.84 (34.0)  Loss_gt: 3.659 (2.89)  Loss_kd: 1.174 (0.930) LR: 1.237e-02
2025-09-02 10:37:52,917 -                train: [    INFO] - Train: 84 [2000/2502 ( 80%)]  Loss: 36.52 (38.0)  Loss_cat: 0.3595 (0.378)  Loss_feat: 32.76 (33.9)  Loss_gt: 2.601 (2.86)  Loss_kd: 0.8009 (0.918) LR: 1.237e-02
2025-09-02 10:38:43,241 -                train: [    INFO] - Train: 84 [2200/2502 ( 88%)]  Loss: 37.49 (38.0)  Loss_cat: 0.3761 (0.378)  Loss_feat: 33.43 (33.8)  Loss_gt: 2.823 (2.86)  Loss_kd: 0.8578 (0.913) LR: 1.237e-02
2025-09-02 10:39:34,112 -                train: [    INFO] - Train: 84 [2400/2502 ( 96%)]  Loss: 37.04 (37.9)  Loss_cat: 0.3647 (0.377)  Loss_feat: 33.10 (33.8)  Loss_gt: 2.681 (2.84)  Loss_kd: 0.8890 (0.911) LR: 1.237e-02
2025-09-02 10:39:59,387 -                train: [    INFO] - Train: 84 [2501/2502 (100%)]  Loss: 41.21 (38.2)  Loss_cat: 0.4027 (0.378)  Loss_feat: 35.87 (33.9)  Loss_gt: 3.754 (2.91)  Loss_kd: 1.186 (0.931) LR: 1.237e-02
2025-09-02 10:39:59,388 -                train: [    INFO] - Distributing BatchNorm running means and vars
2025-09-02 10:40:00,884 -                train: [    INFO] - Test: [   0/97]  Time: 1.491 (1.491)  Loss:  0.8936 (0.8936)  Acc@1: 77.1484 (77.1484)  Acc@5: 94.9219 (94.9219)
2025-09-02 10:40:18,599 -                train: [    INFO] - Test: [  97/97]  Time: 0.014 (0.196)  Loss:  1.0498 (1.2663)  Acc@1: 73.8095 (69.6260)  Acc@5: 92.2619 (89.9360)
2025-09-02 10:40:18,839 - timm.utils.checkpoint_saver: [    INFO] - Current checkpoints:
 ('./output/train/20250901-184723-mobilenetv2_vcaV2-224/checkpoint/checkpoint-84.pth.tar', 69.62600000488281)
 ('./output/train/20250901-184723-mobilenetv2_vcaV2-224/checkpoint/checkpoint-83.pth.tar', 69.496)
 ('./output/train/20250901-184723-mobilenetv2_vcaV2-224/checkpoint/checkpoint-81.pth.tar', 69.1880000341797)
 ('./output/train/20250901-184723-mobilenetv2_vcaV2-224/checkpoint/checkpoint-80.pth.tar', 69.02600001464843)
 ('./output/train/20250901-184723-mobilenetv2_vcaV2-224/checkpoint/checkpoint-82.pth.tar', 68.77399998046874)
 ('./output/train/20250901-184723-mobilenetv2_vcaV2-224/checkpoint/checkpoint-79.pth.tar', 68.66800000488281)
 ('./output/train/20250901-184723-mobilenetv2_vcaV2-224/checkpoint/checkpoint-77.pth.tar', 68.27800000976562)
 ('./output/train/20250901-184723-mobilenetv2_vcaV2-224/checkpoint/checkpoint-78.pth.tar', 67.91600000488282)
 ('./output/train/20250901-184723-mobilenetv2_vcaV2-224/checkpoint/checkpoint-75.pth.tar', 67.83999998046875)
 ('./output/train/20250901-184723-mobilenetv2_vcaV2-224/checkpoint/checkpoint-76.pth.tar', 67.75199998535156)

2025-09-02 10:40:20,108 -                train: [    INFO] - Test (EMA 0.99990): [   0/97]  Time: 1.263 (1.263)  Loss:  0.8171 (0.8171)  Acc@1: 79.6875 (79.6875)  Acc@5: 96.0938 (96.0938)
2025-09-02 10:40:35,112 -                train: [    INFO] - Test (EMA 0.99990): [  97/97]  Time: 0.014 (0.166)  Loss:  0.9779 (1.2024)  Acc@1: 76.1905 (70.8480)  Acc@5: 91.6667 (90.6580)
2025-09-02 10:40:35,303 - timm.utils.checkpoint_saver: [    INFO] - Current checkpoints:
 ('./output/train/20250901-184723-mobilenetv2_vcaV2-224/ema0.9999_checkpoint/checkpoint-84.pth.tar', 70.84799999511719)
 ('./output/train/20250901-184723-mobilenetv2_vcaV2-224/ema0.9999_checkpoint/checkpoint-83.pth.tar', 70.71999999511719)
 ('./output/train/20250901-184723-mobilenetv2_vcaV2-224/ema0.9999_checkpoint/checkpoint-82.pth.tar', 70.65200002197265)
 ('./output/train/20250901-184723-mobilenetv2_vcaV2-224/ema0.9999_checkpoint/checkpoint-81.pth.tar', 70.58600002441406)
 ('./output/train/20250901-184723-mobilenetv2_vcaV2-224/ema0.9999_checkpoint/checkpoint-80.pth.tar', 70.51800000244141)
 ('./output/train/20250901-184723-mobilenetv2_vcaV2-224/ema0.9999_checkpoint/checkpoint-79.pth.tar', 70.4360000024414)
 ('./output/train/20250901-184723-mobilenetv2_vcaV2-224/ema0.9999_checkpoint/checkpoint-78.pth.tar', 70.42200002685547)
 ('./output/train/20250901-184723-mobilenetv2_vcaV2-224/ema0.9999_checkpoint/checkpoint-77.pth.tar', 70.28600000244141)
 ('./output/train/20250901-184723-mobilenetv2_vcaV2-224/ema0.9999_checkpoint/checkpoint-76.pth.tar', 70.23200002929687)
 ('./output/train/20250901-184723-mobilenetv2_vcaV2-224/ema0.9999_checkpoint/checkpoint-75.pth.tar', 70.15400002929688)

2025-09-02 10:40:37,349 -                train: [    INFO] - Train: 85 [   0/2502 (  0%)]  Loss: 37.21 (37.2)  Loss_cat: 0.3727 (0.373)  Loss_feat: 33.38 (33.4)  Loss_gt: 2.619 (2.62)  Loss_kd: 0.8408 (0.841) LR: 1.090e-02
2025-09-02 10:41:28,266 -                train: [    INFO] - Train: 85 [ 200/2502 (  8%)]  Loss: 40.02 (38.6)  Loss_cat: 0.3965 (0.385)  Loss_feat: 35.23 (34.3)  Loss_gt: 3.315 (2.97)  Loss_kd: 1.076 (0.959) LR: 1.090e-02
2025-09-02 10:42:19,078 -                train: [    INFO] - Train: 85 [ 400/2502 ( 16%)]  Loss: 37.19 (38.1)  Loss_cat: 0.3734 (0.381)  Loss_feat: 33.32 (34.0)  Loss_gt: 2.657 (2.86)  Loss_kd: 0.8388 (0.919) LR: 1.090e-02
2025-09-02 10:43:08,941 -                train: [    INFO] - Train: 85 [ 600/2502 ( 24%)]  Loss: 35.35 (37.4)  Loss_cat: 0.3502 (0.373)  Loss_feat: 31.98 (33.5)  Loss_gt: 2.295 (2.72)  Loss_kd: 0.7248 (0.870) LR: 1.090e-02
2025-09-02 10:44:00,097 -                train: [    INFO] - Train: 85 [ 800/2502 ( 32%)]  Loss: 38.37 (37.6)  Loss_cat: 0.3816 (0.375)  Loss_feat: 34.14 (33.6)  Loss_gt: 2.932 (2.76)  Loss_kd: 0.9088 (0.878) LR: 1.090e-02
2025-09-02 10:44:51,157 -                train: [    INFO] - Train: 85 [1000/2502 ( 40%)]  Loss: 38.17 (37.7)  Loss_cat: 0.3774 (0.375)  Loss_feat: 33.93 (33.7)  Loss_gt: 2.957 (2.80)  Loss_kd: 0.9075 (0.883) LR: 1.090e-02
2025-09-02 10:45:41,251 -                train: [    INFO] - Train: 85 [1200/2502 ( 48%)]  Loss: 40.14 (38.1)  Loss_cat: 0.3965 (0.378)  Loss_feat: 35.24 (33.9)  Loss_gt: 3.417 (2.88)  Loss_kd: 1.082 (0.911) LR: 1.090e-02
2025-09-02 10:46:31,978 -                train: [    INFO] - Train: 85 [1400/2502 ( 56%)]  Loss: 40.46 (38.4)  Loss_cat: 0.3943 (0.380)  Loss_feat: 35.51 (34.1)  Loss_gt: 3.468 (2.96)  Loss_kd: 1.090 (0.934) LR: 1.090e-02
2025-09-02 10:47:22,814 -                train: [    INFO] - Train: 85 [1600/2502 ( 64%)]  Loss: 39.63 (38.5)  Loss_cat: 0.3918 (0.382)  Loss_feat: 34.80 (34.2)  Loss_gt: 3.342 (3.00)  Loss_kd: 1.089 (0.951) LR: 1.090e-02
2025-09-02 10:48:13,743 -                train: [    INFO] - Train: 85 [1800/2502 ( 72%)]  Loss: 41.26 (38.8)  Loss_cat: 0.4014 (0.384)  Loss_feat: 35.91 (34.3)  Loss_gt: 3.736 (3.07)  Loss_kd: 1.211 (0.977) LR: 1.090e-02
2025-09-02 10:49:03,947 -                train: [    INFO] - Train: 85 [2000/2502 ( 80%)]  Loss: 38.81 (38.8)  Loss_cat: 0.3883 (0.384)  Loss_feat: 34.47 (34.4)  Loss_gt: 2.984 (3.07)  Loss_kd: 0.9649 (0.976) LR: 1.090e-02
2025-09-02 10:49:55,187 -                train: [    INFO] - Train: 85 [2200/2502 ( 88%)]  Loss: 35.86 (38.5)  Loss_cat: 0.3562 (0.382)  Loss_feat: 32.49 (34.2)  Loss_gt: 2.300 (3.00)  Loss_kd: 0.7211 (0.955) LR: 1.090e-02
2025-09-02 10:50:45,575 -                train: [    INFO] - Train: 85 [2400/2502 ( 96%)]  Loss: 38.16 (38.5)  Loss_cat: 0.3751 (0.381)  Loss_feat: 33.91 (34.2)  Loss_gt: 2.943 (3.00)  Loss_kd: 0.9276 (0.953) LR: 1.090e-02
2025-09-02 10:51:10,933 -                train: [    INFO] - Train: 85 [2501/2502 (100%)]  Loss: 35.55 (38.3)  Loss_cat: 0.3516 (0.379)  Loss_feat: 32.19 (34.0)  Loss_gt: 2.262 (2.94)  Loss_kd: 0.7467 (0.938) LR: 1.090e-02
2025-09-02 10:51:10,934 -                train: [    INFO] - Distributing BatchNorm running means and vars
2025-09-02 10:51:12,559 -                train: [    INFO] - Test: [   0/97]  Time: 1.619 (1.619)  Loss:  0.8629 (0.8629)  Acc@1: 79.1016 (79.1016)  Acc@5: 95.7031 (95.7031)
2025-09-02 10:51:29,629 -                train: [    INFO] - Test: [  97/97]  Time: 0.014 (0.191)  Loss:  1.0150 (1.2445)  Acc@1: 74.1071 (70.1860)  Acc@5: 91.6667 (90.3440)
2025-09-02 10:51:29,784 - timm.utils.checkpoint_saver: [    INFO] - Current checkpoints:
 ('./output/train/20250901-184723-mobilenetv2_vcaV2-224/checkpoint/checkpoint-85.pth.tar', 70.18600002929688)
 ('./output/train/20250901-184723-mobilenetv2_vcaV2-224/checkpoint/checkpoint-84.pth.tar', 69.62600000488281)
 ('./output/train/20250901-184723-mobilenetv2_vcaV2-224/checkpoint/checkpoint-83.pth.tar', 69.496)
 ('./output/train/20250901-184723-mobilenetv2_vcaV2-224/checkpoint/checkpoint-81.pth.tar', 69.1880000341797)
 ('./output/train/20250901-184723-mobilenetv2_vcaV2-224/checkpoint/checkpoint-80.pth.tar', 69.02600001464843)
 ('./output/train/20250901-184723-mobilenetv2_vcaV2-224/checkpoint/checkpoint-82.pth.tar', 68.77399998046874)
 ('./output/train/20250901-184723-mobilenetv2_vcaV2-224/checkpoint/checkpoint-79.pth.tar', 68.66800000488281)
 ('./output/train/20250901-184723-mobilenetv2_vcaV2-224/checkpoint/checkpoint-77.pth.tar', 68.27800000976562)
 ('./output/train/20250901-184723-mobilenetv2_vcaV2-224/checkpoint/checkpoint-78.pth.tar', 67.91600000488282)
 ('./output/train/20250901-184723-mobilenetv2_vcaV2-224/checkpoint/checkpoint-75.pth.tar', 67.83999998046875)

2025-09-02 10:51:31,341 -                train: [    INFO] - Test (EMA 0.99990): [   0/97]  Time: 1.550 (1.550)  Loss:  0.8145 (0.8145)  Acc@1: 79.4922 (79.4922)  Acc@5: 96.0938 (96.0938)
2025-09-02 10:51:46,131 -                train: [    INFO] - Test (EMA 0.99990): [  97/97]  Time: 0.014 (0.167)  Loss:  0.9781 (1.2000)  Acc@1: 76.4881 (70.9000)  Acc@5: 91.6667 (90.7100)
2025-09-02 10:51:46,362 - timm.utils.checkpoint_saver: [    INFO] - Current checkpoints:
 ('./output/train/20250901-184723-mobilenetv2_vcaV2-224/ema0.9999_checkpoint/checkpoint-85.pth.tar', 70.90000001953125)
 ('./output/train/20250901-184723-mobilenetv2_vcaV2-224/ema0.9999_checkpoint/checkpoint-84.pth.tar', 70.84799999511719)
 ('./output/train/20250901-184723-mobilenetv2_vcaV2-224/ema0.9999_checkpoint/checkpoint-83.pth.tar', 70.71999999511719)
 ('./output/train/20250901-184723-mobilenetv2_vcaV2-224/ema0.9999_checkpoint/checkpoint-82.pth.tar', 70.65200002197265)
 ('./output/train/20250901-184723-mobilenetv2_vcaV2-224/ema0.9999_checkpoint/checkpoint-81.pth.tar', 70.58600002441406)
 ('./output/train/20250901-184723-mobilenetv2_vcaV2-224/ema0.9999_checkpoint/checkpoint-80.pth.tar', 70.51800000244141)
 ('./output/train/20250901-184723-mobilenetv2_vcaV2-224/ema0.9999_checkpoint/checkpoint-79.pth.tar', 70.4360000024414)
 ('./output/train/20250901-184723-mobilenetv2_vcaV2-224/ema0.9999_checkpoint/checkpoint-78.pth.tar', 70.42200002685547)
 ('./output/train/20250901-184723-mobilenetv2_vcaV2-224/ema0.9999_checkpoint/checkpoint-77.pth.tar', 70.28600000244141)
 ('./output/train/20250901-184723-mobilenetv2_vcaV2-224/ema0.9999_checkpoint/checkpoint-76.pth.tar', 70.23200002929687)

2025-09-02 10:51:48,355 -                train: [    INFO] - Train: 86 [   0/2502 (  0%)]  Loss: 37.42 (37.4)  Loss_cat: 0.3728 (0.373)  Loss_feat: 33.46 (33.5)  Loss_gt: 2.700 (2.70)  Loss_kd: 0.8900 (0.890) LR: 9.518e-03
2025-09-02 10:52:39,201 -                train: [    INFO] - Train: 86 [ 200/2502 (  8%)]  Loss: 35.83 (36.6)  Loss_cat: 0.3602 (0.367)  Loss_feat: 32.44 (32.9)  Loss_gt: 2.341 (2.52)  Loss_kd: 0.6931 (0.792) LR: 9.518e-03
2025-09-02 10:53:45,939 -                train: [    INFO] - Train: 86 [ 400/2502 ( 16%)]  Loss: 37.13 (36.8)  Loss_cat: 0.3708 (0.368)  Loss_feat: 33.24 (33.0)  Loss_gt: 2.680 (2.57)  Loss_kd: 0.8480 (0.810) LR: 9.518e-03
2025-09-02 10:54:37,102 -                train: [    INFO] - Train: 86 [ 600/2502 ( 24%)]  Loss: 38.47 (37.2)  Loss_cat: 0.3785 (0.371)  Loss_feat: 34.19 (33.3)  Loss_gt: 2.935 (2.66)  Loss_kd: 0.9682 (0.850) LR: 9.518e-03
2025-09-02 10:55:27,185 -                train: [    INFO] - Train: 86 [ 800/2502 ( 32%)]  Loss: 37.98 (37.4)  Loss_cat: 0.3780 (0.372)  Loss_feat: 33.79 (33.4)  Loss_gt: 2.855 (2.70)  Loss_kd: 0.9487 (0.870) LR: 9.518e-03
2025-09-02 10:56:17,817 -                train: [    INFO] - Train: 86 [1000/2502 ( 40%)]  Loss: 37.80 (37.4)  Loss_cat: 0.3699 (0.372)  Loss_feat: 33.59 (33.5)  Loss_gt: 2.924 (2.74)  Loss_kd: 0.9156 (0.877) LR: 9.518e-03
2025-09-02 10:57:08,520 -                train: [    INFO] - Train: 86 [1200/2502 ( 48%)]  Loss: 38.83 (37.6)  Loss_cat: 0.3838 (0.373)  Loss_feat: 34.49 (33.6)  Loss_gt: 3.012 (2.78)  Loss_kd: 0.9436 (0.887) LR: 9.518e-03
2025-09-02 10:58:00,030 -                train: [    INFO] - Train: 86 [1400/2502 ( 56%)]  Loss: 38.80 (37.8)  Loss_cat: 0.3862 (0.375)  Loss_feat: 34.36 (33.7)  Loss_gt: 3.060 (2.81)  Loss_kd: 0.9929 (0.900) LR: 9.518e-03
2025-09-02 10:58:50,148 -                train: [    INFO] - Train: 86 [1600/2502 ( 64%)]  Loss: 36.38 (37.6)  Loss_cat: 0.3613 (0.374)  Loss_feat: 32.77 (33.6)  Loss_gt: 2.501 (2.78)  Loss_kd: 0.7459 (0.883) LR: 9.518e-03
2025-09-02 10:59:40,855 -                train: [    INFO] - Train: 86 [1800/2502 ( 72%)]  Loss: 35.83 (37.4)  Loss_cat: 0.3594 (0.372)  Loss_feat: 32.50 (33.5)  Loss_gt: 2.248 (2.73)  Loss_kd: 0.7251 (0.867) LR: 9.518e-03
2025-09-02 11:00:32,704 -                train: [    INFO] - Train: 86 [2000/2502 ( 80%)]  Loss: 39.46 (37.6)  Loss_cat: 0.3850 (0.373)  Loss_feat: 34.63 (33.6)  Loss_gt: 3.330 (2.78)  Loss_kd: 1.115 (0.890) LR: 9.518e-03
2025-09-02 11:01:23,039 -                train: [    INFO] - Train: 86 [2200/2502 ( 88%)]  Loss: 38.74 (37.7)  Loss_cat: 0.3817 (0.374)  Loss_feat: 34.31 (33.6)  Loss_gt: 3.080 (2.81)  Loss_kd: 0.9630 (0.896) LR: 9.518e-03
2025-09-02 11:02:13,874 -                train: [    INFO] - Train: 86 [2400/2502 ( 96%)]  Loss: 37.28 (37.7)  Loss_cat: 0.3656 (0.373)  Loss_feat: 33.25 (33.6)  Loss_gt: 2.802 (2.81)  Loss_kd: 0.8594 (0.893) LR: 9.518e-03
2025-09-02 11:02:39,176 -                train: [    INFO] - Train: 86 [2501/2502 (100%)]  Loss: 36.17 (37.6)  Loss_cat: 0.3642 (0.373)  Loss_feat: 32.74 (33.6)  Loss_gt: 2.298 (2.77)  Loss_kd: 0.7657 (0.884) LR: 9.518e-03
2025-09-02 11:02:39,177 -                train: [    INFO] - Distributing BatchNorm running means and vars
2025-09-02 11:02:40,861 -                train: [    INFO] - Test: [   0/97]  Time: 1.680 (1.680)  Loss:  0.8525 (0.8525)  Acc@1: 80.0781 (80.0781)  Acc@5: 94.7266 (94.7266)
2025-09-02 11:02:59,151 -                train: [    INFO] - Test: [  97/97]  Time: 0.014 (0.204)  Loss:  1.0742 (1.2559)  Acc@1: 75.0000 (69.7680)  Acc@5: 91.9643 (89.9820)
2025-09-02 11:02:59,415 - timm.utils.checkpoint_saver: [    INFO] - Current checkpoints:
 ('./output/train/20250901-184723-mobilenetv2_vcaV2-224/checkpoint/checkpoint-85.pth.tar', 70.18600002929688)
 ('./output/train/20250901-184723-mobilenetv2_vcaV2-224/checkpoint/checkpoint-86.pth.tar', 69.768)
 ('./output/train/20250901-184723-mobilenetv2_vcaV2-224/checkpoint/checkpoint-84.pth.tar', 69.62600000488281)
 ('./output/train/20250901-184723-mobilenetv2_vcaV2-224/checkpoint/checkpoint-83.pth.tar', 69.496)
 ('./output/train/20250901-184723-mobilenetv2_vcaV2-224/checkpoint/checkpoint-81.pth.tar', 69.1880000341797)
 ('./output/train/20250901-184723-mobilenetv2_vcaV2-224/checkpoint/checkpoint-80.pth.tar', 69.02600001464843)
 ('./output/train/20250901-184723-mobilenetv2_vcaV2-224/checkpoint/checkpoint-82.pth.tar', 68.77399998046874)
 ('./output/train/20250901-184723-mobilenetv2_vcaV2-224/checkpoint/checkpoint-79.pth.tar', 68.66800000488281)
 ('./output/train/20250901-184723-mobilenetv2_vcaV2-224/checkpoint/checkpoint-77.pth.tar', 68.27800000976562)
 ('./output/train/20250901-184723-mobilenetv2_vcaV2-224/checkpoint/checkpoint-78.pth.tar', 67.91600000488282)

2025-09-02 11:03:00,949 -                train: [    INFO] - Test (EMA 0.99990): [   0/97]  Time: 1.530 (1.530)  Loss:  0.8132 (0.8132)  Acc@1: 79.8828 (79.8828)  Acc@5: 96.0938 (96.0938)
2025-09-02 11:03:15,342 -                train: [    INFO] - Test (EMA 0.99990): [  97/97]  Time: 0.014 (0.162)  Loss:  0.9791 (1.1976)  Acc@1: 75.8929 (71.0360)  Acc@5: 91.6667 (90.7280)
2025-09-02 11:03:15,594 - timm.utils.checkpoint_saver: [    INFO] - Current checkpoints:
 ('./output/train/20250901-184723-mobilenetv2_vcaV2-224/ema0.9999_checkpoint/checkpoint-86.pth.tar', 71.03600002197265)
 ('./output/train/20250901-184723-mobilenetv2_vcaV2-224/ema0.9999_checkpoint/checkpoint-85.pth.tar', 70.90000001953125)
 ('./output/train/20250901-184723-mobilenetv2_vcaV2-224/ema0.9999_checkpoint/checkpoint-84.pth.tar', 70.84799999511719)
 ('./output/train/20250901-184723-mobilenetv2_vcaV2-224/ema0.9999_checkpoint/checkpoint-83.pth.tar', 70.71999999511719)
 ('./output/train/20250901-184723-mobilenetv2_vcaV2-224/ema0.9999_checkpoint/checkpoint-82.pth.tar', 70.65200002197265)
 ('./output/train/20250901-184723-mobilenetv2_vcaV2-224/ema0.9999_checkpoint/checkpoint-81.pth.tar', 70.58600002441406)
 ('./output/train/20250901-184723-mobilenetv2_vcaV2-224/ema0.9999_checkpoint/checkpoint-80.pth.tar', 70.51800000244141)
 ('./output/train/20250901-184723-mobilenetv2_vcaV2-224/ema0.9999_checkpoint/checkpoint-79.pth.tar', 70.4360000024414)
 ('./output/train/20250901-184723-mobilenetv2_vcaV2-224/ema0.9999_checkpoint/checkpoint-78.pth.tar', 70.42200002685547)
 ('./output/train/20250901-184723-mobilenetv2_vcaV2-224/ema0.9999_checkpoint/checkpoint-77.pth.tar', 70.28600000244141)

2025-09-02 11:03:17,740 -                train: [    INFO] - Train: 87 [   0/2502 (  0%)]  Loss: 35.60 (35.6)  Loss_cat: 0.3616 (0.362)  Loss_feat: 32.31 (32.3)  Loss_gt: 2.216 (2.22)  Loss_kd: 0.7107 (0.711) LR: 8.225e-03
2025-09-02 11:04:08,162 -                train: [    INFO] - Train: 87 [ 200/2502 (  8%)]  Loss: 37.74 (36.7)  Loss_cat: 0.3848 (0.373)  Loss_feat: 33.94 (33.1)  Loss_gt: 2.642 (2.43)  Loss_kd: 0.7727 (0.742) LR: 8.225e-03
2025-09-02 11:04:58,645 -                train: [    INFO] - Train: 87 [ 400/2502 ( 16%)]  Loss: 38.36 (37.2)  Loss_cat: 0.3825 (0.376)  Loss_feat: 34.07 (33.4)  Loss_gt: 2.995 (2.62)  Loss_kd: 0.9113 (0.798) LR: 8.225e-03
2025-09-02 11:05:49,379 -                train: [    INFO] - Train: 87 [ 600/2502 ( 24%)]  Loss: 40.63 (38.1)  Loss_cat: 0.4010 (0.382)  Loss_feat: 35.56 (34.0)  Loss_gt: 3.555 (2.85)  Loss_kd: 1.114 (0.877) LR: 8.225e-03
2025-09-02 11:06:40,156 -                train: [    INFO] - Train: 87 [ 800/2502 ( 32%)]  Loss: 36.75 (37.8)  Loss_cat: 0.3634 (0.379)  Loss_feat: 33.02 (33.8)  Loss_gt: 2.584 (2.80)  Loss_kd: 0.7797 (0.858) LR: 8.225e-03
2025-09-02 11:07:30,487 -                train: [    INFO] - Train: 87 [1000/2502 ( 40%)]  Loss: 38.14 (37.9)  Loss_cat: 0.3732 (0.378)  Loss_feat: 33.95 (33.8)  Loss_gt: 2.976 (2.83)  Loss_kd: 0.8376 (0.854) LR: 8.225e-03
2025-09-02 11:08:21,173 -                train: [    INFO] - Train: 87 [1200/2502 ( 48%)]  Loss: 36.34 (37.6)  Loss_cat: 0.3687 (0.376)  Loss_feat: 33.05 (33.7)  Loss_gt: 2.248 (2.75)  Loss_kd: 0.6695 (0.828) LR: 8.225e-03
2025-09-02 11:09:12,082 -                train: [    INFO] - Train: 87 [1400/2502 ( 56%)]  Loss: 38.12 (37.7)  Loss_cat: 0.3740 (0.376)  Loss_feat: 33.98 (33.7)  Loss_gt: 2.851 (2.76)  Loss_kd: 0.9159 (0.839) LR: 8.225e-03
2025-09-02 11:10:02,485 -                train: [    INFO] - Train: 87 [1600/2502 ( 64%)]  Loss: 37.12 (37.6)  Loss_cat: 0.3724 (0.376)  Loss_feat: 33.41 (33.7)  Loss_gt: 2.576 (2.74)  Loss_kd: 0.7651 (0.831) LR: 8.225e-03
2025-09-02 11:10:53,290 -                train: [    INFO] - Train: 87 [1800/2502 ( 72%)]  Loss: 37.76 (37.7)  Loss_cat: 0.3759 (0.376)  Loss_feat: 33.72 (33.7)  Loss_gt: 2.824 (2.75)  Loss_kd: 0.8436 (0.832) LR: 8.225e-03
2025-09-02 11:11:43,705 -                train: [    INFO] - Train: 87 [2000/2502 ( 80%)]  Loss: 40.78 (37.9)  Loss_cat: 0.3991 (0.378)  Loss_feat: 35.73 (33.9)  Loss_gt: 3.541 (2.82)  Loss_kd: 1.108 (0.857) LR: 8.225e-03
2025-09-02 11:12:46,867 -                train: [    INFO] - Train: 87 [2200/2502 ( 88%)]  Loss: 38.84 (38.0)  Loss_cat: 0.3813 (0.378)  Loss_feat: 34.21 (33.9)  Loss_gt: 3.192 (2.85)  Loss_kd: 1.058 (0.874) LR: 8.225e-03
2025-09-02 11:13:37,358 -                train: [    INFO] - Train: 87 [2400/2502 ( 96%)]  Loss: 38.42 (38.0)  Loss_cat: 0.3794 (0.378)  Loss_feat: 34.15 (33.9)  Loss_gt: 2.960 (2.86)  Loss_kd: 0.9302 (0.878) LR: 8.225e-03
2025-09-02 11:14:02,900 -                train: [    INFO] - Train: 87 [2501/2502 (100%)]  Loss: 40.37 (38.2)  Loss_cat: 0.3967 (0.380)  Loss_feat: 35.40 (34.0)  Loss_gt: 3.478 (2.90)  Loss_kd: 1.095 (0.894) LR: 8.225e-03
2025-09-02 11:14:02,900 -                train: [    INFO] - Distributing BatchNorm running means and vars
2025-09-02 11:14:04,500 -                train: [    INFO] - Test: [   0/97]  Time: 1.595 (1.595)  Loss:  0.8208 (0.8208)  Acc@1: 79.6875 (79.6875)  Acc@5: 95.7031 (95.7031)
2025-09-02 11:14:21,256 -                train: [    INFO] - Test: [  97/97]  Time: 0.014 (0.187)  Loss:  0.9983 (1.2379)  Acc@1: 76.1905 (70.4600)  Acc@5: 92.8571 (90.3780)
2025-09-02 11:14:21,615 - timm.utils.checkpoint_saver: [    INFO] - Current checkpoints:
 ('./output/train/20250901-184723-mobilenetv2_vcaV2-224/checkpoint/checkpoint-87.pth.tar', 70.45999999511719)
 ('./output/train/20250901-184723-mobilenetv2_vcaV2-224/checkpoint/checkpoint-85.pth.tar', 70.18600002929688)
 ('./output/train/20250901-184723-mobilenetv2_vcaV2-224/checkpoint/checkpoint-86.pth.tar', 69.768)
 ('./output/train/20250901-184723-mobilenetv2_vcaV2-224/checkpoint/checkpoint-84.pth.tar', 69.62600000488281)
 ('./output/train/20250901-184723-mobilenetv2_vcaV2-224/checkpoint/checkpoint-83.pth.tar', 69.496)
 ('./output/train/20250901-184723-mobilenetv2_vcaV2-224/checkpoint/checkpoint-81.pth.tar', 69.1880000341797)
 ('./output/train/20250901-184723-mobilenetv2_vcaV2-224/checkpoint/checkpoint-80.pth.tar', 69.02600001464843)
 ('./output/train/20250901-184723-mobilenetv2_vcaV2-224/checkpoint/checkpoint-82.pth.tar', 68.77399998046874)
 ('./output/train/20250901-184723-mobilenetv2_vcaV2-224/checkpoint/checkpoint-79.pth.tar', 68.66800000488281)
 ('./output/train/20250901-184723-mobilenetv2_vcaV2-224/checkpoint/checkpoint-77.pth.tar', 68.27800000976562)

2025-09-02 11:14:22,926 -                train: [    INFO] - Test (EMA 0.99990): [   0/97]  Time: 1.306 (1.306)  Loss:  0.8110 (0.8110)  Acc@1: 80.6641 (80.6641)  Acc@5: 95.7031 (95.7031)
2025-09-02 11:14:37,632 -                train: [    INFO] - Test (EMA 0.99990): [  97/97]  Time: 0.014 (0.163)  Loss:  0.9798 (1.1961)  Acc@1: 75.8929 (71.1200)  Acc@5: 91.6667 (90.7380)
2025-09-02 11:14:37,834 - timm.utils.checkpoint_saver: [    INFO] - Current checkpoints:
 ('./output/train/20250901-184723-mobilenetv2_vcaV2-224/ema0.9999_checkpoint/checkpoint-87.pth.tar', 71.12000002197266)
 ('./output/train/20250901-184723-mobilenetv2_vcaV2-224/ema0.9999_checkpoint/checkpoint-86.pth.tar', 71.03600002197265)
 ('./output/train/20250901-184723-mobilenetv2_vcaV2-224/ema0.9999_checkpoint/checkpoint-85.pth.tar', 70.90000001953125)
 ('./output/train/20250901-184723-mobilenetv2_vcaV2-224/ema0.9999_checkpoint/checkpoint-84.pth.tar', 70.84799999511719)
 ('./output/train/20250901-184723-mobilenetv2_vcaV2-224/ema0.9999_checkpoint/checkpoint-83.pth.tar', 70.71999999511719)
 ('./output/train/20250901-184723-mobilenetv2_vcaV2-224/ema0.9999_checkpoint/checkpoint-82.pth.tar', 70.65200002197265)
 ('./output/train/20250901-184723-mobilenetv2_vcaV2-224/ema0.9999_checkpoint/checkpoint-81.pth.tar', 70.58600002441406)
 ('./output/train/20250901-184723-mobilenetv2_vcaV2-224/ema0.9999_checkpoint/checkpoint-80.pth.tar', 70.51800000244141)
 ('./output/train/20250901-184723-mobilenetv2_vcaV2-224/ema0.9999_checkpoint/checkpoint-79.pth.tar', 70.4360000024414)
 ('./output/train/20250901-184723-mobilenetv2_vcaV2-224/ema0.9999_checkpoint/checkpoint-78.pth.tar', 70.42200002685547)

2025-09-02 11:14:40,233 -                train: [    INFO] - Train: 88 [   0/2502 (  0%)]  Loss: 35.32 (35.3)  Loss_cat: 0.3540 (0.354)  Loss_feat: 31.98 (32.0)  Loss_gt: 2.260 (2.26)  Loss_kd: 0.7320 (0.732) LR: 7.023e-03
2025-09-02 11:15:31,323 -                train: [    INFO] - Train: 88 [ 200/2502 (  8%)]  Loss: 37.03 (36.2)  Loss_cat: 0.3653 (0.360)  Loss_feat: 33.26 (32.6)  Loss_gt: 2.546 (2.40)  Loss_kd: 0.8580 (0.795) LR: 7.023e-03
2025-09-02 11:16:21,796 -                train: [    INFO] - Train: 88 [ 400/2502 ( 16%)]  Loss: 35.80 (36.1)  Loss_cat: 0.3569 (0.359)  Loss_feat: 32.36 (32.5)  Loss_gt: 2.324 (2.38)  Loss_kd: 0.7565 (0.782) LR: 7.023e-03
2025-09-02 11:17:12,644 -                train: [    INFO] - Train: 88 [ 600/2502 ( 24%)]  Loss: 37.77 (36.5)  Loss_cat: 0.3796 (0.364)  Loss_feat: 33.84 (32.9)  Loss_gt: 2.728 (2.46)  Loss_kd: 0.8255 (0.793) LR: 7.023e-03
2025-09-02 11:18:03,421 -                train: [    INFO] - Train: 88 [ 800/2502 ( 32%)]  Loss: 38.23 (36.8)  Loss_cat: 0.3802 (0.367)  Loss_feat: 33.98 (33.1)  Loss_gt: 2.909 (2.55)  Loss_kd: 0.9657 (0.828) LR: 7.023e-03
2025-09-02 11:18:54,187 -                train: [    INFO] - Train: 88 [1000/2502 ( 40%)]  Loss: 37.77 (37.0)  Loss_cat: 0.3748 (0.368)  Loss_feat: 33.73 (33.2)  Loss_gt: 2.820 (2.60)  Loss_kd: 0.8543 (0.832) LR: 7.023e-03
2025-09-02 11:19:44,293 -                train: [    INFO] - Train: 88 [1200/2502 ( 48%)]  Loss: 36.51 (36.9)  Loss_cat: 0.3653 (0.368)  Loss_feat: 32.95 (33.2)  Loss_gt: 2.441 (2.58)  Loss_kd: 0.7551 (0.821) LR: 7.023e-03
2025-09-02 11:20:34,989 -                train: [    INFO] - Train: 88 [1400/2502 ( 56%)]  Loss: 37.06 (36.9)  Loss_cat: 0.3621 (0.367)  Loss_feat: 33.19 (33.2)  Loss_gt: 2.672 (2.59)  Loss_kd: 0.8319 (0.822) LR: 7.023e-03
2025-09-02 11:21:25,573 -                train: [    INFO] - Train: 88 [1600/2502 ( 64%)]  Loss: 36.41 (36.9)  Loss_cat: 0.3610 (0.367)  Loss_feat: 32.89 (33.1)  Loss_gt: 2.401 (2.57)  Loss_kd: 0.7594 (0.815) LR: 7.023e-03
2025-09-02 11:22:16,251 -                train: [    INFO] - Train: 88 [1800/2502 ( 72%)]  Loss: 35.17 (36.7)  Loss_cat: 0.3468 (0.365)  Loss_feat: 31.92 (33.0)  Loss_gt: 2.188 (2.53)  Loss_kd: 0.7114 (0.805) LR: 7.023e-03
2025-09-02 11:23:06,334 -                train: [    INFO] - Train: 88 [2000/2502 ( 80%)]  Loss: 38.34 (36.9)  Loss_cat: 0.3679 (0.365)  Loss_feat: 33.96 (33.1)  Loss_gt: 3.058 (2.58)  Loss_kd: 0.9539 (0.819) LR: 7.023e-03
2025-09-02 11:23:57,040 -                train: [    INFO] - Train: 88 [2200/2502 ( 88%)]  Loss: 35.47 (36.7)  Loss_cat: 0.3498 (0.364)  Loss_feat: 32.11 (33.0)  Loss_gt: 2.274 (2.55)  Loss_kd: 0.7318 (0.811) LR: 7.023e-03
2025-09-02 11:24:48,204 -                train: [    INFO] - Train: 88 [2400/2502 ( 96%)]  Loss: 39.75 (37.0)  Loss_cat: 0.3867 (0.365)  Loss_feat: 34.99 (33.2)  Loss_gt: 3.311 (2.61)  Loss_kd: 1.062 (0.831) LR: 7.023e-03
2025-09-02 11:25:13,379 -                train: [    INFO] - Train: 88 [2501/2502 (100%)]  Loss: 36.22 (36.9)  Loss_cat: 0.3593 (0.365)  Loss_feat: 32.51 (33.1)  Loss_gt: 2.552 (2.61)  Loss_kd: 0.7941 (0.828) LR: 7.023e-03
2025-09-02 11:25:13,379 -                train: [    INFO] - Distributing BatchNorm running means and vars
2025-09-02 11:25:15,182 -                train: [    INFO] - Test: [   0/97]  Time: 1.798 (1.798)  Loss:  0.8511 (0.8511)  Acc@1: 79.8828 (79.8828)  Acc@5: 94.5312 (94.5312)
2025-09-02 11:25:33,667 -                train: [    INFO] - Test: [  97/97]  Time: 0.014 (0.207)  Loss:  1.0236 (1.2285)  Acc@1: 74.1071 (70.4660)  Acc@5: 92.5595 (90.3700)
2025-09-02 11:25:33,912 - timm.utils.checkpoint_saver: [    INFO] - Current checkpoints:
 ('./output/train/20250901-184723-mobilenetv2_vcaV2-224/checkpoint/checkpoint-88.pth.tar', 70.46600002929688)
 ('./output/train/20250901-184723-mobilenetv2_vcaV2-224/checkpoint/checkpoint-87.pth.tar', 70.45999999511719)
 ('./output/train/20250901-184723-mobilenetv2_vcaV2-224/checkpoint/checkpoint-85.pth.tar', 70.18600002929688)
 ('./output/train/20250901-184723-mobilenetv2_vcaV2-224/checkpoint/checkpoint-86.pth.tar', 69.768)
 ('./output/train/20250901-184723-mobilenetv2_vcaV2-224/checkpoint/checkpoint-84.pth.tar', 69.62600000488281)
 ('./output/train/20250901-184723-mobilenetv2_vcaV2-224/checkpoint/checkpoint-83.pth.tar', 69.496)
 ('./output/train/20250901-184723-mobilenetv2_vcaV2-224/checkpoint/checkpoint-81.pth.tar', 69.1880000341797)
 ('./output/train/20250901-184723-mobilenetv2_vcaV2-224/checkpoint/checkpoint-80.pth.tar', 69.02600001464843)
 ('./output/train/20250901-184723-mobilenetv2_vcaV2-224/checkpoint/checkpoint-82.pth.tar', 68.77399998046874)
 ('./output/train/20250901-184723-mobilenetv2_vcaV2-224/checkpoint/checkpoint-79.pth.tar', 68.66800000488281)

2025-09-02 11:25:35,361 -                train: [    INFO] - Test (EMA 0.99990): [   0/97]  Time: 1.442 (1.442)  Loss:  0.8091 (0.8091)  Acc@1: 81.0547 (81.0547)  Acc@5: 95.7031 (95.7031)
2025-09-02 11:25:50,413 -                train: [    INFO] - Test (EMA 0.99990): [  97/97]  Time: 0.014 (0.168)  Loss:  0.9821 (1.1943)  Acc@1: 75.8929 (71.2060)  Acc@5: 91.6667 (90.7740)
2025-09-02 11:25:50,716 - timm.utils.checkpoint_saver: [    INFO] - Current checkpoints:
 ('./output/train/20250901-184723-mobilenetv2_vcaV2-224/ema0.9999_checkpoint/checkpoint-88.pth.tar', 71.20600002197266)
 ('./output/train/20250901-184723-mobilenetv2_vcaV2-224/ema0.9999_checkpoint/checkpoint-87.pth.tar', 71.12000002197266)
 ('./output/train/20250901-184723-mobilenetv2_vcaV2-224/ema0.9999_checkpoint/checkpoint-86.pth.tar', 71.03600002197265)
 ('./output/train/20250901-184723-mobilenetv2_vcaV2-224/ema0.9999_checkpoint/checkpoint-85.pth.tar', 70.90000001953125)
 ('./output/train/20250901-184723-mobilenetv2_vcaV2-224/ema0.9999_checkpoint/checkpoint-84.pth.tar', 70.84799999511719)
 ('./output/train/20250901-184723-mobilenetv2_vcaV2-224/ema0.9999_checkpoint/checkpoint-83.pth.tar', 70.71999999511719)
 ('./output/train/20250901-184723-mobilenetv2_vcaV2-224/ema0.9999_checkpoint/checkpoint-82.pth.tar', 70.65200002197265)
 ('./output/train/20250901-184723-mobilenetv2_vcaV2-224/ema0.9999_checkpoint/checkpoint-81.pth.tar', 70.58600002441406)
 ('./output/train/20250901-184723-mobilenetv2_vcaV2-224/ema0.9999_checkpoint/checkpoint-80.pth.tar', 70.51800000244141)
 ('./output/train/20250901-184723-mobilenetv2_vcaV2-224/ema0.9999_checkpoint/checkpoint-79.pth.tar', 70.4360000024414)

2025-09-02 11:25:52,712 -                train: [    INFO] - Train: 89 [   0/2502 (  0%)]  Loss: 34.07 (34.1)  Loss_cat: 0.3351 (0.335)  Loss_feat: 31.20 (31.2)  Loss_gt: 1.898 (1.90)  Loss_kd: 0.6376 (0.638) LR: 5.913e-03
2025-09-02 11:26:43,096 -                train: [    INFO] - Train: 89 [ 200/2502 (  8%)]  Loss: 33.96 (34.0)  Loss_cat: 0.3374 (0.336)  Loss_feat: 31.16 (31.2)  Loss_gt: 1.886 (1.89)  Loss_kd: 0.5761 (0.607) LR: 5.913e-03
2025-09-02 11:27:33,779 -                train: [    INFO] - Train: 89 [ 400/2502 ( 16%)]  Loss: 38.62 (35.6)  Loss_cat: 0.3889 (0.354)  Loss_feat: 34.57 (32.3)  Loss_gt: 2.839 (2.21)  Loss_kd: 0.8246 (0.679) LR: 5.913e-03
2025-09-02 11:28:25,132 -                train: [    INFO] - Train: 89 [ 600/2502 ( 24%)]  Loss: 40.10 (36.7)  Loss_cat: 0.3947 (0.364)  Loss_feat: 35.18 (33.0)  Loss_gt: 3.440 (2.52)  Loss_kd: 1.085 (0.781) LR: 5.913e-03
2025-09-02 11:29:15,775 -                train: [    INFO] - Train: 89 [ 800/2502 ( 32%)]  Loss: 38.80 (37.1)  Loss_cat: 0.3868 (0.369)  Loss_feat: 34.39 (33.3)  Loss_gt: 3.074 (2.63)  Loss_kd: 0.9481 (0.814) LR: 5.913e-03
2025-09-02 11:30:06,743 -                train: [    INFO] - Train: 89 [1000/2502 ( 40%)]  Loss: 38.07 (37.3)  Loss_cat: 0.3743 (0.370)  Loss_feat: 33.93 (33.4)  Loss_gt: 2.885 (2.67)  Loss_kd: 0.8805 (0.825) LR: 5.913e-03
2025-09-02 11:30:57,426 -                train: [    INFO] - Train: 89 [1200/2502 ( 48%)]  Loss: 34.24 (36.8)  Loss_cat: 0.3382 (0.365)  Loss_feat: 31.21 (33.1)  Loss_gt: 2.030 (2.58)  Loss_kd: 0.6620 (0.802) LR: 5.913e-03
2025-09-02 11:31:48,659 -                train: [    INFO] - Train: 89 [1400/2502 ( 56%)]  Loss: 35.98 (36.7)  Loss_cat: 0.3593 (0.364)  Loss_feat: 32.51 (33.0)  Loss_gt: 2.364 (2.55)  Loss_kd: 0.7552 (0.796) LR: 5.913e-03
2025-09-02 11:32:39,221 -                train: [    INFO] - Train: 89 [1600/2502 ( 64%)]  Loss: 37.55 (36.8)  Loss_cat: 0.3737 (0.365)  Loss_feat: 33.55 (33.1)  Loss_gt: 2.777 (2.58)  Loss_kd: 0.8564 (0.803) LR: 5.913e-03
2025-09-02 11:33:29,475 -                train: [    INFO] - Train: 89 [1800/2502 ( 72%)]  Loss: 36.68 (36.8)  Loss_cat: 0.3628 (0.365)  Loss_feat: 32.98 (33.1)  Loss_gt: 2.527 (2.57)  Loss_kd: 0.8107 (0.804) LR: 5.913e-03
2025-09-02 11:34:20,339 -                train: [    INFO] - Train: 89 [2000/2502 ( 80%)]  Loss: 35.77 (36.7)  Loss_cat: 0.3518 (0.364)  Loss_feat: 32.19 (33.0)  Loss_gt: 2.465 (2.56)  Loss_kd: 0.7665 (0.800) LR: 5.913e-03
2025-09-02 11:35:11,223 -                train: [    INFO] - Train: 89 [2200/2502 ( 88%)]  Loss: 34.88 (36.6)  Loss_cat: 0.3446 (0.362)  Loss_feat: 31.67 (32.9)  Loss_gt: 2.148 (2.53)  Loss_kd: 0.7113 (0.793) LR: 5.913e-03
2025-09-02 11:36:02,134 -                train: [    INFO] - Train: 89 [2400/2502 ( 96%)]  Loss: 36.55 (36.6)  Loss_cat: 0.3568 (0.362)  Loss_feat: 32.92 (32.9)  Loss_gt: 2.507 (2.53)  Loss_kd: 0.7650 (0.791) LR: 5.913e-03
2025-09-02 11:36:27,414 -                train: [    INFO] - Train: 89 [2501/2502 (100%)]  Loss: 37.33 (36.6)  Loss_cat: 0.3621 (0.362)  Loss_feat: 33.31 (32.9)  Loss_gt: 2.775 (2.54)  Loss_kd: 0.8892 (0.798) LR: 5.913e-03
2025-09-02 11:36:27,415 -                train: [    INFO] - Distributing BatchNorm running means and vars
2025-09-02 11:36:29,141 -                train: [    INFO] - Test: [   0/97]  Time: 1.721 (1.721)  Loss:  0.8253 (0.8253)  Acc@1: 80.2734 (80.2734)  Acc@5: 95.7031 (95.7031)
2025-09-02 11:36:47,091 -                train: [    INFO] - Test: [  97/97]  Time: 0.014 (0.201)  Loss:  1.0294 (1.2281)  Acc@1: 74.4048 (70.7660)  Acc@5: 91.9643 (90.5880)
2025-09-02 11:36:47,419 - timm.utils.checkpoint_saver: [    INFO] - Current checkpoints:
 ('./output/train/20250901-184723-mobilenetv2_vcaV2-224/checkpoint/checkpoint-89.pth.tar', 70.7660000024414)
 ('./output/train/20250901-184723-mobilenetv2_vcaV2-224/checkpoint/checkpoint-88.pth.tar', 70.46600002929688)
 ('./output/train/20250901-184723-mobilenetv2_vcaV2-224/checkpoint/checkpoint-87.pth.tar', 70.45999999511719)
 ('./output/train/20250901-184723-mobilenetv2_vcaV2-224/checkpoint/checkpoint-85.pth.tar', 70.18600002929688)
 ('./output/train/20250901-184723-mobilenetv2_vcaV2-224/checkpoint/checkpoint-86.pth.tar', 69.768)
 ('./output/train/20250901-184723-mobilenetv2_vcaV2-224/checkpoint/checkpoint-84.pth.tar', 69.62600000488281)
 ('./output/train/20250901-184723-mobilenetv2_vcaV2-224/checkpoint/checkpoint-83.pth.tar', 69.496)
 ('./output/train/20250901-184723-mobilenetv2_vcaV2-224/checkpoint/checkpoint-81.pth.tar', 69.1880000341797)
 ('./output/train/20250901-184723-mobilenetv2_vcaV2-224/checkpoint/checkpoint-80.pth.tar', 69.02600001464843)
 ('./output/train/20250901-184723-mobilenetv2_vcaV2-224/checkpoint/checkpoint-82.pth.tar', 68.77399998046874)

2025-09-02 11:36:48,664 -                train: [    INFO] - Test (EMA 0.99990): [   0/97]  Time: 1.239 (1.239)  Loss:  0.8085 (0.8085)  Acc@1: 80.6641 (80.6641)  Acc@5: 95.7031 (95.7031)
2025-09-02 11:37:03,406 -                train: [    INFO] - Test (EMA 0.99990): [  97/97]  Time: 0.014 (0.163)  Loss:  0.9830 (1.1926)  Acc@1: 75.5952 (71.2080)  Acc@5: 91.9643 (90.8120)
2025-09-02 11:37:03,639 - timm.utils.checkpoint_saver: [    INFO] - Current checkpoints:
 ('./output/train/20250901-184723-mobilenetv2_vcaV2-224/ema0.9999_checkpoint/checkpoint-89.pth.tar', 71.20799999755859)
 ('./output/train/20250901-184723-mobilenetv2_vcaV2-224/ema0.9999_checkpoint/checkpoint-88.pth.tar', 71.20600002197266)
 ('./output/train/20250901-184723-mobilenetv2_vcaV2-224/ema0.9999_checkpoint/checkpoint-87.pth.tar', 71.12000002197266)
 ('./output/train/20250901-184723-mobilenetv2_vcaV2-224/ema0.9999_checkpoint/checkpoint-86.pth.tar', 71.03600002197265)
 ('./output/train/20250901-184723-mobilenetv2_vcaV2-224/ema0.9999_checkpoint/checkpoint-85.pth.tar', 70.90000001953125)
 ('./output/train/20250901-184723-mobilenetv2_vcaV2-224/ema0.9999_checkpoint/checkpoint-84.pth.tar', 70.84799999511719)
 ('./output/train/20250901-184723-mobilenetv2_vcaV2-224/ema0.9999_checkpoint/checkpoint-83.pth.tar', 70.71999999511719)
 ('./output/train/20250901-184723-mobilenetv2_vcaV2-224/ema0.9999_checkpoint/checkpoint-82.pth.tar', 70.65200002197265)
 ('./output/train/20250901-184723-mobilenetv2_vcaV2-224/ema0.9999_checkpoint/checkpoint-81.pth.tar', 70.58600002441406)
 ('./output/train/20250901-184723-mobilenetv2_vcaV2-224/ema0.9999_checkpoint/checkpoint-80.pth.tar', 70.51800000244141)

2025-09-02 11:37:05,555 -                train: [    INFO] - Train: 90 [   0/2502 (  0%)]  Loss: 36.41 (36.4)  Loss_cat: 0.3640 (0.364)  Loss_feat: 32.86 (32.9)  Loss_gt: 2.444 (2.44)  Loss_kd: 0.7382 (0.738) LR: 4.895e-03
2025-09-02 11:37:56,618 -                train: [    INFO] - Train: 90 [ 200/2502 (  8%)]  Loss: 34.42 (35.4)  Loss_cat: 0.3413 (0.353)  Loss_feat: 31.39 (32.1)  Loss_gt: 2.074 (2.26)  Loss_kd: 0.6204 (0.679) LR: 4.895e-03
2025-09-02 11:38:46,521 -                train: [    INFO] - Train: 90 [ 400/2502 ( 16%)]  Loss: 35.77 (35.5)  Loss_cat: 0.3529 (0.353)  Loss_feat: 32.35 (32.2)  Loss_gt: 2.345 (2.29)  Loss_kd: 0.7124 (0.690) LR: 4.895e-03
2025-09-02 11:39:37,348 -                train: [    INFO] - Train: 90 [ 600/2502 ( 24%)]  Loss: 35.33 (35.5)  Loss_cat: 0.3513 (0.352)  Loss_feat: 31.96 (32.1)  Loss_gt: 2.327 (2.30)  Loss_kd: 0.6903 (0.690) LR: 4.895e-03
2025-09-02 11:40:27,947 -                train: [    INFO] - Train: 90 [ 800/2502 ( 32%)]  Loss: 35.25 (35.4)  Loss_cat: 0.3542 (0.353)  Loss_feat: 32.15 (32.1)  Loss_gt: 2.128 (2.26)  Loss_kd: 0.6209 (0.676) LR: 4.895e-03
2025-09-02 11:41:19,072 -                train: [    INFO] - Train: 90 [1000/2502 ( 40%)]  Loss: 34.97 (35.4)  Loss_cat: 0.3461 (0.352)  Loss_feat: 31.81 (32.1)  Loss_gt: 2.142 (2.24)  Loss_kd: 0.6640 (0.674) LR: 4.895e-03
2025-09-02 11:42:13,417 -                train: [    INFO] - Train: 90 [1200/2502 ( 48%)]  Loss: 38.25 (35.8)  Loss_cat: 0.3748 (0.355)  Loss_feat: 34.02 (32.4)  Loss_gt: 2.965 (2.35)  Loss_kd: 0.8886 (0.705) LR: 4.895e-03
2025-09-02 11:43:05,151 -                train: [    INFO] - Train: 90 [1400/2502 ( 56%)]  Loss: 35.93 (35.8)  Loss_cat: 0.3547 (0.355)  Loss_feat: 32.37 (32.4)  Loss_gt: 2.439 (2.36)  Loss_kd: 0.7611 (0.712) LR: 4.895e-03
2025-09-02 11:43:56,355 -                train: [    INFO] - Train: 90 [1600/2502 ( 64%)]  Loss: 34.01 (35.6)  Loss_cat: 0.3346 (0.353)  Loss_feat: 31.00 (32.2)  Loss_gt: 2.021 (2.32)  Loss_kd: 0.6457 (0.705) LR: 4.895e-03
2025-09-02 11:44:47,210 -                train: [    INFO] - Train: 90 [1800/2502 ( 72%)]  Loss: 36.89 (35.7)  Loss_cat: 0.3657 (0.354)  Loss_feat: 33.11 (32.3)  Loss_gt: 2.592 (2.35)  Loss_kd: 0.8241 (0.717) LR: 4.895e-03
2025-09-02 11:45:37,252 -                train: [    INFO] - Train: 90 [2000/2502 ( 80%)]  Loss: 36.40 (35.8)  Loss_cat: 0.3626 (0.355)  Loss_feat: 32.92 (32.4)  Loss_gt: 2.433 (2.36)  Loss_kd: 0.6939 (0.715) LR: 4.895e-03
2025-09-02 11:46:28,327 -                train: [    INFO] - Train: 90 [2200/2502 ( 88%)]  Loss: 37.67 (35.9)  Loss_cat: 0.3665 (0.356)  Loss_feat: 33.59 (32.5)  Loss_gt: 2.838 (2.40)  Loss_kd: 0.8690 (0.727) LR: 4.895e-03
2025-09-02 11:47:19,004 -                train: [    INFO] - Train: 90 [2400/2502 ( 96%)]  Loss: 36.37 (36.0)  Loss_cat: 0.3551 (0.356)  Loss_feat: 32.61 (32.5)  Loss_gt: 2.588 (2.41)  Loss_kd: 0.8088 (0.734) LR: 4.895e-03
2025-09-02 11:47:44,110 -                train: [    INFO] - Train: 90 [2501/2502 (100%)]  Loss: 35.98 (36.0)  Loss_cat: 0.3494 (0.355)  Loss_feat: 32.40 (32.5)  Loss_gt: 2.453 (2.41)  Loss_kd: 0.7829 (0.737) LR: 4.895e-03
2025-09-02 11:47:44,110 -                train: [    INFO] - Distributing BatchNorm running means and vars
2025-09-02 11:47:45,793 -                train: [    INFO] - Test: [   0/97]  Time: 1.678 (1.678)  Loss:  0.8346 (0.8346)  Acc@1: 80.8594 (80.8594)  Acc@5: 95.5078 (95.5078)
2025-09-02 11:48:03,970 -                train: [    INFO] - Test: [  97/97]  Time: 0.014 (0.203)  Loss:  1.0202 (1.2063)  Acc@1: 73.2143 (71.1080)  Acc@5: 92.2619 (90.6660)
2025-09-02 11:48:04,149 - timm.utils.checkpoint_saver: [    INFO] - Current checkpoints:
 ('./output/train/20250901-184723-mobilenetv2_vcaV2-224/checkpoint/checkpoint-90.pth.tar', 71.10800000732422)
 ('./output/train/20250901-184723-mobilenetv2_vcaV2-224/checkpoint/checkpoint-89.pth.tar', 70.7660000024414)
 ('./output/train/20250901-184723-mobilenetv2_vcaV2-224/checkpoint/checkpoint-88.pth.tar', 70.46600002929688)
 ('./output/train/20250901-184723-mobilenetv2_vcaV2-224/checkpoint/checkpoint-87.pth.tar', 70.45999999511719)
 ('./output/train/20250901-184723-mobilenetv2_vcaV2-224/checkpoint/checkpoint-85.pth.tar', 70.18600002929688)
 ('./output/train/20250901-184723-mobilenetv2_vcaV2-224/checkpoint/checkpoint-86.pth.tar', 69.768)
 ('./output/train/20250901-184723-mobilenetv2_vcaV2-224/checkpoint/checkpoint-84.pth.tar', 69.62600000488281)
 ('./output/train/20250901-184723-mobilenetv2_vcaV2-224/checkpoint/checkpoint-83.pth.tar', 69.496)
 ('./output/train/20250901-184723-mobilenetv2_vcaV2-224/checkpoint/checkpoint-81.pth.tar', 69.1880000341797)
 ('./output/train/20250901-184723-mobilenetv2_vcaV2-224/checkpoint/checkpoint-80.pth.tar', 69.02600001464843)

2025-09-02 11:48:05,803 -                train: [    INFO] - Test (EMA 0.99990): [   0/97]  Time: 1.648 (1.648)  Loss:  0.8070 (0.8070)  Acc@1: 80.4688 (80.4688)  Acc@5: 95.8984 (95.8984)
2025-09-02 11:48:20,294 -                train: [    INFO] - Test (EMA 0.99990): [  97/97]  Time: 0.014 (0.165)  Loss:  0.9825 (1.1910)  Acc@1: 75.8929 (71.2520)  Acc@5: 91.9643 (90.8660)
2025-09-02 11:48:20,644 - timm.utils.checkpoint_saver: [    INFO] - Current checkpoints:
 ('./output/train/20250901-184723-mobilenetv2_vcaV2-224/ema0.9999_checkpoint/checkpoint-90.pth.tar', 71.25200002197266)
 ('./output/train/20250901-184723-mobilenetv2_vcaV2-224/ema0.9999_checkpoint/checkpoint-89.pth.tar', 71.20799999755859)
 ('./output/train/20250901-184723-mobilenetv2_vcaV2-224/ema0.9999_checkpoint/checkpoint-88.pth.tar', 71.20600002197266)
 ('./output/train/20250901-184723-mobilenetv2_vcaV2-224/ema0.9999_checkpoint/checkpoint-87.pth.tar', 71.12000002197266)
 ('./output/train/20250901-184723-mobilenetv2_vcaV2-224/ema0.9999_checkpoint/checkpoint-86.pth.tar', 71.03600002197265)
 ('./output/train/20250901-184723-mobilenetv2_vcaV2-224/ema0.9999_checkpoint/checkpoint-85.pth.tar', 70.90000001953125)
 ('./output/train/20250901-184723-mobilenetv2_vcaV2-224/ema0.9999_checkpoint/checkpoint-84.pth.tar', 70.84799999511719)
 ('./output/train/20250901-184723-mobilenetv2_vcaV2-224/ema0.9999_checkpoint/checkpoint-83.pth.tar', 70.71999999511719)
 ('./output/train/20250901-184723-mobilenetv2_vcaV2-224/ema0.9999_checkpoint/checkpoint-82.pth.tar', 70.65200002197265)
 ('./output/train/20250901-184723-mobilenetv2_vcaV2-224/ema0.9999_checkpoint/checkpoint-81.pth.tar', 70.58600002441406)

2025-09-02 11:48:22,532 -                train: [    INFO] - Train: 91 [   0/2502 (  0%)]  Loss: 34.26 (34.3)  Loss_cat: 0.3352 (0.335)  Loss_feat: 31.35 (31.3)  Loss_gt: 1.960 (1.96)  Loss_kd: 0.6168 (0.617) LR: 3.972e-03
2025-09-02 11:49:13,614 -                train: [    INFO] - Train: 91 [ 200/2502 (  8%)]  Loss: 36.29 (35.3)  Loss_cat: 0.3575 (0.346)  Loss_feat: 32.70 (32.0)  Loss_gt: 2.480 (2.22)  Loss_kd: 0.7501 (0.683) LR: 3.972e-03
2025-09-02 11:50:03,566 -                train: [    INFO] - Train: 91 [ 400/2502 ( 16%)]  Loss: 34.75 (35.1)  Loss_cat: 0.3397 (0.344)  Loss_feat: 31.53 (31.9)  Loss_gt: 2.154 (2.20)  Loss_kd: 0.7195 (0.695) LR: 3.972e-03
2025-09-02 11:50:54,232 -                train: [    INFO] - Train: 91 [ 600/2502 ( 24%)]  Loss: 36.23 (35.4)  Loss_cat: 0.3548 (0.347)  Loss_feat: 32.49 (32.0)  Loss_gt: 2.552 (2.29)  Loss_kd: 0.8307 (0.729) LR: 3.972e-03
2025-09-02 11:51:44,773 -                train: [    INFO] - Train: 91 [ 800/2502 ( 32%)]  Loss: 37.42 (35.8)  Loss_cat: 0.3727 (0.352)  Loss_feat: 33.49 (32.3)  Loss_gt: 2.731 (2.38)  Loss_kd: 0.8230 (0.748) LR: 3.972e-03
2025-09-02 11:52:36,018 -                train: [    INFO] - Train: 91 [1000/2502 ( 40%)]  Loss: 34.80 (35.6)  Loss_cat: 0.3478 (0.351)  Loss_feat: 31.82 (32.2)  Loss_gt: 2.008 (2.31)  Loss_kd: 0.6235 (0.727) LR: 3.972e-03
2025-09-02 11:53:27,062 -                train: [    INFO] - Train: 91 [1200/2502 ( 48%)]  Loss: 36.67 (35.8)  Loss_cat: 0.3672 (0.354)  Loss_feat: 33.13 (32.4)  Loss_gt: 2.431 (2.33)  Loss_kd: 0.7410 (0.729) LR: 3.972e-03
2025-09-02 11:54:20,939 -                train: [    INFO] - Train: 91 [1400/2502 ( 56%)]  Loss: 38.80 (36.2)  Loss_cat: 0.3785 (0.357)  Loss_feat: 34.41 (32.6)  Loss_gt: 3.086 (2.43)  Loss_kd: 0.9237 (0.754) LR: 3.972e-03
2025-09-02 11:55:12,523 -                train: [    INFO] - Train: 91 [1600/2502 ( 64%)]  Loss: 35.02 (36.0)  Loss_cat: 0.3465 (0.356)  Loss_feat: 31.98 (32.5)  Loss_gt: 2.079 (2.39)  Loss_kd: 0.6144 (0.738) LR: 3.972e-03
2025-09-02 11:56:03,451 -                train: [    INFO] - Train: 91 [1800/2502 ( 72%)]  Loss: 34.21 (35.8)  Loss_cat: 0.3354 (0.354)  Loss_feat: 31.16 (32.4)  Loss_gt: 2.058 (2.35)  Loss_kd: 0.6560 (0.730) LR: 3.972e-03
2025-09-02 11:56:53,530 -                train: [    INFO] - Train: 91 [2000/2502 ( 80%)]  Loss: 38.99 (36.1)  Loss_cat: 0.3817 (0.356)  Loss_feat: 34.51 (32.6)  Loss_gt: 3.138 (2.43)  Loss_kd: 0.9556 (0.750) LR: 3.972e-03
2025-09-02 11:57:44,327 -                train: [    INFO] - Train: 91 [2200/2502 ( 88%)]  Loss: 35.22 (36.1)  Loss_cat: 0.3468 (0.355)  Loss_feat: 32.02 (32.5)  Loss_gt: 2.142 (2.40)  Loss_kd: 0.7107 (0.747) LR: 3.972e-03
2025-09-02 11:58:35,193 -                train: [    INFO] - Train: 91 [2400/2502 ( 96%)]  Loss: 38.47 (36.2)  Loss_cat: 0.3896 (0.358)  Loss_feat: 34.42 (32.7)  Loss_gt: 2.836 (2.43)  Loss_kd: 0.8272 (0.753) LR: 3.972e-03
2025-09-02 11:59:00,420 -                train: [    INFO] - Train: 91 [2501/2502 (100%)]  Loss: 36.86 (36.3)  Loss_cat: 0.3642 (0.358)  Loss_feat: 32.98 (32.7)  Loss_gt: 2.686 (2.45)  Loss_kd: 0.8353 (0.759) LR: 3.972e-03
2025-09-02 11:59:00,420 -                train: [    INFO] - Distributing BatchNorm running means and vars
2025-09-02 11:59:02,078 -                train: [    INFO] - Test: [   0/97]  Time: 1.653 (1.653)  Loss:  0.8148 (0.8148)  Acc@1: 79.4922 (79.4922)  Acc@5: 96.0938 (96.0938)
2025-09-02 11:59:20,810 -                train: [    INFO] - Test: [  97/97]  Time: 0.014 (0.208)  Loss:  1.0226 (1.2058)  Acc@1: 75.2976 (71.1080)  Acc@5: 91.6667 (90.8680)
2025-09-02 11:59:21,038 - timm.utils.checkpoint_saver: [    INFO] - Current checkpoints:
 ('./output/train/20250901-184723-mobilenetv2_vcaV2-224/checkpoint/checkpoint-91.pth.tar', 71.10800002441407)
 ('./output/train/20250901-184723-mobilenetv2_vcaV2-224/checkpoint/checkpoint-90.pth.tar', 71.10800000732422)
 ('./output/train/20250901-184723-mobilenetv2_vcaV2-224/checkpoint/checkpoint-89.pth.tar', 70.7660000024414)
 ('./output/train/20250901-184723-mobilenetv2_vcaV2-224/checkpoint/checkpoint-88.pth.tar', 70.46600002929688)
 ('./output/train/20250901-184723-mobilenetv2_vcaV2-224/checkpoint/checkpoint-87.pth.tar', 70.45999999511719)
 ('./output/train/20250901-184723-mobilenetv2_vcaV2-224/checkpoint/checkpoint-85.pth.tar', 70.18600002929688)
 ('./output/train/20250901-184723-mobilenetv2_vcaV2-224/checkpoint/checkpoint-86.pth.tar', 69.768)
 ('./output/train/20250901-184723-mobilenetv2_vcaV2-224/checkpoint/checkpoint-84.pth.tar', 69.62600000488281)
 ('./output/train/20250901-184723-mobilenetv2_vcaV2-224/checkpoint/checkpoint-83.pth.tar', 69.496)
 ('./output/train/20250901-184723-mobilenetv2_vcaV2-224/checkpoint/checkpoint-81.pth.tar', 69.1880000341797)

2025-09-02 11:59:22,886 -                train: [    INFO] - Test (EMA 0.99990): [   0/97]  Time: 1.841 (1.841)  Loss:  0.8065 (0.8065)  Acc@1: 80.8594 (80.8594)  Acc@5: 95.8984 (95.8984)
2025-09-02 11:59:37,754 -                train: [    INFO] - Test (EMA 0.99990): [  97/97]  Time: 0.014 (0.170)  Loss:  0.9838 (1.1898)  Acc@1: 75.5952 (71.3040)  Acc@5: 91.9643 (90.8880)
2025-09-02 11:59:37,960 - timm.utils.checkpoint_saver: [    INFO] - Current checkpoints:
 ('./output/train/20250901-184723-mobilenetv2_vcaV2-224/ema0.9999_checkpoint/checkpoint-91.pth.tar', 71.30399999755859)
 ('./output/train/20250901-184723-mobilenetv2_vcaV2-224/ema0.9999_checkpoint/checkpoint-90.pth.tar', 71.25200002197266)
 ('./output/train/20250901-184723-mobilenetv2_vcaV2-224/ema0.9999_checkpoint/checkpoint-89.pth.tar', 71.20799999755859)
 ('./output/train/20250901-184723-mobilenetv2_vcaV2-224/ema0.9999_checkpoint/checkpoint-88.pth.tar', 71.20600002197266)
 ('./output/train/20250901-184723-mobilenetv2_vcaV2-224/ema0.9999_checkpoint/checkpoint-87.pth.tar', 71.12000002197266)
 ('./output/train/20250901-184723-mobilenetv2_vcaV2-224/ema0.9999_checkpoint/checkpoint-86.pth.tar', 71.03600002197265)
 ('./output/train/20250901-184723-mobilenetv2_vcaV2-224/ema0.9999_checkpoint/checkpoint-85.pth.tar', 70.90000001953125)
 ('./output/train/20250901-184723-mobilenetv2_vcaV2-224/ema0.9999_checkpoint/checkpoint-84.pth.tar', 70.84799999511719)
 ('./output/train/20250901-184723-mobilenetv2_vcaV2-224/ema0.9999_checkpoint/checkpoint-83.pth.tar', 70.71999999511719)
 ('./output/train/20250901-184723-mobilenetv2_vcaV2-224/ema0.9999_checkpoint/checkpoint-82.pth.tar', 70.65200002197265)

2025-09-02 11:59:40,299 -                train: [    INFO] - Train: 92 [   0/2502 (  0%)]  Loss: 38.64 (38.6)  Loss_cat: 0.3823 (0.382)  Loss_feat: 34.34 (34.3)  Loss_gt: 2.963 (2.96)  Loss_kd: 0.9481 (0.948) LR: 3.143e-03
2025-09-02 12:00:31,268 -                train: [    INFO] - Train: 92 [ 200/2502 (  8%)]  Loss: 35.17 (36.9)  Loss_cat: 0.3460 (0.364)  Loss_feat: 31.92 (33.1)  Loss_gt: 2.212 (2.59)  Loss_kd: 0.6909 (0.819) LR: 3.143e-03
2025-09-02 12:01:21,252 -                train: [    INFO] - Train: 92 [ 400/2502 ( 16%)]  Loss: 35.27 (36.4)  Loss_cat: 0.3493 (0.359)  Loss_feat: 31.99 (32.7)  Loss_gt: 2.224 (2.47)  Loss_kd: 0.7076 (0.782) LR: 3.143e-03
2025-09-02 12:02:11,954 -                train: [    INFO] - Train: 92 [ 600/2502 ( 24%)]  Loss: 39.65 (37.2)  Loss_cat: 0.3924 (0.367)  Loss_feat: 35.06 (33.3)  Loss_gt: 3.249 (2.66)  Loss_kd: 0.9526 (0.825) LR: 3.143e-03
2025-09-02 12:03:02,407 -                train: [    INFO] - Train: 92 [ 800/2502 ( 32%)]  Loss: 34.22 (36.6)  Loss_cat: 0.3346 (0.361)  Loss_feat: 31.20 (32.9)  Loss_gt: 2.004 (2.53)  Loss_kd: 0.6833 (0.797) LR: 3.143e-03
2025-09-02 12:03:52,779 -                train: [    INFO] - Train: 92 [1000/2502 ( 40%)]  Loss: 34.28 (36.2)  Loss_cat: 0.3393 (0.357)  Loss_feat: 31.27 (32.6)  Loss_gt: 2.025 (2.45)  Loss_kd: 0.6427 (0.771) LR: 3.143e-03
2025-09-02 12:04:43,474 -                train: [    INFO] - Train: 92 [1200/2502 ( 48%)]  Loss: 38.24 (36.5)  Loss_cat: 0.3705 (0.359)  Loss_feat: 33.95 (32.8)  Loss_gt: 2.941 (2.52)  Loss_kd: 0.9803 (0.801) LR: 3.143e-03
2025-09-02 12:05:34,310 -                train: [    INFO] - Train: 92 [1400/2502 ( 56%)]  Loss: 35.87 (36.4)  Loss_cat: 0.3568 (0.359)  Loss_feat: 32.60 (32.8)  Loss_gt: 2.260 (2.48)  Loss_kd: 0.6554 (0.783) LR: 3.143e-03
2025-09-02 12:06:25,462 -                train: [    INFO] - Train: 92 [1600/2502 ( 64%)]  Loss: 35.26 (36.3)  Loss_cat: 0.3503 (0.358)  Loss_feat: 31.99 (32.7)  Loss_gt: 2.254 (2.46)  Loss_kd: 0.6734 (0.770) LR: 3.143e-03
2025-09-02 12:07:19,227 -                train: [    INFO] - Train: 92 [1800/2502 ( 72%)]  Loss: 36.60 (36.3)  Loss_cat: 0.3578 (0.358)  Loss_feat: 32.94 (32.7)  Loss_gt: 2.539 (2.47)  Loss_kd: 0.7677 (0.770) LR: 3.143e-03
2025-09-02 12:08:09,956 -                train: [    INFO] - Train: 92 [2000/2502 ( 80%)]  Loss: 35.42 (36.2)  Loss_cat: 0.3513 (0.357)  Loss_feat: 32.14 (32.7)  Loss_gt: 2.221 (2.44)  Loss_kd: 0.7053 (0.764) LR: 3.143e-03
2025-09-02 12:09:01,382 -                train: [    INFO] - Train: 92 [2200/2502 ( 88%)]  Loss: 40.36 (36.6)  Loss_cat: 0.3937 (0.360)  Loss_feat: 35.39 (32.9)  Loss_gt: 3.475 (2.53)  Loss_kd: 1.107 (0.793) LR: 3.143e-03
2025-09-02 12:09:52,000 -                train: [    INFO] - Train: 92 [2400/2502 ( 96%)]  Loss: 37.41 (36.6)  Loss_cat: 0.3706 (0.361)  Loss_feat: 33.41 (32.9)  Loss_gt: 2.796 (2.55)  Loss_kd: 0.8308 (0.796) LR: 3.143e-03
2025-09-02 12:10:17,501 -                train: [    INFO] - Train: 92 [2501/2502 (100%)]  Loss: 35.84 (36.6)  Loss_cat: 0.3543 (0.361)  Loss_feat: 32.42 (32.9)  Loss_gt: 2.340 (2.54)  Loss_kd: 0.7261 (0.791) LR: 3.143e-03
2025-09-02 12:10:17,501 -                train: [    INFO] - Distributing BatchNorm running means and vars
2025-09-02 12:10:19,247 -                train: [    INFO] - Test: [   0/97]  Time: 1.741 (1.741)  Loss:  0.8214 (0.8214)  Acc@1: 80.4688 (80.4688)  Acc@5: 95.7031 (95.7031)
2025-09-02 12:10:37,163 -                train: [    INFO] - Test: [  97/97]  Time: 0.014 (0.201)  Loss:  0.9777 (1.2044)  Acc@1: 75.2976 (71.1880)  Acc@5: 92.2619 (90.7920)
2025-09-02 12:10:37,443 - timm.utils.checkpoint_saver: [    INFO] - Current checkpoints:
 ('./output/train/20250901-184723-mobilenetv2_vcaV2-224/checkpoint/checkpoint-92.pth.tar', 71.18800002441407)
 ('./output/train/20250901-184723-mobilenetv2_vcaV2-224/checkpoint/checkpoint-91.pth.tar', 71.10800002441407)
 ('./output/train/20250901-184723-mobilenetv2_vcaV2-224/checkpoint/checkpoint-90.pth.tar', 71.10800000732422)
 ('./output/train/20250901-184723-mobilenetv2_vcaV2-224/checkpoint/checkpoint-89.pth.tar', 70.7660000024414)
 ('./output/train/20250901-184723-mobilenetv2_vcaV2-224/checkpoint/checkpoint-88.pth.tar', 70.46600002929688)
 ('./output/train/20250901-184723-mobilenetv2_vcaV2-224/checkpoint/checkpoint-87.pth.tar', 70.45999999511719)
 ('./output/train/20250901-184723-mobilenetv2_vcaV2-224/checkpoint/checkpoint-85.pth.tar', 70.18600002929688)
 ('./output/train/20250901-184723-mobilenetv2_vcaV2-224/checkpoint/checkpoint-86.pth.tar', 69.768)
 ('./output/train/20250901-184723-mobilenetv2_vcaV2-224/checkpoint/checkpoint-84.pth.tar', 69.62600000488281)
 ('./output/train/20250901-184723-mobilenetv2_vcaV2-224/checkpoint/checkpoint-83.pth.tar', 69.496)

2025-09-02 12:10:39,030 -                train: [    INFO] - Test (EMA 0.99990): [   0/97]  Time: 1.580 (1.580)  Loss:  0.8060 (0.8060)  Acc@1: 81.0547 (81.0547)  Acc@5: 95.8984 (95.8984)
2025-09-02 12:10:55,024 -                train: [    INFO] - Test (EMA 0.99990): [  97/97]  Time: 0.014 (0.179)  Loss:  0.9836 (1.1885)  Acc@1: 75.5952 (71.3140)  Acc@5: 91.6667 (90.9260)
2025-09-02 12:10:55,245 - timm.utils.checkpoint_saver: [    INFO] - Current checkpoints:
 ('./output/train/20250901-184723-mobilenetv2_vcaV2-224/ema0.9999_checkpoint/checkpoint-92.pth.tar', 71.3139999975586)
 ('./output/train/20250901-184723-mobilenetv2_vcaV2-224/ema0.9999_checkpoint/checkpoint-91.pth.tar', 71.30399999755859)
 ('./output/train/20250901-184723-mobilenetv2_vcaV2-224/ema0.9999_checkpoint/checkpoint-90.pth.tar', 71.25200002197266)
 ('./output/train/20250901-184723-mobilenetv2_vcaV2-224/ema0.9999_checkpoint/checkpoint-89.pth.tar', 71.20799999755859)
 ('./output/train/20250901-184723-mobilenetv2_vcaV2-224/ema0.9999_checkpoint/checkpoint-88.pth.tar', 71.20600002197266)
 ('./output/train/20250901-184723-mobilenetv2_vcaV2-224/ema0.9999_checkpoint/checkpoint-87.pth.tar', 71.12000002197266)
 ('./output/train/20250901-184723-mobilenetv2_vcaV2-224/ema0.9999_checkpoint/checkpoint-86.pth.tar', 71.03600002197265)
 ('./output/train/20250901-184723-mobilenetv2_vcaV2-224/ema0.9999_checkpoint/checkpoint-85.pth.tar', 70.90000001953125)
 ('./output/train/20250901-184723-mobilenetv2_vcaV2-224/ema0.9999_checkpoint/checkpoint-84.pth.tar', 70.84799999511719)
 ('./output/train/20250901-184723-mobilenetv2_vcaV2-224/ema0.9999_checkpoint/checkpoint-83.pth.tar', 70.71999999511719)

2025-09-02 12:10:56,910 -                train: [    INFO] - Train: 93 [   0/2502 (  0%)]  Loss: 38.20 (38.2)  Loss_cat: 0.3742 (0.374)  Loss_feat: 34.04 (34.0)  Loss_gt: 2.907 (2.91)  Loss_kd: 0.8868 (0.887) LR: 2.409e-03
2025-09-02 12:11:47,792 -                train: [    INFO] - Train: 93 [ 200/2502 (  8%)]  Loss: 36.97 (37.6)  Loss_cat: 0.3682 (0.371)  Loss_feat: 33.20 (33.6)  Loss_gt: 2.649 (2.78)  Loss_kd: 0.7508 (0.819) LR: 2.409e-03
2025-09-02 12:12:40,454 -                train: [    INFO] - Train: 93 [ 400/2502 ( 16%)]  Loss: 36.50 (37.2)  Loss_cat: 0.3593 (0.367)  Loss_feat: 32.68 (33.3)  Loss_gt: 2.666 (2.74)  Loss_kd: 0.7924 (0.810) LR: 2.409e-03
2025-09-02 12:13:30,654 -                train: [    INFO] - Train: 93 [ 600/2502 ( 24%)]  Loss: 36.22 (37.0)  Loss_cat: 0.3511 (0.363)  Loss_feat: 32.46 (33.1)  Loss_gt: 2.578 (2.70)  Loss_kd: 0.8329 (0.816) LR: 2.409e-03
2025-09-02 12:14:21,557 -                train: [    INFO] - Train: 93 [ 800/2502 ( 32%)]  Loss: 37.76 (37.1)  Loss_cat: 0.3759 (0.366)  Loss_feat: 33.81 (33.2)  Loss_gt: 2.755 (2.71)  Loss_kd: 0.8189 (0.816) LR: 2.409e-03
2025-09-02 12:15:12,476 -                train: [    INFO] - Train: 93 [1000/2502 ( 40%)]  Loss: 39.37 (37.5)  Loss_cat: 0.3756 (0.367)  Loss_feat: 34.53 (33.5)  Loss_gt: 3.340 (2.82)  Loss_kd: 1.122 (0.867) LR: 2.409e-03
2025-09-02 12:16:02,934 -                train: [    INFO] - Train: 93 [1200/2502 ( 48%)]  Loss: 37.73 (37.5)  Loss_cat: 0.3734 (0.368)  Loss_feat: 33.70 (33.5)  Loss_gt: 2.777 (2.81)  Loss_kd: 0.8832 (0.870) LR: 2.409e-03
2025-09-02 12:17:46,174 -                train: [    INFO] - Train: 93 [1400/2502 ( 56%)]  Loss: 34.54 (37.2)  Loss_cat: 0.3395 (0.365)  Loss_feat: 31.44 (33.2)  Loss_gt: 2.131 (2.73)  Loss_kd: 0.6215 (0.839) LR: 2.409e-03
2025-09-02 12:20:10,975 -                train: [    INFO] - Train: 93 [1600/2502 ( 64%)]  Loss: 35.37 (37.0)  Loss_cat: 0.3498 (0.363)  Loss_feat: 32.19 (33.1)  Loss_gt: 2.185 (2.67)  Loss_kd: 0.6377 (0.816) LR: 2.409e-03
2025-09-02 12:22:32,512 -                train: [    INFO] - Train: 93 [1800/2502 ( 72%)]  Loss: 35.13 (36.8)  Loss_cat: 0.3470 (0.361)  Loss_feat: 32.00 (33.0)  Loss_gt: 2.125 (2.61)  Loss_kd: 0.6544 (0.800) LR: 2.409e-03
2025-09-02 12:25:00,693 -                train: [    INFO] - Train: 93 [2000/2502 ( 80%)]  Loss: 38.46 (36.9)  Loss_cat: 0.3813 (0.363)  Loss_feat: 34.20 (33.1)  Loss_gt: 2.976 (2.64)  Loss_kd: 0.9112 (0.810) LR: 2.409e-03
2025-09-02 12:27:20,208 -                train: [    INFO] - Train: 93 [2200/2502 ( 88%)]  Loss: 36.00 (36.9)  Loss_cat: 0.3569 (0.363)  Loss_feat: 32.52 (33.1)  Loss_gt: 2.390 (2.62)  Loss_kd: 0.7369 (0.804) LR: 2.409e-03
2025-09-02 12:29:57,376 -                train: [    INFO] - Train: 93 [2400/2502 ( 96%)]  Loss: 38.41 (37.0)  Loss_cat: 0.3741 (0.364)  Loss_feat: 34.06 (33.1)  Loss_gt: 3.050 (2.66)  Loss_kd: 0.9301 (0.814) LR: 2.409e-03
2025-09-02 12:31:08,813 -                train: [    INFO] - Train: 93 [2501/2502 (100%)]  Loss: 39.55 (37.2)  Loss_cat: 0.3945 (0.366)  Loss_feat: 35.06 (33.3)  Loss_gt: 3.212 (2.70)  Loss_kd: 0.8779 (0.818) LR: 2.409e-03
2025-09-02 12:31:08,813 -                train: [    INFO] - Distributing BatchNorm running means and vars
2025-09-02 12:31:16,368 -                train: [    INFO] - Test: [   0/97]  Time: 7.550 (7.550)  Loss:  0.8130 (0.8130)  Acc@1: 80.8594 (80.8594)  Acc@5: 95.7031 (95.7031)
2025-09-02 12:32:25,362 -                train: [    INFO] - Test: [  97/97]  Time: 0.014 (0.781)  Loss:  0.9613 (1.1957)  Acc@1: 77.0833 (71.2460)  Acc@5: 92.8571 (90.9080)
2025-09-02 12:32:26,261 - timm.utils.checkpoint_saver: [    INFO] - Current checkpoints:
 ('./output/train/20250901-184723-mobilenetv2_vcaV2-224/checkpoint/checkpoint-93.pth.tar', 71.24600001708984)
 ('./output/train/20250901-184723-mobilenetv2_vcaV2-224/checkpoint/checkpoint-92.pth.tar', 71.18800002441407)
 ('./output/train/20250901-184723-mobilenetv2_vcaV2-224/checkpoint/checkpoint-91.pth.tar', 71.10800002441407)
 ('./output/train/20250901-184723-mobilenetv2_vcaV2-224/checkpoint/checkpoint-90.pth.tar', 71.10800000732422)
 ('./output/train/20250901-184723-mobilenetv2_vcaV2-224/checkpoint/checkpoint-89.pth.tar', 70.7660000024414)
 ('./output/train/20250901-184723-mobilenetv2_vcaV2-224/checkpoint/checkpoint-88.pth.tar', 70.46600002929688)
 ('./output/train/20250901-184723-mobilenetv2_vcaV2-224/checkpoint/checkpoint-87.pth.tar', 70.45999999511719)
 ('./output/train/20250901-184723-mobilenetv2_vcaV2-224/checkpoint/checkpoint-85.pth.tar', 70.18600002929688)
 ('./output/train/20250901-184723-mobilenetv2_vcaV2-224/checkpoint/checkpoint-86.pth.tar', 69.768)
 ('./output/train/20250901-184723-mobilenetv2_vcaV2-224/checkpoint/checkpoint-84.pth.tar', 69.62600000488281)

2025-09-02 12:32:30,188 -                train: [    INFO] - Test (EMA 0.99990): [   0/97]  Time: 3.887 (3.887)  Loss:  0.8055 (0.8055)  Acc@1: 81.4453 (81.4453)  Acc@5: 95.7031 (95.7031)
2025-09-02 12:33:27,519 -                train: [    INFO] - Test (EMA 0.99990): [  97/97]  Time: 0.015 (0.625)  Loss:  0.9823 (1.1873)  Acc@1: 75.2976 (71.3820)  Acc@5: 91.9643 (90.9460)
2025-09-02 12:33:28,085 - timm.utils.checkpoint_saver: [    INFO] - Current checkpoints:
 ('./output/train/20250901-184723-mobilenetv2_vcaV2-224/ema0.9999_checkpoint/checkpoint-93.pth.tar', 71.38200002441407)
 ('./output/train/20250901-184723-mobilenetv2_vcaV2-224/ema0.9999_checkpoint/checkpoint-92.pth.tar', 71.3139999975586)
 ('./output/train/20250901-184723-mobilenetv2_vcaV2-224/ema0.9999_checkpoint/checkpoint-91.pth.tar', 71.30399999755859)
 ('./output/train/20250901-184723-mobilenetv2_vcaV2-224/ema0.9999_checkpoint/checkpoint-90.pth.tar', 71.25200002197266)
 ('./output/train/20250901-184723-mobilenetv2_vcaV2-224/ema0.9999_checkpoint/checkpoint-89.pth.tar', 71.20799999755859)
 ('./output/train/20250901-184723-mobilenetv2_vcaV2-224/ema0.9999_checkpoint/checkpoint-88.pth.tar', 71.20600002197266)
 ('./output/train/20250901-184723-mobilenetv2_vcaV2-224/ema0.9999_checkpoint/checkpoint-87.pth.tar', 71.12000002197266)
 ('./output/train/20250901-184723-mobilenetv2_vcaV2-224/ema0.9999_checkpoint/checkpoint-86.pth.tar', 71.03600002197265)
 ('./output/train/20250901-184723-mobilenetv2_vcaV2-224/ema0.9999_checkpoint/checkpoint-85.pth.tar', 70.90000001953125)
 ('./output/train/20250901-184723-mobilenetv2_vcaV2-224/ema0.9999_checkpoint/checkpoint-84.pth.tar', 70.84799999511719)

2025-09-02 12:33:33,499 -                train: [    INFO] - Train: 94 [   0/2502 (  0%)]  Loss: 39.38 (39.4)  Loss_cat: 0.3851 (0.385)  Loss_feat: 34.70 (34.7)  Loss_gt: 3.279 (3.28)  Loss_kd: 1.015 (1.02) LR: 1.772e-03
2025-09-02 12:36:09,179 -                train: [    INFO] - Train: 94 [ 200/2502 (  8%)]  Loss: 34.11 (36.7)  Loss_cat: 0.3325 (0.359)  Loss_feat: 31.17 (32.9)  Loss_gt: 1.981 (2.63)  Loss_kd: 0.6339 (0.825) LR: 1.772e-03
2025-09-02 12:38:28,190 -                train: [    INFO] - Train: 94 [ 400/2502 ( 16%)]  Loss: 36.59 (36.7)  Loss_cat: 0.3601 (0.359)  Loss_feat: 32.91 (32.9)  Loss_gt: 2.556 (2.61)  Loss_kd: 0.7644 (0.804) LR: 1.772e-03
2025-09-02 12:40:13,878 -                train: [    INFO] - Train: 94 [ 600/2502 ( 24%)]  Loss: 36.89 (36.7)  Loss_cat: 0.3636 (0.360)  Loss_feat: 33.20 (33.0)  Loss_gt: 2.588 (2.60)  Loss_kd: 0.7419 (0.789) LR: 1.772e-03
2025-09-02 12:41:04,396 -                train: [    INFO] - Train: 94 [ 800/2502 ( 32%)]  Loss: 39.04 (37.2)  Loss_cat: 0.3811 (0.364)  Loss_feat: 34.38 (33.3)  Loss_gt: 3.269 (2.73)  Loss_kd: 1.006 (0.832) LR: 1.772e-03
2025-09-02 12:41:54,788 -                train: [    INFO] - Train: 94 [1000/2502 ( 40%)]  Loss: 37.83 (37.3)  Loss_cat: 0.3659 (0.365)  Loss_feat: 33.73 (33.3)  Loss_gt: 2.877 (2.76)  Loss_kd: 0.8549 (0.836) LR: 1.772e-03
2025-09-02 12:42:46,373 -                train: [    INFO] - Train: 94 [1200/2502 ( 48%)]  Loss: 37.55 (37.3)  Loss_cat: 0.3789 (0.367)  Loss_feat: 33.66 (33.4)  Loss_gt: 2.652 (2.74)  Loss_kd: 0.8589 (0.839) LR: 1.772e-03
2025-09-02 12:43:37,472 -                train: [    INFO] - Train: 94 [1400/2502 ( 56%)]  Loss: 36.56 (37.2)  Loss_cat: 0.3607 (0.366)  Loss_feat: 32.91 (33.3)  Loss_gt: 2.533 (2.72)  Loss_kd: 0.7570 (0.829) LR: 1.772e-03
2025-09-02 12:44:28,217 -                train: [    INFO] - Train: 94 [1600/2502 ( 64%)]  Loss: 37.06 (37.2)  Loss_cat: 0.3632 (0.366)  Loss_feat: 33.26 (33.3)  Loss_gt: 2.628 (2.71)  Loss_kd: 0.8022 (0.826) LR: 1.772e-03
2025-09-02 12:45:18,624 -                train: [    INFO] - Train: 94 [1800/2502 ( 72%)]  Loss: 34.24 (36.9)  Loss_cat: 0.3374 (0.363)  Loss_feat: 31.23 (33.1)  Loss_gt: 2.002 (2.64)  Loss_kd: 0.6663 (0.810) LR: 1.772e-03
2025-09-02 12:46:09,062 -                train: [    INFO] - Train: 94 [2000/2502 ( 80%)]  Loss: 34.57 (36.7)  Loss_cat: 0.3410 (0.361)  Loss_feat: 31.56 (33.0)  Loss_gt: 2.052 (2.58)  Loss_kd: 0.6199 (0.793) LR: 1.772e-03
2025-09-02 12:46:59,593 -                train: [    INFO] - Train: 94 [2200/2502 ( 88%)]  Loss: 36.26 (36.7)  Loss_cat: 0.3524 (0.360)  Loss_feat: 32.60 (32.9)  Loss_gt: 2.544 (2.58)  Loss_kd: 0.7612 (0.790) LR: 1.772e-03
2025-09-02 12:47:50,122 -                train: [    INFO] - Train: 94 [2400/2502 ( 96%)]  Loss: 34.83 (36.5)  Loss_cat: 0.3423 (0.359)  Loss_feat: 31.78 (32.9)  Loss_gt: 2.082 (2.54)  Loss_kd: 0.6244 (0.777) LR: 1.772e-03
2025-09-02 12:48:15,489 -                train: [    INFO] - Train: 94 [2501/2502 (100%)]  Loss: 36.25 (36.5)  Loss_cat: 0.3585 (0.359)  Loss_feat: 32.81 (32.9)  Loss_gt: 2.374 (2.53)  Loss_kd: 0.7057 (0.772) LR: 1.772e-03
2025-09-02 12:48:15,489 -                train: [    INFO] - Distributing BatchNorm running means and vars
2025-09-02 12:48:17,205 -                train: [    INFO] - Test: [   0/97]  Time: 1.711 (1.711)  Loss:  0.8110 (0.8110)  Acc@1: 80.4688 (80.4688)  Acc@5: 95.5078 (95.5078)
2025-09-02 12:48:35,255 -                train: [    INFO] - Test: [  97/97]  Time: 0.014 (0.202)  Loss:  0.9756 (1.1981)  Acc@1: 74.4048 (71.3000)  Acc@5: 92.5595 (90.8920)
2025-09-02 12:48:35,530 - timm.utils.checkpoint_saver: [    INFO] - Current checkpoints:
 ('./output/train/20250901-184723-mobilenetv2_vcaV2-224/checkpoint/checkpoint-94.pth.tar', 71.30000000244141)
 ('./output/train/20250901-184723-mobilenetv2_vcaV2-224/checkpoint/checkpoint-93.pth.tar', 71.24600001708984)
 ('./output/train/20250901-184723-mobilenetv2_vcaV2-224/checkpoint/checkpoint-92.pth.tar', 71.18800002441407)
 ('./output/train/20250901-184723-mobilenetv2_vcaV2-224/checkpoint/checkpoint-91.pth.tar', 71.10800002441407)
 ('./output/train/20250901-184723-mobilenetv2_vcaV2-224/checkpoint/checkpoint-90.pth.tar', 71.10800000732422)
 ('./output/train/20250901-184723-mobilenetv2_vcaV2-224/checkpoint/checkpoint-89.pth.tar', 70.7660000024414)
 ('./output/train/20250901-184723-mobilenetv2_vcaV2-224/checkpoint/checkpoint-88.pth.tar', 70.46600002929688)
 ('./output/train/20250901-184723-mobilenetv2_vcaV2-224/checkpoint/checkpoint-87.pth.tar', 70.45999999511719)
 ('./output/train/20250901-184723-mobilenetv2_vcaV2-224/checkpoint/checkpoint-85.pth.tar', 70.18600002929688)
 ('./output/train/20250901-184723-mobilenetv2_vcaV2-224/checkpoint/checkpoint-86.pth.tar', 69.768)

2025-09-02 12:48:37,006 -                train: [    INFO] - Test (EMA 0.99990): [   0/97]  Time: 1.469 (1.469)  Loss:  0.8037 (0.8037)  Acc@1: 81.4453 (81.4453)  Acc@5: 95.8984 (95.8984)
2025-09-02 12:48:52,550 -                train: [    INFO] - Test (EMA 0.99990): [  97/97]  Time: 0.014 (0.174)  Loss:  0.9816 (1.1860)  Acc@1: 75.2976 (71.4240)  Acc@5: 92.2619 (90.9580)
2025-09-02 12:48:52,860 - timm.utils.checkpoint_saver: [    INFO] - Current checkpoints:
 ('./output/train/20250901-184723-mobilenetv2_vcaV2-224/ema0.9999_checkpoint/checkpoint-94.pth.tar', 71.42400002441406)
 ('./output/train/20250901-184723-mobilenetv2_vcaV2-224/ema0.9999_checkpoint/checkpoint-93.pth.tar', 71.38200002441407)
 ('./output/train/20250901-184723-mobilenetv2_vcaV2-224/ema0.9999_checkpoint/checkpoint-92.pth.tar', 71.3139999975586)
 ('./output/train/20250901-184723-mobilenetv2_vcaV2-224/ema0.9999_checkpoint/checkpoint-91.pth.tar', 71.30399999755859)
 ('./output/train/20250901-184723-mobilenetv2_vcaV2-224/ema0.9999_checkpoint/checkpoint-90.pth.tar', 71.25200002197266)
 ('./output/train/20250901-184723-mobilenetv2_vcaV2-224/ema0.9999_checkpoint/checkpoint-89.pth.tar', 71.20799999755859)
 ('./output/train/20250901-184723-mobilenetv2_vcaV2-224/ema0.9999_checkpoint/checkpoint-88.pth.tar', 71.20600002197266)
 ('./output/train/20250901-184723-mobilenetv2_vcaV2-224/ema0.9999_checkpoint/checkpoint-87.pth.tar', 71.12000002197266)
 ('./output/train/20250901-184723-mobilenetv2_vcaV2-224/ema0.9999_checkpoint/checkpoint-86.pth.tar', 71.03600002197265)
 ('./output/train/20250901-184723-mobilenetv2_vcaV2-224/ema0.9999_checkpoint/checkpoint-85.pth.tar', 70.90000001953125)

2025-09-02 12:48:54,801 -                train: [    INFO] - Train: 95 [   0/2502 (  0%)]  Loss: 39.30 (39.3)  Loss_cat: 0.3883 (0.388)  Loss_feat: 34.83 (34.8)  Loss_gt: 3.135 (3.14)  Loss_kd: 0.9418 (0.942) LR: 1.232e-03
2025-09-02 12:49:45,834 -                train: [    INFO] - Train: 95 [ 200/2502 (  8%)]  Loss: 35.93 (37.6)  Loss_cat: 0.3601 (0.374)  Loss_feat: 32.62 (33.7)  Loss_gt: 2.268 (2.70)  Loss_kd: 0.6772 (0.809) LR: 1.232e-03
2025-09-02 12:50:36,116 -                train: [    INFO] - Train: 95 [ 400/2502 ( 16%)]  Loss: 36.53 (37.3)  Loss_cat: 0.3618 (0.370)  Loss_feat: 33.03 (33.5)  Loss_gt: 2.475 (2.63)  Loss_kd: 0.6671 (0.762) LR: 1.232e-03
2025-09-02 12:51:26,578 -                train: [    INFO] - Train: 95 [ 600/2502 ( 24%)]  Loss: 36.82 (37.1)  Loss_cat: 0.3586 (0.367)  Loss_feat: 33.07 (33.4)  Loss_gt: 2.598 (2.62)  Loss_kd: 0.7931 (0.770) LR: 1.232e-03
2025-09-02 12:52:16,989 -                train: [    INFO] - Train: 95 [ 800/2502 ( 32%)]  Loss: 36.99 (37.1)  Loss_cat: 0.3592 (0.366)  Loss_feat: 33.13 (33.3)  Loss_gt: 2.652 (2.63)  Loss_kd: 0.8545 (0.787) LR: 1.232e-03
2025-09-02 12:53:07,369 -                train: [    INFO] - Train: 95 [1000/2502 ( 40%)]  Loss: 34.49 (36.7)  Loss_cat: 0.3395 (0.361)  Loss_feat: 31.41 (33.0)  Loss_gt: 2.056 (2.53)  Loss_kd: 0.6855 (0.770) LR: 1.232e-03
2025-09-02 12:53:58,297 -                train: [    INFO] - Train: 95 [1200/2502 ( 48%)]  Loss: 40.24 (37.2)  Loss_cat: 0.3879 (0.365)  Loss_feat: 35.14 (33.3)  Loss_gt: 3.553 (2.68)  Loss_kd: 1.156 (0.825) LR: 1.232e-03
2025-09-02 12:54:48,496 -                train: [    INFO] - Train: 95 [1400/2502 ( 56%)]  Loss: 35.70 (37.0)  Loss_cat: 0.3515 (0.363)  Loss_feat: 32.33 (33.2)  Loss_gt: 2.311 (2.63)  Loss_kd: 0.7082 (0.810) LR: 1.232e-03
2025-09-02 12:55:39,061 -                train: [    INFO] - Train: 95 [1600/2502 ( 64%)]  Loss: 35.62 (36.8)  Loss_cat: 0.3545 (0.362)  Loss_feat: 32.40 (33.1)  Loss_gt: 2.204 (2.58)  Loss_kd: 0.6520 (0.793) LR: 1.232e-03
2025-09-02 12:56:29,433 -                train: [    INFO] - Train: 95 [1800/2502 ( 72%)]  Loss: 35.74 (36.7)  Loss_cat: 0.3465 (0.361)  Loss_feat: 32.19 (33.0)  Loss_gt: 2.449 (2.57)  Loss_kd: 0.7551 (0.789) LR: 1.232e-03
2025-09-02 12:57:20,106 -                train: [    INFO] - Train: 95 [2000/2502 ( 80%)]  Loss: 37.54 (36.8)  Loss_cat: 0.3635 (0.361)  Loss_feat: 33.55 (33.1)  Loss_gt: 2.771 (2.59)  Loss_kd: 0.8630 (0.796) LR: 1.232e-03
2025-09-02 12:58:10,392 -                train: [    INFO] - Train: 95 [2200/2502 ( 88%)]  Loss: 38.35 (36.9)  Loss_cat: 0.3824 (0.363)  Loss_feat: 34.19 (33.2)  Loss_gt: 2.900 (2.61)  Loss_kd: 0.8848 (0.803) LR: 1.232e-03
2025-09-02 12:59:01,038 -                train: [    INFO] - Train: 95 [2400/2502 ( 96%)]  Loss: 38.43 (37.1)  Loss_cat: 0.3837 (0.364)  Loss_feat: 34.32 (33.2)  Loss_gt: 2.886 (2.64)  Loss_kd: 0.8438 (0.806) LR: 1.232e-03
2025-09-02 12:59:26,351 -                train: [    INFO] - Train: 95 [2501/2502 (100%)]  Loss: 36.41 (37.0)  Loss_cat: 0.3600 (0.364)  Loss_feat: 32.92 (33.2)  Loss_gt: 2.408 (2.62)  Loss_kd: 0.7214 (0.800) LR: 1.232e-03
2025-09-02 12:59:26,351 -                train: [    INFO] - Distributing BatchNorm running means and vars
2025-09-02 12:59:28,140 -                train: [    INFO] - Test: [   0/97]  Time: 1.784 (1.784)  Loss:  0.7968 (0.7968)  Acc@1: 80.4688 (80.4688)  Acc@5: 95.8984 (95.8984)
2025-09-02 12:59:45,239 -                train: [    INFO] - Test: [  97/97]  Time: 0.014 (0.193)  Loss:  0.9962 (1.1887)  Acc@1: 74.4048 (71.3980)  Acc@5: 91.9643 (90.9520)
2025-09-02 12:59:45,504 - timm.utils.checkpoint_saver: [    INFO] - Current checkpoints:
 ('./output/train/20250901-184723-mobilenetv2_vcaV2-224/checkpoint/checkpoint-95.pth.tar', 71.3980000024414)
 ('./output/train/20250901-184723-mobilenetv2_vcaV2-224/checkpoint/checkpoint-94.pth.tar', 71.30000000244141)
 ('./output/train/20250901-184723-mobilenetv2_vcaV2-224/checkpoint/checkpoint-93.pth.tar', 71.24600001708984)
 ('./output/train/20250901-184723-mobilenetv2_vcaV2-224/checkpoint/checkpoint-92.pth.tar', 71.18800002441407)
 ('./output/train/20250901-184723-mobilenetv2_vcaV2-224/checkpoint/checkpoint-91.pth.tar', 71.10800002441407)
 ('./output/train/20250901-184723-mobilenetv2_vcaV2-224/checkpoint/checkpoint-90.pth.tar', 71.10800000732422)
 ('./output/train/20250901-184723-mobilenetv2_vcaV2-224/checkpoint/checkpoint-89.pth.tar', 70.7660000024414)
 ('./output/train/20250901-184723-mobilenetv2_vcaV2-224/checkpoint/checkpoint-88.pth.tar', 70.46600002929688)
 ('./output/train/20250901-184723-mobilenetv2_vcaV2-224/checkpoint/checkpoint-87.pth.tar', 70.45999999511719)
 ('./output/train/20250901-184723-mobilenetv2_vcaV2-224/checkpoint/checkpoint-85.pth.tar', 70.18600002929688)

2025-09-02 12:59:46,896 -                train: [    INFO] - Test (EMA 0.99990): [   0/97]  Time: 1.382 (1.382)  Loss:  0.8018 (0.8018)  Acc@1: 81.2500 (81.2500)  Acc@5: 95.8984 (95.8984)
2025-09-02 13:00:03,069 -                train: [    INFO] - Test (EMA 0.99990): [  97/97]  Time: 0.014 (0.179)  Loss:  0.9821 (1.1851)  Acc@1: 75.2976 (71.4500)  Acc@5: 92.5595 (90.9580)
2025-09-02 13:00:03,361 - timm.utils.checkpoint_saver: [    INFO] - Current checkpoints:
 ('./output/train/20250901-184723-mobilenetv2_vcaV2-224/ema0.9999_checkpoint/checkpoint-95.pth.tar', 71.45000002441407)
 ('./output/train/20250901-184723-mobilenetv2_vcaV2-224/ema0.9999_checkpoint/checkpoint-94.pth.tar', 71.42400002441406)
 ('./output/train/20250901-184723-mobilenetv2_vcaV2-224/ema0.9999_checkpoint/checkpoint-93.pth.tar', 71.38200002441407)
 ('./output/train/20250901-184723-mobilenetv2_vcaV2-224/ema0.9999_checkpoint/checkpoint-92.pth.tar', 71.3139999975586)
 ('./output/train/20250901-184723-mobilenetv2_vcaV2-224/ema0.9999_checkpoint/checkpoint-91.pth.tar', 71.30399999755859)
 ('./output/train/20250901-184723-mobilenetv2_vcaV2-224/ema0.9999_checkpoint/checkpoint-90.pth.tar', 71.25200002197266)
 ('./output/train/20250901-184723-mobilenetv2_vcaV2-224/ema0.9999_checkpoint/checkpoint-89.pth.tar', 71.20799999755859)
 ('./output/train/20250901-184723-mobilenetv2_vcaV2-224/ema0.9999_checkpoint/checkpoint-88.pth.tar', 71.20600002197266)
 ('./output/train/20250901-184723-mobilenetv2_vcaV2-224/ema0.9999_checkpoint/checkpoint-87.pth.tar', 71.12000002197266)
 ('./output/train/20250901-184723-mobilenetv2_vcaV2-224/ema0.9999_checkpoint/checkpoint-86.pth.tar', 71.03600002197265)

2025-09-02 13:00:05,518 -                train: [    INFO] - Train: 96 [   0/2502 (  0%)]  Loss: 37.75 (37.7)  Loss_cat: 0.3705 (0.371)  Loss_feat: 33.73 (33.7)  Loss_gt: 2.789 (2.79)  Loss_kd: 0.8619 (0.862) LR: 7.895e-04
2025-09-02 13:00:56,675 -                train: [    INFO] - Train: 96 [ 200/2502 (  8%)]  Loss: 35.43 (36.6)  Loss_cat: 0.3516 (0.361)  Loss_feat: 32.06 (32.9)  Loss_gt: 2.308 (2.55)  Loss_kd: 0.7109 (0.786) LR: 7.895e-04
2025-09-02 13:01:47,150 -                train: [    INFO] - Train: 96 [ 400/2502 ( 16%)]  Loss: 37.60 (36.9)  Loss_cat: 0.3760 (0.366)  Loss_feat: 33.80 (33.2)  Loss_gt: 2.688 (2.59)  Loss_kd: 0.7386 (0.770) LR: 7.895e-04
2025-09-02 13:02:38,073 -                train: [    INFO] - Train: 96 [ 600/2502 ( 24%)]  Loss: 35.72 (36.6)  Loss_cat: 0.3538 (0.363)  Loss_feat: 32.32 (33.0)  Loss_gt: 2.342 (2.53)  Loss_kd: 0.7017 (0.753) LR: 7.895e-04
2025-09-02 13:03:29,780 -                train: [    INFO] - Train: 96 [ 800/2502 ( 32%)]  Loss: 37.26 (36.8)  Loss_cat: 0.3743 (0.365)  Loss_feat: 33.46 (33.1)  Loss_gt: 2.647 (2.55)  Loss_kd: 0.7763 (0.758) LR: 7.895e-04
2025-09-02 13:04:29,369 -                train: [    INFO] - Train: 96 [1000/2502 ( 40%)]  Loss: 37.87 (36.9)  Loss_cat: 0.3749 (0.367)  Loss_feat: 33.67 (33.2)  Loss_gt: 2.916 (2.61)  Loss_kd: 0.9077 (0.783) LR: 7.895e-04
2025-09-02 13:06:20,018 -                train: [    INFO] - Train: 96 [1200/2502 ( 48%)]  Loss: 34.33 (36.6)  Loss_cat: 0.3376 (0.363)  Loss_feat: 31.26 (32.9)  Loss_gt: 2.113 (2.54)  Loss_kd: 0.6199 (0.760) LR: 7.895e-04
2025-09-02 13:07:36,445 -                train: [    INFO] - Train: 96 [1400/2502 ( 56%)]  Loss: 34.97 (36.4)  Loss_cat: 0.3462 (0.361)  Loss_feat: 31.89 (32.8)  Loss_gt: 2.095 (2.49)  Loss_kd: 0.6382 (0.744) LR: 7.895e-04
2025-09-02 13:09:08,034 -                train: [    INFO] - Train: 96 [1600/2502 ( 64%)]  Loss: 36.51 (36.4)  Loss_cat: 0.3622 (0.361)  Loss_feat: 32.92 (32.8)  Loss_gt: 2.481 (2.49)  Loss_kd: 0.7486 (0.745) LR: 7.895e-04
2025-09-02 13:10:05,682 -                train: [    INFO] - Train: 96 [1800/2502 ( 72%)]  Loss: 39.15 (36.7)  Loss_cat: 0.3890 (0.364)  Loss_feat: 34.60 (33.0)  Loss_gt: 3.144 (2.55)  Loss_kd: 1.019 (0.772) LR: 7.895e-04
2025-09-02 13:10:57,440 -                train: [    INFO] - Train: 96 [2000/2502 ( 80%)]  Loss: 39.70 (36.9)  Loss_cat: 0.3899 (0.366)  Loss_feat: 35.00 (33.2)  Loss_gt: 3.334 (2.62)  Loss_kd: 0.9746 (0.791) LR: 7.895e-04
2025-09-02 13:11:49,199 -                train: [    INFO] - Train: 96 [2200/2502 ( 88%)]  Loss: 39.34 (37.1)  Loss_cat: 0.3835 (0.367)  Loss_feat: 34.64 (33.3)  Loss_gt: 3.281 (2.68)  Loss_kd: 1.038 (0.811) LR: 7.895e-04
2025-09-02 13:12:46,815 -                train: [    INFO] - Train: 96 [2400/2502 ( 96%)]  Loss: 33.68 (36.9)  Loss_cat: 0.3286 (0.364)  Loss_feat: 30.86 (33.1)  Loss_gt: 1.895 (2.62)  Loss_kd: 0.5951 (0.795) LR: 7.895e-04
2025-09-02 13:13:34,088 -                train: [    INFO] - Train: 96 [2501/2502 (100%)]  Loss: 38.32 (37.0)  Loss_cat: 0.3683 (0.365)  Loss_feat: 33.93 (33.2)  Loss_gt: 3.060 (2.65)  Loss_kd: 0.9613 (0.807) LR: 7.895e-04
2025-09-02 13:13:34,089 -                train: [    INFO] - Distributing BatchNorm running means and vars
2025-09-02 13:13:36,941 -                train: [    INFO] - Test: [   0/97]  Time: 2.842 (2.842)  Loss:  0.7990 (0.7990)  Acc@1: 80.4688 (80.4688)  Acc@5: 96.0938 (96.0938)
2025-09-02 13:14:05,753 -                train: [    INFO] - Test: [  97/97]  Time: 0.045 (0.323)  Loss:  0.9732 (1.1864)  Acc@1: 74.4048 (71.5520)  Acc@5: 92.2619 (91.0020)
2025-09-02 13:14:06,125 - timm.utils.checkpoint_saver: [    INFO] - Current checkpoints:
 ('./output/train/20250901-184723-mobilenetv2_vcaV2-224/checkpoint/checkpoint-96.pth.tar', 71.5520000024414)
 ('./output/train/20250901-184723-mobilenetv2_vcaV2-224/checkpoint/checkpoint-95.pth.tar', 71.3980000024414)
 ('./output/train/20250901-184723-mobilenetv2_vcaV2-224/checkpoint/checkpoint-94.pth.tar', 71.30000000244141)
 ('./output/train/20250901-184723-mobilenetv2_vcaV2-224/checkpoint/checkpoint-93.pth.tar', 71.24600001708984)
 ('./output/train/20250901-184723-mobilenetv2_vcaV2-224/checkpoint/checkpoint-92.pth.tar', 71.18800002441407)
 ('./output/train/20250901-184723-mobilenetv2_vcaV2-224/checkpoint/checkpoint-91.pth.tar', 71.10800002441407)
 ('./output/train/20250901-184723-mobilenetv2_vcaV2-224/checkpoint/checkpoint-90.pth.tar', 71.10800000732422)
 ('./output/train/20250901-184723-mobilenetv2_vcaV2-224/checkpoint/checkpoint-89.pth.tar', 70.7660000024414)
 ('./output/train/20250901-184723-mobilenetv2_vcaV2-224/checkpoint/checkpoint-88.pth.tar', 70.46600002929688)
 ('./output/train/20250901-184723-mobilenetv2_vcaV2-224/checkpoint/checkpoint-87.pth.tar', 70.45999999511719)

2025-09-02 13:14:08,495 -                train: [    INFO] - Test (EMA 0.99990): [   0/97]  Time: 2.363 (2.363)  Loss:  0.7987 (0.7987)  Acc@1: 81.2500 (81.2500)  Acc@5: 95.8984 (95.8984)
2025-09-02 13:14:32,337 -                train: [    INFO] - Test (EMA 0.99990): [  97/97]  Time: 0.014 (0.267)  Loss:  0.9819 (1.1844)  Acc@1: 75.2976 (71.4460)  Acc@5: 92.2619 (90.9800)
2025-09-02 13:14:32,647 - timm.utils.checkpoint_saver: [    INFO] - Current checkpoints:
 ('./output/train/20250901-184723-mobilenetv2_vcaV2-224/ema0.9999_checkpoint/checkpoint-95.pth.tar', 71.45000002441407)
 ('./output/train/20250901-184723-mobilenetv2_vcaV2-224/ema0.9999_checkpoint/checkpoint-96.pth.tar', 71.44600002441406)
 ('./output/train/20250901-184723-mobilenetv2_vcaV2-224/ema0.9999_checkpoint/checkpoint-94.pth.tar', 71.42400002441406)
 ('./output/train/20250901-184723-mobilenetv2_vcaV2-224/ema0.9999_checkpoint/checkpoint-93.pth.tar', 71.38200002441407)
 ('./output/train/20250901-184723-mobilenetv2_vcaV2-224/ema0.9999_checkpoint/checkpoint-92.pth.tar', 71.3139999975586)
 ('./output/train/20250901-184723-mobilenetv2_vcaV2-224/ema0.9999_checkpoint/checkpoint-91.pth.tar', 71.30399999755859)
 ('./output/train/20250901-184723-mobilenetv2_vcaV2-224/ema0.9999_checkpoint/checkpoint-90.pth.tar', 71.25200002197266)
 ('./output/train/20250901-184723-mobilenetv2_vcaV2-224/ema0.9999_checkpoint/checkpoint-89.pth.tar', 71.20799999755859)
 ('./output/train/20250901-184723-mobilenetv2_vcaV2-224/ema0.9999_checkpoint/checkpoint-88.pth.tar', 71.20600002197266)
 ('./output/train/20250901-184723-mobilenetv2_vcaV2-224/ema0.9999_checkpoint/checkpoint-87.pth.tar', 71.12000002197266)

2025-09-02 13:14:36,451 -                train: [    INFO] - Train: 97 [   0/2502 (  0%)]  Loss: 37.64 (37.6)  Loss_cat: 0.3727 (0.373)  Loss_feat: 33.77 (33.8)  Loss_gt: 2.712 (2.71)  Loss_kd: 0.7857 (0.786) LR: 4.448e-04
2025-09-02 13:15:58,477 -                train: [    INFO] - Train: 97 [ 200/2502 (  8%)]  Loss: 34.93 (36.3)  Loss_cat: 0.3475 (0.360)  Loss_feat: 31.80 (32.8)  Loss_gt: 2.159 (2.44)  Loss_kd: 0.6302 (0.708) LR: 4.448e-04
2025-09-02 13:17:04,497 -                train: [    INFO] - Train: 97 [ 400/2502 ( 16%)]  Loss: 39.45 (37.3)  Loss_cat: 0.3831 (0.368)  Loss_feat: 34.67 (33.4)  Loss_gt: 3.286 (2.72)  Loss_kd: 1.114 (0.843) LR: 4.448e-04
2025-09-02 13:18:09,217 -                train: [    INFO] - Train: 97 [ 600/2502 ( 24%)]  Loss: 34.75 (36.7)  Loss_cat: 0.3418 (0.361)  Loss_feat: 31.54 (32.9)  Loss_gt: 2.172 (2.58)  Loss_kd: 0.6869 (0.804) LR: 4.448e-04
2025-09-02 13:18:59,438 -                train: [    INFO] - Train: 97 [ 800/2502 ( 32%)]  Loss: 37.77 (36.9)  Loss_cat: 0.3774 (0.364)  Loss_feat: 33.77 (33.1)  Loss_gt: 2.794 (2.62)  Loss_kd: 0.8289 (0.809) LR: 4.448e-04
2025-09-02 13:19:50,046 -                train: [    INFO] - Train: 97 [1000/2502 ( 40%)]  Loss: 37.99 (37.1)  Loss_cat: 0.3677 (0.365)  Loss_feat: 33.76 (33.2)  Loss_gt: 2.918 (2.67)  Loss_kd: 0.9419 (0.831) LR: 4.448e-04
2025-09-02 13:20:40,875 -                train: [    INFO] - Train: 97 [1200/2502 ( 48%)]  Loss: 37.32 (37.1)  Loss_cat: 0.3703 (0.366)  Loss_feat: 33.46 (33.3)  Loss_gt: 2.701 (2.68)  Loss_kd: 0.7962 (0.826) LR: 4.448e-04
2025-09-02 13:21:31,482 -                train: [    INFO] - Train: 97 [1400/2502 ( 56%)]  Loss: 37.31 (37.1)  Loss_cat: 0.3683 (0.366)  Loss_feat: 33.49 (33.3)  Loss_gt: 2.665 (2.68)  Loss_kd: 0.7858 (0.821) LR: 4.448e-04
2025-09-02 13:22:21,779 -                train: [    INFO] - Train: 97 [1600/2502 ( 64%)]  Loss: 35.91 (37.0)  Loss_cat: 0.3571 (0.365)  Loss_feat: 32.62 (33.2)  Loss_gt: 2.262 (2.63)  Loss_kd: 0.6642 (0.804) LR: 4.448e-04
2025-09-02 13:23:12,481 -                train: [    INFO] - Train: 97 [1800/2502 ( 72%)]  Loss: 37.23 (37.0)  Loss_cat: 0.3611 (0.365)  Loss_feat: 33.24 (33.2)  Loss_gt: 2.806 (2.65)  Loss_kd: 0.8293 (0.806) LR: 4.448e-04
2025-09-02 13:24:03,518 -                train: [    INFO] - Train: 97 [2000/2502 ( 80%)]  Loss: 38.66 (37.2)  Loss_cat: 0.3842 (0.366)  Loss_feat: 34.33 (33.3)  Loss_gt: 3.065 (2.69)  Loss_kd: 0.8822 (0.813) LR: 4.448e-04
2025-09-02 13:24:54,859 -                train: [    INFO] - Train: 97 [2200/2502 ( 88%)]  Loss: 38.51 (37.3)  Loss_cat: 0.3682 (0.367)  Loss_feat: 34.14 (33.4)  Loss_gt: 3.075 (2.72)  Loss_kd: 0.9290 (0.823) LR: 4.448e-04
2025-09-02 13:25:45,470 -                train: [    INFO] - Train: 97 [2400/2502 ( 96%)]  Loss: 37.56 (37.3)  Loss_cat: 0.3755 (0.367)  Loss_feat: 33.80 (33.4)  Loss_gt: 2.637 (2.71)  Loss_kd: 0.7553 (0.818) LR: 4.448e-04
2025-09-02 13:26:10,845 -                train: [    INFO] - Train: 97 [2501/2502 (100%)]  Loss: 36.54 (37.3)  Loss_cat: 0.3588 (0.367)  Loss_feat: 32.93 (33.4)  Loss_gt: 2.513 (2.70)  Loss_kd: 0.7341 (0.812) LR: 4.448e-04
2025-09-02 13:26:10,845 -                train: [    INFO] - Distributing BatchNorm running means and vars
2025-09-02 13:26:12,679 -                train: [    INFO] - Test: [   0/97]  Time: 1.699 (1.699)  Loss:  0.8074 (0.8074)  Acc@1: 79.8828 (79.8828)  Acc@5: 95.8984 (95.8984)
2025-09-02 13:26:30,278 -                train: [    INFO] - Test: [  97/97]  Time: 0.014 (0.197)  Loss:  0.9881 (1.1844)  Acc@1: 74.4048 (71.5060)  Acc@5: 91.9643 (90.9900)
2025-09-02 13:26:30,423 - timm.utils.checkpoint_saver: [    INFO] - Current checkpoints:
 ('./output/train/20250901-184723-mobilenetv2_vcaV2-224/checkpoint/checkpoint-96.pth.tar', 71.5520000024414)
 ('./output/train/20250901-184723-mobilenetv2_vcaV2-224/checkpoint/checkpoint-97.pth.tar', 71.50600000244141)
 ('./output/train/20250901-184723-mobilenetv2_vcaV2-224/checkpoint/checkpoint-95.pth.tar', 71.3980000024414)
 ('./output/train/20250901-184723-mobilenetv2_vcaV2-224/checkpoint/checkpoint-94.pth.tar', 71.30000000244141)
 ('./output/train/20250901-184723-mobilenetv2_vcaV2-224/checkpoint/checkpoint-93.pth.tar', 71.24600001708984)
 ('./output/train/20250901-184723-mobilenetv2_vcaV2-224/checkpoint/checkpoint-92.pth.tar', 71.18800002441407)
 ('./output/train/20250901-184723-mobilenetv2_vcaV2-224/checkpoint/checkpoint-91.pth.tar', 71.10800002441407)
 ('./output/train/20250901-184723-mobilenetv2_vcaV2-224/checkpoint/checkpoint-90.pth.tar', 71.10800000732422)
 ('./output/train/20250901-184723-mobilenetv2_vcaV2-224/checkpoint/checkpoint-89.pth.tar', 70.7660000024414)
 ('./output/train/20250901-184723-mobilenetv2_vcaV2-224/checkpoint/checkpoint-88.pth.tar', 70.46600002929688)

2025-09-02 13:26:31,821 -                train: [    INFO] - Test (EMA 0.99990): [   0/97]  Time: 1.392 (1.392)  Loss:  0.7983 (0.7983)  Acc@1: 81.2500 (81.2500)  Acc@5: 96.0938 (96.0938)
2025-09-02 13:26:47,105 -                train: [    INFO] - Test (EMA 0.99990): [  97/97]  Time: 0.014 (0.170)  Loss:  0.9826 (1.1840)  Acc@1: 75.2976 (71.4780)  Acc@5: 92.2619 (90.9980)
2025-09-02 13:26:47,303 - timm.utils.checkpoint_saver: [    INFO] - Current checkpoints:
 ('./output/train/20250901-184723-mobilenetv2_vcaV2-224/ema0.9999_checkpoint/checkpoint-97.pth.tar', 71.47800002441406)
 ('./output/train/20250901-184723-mobilenetv2_vcaV2-224/ema0.9999_checkpoint/checkpoint-95.pth.tar', 71.45000002441407)
 ('./output/train/20250901-184723-mobilenetv2_vcaV2-224/ema0.9999_checkpoint/checkpoint-96.pth.tar', 71.44600002441406)
 ('./output/train/20250901-184723-mobilenetv2_vcaV2-224/ema0.9999_checkpoint/checkpoint-94.pth.tar', 71.42400002441406)
 ('./output/train/20250901-184723-mobilenetv2_vcaV2-224/ema0.9999_checkpoint/checkpoint-93.pth.tar', 71.38200002441407)
 ('./output/train/20250901-184723-mobilenetv2_vcaV2-224/ema0.9999_checkpoint/checkpoint-92.pth.tar', 71.3139999975586)
 ('./output/train/20250901-184723-mobilenetv2_vcaV2-224/ema0.9999_checkpoint/checkpoint-91.pth.tar', 71.30399999755859)
 ('./output/train/20250901-184723-mobilenetv2_vcaV2-224/ema0.9999_checkpoint/checkpoint-90.pth.tar', 71.25200002197266)
 ('./output/train/20250901-184723-mobilenetv2_vcaV2-224/ema0.9999_checkpoint/checkpoint-89.pth.tar', 71.20799999755859)
 ('./output/train/20250901-184723-mobilenetv2_vcaV2-224/ema0.9999_checkpoint/checkpoint-88.pth.tar', 71.20600002197266)

2025-09-02 13:26:49,217 -                train: [    INFO] - Train: 98 [   0/2502 (  0%)]  Loss: 37.00 (37.0)  Loss_cat: 0.3574 (0.357)  Loss_feat: 33.10 (33.1)  Loss_gt: 2.737 (2.74)  Loss_kd: 0.8074 (0.807) LR: 1.983e-04
2025-09-02 13:27:40,174 -                train: [    INFO] - Train: 98 [ 200/2502 (  8%)]  Loss: 37.16 (37.1)  Loss_cat: 0.3678 (0.363)  Loss_feat: 33.38 (33.2)  Loss_gt: 2.626 (2.68)  Loss_kd: 0.7882 (0.798) LR: 1.983e-04
2025-09-02 13:28:30,679 -                train: [    INFO] - Train: 98 [ 400/2502 ( 16%)]  Loss: 35.64 (36.6)  Loss_cat: 0.3510 (0.359)  Loss_feat: 32.29 (32.9)  Loss_gt: 2.331 (2.56)  Loss_kd: 0.6642 (0.753) LR: 1.983e-04
2025-09-02 13:29:23,367 -                train: [    INFO] - Train: 98 [ 600/2502 ( 24%)]  Loss: 36.64 (36.6)  Loss_cat: 0.3562 (0.358)  Loss_feat: 32.97 (32.9)  Loss_gt: 2.555 (2.56)  Loss_kd: 0.7610 (0.755) LR: 1.983e-04
2025-09-02 13:30:30,979 -                train: [    INFO] - Train: 98 [ 800/2502 ( 32%)]  Loss: 35.72 (36.4)  Loss_cat: 0.3477 (0.356)  Loss_feat: 32.21 (32.8)  Loss_gt: 2.447 (2.54)  Loss_kd: 0.7221 (0.749) LR: 1.983e-04
2025-09-02 13:32:22,383 -                train: [    INFO] - Train: 98 [1000/2502 ( 40%)]  Loss: 38.04 (36.7)  Loss_cat: 0.3771 (0.360)  Loss_feat: 33.97 (33.0)  Loss_gt: 2.841 (2.59)  Loss_kd: 0.8570 (0.767) LR: 1.983e-04
2025-09-02 13:33:24,261 -                train: [    INFO] - Train: 98 [1200/2502 ( 48%)]  Loss: 39.42 (37.1)  Loss_cat: 0.3801 (0.362)  Loss_feat: 34.65 (33.2)  Loss_gt: 3.402 (2.71)  Loss_kd: 0.9959 (0.799) LR: 1.983e-04
2025-09-02 13:34:39,356 -                train: [    INFO] - Train: 98 [1400/2502 ( 56%)]  Loss: 36.31 (37.0)  Loss_cat: 0.3619 (0.362)  Loss_feat: 32.84 (33.2)  Loss_gt: 2.438 (2.67)  Loss_kd: 0.6735 (0.784) LR: 1.983e-04
2025-09-02 13:35:34,746 -                train: [    INFO] - Train: 98 [1600/2502 ( 64%)]  Loss: 40.09 (37.3)  Loss_cat: 0.3959 (0.366)  Loss_feat: 35.23 (33.4)  Loss_gt: 3.418 (2.75)  Loss_kd: 1.048 (0.813) LR: 1.983e-04
2025-09-02 13:36:29,248 -                train: [    INFO] - Train: 98 [1800/2502 ( 72%)]  Loss: 37.97 (37.4)  Loss_cat: 0.3691 (0.366)  Loss_feat: 33.75 (33.4)  Loss_gt: 2.933 (2.77)  Loss_kd: 0.9201 (0.824) LR: 1.983e-04
2025-09-02 13:37:30,071 -                train: [    INFO] - Train: 98 [2000/2502 ( 80%)]  Loss: 40.13 (37.6)  Loss_cat: 0.3924 (0.369)  Loss_feat: 35.27 (33.6)  Loss_gt: 3.416 (2.83)  Loss_kd: 1.056 (0.845) LR: 1.983e-04
2025-09-02 13:38:25,228 -                train: [    INFO] - Train: 98 [2200/2502 ( 88%)]  Loss: 37.09 (37.6)  Loss_cat: 0.3633 (0.368)  Loss_feat: 33.20 (33.6)  Loss_gt: 2.727 (2.82)  Loss_kd: 0.8007 (0.841) LR: 1.983e-04
2025-09-02 13:39:22,664 -                train: [    INFO] - Train: 98 [2400/2502 ( 96%)]  Loss: 39.65 (37.8)  Loss_cat: 0.3823 (0.369)  Loss_feat: 34.72 (33.7)  Loss_gt: 3.435 (2.87)  Loss_kd: 1.108 (0.862) LR: 1.983e-04
2025-09-02 13:39:49,007 -                train: [    INFO] - Train: 98 [2501/2502 (100%)]  Loss: 34.00 (37.5)  Loss_cat: 0.3332 (0.367)  Loss_feat: 30.94 (33.5)  Loss_gt: 2.115 (2.82)  Loss_kd: 0.6066 (0.844) LR: 1.983e-04
2025-09-02 13:39:49,008 -                train: [    INFO] - Distributing BatchNorm running means and vars
2025-09-02 13:39:51,077 -                train: [    INFO] - Test: [   0/97]  Time: 1.816 (1.816)  Loss:  0.8031 (0.8031)  Acc@1: 81.4453 (81.4453)  Acc@5: 95.8984 (95.8984)
2025-09-02 13:40:10,748 -                train: [    INFO] - Test: [  97/97]  Time: 0.014 (0.219)  Loss:  0.9834 (1.1835)  Acc@1: 74.7024 (71.5540)  Acc@5: 91.9643 (90.9780)
2025-09-02 13:40:11,014 - timm.utils.checkpoint_saver: [    INFO] - Current checkpoints:
 ('./output/train/20250901-184723-mobilenetv2_vcaV2-224/checkpoint/checkpoint-98.pth.tar', 71.55399997558594)
 ('./output/train/20250901-184723-mobilenetv2_vcaV2-224/checkpoint/checkpoint-96.pth.tar', 71.5520000024414)
 ('./output/train/20250901-184723-mobilenetv2_vcaV2-224/checkpoint/checkpoint-97.pth.tar', 71.50600000244141)
 ('./output/train/20250901-184723-mobilenetv2_vcaV2-224/checkpoint/checkpoint-95.pth.tar', 71.3980000024414)
 ('./output/train/20250901-184723-mobilenetv2_vcaV2-224/checkpoint/checkpoint-94.pth.tar', 71.30000000244141)
 ('./output/train/20250901-184723-mobilenetv2_vcaV2-224/checkpoint/checkpoint-93.pth.tar', 71.24600001708984)
 ('./output/train/20250901-184723-mobilenetv2_vcaV2-224/checkpoint/checkpoint-92.pth.tar', 71.18800002441407)
 ('./output/train/20250901-184723-mobilenetv2_vcaV2-224/checkpoint/checkpoint-91.pth.tar', 71.10800002441407)
 ('./output/train/20250901-184723-mobilenetv2_vcaV2-224/checkpoint/checkpoint-90.pth.tar', 71.10800000732422)
 ('./output/train/20250901-184723-mobilenetv2_vcaV2-224/checkpoint/checkpoint-89.pth.tar', 70.7660000024414)

2025-09-02 13:40:12,887 -                train: [    INFO] - Test (EMA 0.99990): [   0/97]  Time: 1.863 (1.863)  Loss:  0.7986 (0.7986)  Acc@1: 81.2500 (81.2500)  Acc@5: 96.0938 (96.0938)
2025-09-02 13:40:33,736 -                train: [    INFO] - Test (EMA 0.99990): [  97/97]  Time: 0.014 (0.232)  Loss:  0.9820 (1.1837)  Acc@1: 75.2976 (71.5160)  Acc@5: 92.2619 (90.9820)
2025-09-02 13:40:33,992 - timm.utils.checkpoint_saver: [    INFO] - Current checkpoints:
 ('./output/train/20250901-184723-mobilenetv2_vcaV2-224/ema0.9999_checkpoint/checkpoint-98.pth.tar', 71.51600002441407)
 ('./output/train/20250901-184723-mobilenetv2_vcaV2-224/ema0.9999_checkpoint/checkpoint-97.pth.tar', 71.47800002441406)
 ('./output/train/20250901-184723-mobilenetv2_vcaV2-224/ema0.9999_checkpoint/checkpoint-95.pth.tar', 71.45000002441407)
 ('./output/train/20250901-184723-mobilenetv2_vcaV2-224/ema0.9999_checkpoint/checkpoint-96.pth.tar', 71.44600002441406)
 ('./output/train/20250901-184723-mobilenetv2_vcaV2-224/ema0.9999_checkpoint/checkpoint-94.pth.tar', 71.42400002441406)
 ('./output/train/20250901-184723-mobilenetv2_vcaV2-224/ema0.9999_checkpoint/checkpoint-93.pth.tar', 71.38200002441407)
 ('./output/train/20250901-184723-mobilenetv2_vcaV2-224/ema0.9999_checkpoint/checkpoint-92.pth.tar', 71.3139999975586)
 ('./output/train/20250901-184723-mobilenetv2_vcaV2-224/ema0.9999_checkpoint/checkpoint-91.pth.tar', 71.30399999755859)
 ('./output/train/20250901-184723-mobilenetv2_vcaV2-224/ema0.9999_checkpoint/checkpoint-90.pth.tar', 71.25200002197266)
 ('./output/train/20250901-184723-mobilenetv2_vcaV2-224/ema0.9999_checkpoint/checkpoint-89.pth.tar', 71.20799999755859)

2025-09-02 13:40:36,194 -                train: [    INFO] - Train: 99 [   0/2502 (  0%)]  Loss: 34.67 (34.7)  Loss_cat: 0.3429 (0.343)  Loss_feat: 31.61 (31.6)  Loss_gt: 2.111 (2.11)  Loss_kd: 0.6083 (0.608) LR: 5.034e-05
2025-09-02 13:41:28,729 -                train: [    INFO] - Train: 99 [ 200/2502 (  8%)]  Loss: 40.83 (37.8)  Loss_cat: 0.3925 (0.368)  Loss_feat: 35.66 (33.6)  Loss_gt: 3.665 (2.89)  Loss_kd: 1.114 (0.861) LR: 5.034e-05
2025-09-02 13:42:31,448 -                train: [    INFO] - Train: 99 [ 400/2502 ( 16%)]  Loss: 37.89 (37.8)  Loss_cat: 0.3754 (0.370)  Loss_feat: 33.93 (33.7)  Loss_gt: 2.740 (2.84)  Loss_kd: 0.8368 (0.853) LR: 5.034e-05
2025-09-02 13:43:26,114 -                train: [    INFO] - Train: 99 [ 600/2502 ( 24%)]  Loss: 36.11 (37.4)  Loss_cat: 0.3597 (0.368)  Loss_feat: 32.65 (33.5)  Loss_gt: 2.434 (2.74)  Loss_kd: 0.6690 (0.807) LR: 5.034e-05
2025-09-02 13:44:22,454 -                train: [    INFO] - Train: 99 [ 800/2502 ( 32%)]  Loss: 38.78 (37.7)  Loss_cat: 0.3865 (0.371)  Loss_feat: 34.35 (33.6)  Loss_gt: 3.074 (2.80)  Loss_kd: 0.9650 (0.839) LR: 5.034e-05
2025-09-02 13:45:16,897 -                train: [    INFO] - Train: 99 [1000/2502 ( 40%)]  Loss: 37.05 (37.6)  Loss_cat: 0.3597 (0.369)  Loss_feat: 33.14 (33.6)  Loss_gt: 2.687 (2.79)  Loss_kd: 0.8637 (0.843) LR: 5.034e-05
2025-09-02 13:46:12,301 -                train: [    INFO] - Train: 99 [1200/2502 ( 48%)]  Loss: 35.93 (37.3)  Loss_cat: 0.3487 (0.366)  Loss_feat: 32.38 (33.4)  Loss_gt: 2.439 (2.74)  Loss_kd: 0.7569 (0.831) LR: 5.034e-05
2025-09-02 13:47:05,338 -                train: [    INFO] - Train: 99 [1400/2502 ( 56%)]  Loss: 39.11 (37.5)  Loss_cat: 0.3757 (0.368)  Loss_feat: 34.53 (33.5)  Loss_gt: 3.179 (2.79)  Loss_kd: 1.025 (0.855) LR: 5.034e-05
2025-09-02 13:48:01,605 -                train: [    INFO] - Train: 99 [1600/2502 ( 64%)]  Loss: 41.69 (38.0)  Loss_cat: 0.4066 (0.372)  Loss_feat: 36.32 (33.8)  Loss_gt: 3.765 (2.90)  Loss_kd: 1.191 (0.892) LR: 5.034e-05
2025-09-02 13:48:57,605 -                train: [    INFO] - Train: 99 [1800/2502 ( 72%)]  Loss: 40.72 (38.3)  Loss_cat: 0.4002 (0.375)  Loss_feat: 35.67 (34.0)  Loss_gt: 3.560 (2.97)  Loss_kd: 1.091 (0.912) LR: 5.034e-05
2025-09-02 13:49:59,547 -                train: [    INFO] - Train: 99 [2000/2502 ( 80%)]  Loss: 36.24 (38.1)  Loss_cat: 0.3665 (0.374)  Loss_feat: 32.81 (33.9)  Loss_gt: 2.389 (2.91)  Loss_kd: 0.6716 (0.890) LR: 5.034e-05
2025-09-02 13:51:02,516 -                train: [    INFO] - Train: 99 [2200/2502 ( 88%)]  Loss: 38.49 (38.1)  Loss_cat: 0.3774 (0.374)  Loss_feat: 34.06 (33.9)  Loss_gt: 3.092 (2.93)  Loss_kd: 0.9669 (0.897) LR: 5.034e-05
2025-09-02 13:51:56,212 -                train: [    INFO] - Train: 99 [2400/2502 ( 96%)]  Loss: 39.82 (38.3)  Loss_cat: 0.3896 (0.375)  Loss_feat: 34.99 (34.0)  Loss_gt: 3.383 (2.96)  Loss_kd: 1.056 (0.909) LR: 5.034e-05
2025-09-02 13:52:22,567 -                train: [    INFO] - Train: 99 [2501/2502 (100%)]  Loss: 37.44 (38.2)  Loss_cat: 0.3727 (0.375)  Loss_feat: 33.56 (34.0)  Loss_gt: 2.692 (2.94)  Loss_kd: 0.8165 (0.902) LR: 5.034e-05
2025-09-02 13:52:22,567 -                train: [    INFO] - Distributing BatchNorm running means and vars
2025-09-02 13:52:25,120 -                train: [    INFO] - Test: [   0/97]  Time: 2.547 (2.547)  Loss:  0.8031 (0.8031)  Acc@1: 81.6406 (81.6406)  Acc@5: 96.0938 (96.0938)
2025-09-02 13:52:44,764 -                train: [    INFO] - Test: [  97/97]  Time: 0.014 (0.226)  Loss:  0.9915 (1.1845)  Acc@1: 74.7024 (71.5960)  Acc@5: 91.6667 (91.0560)
2025-09-02 13:52:45,031 - timm.utils.checkpoint_saver: [    INFO] - Current checkpoints:
 ('./output/train/20250901-184723-mobilenetv2_vcaV2-224/checkpoint/checkpoint-99.pth.tar', 71.59599997558594)
 ('./output/train/20250901-184723-mobilenetv2_vcaV2-224/checkpoint/checkpoint-98.pth.tar', 71.55399997558594)
 ('./output/train/20250901-184723-mobilenetv2_vcaV2-224/checkpoint/checkpoint-96.pth.tar', 71.5520000024414)
 ('./output/train/20250901-184723-mobilenetv2_vcaV2-224/checkpoint/checkpoint-97.pth.tar', 71.50600000244141)
 ('./output/train/20250901-184723-mobilenetv2_vcaV2-224/checkpoint/checkpoint-95.pth.tar', 71.3980000024414)
 ('./output/train/20250901-184723-mobilenetv2_vcaV2-224/checkpoint/checkpoint-94.pth.tar', 71.30000000244141)
 ('./output/train/20250901-184723-mobilenetv2_vcaV2-224/checkpoint/checkpoint-93.pth.tar', 71.24600001708984)
 ('./output/train/20250901-184723-mobilenetv2_vcaV2-224/checkpoint/checkpoint-92.pth.tar', 71.18800002441407)
 ('./output/train/20250901-184723-mobilenetv2_vcaV2-224/checkpoint/checkpoint-91.pth.tar', 71.10800002441407)
 ('./output/train/20250901-184723-mobilenetv2_vcaV2-224/checkpoint/checkpoint-90.pth.tar', 71.10800000732422)

2025-09-02 13:52:46,633 -                train: [    INFO] - Test (EMA 0.99990): [   0/97]  Time: 1.596 (1.596)  Loss:  0.7994 (0.7994)  Acc@1: 81.2500 (81.2500)  Acc@5: 96.0938 (96.0938)
2025-09-02 13:53:04,152 -                train: [    INFO] - Test (EMA 0.99990): [  97/97]  Time: 0.015 (0.195)  Loss:  0.9818 (1.1835)  Acc@1: 75.2976 (71.5380)  Acc@5: 92.2619 (91.0020)
2025-09-02 13:53:04,586 - timm.utils.checkpoint_saver: [    INFO] - Current checkpoints:
 ('./output/train/20250901-184723-mobilenetv2_vcaV2-224/ema0.9999_checkpoint/checkpoint-99.pth.tar', 71.53800002441406)
 ('./output/train/20250901-184723-mobilenetv2_vcaV2-224/ema0.9999_checkpoint/checkpoint-98.pth.tar', 71.51600002441407)
 ('./output/train/20250901-184723-mobilenetv2_vcaV2-224/ema0.9999_checkpoint/checkpoint-97.pth.tar', 71.47800002441406)
 ('./output/train/20250901-184723-mobilenetv2_vcaV2-224/ema0.9999_checkpoint/checkpoint-95.pth.tar', 71.45000002441407)
 ('./output/train/20250901-184723-mobilenetv2_vcaV2-224/ema0.9999_checkpoint/checkpoint-96.pth.tar', 71.44600002441406)
 ('./output/train/20250901-184723-mobilenetv2_vcaV2-224/ema0.9999_checkpoint/checkpoint-94.pth.tar', 71.42400002441406)
 ('./output/train/20250901-184723-mobilenetv2_vcaV2-224/ema0.9999_checkpoint/checkpoint-93.pth.tar', 71.38200002441407)
 ('./output/train/20250901-184723-mobilenetv2_vcaV2-224/ema0.9999_checkpoint/checkpoint-92.pth.tar', 71.3139999975586)
 ('./output/train/20250901-184723-mobilenetv2_vcaV2-224/ema0.9999_checkpoint/checkpoint-91.pth.tar', 71.30399999755859)
 ('./output/train/20250901-184723-mobilenetv2_vcaV2-224/ema0.9999_checkpoint/checkpoint-90.pth.tar', 71.25200002197266)

2025-09-02 13:53:04,652 -                train: [    INFO] - *** Best metric: 71.59599997558594 (epoch 99)
