2025-08-15 18:26:24,435 -                train: [    INFO] - Training in distributed mode with multiple processes, 1 GPU per process. Process 3, total 4.
2025-08-15 18:26:24,435 -                train: [    INFO] - Training in distributed mode with multiple processes, 1 GPU per process. Process 1, total 4.
2025-08-15 18:26:24,435 -                train: [    INFO] - Training in distributed mode with multiple processes, 1 GPU per process. Process 2, total 4.
2025-08-15 18:26:24,435 -                train: [    INFO] - Training in distributed mode with multiple processes, 1 GPU per process. Process 0, total 4.
2025-08-15 18:26:24,594 -               dinov3: [    INFO] - using base=100 for rope new
2025-08-15 18:26:24,594 -               dinov3: [    INFO] - using base=100 for rope new
2025-08-15 18:26:24,595 -               dinov3: [    INFO] - using base=100 for rope new
2025-08-15 18:26:24,595 -               dinov3: [    INFO] - using min_period=None for rope new
2025-08-15 18:26:24,595 -               dinov3: [    INFO] - using min_period=None for rope new
2025-08-15 18:26:24,595 -               dinov3: [    INFO] - using min_period=None for rope new
2025-08-15 18:26:24,595 -               dinov3: [    INFO] - using base=100 for rope new
2025-08-15 18:26:24,596 -               dinov3: [    INFO] - using max_period=None for rope new
2025-08-15 18:26:24,597 -               dinov3: [    INFO] - using max_period=None for rope new
2025-08-15 18:26:24,597 -               dinov3: [    INFO] - using max_period=None for rope new
2025-08-15 18:26:24,597 -               dinov3: [    INFO] - using normalize_coords=separate for rope new
2025-08-15 18:26:24,597 -               dinov3: [    INFO] - using normalize_coords=separate for rope new
2025-08-15 18:26:24,597 -               dinov3: [    INFO] - using min_period=None for rope new
2025-08-15 18:26:24,597 -               dinov3: [    INFO] - using shift_coords=None for rope new
2025-08-15 18:26:24,597 -               dinov3: [    INFO] - using normalize_coords=separate for rope new
2025-08-15 18:26:24,597 -               dinov3: [    INFO] - using shift_coords=None for rope new
2025-08-15 18:26:24,597 -               dinov3: [    INFO] - using max_period=None for rope new
2025-08-15 18:26:24,597 -               dinov3: [    INFO] - using rescale_coords=2 for rope new
2025-08-15 18:26:24,597 -               dinov3: [    INFO] - using rescale_coords=2 for rope new
2025-08-15 18:26:24,597 -               dinov3: [    INFO] - using shift_coords=None for rope new
2025-08-15 18:26:24,597 -               dinov3: [    INFO] - using jitter_coords=None for rope new
2025-08-15 18:26:24,597 -               dinov3: [    INFO] - using jitter_coords=None for rope new
2025-08-15 18:26:24,598 -               dinov3: [    INFO] - using rescale_coords=2 for rope new
2025-08-15 18:26:24,597 -               dinov3: [    INFO] - using normalize_coords=separate for rope new
2025-08-15 18:26:24,598 -               dinov3: [    INFO] - using dtype=fp32 for rope new
2025-08-15 18:26:24,598 -               dinov3: [    INFO] - using dtype=fp32 for rope new
2025-08-15 18:26:24,598 -               dinov3: [    INFO] - using jitter_coords=None for rope new
2025-08-15 18:26:24,598 -               dinov3: [    INFO] - using shift_coords=None for rope new
2025-08-15 18:26:24,598 -               dinov3: [    INFO] - using rescale_coords=2 for rope new
2025-08-15 18:26:24,598 -               dinov3: [    INFO] - using dtype=fp32 for rope new
2025-08-15 18:26:24,598 -               dinov3: [    INFO] - using jitter_coords=None for rope new
2025-08-15 18:26:24,598 -               dinov3: [    INFO] - using dtype=fp32 for rope new
2025-08-15 18:26:24,598 -               dinov3: [    INFO] - using mlp layer as FFN
2025-08-15 18:26:24,598 -               dinov3: [    INFO] - using mlp layer as FFN
2025-08-15 18:26:24,598 -               dinov3: [    INFO] - using mlp layer as FFN
2025-08-15 18:26:24,598 -               dinov3: [    INFO] - using mlp layer as FFN
2025-08-15 18:26:24,788 -                train: [    INFO] - Model resnet18 created, param count:11490724
2025-08-15 18:26:24,789 -     timm.data.config: [    INFO] - Data processing configuration for current model + dataset:
2025-08-15 18:26:24,790 -     timm.data.config: [    INFO] - 	input_size: (3, 224, 224)
2025-08-15 18:26:24,790 -     timm.data.config: [    INFO] - 	interpolation: bicubic
2025-08-15 18:26:24,790 -     timm.data.config: [    INFO] - 	mean: (0.485, 0.456, 0.406)
2025-08-15 18:26:24,790 -     timm.data.config: [    INFO] - 	std: (0.229, 0.224, 0.225)
2025-08-15 18:26:24,790 -     timm.data.config: [    INFO] - 	crop_pct: 0.875
2025-08-15 18:26:24,792 -                train: [    INFO] - Converted model to use Synchronized BatchNorm. WARNING: You may have issues if using zero initialized BN layers (enabled by default for ResNets) while sync-bn enabled.
2025-08-15 18:26:26,356 -                train: [    INFO] - 
-------------------------------
Learnable parameters
Student: 11.49M
Extra: 0.00M
-------------------------------
2025-08-15 18:26:26,358 -                train: [    INFO] - AMP not enabled. Training in float32.
2025-08-15 18:26:26,358 -                train: [    INFO] - Using native Torch DistributedDataParallel.
2025-08-15 18:26:26,365 -                train: [    INFO] - Scheduled epochs: 300
2025-08-15 18:26:28,421 -                train: [    INFO] - Train: 0 [   0/97 (  0%)]  Loss: 503.5 (504.)  Loss_feat: 498.9 (499.)  Loss_gt: 4.645 (4.65) LR: 1.000e-04
2025-08-15 18:26:44,525 -                train: [    INFO] - Train: 0 [  96/97 (100%)]  Loss: 399.8 (452.)  Loss_feat: 395.1 (447.)  Loss_gt: 4.642 (4.64) LR: 1.000e-04
2025-08-15 18:26:44,526 -                train: [    INFO] - Distributing BatchNorm running means and vars
2025-08-15 18:26:45,162 -                train: [    INFO] - Test: [   0/19]  Time: 0.633 (0.633)  Loss:  4.5983 (4.5983)  Acc@1:  1.3672 ( 1.3672)  Acc@5:  6.0547 ( 6.0547)
2025-08-15 18:26:45,747 -                train: [    INFO] - Test: [  19/19]  Time: 0.146 (0.061)  Loss:  4.5990 (4.6136)  Acc@1:  1.8382 ( 1.1600)  Acc@5:  6.6176 ( 5.7000)
2025-08-15 18:26:46,102 - timm.utils.checkpoint_saver: [    INFO] - Current checkpoints:
 ('./output/train/20250815-182626-resnet18-224/checkpoint/checkpoint-0.pth.tar', 1.1599999990463257)

2025-08-15 18:26:46,376 -                train: [    INFO] - Train: 1 [   0/97 (  0%)]  Loss: 399.0 (399.)  Loss_feat: 394.3 (394.)  Loss_gt: 4.622 (4.62) LR: 1.673e-02
2025-08-15 18:27:02,441 -                train: [    INFO] - Train: 1 [  96/97 (100%)]  Loss: 252.2 (326.)  Loss_feat: 248.0 (321.)  Loss_gt: 4.250 (4.44) LR: 1.673e-02
2025-08-15 18:27:02,441 -                train: [    INFO] - Distributing BatchNorm running means and vars
2025-08-15 18:27:02,768 -                train: [    INFO] - Test: [   0/19]  Time: 0.324 (0.324)  Loss:  4.9036 (4.9036)  Acc@1:  7.4219 ( 7.4219)  Acc@5: 21.4844 (21.4844)
2025-08-15 18:27:03,262 -                train: [    INFO] - Test: [  19/19]  Time: 0.009 (0.041)  Loss:  4.4323 (4.8833)  Acc@1:  5.8824 ( 7.4500)  Acc@5: 24.6324 (23.5300)
2025-08-15 18:27:03,572 - timm.utils.checkpoint_saver: [    INFO] - Current checkpoints:
 ('./output/train/20250815-182626-resnet18-224/checkpoint/checkpoint-1.pth.tar', 7.449999996948242)
 ('./output/train/20250815-182626-resnet18-224/checkpoint/checkpoint-0.pth.tar', 1.1599999990463257)

2025-08-15 18:27:03,847 -                train: [    INFO] - Train: 2 [   0/97 (  0%)]  Loss: 254.7 (255.)  Loss_feat: 250.3 (250.)  Loss_gt: 4.309 (4.31) LR: 3.337e-02
2025-08-15 18:27:19,827 -                train: [    INFO] - Train: 2 [  96/97 (100%)]  Loss: 242.5 (249.)  Loss_feat: 238.4 (244.)  Loss_gt: 4.053 (4.18) LR: 3.337e-02
2025-08-15 18:27:19,827 -                train: [    INFO] - Distributing BatchNorm running means and vars
2025-08-15 18:27:20,200 -                train: [    INFO] - Test: [   0/19]  Time: 0.369 (0.369)  Loss:  3.9144 (3.9144)  Acc@1: 10.1562 (10.1562)  Acc@5: 29.1016 (29.1016)
2025-08-15 18:27:20,710 -                train: [    INFO] - Test: [  19/19]  Time: 0.009 (0.044)  Loss:  3.7891 (3.8655)  Acc@1: 11.0294 (10.9400)  Acc@5: 36.7647 (32.7200)
2025-08-15 18:27:21,029 - timm.utils.checkpoint_saver: [    INFO] - Current checkpoints:
 ('./output/train/20250815-182626-resnet18-224/checkpoint/checkpoint-2.pth.tar', 10.93999998779297)
 ('./output/train/20250815-182626-resnet18-224/checkpoint/checkpoint-1.pth.tar', 7.449999996948242)
 ('./output/train/20250815-182626-resnet18-224/checkpoint/checkpoint-0.pth.tar', 1.1599999990463257)

2025-08-15 18:27:21,291 -                train: [    INFO] - Train: 3 [   0/97 (  0%)]  Loss: 241.1 (241.)  Loss_feat: 237.2 (237.)  Loss_gt: 3.891 (3.89) LR: 4.999e-02
2025-08-15 18:27:37,316 -                train: [    INFO] - Train: 3 [  96/97 (100%)]  Loss: 237.2 (239.)  Loss_feat: 233.4 (235.)  Loss_gt: 3.777 (3.83) LR: 4.999e-02
2025-08-15 18:27:37,316 -                train: [    INFO] - Distributing BatchNorm running means and vars
2025-08-15 18:27:37,660 -                train: [    INFO] - Test: [   0/19]  Time: 0.340 (0.340)  Loss:  3.6349 (3.6349)  Acc@1: 12.5000 (12.5000)  Acc@5: 36.1328 (36.1328)
2025-08-15 18:27:38,175 -                train: [    INFO] - Test: [  19/19]  Time: 0.009 (0.043)  Loss:  3.5963 (3.6152)  Acc@1: 14.3382 (14.2400)  Acc@5: 40.8088 (38.6400)
2025-08-15 18:27:38,463 - timm.utils.checkpoint_saver: [    INFO] - Current checkpoints:
 ('./output/train/20250815-182626-resnet18-224/checkpoint/checkpoint-3.pth.tar', 14.239999989318848)
 ('./output/train/20250815-182626-resnet18-224/checkpoint/checkpoint-2.pth.tar', 10.93999998779297)
 ('./output/train/20250815-182626-resnet18-224/checkpoint/checkpoint-1.pth.tar', 7.449999996948242)
 ('./output/train/20250815-182626-resnet18-224/checkpoint/checkpoint-0.pth.tar', 1.1599999990463257)

2025-08-15 18:27:38,753 -                train: [    INFO] - Train: 4 [   0/97 (  0%)]  Loss: 237.6 (238.)  Loss_feat: 233.9 (234.)  Loss_gt: 3.655 (3.66) LR: 4.998e-02
2025-08-15 18:27:54,748 -                train: [    INFO] - Train: 4 [  96/97 (100%)]  Loss: 233.3 (235.)  Loss_feat: 229.8 (232.)  Loss_gt: 3.506 (3.58) LR: 4.998e-02
2025-08-15 18:27:54,748 -                train: [    INFO] - Distributing BatchNorm running means and vars
2025-08-15 18:27:55,085 -                train: [    INFO] - Test: [   0/19]  Time: 0.334 (0.334)  Loss:  3.1836 (3.1836)  Acc@1: 22.0703 (22.0703)  Acc@5: 55.6641 (55.6641)
2025-08-15 18:27:55,578 -                train: [    INFO] - Test: [  19/19]  Time: 0.009 (0.041)  Loss:  3.1842 (3.1578)  Acc@1: 24.6324 (23.2800)  Acc@5: 50.0000 (53.6600)
2025-08-15 18:27:55,775 - timm.utils.checkpoint_saver: [    INFO] - Current checkpoints:
 ('./output/train/20250815-182626-resnet18-224/checkpoint/checkpoint-4.pth.tar', 23.27999999694824)
 ('./output/train/20250815-182626-resnet18-224/checkpoint/checkpoint-3.pth.tar', 14.239999989318848)
 ('./output/train/20250815-182626-resnet18-224/checkpoint/checkpoint-2.pth.tar', 10.93999998779297)
 ('./output/train/20250815-182626-resnet18-224/checkpoint/checkpoint-1.pth.tar', 7.449999996948242)
 ('./output/train/20250815-182626-resnet18-224/checkpoint/checkpoint-0.pth.tar', 1.1599999990463257)

2025-08-15 18:27:56,177 -                train: [    INFO] - Train: 5 [   0/97 (  0%)]  Loss: 232.9 (233.)  Loss_feat: 229.4 (229.)  Loss_gt: 3.558 (3.56) LR: 4.997e-02
2025-08-15 18:28:12,185 -                train: [    INFO] - Train: 5 [  96/97 (100%)]  Loss: 228.4 (231.)  Loss_feat: 225.0 (227.)  Loss_gt: 3.354 (3.46) LR: 4.997e-02
2025-08-15 18:28:12,186 -                train: [    INFO] - Distributing BatchNorm running means and vars
2025-08-15 18:28:12,531 -                train: [    INFO] - Test: [   0/19]  Time: 0.343 (0.343)  Loss:  2.9940 (2.9940)  Acc@1: 25.1953 (25.1953)  Acc@5: 57.6172 (57.6172)
2025-08-15 18:28:13,055 -                train: [    INFO] - Test: [  19/19]  Time: 0.009 (0.043)  Loss:  2.9060 (2.9192)  Acc@1: 30.1471 (27.9600)  Acc@5: 58.4559 (59.3000)
2025-08-15 18:28:13,272 - timm.utils.checkpoint_saver: [    INFO] - Current checkpoints:
 ('./output/train/20250815-182626-resnet18-224/checkpoint/checkpoint-5.pth.tar', 27.959999990844725)
 ('./output/train/20250815-182626-resnet18-224/checkpoint/checkpoint-4.pth.tar', 23.27999999694824)
 ('./output/train/20250815-182626-resnet18-224/checkpoint/checkpoint-3.pth.tar', 14.239999989318848)
 ('./output/train/20250815-182626-resnet18-224/checkpoint/checkpoint-2.pth.tar', 10.93999998779297)
 ('./output/train/20250815-182626-resnet18-224/checkpoint/checkpoint-1.pth.tar', 7.449999996948242)
 ('./output/train/20250815-182626-resnet18-224/checkpoint/checkpoint-0.pth.tar', 1.1599999990463257)

2025-08-15 18:28:13,654 -                train: [    INFO] - Train: 6 [   0/97 (  0%)]  Loss: 229.9 (230.)  Loss_feat: 226.6 (227.)  Loss_gt: 3.313 (3.31) LR: 4.995e-02
2025-08-15 18:28:29,673 -                train: [    INFO] - Train: 6 [  96/97 (100%)]  Loss: 225.6 (228.)  Loss_feat: 222.3 (224.)  Loss_gt: 3.285 (3.30) LR: 4.995e-02
2025-08-15 18:28:29,673 -                train: [    INFO] - Distributing BatchNorm running means and vars
2025-08-15 18:28:29,998 -                train: [    INFO] - Test: [   0/19]  Time: 0.321 (0.321)  Loss:  2.7173 (2.7173)  Acc@1: 31.4453 (31.4453)  Acc@5: 64.2578 (64.2578)
2025-08-15 18:28:30,504 -                train: [    INFO] - Test: [  19/19]  Time: 0.009 (0.041)  Loss:  2.6914 (2.7117)  Acc@1: 32.3529 (32.1500)  Acc@5: 62.5000 (63.4000)
2025-08-15 18:28:30,776 - timm.utils.checkpoint_saver: [    INFO] - Current checkpoints:
 ('./output/train/20250815-182626-resnet18-224/checkpoint/checkpoint-6.pth.tar', 32.15000006103516)
 ('./output/train/20250815-182626-resnet18-224/checkpoint/checkpoint-5.pth.tar', 27.959999990844725)
 ('./output/train/20250815-182626-resnet18-224/checkpoint/checkpoint-4.pth.tar', 23.27999999694824)
 ('./output/train/20250815-182626-resnet18-224/checkpoint/checkpoint-3.pth.tar', 14.239999989318848)
 ('./output/train/20250815-182626-resnet18-224/checkpoint/checkpoint-2.pth.tar', 10.93999998779297)
 ('./output/train/20250815-182626-resnet18-224/checkpoint/checkpoint-1.pth.tar', 7.449999996948242)
 ('./output/train/20250815-182626-resnet18-224/checkpoint/checkpoint-0.pth.tar', 1.1599999990463257)

2025-08-15 18:28:31,066 -                train: [    INFO] - Train: 7 [   0/97 (  0%)]  Loss: 226.4 (226.)  Loss_feat: 223.1 (223.)  Loss_gt: 3.303 (3.30) LR: 4.993e-02
2025-08-15 18:28:47,042 -                train: [    INFO] - Train: 7 [  96/97 (100%)]  Loss: 222.2 (224.)  Loss_feat: 219.2 (221.)  Loss_gt: 2.999 (3.15) LR: 4.993e-02
2025-08-15 18:28:47,042 -                train: [    INFO] - Distributing BatchNorm running means and vars
2025-08-15 18:28:47,384 -                train: [    INFO] - Test: [   0/19]  Time: 0.338 (0.338)  Loss:  2.7649 (2.7649)  Acc@1: 34.5703 (34.5703)  Acc@5: 66.0156 (66.0156)
2025-08-15 18:28:47,906 -                train: [    INFO] - Test: [  19/19]  Time: 0.009 (0.043)  Loss:  2.6914 (2.7111)  Acc@1: 30.8824 (32.5500)  Acc@5: 62.8676 (63.8800)
2025-08-15 18:28:48,153 - timm.utils.checkpoint_saver: [    INFO] - Current checkpoints:
 ('./output/train/20250815-182626-resnet18-224/checkpoint/checkpoint-7.pth.tar', 32.549999996948245)
 ('./output/train/20250815-182626-resnet18-224/checkpoint/checkpoint-6.pth.tar', 32.15000006103516)
 ('./output/train/20250815-182626-resnet18-224/checkpoint/checkpoint-5.pth.tar', 27.959999990844725)
 ('./output/train/20250815-182626-resnet18-224/checkpoint/checkpoint-4.pth.tar', 23.27999999694824)
 ('./output/train/20250815-182626-resnet18-224/checkpoint/checkpoint-3.pth.tar', 14.239999989318848)
 ('./output/train/20250815-182626-resnet18-224/checkpoint/checkpoint-2.pth.tar', 10.93999998779297)
 ('./output/train/20250815-182626-resnet18-224/checkpoint/checkpoint-1.pth.tar', 7.449999996948242)
 ('./output/train/20250815-182626-resnet18-224/checkpoint/checkpoint-0.pth.tar', 1.1599999990463257)

2025-08-15 18:28:48,487 -                train: [    INFO] - Train: 8 [   0/97 (  0%)]  Loss: 223.3 (223.)  Loss_feat: 220.3 (220.)  Loss_gt: 3.027 (3.03) LR: 4.991e-02
2025-08-15 18:29:04,436 -                train: [    INFO] - Train: 8 [  96/97 (100%)]  Loss: 221.3 (222.)  Loss_feat: 218.4 (219.)  Loss_gt: 2.893 (2.96) LR: 4.991e-02
2025-08-15 18:29:04,436 -                train: [    INFO] - Distributing BatchNorm running means and vars
2025-08-15 18:29:04,784 -                train: [    INFO] - Test: [   0/19]  Time: 0.343 (0.343)  Loss:  2.3276 (2.3276)  Acc@1: 38.6719 (38.6719)  Acc@5: 72.6562 (72.6562)
2025-08-15 18:29:05,264 -                train: [    INFO] - Test: [  19/19]  Time: 0.009 (0.041)  Loss:  2.2672 (2.3252)  Acc@1: 40.4412 (39.2800)  Acc@5: 72.4265 (72.5100)
2025-08-15 18:29:05,610 - timm.utils.checkpoint_saver: [    INFO] - Current checkpoints:
 ('./output/train/20250815-182626-resnet18-224/checkpoint/checkpoint-8.pth.tar', 39.280000024414065)
 ('./output/train/20250815-182626-resnet18-224/checkpoint/checkpoint-7.pth.tar', 32.549999996948245)
 ('./output/train/20250815-182626-resnet18-224/checkpoint/checkpoint-6.pth.tar', 32.15000006103516)
 ('./output/train/20250815-182626-resnet18-224/checkpoint/checkpoint-5.pth.tar', 27.959999990844725)
 ('./output/train/20250815-182626-resnet18-224/checkpoint/checkpoint-4.pth.tar', 23.27999999694824)
 ('./output/train/20250815-182626-resnet18-224/checkpoint/checkpoint-3.pth.tar', 14.239999989318848)
 ('./output/train/20250815-182626-resnet18-224/checkpoint/checkpoint-2.pth.tar', 10.93999998779297)
 ('./output/train/20250815-182626-resnet18-224/checkpoint/checkpoint-1.pth.tar', 7.449999996948242)
 ('./output/train/20250815-182626-resnet18-224/checkpoint/checkpoint-0.pth.tar', 1.1599999990463257)

2025-08-15 18:29:05,876 -                train: [    INFO] - Train: 9 [   0/97 (  0%)]  Loss: 220.9 (221.)  Loss_feat: 218.1 (218.)  Loss_gt: 2.787 (2.79) LR: 4.989e-02
2025-08-15 18:29:21,844 -                train: [    INFO] - Train: 9 [  96/97 (100%)]  Loss: 220.3 (221.)  Loss_feat: 217.5 (218.)  Loss_gt: 2.787 (2.79) LR: 4.989e-02
2025-08-15 18:29:21,844 -                train: [    INFO] - Distributing BatchNorm running means and vars
2025-08-15 18:29:22,188 -                train: [    INFO] - Test: [   0/19]  Time: 0.340 (0.340)  Loss:  2.2811 (2.2811)  Acc@1: 40.0391 (40.0391)  Acc@5: 72.4609 (72.4609)
2025-08-15 18:29:22,684 -                train: [    INFO] - Test: [  19/19]  Time: 0.009 (0.042)  Loss:  2.2472 (2.2727)  Acc@1: 42.6471 (40.7800)  Acc@5: 71.6912 (73.3800)
2025-08-15 18:29:22,897 - timm.utils.checkpoint_saver: [    INFO] - Current checkpoints:
 ('./output/train/20250815-182626-resnet18-224/checkpoint/checkpoint-9.pth.tar', 40.78000004272461)
 ('./output/train/20250815-182626-resnet18-224/checkpoint/checkpoint-8.pth.tar', 39.280000024414065)
 ('./output/train/20250815-182626-resnet18-224/checkpoint/checkpoint-7.pth.tar', 32.549999996948245)
 ('./output/train/20250815-182626-resnet18-224/checkpoint/checkpoint-6.pth.tar', 32.15000006103516)
 ('./output/train/20250815-182626-resnet18-224/checkpoint/checkpoint-5.pth.tar', 27.959999990844725)
 ('./output/train/20250815-182626-resnet18-224/checkpoint/checkpoint-4.pth.tar', 23.27999999694824)
 ('./output/train/20250815-182626-resnet18-224/checkpoint/checkpoint-3.pth.tar', 14.239999989318848)
 ('./output/train/20250815-182626-resnet18-224/checkpoint/checkpoint-2.pth.tar', 10.93999998779297)
 ('./output/train/20250815-182626-resnet18-224/checkpoint/checkpoint-1.pth.tar', 7.449999996948242)
 ('./output/train/20250815-182626-resnet18-224/checkpoint/checkpoint-0.pth.tar', 1.1599999990463257)

2025-08-15 18:29:23,245 -                train: [    INFO] - Train: 10 [   0/97 (  0%)]  Loss: 221.1 (221.)  Loss_feat: 218.2 (218.)  Loss_gt: 2.878 (2.88) LR: 4.987e-02
2025-08-15 18:29:39,228 -                train: [    INFO] - Train: 10 [  96/97 (100%)]  Loss: 219.0 (220.)  Loss_feat: 216.3 (217.)  Loss_gt: 2.744 (2.81) LR: 4.987e-02
2025-08-15 18:29:39,229 -                train: [    INFO] - Distributing BatchNorm running means and vars
2025-08-15 18:29:39,571 -                train: [    INFO] - Test: [   0/19]  Time: 0.339 (0.339)  Loss:  2.2010 (2.2010)  Acc@1: 43.9453 (43.9453)  Acc@5: 74.6094 (74.6094)
2025-08-15 18:29:40,067 -                train: [    INFO] - Test: [  19/19]  Time: 0.009 (0.042)  Loss:  2.1769 (2.1931)  Acc@1: 43.3824 (43.2600)  Acc@5: 73.5294 (75.0800)
2025-08-15 18:29:40,318 - timm.utils.checkpoint_saver: [    INFO] - Current checkpoints:
 ('./output/train/20250815-182626-resnet18-224/checkpoint/checkpoint-10.pth.tar', 43.260000048828125)
 ('./output/train/20250815-182626-resnet18-224/checkpoint/checkpoint-9.pth.tar', 40.78000004272461)
 ('./output/train/20250815-182626-resnet18-224/checkpoint/checkpoint-8.pth.tar', 39.280000024414065)
 ('./output/train/20250815-182626-resnet18-224/checkpoint/checkpoint-7.pth.tar', 32.549999996948245)
 ('./output/train/20250815-182626-resnet18-224/checkpoint/checkpoint-6.pth.tar', 32.15000006103516)
 ('./output/train/20250815-182626-resnet18-224/checkpoint/checkpoint-5.pth.tar', 27.959999990844725)
 ('./output/train/20250815-182626-resnet18-224/checkpoint/checkpoint-4.pth.tar', 23.27999999694824)
 ('./output/train/20250815-182626-resnet18-224/checkpoint/checkpoint-3.pth.tar', 14.239999989318848)
 ('./output/train/20250815-182626-resnet18-224/checkpoint/checkpoint-2.pth.tar', 10.93999998779297)
 ('./output/train/20250815-182626-resnet18-224/checkpoint/checkpoint-1.pth.tar', 7.449999996948242)

2025-08-15 18:29:40,648 -                train: [    INFO] - Train: 11 [   0/97 (  0%)]  Loss: 218.7 (219.)  Loss_feat: 215.9 (216.)  Loss_gt: 2.813 (2.81) LR: 4.984e-02
2025-08-15 18:29:56,644 -                train: [    INFO] - Train: 11 [  96/97 (100%)]  Loss: 217.1 (218.)  Loss_feat: 214.3 (215.)  Loss_gt: 2.808 (2.81) LR: 4.984e-02
2025-08-15 18:29:56,645 -                train: [    INFO] - Distributing BatchNorm running means and vars
2025-08-15 18:29:56,996 -                train: [    INFO] - Test: [   0/19]  Time: 0.347 (0.347)  Loss:  2.1366 (2.1366)  Acc@1: 48.0469 (48.0469)  Acc@5: 75.1953 (75.1953)
2025-08-15 18:29:57,498 -                train: [    INFO] - Test: [  19/19]  Time: 0.009 (0.042)  Loss:  2.0636 (2.1319)  Acc@1: 48.1618 (44.8600)  Acc@5: 79.7794 (76.6700)
2025-08-15 18:29:57,821 - timm.utils.checkpoint_saver: [    INFO] - Current checkpoints:
 ('./output/train/20250815-182626-resnet18-224/checkpoint/checkpoint-11.pth.tar', 44.860000036621095)
 ('./output/train/20250815-182626-resnet18-224/checkpoint/checkpoint-10.pth.tar', 43.260000048828125)
 ('./output/train/20250815-182626-resnet18-224/checkpoint/checkpoint-9.pth.tar', 40.78000004272461)
 ('./output/train/20250815-182626-resnet18-224/checkpoint/checkpoint-8.pth.tar', 39.280000024414065)
 ('./output/train/20250815-182626-resnet18-224/checkpoint/checkpoint-7.pth.tar', 32.549999996948245)
 ('./output/train/20250815-182626-resnet18-224/checkpoint/checkpoint-6.pth.tar', 32.15000006103516)
 ('./output/train/20250815-182626-resnet18-224/checkpoint/checkpoint-5.pth.tar', 27.959999990844725)
 ('./output/train/20250815-182626-resnet18-224/checkpoint/checkpoint-4.pth.tar', 23.27999999694824)
 ('./output/train/20250815-182626-resnet18-224/checkpoint/checkpoint-3.pth.tar', 14.239999989318848)
 ('./output/train/20250815-182626-resnet18-224/checkpoint/checkpoint-2.pth.tar', 10.93999998779297)

2025-08-15 18:29:58,099 -                train: [    INFO] - Train: 12 [   0/97 (  0%)]  Loss: 217.4 (217.)  Loss_feat: 214.7 (215.)  Loss_gt: 2.701 (2.70) LR: 4.981e-02
2025-08-15 18:30:14,106 -                train: [    INFO] - Train: 12 [  96/97 (100%)]  Loss: 222.0 (220.)  Loss_feat: 219.2 (217.)  Loss_gt: 2.844 (2.77) LR: 4.981e-02
2025-08-15 18:30:14,106 -                train: [    INFO] - Distributing BatchNorm running means and vars
2025-08-15 18:30:14,477 -                train: [    INFO] - Test: [   0/19]  Time: 0.367 (0.367)  Loss:  2.4762 (2.4762)  Acc@1: 37.3047 (37.3047)  Acc@5: 68.5547 (68.5547)
2025-08-15 18:30:14,973 -                train: [    INFO] - Test: [  19/19]  Time: 0.009 (0.043)  Loss:  2.3955 (2.4648)  Acc@1: 41.1765 (35.9700)  Acc@5: 68.3824 (68.8700)
2025-08-15 18:30:15,330 - timm.utils.checkpoint_saver: [    INFO] - Current checkpoints:
 ('./output/train/20250815-182626-resnet18-224/checkpoint/checkpoint-11.pth.tar', 44.860000036621095)
 ('./output/train/20250815-182626-resnet18-224/checkpoint/checkpoint-10.pth.tar', 43.260000048828125)
 ('./output/train/20250815-182626-resnet18-224/checkpoint/checkpoint-9.pth.tar', 40.78000004272461)
 ('./output/train/20250815-182626-resnet18-224/checkpoint/checkpoint-8.pth.tar', 39.280000024414065)
 ('./output/train/20250815-182626-resnet18-224/checkpoint/checkpoint-12.pth.tar', 35.970000030517575)
 ('./output/train/20250815-182626-resnet18-224/checkpoint/checkpoint-7.pth.tar', 32.549999996948245)
 ('./output/train/20250815-182626-resnet18-224/checkpoint/checkpoint-6.pth.tar', 32.15000006103516)
 ('./output/train/20250815-182626-resnet18-224/checkpoint/checkpoint-5.pth.tar', 27.959999990844725)
 ('./output/train/20250815-182626-resnet18-224/checkpoint/checkpoint-4.pth.tar', 23.27999999694824)
 ('./output/train/20250815-182626-resnet18-224/checkpoint/checkpoint-3.pth.tar', 14.239999989318848)

2025-08-15 18:30:15,590 -                train: [    INFO] - Train: 13 [   0/97 (  0%)]  Loss: 220.3 (220.)  Loss_feat: 217.5 (217.)  Loss_gt: 2.836 (2.84) LR: 4.977e-02
2025-08-15 18:30:31,569 -                train: [    INFO] - Train: 13 [  96/97 (100%)]  Loss: 219.3 (220.)  Loss_feat: 216.5 (217.)  Loss_gt: 2.725 (2.78) LR: 4.977e-02
2025-08-15 18:30:31,569 -                train: [    INFO] - Distributing BatchNorm running means and vars
2025-08-15 18:30:31,852 -                train: [    INFO] - Test: [   0/19]  Time: 0.279 (0.279)  Loss:  2.1144 (2.1144)  Acc@1: 46.6797 (46.6797)  Acc@5: 76.7578 (76.7578)
2025-08-15 18:30:32,397 -                train: [    INFO] - Test: [  19/19]  Time: 0.009 (0.041)  Loss:  1.9613 (2.0802)  Acc@1: 50.0000 (45.4500)  Acc@5: 79.0441 (76.9900)
2025-08-15 18:30:32,707 - timm.utils.checkpoint_saver: [    INFO] - Current checkpoints:
 ('./output/train/20250815-182626-resnet18-224/checkpoint/checkpoint-13.pth.tar', 45.45)
 ('./output/train/20250815-182626-resnet18-224/checkpoint/checkpoint-11.pth.tar', 44.860000036621095)
 ('./output/train/20250815-182626-resnet18-224/checkpoint/checkpoint-10.pth.tar', 43.260000048828125)
 ('./output/train/20250815-182626-resnet18-224/checkpoint/checkpoint-9.pth.tar', 40.78000004272461)
 ('./output/train/20250815-182626-resnet18-224/checkpoint/checkpoint-8.pth.tar', 39.280000024414065)
 ('./output/train/20250815-182626-resnet18-224/checkpoint/checkpoint-12.pth.tar', 35.970000030517575)
 ('./output/train/20250815-182626-resnet18-224/checkpoint/checkpoint-7.pth.tar', 32.549999996948245)
 ('./output/train/20250815-182626-resnet18-224/checkpoint/checkpoint-6.pth.tar', 32.15000006103516)
 ('./output/train/20250815-182626-resnet18-224/checkpoint/checkpoint-5.pth.tar', 27.959999990844725)
 ('./output/train/20250815-182626-resnet18-224/checkpoint/checkpoint-4.pth.tar', 23.27999999694824)

2025-08-15 18:30:32,984 -                train: [    INFO] - Train: 14 [   0/97 (  0%)]  Loss: 216.9 (217.)  Loss_feat: 214.2 (214.)  Loss_gt: 2.649 (2.65) LR: 4.974e-02
2025-08-15 18:30:49,004 -                train: [    INFO] - Train: 14 [  96/97 (100%)]  Loss: 216.4 (217.)  Loss_feat: 213.7 (214.)  Loss_gt: 2.677 (2.66) LR: 4.974e-02
2025-08-15 18:30:49,004 -                train: [    INFO] - Distributing BatchNorm running means and vars
2025-08-15 18:30:49,312 -                train: [    INFO] - Test: [   0/19]  Time: 0.304 (0.304)  Loss:  2.0467 (2.0467)  Acc@1: 47.8516 (47.8516)  Acc@5: 79.6875 (79.6875)
2025-08-15 18:30:49,852 -                train: [    INFO] - Test: [  19/19]  Time: 0.009 (0.042)  Loss:  1.9643 (1.9914)  Acc@1: 49.2647 (48.9500)  Acc@5: 79.7794 (79.8900)
2025-08-15 18:30:50,194 - timm.utils.checkpoint_saver: [    INFO] - Current checkpoints:
 ('./output/train/20250815-182626-resnet18-224/checkpoint/checkpoint-14.pth.tar', 48.94999999389648)
 ('./output/train/20250815-182626-resnet18-224/checkpoint/checkpoint-13.pth.tar', 45.45)
 ('./output/train/20250815-182626-resnet18-224/checkpoint/checkpoint-11.pth.tar', 44.860000036621095)
 ('./output/train/20250815-182626-resnet18-224/checkpoint/checkpoint-10.pth.tar', 43.260000048828125)
 ('./output/train/20250815-182626-resnet18-224/checkpoint/checkpoint-9.pth.tar', 40.78000004272461)
 ('./output/train/20250815-182626-resnet18-224/checkpoint/checkpoint-8.pth.tar', 39.280000024414065)
 ('./output/train/20250815-182626-resnet18-224/checkpoint/checkpoint-12.pth.tar', 35.970000030517575)
 ('./output/train/20250815-182626-resnet18-224/checkpoint/checkpoint-7.pth.tar', 32.549999996948245)
 ('./output/train/20250815-182626-resnet18-224/checkpoint/checkpoint-6.pth.tar', 32.15000006103516)
 ('./output/train/20250815-182626-resnet18-224/checkpoint/checkpoint-5.pth.tar', 27.959999990844725)

2025-08-15 18:30:50,463 -                train: [    INFO] - Train: 15 [   0/97 (  0%)]  Loss: 215.7 (216.)  Loss_feat: 213.1 (213.)  Loss_gt: 2.626 (2.63) LR: 4.970e-02
2025-08-15 18:31:06,418 -                train: [    INFO] - Train: 15 [  96/97 (100%)]  Loss: 215.2 (215.)  Loss_feat: 212.5 (213.)  Loss_gt: 2.646 (2.64) LR: 4.970e-02
2025-08-15 18:31:06,419 -                train: [    INFO] - Distributing BatchNorm running means and vars
2025-08-15 18:31:06,758 -                train: [    INFO] - Test: [   0/19]  Time: 0.335 (0.335)  Loss:  1.9780 (1.9780)  Acc@1: 47.4609 (47.4609)  Acc@5: 78.7109 (78.7109)
2025-08-15 18:31:07,241 -                train: [    INFO] - Test: [  19/19]  Time: 0.009 (0.041)  Loss:  1.9775 (1.9322)  Acc@1: 48.5294 (48.5400)  Acc@5: 77.5735 (79.7200)
2025-08-15 18:31:07,508 - timm.utils.checkpoint_saver: [    INFO] - Current checkpoints:
 ('./output/train/20250815-182626-resnet18-224/checkpoint/checkpoint-14.pth.tar', 48.94999999389648)
 ('./output/train/20250815-182626-resnet18-224/checkpoint/checkpoint-15.pth.tar', 48.53999998779297)
 ('./output/train/20250815-182626-resnet18-224/checkpoint/checkpoint-13.pth.tar', 45.45)
 ('./output/train/20250815-182626-resnet18-224/checkpoint/checkpoint-11.pth.tar', 44.860000036621095)
 ('./output/train/20250815-182626-resnet18-224/checkpoint/checkpoint-10.pth.tar', 43.260000048828125)
 ('./output/train/20250815-182626-resnet18-224/checkpoint/checkpoint-9.pth.tar', 40.78000004272461)
 ('./output/train/20250815-182626-resnet18-224/checkpoint/checkpoint-8.pth.tar', 39.280000024414065)
 ('./output/train/20250815-182626-resnet18-224/checkpoint/checkpoint-12.pth.tar', 35.970000030517575)
 ('./output/train/20250815-182626-resnet18-224/checkpoint/checkpoint-7.pth.tar', 32.549999996948245)
 ('./output/train/20250815-182626-resnet18-224/checkpoint/checkpoint-6.pth.tar', 32.15000006103516)

2025-08-15 18:31:07,794 -                train: [    INFO] - Train: 16 [   0/97 (  0%)]  Loss: 214.5 (215.)  Loss_feat: 211.9 (212.)  Loss_gt: 2.593 (2.59) LR: 4.966e-02
2025-08-15 18:31:23,761 -                train: [    INFO] - Train: 16 [  96/97 (100%)]  Loss: 213.0 (214.)  Loss_feat: 210.6 (211.)  Loss_gt: 2.495 (2.54) LR: 4.966e-02
2025-08-15 18:31:23,761 -                train: [    INFO] - Distributing BatchNorm running means and vars
2025-08-15 18:31:24,091 -                train: [    INFO] - Test: [   0/19]  Time: 0.326 (0.326)  Loss:  1.8993 (1.8993)  Acc@1: 50.3906 (50.3906)  Acc@5: 79.8828 (79.8828)
2025-08-15 18:31:24,578 -                train: [    INFO] - Test: [  19/19]  Time: 0.009 (0.041)  Loss:  1.7938 (1.8404)  Acc@1: 52.2059 (51.4900)  Acc@5: 81.9853 (82.1100)
2025-08-15 18:31:24,784 - timm.utils.checkpoint_saver: [    INFO] - Current checkpoints:
 ('./output/train/20250815-182626-resnet18-224/checkpoint/checkpoint-16.pth.tar', 51.48999991455078)
 ('./output/train/20250815-182626-resnet18-224/checkpoint/checkpoint-14.pth.tar', 48.94999999389648)
 ('./output/train/20250815-182626-resnet18-224/checkpoint/checkpoint-15.pth.tar', 48.53999998779297)
 ('./output/train/20250815-182626-resnet18-224/checkpoint/checkpoint-13.pth.tar', 45.45)
 ('./output/train/20250815-182626-resnet18-224/checkpoint/checkpoint-11.pth.tar', 44.860000036621095)
 ('./output/train/20250815-182626-resnet18-224/checkpoint/checkpoint-10.pth.tar', 43.260000048828125)
 ('./output/train/20250815-182626-resnet18-224/checkpoint/checkpoint-9.pth.tar', 40.78000004272461)
 ('./output/train/20250815-182626-resnet18-224/checkpoint/checkpoint-8.pth.tar', 39.280000024414065)
 ('./output/train/20250815-182626-resnet18-224/checkpoint/checkpoint-12.pth.tar', 35.970000030517575)
 ('./output/train/20250815-182626-resnet18-224/checkpoint/checkpoint-7.pth.tar', 32.549999996948245)

2025-08-15 18:31:25,151 -                train: [    INFO] - Train: 17 [   0/97 (  0%)]  Loss: 213.0 (213.)  Loss_feat: 210.5 (211.)  Loss_gt: 2.447 (2.45) LR: 4.961e-02
2025-08-15 18:31:41,122 -                train: [    INFO] - Train: 17 [  96/97 (100%)]  Loss: 212.1 (213.)  Loss_feat: 209.6 (210.)  Loss_gt: 2.534 (2.49) LR: 4.961e-02
2025-08-15 18:31:41,122 -                train: [    INFO] - Distributing BatchNorm running means and vars
2025-08-15 18:31:41,434 -                train: [    INFO] - Test: [   0/19]  Time: 0.308 (0.308)  Loss:  1.8480 (1.8480)  Acc@1: 52.3438 (52.3438)  Acc@5: 79.8828 (79.8828)
2025-08-15 18:31:41,938 -                train: [    INFO] - Test: [  19/19]  Time: 0.009 (0.041)  Loss:  1.7689 (1.8507)  Acc@1: 55.1471 (51.1400)  Acc@5: 85.2941 (82.2300)
2025-08-15 18:31:42,241 - timm.utils.checkpoint_saver: [    INFO] - Current checkpoints:
 ('./output/train/20250815-182626-resnet18-224/checkpoint/checkpoint-16.pth.tar', 51.48999991455078)
 ('./output/train/20250815-182626-resnet18-224/checkpoint/checkpoint-17.pth.tar', 51.13999993896484)
 ('./output/train/20250815-182626-resnet18-224/checkpoint/checkpoint-14.pth.tar', 48.94999999389648)
 ('./output/train/20250815-182626-resnet18-224/checkpoint/checkpoint-15.pth.tar', 48.53999998779297)
 ('./output/train/20250815-182626-resnet18-224/checkpoint/checkpoint-13.pth.tar', 45.45)
 ('./output/train/20250815-182626-resnet18-224/checkpoint/checkpoint-11.pth.tar', 44.860000036621095)
 ('./output/train/20250815-182626-resnet18-224/checkpoint/checkpoint-10.pth.tar', 43.260000048828125)
 ('./output/train/20250815-182626-resnet18-224/checkpoint/checkpoint-9.pth.tar', 40.78000004272461)
 ('./output/train/20250815-182626-resnet18-224/checkpoint/checkpoint-8.pth.tar', 39.280000024414065)
 ('./output/train/20250815-182626-resnet18-224/checkpoint/checkpoint-12.pth.tar', 35.970000030517575)

2025-08-15 18:31:42,520 -                train: [    INFO] - Train: 18 [   0/97 (  0%)]  Loss: 212.8 (213.)  Loss_feat: 210.2 (210.)  Loss_gt: 2.548 (2.55) LR: 4.957e-02
2025-08-15 18:31:58,491 -                train: [    INFO] - Train: 18 [  96/97 (100%)]  Loss: 213.7 (213.)  Loss_feat: 211.2 (211.)  Loss_gt: 2.509 (2.53) LR: 4.957e-02
2025-08-15 18:31:58,491 -                train: [    INFO] - Distributing BatchNorm running means and vars
2025-08-15 18:31:58,811 -                train: [    INFO] - Test: [   0/19]  Time: 0.316 (0.316)  Loss:  1.8107 (1.8107)  Acc@1: 53.7109 (53.7109)  Acc@5: 83.0078 (83.0078)
2025-08-15 18:31:59,305 -                train: [    INFO] - Test: [  19/19]  Time: 0.009 (0.040)  Loss:  1.7796 (1.8139)  Acc@1: 50.7353 (51.2600)  Acc@5: 86.0294 (82.3700)
2025-08-15 18:31:59,604 - timm.utils.checkpoint_saver: [    INFO] - Current checkpoints:
 ('./output/train/20250815-182626-resnet18-224/checkpoint/checkpoint-16.pth.tar', 51.48999991455078)
 ('./output/train/20250815-182626-resnet18-224/checkpoint/checkpoint-18.pth.tar', 51.26000000610352)
 ('./output/train/20250815-182626-resnet18-224/checkpoint/checkpoint-17.pth.tar', 51.13999993896484)
 ('./output/train/20250815-182626-resnet18-224/checkpoint/checkpoint-14.pth.tar', 48.94999999389648)
 ('./output/train/20250815-182626-resnet18-224/checkpoint/checkpoint-15.pth.tar', 48.53999998779297)
 ('./output/train/20250815-182626-resnet18-224/checkpoint/checkpoint-13.pth.tar', 45.45)
 ('./output/train/20250815-182626-resnet18-224/checkpoint/checkpoint-11.pth.tar', 44.860000036621095)
 ('./output/train/20250815-182626-resnet18-224/checkpoint/checkpoint-10.pth.tar', 43.260000048828125)
 ('./output/train/20250815-182626-resnet18-224/checkpoint/checkpoint-9.pth.tar', 40.78000004272461)
 ('./output/train/20250815-182626-resnet18-224/checkpoint/checkpoint-8.pth.tar', 39.280000024414065)

2025-08-15 18:31:59,875 -                train: [    INFO] - Train: 19 [   0/97 (  0%)]  Loss: 211.2 (211.)  Loss_feat: 208.7 (209.)  Loss_gt: 2.475 (2.48) LR: 4.952e-02
2025-08-15 18:32:15,799 -                train: [    INFO] - Train: 19 [  96/97 (100%)]  Loss: 211.3 (211.)  Loss_feat: 208.9 (209.)  Loss_gt: 2.426 (2.45) LR: 4.952e-02
2025-08-15 18:32:15,800 -                train: [    INFO] - Distributing BatchNorm running means and vars
2025-08-15 18:32:16,071 -                train: [    INFO] - Test: [   0/19]  Time: 0.268 (0.268)  Loss:  1.8142 (1.8142)  Acc@1: 51.3672 (51.3672)  Acc@5: 83.0078 (83.0078)
2025-08-15 18:32:16,629 -                train: [    INFO] - Test: [  19/19]  Time: 0.009 (0.041)  Loss:  1.7405 (1.7447)  Acc@1: 50.7353 (52.7500)  Acc@5: 85.2941 (83.8400)
2025-08-15 18:32:16,967 - timm.utils.checkpoint_saver: [    INFO] - Current checkpoints:
 ('./output/train/20250815-182626-resnet18-224/checkpoint/checkpoint-19.pth.tar', 52.75000010986328)
 ('./output/train/20250815-182626-resnet18-224/checkpoint/checkpoint-16.pth.tar', 51.48999991455078)
 ('./output/train/20250815-182626-resnet18-224/checkpoint/checkpoint-18.pth.tar', 51.26000000610352)
 ('./output/train/20250815-182626-resnet18-224/checkpoint/checkpoint-17.pth.tar', 51.13999993896484)
 ('./output/train/20250815-182626-resnet18-224/checkpoint/checkpoint-14.pth.tar', 48.94999999389648)
 ('./output/train/20250815-182626-resnet18-224/checkpoint/checkpoint-15.pth.tar', 48.53999998779297)
 ('./output/train/20250815-182626-resnet18-224/checkpoint/checkpoint-13.pth.tar', 45.45)
 ('./output/train/20250815-182626-resnet18-224/checkpoint/checkpoint-11.pth.tar', 44.860000036621095)
 ('./output/train/20250815-182626-resnet18-224/checkpoint/checkpoint-10.pth.tar', 43.260000048828125)
 ('./output/train/20250815-182626-resnet18-224/checkpoint/checkpoint-9.pth.tar', 40.78000004272461)

2025-08-15 18:32:17,227 -                train: [    INFO] - Train: 20 [   0/97 (  0%)]  Loss: 213.1 (213.)  Loss_feat: 210.6 (211.)  Loss_gt: 2.424 (2.42) LR: 4.946e-02
2025-08-15 18:32:33,163 -                train: [    INFO] - Train: 20 [  96/97 (100%)]  Loss: 211.1 (212.)  Loss_feat: 208.7 (210.)  Loss_gt: 2.441 (2.43) LR: 4.946e-02
2025-08-15 18:32:33,163 -                train: [    INFO] - Distributing BatchNorm running means and vars
2025-08-15 18:32:33,484 -                train: [    INFO] - Test: [   0/19]  Time: 0.317 (0.317)  Loss:  1.8845 (1.8845)  Acc@1: 49.8047 (49.8047)  Acc@5: 80.0781 (80.0781)
2025-08-15 18:32:33,966 -                train: [    INFO] - Test: [  19/19]  Time: 0.009 (0.040)  Loss:  1.8676 (1.8807)  Acc@1: 51.1029 (50.3800)  Acc@5: 80.8824 (80.7300)
2025-08-15 18:32:34,258 - timm.utils.checkpoint_saver: [    INFO] - Current checkpoints:
 ('./output/train/20250815-182626-resnet18-224/checkpoint/checkpoint-19.pth.tar', 52.75000010986328)
 ('./output/train/20250815-182626-resnet18-224/checkpoint/checkpoint-16.pth.tar', 51.48999991455078)
 ('./output/train/20250815-182626-resnet18-224/checkpoint/checkpoint-18.pth.tar', 51.26000000610352)
 ('./output/train/20250815-182626-resnet18-224/checkpoint/checkpoint-17.pth.tar', 51.13999993896484)
 ('./output/train/20250815-182626-resnet18-224/checkpoint/checkpoint-20.pth.tar', 50.380000061035155)
 ('./output/train/20250815-182626-resnet18-224/checkpoint/checkpoint-14.pth.tar', 48.94999999389648)
 ('./output/train/20250815-182626-resnet18-224/checkpoint/checkpoint-15.pth.tar', 48.53999998779297)
 ('./output/train/20250815-182626-resnet18-224/checkpoint/checkpoint-13.pth.tar', 45.45)
 ('./output/train/20250815-182626-resnet18-224/checkpoint/checkpoint-11.pth.tar', 44.860000036621095)
 ('./output/train/20250815-182626-resnet18-224/checkpoint/checkpoint-10.pth.tar', 43.260000048828125)

2025-08-15 18:32:34,530 -                train: [    INFO] - Train: 21 [   0/97 (  0%)]  Loss: 209.9 (210.)  Loss_feat: 207.6 (208.)  Loss_gt: 2.383 (2.38) LR: 4.941e-02
2025-08-15 18:32:50,400 -                train: [    INFO] - Train: 21 [  96/97 (100%)]  Loss: 211.7 (211.)  Loss_feat: 209.1 (208.)  Loss_gt: 2.548 (2.47) LR: 4.941e-02
2025-08-15 18:32:50,400 -                train: [    INFO] - Distributing BatchNorm running means and vars
2025-08-15 18:32:50,692 -                train: [    INFO] - Test: [   0/19]  Time: 0.287 (0.287)  Loss:  1.8567 (1.8567)  Acc@1: 53.3203 (53.3203)  Acc@5: 79.8828 (79.8828)
2025-08-15 18:32:51,190 -                train: [    INFO] - Test: [  19/19]  Time: 0.009 (0.039)  Loss:  1.7850 (1.8578)  Acc@1: 55.1471 (51.3300)  Acc@5: 83.0882 (81.4600)
2025-08-15 18:32:51,508 - timm.utils.checkpoint_saver: [    INFO] - Current checkpoints:
 ('./output/train/20250815-182626-resnet18-224/checkpoint/checkpoint-19.pth.tar', 52.75000010986328)
 ('./output/train/20250815-182626-resnet18-224/checkpoint/checkpoint-16.pth.tar', 51.48999991455078)
 ('./output/train/20250815-182626-resnet18-224/checkpoint/checkpoint-21.pth.tar', 51.329999938964846)
 ('./output/train/20250815-182626-resnet18-224/checkpoint/checkpoint-18.pth.tar', 51.26000000610352)
 ('./output/train/20250815-182626-resnet18-224/checkpoint/checkpoint-17.pth.tar', 51.13999993896484)
 ('./output/train/20250815-182626-resnet18-224/checkpoint/checkpoint-20.pth.tar', 50.380000061035155)
 ('./output/train/20250815-182626-resnet18-224/checkpoint/checkpoint-14.pth.tar', 48.94999999389648)
 ('./output/train/20250815-182626-resnet18-224/checkpoint/checkpoint-15.pth.tar', 48.53999998779297)
 ('./output/train/20250815-182626-resnet18-224/checkpoint/checkpoint-13.pth.tar', 45.45)
 ('./output/train/20250815-182626-resnet18-224/checkpoint/checkpoint-11.pth.tar', 44.860000036621095)

2025-08-15 18:32:51,790 -                train: [    INFO] - Train: 22 [   0/97 (  0%)]  Loss: 210.3 (210.)  Loss_feat: 207.8 (208.)  Loss_gt: 2.466 (2.47) LR: 4.935e-02
2025-08-15 18:33:07,730 -                train: [    INFO] - Train: 22 [  96/97 (100%)]  Loss: 211.1 (211.)  Loss_feat: 208.7 (208.)  Loss_gt: 2.381 (2.42) LR: 4.935e-02
2025-08-15 18:33:07,730 -                train: [    INFO] - Distributing BatchNorm running means and vars
2025-08-15 18:33:08,071 -                train: [    INFO] - Test: [   0/19]  Time: 0.321 (0.321)  Loss:  1.7251 (1.7251)  Acc@1: 53.3203 (53.3203)  Acc@5: 82.4219 (82.4219)
2025-08-15 18:33:08,586 -                train: [    INFO] - Test: [  19/19]  Time: 0.009 (0.043)  Loss:  1.6960 (1.7392)  Acc@1: 55.5147 (52.8600)  Acc@5: 85.6618 (83.9700)
2025-08-15 18:33:08,836 - timm.utils.checkpoint_saver: [    INFO] - Current checkpoints:
 ('./output/train/20250815-182626-resnet18-224/checkpoint/checkpoint-22.pth.tar', 52.85999999389649)
 ('./output/train/20250815-182626-resnet18-224/checkpoint/checkpoint-19.pth.tar', 52.75000010986328)
 ('./output/train/20250815-182626-resnet18-224/checkpoint/checkpoint-16.pth.tar', 51.48999991455078)
 ('./output/train/20250815-182626-resnet18-224/checkpoint/checkpoint-21.pth.tar', 51.329999938964846)
 ('./output/train/20250815-182626-resnet18-224/checkpoint/checkpoint-18.pth.tar', 51.26000000610352)
 ('./output/train/20250815-182626-resnet18-224/checkpoint/checkpoint-17.pth.tar', 51.13999993896484)
 ('./output/train/20250815-182626-resnet18-224/checkpoint/checkpoint-20.pth.tar', 50.380000061035155)
 ('./output/train/20250815-182626-resnet18-224/checkpoint/checkpoint-14.pth.tar', 48.94999999389648)
 ('./output/train/20250815-182626-resnet18-224/checkpoint/checkpoint-15.pth.tar', 48.53999998779297)
 ('./output/train/20250815-182626-resnet18-224/checkpoint/checkpoint-13.pth.tar', 45.45)

2025-08-15 18:33:09,149 -                train: [    INFO] - Train: 23 [   0/97 (  0%)]  Loss: 210.7 (211.)  Loss_feat: 208.2 (208.)  Loss_gt: 2.478 (2.48) LR: 4.929e-02
2025-08-15 18:33:25,090 -                train: [    INFO] - Train: 23 [  96/97 (100%)]  Loss: 211.5 (211.)  Loss_feat: 209.1 (209.)  Loss_gt: 2.457 (2.47) LR: 4.929e-02
2025-08-15 18:33:25,091 -                train: [    INFO] - Distributing BatchNorm running means and vars
2025-08-15 18:33:25,472 -                train: [    INFO] - Test: [   0/19]  Time: 0.378 (0.378)  Loss:  1.6801 (1.6801)  Acc@1: 55.4688 (55.4688)  Acc@5: 83.2031 (83.2031)
2025-08-15 18:33:25,928 -                train: [    INFO] - Test: [  19/19]  Time: 0.009 (0.042)  Loss:  1.7093 (1.7622)  Acc@1: 54.0441 (52.5300)  Acc@5: 82.7206 (82.4400)
2025-08-15 18:33:26,325 - timm.utils.checkpoint_saver: [    INFO] - Current checkpoints:
 ('./output/train/20250815-182626-resnet18-224/checkpoint/checkpoint-22.pth.tar', 52.85999999389649)
 ('./output/train/20250815-182626-resnet18-224/checkpoint/checkpoint-19.pth.tar', 52.75000010986328)
 ('./output/train/20250815-182626-resnet18-224/checkpoint/checkpoint-23.pth.tar', 52.53000008544922)
 ('./output/train/20250815-182626-resnet18-224/checkpoint/checkpoint-16.pth.tar', 51.48999991455078)
 ('./output/train/20250815-182626-resnet18-224/checkpoint/checkpoint-21.pth.tar', 51.329999938964846)
 ('./output/train/20250815-182626-resnet18-224/checkpoint/checkpoint-18.pth.tar', 51.26000000610352)
 ('./output/train/20250815-182626-resnet18-224/checkpoint/checkpoint-17.pth.tar', 51.13999993896484)
 ('./output/train/20250815-182626-resnet18-224/checkpoint/checkpoint-20.pth.tar', 50.380000061035155)
 ('./output/train/20250815-182626-resnet18-224/checkpoint/checkpoint-14.pth.tar', 48.94999999389648)
 ('./output/train/20250815-182626-resnet18-224/checkpoint/checkpoint-15.pth.tar', 48.53999998779297)

2025-08-15 18:33:26,581 -                train: [    INFO] - Train: 24 [   0/97 (  0%)]  Loss: 213.8 (214.)  Loss_feat: 211.5 (211.)  Loss_gt: 2.298 (2.30) LR: 4.923e-02
2025-08-15 18:33:42,524 -                train: [    INFO] - Train: 24 [  96/97 (100%)]  Loss: 210.3 (212.)  Loss_feat: 207.9 (210.)  Loss_gt: 2.406 (2.35) LR: 4.923e-02
2025-08-15 18:33:42,525 -                train: [    INFO] - Distributing BatchNorm running means and vars
2025-08-15 18:33:42,882 -                train: [    INFO] - Test: [   0/19]  Time: 0.354 (0.354)  Loss:  1.7873 (1.7873)  Acc@1: 51.5625 (51.5625)  Acc@5: 82.0312 (82.0312)
2025-08-15 18:33:43,352 -                train: [    INFO] - Test: [  19/19]  Time: 0.009 (0.041)  Loss:  1.7751 (1.7870)  Acc@1: 51.1029 (51.3500)  Acc@5: 81.9853 (82.4000)
2025-08-15 18:33:43,686 - timm.utils.checkpoint_saver: [    INFO] - Current checkpoints:
 ('./output/train/20250815-182626-resnet18-224/checkpoint/checkpoint-22.pth.tar', 52.85999999389649)
 ('./output/train/20250815-182626-resnet18-224/checkpoint/checkpoint-19.pth.tar', 52.75000010986328)
 ('./output/train/20250815-182626-resnet18-224/checkpoint/checkpoint-23.pth.tar', 52.53000008544922)
 ('./output/train/20250815-182626-resnet18-224/checkpoint/checkpoint-16.pth.tar', 51.48999991455078)
 ('./output/train/20250815-182626-resnet18-224/checkpoint/checkpoint-24.pth.tar', 51.35000006103515)
 ('./output/train/20250815-182626-resnet18-224/checkpoint/checkpoint-21.pth.tar', 51.329999938964846)
 ('./output/train/20250815-182626-resnet18-224/checkpoint/checkpoint-18.pth.tar', 51.26000000610352)
 ('./output/train/20250815-182626-resnet18-224/checkpoint/checkpoint-17.pth.tar', 51.13999993896484)
 ('./output/train/20250815-182626-resnet18-224/checkpoint/checkpoint-20.pth.tar', 50.380000061035155)
 ('./output/train/20250815-182626-resnet18-224/checkpoint/checkpoint-14.pth.tar', 48.94999999389648)

2025-08-15 18:33:43,951 -                train: [    INFO] - Train: 25 [   0/97 (  0%)]  Loss: 209.3 (209.)  Loss_feat: 206.8 (207.)  Loss_gt: 2.456 (2.46) LR: 4.917e-02
2025-08-15 18:33:59,786 -                train: [    INFO] - Train: 25 [  96/97 (100%)]  Loss: 210.0 (210.)  Loss_feat: 207.6 (207.)  Loss_gt: 2.396 (2.43) LR: 4.917e-02
2025-08-15 18:33:59,786 -                train: [    INFO] - Distributing BatchNorm running means and vars
2025-08-15 18:34:00,080 -                train: [    INFO] - Test: [   0/19]  Time: 0.290 (0.290)  Loss:  1.7033 (1.7033)  Acc@1: 52.9297 (52.9297)  Acc@5: 84.3750 (84.3750)
2025-08-15 18:34:00,562 -                train: [    INFO] - Test: [  19/19]  Time: 0.009 (0.039)  Loss:  1.5648 (1.6632)  Acc@1: 60.2941 (55.7100)  Acc@5: 84.5588 (85.1700)
2025-08-15 18:34:00,910 - timm.utils.checkpoint_saver: [    INFO] - Current checkpoints:
 ('./output/train/20250815-182626-resnet18-224/checkpoint/checkpoint-25.pth.tar', 55.70999987792969)
 ('./output/train/20250815-182626-resnet18-224/checkpoint/checkpoint-22.pth.tar', 52.85999999389649)
 ('./output/train/20250815-182626-resnet18-224/checkpoint/checkpoint-19.pth.tar', 52.75000010986328)
 ('./output/train/20250815-182626-resnet18-224/checkpoint/checkpoint-23.pth.tar', 52.53000008544922)
 ('./output/train/20250815-182626-resnet18-224/checkpoint/checkpoint-16.pth.tar', 51.48999991455078)
 ('./output/train/20250815-182626-resnet18-224/checkpoint/checkpoint-24.pth.tar', 51.35000006103515)
 ('./output/train/20250815-182626-resnet18-224/checkpoint/checkpoint-21.pth.tar', 51.329999938964846)
 ('./output/train/20250815-182626-resnet18-224/checkpoint/checkpoint-18.pth.tar', 51.26000000610352)
 ('./output/train/20250815-182626-resnet18-224/checkpoint/checkpoint-17.pth.tar', 51.13999993896484)
 ('./output/train/20250815-182626-resnet18-224/checkpoint/checkpoint-20.pth.tar', 50.380000061035155)

2025-08-15 18:34:01,175 -                train: [    INFO] - Train: 26 [   0/97 (  0%)]  Loss: 208.4 (208.)  Loss_feat: 206.1 (206.)  Loss_gt: 2.336 (2.34) LR: 4.910e-02
2025-08-15 18:34:17,066 -                train: [    INFO] - Train: 26 [  96/97 (100%)]  Loss: 210.9 (210.)  Loss_feat: 208.5 (207.)  Loss_gt: 2.430 (2.38) LR: 4.910e-02
2025-08-15 18:34:17,066 -                train: [    INFO] - Distributing BatchNorm running means and vars
2025-08-15 18:34:17,440 -                train: [    INFO] - Test: [   0/19]  Time: 0.370 (0.370)  Loss:  2.1031 (2.1031)  Acc@1: 46.6797 (46.6797)  Acc@5: 76.3672 (76.3672)
2025-08-15 18:34:17,910 -                train: [    INFO] - Test: [  19/19]  Time: 0.009 (0.042)  Loss:  2.1857 (2.1272)  Acc@1: 43.0147 (44.7100)  Acc@5: 76.8382 (76.2500)
2025-08-15 18:34:18,464 -                train: [    INFO] - Train: 27 [   0/97 (  0%)]  Loss: 209.1 (209.)  Loss_feat: 206.7 (207.)  Loss_gt: 2.442 (2.44) LR: 4.903e-02
2025-08-15 18:34:34,382 -                train: [    INFO] - Train: 27 [  96/97 (100%)]  Loss: 209.1 (209.)  Loss_feat: 206.6 (207.)  Loss_gt: 2.456 (2.45) LR: 4.903e-02
2025-08-15 18:34:34,383 -                train: [    INFO] - Distributing BatchNorm running means and vars
2025-08-15 18:34:34,667 -                train: [    INFO] - Test: [   0/19]  Time: 0.281 (0.281)  Loss:  1.6911 (1.6911)  Acc@1: 54.8828 (54.8828)  Acc@5: 84.1797 (84.1797)
2025-08-15 18:34:35,155 -                train: [    INFO] - Test: [  19/19]  Time: 0.009 (0.038)  Loss:  1.5784 (1.6212)  Acc@1: 53.6765 (56.3400)  Acc@5: 87.8677 (85.5600)
2025-08-15 18:34:35,596 - timm.utils.checkpoint_saver: [    INFO] - Current checkpoints:
 ('./output/train/20250815-182626-resnet18-224/checkpoint/checkpoint-27.pth.tar', 56.34000003051758)
 ('./output/train/20250815-182626-resnet18-224/checkpoint/checkpoint-25.pth.tar', 55.70999987792969)
 ('./output/train/20250815-182626-resnet18-224/checkpoint/checkpoint-22.pth.tar', 52.85999999389649)
 ('./output/train/20250815-182626-resnet18-224/checkpoint/checkpoint-19.pth.tar', 52.75000010986328)
 ('./output/train/20250815-182626-resnet18-224/checkpoint/checkpoint-23.pth.tar', 52.53000008544922)
 ('./output/train/20250815-182626-resnet18-224/checkpoint/checkpoint-16.pth.tar', 51.48999991455078)
 ('./output/train/20250815-182626-resnet18-224/checkpoint/checkpoint-24.pth.tar', 51.35000006103515)
 ('./output/train/20250815-182626-resnet18-224/checkpoint/checkpoint-21.pth.tar', 51.329999938964846)
 ('./output/train/20250815-182626-resnet18-224/checkpoint/checkpoint-18.pth.tar', 51.26000000610352)
 ('./output/train/20250815-182626-resnet18-224/checkpoint/checkpoint-17.pth.tar', 51.13999993896484)

2025-08-15 18:34:35,857 -                train: [    INFO] - Train: 28 [   0/97 (  0%)]  Loss: 206.8 (207.)  Loss_feat: 204.6 (205.)  Loss_gt: 2.249 (2.25) LR: 4.895e-02
2025-08-15 18:34:51,761 -                train: [    INFO] - Train: 28 [  96/97 (100%)]  Loss: 207.8 (207.)  Loss_feat: 205.4 (205.)  Loss_gt: 2.386 (2.32) LR: 4.895e-02
2025-08-15 18:34:51,761 -                train: [    INFO] - Distributing BatchNorm running means and vars
2025-08-15 18:34:52,052 -                train: [    INFO] - Test: [   0/19]  Time: 0.287 (0.287)  Loss:  1.7677 (1.7677)  Acc@1: 55.2734 (55.2734)  Acc@5: 82.4219 (82.4219)
2025-08-15 18:34:52,554 -                train: [    INFO] - Test: [  19/19]  Time: 0.009 (0.039)  Loss:  1.5965 (1.7140)  Acc@1: 56.6176 (53.6300)  Acc@5: 86.0294 (83.2500)
2025-08-15 18:34:52,932 - timm.utils.checkpoint_saver: [    INFO] - Current checkpoints:
 ('./output/train/20250815-182626-resnet18-224/checkpoint/checkpoint-27.pth.tar', 56.34000003051758)
 ('./output/train/20250815-182626-resnet18-224/checkpoint/checkpoint-25.pth.tar', 55.70999987792969)
 ('./output/train/20250815-182626-resnet18-224/checkpoint/checkpoint-28.pth.tar', 53.629999951171875)
 ('./output/train/20250815-182626-resnet18-224/checkpoint/checkpoint-22.pth.tar', 52.85999999389649)
 ('./output/train/20250815-182626-resnet18-224/checkpoint/checkpoint-19.pth.tar', 52.75000010986328)
 ('./output/train/20250815-182626-resnet18-224/checkpoint/checkpoint-23.pth.tar', 52.53000008544922)
 ('./output/train/20250815-182626-resnet18-224/checkpoint/checkpoint-16.pth.tar', 51.48999991455078)
 ('./output/train/20250815-182626-resnet18-224/checkpoint/checkpoint-24.pth.tar', 51.35000006103515)
 ('./output/train/20250815-182626-resnet18-224/checkpoint/checkpoint-21.pth.tar', 51.329999938964846)
 ('./output/train/20250815-182626-resnet18-224/checkpoint/checkpoint-18.pth.tar', 51.26000000610352)

2025-08-15 18:34:53,198 -                train: [    INFO] - Train: 29 [   0/97 (  0%)]  Loss: 206.8 (207.)  Loss_feat: 204.4 (204.)  Loss_gt: 2.346 (2.35) LR: 4.888e-02
2025-08-15 18:35:09,092 -                train: [    INFO] - Train: 29 [  96/97 (100%)]  Loss: 208.1 (207.)  Loss_feat: 205.8 (205.)  Loss_gt: 2.249 (2.30) LR: 4.888e-02
2025-08-15 18:35:09,092 -                train: [    INFO] - Distributing BatchNorm running means and vars
2025-08-15 18:35:09,460 -                train: [    INFO] - Test: [   0/19]  Time: 0.364 (0.364)  Loss:  1.6851 (1.6851)  Acc@1: 55.4688 (55.4688)  Acc@5: 84.5703 (84.5703)
2025-08-15 18:35:09,932 -                train: [    INFO] - Test: [  19/19]  Time: 0.009 (0.042)  Loss:  1.5158 (1.5977)  Acc@1: 60.2941 (57.2300)  Acc@5: 88.9706 (85.9500)
2025-08-15 18:35:10,195 - timm.utils.checkpoint_saver: [    INFO] - Current checkpoints:
 ('./output/train/20250815-182626-resnet18-224/checkpoint/checkpoint-29.pth.tar', 57.22999998168945)
 ('./output/train/20250815-182626-resnet18-224/checkpoint/checkpoint-27.pth.tar', 56.34000003051758)
 ('./output/train/20250815-182626-resnet18-224/checkpoint/checkpoint-25.pth.tar', 55.70999987792969)
 ('./output/train/20250815-182626-resnet18-224/checkpoint/checkpoint-28.pth.tar', 53.629999951171875)
 ('./output/train/20250815-182626-resnet18-224/checkpoint/checkpoint-22.pth.tar', 52.85999999389649)
 ('./output/train/20250815-182626-resnet18-224/checkpoint/checkpoint-19.pth.tar', 52.75000010986328)
 ('./output/train/20250815-182626-resnet18-224/checkpoint/checkpoint-23.pth.tar', 52.53000008544922)
 ('./output/train/20250815-182626-resnet18-224/checkpoint/checkpoint-16.pth.tar', 51.48999991455078)
 ('./output/train/20250815-182626-resnet18-224/checkpoint/checkpoint-24.pth.tar', 51.35000006103515)
 ('./output/train/20250815-182626-resnet18-224/checkpoint/checkpoint-21.pth.tar', 51.329999938964846)

2025-08-15 18:35:10,485 -                train: [    INFO] - Train: 30 [   0/97 (  0%)]  Loss: 206.0 (206.)  Loss_feat: 203.8 (204.)  Loss_gt: 2.258 (2.26) LR: 4.880e-02
2025-08-15 18:35:26,428 -                train: [    INFO] - Train: 30 [  96/97 (100%)]  Loss: 207.3 (207.)  Loss_feat: 204.8 (204.)  Loss_gt: 2.470 (2.36) LR: 4.880e-02
2025-08-15 18:35:26,429 -                train: [    INFO] - Distributing BatchNorm running means and vars
2025-08-15 18:35:26,756 -                train: [    INFO] - Test: [   0/19]  Time: 0.324 (0.324)  Loss:  1.6813 (1.6813)  Acc@1: 58.0078 (58.0078)  Acc@5: 85.7422 (85.7422)
2025-08-15 18:35:27,241 -                train: [    INFO] - Test: [  19/19]  Time: 0.009 (0.040)  Loss:  1.6634 (1.6379)  Acc@1: 58.8235 (57.8000)  Acc@5: 86.3971 (86.4100)
2025-08-15 18:35:27,456 - timm.utils.checkpoint_saver: [    INFO] - Current checkpoints:
 ('./output/train/20250815-182626-resnet18-224/checkpoint/checkpoint-30.pth.tar', 57.79999996948242)
 ('./output/train/20250815-182626-resnet18-224/checkpoint/checkpoint-29.pth.tar', 57.22999998168945)
 ('./output/train/20250815-182626-resnet18-224/checkpoint/checkpoint-27.pth.tar', 56.34000003051758)
 ('./output/train/20250815-182626-resnet18-224/checkpoint/checkpoint-25.pth.tar', 55.70999987792969)
 ('./output/train/20250815-182626-resnet18-224/checkpoint/checkpoint-28.pth.tar', 53.629999951171875)
 ('./output/train/20250815-182626-resnet18-224/checkpoint/checkpoint-22.pth.tar', 52.85999999389649)
 ('./output/train/20250815-182626-resnet18-224/checkpoint/checkpoint-19.pth.tar', 52.75000010986328)
 ('./output/train/20250815-182626-resnet18-224/checkpoint/checkpoint-23.pth.tar', 52.53000008544922)
 ('./output/train/20250815-182626-resnet18-224/checkpoint/checkpoint-16.pth.tar', 51.48999991455078)
 ('./output/train/20250815-182626-resnet18-224/checkpoint/checkpoint-24.pth.tar', 51.35000006103515)

2025-08-15 18:35:27,814 -                train: [    INFO] - Train: 31 [   0/97 (  0%)]  Loss: 205.8 (206.)  Loss_feat: 203.5 (204.)  Loss_gt: 2.231 (2.23) LR: 4.872e-02
2025-08-15 18:35:43,662 -                train: [    INFO] - Train: 31 [  96/97 (100%)]  Loss: 205.0 (205.)  Loss_feat: 202.6 (203.)  Loss_gt: 2.329 (2.28) LR: 4.872e-02
2025-08-15 18:35:43,662 -                train: [    INFO] - Distributing BatchNorm running means and vars
2025-08-15 18:35:43,999 -                train: [    INFO] - Test: [   0/19]  Time: 0.332 (0.332)  Loss:  1.6037 (1.6037)  Acc@1: 59.3750 (59.3750)  Acc@5: 85.7422 (85.7422)
2025-08-15 18:35:44,504 -                train: [    INFO] - Test: [  19/19]  Time: 0.009 (0.042)  Loss:  1.5785 (1.5697)  Acc@1: 58.8235 (58.6000)  Acc@5: 86.7647 (87.2500)
2025-08-15 18:35:44,784 - timm.utils.checkpoint_saver: [    INFO] - Current checkpoints:
 ('./output/train/20250815-182626-resnet18-224/checkpoint/checkpoint-31.pth.tar', 58.599999969482425)
 ('./output/train/20250815-182626-resnet18-224/checkpoint/checkpoint-30.pth.tar', 57.79999996948242)
 ('./output/train/20250815-182626-resnet18-224/checkpoint/checkpoint-29.pth.tar', 57.22999998168945)
 ('./output/train/20250815-182626-resnet18-224/checkpoint/checkpoint-27.pth.tar', 56.34000003051758)
 ('./output/train/20250815-182626-resnet18-224/checkpoint/checkpoint-25.pth.tar', 55.70999987792969)
 ('./output/train/20250815-182626-resnet18-224/checkpoint/checkpoint-28.pth.tar', 53.629999951171875)
 ('./output/train/20250815-182626-resnet18-224/checkpoint/checkpoint-22.pth.tar', 52.85999999389649)
 ('./output/train/20250815-182626-resnet18-224/checkpoint/checkpoint-19.pth.tar', 52.75000010986328)
 ('./output/train/20250815-182626-resnet18-224/checkpoint/checkpoint-23.pth.tar', 52.53000008544922)
 ('./output/train/20250815-182626-resnet18-224/checkpoint/checkpoint-16.pth.tar', 51.48999991455078)

2025-08-15 18:35:45,076 -                train: [    INFO] - Train: 32 [   0/97 (  0%)]  Loss: 206.1 (206.)  Loss_feat: 203.9 (204.)  Loss_gt: 2.227 (2.23) LR: 4.864e-02
2025-08-15 18:36:00,901 -                train: [    INFO] - Train: 32 [  96/97 (100%)]  Loss: 205.3 (206.)  Loss_feat: 202.9 (203.)  Loss_gt: 2.304 (2.27) LR: 4.864e-02
2025-08-15 18:36:00,901 -                train: [    INFO] - Distributing BatchNorm running means and vars
2025-08-15 18:36:01,253 -                train: [    INFO] - Test: [   0/19]  Time: 0.348 (0.348)  Loss:  1.7119 (1.7119)  Acc@1: 54.8828 (54.8828)  Acc@5: 81.8359 (81.8359)
2025-08-15 18:36:01,725 -                train: [    INFO] - Test: [  19/19]  Time: 0.009 (0.041)  Loss:  1.6696 (1.6841)  Acc@1: 53.3088 (54.5000)  Acc@5: 83.0882 (84.4400)
2025-08-15 18:36:02,035 - timm.utils.checkpoint_saver: [    INFO] - Current checkpoints:
 ('./output/train/20250815-182626-resnet18-224/checkpoint/checkpoint-31.pth.tar', 58.599999969482425)
 ('./output/train/20250815-182626-resnet18-224/checkpoint/checkpoint-30.pth.tar', 57.79999996948242)
 ('./output/train/20250815-182626-resnet18-224/checkpoint/checkpoint-29.pth.tar', 57.22999998168945)
 ('./output/train/20250815-182626-resnet18-224/checkpoint/checkpoint-27.pth.tar', 56.34000003051758)
 ('./output/train/20250815-182626-resnet18-224/checkpoint/checkpoint-25.pth.tar', 55.70999987792969)
 ('./output/train/20250815-182626-resnet18-224/checkpoint/checkpoint-32.pth.tar', 54.499999975585936)
 ('./output/train/20250815-182626-resnet18-224/checkpoint/checkpoint-28.pth.tar', 53.629999951171875)
 ('./output/train/20250815-182626-resnet18-224/checkpoint/checkpoint-22.pth.tar', 52.85999999389649)
 ('./output/train/20250815-182626-resnet18-224/checkpoint/checkpoint-19.pth.tar', 52.75000010986328)
 ('./output/train/20250815-182626-resnet18-224/checkpoint/checkpoint-23.pth.tar', 52.53000008544922)

2025-08-15 18:36:02,314 -                train: [    INFO] - Train: 33 [   0/97 (  0%)]  Loss: 205.1 (205.)  Loss_feat: 202.7 (203.)  Loss_gt: 2.361 (2.36) LR: 4.855e-02
2025-08-15 18:36:18,209 -                train: [    INFO] - Train: 33 [  96/97 (100%)]  Loss: 205.4 (205.)  Loss_feat: 203.1 (203.)  Loss_gt: 2.271 (2.32) LR: 4.855e-02
2025-08-15 18:36:18,210 -                train: [    INFO] - Distributing BatchNorm running means and vars
2025-08-15 18:36:18,520 -                train: [    INFO] - Test: [   0/19]  Time: 0.306 (0.306)  Loss:  1.5946 (1.5946)  Acc@1: 58.3984 (58.3984)  Acc@5: 84.1797 (84.1797)
2025-08-15 18:36:19,003 -                train: [    INFO] - Test: [  19/19]  Time: 0.009 (0.039)  Loss:  1.4798 (1.5799)  Acc@1: 61.7647 (57.0900)  Acc@5: 87.5000 (85.7000)
2025-08-15 18:36:19,352 - timm.utils.checkpoint_saver: [    INFO] - Current checkpoints:
 ('./output/train/20250815-182626-resnet18-224/checkpoint/checkpoint-31.pth.tar', 58.599999969482425)
 ('./output/train/20250815-182626-resnet18-224/checkpoint/checkpoint-30.pth.tar', 57.79999996948242)
 ('./output/train/20250815-182626-resnet18-224/checkpoint/checkpoint-29.pth.tar', 57.22999998168945)
 ('./output/train/20250815-182626-resnet18-224/checkpoint/checkpoint-33.pth.tar', 57.09000009765625)
 ('./output/train/20250815-182626-resnet18-224/checkpoint/checkpoint-27.pth.tar', 56.34000003051758)
 ('./output/train/20250815-182626-resnet18-224/checkpoint/checkpoint-25.pth.tar', 55.70999987792969)
 ('./output/train/20250815-182626-resnet18-224/checkpoint/checkpoint-32.pth.tar', 54.499999975585936)
 ('./output/train/20250815-182626-resnet18-224/checkpoint/checkpoint-28.pth.tar', 53.629999951171875)
 ('./output/train/20250815-182626-resnet18-224/checkpoint/checkpoint-22.pth.tar', 52.85999999389649)
 ('./output/train/20250815-182626-resnet18-224/checkpoint/checkpoint-19.pth.tar', 52.75000010986328)

2025-08-15 18:36:19,612 -                train: [    INFO] - Train: 34 [   0/97 (  0%)]  Loss: 205.3 (205.)  Loss_feat: 203.0 (203.)  Loss_gt: 2.281 (2.28) LR: 4.846e-02
2025-08-15 18:36:35,531 -                train: [    INFO] - Train: 34 [  96/97 (100%)]  Loss: 204.1 (205.)  Loss_feat: 201.7 (202.)  Loss_gt: 2.329 (2.31) LR: 4.846e-02
2025-08-15 18:36:35,531 -                train: [    INFO] - Distributing BatchNorm running means and vars
2025-08-15 18:36:35,864 -                train: [    INFO] - Test: [   0/19]  Time: 0.328 (0.328)  Loss:  1.6029 (1.6029)  Acc@1: 59.7656 (59.7656)  Acc@5: 84.5703 (84.5703)
2025-08-15 18:36:36,354 -                train: [    INFO] - Test: [  19/19]  Time: 0.009 (0.041)  Loss:  1.5884 (1.6197)  Acc@1: 55.1471 (56.4800)  Acc@5: 87.5000 (86.0800)
2025-08-15 18:36:36,661 - timm.utils.checkpoint_saver: [    INFO] - Current checkpoints:
 ('./output/train/20250815-182626-resnet18-224/checkpoint/checkpoint-31.pth.tar', 58.599999969482425)
 ('./output/train/20250815-182626-resnet18-224/checkpoint/checkpoint-30.pth.tar', 57.79999996948242)
 ('./output/train/20250815-182626-resnet18-224/checkpoint/checkpoint-29.pth.tar', 57.22999998168945)
 ('./output/train/20250815-182626-resnet18-224/checkpoint/checkpoint-33.pth.tar', 57.09000009765625)
 ('./output/train/20250815-182626-resnet18-224/checkpoint/checkpoint-34.pth.tar', 56.48000004272461)
 ('./output/train/20250815-182626-resnet18-224/checkpoint/checkpoint-27.pth.tar', 56.34000003051758)
 ('./output/train/20250815-182626-resnet18-224/checkpoint/checkpoint-25.pth.tar', 55.70999987792969)
 ('./output/train/20250815-182626-resnet18-224/checkpoint/checkpoint-32.pth.tar', 54.499999975585936)
 ('./output/train/20250815-182626-resnet18-224/checkpoint/checkpoint-28.pth.tar', 53.629999951171875)
 ('./output/train/20250815-182626-resnet18-224/checkpoint/checkpoint-22.pth.tar', 52.85999999389649)

2025-08-15 18:36:36,943 -                train: [    INFO] - Train: 35 [   0/97 (  0%)]  Loss: 203.7 (204.)  Loss_feat: 201.4 (201.)  Loss_gt: 2.246 (2.25) LR: 4.837e-02
2025-08-15 18:36:52,863 -                train: [    INFO] - Train: 35 [  96/97 (100%)]  Loss: 203.2 (203.)  Loss_feat: 201.0 (201.)  Loss_gt: 2.264 (2.25) LR: 4.837e-02
2025-08-15 18:36:52,864 -                train: [    INFO] - Distributing BatchNorm running means and vars
2025-08-15 18:36:53,193 -                train: [    INFO] - Test: [   0/19]  Time: 0.326 (0.326)  Loss:  1.6168 (1.6168)  Acc@1: 58.2031 (58.2031)  Acc@5: 86.9141 (86.9141)
2025-08-15 18:36:53,658 -                train: [    INFO] - Test: [  19/19]  Time: 0.009 (0.040)  Loss:  1.5065 (1.5907)  Acc@1: 60.2941 (57.2200)  Acc@5: 86.7647 (86.1400)
2025-08-15 18:36:53,889 - timm.utils.checkpoint_saver: [    INFO] - Current checkpoints:
 ('./output/train/20250815-182626-resnet18-224/checkpoint/checkpoint-31.pth.tar', 58.599999969482425)
 ('./output/train/20250815-182626-resnet18-224/checkpoint/checkpoint-30.pth.tar', 57.79999996948242)
 ('./output/train/20250815-182626-resnet18-224/checkpoint/checkpoint-29.pth.tar', 57.22999998168945)
 ('./output/train/20250815-182626-resnet18-224/checkpoint/checkpoint-35.pth.tar', 57.21999987792969)
 ('./output/train/20250815-182626-resnet18-224/checkpoint/checkpoint-33.pth.tar', 57.09000009765625)
 ('./output/train/20250815-182626-resnet18-224/checkpoint/checkpoint-34.pth.tar', 56.48000004272461)
 ('./output/train/20250815-182626-resnet18-224/checkpoint/checkpoint-27.pth.tar', 56.34000003051758)
 ('./output/train/20250815-182626-resnet18-224/checkpoint/checkpoint-25.pth.tar', 55.70999987792969)
 ('./output/train/20250815-182626-resnet18-224/checkpoint/checkpoint-32.pth.tar', 54.499999975585936)
 ('./output/train/20250815-182626-resnet18-224/checkpoint/checkpoint-28.pth.tar', 53.629999951171875)

2025-08-15 18:36:54,207 -                train: [    INFO] - Train: 36 [   0/97 (  0%)]  Loss: 204.4 (204.)  Loss_feat: 202.1 (202.)  Loss_gt: 2.250 (2.25) LR: 4.828e-02
2025-08-15 18:37:10,101 -                train: [    INFO] - Train: 36 [  96/97 (100%)]  Loss: 202.6 (204.)  Loss_feat: 200.3 (201.)  Loss_gt: 2.343 (2.30) LR: 4.828e-02
2025-08-15 18:37:10,101 -                train: [    INFO] - Distributing BatchNorm running means and vars
2025-08-15 18:37:10,460 -                train: [    INFO] - Test: [   0/19]  Time: 0.355 (0.355)  Loss:  1.7106 (1.7106)  Acc@1: 57.0312 (57.0312)  Acc@5: 83.3984 (83.3984)
2025-08-15 18:37:10,923 -                train: [    INFO] - Test: [  19/19]  Time: 0.009 (0.041)  Loss:  1.6251 (1.6891)  Acc@1: 58.0882 (55.4100)  Acc@5: 84.9265 (84.0900)
2025-08-15 18:37:11,261 - timm.utils.checkpoint_saver: [    INFO] - Current checkpoints:
 ('./output/train/20250815-182626-resnet18-224/checkpoint/checkpoint-31.pth.tar', 58.599999969482425)
 ('./output/train/20250815-182626-resnet18-224/checkpoint/checkpoint-30.pth.tar', 57.79999996948242)
 ('./output/train/20250815-182626-resnet18-224/checkpoint/checkpoint-29.pth.tar', 57.22999998168945)
 ('./output/train/20250815-182626-resnet18-224/checkpoint/checkpoint-35.pth.tar', 57.21999987792969)
 ('./output/train/20250815-182626-resnet18-224/checkpoint/checkpoint-33.pth.tar', 57.09000009765625)
 ('./output/train/20250815-182626-resnet18-224/checkpoint/checkpoint-34.pth.tar', 56.48000004272461)
 ('./output/train/20250815-182626-resnet18-224/checkpoint/checkpoint-27.pth.tar', 56.34000003051758)
 ('./output/train/20250815-182626-resnet18-224/checkpoint/checkpoint-25.pth.tar', 55.70999987792969)
 ('./output/train/20250815-182626-resnet18-224/checkpoint/checkpoint-36.pth.tar', 55.40999996337891)
 ('./output/train/20250815-182626-resnet18-224/checkpoint/checkpoint-32.pth.tar', 54.499999975585936)

2025-08-15 18:37:11,520 -                train: [    INFO] - Train: 37 [   0/97 (  0%)]  Loss: 202.8 (203.)  Loss_feat: 200.6 (201.)  Loss_gt: 2.186 (2.19) LR: 4.818e-02
2025-08-15 18:37:27,457 -                train: [    INFO] - Train: 37 [  96/97 (100%)]  Loss: 202.7 (203.)  Loss_feat: 200.3 (200.)  Loss_gt: 2.348 (2.27) LR: 4.818e-02
2025-08-15 18:37:27,457 -                train: [    INFO] - Distributing BatchNorm running means and vars
2025-08-15 18:37:27,771 -                train: [    INFO] - Test: [   0/19]  Time: 0.309 (0.309)  Loss:  1.6341 (1.6341)  Acc@1: 57.4219 (57.4219)  Acc@5: 84.1797 (84.1797)
2025-08-15 18:37:28,272 -                train: [    INFO] - Test: [  19/19]  Time: 0.009 (0.041)  Loss:  1.5668 (1.6238)  Acc@1: 59.1912 (57.0400)  Acc@5: 87.5000 (84.5700)
2025-08-15 18:37:28,502 - timm.utils.checkpoint_saver: [    INFO] - Current checkpoints:
 ('./output/train/20250815-182626-resnet18-224/checkpoint/checkpoint-31.pth.tar', 58.599999969482425)
 ('./output/train/20250815-182626-resnet18-224/checkpoint/checkpoint-30.pth.tar', 57.79999996948242)
 ('./output/train/20250815-182626-resnet18-224/checkpoint/checkpoint-29.pth.tar', 57.22999998168945)
 ('./output/train/20250815-182626-resnet18-224/checkpoint/checkpoint-35.pth.tar', 57.21999987792969)
 ('./output/train/20250815-182626-resnet18-224/checkpoint/checkpoint-33.pth.tar', 57.09000009765625)
 ('./output/train/20250815-182626-resnet18-224/checkpoint/checkpoint-37.pth.tar', 57.039999920654296)
 ('./output/train/20250815-182626-resnet18-224/checkpoint/checkpoint-34.pth.tar', 56.48000004272461)
 ('./output/train/20250815-182626-resnet18-224/checkpoint/checkpoint-27.pth.tar', 56.34000003051758)
 ('./output/train/20250815-182626-resnet18-224/checkpoint/checkpoint-25.pth.tar', 55.70999987792969)
 ('./output/train/20250815-182626-resnet18-224/checkpoint/checkpoint-36.pth.tar', 55.40999996337891)

2025-08-15 18:37:28,827 -                train: [    INFO] - Train: 38 [   0/97 (  0%)]  Loss: 202.8 (203.)  Loss_feat: 200.5 (201.)  Loss_gt: 2.295 (2.29) LR: 4.809e-02
2025-08-15 18:37:44,697 -                train: [    INFO] - Train: 38 [  96/97 (100%)]  Loss: 201.3 (202.)  Loss_feat: 199.0 (200.)  Loss_gt: 2.272 (2.28) LR: 4.809e-02
2025-08-15 18:37:44,698 -                train: [    INFO] - Distributing BatchNorm running means and vars
2025-08-15 18:37:44,972 -                train: [    INFO] - Test: [   0/19]  Time: 0.270 (0.270)  Loss:  1.6004 (1.6004)  Acc@1: 57.0312 (57.0312)  Acc@5: 85.3516 (85.3516)
2025-08-15 18:37:45,481 -                train: [    INFO] - Test: [  19/19]  Time: 0.009 (0.039)  Loss:  1.6303 (1.6144)  Acc@1: 57.3529 (56.9800)  Acc@5: 86.3971 (85.8900)
2025-08-15 18:37:45,846 - timm.utils.checkpoint_saver: [    INFO] - Current checkpoints:
 ('./output/train/20250815-182626-resnet18-224/checkpoint/checkpoint-31.pth.tar', 58.599999969482425)
 ('./output/train/20250815-182626-resnet18-224/checkpoint/checkpoint-30.pth.tar', 57.79999996948242)
 ('./output/train/20250815-182626-resnet18-224/checkpoint/checkpoint-29.pth.tar', 57.22999998168945)
 ('./output/train/20250815-182626-resnet18-224/checkpoint/checkpoint-35.pth.tar', 57.21999987792969)
 ('./output/train/20250815-182626-resnet18-224/checkpoint/checkpoint-33.pth.tar', 57.09000009765625)
 ('./output/train/20250815-182626-resnet18-224/checkpoint/checkpoint-37.pth.tar', 57.039999920654296)
 ('./output/train/20250815-182626-resnet18-224/checkpoint/checkpoint-38.pth.tar', 56.980000061035156)
 ('./output/train/20250815-182626-resnet18-224/checkpoint/checkpoint-34.pth.tar', 56.48000004272461)
 ('./output/train/20250815-182626-resnet18-224/checkpoint/checkpoint-27.pth.tar', 56.34000003051758)
 ('./output/train/20250815-182626-resnet18-224/checkpoint/checkpoint-25.pth.tar', 55.70999987792969)

2025-08-15 18:37:46,105 -                train: [    INFO] - Train: 39 [   0/97 (  0%)]  Loss: 200.7 (201.)  Loss_feat: 198.5 (199.)  Loss_gt: 2.146 (2.15) LR: 4.798e-02
2025-08-15 18:38:01,996 -                train: [    INFO] - Train: 39 [  96/97 (100%)]  Loss: 201.7 (201.)  Loss_feat: 199.4 (199.)  Loss_gt: 2.269 (2.21) LR: 4.798e-02
2025-08-15 18:38:01,996 -                train: [    INFO] - Distributing BatchNorm running means and vars
2025-08-15 18:38:02,300 -                train: [    INFO] - Test: [   0/19]  Time: 0.300 (0.300)  Loss:  1.5001 (1.5001)  Acc@1: 61.1328 (61.1328)  Acc@5: 87.1094 (87.1094)
2025-08-15 18:38:02,787 -                train: [    INFO] - Test: [  19/19]  Time: 0.009 (0.039)  Loss:  1.5306 (1.5428)  Acc@1: 58.8235 (57.9400)  Acc@5: 87.5000 (86.6600)
2025-08-15 18:38:03,089 - timm.utils.checkpoint_saver: [    INFO] - Current checkpoints:
 ('./output/train/20250815-182626-resnet18-224/checkpoint/checkpoint-31.pth.tar', 58.599999969482425)
 ('./output/train/20250815-182626-resnet18-224/checkpoint/checkpoint-39.pth.tar', 57.93999996948242)
 ('./output/train/20250815-182626-resnet18-224/checkpoint/checkpoint-30.pth.tar', 57.79999996948242)
 ('./output/train/20250815-182626-resnet18-224/checkpoint/checkpoint-29.pth.tar', 57.22999998168945)
 ('./output/train/20250815-182626-resnet18-224/checkpoint/checkpoint-35.pth.tar', 57.21999987792969)
 ('./output/train/20250815-182626-resnet18-224/checkpoint/checkpoint-33.pth.tar', 57.09000009765625)
 ('./output/train/20250815-182626-resnet18-224/checkpoint/checkpoint-37.pth.tar', 57.039999920654296)
 ('./output/train/20250815-182626-resnet18-224/checkpoint/checkpoint-38.pth.tar', 56.980000061035156)
 ('./output/train/20250815-182626-resnet18-224/checkpoint/checkpoint-34.pth.tar', 56.48000004272461)
 ('./output/train/20250815-182626-resnet18-224/checkpoint/checkpoint-27.pth.tar', 56.34000003051758)

2025-08-15 18:38:03,369 -                train: [    INFO] - Train: 40 [   0/97 (  0%)]  Loss: 198.5 (199.)  Loss_feat: 196.4 (196.)  Loss_gt: 2.158 (2.16) LR: 4.788e-02
2025-08-15 18:38:19,264 -                train: [    INFO] - Train: 40 [  96/97 (100%)]  Loss: 200.5 (200.)  Loss_feat: 198.3 (197.)  Loss_gt: 2.240 (2.20) LR: 4.788e-02
2025-08-15 18:38:19,264 -                train: [    INFO] - Distributing BatchNorm running means and vars
2025-08-15 18:38:19,563 -                train: [    INFO] - Test: [   0/19]  Time: 0.295 (0.295)  Loss:  1.6547 (1.6547)  Acc@1: 57.6172 (57.6172)  Acc@5: 84.3750 (84.3750)
2025-08-15 18:38:20,084 -                train: [    INFO] - Test: [  19/19]  Time: 0.009 (0.041)  Loss:  1.6209 (1.6653)  Acc@1: 59.5588 (56.7900)  Acc@5: 85.2941 (85.2100)
2025-08-15 18:38:20,517 - timm.utils.checkpoint_saver: [    INFO] - Current checkpoints:
 ('./output/train/20250815-182626-resnet18-224/checkpoint/checkpoint-31.pth.tar', 58.599999969482425)
 ('./output/train/20250815-182626-resnet18-224/checkpoint/checkpoint-39.pth.tar', 57.93999996948242)
 ('./output/train/20250815-182626-resnet18-224/checkpoint/checkpoint-30.pth.tar', 57.79999996948242)
 ('./output/train/20250815-182626-resnet18-224/checkpoint/checkpoint-29.pth.tar', 57.22999998168945)
 ('./output/train/20250815-182626-resnet18-224/checkpoint/checkpoint-35.pth.tar', 57.21999987792969)
 ('./output/train/20250815-182626-resnet18-224/checkpoint/checkpoint-33.pth.tar', 57.09000009765625)
 ('./output/train/20250815-182626-resnet18-224/checkpoint/checkpoint-37.pth.tar', 57.039999920654296)
 ('./output/train/20250815-182626-resnet18-224/checkpoint/checkpoint-38.pth.tar', 56.980000061035156)
 ('./output/train/20250815-182626-resnet18-224/checkpoint/checkpoint-40.pth.tar', 56.789999975585935)
 ('./output/train/20250815-182626-resnet18-224/checkpoint/checkpoint-34.pth.tar', 56.48000004272461)

2025-08-15 18:38:20,785 -                train: [    INFO] - Train: 41 [   0/97 (  0%)]  Loss: 200.2 (200.)  Loss_feat: 198.1 (198.)  Loss_gt: 2.139 (2.14) LR: 4.778e-02
2025-08-15 18:38:36,720 -                train: [    INFO] - Train: 41 [  96/97 (100%)]  Loss: 201.9 (201.)  Loss_feat: 199.7 (199.)  Loss_gt: 2.190 (2.16) LR: 4.778e-02
2025-08-15 18:38:36,721 -                train: [    INFO] - Distributing BatchNorm running means and vars
2025-08-15 18:38:37,044 -                train: [    INFO] - Test: [   0/19]  Time: 0.320 (0.320)  Loss:  1.5599 (1.5599)  Acc@1: 59.1797 (59.1797)  Acc@5: 86.9141 (86.9141)
2025-08-15 18:38:37,542 -                train: [    INFO] - Test: [  19/19]  Time: 0.009 (0.041)  Loss:  1.4932 (1.5444)  Acc@1: 59.1912 (58.4400)  Acc@5: 89.7059 (86.9200)
2025-08-15 18:38:37,838 - timm.utils.checkpoint_saver: [    INFO] - Current checkpoints:
 ('./output/train/20250815-182626-resnet18-224/checkpoint/checkpoint-31.pth.tar', 58.599999969482425)
 ('./output/train/20250815-182626-resnet18-224/checkpoint/checkpoint-41.pth.tar', 58.44000002441406)
 ('./output/train/20250815-182626-resnet18-224/checkpoint/checkpoint-39.pth.tar', 57.93999996948242)
 ('./output/train/20250815-182626-resnet18-224/checkpoint/checkpoint-30.pth.tar', 57.79999996948242)
 ('./output/train/20250815-182626-resnet18-224/checkpoint/checkpoint-29.pth.tar', 57.22999998168945)
 ('./output/train/20250815-182626-resnet18-224/checkpoint/checkpoint-35.pth.tar', 57.21999987792969)
 ('./output/train/20250815-182626-resnet18-224/checkpoint/checkpoint-33.pth.tar', 57.09000009765625)
 ('./output/train/20250815-182626-resnet18-224/checkpoint/checkpoint-37.pth.tar', 57.039999920654296)
 ('./output/train/20250815-182626-resnet18-224/checkpoint/checkpoint-38.pth.tar', 56.980000061035156)
 ('./output/train/20250815-182626-resnet18-224/checkpoint/checkpoint-40.pth.tar', 56.789999975585935)

2025-08-15 18:38:38,114 -                train: [    INFO] - Train: 42 [   0/97 (  0%)]  Loss: 198.7 (199.)  Loss_feat: 196.5 (197.)  Loss_gt: 2.115 (2.12) LR: 4.767e-02
2025-08-15 18:38:54,027 -                train: [    INFO] - Train: 42 [  96/97 (100%)]  Loss: 199.9 (199.)  Loss_feat: 197.6 (197.)  Loss_gt: 2.226 (2.17) LR: 4.767e-02
2025-08-15 18:38:54,027 -                train: [    INFO] - Distributing BatchNorm running means and vars
2025-08-15 18:38:54,380 -                train: [    INFO] - Test: [   0/19]  Time: 0.349 (0.349)  Loss:  1.4644 (1.4644)  Acc@1: 61.5234 (61.5234)  Acc@5: 87.5000 (87.5000)
2025-08-15 18:38:54,844 -                train: [    INFO] - Test: [  19/19]  Time: 0.009 (0.041)  Loss:  1.5390 (1.5190)  Acc@1: 57.3529 (59.3000)  Acc@5: 87.1324 (86.9300)
2025-08-15 18:38:55,101 - timm.utils.checkpoint_saver: [    INFO] - Current checkpoints:
 ('./output/train/20250815-182626-resnet18-224/checkpoint/checkpoint-42.pth.tar', 59.300000061035156)
 ('./output/train/20250815-182626-resnet18-224/checkpoint/checkpoint-31.pth.tar', 58.599999969482425)
 ('./output/train/20250815-182626-resnet18-224/checkpoint/checkpoint-41.pth.tar', 58.44000002441406)
 ('./output/train/20250815-182626-resnet18-224/checkpoint/checkpoint-39.pth.tar', 57.93999996948242)
 ('./output/train/20250815-182626-resnet18-224/checkpoint/checkpoint-30.pth.tar', 57.79999996948242)
 ('./output/train/20250815-182626-resnet18-224/checkpoint/checkpoint-29.pth.tar', 57.22999998168945)
 ('./output/train/20250815-182626-resnet18-224/checkpoint/checkpoint-35.pth.tar', 57.21999987792969)
 ('./output/train/20250815-182626-resnet18-224/checkpoint/checkpoint-33.pth.tar', 57.09000009765625)
 ('./output/train/20250815-182626-resnet18-224/checkpoint/checkpoint-37.pth.tar', 57.039999920654296)
 ('./output/train/20250815-182626-resnet18-224/checkpoint/checkpoint-38.pth.tar', 56.980000061035156)

2025-08-15 18:38:55,421 -                train: [    INFO] - Train: 43 [   0/97 (  0%)]  Loss: 198.9 (199.)  Loss_feat: 196.7 (197.)  Loss_gt: 2.174 (2.17) LR: 4.756e-02
2025-08-15 18:39:11,339 -                train: [    INFO] - Train: 43 [  96/97 (100%)]  Loss: 199.5 (199.)  Loss_feat: 197.4 (197.)  Loss_gt: 2.185 (2.18) LR: 4.756e-02
2025-08-15 18:39:11,339 -                train: [    INFO] - Distributing BatchNorm running means and vars
2025-08-15 18:39:11,668 -                train: [    INFO] - Test: [   0/19]  Time: 0.325 (0.325)  Loss:  1.5857 (1.5857)  Acc@1: 58.0078 (58.0078)  Acc@5: 84.3750 (84.3750)
2025-08-15 18:39:12,166 -                train: [    INFO] - Test: [  19/19]  Time: 0.009 (0.041)  Loss:  1.5334 (1.5610)  Acc@1: 58.8235 (57.5900)  Acc@5: 87.5000 (86.4900)
2025-08-15 18:39:12,480 - timm.utils.checkpoint_saver: [    INFO] - Current checkpoints:
 ('./output/train/20250815-182626-resnet18-224/checkpoint/checkpoint-42.pth.tar', 59.300000061035156)
 ('./output/train/20250815-182626-resnet18-224/checkpoint/checkpoint-31.pth.tar', 58.599999969482425)
 ('./output/train/20250815-182626-resnet18-224/checkpoint/checkpoint-41.pth.tar', 58.44000002441406)
 ('./output/train/20250815-182626-resnet18-224/checkpoint/checkpoint-39.pth.tar', 57.93999996948242)
 ('./output/train/20250815-182626-resnet18-224/checkpoint/checkpoint-30.pth.tar', 57.79999996948242)
 ('./output/train/20250815-182626-resnet18-224/checkpoint/checkpoint-43.pth.tar', 57.58999996948242)
 ('./output/train/20250815-182626-resnet18-224/checkpoint/checkpoint-29.pth.tar', 57.22999998168945)
 ('./output/train/20250815-182626-resnet18-224/checkpoint/checkpoint-35.pth.tar', 57.21999987792969)
 ('./output/train/20250815-182626-resnet18-224/checkpoint/checkpoint-33.pth.tar', 57.09000009765625)
 ('./output/train/20250815-182626-resnet18-224/checkpoint/checkpoint-37.pth.tar', 57.039999920654296)

2025-08-15 18:39:12,757 -                train: [    INFO] - Train: 44 [   0/97 (  0%)]  Loss: 196.5 (197.)  Loss_feat: 194.3 (194.)  Loss_gt: 2.209 (2.21) LR: 4.744e-02
2025-08-15 18:39:28,593 -                train: [    INFO] - Train: 44 [  96/97 (100%)]  Loss: 197.4 (197.)  Loss_feat: 195.2 (195.)  Loss_gt: 2.245 (2.23) LR: 4.744e-02
2025-08-15 18:39:28,594 -                train: [    INFO] - Distributing BatchNorm running means and vars
2025-08-15 18:39:28,908 -                train: [    INFO] - Test: [   0/19]  Time: 0.310 (0.310)  Loss:  1.5921 (1.5921)  Acc@1: 58.0078 (58.0078)  Acc@5: 84.3750 (84.3750)
2025-08-15 18:39:29,387 -                train: [    INFO] - Test: [  19/19]  Time: 0.009 (0.040)  Loss:  1.5627 (1.5921)  Acc@1: 58.8235 (57.1200)  Acc@5: 86.0294 (84.9100)
2025-08-15 18:39:29,773 - timm.utils.checkpoint_saver: [    INFO] - Current checkpoints:
 ('./output/train/20250815-182626-resnet18-224/checkpoint/checkpoint-42.pth.tar', 59.300000061035156)
 ('./output/train/20250815-182626-resnet18-224/checkpoint/checkpoint-31.pth.tar', 58.599999969482425)
 ('./output/train/20250815-182626-resnet18-224/checkpoint/checkpoint-41.pth.tar', 58.44000002441406)
 ('./output/train/20250815-182626-resnet18-224/checkpoint/checkpoint-39.pth.tar', 57.93999996948242)
 ('./output/train/20250815-182626-resnet18-224/checkpoint/checkpoint-30.pth.tar', 57.79999996948242)
 ('./output/train/20250815-182626-resnet18-224/checkpoint/checkpoint-43.pth.tar', 57.58999996948242)
 ('./output/train/20250815-182626-resnet18-224/checkpoint/checkpoint-29.pth.tar', 57.22999998168945)
 ('./output/train/20250815-182626-resnet18-224/checkpoint/checkpoint-35.pth.tar', 57.21999987792969)
 ('./output/train/20250815-182626-resnet18-224/checkpoint/checkpoint-44.pth.tar', 57.11999996948242)
 ('./output/train/20250815-182626-resnet18-224/checkpoint/checkpoint-33.pth.tar', 57.09000009765625)

2025-08-15 18:39:30,031 -                train: [    INFO] - Train: 45 [   0/97 (  0%)]  Loss: 198.5 (199.)  Loss_feat: 196.3 (196.)  Loss_gt: 2.192 (2.19) LR: 4.733e-02
2025-08-15 18:39:45,938 -                train: [    INFO] - Train: 45 [  96/97 (100%)]  Loss: 198.8 (199.)  Loss_feat: 196.6 (196.)  Loss_gt: 2.184 (2.19) LR: 4.733e-02
2025-08-15 18:39:45,938 -                train: [    INFO] - Distributing BatchNorm running means and vars
2025-08-15 18:39:46,240 -                train: [    INFO] - Test: [   0/19]  Time: 0.298 (0.298)  Loss:  1.4680 (1.4680)  Acc@1: 62.1094 (62.1094)  Acc@5: 87.3047 (87.3047)
2025-08-15 18:39:46,743 -                train: [    INFO] - Test: [  19/19]  Time: 0.009 (0.040)  Loss:  1.4032 (1.4690)  Acc@1: 63.6029 (61.2800)  Acc@5: 89.3382 (88.2000)
2025-08-15 18:39:47,095 - timm.utils.checkpoint_saver: [    INFO] - Current checkpoints:
 ('./output/train/20250815-182626-resnet18-224/checkpoint/checkpoint-45.pth.tar', 61.279999853515626)
 ('./output/train/20250815-182626-resnet18-224/checkpoint/checkpoint-42.pth.tar', 59.300000061035156)
 ('./output/train/20250815-182626-resnet18-224/checkpoint/checkpoint-31.pth.tar', 58.599999969482425)
 ('./output/train/20250815-182626-resnet18-224/checkpoint/checkpoint-41.pth.tar', 58.44000002441406)
 ('./output/train/20250815-182626-resnet18-224/checkpoint/checkpoint-39.pth.tar', 57.93999996948242)
 ('./output/train/20250815-182626-resnet18-224/checkpoint/checkpoint-30.pth.tar', 57.79999996948242)
 ('./output/train/20250815-182626-resnet18-224/checkpoint/checkpoint-43.pth.tar', 57.58999996948242)
 ('./output/train/20250815-182626-resnet18-224/checkpoint/checkpoint-29.pth.tar', 57.22999998168945)
 ('./output/train/20250815-182626-resnet18-224/checkpoint/checkpoint-35.pth.tar', 57.21999987792969)
 ('./output/train/20250815-182626-resnet18-224/checkpoint/checkpoint-44.pth.tar', 57.11999996948242)

2025-08-15 18:39:47,363 -                train: [    INFO] - Train: 46 [   0/97 (  0%)]  Loss: 198.3 (198.)  Loss_feat: 196.1 (196.)  Loss_gt: 2.192 (2.19) LR: 4.721e-02
2025-08-15 18:40:03,286 -                train: [    INFO] - Train: 46 [  96/97 (100%)]  Loss: 197.0 (198.)  Loss_feat: 194.9 (195.)  Loss_gt: 2.146 (2.17) LR: 4.721e-02
2025-08-15 18:40:03,286 -                train: [    INFO] - Distributing BatchNorm running means and vars
2025-08-15 18:40:03,691 -                train: [    INFO] - Test: [   0/19]  Time: 0.400 (0.400)  Loss:  1.5306 (1.5306)  Acc@1: 62.3047 (62.3047)  Acc@5: 85.5469 (85.5469)
2025-08-15 18:40:04,157 -                train: [    INFO] - Test: [  19/19]  Time: 0.009 (0.043)  Loss:  1.4581 (1.4909)  Acc@1: 64.3382 (61.8000)  Acc@5: 86.7647 (88.0900)
2025-08-15 18:40:04,450 - timm.utils.checkpoint_saver: [    INFO] - Current checkpoints:
 ('./output/train/20250815-182626-resnet18-224/checkpoint/checkpoint-46.pth.tar', 61.79999996337891)
 ('./output/train/20250815-182626-resnet18-224/checkpoint/checkpoint-45.pth.tar', 61.279999853515626)
 ('./output/train/20250815-182626-resnet18-224/checkpoint/checkpoint-42.pth.tar', 59.300000061035156)
 ('./output/train/20250815-182626-resnet18-224/checkpoint/checkpoint-31.pth.tar', 58.599999969482425)
 ('./output/train/20250815-182626-resnet18-224/checkpoint/checkpoint-41.pth.tar', 58.44000002441406)
 ('./output/train/20250815-182626-resnet18-224/checkpoint/checkpoint-39.pth.tar', 57.93999996948242)
 ('./output/train/20250815-182626-resnet18-224/checkpoint/checkpoint-30.pth.tar', 57.79999996948242)
 ('./output/train/20250815-182626-resnet18-224/checkpoint/checkpoint-43.pth.tar', 57.58999996948242)
 ('./output/train/20250815-182626-resnet18-224/checkpoint/checkpoint-29.pth.tar', 57.22999998168945)
 ('./output/train/20250815-182626-resnet18-224/checkpoint/checkpoint-35.pth.tar', 57.21999987792969)

2025-08-15 18:40:04,747 -                train: [    INFO] - Train: 47 [   0/97 (  0%)]  Loss: 197.3 (197.)  Loss_feat: 195.1 (195.)  Loss_gt: 2.134 (2.13) LR: 4.709e-02
2025-08-15 18:40:20,625 -                train: [    INFO] - Train: 47 [  96/97 (100%)]  Loss: 195.7 (197.)  Loss_feat: 193.6 (194.)  Loss_gt: 2.145 (2.14) LR: 4.709e-02
2025-08-15 18:40:20,625 -                train: [    INFO] - Distributing BatchNorm running means and vars
2025-08-15 18:40:20,980 -                train: [    INFO] - Test: [   0/19]  Time: 0.352 (0.352)  Loss:  1.5121 (1.5121)  Acc@1: 58.3984 (58.3984)  Acc@5: 87.1094 (87.1094)
2025-08-15 18:40:21,469 -                train: [    INFO] - Test: [  19/19]  Time: 0.009 (0.042)  Loss:  1.4845 (1.5088)  Acc@1: 60.6618 (59.6000)  Acc@5: 86.0294 (87.5300)
2025-08-15 18:40:21,787 - timm.utils.checkpoint_saver: [    INFO] - Current checkpoints:
 ('./output/train/20250815-182626-resnet18-224/checkpoint/checkpoint-46.pth.tar', 61.79999996337891)
 ('./output/train/20250815-182626-resnet18-224/checkpoint/checkpoint-45.pth.tar', 61.279999853515626)
 ('./output/train/20250815-182626-resnet18-224/checkpoint/checkpoint-47.pth.tar', 59.6000000366211)
 ('./output/train/20250815-182626-resnet18-224/checkpoint/checkpoint-42.pth.tar', 59.300000061035156)
 ('./output/train/20250815-182626-resnet18-224/checkpoint/checkpoint-31.pth.tar', 58.599999969482425)
 ('./output/train/20250815-182626-resnet18-224/checkpoint/checkpoint-41.pth.tar', 58.44000002441406)
 ('./output/train/20250815-182626-resnet18-224/checkpoint/checkpoint-39.pth.tar', 57.93999996948242)
 ('./output/train/20250815-182626-resnet18-224/checkpoint/checkpoint-30.pth.tar', 57.79999996948242)
 ('./output/train/20250815-182626-resnet18-224/checkpoint/checkpoint-43.pth.tar', 57.58999996948242)
 ('./output/train/20250815-182626-resnet18-224/checkpoint/checkpoint-29.pth.tar', 57.22999998168945)

2025-08-15 18:40:22,061 -                train: [    INFO] - Train: 48 [   0/97 (  0%)]  Loss: 196.5 (196.)  Loss_feat: 194.3 (194.)  Loss_gt: 2.192 (2.19) LR: 4.697e-02
2025-08-15 18:40:37,993 -                train: [    INFO] - Train: 48 [  96/97 (100%)]  Loss: 195.9 (196.)  Loss_feat: 193.7 (194.)  Loss_gt: 2.137 (2.16) LR: 4.697e-02
2025-08-15 18:40:37,993 -                train: [    INFO] - Distributing BatchNorm running means and vars
2025-08-15 18:40:38,325 -                train: [    INFO] - Test: [   0/19]  Time: 0.328 (0.328)  Loss:  1.4435 (1.4435)  Acc@1: 63.4766 (63.4766)  Acc@5: 85.7422 (85.7422)
2025-08-15 18:40:38,836 -                train: [    INFO] - Test: [  19/19]  Time: 0.009 (0.042)  Loss:  1.3842 (1.4637)  Acc@1: 58.4559 (59.6700)  Acc@5: 89.7059 (87.5100)
2025-08-15 18:40:39,097 - timm.utils.checkpoint_saver: [    INFO] - Current checkpoints:
 ('./output/train/20250815-182626-resnet18-224/checkpoint/checkpoint-46.pth.tar', 61.79999996337891)
 ('./output/train/20250815-182626-resnet18-224/checkpoint/checkpoint-45.pth.tar', 61.279999853515626)
 ('./output/train/20250815-182626-resnet18-224/checkpoint/checkpoint-48.pth.tar', 59.66999991455078)
 ('./output/train/20250815-182626-resnet18-224/checkpoint/checkpoint-47.pth.tar', 59.6000000366211)
 ('./output/train/20250815-182626-resnet18-224/checkpoint/checkpoint-42.pth.tar', 59.300000061035156)
 ('./output/train/20250815-182626-resnet18-224/checkpoint/checkpoint-31.pth.tar', 58.599999969482425)
 ('./output/train/20250815-182626-resnet18-224/checkpoint/checkpoint-41.pth.tar', 58.44000002441406)
 ('./output/train/20250815-182626-resnet18-224/checkpoint/checkpoint-39.pth.tar', 57.93999996948242)
 ('./output/train/20250815-182626-resnet18-224/checkpoint/checkpoint-30.pth.tar', 57.79999996948242)
 ('./output/train/20250815-182626-resnet18-224/checkpoint/checkpoint-43.pth.tar', 57.58999996948242)

2025-08-15 18:40:39,383 -                train: [    INFO] - Train: 49 [   0/97 (  0%)]  Loss: 195.1 (195.)  Loss_feat: 193.1 (193.)  Loss_gt: 1.997 (2.00) LR: 4.684e-02
2025-08-15 18:40:55,286 -                train: [    INFO] - Train: 49 [  96/97 (100%)]  Loss: 195.9 (195.)  Loss_feat: 193.7 (193.)  Loss_gt: 2.184 (2.09) LR: 4.684e-02
2025-08-15 18:40:55,286 -                train: [    INFO] - Distributing BatchNorm running means and vars
2025-08-15 18:40:55,611 -                train: [    INFO] - Test: [   0/19]  Time: 0.321 (0.321)  Loss:  1.5384 (1.5384)  Acc@1: 60.5469 (60.5469)  Acc@5: 86.5234 (86.5234)
2025-08-15 18:40:56,143 -                train: [    INFO] - Test: [  19/19]  Time: 0.009 (0.043)  Loss:  1.4687 (1.5287)  Acc@1: 61.0294 (60.1900)  Acc@5: 89.7059 (87.4800)
2025-08-15 18:40:56,714 - timm.utils.checkpoint_saver: [    INFO] - Current checkpoints:
 ('./output/train/20250815-182626-resnet18-224/checkpoint/checkpoint-46.pth.tar', 61.79999996337891)
 ('./output/train/20250815-182626-resnet18-224/checkpoint/checkpoint-45.pth.tar', 61.279999853515626)
 ('./output/train/20250815-182626-resnet18-224/checkpoint/checkpoint-49.pth.tar', 60.189999987792966)
 ('./output/train/20250815-182626-resnet18-224/checkpoint/checkpoint-48.pth.tar', 59.66999991455078)
 ('./output/train/20250815-182626-resnet18-224/checkpoint/checkpoint-47.pth.tar', 59.6000000366211)
 ('./output/train/20250815-182626-resnet18-224/checkpoint/checkpoint-42.pth.tar', 59.300000061035156)
 ('./output/train/20250815-182626-resnet18-224/checkpoint/checkpoint-31.pth.tar', 58.599999969482425)
 ('./output/train/20250815-182626-resnet18-224/checkpoint/checkpoint-41.pth.tar', 58.44000002441406)
 ('./output/train/20250815-182626-resnet18-224/checkpoint/checkpoint-39.pth.tar', 57.93999996948242)
 ('./output/train/20250815-182626-resnet18-224/checkpoint/checkpoint-30.pth.tar', 57.79999996948242)

2025-08-15 18:40:56,975 -                train: [    INFO] - Train: 50 [   0/97 (  0%)]  Loss: 195.2 (195.)  Loss_feat: 193.0 (193.)  Loss_gt: 2.168 (2.17) LR: 4.672e-02
2025-08-15 18:41:12,891 -                train: [    INFO] - Train: 50 [  96/97 (100%)]  Loss: 195.4 (195.)  Loss_feat: 193.1 (193.)  Loss_gt: 2.240 (2.20) LR: 4.672e-02
2025-08-15 18:41:12,891 -                train: [    INFO] - Distributing BatchNorm running means and vars
2025-08-15 18:41:13,207 -                train: [    INFO] - Test: [   0/19]  Time: 0.312 (0.312)  Loss:  1.5001 (1.5001)  Acc@1: 60.5469 (60.5469)  Acc@5: 87.5000 (87.5000)
2025-08-15 18:41:13,700 -                train: [    INFO] - Test: [  19/19]  Time: 0.009 (0.040)  Loss:  1.5460 (1.6052)  Acc@1: 59.9265 (57.6700)  Acc@5: 86.3971 (85.5500)
2025-08-15 18:41:14,296 -                train: [    INFO] - Train: 51 [   0/97 (  0%)]  Loss: 195.6 (196.)  Loss_feat: 193.5 (194.)  Loss_gt: 2.047 (2.05) LR: 4.659e-02
2025-08-15 18:41:30,204 -                train: [    INFO] - Train: 51 [  96/97 (100%)]  Loss: 194.5 (195.)  Loss_feat: 192.3 (193.)  Loss_gt: 2.139 (2.09) LR: 4.659e-02
2025-08-15 18:41:30,205 -                train: [    INFO] - Distributing BatchNorm running means and vars
2025-08-15 18:41:30,488 -                train: [    INFO] - Test: [   0/19]  Time: 0.280 (0.280)  Loss:  1.5044 (1.5044)  Acc@1: 58.5938 (58.5938)  Acc@5: 87.1094 (87.1094)
2025-08-15 18:41:31,032 -                train: [    INFO] - Test: [  19/19]  Time: 0.009 (0.041)  Loss:  1.4064 (1.4629)  Acc@1: 61.3971 (60.2300)  Acc@5: 89.7059 (88.5700)
2025-08-15 18:41:31,301 - timm.utils.checkpoint_saver: [    INFO] - Current checkpoints:
 ('./output/train/20250815-182626-resnet18-224/checkpoint/checkpoint-46.pth.tar', 61.79999996337891)
 ('./output/train/20250815-182626-resnet18-224/checkpoint/checkpoint-45.pth.tar', 61.279999853515626)
 ('./output/train/20250815-182626-resnet18-224/checkpoint/checkpoint-51.pth.tar', 60.229999938964845)
 ('./output/train/20250815-182626-resnet18-224/checkpoint/checkpoint-49.pth.tar', 60.189999987792966)
 ('./output/train/20250815-182626-resnet18-224/checkpoint/checkpoint-48.pth.tar', 59.66999991455078)
 ('./output/train/20250815-182626-resnet18-224/checkpoint/checkpoint-47.pth.tar', 59.6000000366211)
 ('./output/train/20250815-182626-resnet18-224/checkpoint/checkpoint-42.pth.tar', 59.300000061035156)
 ('./output/train/20250815-182626-resnet18-224/checkpoint/checkpoint-31.pth.tar', 58.599999969482425)
 ('./output/train/20250815-182626-resnet18-224/checkpoint/checkpoint-41.pth.tar', 58.44000002441406)
 ('./output/train/20250815-182626-resnet18-224/checkpoint/checkpoint-39.pth.tar', 57.93999996948242)

2025-08-15 18:41:31,608 -                train: [    INFO] - Train: 52 [   0/97 (  0%)]  Loss: 193.3 (193.)  Loss_feat: 191.2 (191.)  Loss_gt: 2.034 (2.03) LR: 4.646e-02
2025-08-15 18:41:47,527 -                train: [    INFO] - Train: 52 [  96/97 (100%)]  Loss: 193.4 (193.)  Loss_feat: 191.2 (191.)  Loss_gt: 2.152 (2.09) LR: 4.646e-02
2025-08-15 18:41:47,527 -                train: [    INFO] - Distributing BatchNorm running means and vars
2025-08-15 18:41:47,829 -                train: [    INFO] - Test: [   0/19]  Time: 0.298 (0.298)  Loss:  1.4988 (1.4988)  Acc@1: 59.5703 (59.5703)  Acc@5: 86.5234 (86.5234)
2025-08-15 18:41:48,334 -                train: [    INFO] - Test: [  19/19]  Time: 0.009 (0.040)  Loss:  1.4482 (1.4902)  Acc@1: 61.0294 (60.2800)  Acc@5: 88.9706 (88.3800)
2025-08-15 18:41:48,643 - timm.utils.checkpoint_saver: [    INFO] - Current checkpoints:
 ('./output/train/20250815-182626-resnet18-224/checkpoint/checkpoint-46.pth.tar', 61.79999996337891)
 ('./output/train/20250815-182626-resnet18-224/checkpoint/checkpoint-45.pth.tar', 61.279999853515626)
 ('./output/train/20250815-182626-resnet18-224/checkpoint/checkpoint-52.pth.tar', 60.27999998779297)
 ('./output/train/20250815-182626-resnet18-224/checkpoint/checkpoint-51.pth.tar', 60.229999938964845)
 ('./output/train/20250815-182626-resnet18-224/checkpoint/checkpoint-49.pth.tar', 60.189999987792966)
 ('./output/train/20250815-182626-resnet18-224/checkpoint/checkpoint-48.pth.tar', 59.66999991455078)
 ('./output/train/20250815-182626-resnet18-224/checkpoint/checkpoint-47.pth.tar', 59.6000000366211)
 ('./output/train/20250815-182626-resnet18-224/checkpoint/checkpoint-42.pth.tar', 59.300000061035156)
 ('./output/train/20250815-182626-resnet18-224/checkpoint/checkpoint-31.pth.tar', 58.599999969482425)
 ('./output/train/20250815-182626-resnet18-224/checkpoint/checkpoint-41.pth.tar', 58.44000002441406)

2025-08-15 18:41:48,910 -                train: [    INFO] - Train: 53 [   0/97 (  0%)]  Loss: 193.4 (193.)  Loss_feat: 191.2 (191.)  Loss_gt: 2.203 (2.20) LR: 4.632e-02
2025-08-15 18:42:04,858 -                train: [    INFO] - Train: 53 [  96/97 (100%)]  Loss: 193.4 (193.)  Loss_feat: 191.1 (191.)  Loss_gt: 2.227 (2.21) LR: 4.632e-02
2025-08-15 18:42:04,859 -                train: [    INFO] - Distributing BatchNorm running means and vars
2025-08-15 18:42:05,208 -                train: [    INFO] - Test: [   0/19]  Time: 0.346 (0.346)  Loss:  1.5027 (1.5027)  Acc@1: 60.5469 (60.5469)  Acc@5: 86.5234 (86.5234)
2025-08-15 18:42:05,679 -                train: [    INFO] - Test: [  19/19]  Time: 0.009 (0.041)  Loss:  1.5438 (1.5023)  Acc@1: 55.8824 (58.7900)  Acc@5: 87.8676 (87.8900)
2025-08-15 18:42:05,984 - timm.utils.checkpoint_saver: [    INFO] - Current checkpoints:
 ('./output/train/20250815-182626-resnet18-224/checkpoint/checkpoint-46.pth.tar', 61.79999996337891)
 ('./output/train/20250815-182626-resnet18-224/checkpoint/checkpoint-45.pth.tar', 61.279999853515626)
 ('./output/train/20250815-182626-resnet18-224/checkpoint/checkpoint-52.pth.tar', 60.27999998779297)
 ('./output/train/20250815-182626-resnet18-224/checkpoint/checkpoint-51.pth.tar', 60.229999938964845)
 ('./output/train/20250815-182626-resnet18-224/checkpoint/checkpoint-49.pth.tar', 60.189999987792966)
 ('./output/train/20250815-182626-resnet18-224/checkpoint/checkpoint-48.pth.tar', 59.66999991455078)
 ('./output/train/20250815-182626-resnet18-224/checkpoint/checkpoint-47.pth.tar', 59.6000000366211)
 ('./output/train/20250815-182626-resnet18-224/checkpoint/checkpoint-42.pth.tar', 59.300000061035156)
 ('./output/train/20250815-182626-resnet18-224/checkpoint/checkpoint-53.pth.tar', 58.79000004882813)
 ('./output/train/20250815-182626-resnet18-224/checkpoint/checkpoint-31.pth.tar', 58.599999969482425)

2025-08-15 18:42:06,265 -                train: [    INFO] - Train: 54 [   0/97 (  0%)]  Loss: 193.2 (193.)  Loss_feat: 191.2 (191.)  Loss_gt: 2.040 (2.04) LR: 4.619e-02
2025-08-15 18:42:22,242 -                train: [    INFO] - Train: 54 [  96/97 (100%)]  Loss: 193.3 (193.)  Loss_feat: 191.1 (191.)  Loss_gt: 2.200 (2.12) LR: 4.619e-02
2025-08-15 18:42:22,242 -                train: [    INFO] - Distributing BatchNorm running means and vars
2025-08-15 18:42:22,588 -                train: [    INFO] - Test: [   0/19]  Time: 0.342 (0.342)  Loss:  1.3762 (1.3762)  Acc@1: 61.9141 (61.9141)  Acc@5: 88.0859 (88.0859)
2025-08-15 18:42:23,079 -                train: [    INFO] - Test: [  19/19]  Time: 0.009 (0.042)  Loss:  1.4028 (1.4103)  Acc@1: 62.5000 (62.4900)  Acc@5: 90.0735 (88.5600)
2025-08-15 18:42:23,316 - timm.utils.checkpoint_saver: [    INFO] - Current checkpoints:
 ('./output/train/20250815-182626-resnet18-224/checkpoint/checkpoint-54.pth.tar', 62.49)
 ('./output/train/20250815-182626-resnet18-224/checkpoint/checkpoint-46.pth.tar', 61.79999996337891)
 ('./output/train/20250815-182626-resnet18-224/checkpoint/checkpoint-45.pth.tar', 61.279999853515626)
 ('./output/train/20250815-182626-resnet18-224/checkpoint/checkpoint-52.pth.tar', 60.27999998779297)
 ('./output/train/20250815-182626-resnet18-224/checkpoint/checkpoint-51.pth.tar', 60.229999938964845)
 ('./output/train/20250815-182626-resnet18-224/checkpoint/checkpoint-49.pth.tar', 60.189999987792966)
 ('./output/train/20250815-182626-resnet18-224/checkpoint/checkpoint-48.pth.tar', 59.66999991455078)
 ('./output/train/20250815-182626-resnet18-224/checkpoint/checkpoint-47.pth.tar', 59.6000000366211)
 ('./output/train/20250815-182626-resnet18-224/checkpoint/checkpoint-42.pth.tar', 59.300000061035156)
 ('./output/train/20250815-182626-resnet18-224/checkpoint/checkpoint-53.pth.tar', 58.79000004882813)

2025-08-15 18:42:23,645 -                train: [    INFO] - Train: 55 [   0/97 (  0%)]  Loss: 191.1 (191.)  Loss_feat: 188.9 (189.)  Loss_gt: 2.129 (2.13) LR: 4.605e-02
2025-08-15 18:42:39,587 -                train: [    INFO] - Train: 55 [  96/97 (100%)]  Loss: 191.9 (191.)  Loss_feat: 189.7 (189.)  Loss_gt: 2.167 (2.15) LR: 4.605e-02
2025-08-15 18:42:39,588 -                train: [    INFO] - Distributing BatchNorm running means and vars
2025-08-15 18:42:39,972 -                train: [    INFO] - Test: [   0/19]  Time: 0.380 (0.380)  Loss:  1.5648 (1.5648)  Acc@1: 60.3516 (60.3516)  Acc@5: 84.7656 (84.7656)
2025-08-15 18:42:40,453 -                train: [    INFO] - Test: [  19/19]  Time: 0.009 (0.043)  Loss:  1.5101 (1.5420)  Acc@1: 58.4559 (58.9400)  Acc@5: 85.6618 (86.5500)
2025-08-15 18:42:40,660 - timm.utils.checkpoint_saver: [    INFO] - Current checkpoints:
 ('./output/train/20250815-182626-resnet18-224/checkpoint/checkpoint-54.pth.tar', 62.49)
 ('./output/train/20250815-182626-resnet18-224/checkpoint/checkpoint-46.pth.tar', 61.79999996337891)
 ('./output/train/20250815-182626-resnet18-224/checkpoint/checkpoint-45.pth.tar', 61.279999853515626)
 ('./output/train/20250815-182626-resnet18-224/checkpoint/checkpoint-52.pth.tar', 60.27999998779297)
 ('./output/train/20250815-182626-resnet18-224/checkpoint/checkpoint-51.pth.tar', 60.229999938964845)
 ('./output/train/20250815-182626-resnet18-224/checkpoint/checkpoint-49.pth.tar', 60.189999987792966)
 ('./output/train/20250815-182626-resnet18-224/checkpoint/checkpoint-48.pth.tar', 59.66999991455078)
 ('./output/train/20250815-182626-resnet18-224/checkpoint/checkpoint-47.pth.tar', 59.6000000366211)
 ('./output/train/20250815-182626-resnet18-224/checkpoint/checkpoint-42.pth.tar', 59.300000061035156)
 ('./output/train/20250815-182626-resnet18-224/checkpoint/checkpoint-55.pth.tar', 58.93999991455078)

2025-08-15 18:42:40,975 -                train: [    INFO] - Train: 56 [   0/97 (  0%)]  Loss: 191.2 (191.)  Loss_feat: 189.1 (189.)  Loss_gt: 2.120 (2.12) LR: 4.591e-02
2025-08-15 18:42:56,942 -                train: [    INFO] - Train: 56 [  96/97 (100%)]  Loss: 192.3 (192.)  Loss_feat: 190.2 (190.)  Loss_gt: 2.099 (2.11) LR: 4.591e-02
2025-08-15 18:42:56,942 -                train: [    INFO] - Distributing BatchNorm running means and vars
2025-08-15 18:42:57,298 -                train: [    INFO] - Test: [   0/19]  Time: 0.352 (0.352)  Loss:  1.5180 (1.5180)  Acc@1: 59.9609 (59.9609)  Acc@5: 87.1094 (87.1094)
2025-08-15 18:42:57,770 -                train: [    INFO] - Test: [  19/19]  Time: 0.009 (0.041)  Loss:  1.5065 (1.5136)  Acc@1: 61.0294 (60.3900)  Acc@5: 88.2353 (87.7000)
2025-08-15 18:42:57,966 - timm.utils.checkpoint_saver: [    INFO] - Current checkpoints:
 ('./output/train/20250815-182626-resnet18-224/checkpoint/checkpoint-54.pth.tar', 62.49)
 ('./output/train/20250815-182626-resnet18-224/checkpoint/checkpoint-46.pth.tar', 61.79999996337891)
 ('./output/train/20250815-182626-resnet18-224/checkpoint/checkpoint-45.pth.tar', 61.279999853515626)
 ('./output/train/20250815-182626-resnet18-224/checkpoint/checkpoint-56.pth.tar', 60.38999998779297)
 ('./output/train/20250815-182626-resnet18-224/checkpoint/checkpoint-52.pth.tar', 60.27999998779297)
 ('./output/train/20250815-182626-resnet18-224/checkpoint/checkpoint-51.pth.tar', 60.229999938964845)
 ('./output/train/20250815-182626-resnet18-224/checkpoint/checkpoint-49.pth.tar', 60.189999987792966)
 ('./output/train/20250815-182626-resnet18-224/checkpoint/checkpoint-48.pth.tar', 59.66999991455078)
 ('./output/train/20250815-182626-resnet18-224/checkpoint/checkpoint-47.pth.tar', 59.6000000366211)
 ('./output/train/20250815-182626-resnet18-224/checkpoint/checkpoint-42.pth.tar', 59.300000061035156)

2025-08-15 18:42:58,329 -                train: [    INFO] - Train: 57 [   0/97 (  0%)]  Loss: 189.7 (190.)  Loss_feat: 187.7 (188.)  Loss_gt: 2.041 (2.04) LR: 4.576e-02
2025-08-15 18:43:14,298 -                train: [    INFO] - Train: 57 [  96/97 (100%)]  Loss: 190.4 (190.)  Loss_feat: 188.1 (188.)  Loss_gt: 2.242 (2.14) LR: 4.576e-02
2025-08-15 18:43:14,298 -                train: [    INFO] - Distributing BatchNorm running means and vars
2025-08-15 18:43:14,652 -                train: [    INFO] - Test: [   0/19]  Time: 0.350 (0.350)  Loss:  1.4481 (1.4481)  Acc@1: 60.7422 (60.7422)  Acc@5: 85.9375 (85.9375)
2025-08-15 18:43:15,147 -                train: [    INFO] - Test: [  19/19]  Time: 0.009 (0.042)  Loss:  1.3873 (1.4109)  Acc@1: 63.6029 (61.8000)  Acc@5: 88.6029 (88.5700)
2025-08-15 18:43:15,568 - timm.utils.checkpoint_saver: [    INFO] - Current checkpoints:
 ('./output/train/20250815-182626-resnet18-224/checkpoint/checkpoint-54.pth.tar', 62.49)
 ('./output/train/20250815-182626-resnet18-224/checkpoint/checkpoint-57.pth.tar', 61.800000061035156)
 ('./output/train/20250815-182626-resnet18-224/checkpoint/checkpoint-46.pth.tar', 61.79999996337891)
 ('./output/train/20250815-182626-resnet18-224/checkpoint/checkpoint-45.pth.tar', 61.279999853515626)
 ('./output/train/20250815-182626-resnet18-224/checkpoint/checkpoint-56.pth.tar', 60.38999998779297)
 ('./output/train/20250815-182626-resnet18-224/checkpoint/checkpoint-52.pth.tar', 60.27999998779297)
 ('./output/train/20250815-182626-resnet18-224/checkpoint/checkpoint-51.pth.tar', 60.229999938964845)
 ('./output/train/20250815-182626-resnet18-224/checkpoint/checkpoint-49.pth.tar', 60.189999987792966)
 ('./output/train/20250815-182626-resnet18-224/checkpoint/checkpoint-48.pth.tar', 59.66999991455078)
 ('./output/train/20250815-182626-resnet18-224/checkpoint/checkpoint-47.pth.tar', 59.6000000366211)

2025-08-15 18:43:15,834 -                train: [    INFO] - Train: 58 [   0/97 (  0%)]  Loss: 188.6 (189.)  Loss_feat: 186.4 (186.)  Loss_gt: 2.146 (2.15) LR: 4.562e-02
2025-08-15 18:43:31,686 -                train: [    INFO] - Train: 58 [  96/97 (100%)]  Loss: 189.8 (189.)  Loss_feat: 187.6 (187.)  Loss_gt: 2.155 (2.15) LR: 4.562e-02
2025-08-15 18:43:31,686 -                train: [    INFO] - Distributing BatchNorm running means and vars
2025-08-15 18:43:32,021 -                train: [    INFO] - Test: [   0/19]  Time: 0.331 (0.331)  Loss:  1.4159 (1.4159)  Acc@1: 61.5234 (61.5234)  Acc@5: 88.2812 (88.2812)
2025-08-15 18:43:32,513 -                train: [    INFO] - Test: [  19/19]  Time: 0.009 (0.041)  Loss:  1.4296 (1.3899)  Acc@1: 59.9265 (62.1700)  Acc@5: 88.2353 (88.9800)
2025-08-15 18:43:32,836 - timm.utils.checkpoint_saver: [    INFO] - Current checkpoints:
 ('./output/train/20250815-182626-resnet18-224/checkpoint/checkpoint-54.pth.tar', 62.49)
 ('./output/train/20250815-182626-resnet18-224/checkpoint/checkpoint-58.pth.tar', 62.16999992675781)
 ('./output/train/20250815-182626-resnet18-224/checkpoint/checkpoint-57.pth.tar', 61.800000061035156)
 ('./output/train/20250815-182626-resnet18-224/checkpoint/checkpoint-46.pth.tar', 61.79999996337891)
 ('./output/train/20250815-182626-resnet18-224/checkpoint/checkpoint-45.pth.tar', 61.279999853515626)
 ('./output/train/20250815-182626-resnet18-224/checkpoint/checkpoint-56.pth.tar', 60.38999998779297)
 ('./output/train/20250815-182626-resnet18-224/checkpoint/checkpoint-52.pth.tar', 60.27999998779297)
 ('./output/train/20250815-182626-resnet18-224/checkpoint/checkpoint-51.pth.tar', 60.229999938964845)
 ('./output/train/20250815-182626-resnet18-224/checkpoint/checkpoint-49.pth.tar', 60.189999987792966)
 ('./output/train/20250815-182626-resnet18-224/checkpoint/checkpoint-48.pth.tar', 59.66999991455078)

2025-08-15 18:43:33,114 -                train: [    INFO] - Train: 59 [   0/97 (  0%)]  Loss: 188.2 (188.)  Loss_feat: 186.2 (186.)  Loss_gt: 1.992 (1.99) LR: 4.547e-02
2025-08-15 18:43:49,066 -                train: [    INFO] - Train: 59 [  96/97 (100%)]  Loss: 189.1 (189.)  Loss_feat: 186.9 (187.)  Loss_gt: 2.197 (2.09) LR: 4.547e-02
2025-08-15 18:43:49,066 -                train: [    INFO] - Distributing BatchNorm running means and vars
2025-08-15 18:43:49,472 -                train: [    INFO] - Test: [   0/19]  Time: 0.401 (0.401)  Loss:  1.3469 (1.3469)  Acc@1: 64.8438 (64.8438)  Acc@5: 88.8672 (88.8672)
2025-08-15 18:43:49,901 -                train: [    INFO] - Test: [  19/19]  Time: 0.009 (0.042)  Loss:  1.3778 (1.3960)  Acc@1: 62.1324 (63.0500)  Acc@5: 90.4412 (89.0400)
2025-08-15 18:43:50,155 - timm.utils.checkpoint_saver: [    INFO] - Current checkpoints:
 ('./output/train/20250815-182626-resnet18-224/checkpoint/checkpoint-59.pth.tar', 63.050000048828124)
 ('./output/train/20250815-182626-resnet18-224/checkpoint/checkpoint-54.pth.tar', 62.49)
 ('./output/train/20250815-182626-resnet18-224/checkpoint/checkpoint-58.pth.tar', 62.16999992675781)
 ('./output/train/20250815-182626-resnet18-224/checkpoint/checkpoint-57.pth.tar', 61.800000061035156)
 ('./output/train/20250815-182626-resnet18-224/checkpoint/checkpoint-46.pth.tar', 61.79999996337891)
 ('./output/train/20250815-182626-resnet18-224/checkpoint/checkpoint-45.pth.tar', 61.279999853515626)
 ('./output/train/20250815-182626-resnet18-224/checkpoint/checkpoint-56.pth.tar', 60.38999998779297)
 ('./output/train/20250815-182626-resnet18-224/checkpoint/checkpoint-52.pth.tar', 60.27999998779297)
 ('./output/train/20250815-182626-resnet18-224/checkpoint/checkpoint-51.pth.tar', 60.229999938964845)
 ('./output/train/20250815-182626-resnet18-224/checkpoint/checkpoint-49.pth.tar', 60.189999987792966)

2025-08-15 18:43:50,457 -                train: [    INFO] - Train: 60 [   0/97 (  0%)]  Loss: 188.8 (189.)  Loss_feat: 186.9 (187.)  Loss_gt: 1.986 (1.99) LR: 4.532e-02
2025-08-15 18:44:06,426 -                train: [    INFO] - Train: 60 [  96/97 (100%)]  Loss: 187.9 (188.)  Loss_feat: 185.8 (186.)  Loss_gt: 2.168 (2.08) LR: 4.532e-02
2025-08-15 18:44:06,427 -                train: [    INFO] - Distributing BatchNorm running means and vars
2025-08-15 18:44:06,714 -                train: [    INFO] - Test: [   0/19]  Time: 0.283 (0.283)  Loss:  1.4271 (1.4271)  Acc@1: 62.8906 (62.8906)  Acc@5: 87.1094 (87.1094)
2025-08-15 18:44:07,222 -                train: [    INFO] - Test: [  19/19]  Time: 0.009 (0.040)  Loss:  1.4514 (1.4670)  Acc@1: 65.4412 (61.2600)  Acc@5: 87.8677 (87.2200)
2025-08-15 18:44:07,510 - timm.utils.checkpoint_saver: [    INFO] - Current checkpoints:
 ('./output/train/20250815-182626-resnet18-224/checkpoint/checkpoint-59.pth.tar', 63.050000048828124)
 ('./output/train/20250815-182626-resnet18-224/checkpoint/checkpoint-54.pth.tar', 62.49)
 ('./output/train/20250815-182626-resnet18-224/checkpoint/checkpoint-58.pth.tar', 62.16999992675781)
 ('./output/train/20250815-182626-resnet18-224/checkpoint/checkpoint-57.pth.tar', 61.800000061035156)
 ('./output/train/20250815-182626-resnet18-224/checkpoint/checkpoint-46.pth.tar', 61.79999996337891)
 ('./output/train/20250815-182626-resnet18-224/checkpoint/checkpoint-45.pth.tar', 61.279999853515626)
 ('./output/train/20250815-182626-resnet18-224/checkpoint/checkpoint-60.pth.tar', 61.26000002441406)
 ('./output/train/20250815-182626-resnet18-224/checkpoint/checkpoint-56.pth.tar', 60.38999998779297)
 ('./output/train/20250815-182626-resnet18-224/checkpoint/checkpoint-52.pth.tar', 60.27999998779297)
 ('./output/train/20250815-182626-resnet18-224/checkpoint/checkpoint-51.pth.tar', 60.229999938964845)

2025-08-15 18:44:07,815 -                train: [    INFO] - Train: 61 [   0/97 (  0%)]  Loss: 188.0 (188.)  Loss_feat: 185.9 (186.)  Loss_gt: 2.119 (2.12) LR: 4.517e-02
2025-08-15 18:44:23,732 -                train: [    INFO] - Train: 61 [  96/97 (100%)]  Loss: 187.5 (188.)  Loss_feat: 185.3 (186.)  Loss_gt: 2.123 (2.12) LR: 4.517e-02
2025-08-15 18:44:23,732 -                train: [    INFO] - Distributing BatchNorm running means and vars
2025-08-15 18:44:24,087 -                train: [    INFO] - Test: [   0/19]  Time: 0.352 (0.352)  Loss:  1.4858 (1.4858)  Acc@1: 60.7422 (60.7422)  Acc@5: 86.9141 (86.9141)
2025-08-15 18:44:24,585 -                train: [    INFO] - Test: [  19/19]  Time: 0.009 (0.042)  Loss:  1.4979 (1.4906)  Acc@1: 57.7206 (60.1200)  Acc@5: 89.7059 (87.8900)
2025-08-15 18:44:25,155 -                train: [    INFO] - Train: 62 [   0/97 (  0%)]  Loss: 187.0 (187.)  Loss_feat: 184.9 (185.)  Loss_gt: 2.109 (2.11) LR: 4.501e-02
2025-08-15 18:44:41,053 -                train: [    INFO] - Train: 62 [  96/97 (100%)]  Loss: 186.4 (187.)  Loss_feat: 184.4 (185.)  Loss_gt: 2.005 (2.06) LR: 4.501e-02
2025-08-15 18:44:41,053 -                train: [    INFO] - Distributing BatchNorm running means and vars
2025-08-15 18:44:41,432 -                train: [    INFO] - Test: [   0/19]  Time: 0.376 (0.376)  Loss:  1.4238 (1.4238)  Acc@1: 61.5234 (61.5234)  Acc@5: 86.9141 (86.9141)
2025-08-15 18:44:41,917 -                train: [    INFO] - Test: [  19/19]  Time: 0.009 (0.043)  Loss:  1.4329 (1.4335)  Acc@1: 63.2353 (61.6200)  Acc@5: 88.9706 (88.3400)
2025-08-15 18:44:42,228 - timm.utils.checkpoint_saver: [    INFO] - Current checkpoints:
 ('./output/train/20250815-182626-resnet18-224/checkpoint/checkpoint-59.pth.tar', 63.050000048828124)
 ('./output/train/20250815-182626-resnet18-224/checkpoint/checkpoint-54.pth.tar', 62.49)
 ('./output/train/20250815-182626-resnet18-224/checkpoint/checkpoint-58.pth.tar', 62.16999992675781)
 ('./output/train/20250815-182626-resnet18-224/checkpoint/checkpoint-57.pth.tar', 61.800000061035156)
 ('./output/train/20250815-182626-resnet18-224/checkpoint/checkpoint-46.pth.tar', 61.79999996337891)
 ('./output/train/20250815-182626-resnet18-224/checkpoint/checkpoint-62.pth.tar', 61.62000000610352)
 ('./output/train/20250815-182626-resnet18-224/checkpoint/checkpoint-45.pth.tar', 61.279999853515626)
 ('./output/train/20250815-182626-resnet18-224/checkpoint/checkpoint-60.pth.tar', 61.26000002441406)
 ('./output/train/20250815-182626-resnet18-224/checkpoint/checkpoint-56.pth.tar', 60.38999998779297)
 ('./output/train/20250815-182626-resnet18-224/checkpoint/checkpoint-52.pth.tar', 60.27999998779297)

2025-08-15 18:44:42,494 -                train: [    INFO] - Train: 63 [   0/97 (  0%)]  Loss: 186.0 (186.)  Loss_feat: 183.9 (184.)  Loss_gt: 2.115 (2.12) LR: 4.486e-02
2025-08-15 18:44:58,342 -                train: [    INFO] - Train: 63 [  96/97 (100%)]  Loss: 187.0 (187.)  Loss_feat: 184.9 (184.)  Loss_gt: 2.077 (2.10) LR: 4.486e-02
2025-08-15 18:44:58,342 -                train: [    INFO] - Distributing BatchNorm running means and vars
2025-08-15 18:44:58,704 -                train: [    INFO] - Test: [   0/19]  Time: 0.358 (0.358)  Loss:  1.5433 (1.5433)  Acc@1: 59.5703 (59.5703)  Acc@5: 84.7656 (84.7656)
2025-08-15 18:44:59,196 -                train: [    INFO] - Test: [  19/19]  Time: 0.009 (0.043)  Loss:  1.5560 (1.5868)  Acc@1: 58.4559 (58.3400)  Acc@5: 89.7059 (86.4900)
2025-08-15 18:44:59,760 -                train: [    INFO] - Train: 64 [   0/97 (  0%)]  Loss: 185.9 (186.)  Loss_feat: 183.9 (184.)  Loss_gt: 1.953 (1.95) LR: 4.470e-02
2025-08-15 18:45:15,684 -                train: [    INFO] - Train: 64 [  96/97 (100%)]  Loss: 185.5 (186.)  Loss_feat: 183.3 (184.)  Loss_gt: 2.184 (2.07) LR: 4.470e-02
2025-08-15 18:45:15,684 -                train: [    INFO] - Distributing BatchNorm running means and vars
2025-08-15 18:45:16,039 -                train: [    INFO] - Test: [   0/19]  Time: 0.351 (0.351)  Loss:  1.4307 (1.4307)  Acc@1: 61.3281 (61.3281)  Acc@5: 86.3281 (86.3281)
2025-08-15 18:45:16,513 -                train: [    INFO] - Test: [  19/19]  Time: 0.009 (0.041)  Loss:  1.3413 (1.4407)  Acc@1: 63.9706 (60.6200)  Acc@5: 89.3382 (88.2400)
2025-08-15 18:45:16,859 - timm.utils.checkpoint_saver: [    INFO] - Current checkpoints:
 ('./output/train/20250815-182626-resnet18-224/checkpoint/checkpoint-59.pth.tar', 63.050000048828124)
 ('./output/train/20250815-182626-resnet18-224/checkpoint/checkpoint-54.pth.tar', 62.49)
 ('./output/train/20250815-182626-resnet18-224/checkpoint/checkpoint-58.pth.tar', 62.16999992675781)
 ('./output/train/20250815-182626-resnet18-224/checkpoint/checkpoint-57.pth.tar', 61.800000061035156)
 ('./output/train/20250815-182626-resnet18-224/checkpoint/checkpoint-46.pth.tar', 61.79999996337891)
 ('./output/train/20250815-182626-resnet18-224/checkpoint/checkpoint-62.pth.tar', 61.62000000610352)
 ('./output/train/20250815-182626-resnet18-224/checkpoint/checkpoint-45.pth.tar', 61.279999853515626)
 ('./output/train/20250815-182626-resnet18-224/checkpoint/checkpoint-60.pth.tar', 61.26000002441406)
 ('./output/train/20250815-182626-resnet18-224/checkpoint/checkpoint-64.pth.tar', 60.62000001220703)
 ('./output/train/20250815-182626-resnet18-224/checkpoint/checkpoint-56.pth.tar', 60.38999998779297)

2025-08-15 18:45:17,122 -                train: [    INFO] - Train: 65 [   0/97 (  0%)]  Loss: 185.7 (186.)  Loss_feat: 183.7 (184.)  Loss_gt: 2.051 (2.05) LR: 4.454e-02
2025-08-15 18:45:33,078 -                train: [    INFO] - Train: 65 [  96/97 (100%)]  Loss: 183.9 (185.)  Loss_feat: 181.8 (183.)  Loss_gt: 2.093 (2.07) LR: 4.454e-02
2025-08-15 18:45:33,079 -                train: [    INFO] - Distributing BatchNorm running means and vars
2025-08-15 18:45:33,380 -                train: [    INFO] - Test: [   0/19]  Time: 0.297 (0.297)  Loss:  1.3436 (1.3436)  Acc@1: 63.2812 (63.2812)  Acc@5: 88.8672 (88.8672)
2025-08-15 18:45:33,896 -                train: [    INFO] - Test: [  19/19]  Time: 0.009 (0.041)  Loss:  1.3354 (1.4123)  Acc@1: 66.5441 (61.7900)  Acc@5: 89.7059 (88.7200)
2025-08-15 18:45:34,156 - timm.utils.checkpoint_saver: [    INFO] - Current checkpoints:
 ('./output/train/20250815-182626-resnet18-224/checkpoint/checkpoint-59.pth.tar', 63.050000048828124)
 ('./output/train/20250815-182626-resnet18-224/checkpoint/checkpoint-54.pth.tar', 62.49)
 ('./output/train/20250815-182626-resnet18-224/checkpoint/checkpoint-58.pth.tar', 62.16999992675781)
 ('./output/train/20250815-182626-resnet18-224/checkpoint/checkpoint-57.pth.tar', 61.800000061035156)
 ('./output/train/20250815-182626-resnet18-224/checkpoint/checkpoint-46.pth.tar', 61.79999996337891)
 ('./output/train/20250815-182626-resnet18-224/checkpoint/checkpoint-65.pth.tar', 61.79000008544922)
 ('./output/train/20250815-182626-resnet18-224/checkpoint/checkpoint-62.pth.tar', 61.62000000610352)
 ('./output/train/20250815-182626-resnet18-224/checkpoint/checkpoint-45.pth.tar', 61.279999853515626)
 ('./output/train/20250815-182626-resnet18-224/checkpoint/checkpoint-60.pth.tar', 61.26000002441406)
 ('./output/train/20250815-182626-resnet18-224/checkpoint/checkpoint-64.pth.tar', 60.62000001220703)

2025-08-15 18:45:34,437 -                train: [    INFO] - Train: 66 [   0/97 (  0%)]  Loss: 184.2 (184.)  Loss_feat: 182.1 (182.)  Loss_gt: 2.134 (2.13) LR: 4.438e-02
2025-08-15 18:45:50,413 -                train: [    INFO] - Train: 66 [  96/97 (100%)]  Loss: 184.3 (184.)  Loss_feat: 182.2 (182.)  Loss_gt: 2.166 (2.15) LR: 4.438e-02
2025-08-15 18:45:50,413 -                train: [    INFO] - Distributing BatchNorm running means and vars
2025-08-15 18:45:50,709 -                train: [    INFO] - Test: [   0/19]  Time: 0.292 (0.292)  Loss:  1.3617 (1.3617)  Acc@1: 65.6250 (65.6250)  Acc@5: 88.0859 (88.0859)
2025-08-15 18:45:51,244 -                train: [    INFO] - Test: [  19/19]  Time: 0.009 (0.041)  Loss:  1.4555 (1.4249)  Acc@1: 65.8088 (61.5800)  Acc@5: 87.8677 (88.8100)
2025-08-15 18:45:51,497 - timm.utils.checkpoint_saver: [    INFO] - Current checkpoints:
 ('./output/train/20250815-182626-resnet18-224/checkpoint/checkpoint-59.pth.tar', 63.050000048828124)
 ('./output/train/20250815-182626-resnet18-224/checkpoint/checkpoint-54.pth.tar', 62.49)
 ('./output/train/20250815-182626-resnet18-224/checkpoint/checkpoint-58.pth.tar', 62.16999992675781)
 ('./output/train/20250815-182626-resnet18-224/checkpoint/checkpoint-57.pth.tar', 61.800000061035156)
 ('./output/train/20250815-182626-resnet18-224/checkpoint/checkpoint-46.pth.tar', 61.79999996337891)
 ('./output/train/20250815-182626-resnet18-224/checkpoint/checkpoint-65.pth.tar', 61.79000008544922)
 ('./output/train/20250815-182626-resnet18-224/checkpoint/checkpoint-62.pth.tar', 61.62000000610352)
 ('./output/train/20250815-182626-resnet18-224/checkpoint/checkpoint-66.pth.tar', 61.579999975585935)
 ('./output/train/20250815-182626-resnet18-224/checkpoint/checkpoint-45.pth.tar', 61.279999853515626)
 ('./output/train/20250815-182626-resnet18-224/checkpoint/checkpoint-60.pth.tar', 61.26000002441406)

2025-08-15 18:45:51,789 -                train: [    INFO] - Train: 67 [   0/97 (  0%)]  Loss: 183.1 (183.)  Loss_feat: 181.1 (181.)  Loss_gt: 2.044 (2.04) LR: 4.421e-02
2025-08-15 18:46:07,685 -                train: [    INFO] - Train: 67 [  96/97 (100%)]  Loss: 185.1 (184.)  Loss_feat: 182.9 (182.)  Loss_gt: 2.159 (2.10) LR: 4.421e-02
2025-08-15 18:46:07,686 -                train: [    INFO] - Distributing BatchNorm running means and vars
2025-08-15 18:46:08,020 -                train: [    INFO] - Test: [   0/19]  Time: 0.331 (0.331)  Loss:  1.4419 (1.4419)  Acc@1: 63.4766 (63.4766)  Acc@5: 86.9141 (86.9141)
2025-08-15 18:46:08,501 -                train: [    INFO] - Test: [  19/19]  Time: 0.009 (0.041)  Loss:  1.4729 (1.4597)  Acc@1: 59.9265 (61.2700)  Acc@5: 87.1324 (87.4000)
2025-08-15 18:46:08,697 - timm.utils.checkpoint_saver: [    INFO] - Current checkpoints:
 ('./output/train/20250815-182626-resnet18-224/checkpoint/checkpoint-59.pth.tar', 63.050000048828124)
 ('./output/train/20250815-182626-resnet18-224/checkpoint/checkpoint-54.pth.tar', 62.49)
 ('./output/train/20250815-182626-resnet18-224/checkpoint/checkpoint-58.pth.tar', 62.16999992675781)
 ('./output/train/20250815-182626-resnet18-224/checkpoint/checkpoint-57.pth.tar', 61.800000061035156)
 ('./output/train/20250815-182626-resnet18-224/checkpoint/checkpoint-46.pth.tar', 61.79999996337891)
 ('./output/train/20250815-182626-resnet18-224/checkpoint/checkpoint-65.pth.tar', 61.79000008544922)
 ('./output/train/20250815-182626-resnet18-224/checkpoint/checkpoint-62.pth.tar', 61.62000000610352)
 ('./output/train/20250815-182626-resnet18-224/checkpoint/checkpoint-66.pth.tar', 61.579999975585935)
 ('./output/train/20250815-182626-resnet18-224/checkpoint/checkpoint-45.pth.tar', 61.279999853515626)
 ('./output/train/20250815-182626-resnet18-224/checkpoint/checkpoint-67.pth.tar', 61.27000003051758)

2025-08-15 18:46:09,037 -                train: [    INFO] - Train: 68 [   0/97 (  0%)]  Loss: 180.4 (180.)  Loss_feat: 178.4 (178.)  Loss_gt: 2.006 (2.01) LR: 4.405e-02
2025-08-15 18:46:24,989 -                train: [    INFO] - Train: 68 [  96/97 (100%)]  Loss: 182.3 (181.)  Loss_feat: 180.3 (179.)  Loss_gt: 1.987 (2.00) LR: 4.405e-02
2025-08-15 18:46:24,990 -                train: [    INFO] - Distributing BatchNorm running means and vars
2025-08-15 18:46:25,296 -                train: [    INFO] - Test: [   0/19]  Time: 0.302 (0.302)  Loss:  1.5550 (1.5550)  Acc@1: 64.0625 (64.0625)  Acc@5: 86.5234 (86.5234)
2025-08-15 18:46:25,851 -                train: [    INFO] - Test: [  19/19]  Time: 0.009 (0.043)  Loss:  1.5718 (1.5329)  Acc@1: 57.7206 (61.7600)  Acc@5: 87.5000 (88.4200)
2025-08-15 18:46:26,155 - timm.utils.checkpoint_saver: [    INFO] - Current checkpoints:
 ('./output/train/20250815-182626-resnet18-224/checkpoint/checkpoint-59.pth.tar', 63.050000048828124)
 ('./output/train/20250815-182626-resnet18-224/checkpoint/checkpoint-54.pth.tar', 62.49)
 ('./output/train/20250815-182626-resnet18-224/checkpoint/checkpoint-58.pth.tar', 62.16999992675781)
 ('./output/train/20250815-182626-resnet18-224/checkpoint/checkpoint-57.pth.tar', 61.800000061035156)
 ('./output/train/20250815-182626-resnet18-224/checkpoint/checkpoint-46.pth.tar', 61.79999996337891)
 ('./output/train/20250815-182626-resnet18-224/checkpoint/checkpoint-65.pth.tar', 61.79000008544922)
 ('./output/train/20250815-182626-resnet18-224/checkpoint/checkpoint-68.pth.tar', 61.76000001220703)
 ('./output/train/20250815-182626-resnet18-224/checkpoint/checkpoint-62.pth.tar', 61.62000000610352)
 ('./output/train/20250815-182626-resnet18-224/checkpoint/checkpoint-66.pth.tar', 61.579999975585935)
 ('./output/train/20250815-182626-resnet18-224/checkpoint/checkpoint-45.pth.tar', 61.279999853515626)

2025-08-15 18:46:26,437 -                train: [    INFO] - Train: 69 [   0/97 (  0%)]  Loss: 182.7 (183.)  Loss_feat: 180.6 (181.)  Loss_gt: 2.027 (2.03) LR: 4.388e-02
2025-08-15 18:46:42,404 -                train: [    INFO] - Train: 69 [  96/97 (100%)]  Loss: 183.0 (183.)  Loss_feat: 180.9 (181.)  Loss_gt: 2.088 (2.06) LR: 4.388e-02
2025-08-15 18:46:42,404 -                train: [    INFO] - Distributing BatchNorm running means and vars
2025-08-15 18:46:42,776 -                train: [    INFO] - Test: [   0/19]  Time: 0.368 (0.368)  Loss:  1.3267 (1.3267)  Acc@1: 63.4766 (63.4766)  Acc@5: 88.6719 (88.6719)
2025-08-15 18:46:43,245 -                train: [    INFO] - Test: [  19/19]  Time: 0.009 (0.042)  Loss:  1.2698 (1.3395)  Acc@1: 66.1765 (63.3700)  Acc@5: 88.2353 (89.7200)
2025-08-15 18:46:43,506 - timm.utils.checkpoint_saver: [    INFO] - Current checkpoints:
 ('./output/train/20250815-182626-resnet18-224/checkpoint/checkpoint-69.pth.tar', 63.369999926757814)
 ('./output/train/20250815-182626-resnet18-224/checkpoint/checkpoint-59.pth.tar', 63.050000048828124)
 ('./output/train/20250815-182626-resnet18-224/checkpoint/checkpoint-54.pth.tar', 62.49)
 ('./output/train/20250815-182626-resnet18-224/checkpoint/checkpoint-58.pth.tar', 62.16999992675781)
 ('./output/train/20250815-182626-resnet18-224/checkpoint/checkpoint-57.pth.tar', 61.800000061035156)
 ('./output/train/20250815-182626-resnet18-224/checkpoint/checkpoint-46.pth.tar', 61.79999996337891)
 ('./output/train/20250815-182626-resnet18-224/checkpoint/checkpoint-65.pth.tar', 61.79000008544922)
 ('./output/train/20250815-182626-resnet18-224/checkpoint/checkpoint-68.pth.tar', 61.76000001220703)
 ('./output/train/20250815-182626-resnet18-224/checkpoint/checkpoint-62.pth.tar', 61.62000000610352)
 ('./output/train/20250815-182626-resnet18-224/checkpoint/checkpoint-66.pth.tar', 61.579999975585935)

2025-08-15 18:46:43,806 -                train: [    INFO] - Train: 70 [   0/97 (  0%)]  Loss: 180.9 (181.)  Loss_feat: 178.9 (179.)  Loss_gt: 1.983 (1.98) LR: 4.371e-02
2025-08-15 18:46:59,717 -                train: [    INFO] - Train: 70 [  96/97 (100%)]  Loss: 180.2 (181.)  Loss_feat: 178.3 (179.)  Loss_gt: 1.901 (1.94) LR: 4.371e-02
2025-08-15 18:46:59,718 -                train: [    INFO] - Distributing BatchNorm running means and vars
2025-08-15 18:47:00,030 -                train: [    INFO] - Test: [   0/19]  Time: 0.309 (0.309)  Loss:  1.3460 (1.3460)  Acc@1: 65.0391 (65.0391)  Acc@5: 87.5000 (87.5000)
2025-08-15 18:47:00,525 -                train: [    INFO] - Test: [  19/19]  Time: 0.009 (0.040)  Loss:  1.3817 (1.3474)  Acc@1: 64.3382 (63.7500)  Acc@5: 88.2353 (89.1500)
2025-08-15 18:47:00,742 - timm.utils.checkpoint_saver: [    INFO] - Current checkpoints:
 ('./output/train/20250815-182626-resnet18-224/checkpoint/checkpoint-70.pth.tar', 63.749999963378905)
 ('./output/train/20250815-182626-resnet18-224/checkpoint/checkpoint-69.pth.tar', 63.369999926757814)
 ('./output/train/20250815-182626-resnet18-224/checkpoint/checkpoint-59.pth.tar', 63.050000048828124)
 ('./output/train/20250815-182626-resnet18-224/checkpoint/checkpoint-54.pth.tar', 62.49)
 ('./output/train/20250815-182626-resnet18-224/checkpoint/checkpoint-58.pth.tar', 62.16999992675781)
 ('./output/train/20250815-182626-resnet18-224/checkpoint/checkpoint-57.pth.tar', 61.800000061035156)
 ('./output/train/20250815-182626-resnet18-224/checkpoint/checkpoint-46.pth.tar', 61.79999996337891)
 ('./output/train/20250815-182626-resnet18-224/checkpoint/checkpoint-65.pth.tar', 61.79000008544922)
 ('./output/train/20250815-182626-resnet18-224/checkpoint/checkpoint-68.pth.tar', 61.76000001220703)
 ('./output/train/20250815-182626-resnet18-224/checkpoint/checkpoint-62.pth.tar', 61.62000000610352)

2025-08-15 18:47:01,063 -                train: [    INFO] - Train: 71 [   0/97 (  0%)]  Loss: 179.4 (179.)  Loss_feat: 177.3 (177.)  Loss_gt: 2.012 (2.01) LR: 4.353e-02
2025-08-15 18:47:17,037 -                train: [    INFO] - Train: 71 [  96/97 (100%)]  Loss: 180.6 (180.)  Loss_feat: 178.6 (178.)  Loss_gt: 1.978 (1.99) LR: 4.353e-02
2025-08-15 18:47:17,037 -                train: [    INFO] - Distributing BatchNorm running means and vars
2025-08-15 18:47:17,292 -                train: [    INFO] - Test: [   0/19]  Time: 0.251 (0.251)  Loss:  1.3082 (1.3082)  Acc@1: 65.6250 (65.6250)  Acc@5: 89.8438 (89.8438)
2025-08-15 18:47:17,853 -                train: [    INFO] - Test: [  19/19]  Time: 0.009 (0.041)  Loss:  1.3085 (1.3394)  Acc@1: 63.9706 (63.6500)  Acc@5: 91.5441 (89.6000)
2025-08-15 18:47:18,267 - timm.utils.checkpoint_saver: [    INFO] - Current checkpoints:
 ('./output/train/20250815-182626-resnet18-224/checkpoint/checkpoint-70.pth.tar', 63.749999963378905)
 ('./output/train/20250815-182626-resnet18-224/checkpoint/checkpoint-71.pth.tar', 63.65000001220703)
 ('./output/train/20250815-182626-resnet18-224/checkpoint/checkpoint-69.pth.tar', 63.369999926757814)
 ('./output/train/20250815-182626-resnet18-224/checkpoint/checkpoint-59.pth.tar', 63.050000048828124)
 ('./output/train/20250815-182626-resnet18-224/checkpoint/checkpoint-54.pth.tar', 62.49)
 ('./output/train/20250815-182626-resnet18-224/checkpoint/checkpoint-58.pth.tar', 62.16999992675781)
 ('./output/train/20250815-182626-resnet18-224/checkpoint/checkpoint-57.pth.tar', 61.800000061035156)
 ('./output/train/20250815-182626-resnet18-224/checkpoint/checkpoint-46.pth.tar', 61.79999996337891)
 ('./output/train/20250815-182626-resnet18-224/checkpoint/checkpoint-65.pth.tar', 61.79000008544922)
 ('./output/train/20250815-182626-resnet18-224/checkpoint/checkpoint-68.pth.tar', 61.76000001220703)

2025-08-15 18:47:18,528 -                train: [    INFO] - Train: 72 [   0/97 (  0%)]  Loss: 179.0 (179.)  Loss_feat: 177.1 (177.)  Loss_gt: 1.952 (1.95) LR: 4.336e-02
2025-08-15 18:47:34,458 -                train: [    INFO] - Train: 72 [  96/97 (100%)]  Loss: 180.4 (180.)  Loss_feat: 178.3 (178.)  Loss_gt: 2.096 (2.02) LR: 4.336e-02
2025-08-15 18:47:34,459 -                train: [    INFO] - Distributing BatchNorm running means and vars
2025-08-15 18:47:34,779 -                train: [    INFO] - Test: [   0/19]  Time: 0.316 (0.316)  Loss:  1.4669 (1.4669)  Acc@1: 64.2578 (64.2578)  Acc@5: 87.1094 (87.1094)
2025-08-15 18:47:35,285 -                train: [    INFO] - Test: [  19/19]  Time: 0.009 (0.041)  Loss:  1.5230 (1.5346)  Acc@1: 62.8676 (60.6800)  Acc@5: 87.1324 (87.1600)
2025-08-15 18:47:35,888 -                train: [    INFO] - Train: 73 [   0/97 (  0%)]  Loss: 178.4 (178.)  Loss_feat: 176.3 (176.)  Loss_gt: 2.106 (2.11) LR: 4.318e-02
2025-08-15 18:47:51,798 -                train: [    INFO] - Train: 73 [  96/97 (100%)]  Loss: 178.5 (178.)  Loss_feat: 176.3 (176.)  Loss_gt: 2.158 (2.13) LR: 4.318e-02
2025-08-15 18:47:51,798 -                train: [    INFO] - Distributing BatchNorm running means and vars
2025-08-15 18:47:52,096 -                train: [    INFO] - Test: [   0/19]  Time: 0.280 (0.280)  Loss:  1.3802 (1.3802)  Acc@1: 63.0859 (63.0859)  Acc@5: 87.5000 (87.5000)
2025-08-15 18:47:52,596 -                train: [    INFO] - Test: [  19/19]  Time: 0.009 (0.039)  Loss:  1.3740 (1.3957)  Acc@1: 61.7647 (63.0200)  Acc@5: 87.5000 (89.4200)
2025-08-15 18:47:52,983 - timm.utils.checkpoint_saver: [    INFO] - Current checkpoints:
 ('./output/train/20250815-182626-resnet18-224/checkpoint/checkpoint-70.pth.tar', 63.749999963378905)
 ('./output/train/20250815-182626-resnet18-224/checkpoint/checkpoint-71.pth.tar', 63.65000001220703)
 ('./output/train/20250815-182626-resnet18-224/checkpoint/checkpoint-69.pth.tar', 63.369999926757814)
 ('./output/train/20250815-182626-resnet18-224/checkpoint/checkpoint-59.pth.tar', 63.050000048828124)
 ('./output/train/20250815-182626-resnet18-224/checkpoint/checkpoint-73.pth.tar', 63.019999993896484)
 ('./output/train/20250815-182626-resnet18-224/checkpoint/checkpoint-54.pth.tar', 62.49)
 ('./output/train/20250815-182626-resnet18-224/checkpoint/checkpoint-58.pth.tar', 62.16999992675781)
 ('./output/train/20250815-182626-resnet18-224/checkpoint/checkpoint-57.pth.tar', 61.800000061035156)
 ('./output/train/20250815-182626-resnet18-224/checkpoint/checkpoint-46.pth.tar', 61.79999996337891)
 ('./output/train/20250815-182626-resnet18-224/checkpoint/checkpoint-65.pth.tar', 61.79000008544922)

2025-08-15 18:47:53,248 -                train: [    INFO] - Train: 74 [   0/97 (  0%)]  Loss: 178.4 (178.)  Loss_feat: 176.4 (176.)  Loss_gt: 2.031 (2.03) LR: 4.300e-02
2025-08-15 18:48:09,158 -                train: [    INFO] - Train: 74 [  96/97 (100%)]  Loss: 179.0 (179.)  Loss_feat: 176.9 (177.)  Loss_gt: 2.125 (2.08) LR: 4.300e-02
2025-08-15 18:48:09,159 -                train: [    INFO] - Distributing BatchNorm running means and vars
2025-08-15 18:48:09,513 -                train: [    INFO] - Test: [   0/19]  Time: 0.350 (0.350)  Loss:  1.4474 (1.4474)  Acc@1: 60.3516 (60.3516)  Acc@5: 89.0625 (89.0625)
2025-08-15 18:48:09,981 -                train: [    INFO] - Test: [  19/19]  Time: 0.009 (0.041)  Loss:  1.4858 (1.4961)  Acc@1: 61.3971 (60.3800)  Acc@5: 88.9706 (87.2500)
2025-08-15 18:48:10,561 -                train: [    INFO] - Train: 75 [   0/97 (  0%)]  Loss: 176.9 (177.)  Loss_feat: 174.7 (175.)  Loss_gt: 2.195 (2.20) LR: 4.282e-02
2025-08-15 18:48:26,444 -                train: [    INFO] - Train: 75 [  96/97 (100%)]  Loss: 177.2 (177.)  Loss_feat: 175.1 (175.)  Loss_gt: 2.082 (2.14) LR: 4.282e-02
2025-08-15 18:48:26,444 -                train: [    INFO] - Distributing BatchNorm running means and vars
2025-08-15 18:48:26,744 -                train: [    INFO] - Test: [   0/19]  Time: 0.296 (0.296)  Loss:  1.4551 (1.4551)  Acc@1: 61.3281 (61.3281)  Acc@5: 84.9609 (84.9609)
2025-08-15 18:48:27,270 -                train: [    INFO] - Test: [  19/19]  Time: 0.009 (0.041)  Loss:  1.4755 (1.4463)  Acc@1: 59.1912 (60.6000)  Acc@5: 84.9265 (87.7900)
2025-08-15 18:48:27,831 -                train: [    INFO] - Train: 76 [   0/97 (  0%)]  Loss: 175.3 (175.)  Loss_feat: 173.3 (173.)  Loss_gt: 2.009 (2.01) LR: 4.264e-02
2025-08-15 18:48:43,790 -                train: [    INFO] - Train: 76 [  96/97 (100%)]  Loss: 174.6 (175.)  Loss_feat: 172.5 (173.)  Loss_gt: 2.089 (2.05) LR: 4.264e-02
2025-08-15 18:48:43,791 -                train: [    INFO] - Distributing BatchNorm running means and vars
2025-08-15 18:48:44,185 -                train: [    INFO] - Test: [   0/19]  Time: 0.391 (0.391)  Loss:  1.3821 (1.3821)  Acc@1: 61.1328 (61.1328)  Acc@5: 87.6953 (87.6953)
2025-08-15 18:48:44,643 -                train: [    INFO] - Test: [  19/19]  Time: 0.009 (0.042)  Loss:  1.3810 (1.3908)  Acc@1: 62.5000 (62.2200)  Acc@5: 87.1324 (88.7200)
2025-08-15 18:48:45,021 - timm.utils.checkpoint_saver: [    INFO] - Current checkpoints:
 ('./output/train/20250815-182626-resnet18-224/checkpoint/checkpoint-70.pth.tar', 63.749999963378905)
 ('./output/train/20250815-182626-resnet18-224/checkpoint/checkpoint-71.pth.tar', 63.65000001220703)
 ('./output/train/20250815-182626-resnet18-224/checkpoint/checkpoint-69.pth.tar', 63.369999926757814)
 ('./output/train/20250815-182626-resnet18-224/checkpoint/checkpoint-59.pth.tar', 63.050000048828124)
 ('./output/train/20250815-182626-resnet18-224/checkpoint/checkpoint-73.pth.tar', 63.019999993896484)
 ('./output/train/20250815-182626-resnet18-224/checkpoint/checkpoint-54.pth.tar', 62.49)
 ('./output/train/20250815-182626-resnet18-224/checkpoint/checkpoint-76.pth.tar', 62.22)
 ('./output/train/20250815-182626-resnet18-224/checkpoint/checkpoint-58.pth.tar', 62.16999992675781)
 ('./output/train/20250815-182626-resnet18-224/checkpoint/checkpoint-57.pth.tar', 61.800000061035156)
 ('./output/train/20250815-182626-resnet18-224/checkpoint/checkpoint-46.pth.tar', 61.79999996337891)

2025-08-15 18:48:45,285 -                train: [    INFO] - Train: 77 [   0/97 (  0%)]  Loss: 175.7 (176.)  Loss_feat: 173.6 (174.)  Loss_gt: 2.049 (2.05) LR: 4.246e-02
2025-08-15 18:49:01,166 -                train: [    INFO] - Train: 77 [  96/97 (100%)]  Loss: 175.5 (176.)  Loss_feat: 173.4 (174.)  Loss_gt: 2.039 (2.04) LR: 4.246e-02
2025-08-15 18:49:01,166 -                train: [    INFO] - Distributing BatchNorm running means and vars
2025-08-15 18:49:01,494 -                train: [    INFO] - Test: [   0/19]  Time: 0.323 (0.323)  Loss:  1.3679 (1.3679)  Acc@1: 63.6719 (63.6719)  Acc@5: 89.0625 (89.0625)
2025-08-15 18:49:02,013 -                train: [    INFO] - Test: [  19/19]  Time: 0.009 (0.042)  Loss:  1.3510 (1.4309)  Acc@1: 64.7059 (62.5000)  Acc@5: 90.8088 (88.8700)
2025-08-15 18:49:02,383 - timm.utils.checkpoint_saver: [    INFO] - Current checkpoints:
 ('./output/train/20250815-182626-resnet18-224/checkpoint/checkpoint-70.pth.tar', 63.749999963378905)
 ('./output/train/20250815-182626-resnet18-224/checkpoint/checkpoint-71.pth.tar', 63.65000001220703)
 ('./output/train/20250815-182626-resnet18-224/checkpoint/checkpoint-69.pth.tar', 63.369999926757814)
 ('./output/train/20250815-182626-resnet18-224/checkpoint/checkpoint-59.pth.tar', 63.050000048828124)
 ('./output/train/20250815-182626-resnet18-224/checkpoint/checkpoint-73.pth.tar', 63.019999993896484)
 ('./output/train/20250815-182626-resnet18-224/checkpoint/checkpoint-77.pth.tar', 62.50000012207031)
 ('./output/train/20250815-182626-resnet18-224/checkpoint/checkpoint-54.pth.tar', 62.49)
 ('./output/train/20250815-182626-resnet18-224/checkpoint/checkpoint-76.pth.tar', 62.22)
 ('./output/train/20250815-182626-resnet18-224/checkpoint/checkpoint-58.pth.tar', 62.16999992675781)
 ('./output/train/20250815-182626-resnet18-224/checkpoint/checkpoint-57.pth.tar', 61.800000061035156)

2025-08-15 18:49:02,647 -                train: [    INFO] - Train: 78 [   0/97 (  0%)]  Loss: 174.1 (174.)  Loss_feat: 172.1 (172.)  Loss_gt: 2.030 (2.03) LR: 4.227e-02
2025-08-15 18:49:18,592 -                train: [    INFO] - Train: 78 [  96/97 (100%)]  Loss: 175.1 (175.)  Loss_feat: 173.0 (173.)  Loss_gt: 2.126 (2.08) LR: 4.227e-02
2025-08-15 18:49:18,593 -                train: [    INFO] - Distributing BatchNorm running means and vars
2025-08-15 18:49:18,916 -                train: [    INFO] - Test: [   0/19]  Time: 0.319 (0.319)  Loss:  1.2574 (1.2574)  Acc@1: 66.0156 (66.0156)  Acc@5: 89.6484 (89.6484)
2025-08-15 18:49:19,392 -                train: [    INFO] - Test: [  19/19]  Time: 0.009 (0.040)  Loss:  1.4434 (1.3254)  Acc@1: 57.3529 (64.3200)  Acc@5: 89.3382 (90.2000)
2025-08-15 18:49:19,620 - timm.utils.checkpoint_saver: [    INFO] - Current checkpoints:
 ('./output/train/20250815-182626-resnet18-224/checkpoint/checkpoint-78.pth.tar', 64.32000006103516)
 ('./output/train/20250815-182626-resnet18-224/checkpoint/checkpoint-70.pth.tar', 63.749999963378905)
 ('./output/train/20250815-182626-resnet18-224/checkpoint/checkpoint-71.pth.tar', 63.65000001220703)
 ('./output/train/20250815-182626-resnet18-224/checkpoint/checkpoint-69.pth.tar', 63.369999926757814)
 ('./output/train/20250815-182626-resnet18-224/checkpoint/checkpoint-59.pth.tar', 63.050000048828124)
 ('./output/train/20250815-182626-resnet18-224/checkpoint/checkpoint-73.pth.tar', 63.019999993896484)
 ('./output/train/20250815-182626-resnet18-224/checkpoint/checkpoint-77.pth.tar', 62.50000012207031)
 ('./output/train/20250815-182626-resnet18-224/checkpoint/checkpoint-54.pth.tar', 62.49)
 ('./output/train/20250815-182626-resnet18-224/checkpoint/checkpoint-76.pth.tar', 62.22)
 ('./output/train/20250815-182626-resnet18-224/checkpoint/checkpoint-58.pth.tar', 62.16999992675781)

2025-08-15 18:49:19,958 -                train: [    INFO] - Train: 79 [   0/97 (  0%)]  Loss: 173.7 (174.)  Loss_feat: 171.7 (172.)  Loss_gt: 1.949 (1.95) LR: 4.208e-02
2025-08-15 18:49:35,864 -                train: [    INFO] - Train: 79 [  96/97 (100%)]  Loss: 173.3 (173.)  Loss_feat: 171.2 (171.)  Loss_gt: 2.084 (2.02) LR: 4.208e-02
2025-08-15 18:49:35,864 -                train: [    INFO] - Distributing BatchNorm running means and vars
2025-08-15 18:49:36,165 -                train: [    INFO] - Test: [   0/19]  Time: 0.297 (0.297)  Loss:  1.3888 (1.3888)  Acc@1: 64.8438 (64.8438)  Acc@5: 87.3047 (87.3047)
2025-08-15 18:49:36,668 -                train: [    INFO] - Test: [  19/19]  Time: 0.009 (0.040)  Loss:  1.3082 (1.3982)  Acc@1: 65.0735 (62.6600)  Acc@5: 90.8088 (88.5300)
2025-08-15 18:49:36,963 - timm.utils.checkpoint_saver: [    INFO] - Current checkpoints:
 ('./output/train/20250815-182626-resnet18-224/checkpoint/checkpoint-78.pth.tar', 64.32000006103516)
 ('./output/train/20250815-182626-resnet18-224/checkpoint/checkpoint-70.pth.tar', 63.749999963378905)
 ('./output/train/20250815-182626-resnet18-224/checkpoint/checkpoint-71.pth.tar', 63.65000001220703)
 ('./output/train/20250815-182626-resnet18-224/checkpoint/checkpoint-69.pth.tar', 63.369999926757814)
 ('./output/train/20250815-182626-resnet18-224/checkpoint/checkpoint-59.pth.tar', 63.050000048828124)
 ('./output/train/20250815-182626-resnet18-224/checkpoint/checkpoint-73.pth.tar', 63.019999993896484)
 ('./output/train/20250815-182626-resnet18-224/checkpoint/checkpoint-79.pth.tar', 62.659999865722654)
 ('./output/train/20250815-182626-resnet18-224/checkpoint/checkpoint-77.pth.tar', 62.50000012207031)
 ('./output/train/20250815-182626-resnet18-224/checkpoint/checkpoint-54.pth.tar', 62.49)
 ('./output/train/20250815-182626-resnet18-224/checkpoint/checkpoint-76.pth.tar', 62.22)

2025-08-15 18:49:37,243 -                train: [    INFO] - Train: 80 [   0/97 (  0%)]  Loss: 171.6 (172.)  Loss_feat: 169.7 (170.)  Loss_gt: 1.968 (1.97) LR: 4.189e-02
2025-08-15 18:49:53,189 -                train: [    INFO] - Train: 80 [  96/97 (100%)]  Loss: 172.8 (172.)  Loss_feat: 170.7 (170.)  Loss_gt: 2.058 (2.01) LR: 4.189e-02
2025-08-15 18:49:53,189 -                train: [    INFO] - Distributing BatchNorm running means and vars
2025-08-15 18:49:53,524 -                train: [    INFO] - Test: [   0/19]  Time: 0.330 (0.330)  Loss:  1.4188 (1.4188)  Acc@1: 63.4766 (63.4766)  Acc@5: 86.9141 (86.9141)
2025-08-15 18:49:54,019 -                train: [    INFO] - Test: [  19/19]  Time: 0.009 (0.041)  Loss:  1.3642 (1.3857)  Acc@1: 62.1324 (62.5300)  Acc@5: 88.6030 (88.8400)
2025-08-15 18:49:54,294 - timm.utils.checkpoint_saver: [    INFO] - Current checkpoints:
 ('./output/train/20250815-182626-resnet18-224/checkpoint/checkpoint-78.pth.tar', 64.32000006103516)
 ('./output/train/20250815-182626-resnet18-224/checkpoint/checkpoint-70.pth.tar', 63.749999963378905)
 ('./output/train/20250815-182626-resnet18-224/checkpoint/checkpoint-71.pth.tar', 63.65000001220703)
 ('./output/train/20250815-182626-resnet18-224/checkpoint/checkpoint-69.pth.tar', 63.369999926757814)
 ('./output/train/20250815-182626-resnet18-224/checkpoint/checkpoint-59.pth.tar', 63.050000048828124)
 ('./output/train/20250815-182626-resnet18-224/checkpoint/checkpoint-73.pth.tar', 63.019999993896484)
 ('./output/train/20250815-182626-resnet18-224/checkpoint/checkpoint-79.pth.tar', 62.659999865722654)
 ('./output/train/20250815-182626-resnet18-224/checkpoint/checkpoint-80.pth.tar', 62.52999994506836)
 ('./output/train/20250815-182626-resnet18-224/checkpoint/checkpoint-77.pth.tar', 62.50000012207031)
 ('./output/train/20250815-182626-resnet18-224/checkpoint/checkpoint-54.pth.tar', 62.49)

2025-08-15 18:49:54,583 -                train: [    INFO] - Train: 81 [   0/97 (  0%)]  Loss: 171.7 (172.)  Loss_feat: 169.7 (170.)  Loss_gt: 2.000 (2.00) LR: 4.170e-02
2025-08-15 18:50:10,515 -                train: [    INFO] - Train: 81 [  96/97 (100%)]  Loss: 172.3 (172.)  Loss_feat: 170.2 (170.)  Loss_gt: 2.078 (2.04) LR: 4.170e-02
2025-08-15 18:50:10,515 -                train: [    INFO] - Distributing BatchNorm running means and vars
2025-08-15 18:50:10,802 -                train: [    INFO] - Test: [   0/19]  Time: 0.284 (0.284)  Loss:  1.3714 (1.3714)  Acc@1: 64.8438 (64.8438)  Acc@5: 90.0391 (90.0391)
2025-08-15 18:50:11,333 -                train: [    INFO] - Test: [  19/19]  Time: 0.009 (0.041)  Loss:  1.4176 (1.4106)  Acc@1: 64.3382 (63.4000)  Acc@5: 88.6029 (89.6300)
2025-08-15 18:50:11,655 - timm.utils.checkpoint_saver: [    INFO] - Current checkpoints:
 ('./output/train/20250815-182626-resnet18-224/checkpoint/checkpoint-78.pth.tar', 64.32000006103516)
 ('./output/train/20250815-182626-resnet18-224/checkpoint/checkpoint-70.pth.tar', 63.749999963378905)
 ('./output/train/20250815-182626-resnet18-224/checkpoint/checkpoint-71.pth.tar', 63.65000001220703)
 ('./output/train/20250815-182626-resnet18-224/checkpoint/checkpoint-81.pth.tar', 63.3999999633789)
 ('./output/train/20250815-182626-resnet18-224/checkpoint/checkpoint-69.pth.tar', 63.369999926757814)
 ('./output/train/20250815-182626-resnet18-224/checkpoint/checkpoint-59.pth.tar', 63.050000048828124)
 ('./output/train/20250815-182626-resnet18-224/checkpoint/checkpoint-73.pth.tar', 63.019999993896484)
 ('./output/train/20250815-182626-resnet18-224/checkpoint/checkpoint-79.pth.tar', 62.659999865722654)
 ('./output/train/20250815-182626-resnet18-224/checkpoint/checkpoint-80.pth.tar', 62.52999994506836)
 ('./output/train/20250815-182626-resnet18-224/checkpoint/checkpoint-77.pth.tar', 62.50000012207031)

2025-08-15 18:50:11,914 -                train: [    INFO] - Train: 82 [   0/97 (  0%)]  Loss: 170.7 (171.)  Loss_feat: 168.6 (169.)  Loss_gt: 2.081 (2.08) LR: 4.151e-02
2025-08-15 18:50:27,813 -                train: [    INFO] - Train: 82 [  96/97 (100%)]  Loss: 170.5 (171.)  Loss_feat: 168.5 (169.)  Loss_gt: 2.055 (2.07) LR: 4.151e-02
2025-08-15 18:50:27,813 -                train: [    INFO] - Distributing BatchNorm running means and vars
2025-08-15 18:50:28,146 -                train: [    INFO] - Test: [   0/19]  Time: 0.330 (0.330)  Loss:  1.3594 (1.3594)  Acc@1: 63.4766 (63.4766)  Acc@5: 87.6953 (87.6953)
2025-08-15 18:50:28,632 -                train: [    INFO] - Test: [  19/19]  Time: 0.009 (0.041)  Loss:  1.4399 (1.4291)  Acc@1: 60.6618 (60.8900)  Acc@5: 86.0294 (87.5200)
2025-08-15 18:50:29,219 -                train: [    INFO] - Train: 83 [   0/97 (  0%)]  Loss: 170.1 (170.)  Loss_feat: 168.0 (168.)  Loss_gt: 2.101 (2.10) LR: 4.131e-02
2025-08-15 18:50:45,096 -                train: [    INFO] - Train: 83 [  96/97 (100%)]  Loss: 169.8 (170.)  Loss_feat: 167.8 (168.)  Loss_gt: 1.980 (2.04) LR: 4.131e-02
2025-08-15 18:50:45,097 -                train: [    INFO] - Distributing BatchNorm running means and vars
2025-08-15 18:50:46,890 -                train: [    INFO] - Test: [   0/19]  Time: 0.126 (0.126)  Loss:  1.3480 (1.3480)  Acc@1: 64.8438 (64.8438)  Acc@5: 89.2578 (89.2578)
2025-08-15 18:50:47,343 -                train: [    INFO] - Test: [  19/19]  Time: 0.009 (0.029)  Loss:  1.3033 (1.3674)  Acc@1: 65.0735 (62.9600)  Acc@5: 89.3382 (88.9400)
2025-08-15 18:50:47,787 - timm.utils.checkpoint_saver: [    INFO] - Current checkpoints:
 ('./output/train/20250815-182626-resnet18-224/checkpoint/checkpoint-78.pth.tar', 64.32000006103516)
 ('./output/train/20250815-182626-resnet18-224/checkpoint/checkpoint-70.pth.tar', 63.749999963378905)
 ('./output/train/20250815-182626-resnet18-224/checkpoint/checkpoint-71.pth.tar', 63.65000001220703)
 ('./output/train/20250815-182626-resnet18-224/checkpoint/checkpoint-81.pth.tar', 63.3999999633789)
 ('./output/train/20250815-182626-resnet18-224/checkpoint/checkpoint-69.pth.tar', 63.369999926757814)
 ('./output/train/20250815-182626-resnet18-224/checkpoint/checkpoint-59.pth.tar', 63.050000048828124)
 ('./output/train/20250815-182626-resnet18-224/checkpoint/checkpoint-73.pth.tar', 63.019999993896484)
 ('./output/train/20250815-182626-resnet18-224/checkpoint/checkpoint-83.pth.tar', 62.960000073242185)
 ('./output/train/20250815-182626-resnet18-224/checkpoint/checkpoint-79.pth.tar', 62.659999865722654)
 ('./output/train/20250815-182626-resnet18-224/checkpoint/checkpoint-80.pth.tar', 62.52999994506836)

2025-08-15 18:50:48,046 -                train: [    INFO] - Train: 84 [   0/97 (  0%)]  Loss: 170.2 (170.)  Loss_feat: 168.2 (168.)  Loss_gt: 2.075 (2.07) LR: 4.112e-02
2025-08-15 18:51:03,949 -                train: [    INFO] - Train: 84 [  96/97 (100%)]  Loss: 169.0 (170.)  Loss_feat: 167.0 (168.)  Loss_gt: 1.958 (2.02) LR: 4.112e-02
2025-08-15 18:51:03,950 -                train: [    INFO] - Distributing BatchNorm running means and vars
2025-08-15 18:51:04,297 -                train: [    INFO] - Test: [   0/19]  Time: 0.344 (0.344)  Loss:  1.3258 (1.3258)  Acc@1: 65.2344 (65.2344)  Acc@5: 89.0625 (89.0625)
2025-08-15 18:51:04,810 -                train: [    INFO] - Test: [  19/19]  Time: 0.009 (0.043)  Loss:  1.3242 (1.3201)  Acc@1: 63.6029 (64.7200)  Acc@5: 88.9706 (90.3600)
2025-08-15 18:51:05,090 - timm.utils.checkpoint_saver: [    INFO] - Current checkpoints:
 ('./output/train/20250815-182626-resnet18-224/checkpoint/checkpoint-84.pth.tar', 64.71999995727539)
 ('./output/train/20250815-182626-resnet18-224/checkpoint/checkpoint-78.pth.tar', 64.32000006103516)
 ('./output/train/20250815-182626-resnet18-224/checkpoint/checkpoint-70.pth.tar', 63.749999963378905)
 ('./output/train/20250815-182626-resnet18-224/checkpoint/checkpoint-71.pth.tar', 63.65000001220703)
 ('./output/train/20250815-182626-resnet18-224/checkpoint/checkpoint-81.pth.tar', 63.3999999633789)
 ('./output/train/20250815-182626-resnet18-224/checkpoint/checkpoint-69.pth.tar', 63.369999926757814)
 ('./output/train/20250815-182626-resnet18-224/checkpoint/checkpoint-59.pth.tar', 63.050000048828124)
 ('./output/train/20250815-182626-resnet18-224/checkpoint/checkpoint-73.pth.tar', 63.019999993896484)
 ('./output/train/20250815-182626-resnet18-224/checkpoint/checkpoint-83.pth.tar', 62.960000073242185)
 ('./output/train/20250815-182626-resnet18-224/checkpoint/checkpoint-79.pth.tar', 62.659999865722654)

2025-08-15 18:51:05,388 -                train: [    INFO] - Train: 85 [   0/97 (  0%)]  Loss: 168.3 (168.)  Loss_feat: 166.4 (166.)  Loss_gt: 1.898 (1.90) LR: 4.092e-02
2025-08-15 18:51:21,337 -                train: [    INFO] - Train: 85 [  96/97 (100%)]  Loss: 169.9 (169.)  Loss_feat: 167.9 (167.)  Loss_gt: 1.985 (1.94) LR: 4.092e-02
2025-08-15 18:51:21,338 -                train: [    INFO] - Distributing BatchNorm running means and vars
2025-08-15 18:51:21,685 -                train: [    INFO] - Test: [   0/19]  Time: 0.344 (0.344)  Loss:  1.3384 (1.3384)  Acc@1: 63.4766 (63.4766)  Acc@5: 88.8672 (88.8672)
2025-08-15 18:51:22,154 -                train: [    INFO] - Test: [  19/19]  Time: 0.009 (0.041)  Loss:  1.3270 (1.3247)  Acc@1: 62.5000 (64.0200)  Acc@5: 90.4412 (89.9900)
2025-08-15 18:51:22,501 - timm.utils.checkpoint_saver: [    INFO] - Current checkpoints:
 ('./output/train/20250815-182626-resnet18-224/checkpoint/checkpoint-84.pth.tar', 64.71999995727539)
 ('./output/train/20250815-182626-resnet18-224/checkpoint/checkpoint-78.pth.tar', 64.32000006103516)
 ('./output/train/20250815-182626-resnet18-224/checkpoint/checkpoint-85.pth.tar', 64.01999989624024)
 ('./output/train/20250815-182626-resnet18-224/checkpoint/checkpoint-70.pth.tar', 63.749999963378905)
 ('./output/train/20250815-182626-resnet18-224/checkpoint/checkpoint-71.pth.tar', 63.65000001220703)
 ('./output/train/20250815-182626-resnet18-224/checkpoint/checkpoint-81.pth.tar', 63.3999999633789)
 ('./output/train/20250815-182626-resnet18-224/checkpoint/checkpoint-69.pth.tar', 63.369999926757814)
 ('./output/train/20250815-182626-resnet18-224/checkpoint/checkpoint-59.pth.tar', 63.050000048828124)
 ('./output/train/20250815-182626-resnet18-224/checkpoint/checkpoint-73.pth.tar', 63.019999993896484)
 ('./output/train/20250815-182626-resnet18-224/checkpoint/checkpoint-83.pth.tar', 62.960000073242185)

2025-08-15 18:51:22,794 -                train: [    INFO] - Train: 86 [   0/97 (  0%)]  Loss: 167.3 (167.)  Loss_feat: 165.3 (165.)  Loss_gt: 1.992 (1.99) LR: 4.072e-02
2025-08-15 18:51:38,731 -                train: [    INFO] - Train: 86 [  96/97 (100%)]  Loss: 168.2 (168.)  Loss_feat: 166.1 (166.)  Loss_gt: 2.110 (2.05) LR: 4.072e-02
2025-08-15 18:51:38,731 -                train: [    INFO] - Distributing BatchNorm running means and vars
2025-08-15 18:51:38,993 -                train: [    INFO] - Test: [   0/19]  Time: 0.258 (0.258)  Loss:  1.2509 (1.2509)  Acc@1: 66.9922 (66.9922)  Acc@5: 90.0391 (90.0391)
2025-08-15 18:51:39,539 -                train: [    INFO] - Test: [  19/19]  Time: 0.009 (0.040)  Loss:  1.2441 (1.2689)  Acc@1: 66.1765 (65.6700)  Acc@5: 92.2794 (91.1700)
2025-08-15 18:51:39,846 - timm.utils.checkpoint_saver: [    INFO] - Current checkpoints:
 ('./output/train/20250815-182626-resnet18-224/checkpoint/checkpoint-86.pth.tar', 65.66999992675781)
 ('./output/train/20250815-182626-resnet18-224/checkpoint/checkpoint-84.pth.tar', 64.71999995727539)
 ('./output/train/20250815-182626-resnet18-224/checkpoint/checkpoint-78.pth.tar', 64.32000006103516)
 ('./output/train/20250815-182626-resnet18-224/checkpoint/checkpoint-85.pth.tar', 64.01999989624024)
 ('./output/train/20250815-182626-resnet18-224/checkpoint/checkpoint-70.pth.tar', 63.749999963378905)
 ('./output/train/20250815-182626-resnet18-224/checkpoint/checkpoint-71.pth.tar', 63.65000001220703)
 ('./output/train/20250815-182626-resnet18-224/checkpoint/checkpoint-81.pth.tar', 63.3999999633789)
 ('./output/train/20250815-182626-resnet18-224/checkpoint/checkpoint-69.pth.tar', 63.369999926757814)
 ('./output/train/20250815-182626-resnet18-224/checkpoint/checkpoint-59.pth.tar', 63.050000048828124)
 ('./output/train/20250815-182626-resnet18-224/checkpoint/checkpoint-73.pth.tar', 63.019999993896484)

2025-08-15 18:51:40,123 -                train: [    INFO] - Train: 87 [   0/97 (  0%)]  Loss: 166.4 (166.)  Loss_feat: 164.4 (164.)  Loss_gt: 2.025 (2.02) LR: 4.052e-02
2025-08-15 18:51:56,094 -                train: [    INFO] - Train: 87 [  96/97 (100%)]  Loss: 166.4 (166.)  Loss_feat: 164.4 (164.)  Loss_gt: 1.942 (1.98) LR: 4.052e-02
2025-08-15 18:51:56,094 -                train: [    INFO] - Distributing BatchNorm running means and vars
2025-08-15 18:51:56,419 -                train: [    INFO] - Test: [   0/19]  Time: 0.321 (0.321)  Loss:  1.3196 (1.3196)  Acc@1: 66.9922 (66.9922)  Acc@5: 88.6719 (88.6719)
2025-08-15 18:51:56,911 -                train: [    INFO] - Test: [  19/19]  Time: 0.009 (0.041)  Loss:  1.3234 (1.3781)  Acc@1: 65.4412 (64.3400)  Acc@5: 90.4412 (89.1100)
2025-08-15 18:51:57,151 - timm.utils.checkpoint_saver: [    INFO] - Current checkpoints:
 ('./output/train/20250815-182626-resnet18-224/checkpoint/checkpoint-86.pth.tar', 65.66999992675781)
 ('./output/train/20250815-182626-resnet18-224/checkpoint/checkpoint-84.pth.tar', 64.71999995727539)
 ('./output/train/20250815-182626-resnet18-224/checkpoint/checkpoint-87.pth.tar', 64.33999981689453)
 ('./output/train/20250815-182626-resnet18-224/checkpoint/checkpoint-78.pth.tar', 64.32000006103516)
 ('./output/train/20250815-182626-resnet18-224/checkpoint/checkpoint-85.pth.tar', 64.01999989624024)
 ('./output/train/20250815-182626-resnet18-224/checkpoint/checkpoint-70.pth.tar', 63.749999963378905)
 ('./output/train/20250815-182626-resnet18-224/checkpoint/checkpoint-71.pth.tar', 63.65000001220703)
 ('./output/train/20250815-182626-resnet18-224/checkpoint/checkpoint-81.pth.tar', 63.3999999633789)
 ('./output/train/20250815-182626-resnet18-224/checkpoint/checkpoint-69.pth.tar', 63.369999926757814)
 ('./output/train/20250815-182626-resnet18-224/checkpoint/checkpoint-59.pth.tar', 63.050000048828124)

2025-08-15 18:51:57,483 -                train: [    INFO] - Train: 88 [   0/97 (  0%)]  Loss: 166.0 (166.)  Loss_feat: 164.1 (164.)  Loss_gt: 1.979 (1.98) LR: 4.031e-02
2025-08-15 18:52:13,383 -                train: [    INFO] - Train: 88 [  96/97 (100%)]  Loss: 165.3 (166.)  Loss_feat: 163.3 (164.)  Loss_gt: 1.986 (1.98) LR: 4.031e-02
2025-08-15 18:52:13,384 -                train: [    INFO] - Distributing BatchNorm running means and vars
2025-08-15 18:52:13,723 -                train: [    INFO] - Test: [   0/19]  Time: 0.335 (0.335)  Loss:  1.2238 (1.2238)  Acc@1: 68.9453 (68.9453)  Acc@5: 90.0391 (90.0391)
2025-08-15 18:52:14,237 -                train: [    INFO] - Test: [  19/19]  Time: 0.009 (0.042)  Loss:  1.2110 (1.2778)  Acc@1: 69.8529 (65.8500)  Acc@5: 91.9118 (90.4700)
2025-08-15 18:52:14,424 - timm.utils.checkpoint_saver: [    INFO] - Current checkpoints:
 ('./output/train/20250815-182626-resnet18-224/checkpoint/checkpoint-88.pth.tar', 65.84999985351563)
 ('./output/train/20250815-182626-resnet18-224/checkpoint/checkpoint-86.pth.tar', 65.66999992675781)
 ('./output/train/20250815-182626-resnet18-224/checkpoint/checkpoint-84.pth.tar', 64.71999995727539)
 ('./output/train/20250815-182626-resnet18-224/checkpoint/checkpoint-87.pth.tar', 64.33999981689453)
 ('./output/train/20250815-182626-resnet18-224/checkpoint/checkpoint-78.pth.tar', 64.32000006103516)
 ('./output/train/20250815-182626-resnet18-224/checkpoint/checkpoint-85.pth.tar', 64.01999989624024)
 ('./output/train/20250815-182626-resnet18-224/checkpoint/checkpoint-70.pth.tar', 63.749999963378905)
 ('./output/train/20250815-182626-resnet18-224/checkpoint/checkpoint-71.pth.tar', 63.65000001220703)
 ('./output/train/20250815-182626-resnet18-224/checkpoint/checkpoint-81.pth.tar', 63.3999999633789)
 ('./output/train/20250815-182626-resnet18-224/checkpoint/checkpoint-69.pth.tar', 63.369999926757814)

2025-08-15 18:52:14,809 -                train: [    INFO] - Train: 89 [   0/97 (  0%)]  Loss: 164.9 (165.)  Loss_feat: 162.9 (163.)  Loss_gt: 2.051 (2.05) LR: 4.011e-02
2025-08-15 18:52:30,780 -                train: [    INFO] - Train: 89 [  96/97 (100%)]  Loss: 166.2 (166.)  Loss_feat: 164.1 (163.)  Loss_gt: 2.105 (2.08) LR: 4.011e-02
2025-08-15 18:52:30,780 -                train: [    INFO] - Distributing BatchNorm running means and vars
2025-08-15 18:52:31,116 -                train: [    INFO] - Test: [   0/19]  Time: 0.331 (0.331)  Loss:  1.2578 (1.2578)  Acc@1: 68.1641 (68.1641)  Acc@5: 88.8672 (88.8672)
2025-08-15 18:52:31,579 -                train: [    INFO] - Test: [  19/19]  Time: 0.009 (0.040)  Loss:  1.3673 (1.3504)  Acc@1: 65.4412 (64.4300)  Acc@5: 87.5000 (89.5700)
2025-08-15 18:52:31,922 - timm.utils.checkpoint_saver: [    INFO] - Current checkpoints:
 ('./output/train/20250815-182626-resnet18-224/checkpoint/checkpoint-88.pth.tar', 65.84999985351563)
 ('./output/train/20250815-182626-resnet18-224/checkpoint/checkpoint-86.pth.tar', 65.66999992675781)
 ('./output/train/20250815-182626-resnet18-224/checkpoint/checkpoint-84.pth.tar', 64.71999995727539)
 ('./output/train/20250815-182626-resnet18-224/checkpoint/checkpoint-89.pth.tar', 64.42999981689454)
 ('./output/train/20250815-182626-resnet18-224/checkpoint/checkpoint-87.pth.tar', 64.33999981689453)
 ('./output/train/20250815-182626-resnet18-224/checkpoint/checkpoint-78.pth.tar', 64.32000006103516)
 ('./output/train/20250815-182626-resnet18-224/checkpoint/checkpoint-85.pth.tar', 64.01999989624024)
 ('./output/train/20250815-182626-resnet18-224/checkpoint/checkpoint-70.pth.tar', 63.749999963378905)
 ('./output/train/20250815-182626-resnet18-224/checkpoint/checkpoint-71.pth.tar', 63.65000001220703)
 ('./output/train/20250815-182626-resnet18-224/checkpoint/checkpoint-81.pth.tar', 63.3999999633789)

2025-08-15 18:52:32,187 -                train: [    INFO] - Train: 90 [   0/97 (  0%)]  Loss: 163.3 (163.)  Loss_feat: 161.4 (161.)  Loss_gt: 1.965 (1.96) LR: 3.990e-02
2025-08-15 18:52:48,040 -                train: [    INFO] - Train: 90 [  96/97 (100%)]  Loss: 164.7 (164.)  Loss_feat: 162.6 (162.)  Loss_gt: 2.022 (1.99) LR: 3.990e-02
2025-08-15 18:52:48,040 -                train: [    INFO] - Distributing BatchNorm running means and vars
2025-08-15 18:52:48,412 -                train: [    INFO] - Test: [   0/19]  Time: 0.368 (0.368)  Loss:  1.4511 (1.4511)  Acc@1: 62.3047 (62.3047)  Acc@5: 85.9375 (85.9375)
2025-08-15 18:52:48,901 -                train: [    INFO] - Test: [  19/19]  Time: 0.009 (0.043)  Loss:  1.4179 (1.4304)  Acc@1: 63.6029 (61.6800)  Acc@5: 84.9265 (88.0500)
2025-08-15 18:52:49,483 -                train: [    INFO] - Train: 91 [   0/97 (  0%)]  Loss: 162.7 (163.)  Loss_feat: 160.7 (161.)  Loss_gt: 2.019 (2.02) LR: 3.969e-02
2025-08-15 18:53:05,423 -                train: [    INFO] - Train: 91 [  96/97 (100%)]  Loss: 163.7 (163.)  Loss_feat: 161.7 (161.)  Loss_gt: 2.015 (2.02) LR: 3.969e-02
2025-08-15 18:53:05,424 -                train: [    INFO] - Distributing BatchNorm running means and vars
2025-08-15 18:53:05,768 -                train: [    INFO] - Test: [   0/19]  Time: 0.341 (0.341)  Loss:  1.3540 (1.3540)  Acc@1: 63.8672 (63.8672)  Acc@5: 89.8438 (89.8438)
2025-08-15 18:53:06,249 -                train: [    INFO] - Test: [  19/19]  Time: 0.009 (0.041)  Loss:  1.3916 (1.3543)  Acc@1: 64.3382 (64.7600)  Acc@5: 87.5000 (89.7500)
2025-08-15 18:53:06,660 - timm.utils.checkpoint_saver: [    INFO] - Current checkpoints:
 ('./output/train/20250815-182626-resnet18-224/checkpoint/checkpoint-88.pth.tar', 65.84999985351563)
 ('./output/train/20250815-182626-resnet18-224/checkpoint/checkpoint-86.pth.tar', 65.66999992675781)
 ('./output/train/20250815-182626-resnet18-224/checkpoint/checkpoint-91.pth.tar', 64.7599999633789)
 ('./output/train/20250815-182626-resnet18-224/checkpoint/checkpoint-84.pth.tar', 64.71999995727539)
 ('./output/train/20250815-182626-resnet18-224/checkpoint/checkpoint-89.pth.tar', 64.42999981689454)
 ('./output/train/20250815-182626-resnet18-224/checkpoint/checkpoint-87.pth.tar', 64.33999981689453)
 ('./output/train/20250815-182626-resnet18-224/checkpoint/checkpoint-78.pth.tar', 64.32000006103516)
 ('./output/train/20250815-182626-resnet18-224/checkpoint/checkpoint-85.pth.tar', 64.01999989624024)
 ('./output/train/20250815-182626-resnet18-224/checkpoint/checkpoint-70.pth.tar', 63.749999963378905)
 ('./output/train/20250815-182626-resnet18-224/checkpoint/checkpoint-71.pth.tar', 63.65000001220703)

2025-08-15 18:53:06,928 -                train: [    INFO] - Train: 92 [   0/97 (  0%)]  Loss: 162.8 (163.)  Loss_feat: 160.8 (161.)  Loss_gt: 1.951 (1.95) LR: 3.948e-02
2025-08-15 18:53:22,876 -                train: [    INFO] - Train: 92 [  96/97 (100%)]  Loss: 162.2 (162.)  Loss_feat: 160.2 (161.)  Loss_gt: 1.993 (1.97) LR: 3.948e-02
2025-08-15 18:53:22,876 -                train: [    INFO] - Distributing BatchNorm running means and vars
2025-08-15 18:53:23,256 -                train: [    INFO] - Test: [   0/19]  Time: 0.376 (0.376)  Loss:  1.4366 (1.4366)  Acc@1: 65.0391 (65.0391)  Acc@5: 86.5234 (86.5234)
2025-08-15 18:53:23,729 -                train: [    INFO] - Test: [  19/19]  Time: 0.009 (0.042)  Loss:  1.4642 (1.5260)  Acc@1: 63.9706 (60.4100)  Acc@5: 86.3971 (86.2300)
2025-08-15 18:53:24,456 -                train: [    INFO] - Train: 93 [   0/97 (  0%)]  Loss: 161.8 (162.)  Loss_feat: 159.9 (160.)  Loss_gt: 1.930 (1.93) LR: 3.927e-02
2025-08-15 18:53:40,413 -                train: [    INFO] - Train: 93 [  96/97 (100%)]  Loss: 161.8 (162.)  Loss_feat: 159.7 (160.)  Loss_gt: 2.036 (1.98) LR: 3.927e-02
2025-08-15 18:53:40,414 -                train: [    INFO] - Distributing BatchNorm running means and vars
2025-08-15 18:53:40,819 -                train: [    INFO] - Test: [   0/19]  Time: 0.402 (0.402)  Loss:  1.3863 (1.3863)  Acc@1: 64.4531 (64.4531)  Acc@5: 88.8672 (88.8672)
2025-08-15 18:53:41,263 -                train: [    INFO] - Test: [  19/19]  Time: 0.009 (0.042)  Loss:  1.3941 (1.3749)  Acc@1: 63.9706 (62.9300)  Acc@5: 87.5000 (88.7900)
2025-08-15 18:53:41,850 -                train: [    INFO] - Train: 94 [   0/97 (  0%)]  Loss: 160.3 (160.)  Loss_feat: 158.4 (158.)  Loss_gt: 1.956 (1.96) LR: 3.906e-02
2025-08-15 18:53:57,798 -                train: [    INFO] - Train: 94 [  96/97 (100%)]  Loss: 161.1 (161.)  Loss_feat: 159.0 (159.)  Loss_gt: 2.069 (2.01) LR: 3.906e-02
2025-08-15 18:53:57,799 -                train: [    INFO] - Distributing BatchNorm running means and vars
2025-08-15 18:53:58,184 -                train: [    INFO] - Test: [   0/19]  Time: 0.382 (0.382)  Loss:  1.3300 (1.3300)  Acc@1: 64.4531 (64.4531)  Acc@5: 87.5000 (87.5000)
2025-08-15 18:53:58,647 -                train: [    INFO] - Test: [  19/19]  Time: 0.009 (0.042)  Loss:  1.3165 (1.3367)  Acc@1: 65.8088 (64.6900)  Acc@5: 88.9706 (89.8200)
2025-08-15 18:53:59,008 - timm.utils.checkpoint_saver: [    INFO] - Current checkpoints:
 ('./output/train/20250815-182626-resnet18-224/checkpoint/checkpoint-88.pth.tar', 65.84999985351563)
 ('./output/train/20250815-182626-resnet18-224/checkpoint/checkpoint-86.pth.tar', 65.66999992675781)
 ('./output/train/20250815-182626-resnet18-224/checkpoint/checkpoint-91.pth.tar', 64.7599999633789)
 ('./output/train/20250815-182626-resnet18-224/checkpoint/checkpoint-84.pth.tar', 64.71999995727539)
 ('./output/train/20250815-182626-resnet18-224/checkpoint/checkpoint-94.pth.tar', 64.68999997558593)
 ('./output/train/20250815-182626-resnet18-224/checkpoint/checkpoint-89.pth.tar', 64.42999981689454)
 ('./output/train/20250815-182626-resnet18-224/checkpoint/checkpoint-87.pth.tar', 64.33999981689453)
 ('./output/train/20250815-182626-resnet18-224/checkpoint/checkpoint-78.pth.tar', 64.32000006103516)
 ('./output/train/20250815-182626-resnet18-224/checkpoint/checkpoint-85.pth.tar', 64.01999989624024)
 ('./output/train/20250815-182626-resnet18-224/checkpoint/checkpoint-70.pth.tar', 63.749999963378905)

2025-08-15 18:53:59,265 -                train: [    INFO] - Train: 95 [   0/97 (  0%)]  Loss: 159.6 (160.)  Loss_feat: 157.7 (158.)  Loss_gt: 1.927 (1.93) LR: 3.884e-02
2025-08-15 18:54:15,219 -                train: [    INFO] - Train: 95 [  96/97 (100%)]  Loss: 160.5 (160.)  Loss_feat: 158.4 (158.)  Loss_gt: 2.032 (1.98) LR: 3.884e-02
2025-08-15 18:54:15,219 -                train: [    INFO] - Distributing BatchNorm running means and vars
2025-08-15 18:54:15,572 -                train: [    INFO] - Test: [   0/19]  Time: 0.349 (0.349)  Loss:  1.3578 (1.3578)  Acc@1: 63.8672 (63.8672)  Acc@5: 88.8672 (88.8672)
2025-08-15 18:54:16,081 -                train: [    INFO] - Test: [  19/19]  Time: 0.009 (0.043)  Loss:  1.3935 (1.3846)  Acc@1: 62.1324 (63.6600)  Acc@5: 91.5441 (89.3000)
2025-08-15 18:54:16,640 -                train: [    INFO] - Train: 96 [   0/97 (  0%)]  Loss: 158.6 (159.)  Loss_feat: 156.6 (157.)  Loss_gt: 1.922 (1.92) LR: 3.863e-02
2025-08-15 18:54:32,596 -                train: [    INFO] - Train: 96 [  96/97 (100%)]  Loss: 158.7 (159.)  Loss_feat: 156.6 (157.)  Loss_gt: 2.036 (1.98) LR: 3.863e-02
2025-08-15 18:54:32,597 -                train: [    INFO] - Distributing BatchNorm running means and vars
2025-08-15 18:54:32,916 -                train: [    INFO] - Test: [   0/19]  Time: 0.315 (0.315)  Loss:  1.2620 (1.2620)  Acc@1: 66.4062 (66.4062)  Acc@5: 90.4297 (90.4297)
2025-08-15 18:54:33,388 -                train: [    INFO] - Test: [  19/19]  Time: 0.009 (0.039)  Loss:  1.2087 (1.2767)  Acc@1: 69.1176 (65.2700)  Acc@5: 91.9118 (90.9600)
2025-08-15 18:54:33,653 - timm.utils.checkpoint_saver: [    INFO] - Current checkpoints:
 ('./output/train/20250815-182626-resnet18-224/checkpoint/checkpoint-88.pth.tar', 65.84999985351563)
 ('./output/train/20250815-182626-resnet18-224/checkpoint/checkpoint-86.pth.tar', 65.66999992675781)
 ('./output/train/20250815-182626-resnet18-224/checkpoint/checkpoint-96.pth.tar', 65.26999995117187)
 ('./output/train/20250815-182626-resnet18-224/checkpoint/checkpoint-91.pth.tar', 64.7599999633789)
 ('./output/train/20250815-182626-resnet18-224/checkpoint/checkpoint-84.pth.tar', 64.71999995727539)
 ('./output/train/20250815-182626-resnet18-224/checkpoint/checkpoint-94.pth.tar', 64.68999997558593)
 ('./output/train/20250815-182626-resnet18-224/checkpoint/checkpoint-89.pth.tar', 64.42999981689454)
 ('./output/train/20250815-182626-resnet18-224/checkpoint/checkpoint-87.pth.tar', 64.33999981689453)
 ('./output/train/20250815-182626-resnet18-224/checkpoint/checkpoint-78.pth.tar', 64.32000006103516)
 ('./output/train/20250815-182626-resnet18-224/checkpoint/checkpoint-85.pth.tar', 64.01999989624024)

2025-08-15 18:54:33,988 -                train: [    INFO] - Train: 97 [   0/97 (  0%)]  Loss: 158.0 (158.)  Loss_feat: 156.0 (156.)  Loss_gt: 1.981 (1.98) LR: 3.841e-02
2025-08-15 18:54:49,929 -                train: [    INFO] - Train: 97 [  96/97 (100%)]  Loss: 157.8 (158.)  Loss_feat: 155.9 (156.)  Loss_gt: 1.917 (1.95) LR: 3.841e-02
2025-08-15 18:54:49,929 -                train: [    INFO] - Distributing BatchNorm running means and vars
2025-08-15 18:54:50,260 -                train: [    INFO] - Test: [   0/19]  Time: 0.327 (0.327)  Loss:  1.3346 (1.3346)  Acc@1: 66.9922 (66.9922)  Acc@5: 90.0391 (90.0391)
2025-08-15 18:54:50,750 -                train: [    INFO] - Test: [  19/19]  Time: 0.009 (0.041)  Loss:  1.4141 (1.3531)  Acc@1: 63.6029 (65.4400)  Acc@5: 88.6029 (90.2000)
2025-08-15 18:54:51,073 - timm.utils.checkpoint_saver: [    INFO] - Current checkpoints:
 ('./output/train/20250815-182626-resnet18-224/checkpoint/checkpoint-88.pth.tar', 65.84999985351563)
 ('./output/train/20250815-182626-resnet18-224/checkpoint/checkpoint-86.pth.tar', 65.66999992675781)
 ('./output/train/20250815-182626-resnet18-224/checkpoint/checkpoint-97.pth.tar', 65.43999995727539)
 ('./output/train/20250815-182626-resnet18-224/checkpoint/checkpoint-96.pth.tar', 65.26999995117187)
 ('./output/train/20250815-182626-resnet18-224/checkpoint/checkpoint-91.pth.tar', 64.7599999633789)
 ('./output/train/20250815-182626-resnet18-224/checkpoint/checkpoint-84.pth.tar', 64.71999995727539)
 ('./output/train/20250815-182626-resnet18-224/checkpoint/checkpoint-94.pth.tar', 64.68999997558593)
 ('./output/train/20250815-182626-resnet18-224/checkpoint/checkpoint-89.pth.tar', 64.42999981689454)
 ('./output/train/20250815-182626-resnet18-224/checkpoint/checkpoint-87.pth.tar', 64.33999981689453)
 ('./output/train/20250815-182626-resnet18-224/checkpoint/checkpoint-78.pth.tar', 64.32000006103516)

2025-08-15 18:54:51,345 -                train: [    INFO] - Train: 98 [   0/97 (  0%)]  Loss: 157.9 (158.)  Loss_feat: 156.0 (156.)  Loss_gt: 1.922 (1.92) LR: 3.819e-02
2025-08-15 18:55:07,230 -                train: [    INFO] - Train: 98 [  96/97 (100%)]  Loss: 157.8 (158.)  Loss_feat: 155.8 (156.)  Loss_gt: 1.968 (1.94) LR: 3.819e-02
2025-08-15 18:55:07,231 -                train: [    INFO] - Distributing BatchNorm running means and vars
2025-08-15 18:55:07,564 -                train: [    INFO] - Test: [   0/19]  Time: 0.329 (0.329)  Loss:  1.3653 (1.3653)  Acc@1: 64.2578 (64.2578)  Acc@5: 89.8438 (89.8438)
2025-08-15 18:55:08,051 -                train: [    INFO] - Test: [  19/19]  Time: 0.009 (0.041)  Loss:  1.4099 (1.4324)  Acc@1: 63.2353 (62.3900)  Acc@5: 88.9706 (89.1300)
2025-08-15 18:55:08,623 -                train: [    INFO] - Train: 99 [   0/97 (  0%)]  Loss: 156.6 (157.)  Loss_feat: 154.7 (155.)  Loss_gt: 1.870 (1.87) LR: 3.797e-02
2025-08-15 18:55:24,555 -                train: [    INFO] - Train: 99 [  96/97 (100%)]  Loss: 155.7 (156.)  Loss_feat: 153.7 (154.)  Loss_gt: 2.003 (1.94) LR: 3.797e-02
2025-08-15 18:55:24,556 -                train: [    INFO] - Distributing BatchNorm running means and vars
2025-08-15 18:55:24,852 -                train: [    INFO] - Test: [   0/19]  Time: 0.292 (0.292)  Loss:  1.2952 (1.2952)  Acc@1: 66.9922 (66.9922)  Acc@5: 88.4766 (88.4766)
2025-08-15 18:55:25,374 -                train: [    INFO] - Test: [  19/19]  Time: 0.009 (0.041)  Loss:  1.3019 (1.2963)  Acc@1: 65.4412 (65.6300)  Acc@5: 89.7059 (90.6500)
2025-08-15 18:55:25,667 - timm.utils.checkpoint_saver: [    INFO] - Current checkpoints:
 ('./output/train/20250815-182626-resnet18-224/checkpoint/checkpoint-88.pth.tar', 65.84999985351563)
 ('./output/train/20250815-182626-resnet18-224/checkpoint/checkpoint-86.pth.tar', 65.66999992675781)
 ('./output/train/20250815-182626-resnet18-224/checkpoint/checkpoint-99.pth.tar', 65.63000002441406)
 ('./output/train/20250815-182626-resnet18-224/checkpoint/checkpoint-97.pth.tar', 65.43999995727539)
 ('./output/train/20250815-182626-resnet18-224/checkpoint/checkpoint-96.pth.tar', 65.26999995117187)
 ('./output/train/20250815-182626-resnet18-224/checkpoint/checkpoint-91.pth.tar', 64.7599999633789)
 ('./output/train/20250815-182626-resnet18-224/checkpoint/checkpoint-84.pth.tar', 64.71999995727539)
 ('./output/train/20250815-182626-resnet18-224/checkpoint/checkpoint-94.pth.tar', 64.68999997558593)
 ('./output/train/20250815-182626-resnet18-224/checkpoint/checkpoint-89.pth.tar', 64.42999981689454)
 ('./output/train/20250815-182626-resnet18-224/checkpoint/checkpoint-87.pth.tar', 64.33999981689453)

2025-08-15 18:55:25,961 -                train: [    INFO] - Train: 100 [   0/97 (  0%)]  Loss: 155.7 (156.)  Loss_feat: 153.8 (154.)  Loss_gt: 1.939 (1.94) LR: 3.775e-02
2025-08-15 18:55:41,862 -                train: [    INFO] - Train: 100 [  96/97 (100%)]  Loss: 154.5 (155.)  Loss_feat: 152.4 (153.)  Loss_gt: 2.038 (1.99) LR: 3.775e-02
2025-08-15 18:55:41,862 -                train: [    INFO] - Distributing BatchNorm running means and vars
2025-08-15 18:55:42,242 -                train: [    INFO] - Test: [   0/19]  Time: 0.376 (0.376)  Loss:  1.2416 (1.2416)  Acc@1: 68.5547 (68.5547)  Acc@5: 90.0391 (90.0391)
2025-08-15 18:55:42,711 -                train: [    INFO] - Test: [  19/19]  Time: 0.009 (0.042)  Loss:  1.1985 (1.2280)  Acc@1: 68.3824 (67.7300)  Acc@5: 93.0147 (91.4900)
2025-08-15 18:55:43,021 - timm.utils.checkpoint_saver: [    INFO] - Current checkpoints:
 ('./output/train/20250815-182626-resnet18-224/checkpoint/checkpoint-100.pth.tar', 67.73000004882813)
 ('./output/train/20250815-182626-resnet18-224/checkpoint/checkpoint-88.pth.tar', 65.84999985351563)
 ('./output/train/20250815-182626-resnet18-224/checkpoint/checkpoint-86.pth.tar', 65.66999992675781)
 ('./output/train/20250815-182626-resnet18-224/checkpoint/checkpoint-99.pth.tar', 65.63000002441406)
 ('./output/train/20250815-182626-resnet18-224/checkpoint/checkpoint-97.pth.tar', 65.43999995727539)
 ('./output/train/20250815-182626-resnet18-224/checkpoint/checkpoint-96.pth.tar', 65.26999995117187)
 ('./output/train/20250815-182626-resnet18-224/checkpoint/checkpoint-91.pth.tar', 64.7599999633789)
 ('./output/train/20250815-182626-resnet18-224/checkpoint/checkpoint-84.pth.tar', 64.71999995727539)
 ('./output/train/20250815-182626-resnet18-224/checkpoint/checkpoint-94.pth.tar', 64.68999997558593)
 ('./output/train/20250815-182626-resnet18-224/checkpoint/checkpoint-89.pth.tar', 64.42999981689454)

2025-08-15 18:55:43,300 -                train: [    INFO] - Train: 101 [   0/97 (  0%)]  Loss: 153.3 (153.)  Loss_feat: 151.3 (151.)  Loss_gt: 1.950 (1.95) LR: 3.753e-02
2025-08-15 18:55:59,237 -                train: [    INFO] - Train: 101 [  96/97 (100%)]  Loss: 154.0 (154.)  Loss_feat: 152.0 (152.)  Loss_gt: 1.997 (1.97) LR: 3.753e-02
2025-08-15 18:55:59,238 -                train: [    INFO] - Distributing BatchNorm running means and vars
2025-08-15 18:55:59,520 -                train: [    INFO] - Test: [   0/19]  Time: 0.278 (0.278)  Loss:  1.3312 (1.3312)  Acc@1: 63.8672 (63.8672)  Acc@5: 89.2578 (89.2578)
2025-08-15 18:56:00,028 -                train: [    INFO] - Test: [  19/19]  Time: 0.009 (0.039)  Loss:  1.2655 (1.3303)  Acc@1: 65.4412 (64.3800)  Acc@5: 91.1765 (89.8000)
2025-08-15 18:56:00,605 -                train: [    INFO] - Train: 102 [   0/97 (  0%)]  Loss: 152.6 (153.)  Loss_feat: 150.7 (151.)  Loss_gt: 1.917 (1.92) LR: 3.730e-02
2025-08-15 18:56:16,554 -                train: [    INFO] - Train: 102 [  96/97 (100%)]  Loss: 153.1 (153.)  Loss_feat: 151.1 (151.)  Loss_gt: 1.983 (1.95) LR: 3.730e-02
2025-08-15 18:56:16,554 -                train: [    INFO] - Distributing BatchNorm running means and vars
2025-08-15 18:56:16,908 -                train: [    INFO] - Test: [   0/19]  Time: 0.350 (0.350)  Loss:  1.2881 (1.2881)  Acc@1: 66.2109 (66.2109)  Acc@5: 89.0625 (89.0625)
2025-08-15 18:56:17,416 -                train: [    INFO] - Test: [  19/19]  Time: 0.009 (0.043)  Loss:  1.3163 (1.3275)  Acc@1: 62.1324 (63.9200)  Acc@5: 91.1765 (89.9000)
2025-08-15 18:56:17,935 -                train: [    INFO] - Train: 103 [   0/97 (  0%)]  Loss: 152.2 (152.)  Loss_feat: 150.1 (150.)  Loss_gt: 2.011 (2.01) LR: 3.708e-02
2025-08-15 18:56:33,871 -                train: [    INFO] - Train: 103 [  96/97 (100%)]  Loss: 151.4 (152.)  Loss_feat: 149.5 (150.)  Loss_gt: 1.911 (1.96) LR: 3.708e-02
2025-08-15 18:56:33,871 -                train: [    INFO] - Distributing BatchNorm running means and vars
2025-08-15 18:56:34,188 -                train: [    INFO] - Test: [   0/19]  Time: 0.312 (0.312)  Loss:  1.2763 (1.2763)  Acc@1: 66.0156 (66.0156)  Acc@5: 89.6484 (89.6484)
2025-08-15 18:56:34,700 -                train: [    INFO] - Test: [  19/19]  Time: 0.009 (0.041)  Loss:  1.2111 (1.3018)  Acc@1: 66.1765 (65.0700)  Acc@5: 90.0735 (90.0200)
2025-08-15 18:56:34,985 - timm.utils.checkpoint_saver: [    INFO] - Current checkpoints:
 ('./output/train/20250815-182626-resnet18-224/checkpoint/checkpoint-100.pth.tar', 67.73000004882813)
 ('./output/train/20250815-182626-resnet18-224/checkpoint/checkpoint-88.pth.tar', 65.84999985351563)
 ('./output/train/20250815-182626-resnet18-224/checkpoint/checkpoint-86.pth.tar', 65.66999992675781)
 ('./output/train/20250815-182626-resnet18-224/checkpoint/checkpoint-99.pth.tar', 65.63000002441406)
 ('./output/train/20250815-182626-resnet18-224/checkpoint/checkpoint-97.pth.tar', 65.43999995727539)
 ('./output/train/20250815-182626-resnet18-224/checkpoint/checkpoint-96.pth.tar', 65.26999995117187)
 ('./output/train/20250815-182626-resnet18-224/checkpoint/checkpoint-103.pth.tar', 65.06999992675782)
 ('./output/train/20250815-182626-resnet18-224/checkpoint/checkpoint-91.pth.tar', 64.7599999633789)
 ('./output/train/20250815-182626-resnet18-224/checkpoint/checkpoint-84.pth.tar', 64.71999995727539)
 ('./output/train/20250815-182626-resnet18-224/checkpoint/checkpoint-94.pth.tar', 64.68999997558593)

2025-08-15 18:56:35,266 -                train: [    INFO] - Train: 104 [   0/97 (  0%)]  Loss: 151.0 (151.)  Loss_feat: 149.1 (149.)  Loss_gt: 1.918 (1.92) LR: 3.685e-02
2025-08-15 18:56:51,229 -                train: [    INFO] - Train: 104 [  96/97 (100%)]  Loss: 151.3 (151.)  Loss_feat: 149.4 (149.)  Loss_gt: 1.951 (1.93) LR: 3.685e-02
2025-08-15 18:56:51,229 -                train: [    INFO] - Distributing BatchNorm running means and vars
2025-08-15 18:56:51,578 -                train: [    INFO] - Test: [   0/19]  Time: 0.345 (0.345)  Loss:  1.2907 (1.2907)  Acc@1: 63.2812 (63.2812)  Acc@5: 90.2344 (90.2344)
2025-08-15 18:56:52,046 -                train: [    INFO] - Test: [  19/19]  Time: 0.009 (0.041)  Loss:  1.3166 (1.3105)  Acc@1: 63.6029 (64.3400)  Acc@5: 91.5441 (90.1600)
2025-08-15 18:56:52,580 -                train: [    INFO] - Train: 105 [   0/97 (  0%)]  Loss: 150.3 (150.)  Loss_feat: 148.4 (148.)  Loss_gt: 1.909 (1.91) LR: 3.662e-02
2025-08-15 18:57:08,557 -                train: [    INFO] - Train: 105 [  96/97 (100%)]  Loss: 150.8 (151.)  Loss_feat: 148.8 (149.)  Loss_gt: 2.009 (1.96) LR: 3.662e-02
2025-08-15 18:57:08,557 -                train: [    INFO] - Distributing BatchNorm running means and vars
2025-08-15 18:57:08,915 -                train: [    INFO] - Test: [   0/19]  Time: 0.354 (0.354)  Loss:  1.3134 (1.3134)  Acc@1: 65.2344 (65.2344)  Acc@5: 88.8672 (88.8672)
2025-08-15 18:57:09,411 -                train: [    INFO] - Test: [  19/19]  Time: 0.009 (0.043)  Loss:  1.2686 (1.3252)  Acc@1: 66.5441 (64.9900)  Acc@5: 91.9118 (89.9800)
2025-08-15 18:57:09,640 - timm.utils.checkpoint_saver: [    INFO] - Current checkpoints:
 ('./output/train/20250815-182626-resnet18-224/checkpoint/checkpoint-100.pth.tar', 67.73000004882813)
 ('./output/train/20250815-182626-resnet18-224/checkpoint/checkpoint-88.pth.tar', 65.84999985351563)
 ('./output/train/20250815-182626-resnet18-224/checkpoint/checkpoint-86.pth.tar', 65.66999992675781)
 ('./output/train/20250815-182626-resnet18-224/checkpoint/checkpoint-99.pth.tar', 65.63000002441406)
 ('./output/train/20250815-182626-resnet18-224/checkpoint/checkpoint-97.pth.tar', 65.43999995727539)
 ('./output/train/20250815-182626-resnet18-224/checkpoint/checkpoint-96.pth.tar', 65.26999995117187)
 ('./output/train/20250815-182626-resnet18-224/checkpoint/checkpoint-103.pth.tar', 65.06999992675782)
 ('./output/train/20250815-182626-resnet18-224/checkpoint/checkpoint-105.pth.tar', 64.99000008544922)
 ('./output/train/20250815-182626-resnet18-224/checkpoint/checkpoint-91.pth.tar', 64.7599999633789)
 ('./output/train/20250815-182626-resnet18-224/checkpoint/checkpoint-84.pth.tar', 64.71999995727539)

2025-08-15 18:57:09,979 -                train: [    INFO] - Train: 106 [   0/97 (  0%)]  Loss: 148.9 (149.)  Loss_feat: 147.0 (147.)  Loss_gt: 1.907 (1.91) LR: 3.639e-02
2025-08-15 18:57:25,924 -                train: [    INFO] - Train: 106 [  96/97 (100%)]  Loss: 150.1 (150.)  Loss_feat: 148.1 (148.)  Loss_gt: 1.977 (1.94) LR: 3.639e-02
2025-08-15 18:57:25,925 -                train: [    INFO] - Distributing BatchNorm running means and vars
2025-08-15 18:57:26,276 -                train: [    INFO] - Test: [   0/19]  Time: 0.348 (0.348)  Loss:  1.2518 (1.2518)  Acc@1: 68.9453 (68.9453)  Acc@5: 90.2344 (90.2344)
2025-08-15 18:57:26,766 -                train: [    INFO] - Test: [  19/19]  Time: 0.009 (0.042)  Loss:  1.3037 (1.3150)  Acc@1: 63.9706 (64.8400)  Acc@5: 90.0735 (90.4000)
2025-08-15 18:57:27,060 - timm.utils.checkpoint_saver: [    INFO] - Current checkpoints:
 ('./output/train/20250815-182626-resnet18-224/checkpoint/checkpoint-100.pth.tar', 67.73000004882813)
 ('./output/train/20250815-182626-resnet18-224/checkpoint/checkpoint-88.pth.tar', 65.84999985351563)
 ('./output/train/20250815-182626-resnet18-224/checkpoint/checkpoint-86.pth.tar', 65.66999992675781)
 ('./output/train/20250815-182626-resnet18-224/checkpoint/checkpoint-99.pth.tar', 65.63000002441406)
 ('./output/train/20250815-182626-resnet18-224/checkpoint/checkpoint-97.pth.tar', 65.43999995727539)
 ('./output/train/20250815-182626-resnet18-224/checkpoint/checkpoint-96.pth.tar', 65.26999995117187)
 ('./output/train/20250815-182626-resnet18-224/checkpoint/checkpoint-103.pth.tar', 65.06999992675782)
 ('./output/train/20250815-182626-resnet18-224/checkpoint/checkpoint-105.pth.tar', 64.99000008544922)
 ('./output/train/20250815-182626-resnet18-224/checkpoint/checkpoint-106.pth.tar', 64.83999990844727)
 ('./output/train/20250815-182626-resnet18-224/checkpoint/checkpoint-91.pth.tar', 64.7599999633789)

2025-08-15 18:57:27,349 -                train: [    INFO] - Train: 107 [   0/97 (  0%)]  Loss: 148.3 (148.)  Loss_feat: 146.4 (146.)  Loss_gt: 1.929 (1.93) LR: 3.616e-02
2025-08-15 18:57:43,305 -                train: [    INFO] - Train: 107 [  96/97 (100%)]  Loss: 148.2 (148.)  Loss_feat: 146.1 (146.)  Loss_gt: 2.017 (1.97) LR: 3.616e-02
2025-08-15 18:57:43,306 -                train: [    INFO] - Distributing BatchNorm running means and vars
2025-08-15 18:57:43,671 -                train: [    INFO] - Test: [   0/19]  Time: 0.362 (0.362)  Loss:  1.2906 (1.2906)  Acc@1: 66.9922 (66.9922)  Acc@5: 90.4297 (90.4297)
2025-08-15 18:57:44,152 -                train: [    INFO] - Test: [  19/19]  Time: 0.009 (0.042)  Loss:  1.3565 (1.2855)  Acc@1: 64.3382 (65.8500)  Acc@5: 87.5000 (90.3500)
2025-08-15 18:57:44,500 - timm.utils.checkpoint_saver: [    INFO] - Current checkpoints:
 ('./output/train/20250815-182626-resnet18-224/checkpoint/checkpoint-100.pth.tar', 67.73000004882813)
 ('./output/train/20250815-182626-resnet18-224/checkpoint/checkpoint-107.pth.tar', 65.8499999633789)
 ('./output/train/20250815-182626-resnet18-224/checkpoint/checkpoint-88.pth.tar', 65.84999985351563)
 ('./output/train/20250815-182626-resnet18-224/checkpoint/checkpoint-86.pth.tar', 65.66999992675781)
 ('./output/train/20250815-182626-resnet18-224/checkpoint/checkpoint-99.pth.tar', 65.63000002441406)
 ('./output/train/20250815-182626-resnet18-224/checkpoint/checkpoint-97.pth.tar', 65.43999995727539)
 ('./output/train/20250815-182626-resnet18-224/checkpoint/checkpoint-96.pth.tar', 65.26999995117187)
 ('./output/train/20250815-182626-resnet18-224/checkpoint/checkpoint-103.pth.tar', 65.06999992675782)
 ('./output/train/20250815-182626-resnet18-224/checkpoint/checkpoint-105.pth.tar', 64.99000008544922)
 ('./output/train/20250815-182626-resnet18-224/checkpoint/checkpoint-106.pth.tar', 64.83999990844727)

2025-08-15 18:57:44,767 -                train: [    INFO] - Train: 108 [   0/97 (  0%)]  Loss: 147.2 (147.)  Loss_feat: 145.3 (145.)  Loss_gt: 1.906 (1.91) LR: 3.593e-02
2025-08-15 18:58:00,671 -                train: [    INFO] - Train: 108 [  96/97 (100%)]  Loss: 146.2 (147.)  Loss_feat: 144.3 (145.)  Loss_gt: 1.936 (1.92) LR: 3.593e-02
2025-08-15 18:58:00,672 -                train: [    INFO] - Distributing BatchNorm running means and vars
2025-08-15 18:58:00,980 -                train: [    INFO] - Test: [   0/19]  Time: 0.304 (0.304)  Loss:  1.2598 (1.2598)  Acc@1: 67.3828 (67.3828)  Acc@5: 89.2578 (89.2578)
2025-08-15 18:58:01,482 -                train: [    INFO] - Test: [  19/19]  Time: 0.009 (0.040)  Loss:  1.1732 (1.2366)  Acc@1: 67.6471 (66.0900)  Acc@5: 92.2794 (90.2900)
2025-08-15 18:58:01,764 - timm.utils.checkpoint_saver: [    INFO] - Current checkpoints:
 ('./output/train/20250815-182626-resnet18-224/checkpoint/checkpoint-100.pth.tar', 67.73000004882813)
 ('./output/train/20250815-182626-resnet18-224/checkpoint/checkpoint-108.pth.tar', 66.08999993896484)
 ('./output/train/20250815-182626-resnet18-224/checkpoint/checkpoint-107.pth.tar', 65.8499999633789)
 ('./output/train/20250815-182626-resnet18-224/checkpoint/checkpoint-88.pth.tar', 65.84999985351563)
 ('./output/train/20250815-182626-resnet18-224/checkpoint/checkpoint-86.pth.tar', 65.66999992675781)
 ('./output/train/20250815-182626-resnet18-224/checkpoint/checkpoint-99.pth.tar', 65.63000002441406)
 ('./output/train/20250815-182626-resnet18-224/checkpoint/checkpoint-97.pth.tar', 65.43999995727539)
 ('./output/train/20250815-182626-resnet18-224/checkpoint/checkpoint-96.pth.tar', 65.26999995117187)
 ('./output/train/20250815-182626-resnet18-224/checkpoint/checkpoint-103.pth.tar', 65.06999992675782)
 ('./output/train/20250815-182626-resnet18-224/checkpoint/checkpoint-105.pth.tar', 64.99000008544922)

2025-08-15 18:58:02,056 -                train: [    INFO] - Train: 109 [   0/97 (  0%)]  Loss: 145.8 (146.)  Loss_feat: 144.0 (144.)  Loss_gt: 1.860 (1.86) LR: 3.570e-02
2025-08-15 18:58:17,998 -                train: [    INFO] - Train: 109 [  96/97 (100%)]  Loss: 147.4 (147.)  Loss_feat: 145.4 (145.)  Loss_gt: 1.991 (1.93) LR: 3.570e-02
2025-08-15 18:58:17,999 -                train: [    INFO] - Distributing BatchNorm running means and vars
2025-08-15 18:58:18,392 -                train: [    INFO] - Test: [   0/19]  Time: 0.389 (0.389)  Loss:  1.2927 (1.2927)  Acc@1: 66.9922 (66.9922)  Acc@5: 90.0391 (90.0391)
2025-08-15 18:58:18,846 -                train: [    INFO] - Test: [  19/19]  Time: 0.009 (0.042)  Loss:  1.3234 (1.3280)  Acc@1: 65.8088 (64.9200)  Acc@5: 90.0735 (89.8000)
2025-08-15 18:58:19,421 -                train: [    INFO] - Train: 110 [   0/97 (  0%)]  Loss: 143.7 (144.)  Loss_feat: 141.8 (142.)  Loss_gt: 1.929 (1.93) LR: 3.547e-02
2025-08-15 18:58:35,348 -                train: [    INFO] - Train: 110 [  96/97 (100%)]  Loss: 144.7 (144.)  Loss_feat: 142.7 (142.)  Loss_gt: 1.948 (1.94) LR: 3.547e-02
2025-08-15 18:58:35,348 -                train: [    INFO] - Distributing BatchNorm running means and vars
2025-08-15 18:58:35,755 -                train: [    INFO] - Test: [   0/19]  Time: 0.403 (0.403)  Loss:  1.1876 (1.1876)  Acc@1: 67.9688 (67.9688)  Acc@5: 90.4297 (90.4297)
2025-08-15 18:58:36,220 -                train: [    INFO] - Test: [  19/19]  Time: 0.009 (0.043)  Loss:  1.1671 (1.2061)  Acc@1: 69.4853 (66.7900)  Acc@5: 91.5441 (91.3000)
2025-08-15 18:58:36,696 - timm.utils.checkpoint_saver: [    INFO] - Current checkpoints:
 ('./output/train/20250815-182626-resnet18-224/checkpoint/checkpoint-100.pth.tar', 67.73000004882813)
 ('./output/train/20250815-182626-resnet18-224/checkpoint/checkpoint-110.pth.tar', 66.78999990234375)
 ('./output/train/20250815-182626-resnet18-224/checkpoint/checkpoint-108.pth.tar', 66.08999993896484)
 ('./output/train/20250815-182626-resnet18-224/checkpoint/checkpoint-107.pth.tar', 65.8499999633789)
 ('./output/train/20250815-182626-resnet18-224/checkpoint/checkpoint-88.pth.tar', 65.84999985351563)
 ('./output/train/20250815-182626-resnet18-224/checkpoint/checkpoint-86.pth.tar', 65.66999992675781)
 ('./output/train/20250815-182626-resnet18-224/checkpoint/checkpoint-99.pth.tar', 65.63000002441406)
 ('./output/train/20250815-182626-resnet18-224/checkpoint/checkpoint-97.pth.tar', 65.43999995727539)
 ('./output/train/20250815-182626-resnet18-224/checkpoint/checkpoint-96.pth.tar', 65.26999995117187)
 ('./output/train/20250815-182626-resnet18-224/checkpoint/checkpoint-103.pth.tar', 65.06999992675782)

2025-08-15 18:58:36,957 -                train: [    INFO] - Train: 111 [   0/97 (  0%)]  Loss: 144.9 (145.)  Loss_feat: 142.9 (143.)  Loss_gt: 1.954 (1.95) LR: 3.523e-02
2025-08-15 18:58:52,894 -                train: [    INFO] - Train: 111 [  96/97 (100%)]  Loss: 144.9 (145.)  Loss_feat: 142.9 (143.)  Loss_gt: 1.969 (1.96) LR: 3.523e-02
2025-08-15 18:58:52,894 -                train: [    INFO] - Distributing BatchNorm running means and vars
2025-08-15 18:58:53,220 -                train: [    INFO] - Test: [   0/19]  Time: 0.322 (0.322)  Loss:  1.2582 (1.2582)  Acc@1: 67.5781 (67.5781)  Acc@5: 89.2578 (89.2578)
2025-08-15 18:58:53,731 -                train: [    INFO] - Test: [  19/19]  Time: 0.009 (0.042)  Loss:  1.3124 (1.2965)  Acc@1: 63.6029 (65.0600)  Acc@5: 88.6029 (90.2200)
2025-08-15 18:58:54,310 -                train: [    INFO] - Train: 112 [   0/97 (  0%)]  Loss: 143.2 (143.)  Loss_feat: 141.3 (141.)  Loss_gt: 1.913 (1.91) LR: 3.499e-02
2025-08-15 18:59:10,217 -                train: [    INFO] - Train: 112 [  96/97 (100%)]  Loss: 143.6 (143.)  Loss_feat: 141.6 (141.)  Loss_gt: 1.952 (1.93) LR: 3.499e-02
2025-08-15 18:59:10,218 -                train: [    INFO] - Distributing BatchNorm running means and vars
2025-08-15 18:59:10,531 -                train: [    INFO] - Test: [   0/19]  Time: 0.310 (0.310)  Loss:  1.2100 (1.2100)  Acc@1: 68.1641 (68.1641)  Acc@5: 90.6250 (90.6250)
2025-08-15 18:59:11,050 -                train: [    INFO] - Test: [  19/19]  Time: 0.009 (0.041)  Loss:  1.0899 (1.1857)  Acc@1: 71.6912 (67.4300)  Acc@5: 91.9118 (91.6700)
2025-08-15 18:59:11,300 - timm.utils.checkpoint_saver: [    INFO] - Current checkpoints:
 ('./output/train/20250815-182626-resnet18-224/checkpoint/checkpoint-100.pth.tar', 67.73000004882813)
 ('./output/train/20250815-182626-resnet18-224/checkpoint/checkpoint-112.pth.tar', 67.43000002441406)
 ('./output/train/20250815-182626-resnet18-224/checkpoint/checkpoint-110.pth.tar', 66.78999990234375)
 ('./output/train/20250815-182626-resnet18-224/checkpoint/checkpoint-108.pth.tar', 66.08999993896484)
 ('./output/train/20250815-182626-resnet18-224/checkpoint/checkpoint-107.pth.tar', 65.8499999633789)
 ('./output/train/20250815-182626-resnet18-224/checkpoint/checkpoint-88.pth.tar', 65.84999985351563)
 ('./output/train/20250815-182626-resnet18-224/checkpoint/checkpoint-86.pth.tar', 65.66999992675781)
 ('./output/train/20250815-182626-resnet18-224/checkpoint/checkpoint-99.pth.tar', 65.63000002441406)
 ('./output/train/20250815-182626-resnet18-224/checkpoint/checkpoint-97.pth.tar', 65.43999995727539)
 ('./output/train/20250815-182626-resnet18-224/checkpoint/checkpoint-96.pth.tar', 65.26999995117187)

2025-08-15 18:59:11,580 -                train: [    INFO] - Train: 113 [   0/97 (  0%)]  Loss: 142.0 (142.)  Loss_feat: 140.1 (140.)  Loss_gt: 1.889 (1.89) LR: 3.476e-02
2025-08-15 18:59:27,495 -                train: [    INFO] - Train: 113 [  96/97 (100%)]  Loss: 142.0 (142.)  Loss_feat: 140.1 (140.)  Loss_gt: 1.917 (1.90) LR: 3.476e-02
2025-08-15 18:59:27,496 -                train: [    INFO] - Distributing BatchNorm running means and vars
2025-08-15 18:59:27,840 -                train: [    INFO] - Test: [   0/19]  Time: 0.341 (0.341)  Loss:  1.3169 (1.3169)  Acc@1: 65.4297 (65.4297)  Acc@5: 88.8672 (88.8672)
2025-08-15 18:59:28,329 -                train: [    INFO] - Test: [  19/19]  Time: 0.009 (0.042)  Loss:  1.3062 (1.2822)  Acc@1: 63.2353 (65.8000)  Acc@5: 91.1765 (90.3500)
2025-08-15 18:59:28,639 - timm.utils.checkpoint_saver: [    INFO] - Current checkpoints:
 ('./output/train/20250815-182626-resnet18-224/checkpoint/checkpoint-100.pth.tar', 67.73000004882813)
 ('./output/train/20250815-182626-resnet18-224/checkpoint/checkpoint-112.pth.tar', 67.43000002441406)
 ('./output/train/20250815-182626-resnet18-224/checkpoint/checkpoint-110.pth.tar', 66.78999990234375)
 ('./output/train/20250815-182626-resnet18-224/checkpoint/checkpoint-108.pth.tar', 66.08999993896484)
 ('./output/train/20250815-182626-resnet18-224/checkpoint/checkpoint-107.pth.tar', 65.8499999633789)
 ('./output/train/20250815-182626-resnet18-224/checkpoint/checkpoint-88.pth.tar', 65.84999985351563)
 ('./output/train/20250815-182626-resnet18-224/checkpoint/checkpoint-113.pth.tar', 65.80000000610352)
 ('./output/train/20250815-182626-resnet18-224/checkpoint/checkpoint-86.pth.tar', 65.66999992675781)
 ('./output/train/20250815-182626-resnet18-224/checkpoint/checkpoint-99.pth.tar', 65.63000002441406)
 ('./output/train/20250815-182626-resnet18-224/checkpoint/checkpoint-97.pth.tar', 65.43999995727539)

2025-08-15 18:59:28,918 -                train: [    INFO] - Train: 114 [   0/97 (  0%)]  Loss: 140.4 (140.)  Loss_feat: 138.6 (139.)  Loss_gt: 1.848 (1.85) LR: 3.452e-02
2025-08-15 18:59:44,833 -                train: [    INFO] - Train: 114 [  96/97 (100%)]  Loss: 140.9 (141.)  Loss_feat: 138.9 (139.)  Loss_gt: 1.960 (1.90) LR: 3.452e-02
2025-08-15 18:59:44,834 -                train: [    INFO] - Distributing BatchNorm running means and vars
2025-08-15 18:59:45,197 -                train: [    INFO] - Test: [   0/19]  Time: 0.360 (0.360)  Loss:  1.1671 (1.1671)  Acc@1: 68.1641 (68.1641)  Acc@5: 90.6250 (90.6250)
2025-08-15 18:59:45,699 -                train: [    INFO] - Test: [  19/19]  Time: 0.009 (0.043)  Loss:  1.2030 (1.2183)  Acc@1: 71.3235 (66.6900)  Acc@5: 91.5441 (91.4400)
2025-08-15 18:59:46,127 - timm.utils.checkpoint_saver: [    INFO] - Current checkpoints:
 ('./output/train/20250815-182626-resnet18-224/checkpoint/checkpoint-100.pth.tar', 67.73000004882813)
 ('./output/train/20250815-182626-resnet18-224/checkpoint/checkpoint-112.pth.tar', 67.43000002441406)
 ('./output/train/20250815-182626-resnet18-224/checkpoint/checkpoint-110.pth.tar', 66.78999990234375)
 ('./output/train/20250815-182626-resnet18-224/checkpoint/checkpoint-114.pth.tar', 66.69000007324219)
 ('./output/train/20250815-182626-resnet18-224/checkpoint/checkpoint-108.pth.tar', 66.08999993896484)
 ('./output/train/20250815-182626-resnet18-224/checkpoint/checkpoint-107.pth.tar', 65.8499999633789)
 ('./output/train/20250815-182626-resnet18-224/checkpoint/checkpoint-88.pth.tar', 65.84999985351563)
 ('./output/train/20250815-182626-resnet18-224/checkpoint/checkpoint-113.pth.tar', 65.80000000610352)
 ('./output/train/20250815-182626-resnet18-224/checkpoint/checkpoint-86.pth.tar', 65.66999992675781)
 ('./output/train/20250815-182626-resnet18-224/checkpoint/checkpoint-99.pth.tar', 65.63000002441406)

2025-08-15 18:59:46,394 -                train: [    INFO] - Train: 115 [   0/97 (  0%)]  Loss: 140.8 (141.)  Loss_feat: 138.9 (139.)  Loss_gt: 1.848 (1.85) LR: 3.428e-02
2025-08-15 19:00:02,304 -                train: [    INFO] - Train: 115 [  96/97 (100%)]  Loss: 140.7 (141.)  Loss_feat: 138.7 (139.)  Loss_gt: 1.972 (1.91) LR: 3.428e-02
2025-08-15 19:00:02,305 -                train: [    INFO] - Distributing BatchNorm running means and vars
2025-08-15 19:00:02,610 -                train: [    INFO] - Test: [   0/19]  Time: 0.303 (0.303)  Loss:  1.2400 (1.2400)  Acc@1: 65.2344 (65.2344)  Acc@5: 90.4297 (90.4297)
2025-08-15 19:00:03,121 -                train: [    INFO] - Test: [  19/19]  Time: 0.009 (0.041)  Loss:  1.2725 (1.2798)  Acc@1: 63.9706 (65.6000)  Acc@5: 88.9706 (90.4500)
2025-08-15 19:00:03,761 -                train: [    INFO] - Train: 116 [   0/97 (  0%)]  Loss: 138.6 (139.)  Loss_feat: 136.7 (137.)  Loss_gt: 1.837 (1.84) LR: 3.404e-02
2025-08-15 19:00:19,697 -                train: [    INFO] - Train: 116 [  96/97 (100%)]  Loss: 139.5 (139.)  Loss_feat: 137.5 (137.)  Loss_gt: 2.040 (1.94) LR: 3.404e-02
2025-08-15 19:00:19,697 -                train: [    INFO] - Distributing BatchNorm running means and vars
2025-08-15 19:00:20,030 -                train: [    INFO] - Test: [   0/19]  Time: 0.329 (0.329)  Loss:  1.2582 (1.2582)  Acc@1: 64.4531 (64.4531)  Acc@5: 89.6484 (89.6484)
2025-08-15 19:00:20,507 -                train: [    INFO] - Test: [  19/19]  Time: 0.009 (0.040)  Loss:  1.1691 (1.2464)  Acc@1: 67.6471 (65.3500)  Acc@5: 91.9118 (90.6300)
2025-08-15 19:00:21,088 -                train: [    INFO] - Train: 117 [   0/97 (  0%)]  Loss: 137.4 (137.)  Loss_feat: 135.5 (136.)  Loss_gt: 1.844 (1.84) LR: 3.380e-02
2025-08-15 19:00:36,997 -                train: [    INFO] - Train: 117 [  96/97 (100%)]  Loss: 137.7 (138.)  Loss_feat: 135.8 (136.)  Loss_gt: 1.918 (1.88) LR: 3.380e-02
2025-08-15 19:00:36,997 -                train: [    INFO] - Distributing BatchNorm running means and vars
2025-08-15 19:00:37,337 -                train: [    INFO] - Test: [   0/19]  Time: 0.337 (0.337)  Loss:  1.2230 (1.2230)  Acc@1: 67.3828 (67.3828)  Acc@5: 90.4297 (90.4297)
2025-08-15 19:00:37,840 -                train: [    INFO] - Test: [  19/19]  Time: 0.009 (0.042)  Loss:  1.2243 (1.2330)  Acc@1: 66.9118 (67.2400)  Acc@5: 91.1765 (91.1300)
2025-08-15 19:00:38,179 - timm.utils.checkpoint_saver: [    INFO] - Current checkpoints:
 ('./output/train/20250815-182626-resnet18-224/checkpoint/checkpoint-100.pth.tar', 67.73000004882813)
 ('./output/train/20250815-182626-resnet18-224/checkpoint/checkpoint-112.pth.tar', 67.43000002441406)
 ('./output/train/20250815-182626-resnet18-224/checkpoint/checkpoint-117.pth.tar', 67.2400000366211)
 ('./output/train/20250815-182626-resnet18-224/checkpoint/checkpoint-110.pth.tar', 66.78999990234375)
 ('./output/train/20250815-182626-resnet18-224/checkpoint/checkpoint-114.pth.tar', 66.69000007324219)
 ('./output/train/20250815-182626-resnet18-224/checkpoint/checkpoint-108.pth.tar', 66.08999993896484)
 ('./output/train/20250815-182626-resnet18-224/checkpoint/checkpoint-107.pth.tar', 65.8499999633789)
 ('./output/train/20250815-182626-resnet18-224/checkpoint/checkpoint-88.pth.tar', 65.84999985351563)
 ('./output/train/20250815-182626-resnet18-224/checkpoint/checkpoint-113.pth.tar', 65.80000000610352)
 ('./output/train/20250815-182626-resnet18-224/checkpoint/checkpoint-86.pth.tar', 65.66999992675781)

2025-08-15 19:00:38,442 -                train: [    INFO] - Train: 118 [   0/97 (  0%)]  Loss: 137.7 (138.)  Loss_feat: 135.8 (136.)  Loss_gt: 1.900 (1.90) LR: 3.356e-02
2025-08-15 19:00:54,406 -                train: [    INFO] - Train: 118 [  96/97 (100%)]  Loss: 137.2 (137.)  Loss_feat: 135.2 (136.)  Loss_gt: 1.977 (1.94) LR: 3.356e-02
2025-08-15 19:00:54,407 -                train: [    INFO] - Distributing BatchNorm running means and vars
2025-08-15 19:00:54,726 -                train: [    INFO] - Test: [   0/19]  Time: 0.315 (0.315)  Loss:  1.2449 (1.2449)  Acc@1: 65.0391 (65.0391)  Acc@5: 90.8203 (90.8203)
2025-08-15 19:00:55,243 -                train: [    INFO] - Test: [  19/19]  Time: 0.009 (0.042)  Loss:  1.2182 (1.2272)  Acc@1: 65.8088 (66.8600)  Acc@5: 90.4412 (91.0500)
2025-08-15 19:00:55,532 - timm.utils.checkpoint_saver: [    INFO] - Current checkpoints:
 ('./output/train/20250815-182626-resnet18-224/checkpoint/checkpoint-100.pth.tar', 67.73000004882813)
 ('./output/train/20250815-182626-resnet18-224/checkpoint/checkpoint-112.pth.tar', 67.43000002441406)
 ('./output/train/20250815-182626-resnet18-224/checkpoint/checkpoint-117.pth.tar', 67.2400000366211)
 ('./output/train/20250815-182626-resnet18-224/checkpoint/checkpoint-118.pth.tar', 66.85999997558594)
 ('./output/train/20250815-182626-resnet18-224/checkpoint/checkpoint-110.pth.tar', 66.78999990234375)
 ('./output/train/20250815-182626-resnet18-224/checkpoint/checkpoint-114.pth.tar', 66.69000007324219)
 ('./output/train/20250815-182626-resnet18-224/checkpoint/checkpoint-108.pth.tar', 66.08999993896484)
 ('./output/train/20250815-182626-resnet18-224/checkpoint/checkpoint-107.pth.tar', 65.8499999633789)
 ('./output/train/20250815-182626-resnet18-224/checkpoint/checkpoint-88.pth.tar', 65.84999985351563)
 ('./output/train/20250815-182626-resnet18-224/checkpoint/checkpoint-113.pth.tar', 65.80000000610352)

2025-08-15 19:00:55,812 -                train: [    INFO] - Train: 119 [   0/97 (  0%)]  Loss: 136.2 (136.)  Loss_feat: 134.4 (134.)  Loss_gt: 1.809 (1.81) LR: 3.331e-02
2025-08-15 19:01:11,690 -                train: [    INFO] - Train: 119 [  96/97 (100%)]  Loss: 137.6 (137.)  Loss_feat: 135.6 (135.)  Loss_gt: 1.955 (1.88) LR: 3.331e-02
2025-08-15 19:01:11,691 -                train: [    INFO] - Distributing BatchNorm running means and vars
2025-08-15 19:01:12,000 -                train: [    INFO] - Test: [   0/19]  Time: 0.306 (0.306)  Loss:  1.1445 (1.1445)  Acc@1: 68.3594 (68.3594)  Acc@5: 91.6016 (91.6016)
2025-08-15 19:01:12,492 -                train: [    INFO] - Test: [  19/19]  Time: 0.009 (0.040)  Loss:  1.1558 (1.1803)  Acc@1: 69.1176 (67.2500)  Acc@5: 93.7500 (91.7700)
2025-08-15 19:01:12,760 - timm.utils.checkpoint_saver: [    INFO] - Current checkpoints:
 ('./output/train/20250815-182626-resnet18-224/checkpoint/checkpoint-100.pth.tar', 67.73000004882813)
 ('./output/train/20250815-182626-resnet18-224/checkpoint/checkpoint-112.pth.tar', 67.43000002441406)
 ('./output/train/20250815-182626-resnet18-224/checkpoint/checkpoint-119.pth.tar', 67.24999995117187)
 ('./output/train/20250815-182626-resnet18-224/checkpoint/checkpoint-117.pth.tar', 67.2400000366211)
 ('./output/train/20250815-182626-resnet18-224/checkpoint/checkpoint-118.pth.tar', 66.85999997558594)
 ('./output/train/20250815-182626-resnet18-224/checkpoint/checkpoint-110.pth.tar', 66.78999990234375)
 ('./output/train/20250815-182626-resnet18-224/checkpoint/checkpoint-114.pth.tar', 66.69000007324219)
 ('./output/train/20250815-182626-resnet18-224/checkpoint/checkpoint-108.pth.tar', 66.08999993896484)
 ('./output/train/20250815-182626-resnet18-224/checkpoint/checkpoint-107.pth.tar', 65.8499999633789)
 ('./output/train/20250815-182626-resnet18-224/checkpoint/checkpoint-88.pth.tar', 65.84999985351563)

2025-08-15 19:01:13,057 -                train: [    INFO] - Train: 120 [   0/97 (  0%)]  Loss: 135.4 (135.)  Loss_feat: 133.5 (134.)  Loss_gt: 1.905 (1.91) LR: 3.307e-02
2025-08-15 19:01:28,996 -                train: [    INFO] - Train: 120 [  96/97 (100%)]  Loss: 136.3 (136.)  Loss_feat: 134.4 (134.)  Loss_gt: 1.945 (1.93) LR: 3.307e-02
2025-08-15 19:01:28,996 -                train: [    INFO] - Distributing BatchNorm running means and vars
2025-08-15 19:01:29,304 -                train: [    INFO] - Test: [   0/19]  Time: 0.305 (0.305)  Loss:  1.3509 (1.3509)  Acc@1: 65.0391 (65.0391)  Acc@5: 86.9141 (86.9141)
2025-08-15 19:01:29,814 -                train: [    INFO] - Test: [  19/19]  Time: 0.009 (0.041)  Loss:  1.4202 (1.4383)  Acc@1: 60.6618 (61.5800)  Acc@5: 87.8676 (87.0500)
2025-08-15 19:01:30,386 -                train: [    INFO] - Train: 121 [   0/97 (  0%)]  Loss: 134.5 (135.)  Loss_feat: 132.6 (133.)  Loss_gt: 1.979 (1.98) LR: 3.283e-02
2025-08-15 19:01:46,314 -                train: [    INFO] - Train: 121 [  96/97 (100%)]  Loss: 133.9 (134.)  Loss_feat: 132.0 (132.)  Loss_gt: 1.918 (1.95) LR: 3.283e-02
2025-08-15 19:01:46,315 -                train: [    INFO] - Distributing BatchNorm running means and vars
2025-08-15 19:01:46,640 -                train: [    INFO] - Test: [   0/19]  Time: 0.322 (0.322)  Loss:  1.1509 (1.1509)  Acc@1: 68.3594 (68.3594)  Acc@5: 91.6016 (91.6016)
2025-08-15 19:01:47,140 -                train: [    INFO] - Test: [  19/19]  Time: 0.009 (0.041)  Loss:  1.1351 (1.1835)  Acc@1: 67.2794 (67.4900)  Acc@5: 93.0147 (91.7100)
2025-08-15 19:01:47,400 - timm.utils.checkpoint_saver: [    INFO] - Current checkpoints:
 ('./output/train/20250815-182626-resnet18-224/checkpoint/checkpoint-100.pth.tar', 67.73000004882813)
 ('./output/train/20250815-182626-resnet18-224/checkpoint/checkpoint-121.pth.tar', 67.48999998779297)
 ('./output/train/20250815-182626-resnet18-224/checkpoint/checkpoint-112.pth.tar', 67.43000002441406)
 ('./output/train/20250815-182626-resnet18-224/checkpoint/checkpoint-119.pth.tar', 67.24999995117187)
 ('./output/train/20250815-182626-resnet18-224/checkpoint/checkpoint-117.pth.tar', 67.2400000366211)
 ('./output/train/20250815-182626-resnet18-224/checkpoint/checkpoint-118.pth.tar', 66.85999997558594)
 ('./output/train/20250815-182626-resnet18-224/checkpoint/checkpoint-110.pth.tar', 66.78999990234375)
 ('./output/train/20250815-182626-resnet18-224/checkpoint/checkpoint-114.pth.tar', 66.69000007324219)
 ('./output/train/20250815-182626-resnet18-224/checkpoint/checkpoint-108.pth.tar', 66.08999993896484)
 ('./output/train/20250815-182626-resnet18-224/checkpoint/checkpoint-107.pth.tar', 65.8499999633789)

2025-08-15 19:01:47,733 -                train: [    INFO] - Train: 122 [   0/97 (  0%)]  Loss: 132.5 (133.)  Loss_feat: 130.8 (131.)  Loss_gt: 1.702 (1.70) LR: 3.258e-02
2025-08-15 19:02:03,701 -                train: [    INFO] - Train: 122 [  96/97 (100%)]  Loss: 133.0 (133.)  Loss_feat: 131.1 (131.)  Loss_gt: 1.903 (1.80) LR: 3.258e-02
2025-08-15 19:02:03,701 -                train: [    INFO] - Distributing BatchNorm running means and vars
2025-08-15 19:02:04,048 -                train: [    INFO] - Test: [   0/19]  Time: 0.316 (0.316)  Loss:  1.3088 (1.3088)  Acc@1: 64.4531 (64.4531)  Acc@5: 90.0391 (90.0391)
2025-08-15 19:02:04,522 -                train: [    INFO] - Test: [  19/19]  Time: 0.009 (0.040)  Loss:  1.3147 (1.3253)  Acc@1: 67.2794 (64.8300)  Acc@5: 88.9706 (90.0400)
2025-08-15 19:02:05,111 -                train: [    INFO] - Train: 123 [   0/97 (  0%)]  Loss: 133.2 (133.)  Loss_feat: 131.4 (131.)  Loss_gt: 1.811 (1.81) LR: 3.234e-02
2025-08-15 19:02:21,082 -                train: [    INFO] - Train: 123 [  96/97 (100%)]  Loss: 131.9 (133.)  Loss_feat: 130.0 (131.)  Loss_gt: 1.942 (1.88) LR: 3.234e-02
2025-08-15 19:02:21,083 -                train: [    INFO] - Distributing BatchNorm running means and vars
2025-08-15 19:02:21,463 -                train: [    INFO] - Test: [   0/19]  Time: 0.377 (0.377)  Loss:  1.2759 (1.2759)  Acc@1: 66.9922 (66.9922)  Acc@5: 89.8438 (89.8438)
2025-08-15 19:02:21,946 -                train: [    INFO] - Test: [  19/19]  Time: 0.009 (0.043)  Loss:  1.3030 (1.3360)  Acc@1: 66.5441 (65.8800)  Acc@5: 89.3382 (89.7900)
2025-08-15 19:02:22,344 - timm.utils.checkpoint_saver: [    INFO] - Current checkpoints:
 ('./output/train/20250815-182626-resnet18-224/checkpoint/checkpoint-100.pth.tar', 67.73000004882813)
 ('./output/train/20250815-182626-resnet18-224/checkpoint/checkpoint-121.pth.tar', 67.48999998779297)
 ('./output/train/20250815-182626-resnet18-224/checkpoint/checkpoint-112.pth.tar', 67.43000002441406)
 ('./output/train/20250815-182626-resnet18-224/checkpoint/checkpoint-119.pth.tar', 67.24999995117187)
 ('./output/train/20250815-182626-resnet18-224/checkpoint/checkpoint-117.pth.tar', 67.2400000366211)
 ('./output/train/20250815-182626-resnet18-224/checkpoint/checkpoint-118.pth.tar', 66.85999997558594)
 ('./output/train/20250815-182626-resnet18-224/checkpoint/checkpoint-110.pth.tar', 66.78999990234375)
 ('./output/train/20250815-182626-resnet18-224/checkpoint/checkpoint-114.pth.tar', 66.69000007324219)
 ('./output/train/20250815-182626-resnet18-224/checkpoint/checkpoint-108.pth.tar', 66.08999993896484)
 ('./output/train/20250815-182626-resnet18-224/checkpoint/checkpoint-123.pth.tar', 65.87999987792969)

2025-08-15 19:02:22,605 -                train: [    INFO] - Train: 124 [   0/97 (  0%)]  Loss: 131.2 (131.)  Loss_feat: 129.3 (129.)  Loss_gt: 1.895 (1.90) LR: 3.209e-02
2025-08-15 19:02:38,559 -                train: [    INFO] - Train: 124 [  96/97 (100%)]  Loss: 131.5 (131.)  Loss_feat: 129.7 (130.)  Loss_gt: 1.833 (1.86) LR: 3.209e-02
2025-08-15 19:02:38,559 -                train: [    INFO] - Distributing BatchNorm running means and vars
2025-08-15 19:02:38,935 -                train: [    INFO] - Test: [   0/19]  Time: 0.371 (0.371)  Loss:  1.1824 (1.1824)  Acc@1: 69.5312 (69.5312)  Acc@5: 91.4062 (91.4062)
2025-08-15 19:02:39,434 -                train: [    INFO] - Test: [  19/19]  Time: 0.009 (0.044)  Loss:  1.2227 (1.1814)  Acc@1: 68.7500 (68.3600)  Acc@5: 89.7059 (91.9100)
2025-08-15 19:02:39,750 - timm.utils.checkpoint_saver: [    INFO] - Current checkpoints:
 ('./output/train/20250815-182626-resnet18-224/checkpoint/checkpoint-124.pth.tar', 68.36)
 ('./output/train/20250815-182626-resnet18-224/checkpoint/checkpoint-100.pth.tar', 67.73000004882813)
 ('./output/train/20250815-182626-resnet18-224/checkpoint/checkpoint-121.pth.tar', 67.48999998779297)
 ('./output/train/20250815-182626-resnet18-224/checkpoint/checkpoint-112.pth.tar', 67.43000002441406)
 ('./output/train/20250815-182626-resnet18-224/checkpoint/checkpoint-119.pth.tar', 67.24999995117187)
 ('./output/train/20250815-182626-resnet18-224/checkpoint/checkpoint-117.pth.tar', 67.2400000366211)
 ('./output/train/20250815-182626-resnet18-224/checkpoint/checkpoint-118.pth.tar', 66.85999997558594)
 ('./output/train/20250815-182626-resnet18-224/checkpoint/checkpoint-110.pth.tar', 66.78999990234375)
 ('./output/train/20250815-182626-resnet18-224/checkpoint/checkpoint-114.pth.tar', 66.69000007324219)
 ('./output/train/20250815-182626-resnet18-224/checkpoint/checkpoint-108.pth.tar', 66.08999993896484)

2025-08-15 19:02:40,028 -                train: [    INFO] - Train: 125 [   0/97 (  0%)]  Loss: 129.2 (129.)  Loss_feat: 127.4 (127.)  Loss_gt: 1.828 (1.83) LR: 3.184e-02
2025-08-15 19:02:56,010 -                train: [    INFO] - Train: 125 [  96/97 (100%)]  Loss: 130.5 (130.)  Loss_feat: 128.7 (128.)  Loss_gt: 1.820 (1.82) LR: 3.184e-02
2025-08-15 19:02:56,011 -                train: [    INFO] - Distributing BatchNorm running means and vars
2025-08-15 19:02:56,336 -                train: [    INFO] - Test: [   0/19]  Time: 0.322 (0.322)  Loss:  1.2605 (1.2605)  Acc@1: 67.9688 (67.9688)  Acc@5: 89.4531 (89.4531)
2025-08-15 19:02:56,870 -                train: [    INFO] - Test: [  19/19]  Time: 0.009 (0.043)  Loss:  1.1784 (1.2598)  Acc@1: 69.1176 (66.9900)  Acc@5: 92.6471 (90.8400)
2025-08-15 19:02:57,300 - timm.utils.checkpoint_saver: [    INFO] - Current checkpoints:
 ('./output/train/20250815-182626-resnet18-224/checkpoint/checkpoint-124.pth.tar', 68.36)
 ('./output/train/20250815-182626-resnet18-224/checkpoint/checkpoint-100.pth.tar', 67.73000004882813)
 ('./output/train/20250815-182626-resnet18-224/checkpoint/checkpoint-121.pth.tar', 67.48999998779297)
 ('./output/train/20250815-182626-resnet18-224/checkpoint/checkpoint-112.pth.tar', 67.43000002441406)
 ('./output/train/20250815-182626-resnet18-224/checkpoint/checkpoint-119.pth.tar', 67.24999995117187)
 ('./output/train/20250815-182626-resnet18-224/checkpoint/checkpoint-117.pth.tar', 67.2400000366211)
 ('./output/train/20250815-182626-resnet18-224/checkpoint/checkpoint-125.pth.tar', 66.98999995117188)
 ('./output/train/20250815-182626-resnet18-224/checkpoint/checkpoint-118.pth.tar', 66.85999997558594)
 ('./output/train/20250815-182626-resnet18-224/checkpoint/checkpoint-110.pth.tar', 66.78999990234375)
 ('./output/train/20250815-182626-resnet18-224/checkpoint/checkpoint-114.pth.tar', 66.69000007324219)

2025-08-15 19:02:57,565 -                train: [    INFO] - Train: 126 [   0/97 (  0%)]  Loss: 129.2 (129.)  Loss_feat: 127.3 (127.)  Loss_gt: 1.854 (1.85) LR: 3.159e-02
2025-08-15 19:03:13,548 -                train: [    INFO] - Train: 126 [  96/97 (100%)]  Loss: 129.1 (129.)  Loss_feat: 127.2 (127.)  Loss_gt: 1.887 (1.87) LR: 3.159e-02
2025-08-15 19:03:13,548 -                train: [    INFO] - Distributing BatchNorm running means and vars
2025-08-15 19:03:13,889 -                train: [    INFO] - Test: [   0/19]  Time: 0.337 (0.337)  Loss:  1.2381 (1.2381)  Acc@1: 67.5781 (67.5781)  Acc@5: 91.9922 (91.9922)
2025-08-15 19:03:14,380 -                train: [    INFO] - Test: [  19/19]  Time: 0.009 (0.041)  Loss:  1.2583 (1.3255)  Acc@1: 67.6471 (65.1400)  Acc@5: 89.3382 (89.3500)
2025-08-15 19:03:14,924 -                train: [    INFO] - Train: 127 [   0/97 (  0%)]  Loss: 127.5 (128.)  Loss_feat: 125.7 (126.)  Loss_gt: 1.845 (1.84) LR: 3.134e-02
2025-08-15 19:03:30,884 -                train: [    INFO] - Train: 127 [  96/97 (100%)]  Loss: 128.0 (128.)  Loss_feat: 126.1 (126.)  Loss_gt: 1.932 (1.89) LR: 3.134e-02
2025-08-15 19:03:30,884 -                train: [    INFO] - Distributing BatchNorm running means and vars
2025-08-15 19:03:31,204 -                train: [    INFO] - Test: [   0/19]  Time: 0.316 (0.316)  Loss:  1.2246 (1.2246)  Acc@1: 67.5781 (67.5781)  Acc@5: 91.4062 (91.4062)
2025-08-15 19:03:31,748 -                train: [    INFO] - Test: [  19/19]  Time: 0.009 (0.043)  Loss:  1.2485 (1.2769)  Acc@1: 67.2794 (66.6000)  Acc@5: 90.4412 (90.7300)
2025-08-15 19:03:32,299 -                train: [    INFO] - Train: 128 [   0/97 (  0%)]  Loss: 126.3 (126.)  Loss_feat: 124.4 (124.)  Loss_gt: 1.937 (1.94) LR: 3.109e-02
2025-08-15 19:03:48,303 -                train: [    INFO] - Train: 128 [  96/97 (100%)]  Loss: 127.7 (127.)  Loss_feat: 125.8 (125.)  Loss_gt: 1.928 (1.93) LR: 3.109e-02
2025-08-15 19:03:48,303 -                train: [    INFO] - Distributing BatchNorm running means and vars
2025-08-15 19:03:48,680 -                train: [    INFO] - Test: [   0/19]  Time: 0.373 (0.373)  Loss:  1.2180 (1.2180)  Acc@1: 67.3828 (67.3828)  Acc@5: 90.0391 (90.0391)
2025-08-15 19:03:49,162 -                train: [    INFO] - Test: [  19/19]  Time: 0.009 (0.043)  Loss:  1.1144 (1.2281)  Acc@1: 67.6471 (66.1400)  Acc@5: 94.4853 (90.9100)
2025-08-15 19:03:49,767 -                train: [    INFO] - Train: 129 [   0/97 (  0%)]  Loss: 125.6 (126.)  Loss_feat: 123.8 (124.)  Loss_gt: 1.783 (1.78) LR: 3.084e-02
2025-08-15 19:04:05,764 -                train: [    INFO] - Train: 129 [  96/97 (100%)]  Loss: 125.9 (126.)  Loss_feat: 124.0 (124.)  Loss_gt: 1.833 (1.81) LR: 3.084e-02
2025-08-15 19:04:05,764 -                train: [    INFO] - Distributing BatchNorm running means and vars
2025-08-15 19:04:06,117 -                train: [    INFO] - Test: [   0/19]  Time: 0.350 (0.350)  Loss:  1.3095 (1.3095)  Acc@1: 67.5781 (67.5781)  Acc@5: 90.2344 (90.2344)
2025-08-15 19:04:06,607 -                train: [    INFO] - Test: [  19/19]  Time: 0.009 (0.042)  Loss:  1.2904 (1.3528)  Acc@1: 67.6471 (66.2300)  Acc@5: 92.6470 (89.8800)
2025-08-15 19:04:07,184 -                train: [    INFO] - Train: 130 [   0/97 (  0%)]  Loss: 124.8 (125.)  Loss_feat: 123.0 (123.)  Loss_gt: 1.786 (1.79) LR: 3.059e-02
2025-08-15 19:04:23,175 -                train: [    INFO] - Train: 130 [  96/97 (100%)]  Loss: 124.5 (125.)  Loss_feat: 122.7 (123.)  Loss_gt: 1.830 (1.81) LR: 3.059e-02
2025-08-15 19:04:23,176 -                train: [    INFO] - Distributing BatchNorm running means and vars
2025-08-15 19:04:23,490 -                train: [    INFO] - Test: [   0/19]  Time: 0.310 (0.310)  Loss:  1.2468 (1.2468)  Acc@1: 67.5781 (67.5781)  Acc@5: 89.6484 (89.6484)
2025-08-15 19:04:24,007 -                train: [    INFO] - Test: [  19/19]  Time: 0.009 (0.041)  Loss:  1.2004 (1.2799)  Acc@1: 65.4412 (66.3000)  Acc@5: 92.6471 (90.7800)
2025-08-15 19:04:24,590 -                train: [    INFO] - Train: 131 [   0/97 (  0%)]  Loss: 123.5 (123.)  Loss_feat: 121.7 (122.)  Loss_gt: 1.746 (1.75) LR: 3.034e-02
2025-08-15 19:04:40,591 -                train: [    INFO] - Train: 131 [  96/97 (100%)]  Loss: 123.4 (123.)  Loss_feat: 121.4 (122.)  Loss_gt: 1.979 (1.86) LR: 3.034e-02
2025-08-15 19:04:40,591 -                train: [    INFO] - Distributing BatchNorm running means and vars
2025-08-15 19:04:40,905 -                train: [    INFO] - Test: [   0/19]  Time: 0.310 (0.310)  Loss:  1.1846 (1.1846)  Acc@1: 68.3594 (68.3594)  Acc@5: 91.2109 (91.2109)
2025-08-15 19:04:41,415 -                train: [    INFO] - Test: [  19/19]  Time: 0.009 (0.041)  Loss:  1.2301 (1.2574)  Acc@1: 66.5441 (65.7700)  Acc@5: 90.0735 (90.6200)
2025-08-15 19:04:41,970 -                train: [    INFO] - Train: 132 [   0/97 (  0%)]  Loss: 122.7 (123.)  Loss_feat: 120.9 (121.)  Loss_gt: 1.767 (1.77) LR: 3.009e-02
2025-08-15 19:04:57,951 -                train: [    INFO] - Train: 132 [  96/97 (100%)]  Loss: 122.4 (123.)  Loss_feat: 120.4 (121.)  Loss_gt: 1.935 (1.85) LR: 3.009e-02
2025-08-15 19:04:57,951 -                train: [    INFO] - Distributing BatchNorm running means and vars
2025-08-15 19:04:58,219 -                train: [    INFO] - Test: [   0/19]  Time: 0.264 (0.264)  Loss:  1.2885 (1.2885)  Acc@1: 68.9453 (68.9453)  Acc@5: 90.6250 (90.6250)
2025-08-15 19:04:58,812 -                train: [    INFO] - Test: [  19/19]  Time: 0.009 (0.043)  Loss:  1.2949 (1.2903)  Acc@1: 68.7500 (66.1700)  Acc@5: 90.4412 (90.4000)
2025-08-15 19:04:59,468 -                train: [    INFO] - Train: 133 [   0/97 (  0%)]  Loss: 121.2 (121.)  Loss_feat: 119.5 (119.)  Loss_gt: 1.765 (1.76) LR: 2.984e-02
2025-08-15 19:05:15,411 -                train: [    INFO] - Train: 133 [  96/97 (100%)]  Loss: 122.0 (122.)  Loss_feat: 120.1 (120.)  Loss_gt: 1.851 (1.81) LR: 2.984e-02
2025-08-15 19:05:15,411 -                train: [    INFO] - Distributing BatchNorm running means and vars
2025-08-15 19:05:15,744 -                train: [    INFO] - Test: [   0/19]  Time: 0.329 (0.329)  Loss:  1.2741 (1.2741)  Acc@1: 68.7500 (68.7500)  Acc@5: 90.2344 (90.2344)
2025-08-15 19:05:16,247 -                train: [    INFO] - Test: [  19/19]  Time: 0.009 (0.042)  Loss:  1.1696 (1.2416)  Acc@1: 71.3235 (67.9500)  Acc@5: 92.2794 (91.9700)
2025-08-15 19:05:16,539 - timm.utils.checkpoint_saver: [    INFO] - Current checkpoints:
 ('./output/train/20250815-182626-resnet18-224/checkpoint/checkpoint-124.pth.tar', 68.36)
 ('./output/train/20250815-182626-resnet18-224/checkpoint/checkpoint-133.pth.tar', 67.94999986572266)
 ('./output/train/20250815-182626-resnet18-224/checkpoint/checkpoint-100.pth.tar', 67.73000004882813)
 ('./output/train/20250815-182626-resnet18-224/checkpoint/checkpoint-121.pth.tar', 67.48999998779297)
 ('./output/train/20250815-182626-resnet18-224/checkpoint/checkpoint-112.pth.tar', 67.43000002441406)
 ('./output/train/20250815-182626-resnet18-224/checkpoint/checkpoint-119.pth.tar', 67.24999995117187)
 ('./output/train/20250815-182626-resnet18-224/checkpoint/checkpoint-117.pth.tar', 67.2400000366211)
 ('./output/train/20250815-182626-resnet18-224/checkpoint/checkpoint-125.pth.tar', 66.98999995117188)
 ('./output/train/20250815-182626-resnet18-224/checkpoint/checkpoint-118.pth.tar', 66.85999997558594)
 ('./output/train/20250815-182626-resnet18-224/checkpoint/checkpoint-110.pth.tar', 66.78999990234375)

2025-08-15 19:05:16,832 -                train: [    INFO] - Train: 134 [   0/97 (  0%)]  Loss: 120.5 (120.)  Loss_feat: 118.7 (119.)  Loss_gt: 1.764 (1.76) LR: 2.959e-02
2025-08-15 19:05:32,792 -                train: [    INFO] - Train: 134 [  96/97 (100%)]  Loss: 119.7 (120.)  Loss_feat: 117.8 (118.)  Loss_gt: 1.916 (1.84) LR: 2.959e-02
2025-08-15 19:05:32,792 -                train: [    INFO] - Distributing BatchNorm running means and vars
2025-08-15 19:05:33,112 -                train: [    INFO] - Test: [   0/19]  Time: 0.316 (0.316)  Loss:  1.2833 (1.2833)  Acc@1: 67.3828 (67.3828)  Acc@5: 90.2344 (90.2344)
2025-08-15 19:05:33,637 -                train: [    INFO] - Test: [  19/19]  Time: 0.009 (0.042)  Loss:  1.2871 (1.2569)  Acc@1: 69.1176 (66.5200)  Acc@5: 90.4412 (90.4800)
2025-08-15 19:05:34,239 -                train: [    INFO] - Train: 135 [   0/97 (  0%)]  Loss: 119.1 (119.)  Loss_feat: 117.3 (117.)  Loss_gt: 1.765 (1.77) LR: 2.933e-02
2025-08-15 19:05:50,157 -                train: [    INFO] - Train: 135 [  96/97 (100%)]  Loss: 119.1 (119.)  Loss_feat: 117.1 (117.)  Loss_gt: 1.926 (1.85) LR: 2.933e-02
2025-08-15 19:05:50,157 -                train: [    INFO] - Distributing BatchNorm running means and vars
2025-08-15 19:05:50,530 -                train: [    INFO] - Test: [   0/19]  Time: 0.369 (0.369)  Loss:  1.1622 (1.1622)  Acc@1: 71.0938 (71.0938)  Acc@5: 91.7969 (91.7969)
2025-08-15 19:05:51,003 -                train: [    INFO] - Test: [  19/19]  Time: 0.009 (0.042)  Loss:  1.1734 (1.2034)  Acc@1: 69.1176 (68.5300)  Acc@5: 91.1765 (91.7200)
2025-08-15 19:05:51,348 - timm.utils.checkpoint_saver: [    INFO] - Current checkpoints:
 ('./output/train/20250815-182626-resnet18-224/checkpoint/checkpoint-135.pth.tar', 68.52999995117187)
 ('./output/train/20250815-182626-resnet18-224/checkpoint/checkpoint-124.pth.tar', 68.36)
 ('./output/train/20250815-182626-resnet18-224/checkpoint/checkpoint-133.pth.tar', 67.94999986572266)
 ('./output/train/20250815-182626-resnet18-224/checkpoint/checkpoint-100.pth.tar', 67.73000004882813)
 ('./output/train/20250815-182626-resnet18-224/checkpoint/checkpoint-121.pth.tar', 67.48999998779297)
 ('./output/train/20250815-182626-resnet18-224/checkpoint/checkpoint-112.pth.tar', 67.43000002441406)
 ('./output/train/20250815-182626-resnet18-224/checkpoint/checkpoint-119.pth.tar', 67.24999995117187)
 ('./output/train/20250815-182626-resnet18-224/checkpoint/checkpoint-117.pth.tar', 67.2400000366211)
 ('./output/train/20250815-182626-resnet18-224/checkpoint/checkpoint-125.pth.tar', 66.98999995117188)
 ('./output/train/20250815-182626-resnet18-224/checkpoint/checkpoint-118.pth.tar', 66.85999997558594)

2025-08-15 19:05:51,635 -                train: [    INFO] - Train: 136 [   0/97 (  0%)]  Loss: 117.7 (118.)  Loss_feat: 115.8 (116.)  Loss_gt: 1.847 (1.85) LR: 2.908e-02
2025-08-15 19:06:07,632 -                train: [    INFO] - Train: 136 [  96/97 (100%)]  Loss: 118.6 (118.)  Loss_feat: 116.7 (116.)  Loss_gt: 1.858 (1.85) LR: 2.908e-02
2025-08-15 19:06:07,632 -                train: [    INFO] - Distributing BatchNorm running means and vars
2025-08-15 19:06:07,948 -                train: [    INFO] - Test: [   0/19]  Time: 0.312 (0.312)  Loss:  1.2178 (1.2178)  Acc@1: 67.9688 (67.9688)  Acc@5: 90.6250 (90.6250)
2025-08-15 19:06:08,438 -                train: [    INFO] - Test: [  19/19]  Time: 0.009 (0.040)  Loss:  1.2822 (1.2806)  Acc@1: 65.0735 (66.4400)  Acc@5: 91.1765 (89.8400)
2025-08-15 19:06:09,063 -                train: [    INFO] - Train: 137 [   0/97 (  0%)]  Loss: 117.1 (117.)  Loss_feat: 115.3 (115.)  Loss_gt: 1.767 (1.77) LR: 2.883e-02
2025-08-15 19:06:25,039 -                train: [    INFO] - Train: 137 [  96/97 (100%)]  Loss: 118.0 (118.)  Loss_feat: 116.1 (116.)  Loss_gt: 1.881 (1.82) LR: 2.883e-02
2025-08-15 19:06:25,039 -                train: [    INFO] - Distributing BatchNorm running means and vars
2025-08-15 19:06:25,300 -                train: [    INFO] - Test: [   0/19]  Time: 0.257 (0.257)  Loss:  1.3385 (1.3385)  Acc@1: 65.8203 (65.8203)  Acc@5: 90.2344 (90.2344)
2025-08-15 19:06:25,870 -                train: [    INFO] - Test: [  19/19]  Time: 0.009 (0.041)  Loss:  1.1611 (1.3180)  Acc@1: 72.0588 (65.5000)  Acc@5: 90.8088 (89.6100)
2025-08-15 19:06:26,489 -                train: [    INFO] - Train: 138 [   0/97 (  0%)]  Loss: 115.5 (116.)  Loss_feat: 113.8 (114.)  Loss_gt: 1.784 (1.78) LR: 2.857e-02
2025-08-15 19:06:42,548 -                train: [    INFO] - Train: 138 [  96/97 (100%)]  Loss: 116.7 (116.)  Loss_feat: 114.8 (114.)  Loss_gt: 1.881 (1.83) LR: 2.857e-02
2025-08-15 19:06:42,549 -                train: [    INFO] - Distributing BatchNorm running means and vars
2025-08-15 19:06:42,886 -                train: [    INFO] - Test: [   0/19]  Time: 0.334 (0.334)  Loss:  1.2714 (1.2714)  Acc@1: 67.7734 (67.7734)  Acc@5: 91.2109 (91.2109)
2025-08-15 19:06:43,379 -                train: [    INFO] - Test: [  19/19]  Time: 0.009 (0.041)  Loss:  1.3741 (1.3669)  Acc@1: 67.2794 (65.3900)  Acc@5: 89.7059 (90.0200)
2025-08-15 19:06:44,066 -                train: [    INFO] - Train: 139 [   0/97 (  0%)]  Loss: 115.0 (115.)  Loss_feat: 113.2 (113.)  Loss_gt: 1.808 (1.81) LR: 2.832e-02
2025-08-15 19:07:00,087 -                train: [    INFO] - Train: 139 [  96/97 (100%)]  Loss: 116.0 (115.)  Loss_feat: 114.2 (114.)  Loss_gt: 1.823 (1.82) LR: 2.832e-02
2025-08-15 19:07:00,087 -                train: [    INFO] - Distributing BatchNorm running means and vars
2025-08-15 19:07:00,457 -                train: [    INFO] - Test: [   0/19]  Time: 0.366 (0.366)  Loss:  1.1594 (1.1594)  Acc@1: 68.9453 (68.9453)  Acc@5: 91.0156 (91.0156)
2025-08-15 19:07:00,940 -                train: [    INFO] - Test: [  19/19]  Time: 0.009 (0.042)  Loss:  1.2018 (1.2255)  Acc@1: 69.1176 (67.2600)  Acc@5: 90.4412 (90.7900)
2025-08-15 19:07:01,309 - timm.utils.checkpoint_saver: [    INFO] - Current checkpoints:
 ('./output/train/20250815-182626-resnet18-224/checkpoint/checkpoint-135.pth.tar', 68.52999995117187)
 ('./output/train/20250815-182626-resnet18-224/checkpoint/checkpoint-124.pth.tar', 68.36)
 ('./output/train/20250815-182626-resnet18-224/checkpoint/checkpoint-133.pth.tar', 67.94999986572266)
 ('./output/train/20250815-182626-resnet18-224/checkpoint/checkpoint-100.pth.tar', 67.73000004882813)
 ('./output/train/20250815-182626-resnet18-224/checkpoint/checkpoint-121.pth.tar', 67.48999998779297)
 ('./output/train/20250815-182626-resnet18-224/checkpoint/checkpoint-112.pth.tar', 67.43000002441406)
 ('./output/train/20250815-182626-resnet18-224/checkpoint/checkpoint-139.pth.tar', 67.25999995117188)
 ('./output/train/20250815-182626-resnet18-224/checkpoint/checkpoint-119.pth.tar', 67.24999995117187)
 ('./output/train/20250815-182626-resnet18-224/checkpoint/checkpoint-117.pth.tar', 67.2400000366211)
 ('./output/train/20250815-182626-resnet18-224/checkpoint/checkpoint-125.pth.tar', 66.98999995117188)

2025-08-15 19:07:01,573 -                train: [    INFO] - Train: 140 [   0/97 (  0%)]  Loss: 113.9 (114.)  Loss_feat: 112.0 (112.)  Loss_gt: 1.846 (1.85) LR: 2.806e-02
2025-08-15 19:07:17,590 -                train: [    INFO] - Train: 140 [  96/97 (100%)]  Loss: 114.3 (114.)  Loss_feat: 112.4 (112.)  Loss_gt: 1.904 (1.87) LR: 2.806e-02
2025-08-15 19:07:17,590 -                train: [    INFO] - Distributing BatchNorm running means and vars
2025-08-15 19:07:17,951 -                train: [    INFO] - Test: [   0/19]  Time: 0.357 (0.357)  Loss:  1.2542 (1.2542)  Acc@1: 67.1875 (67.1875)  Acc@5: 91.0156 (91.0156)
2025-08-15 19:07:18,457 -                train: [    INFO] - Test: [  19/19]  Time: 0.009 (0.043)  Loss:  1.3044 (1.2956)  Acc@1: 65.0735 (65.6600)  Acc@5: 88.9706 (90.3900)
2025-08-15 19:07:19,172 -                train: [    INFO] - Train: 141 [   0/97 (  0%)]  Loss: 113.4 (113.)  Loss_feat: 111.6 (112.)  Loss_gt: 1.775 (1.78) LR: 2.781e-02
2025-08-15 19:07:35,180 -                train: [    INFO] - Train: 141 [  96/97 (100%)]  Loss: 113.4 (113.)  Loss_feat: 111.6 (112.)  Loss_gt: 1.805 (1.79) LR: 2.781e-02
2025-08-15 19:07:35,180 -                train: [    INFO] - Distributing BatchNorm running means and vars
2025-08-15 19:07:35,508 -                train: [    INFO] - Test: [   0/19]  Time: 0.325 (0.325)  Loss:  1.2648 (1.2648)  Acc@1: 68.5547 (68.5547)  Acc@5: 89.0625 (89.0625)
2025-08-15 19:07:36,021 -                train: [    INFO] - Test: [  19/19]  Time: 0.009 (0.042)  Loss:  1.2564 (1.3009)  Acc@1: 68.3823 (65.0300)  Acc@5: 90.8088 (89.2200)
2025-08-15 19:07:36,709 -                train: [    INFO] - Train: 142 [   0/97 (  0%)]  Loss: 111.6 (112.)  Loss_feat: 109.8 (110.)  Loss_gt: 1.826 (1.83) LR: 2.755e-02
2025-08-15 19:07:52,776 -                train: [    INFO] - Train: 142 [  96/97 (100%)]  Loss: 112.6 (112.)  Loss_feat: 110.7 (110.)  Loss_gt: 1.916 (1.87) LR: 2.755e-02
2025-08-15 19:07:52,776 -                train: [    INFO] - Distributing BatchNorm running means and vars
2025-08-15 19:07:53,068 -                train: [    INFO] - Test: [   0/19]  Time: 0.288 (0.288)  Loss:  1.2089 (1.2089)  Acc@1: 68.7500 (68.7500)  Acc@5: 91.4062 (91.4062)
2025-08-15 19:07:53,583 -                train: [    INFO] - Test: [  19/19]  Time: 0.009 (0.040)  Loss:  1.2138 (1.2012)  Acc@1: 63.9706 (67.3500)  Acc@5: 90.8088 (90.9600)
2025-08-15 19:07:53,949 - timm.utils.checkpoint_saver: [    INFO] - Current checkpoints:
 ('./output/train/20250815-182626-resnet18-224/checkpoint/checkpoint-135.pth.tar', 68.52999995117187)
 ('./output/train/20250815-182626-resnet18-224/checkpoint/checkpoint-124.pth.tar', 68.36)
 ('./output/train/20250815-182626-resnet18-224/checkpoint/checkpoint-133.pth.tar', 67.94999986572266)
 ('./output/train/20250815-182626-resnet18-224/checkpoint/checkpoint-100.pth.tar', 67.73000004882813)
 ('./output/train/20250815-182626-resnet18-224/checkpoint/checkpoint-121.pth.tar', 67.48999998779297)
 ('./output/train/20250815-182626-resnet18-224/checkpoint/checkpoint-112.pth.tar', 67.43000002441406)
 ('./output/train/20250815-182626-resnet18-224/checkpoint/checkpoint-142.pth.tar', 67.35000001220703)
 ('./output/train/20250815-182626-resnet18-224/checkpoint/checkpoint-139.pth.tar', 67.25999995117188)
 ('./output/train/20250815-182626-resnet18-224/checkpoint/checkpoint-119.pth.tar', 67.24999995117187)
 ('./output/train/20250815-182626-resnet18-224/checkpoint/checkpoint-117.pth.tar', 67.2400000366211)

2025-08-15 19:07:54,229 -                train: [    INFO] - Train: 143 [   0/97 (  0%)]  Loss: 111.2 (111.)  Loss_feat: 109.3 (109.)  Loss_gt: 1.896 (1.90) LR: 2.729e-02
2025-08-15 19:08:10,293 -                train: [    INFO] - Train: 143 [  96/97 (100%)]  Loss: 110.9 (111.)  Loss_feat: 109.0 (109.)  Loss_gt: 1.890 (1.89) LR: 2.729e-02
2025-08-15 19:08:10,293 -                train: [    INFO] - Distributing BatchNorm running means and vars
2025-08-15 19:08:10,545 -                train: [    INFO] - Test: [   0/19]  Time: 0.248 (0.248)  Loss:  1.2531 (1.2531)  Acc@1: 66.9922 (66.9922)  Acc@5: 90.2344 (90.2344)
2025-08-15 19:08:11,090 -                train: [    INFO] - Test: [  19/19]  Time: 0.009 (0.040)  Loss:  1.2920 (1.2808)  Acc@1: 65.0735 (66.3500)  Acc@5: 91.5441 (90.6300)
2025-08-15 19:08:11,662 -                train: [    INFO] - Train: 144 [   0/97 (  0%)]  Loss: 109.6 (110.)  Loss_feat: 107.8 (108.)  Loss_gt: 1.762 (1.76) LR: 2.704e-02
2025-08-15 19:08:27,640 -                train: [    INFO] - Train: 144 [  96/97 (100%)]  Loss: 110.2 (110.)  Loss_feat: 108.3 (108.)  Loss_gt: 1.928 (1.85) LR: 2.704e-02
2025-08-15 19:08:27,640 -                train: [    INFO] - Distributing BatchNorm running means and vars
2025-08-15 19:08:27,988 -                train: [    INFO] - Test: [   0/19]  Time: 0.343 (0.343)  Loss:  1.3048 (1.3048)  Acc@1: 64.6484 (64.6484)  Acc@5: 89.6484 (89.6484)
2025-08-15 19:08:28,511 -                train: [    INFO] - Test: [  19/19]  Time: 0.009 (0.043)  Loss:  1.3819 (1.3750)  Acc@1: 62.8676 (63.3800)  Acc@5: 89.3382 (88.8600)
2025-08-15 19:08:29,091 -                train: [    INFO] - Train: 145 [   0/97 (  0%)]  Loss: 108.7 (109.)  Loss_feat: 107.0 (107.)  Loss_gt: 1.710 (1.71) LR: 2.678e-02
2025-08-15 19:08:45,090 -                train: [    INFO] - Train: 145 [  96/97 (100%)]  Loss: 108.6 (109.)  Loss_feat: 106.8 (107.)  Loss_gt: 1.756 (1.73) LR: 2.678e-02
2025-08-15 19:08:45,091 -                train: [    INFO] - Distributing BatchNorm running means and vars
2025-08-15 19:08:45,424 -                train: [    INFO] - Test: [   0/19]  Time: 0.330 (0.330)  Loss:  1.1127 (1.1127)  Acc@1: 69.3359 (69.3359)  Acc@5: 91.7969 (91.7969)
2025-08-15 19:08:45,916 -                train: [    INFO] - Test: [  19/19]  Time: 0.009 (0.041)  Loss:  1.1678 (1.1944)  Acc@1: 69.1176 (67.7000)  Acc@5: 90.4412 (91.4600)
2025-08-15 19:08:46,200 - timm.utils.checkpoint_saver: [    INFO] - Current checkpoints:
 ('./output/train/20250815-182626-resnet18-224/checkpoint/checkpoint-135.pth.tar', 68.52999995117187)
 ('./output/train/20250815-182626-resnet18-224/checkpoint/checkpoint-124.pth.tar', 68.36)
 ('./output/train/20250815-182626-resnet18-224/checkpoint/checkpoint-133.pth.tar', 67.94999986572266)
 ('./output/train/20250815-182626-resnet18-224/checkpoint/checkpoint-100.pth.tar', 67.73000004882813)
 ('./output/train/20250815-182626-resnet18-224/checkpoint/checkpoint-145.pth.tar', 67.69999995117188)
 ('./output/train/20250815-182626-resnet18-224/checkpoint/checkpoint-121.pth.tar', 67.48999998779297)
 ('./output/train/20250815-182626-resnet18-224/checkpoint/checkpoint-112.pth.tar', 67.43000002441406)
 ('./output/train/20250815-182626-resnet18-224/checkpoint/checkpoint-142.pth.tar', 67.35000001220703)
 ('./output/train/20250815-182626-resnet18-224/checkpoint/checkpoint-139.pth.tar', 67.25999995117188)
 ('./output/train/20250815-182626-resnet18-224/checkpoint/checkpoint-119.pth.tar', 67.24999995117187)

2025-08-15 19:08:46,516 -                train: [    INFO] - Train: 146 [   0/97 (  0%)]  Loss: 107.6 (108.)  Loss_feat: 105.8 (106.)  Loss_gt: 1.817 (1.82) LR: 2.653e-02
2025-08-15 19:09:02,588 -                train: [    INFO] - Train: 146 [  96/97 (100%)]  Loss: 107.9 (108.)  Loss_feat: 106.0 (106.)  Loss_gt: 1.886 (1.85) LR: 2.653e-02
2025-08-15 19:09:02,589 -                train: [    INFO] - Distributing BatchNorm running means and vars
2025-08-15 19:09:02,924 -                train: [    INFO] - Test: [   0/19]  Time: 0.331 (0.331)  Loss:  1.2315 (1.2315)  Acc@1: 69.1406 (69.1406)  Acc@5: 91.0156 (91.0156)
2025-08-15 19:09:03,433 -                train: [    INFO] - Test: [  19/19]  Time: 0.009 (0.042)  Loss:  1.1644 (1.2231)  Acc@1: 72.7941 (68.7900)  Acc@5: 92.6471 (91.9000)
2025-08-15 19:09:03,700 - timm.utils.checkpoint_saver: [    INFO] - Current checkpoints:
 ('./output/train/20250815-182626-resnet18-224/checkpoint/checkpoint-146.pth.tar', 68.78999987792969)
 ('./output/train/20250815-182626-resnet18-224/checkpoint/checkpoint-135.pth.tar', 68.52999995117187)
 ('./output/train/20250815-182626-resnet18-224/checkpoint/checkpoint-124.pth.tar', 68.36)
 ('./output/train/20250815-182626-resnet18-224/checkpoint/checkpoint-133.pth.tar', 67.94999986572266)
 ('./output/train/20250815-182626-resnet18-224/checkpoint/checkpoint-100.pth.tar', 67.73000004882813)
 ('./output/train/20250815-182626-resnet18-224/checkpoint/checkpoint-145.pth.tar', 67.69999995117188)
 ('./output/train/20250815-182626-resnet18-224/checkpoint/checkpoint-121.pth.tar', 67.48999998779297)
 ('./output/train/20250815-182626-resnet18-224/checkpoint/checkpoint-112.pth.tar', 67.43000002441406)
 ('./output/train/20250815-182626-resnet18-224/checkpoint/checkpoint-142.pth.tar', 67.35000001220703)
 ('./output/train/20250815-182626-resnet18-224/checkpoint/checkpoint-139.pth.tar', 67.25999995117188)

2025-08-15 19:09:03,996 -                train: [    INFO] - Train: 147 [   0/97 (  0%)]  Loss: 107.1 (107.)  Loss_feat: 105.4 (105.)  Loss_gt: 1.756 (1.76) LR: 2.627e-02
2025-08-15 19:09:20,039 -                train: [    INFO] - Train: 147 [  96/97 (100%)]  Loss: 106.7 (107.)  Loss_feat: 104.8 (105.)  Loss_gt: 1.868 (1.81) LR: 2.627e-02
2025-08-15 19:09:20,040 -                train: [    INFO] - Distributing BatchNorm running means and vars
2025-08-15 19:09:20,343 -                train: [    INFO] - Test: [   0/19]  Time: 0.261 (0.261)  Loss:  1.1732 (1.1732)  Acc@1: 68.1641 (68.1641)  Acc@5: 92.1875 (92.1875)
2025-08-15 19:09:20,891 -                train: [    INFO] - Test: [  19/19]  Time: 0.009 (0.040)  Loss:  1.0224 (1.1695)  Acc@1: 70.9559 (69.3100)  Acc@5: 94.1176 (92.5200)
2025-08-15 19:09:21,097 - timm.utils.checkpoint_saver: [    INFO] - Current checkpoints:
 ('./output/train/20250815-182626-resnet18-224/checkpoint/checkpoint-147.pth.tar', 69.3100001220703)
 ('./output/train/20250815-182626-resnet18-224/checkpoint/checkpoint-146.pth.tar', 68.78999987792969)
 ('./output/train/20250815-182626-resnet18-224/checkpoint/checkpoint-135.pth.tar', 68.52999995117187)
 ('./output/train/20250815-182626-resnet18-224/checkpoint/checkpoint-124.pth.tar', 68.36)
 ('./output/train/20250815-182626-resnet18-224/checkpoint/checkpoint-133.pth.tar', 67.94999986572266)
 ('./output/train/20250815-182626-resnet18-224/checkpoint/checkpoint-100.pth.tar', 67.73000004882813)
 ('./output/train/20250815-182626-resnet18-224/checkpoint/checkpoint-145.pth.tar', 67.69999995117188)
 ('./output/train/20250815-182626-resnet18-224/checkpoint/checkpoint-121.pth.tar', 67.48999998779297)
 ('./output/train/20250815-182626-resnet18-224/checkpoint/checkpoint-112.pth.tar', 67.43000002441406)
 ('./output/train/20250815-182626-resnet18-224/checkpoint/checkpoint-142.pth.tar', 67.35000001220703)

2025-08-15 19:09:21,421 -                train: [    INFO] - Train: 148 [   0/97 (  0%)]  Loss: 105.9 (106.)  Loss_feat: 104.2 (104.)  Loss_gt: 1.665 (1.66) LR: 2.601e-02
2025-08-15 19:09:37,379 -                train: [    INFO] - Train: 148 [  96/97 (100%)]  Loss: 105.6 (106.)  Loss_feat: 103.8 (104.)  Loss_gt: 1.842 (1.75) LR: 2.601e-02
2025-08-15 19:09:37,379 -                train: [    INFO] - Distributing BatchNorm running means and vars
2025-08-15 19:09:37,716 -                train: [    INFO] - Test: [   0/19]  Time: 0.332 (0.332)  Loss:  1.1871 (1.1871)  Acc@1: 69.7266 (69.7266)  Acc@5: 89.8438 (89.8438)
2025-08-15 19:09:38,229 -                train: [    INFO] - Test: [  19/19]  Time: 0.009 (0.042)  Loss:  1.1929 (1.2408)  Acc@1: 66.9118 (66.6500)  Acc@5: 90.4412 (90.4700)
2025-08-15 19:09:38,788 -                train: [    INFO] - Train: 149 [   0/97 (  0%)]  Loss: 104.0 (104.)  Loss_feat: 102.3 (102.)  Loss_gt: 1.740 (1.74) LR: 2.576e-02
2025-08-15 19:09:54,792 -                train: [    INFO] - Train: 149 [  96/97 (100%)]  Loss: 104.4 (104.)  Loss_feat: 102.6 (102.)  Loss_gt: 1.808 (1.77) LR: 2.576e-02
2025-08-15 19:09:54,792 -                train: [    INFO] - Distributing BatchNorm running means and vars
2025-08-15 19:09:55,079 -                train: [    INFO] - Test: [   0/19]  Time: 0.283 (0.283)  Loss:  1.2133 (1.2133)  Acc@1: 68.3594 (68.3594)  Acc@5: 91.2109 (91.2109)
2025-08-15 19:09:55,622 -                train: [    INFO] - Test: [  19/19]  Time: 0.009 (0.041)  Loss:  1.2020 (1.2708)  Acc@1: 68.7500 (66.2200)  Acc@5: 91.1765 (90.6300)
2025-08-15 19:09:56,231 -                train: [    INFO] - Train: 150 [   0/97 (  0%)]  Loss: 103.4 (103.)  Loss_feat: 101.6 (102.)  Loss_gt: 1.793 (1.79) LR: 2.550e-02
2025-08-15 19:10:12,210 -                train: [    INFO] - Train: 150 [  96/97 (100%)]  Loss: 104.3 (104.)  Loss_feat: 102.5 (102.)  Loss_gt: 1.804 (1.80) LR: 2.550e-02
2025-08-15 19:10:12,210 -                train: [    INFO] - Distributing BatchNorm running means and vars
2025-08-15 19:10:12,553 -                train: [    INFO] - Test: [   0/19]  Time: 0.281 (0.281)  Loss:  1.2017 (1.2017)  Acc@1: 68.5547 (68.5547)  Acc@5: 91.4062 (91.4062)
2025-08-15 19:10:13,056 -                train: [    INFO] - Test: [  19/19]  Time: 0.009 (0.039)  Loss:  1.0880 (1.2340)  Acc@1: 72.4265 (67.5400)  Acc@5: 92.6470 (91.5100)
2025-08-15 19:10:13,443 - timm.utils.checkpoint_saver: [    INFO] - Current checkpoints:
 ('./output/train/20250815-182626-resnet18-224/checkpoint/checkpoint-147.pth.tar', 69.3100001220703)
 ('./output/train/20250815-182626-resnet18-224/checkpoint/checkpoint-146.pth.tar', 68.78999987792969)
 ('./output/train/20250815-182626-resnet18-224/checkpoint/checkpoint-135.pth.tar', 68.52999995117187)
 ('./output/train/20250815-182626-resnet18-224/checkpoint/checkpoint-124.pth.tar', 68.36)
 ('./output/train/20250815-182626-resnet18-224/checkpoint/checkpoint-133.pth.tar', 67.94999986572266)
 ('./output/train/20250815-182626-resnet18-224/checkpoint/checkpoint-100.pth.tar', 67.73000004882813)
 ('./output/train/20250815-182626-resnet18-224/checkpoint/checkpoint-145.pth.tar', 67.69999995117188)
 ('./output/train/20250815-182626-resnet18-224/checkpoint/checkpoint-150.pth.tar', 67.53999992675782)
 ('./output/train/20250815-182626-resnet18-224/checkpoint/checkpoint-121.pth.tar', 67.48999998779297)
 ('./output/train/20250815-182626-resnet18-224/checkpoint/checkpoint-112.pth.tar', 67.43000002441406)

2025-08-15 19:10:13,707 -                train: [    INFO] - Train: 151 [   0/97 (  0%)]  Loss: 102.7 (103.)  Loss_feat: 101.0 (101.)  Loss_gt: 1.741 (1.74) LR: 2.524e-02
2025-08-15 19:10:29,693 -                train: [    INFO] - Train: 151 [  96/97 (100%)]  Loss: 102.1 (102.)  Loss_feat: 100.3 (101.)  Loss_gt: 1.758 (1.75) LR: 2.524e-02
2025-08-15 19:10:29,694 -                train: [    INFO] - Distributing BatchNorm running means and vars
2025-08-15 19:10:30,004 -                train: [    INFO] - Test: [   0/19]  Time: 0.306 (0.306)  Loss:  1.4032 (1.4032)  Acc@1: 64.2578 (64.2578)  Acc@5: 86.9141 (86.9141)
2025-08-15 19:10:30,512 -                train: [    INFO] - Test: [  19/19]  Time: 0.009 (0.041)  Loss:  1.4495 (1.4545)  Acc@1: 62.5000 (63.3100)  Acc@5: 86.3971 (87.7600)
2025-08-15 19:10:31,121 -                train: [    INFO] - Train: 152 [   0/97 (  0%)]  Loss: 101.4 (101.)  Loss_feat: 99.75 (99.7)  Loss_gt: 1.668 (1.67) LR: 2.499e-02
2025-08-15 19:10:47,117 -                train: [    INFO] - Train: 152 [  96/97 (100%)]  Loss: 101.8 (102.)  Loss_feat: 99.92 (99.8)  Loss_gt: 1.875 (1.77) LR: 2.499e-02
2025-08-15 19:10:47,118 -                train: [    INFO] - Distributing BatchNorm running means and vars
2025-08-15 19:10:47,424 -                train: [    INFO] - Test: [   0/19]  Time: 0.303 (0.303)  Loss:  1.1483 (1.1483)  Acc@1: 69.7266 (69.7266)  Acc@5: 90.8203 (90.8203)
2025-08-15 19:10:47,944 -                train: [    INFO] - Test: [  19/19]  Time: 0.009 (0.041)  Loss:  1.1423 (1.2034)  Acc@1: 68.0147 (67.5600)  Acc@5: 93.0147 (91.3800)
2025-08-15 19:10:48,160 - timm.utils.checkpoint_saver: [    INFO] - Current checkpoints:
 ('./output/train/20250815-182626-resnet18-224/checkpoint/checkpoint-147.pth.tar', 69.3100001220703)
 ('./output/train/20250815-182626-resnet18-224/checkpoint/checkpoint-146.pth.tar', 68.78999987792969)
 ('./output/train/20250815-182626-resnet18-224/checkpoint/checkpoint-135.pth.tar', 68.52999995117187)
 ('./output/train/20250815-182626-resnet18-224/checkpoint/checkpoint-124.pth.tar', 68.36)
 ('./output/train/20250815-182626-resnet18-224/checkpoint/checkpoint-133.pth.tar', 67.94999986572266)
 ('./output/train/20250815-182626-resnet18-224/checkpoint/checkpoint-100.pth.tar', 67.73000004882813)
 ('./output/train/20250815-182626-resnet18-224/checkpoint/checkpoint-145.pth.tar', 67.69999995117188)
 ('./output/train/20250815-182626-resnet18-224/checkpoint/checkpoint-152.pth.tar', 67.55999989013672)
 ('./output/train/20250815-182626-resnet18-224/checkpoint/checkpoint-150.pth.tar', 67.53999992675782)
 ('./output/train/20250815-182626-resnet18-224/checkpoint/checkpoint-121.pth.tar', 67.48999998779297)

2025-08-15 19:10:48,472 -                train: [    INFO] - Train: 153 [   0/97 (  0%)]  Loss: 99.87 (99.9)  Loss_feat: 98.09 (98.1)  Loss_gt: 1.784 (1.78) LR: 2.473e-02
2025-08-15 19:11:04,385 -                train: [    INFO] - Train: 153 [  96/97 (100%)]  Loss: 100.5 (100.)  Loss_feat: 98.68 (98.4)  Loss_gt: 1.788 (1.79) LR: 2.473e-02
2025-08-15 19:11:04,385 -                train: [    INFO] - Distributing BatchNorm running means and vars
2025-08-15 19:11:04,761 -                train: [    INFO] - Test: [   0/19]  Time: 0.372 (0.372)  Loss:  1.2130 (1.2130)  Acc@1: 69.5312 (69.5312)  Acc@5: 91.2109 (91.2109)
2025-08-15 19:11:05,252 -                train: [    INFO] - Test: [  19/19]  Time: 0.009 (0.043)  Loss:  1.1219 (1.2121)  Acc@1: 72.0588 (68.0000)  Acc@5: 93.0147 (91.2200)
2025-08-15 19:11:05,689 - timm.utils.checkpoint_saver: [    INFO] - Current checkpoints:
 ('./output/train/20250815-182626-resnet18-224/checkpoint/checkpoint-147.pth.tar', 69.3100001220703)
 ('./output/train/20250815-182626-resnet18-224/checkpoint/checkpoint-146.pth.tar', 68.78999987792969)
 ('./output/train/20250815-182626-resnet18-224/checkpoint/checkpoint-135.pth.tar', 68.52999995117187)
 ('./output/train/20250815-182626-resnet18-224/checkpoint/checkpoint-124.pth.tar', 68.36)
 ('./output/train/20250815-182626-resnet18-224/checkpoint/checkpoint-153.pth.tar', 67.99999997558594)
 ('./output/train/20250815-182626-resnet18-224/checkpoint/checkpoint-133.pth.tar', 67.94999986572266)
 ('./output/train/20250815-182626-resnet18-224/checkpoint/checkpoint-100.pth.tar', 67.73000004882813)
 ('./output/train/20250815-182626-resnet18-224/checkpoint/checkpoint-145.pth.tar', 67.69999995117188)
 ('./output/train/20250815-182626-resnet18-224/checkpoint/checkpoint-152.pth.tar', 67.55999989013672)
 ('./output/train/20250815-182626-resnet18-224/checkpoint/checkpoint-150.pth.tar', 67.53999992675782)

2025-08-15 19:11:05,954 -                train: [    INFO] - Train: 154 [   0/97 (  0%)]  Loss: 99.45 (99.4)  Loss_feat: 97.76 (97.8)  Loss_gt: 1.686 (1.69) LR: 2.447e-02
2025-08-15 19:11:21,908 -                train: [    INFO] - Train: 154 [  96/97 (100%)]  Loss: 99.17 (99.3)  Loss_feat: 97.45 (97.6)  Loss_gt: 1.719 (1.70) LR: 2.447e-02
2025-08-15 19:11:21,909 -                train: [    INFO] - Distributing BatchNorm running means and vars
2025-08-15 19:11:22,240 -                train: [    INFO] - Test: [   0/19]  Time: 0.328 (0.328)  Loss:  1.1417 (1.1417)  Acc@1: 70.8984 (70.8984)  Acc@5: 91.0156 (91.0156)
2025-08-15 19:11:22,773 -                train: [    INFO] - Test: [  19/19]  Time: 0.009 (0.043)  Loss:  1.1796 (1.1882)  Acc@1: 69.8529 (68.5000)  Acc@5: 91.1765 (91.1800)
2025-08-15 19:11:23,031 - timm.utils.checkpoint_saver: [    INFO] - Current checkpoints:
 ('./output/train/20250815-182626-resnet18-224/checkpoint/checkpoint-147.pth.tar', 69.3100001220703)
 ('./output/train/20250815-182626-resnet18-224/checkpoint/checkpoint-146.pth.tar', 68.78999987792969)
 ('./output/train/20250815-182626-resnet18-224/checkpoint/checkpoint-135.pth.tar', 68.52999995117187)
 ('./output/train/20250815-182626-resnet18-224/checkpoint/checkpoint-154.pth.tar', 68.49999985351562)
 ('./output/train/20250815-182626-resnet18-224/checkpoint/checkpoint-124.pth.tar', 68.36)
 ('./output/train/20250815-182626-resnet18-224/checkpoint/checkpoint-153.pth.tar', 67.99999997558594)
 ('./output/train/20250815-182626-resnet18-224/checkpoint/checkpoint-133.pth.tar', 67.94999986572266)
 ('./output/train/20250815-182626-resnet18-224/checkpoint/checkpoint-100.pth.tar', 67.73000004882813)
 ('./output/train/20250815-182626-resnet18-224/checkpoint/checkpoint-145.pth.tar', 67.69999995117188)
 ('./output/train/20250815-182626-resnet18-224/checkpoint/checkpoint-152.pth.tar', 67.55999989013672)

2025-08-15 19:11:23,352 -                train: [    INFO] - Train: 155 [   0/97 (  0%)]  Loss: 97.94 (97.9)  Loss_feat: 96.18 (96.2)  Loss_gt: 1.764 (1.76) LR: 2.422e-02
2025-08-15 19:11:39,328 -                train: [    INFO] - Train: 155 [  96/97 (100%)]  Loss: 98.39 (98.2)  Loss_feat: 96.59 (96.4)  Loss_gt: 1.796 (1.78) LR: 2.422e-02
2025-08-15 19:11:39,329 -                train: [    INFO] - Distributing BatchNorm running means and vars
2025-08-15 19:11:39,661 -                train: [    INFO] - Test: [   0/19]  Time: 0.329 (0.329)  Loss:  1.1779 (1.1779)  Acc@1: 68.5547 (68.5547)  Acc@5: 91.6016 (91.6016)
2025-08-15 19:11:40,137 -                train: [    INFO] - Test: [  19/19]  Time: 0.009 (0.040)  Loss:  1.0604 (1.1926)  Acc@1: 73.1618 (68.2600)  Acc@5: 92.2794 (91.5300)
2025-08-15 19:11:40,443 - timm.utils.checkpoint_saver: [    INFO] - Current checkpoints:
 ('./output/train/20250815-182626-resnet18-224/checkpoint/checkpoint-147.pth.tar', 69.3100001220703)
 ('./output/train/20250815-182626-resnet18-224/checkpoint/checkpoint-146.pth.tar', 68.78999987792969)
 ('./output/train/20250815-182626-resnet18-224/checkpoint/checkpoint-135.pth.tar', 68.52999995117187)
 ('./output/train/20250815-182626-resnet18-224/checkpoint/checkpoint-154.pth.tar', 68.49999985351562)
 ('./output/train/20250815-182626-resnet18-224/checkpoint/checkpoint-124.pth.tar', 68.36)
 ('./output/train/20250815-182626-resnet18-224/checkpoint/checkpoint-155.pth.tar', 68.2600000366211)
 ('./output/train/20250815-182626-resnet18-224/checkpoint/checkpoint-153.pth.tar', 67.99999997558594)
 ('./output/train/20250815-182626-resnet18-224/checkpoint/checkpoint-133.pth.tar', 67.94999986572266)
 ('./output/train/20250815-182626-resnet18-224/checkpoint/checkpoint-100.pth.tar', 67.73000004882813)
 ('./output/train/20250815-182626-resnet18-224/checkpoint/checkpoint-145.pth.tar', 67.69999995117188)

2025-08-15 19:11:40,728 -                train: [    INFO] - Train: 156 [   0/97 (  0%)]  Loss: 97.14 (97.1)  Loss_feat: 95.32 (95.3)  Loss_gt: 1.820 (1.82) LR: 2.396e-02
2025-08-15 19:11:56,731 -                train: [    INFO] - Train: 156 [  96/97 (100%)]  Loss: 96.73 (96.9)  Loss_feat: 95.00 (95.2)  Loss_gt: 1.726 (1.77) LR: 2.396e-02
2025-08-15 19:11:56,731 -                train: [    INFO] - Distributing BatchNorm running means and vars
2025-08-15 19:11:57,045 -                train: [    INFO] - Test: [   0/19]  Time: 0.311 (0.311)  Loss:  1.1335 (1.1335)  Acc@1: 68.7500 (68.7500)  Acc@5: 90.8203 (90.8203)
2025-08-15 19:11:57,567 -                train: [    INFO] - Test: [  19/19]  Time: 0.009 (0.042)  Loss:  1.1289 (1.1822)  Acc@1: 70.9559 (68.4800)  Acc@5: 91.5441 (91.3100)
2025-08-15 19:11:57,829 - timm.utils.checkpoint_saver: [    INFO] - Current checkpoints:
 ('./output/train/20250815-182626-resnet18-224/checkpoint/checkpoint-147.pth.tar', 69.3100001220703)
 ('./output/train/20250815-182626-resnet18-224/checkpoint/checkpoint-146.pth.tar', 68.78999987792969)
 ('./output/train/20250815-182626-resnet18-224/checkpoint/checkpoint-135.pth.tar', 68.52999995117187)
 ('./output/train/20250815-182626-resnet18-224/checkpoint/checkpoint-154.pth.tar', 68.49999985351562)
 ('./output/train/20250815-182626-resnet18-224/checkpoint/checkpoint-156.pth.tar', 68.47999991455079)
 ('./output/train/20250815-182626-resnet18-224/checkpoint/checkpoint-124.pth.tar', 68.36)
 ('./output/train/20250815-182626-resnet18-224/checkpoint/checkpoint-155.pth.tar', 68.2600000366211)
 ('./output/train/20250815-182626-resnet18-224/checkpoint/checkpoint-153.pth.tar', 67.99999997558594)
 ('./output/train/20250815-182626-resnet18-224/checkpoint/checkpoint-133.pth.tar', 67.94999986572266)
 ('./output/train/20250815-182626-resnet18-224/checkpoint/checkpoint-100.pth.tar', 67.73000004882813)

2025-08-15 19:11:58,149 -                train: [    INFO] - Train: 157 [   0/97 (  0%)]  Loss: 96.07 (96.1)  Loss_feat: 94.30 (94.3)  Loss_gt: 1.766 (1.77) LR: 2.371e-02
2025-08-15 19:12:14,145 -                train: [    INFO] - Train: 157 [  96/97 (100%)]  Loss: 96.19 (96.1)  Loss_feat: 94.46 (94.4)  Loss_gt: 1.729 (1.75) LR: 2.371e-02
2025-08-15 19:12:14,145 -                train: [    INFO] - Distributing BatchNorm running means and vars
2025-08-15 19:12:14,505 -                train: [    INFO] - Test: [   0/19]  Time: 0.356 (0.356)  Loss:  1.0954 (1.0954)  Acc@1: 73.0469 (73.0469)  Acc@5: 91.2109 (91.2109)
2025-08-15 19:12:14,995 -                train: [    INFO] - Test: [  19/19]  Time: 0.009 (0.042)  Loss:  1.0137 (1.1442)  Acc@1: 73.1618 (69.5100)  Acc@5: 94.4853 (92.4000)
2025-08-15 19:12:15,278 - timm.utils.checkpoint_saver: [    INFO] - Current checkpoints:
 ('./output/train/20250815-182626-resnet18-224/checkpoint/checkpoint-157.pth.tar', 69.5100000366211)
 ('./output/train/20250815-182626-resnet18-224/checkpoint/checkpoint-147.pth.tar', 69.3100001220703)
 ('./output/train/20250815-182626-resnet18-224/checkpoint/checkpoint-146.pth.tar', 68.78999987792969)
 ('./output/train/20250815-182626-resnet18-224/checkpoint/checkpoint-135.pth.tar', 68.52999995117187)
 ('./output/train/20250815-182626-resnet18-224/checkpoint/checkpoint-154.pth.tar', 68.49999985351562)
 ('./output/train/20250815-182626-resnet18-224/checkpoint/checkpoint-156.pth.tar', 68.47999991455079)
 ('./output/train/20250815-182626-resnet18-224/checkpoint/checkpoint-124.pth.tar', 68.36)
 ('./output/train/20250815-182626-resnet18-224/checkpoint/checkpoint-155.pth.tar', 68.2600000366211)
 ('./output/train/20250815-182626-resnet18-224/checkpoint/checkpoint-153.pth.tar', 67.99999997558594)
 ('./output/train/20250815-182626-resnet18-224/checkpoint/checkpoint-133.pth.tar', 67.94999986572266)

2025-08-15 19:12:15,583 -                train: [    INFO] - Train: 158 [   0/97 (  0%)]  Loss: 94.51 (94.5)  Loss_feat: 92.79 (92.8)  Loss_gt: 1.718 (1.72) LR: 2.345e-02
2025-08-15 19:12:31,549 -                train: [    INFO] - Train: 158 [  96/97 (100%)]  Loss: 95.57 (95.0)  Loss_feat: 93.75 (93.3)  Loss_gt: 1.820 (1.77) LR: 2.345e-02
2025-08-15 19:12:31,550 -                train: [    INFO] - Distributing BatchNorm running means and vars
2025-08-15 19:12:31,864 -                train: [    INFO] - Test: [   0/19]  Time: 0.310 (0.310)  Loss:  1.0552 (1.0552)  Acc@1: 72.6562 (72.6562)  Acc@5: 91.7969 (91.7969)
2025-08-15 19:12:32,388 -                train: [    INFO] - Test: [  19/19]  Time: 0.009 (0.042)  Loss:  1.1188 (1.1054)  Acc@1: 70.9559 (70.6300)  Acc@5: 93.0147 (92.5300)
2025-08-15 19:12:32,670 - timm.utils.checkpoint_saver: [    INFO] - Current checkpoints:
 ('./output/train/20250815-182626-resnet18-224/checkpoint/checkpoint-158.pth.tar', 70.63000012207031)
 ('./output/train/20250815-182626-resnet18-224/checkpoint/checkpoint-157.pth.tar', 69.5100000366211)
 ('./output/train/20250815-182626-resnet18-224/checkpoint/checkpoint-147.pth.tar', 69.3100001220703)
 ('./output/train/20250815-182626-resnet18-224/checkpoint/checkpoint-146.pth.tar', 68.78999987792969)
 ('./output/train/20250815-182626-resnet18-224/checkpoint/checkpoint-135.pth.tar', 68.52999995117187)
 ('./output/train/20250815-182626-resnet18-224/checkpoint/checkpoint-154.pth.tar', 68.49999985351562)
 ('./output/train/20250815-182626-resnet18-224/checkpoint/checkpoint-156.pth.tar', 68.47999991455079)
 ('./output/train/20250815-182626-resnet18-224/checkpoint/checkpoint-124.pth.tar', 68.36)
 ('./output/train/20250815-182626-resnet18-224/checkpoint/checkpoint-155.pth.tar', 68.2600000366211)
 ('./output/train/20250815-182626-resnet18-224/checkpoint/checkpoint-153.pth.tar', 67.99999997558594)

2025-08-15 19:12:32,966 -                train: [    INFO] - Train: 159 [   0/97 (  0%)]  Loss: 93.77 (93.8)  Loss_feat: 92.06 (92.1)  Loss_gt: 1.711 (1.71) LR: 2.319e-02
2025-08-15 19:12:48,998 -                train: [    INFO] - Train: 159 [  96/97 (100%)]  Loss: 94.08 (93.9)  Loss_feat: 92.35 (92.2)  Loss_gt: 1.736 (1.72) LR: 2.319e-02
2025-08-15 19:12:48,998 -                train: [    INFO] - Distributing BatchNorm running means and vars
2025-08-15 19:12:49,327 -                train: [    INFO] - Test: [   0/19]  Time: 0.326 (0.326)  Loss:  1.1806 (1.1806)  Acc@1: 70.3125 (70.3125)  Acc@5: 91.2109 (91.2109)
2025-08-15 19:12:49,819 -                train: [    INFO] - Test: [  19/19]  Time: 0.009 (0.041)  Loss:  1.0838 (1.2133)  Acc@1: 71.3235 (68.4000)  Acc@5: 93.0147 (91.5900)
2025-08-15 19:12:50,059 - timm.utils.checkpoint_saver: [    INFO] - Current checkpoints:
 ('./output/train/20250815-182626-resnet18-224/checkpoint/checkpoint-158.pth.tar', 70.63000012207031)
 ('./output/train/20250815-182626-resnet18-224/checkpoint/checkpoint-157.pth.tar', 69.5100000366211)
 ('./output/train/20250815-182626-resnet18-224/checkpoint/checkpoint-147.pth.tar', 69.3100001220703)
 ('./output/train/20250815-182626-resnet18-224/checkpoint/checkpoint-146.pth.tar', 68.78999987792969)
 ('./output/train/20250815-182626-resnet18-224/checkpoint/checkpoint-135.pth.tar', 68.52999995117187)
 ('./output/train/20250815-182626-resnet18-224/checkpoint/checkpoint-154.pth.tar', 68.49999985351562)
 ('./output/train/20250815-182626-resnet18-224/checkpoint/checkpoint-156.pth.tar', 68.47999991455079)
 ('./output/train/20250815-182626-resnet18-224/checkpoint/checkpoint-159.pth.tar', 68.40000007324218)
 ('./output/train/20250815-182626-resnet18-224/checkpoint/checkpoint-124.pth.tar', 68.36)
 ('./output/train/20250815-182626-resnet18-224/checkpoint/checkpoint-155.pth.tar', 68.2600000366211)

2025-08-15 19:12:50,409 -                train: [    INFO] - Train: 160 [   0/97 (  0%)]  Loss: 92.66 (92.7)  Loss_feat: 90.96 (91.0)  Loss_gt: 1.701 (1.70) LR: 2.294e-02
2025-08-15 19:13:06,368 -                train: [    INFO] - Train: 160 [  96/97 (100%)]  Loss: 93.00 (92.8)  Loss_feat: 91.22 (91.1)  Loss_gt: 1.778 (1.74) LR: 2.294e-02
2025-08-15 19:13:06,368 -                train: [    INFO] - Distributing BatchNorm running means and vars
2025-08-15 19:13:06,746 -                train: [    INFO] - Test: [   0/19]  Time: 0.375 (0.375)  Loss:  1.1066 (1.1066)  Acc@1: 72.4609 (72.4609)  Acc@5: 91.2109 (91.2109)
2025-08-15 19:13:07,214 -                train: [    INFO] - Test: [  19/19]  Time: 0.009 (0.042)  Loss:  1.1030 (1.1495)  Acc@1: 69.8529 (69.8600)  Acc@5: 91.5441 (92.0700)
2025-08-15 19:13:07,524 - timm.utils.checkpoint_saver: [    INFO] - Current checkpoints:
 ('./output/train/20250815-182626-resnet18-224/checkpoint/checkpoint-158.pth.tar', 70.63000012207031)
 ('./output/train/20250815-182626-resnet18-224/checkpoint/checkpoint-160.pth.tar', 69.85999985351563)
 ('./output/train/20250815-182626-resnet18-224/checkpoint/checkpoint-157.pth.tar', 69.5100000366211)
 ('./output/train/20250815-182626-resnet18-224/checkpoint/checkpoint-147.pth.tar', 69.3100001220703)
 ('./output/train/20250815-182626-resnet18-224/checkpoint/checkpoint-146.pth.tar', 68.78999987792969)
 ('./output/train/20250815-182626-resnet18-224/checkpoint/checkpoint-135.pth.tar', 68.52999995117187)
 ('./output/train/20250815-182626-resnet18-224/checkpoint/checkpoint-154.pth.tar', 68.49999985351562)
 ('./output/train/20250815-182626-resnet18-224/checkpoint/checkpoint-156.pth.tar', 68.47999991455079)
 ('./output/train/20250815-182626-resnet18-224/checkpoint/checkpoint-159.pth.tar', 68.40000007324218)
 ('./output/train/20250815-182626-resnet18-224/checkpoint/checkpoint-124.pth.tar', 68.36)

2025-08-15 19:13:07,790 -                train: [    INFO] - Train: 161 [   0/97 (  0%)]  Loss: 91.06 (91.1)  Loss_feat: 89.33 (89.3)  Loss_gt: 1.728 (1.73) LR: 2.268e-02
2025-08-15 19:13:23,772 -                train: [    INFO] - Train: 161 [  96/97 (100%)]  Loss: 92.30 (91.7)  Loss_feat: 90.53 (89.9)  Loss_gt: 1.780 (1.75) LR: 2.268e-02
2025-08-15 19:13:23,772 -                train: [    INFO] - Distributing BatchNorm running means and vars
2025-08-15 19:13:24,138 -                train: [    INFO] - Test: [   0/19]  Time: 0.362 (0.362)  Loss:  1.1672 (1.1672)  Acc@1: 70.7031 (70.7031)  Acc@5: 90.4297 (90.4297)
2025-08-15 19:13:24,618 -                train: [    INFO] - Test: [  19/19]  Time: 0.009 (0.042)  Loss:  1.0791 (1.1531)  Acc@1: 69.8529 (69.6000)  Acc@5: 92.2794 (92.1400)
2025-08-15 19:13:24,854 - timm.utils.checkpoint_saver: [    INFO] - Current checkpoints:
 ('./output/train/20250815-182626-resnet18-224/checkpoint/checkpoint-158.pth.tar', 70.63000012207031)
 ('./output/train/20250815-182626-resnet18-224/checkpoint/checkpoint-160.pth.tar', 69.85999985351563)
 ('./output/train/20250815-182626-resnet18-224/checkpoint/checkpoint-161.pth.tar', 69.60000006103516)
 ('./output/train/20250815-182626-resnet18-224/checkpoint/checkpoint-157.pth.tar', 69.5100000366211)
 ('./output/train/20250815-182626-resnet18-224/checkpoint/checkpoint-147.pth.tar', 69.3100001220703)
 ('./output/train/20250815-182626-resnet18-224/checkpoint/checkpoint-146.pth.tar', 68.78999987792969)
 ('./output/train/20250815-182626-resnet18-224/checkpoint/checkpoint-135.pth.tar', 68.52999995117187)
 ('./output/train/20250815-182626-resnet18-224/checkpoint/checkpoint-154.pth.tar', 68.49999985351562)
 ('./output/train/20250815-182626-resnet18-224/checkpoint/checkpoint-156.pth.tar', 68.47999991455079)
 ('./output/train/20250815-182626-resnet18-224/checkpoint/checkpoint-159.pth.tar', 68.40000007324218)

2025-08-15 19:13:25,190 -                train: [    INFO] - Train: 162 [   0/97 (  0%)]  Loss: 90.59 (90.6)  Loss_feat: 88.93 (88.9)  Loss_gt: 1.660 (1.66) LR: 2.243e-02
2025-08-15 19:13:41,158 -                train: [    INFO] - Train: 162 [  96/97 (100%)]  Loss: 91.27 (90.9)  Loss_feat: 89.50 (89.2)  Loss_gt: 1.769 (1.71) LR: 2.243e-02
2025-08-15 19:13:41,158 -                train: [    INFO] - Distributing BatchNorm running means and vars
2025-08-15 19:13:41,468 -                train: [    INFO] - Test: [   0/19]  Time: 0.306 (0.306)  Loss:  1.1714 (1.1714)  Acc@1: 69.7266 (69.7266)  Acc@5: 89.6484 (89.6484)
2025-08-15 19:13:42,012 -                train: [    INFO] - Test: [  19/19]  Time: 0.009 (0.043)  Loss:  1.1300 (1.1755)  Acc@1: 71.6912 (69.1300)  Acc@5: 91.5441 (91.5700)
2025-08-15 19:13:42,216 - timm.utils.checkpoint_saver: [    INFO] - Current checkpoints:
 ('./output/train/20250815-182626-resnet18-224/checkpoint/checkpoint-158.pth.tar', 70.63000012207031)
 ('./output/train/20250815-182626-resnet18-224/checkpoint/checkpoint-160.pth.tar', 69.85999985351563)
 ('./output/train/20250815-182626-resnet18-224/checkpoint/checkpoint-161.pth.tar', 69.60000006103516)
 ('./output/train/20250815-182626-resnet18-224/checkpoint/checkpoint-157.pth.tar', 69.5100000366211)
 ('./output/train/20250815-182626-resnet18-224/checkpoint/checkpoint-147.pth.tar', 69.3100001220703)
 ('./output/train/20250815-182626-resnet18-224/checkpoint/checkpoint-162.pth.tar', 69.12999981689453)
 ('./output/train/20250815-182626-resnet18-224/checkpoint/checkpoint-146.pth.tar', 68.78999987792969)
 ('./output/train/20250815-182626-resnet18-224/checkpoint/checkpoint-135.pth.tar', 68.52999995117187)
 ('./output/train/20250815-182626-resnet18-224/checkpoint/checkpoint-154.pth.tar', 68.49999985351562)
 ('./output/train/20250815-182626-resnet18-224/checkpoint/checkpoint-156.pth.tar', 68.47999991455079)

2025-08-15 19:13:42,574 -                train: [    INFO] - Train: 163 [   0/97 (  0%)]  Loss: 89.52 (89.5)  Loss_feat: 87.80 (87.8)  Loss_gt: 1.717 (1.72) LR: 2.217e-02
2025-08-15 19:13:58,588 -                train: [    INFO] - Train: 163 [  96/97 (100%)]  Loss: 89.25 (89.4)  Loss_feat: 87.47 (87.6)  Loss_gt: 1.782 (1.75) LR: 2.217e-02
2025-08-15 19:13:58,589 -                train: [    INFO] - Distributing BatchNorm running means and vars
2025-08-15 19:13:58,944 -                train: [    INFO] - Test: [   0/19]  Time: 0.351 (0.351)  Loss:  1.1059 (1.1059)  Acc@1: 70.3125 (70.3125)  Acc@5: 91.7969 (91.7969)
2025-08-15 19:13:59,412 -                train: [    INFO] - Test: [  19/19]  Time: 0.009 (0.041)  Loss:  1.0603 (1.1613)  Acc@1: 70.5882 (68.5600)  Acc@5: 92.2794 (91.4100)
2025-08-15 19:13:59,840 - timm.utils.checkpoint_saver: [    INFO] - Current checkpoints:
 ('./output/train/20250815-182626-resnet18-224/checkpoint/checkpoint-158.pth.tar', 70.63000012207031)
 ('./output/train/20250815-182626-resnet18-224/checkpoint/checkpoint-160.pth.tar', 69.85999985351563)
 ('./output/train/20250815-182626-resnet18-224/checkpoint/checkpoint-161.pth.tar', 69.60000006103516)
 ('./output/train/20250815-182626-resnet18-224/checkpoint/checkpoint-157.pth.tar', 69.5100000366211)
 ('./output/train/20250815-182626-resnet18-224/checkpoint/checkpoint-147.pth.tar', 69.3100001220703)
 ('./output/train/20250815-182626-resnet18-224/checkpoint/checkpoint-162.pth.tar', 69.12999981689453)
 ('./output/train/20250815-182626-resnet18-224/checkpoint/checkpoint-146.pth.tar', 68.78999987792969)
 ('./output/train/20250815-182626-resnet18-224/checkpoint/checkpoint-163.pth.tar', 68.5599999633789)
 ('./output/train/20250815-182626-resnet18-224/checkpoint/checkpoint-135.pth.tar', 68.52999995117187)
 ('./output/train/20250815-182626-resnet18-224/checkpoint/checkpoint-154.pth.tar', 68.49999985351562)

2025-08-15 19:14:00,108 -                train: [    INFO] - Train: 164 [   0/97 (  0%)]  Loss: 88.74 (88.7)  Loss_feat: 87.03 (87.0)  Loss_gt: 1.707 (1.71) LR: 2.192e-02
2025-08-15 19:14:16,081 -                train: [    INFO] - Train: 164 [  96/97 (100%)]  Loss: 88.18 (88.5)  Loss_feat: 86.43 (86.7)  Loss_gt: 1.746 (1.73) LR: 2.192e-02
2025-08-15 19:14:16,082 -                train: [    INFO] - Distributing BatchNorm running means and vars
2025-08-15 19:14:16,404 -                train: [    INFO] - Test: [   0/19]  Time: 0.318 (0.318)  Loss:  1.1312 (1.1312)  Acc@1: 71.2891 (71.2891)  Acc@5: 93.3594 (93.3594)
2025-08-15 19:14:16,891 -                train: [    INFO] - Test: [  19/19]  Time: 0.009 (0.040)  Loss:  1.0584 (1.1750)  Acc@1: 71.6912 (69.3300)  Acc@5: 94.1176 (92.3600)
2025-08-15 19:14:17,101 - timm.utils.checkpoint_saver: [    INFO] - Current checkpoints:
 ('./output/train/20250815-182626-resnet18-224/checkpoint/checkpoint-158.pth.tar', 70.63000012207031)
 ('./output/train/20250815-182626-resnet18-224/checkpoint/checkpoint-160.pth.tar', 69.85999985351563)
 ('./output/train/20250815-182626-resnet18-224/checkpoint/checkpoint-161.pth.tar', 69.60000006103516)
 ('./output/train/20250815-182626-resnet18-224/checkpoint/checkpoint-157.pth.tar', 69.5100000366211)
 ('./output/train/20250815-182626-resnet18-224/checkpoint/checkpoint-164.pth.tar', 69.33000002441406)
 ('./output/train/20250815-182626-resnet18-224/checkpoint/checkpoint-147.pth.tar', 69.3100001220703)
 ('./output/train/20250815-182626-resnet18-224/checkpoint/checkpoint-162.pth.tar', 69.12999981689453)
 ('./output/train/20250815-182626-resnet18-224/checkpoint/checkpoint-146.pth.tar', 68.78999987792969)
 ('./output/train/20250815-182626-resnet18-224/checkpoint/checkpoint-163.pth.tar', 68.5599999633789)
 ('./output/train/20250815-182626-resnet18-224/checkpoint/checkpoint-135.pth.tar', 68.52999995117187)

2025-08-15 19:14:17,448 -                train: [    INFO] - Train: 165 [   0/97 (  0%)]  Loss: 87.82 (87.8)  Loss_feat: 86.21 (86.2)  Loss_gt: 1.614 (1.61) LR: 2.167e-02
2025-08-15 19:14:33,436 -                train: [    INFO] - Train: 165 [  96/97 (100%)]  Loss: 87.54 (87.7)  Loss_feat: 85.81 (86.0)  Loss_gt: 1.729 (1.67) LR: 2.167e-02
2025-08-15 19:14:33,436 -                train: [    INFO] - Distributing BatchNorm running means and vars
2025-08-15 19:14:33,740 -                train: [    INFO] - Test: [   0/19]  Time: 0.300 (0.300)  Loss:  1.1863 (1.1863)  Acc@1: 69.1406 (69.1406)  Acc@5: 89.8438 (89.8438)
2025-08-15 19:14:34,271 -                train: [    INFO] - Test: [  19/19]  Time: 0.009 (0.042)  Loss:  1.1334 (1.1781)  Acc@1: 70.5882 (69.2400)  Acc@5: 91.1765 (91.3300)
2025-08-15 19:14:34,537 - timm.utils.checkpoint_saver: [    INFO] - Current checkpoints:
 ('./output/train/20250815-182626-resnet18-224/checkpoint/checkpoint-158.pth.tar', 70.63000012207031)
 ('./output/train/20250815-182626-resnet18-224/checkpoint/checkpoint-160.pth.tar', 69.85999985351563)
 ('./output/train/20250815-182626-resnet18-224/checkpoint/checkpoint-161.pth.tar', 69.60000006103516)
 ('./output/train/20250815-182626-resnet18-224/checkpoint/checkpoint-157.pth.tar', 69.5100000366211)
 ('./output/train/20250815-182626-resnet18-224/checkpoint/checkpoint-164.pth.tar', 69.33000002441406)
 ('./output/train/20250815-182626-resnet18-224/checkpoint/checkpoint-147.pth.tar', 69.3100001220703)
 ('./output/train/20250815-182626-resnet18-224/checkpoint/checkpoint-165.pth.tar', 69.2399999633789)
 ('./output/train/20250815-182626-resnet18-224/checkpoint/checkpoint-162.pth.tar', 69.12999981689453)
 ('./output/train/20250815-182626-resnet18-224/checkpoint/checkpoint-146.pth.tar', 68.78999987792969)
 ('./output/train/20250815-182626-resnet18-224/checkpoint/checkpoint-163.pth.tar', 68.5599999633789)

2025-08-15 19:14:34,832 -                train: [    INFO] - Train: 166 [   0/97 (  0%)]  Loss: 86.34 (86.3)  Loss_feat: 84.59 (84.6)  Loss_gt: 1.750 (1.75) LR: 2.141e-02
2025-08-15 19:14:50,686 -                train: [    INFO] - Train: 166 [  96/97 (100%)]  Loss: 86.72 (86.5)  Loss_feat: 84.86 (84.7)  Loss_gt: 1.861 (1.81) LR: 2.141e-02
2025-08-15 19:14:50,686 -                train: [    INFO] - Distributing BatchNorm running means and vars
2025-08-15 19:14:51,002 -                train: [    INFO] - Test: [   0/19]  Time: 0.313 (0.313)  Loss:  1.1741 (1.1741)  Acc@1: 68.7500 (68.7500)  Acc@5: 90.0391 (90.0391)
2025-08-15 19:14:51,513 -                train: [    INFO] - Test: [  19/19]  Time: 0.009 (0.041)  Loss:  1.1220 (1.1873)  Acc@1: 68.3823 (68.8000)  Acc@5: 90.8088 (91.7400)
2025-08-15 19:14:51,845 - timm.utils.checkpoint_saver: [    INFO] - Current checkpoints:
 ('./output/train/20250815-182626-resnet18-224/checkpoint/checkpoint-158.pth.tar', 70.63000012207031)
 ('./output/train/20250815-182626-resnet18-224/checkpoint/checkpoint-160.pth.tar', 69.85999985351563)
 ('./output/train/20250815-182626-resnet18-224/checkpoint/checkpoint-161.pth.tar', 69.60000006103516)
 ('./output/train/20250815-182626-resnet18-224/checkpoint/checkpoint-157.pth.tar', 69.5100000366211)
 ('./output/train/20250815-182626-resnet18-224/checkpoint/checkpoint-164.pth.tar', 69.33000002441406)
 ('./output/train/20250815-182626-resnet18-224/checkpoint/checkpoint-147.pth.tar', 69.3100001220703)
 ('./output/train/20250815-182626-resnet18-224/checkpoint/checkpoint-165.pth.tar', 69.2399999633789)
 ('./output/train/20250815-182626-resnet18-224/checkpoint/checkpoint-162.pth.tar', 69.12999981689453)
 ('./output/train/20250815-182626-resnet18-224/checkpoint/checkpoint-166.pth.tar', 68.79999984130859)
 ('./output/train/20250815-182626-resnet18-224/checkpoint/checkpoint-146.pth.tar', 68.78999987792969)

2025-08-15 19:14:52,123 -                train: [    INFO] - Train: 167 [   0/97 (  0%)]  Loss: 85.61 (85.6)  Loss_feat: 83.89 (83.9)  Loss_gt: 1.712 (1.71) LR: 2.116e-02
2025-08-15 19:15:08,009 -                train: [    INFO] - Train: 167 [  96/97 (100%)]  Loss: 85.56 (85.6)  Loss_feat: 83.75 (83.8)  Loss_gt: 1.814 (1.76) LR: 2.116e-02
2025-08-15 19:15:08,009 -                train: [    INFO] - Distributing BatchNorm running means and vars
2025-08-15 19:15:08,328 -                train: [    INFO] - Test: [   0/19]  Time: 0.316 (0.316)  Loss:  1.2097 (1.2097)  Acc@1: 68.1641 (68.1641)  Acc@5: 91.2109 (91.2109)
2025-08-15 19:15:08,837 -                train: [    INFO] - Test: [  19/19]  Time: 0.009 (0.041)  Loss:  1.1220 (1.2064)  Acc@1: 71.3235 (68.0200)  Acc@5: 91.5441 (91.4700)
2025-08-15 19:15:09,421 -                train: [    INFO] - Train: 168 [   0/97 (  0%)]  Loss: 83.81 (83.8)  Loss_feat: 82.12 (82.1)  Loss_gt: 1.689 (1.69) LR: 2.091e-02
2025-08-15 19:15:25,304 -                train: [    INFO] - Train: 168 [  96/97 (100%)]  Loss: 84.42 (84.1)  Loss_feat: 82.69 (82.4)  Loss_gt: 1.728 (1.71) LR: 2.091e-02
2025-08-15 19:15:25,304 -                train: [    INFO] - Distributing BatchNorm running means and vars
2025-08-15 19:15:25,636 -                train: [    INFO] - Test: [   0/19]  Time: 0.328 (0.328)  Loss:  1.1084 (1.1084)  Acc@1: 71.0938 (71.0938)  Acc@5: 92.1875 (92.1875)
2025-08-15 19:15:26,104 -                train: [    INFO] - Test: [  19/19]  Time: 0.009 (0.040)  Loss:  1.1381 (1.1699)  Acc@1: 69.8529 (69.0500)  Acc@5: 90.4412 (92.0000)
2025-08-15 19:15:26,300 - timm.utils.checkpoint_saver: [    INFO] - Current checkpoints:
 ('./output/train/20250815-182626-resnet18-224/checkpoint/checkpoint-158.pth.tar', 70.63000012207031)
 ('./output/train/20250815-182626-resnet18-224/checkpoint/checkpoint-160.pth.tar', 69.85999985351563)
 ('./output/train/20250815-182626-resnet18-224/checkpoint/checkpoint-161.pth.tar', 69.60000006103516)
 ('./output/train/20250815-182626-resnet18-224/checkpoint/checkpoint-157.pth.tar', 69.5100000366211)
 ('./output/train/20250815-182626-resnet18-224/checkpoint/checkpoint-164.pth.tar', 69.33000002441406)
 ('./output/train/20250815-182626-resnet18-224/checkpoint/checkpoint-147.pth.tar', 69.3100001220703)
 ('./output/train/20250815-182626-resnet18-224/checkpoint/checkpoint-165.pth.tar', 69.2399999633789)
 ('./output/train/20250815-182626-resnet18-224/checkpoint/checkpoint-162.pth.tar', 69.12999981689453)
 ('./output/train/20250815-182626-resnet18-224/checkpoint/checkpoint-168.pth.tar', 69.04999985351563)
 ('./output/train/20250815-182626-resnet18-224/checkpoint/checkpoint-166.pth.tar', 68.79999984130859)

2025-08-15 19:15:26,616 -                train: [    INFO] - Train: 169 [   0/97 (  0%)]  Loss: 83.79 (83.8)  Loss_feat: 82.18 (82.2)  Loss_gt: 1.609 (1.61) LR: 2.066e-02
2025-08-15 19:15:42,574 -                train: [    INFO] - Train: 169 [  96/97 (100%)]  Loss: 83.37 (83.6)  Loss_feat: 81.64 (81.9)  Loss_gt: 1.725 (1.67) LR: 2.066e-02
2025-08-15 19:15:42,574 -                train: [    INFO] - Distributing BatchNorm running means and vars
2025-08-15 19:15:42,924 -                train: [    INFO] - Test: [   0/19]  Time: 0.346 (0.346)  Loss:  1.2371 (1.2371)  Acc@1: 69.7266 (69.7266)  Acc@5: 91.7969 (91.7969)
2025-08-15 19:15:43,405 -                train: [    INFO] - Test: [  19/19]  Time: 0.009 (0.041)  Loss:  1.2542 (1.2945)  Acc@1: 69.1176 (66.8000)  Acc@5: 90.8088 (90.2900)
2025-08-15 19:15:43,955 -                train: [    INFO] - Train: 170 [   0/97 (  0%)]  Loss: 82.32 (82.3)  Loss_feat: 80.71 (80.7)  Loss_gt: 1.605 (1.60) LR: 2.041e-02
2025-08-15 19:15:59,916 -                train: [    INFO] - Train: 170 [  96/97 (100%)]  Loss: 82.54 (82.4)  Loss_feat: 80.77 (80.7)  Loss_gt: 1.769 (1.69) LR: 2.041e-02
2025-08-15 19:15:59,916 -                train: [    INFO] - Distributing BatchNorm running means and vars
2025-08-15 19:16:00,289 -                train: [    INFO] - Test: [   0/19]  Time: 0.369 (0.369)  Loss:  1.0783 (1.0783)  Acc@1: 73.4375 (73.4375)  Acc@5: 91.4062 (91.4062)
2025-08-15 19:16:00,777 -                train: [    INFO] - Test: [  19/19]  Time: 0.009 (0.043)  Loss:  1.1275 (1.1405)  Acc@1: 71.3235 (70.1300)  Acc@5: 92.6471 (92.4000)
2025-08-15 19:16:01,110 - timm.utils.checkpoint_saver: [    INFO] - Current checkpoints:
 ('./output/train/20250815-182626-resnet18-224/checkpoint/checkpoint-158.pth.tar', 70.63000012207031)
 ('./output/train/20250815-182626-resnet18-224/checkpoint/checkpoint-170.pth.tar', 70.12999986572265)
 ('./output/train/20250815-182626-resnet18-224/checkpoint/checkpoint-160.pth.tar', 69.85999985351563)
 ('./output/train/20250815-182626-resnet18-224/checkpoint/checkpoint-161.pth.tar', 69.60000006103516)
 ('./output/train/20250815-182626-resnet18-224/checkpoint/checkpoint-157.pth.tar', 69.5100000366211)
 ('./output/train/20250815-182626-resnet18-224/checkpoint/checkpoint-164.pth.tar', 69.33000002441406)
 ('./output/train/20250815-182626-resnet18-224/checkpoint/checkpoint-147.pth.tar', 69.3100001220703)
 ('./output/train/20250815-182626-resnet18-224/checkpoint/checkpoint-165.pth.tar', 69.2399999633789)
 ('./output/train/20250815-182626-resnet18-224/checkpoint/checkpoint-162.pth.tar', 69.12999981689453)
 ('./output/train/20250815-182626-resnet18-224/checkpoint/checkpoint-168.pth.tar', 69.04999985351563)

2025-08-15 19:16:01,377 -                train: [    INFO] - Train: 171 [   0/97 (  0%)]  Loss: 81.41 (81.4)  Loss_feat: 79.81 (79.8)  Loss_gt: 1.597 (1.60) LR: 2.016e-02
2025-08-15 19:16:17,344 -                train: [    INFO] - Train: 171 [  96/97 (100%)]  Loss: 81.16 (81.3)  Loss_feat: 79.43 (79.6)  Loss_gt: 1.731 (1.66) LR: 2.016e-02
2025-08-15 19:16:17,345 -                train: [    INFO] - Distributing BatchNorm running means and vars
2025-08-15 19:16:17,724 -                train: [    INFO] - Test: [   0/19]  Time: 0.376 (0.376)  Loss:  1.1716 (1.1716)  Acc@1: 70.1172 (70.1172)  Acc@5: 89.6484 (89.6484)
2025-08-15 19:16:18,202 -                train: [    INFO] - Test: [  19/19]  Time: 0.009 (0.043)  Loss:  1.1252 (1.1909)  Acc@1: 71.6912 (68.4800)  Acc@5: 90.8088 (91.7100)
2025-08-15 19:16:18,777 -                train: [    INFO] - Train: 172 [   0/97 (  0%)]  Loss: 80.50 (80.5)  Loss_feat: 78.83 (78.8)  Loss_gt: 1.671 (1.67) LR: 1.991e-02
2025-08-15 19:16:34,726 -                train: [    INFO] - Train: 172 [  96/97 (100%)]  Loss: 80.44 (80.5)  Loss_feat: 78.71 (78.8)  Loss_gt: 1.732 (1.70) LR: 1.991e-02
2025-08-15 19:16:34,726 -                train: [    INFO] - Distributing BatchNorm running means and vars
2025-08-15 19:16:35,028 -                train: [    INFO] - Test: [   0/19]  Time: 0.298 (0.298)  Loss:  1.1811 (1.1811)  Acc@1: 67.1875 (67.1875)  Acc@5: 91.2109 (91.2109)
2025-08-15 19:16:35,533 -                train: [    INFO] - Test: [  19/19]  Time: 0.009 (0.040)  Loss:  1.1266 (1.1756)  Acc@1: 72.7941 (69.3200)  Acc@5: 92.6471 (91.8600)
2025-08-15 19:16:35,786 - timm.utils.checkpoint_saver: [    INFO] - Current checkpoints:
 ('./output/train/20250815-182626-resnet18-224/checkpoint/checkpoint-158.pth.tar', 70.63000012207031)
 ('./output/train/20250815-182626-resnet18-224/checkpoint/checkpoint-170.pth.tar', 70.12999986572265)
 ('./output/train/20250815-182626-resnet18-224/checkpoint/checkpoint-160.pth.tar', 69.85999985351563)
 ('./output/train/20250815-182626-resnet18-224/checkpoint/checkpoint-161.pth.tar', 69.60000006103516)
 ('./output/train/20250815-182626-resnet18-224/checkpoint/checkpoint-157.pth.tar', 69.5100000366211)
 ('./output/train/20250815-182626-resnet18-224/checkpoint/checkpoint-164.pth.tar', 69.33000002441406)
 ('./output/train/20250815-182626-resnet18-224/checkpoint/checkpoint-172.pth.tar', 69.31999987792969)
 ('./output/train/20250815-182626-resnet18-224/checkpoint/checkpoint-147.pth.tar', 69.3100001220703)
 ('./output/train/20250815-182626-resnet18-224/checkpoint/checkpoint-165.pth.tar', 69.2399999633789)
 ('./output/train/20250815-182626-resnet18-224/checkpoint/checkpoint-162.pth.tar', 69.12999981689453)

2025-08-15 19:16:36,112 -                train: [    INFO] - Train: 173 [   0/97 (  0%)]  Loss: 79.27 (79.3)  Loss_feat: 77.64 (77.6)  Loss_gt: 1.629 (1.63) LR: 1.966e-02
2025-08-15 19:16:52,015 -                train: [    INFO] - Train: 173 [  96/97 (100%)]  Loss: 78.73 (79.0)  Loss_feat: 77.00 (77.3)  Loss_gt: 1.730 (1.68) LR: 1.966e-02
2025-08-15 19:16:52,015 -                train: [    INFO] - Distributing BatchNorm running means and vars
2025-08-15 19:16:52,339 -                train: [    INFO] - Test: [   0/19]  Time: 0.321 (0.321)  Loss:  1.2221 (1.2221)  Acc@1: 67.5781 (67.5781)  Acc@5: 90.4297 (90.4297)
2025-08-15 19:16:52,838 -                train: [    INFO] - Test: [  19/19]  Time: 0.009 (0.041)  Loss:  1.2371 (1.2718)  Acc@1: 69.4853 (66.2500)  Acc@5: 89.7059 (90.2900)
2025-08-15 19:16:53,386 -                train: [    INFO] - Train: 174 [   0/97 (  0%)]  Loss: 78.22 (78.2)  Loss_feat: 76.52 (76.5)  Loss_gt: 1.704 (1.70) LR: 1.941e-02
2025-08-15 19:17:09,336 -                train: [    INFO] - Train: 174 [  96/97 (100%)]  Loss: 77.94 (78.1)  Loss_feat: 76.19 (76.4)  Loss_gt: 1.750 (1.73) LR: 1.941e-02
2025-08-15 19:17:09,337 -                train: [    INFO] - Distributing BatchNorm running means and vars
2025-08-15 19:17:09,648 -                train: [    INFO] - Test: [   0/19]  Time: 0.307 (0.307)  Loss:  1.1177 (1.1177)  Acc@1: 72.2656 (72.2656)  Acc@5: 90.4297 (90.4297)
2025-08-15 19:17:10,166 -                train: [    INFO] - Test: [  19/19]  Time: 0.009 (0.041)  Loss:  1.0564 (1.1429)  Acc@1: 76.1029 (70.3700)  Acc@5: 91.5441 (92.2300)
2025-08-15 19:17:10,518 - timm.utils.checkpoint_saver: [    INFO] - Current checkpoints:
 ('./output/train/20250815-182626-resnet18-224/checkpoint/checkpoint-158.pth.tar', 70.63000012207031)
 ('./output/train/20250815-182626-resnet18-224/checkpoint/checkpoint-174.pth.tar', 70.37000006103516)
 ('./output/train/20250815-182626-resnet18-224/checkpoint/checkpoint-170.pth.tar', 70.12999986572265)
 ('./output/train/20250815-182626-resnet18-224/checkpoint/checkpoint-160.pth.tar', 69.85999985351563)
 ('./output/train/20250815-182626-resnet18-224/checkpoint/checkpoint-161.pth.tar', 69.60000006103516)
 ('./output/train/20250815-182626-resnet18-224/checkpoint/checkpoint-157.pth.tar', 69.5100000366211)
 ('./output/train/20250815-182626-resnet18-224/checkpoint/checkpoint-164.pth.tar', 69.33000002441406)
 ('./output/train/20250815-182626-resnet18-224/checkpoint/checkpoint-172.pth.tar', 69.31999987792969)
 ('./output/train/20250815-182626-resnet18-224/checkpoint/checkpoint-147.pth.tar', 69.3100001220703)
 ('./output/train/20250815-182626-resnet18-224/checkpoint/checkpoint-165.pth.tar', 69.2399999633789)

2025-08-15 19:17:10,787 -                train: [    INFO] - Train: 175 [   0/97 (  0%)]  Loss: 77.17 (77.2)  Loss_feat: 75.51 (75.5)  Loss_gt: 1.660 (1.66) LR: 1.916e-02
2025-08-15 19:17:26,750 -                train: [    INFO] - Train: 175 [  96/97 (100%)]  Loss: 77.35 (77.3)  Loss_feat: 75.62 (75.6)  Loss_gt: 1.733 (1.70) LR: 1.916e-02
2025-08-15 19:17:26,750 -                train: [    INFO] - Distributing BatchNorm running means and vars
2025-08-15 19:17:27,066 -                train: [    INFO] - Test: [   0/19]  Time: 0.312 (0.312)  Loss:  1.0946 (1.0946)  Acc@1: 71.6797 (71.6797)  Acc@5: 91.9922 (91.9922)
2025-08-15 19:17:27,603 -                train: [    INFO] - Test: [  19/19]  Time: 0.009 (0.042)  Loss:  1.1241 (1.1285)  Acc@1: 72.7941 (71.1200)  Acc@5: 92.6471 (92.4400)
2025-08-15 19:17:27,925 - timm.utils.checkpoint_saver: [    INFO] - Current checkpoints:
 ('./output/train/20250815-182626-resnet18-224/checkpoint/checkpoint-175.pth.tar', 71.12000008544922)
 ('./output/train/20250815-182626-resnet18-224/checkpoint/checkpoint-158.pth.tar', 70.63000012207031)
 ('./output/train/20250815-182626-resnet18-224/checkpoint/checkpoint-174.pth.tar', 70.37000006103516)
 ('./output/train/20250815-182626-resnet18-224/checkpoint/checkpoint-170.pth.tar', 70.12999986572265)
 ('./output/train/20250815-182626-resnet18-224/checkpoint/checkpoint-160.pth.tar', 69.85999985351563)
 ('./output/train/20250815-182626-resnet18-224/checkpoint/checkpoint-161.pth.tar', 69.60000006103516)
 ('./output/train/20250815-182626-resnet18-224/checkpoint/checkpoint-157.pth.tar', 69.5100000366211)
 ('./output/train/20250815-182626-resnet18-224/checkpoint/checkpoint-164.pth.tar', 69.33000002441406)
 ('./output/train/20250815-182626-resnet18-224/checkpoint/checkpoint-172.pth.tar', 69.31999987792969)
 ('./output/train/20250815-182626-resnet18-224/checkpoint/checkpoint-147.pth.tar', 69.3100001220703)

2025-08-15 19:17:28,193 -                train: [    INFO] - Train: 176 [   0/97 (  0%)]  Loss: 76.76 (76.8)  Loss_feat: 75.12 (75.1)  Loss_gt: 1.647 (1.65) LR: 1.891e-02
2025-08-15 19:17:44,075 -                train: [    INFO] - Train: 176 [  96/97 (100%)]  Loss: 76.16 (76.5)  Loss_feat: 74.41 (74.8)  Loss_gt: 1.752 (1.70) LR: 1.891e-02
2025-08-15 19:17:44,075 -                train: [    INFO] - Distributing BatchNorm running means and vars
2025-08-15 19:17:44,387 -                train: [    INFO] - Test: [   0/19]  Time: 0.308 (0.308)  Loss:  1.0881 (1.0881)  Acc@1: 72.6562 (72.6562)  Acc@5: 93.3594 (93.3594)
2025-08-15 19:17:44,925 -                train: [    INFO] - Test: [  19/19]  Time: 0.009 (0.042)  Loss:  1.1500 (1.1678)  Acc@1: 71.3235 (69.9700)  Acc@5: 91.9118 (92.1200)
2025-08-15 19:17:45,205 - timm.utils.checkpoint_saver: [    INFO] - Current checkpoints:
 ('./output/train/20250815-182626-resnet18-224/checkpoint/checkpoint-175.pth.tar', 71.12000008544922)
 ('./output/train/20250815-182626-resnet18-224/checkpoint/checkpoint-158.pth.tar', 70.63000012207031)
 ('./output/train/20250815-182626-resnet18-224/checkpoint/checkpoint-174.pth.tar', 70.37000006103516)
 ('./output/train/20250815-182626-resnet18-224/checkpoint/checkpoint-170.pth.tar', 70.12999986572265)
 ('./output/train/20250815-182626-resnet18-224/checkpoint/checkpoint-176.pth.tar', 69.97000007324219)
 ('./output/train/20250815-182626-resnet18-224/checkpoint/checkpoint-160.pth.tar', 69.85999985351563)
 ('./output/train/20250815-182626-resnet18-224/checkpoint/checkpoint-161.pth.tar', 69.60000006103516)
 ('./output/train/20250815-182626-resnet18-224/checkpoint/checkpoint-157.pth.tar', 69.5100000366211)
 ('./output/train/20250815-182626-resnet18-224/checkpoint/checkpoint-164.pth.tar', 69.33000002441406)
 ('./output/train/20250815-182626-resnet18-224/checkpoint/checkpoint-172.pth.tar', 69.31999987792969)

2025-08-15 19:17:45,499 -                train: [    INFO] - Train: 177 [   0/97 (  0%)]  Loss: 75.17 (75.2)  Loss_feat: 73.57 (73.6)  Loss_gt: 1.601 (1.60) LR: 1.866e-02
2025-08-15 19:18:01,433 -                train: [    INFO] - Train: 177 [  96/97 (100%)]  Loss: 75.52 (75.3)  Loss_feat: 73.78 (73.7)  Loss_gt: 1.737 (1.67) LR: 1.866e-02
2025-08-15 19:18:01,433 -                train: [    INFO] - Distributing BatchNorm running means and vars
2025-08-15 19:18:01,706 -                train: [    INFO] - Test: [   0/19]  Time: 0.269 (0.269)  Loss:  1.1084 (1.1084)  Acc@1: 72.2656 (72.2656)  Acc@5: 93.5547 (93.5547)
2025-08-15 19:18:02,235 -                train: [    INFO] - Test: [  19/19]  Time: 0.009 (0.040)  Loss:  1.1996 (1.1620)  Acc@1: 71.6912 (70.1600)  Acc@5: 88.2353 (91.9000)
2025-08-15 19:18:02,585 - timm.utils.checkpoint_saver: [    INFO] - Current checkpoints:
 ('./output/train/20250815-182626-resnet18-224/checkpoint/checkpoint-175.pth.tar', 71.12000008544922)
 ('./output/train/20250815-182626-resnet18-224/checkpoint/checkpoint-158.pth.tar', 70.63000012207031)
 ('./output/train/20250815-182626-resnet18-224/checkpoint/checkpoint-174.pth.tar', 70.37000006103516)
 ('./output/train/20250815-182626-resnet18-224/checkpoint/checkpoint-177.pth.tar', 70.15999981689453)
 ('./output/train/20250815-182626-resnet18-224/checkpoint/checkpoint-170.pth.tar', 70.12999986572265)
 ('./output/train/20250815-182626-resnet18-224/checkpoint/checkpoint-176.pth.tar', 69.97000007324219)
 ('./output/train/20250815-182626-resnet18-224/checkpoint/checkpoint-160.pth.tar', 69.85999985351563)
 ('./output/train/20250815-182626-resnet18-224/checkpoint/checkpoint-161.pth.tar', 69.60000006103516)
 ('./output/train/20250815-182626-resnet18-224/checkpoint/checkpoint-157.pth.tar', 69.5100000366211)
 ('./output/train/20250815-182626-resnet18-224/checkpoint/checkpoint-164.pth.tar', 69.33000002441406)

2025-08-15 19:18:02,851 -                train: [    INFO] - Train: 178 [   0/97 (  0%)]  Loss: 73.89 (73.9)  Loss_feat: 72.20 (72.2)  Loss_gt: 1.685 (1.69) LR: 1.842e-02
2025-08-15 19:18:18,754 -                train: [    INFO] - Train: 178 [  96/97 (100%)]  Loss: 73.97 (73.9)  Loss_feat: 72.38 (72.3)  Loss_gt: 1.590 (1.64) LR: 1.842e-02
2025-08-15 19:18:18,754 -                train: [    INFO] - Distributing BatchNorm running means and vars
2025-08-15 19:18:19,100 -                train: [    INFO] - Test: [   0/19]  Time: 0.342 (0.342)  Loss:  1.0717 (1.0717)  Acc@1: 70.7031 (70.7031)  Acc@5: 92.7734 (92.7734)
2025-08-15 19:18:19,583 -                train: [    INFO] - Test: [  19/19]  Time: 0.009 (0.041)  Loss:  1.0486 (1.1273)  Acc@1: 71.3235 (70.0600)  Acc@5: 94.1176 (92.6300)
2025-08-15 19:18:19,853 - timm.utils.checkpoint_saver: [    INFO] - Current checkpoints:
 ('./output/train/20250815-182626-resnet18-224/checkpoint/checkpoint-175.pth.tar', 71.12000008544922)
 ('./output/train/20250815-182626-resnet18-224/checkpoint/checkpoint-158.pth.tar', 70.63000012207031)
 ('./output/train/20250815-182626-resnet18-224/checkpoint/checkpoint-174.pth.tar', 70.37000006103516)
 ('./output/train/20250815-182626-resnet18-224/checkpoint/checkpoint-177.pth.tar', 70.15999981689453)
 ('./output/train/20250815-182626-resnet18-224/checkpoint/checkpoint-170.pth.tar', 70.12999986572265)
 ('./output/train/20250815-182626-resnet18-224/checkpoint/checkpoint-178.pth.tar', 70.0600000732422)
 ('./output/train/20250815-182626-resnet18-224/checkpoint/checkpoint-176.pth.tar', 69.97000007324219)
 ('./output/train/20250815-182626-resnet18-224/checkpoint/checkpoint-160.pth.tar', 69.85999985351563)
 ('./output/train/20250815-182626-resnet18-224/checkpoint/checkpoint-161.pth.tar', 69.60000006103516)
 ('./output/train/20250815-182626-resnet18-224/checkpoint/checkpoint-157.pth.tar', 69.5100000366211)

2025-08-15 19:18:20,141 -                train: [    INFO] - Train: 179 [   0/97 (  0%)]  Loss: 72.99 (73.0)  Loss_feat: 71.34 (71.3)  Loss_gt: 1.646 (1.65) LR: 1.817e-02
2025-08-15 19:18:35,999 -                train: [    INFO] - Train: 179 [  96/97 (100%)]  Loss: 73.19 (73.1)  Loss_feat: 71.51 (71.4)  Loss_gt: 1.671 (1.66) LR: 1.817e-02
2025-08-15 19:18:35,999 -                train: [    INFO] - Distributing BatchNorm running means and vars
2025-08-15 19:18:36,322 -                train: [    INFO] - Test: [   0/19]  Time: 0.319 (0.319)  Loss:  1.0769 (1.0769)  Acc@1: 70.7031 (70.7031)  Acc@5: 92.9688 (92.9688)
2025-08-15 19:18:36,836 -                train: [    INFO] - Test: [  19/19]  Time: 0.009 (0.042)  Loss:  1.1030 (1.1082)  Acc@1: 72.7941 (70.5100)  Acc@5: 91.9118 (92.4200)
2025-08-15 19:18:37,117 - timm.utils.checkpoint_saver: [    INFO] - Current checkpoints:
 ('./output/train/20250815-182626-resnet18-224/checkpoint/checkpoint-175.pth.tar', 71.12000008544922)
 ('./output/train/20250815-182626-resnet18-224/checkpoint/checkpoint-158.pth.tar', 70.63000012207031)
 ('./output/train/20250815-182626-resnet18-224/checkpoint/checkpoint-179.pth.tar', 70.50999987792969)
 ('./output/train/20250815-182626-resnet18-224/checkpoint/checkpoint-174.pth.tar', 70.37000006103516)
 ('./output/train/20250815-182626-resnet18-224/checkpoint/checkpoint-177.pth.tar', 70.15999981689453)
 ('./output/train/20250815-182626-resnet18-224/checkpoint/checkpoint-170.pth.tar', 70.12999986572265)
 ('./output/train/20250815-182626-resnet18-224/checkpoint/checkpoint-178.pth.tar', 70.0600000732422)
 ('./output/train/20250815-182626-resnet18-224/checkpoint/checkpoint-176.pth.tar', 69.97000007324219)
 ('./output/train/20250815-182626-resnet18-224/checkpoint/checkpoint-160.pth.tar', 69.85999985351563)
 ('./output/train/20250815-182626-resnet18-224/checkpoint/checkpoint-161.pth.tar', 69.60000006103516)

2025-08-15 19:18:37,407 -                train: [    INFO] - Train: 180 [   0/97 (  0%)]  Loss: 72.26 (72.3)  Loss_feat: 70.63 (70.6)  Loss_gt: 1.628 (1.63) LR: 1.793e-02
2025-08-15 19:18:53,312 -                train: [    INFO] - Train: 180 [  96/97 (100%)]  Loss: 72.50 (72.4)  Loss_feat: 70.77 (70.7)  Loss_gt: 1.725 (1.68) LR: 1.793e-02
2025-08-15 19:18:53,313 -                train: [    INFO] - Distributing BatchNorm running means and vars
2025-08-15 19:18:53,660 -                train: [    INFO] - Test: [   0/19]  Time: 0.344 (0.344)  Loss:  1.0672 (1.0672)  Acc@1: 73.4375 (73.4375)  Acc@5: 93.1641 (93.1641)
2025-08-15 19:18:54,173 -                train: [    INFO] - Test: [  19/19]  Time: 0.009 (0.043)  Loss:  1.1353 (1.1183)  Acc@1: 69.8529 (70.7200)  Acc@5: 91.9118 (92.3200)
2025-08-15 19:18:54,659 - timm.utils.checkpoint_saver: [    INFO] - Current checkpoints:
 ('./output/train/20250815-182626-resnet18-224/checkpoint/checkpoint-175.pth.tar', 71.12000008544922)
 ('./output/train/20250815-182626-resnet18-224/checkpoint/checkpoint-180.pth.tar', 70.71999985351563)
 ('./output/train/20250815-182626-resnet18-224/checkpoint/checkpoint-158.pth.tar', 70.63000012207031)
 ('./output/train/20250815-182626-resnet18-224/checkpoint/checkpoint-179.pth.tar', 70.50999987792969)
 ('./output/train/20250815-182626-resnet18-224/checkpoint/checkpoint-174.pth.tar', 70.37000006103516)
 ('./output/train/20250815-182626-resnet18-224/checkpoint/checkpoint-177.pth.tar', 70.15999981689453)
 ('./output/train/20250815-182626-resnet18-224/checkpoint/checkpoint-170.pth.tar', 70.12999986572265)
 ('./output/train/20250815-182626-resnet18-224/checkpoint/checkpoint-178.pth.tar', 70.0600000732422)
 ('./output/train/20250815-182626-resnet18-224/checkpoint/checkpoint-176.pth.tar', 69.97000007324219)
 ('./output/train/20250815-182626-resnet18-224/checkpoint/checkpoint-160.pth.tar', 69.85999985351563)

2025-08-15 19:18:54,917 -                train: [    INFO] - Train: 181 [   0/97 (  0%)]  Loss: 71.21 (71.2)  Loss_feat: 69.66 (69.7)  Loss_gt: 1.551 (1.55) LR: 1.769e-02
2025-08-15 19:19:10,840 -                train: [    INFO] - Train: 181 [  96/97 (100%)]  Loss: 71.14 (71.2)  Loss_feat: 69.45 (69.6)  Loss_gt: 1.697 (1.62) LR: 1.769e-02
2025-08-15 19:19:10,840 -                train: [    INFO] - Distributing BatchNorm running means and vars
2025-08-15 19:19:11,198 -                train: [    INFO] - Test: [   0/19]  Time: 0.354 (0.354)  Loss:  1.1211 (1.1211)  Acc@1: 69.7266 (69.7266)  Acc@5: 93.3594 (93.3594)
2025-08-15 19:19:11,696 -                train: [    INFO] - Test: [  19/19]  Time: 0.009 (0.043)  Loss:  1.0849 (1.1213)  Acc@1: 74.6324 (70.9600)  Acc@5: 91.9118 (92.8000)
2025-08-15 19:19:11,948 - timm.utils.checkpoint_saver: [    INFO] - Current checkpoints:
 ('./output/train/20250815-182626-resnet18-224/checkpoint/checkpoint-175.pth.tar', 71.12000008544922)
 ('./output/train/20250815-182626-resnet18-224/checkpoint/checkpoint-181.pth.tar', 70.96000004882812)
 ('./output/train/20250815-182626-resnet18-224/checkpoint/checkpoint-180.pth.tar', 70.71999985351563)
 ('./output/train/20250815-182626-resnet18-224/checkpoint/checkpoint-158.pth.tar', 70.63000012207031)
 ('./output/train/20250815-182626-resnet18-224/checkpoint/checkpoint-179.pth.tar', 70.50999987792969)
 ('./output/train/20250815-182626-resnet18-224/checkpoint/checkpoint-174.pth.tar', 70.37000006103516)
 ('./output/train/20250815-182626-resnet18-224/checkpoint/checkpoint-177.pth.tar', 70.15999981689453)
 ('./output/train/20250815-182626-resnet18-224/checkpoint/checkpoint-170.pth.tar', 70.12999986572265)
 ('./output/train/20250815-182626-resnet18-224/checkpoint/checkpoint-178.pth.tar', 70.0600000732422)
 ('./output/train/20250815-182626-resnet18-224/checkpoint/checkpoint-176.pth.tar', 69.97000007324219)

2025-08-15 19:19:12,265 -                train: [    INFO] - Train: 182 [   0/97 (  0%)]  Loss: 69.99 (70.0)  Loss_feat: 68.40 (68.4)  Loss_gt: 1.588 (1.59) LR: 1.744e-02
2025-08-15 19:19:28,117 -                train: [    INFO] - Train: 182 [  96/97 (100%)]  Loss: 70.48 (70.2)  Loss_feat: 68.78 (68.6)  Loss_gt: 1.703 (1.65) LR: 1.744e-02
2025-08-15 19:19:28,117 -                train: [    INFO] - Distributing BatchNorm running means and vars
2025-08-15 19:19:28,505 -                train: [    INFO] - Test: [   0/19]  Time: 0.384 (0.384)  Loss:  1.1759 (1.1759)  Acc@1: 71.6797 (71.6797)  Acc@5: 92.7734 (92.7734)
2025-08-15 19:19:28,970 -                train: [    INFO] - Test: [  19/19]  Time: 0.009 (0.042)  Loss:  1.2015 (1.2045)  Acc@1: 69.4853 (69.9900)  Acc@5: 91.9118 (91.8400)
2025-08-15 19:19:29,284 - timm.utils.checkpoint_saver: [    INFO] - Current checkpoints:
 ('./output/train/20250815-182626-resnet18-224/checkpoint/checkpoint-175.pth.tar', 71.12000008544922)
 ('./output/train/20250815-182626-resnet18-224/checkpoint/checkpoint-181.pth.tar', 70.96000004882812)
 ('./output/train/20250815-182626-resnet18-224/checkpoint/checkpoint-180.pth.tar', 70.71999985351563)
 ('./output/train/20250815-182626-resnet18-224/checkpoint/checkpoint-158.pth.tar', 70.63000012207031)
 ('./output/train/20250815-182626-resnet18-224/checkpoint/checkpoint-179.pth.tar', 70.50999987792969)
 ('./output/train/20250815-182626-resnet18-224/checkpoint/checkpoint-174.pth.tar', 70.37000006103516)
 ('./output/train/20250815-182626-resnet18-224/checkpoint/checkpoint-177.pth.tar', 70.15999981689453)
 ('./output/train/20250815-182626-resnet18-224/checkpoint/checkpoint-170.pth.tar', 70.12999986572265)
 ('./output/train/20250815-182626-resnet18-224/checkpoint/checkpoint-178.pth.tar', 70.0600000732422)
 ('./output/train/20250815-182626-resnet18-224/checkpoint/checkpoint-182.pth.tar', 69.98999990234375)

2025-08-15 19:19:29,557 -                train: [    INFO] - Train: 183 [   0/97 (  0%)]  Loss: 69.03 (69.0)  Loss_feat: 67.48 (67.5)  Loss_gt: 1.542 (1.54) LR: 1.720e-02
2025-08-15 19:19:45,492 -                train: [    INFO] - Train: 183 [  96/97 (100%)]  Loss: 69.16 (69.1)  Loss_feat: 67.56 (67.5)  Loss_gt: 1.600 (1.57) LR: 1.720e-02
2025-08-15 19:19:45,493 -                train: [    INFO] - Distributing BatchNorm running means and vars
2025-08-15 19:19:45,863 -                train: [    INFO] - Test: [   0/19]  Time: 0.367 (0.367)  Loss:  1.0987 (1.0987)  Acc@1: 73.2422 (73.2422)  Acc@5: 93.3594 (93.3594)
2025-08-15 19:19:46,356 -                train: [    INFO] - Test: [  19/19]  Time: 0.009 (0.043)  Loss:  1.1067 (1.1596)  Acc@1: 71.6912 (70.0200)  Acc@5: 92.2794 (91.9500)
2025-08-15 19:19:46,637 - timm.utils.checkpoint_saver: [    INFO] - Current checkpoints:
 ('./output/train/20250815-182626-resnet18-224/checkpoint/checkpoint-175.pth.tar', 71.12000008544922)
 ('./output/train/20250815-182626-resnet18-224/checkpoint/checkpoint-181.pth.tar', 70.96000004882812)
 ('./output/train/20250815-182626-resnet18-224/checkpoint/checkpoint-180.pth.tar', 70.71999985351563)
 ('./output/train/20250815-182626-resnet18-224/checkpoint/checkpoint-158.pth.tar', 70.63000012207031)
 ('./output/train/20250815-182626-resnet18-224/checkpoint/checkpoint-179.pth.tar', 70.50999987792969)
 ('./output/train/20250815-182626-resnet18-224/checkpoint/checkpoint-174.pth.tar', 70.37000006103516)
 ('./output/train/20250815-182626-resnet18-224/checkpoint/checkpoint-177.pth.tar', 70.15999981689453)
 ('./output/train/20250815-182626-resnet18-224/checkpoint/checkpoint-170.pth.tar', 70.12999986572265)
 ('./output/train/20250815-182626-resnet18-224/checkpoint/checkpoint-178.pth.tar', 70.0600000732422)
 ('./output/train/20250815-182626-resnet18-224/checkpoint/checkpoint-183.pth.tar', 70.02000002441406)

2025-08-15 19:19:46,927 -                train: [    INFO] - Train: 184 [   0/97 (  0%)]  Loss: 68.51 (68.5)  Loss_feat: 66.85 (66.8)  Loss_gt: 1.667 (1.67) LR: 1.696e-02
2025-08-15 19:20:02,910 -                train: [    INFO] - Train: 184 [  96/97 (100%)]  Loss: 68.26 (68.4)  Loss_feat: 66.57 (66.7)  Loss_gt: 1.695 (1.68) LR: 1.696e-02
2025-08-15 19:20:02,910 -                train: [    INFO] - Distributing BatchNorm running means and vars
2025-08-15 19:20:03,221 -                train: [    INFO] - Test: [   0/19]  Time: 0.307 (0.307)  Loss:  1.1265 (1.1265)  Acc@1: 72.2656 (72.2656)  Acc@5: 92.3828 (92.3828)
2025-08-15 19:20:03,705 -                train: [    INFO] - Test: [  19/19]  Time: 0.009 (0.040)  Loss:  1.0344 (1.1345)  Acc@1: 73.1618 (71.0200)  Acc@5: 93.7500 (92.6700)
2025-08-15 19:20:04,105 - timm.utils.checkpoint_saver: [    INFO] - Current checkpoints:
 ('./output/train/20250815-182626-resnet18-224/checkpoint/checkpoint-175.pth.tar', 71.12000008544922)
 ('./output/train/20250815-182626-resnet18-224/checkpoint/checkpoint-184.pth.tar', 71.0200000366211)
 ('./output/train/20250815-182626-resnet18-224/checkpoint/checkpoint-181.pth.tar', 70.96000004882812)
 ('./output/train/20250815-182626-resnet18-224/checkpoint/checkpoint-180.pth.tar', 70.71999985351563)
 ('./output/train/20250815-182626-resnet18-224/checkpoint/checkpoint-158.pth.tar', 70.63000012207031)
 ('./output/train/20250815-182626-resnet18-224/checkpoint/checkpoint-179.pth.tar', 70.50999987792969)
 ('./output/train/20250815-182626-resnet18-224/checkpoint/checkpoint-174.pth.tar', 70.37000006103516)
 ('./output/train/20250815-182626-resnet18-224/checkpoint/checkpoint-177.pth.tar', 70.15999981689453)
 ('./output/train/20250815-182626-resnet18-224/checkpoint/checkpoint-170.pth.tar', 70.12999986572265)
 ('./output/train/20250815-182626-resnet18-224/checkpoint/checkpoint-178.pth.tar', 70.0600000732422)

2025-08-15 19:20:04,369 -                train: [    INFO] - Train: 185 [   0/97 (  0%)]  Loss: 66.32 (66.3)  Loss_feat: 64.70 (64.7)  Loss_gt: 1.624 (1.62) LR: 1.672e-02
2025-08-15 19:20:20,341 -                train: [    INFO] - Train: 185 [  96/97 (100%)]  Loss: 66.86 (66.6)  Loss_feat: 65.17 (64.9)  Loss_gt: 1.687 (1.66) LR: 1.672e-02
2025-08-15 19:20:20,341 -                train: [    INFO] - Distributing BatchNorm running means and vars
2025-08-15 19:20:20,656 -                train: [    INFO] - Test: [   0/19]  Time: 0.312 (0.312)  Loss:  1.0824 (1.0824)  Acc@1: 71.4844 (71.4844)  Acc@5: 91.0156 (91.0156)
2025-08-15 19:20:21,180 -                train: [    INFO] - Test: [  19/19]  Time: 0.009 (0.042)  Loss:  1.1386 (1.0903)  Acc@1: 67.6471 (70.5200)  Acc@5: 91.5441 (92.3500)
2025-08-15 19:20:21,512 - timm.utils.checkpoint_saver: [    INFO] - Current checkpoints:
 ('./output/train/20250815-182626-resnet18-224/checkpoint/checkpoint-175.pth.tar', 71.12000008544922)
 ('./output/train/20250815-182626-resnet18-224/checkpoint/checkpoint-184.pth.tar', 71.0200000366211)
 ('./output/train/20250815-182626-resnet18-224/checkpoint/checkpoint-181.pth.tar', 70.96000004882812)
 ('./output/train/20250815-182626-resnet18-224/checkpoint/checkpoint-180.pth.tar', 70.71999985351563)
 ('./output/train/20250815-182626-resnet18-224/checkpoint/checkpoint-158.pth.tar', 70.63000012207031)
 ('./output/train/20250815-182626-resnet18-224/checkpoint/checkpoint-185.pth.tar', 70.51999993896484)
 ('./output/train/20250815-182626-resnet18-224/checkpoint/checkpoint-179.pth.tar', 70.50999987792969)
 ('./output/train/20250815-182626-resnet18-224/checkpoint/checkpoint-174.pth.tar', 70.37000006103516)
 ('./output/train/20250815-182626-resnet18-224/checkpoint/checkpoint-177.pth.tar', 70.15999981689453)
 ('./output/train/20250815-182626-resnet18-224/checkpoint/checkpoint-170.pth.tar', 70.12999986572265)

2025-08-15 19:20:21,771 -                train: [    INFO] - Train: 186 [   0/97 (  0%)]  Loss: 66.08 (66.1)  Loss_feat: 64.51 (64.5)  Loss_gt: 1.577 (1.58) LR: 1.648e-02
2025-08-15 19:20:37,649 -                train: [    INFO] - Train: 186 [  96/97 (100%)]  Loss: 66.22 (66.2)  Loss_feat: 64.53 (64.5)  Loss_gt: 1.693 (1.64) LR: 1.648e-02
2025-08-15 19:20:37,650 -                train: [    INFO] - Distributing BatchNorm running means and vars
2025-08-15 19:20:37,972 -                train: [    INFO] - Test: [   0/19]  Time: 0.318 (0.318)  Loss:  1.0637 (1.0637)  Acc@1: 72.4609 (72.4609)  Acc@5: 93.3594 (93.3594)
2025-08-15 19:20:38,494 -                train: [    INFO] - Test: [  19/19]  Time: 0.009 (0.042)  Loss:  1.0510 (1.1377)  Acc@1: 73.8971 (71.0100)  Acc@5: 93.3823 (92.3000)
2025-08-15 19:20:38,698 - timm.utils.checkpoint_saver: [    INFO] - Current checkpoints:
 ('./output/train/20250815-182626-resnet18-224/checkpoint/checkpoint-175.pth.tar', 71.12000008544922)
 ('./output/train/20250815-182626-resnet18-224/checkpoint/checkpoint-184.pth.tar', 71.0200000366211)
 ('./output/train/20250815-182626-resnet18-224/checkpoint/checkpoint-186.pth.tar', 71.00999993896484)
 ('./output/train/20250815-182626-resnet18-224/checkpoint/checkpoint-181.pth.tar', 70.96000004882812)
 ('./output/train/20250815-182626-resnet18-224/checkpoint/checkpoint-180.pth.tar', 70.71999985351563)
 ('./output/train/20250815-182626-resnet18-224/checkpoint/checkpoint-158.pth.tar', 70.63000012207031)
 ('./output/train/20250815-182626-resnet18-224/checkpoint/checkpoint-185.pth.tar', 70.51999993896484)
 ('./output/train/20250815-182626-resnet18-224/checkpoint/checkpoint-179.pth.tar', 70.50999987792969)
 ('./output/train/20250815-182626-resnet18-224/checkpoint/checkpoint-174.pth.tar', 70.37000006103516)
 ('./output/train/20250815-182626-resnet18-224/checkpoint/checkpoint-177.pth.tar', 70.15999981689453)

2025-08-15 19:20:39,036 -                train: [    INFO] - Train: 187 [   0/97 (  0%)]  Loss: 64.92 (64.9)  Loss_feat: 63.32 (63.3)  Loss_gt: 1.593 (1.59) LR: 1.624e-02
2025-08-15 19:20:54,935 -                train: [    INFO] - Train: 187 [  96/97 (100%)]  Loss: 65.36 (65.1)  Loss_feat: 63.65 (63.5)  Loss_gt: 1.705 (1.65) LR: 1.624e-02
2025-08-15 19:20:54,935 -                train: [    INFO] - Distributing BatchNorm running means and vars
2025-08-15 19:20:55,257 -                train: [    INFO] - Test: [   0/19]  Time: 0.317 (0.317)  Loss:  1.0611 (1.0611)  Acc@1: 72.6562 (72.6562)  Acc@5: 92.5781 (92.5781)
2025-08-15 19:20:55,775 -                train: [    INFO] - Test: [  19/19]  Time: 0.009 (0.042)  Loss:  1.0796 (1.1326)  Acc@1: 72.0588 (71.0800)  Acc@5: 92.2794 (92.7100)
2025-08-15 19:20:56,061 - timm.utils.checkpoint_saver: [    INFO] - Current checkpoints:
 ('./output/train/20250815-182626-resnet18-224/checkpoint/checkpoint-175.pth.tar', 71.12000008544922)
 ('./output/train/20250815-182626-resnet18-224/checkpoint/checkpoint-187.pth.tar', 71.07999997558593)
 ('./output/train/20250815-182626-resnet18-224/checkpoint/checkpoint-184.pth.tar', 71.0200000366211)
 ('./output/train/20250815-182626-resnet18-224/checkpoint/checkpoint-186.pth.tar', 71.00999993896484)
 ('./output/train/20250815-182626-resnet18-224/checkpoint/checkpoint-181.pth.tar', 70.96000004882812)
 ('./output/train/20250815-182626-resnet18-224/checkpoint/checkpoint-180.pth.tar', 70.71999985351563)
 ('./output/train/20250815-182626-resnet18-224/checkpoint/checkpoint-158.pth.tar', 70.63000012207031)
 ('./output/train/20250815-182626-resnet18-224/checkpoint/checkpoint-185.pth.tar', 70.51999993896484)
 ('./output/train/20250815-182626-resnet18-224/checkpoint/checkpoint-179.pth.tar', 70.50999987792969)
 ('./output/train/20250815-182626-resnet18-224/checkpoint/checkpoint-174.pth.tar', 70.37000006103516)

2025-08-15 19:20:56,347 -                train: [    INFO] - Train: 188 [   0/97 (  0%)]  Loss: 64.15 (64.1)  Loss_feat: 62.58 (62.6)  Loss_gt: 1.563 (1.56) LR: 1.601e-02
2025-08-15 19:21:12,328 -                train: [    INFO] - Train: 188 [  96/97 (100%)]  Loss: 64.09 (64.1)  Loss_feat: 62.43 (62.5)  Loss_gt: 1.666 (1.61) LR: 1.601e-02
2025-08-15 19:21:12,328 -                train: [    INFO] - Distributing BatchNorm running means and vars
2025-08-15 19:21:12,680 -                train: [    INFO] - Test: [   0/19]  Time: 0.348 (0.348)  Loss:  1.2643 (1.2643)  Acc@1: 70.7031 (70.7031)  Acc@5: 90.2344 (90.2344)
2025-08-15 19:21:13,188 -                train: [    INFO] - Test: [  19/19]  Time: 0.009 (0.043)  Loss:  1.3428 (1.3170)  Acc@1: 66.9118 (68.0700)  Acc@5: 89.7059 (91.0800)
2025-08-15 19:21:13,752 -                train: [    INFO] - Train: 189 [   0/97 (  0%)]  Loss: 63.50 (63.5)  Loss_feat: 61.95 (61.9)  Loss_gt: 1.548 (1.55) LR: 1.577e-02
2025-08-15 19:21:29,634 -                train: [    INFO] - Train: 189 [  96/97 (100%)]  Loss: 62.83 (63.2)  Loss_feat: 61.20 (61.6)  Loss_gt: 1.634 (1.59) LR: 1.577e-02
2025-08-15 19:21:29,634 -                train: [    INFO] - Distributing BatchNorm running means and vars
2025-08-15 19:21:29,987 -                train: [    INFO] - Test: [   0/19]  Time: 0.349 (0.349)  Loss:  1.0162 (1.0162)  Acc@1: 75.0000 (75.0000)  Acc@5: 92.3828 (92.3828)
2025-08-15 19:21:30,466 -                train: [    INFO] - Test: [  19/19]  Time: 0.009 (0.041)  Loss:  0.9881 (1.0819)  Acc@1: 75.3676 (71.5100)  Acc@5: 93.3824 (92.7800)
2025-08-15 19:21:31,440 - timm.utils.checkpoint_saver: [    INFO] - Current checkpoints:
 ('./output/train/20250815-182626-resnet18-224/checkpoint/checkpoint-189.pth.tar', 71.50999995117188)
 ('./output/train/20250815-182626-resnet18-224/checkpoint/checkpoint-175.pth.tar', 71.12000008544922)
 ('./output/train/20250815-182626-resnet18-224/checkpoint/checkpoint-187.pth.tar', 71.07999997558593)
 ('./output/train/20250815-182626-resnet18-224/checkpoint/checkpoint-184.pth.tar', 71.0200000366211)
 ('./output/train/20250815-182626-resnet18-224/checkpoint/checkpoint-186.pth.tar', 71.00999993896484)
 ('./output/train/20250815-182626-resnet18-224/checkpoint/checkpoint-181.pth.tar', 70.96000004882812)
 ('./output/train/20250815-182626-resnet18-224/checkpoint/checkpoint-180.pth.tar', 70.71999985351563)
 ('./output/train/20250815-182626-resnet18-224/checkpoint/checkpoint-158.pth.tar', 70.63000012207031)
 ('./output/train/20250815-182626-resnet18-224/checkpoint/checkpoint-185.pth.tar', 70.51999993896484)
 ('./output/train/20250815-182626-resnet18-224/checkpoint/checkpoint-179.pth.tar', 70.50999987792969)

2025-08-15 19:21:31,707 -                train: [    INFO] - Train: 190 [   0/97 (  0%)]  Loss: 62.35 (62.3)  Loss_feat: 60.80 (60.8)  Loss_gt: 1.542 (1.54) LR: 1.553e-02
2025-08-15 19:21:47,591 -                train: [    INFO] - Train: 190 [  96/97 (100%)]  Loss: 62.65 (62.5)  Loss_feat: 60.98 (60.9)  Loss_gt: 1.667 (1.60) LR: 1.553e-02
2025-08-15 19:21:47,591 -                train: [    INFO] - Distributing BatchNorm running means and vars
2025-08-15 19:21:47,866 -                train: [    INFO] - Test: [   0/19]  Time: 0.271 (0.271)  Loss:  1.1301 (1.1301)  Acc@1: 70.3125 (70.3125)  Acc@5: 90.6250 (90.6250)
2025-08-15 19:21:48,374 -                train: [    INFO] - Test: [  19/19]  Time: 0.009 (0.039)  Loss:  1.0340 (1.1453)  Acc@1: 73.1618 (69.5400)  Acc@5: 92.6471 (91.3700)
2025-08-15 19:21:48,920 -                train: [    INFO] - Train: 191 [   0/97 (  0%)]  Loss: 60.99 (61.0)  Loss_feat: 59.41 (59.4)  Loss_gt: 1.576 (1.58) LR: 1.530e-02
2025-08-15 19:22:04,877 -                train: [    INFO] - Train: 191 [  96/97 (100%)]  Loss: 61.50 (61.2)  Loss_feat: 59.92 (59.7)  Loss_gt: 1.583 (1.58) LR: 1.530e-02
2025-08-15 19:22:04,877 -                train: [    INFO] - Distributing BatchNorm running means and vars
2025-08-15 19:22:05,199 -                train: [    INFO] - Test: [   0/19]  Time: 0.318 (0.318)  Loss:  1.1054 (1.1054)  Acc@1: 70.7031 (70.7031)  Acc@5: 92.7734 (92.7734)
2025-08-15 19:22:05,686 -                train: [    INFO] - Test: [  19/19]  Time: 0.009 (0.040)  Loss:  1.1491 (1.1778)  Acc@1: 69.4853 (68.4300)  Acc@5: 90.0735 (91.7100)
2025-08-15 19:22:06,272 -                train: [    INFO] - Train: 192 [   0/97 (  0%)]  Loss: 60.41 (60.4)  Loss_feat: 58.78 (58.8)  Loss_gt: 1.633 (1.63) LR: 1.507e-02
2025-08-15 19:22:22,236 -                train: [    INFO] - Train: 192 [  96/97 (100%)]  Loss: 60.66 (60.5)  Loss_feat: 59.07 (58.9)  Loss_gt: 1.592 (1.61) LR: 1.507e-02
2025-08-15 19:22:22,236 -                train: [    INFO] - Distributing BatchNorm running means and vars
2025-08-15 19:22:22,556 -                train: [    INFO] - Test: [   0/19]  Time: 0.316 (0.316)  Loss:  1.1368 (1.1368)  Acc@1: 71.2891 (71.2891)  Acc@5: 90.6250 (90.6250)
2025-08-15 19:22:23,042 -                train: [    INFO] - Test: [  19/19]  Time: 0.009 (0.040)  Loss:  1.0819 (1.1393)  Acc@1: 70.5882 (70.1100)  Acc@5: 91.5441 (91.9100)
2025-08-15 19:22:23,620 -                train: [    INFO] - Train: 193 [   0/97 (  0%)]  Loss: 59.55 (59.5)  Loss_feat: 57.97 (58.0)  Loss_gt: 1.574 (1.57) LR: 1.484e-02
2025-08-15 19:22:39,473 -                train: [    INFO] - Train: 193 [  96/97 (100%)]  Loss: 59.38 (59.5)  Loss_feat: 57.72 (57.8)  Loss_gt: 1.657 (1.62) LR: 1.484e-02
2025-08-15 19:22:39,473 -                train: [    INFO] - Distributing BatchNorm running means and vars
2025-08-15 19:22:39,756 -                train: [    INFO] - Test: [   0/19]  Time: 0.279 (0.279)  Loss:  1.0752 (1.0752)  Acc@1: 73.4375 (73.4375)  Acc@5: 91.9922 (91.9922)
2025-08-15 19:22:40,291 -                train: [    INFO] - Test: [  19/19]  Time: 0.009 (0.041)  Loss:  1.1948 (1.1452)  Acc@1: 70.2206 (70.9100)  Acc@5: 90.8088 (92.0000)
2025-08-15 19:22:40,682 - timm.utils.checkpoint_saver: [    INFO] - Current checkpoints:
 ('./output/train/20250815-182626-resnet18-224/checkpoint/checkpoint-189.pth.tar', 71.50999995117188)
 ('./output/train/20250815-182626-resnet18-224/checkpoint/checkpoint-175.pth.tar', 71.12000008544922)
 ('./output/train/20250815-182626-resnet18-224/checkpoint/checkpoint-187.pth.tar', 71.07999997558593)
 ('./output/train/20250815-182626-resnet18-224/checkpoint/checkpoint-184.pth.tar', 71.0200000366211)
 ('./output/train/20250815-182626-resnet18-224/checkpoint/checkpoint-186.pth.tar', 71.00999993896484)
 ('./output/train/20250815-182626-resnet18-224/checkpoint/checkpoint-181.pth.tar', 70.96000004882812)
 ('./output/train/20250815-182626-resnet18-224/checkpoint/checkpoint-193.pth.tar', 70.9099998046875)
 ('./output/train/20250815-182626-resnet18-224/checkpoint/checkpoint-180.pth.tar', 70.71999985351563)
 ('./output/train/20250815-182626-resnet18-224/checkpoint/checkpoint-158.pth.tar', 70.63000012207031)
 ('./output/train/20250815-182626-resnet18-224/checkpoint/checkpoint-185.pth.tar', 70.51999993896484)

2025-08-15 19:22:40,951 -                train: [    INFO] - Train: 194 [   0/97 (  0%)]  Loss: 58.59 (58.6)  Loss_feat: 57.10 (57.1)  Loss_gt: 1.493 (1.49) LR: 1.461e-02
2025-08-15 19:22:56,860 -                train: [    INFO] - Train: 194 [  96/97 (100%)]  Loss: 58.28 (58.4)  Loss_feat: 56.60 (56.8)  Loss_gt: 1.682 (1.59) LR: 1.461e-02
2025-08-15 19:22:56,860 -                train: [    INFO] - Distributing BatchNorm running means and vars
2025-08-15 19:22:57,256 -                train: [    INFO] - Test: [   0/19]  Time: 0.393 (0.393)  Loss:  1.1325 (1.1325)  Acc@1: 72.4609 (72.4609)  Acc@5: 91.4062 (91.4062)
2025-08-15 19:22:57,725 -                train: [    INFO] - Test: [  19/19]  Time: 0.009 (0.043)  Loss:  1.1575 (1.1506)  Acc@1: 71.6912 (70.1000)  Acc@5: 91.5441 (92.2200)
2025-08-15 19:22:58,288 -                train: [    INFO] - Train: 195 [   0/97 (  0%)]  Loss: 57.61 (57.6)  Loss_feat: 56.06 (56.1)  Loss_gt: 1.548 (1.55) LR: 1.438e-02
2025-08-15 19:23:14,252 -                train: [    INFO] - Train: 195 [  96/97 (100%)]  Loss: 57.65 (57.6)  Loss_feat: 56.01 (56.0)  Loss_gt: 1.641 (1.59) LR: 1.438e-02
2025-08-15 19:23:14,253 -                train: [    INFO] - Distributing BatchNorm running means and vars
2025-08-15 19:23:14,539 -                train: [    INFO] - Test: [   0/19]  Time: 0.282 (0.282)  Loss:  1.1547 (1.1547)  Acc@1: 71.2891 (71.2891)  Acc@5: 93.7500 (93.7500)
2025-08-15 19:23:15,065 -                train: [    INFO] - Test: [  19/19]  Time: 0.009 (0.040)  Loss:  1.1621 (1.1678)  Acc@1: 72.4265 (71.0100)  Acc@5: 92.6471 (92.7500)
2025-08-15 19:23:15,636 - timm.utils.checkpoint_saver: [    INFO] - Current checkpoints:
 ('./output/train/20250815-182626-resnet18-224/checkpoint/checkpoint-189.pth.tar', 71.50999995117188)
 ('./output/train/20250815-182626-resnet18-224/checkpoint/checkpoint-175.pth.tar', 71.12000008544922)
 ('./output/train/20250815-182626-resnet18-224/checkpoint/checkpoint-187.pth.tar', 71.07999997558593)
 ('./output/train/20250815-182626-resnet18-224/checkpoint/checkpoint-184.pth.tar', 71.0200000366211)
 ('./output/train/20250815-182626-resnet18-224/checkpoint/checkpoint-186.pth.tar', 71.00999993896484)
 ('./output/train/20250815-182626-resnet18-224/checkpoint/checkpoint-195.pth.tar', 71.00999992675781)
 ('./output/train/20250815-182626-resnet18-224/checkpoint/checkpoint-181.pth.tar', 70.96000004882812)
 ('./output/train/20250815-182626-resnet18-224/checkpoint/checkpoint-193.pth.tar', 70.9099998046875)
 ('./output/train/20250815-182626-resnet18-224/checkpoint/checkpoint-180.pth.tar', 70.71999985351563)
 ('./output/train/20250815-182626-resnet18-224/checkpoint/checkpoint-158.pth.tar', 70.63000012207031)

2025-08-15 19:23:15,896 -                train: [    INFO] - Train: 196 [   0/97 (  0%)]  Loss: 56.68 (56.7)  Loss_feat: 55.09 (55.1)  Loss_gt: 1.588 (1.59) LR: 1.415e-02
2025-08-15 19:23:31,827 -                train: [    INFO] - Train: 196 [  96/97 (100%)]  Loss: 56.87 (56.8)  Loss_feat: 55.25 (55.2)  Loss_gt: 1.624 (1.61) LR: 1.415e-02
2025-08-15 19:23:31,827 -                train: [    INFO] - Distributing BatchNorm running means and vars
2025-08-15 19:23:32,140 -                train: [    INFO] - Test: [   0/19]  Time: 0.309 (0.309)  Loss:  1.0993 (1.0993)  Acc@1: 74.4141 (74.4141)  Acc@5: 92.1875 (92.1875)
2025-08-15 19:23:32,630 -                train: [    INFO] - Test: [  19/19]  Time: 0.009 (0.040)  Loss:  1.1263 (1.1361)  Acc@1: 70.9559 (71.7800)  Acc@5: 92.2794 (92.5300)
2025-08-15 19:23:32,872 - timm.utils.checkpoint_saver: [    INFO] - Current checkpoints:
 ('./output/train/20250815-182626-resnet18-224/checkpoint/checkpoint-196.pth.tar', 71.77999991455079)
 ('./output/train/20250815-182626-resnet18-224/checkpoint/checkpoint-189.pth.tar', 71.50999995117188)
 ('./output/train/20250815-182626-resnet18-224/checkpoint/checkpoint-175.pth.tar', 71.12000008544922)
 ('./output/train/20250815-182626-resnet18-224/checkpoint/checkpoint-187.pth.tar', 71.07999997558593)
 ('./output/train/20250815-182626-resnet18-224/checkpoint/checkpoint-184.pth.tar', 71.0200000366211)
 ('./output/train/20250815-182626-resnet18-224/checkpoint/checkpoint-186.pth.tar', 71.00999993896484)
 ('./output/train/20250815-182626-resnet18-224/checkpoint/checkpoint-195.pth.tar', 71.00999992675781)
 ('./output/train/20250815-182626-resnet18-224/checkpoint/checkpoint-181.pth.tar', 70.96000004882812)
 ('./output/train/20250815-182626-resnet18-224/checkpoint/checkpoint-193.pth.tar', 70.9099998046875)
 ('./output/train/20250815-182626-resnet18-224/checkpoint/checkpoint-180.pth.tar', 70.71999985351563)

2025-08-15 19:23:33,191 -                train: [    INFO] - Train: 197 [   0/97 (  0%)]  Loss: 55.25 (55.3)  Loss_feat: 53.67 (53.7)  Loss_gt: 1.583 (1.58) LR: 1.392e-02
2025-08-15 19:23:49,211 -                train: [    INFO] - Train: 197 [  96/97 (100%)]  Loss: 56.01 (55.6)  Loss_feat: 54.41 (54.0)  Loss_gt: 1.595 (1.59) LR: 1.392e-02
2025-08-15 19:23:49,212 -                train: [    INFO] - Distributing BatchNorm running means and vars
2025-08-15 19:23:49,565 -                train: [    INFO] - Test: [   0/19]  Time: 0.349 (0.349)  Loss:  1.0634 (1.0634)  Acc@1: 71.6797 (71.6797)  Acc@5: 92.5781 (92.5781)
2025-08-15 19:23:50,041 -                train: [    INFO] - Test: [  19/19]  Time: 0.009 (0.041)  Loss:  1.0562 (1.0592)  Acc@1: 73.1618 (71.9500)  Acc@5: 93.0147 (92.9500)
2025-08-15 19:23:50,266 - timm.utils.checkpoint_saver: [    INFO] - Current checkpoints:
 ('./output/train/20250815-182626-resnet18-224/checkpoint/checkpoint-197.pth.tar', 71.95000003662109)
 ('./output/train/20250815-182626-resnet18-224/checkpoint/checkpoint-196.pth.tar', 71.77999991455079)
 ('./output/train/20250815-182626-resnet18-224/checkpoint/checkpoint-189.pth.tar', 71.50999995117188)
 ('./output/train/20250815-182626-resnet18-224/checkpoint/checkpoint-175.pth.tar', 71.12000008544922)
 ('./output/train/20250815-182626-resnet18-224/checkpoint/checkpoint-187.pth.tar', 71.07999997558593)
 ('./output/train/20250815-182626-resnet18-224/checkpoint/checkpoint-184.pth.tar', 71.0200000366211)
 ('./output/train/20250815-182626-resnet18-224/checkpoint/checkpoint-186.pth.tar', 71.00999993896484)
 ('./output/train/20250815-182626-resnet18-224/checkpoint/checkpoint-195.pth.tar', 71.00999992675781)
 ('./output/train/20250815-182626-resnet18-224/checkpoint/checkpoint-181.pth.tar', 70.96000004882812)
 ('./output/train/20250815-182626-resnet18-224/checkpoint/checkpoint-193.pth.tar', 70.9099998046875)

2025-08-15 19:23:50,590 -                train: [    INFO] - Train: 198 [   0/97 (  0%)]  Loss: 54.82 (54.8)  Loss_feat: 53.25 (53.3)  Loss_gt: 1.569 (1.57) LR: 1.370e-02
2025-08-15 19:24:06,520 -                train: [    INFO] - Train: 198 [  96/97 (100%)]  Loss: 54.66 (54.7)  Loss_feat: 53.09 (53.2)  Loss_gt: 1.564 (1.57) LR: 1.370e-02
2025-08-15 19:24:06,521 -                train: [    INFO] - Distributing BatchNorm running means and vars
2025-08-15 19:24:06,883 -                train: [    INFO] - Test: [   0/19]  Time: 0.358 (0.358)  Loss:  1.1656 (1.1656)  Acc@1: 70.5078 (70.5078)  Acc@5: 91.2109 (91.2109)
2025-08-15 19:24:07,350 -                train: [    INFO] - Test: [  19/19]  Time: 0.009 (0.041)  Loss:  1.1090 (1.1337)  Acc@1: 73.1618 (71.0300)  Acc@5: 93.0147 (92.5300)
2025-08-15 19:24:07,571 - timm.utils.checkpoint_saver: [    INFO] - Current checkpoints:
 ('./output/train/20250815-182626-resnet18-224/checkpoint/checkpoint-197.pth.tar', 71.95000003662109)
 ('./output/train/20250815-182626-resnet18-224/checkpoint/checkpoint-196.pth.tar', 71.77999991455079)
 ('./output/train/20250815-182626-resnet18-224/checkpoint/checkpoint-189.pth.tar', 71.50999995117188)
 ('./output/train/20250815-182626-resnet18-224/checkpoint/checkpoint-175.pth.tar', 71.12000008544922)
 ('./output/train/20250815-182626-resnet18-224/checkpoint/checkpoint-187.pth.tar', 71.07999997558593)
 ('./output/train/20250815-182626-resnet18-224/checkpoint/checkpoint-198.pth.tar', 71.02999982910156)
 ('./output/train/20250815-182626-resnet18-224/checkpoint/checkpoint-184.pth.tar', 71.0200000366211)
 ('./output/train/20250815-182626-resnet18-224/checkpoint/checkpoint-186.pth.tar', 71.00999993896484)
 ('./output/train/20250815-182626-resnet18-224/checkpoint/checkpoint-195.pth.tar', 71.00999992675781)
 ('./output/train/20250815-182626-resnet18-224/checkpoint/checkpoint-181.pth.tar', 70.96000004882812)

2025-08-15 19:24:07,886 -                train: [    INFO] - Train: 199 [   0/97 (  0%)]  Loss: 53.95 (54.0)  Loss_feat: 52.39 (52.4)  Loss_gt: 1.558 (1.56) LR: 1.347e-02
2025-08-15 19:24:23,823 -                train: [    INFO] - Train: 199 [  96/97 (100%)]  Loss: 53.89 (53.9)  Loss_feat: 52.27 (52.3)  Loss_gt: 1.621 (1.59) LR: 1.347e-02
2025-08-15 19:24:23,823 -                train: [    INFO] - Distributing BatchNorm running means and vars
2025-08-15 19:24:24,143 -                train: [    INFO] - Test: [   0/19]  Time: 0.316 (0.316)  Loss:  1.1269 (1.1269)  Acc@1: 70.8984 (70.8984)  Acc@5: 91.4062 (91.4062)
2025-08-15 19:24:24,631 -                train: [    INFO] - Test: [  19/19]  Time: 0.009 (0.040)  Loss:  1.0848 (1.1566)  Acc@1: 70.5882 (70.5600)  Acc@5: 92.6471 (91.7900)
2025-08-15 19:24:25,213 -                train: [    INFO] - Train: 200 [   0/97 (  0%)]  Loss: 52.94 (52.9)  Loss_feat: 51.34 (51.3)  Loss_gt: 1.603 (1.60) LR: 1.325e-02
2025-08-15 19:24:41,149 -                train: [    INFO] - Train: 200 [  96/97 (100%)]  Loss: 53.04 (53.0)  Loss_feat: 51.44 (51.4)  Loss_gt: 1.598 (1.60) LR: 1.325e-02
2025-08-15 19:24:41,149 -                train: [    INFO] - Distributing BatchNorm running means and vars
2025-08-15 19:24:41,491 -                train: [    INFO] - Test: [   0/19]  Time: 0.339 (0.339)  Loss:  1.0695 (1.0695)  Acc@1: 73.2422 (73.2422)  Acc@5: 92.3828 (92.3828)
2025-08-15 19:24:41,970 -                train: [    INFO] - Test: [  19/19]  Time: 0.009 (0.041)  Loss:  1.0220 (1.0592)  Acc@1: 72.7941 (71.9500)  Acc@5: 92.6470 (93.0000)
2025-08-15 19:24:42,384 - timm.utils.checkpoint_saver: [    INFO] - Current checkpoints:
 ('./output/train/20250815-182626-resnet18-224/checkpoint/checkpoint-197.pth.tar', 71.95000003662109)
 ('./output/train/20250815-182626-resnet18-224/checkpoint/checkpoint-200.pth.tar', 71.94999987792968)
 ('./output/train/20250815-182626-resnet18-224/checkpoint/checkpoint-196.pth.tar', 71.77999991455079)
 ('./output/train/20250815-182626-resnet18-224/checkpoint/checkpoint-189.pth.tar', 71.50999995117188)
 ('./output/train/20250815-182626-resnet18-224/checkpoint/checkpoint-175.pth.tar', 71.12000008544922)
 ('./output/train/20250815-182626-resnet18-224/checkpoint/checkpoint-187.pth.tar', 71.07999997558593)
 ('./output/train/20250815-182626-resnet18-224/checkpoint/checkpoint-198.pth.tar', 71.02999982910156)
 ('./output/train/20250815-182626-resnet18-224/checkpoint/checkpoint-184.pth.tar', 71.0200000366211)
 ('./output/train/20250815-182626-resnet18-224/checkpoint/checkpoint-186.pth.tar', 71.00999993896484)
 ('./output/train/20250815-182626-resnet18-224/checkpoint/checkpoint-195.pth.tar', 71.00999992675781)

2025-08-15 19:24:42,649 -                train: [    INFO] - Train: 201 [   0/97 (  0%)]  Loss: 52.05 (52.0)  Loss_feat: 50.54 (50.5)  Loss_gt: 1.514 (1.51) LR: 1.303e-02
2025-08-15 19:24:58,512 -                train: [    INFO] - Train: 201 [  96/97 (100%)]  Loss: 52.20 (52.1)  Loss_feat: 50.59 (50.6)  Loss_gt: 1.602 (1.56) LR: 1.303e-02
2025-08-15 19:24:58,512 -                train: [    INFO] - Distributing BatchNorm running means and vars
2025-08-15 19:24:58,844 -                train: [    INFO] - Test: [   0/19]  Time: 0.328 (0.328)  Loss:  1.0704 (1.0704)  Acc@1: 72.0703 (72.0703)  Acc@5: 91.7969 (91.7969)
2025-08-15 19:24:59,338 -                train: [    INFO] - Test: [  19/19]  Time: 0.009 (0.041)  Loss:  1.0445 (1.1109)  Acc@1: 75.7353 (71.0900)  Acc@5: 93.0147 (92.5500)
2025-08-15 19:24:59,562 - timm.utils.checkpoint_saver: [    INFO] - Current checkpoints:
 ('./output/train/20250815-182626-resnet18-224/checkpoint/checkpoint-197.pth.tar', 71.95000003662109)
 ('./output/train/20250815-182626-resnet18-224/checkpoint/checkpoint-200.pth.tar', 71.94999987792968)
 ('./output/train/20250815-182626-resnet18-224/checkpoint/checkpoint-196.pth.tar', 71.77999991455079)
 ('./output/train/20250815-182626-resnet18-224/checkpoint/checkpoint-189.pth.tar', 71.50999995117188)
 ('./output/train/20250815-182626-resnet18-224/checkpoint/checkpoint-175.pth.tar', 71.12000008544922)
 ('./output/train/20250815-182626-resnet18-224/checkpoint/checkpoint-201.pth.tar', 71.08999990234375)
 ('./output/train/20250815-182626-resnet18-224/checkpoint/checkpoint-187.pth.tar', 71.07999997558593)
 ('./output/train/20250815-182626-resnet18-224/checkpoint/checkpoint-198.pth.tar', 71.02999982910156)
 ('./output/train/20250815-182626-resnet18-224/checkpoint/checkpoint-184.pth.tar', 71.0200000366211)
 ('./output/train/20250815-182626-resnet18-224/checkpoint/checkpoint-186.pth.tar', 71.00999993896484)

2025-08-15 19:24:59,891 -                train: [    INFO] - Train: 202 [   0/97 (  0%)]  Loss: 51.02 (51.0)  Loss_feat: 49.53 (49.5)  Loss_gt: 1.497 (1.50) LR: 1.281e-02
2025-08-15 19:25:15,814 -                train: [    INFO] - Train: 202 [  96/97 (100%)]  Loss: 51.22 (51.1)  Loss_feat: 49.70 (49.6)  Loss_gt: 1.526 (1.51) LR: 1.281e-02
2025-08-15 19:25:15,814 -                train: [    INFO] - Distributing BatchNorm running means and vars
2025-08-15 19:25:16,055 -                train: [    INFO] - Test: [   0/19]  Time: 0.237 (0.237)  Loss:  1.0472 (1.0472)  Acc@1: 74.2188 (74.2188)  Acc@5: 92.7734 (92.7734)
2025-08-15 19:25:16,615 -                train: [    INFO] - Test: [  19/19]  Time: 0.009 (0.040)  Loss:  1.1468 (1.0886)  Acc@1: 69.4853 (71.5600)  Acc@5: 90.8088 (92.5500)
2025-08-15 19:25:16,815 - timm.utils.checkpoint_saver: [    INFO] - Current checkpoints:
 ('./output/train/20250815-182626-resnet18-224/checkpoint/checkpoint-197.pth.tar', 71.95000003662109)
 ('./output/train/20250815-182626-resnet18-224/checkpoint/checkpoint-200.pth.tar', 71.94999987792968)
 ('./output/train/20250815-182626-resnet18-224/checkpoint/checkpoint-196.pth.tar', 71.77999991455079)
 ('./output/train/20250815-182626-resnet18-224/checkpoint/checkpoint-202.pth.tar', 71.55999990234375)
 ('./output/train/20250815-182626-resnet18-224/checkpoint/checkpoint-189.pth.tar', 71.50999995117188)
 ('./output/train/20250815-182626-resnet18-224/checkpoint/checkpoint-175.pth.tar', 71.12000008544922)
 ('./output/train/20250815-182626-resnet18-224/checkpoint/checkpoint-201.pth.tar', 71.08999990234375)
 ('./output/train/20250815-182626-resnet18-224/checkpoint/checkpoint-187.pth.tar', 71.07999997558593)
 ('./output/train/20250815-182626-resnet18-224/checkpoint/checkpoint-198.pth.tar', 71.02999982910156)
 ('./output/train/20250815-182626-resnet18-224/checkpoint/checkpoint-184.pth.tar', 71.0200000366211)

2025-08-15 19:25:17,156 -                train: [    INFO] - Train: 203 [   0/97 (  0%)]  Loss: 50.14 (50.1)  Loss_feat: 48.64 (48.6)  Loss_gt: 1.503 (1.50) LR: 1.259e-02
2025-08-15 19:25:33,057 -                train: [    INFO] - Train: 203 [  96/97 (100%)]  Loss: 50.34 (50.2)  Loss_feat: 48.81 (48.7)  Loss_gt: 1.531 (1.52) LR: 1.259e-02
2025-08-15 19:25:33,057 -                train: [    INFO] - Distributing BatchNorm running means and vars
2025-08-15 19:25:33,399 -                train: [    INFO] - Test: [   0/19]  Time: 0.339 (0.339)  Loss:  1.0533 (1.0533)  Acc@1: 73.2422 (73.2422)  Acc@5: 92.3828 (92.3828)
2025-08-15 19:25:33,871 -                train: [    INFO] - Test: [  19/19]  Time: 0.009 (0.041)  Loss:  0.9948 (1.0626)  Acc@1: 74.6324 (72.5500)  Acc@5: 94.1176 (93.2100)
2025-08-15 19:25:34,087 - timm.utils.checkpoint_saver: [    INFO] - Current checkpoints:
 ('./output/train/20250815-182626-resnet18-224/checkpoint/checkpoint-203.pth.tar', 72.55000004882812)
 ('./output/train/20250815-182626-resnet18-224/checkpoint/checkpoint-197.pth.tar', 71.95000003662109)
 ('./output/train/20250815-182626-resnet18-224/checkpoint/checkpoint-200.pth.tar', 71.94999987792968)
 ('./output/train/20250815-182626-resnet18-224/checkpoint/checkpoint-196.pth.tar', 71.77999991455079)
 ('./output/train/20250815-182626-resnet18-224/checkpoint/checkpoint-202.pth.tar', 71.55999990234375)
 ('./output/train/20250815-182626-resnet18-224/checkpoint/checkpoint-189.pth.tar', 71.50999995117188)
 ('./output/train/20250815-182626-resnet18-224/checkpoint/checkpoint-175.pth.tar', 71.12000008544922)
 ('./output/train/20250815-182626-resnet18-224/checkpoint/checkpoint-201.pth.tar', 71.08999990234375)
 ('./output/train/20250815-182626-resnet18-224/checkpoint/checkpoint-187.pth.tar', 71.07999997558593)
 ('./output/train/20250815-182626-resnet18-224/checkpoint/checkpoint-198.pth.tar', 71.02999982910156)

2025-08-15 19:25:34,457 -                train: [    INFO] - Train: 204 [   0/97 (  0%)]  Loss: 49.75 (49.7)  Loss_feat: 48.18 (48.2)  Loss_gt: 1.569 (1.57) LR: 1.237e-02
2025-08-15 19:25:50,331 -                train: [    INFO] - Train: 204 [  96/97 (100%)]  Loss: 49.26 (49.5)  Loss_feat: 47.70 (47.9)  Loss_gt: 1.562 (1.57) LR: 1.237e-02
2025-08-15 19:25:50,331 -                train: [    INFO] - Distributing BatchNorm running means and vars
2025-08-15 19:25:50,634 -                train: [    INFO] - Test: [   0/19]  Time: 0.299 (0.299)  Loss:  1.0508 (1.0508)  Acc@1: 72.6562 (72.6562)  Acc@5: 91.2109 (91.2109)
2025-08-15 19:25:51,111 -                train: [    INFO] - Test: [  19/19]  Time: 0.009 (0.039)  Loss:  1.0589 (1.0469)  Acc@1: 70.9559 (73.0000)  Acc@5: 91.9118 (92.9700)
2025-08-15 19:25:51,336 - timm.utils.checkpoint_saver: [    INFO] - Current checkpoints:
 ('./output/train/20250815-182626-resnet18-224/checkpoint/checkpoint-204.pth.tar', 72.99999991455078)
 ('./output/train/20250815-182626-resnet18-224/checkpoint/checkpoint-203.pth.tar', 72.55000004882812)
 ('./output/train/20250815-182626-resnet18-224/checkpoint/checkpoint-197.pth.tar', 71.95000003662109)
 ('./output/train/20250815-182626-resnet18-224/checkpoint/checkpoint-200.pth.tar', 71.94999987792968)
 ('./output/train/20250815-182626-resnet18-224/checkpoint/checkpoint-196.pth.tar', 71.77999991455079)
 ('./output/train/20250815-182626-resnet18-224/checkpoint/checkpoint-202.pth.tar', 71.55999990234375)
 ('./output/train/20250815-182626-resnet18-224/checkpoint/checkpoint-189.pth.tar', 71.50999995117188)
 ('./output/train/20250815-182626-resnet18-224/checkpoint/checkpoint-175.pth.tar', 71.12000008544922)
 ('./output/train/20250815-182626-resnet18-224/checkpoint/checkpoint-201.pth.tar', 71.08999990234375)
 ('./output/train/20250815-182626-resnet18-224/checkpoint/checkpoint-187.pth.tar', 71.07999997558593)

2025-08-15 19:25:51,664 -                train: [    INFO] - Train: 205 [   0/97 (  0%)]  Loss: 48.15 (48.1)  Loss_feat: 46.66 (46.7)  Loss_gt: 1.488 (1.49) LR: 1.216e-02
2025-08-15 19:26:07,508 -                train: [    INFO] - Train: 205 [  96/97 (100%)]  Loss: 48.28 (48.2)  Loss_feat: 46.71 (46.7)  Loss_gt: 1.564 (1.53) LR: 1.216e-02
2025-08-15 19:26:07,508 -                train: [    INFO] - Distributing BatchNorm running means and vars
2025-08-15 19:26:07,884 -                train: [    INFO] - Test: [   0/19]  Time: 0.372 (0.372)  Loss:  1.0451 (1.0451)  Acc@1: 73.8281 (73.8281)  Acc@5: 92.5781 (92.5781)
2025-08-15 19:26:08,322 -                train: [    INFO] - Test: [  19/19]  Time: 0.009 (0.040)  Loss:  1.0854 (1.1055)  Acc@1: 72.7941 (71.5400)  Acc@5: 92.2794 (92.9800)
2025-08-15 19:26:08,846 - timm.utils.checkpoint_saver: [    INFO] - Current checkpoints:
 ('./output/train/20250815-182626-resnet18-224/checkpoint/checkpoint-204.pth.tar', 72.99999991455078)
 ('./output/train/20250815-182626-resnet18-224/checkpoint/checkpoint-203.pth.tar', 72.55000004882812)
 ('./output/train/20250815-182626-resnet18-224/checkpoint/checkpoint-197.pth.tar', 71.95000003662109)
 ('./output/train/20250815-182626-resnet18-224/checkpoint/checkpoint-200.pth.tar', 71.94999987792968)
 ('./output/train/20250815-182626-resnet18-224/checkpoint/checkpoint-196.pth.tar', 71.77999991455079)
 ('./output/train/20250815-182626-resnet18-224/checkpoint/checkpoint-202.pth.tar', 71.55999990234375)
 ('./output/train/20250815-182626-resnet18-224/checkpoint/checkpoint-205.pth.tar', 71.54000008544922)
 ('./output/train/20250815-182626-resnet18-224/checkpoint/checkpoint-189.pth.tar', 71.50999995117188)
 ('./output/train/20250815-182626-resnet18-224/checkpoint/checkpoint-175.pth.tar', 71.12000008544922)
 ('./output/train/20250815-182626-resnet18-224/checkpoint/checkpoint-201.pth.tar', 71.08999990234375)

2025-08-15 19:26:09,105 -                train: [    INFO] - Train: 206 [   0/97 (  0%)]  Loss: 47.44 (47.4)  Loss_feat: 46.01 (46.0)  Loss_gt: 1.429 (1.43) LR: 1.194e-02
2025-08-15 19:26:25,025 -                train: [    INFO] - Train: 206 [  96/97 (100%)]  Loss: 47.70 (47.6)  Loss_feat: 46.16 (46.1)  Loss_gt: 1.543 (1.49) LR: 1.194e-02
2025-08-15 19:26:25,025 -                train: [    INFO] - Distributing BatchNorm running means and vars
2025-08-15 19:26:25,332 -                train: [    INFO] - Test: [   0/19]  Time: 0.303 (0.303)  Loss:  1.0468 (1.0468)  Acc@1: 72.2656 (72.2656)  Acc@5: 93.7500 (93.7500)
2025-08-15 19:26:25,828 -                train: [    INFO] - Test: [  19/19]  Time: 0.009 (0.040)  Loss:  0.9950 (1.0642)  Acc@1: 72.4265 (72.8900)  Acc@5: 94.1176 (93.4000)
2025-08-15 19:26:26,118 - timm.utils.checkpoint_saver: [    INFO] - Current checkpoints:
 ('./output/train/20250815-182626-resnet18-224/checkpoint/checkpoint-204.pth.tar', 72.99999991455078)
 ('./output/train/20250815-182626-resnet18-224/checkpoint/checkpoint-206.pth.tar', 72.88999992675781)
 ('./output/train/20250815-182626-resnet18-224/checkpoint/checkpoint-203.pth.tar', 72.55000004882812)
 ('./output/train/20250815-182626-resnet18-224/checkpoint/checkpoint-197.pth.tar', 71.95000003662109)
 ('./output/train/20250815-182626-resnet18-224/checkpoint/checkpoint-200.pth.tar', 71.94999987792968)
 ('./output/train/20250815-182626-resnet18-224/checkpoint/checkpoint-196.pth.tar', 71.77999991455079)
 ('./output/train/20250815-182626-resnet18-224/checkpoint/checkpoint-202.pth.tar', 71.55999990234375)
 ('./output/train/20250815-182626-resnet18-224/checkpoint/checkpoint-205.pth.tar', 71.54000008544922)
 ('./output/train/20250815-182626-resnet18-224/checkpoint/checkpoint-189.pth.tar', 71.50999995117188)
 ('./output/train/20250815-182626-resnet18-224/checkpoint/checkpoint-175.pth.tar', 71.12000008544922)

2025-08-15 19:26:26,412 -                train: [    INFO] - Train: 207 [   0/97 (  0%)]  Loss: 46.81 (46.8)  Loss_feat: 45.25 (45.2)  Loss_gt: 1.561 (1.56) LR: 1.173e-02
2025-08-15 19:26:42,248 -                train: [    INFO] - Train: 207 [  96/97 (100%)]  Loss: 46.87 (46.8)  Loss_feat: 45.32 (45.3)  Loss_gt: 1.550 (1.56) LR: 1.173e-02
2025-08-15 19:26:42,248 -                train: [    INFO] - Distributing BatchNorm running means and vars
2025-08-15 19:26:42,615 -                train: [    INFO] - Test: [   0/19]  Time: 0.364 (0.364)  Loss:  1.0505 (1.0505)  Acc@1: 74.2188 (74.2188)  Acc@5: 92.7734 (92.7734)
2025-08-15 19:26:43,075 -                train: [    INFO] - Test: [  19/19]  Time: 0.009 (0.041)  Loss:  1.0626 (1.0429)  Acc@1: 72.0588 (72.8600)  Acc@5: 92.6471 (93.4500)
2025-08-15 19:26:43,329 - timm.utils.checkpoint_saver: [    INFO] - Current checkpoints:
 ('./output/train/20250815-182626-resnet18-224/checkpoint/checkpoint-204.pth.tar', 72.99999991455078)
 ('./output/train/20250815-182626-resnet18-224/checkpoint/checkpoint-206.pth.tar', 72.88999992675781)
 ('./output/train/20250815-182626-resnet18-224/checkpoint/checkpoint-207.pth.tar', 72.85999997558594)
 ('./output/train/20250815-182626-resnet18-224/checkpoint/checkpoint-203.pth.tar', 72.55000004882812)
 ('./output/train/20250815-182626-resnet18-224/checkpoint/checkpoint-197.pth.tar', 71.95000003662109)
 ('./output/train/20250815-182626-resnet18-224/checkpoint/checkpoint-200.pth.tar', 71.94999987792968)
 ('./output/train/20250815-182626-resnet18-224/checkpoint/checkpoint-196.pth.tar', 71.77999991455079)
 ('./output/train/20250815-182626-resnet18-224/checkpoint/checkpoint-202.pth.tar', 71.55999990234375)
 ('./output/train/20250815-182626-resnet18-224/checkpoint/checkpoint-205.pth.tar', 71.54000008544922)
 ('./output/train/20250815-182626-resnet18-224/checkpoint/checkpoint-189.pth.tar', 71.50999995117188)

2025-08-15 19:26:43,622 -                train: [    INFO] - Train: 208 [   0/97 (  0%)]  Loss: 45.93 (45.9)  Loss_feat: 44.47 (44.5)  Loss_gt: 1.463 (1.46) LR: 1.152e-02
2025-08-15 19:26:59,444 -                train: [    INFO] - Train: 208 [  96/97 (100%)]  Loss: 45.84 (45.9)  Loss_feat: 44.29 (44.4)  Loss_gt: 1.542 (1.50) LR: 1.152e-02
2025-08-15 19:26:59,445 -                train: [    INFO] - Distributing BatchNorm running means and vars
2025-08-15 19:26:59,776 -                train: [    INFO] - Test: [   0/19]  Time: 0.327 (0.327)  Loss:  1.1117 (1.1117)  Acc@1: 70.1172 (70.1172)  Acc@5: 90.6250 (90.6250)
2025-08-15 19:27:00,262 -                train: [    INFO] - Test: [  19/19]  Time: 0.009 (0.041)  Loss:  1.0693 (1.1109)  Acc@1: 73.5294 (70.7800)  Acc@5: 93.0147 (92.6600)
2025-08-15 19:27:00,857 -                train: [    INFO] - Train: 209 [   0/97 (  0%)]  Loss: 45.07 (45.1)  Loss_feat: 43.57 (43.6)  Loss_gt: 1.498 (1.50) LR: 1.131e-02
2025-08-15 19:27:16,740 -                train: [    INFO] - Train: 209 [  96/97 (100%)]  Loss: 45.20 (45.1)  Loss_feat: 43.63 (43.6)  Loss_gt: 1.576 (1.54) LR: 1.131e-02
2025-08-15 19:27:16,740 -                train: [    INFO] - Distributing BatchNorm running means and vars
2025-08-15 19:27:17,128 -                train: [    INFO] - Test: [   0/19]  Time: 0.384 (0.384)  Loss:  0.9772 (0.9772)  Acc@1: 76.5625 (76.5625)  Acc@5: 92.5781 (92.5781)
2025-08-15 19:27:17,589 -                train: [    INFO] - Test: [  19/19]  Time: 0.009 (0.042)  Loss:  1.0367 (1.0806)  Acc@1: 73.1618 (72.9100)  Acc@5: 94.1176 (93.3000)
2025-08-15 19:27:17,987 - timm.utils.checkpoint_saver: [    INFO] - Current checkpoints:
 ('./output/train/20250815-182626-resnet18-224/checkpoint/checkpoint-204.pth.tar', 72.99999991455078)
 ('./output/train/20250815-182626-resnet18-224/checkpoint/checkpoint-209.pth.tar', 72.9100000366211)
 ('./output/train/20250815-182626-resnet18-224/checkpoint/checkpoint-206.pth.tar', 72.88999992675781)
 ('./output/train/20250815-182626-resnet18-224/checkpoint/checkpoint-207.pth.tar', 72.85999997558594)
 ('./output/train/20250815-182626-resnet18-224/checkpoint/checkpoint-203.pth.tar', 72.55000004882812)
 ('./output/train/20250815-182626-resnet18-224/checkpoint/checkpoint-197.pth.tar', 71.95000003662109)
 ('./output/train/20250815-182626-resnet18-224/checkpoint/checkpoint-200.pth.tar', 71.94999987792968)
 ('./output/train/20250815-182626-resnet18-224/checkpoint/checkpoint-196.pth.tar', 71.77999991455079)
 ('./output/train/20250815-182626-resnet18-224/checkpoint/checkpoint-202.pth.tar', 71.55999990234375)
 ('./output/train/20250815-182626-resnet18-224/checkpoint/checkpoint-205.pth.tar', 71.54000008544922)

2025-08-15 19:27:18,250 -                train: [    INFO] - Train: 210 [   0/97 (  0%)]  Loss: 44.30 (44.3)  Loss_feat: 42.85 (42.9)  Loss_gt: 1.447 (1.45) LR: 1.110e-02
2025-08-15 19:27:34,098 -                train: [    INFO] - Train: 210 [  96/97 (100%)]  Loss: 44.26 (44.3)  Loss_feat: 42.68 (42.8)  Loss_gt: 1.583 (1.51) LR: 1.110e-02
2025-08-15 19:27:34,099 -                train: [    INFO] - Distributing BatchNorm running means and vars
2025-08-15 19:27:34,446 -                train: [    INFO] - Test: [   0/19]  Time: 0.344 (0.344)  Loss:  0.9988 (0.9988)  Acc@1: 75.1953 (75.1953)  Acc@5: 92.3828 (92.3828)
2025-08-15 19:27:34,918 -                train: [    INFO] - Test: [  19/19]  Time: 0.009 (0.041)  Loss:  1.0745 (1.0441)  Acc@1: 70.9559 (72.6700)  Acc@5: 90.4412 (93.0700)
2025-08-15 19:27:35,234 - timm.utils.checkpoint_saver: [    INFO] - Current checkpoints:
 ('./output/train/20250815-182626-resnet18-224/checkpoint/checkpoint-204.pth.tar', 72.99999991455078)
 ('./output/train/20250815-182626-resnet18-224/checkpoint/checkpoint-209.pth.tar', 72.9100000366211)
 ('./output/train/20250815-182626-resnet18-224/checkpoint/checkpoint-206.pth.tar', 72.88999992675781)
 ('./output/train/20250815-182626-resnet18-224/checkpoint/checkpoint-207.pth.tar', 72.85999997558594)
 ('./output/train/20250815-182626-resnet18-224/checkpoint/checkpoint-210.pth.tar', 72.6700001220703)
 ('./output/train/20250815-182626-resnet18-224/checkpoint/checkpoint-203.pth.tar', 72.55000004882812)
 ('./output/train/20250815-182626-resnet18-224/checkpoint/checkpoint-197.pth.tar', 71.95000003662109)
 ('./output/train/20250815-182626-resnet18-224/checkpoint/checkpoint-200.pth.tar', 71.94999987792968)
 ('./output/train/20250815-182626-resnet18-224/checkpoint/checkpoint-196.pth.tar', 71.77999991455079)
 ('./output/train/20250815-182626-resnet18-224/checkpoint/checkpoint-202.pth.tar', 71.55999990234375)

2025-08-15 19:27:35,496 -                train: [    INFO] - Train: 211 [   0/97 (  0%)]  Loss: 43.40 (43.4)  Loss_feat: 41.99 (42.0)  Loss_gt: 1.412 (1.41) LR: 1.089e-02
2025-08-15 19:27:51,346 -                train: [    INFO] - Train: 211 [  96/97 (100%)]  Loss: 43.32 (43.4)  Loss_feat: 41.80 (41.9)  Loss_gt: 1.522 (1.47) LR: 1.089e-02
2025-08-15 19:27:51,347 -                train: [    INFO] - Distributing BatchNorm running means and vars
2025-08-15 19:27:51,672 -                train: [    INFO] - Test: [   0/19]  Time: 0.321 (0.321)  Loss:  0.9810 (0.9810)  Acc@1: 75.3906 (75.3906)  Acc@5: 93.3594 (93.3594)
2025-08-15 19:27:52,154 -                train: [    INFO] - Test: [  19/19]  Time: 0.009 (0.040)  Loss:  0.9996 (1.0618)  Acc@1: 76.1029 (72.9600)  Acc@5: 91.9118 (93.3400)
2025-08-15 19:27:52,348 - timm.utils.checkpoint_saver: [    INFO] - Current checkpoints:
 ('./output/train/20250815-182626-resnet18-224/checkpoint/checkpoint-204.pth.tar', 72.99999991455078)
 ('./output/train/20250815-182626-resnet18-224/checkpoint/checkpoint-211.pth.tar', 72.95999985351563)
 ('./output/train/20250815-182626-resnet18-224/checkpoint/checkpoint-209.pth.tar', 72.9100000366211)
 ('./output/train/20250815-182626-resnet18-224/checkpoint/checkpoint-206.pth.tar', 72.88999992675781)
 ('./output/train/20250815-182626-resnet18-224/checkpoint/checkpoint-207.pth.tar', 72.85999997558594)
 ('./output/train/20250815-182626-resnet18-224/checkpoint/checkpoint-210.pth.tar', 72.6700001220703)
 ('./output/train/20250815-182626-resnet18-224/checkpoint/checkpoint-203.pth.tar', 72.55000004882812)
 ('./output/train/20250815-182626-resnet18-224/checkpoint/checkpoint-197.pth.tar', 71.95000003662109)
 ('./output/train/20250815-182626-resnet18-224/checkpoint/checkpoint-200.pth.tar', 71.94999987792968)
 ('./output/train/20250815-182626-resnet18-224/checkpoint/checkpoint-196.pth.tar', 71.77999991455079)

2025-08-15 19:27:52,717 -                train: [    INFO] - Train: 212 [   0/97 (  0%)]  Loss: 42.63 (42.6)  Loss_feat: 41.13 (41.1)  Loss_gt: 1.499 (1.50) LR: 1.069e-02
2025-08-15 19:28:08,567 -                train: [    INFO] - Train: 212 [  96/97 (100%)]  Loss: 42.56 (42.6)  Loss_feat: 40.97 (41.0)  Loss_gt: 1.590 (1.54) LR: 1.069e-02
2025-08-15 19:28:08,568 -                train: [    INFO] - Distributing BatchNorm running means and vars
2025-08-15 19:28:08,868 -                train: [    INFO] - Test: [   0/19]  Time: 0.297 (0.297)  Loss:  1.0758 (1.0758)  Acc@1: 74.2188 (74.2188)  Acc@5: 93.1641 (93.1641)
2025-08-15 19:28:09,382 -                train: [    INFO] - Test: [  19/19]  Time: 0.009 (0.041)  Loss:  1.0098 (1.0691)  Acc@1: 77.5735 (73.5300)  Acc@5: 93.0147 (93.5100)
2025-08-15 19:28:09,712 - timm.utils.checkpoint_saver: [    INFO] - Current checkpoints:
 ('./output/train/20250815-182626-resnet18-224/checkpoint/checkpoint-212.pth.tar', 73.53000007324219)
 ('./output/train/20250815-182626-resnet18-224/checkpoint/checkpoint-204.pth.tar', 72.99999991455078)
 ('./output/train/20250815-182626-resnet18-224/checkpoint/checkpoint-211.pth.tar', 72.95999985351563)
 ('./output/train/20250815-182626-resnet18-224/checkpoint/checkpoint-209.pth.tar', 72.9100000366211)
 ('./output/train/20250815-182626-resnet18-224/checkpoint/checkpoint-206.pth.tar', 72.88999992675781)
 ('./output/train/20250815-182626-resnet18-224/checkpoint/checkpoint-207.pth.tar', 72.85999997558594)
 ('./output/train/20250815-182626-resnet18-224/checkpoint/checkpoint-210.pth.tar', 72.6700001220703)
 ('./output/train/20250815-182626-resnet18-224/checkpoint/checkpoint-203.pth.tar', 72.55000004882812)
 ('./output/train/20250815-182626-resnet18-224/checkpoint/checkpoint-197.pth.tar', 71.95000003662109)
 ('./output/train/20250815-182626-resnet18-224/checkpoint/checkpoint-200.pth.tar', 71.94999987792968)

2025-08-15 19:28:09,978 -                train: [    INFO] - Train: 213 [   0/97 (  0%)]  Loss: 41.68 (41.7)  Loss_feat: 40.18 (40.2)  Loss_gt: 1.504 (1.50) LR: 1.048e-02
2025-08-15 19:28:25,935 -                train: [    INFO] - Train: 213 [  96/97 (100%)]  Loss: 41.49 (41.6)  Loss_feat: 39.90 (40.0)  Loss_gt: 1.586 (1.55) LR: 1.048e-02
2025-08-15 19:28:25,935 -                train: [    INFO] - Distributing BatchNorm running means and vars
2025-08-15 19:28:26,283 -                train: [    INFO] - Test: [   0/19]  Time: 0.345 (0.345)  Loss:  1.0558 (1.0558)  Acc@1: 72.0703 (72.0703)  Acc@5: 90.2344 (90.2344)
2025-08-15 19:28:26,797 -                train: [    INFO] - Test: [  19/19]  Time: 0.009 (0.043)  Loss:  1.1065 (1.0910)  Acc@1: 73.8971 (72.0200)  Acc@5: 91.1765 (92.8200)
2025-08-15 19:28:27,076 - timm.utils.checkpoint_saver: [    INFO] - Current checkpoints:
 ('./output/train/20250815-182626-resnet18-224/checkpoint/checkpoint-212.pth.tar', 73.53000007324219)
 ('./output/train/20250815-182626-resnet18-224/checkpoint/checkpoint-204.pth.tar', 72.99999991455078)
 ('./output/train/20250815-182626-resnet18-224/checkpoint/checkpoint-211.pth.tar', 72.95999985351563)
 ('./output/train/20250815-182626-resnet18-224/checkpoint/checkpoint-209.pth.tar', 72.9100000366211)
 ('./output/train/20250815-182626-resnet18-224/checkpoint/checkpoint-206.pth.tar', 72.88999992675781)
 ('./output/train/20250815-182626-resnet18-224/checkpoint/checkpoint-207.pth.tar', 72.85999997558594)
 ('./output/train/20250815-182626-resnet18-224/checkpoint/checkpoint-210.pth.tar', 72.6700001220703)
 ('./output/train/20250815-182626-resnet18-224/checkpoint/checkpoint-203.pth.tar', 72.55000004882812)
 ('./output/train/20250815-182626-resnet18-224/checkpoint/checkpoint-213.pth.tar', 72.01999993896484)
 ('./output/train/20250815-182626-resnet18-224/checkpoint/checkpoint-197.pth.tar', 71.95000003662109)

2025-08-15 19:28:27,347 -                train: [    INFO] - Train: 214 [   0/97 (  0%)]  Loss: 40.83 (40.8)  Loss_feat: 39.35 (39.4)  Loss_gt: 1.477 (1.48) LR: 1.028e-02
2025-08-15 19:28:43,302 -                train: [    INFO] - Train: 214 [  96/97 (100%)]  Loss: 40.93 (40.9)  Loss_feat: 39.45 (39.4)  Loss_gt: 1.480 (1.48) LR: 1.028e-02
2025-08-15 19:28:43,302 -                train: [    INFO] - Distributing BatchNorm running means and vars
2025-08-15 19:28:43,668 -                train: [    INFO] - Test: [   0/19]  Time: 0.362 (0.362)  Loss:  0.9625 (0.9625)  Acc@1: 75.5859 (75.5859)  Acc@5: 93.1641 (93.1641)
2025-08-15 19:28:44,128 -                train: [    INFO] - Test: [  19/19]  Time: 0.009 (0.041)  Loss:  1.0423 (1.0453)  Acc@1: 73.8971 (73.4600)  Acc@5: 93.0147 (93.3800)
2025-08-15 19:28:44,450 - timm.utils.checkpoint_saver: [    INFO] - Current checkpoints:
 ('./output/train/20250815-182626-resnet18-224/checkpoint/checkpoint-212.pth.tar', 73.53000007324219)
 ('./output/train/20250815-182626-resnet18-224/checkpoint/checkpoint-214.pth.tar', 73.46000014648438)
 ('./output/train/20250815-182626-resnet18-224/checkpoint/checkpoint-204.pth.tar', 72.99999991455078)
 ('./output/train/20250815-182626-resnet18-224/checkpoint/checkpoint-211.pth.tar', 72.95999985351563)
 ('./output/train/20250815-182626-resnet18-224/checkpoint/checkpoint-209.pth.tar', 72.9100000366211)
 ('./output/train/20250815-182626-resnet18-224/checkpoint/checkpoint-206.pth.tar', 72.88999992675781)
 ('./output/train/20250815-182626-resnet18-224/checkpoint/checkpoint-207.pth.tar', 72.85999997558594)
 ('./output/train/20250815-182626-resnet18-224/checkpoint/checkpoint-210.pth.tar', 72.6700001220703)
 ('./output/train/20250815-182626-resnet18-224/checkpoint/checkpoint-203.pth.tar', 72.55000004882812)
 ('./output/train/20250815-182626-resnet18-224/checkpoint/checkpoint-213.pth.tar', 72.01999993896484)

2025-08-15 19:28:44,726 -                train: [    INFO] - Train: 215 [   0/97 (  0%)]  Loss: 40.18 (40.2)  Loss_feat: 38.68 (38.7)  Loss_gt: 1.502 (1.50) LR: 1.008e-02
2025-08-15 19:29:00,650 -                train: [    INFO] - Train: 215 [  96/97 (100%)]  Loss: 40.04 (40.1)  Loss_feat: 38.50 (38.6)  Loss_gt: 1.539 (1.52) LR: 1.008e-02
2025-08-15 19:29:00,650 -                train: [    INFO] - Distributing BatchNorm running means and vars
2025-08-15 19:29:00,983 -                train: [    INFO] - Test: [   0/19]  Time: 0.329 (0.329)  Loss:  1.0062 (1.0062)  Acc@1: 74.8047 (74.8047)  Acc@5: 93.3594 (93.3594)
2025-08-15 19:29:01,461 -                train: [    INFO] - Test: [  19/19]  Time: 0.009 (0.040)  Loss:  1.0786 (1.0664)  Acc@1: 73.8971 (73.2700)  Acc@5: 93.0147 (93.3400)
2025-08-15 19:29:01,681 - timm.utils.checkpoint_saver: [    INFO] - Current checkpoints:
 ('./output/train/20250815-182626-resnet18-224/checkpoint/checkpoint-212.pth.tar', 73.53000007324219)
 ('./output/train/20250815-182626-resnet18-224/checkpoint/checkpoint-214.pth.tar', 73.46000014648438)
 ('./output/train/20250815-182626-resnet18-224/checkpoint/checkpoint-215.pth.tar', 73.26999993896484)
 ('./output/train/20250815-182626-resnet18-224/checkpoint/checkpoint-204.pth.tar', 72.99999991455078)
 ('./output/train/20250815-182626-resnet18-224/checkpoint/checkpoint-211.pth.tar', 72.95999985351563)
 ('./output/train/20250815-182626-resnet18-224/checkpoint/checkpoint-209.pth.tar', 72.9100000366211)
 ('./output/train/20250815-182626-resnet18-224/checkpoint/checkpoint-206.pth.tar', 72.88999992675781)
 ('./output/train/20250815-182626-resnet18-224/checkpoint/checkpoint-207.pth.tar', 72.85999997558594)
 ('./output/train/20250815-182626-resnet18-224/checkpoint/checkpoint-210.pth.tar', 72.6700001220703)
 ('./output/train/20250815-182626-resnet18-224/checkpoint/checkpoint-203.pth.tar', 72.55000004882812)

2025-08-15 19:29:01,999 -                train: [    INFO] - Train: 216 [   0/97 (  0%)]  Loss: 39.06 (39.1)  Loss_feat: 37.68 (37.7)  Loss_gt: 1.382 (1.38) LR: 9.883e-03
2025-08-15 19:29:17,911 -                train: [    INFO] - Train: 216 [  96/97 (100%)]  Loss: 39.36 (39.2)  Loss_feat: 37.83 (37.8)  Loss_gt: 1.523 (1.45) LR: 9.883e-03
2025-08-15 19:29:17,911 -                train: [    INFO] - Distributing BatchNorm running means and vars
2025-08-15 19:29:18,212 -                train: [    INFO] - Test: [   0/19]  Time: 0.297 (0.297)  Loss:  0.9405 (0.9405)  Acc@1: 77.3438 (77.3438)  Acc@5: 93.5547 (93.5547)
2025-08-15 19:29:18,705 -                train: [    INFO] - Test: [  19/19]  Time: 0.009 (0.039)  Loss:  1.0144 (1.0261)  Acc@1: 73.5294 (73.9800)  Acc@5: 91.9118 (93.3800)
2025-08-15 19:29:18,955 - timm.utils.checkpoint_saver: [    INFO] - Current checkpoints:
 ('./output/train/20250815-182626-resnet18-224/checkpoint/checkpoint-216.pth.tar', 73.97999998779297)
 ('./output/train/20250815-182626-resnet18-224/checkpoint/checkpoint-212.pth.tar', 73.53000007324219)
 ('./output/train/20250815-182626-resnet18-224/checkpoint/checkpoint-214.pth.tar', 73.46000014648438)
 ('./output/train/20250815-182626-resnet18-224/checkpoint/checkpoint-215.pth.tar', 73.26999993896484)
 ('./output/train/20250815-182626-resnet18-224/checkpoint/checkpoint-204.pth.tar', 72.99999991455078)
 ('./output/train/20250815-182626-resnet18-224/checkpoint/checkpoint-211.pth.tar', 72.95999985351563)
 ('./output/train/20250815-182626-resnet18-224/checkpoint/checkpoint-209.pth.tar', 72.9100000366211)
 ('./output/train/20250815-182626-resnet18-224/checkpoint/checkpoint-206.pth.tar', 72.88999992675781)
 ('./output/train/20250815-182626-resnet18-224/checkpoint/checkpoint-207.pth.tar', 72.85999997558594)
 ('./output/train/20250815-182626-resnet18-224/checkpoint/checkpoint-210.pth.tar', 72.6700001220703)

2025-08-15 19:29:19,250 -                train: [    INFO] - Train: 217 [   0/97 (  0%)]  Loss: 38.41 (38.4)  Loss_feat: 36.94 (36.9)  Loss_gt: 1.474 (1.47) LR: 9.686e-03
2025-08-15 19:29:35,072 -                train: [    INFO] - Train: 217 [  96/97 (100%)]  Loss: 38.42 (38.4)  Loss_feat: 36.91 (36.9)  Loss_gt: 1.502 (1.49) LR: 9.686e-03
2025-08-15 19:29:35,072 -                train: [    INFO] - Distributing BatchNorm running means and vars
2025-08-15 19:29:35,408 -                train: [    INFO] - Test: [   0/19]  Time: 0.332 (0.332)  Loss:  1.0001 (1.0001)  Acc@1: 76.5625 (76.5625)  Acc@5: 92.7734 (92.7734)
2025-08-15 19:29:35,865 -                train: [    INFO] - Test: [  19/19]  Time: 0.009 (0.039)  Loss:  1.0430 (1.0435)  Acc@1: 70.9559 (73.4500)  Acc@5: 93.0147 (93.3000)
2025-08-15 19:29:36,303 - timm.utils.checkpoint_saver: [    INFO] - Current checkpoints:
 ('./output/train/20250815-182626-resnet18-224/checkpoint/checkpoint-216.pth.tar', 73.97999998779297)
 ('./output/train/20250815-182626-resnet18-224/checkpoint/checkpoint-212.pth.tar', 73.53000007324219)
 ('./output/train/20250815-182626-resnet18-224/checkpoint/checkpoint-214.pth.tar', 73.46000014648438)
 ('./output/train/20250815-182626-resnet18-224/checkpoint/checkpoint-217.pth.tar', 73.4500001220703)
 ('./output/train/20250815-182626-resnet18-224/checkpoint/checkpoint-215.pth.tar', 73.26999993896484)
 ('./output/train/20250815-182626-resnet18-224/checkpoint/checkpoint-204.pth.tar', 72.99999991455078)
 ('./output/train/20250815-182626-resnet18-224/checkpoint/checkpoint-211.pth.tar', 72.95999985351563)
 ('./output/train/20250815-182626-resnet18-224/checkpoint/checkpoint-209.pth.tar', 72.9100000366211)
 ('./output/train/20250815-182626-resnet18-224/checkpoint/checkpoint-206.pth.tar', 72.88999992675781)
 ('./output/train/20250815-182626-resnet18-224/checkpoint/checkpoint-207.pth.tar', 72.85999997558594)

2025-08-15 19:29:36,591 -                train: [    INFO] - Train: 218 [   0/97 (  0%)]  Loss: 37.66 (37.7)  Loss_feat: 36.20 (36.2)  Loss_gt: 1.458 (1.46) LR: 9.491e-03
2025-08-15 19:29:52,448 -                train: [    INFO] - Train: 218 [  96/97 (100%)]  Loss: 37.79 (37.7)  Loss_feat: 36.31 (36.3)  Loss_gt: 1.482 (1.47) LR: 9.491e-03
2025-08-15 19:29:52,448 -                train: [    INFO] - Distributing BatchNorm running means and vars
2025-08-15 19:29:52,761 -                train: [    INFO] - Test: [   0/19]  Time: 0.310 (0.310)  Loss:  0.9791 (0.9791)  Acc@1: 75.7812 (75.7812)  Acc@5: 92.9688 (92.9688)
2025-08-15 19:29:53,238 -                train: [    INFO] - Test: [  19/19]  Time: 0.009 (0.039)  Loss:  0.9940 (1.0362)  Acc@1: 78.3088 (73.6000)  Acc@5: 93.3824 (93.2000)
2025-08-15 19:29:53,559 - timm.utils.checkpoint_saver: [    INFO] - Current checkpoints:
 ('./output/train/20250815-182626-resnet18-224/checkpoint/checkpoint-216.pth.tar', 73.97999998779297)
 ('./output/train/20250815-182626-resnet18-224/checkpoint/checkpoint-218.pth.tar', 73.59999997558593)
 ('./output/train/20250815-182626-resnet18-224/checkpoint/checkpoint-212.pth.tar', 73.53000007324219)
 ('./output/train/20250815-182626-resnet18-224/checkpoint/checkpoint-214.pth.tar', 73.46000014648438)
 ('./output/train/20250815-182626-resnet18-224/checkpoint/checkpoint-217.pth.tar', 73.4500001220703)
 ('./output/train/20250815-182626-resnet18-224/checkpoint/checkpoint-215.pth.tar', 73.26999993896484)
 ('./output/train/20250815-182626-resnet18-224/checkpoint/checkpoint-204.pth.tar', 72.99999991455078)
 ('./output/train/20250815-182626-resnet18-224/checkpoint/checkpoint-211.pth.tar', 72.95999985351563)
 ('./output/train/20250815-182626-resnet18-224/checkpoint/checkpoint-209.pth.tar', 72.9100000366211)
 ('./output/train/20250815-182626-resnet18-224/checkpoint/checkpoint-206.pth.tar', 72.88999992675781)

2025-08-15 19:29:53,824 -                train: [    INFO] - Train: 219 [   0/97 (  0%)]  Loss: 36.79 (36.8)  Loss_feat: 35.43 (35.4)  Loss_gt: 1.363 (1.36) LR: 9.298e-03
2025-08-15 19:30:09,646 -                train: [    INFO] - Train: 219 [  96/97 (100%)]  Loss: 36.97 (36.9)  Loss_feat: 35.46 (35.4)  Loss_gt: 1.505 (1.43) LR: 9.298e-03
2025-08-15 19:30:09,646 -                train: [    INFO] - Distributing BatchNorm running means and vars
2025-08-15 19:30:09,997 -                train: [    INFO] - Test: [   0/19]  Time: 0.347 (0.347)  Loss:  1.0548 (1.0548)  Acc@1: 74.2188 (74.2188)  Acc@5: 92.5781 (92.5781)
2025-08-15 19:30:10,487 -                train: [    INFO] - Test: [  19/19]  Time: 0.009 (0.042)  Loss:  1.0100 (1.0966)  Acc@1: 75.0000 (72.6800)  Acc@5: 94.4853 (93.0000)
2025-08-15 19:30:11,047 -                train: [    INFO] - Train: 220 [   0/97 (  0%)]  Loss: 36.12 (36.1)  Loss_feat: 34.72 (34.7)  Loss_gt: 1.407 (1.41) LR: 9.106e-03
2025-08-15 19:30:26,985 -                train: [    INFO] - Train: 220 [  96/97 (100%)]  Loss: 36.04 (36.1)  Loss_feat: 34.58 (34.7)  Loss_gt: 1.457 (1.43) LR: 9.106e-03
2025-08-15 19:30:26,986 -                train: [    INFO] - Distributing BatchNorm running means and vars
2025-08-15 19:30:27,372 -                train: [    INFO] - Test: [   0/19]  Time: 0.383 (0.383)  Loss:  0.9977 (0.9977)  Acc@1: 75.7812 (75.7812)  Acc@5: 93.3594 (93.3594)
2025-08-15 19:30:27,833 -                train: [    INFO] - Test: [  19/19]  Time: 0.009 (0.042)  Loss:  1.0296 (1.0722)  Acc@1: 73.8971 (73.1800)  Acc@5: 92.2794 (93.2100)
2025-08-15 19:30:28,140 - timm.utils.checkpoint_saver: [    INFO] - Current checkpoints:
 ('./output/train/20250815-182626-resnet18-224/checkpoint/checkpoint-216.pth.tar', 73.97999998779297)
 ('./output/train/20250815-182626-resnet18-224/checkpoint/checkpoint-218.pth.tar', 73.59999997558593)
 ('./output/train/20250815-182626-resnet18-224/checkpoint/checkpoint-212.pth.tar', 73.53000007324219)
 ('./output/train/20250815-182626-resnet18-224/checkpoint/checkpoint-214.pth.tar', 73.46000014648438)
 ('./output/train/20250815-182626-resnet18-224/checkpoint/checkpoint-217.pth.tar', 73.4500001220703)
 ('./output/train/20250815-182626-resnet18-224/checkpoint/checkpoint-215.pth.tar', 73.26999993896484)
 ('./output/train/20250815-182626-resnet18-224/checkpoint/checkpoint-220.pth.tar', 73.17999993896484)
 ('./output/train/20250815-182626-resnet18-224/checkpoint/checkpoint-204.pth.tar', 72.99999991455078)
 ('./output/train/20250815-182626-resnet18-224/checkpoint/checkpoint-211.pth.tar', 72.95999985351563)
 ('./output/train/20250815-182626-resnet18-224/checkpoint/checkpoint-209.pth.tar', 72.9100000366211)

2025-08-15 19:30:28,428 -                train: [    INFO] - Train: 221 [   0/97 (  0%)]  Loss: 35.26 (35.3)  Loss_feat: 33.85 (33.9)  Loss_gt: 1.409 (1.41) LR: 8.917e-03
2025-08-15 19:30:44,256 -                train: [    INFO] - Train: 221 [  96/97 (100%)]  Loss: 35.46 (35.4)  Loss_feat: 33.93 (33.9)  Loss_gt: 1.528 (1.47) LR: 8.917e-03
2025-08-15 19:30:44,256 -                train: [    INFO] - Distributing BatchNorm running means and vars
2025-08-15 19:30:44,624 -                train: [    INFO] - Test: [   0/19]  Time: 0.364 (0.364)  Loss:  1.0067 (1.0067)  Acc@1: 75.0000 (75.0000)  Acc@5: 93.1641 (93.1641)
2025-08-15 19:30:45,069 -                train: [    INFO] - Test: [  19/19]  Time: 0.009 (0.040)  Loss:  0.9996 (1.0337)  Acc@1: 74.2647 (74.0600)  Acc@5: 91.9118 (93.0700)
2025-08-15 19:30:45,388 - timm.utils.checkpoint_saver: [    INFO] - Current checkpoints:
 ('./output/train/20250815-182626-resnet18-224/checkpoint/checkpoint-221.pth.tar', 74.05999989013672)
 ('./output/train/20250815-182626-resnet18-224/checkpoint/checkpoint-216.pth.tar', 73.97999998779297)
 ('./output/train/20250815-182626-resnet18-224/checkpoint/checkpoint-218.pth.tar', 73.59999997558593)
 ('./output/train/20250815-182626-resnet18-224/checkpoint/checkpoint-212.pth.tar', 73.53000007324219)
 ('./output/train/20250815-182626-resnet18-224/checkpoint/checkpoint-214.pth.tar', 73.46000014648438)
 ('./output/train/20250815-182626-resnet18-224/checkpoint/checkpoint-217.pth.tar', 73.4500001220703)
 ('./output/train/20250815-182626-resnet18-224/checkpoint/checkpoint-215.pth.tar', 73.26999993896484)
 ('./output/train/20250815-182626-resnet18-224/checkpoint/checkpoint-220.pth.tar', 73.17999993896484)
 ('./output/train/20250815-182626-resnet18-224/checkpoint/checkpoint-204.pth.tar', 72.99999991455078)
 ('./output/train/20250815-182626-resnet18-224/checkpoint/checkpoint-211.pth.tar', 72.95999985351563)

2025-08-15 19:30:45,656 -                train: [    INFO] - Train: 222 [   0/97 (  0%)]  Loss: 34.39 (34.4)  Loss_feat: 32.93 (32.9)  Loss_gt: 1.455 (1.45) LR: 8.729e-03
2025-08-15 19:31:01,534 -                train: [    INFO] - Train: 222 [  96/97 (100%)]  Loss: 34.56 (34.5)  Loss_feat: 33.11 (33.0)  Loss_gt: 1.447 (1.45) LR: 8.729e-03
2025-08-15 19:31:01,535 -                train: [    INFO] - Distributing BatchNorm running means and vars
2025-08-15 19:31:01,892 -                train: [    INFO] - Test: [   0/19]  Time: 0.353 (0.353)  Loss:  1.0177 (1.0177)  Acc@1: 75.7812 (75.7812)  Acc@5: 93.1641 (93.1641)
2025-08-15 19:31:02,342 -                train: [    INFO] - Test: [  19/19]  Time: 0.009 (0.040)  Loss:  1.0356 (1.0492)  Acc@1: 71.3235 (73.5000)  Acc@5: 94.4853 (93.2000)
2025-08-15 19:31:02,640 - timm.utils.checkpoint_saver: [    INFO] - Current checkpoints:
 ('./output/train/20250815-182626-resnet18-224/checkpoint/checkpoint-221.pth.tar', 74.05999989013672)
 ('./output/train/20250815-182626-resnet18-224/checkpoint/checkpoint-216.pth.tar', 73.97999998779297)
 ('./output/train/20250815-182626-resnet18-224/checkpoint/checkpoint-218.pth.tar', 73.59999997558593)
 ('./output/train/20250815-182626-resnet18-224/checkpoint/checkpoint-212.pth.tar', 73.53000007324219)
 ('./output/train/20250815-182626-resnet18-224/checkpoint/checkpoint-222.pth.tar', 73.50000007324219)
 ('./output/train/20250815-182626-resnet18-224/checkpoint/checkpoint-214.pth.tar', 73.46000014648438)
 ('./output/train/20250815-182626-resnet18-224/checkpoint/checkpoint-217.pth.tar', 73.4500001220703)
 ('./output/train/20250815-182626-resnet18-224/checkpoint/checkpoint-215.pth.tar', 73.26999993896484)
 ('./output/train/20250815-182626-resnet18-224/checkpoint/checkpoint-220.pth.tar', 73.17999993896484)
 ('./output/train/20250815-182626-resnet18-224/checkpoint/checkpoint-204.pth.tar', 72.99999991455078)

2025-08-15 19:31:02,921 -                train: [    INFO] - Train: 223 [   0/97 (  0%)]  Loss: 33.71 (33.7)  Loss_feat: 32.26 (32.3)  Loss_gt: 1.449 (1.45) LR: 8.542e-03
2025-08-15 19:31:18,819 -                train: [    INFO] - Train: 223 [  96/97 (100%)]  Loss: 33.86 (33.8)  Loss_feat: 32.40 (32.3)  Loss_gt: 1.460 (1.45) LR: 8.542e-03
2025-08-15 19:31:18,819 -                train: [    INFO] - Distributing BatchNorm running means and vars
2025-08-15 19:31:19,177 -                train: [    INFO] - Test: [   0/19]  Time: 0.354 (0.354)  Loss:  1.0911 (1.0911)  Acc@1: 72.4609 (72.4609)  Acc@5: 92.1875 (92.1875)
2025-08-15 19:31:19,640 -                train: [    INFO] - Test: [  19/19]  Time: 0.009 (0.041)  Loss:  1.0555 (1.0931)  Acc@1: 70.5882 (72.3600)  Acc@5: 93.3824 (92.9800)
2025-08-15 19:31:20,225 -                train: [    INFO] - Train: 224 [   0/97 (  0%)]  Loss: 32.93 (32.9)  Loss_feat: 31.39 (31.4)  Loss_gt: 1.544 (1.54) LR: 8.358e-03
2025-08-15 19:31:36,170 -                train: [    INFO] - Train: 224 [  96/97 (100%)]  Loss: 33.02 (33.0)  Loss_feat: 31.52 (31.5)  Loss_gt: 1.497 (1.52) LR: 8.358e-03
2025-08-15 19:31:36,170 -                train: [    INFO] - Distributing BatchNorm running means and vars
2025-08-15 19:31:36,470 -                train: [    INFO] - Test: [   0/19]  Time: 0.296 (0.296)  Loss:  0.9785 (0.9785)  Acc@1: 77.1484 (77.1484)  Acc@5: 94.1406 (94.1406)
2025-08-15 19:31:36,999 -                train: [    INFO] - Test: [  19/19]  Time: 0.009 (0.041)  Loss:  0.9909 (1.0341)  Acc@1: 75.3676 (74.1500)  Acc@5: 93.3824 (93.2600)
2025-08-15 19:31:37,363 - timm.utils.checkpoint_saver: [    INFO] - Current checkpoints:
 ('./output/train/20250815-182626-resnet18-224/checkpoint/checkpoint-224.pth.tar', 74.14999995117188)
 ('./output/train/20250815-182626-resnet18-224/checkpoint/checkpoint-221.pth.tar', 74.05999989013672)
 ('./output/train/20250815-182626-resnet18-224/checkpoint/checkpoint-216.pth.tar', 73.97999998779297)
 ('./output/train/20250815-182626-resnet18-224/checkpoint/checkpoint-218.pth.tar', 73.59999997558593)
 ('./output/train/20250815-182626-resnet18-224/checkpoint/checkpoint-212.pth.tar', 73.53000007324219)
 ('./output/train/20250815-182626-resnet18-224/checkpoint/checkpoint-222.pth.tar', 73.50000007324219)
 ('./output/train/20250815-182626-resnet18-224/checkpoint/checkpoint-214.pth.tar', 73.46000014648438)
 ('./output/train/20250815-182626-resnet18-224/checkpoint/checkpoint-217.pth.tar', 73.4500001220703)
 ('./output/train/20250815-182626-resnet18-224/checkpoint/checkpoint-215.pth.tar', 73.26999993896484)
 ('./output/train/20250815-182626-resnet18-224/checkpoint/checkpoint-220.pth.tar', 73.17999993896484)

2025-08-15 19:31:37,623 -                train: [    INFO] - Train: 225 [   0/97 (  0%)]  Loss: 32.23 (32.2)  Loss_feat: 30.81 (30.8)  Loss_gt: 1.414 (1.41) LR: 8.176e-03
2025-08-15 19:31:53,526 -                train: [    INFO] - Train: 225 [  96/97 (100%)]  Loss: 32.41 (32.3)  Loss_feat: 30.95 (30.9)  Loss_gt: 1.463 (1.44) LR: 8.176e-03
2025-08-15 19:31:53,526 -                train: [    INFO] - Distributing BatchNorm running means and vars
2025-08-15 19:31:53,934 -                train: [    INFO] - Test: [   0/19]  Time: 0.404 (0.404)  Loss:  0.9965 (0.9965)  Acc@1: 73.6328 (73.6328)  Acc@5: 94.3359 (94.3359)
2025-08-15 19:31:54,393 -                train: [    INFO] - Test: [  19/19]  Time: 0.009 (0.043)  Loss:  0.9635 (1.0443)  Acc@1: 77.2059 (74.0200)  Acc@5: 94.4853 (93.6400)
2025-08-15 19:31:54,705 - timm.utils.checkpoint_saver: [    INFO] - Current checkpoints:
 ('./output/train/20250815-182626-resnet18-224/checkpoint/checkpoint-224.pth.tar', 74.14999995117188)
 ('./output/train/20250815-182626-resnet18-224/checkpoint/checkpoint-221.pth.tar', 74.05999989013672)
 ('./output/train/20250815-182626-resnet18-224/checkpoint/checkpoint-225.pth.tar', 74.02000012207031)
 ('./output/train/20250815-182626-resnet18-224/checkpoint/checkpoint-216.pth.tar', 73.97999998779297)
 ('./output/train/20250815-182626-resnet18-224/checkpoint/checkpoint-218.pth.tar', 73.59999997558593)
 ('./output/train/20250815-182626-resnet18-224/checkpoint/checkpoint-212.pth.tar', 73.53000007324219)
 ('./output/train/20250815-182626-resnet18-224/checkpoint/checkpoint-222.pth.tar', 73.50000007324219)
 ('./output/train/20250815-182626-resnet18-224/checkpoint/checkpoint-214.pth.tar', 73.46000014648438)
 ('./output/train/20250815-182626-resnet18-224/checkpoint/checkpoint-217.pth.tar', 73.4500001220703)
 ('./output/train/20250815-182626-resnet18-224/checkpoint/checkpoint-215.pth.tar', 73.26999993896484)

2025-08-15 19:31:54,971 -                train: [    INFO] - Train: 226 [   0/97 (  0%)]  Loss: 31.52 (31.5)  Loss_feat: 30.13 (30.1)  Loss_gt: 1.389 (1.39) LR: 7.995e-03
2025-08-15 19:32:10,821 -                train: [    INFO] - Train: 226 [  96/97 (100%)]  Loss: 31.57 (31.5)  Loss_feat: 30.09 (30.1)  Loss_gt: 1.482 (1.44) LR: 7.995e-03
2025-08-15 19:32:10,822 -                train: [    INFO] - Distributing BatchNorm running means and vars
2025-08-15 19:32:11,157 -                train: [    INFO] - Test: [   0/19]  Time: 0.332 (0.332)  Loss:  1.0047 (1.0047)  Acc@1: 74.2188 (74.2188)  Acc@5: 93.3594 (93.3594)
2025-08-15 19:32:11,650 -                train: [    INFO] - Test: [  19/19]  Time: 0.009 (0.041)  Loss:  1.0392 (1.0467)  Acc@1: 75.7353 (74.0200)  Acc@5: 92.6471 (93.3900)
2025-08-15 19:32:11,879 - timm.utils.checkpoint_saver: [    INFO] - Current checkpoints:
 ('./output/train/20250815-182626-resnet18-224/checkpoint/checkpoint-224.pth.tar', 74.14999995117188)
 ('./output/train/20250815-182626-resnet18-224/checkpoint/checkpoint-221.pth.tar', 74.05999989013672)
 ('./output/train/20250815-182626-resnet18-224/checkpoint/checkpoint-225.pth.tar', 74.02000012207031)
 ('./output/train/20250815-182626-resnet18-224/checkpoint/checkpoint-226.pth.tar', 74.01999990234376)
 ('./output/train/20250815-182626-resnet18-224/checkpoint/checkpoint-216.pth.tar', 73.97999998779297)
 ('./output/train/20250815-182626-resnet18-224/checkpoint/checkpoint-218.pth.tar', 73.59999997558593)
 ('./output/train/20250815-182626-resnet18-224/checkpoint/checkpoint-212.pth.tar', 73.53000007324219)
 ('./output/train/20250815-182626-resnet18-224/checkpoint/checkpoint-222.pth.tar', 73.50000007324219)
 ('./output/train/20250815-182626-resnet18-224/checkpoint/checkpoint-214.pth.tar', 73.46000014648438)
 ('./output/train/20250815-182626-resnet18-224/checkpoint/checkpoint-217.pth.tar', 73.4500001220703)

2025-08-15 19:32:12,205 -                train: [    INFO] - Train: 227 [   0/97 (  0%)]  Loss: 30.76 (30.8)  Loss_feat: 29.30 (29.3)  Loss_gt: 1.458 (1.46) LR: 7.817e-03
2025-08-15 19:32:28,090 -                train: [    INFO] - Train: 227 [  96/97 (100%)]  Loss: 30.74 (30.7)  Loss_feat: 29.31 (29.3)  Loss_gt: 1.428 (1.44) LR: 7.817e-03
2025-08-15 19:32:28,090 -                train: [    INFO] - Distributing BatchNorm running means and vars
2025-08-15 19:32:28,422 -                train: [    INFO] - Test: [   0/19]  Time: 0.328 (0.328)  Loss:  1.0033 (1.0033)  Acc@1: 76.3672 (76.3672)  Acc@5: 93.5547 (93.5547)
2025-08-15 19:32:28,915 -                train: [    INFO] - Test: [  19/19]  Time: 0.009 (0.041)  Loss:  0.9540 (1.0181)  Acc@1: 78.3088 (74.9300)  Acc@5: 93.7500 (93.9100)
2025-08-15 19:32:29,186 - timm.utils.checkpoint_saver: [    INFO] - Current checkpoints:
 ('./output/train/20250815-182626-resnet18-224/checkpoint/checkpoint-227.pth.tar', 74.92999997558594)
 ('./output/train/20250815-182626-resnet18-224/checkpoint/checkpoint-224.pth.tar', 74.14999995117188)
 ('./output/train/20250815-182626-resnet18-224/checkpoint/checkpoint-221.pth.tar', 74.05999989013672)
 ('./output/train/20250815-182626-resnet18-224/checkpoint/checkpoint-225.pth.tar', 74.02000012207031)
 ('./output/train/20250815-182626-resnet18-224/checkpoint/checkpoint-226.pth.tar', 74.01999990234376)
 ('./output/train/20250815-182626-resnet18-224/checkpoint/checkpoint-216.pth.tar', 73.97999998779297)
 ('./output/train/20250815-182626-resnet18-224/checkpoint/checkpoint-218.pth.tar', 73.59999997558593)
 ('./output/train/20250815-182626-resnet18-224/checkpoint/checkpoint-212.pth.tar', 73.53000007324219)
 ('./output/train/20250815-182626-resnet18-224/checkpoint/checkpoint-222.pth.tar', 73.50000007324219)
 ('./output/train/20250815-182626-resnet18-224/checkpoint/checkpoint-214.pth.tar', 73.46000014648438)

2025-08-15 19:32:29,475 -                train: [    INFO] - Train: 228 [   0/97 (  0%)]  Loss: 29.89 (29.9)  Loss_feat: 28.46 (28.5)  Loss_gt: 1.436 (1.44) LR: 7.640e-03
2025-08-15 19:32:45,410 -                train: [    INFO] - Train: 228 [  96/97 (100%)]  Loss: 30.13 (30.0)  Loss_feat: 28.74 (28.6)  Loss_gt: 1.382 (1.41) LR: 7.640e-03
2025-08-15 19:32:45,411 -                train: [    INFO] - Distributing BatchNorm running means and vars
2025-08-15 19:32:45,748 -                train: [    INFO] - Test: [   0/19]  Time: 0.333 (0.333)  Loss:  0.9529 (0.9529)  Acc@1: 76.5625 (76.5625)  Acc@5: 93.7500 (93.7500)
2025-08-15 19:32:46,216 -                train: [    INFO] - Test: [  19/19]  Time: 0.009 (0.040)  Loss:  0.9650 (1.0027)  Acc@1: 76.1029 (74.6000)  Acc@5: 92.6470 (93.7700)
2025-08-15 19:32:46,544 - timm.utils.checkpoint_saver: [    INFO] - Current checkpoints:
 ('./output/train/20250815-182626-resnet18-224/checkpoint/checkpoint-227.pth.tar', 74.92999997558594)
 ('./output/train/20250815-182626-resnet18-224/checkpoint/checkpoint-228.pth.tar', 74.59999985351563)
 ('./output/train/20250815-182626-resnet18-224/checkpoint/checkpoint-224.pth.tar', 74.14999995117188)
 ('./output/train/20250815-182626-resnet18-224/checkpoint/checkpoint-221.pth.tar', 74.05999989013672)
 ('./output/train/20250815-182626-resnet18-224/checkpoint/checkpoint-225.pth.tar', 74.02000012207031)
 ('./output/train/20250815-182626-resnet18-224/checkpoint/checkpoint-226.pth.tar', 74.01999990234376)
 ('./output/train/20250815-182626-resnet18-224/checkpoint/checkpoint-216.pth.tar', 73.97999998779297)
 ('./output/train/20250815-182626-resnet18-224/checkpoint/checkpoint-218.pth.tar', 73.59999997558593)
 ('./output/train/20250815-182626-resnet18-224/checkpoint/checkpoint-212.pth.tar', 73.53000007324219)
 ('./output/train/20250815-182626-resnet18-224/checkpoint/checkpoint-222.pth.tar', 73.50000007324219)

2025-08-15 19:32:46,811 -                train: [    INFO] - Train: 229 [   0/97 (  0%)]  Loss: 29.41 (29.4)  Loss_feat: 28.04 (28.0)  Loss_gt: 1.369 (1.37) LR: 7.466e-03
2025-08-15 19:33:02,651 -                train: [    INFO] - Train: 229 [  96/97 (100%)]  Loss: 29.47 (29.4)  Loss_feat: 28.06 (28.1)  Loss_gt: 1.414 (1.39) LR: 7.466e-03
2025-08-15 19:33:02,651 -                train: [    INFO] - Distributing BatchNorm running means and vars
2025-08-15 19:33:03,023 -                train: [    INFO] - Test: [   0/19]  Time: 0.369 (0.369)  Loss:  0.9573 (0.9573)  Acc@1: 77.5391 (77.5391)  Acc@5: 93.7500 (93.7500)
2025-08-15 19:33:03,499 -                train: [    INFO] - Test: [  19/19]  Time: 0.009 (0.042)  Loss:  0.9790 (1.0260)  Acc@1: 76.1029 (74.5400)  Acc@5: 92.6470 (93.4600)
2025-08-15 19:33:03,769 - timm.utils.checkpoint_saver: [    INFO] - Current checkpoints:
 ('./output/train/20250815-182626-resnet18-224/checkpoint/checkpoint-227.pth.tar', 74.92999997558594)
 ('./output/train/20250815-182626-resnet18-224/checkpoint/checkpoint-228.pth.tar', 74.59999985351563)
 ('./output/train/20250815-182626-resnet18-224/checkpoint/checkpoint-229.pth.tar', 74.54000006103516)
 ('./output/train/20250815-182626-resnet18-224/checkpoint/checkpoint-224.pth.tar', 74.14999995117188)
 ('./output/train/20250815-182626-resnet18-224/checkpoint/checkpoint-221.pth.tar', 74.05999989013672)
 ('./output/train/20250815-182626-resnet18-224/checkpoint/checkpoint-225.pth.tar', 74.02000012207031)
 ('./output/train/20250815-182626-resnet18-224/checkpoint/checkpoint-226.pth.tar', 74.01999990234376)
 ('./output/train/20250815-182626-resnet18-224/checkpoint/checkpoint-216.pth.tar', 73.97999998779297)
 ('./output/train/20250815-182626-resnet18-224/checkpoint/checkpoint-218.pth.tar', 73.59999997558593)
 ('./output/train/20250815-182626-resnet18-224/checkpoint/checkpoint-212.pth.tar', 73.53000007324219)

2025-08-15 19:33:04,080 -                train: [    INFO] - Train: 230 [   0/97 (  0%)]  Loss: 28.77 (28.8)  Loss_feat: 27.36 (27.4)  Loss_gt: 1.410 (1.41) LR: 7.293e-03
2025-08-15 19:33:19,967 -                train: [    INFO] - Train: 230 [  96/97 (100%)]  Loss: 28.63 (28.7)  Loss_feat: 27.22 (27.3)  Loss_gt: 1.406 (1.41) LR: 7.293e-03
2025-08-15 19:33:19,967 -                train: [    INFO] - Distributing BatchNorm running means and vars
2025-08-15 19:33:20,341 -                train: [    INFO] - Test: [   0/19]  Time: 0.371 (0.371)  Loss:  1.0563 (1.0563)  Acc@1: 74.6094 (74.6094)  Acc@5: 91.7969 (91.7969)
2025-08-15 19:33:20,833 -                train: [    INFO] - Test: [  19/19]  Time: 0.009 (0.043)  Loss:  1.0863 (1.0755)  Acc@1: 75.7353 (73.8800)  Acc@5: 91.1765 (92.8900)
2025-08-15 19:33:21,090 - timm.utils.checkpoint_saver: [    INFO] - Current checkpoints:
 ('./output/train/20250815-182626-resnet18-224/checkpoint/checkpoint-227.pth.tar', 74.92999997558594)
 ('./output/train/20250815-182626-resnet18-224/checkpoint/checkpoint-228.pth.tar', 74.59999985351563)
 ('./output/train/20250815-182626-resnet18-224/checkpoint/checkpoint-229.pth.tar', 74.54000006103516)
 ('./output/train/20250815-182626-resnet18-224/checkpoint/checkpoint-224.pth.tar', 74.14999995117188)
 ('./output/train/20250815-182626-resnet18-224/checkpoint/checkpoint-221.pth.tar', 74.05999989013672)
 ('./output/train/20250815-182626-resnet18-224/checkpoint/checkpoint-225.pth.tar', 74.02000012207031)
 ('./output/train/20250815-182626-resnet18-224/checkpoint/checkpoint-226.pth.tar', 74.01999990234376)
 ('./output/train/20250815-182626-resnet18-224/checkpoint/checkpoint-216.pth.tar', 73.97999998779297)
 ('./output/train/20250815-182626-resnet18-224/checkpoint/checkpoint-230.pth.tar', 73.87999990234376)
 ('./output/train/20250815-182626-resnet18-224/checkpoint/checkpoint-218.pth.tar', 73.59999997558593)

2025-08-15 19:33:21,398 -                train: [    INFO] - Train: 231 [   0/97 (  0%)]  Loss: 27.93 (27.9)  Loss_feat: 26.60 (26.6)  Loss_gt: 1.339 (1.34) LR: 7.122e-03
2025-08-15 19:33:37,311 -                train: [    INFO] - Train: 231 [  96/97 (100%)]  Loss: 28.18 (28.1)  Loss_feat: 26.69 (26.6)  Loss_gt: 1.482 (1.41) LR: 7.122e-03
2025-08-15 19:33:37,311 -                train: [    INFO] - Distributing BatchNorm running means and vars
2025-08-15 19:33:37,631 -                train: [    INFO] - Test: [   0/19]  Time: 0.316 (0.316)  Loss:  1.0116 (1.0116)  Acc@1: 76.3672 (76.3672)  Acc@5: 92.9688 (92.9688)
2025-08-15 19:33:38,161 -                train: [    INFO] - Test: [  19/19]  Time: 0.009 (0.042)  Loss:  0.9779 (1.0186)  Acc@1: 73.8971 (74.5900)  Acc@5: 92.6471 (93.6800)
2025-08-15 19:33:38,368 - timm.utils.checkpoint_saver: [    INFO] - Current checkpoints:
 ('./output/train/20250815-182626-resnet18-224/checkpoint/checkpoint-227.pth.tar', 74.92999997558594)
 ('./output/train/20250815-182626-resnet18-224/checkpoint/checkpoint-228.pth.tar', 74.59999985351563)
 ('./output/train/20250815-182626-resnet18-224/checkpoint/checkpoint-231.pth.tar', 74.58999993896484)
 ('./output/train/20250815-182626-resnet18-224/checkpoint/checkpoint-229.pth.tar', 74.54000006103516)
 ('./output/train/20250815-182626-resnet18-224/checkpoint/checkpoint-224.pth.tar', 74.14999995117188)
 ('./output/train/20250815-182626-resnet18-224/checkpoint/checkpoint-221.pth.tar', 74.05999989013672)
 ('./output/train/20250815-182626-resnet18-224/checkpoint/checkpoint-225.pth.tar', 74.02000012207031)
 ('./output/train/20250815-182626-resnet18-224/checkpoint/checkpoint-226.pth.tar', 74.01999990234376)
 ('./output/train/20250815-182626-resnet18-224/checkpoint/checkpoint-216.pth.tar', 73.97999998779297)
 ('./output/train/20250815-182626-resnet18-224/checkpoint/checkpoint-230.pth.tar', 73.87999990234376)

2025-08-15 19:33:38,749 -                train: [    INFO] - Train: 232 [   0/97 (  0%)]  Loss: 27.16 (27.2)  Loss_feat: 25.77 (25.8)  Loss_gt: 1.387 (1.39) LR: 6.954e-03
2025-08-15 19:33:54,666 -                train: [    INFO] - Train: 232 [  96/97 (100%)]  Loss: 27.37 (27.3)  Loss_feat: 25.96 (25.9)  Loss_gt: 1.408 (1.40) LR: 6.954e-03
2025-08-15 19:33:54,666 -                train: [    INFO] - Distributing BatchNorm running means and vars
2025-08-15 19:33:54,992 -                train: [    INFO] - Test: [   0/19]  Time: 0.323 (0.323)  Loss:  0.9942 (0.9942)  Acc@1: 75.1953 (75.1953)  Acc@5: 93.1641 (93.1641)
2025-08-15 19:33:55,468 -                train: [    INFO] - Test: [  19/19]  Time: 0.009 (0.040)  Loss:  0.9836 (1.0301)  Acc@1: 76.4706 (74.2500)  Acc@5: 93.0147 (93.5200)
2025-08-15 19:33:55,688 - timm.utils.checkpoint_saver: [    INFO] - Current checkpoints:
 ('./output/train/20250815-182626-resnet18-224/checkpoint/checkpoint-227.pth.tar', 74.92999997558594)
 ('./output/train/20250815-182626-resnet18-224/checkpoint/checkpoint-228.pth.tar', 74.59999985351563)
 ('./output/train/20250815-182626-resnet18-224/checkpoint/checkpoint-231.pth.tar', 74.58999993896484)
 ('./output/train/20250815-182626-resnet18-224/checkpoint/checkpoint-229.pth.tar', 74.54000006103516)
 ('./output/train/20250815-182626-resnet18-224/checkpoint/checkpoint-232.pth.tar', 74.2499998046875)
 ('./output/train/20250815-182626-resnet18-224/checkpoint/checkpoint-224.pth.tar', 74.14999995117188)
 ('./output/train/20250815-182626-resnet18-224/checkpoint/checkpoint-221.pth.tar', 74.05999989013672)
 ('./output/train/20250815-182626-resnet18-224/checkpoint/checkpoint-225.pth.tar', 74.02000012207031)
 ('./output/train/20250815-182626-resnet18-224/checkpoint/checkpoint-226.pth.tar', 74.01999990234376)
 ('./output/train/20250815-182626-resnet18-224/checkpoint/checkpoint-216.pth.tar', 73.97999998779297)

2025-08-15 19:33:56,035 -                train: [    INFO] - Train: 233 [   0/97 (  0%)]  Loss: 26.51 (26.5)  Loss_feat: 25.13 (25.1)  Loss_gt: 1.379 (1.38) LR: 6.787e-03
2025-08-15 19:34:11,880 -                train: [    INFO] - Train: 233 [  96/97 (100%)]  Loss: 26.65 (26.6)  Loss_feat: 25.17 (25.2)  Loss_gt: 1.477 (1.43) LR: 6.787e-03
2025-08-15 19:34:11,880 -                train: [    INFO] - Distributing BatchNorm running means and vars
2025-08-15 19:34:12,228 -                train: [    INFO] - Test: [   0/19]  Time: 0.344 (0.344)  Loss:  0.9725 (0.9725)  Acc@1: 76.5625 (76.5625)  Acc@5: 93.9453 (93.9453)
2025-08-15 19:34:12,685 -                train: [    INFO] - Test: [  19/19]  Time: 0.009 (0.040)  Loss:  0.8932 (1.0129)  Acc@1: 77.2059 (74.6300)  Acc@5: 95.2206 (93.8200)
2025-08-15 19:34:12,875 - timm.utils.checkpoint_saver: [    INFO] - Current checkpoints:
 ('./output/train/20250815-182626-resnet18-224/checkpoint/checkpoint-227.pth.tar', 74.92999997558594)
 ('./output/train/20250815-182626-resnet18-224/checkpoint/checkpoint-233.pth.tar', 74.63000012207031)
 ('./output/train/20250815-182626-resnet18-224/checkpoint/checkpoint-228.pth.tar', 74.59999985351563)
 ('./output/train/20250815-182626-resnet18-224/checkpoint/checkpoint-231.pth.tar', 74.58999993896484)
 ('./output/train/20250815-182626-resnet18-224/checkpoint/checkpoint-229.pth.tar', 74.54000006103516)
 ('./output/train/20250815-182626-resnet18-224/checkpoint/checkpoint-232.pth.tar', 74.2499998046875)
 ('./output/train/20250815-182626-resnet18-224/checkpoint/checkpoint-224.pth.tar', 74.14999995117188)
 ('./output/train/20250815-182626-resnet18-224/checkpoint/checkpoint-221.pth.tar', 74.05999989013672)
 ('./output/train/20250815-182626-resnet18-224/checkpoint/checkpoint-225.pth.tar', 74.02000012207031)
 ('./output/train/20250815-182626-resnet18-224/checkpoint/checkpoint-226.pth.tar', 74.01999990234376)

2025-08-15 19:34:13,266 -                train: [    INFO] - Train: 234 [   0/97 (  0%)]  Loss: 25.76 (25.8)  Loss_feat: 24.39 (24.4)  Loss_gt: 1.364 (1.36) LR: 6.622e-03
2025-08-15 19:34:29,151 -                train: [    INFO] - Train: 234 [  96/97 (100%)]  Loss: 25.94 (25.8)  Loss_feat: 24.50 (24.4)  Loss_gt: 1.442 (1.40) LR: 6.622e-03
2025-08-15 19:34:29,151 -                train: [    INFO] - Distributing BatchNorm running means and vars
2025-08-15 19:34:29,483 -                train: [    INFO] - Test: [   0/19]  Time: 0.329 (0.329)  Loss:  0.9880 (0.9880)  Acc@1: 75.0000 (75.0000)  Acc@5: 93.3594 (93.3594)
2025-08-15 19:34:29,967 -                train: [    INFO] - Test: [  19/19]  Time: 0.009 (0.041)  Loss:  0.9522 (1.0171)  Acc@1: 76.8382 (74.7800)  Acc@5: 93.3824 (93.7900)
2025-08-15 19:34:30,174 - timm.utils.checkpoint_saver: [    INFO] - Current checkpoints:
 ('./output/train/20250815-182626-resnet18-224/checkpoint/checkpoint-227.pth.tar', 74.92999997558594)
 ('./output/train/20250815-182626-resnet18-224/checkpoint/checkpoint-234.pth.tar', 74.77999996337891)
 ('./output/train/20250815-182626-resnet18-224/checkpoint/checkpoint-233.pth.tar', 74.63000012207031)
 ('./output/train/20250815-182626-resnet18-224/checkpoint/checkpoint-228.pth.tar', 74.59999985351563)
 ('./output/train/20250815-182626-resnet18-224/checkpoint/checkpoint-231.pth.tar', 74.58999993896484)
 ('./output/train/20250815-182626-resnet18-224/checkpoint/checkpoint-229.pth.tar', 74.54000006103516)
 ('./output/train/20250815-182626-resnet18-224/checkpoint/checkpoint-232.pth.tar', 74.2499998046875)
 ('./output/train/20250815-182626-resnet18-224/checkpoint/checkpoint-224.pth.tar', 74.14999995117188)
 ('./output/train/20250815-182626-resnet18-224/checkpoint/checkpoint-221.pth.tar', 74.05999989013672)
 ('./output/train/20250815-182626-resnet18-224/checkpoint/checkpoint-225.pth.tar', 74.02000012207031)

2025-08-15 19:34:30,538 -                train: [    INFO] - Train: 235 [   0/97 (  0%)]  Loss: 25.29 (25.3)  Loss_feat: 23.90 (23.9)  Loss_gt: 1.392 (1.39) LR: 6.460e-03
2025-08-15 19:34:46,383 -                train: [    INFO] - Train: 235 [  96/97 (100%)]  Loss: 25.35 (25.3)  Loss_feat: 23.91 (23.9)  Loss_gt: 1.440 (1.42) LR: 6.460e-03
2025-08-15 19:34:46,384 -                train: [    INFO] - Distributing BatchNorm running means and vars
2025-08-15 19:34:46,721 -                train: [    INFO] - Test: [   0/19]  Time: 0.334 (0.334)  Loss:  1.0108 (1.0108)  Acc@1: 76.1719 (76.1719)  Acc@5: 93.7500 (93.7500)
2025-08-15 19:34:47,231 -                train: [    INFO] - Test: [  19/19]  Time: 0.009 (0.042)  Loss:  0.9988 (1.0020)  Acc@1: 73.5294 (75.1500)  Acc@5: 95.5882 (94.0300)
2025-08-15 19:34:47,493 - timm.utils.checkpoint_saver: [    INFO] - Current checkpoints:
 ('./output/train/20250815-182626-resnet18-224/checkpoint/checkpoint-235.pth.tar', 75.14999998779297)
 ('./output/train/20250815-182626-resnet18-224/checkpoint/checkpoint-227.pth.tar', 74.92999997558594)
 ('./output/train/20250815-182626-resnet18-224/checkpoint/checkpoint-234.pth.tar', 74.77999996337891)
 ('./output/train/20250815-182626-resnet18-224/checkpoint/checkpoint-233.pth.tar', 74.63000012207031)
 ('./output/train/20250815-182626-resnet18-224/checkpoint/checkpoint-228.pth.tar', 74.59999985351563)
 ('./output/train/20250815-182626-resnet18-224/checkpoint/checkpoint-231.pth.tar', 74.58999993896484)
 ('./output/train/20250815-182626-resnet18-224/checkpoint/checkpoint-229.pth.tar', 74.54000006103516)
 ('./output/train/20250815-182626-resnet18-224/checkpoint/checkpoint-232.pth.tar', 74.2499998046875)
 ('./output/train/20250815-182626-resnet18-224/checkpoint/checkpoint-224.pth.tar', 74.14999995117188)
 ('./output/train/20250815-182626-resnet18-224/checkpoint/checkpoint-221.pth.tar', 74.05999989013672)

2025-08-15 19:34:47,796 -                train: [    INFO] - Train: 236 [   0/97 (  0%)]  Loss: 24.53 (24.5)  Loss_feat: 23.15 (23.1)  Loss_gt: 1.381 (1.38) LR: 6.300e-03
2025-08-15 19:35:03,636 -                train: [    INFO] - Train: 236 [  96/97 (100%)]  Loss: 24.58 (24.6)  Loss_feat: 23.21 (23.2)  Loss_gt: 1.372 (1.38) LR: 6.300e-03
2025-08-15 19:35:03,636 -                train: [    INFO] - Distributing BatchNorm running means and vars
2025-08-15 19:35:03,912 -                train: [    INFO] - Test: [   0/19]  Time: 0.272 (0.272)  Loss:  0.9398 (0.9398)  Acc@1: 78.3203 (78.3203)  Acc@5: 92.5781 (92.5781)
2025-08-15 19:35:04,419 -                train: [    INFO] - Test: [  19/19]  Time: 0.009 (0.039)  Loss:  0.9226 (0.9989)  Acc@1: 78.6765 (74.7900)  Acc@5: 93.3823 (93.8100)
2025-08-15 19:35:04,708 - timm.utils.checkpoint_saver: [    INFO] - Current checkpoints:
 ('./output/train/20250815-182626-resnet18-224/checkpoint/checkpoint-235.pth.tar', 75.14999998779297)
 ('./output/train/20250815-182626-resnet18-224/checkpoint/checkpoint-227.pth.tar', 74.92999997558594)
 ('./output/train/20250815-182626-resnet18-224/checkpoint/checkpoint-236.pth.tar', 74.78999992675782)
 ('./output/train/20250815-182626-resnet18-224/checkpoint/checkpoint-234.pth.tar', 74.77999996337891)
 ('./output/train/20250815-182626-resnet18-224/checkpoint/checkpoint-233.pth.tar', 74.63000012207031)
 ('./output/train/20250815-182626-resnet18-224/checkpoint/checkpoint-228.pth.tar', 74.59999985351563)
 ('./output/train/20250815-182626-resnet18-224/checkpoint/checkpoint-231.pth.tar', 74.58999993896484)
 ('./output/train/20250815-182626-resnet18-224/checkpoint/checkpoint-229.pth.tar', 74.54000006103516)
 ('./output/train/20250815-182626-resnet18-224/checkpoint/checkpoint-232.pth.tar', 74.2499998046875)
 ('./output/train/20250815-182626-resnet18-224/checkpoint/checkpoint-224.pth.tar', 74.14999995117188)

2025-08-15 19:35:04,971 -                train: [    INFO] - Train: 237 [   0/97 (  0%)]  Loss: 23.93 (23.9)  Loss_feat: 22.60 (22.6)  Loss_gt: 1.339 (1.34) LR: 6.141e-03
2025-08-15 19:35:20,848 -                train: [    INFO] - Train: 237 [  96/97 (100%)]  Loss: 23.93 (23.9)  Loss_feat: 22.50 (22.5)  Loss_gt: 1.429 (1.38) LR: 6.141e-03
2025-08-15 19:35:20,848 -                train: [    INFO] - Distributing BatchNorm running means and vars
2025-08-15 19:35:21,188 -                train: [    INFO] - Test: [   0/19]  Time: 0.336 (0.336)  Loss:  0.9477 (0.9477)  Acc@1: 75.9766 (75.9766)  Acc@5: 92.7734 (92.7734)
2025-08-15 19:35:21,663 -                train: [    INFO] - Test: [  19/19]  Time: 0.009 (0.041)  Loss:  0.9722 (0.9913)  Acc@1: 76.4706 (74.9800)  Acc@5: 92.2794 (93.9100)
2025-08-15 19:35:21,867 - timm.utils.checkpoint_saver: [    INFO] - Current checkpoints:
 ('./output/train/20250815-182626-resnet18-224/checkpoint/checkpoint-235.pth.tar', 75.14999998779297)
 ('./output/train/20250815-182626-resnet18-224/checkpoint/checkpoint-237.pth.tar', 74.98000001220703)
 ('./output/train/20250815-182626-resnet18-224/checkpoint/checkpoint-227.pth.tar', 74.92999997558594)
 ('./output/train/20250815-182626-resnet18-224/checkpoint/checkpoint-236.pth.tar', 74.78999992675782)
 ('./output/train/20250815-182626-resnet18-224/checkpoint/checkpoint-234.pth.tar', 74.77999996337891)
 ('./output/train/20250815-182626-resnet18-224/checkpoint/checkpoint-233.pth.tar', 74.63000012207031)
 ('./output/train/20250815-182626-resnet18-224/checkpoint/checkpoint-228.pth.tar', 74.59999985351563)
 ('./output/train/20250815-182626-resnet18-224/checkpoint/checkpoint-231.pth.tar', 74.58999993896484)
 ('./output/train/20250815-182626-resnet18-224/checkpoint/checkpoint-229.pth.tar', 74.54000006103516)
 ('./output/train/20250815-182626-resnet18-224/checkpoint/checkpoint-232.pth.tar', 74.2499998046875)

2025-08-15 19:35:22,233 -                train: [    INFO] - Train: 238 [   0/97 (  0%)]  Loss: 23.40 (23.4)  Loss_feat: 22.02 (22.0)  Loss_gt: 1.382 (1.38) LR: 5.985e-03
2025-08-15 19:35:38,085 -                train: [    INFO] - Train: 238 [  96/97 (100%)]  Loss: 23.41 (23.4)  Loss_feat: 22.00 (22.0)  Loss_gt: 1.411 (1.40) LR: 5.985e-03
2025-08-15 19:35:38,085 -                train: [    INFO] - Distributing BatchNorm running means and vars
2025-08-15 19:35:38,413 -                train: [    INFO] - Test: [   0/19]  Time: 0.325 (0.325)  Loss:  0.9518 (0.9518)  Acc@1: 77.1484 (77.1484)  Acc@5: 93.3594 (93.3594)
2025-08-15 19:35:38,880 -                train: [    INFO] - Test: [  19/19]  Time: 0.009 (0.040)  Loss:  0.9492 (0.9933)  Acc@1: 77.5735 (76.0300)  Acc@5: 93.7500 (94.3100)
2025-08-15 19:35:39,092 - timm.utils.checkpoint_saver: [    INFO] - Current checkpoints:
 ('./output/train/20250815-182626-resnet18-224/checkpoint/checkpoint-238.pth.tar', 76.03000007324219)
 ('./output/train/20250815-182626-resnet18-224/checkpoint/checkpoint-235.pth.tar', 75.14999998779297)
 ('./output/train/20250815-182626-resnet18-224/checkpoint/checkpoint-237.pth.tar', 74.98000001220703)
 ('./output/train/20250815-182626-resnet18-224/checkpoint/checkpoint-227.pth.tar', 74.92999997558594)
 ('./output/train/20250815-182626-resnet18-224/checkpoint/checkpoint-236.pth.tar', 74.78999992675782)
 ('./output/train/20250815-182626-resnet18-224/checkpoint/checkpoint-234.pth.tar', 74.77999996337891)
 ('./output/train/20250815-182626-resnet18-224/checkpoint/checkpoint-233.pth.tar', 74.63000012207031)
 ('./output/train/20250815-182626-resnet18-224/checkpoint/checkpoint-228.pth.tar', 74.59999985351563)
 ('./output/train/20250815-182626-resnet18-224/checkpoint/checkpoint-231.pth.tar', 74.58999993896484)
 ('./output/train/20250815-182626-resnet18-224/checkpoint/checkpoint-229.pth.tar', 74.54000006103516)

2025-08-15 19:35:39,430 -                train: [    INFO] - Train: 239 [   0/97 (  0%)]  Loss: 22.75 (22.8)  Loss_feat: 21.42 (21.4)  Loss_gt: 1.335 (1.34) LR: 5.831e-03
2025-08-15 19:35:55,294 -                train: [    INFO] - Train: 239 [  96/97 (100%)]  Loss: 22.74 (22.7)  Loss_feat: 21.33 (21.4)  Loss_gt: 1.415 (1.38) LR: 5.831e-03
2025-08-15 19:35:55,295 -                train: [    INFO] - Distributing BatchNorm running means and vars
2025-08-15 19:35:55,650 -                train: [    INFO] - Test: [   0/19]  Time: 0.352 (0.352)  Loss:  0.9499 (0.9499)  Acc@1: 76.1719 (76.1719)  Acc@5: 92.9688 (92.9688)
2025-08-15 19:35:56,120 -                train: [    INFO] - Test: [  19/19]  Time: 0.009 (0.041)  Loss:  0.9852 (0.9982)  Acc@1: 74.2647 (75.0900)  Acc@5: 92.2794 (93.4300)
2025-08-15 19:35:56,408 - timm.utils.checkpoint_saver: [    INFO] - Current checkpoints:
 ('./output/train/20250815-182626-resnet18-224/checkpoint/checkpoint-238.pth.tar', 76.03000007324219)
 ('./output/train/20250815-182626-resnet18-224/checkpoint/checkpoint-235.pth.tar', 75.14999998779297)
 ('./output/train/20250815-182626-resnet18-224/checkpoint/checkpoint-239.pth.tar', 75.08999989013672)
 ('./output/train/20250815-182626-resnet18-224/checkpoint/checkpoint-237.pth.tar', 74.98000001220703)
 ('./output/train/20250815-182626-resnet18-224/checkpoint/checkpoint-227.pth.tar', 74.92999997558594)
 ('./output/train/20250815-182626-resnet18-224/checkpoint/checkpoint-236.pth.tar', 74.78999992675782)
 ('./output/train/20250815-182626-resnet18-224/checkpoint/checkpoint-234.pth.tar', 74.77999996337891)
 ('./output/train/20250815-182626-resnet18-224/checkpoint/checkpoint-233.pth.tar', 74.63000012207031)
 ('./output/train/20250815-182626-resnet18-224/checkpoint/checkpoint-228.pth.tar', 74.59999985351563)
 ('./output/train/20250815-182626-resnet18-224/checkpoint/checkpoint-231.pth.tar', 74.58999993896484)

2025-08-15 19:35:56,687 -                train: [    INFO] - Train: 240 [   0/97 (  0%)]  Loss: 21.98 (22.0)  Loss_feat: 20.69 (20.7)  Loss_gt: 1.295 (1.29) LR: 5.679e-03
2025-08-15 19:36:12,498 -                train: [    INFO] - Train: 240 [  96/97 (100%)]  Loss: 22.07 (22.0)  Loss_feat: 20.71 (20.7)  Loss_gt: 1.357 (1.33) LR: 5.679e-03
2025-08-15 19:36:12,498 -                train: [    INFO] - Distributing BatchNorm running means and vars
2025-08-15 19:36:12,890 -                train: [    INFO] - Test: [   0/19]  Time: 0.388 (0.388)  Loss:  0.9653 (0.9653)  Acc@1: 76.1719 (76.1719)  Acc@5: 93.7500 (93.7500)
2025-08-15 19:36:13,381 -                train: [    INFO] - Test: [  19/19]  Time: 0.009 (0.044)  Loss:  0.9419 (0.9982)  Acc@1: 77.9412 (75.2300)  Acc@5: 93.3824 (93.9900)
2025-08-15 19:36:13,680 - timm.utils.checkpoint_saver: [    INFO] - Current checkpoints:
 ('./output/train/20250815-182626-resnet18-224/checkpoint/checkpoint-238.pth.tar', 76.03000007324219)
 ('./output/train/20250815-182626-resnet18-224/checkpoint/checkpoint-240.pth.tar', 75.23000002441407)
 ('./output/train/20250815-182626-resnet18-224/checkpoint/checkpoint-235.pth.tar', 75.14999998779297)
 ('./output/train/20250815-182626-resnet18-224/checkpoint/checkpoint-239.pth.tar', 75.08999989013672)
 ('./output/train/20250815-182626-resnet18-224/checkpoint/checkpoint-237.pth.tar', 74.98000001220703)
 ('./output/train/20250815-182626-resnet18-224/checkpoint/checkpoint-227.pth.tar', 74.92999997558594)
 ('./output/train/20250815-182626-resnet18-224/checkpoint/checkpoint-236.pth.tar', 74.78999992675782)
 ('./output/train/20250815-182626-resnet18-224/checkpoint/checkpoint-234.pth.tar', 74.77999996337891)
 ('./output/train/20250815-182626-resnet18-224/checkpoint/checkpoint-233.pth.tar', 74.63000012207031)
 ('./output/train/20250815-182626-resnet18-224/checkpoint/checkpoint-228.pth.tar', 74.59999985351563)

2025-08-15 19:36:13,938 -                train: [    INFO] - Train: 241 [   0/97 (  0%)]  Loss: 21.44 (21.4)  Loss_feat: 20.08 (20.1)  Loss_gt: 1.361 (1.36) LR: 5.529e-03
2025-08-15 19:36:29,800 -                train: [    INFO] - Train: 241 [  96/97 (100%)]  Loss: 21.49 (21.5)  Loss_feat: 20.09 (20.1)  Loss_gt: 1.399 (1.38) LR: 5.529e-03
2025-08-15 19:36:29,800 -                train: [    INFO] - Distributing BatchNorm running means and vars
2025-08-15 19:36:30,132 -                train: [    INFO] - Test: [   0/19]  Time: 0.328 (0.328)  Loss:  0.9557 (0.9557)  Acc@1: 76.3672 (76.3672)  Acc@5: 92.9688 (92.9688)
2025-08-15 19:36:30,612 -                train: [    INFO] - Test: [  19/19]  Time: 0.009 (0.040)  Loss:  0.9754 (1.0121)  Acc@1: 76.4706 (75.2000)  Acc@5: 94.1176 (93.5000)
2025-08-15 19:36:30,810 - timm.utils.checkpoint_saver: [    INFO] - Current checkpoints:
 ('./output/train/20250815-182626-resnet18-224/checkpoint/checkpoint-238.pth.tar', 76.03000007324219)
 ('./output/train/20250815-182626-resnet18-224/checkpoint/checkpoint-240.pth.tar', 75.23000002441407)
 ('./output/train/20250815-182626-resnet18-224/checkpoint/checkpoint-241.pth.tar', 75.20000001220703)
 ('./output/train/20250815-182626-resnet18-224/checkpoint/checkpoint-235.pth.tar', 75.14999998779297)
 ('./output/train/20250815-182626-resnet18-224/checkpoint/checkpoint-239.pth.tar', 75.08999989013672)
 ('./output/train/20250815-182626-resnet18-224/checkpoint/checkpoint-237.pth.tar', 74.98000001220703)
 ('./output/train/20250815-182626-resnet18-224/checkpoint/checkpoint-227.pth.tar', 74.92999997558594)
 ('./output/train/20250815-182626-resnet18-224/checkpoint/checkpoint-236.pth.tar', 74.78999992675782)
 ('./output/train/20250815-182626-resnet18-224/checkpoint/checkpoint-234.pth.tar', 74.77999996337891)
 ('./output/train/20250815-182626-resnet18-224/checkpoint/checkpoint-233.pth.tar', 74.63000012207031)

2025-08-15 19:36:31,181 -                train: [    INFO] - Train: 242 [   0/97 (  0%)]  Loss: 20.91 (20.9)  Loss_feat: 19.57 (19.6)  Loss_gt: 1.344 (1.34) LR: 5.382e-03
2025-08-15 19:36:47,035 -                train: [    INFO] - Train: 242 [  96/97 (100%)]  Loss: 20.97 (20.9)  Loss_feat: 19.58 (19.6)  Loss_gt: 1.389 (1.37) LR: 5.382e-03
2025-08-15 19:36:47,035 -                train: [    INFO] - Distributing BatchNorm running means and vars
2025-08-15 19:36:47,390 -                train: [    INFO] - Test: [   0/19]  Time: 0.351 (0.351)  Loss:  0.9567 (0.9567)  Acc@1: 77.1484 (77.1484)  Acc@5: 92.9688 (92.9688)
2025-08-15 19:36:47,900 -                train: [    INFO] - Test: [  19/19]  Time: 0.009 (0.043)  Loss:  0.9800 (1.0305)  Acc@1: 75.7353 (74.4400)  Acc@5: 93.7500 (93.6500)
2025-08-15 19:36:48,496 -                train: [    INFO] - Train: 243 [   0/97 (  0%)]  Loss: 20.34 (20.3)  Loss_feat: 19.05 (19.0)  Loss_gt: 1.294 (1.29) LR: 5.237e-03
2025-08-15 19:37:04,335 -                train: [    INFO] - Train: 243 [  96/97 (100%)]  Loss: 20.32 (20.3)  Loss_feat: 18.94 (19.0)  Loss_gt: 1.388 (1.34) LR: 5.237e-03
2025-08-15 19:37:04,335 -                train: [    INFO] - Distributing BatchNorm running means and vars
2025-08-15 19:37:04,668 -                train: [    INFO] - Test: [   0/19]  Time: 0.330 (0.330)  Loss:  1.0406 (1.0406)  Acc@1: 76.1719 (76.1719)  Acc@5: 92.5781 (92.5781)
2025-08-15 19:37:05,173 -                train: [    INFO] - Test: [  19/19]  Time: 0.009 (0.042)  Loss:  0.9992 (1.0539)  Acc@1: 77.2059 (74.4800)  Acc@5: 91.9118 (93.1900)
2025-08-15 19:37:05,729 -                train: [    INFO] - Train: 244 [   0/97 (  0%)]  Loss: 19.69 (19.7)  Loss_feat: 18.33 (18.3)  Loss_gt: 1.354 (1.35) LR: 5.093e-03
2025-08-15 19:37:21,529 -                train: [    INFO] - Train: 244 [  96/97 (100%)]  Loss: 19.80 (19.7)  Loss_feat: 18.36 (18.3)  Loss_gt: 1.444 (1.40) LR: 5.093e-03
2025-08-15 19:37:21,529 -                train: [    INFO] - Distributing BatchNorm running means and vars
2025-08-15 19:37:21,840 -                train: [    INFO] - Test: [   0/19]  Time: 0.307 (0.307)  Loss:  0.9647 (0.9647)  Acc@1: 76.1719 (76.1719)  Acc@5: 95.1172 (95.1172)
2025-08-15 19:37:22,327 -                train: [    INFO] - Test: [  19/19]  Time: 0.009 (0.040)  Loss:  0.9500 (0.9923)  Acc@1: 80.5147 (75.9100)  Acc@5: 93.0147 (94.0200)
2025-08-15 19:37:22,561 - timm.utils.checkpoint_saver: [    INFO] - Current checkpoints:
 ('./output/train/20250815-182626-resnet18-224/checkpoint/checkpoint-238.pth.tar', 76.03000007324219)
 ('./output/train/20250815-182626-resnet18-224/checkpoint/checkpoint-244.pth.tar', 75.91000009765625)
 ('./output/train/20250815-182626-resnet18-224/checkpoint/checkpoint-240.pth.tar', 75.23000002441407)
 ('./output/train/20250815-182626-resnet18-224/checkpoint/checkpoint-241.pth.tar', 75.20000001220703)
 ('./output/train/20250815-182626-resnet18-224/checkpoint/checkpoint-235.pth.tar', 75.14999998779297)
 ('./output/train/20250815-182626-resnet18-224/checkpoint/checkpoint-239.pth.tar', 75.08999989013672)
 ('./output/train/20250815-182626-resnet18-224/checkpoint/checkpoint-237.pth.tar', 74.98000001220703)
 ('./output/train/20250815-182626-resnet18-224/checkpoint/checkpoint-227.pth.tar', 74.92999997558594)
 ('./output/train/20250815-182626-resnet18-224/checkpoint/checkpoint-236.pth.tar', 74.78999992675782)
 ('./output/train/20250815-182626-resnet18-224/checkpoint/checkpoint-234.pth.tar', 74.77999996337891)

2025-08-15 19:37:22,867 -                train: [    INFO] - Train: 245 [   0/97 (  0%)]  Loss: 19.06 (19.1)  Loss_feat: 17.77 (17.8)  Loss_gt: 1.290 (1.29) LR: 4.953e-03
2025-08-15 19:37:38,701 -                train: [    INFO] - Train: 245 [  96/97 (100%)]  Loss: 19.34 (19.2)  Loss_feat: 17.98 (17.9)  Loss_gt: 1.357 (1.32) LR: 4.953e-03
2025-08-15 19:37:38,701 -                train: [    INFO] - Distributing BatchNorm running means and vars
2025-08-15 19:37:39,045 -                train: [    INFO] - Test: [   0/19]  Time: 0.341 (0.341)  Loss:  0.9977 (0.9977)  Acc@1: 76.1719 (76.1719)  Acc@5: 93.5547 (93.5547)
2025-08-15 19:37:39,540 -                train: [    INFO] - Test: [  19/19]  Time: 0.009 (0.042)  Loss:  0.8962 (0.9850)  Acc@1: 77.2059 (75.2800)  Acc@5: 94.4853 (93.9200)
2025-08-15 19:37:39,828 - timm.utils.checkpoint_saver: [    INFO] - Current checkpoints:
 ('./output/train/20250815-182626-resnet18-224/checkpoint/checkpoint-238.pth.tar', 76.03000007324219)
 ('./output/train/20250815-182626-resnet18-224/checkpoint/checkpoint-244.pth.tar', 75.91000009765625)
 ('./output/train/20250815-182626-resnet18-224/checkpoint/checkpoint-245.pth.tar', 75.28000012207032)
 ('./output/train/20250815-182626-resnet18-224/checkpoint/checkpoint-240.pth.tar', 75.23000002441407)
 ('./output/train/20250815-182626-resnet18-224/checkpoint/checkpoint-241.pth.tar', 75.20000001220703)
 ('./output/train/20250815-182626-resnet18-224/checkpoint/checkpoint-235.pth.tar', 75.14999998779297)
 ('./output/train/20250815-182626-resnet18-224/checkpoint/checkpoint-239.pth.tar', 75.08999989013672)
 ('./output/train/20250815-182626-resnet18-224/checkpoint/checkpoint-237.pth.tar', 74.98000001220703)
 ('./output/train/20250815-182626-resnet18-224/checkpoint/checkpoint-227.pth.tar', 74.92999997558594)
 ('./output/train/20250815-182626-resnet18-224/checkpoint/checkpoint-236.pth.tar', 74.78999992675782)

2025-08-15 19:37:40,133 -                train: [    INFO] - Train: 246 [   0/97 (  0%)]  Loss: 18.66 (18.7)  Loss_feat: 17.32 (17.3)  Loss_gt: 1.334 (1.33) LR: 4.814e-03
2025-08-15 19:37:55,939 -                train: [    INFO] - Train: 246 [  96/97 (100%)]  Loss: 18.61 (18.6)  Loss_feat: 17.30 (17.3)  Loss_gt: 1.304 (1.32) LR: 4.814e-03
2025-08-15 19:37:55,940 -                train: [    INFO] - Distributing BatchNorm running means and vars
2025-08-15 19:37:56,289 -                train: [    INFO] - Test: [   0/19]  Time: 0.346 (0.346)  Loss:  1.0098 (1.0098)  Acc@1: 76.7578 (76.7578)  Acc@5: 91.9922 (91.9922)
2025-08-15 19:37:56,773 -                train: [    INFO] - Test: [  19/19]  Time: 0.009 (0.042)  Loss:  0.9220 (0.9895)  Acc@1: 76.1029 (76.0100)  Acc@5: 93.3823 (93.6000)
2025-08-15 19:37:56,978 - timm.utils.checkpoint_saver: [    INFO] - Current checkpoints:
 ('./output/train/20250815-182626-resnet18-224/checkpoint/checkpoint-238.pth.tar', 76.03000007324219)
 ('./output/train/20250815-182626-resnet18-224/checkpoint/checkpoint-246.pth.tar', 76.01000006103516)
 ('./output/train/20250815-182626-resnet18-224/checkpoint/checkpoint-244.pth.tar', 75.91000009765625)
 ('./output/train/20250815-182626-resnet18-224/checkpoint/checkpoint-245.pth.tar', 75.28000012207032)
 ('./output/train/20250815-182626-resnet18-224/checkpoint/checkpoint-240.pth.tar', 75.23000002441407)
 ('./output/train/20250815-182626-resnet18-224/checkpoint/checkpoint-241.pth.tar', 75.20000001220703)
 ('./output/train/20250815-182626-resnet18-224/checkpoint/checkpoint-235.pth.tar', 75.14999998779297)
 ('./output/train/20250815-182626-resnet18-224/checkpoint/checkpoint-239.pth.tar', 75.08999989013672)
 ('./output/train/20250815-182626-resnet18-224/checkpoint/checkpoint-237.pth.tar', 74.98000001220703)
 ('./output/train/20250815-182626-resnet18-224/checkpoint/checkpoint-227.pth.tar', 74.92999997558594)

2025-08-15 19:37:57,308 -                train: [    INFO] - Train: 247 [   0/97 (  0%)]  Loss: 18.02 (18.0)  Loss_feat: 16.79 (16.8)  Loss_gt: 1.230 (1.23) LR: 4.678e-03
2025-08-15 19:38:13,120 -                train: [    INFO] - Train: 247 [  96/97 (100%)]  Loss: 18.08 (18.0)  Loss_feat: 16.70 (16.7)  Loss_gt: 1.377 (1.30) LR: 4.678e-03
2025-08-15 19:38:13,121 -                train: [    INFO] - Distributing BatchNorm running means and vars
2025-08-15 19:38:13,456 -                train: [    INFO] - Test: [   0/19]  Time: 0.332 (0.332)  Loss:  0.9334 (0.9334)  Acc@1: 79.4922 (79.4922)  Acc@5: 93.7500 (93.7500)
2025-08-15 19:38:13,945 -                train: [    INFO] - Test: [  19/19]  Time: 0.009 (0.041)  Loss:  0.9270 (1.0214)  Acc@1: 79.7794 (76.0800)  Acc@5: 94.1176 (93.8100)
2025-08-15 19:38:14,280 - timm.utils.checkpoint_saver: [    INFO] - Current checkpoints:
 ('./output/train/20250815-182626-resnet18-224/checkpoint/checkpoint-247.pth.tar', 76.07999998779297)
 ('./output/train/20250815-182626-resnet18-224/checkpoint/checkpoint-238.pth.tar', 76.03000007324219)
 ('./output/train/20250815-182626-resnet18-224/checkpoint/checkpoint-246.pth.tar', 76.01000006103516)
 ('./output/train/20250815-182626-resnet18-224/checkpoint/checkpoint-244.pth.tar', 75.91000009765625)
 ('./output/train/20250815-182626-resnet18-224/checkpoint/checkpoint-245.pth.tar', 75.28000012207032)
 ('./output/train/20250815-182626-resnet18-224/checkpoint/checkpoint-240.pth.tar', 75.23000002441407)
 ('./output/train/20250815-182626-resnet18-224/checkpoint/checkpoint-241.pth.tar', 75.20000001220703)
 ('./output/train/20250815-182626-resnet18-224/checkpoint/checkpoint-235.pth.tar', 75.14999998779297)
 ('./output/train/20250815-182626-resnet18-224/checkpoint/checkpoint-239.pth.tar', 75.08999989013672)
 ('./output/train/20250815-182626-resnet18-224/checkpoint/checkpoint-237.pth.tar', 74.98000001220703)

2025-08-15 19:38:14,546 -                train: [    INFO] - Train: 248 [   0/97 (  0%)]  Loss: 17.57 (17.6)  Loss_feat: 16.28 (16.3)  Loss_gt: 1.289 (1.29) LR: 4.544e-03
2025-08-15 19:38:30,443 -                train: [    INFO] - Train: 248 [  96/97 (100%)]  Loss: 17.74 (17.7)  Loss_feat: 16.32 (16.3)  Loss_gt: 1.413 (1.35) LR: 4.544e-03
2025-08-15 19:38:30,443 -                train: [    INFO] - Distributing BatchNorm running means and vars
2025-08-15 19:38:30,772 -                train: [    INFO] - Test: [   0/19]  Time: 0.325 (0.325)  Loss:  0.9325 (0.9325)  Acc@1: 76.3672 (76.3672)  Acc@5: 93.9453 (93.9453)
2025-08-15 19:38:31,225 -                train: [    INFO] - Test: [  19/19]  Time: 0.009 (0.039)  Loss:  0.9562 (0.9890)  Acc@1: 76.8382 (75.2100)  Acc@5: 93.0147 (93.8000)
2025-08-15 19:38:31,553 - timm.utils.checkpoint_saver: [    INFO] - Current checkpoints:
 ('./output/train/20250815-182626-resnet18-224/checkpoint/checkpoint-247.pth.tar', 76.07999998779297)
 ('./output/train/20250815-182626-resnet18-224/checkpoint/checkpoint-238.pth.tar', 76.03000007324219)
 ('./output/train/20250815-182626-resnet18-224/checkpoint/checkpoint-246.pth.tar', 76.01000006103516)
 ('./output/train/20250815-182626-resnet18-224/checkpoint/checkpoint-244.pth.tar', 75.91000009765625)
 ('./output/train/20250815-182626-resnet18-224/checkpoint/checkpoint-245.pth.tar', 75.28000012207032)
 ('./output/train/20250815-182626-resnet18-224/checkpoint/checkpoint-240.pth.tar', 75.23000002441407)
 ('./output/train/20250815-182626-resnet18-224/checkpoint/checkpoint-248.pth.tar', 75.2099999633789)
 ('./output/train/20250815-182626-resnet18-224/checkpoint/checkpoint-241.pth.tar', 75.20000001220703)
 ('./output/train/20250815-182626-resnet18-224/checkpoint/checkpoint-235.pth.tar', 75.14999998779297)
 ('./output/train/20250815-182626-resnet18-224/checkpoint/checkpoint-239.pth.tar', 75.08999989013672)

2025-08-15 19:38:31,813 -                train: [    INFO] - Train: 249 [   0/97 (  0%)]  Loss: 16.88 (16.9)  Loss_feat: 15.59 (15.6)  Loss_gt: 1.293 (1.29) LR: 4.412e-03
2025-08-15 19:38:47,682 -                train: [    INFO] - Train: 249 [  96/97 (100%)]  Loss: 17.10 (17.0)  Loss_feat: 15.68 (15.6)  Loss_gt: 1.422 (1.36) LR: 4.412e-03
2025-08-15 19:38:47,682 -                train: [    INFO] - Distributing BatchNorm running means and vars
2025-08-15 19:38:47,999 -                train: [    INFO] - Test: [   0/19]  Time: 0.313 (0.313)  Loss:  0.9353 (0.9353)  Acc@1: 77.3438 (77.3438)  Acc@5: 93.1641 (93.1641)
2025-08-15 19:38:48,480 -                train: [    INFO] - Test: [  19/19]  Time: 0.009 (0.040)  Loss:  0.9165 (0.9669)  Acc@1: 76.8382 (75.5900)  Acc@5: 94.1176 (94.0000)
2025-08-15 19:38:48,754 - timm.utils.checkpoint_saver: [    INFO] - Current checkpoints:
 ('./output/train/20250815-182626-resnet18-224/checkpoint/checkpoint-247.pth.tar', 76.07999998779297)
 ('./output/train/20250815-182626-resnet18-224/checkpoint/checkpoint-238.pth.tar', 76.03000007324219)
 ('./output/train/20250815-182626-resnet18-224/checkpoint/checkpoint-246.pth.tar', 76.01000006103516)
 ('./output/train/20250815-182626-resnet18-224/checkpoint/checkpoint-244.pth.tar', 75.91000009765625)
 ('./output/train/20250815-182626-resnet18-224/checkpoint/checkpoint-249.pth.tar', 75.5899999633789)
 ('./output/train/20250815-182626-resnet18-224/checkpoint/checkpoint-245.pth.tar', 75.28000012207032)
 ('./output/train/20250815-182626-resnet18-224/checkpoint/checkpoint-240.pth.tar', 75.23000002441407)
 ('./output/train/20250815-182626-resnet18-224/checkpoint/checkpoint-248.pth.tar', 75.2099999633789)
 ('./output/train/20250815-182626-resnet18-224/checkpoint/checkpoint-241.pth.tar', 75.20000001220703)
 ('./output/train/20250815-182626-resnet18-224/checkpoint/checkpoint-235.pth.tar', 75.14999998779297)

2025-08-15 19:38:49,019 -                train: [    INFO] - Train: 250 [   0/97 (  0%)]  Loss: 16.60 (16.6)  Loss_feat: 15.26 (15.3)  Loss_gt: 1.340 (1.34) LR: 4.282e-03
2025-08-15 19:39:04,861 -                train: [    INFO] - Train: 250 [  96/97 (100%)]  Loss: 16.61 (16.6)  Loss_feat: 15.23 (15.2)  Loss_gt: 1.385 (1.36) LR: 4.282e-03
2025-08-15 19:39:04,861 -                train: [    INFO] - Distributing BatchNorm running means and vars
2025-08-15 19:39:05,116 -                train: [    INFO] - Test: [   0/19]  Time: 0.251 (0.251)  Loss:  0.9181 (0.9181)  Acc@1: 79.1016 (79.1016)  Acc@5: 92.5781 (92.5781)
2025-08-15 19:39:05,682 -                train: [    INFO] - Test: [  19/19]  Time: 0.009 (0.041)  Loss:  0.9238 (0.9698)  Acc@1: 80.1471 (76.6700)  Acc@5: 93.7500 (93.9100)
2025-08-15 19:39:06,062 - timm.utils.checkpoint_saver: [    INFO] - Current checkpoints:
 ('./output/train/20250815-182626-resnet18-224/checkpoint/checkpoint-250.pth.tar', 76.66999993896485)
 ('./output/train/20250815-182626-resnet18-224/checkpoint/checkpoint-247.pth.tar', 76.07999998779297)
 ('./output/train/20250815-182626-resnet18-224/checkpoint/checkpoint-238.pth.tar', 76.03000007324219)
 ('./output/train/20250815-182626-resnet18-224/checkpoint/checkpoint-246.pth.tar', 76.01000006103516)
 ('./output/train/20250815-182626-resnet18-224/checkpoint/checkpoint-244.pth.tar', 75.91000009765625)
 ('./output/train/20250815-182626-resnet18-224/checkpoint/checkpoint-249.pth.tar', 75.5899999633789)
 ('./output/train/20250815-182626-resnet18-224/checkpoint/checkpoint-245.pth.tar', 75.28000012207032)
 ('./output/train/20250815-182626-resnet18-224/checkpoint/checkpoint-240.pth.tar', 75.23000002441407)
 ('./output/train/20250815-182626-resnet18-224/checkpoint/checkpoint-248.pth.tar', 75.2099999633789)
 ('./output/train/20250815-182626-resnet18-224/checkpoint/checkpoint-241.pth.tar', 75.20000001220703)

2025-08-15 19:39:06,328 -                train: [    INFO] - Train: 251 [   0/97 (  0%)]  Loss: 15.90 (15.9)  Loss_feat: 14.64 (14.6)  Loss_gt: 1.259 (1.26) LR: 4.155e-03
2025-08-15 19:39:22,205 -                train: [    INFO] - Train: 251 [  96/97 (100%)]  Loss: 15.98 (15.9)  Loss_feat: 14.70 (14.7)  Loss_gt: 1.282 (1.27) LR: 4.155e-03
2025-08-15 19:39:22,206 -                train: [    INFO] - Distributing BatchNorm running means and vars
2025-08-15 19:39:22,523 -                train: [    INFO] - Test: [   0/19]  Time: 0.314 (0.314)  Loss:  1.0138 (1.0138)  Acc@1: 77.7344 (77.7344)  Acc@5: 92.5781 (92.5781)
2025-08-15 19:39:23,023 -                train: [    INFO] - Test: [  19/19]  Time: 0.009 (0.041)  Loss:  1.0302 (1.0566)  Acc@1: 78.3088 (75.0200)  Acc@5: 91.5441 (93.2200)
2025-08-15 19:39:23,597 -                train: [    INFO] - Train: 252 [   0/97 (  0%)]  Loss: 15.47 (15.5)  Loss_feat: 14.13 (14.1)  Loss_gt: 1.343 (1.34) LR: 4.030e-03
2025-08-15 19:39:39,482 -                train: [    INFO] - Train: 252 [  96/97 (100%)]  Loss: 15.50 (15.5)  Loss_feat: 14.18 (14.2)  Loss_gt: 1.321 (1.33) LR: 4.030e-03
2025-08-15 19:39:39,482 -                train: [    INFO] - Distributing BatchNorm running means and vars
2025-08-15 19:39:39,810 -                train: [    INFO] - Test: [   0/19]  Time: 0.324 (0.324)  Loss:  0.9060 (0.9060)  Acc@1: 77.1484 (77.1484)  Acc@5: 93.3594 (93.3594)
2025-08-15 19:39:40,296 -                train: [    INFO] - Test: [  19/19]  Time: 0.009 (0.041)  Loss:  0.9431 (0.9697)  Acc@1: 77.5735 (75.7800)  Acc@5: 93.0147 (94.0000)
2025-08-15 19:39:40,567 - timm.utils.checkpoint_saver: [    INFO] - Current checkpoints:
 ('./output/train/20250815-182626-resnet18-224/checkpoint/checkpoint-250.pth.tar', 76.66999993896485)
 ('./output/train/20250815-182626-resnet18-224/checkpoint/checkpoint-247.pth.tar', 76.07999998779297)
 ('./output/train/20250815-182626-resnet18-224/checkpoint/checkpoint-238.pth.tar', 76.03000007324219)
 ('./output/train/20250815-182626-resnet18-224/checkpoint/checkpoint-246.pth.tar', 76.01000006103516)
 ('./output/train/20250815-182626-resnet18-224/checkpoint/checkpoint-244.pth.tar', 75.91000009765625)
 ('./output/train/20250815-182626-resnet18-224/checkpoint/checkpoint-252.pth.tar', 75.78000007324219)
 ('./output/train/20250815-182626-resnet18-224/checkpoint/checkpoint-249.pth.tar', 75.5899999633789)
 ('./output/train/20250815-182626-resnet18-224/checkpoint/checkpoint-245.pth.tar', 75.28000012207032)
 ('./output/train/20250815-182626-resnet18-224/checkpoint/checkpoint-240.pth.tar', 75.23000002441407)
 ('./output/train/20250815-182626-resnet18-224/checkpoint/checkpoint-248.pth.tar', 75.2099999633789)

2025-08-15 19:39:40,867 -                train: [    INFO] - Train: 253 [   0/97 (  0%)]  Loss: 14.97 (15.0)  Loss_feat: 13.67 (13.7)  Loss_gt: 1.306 (1.31) LR: 3.908e-03
2025-08-15 19:39:56,686 -                train: [    INFO] - Train: 253 [  96/97 (100%)]  Loss: 15.04 (15.0)  Loss_feat: 13.71 (13.7)  Loss_gt: 1.326 (1.32) LR: 3.908e-03
2025-08-15 19:39:56,687 -                train: [    INFO] - Distributing BatchNorm running means and vars
2025-08-15 19:39:56,960 -                train: [    INFO] - Test: [   0/19]  Time: 0.213 (0.213)  Loss:  0.9099 (0.9099)  Acc@1: 78.9062 (78.9062)  Acc@5: 92.9688 (92.9688)
2025-08-15 19:39:57,488 -                train: [    INFO] - Test: [  19/19]  Time: 0.009 (0.037)  Loss:  0.9959 (0.9661)  Acc@1: 76.1029 (76.5500)  Acc@5: 93.3824 (94.1000)
2025-08-15 19:39:57,714 - timm.utils.checkpoint_saver: [    INFO] - Current checkpoints:
 ('./output/train/20250815-182626-resnet18-224/checkpoint/checkpoint-250.pth.tar', 76.66999993896485)
 ('./output/train/20250815-182626-resnet18-224/checkpoint/checkpoint-253.pth.tar', 76.55000006103515)
 ('./output/train/20250815-182626-resnet18-224/checkpoint/checkpoint-247.pth.tar', 76.07999998779297)
 ('./output/train/20250815-182626-resnet18-224/checkpoint/checkpoint-238.pth.tar', 76.03000007324219)
 ('./output/train/20250815-182626-resnet18-224/checkpoint/checkpoint-246.pth.tar', 76.01000006103516)
 ('./output/train/20250815-182626-resnet18-224/checkpoint/checkpoint-244.pth.tar', 75.91000009765625)
 ('./output/train/20250815-182626-resnet18-224/checkpoint/checkpoint-252.pth.tar', 75.78000007324219)
 ('./output/train/20250815-182626-resnet18-224/checkpoint/checkpoint-249.pth.tar', 75.5899999633789)
 ('./output/train/20250815-182626-resnet18-224/checkpoint/checkpoint-245.pth.tar', 75.28000012207032)
 ('./output/train/20250815-182626-resnet18-224/checkpoint/checkpoint-240.pth.tar', 75.23000002441407)

2025-08-15 19:39:58,046 -                train: [    INFO] - Train: 254 [   0/97 (  0%)]  Loss: 14.48 (14.5)  Loss_feat: 13.13 (13.1)  Loss_gt: 1.341 (1.34) LR: 3.788e-03
2025-08-15 19:40:13,927 -                train: [    INFO] - Train: 254 [  96/97 (100%)]  Loss: 14.37 (14.4)  Loss_feat: 13.06 (13.1)  Loss_gt: 1.314 (1.33) LR: 3.788e-03
2025-08-15 19:40:13,927 -                train: [    INFO] - Distributing BatchNorm running means and vars
2025-08-15 19:40:14,224 -                train: [    INFO] - Test: [   0/19]  Time: 0.293 (0.293)  Loss:  0.9512 (0.9512)  Acc@1: 79.4922 (79.4922)  Acc@5: 94.1406 (94.1406)
2025-08-15 19:40:14,727 -                train: [    INFO] - Test: [  19/19]  Time: 0.009 (0.040)  Loss:  1.0125 (1.0173)  Acc@1: 76.8382 (76.0700)  Acc@5: 94.1176 (94.0100)
2025-08-15 19:40:15,101 - timm.utils.checkpoint_saver: [    INFO] - Current checkpoints:
 ('./output/train/20250815-182626-resnet18-224/checkpoint/checkpoint-250.pth.tar', 76.66999993896485)
 ('./output/train/20250815-182626-resnet18-224/checkpoint/checkpoint-253.pth.tar', 76.55000006103515)
 ('./output/train/20250815-182626-resnet18-224/checkpoint/checkpoint-247.pth.tar', 76.07999998779297)
 ('./output/train/20250815-182626-resnet18-224/checkpoint/checkpoint-254.pth.tar', 76.0699999633789)
 ('./output/train/20250815-182626-resnet18-224/checkpoint/checkpoint-238.pth.tar', 76.03000007324219)
 ('./output/train/20250815-182626-resnet18-224/checkpoint/checkpoint-246.pth.tar', 76.01000006103516)
 ('./output/train/20250815-182626-resnet18-224/checkpoint/checkpoint-244.pth.tar', 75.91000009765625)
 ('./output/train/20250815-182626-resnet18-224/checkpoint/checkpoint-252.pth.tar', 75.78000007324219)
 ('./output/train/20250815-182626-resnet18-224/checkpoint/checkpoint-249.pth.tar', 75.5899999633789)
 ('./output/train/20250815-182626-resnet18-224/checkpoint/checkpoint-245.pth.tar', 75.28000012207032)

2025-08-15 19:40:15,363 -                train: [    INFO] - Train: 255 [   0/97 (  0%)]  Loss: 14.01 (14.0)  Loss_feat: 12.68 (12.7)  Loss_gt: 1.331 (1.33) LR: 3.670e-03
2025-08-15 19:40:31,197 -                train: [    INFO] - Train: 255 [  96/97 (100%)]  Loss: 13.90 (14.0)  Loss_feat: 12.63 (12.7)  Loss_gt: 1.264 (1.30) LR: 3.670e-03
2025-08-15 19:40:31,197 -                train: [    INFO] - Distributing BatchNorm running means and vars
2025-08-15 19:40:31,528 -                train: [    INFO] - Test: [   0/19]  Time: 0.327 (0.327)  Loss:  0.9740 (0.9740)  Acc@1: 77.5391 (77.5391)  Acc@5: 94.9219 (94.9219)
2025-08-15 19:40:31,995 -                train: [    INFO] - Test: [  19/19]  Time: 0.009 (0.040)  Loss:  0.9948 (0.9976)  Acc@1: 76.4706 (76.2000)  Acc@5: 93.7500 (94.2900)
2025-08-15 19:40:32,344 - timm.utils.checkpoint_saver: [    INFO] - Current checkpoints:
 ('./output/train/20250815-182626-resnet18-224/checkpoint/checkpoint-250.pth.tar', 76.66999993896485)
 ('./output/train/20250815-182626-resnet18-224/checkpoint/checkpoint-253.pth.tar', 76.55000006103515)
 ('./output/train/20250815-182626-resnet18-224/checkpoint/checkpoint-255.pth.tar', 76.20000001220703)
 ('./output/train/20250815-182626-resnet18-224/checkpoint/checkpoint-247.pth.tar', 76.07999998779297)
 ('./output/train/20250815-182626-resnet18-224/checkpoint/checkpoint-254.pth.tar', 76.0699999633789)
 ('./output/train/20250815-182626-resnet18-224/checkpoint/checkpoint-238.pth.tar', 76.03000007324219)
 ('./output/train/20250815-182626-resnet18-224/checkpoint/checkpoint-246.pth.tar', 76.01000006103516)
 ('./output/train/20250815-182626-resnet18-224/checkpoint/checkpoint-244.pth.tar', 75.91000009765625)
 ('./output/train/20250815-182626-resnet18-224/checkpoint/checkpoint-252.pth.tar', 75.78000007324219)
 ('./output/train/20250815-182626-resnet18-224/checkpoint/checkpoint-249.pth.tar', 75.5899999633789)

2025-08-15 19:40:32,620 -                train: [    INFO] - Train: 256 [   0/97 (  0%)]  Loss: 13.52 (13.5)  Loss_feat: 12.27 (12.3)  Loss_gt: 1.255 (1.25) LR: 3.555e-03
2025-08-15 19:40:48,476 -                train: [    INFO] - Train: 256 [  96/97 (100%)]  Loss: 13.60 (13.6)  Loss_feat: 12.19 (12.2)  Loss_gt: 1.411 (1.33) LR: 3.555e-03
2025-08-15 19:40:48,476 -                train: [    INFO] - Distributing BatchNorm running means and vars
2025-08-15 19:40:48,796 -                train: [    INFO] - Test: [   0/19]  Time: 0.317 (0.317)  Loss:  0.9156 (0.9156)  Acc@1: 78.7109 (78.7109)  Acc@5: 93.3594 (93.3594)
2025-08-15 19:40:49,311 -                train: [    INFO] - Test: [  19/19]  Time: 0.009 (0.042)  Loss:  0.9295 (0.9600)  Acc@1: 76.1029 (75.9800)  Acc@5: 93.3823 (93.9400)
2025-08-15 19:40:49,614 - timm.utils.checkpoint_saver: [    INFO] - Current checkpoints:
 ('./output/train/20250815-182626-resnet18-224/checkpoint/checkpoint-250.pth.tar', 76.66999993896485)
 ('./output/train/20250815-182626-resnet18-224/checkpoint/checkpoint-253.pth.tar', 76.55000006103515)
 ('./output/train/20250815-182626-resnet18-224/checkpoint/checkpoint-255.pth.tar', 76.20000001220703)
 ('./output/train/20250815-182626-resnet18-224/checkpoint/checkpoint-247.pth.tar', 76.07999998779297)
 ('./output/train/20250815-182626-resnet18-224/checkpoint/checkpoint-254.pth.tar', 76.0699999633789)
 ('./output/train/20250815-182626-resnet18-224/checkpoint/checkpoint-238.pth.tar', 76.03000007324219)
 ('./output/train/20250815-182626-resnet18-224/checkpoint/checkpoint-246.pth.tar', 76.01000006103516)
 ('./output/train/20250815-182626-resnet18-224/checkpoint/checkpoint-256.pth.tar', 75.97999985351562)
 ('./output/train/20250815-182626-resnet18-224/checkpoint/checkpoint-244.pth.tar', 75.91000009765625)
 ('./output/train/20250815-182626-resnet18-224/checkpoint/checkpoint-252.pth.tar', 75.78000007324219)

2025-08-15 19:40:49,889 -                train: [    INFO] - Train: 257 [   0/97 (  0%)]  Loss: 13.12 (13.1)  Loss_feat: 11.80 (11.8)  Loss_gt: 1.317 (1.32) LR: 3.442e-03
2025-08-15 19:41:05,746 -                train: [    INFO] - Train: 257 [  96/97 (100%)]  Loss: 13.01 (13.1)  Loss_feat: 11.67 (11.7)  Loss_gt: 1.341 (1.33) LR: 3.442e-03
2025-08-15 19:41:05,746 -                train: [    INFO] - Distributing BatchNorm running means and vars
2025-08-15 19:41:06,068 -                train: [    INFO] - Test: [   0/19]  Time: 0.319 (0.319)  Loss:  1.0008 (1.0008)  Acc@1: 78.3203 (78.3203)  Acc@5: 92.9688 (92.9688)
2025-08-15 19:41:06,543 -                train: [    INFO] - Test: [  19/19]  Time: 0.009 (0.040)  Loss:  0.9650 (1.0132)  Acc@1: 78.3088 (76.2900)  Acc@5: 94.4853 (93.9300)
2025-08-15 19:41:06,806 - timm.utils.checkpoint_saver: [    INFO] - Current checkpoints:
 ('./output/train/20250815-182626-resnet18-224/checkpoint/checkpoint-250.pth.tar', 76.66999993896485)
 ('./output/train/20250815-182626-resnet18-224/checkpoint/checkpoint-253.pth.tar', 76.55000006103515)
 ('./output/train/20250815-182626-resnet18-224/checkpoint/checkpoint-257.pth.tar', 76.28999997558594)
 ('./output/train/20250815-182626-resnet18-224/checkpoint/checkpoint-255.pth.tar', 76.20000001220703)
 ('./output/train/20250815-182626-resnet18-224/checkpoint/checkpoint-247.pth.tar', 76.07999998779297)
 ('./output/train/20250815-182626-resnet18-224/checkpoint/checkpoint-254.pth.tar', 76.0699999633789)
 ('./output/train/20250815-182626-resnet18-224/checkpoint/checkpoint-238.pth.tar', 76.03000007324219)
 ('./output/train/20250815-182626-resnet18-224/checkpoint/checkpoint-246.pth.tar', 76.01000006103516)
 ('./output/train/20250815-182626-resnet18-224/checkpoint/checkpoint-256.pth.tar', 75.97999985351562)
 ('./output/train/20250815-182626-resnet18-224/checkpoint/checkpoint-244.pth.tar', 75.91000009765625)

2025-08-15 19:41:07,126 -                train: [    INFO] - Train: 258 [   0/97 (  0%)]  Loss: 12.64 (12.6)  Loss_feat: 11.34 (11.3)  Loss_gt: 1.301 (1.30) LR: 3.332e-03
2025-08-15 19:41:22,954 -                train: [    INFO] - Train: 258 [  96/97 (100%)]  Loss: 12.69 (12.7)  Loss_feat: 11.41 (11.4)  Loss_gt: 1.279 (1.29) LR: 3.332e-03
2025-08-15 19:41:22,954 -                train: [    INFO] - Distributing BatchNorm running means and vars
2025-08-15 19:41:23,291 -                train: [    INFO] - Test: [   0/19]  Time: 0.333 (0.333)  Loss:  1.0071 (1.0071)  Acc@1: 74.8047 (74.8047)  Acc@5: 93.3594 (93.3594)
2025-08-15 19:41:23,764 -                train: [    INFO] - Test: [  19/19]  Time: 0.009 (0.040)  Loss:  0.9621 (0.9874)  Acc@1: 80.1471 (76.2600)  Acc@5: 93.0147 (94.2800)
2025-08-15 19:41:24,164 - timm.utils.checkpoint_saver: [    INFO] - Current checkpoints:
 ('./output/train/20250815-182626-resnet18-224/checkpoint/checkpoint-250.pth.tar', 76.66999993896485)
 ('./output/train/20250815-182626-resnet18-224/checkpoint/checkpoint-253.pth.tar', 76.55000006103515)
 ('./output/train/20250815-182626-resnet18-224/checkpoint/checkpoint-257.pth.tar', 76.28999997558594)
 ('./output/train/20250815-182626-resnet18-224/checkpoint/checkpoint-258.pth.tar', 76.26000014648437)
 ('./output/train/20250815-182626-resnet18-224/checkpoint/checkpoint-255.pth.tar', 76.20000001220703)
 ('./output/train/20250815-182626-resnet18-224/checkpoint/checkpoint-247.pth.tar', 76.07999998779297)
 ('./output/train/20250815-182626-resnet18-224/checkpoint/checkpoint-254.pth.tar', 76.0699999633789)
 ('./output/train/20250815-182626-resnet18-224/checkpoint/checkpoint-238.pth.tar', 76.03000007324219)
 ('./output/train/20250815-182626-resnet18-224/checkpoint/checkpoint-246.pth.tar', 76.01000006103516)
 ('./output/train/20250815-182626-resnet18-224/checkpoint/checkpoint-256.pth.tar', 75.97999985351562)

2025-08-15 19:41:24,424 -                train: [    INFO] - Train: 259 [   0/97 (  0%)]  Loss: 12.19 (12.2)  Loss_feat: 10.90 (10.9)  Loss_gt: 1.291 (1.29) LR: 3.224e-03
2025-08-15 19:41:40,230 -                train: [    INFO] - Train: 259 [  96/97 (100%)]  Loss: 12.15 (12.2)  Loss_feat: 10.84 (10.9)  Loss_gt: 1.311 (1.30) LR: 3.224e-03
2025-08-15 19:41:40,230 -                train: [    INFO] - Distributing BatchNorm running means and vars
2025-08-15 19:41:40,588 -                train: [    INFO] - Test: [   0/19]  Time: 0.354 (0.354)  Loss:  0.9587 (0.9587)  Acc@1: 79.6875 (79.6875)  Acc@5: 93.7500 (93.7500)
2025-08-15 19:41:41,052 -                train: [    INFO] - Test: [  19/19]  Time: 0.009 (0.041)  Loss:  0.9541 (0.9900)  Acc@1: 77.9412 (76.7600)  Acc@5: 93.7500 (94.1100)
2025-08-15 19:41:41,425 - timm.utils.checkpoint_saver: [    INFO] - Current checkpoints:
 ('./output/train/20250815-182626-resnet18-224/checkpoint/checkpoint-259.pth.tar', 76.76000002441407)
 ('./output/train/20250815-182626-resnet18-224/checkpoint/checkpoint-250.pth.tar', 76.66999993896485)
 ('./output/train/20250815-182626-resnet18-224/checkpoint/checkpoint-253.pth.tar', 76.55000006103515)
 ('./output/train/20250815-182626-resnet18-224/checkpoint/checkpoint-257.pth.tar', 76.28999997558594)
 ('./output/train/20250815-182626-resnet18-224/checkpoint/checkpoint-258.pth.tar', 76.26000014648437)
 ('./output/train/20250815-182626-resnet18-224/checkpoint/checkpoint-255.pth.tar', 76.20000001220703)
 ('./output/train/20250815-182626-resnet18-224/checkpoint/checkpoint-247.pth.tar', 76.07999998779297)
 ('./output/train/20250815-182626-resnet18-224/checkpoint/checkpoint-254.pth.tar', 76.0699999633789)
 ('./output/train/20250815-182626-resnet18-224/checkpoint/checkpoint-238.pth.tar', 76.03000007324219)
 ('./output/train/20250815-182626-resnet18-224/checkpoint/checkpoint-246.pth.tar', 76.01000006103516)

2025-08-15 19:41:41,692 -                train: [    INFO] - Train: 260 [   0/97 (  0%)]  Loss: 11.77 (11.8)  Loss_feat: 10.51 (10.5)  Loss_gt: 1.260 (1.26) LR: 3.118e-03
2025-08-15 19:41:57,540 -                train: [    INFO] - Train: 260 [  96/97 (100%)]  Loss: 11.79 (11.8)  Loss_feat: 10.47 (10.5)  Loss_gt: 1.320 (1.29) LR: 3.118e-03
2025-08-15 19:41:57,540 -                train: [    INFO] - Distributing BatchNorm running means and vars
2025-08-15 19:41:57,876 -                train: [    INFO] - Test: [   0/19]  Time: 0.333 (0.333)  Loss:  0.9269 (0.9269)  Acc@1: 77.7344 (77.7344)  Acc@5: 94.1406 (94.1406)
2025-08-15 19:41:58,330 -                train: [    INFO] - Test: [  19/19]  Time: 0.009 (0.039)  Loss:  0.9328 (0.9679)  Acc@1: 75.3676 (76.5600)  Acc@5: 94.1176 (94.1100)
2025-08-15 19:41:58,605 - timm.utils.checkpoint_saver: [    INFO] - Current checkpoints:
 ('./output/train/20250815-182626-resnet18-224/checkpoint/checkpoint-259.pth.tar', 76.76000002441407)
 ('./output/train/20250815-182626-resnet18-224/checkpoint/checkpoint-250.pth.tar', 76.66999993896485)
 ('./output/train/20250815-182626-resnet18-224/checkpoint/checkpoint-260.pth.tar', 76.55999995117187)
 ('./output/train/20250815-182626-resnet18-224/checkpoint/checkpoint-253.pth.tar', 76.55000006103515)
 ('./output/train/20250815-182626-resnet18-224/checkpoint/checkpoint-257.pth.tar', 76.28999997558594)
 ('./output/train/20250815-182626-resnet18-224/checkpoint/checkpoint-258.pth.tar', 76.26000014648437)
 ('./output/train/20250815-182626-resnet18-224/checkpoint/checkpoint-255.pth.tar', 76.20000001220703)
 ('./output/train/20250815-182626-resnet18-224/checkpoint/checkpoint-247.pth.tar', 76.07999998779297)
 ('./output/train/20250815-182626-resnet18-224/checkpoint/checkpoint-254.pth.tar', 76.0699999633789)
 ('./output/train/20250815-182626-resnet18-224/checkpoint/checkpoint-238.pth.tar', 76.03000007324219)

2025-08-15 19:41:58,898 -                train: [    INFO] - Train: 261 [   0/97 (  0%)]  Loss: 11.32 (11.3)  Loss_feat: 10.05 (10.0)  Loss_gt: 1.277 (1.28) LR: 3.015e-03
2025-08-15 19:42:14,761 -                train: [    INFO] - Train: 261 [  96/97 (100%)]  Loss: 11.42 (11.4)  Loss_feat: 10.13 (10.1)  Loss_gt: 1.288 (1.28) LR: 3.015e-03
2025-08-15 19:42:14,761 -                train: [    INFO] - Distributing BatchNorm running means and vars
2025-08-15 19:42:15,105 -                train: [    INFO] - Test: [   0/19]  Time: 0.320 (0.320)  Loss:  0.9606 (0.9606)  Acc@1: 78.7109 (78.7109)  Acc@5: 93.1641 (93.1641)
2025-08-15 19:42:15,601 -                train: [    INFO] - Test: [  19/19]  Time: 0.009 (0.041)  Loss:  0.9365 (0.9792)  Acc@1: 76.4706 (76.2100)  Acc@5: 93.7500 (93.9300)
2025-08-15 19:42:15,817 - timm.utils.checkpoint_saver: [    INFO] - Current checkpoints:
 ('./output/train/20250815-182626-resnet18-224/checkpoint/checkpoint-259.pth.tar', 76.76000002441407)
 ('./output/train/20250815-182626-resnet18-224/checkpoint/checkpoint-250.pth.tar', 76.66999993896485)
 ('./output/train/20250815-182626-resnet18-224/checkpoint/checkpoint-260.pth.tar', 76.55999995117187)
 ('./output/train/20250815-182626-resnet18-224/checkpoint/checkpoint-253.pth.tar', 76.55000006103515)
 ('./output/train/20250815-182626-resnet18-224/checkpoint/checkpoint-257.pth.tar', 76.28999997558594)
 ('./output/train/20250815-182626-resnet18-224/checkpoint/checkpoint-258.pth.tar', 76.26000014648437)
 ('./output/train/20250815-182626-resnet18-224/checkpoint/checkpoint-261.pth.tar', 76.21000001220703)
 ('./output/train/20250815-182626-resnet18-224/checkpoint/checkpoint-255.pth.tar', 76.20000001220703)
 ('./output/train/20250815-182626-resnet18-224/checkpoint/checkpoint-247.pth.tar', 76.07999998779297)
 ('./output/train/20250815-182626-resnet18-224/checkpoint/checkpoint-254.pth.tar', 76.0699999633789)

2025-08-15 19:42:16,146 -                train: [    INFO] - Train: 262 [   0/97 (  0%)]  Loss: 10.98 (11.0)  Loss_feat: 9.691 (9.69)  Loss_gt: 1.294 (1.29) LR: 2.914e-03
2025-08-15 19:42:31,966 -                train: [    INFO] - Train: 262 [  96/97 (100%)]  Loss: 10.93 (11.0)  Loss_feat: 9.641 (9.67)  Loss_gt: 1.291 (1.29) LR: 2.914e-03
2025-08-15 19:42:31,966 -                train: [    INFO] - Distributing BatchNorm running means and vars
2025-08-15 19:42:32,272 -                train: [    INFO] - Test: [   0/19]  Time: 0.302 (0.302)  Loss:  0.9454 (0.9454)  Acc@1: 77.3438 (77.3438)  Acc@5: 93.7500 (93.7500)
2025-08-15 19:42:32,780 -                train: [    INFO] - Test: [  19/19]  Time: 0.009 (0.041)  Loss:  0.8910 (0.9506)  Acc@1: 78.6765 (76.8900)  Acc@5: 95.2206 (94.1900)
2025-08-15 19:42:33,018 - timm.utils.checkpoint_saver: [    INFO] - Current checkpoints:
 ('./output/train/20250815-182626-resnet18-224/checkpoint/checkpoint-262.pth.tar', 76.88999992675781)
 ('./output/train/20250815-182626-resnet18-224/checkpoint/checkpoint-259.pth.tar', 76.76000002441407)
 ('./output/train/20250815-182626-resnet18-224/checkpoint/checkpoint-250.pth.tar', 76.66999993896485)
 ('./output/train/20250815-182626-resnet18-224/checkpoint/checkpoint-260.pth.tar', 76.55999995117187)
 ('./output/train/20250815-182626-resnet18-224/checkpoint/checkpoint-253.pth.tar', 76.55000006103515)
 ('./output/train/20250815-182626-resnet18-224/checkpoint/checkpoint-257.pth.tar', 76.28999997558594)
 ('./output/train/20250815-182626-resnet18-224/checkpoint/checkpoint-258.pth.tar', 76.26000014648437)
 ('./output/train/20250815-182626-resnet18-224/checkpoint/checkpoint-261.pth.tar', 76.21000001220703)
 ('./output/train/20250815-182626-resnet18-224/checkpoint/checkpoint-255.pth.tar', 76.20000001220703)
 ('./output/train/20250815-182626-resnet18-224/checkpoint/checkpoint-247.pth.tar', 76.07999998779297)

2025-08-15 19:42:33,360 -                train: [    INFO] - Train: 263 [   0/97 (  0%)]  Loss: 10.52 (10.5)  Loss_feat: 9.292 (9.29)  Loss_gt: 1.225 (1.23) LR: 2.816e-03
2025-08-15 19:42:49,177 -                train: [    INFO] - Train: 263 [  96/97 (100%)]  Loss: 10.59 (10.6)  Loss_feat: 9.286 (9.29)  Loss_gt: 1.307 (1.27) LR: 2.816e-03
2025-08-15 19:42:49,177 -                train: [    INFO] - Distributing BatchNorm running means and vars
2025-08-15 19:42:49,445 -                train: [    INFO] - Test: [   0/19]  Time: 0.264 (0.264)  Loss:  0.9750 (0.9750)  Acc@1: 76.9531 (76.9531)  Acc@5: 93.5547 (93.5547)
2025-08-15 19:42:49,998 -                train: [    INFO] - Test: [  19/19]  Time: 0.009 (0.041)  Loss:  0.8969 (0.9763)  Acc@1: 79.4118 (76.5700)  Acc@5: 94.4853 (94.1100)
2025-08-15 19:42:50,291 - timm.utils.checkpoint_saver: [    INFO] - Current checkpoints:
 ('./output/train/20250815-182626-resnet18-224/checkpoint/checkpoint-262.pth.tar', 76.88999992675781)
 ('./output/train/20250815-182626-resnet18-224/checkpoint/checkpoint-259.pth.tar', 76.76000002441407)
 ('./output/train/20250815-182626-resnet18-224/checkpoint/checkpoint-250.pth.tar', 76.66999993896485)
 ('./output/train/20250815-182626-resnet18-224/checkpoint/checkpoint-263.pth.tar', 76.5700000366211)
 ('./output/train/20250815-182626-resnet18-224/checkpoint/checkpoint-260.pth.tar', 76.55999995117187)
 ('./output/train/20250815-182626-resnet18-224/checkpoint/checkpoint-253.pth.tar', 76.55000006103515)
 ('./output/train/20250815-182626-resnet18-224/checkpoint/checkpoint-257.pth.tar', 76.28999997558594)
 ('./output/train/20250815-182626-resnet18-224/checkpoint/checkpoint-258.pth.tar', 76.26000014648437)
 ('./output/train/20250815-182626-resnet18-224/checkpoint/checkpoint-261.pth.tar', 76.21000001220703)
 ('./output/train/20250815-182626-resnet18-224/checkpoint/checkpoint-255.pth.tar', 76.20000001220703)

2025-08-15 19:42:50,568 -                train: [    INFO] - Train: 264 [   0/97 (  0%)]  Loss: 10.08 (10.1)  Loss_feat: 8.857 (8.86)  Loss_gt: 1.222 (1.22) LR: 2.720e-03
2025-08-15 19:43:06,427 -                train: [    INFO] - Train: 264 [  96/97 (100%)]  Loss: 10.12 (10.1)  Loss_feat: 8.844 (8.85)  Loss_gt: 1.280 (1.25) LR: 2.720e-03
2025-08-15 19:43:06,427 -                train: [    INFO] - Distributing BatchNorm running means and vars
2025-08-15 19:43:06,770 -                train: [    INFO] - Test: [   0/19]  Time: 0.340 (0.340)  Loss:  1.0244 (1.0244)  Acc@1: 76.7578 (76.7578)  Acc@5: 92.9688 (92.9688)
2025-08-15 19:43:07,258 -                train: [    INFO] - Test: [  19/19]  Time: 0.009 (0.041)  Loss:  0.9330 (0.9829)  Acc@1: 79.0441 (76.7000)  Acc@5: 95.5882 (94.1900)
2025-08-15 19:43:07,571 - timm.utils.checkpoint_saver: [    INFO] - Current checkpoints:
 ('./output/train/20250815-182626-resnet18-224/checkpoint/checkpoint-262.pth.tar', 76.88999992675781)
 ('./output/train/20250815-182626-resnet18-224/checkpoint/checkpoint-259.pth.tar', 76.76000002441407)
 ('./output/train/20250815-182626-resnet18-224/checkpoint/checkpoint-264.pth.tar', 76.69999987792968)
 ('./output/train/20250815-182626-resnet18-224/checkpoint/checkpoint-250.pth.tar', 76.66999993896485)
 ('./output/train/20250815-182626-resnet18-224/checkpoint/checkpoint-263.pth.tar', 76.5700000366211)
 ('./output/train/20250815-182626-resnet18-224/checkpoint/checkpoint-260.pth.tar', 76.55999995117187)
 ('./output/train/20250815-182626-resnet18-224/checkpoint/checkpoint-253.pth.tar', 76.55000006103515)
 ('./output/train/20250815-182626-resnet18-224/checkpoint/checkpoint-257.pth.tar', 76.28999997558594)
 ('./output/train/20250815-182626-resnet18-224/checkpoint/checkpoint-258.pth.tar', 76.26000014648437)
 ('./output/train/20250815-182626-resnet18-224/checkpoint/checkpoint-261.pth.tar', 76.21000001220703)

2025-08-15 19:43:07,832 -                train: [    INFO] - Train: 265 [   0/97 (  0%)]  Loss: 9.762 (9.76)  Loss_feat: 8.509 (8.51)  Loss_gt: 1.253 (1.25) LR: 2.627e-03
2025-08-15 19:43:23,664 -                train: [    INFO] - Train: 265 [  96/97 (100%)]  Loss: 9.789 (9.78)  Loss_feat: 8.542 (8.53)  Loss_gt: 1.248 (1.25) LR: 2.627e-03
2025-08-15 19:43:23,665 -                train: [    INFO] - Distributing BatchNorm running means and vars
2025-08-15 19:43:23,988 -                train: [    INFO] - Test: [   0/19]  Time: 0.320 (0.320)  Loss:  1.0113 (1.0113)  Acc@1: 76.9531 (76.9531)  Acc@5: 93.9453 (93.9453)
2025-08-15 19:43:24,468 -                train: [    INFO] - Test: [  19/19]  Time: 0.009 (0.040)  Loss:  0.9615 (0.9871)  Acc@1: 77.2059 (76.6800)  Acc@5: 94.4853 (94.2000)
2025-08-15 19:43:24,728 - timm.utils.checkpoint_saver: [    INFO] - Current checkpoints:
 ('./output/train/20250815-182626-resnet18-224/checkpoint/checkpoint-262.pth.tar', 76.88999992675781)
 ('./output/train/20250815-182626-resnet18-224/checkpoint/checkpoint-259.pth.tar', 76.76000002441407)
 ('./output/train/20250815-182626-resnet18-224/checkpoint/checkpoint-264.pth.tar', 76.69999987792968)
 ('./output/train/20250815-182626-resnet18-224/checkpoint/checkpoint-265.pth.tar', 76.68000012207031)
 ('./output/train/20250815-182626-resnet18-224/checkpoint/checkpoint-250.pth.tar', 76.66999993896485)
 ('./output/train/20250815-182626-resnet18-224/checkpoint/checkpoint-263.pth.tar', 76.5700000366211)
 ('./output/train/20250815-182626-resnet18-224/checkpoint/checkpoint-260.pth.tar', 76.55999995117187)
 ('./output/train/20250815-182626-resnet18-224/checkpoint/checkpoint-253.pth.tar', 76.55000006103515)
 ('./output/train/20250815-182626-resnet18-224/checkpoint/checkpoint-257.pth.tar', 76.28999997558594)
 ('./output/train/20250815-182626-resnet18-224/checkpoint/checkpoint-258.pth.tar', 76.26000014648437)

2025-08-15 19:43:25,028 -                train: [    INFO] - Train: 266 [   0/97 (  0%)]  Loss: 9.413 (9.41)  Loss_feat: 8.161 (8.16)  Loss_gt: 1.252 (1.25) LR: 2.537e-03
2025-08-15 19:43:40,828 -                train: [    INFO] - Train: 266 [  96/97 (100%)]  Loss: 9.371 (9.39)  Loss_feat: 8.109 (8.13)  Loss_gt: 1.262 (1.26) LR: 2.537e-03
2025-08-15 19:43:40,828 -                train: [    INFO] - Distributing BatchNorm running means and vars
2025-08-15 19:43:41,143 -                train: [    INFO] - Test: [   0/19]  Time: 0.312 (0.312)  Loss:  0.9856 (0.9856)  Acc@1: 78.1250 (78.1250)  Acc@5: 93.7500 (93.7500)
2025-08-15 19:43:41,647 -                train: [    INFO] - Test: [  19/19]  Time: 0.009 (0.041)  Loss:  0.9804 (1.0020)  Acc@1: 78.6765 (77.0400)  Acc@5: 93.3824 (94.0200)
2025-08-15 19:43:41,944 - timm.utils.checkpoint_saver: [    INFO] - Current checkpoints:
 ('./output/train/20250815-182626-resnet18-224/checkpoint/checkpoint-266.pth.tar', 77.03999992675782)
 ('./output/train/20250815-182626-resnet18-224/checkpoint/checkpoint-262.pth.tar', 76.88999992675781)
 ('./output/train/20250815-182626-resnet18-224/checkpoint/checkpoint-259.pth.tar', 76.76000002441407)
 ('./output/train/20250815-182626-resnet18-224/checkpoint/checkpoint-264.pth.tar', 76.69999987792968)
 ('./output/train/20250815-182626-resnet18-224/checkpoint/checkpoint-265.pth.tar', 76.68000012207031)
 ('./output/train/20250815-182626-resnet18-224/checkpoint/checkpoint-250.pth.tar', 76.66999993896485)
 ('./output/train/20250815-182626-resnet18-224/checkpoint/checkpoint-263.pth.tar', 76.5700000366211)
 ('./output/train/20250815-182626-resnet18-224/checkpoint/checkpoint-260.pth.tar', 76.55999995117187)
 ('./output/train/20250815-182626-resnet18-224/checkpoint/checkpoint-253.pth.tar', 76.55000006103515)
 ('./output/train/20250815-182626-resnet18-224/checkpoint/checkpoint-257.pth.tar', 76.28999997558594)

2025-08-15 19:43:42,205 -                train: [    INFO] - Train: 267 [   0/97 (  0%)]  Loss: 9.022 (9.02)  Loss_feat: 7.805 (7.80)  Loss_gt: 1.217 (1.22) LR: 2.448e-03
2025-08-15 19:43:58,053 -                train: [    INFO] - Train: 267 [  96/97 (100%)]  Loss: 9.111 (9.07)  Loss_feat: 7.803 (7.80)  Loss_gt: 1.308 (1.26) LR: 2.448e-03
2025-08-15 19:43:58,054 -                train: [    INFO] - Distributing BatchNorm running means and vars
2025-08-15 19:43:58,442 -                train: [    INFO] - Test: [   0/19]  Time: 0.385 (0.385)  Loss:  0.9642 (0.9642)  Acc@1: 78.1250 (78.1250)  Acc@5: 93.9453 (93.9453)
2025-08-15 19:43:58,879 -                train: [    INFO] - Test: [  19/19]  Time: 0.009 (0.041)  Loss:  0.9414 (0.9846)  Acc@1: 77.2059 (77.4300)  Acc@5: 93.7500 (94.2300)
2025-08-15 19:43:59,228 - timm.utils.checkpoint_saver: [    INFO] - Current checkpoints:
 ('./output/train/20250815-182626-resnet18-224/checkpoint/checkpoint-267.pth.tar', 77.43000012207031)
 ('./output/train/20250815-182626-resnet18-224/checkpoint/checkpoint-266.pth.tar', 77.03999992675782)
 ('./output/train/20250815-182626-resnet18-224/checkpoint/checkpoint-262.pth.tar', 76.88999992675781)
 ('./output/train/20250815-182626-resnet18-224/checkpoint/checkpoint-259.pth.tar', 76.76000002441407)
 ('./output/train/20250815-182626-resnet18-224/checkpoint/checkpoint-264.pth.tar', 76.69999987792968)
 ('./output/train/20250815-182626-resnet18-224/checkpoint/checkpoint-265.pth.tar', 76.68000012207031)
 ('./output/train/20250815-182626-resnet18-224/checkpoint/checkpoint-250.pth.tar', 76.66999993896485)
 ('./output/train/20250815-182626-resnet18-224/checkpoint/checkpoint-263.pth.tar', 76.5700000366211)
 ('./output/train/20250815-182626-resnet18-224/checkpoint/checkpoint-260.pth.tar', 76.55999995117187)
 ('./output/train/20250815-182626-resnet18-224/checkpoint/checkpoint-253.pth.tar', 76.55000006103515)

2025-08-15 19:43:59,558 -                train: [    INFO] - Train: 268 [   0/97 (  0%)]  Loss: 8.616 (8.62)  Loss_feat: 7.428 (7.43)  Loss_gt: 1.188 (1.19) LR: 2.363e-03
2025-08-15 19:44:15,390 -                train: [    INFO] - Train: 268 [  96/97 (100%)]  Loss: 8.709 (8.66)  Loss_feat: 7.477 (7.45)  Loss_gt: 1.232 (1.21) LR: 2.363e-03
2025-08-15 19:44:15,390 -                train: [    INFO] - Distributing BatchNorm running means and vars
2025-08-15 19:44:15,680 -                train: [    INFO] - Test: [   0/19]  Time: 0.286 (0.286)  Loss:  0.9270 (0.9270)  Acc@1: 80.0781 (80.0781)  Acc@5: 94.1406 (94.1406)
2025-08-15 19:44:16,195 -                train: [    INFO] - Test: [  19/19]  Time: 0.009 (0.040)  Loss:  0.9126 (0.9651)  Acc@1: 78.6765 (77.1800)  Acc@5: 95.5882 (94.2700)
2025-08-15 19:44:16,466 - timm.utils.checkpoint_saver: [    INFO] - Current checkpoints:
 ('./output/train/20250815-182626-resnet18-224/checkpoint/checkpoint-267.pth.tar', 77.43000012207031)
 ('./output/train/20250815-182626-resnet18-224/checkpoint/checkpoint-268.pth.tar', 77.17999992675782)
 ('./output/train/20250815-182626-resnet18-224/checkpoint/checkpoint-266.pth.tar', 77.03999992675782)
 ('./output/train/20250815-182626-resnet18-224/checkpoint/checkpoint-262.pth.tar', 76.88999992675781)
 ('./output/train/20250815-182626-resnet18-224/checkpoint/checkpoint-259.pth.tar', 76.76000002441407)
 ('./output/train/20250815-182626-resnet18-224/checkpoint/checkpoint-264.pth.tar', 76.69999987792968)
 ('./output/train/20250815-182626-resnet18-224/checkpoint/checkpoint-265.pth.tar', 76.68000012207031)
 ('./output/train/20250815-182626-resnet18-224/checkpoint/checkpoint-250.pth.tar', 76.66999993896485)
 ('./output/train/20250815-182626-resnet18-224/checkpoint/checkpoint-263.pth.tar', 76.5700000366211)
 ('./output/train/20250815-182626-resnet18-224/checkpoint/checkpoint-260.pth.tar', 76.55999995117187)

2025-08-15 19:44:16,766 -                train: [    INFO] - Train: 269 [   0/97 (  0%)]  Loss: 8.429 (8.43)  Loss_feat: 7.124 (7.12)  Loss_gt: 1.305 (1.31) LR: 2.280e-03
2025-08-15 19:44:32,568 -                train: [    INFO] - Train: 269 [  96/97 (100%)]  Loss: 8.387 (8.41)  Loss_feat: 7.089 (7.11)  Loss_gt: 1.298 (1.30) LR: 2.280e-03
2025-08-15 19:44:32,569 -                train: [    INFO] - Distributing BatchNorm running means and vars
2025-08-15 19:44:32,872 -                train: [    INFO] - Test: [   0/19]  Time: 0.297 (0.297)  Loss:  0.9951 (0.9951)  Acc@1: 76.5625 (76.5625)  Acc@5: 92.7734 (92.7734)
2025-08-15 19:44:33,376 -                train: [    INFO] - Test: [  19/19]  Time: 0.009 (0.040)  Loss:  0.9669 (1.0007)  Acc@1: 76.4706 (76.6900)  Acc@5: 94.8529 (94.0700)
2025-08-15 19:44:33,632 - timm.utils.checkpoint_saver: [    INFO] - Current checkpoints:
 ('./output/train/20250815-182626-resnet18-224/checkpoint/checkpoint-267.pth.tar', 77.43000012207031)
 ('./output/train/20250815-182626-resnet18-224/checkpoint/checkpoint-268.pth.tar', 77.17999992675782)
 ('./output/train/20250815-182626-resnet18-224/checkpoint/checkpoint-266.pth.tar', 77.03999992675782)
 ('./output/train/20250815-182626-resnet18-224/checkpoint/checkpoint-262.pth.tar', 76.88999992675781)
 ('./output/train/20250815-182626-resnet18-224/checkpoint/checkpoint-259.pth.tar', 76.76000002441407)
 ('./output/train/20250815-182626-resnet18-224/checkpoint/checkpoint-264.pth.tar', 76.69999987792968)
 ('./output/train/20250815-182626-resnet18-224/checkpoint/checkpoint-269.pth.tar', 76.69000001220704)
 ('./output/train/20250815-182626-resnet18-224/checkpoint/checkpoint-265.pth.tar', 76.68000012207031)
 ('./output/train/20250815-182626-resnet18-224/checkpoint/checkpoint-250.pth.tar', 76.66999993896485)
 ('./output/train/20250815-182626-resnet18-224/checkpoint/checkpoint-263.pth.tar', 76.5700000366211)

2025-08-15 19:44:33,940 -                train: [    INFO] - Train: 270 [   0/97 (  0%)]  Loss: 8.025 (8.03)  Loss_feat: 6.790 (6.79)  Loss_gt: 1.235 (1.23) LR: 2.199e-03
2025-08-15 19:44:49,734 -                train: [    INFO] - Train: 270 [  96/97 (100%)]  Loss: 8.024 (8.02)  Loss_feat: 6.778 (6.78)  Loss_gt: 1.247 (1.24) LR: 2.199e-03
2025-08-15 19:44:49,735 -                train: [    INFO] - Distributing BatchNorm running means and vars
2025-08-15 19:44:50,038 -                train: [    INFO] - Test: [   0/19]  Time: 0.299 (0.299)  Loss:  0.9636 (0.9636)  Acc@1: 77.5391 (77.5391)  Acc@5: 93.7500 (93.7500)
2025-08-15 19:44:50,539 -                train: [    INFO] - Test: [  19/19]  Time: 0.009 (0.040)  Loss:  0.9427 (0.9539)  Acc@1: 77.5735 (77.3700)  Acc@5: 94.8529 (94.4400)
2025-08-15 19:44:50,741 - timm.utils.checkpoint_saver: [    INFO] - Current checkpoints:
 ('./output/train/20250815-182626-resnet18-224/checkpoint/checkpoint-267.pth.tar', 77.43000012207031)
 ('./output/train/20250815-182626-resnet18-224/checkpoint/checkpoint-270.pth.tar', 77.36999986572266)
 ('./output/train/20250815-182626-resnet18-224/checkpoint/checkpoint-268.pth.tar', 77.17999992675782)
 ('./output/train/20250815-182626-resnet18-224/checkpoint/checkpoint-266.pth.tar', 77.03999992675782)
 ('./output/train/20250815-182626-resnet18-224/checkpoint/checkpoint-262.pth.tar', 76.88999992675781)
 ('./output/train/20250815-182626-resnet18-224/checkpoint/checkpoint-259.pth.tar', 76.76000002441407)
 ('./output/train/20250815-182626-resnet18-224/checkpoint/checkpoint-264.pth.tar', 76.69999987792968)
 ('./output/train/20250815-182626-resnet18-224/checkpoint/checkpoint-269.pth.tar', 76.69000001220704)
 ('./output/train/20250815-182626-resnet18-224/checkpoint/checkpoint-265.pth.tar', 76.68000012207031)
 ('./output/train/20250815-182626-resnet18-224/checkpoint/checkpoint-250.pth.tar', 76.66999993896485)

2025-08-15 19:44:51,080 -                train: [    INFO] - Train: 271 [   0/97 (  0%)]  Loss: 7.752 (7.75)  Loss_feat: 6.493 (6.49)  Loss_gt: 1.259 (1.26) LR: 2.121e-03
2025-08-15 19:45:06,913 -                train: [    INFO] - Train: 271 [  96/97 (100%)]  Loss: 7.766 (7.76)  Loss_feat: 6.507 (6.50)  Loss_gt: 1.259 (1.26) LR: 2.121e-03
2025-08-15 19:45:06,914 -                train: [    INFO] - Distributing BatchNorm running means and vars
2025-08-15 19:45:07,244 -                train: [    INFO] - Test: [   0/19]  Time: 0.327 (0.327)  Loss:  0.9679 (0.9679)  Acc@1: 77.7344 (77.7344)  Acc@5: 93.9453 (93.9453)
2025-08-15 19:45:07,726 -                train: [    INFO] - Test: [  19/19]  Time: 0.009 (0.040)  Loss:  0.9325 (0.9961)  Acc@1: 79.0441 (77.0600)  Acc@5: 93.0147 (94.3700)
2025-08-15 19:45:08,014 - timm.utils.checkpoint_saver: [    INFO] - Current checkpoints:
 ('./output/train/20250815-182626-resnet18-224/checkpoint/checkpoint-267.pth.tar', 77.43000012207031)
 ('./output/train/20250815-182626-resnet18-224/checkpoint/checkpoint-270.pth.tar', 77.36999986572266)
 ('./output/train/20250815-182626-resnet18-224/checkpoint/checkpoint-268.pth.tar', 77.17999992675782)
 ('./output/train/20250815-182626-resnet18-224/checkpoint/checkpoint-271.pth.tar', 77.06000008544922)
 ('./output/train/20250815-182626-resnet18-224/checkpoint/checkpoint-266.pth.tar', 77.03999992675782)
 ('./output/train/20250815-182626-resnet18-224/checkpoint/checkpoint-262.pth.tar', 76.88999992675781)
 ('./output/train/20250815-182626-resnet18-224/checkpoint/checkpoint-259.pth.tar', 76.76000002441407)
 ('./output/train/20250815-182626-resnet18-224/checkpoint/checkpoint-264.pth.tar', 76.69999987792968)
 ('./output/train/20250815-182626-resnet18-224/checkpoint/checkpoint-269.pth.tar', 76.69000001220704)
 ('./output/train/20250815-182626-resnet18-224/checkpoint/checkpoint-265.pth.tar', 76.68000012207031)

2025-08-15 19:45:08,285 -                train: [    INFO] - Train: 272 [   0/97 (  0%)]  Loss: 7.411 (7.41)  Loss_feat: 6.175 (6.18)  Loss_gt: 1.235 (1.24) LR: 2.046e-03
2025-08-15 19:45:24,185 -                train: [    INFO] - Train: 272 [  96/97 (100%)]  Loss: 7.344 (7.38)  Loss_feat: 6.170 (6.17)  Loss_gt: 1.174 (1.20) LR: 2.046e-03
2025-08-15 19:45:24,186 -                train: [    INFO] - Distributing BatchNorm running means and vars
2025-08-15 19:45:24,460 -                train: [    INFO] - Test: [   0/19]  Time: 0.270 (0.270)  Loss:  0.9784 (0.9784)  Acc@1: 78.1250 (78.1250)  Acc@5: 93.9453 (93.9453)
2025-08-15 19:45:24,984 -                train: [    INFO] - Test: [  19/19]  Time: 0.009 (0.040)  Loss:  0.9569 (1.0032)  Acc@1: 78.3088 (76.7600)  Acc@5: 92.6471 (94.0500)
2025-08-15 19:45:25,348 - timm.utils.checkpoint_saver: [    INFO] - Current checkpoints:
 ('./output/train/20250815-182626-resnet18-224/checkpoint/checkpoint-267.pth.tar', 77.43000012207031)
 ('./output/train/20250815-182626-resnet18-224/checkpoint/checkpoint-270.pth.tar', 77.36999986572266)
 ('./output/train/20250815-182626-resnet18-224/checkpoint/checkpoint-268.pth.tar', 77.17999992675782)
 ('./output/train/20250815-182626-resnet18-224/checkpoint/checkpoint-271.pth.tar', 77.06000008544922)
 ('./output/train/20250815-182626-resnet18-224/checkpoint/checkpoint-266.pth.tar', 77.03999992675782)
 ('./output/train/20250815-182626-resnet18-224/checkpoint/checkpoint-262.pth.tar', 76.88999992675781)
 ('./output/train/20250815-182626-resnet18-224/checkpoint/checkpoint-259.pth.tar', 76.76000002441407)
 ('./output/train/20250815-182626-resnet18-224/checkpoint/checkpoint-272.pth.tar', 76.75999997558594)
 ('./output/train/20250815-182626-resnet18-224/checkpoint/checkpoint-264.pth.tar', 76.69999987792968)
 ('./output/train/20250815-182626-resnet18-224/checkpoint/checkpoint-269.pth.tar', 76.69000001220704)

2025-08-15 19:45:25,608 -                train: [    INFO] - Train: 273 [   0/97 (  0%)]  Loss: 7.076 (7.08)  Loss_feat: 5.852 (5.85)  Loss_gt: 1.224 (1.22) LR: 1.973e-03
2025-08-15 19:45:41,479 -                train: [    INFO] - Train: 273 [  96/97 (100%)]  Loss: 7.098 (7.09)  Loss_feat: 5.893 (5.87)  Loss_gt: 1.205 (1.21) LR: 1.973e-03
2025-08-15 19:45:41,479 -                train: [    INFO] - Distributing BatchNorm running means and vars
2025-08-15 19:45:41,781 -                train: [    INFO] - Test: [   0/19]  Time: 0.299 (0.299)  Loss:  0.9671 (0.9671)  Acc@1: 77.3438 (77.3438)  Acc@5: 93.7500 (93.7500)
2025-08-15 19:45:42,319 -                train: [    INFO] - Test: [  19/19]  Time: 0.009 (0.042)  Loss:  0.8976 (0.9840)  Acc@1: 79.4118 (77.2800)  Acc@5: 95.2206 (94.2500)
2025-08-15 19:45:42,554 - timm.utils.checkpoint_saver: [    INFO] - Current checkpoints:
 ('./output/train/20250815-182626-resnet18-224/checkpoint/checkpoint-267.pth.tar', 77.43000012207031)
 ('./output/train/20250815-182626-resnet18-224/checkpoint/checkpoint-270.pth.tar', 77.36999986572266)
 ('./output/train/20250815-182626-resnet18-224/checkpoint/checkpoint-273.pth.tar', 77.27999982910156)
 ('./output/train/20250815-182626-resnet18-224/checkpoint/checkpoint-268.pth.tar', 77.17999992675782)
 ('./output/train/20250815-182626-resnet18-224/checkpoint/checkpoint-271.pth.tar', 77.06000008544922)
 ('./output/train/20250815-182626-resnet18-224/checkpoint/checkpoint-266.pth.tar', 77.03999992675782)
 ('./output/train/20250815-182626-resnet18-224/checkpoint/checkpoint-262.pth.tar', 76.88999992675781)
 ('./output/train/20250815-182626-resnet18-224/checkpoint/checkpoint-259.pth.tar', 76.76000002441407)
 ('./output/train/20250815-182626-resnet18-224/checkpoint/checkpoint-272.pth.tar', 76.75999997558594)
 ('./output/train/20250815-182626-resnet18-224/checkpoint/checkpoint-264.pth.tar', 76.69999987792968)

2025-08-15 19:45:42,890 -                train: [    INFO] - Train: 274 [   0/97 (  0%)]  Loss: 6.837 (6.84)  Loss_feat: 5.620 (5.62)  Loss_gt: 1.217 (1.22) LR: 1.903e-03
2025-08-15 19:45:58,765 -                train: [    INFO] - Train: 274 [  96/97 (100%)]  Loss: 6.820 (6.83)  Loss_feat: 5.624 (5.62)  Loss_gt: 1.195 (1.21) LR: 1.903e-03
2025-08-15 19:45:58,766 -                train: [    INFO] - Distributing BatchNorm running means and vars
2025-08-15 19:45:59,098 -                train: [    INFO] - Test: [   0/19]  Time: 0.313 (0.313)  Loss:  0.9195 (0.9195)  Acc@1: 78.3203 (78.3203)  Acc@5: 94.1406 (94.1406)
2025-08-15 19:45:59,582 -                train: [    INFO] - Test: [  19/19]  Time: 0.009 (0.040)  Loss:  0.8935 (0.9472)  Acc@1: 78.6765 (77.2800)  Acc@5: 95.2206 (94.2100)
2025-08-15 19:45:59,879 - timm.utils.checkpoint_saver: [    INFO] - Current checkpoints:
 ('./output/train/20250815-182626-resnet18-224/checkpoint/checkpoint-267.pth.tar', 77.43000012207031)
 ('./output/train/20250815-182626-resnet18-224/checkpoint/checkpoint-270.pth.tar', 77.36999986572266)
 ('./output/train/20250815-182626-resnet18-224/checkpoint/checkpoint-274.pth.tar', 77.27999992675781)
 ('./output/train/20250815-182626-resnet18-224/checkpoint/checkpoint-273.pth.tar', 77.27999982910156)
 ('./output/train/20250815-182626-resnet18-224/checkpoint/checkpoint-268.pth.tar', 77.17999992675782)
 ('./output/train/20250815-182626-resnet18-224/checkpoint/checkpoint-271.pth.tar', 77.06000008544922)
 ('./output/train/20250815-182626-resnet18-224/checkpoint/checkpoint-266.pth.tar', 77.03999992675782)
 ('./output/train/20250815-182626-resnet18-224/checkpoint/checkpoint-262.pth.tar', 76.88999992675781)
 ('./output/train/20250815-182626-resnet18-224/checkpoint/checkpoint-259.pth.tar', 76.76000002441407)
 ('./output/train/20250815-182626-resnet18-224/checkpoint/checkpoint-272.pth.tar', 76.75999997558594)

2025-08-15 19:46:00,166 -                train: [    INFO] - Train: 275 [   0/97 (  0%)]  Loss: 6.548 (6.55)  Loss_feat: 5.362 (5.36)  Loss_gt: 1.186 (1.19) LR: 1.835e-03
2025-08-15 19:46:16,012 -                train: [    INFO] - Train: 275 [  96/97 (100%)]  Loss: 6.524 (6.54)  Loss_feat: 5.315 (5.34)  Loss_gt: 1.209 (1.20) LR: 1.835e-03
2025-08-15 19:46:16,012 -                train: [    INFO] - Distributing BatchNorm running means and vars
2025-08-15 19:46:16,332 -                train: [    INFO] - Test: [   0/19]  Time: 0.316 (0.316)  Loss:  0.9408 (0.9408)  Acc@1: 79.8828 (79.8828)  Acc@5: 94.9219 (94.9219)
2025-08-15 19:46:16,804 -                train: [    INFO] - Test: [  19/19]  Time: 0.009 (0.039)  Loss:  0.9381 (0.9628)  Acc@1: 77.2059 (77.4400)  Acc@5: 93.3824 (94.3900)
2025-08-15 19:46:17,109 - timm.utils.checkpoint_saver: [    INFO] - Current checkpoints:
 ('./output/train/20250815-182626-resnet18-224/checkpoint/checkpoint-275.pth.tar', 77.44000012207032)
 ('./output/train/20250815-182626-resnet18-224/checkpoint/checkpoint-267.pth.tar', 77.43000012207031)
 ('./output/train/20250815-182626-resnet18-224/checkpoint/checkpoint-270.pth.tar', 77.36999986572266)
 ('./output/train/20250815-182626-resnet18-224/checkpoint/checkpoint-274.pth.tar', 77.27999992675781)
 ('./output/train/20250815-182626-resnet18-224/checkpoint/checkpoint-273.pth.tar', 77.27999982910156)
 ('./output/train/20250815-182626-resnet18-224/checkpoint/checkpoint-268.pth.tar', 77.17999992675782)
 ('./output/train/20250815-182626-resnet18-224/checkpoint/checkpoint-271.pth.tar', 77.06000008544922)
 ('./output/train/20250815-182626-resnet18-224/checkpoint/checkpoint-266.pth.tar', 77.03999992675782)
 ('./output/train/20250815-182626-resnet18-224/checkpoint/checkpoint-262.pth.tar', 76.88999992675781)
 ('./output/train/20250815-182626-resnet18-224/checkpoint/checkpoint-259.pth.tar', 76.76000002441407)

2025-08-15 19:46:17,380 -                train: [    INFO] - Train: 276 [   0/97 (  0%)]  Loss: 6.331 (6.33)  Loss_feat: 5.061 (5.06)  Loss_gt: 1.270 (1.27) LR: 1.770e-03
2025-08-15 19:46:33,253 -                train: [    INFO] - Train: 276 [  96/97 (100%)]  Loss: 6.270 (6.30)  Loss_feat: 5.052 (5.06)  Loss_gt: 1.218 (1.24) LR: 1.770e-03
2025-08-15 19:46:33,253 -                train: [    INFO] - Distributing BatchNorm running means and vars
2025-08-15 19:46:33,588 -                train: [    INFO] - Test: [   0/19]  Time: 0.331 (0.331)  Loss:  0.9277 (0.9277)  Acc@1: 80.2734 (80.2734)  Acc@5: 94.7266 (94.7266)
2025-08-15 19:46:34,061 -                train: [    INFO] - Test: [  19/19]  Time: 0.009 (0.040)  Loss:  0.9297 (0.9722)  Acc@1: 78.3088 (77.9600)  Acc@5: 94.1177 (94.5200)
2025-08-15 19:46:34,356 - timm.utils.checkpoint_saver: [    INFO] - Current checkpoints:
 ('./output/train/20250815-182626-resnet18-224/checkpoint/checkpoint-276.pth.tar', 77.95999997558594)
 ('./output/train/20250815-182626-resnet18-224/checkpoint/checkpoint-275.pth.tar', 77.44000012207032)
 ('./output/train/20250815-182626-resnet18-224/checkpoint/checkpoint-267.pth.tar', 77.43000012207031)
 ('./output/train/20250815-182626-resnet18-224/checkpoint/checkpoint-270.pth.tar', 77.36999986572266)
 ('./output/train/20250815-182626-resnet18-224/checkpoint/checkpoint-274.pth.tar', 77.27999992675781)
 ('./output/train/20250815-182626-resnet18-224/checkpoint/checkpoint-273.pth.tar', 77.27999982910156)
 ('./output/train/20250815-182626-resnet18-224/checkpoint/checkpoint-268.pth.tar', 77.17999992675782)
 ('./output/train/20250815-182626-resnet18-224/checkpoint/checkpoint-271.pth.tar', 77.06000008544922)
 ('./output/train/20250815-182626-resnet18-224/checkpoint/checkpoint-266.pth.tar', 77.03999992675782)
 ('./output/train/20250815-182626-resnet18-224/checkpoint/checkpoint-262.pth.tar', 76.88999992675781)

2025-08-15 19:46:34,636 -                train: [    INFO] - Train: 277 [   0/97 (  0%)]  Loss: 6.026 (6.03)  Loss_feat: 4.816 (4.82)  Loss_gt: 1.209 (1.21) LR: 1.707e-03
2025-08-15 19:46:50,464 -                train: [    INFO] - Train: 277 [  96/97 (100%)]  Loss: 6.058 (6.04)  Loss_feat: 4.807 (4.81)  Loss_gt: 1.252 (1.23) LR: 1.707e-03
2025-08-15 19:46:50,465 -                train: [    INFO] - Distributing BatchNorm running means and vars
2025-08-15 19:46:50,838 -                train: [    INFO] - Test: [   0/19]  Time: 0.370 (0.370)  Loss:  0.9586 (0.9586)  Acc@1: 77.5391 (77.5391)  Acc@5: 94.5312 (94.5312)
2025-08-15 19:46:51,305 -                train: [    INFO] - Test: [  19/19]  Time: 0.009 (0.042)  Loss:  0.9071 (0.9673)  Acc@1: 79.0441 (77.3800)  Acc@5: 96.6912 (94.5700)
2025-08-15 19:46:51,764 - timm.utils.checkpoint_saver: [    INFO] - Current checkpoints:
 ('./output/train/20250815-182626-resnet18-224/checkpoint/checkpoint-276.pth.tar', 77.95999997558594)
 ('./output/train/20250815-182626-resnet18-224/checkpoint/checkpoint-275.pth.tar', 77.44000012207032)
 ('./output/train/20250815-182626-resnet18-224/checkpoint/checkpoint-267.pth.tar', 77.43000012207031)
 ('./output/train/20250815-182626-resnet18-224/checkpoint/checkpoint-277.pth.tar', 77.38000008544923)
 ('./output/train/20250815-182626-resnet18-224/checkpoint/checkpoint-270.pth.tar', 77.36999986572266)
 ('./output/train/20250815-182626-resnet18-224/checkpoint/checkpoint-274.pth.tar', 77.27999992675781)
 ('./output/train/20250815-182626-resnet18-224/checkpoint/checkpoint-273.pth.tar', 77.27999982910156)
 ('./output/train/20250815-182626-resnet18-224/checkpoint/checkpoint-268.pth.tar', 77.17999992675782)
 ('./output/train/20250815-182626-resnet18-224/checkpoint/checkpoint-271.pth.tar', 77.06000008544922)
 ('./output/train/20250815-182626-resnet18-224/checkpoint/checkpoint-266.pth.tar', 77.03999992675782)

2025-08-15 19:46:52,025 -                train: [    INFO] - Train: 278 [   0/97 (  0%)]  Loss: 5.756 (5.76)  Loss_feat: 4.586 (4.59)  Loss_gt: 1.171 (1.17) LR: 1.647e-03
2025-08-15 19:47:07,862 -                train: [    INFO] - Train: 278 [  96/97 (100%)]  Loss: 5.758 (5.76)  Loss_feat: 4.583 (4.58)  Loss_gt: 1.174 (1.17) LR: 1.647e-03
2025-08-15 19:47:07,862 -                train: [    INFO] - Distributing BatchNorm running means and vars
2025-08-15 19:47:08,216 -                train: [    INFO] - Test: [   0/19]  Time: 0.307 (0.307)  Loss:  0.9124 (0.9124)  Acc@1: 78.7109 (78.7109)  Acc@5: 94.5312 (94.5312)
2025-08-15 19:47:08,704 -                train: [    INFO] - Test: [  19/19]  Time: 0.009 (0.040)  Loss:  0.8973 (0.9475)  Acc@1: 81.9853 (77.9800)  Acc@5: 93.7500 (94.5300)
2025-08-15 19:47:08,963 - timm.utils.checkpoint_saver: [    INFO] - Current checkpoints:
 ('./output/train/20250815-182626-resnet18-224/checkpoint/checkpoint-278.pth.tar', 77.97999990234375)
 ('./output/train/20250815-182626-resnet18-224/checkpoint/checkpoint-276.pth.tar', 77.95999997558594)
 ('./output/train/20250815-182626-resnet18-224/checkpoint/checkpoint-275.pth.tar', 77.44000012207032)
 ('./output/train/20250815-182626-resnet18-224/checkpoint/checkpoint-267.pth.tar', 77.43000012207031)
 ('./output/train/20250815-182626-resnet18-224/checkpoint/checkpoint-277.pth.tar', 77.38000008544923)
 ('./output/train/20250815-182626-resnet18-224/checkpoint/checkpoint-270.pth.tar', 77.36999986572266)
 ('./output/train/20250815-182626-resnet18-224/checkpoint/checkpoint-274.pth.tar', 77.27999992675781)
 ('./output/train/20250815-182626-resnet18-224/checkpoint/checkpoint-273.pth.tar', 77.27999982910156)
 ('./output/train/20250815-182626-resnet18-224/checkpoint/checkpoint-268.pth.tar', 77.17999992675782)
 ('./output/train/20250815-182626-resnet18-224/checkpoint/checkpoint-271.pth.tar', 77.06000008544922)

2025-08-15 19:47:09,286 -                train: [    INFO] - Train: 279 [   0/97 (  0%)]  Loss: 5.537 (5.54)  Loss_feat: 4.372 (4.37)  Loss_gt: 1.165 (1.17) LR: 1.590e-03
2025-08-15 19:47:25,093 -                train: [    INFO] - Train: 279 [  96/97 (100%)]  Loss: 5.575 (5.56)  Loss_feat: 4.380 (4.38)  Loss_gt: 1.194 (1.18) LR: 1.590e-03
2025-08-15 19:47:25,093 -                train: [    INFO] - Distributing BatchNorm running means and vars
2025-08-15 19:47:25,434 -                train: [    INFO] - Test: [   0/19]  Time: 0.337 (0.337)  Loss:  0.9892 (0.9892)  Acc@1: 78.9062 (78.9062)  Acc@5: 94.1406 (94.1406)
2025-08-15 19:47:25,929 -                train: [    INFO] - Test: [  19/19]  Time: 0.009 (0.042)  Loss:  0.9434 (0.9849)  Acc@1: 80.8824 (77.7600)  Acc@5: 95.2206 (94.4600)
2025-08-15 19:47:26,342 - timm.utils.checkpoint_saver: [    INFO] - Current checkpoints:
 ('./output/train/20250815-182626-resnet18-224/checkpoint/checkpoint-278.pth.tar', 77.97999990234375)
 ('./output/train/20250815-182626-resnet18-224/checkpoint/checkpoint-276.pth.tar', 77.95999997558594)
 ('./output/train/20250815-182626-resnet18-224/checkpoint/checkpoint-279.pth.tar', 77.76000004882812)
 ('./output/train/20250815-182626-resnet18-224/checkpoint/checkpoint-275.pth.tar', 77.44000012207032)
 ('./output/train/20250815-182626-resnet18-224/checkpoint/checkpoint-267.pth.tar', 77.43000012207031)
 ('./output/train/20250815-182626-resnet18-224/checkpoint/checkpoint-277.pth.tar', 77.38000008544923)
 ('./output/train/20250815-182626-resnet18-224/checkpoint/checkpoint-270.pth.tar', 77.36999986572266)
 ('./output/train/20250815-182626-resnet18-224/checkpoint/checkpoint-274.pth.tar', 77.27999992675781)
 ('./output/train/20250815-182626-resnet18-224/checkpoint/checkpoint-273.pth.tar', 77.27999982910156)
 ('./output/train/20250815-182626-resnet18-224/checkpoint/checkpoint-268.pth.tar', 77.17999992675782)

2025-08-15 19:47:26,609 -                train: [    INFO] - Train: 280 [   0/97 (  0%)]  Loss: 5.326 (5.33)  Loss_feat: 4.129 (4.13)  Loss_gt: 1.197 (1.20) LR: 1.535e-03
2025-08-15 19:47:42,462 -                train: [    INFO] - Train: 280 [  96/97 (100%)]  Loss: 5.369 (5.35)  Loss_feat: 4.135 (4.13)  Loss_gt: 1.234 (1.22) LR: 1.535e-03
2025-08-15 19:47:42,462 -                train: [    INFO] - Distributing BatchNorm running means and vars
2025-08-15 19:47:42,808 -                train: [    INFO] - Test: [   0/19]  Time: 0.343 (0.343)  Loss:  0.9778 (0.9778)  Acc@1: 77.7344 (77.7344)  Acc@5: 94.3359 (94.3359)
2025-08-15 19:47:43,286 -                train: [    INFO] - Test: [  19/19]  Time: 0.009 (0.041)  Loss:  0.9450 (0.9747)  Acc@1: 76.8382 (77.4800)  Acc@5: 94.8529 (94.4400)
2025-08-15 19:47:43,499 - timm.utils.checkpoint_saver: [    INFO] - Current checkpoints:
 ('./output/train/20250815-182626-resnet18-224/checkpoint/checkpoint-278.pth.tar', 77.97999990234375)
 ('./output/train/20250815-182626-resnet18-224/checkpoint/checkpoint-276.pth.tar', 77.95999997558594)
 ('./output/train/20250815-182626-resnet18-224/checkpoint/checkpoint-279.pth.tar', 77.76000004882812)
 ('./output/train/20250815-182626-resnet18-224/checkpoint/checkpoint-280.pth.tar', 77.4799999633789)
 ('./output/train/20250815-182626-resnet18-224/checkpoint/checkpoint-275.pth.tar', 77.44000012207032)
 ('./output/train/20250815-182626-resnet18-224/checkpoint/checkpoint-267.pth.tar', 77.43000012207031)
 ('./output/train/20250815-182626-resnet18-224/checkpoint/checkpoint-277.pth.tar', 77.38000008544923)
 ('./output/train/20250815-182626-resnet18-224/checkpoint/checkpoint-270.pth.tar', 77.36999986572266)
 ('./output/train/20250815-182626-resnet18-224/checkpoint/checkpoint-274.pth.tar', 77.27999992675781)
 ('./output/train/20250815-182626-resnet18-224/checkpoint/checkpoint-273.pth.tar', 77.27999982910156)

2025-08-15 19:47:43,839 -                train: [    INFO] - Train: 281 [   0/97 (  0%)]  Loss: 5.053 (5.05)  Loss_feat: 3.914 (3.91)  Loss_gt: 1.139 (1.14) LR: 1.483e-03
2025-08-15 19:47:59,724 -                train: [    INFO] - Train: 281 [  96/97 (100%)]  Loss: 5.146 (5.10)  Loss_feat: 3.907 (3.91)  Loss_gt: 1.239 (1.19) LR: 1.483e-03
2025-08-15 19:47:59,724 -                train: [    INFO] - Distributing BatchNorm running means and vars
2025-08-15 19:48:00,028 -                train: [    INFO] - Test: [   0/19]  Time: 0.300 (0.300)  Loss:  0.9444 (0.9444)  Acc@1: 76.1719 (76.1719)  Acc@5: 95.3125 (95.3125)
2025-08-15 19:48:00,529 -                train: [    INFO] - Test: [  19/19]  Time: 0.009 (0.040)  Loss:  0.9338 (0.9651)  Acc@1: 77.2059 (77.2900)  Acc@5: 92.6470 (94.3700)
2025-08-15 19:48:00,787 - timm.utils.checkpoint_saver: [    INFO] - Current checkpoints:
 ('./output/train/20250815-182626-resnet18-224/checkpoint/checkpoint-278.pth.tar', 77.97999990234375)
 ('./output/train/20250815-182626-resnet18-224/checkpoint/checkpoint-276.pth.tar', 77.95999997558594)
 ('./output/train/20250815-182626-resnet18-224/checkpoint/checkpoint-279.pth.tar', 77.76000004882812)
 ('./output/train/20250815-182626-resnet18-224/checkpoint/checkpoint-280.pth.tar', 77.4799999633789)
 ('./output/train/20250815-182626-resnet18-224/checkpoint/checkpoint-275.pth.tar', 77.44000012207032)
 ('./output/train/20250815-182626-resnet18-224/checkpoint/checkpoint-267.pth.tar', 77.43000012207031)
 ('./output/train/20250815-182626-resnet18-224/checkpoint/checkpoint-277.pth.tar', 77.38000008544923)
 ('./output/train/20250815-182626-resnet18-224/checkpoint/checkpoint-270.pth.tar', 77.36999986572266)
 ('./output/train/20250815-182626-resnet18-224/checkpoint/checkpoint-281.pth.tar', 77.28999991455078)
 ('./output/train/20250815-182626-resnet18-224/checkpoint/checkpoint-274.pth.tar', 77.27999992675781)

2025-08-15 19:48:01,071 -                train: [    INFO] - Train: 282 [   0/97 (  0%)]  Loss: 4.920 (4.92)  Loss_feat: 3.705 (3.71)  Loss_gt: 1.214 (1.21) LR: 1.434e-03
2025-08-15 19:48:16,957 -                train: [    INFO] - Train: 282 [  96/97 (100%)]  Loss: 4.934 (4.93)  Loss_feat: 3.705 (3.71)  Loss_gt: 1.228 (1.22) LR: 1.434e-03
2025-08-15 19:48:16,957 -                train: [    INFO] - Distributing BatchNorm running means and vars
2025-08-15 19:48:17,264 -                train: [    INFO] - Test: [   0/19]  Time: 0.303 (0.303)  Loss:  0.9471 (0.9471)  Acc@1: 79.2969 (79.2969)  Acc@5: 93.9453 (93.9453)
2025-08-15 19:48:17,738 -                train: [    INFO] - Test: [  19/19]  Time: 0.009 (0.039)  Loss:  0.9283 (0.9677)  Acc@1: 79.0441 (77.8200)  Acc@5: 93.7500 (94.5200)
2025-08-15 19:48:18,236 - timm.utils.checkpoint_saver: [    INFO] - Current checkpoints:
 ('./output/train/20250815-182626-resnet18-224/checkpoint/checkpoint-278.pth.tar', 77.97999990234375)
 ('./output/train/20250815-182626-resnet18-224/checkpoint/checkpoint-276.pth.tar', 77.95999997558594)
 ('./output/train/20250815-182626-resnet18-224/checkpoint/checkpoint-282.pth.tar', 77.81999987792969)
 ('./output/train/20250815-182626-resnet18-224/checkpoint/checkpoint-279.pth.tar', 77.76000004882812)
 ('./output/train/20250815-182626-resnet18-224/checkpoint/checkpoint-280.pth.tar', 77.4799999633789)
 ('./output/train/20250815-182626-resnet18-224/checkpoint/checkpoint-275.pth.tar', 77.44000012207032)
 ('./output/train/20250815-182626-resnet18-224/checkpoint/checkpoint-267.pth.tar', 77.43000012207031)
 ('./output/train/20250815-182626-resnet18-224/checkpoint/checkpoint-277.pth.tar', 77.38000008544923)
 ('./output/train/20250815-182626-resnet18-224/checkpoint/checkpoint-270.pth.tar', 77.36999986572266)
 ('./output/train/20250815-182626-resnet18-224/checkpoint/checkpoint-281.pth.tar', 77.28999991455078)

2025-08-15 19:48:18,494 -                train: [    INFO] - Train: 283 [   0/97 (  0%)]  Loss: 4.679 (4.68)  Loss_feat: 3.519 (3.52)  Loss_gt: 1.161 (1.16) LR: 1.387e-03
2025-08-15 19:48:34,354 -                train: [    INFO] - Train: 283 [  96/97 (100%)]  Loss: 4.725 (4.70)  Loss_feat: 3.529 (3.52)  Loss_gt: 1.197 (1.18) LR: 1.387e-03
2025-08-15 19:48:34,354 -                train: [    INFO] - Distributing BatchNorm running means and vars
2025-08-15 19:48:34,696 -                train: [    INFO] - Test: [   0/19]  Time: 0.339 (0.339)  Loss:  0.9631 (0.9631)  Acc@1: 78.3203 (78.3203)  Acc@5: 93.7500 (93.7500)
2025-08-15 19:48:35,189 -                train: [    INFO] - Test: [  19/19]  Time: 0.009 (0.042)  Loss:  0.9590 (0.9699)  Acc@1: 77.5735 (77.9900)  Acc@5: 93.7500 (94.5100)
2025-08-15 19:48:35,493 - timm.utils.checkpoint_saver: [    INFO] - Current checkpoints:
 ('./output/train/20250815-182626-resnet18-224/checkpoint/checkpoint-283.pth.tar', 77.99000007324219)
 ('./output/train/20250815-182626-resnet18-224/checkpoint/checkpoint-278.pth.tar', 77.97999990234375)
 ('./output/train/20250815-182626-resnet18-224/checkpoint/checkpoint-276.pth.tar', 77.95999997558594)
 ('./output/train/20250815-182626-resnet18-224/checkpoint/checkpoint-282.pth.tar', 77.81999987792969)
 ('./output/train/20250815-182626-resnet18-224/checkpoint/checkpoint-279.pth.tar', 77.76000004882812)
 ('./output/train/20250815-182626-resnet18-224/checkpoint/checkpoint-280.pth.tar', 77.4799999633789)
 ('./output/train/20250815-182626-resnet18-224/checkpoint/checkpoint-275.pth.tar', 77.44000012207032)
 ('./output/train/20250815-182626-resnet18-224/checkpoint/checkpoint-267.pth.tar', 77.43000012207031)
 ('./output/train/20250815-182626-resnet18-224/checkpoint/checkpoint-277.pth.tar', 77.38000008544923)
 ('./output/train/20250815-182626-resnet18-224/checkpoint/checkpoint-270.pth.tar', 77.36999986572266)

2025-08-15 19:48:35,762 -                train: [    INFO] - Train: 284 [   0/97 (  0%)]  Loss: 4.623 (4.62)  Loss_feat: 3.368 (3.37)  Loss_gt: 1.255 (1.26) LR: 1.343e-03
2025-08-15 19:48:51,561 -                train: [    INFO] - Train: 284 [  96/97 (100%)]  Loss: 4.581 (4.60)  Loss_feat: 3.345 (3.36)  Loss_gt: 1.236 (1.25) LR: 1.343e-03
2025-08-15 19:48:51,561 -                train: [    INFO] - Distributing BatchNorm running means and vars
2025-08-15 19:48:51,913 -                train: [    INFO] - Test: [   0/19]  Time: 0.349 (0.349)  Loss:  0.9829 (0.9829)  Acc@1: 78.3203 (78.3203)  Acc@5: 94.3359 (94.3359)
2025-08-15 19:48:52,388 -                train: [    INFO] - Test: [  19/19]  Time: 0.009 (0.041)  Loss:  0.9499 (0.9760)  Acc@1: 80.1471 (77.8300)  Acc@5: 93.3823 (94.4400)
2025-08-15 19:48:52,651 - timm.utils.checkpoint_saver: [    INFO] - Current checkpoints:
 ('./output/train/20250815-182626-resnet18-224/checkpoint/checkpoint-283.pth.tar', 77.99000007324219)
 ('./output/train/20250815-182626-resnet18-224/checkpoint/checkpoint-278.pth.tar', 77.97999990234375)
 ('./output/train/20250815-182626-resnet18-224/checkpoint/checkpoint-276.pth.tar', 77.95999997558594)
 ('./output/train/20250815-182626-resnet18-224/checkpoint/checkpoint-284.pth.tar', 77.82999993896485)
 ('./output/train/20250815-182626-resnet18-224/checkpoint/checkpoint-282.pth.tar', 77.81999987792969)
 ('./output/train/20250815-182626-resnet18-224/checkpoint/checkpoint-279.pth.tar', 77.76000004882812)
 ('./output/train/20250815-182626-resnet18-224/checkpoint/checkpoint-280.pth.tar', 77.4799999633789)
 ('./output/train/20250815-182626-resnet18-224/checkpoint/checkpoint-275.pth.tar', 77.44000012207032)
 ('./output/train/20250815-182626-resnet18-224/checkpoint/checkpoint-267.pth.tar', 77.43000012207031)
 ('./output/train/20250815-182626-resnet18-224/checkpoint/checkpoint-277.pth.tar', 77.38000008544923)

2025-08-15 19:48:52,953 -                train: [    INFO] - Train: 285 [   0/97 (  0%)]  Loss: 4.424 (4.42)  Loss_feat: 3.185 (3.19)  Loss_gt: 1.239 (1.24) LR: 1.302e-03
2025-08-15 19:49:08,812 -                train: [    INFO] - Train: 285 [  96/97 (100%)]  Loss: 4.353 (4.39)  Loss_feat: 3.201 (3.19)  Loss_gt: 1.151 (1.20) LR: 1.302e-03
2025-08-15 19:49:08,813 -                train: [    INFO] - Distributing BatchNorm running means and vars
2025-08-15 19:49:09,104 -                train: [    INFO] - Test: [   0/19]  Time: 0.288 (0.288)  Loss:  0.9346 (0.9346)  Acc@1: 79.6875 (79.6875)  Acc@5: 94.5312 (94.5312)
2025-08-15 19:49:09,598 -                train: [    INFO] - Test: [  19/19]  Time: 0.009 (0.039)  Loss:  0.9514 (0.9705)  Acc@1: 79.0441 (77.8800)  Acc@5: 94.1176 (94.6400)
2025-08-15 19:49:10,025 - timm.utils.checkpoint_saver: [    INFO] - Current checkpoints:
 ('./output/train/20250815-182626-resnet18-224/checkpoint/checkpoint-283.pth.tar', 77.99000007324219)
 ('./output/train/20250815-182626-resnet18-224/checkpoint/checkpoint-278.pth.tar', 77.97999990234375)
 ('./output/train/20250815-182626-resnet18-224/checkpoint/checkpoint-276.pth.tar', 77.95999997558594)
 ('./output/train/20250815-182626-resnet18-224/checkpoint/checkpoint-285.pth.tar', 77.88000008544923)
 ('./output/train/20250815-182626-resnet18-224/checkpoint/checkpoint-284.pth.tar', 77.82999993896485)
 ('./output/train/20250815-182626-resnet18-224/checkpoint/checkpoint-282.pth.tar', 77.81999987792969)
 ('./output/train/20250815-182626-resnet18-224/checkpoint/checkpoint-279.pth.tar', 77.76000004882812)
 ('./output/train/20250815-182626-resnet18-224/checkpoint/checkpoint-280.pth.tar', 77.4799999633789)
 ('./output/train/20250815-182626-resnet18-224/checkpoint/checkpoint-275.pth.tar', 77.44000012207032)
 ('./output/train/20250815-182626-resnet18-224/checkpoint/checkpoint-267.pth.tar', 77.43000012207031)

2025-08-15 19:49:10,286 -                train: [    INFO] - Train: 286 [   0/97 (  0%)]  Loss: 4.232 (4.23)  Loss_feat: 3.028 (3.03)  Loss_gt: 1.203 (1.20) LR: 1.263e-03
2025-08-15 19:49:26,193 -                train: [    INFO] - Train: 286 [  96/97 (100%)]  Loss: 4.230 (4.23)  Loss_feat: 3.037 (3.03)  Loss_gt: 1.193 (1.20) LR: 1.263e-03
2025-08-15 19:49:26,193 -                train: [    INFO] - Distributing BatchNorm running means and vars
2025-08-15 19:49:26,521 -                train: [    INFO] - Test: [   0/19]  Time: 0.325 (0.325)  Loss:  0.9247 (0.9247)  Acc@1: 78.9062 (78.9062)  Acc@5: 94.1406 (94.1406)
2025-08-15 19:49:27,037 -                train: [    INFO] - Test: [  19/19]  Time: 0.009 (0.042)  Loss:  0.8965 (0.9575)  Acc@1: 79.4118 (77.8700)  Acc@5: 94.8529 (94.4600)
2025-08-15 19:49:27,366 - timm.utils.checkpoint_saver: [    INFO] - Current checkpoints:
 ('./output/train/20250815-182626-resnet18-224/checkpoint/checkpoint-283.pth.tar', 77.99000007324219)
 ('./output/train/20250815-182626-resnet18-224/checkpoint/checkpoint-278.pth.tar', 77.97999990234375)
 ('./output/train/20250815-182626-resnet18-224/checkpoint/checkpoint-276.pth.tar', 77.95999997558594)
 ('./output/train/20250815-182626-resnet18-224/checkpoint/checkpoint-285.pth.tar', 77.88000008544923)
 ('./output/train/20250815-182626-resnet18-224/checkpoint/checkpoint-286.pth.tar', 77.86999982910156)
 ('./output/train/20250815-182626-resnet18-224/checkpoint/checkpoint-284.pth.tar', 77.82999993896485)
 ('./output/train/20250815-182626-resnet18-224/checkpoint/checkpoint-282.pth.tar', 77.81999987792969)
 ('./output/train/20250815-182626-resnet18-224/checkpoint/checkpoint-279.pth.tar', 77.76000004882812)
 ('./output/train/20250815-182626-resnet18-224/checkpoint/checkpoint-280.pth.tar', 77.4799999633789)
 ('./output/train/20250815-182626-resnet18-224/checkpoint/checkpoint-275.pth.tar', 77.44000012207032)

2025-08-15 19:49:27,626 -                train: [    INFO] - Train: 287 [   0/97 (  0%)]  Loss: 4.131 (4.13)  Loss_feat: 2.902 (2.90)  Loss_gt: 1.229 (1.23) LR: 1.227e-03
2025-08-15 19:49:43,484 -                train: [    INFO] - Train: 287 [  96/97 (100%)]  Loss: 4.092 (4.11)  Loss_feat: 2.880 (2.89)  Loss_gt: 1.213 (1.22) LR: 1.227e-03
2025-08-15 19:49:43,484 -                train: [    INFO] - Distributing BatchNorm running means and vars
2025-08-15 19:49:43,826 -                train: [    INFO] - Test: [   0/19]  Time: 0.338 (0.338)  Loss:  0.9482 (0.9482)  Acc@1: 79.2969 (79.2969)  Acc@5: 94.1406 (94.1406)
2025-08-15 19:49:44,304 -                train: [    INFO] - Test: [  19/19]  Time: 0.009 (0.041)  Loss:  0.9184 (0.9607)  Acc@1: 77.9412 (77.8400)  Acc@5: 93.7500 (94.4400)
2025-08-15 19:49:45,106 - timm.utils.checkpoint_saver: [    INFO] - Current checkpoints:
 ('./output/train/20250815-182626-resnet18-224/checkpoint/checkpoint-283.pth.tar', 77.99000007324219)
 ('./output/train/20250815-182626-resnet18-224/checkpoint/checkpoint-278.pth.tar', 77.97999990234375)
 ('./output/train/20250815-182626-resnet18-224/checkpoint/checkpoint-276.pth.tar', 77.95999997558594)
 ('./output/train/20250815-182626-resnet18-224/checkpoint/checkpoint-285.pth.tar', 77.88000008544923)
 ('./output/train/20250815-182626-resnet18-224/checkpoint/checkpoint-286.pth.tar', 77.86999982910156)
 ('./output/train/20250815-182626-resnet18-224/checkpoint/checkpoint-287.pth.tar', 77.84000002441407)
 ('./output/train/20250815-182626-resnet18-224/checkpoint/checkpoint-284.pth.tar', 77.82999993896485)
 ('./output/train/20250815-182626-resnet18-224/checkpoint/checkpoint-282.pth.tar', 77.81999987792969)
 ('./output/train/20250815-182626-resnet18-224/checkpoint/checkpoint-279.pth.tar', 77.76000004882812)
 ('./output/train/20250815-182626-resnet18-224/checkpoint/checkpoint-280.pth.tar', 77.4799999633789)

2025-08-15 19:49:45,368 -                train: [    INFO] - Train: 288 [   0/97 (  0%)]  Loss: 3.952 (3.95)  Loss_feat: 2.766 (2.77)  Loss_gt: 1.186 (1.19) LR: 1.193e-03
2025-08-15 19:50:01,192 -                train: [    INFO] - Train: 288 [  96/97 (100%)]  Loss: 3.949 (3.95)  Loss_feat: 2.779 (2.77)  Loss_gt: 1.170 (1.18) LR: 1.193e-03
2025-08-15 19:50:01,193 -                train: [    INFO] - Distributing BatchNorm running means and vars
2025-08-15 19:50:01,524 -                train: [    INFO] - Test: [   0/19]  Time: 0.306 (0.306)  Loss:  0.9460 (0.9460)  Acc@1: 80.0781 (80.0781)  Acc@5: 94.1406 (94.1406)
2025-08-15 19:50:02,034 -                train: [    INFO] - Test: [  19/19]  Time: 0.009 (0.041)  Loss:  0.9422 (0.9674)  Acc@1: 79.7794 (78.2100)  Acc@5: 95.5882 (94.4600)
2025-08-15 19:50:02,364 - timm.utils.checkpoint_saver: [    INFO] - Current checkpoints:
 ('./output/train/20250815-182626-resnet18-224/checkpoint/checkpoint-288.pth.tar', 78.20999998779297)
 ('./output/train/20250815-182626-resnet18-224/checkpoint/checkpoint-283.pth.tar', 77.99000007324219)
 ('./output/train/20250815-182626-resnet18-224/checkpoint/checkpoint-278.pth.tar', 77.97999990234375)
 ('./output/train/20250815-182626-resnet18-224/checkpoint/checkpoint-276.pth.tar', 77.95999997558594)
 ('./output/train/20250815-182626-resnet18-224/checkpoint/checkpoint-285.pth.tar', 77.88000008544923)
 ('./output/train/20250815-182626-resnet18-224/checkpoint/checkpoint-286.pth.tar', 77.86999982910156)
 ('./output/train/20250815-182626-resnet18-224/checkpoint/checkpoint-287.pth.tar', 77.84000002441407)
 ('./output/train/20250815-182626-resnet18-224/checkpoint/checkpoint-284.pth.tar', 77.82999993896485)
 ('./output/train/20250815-182626-resnet18-224/checkpoint/checkpoint-282.pth.tar', 77.81999987792969)
 ('./output/train/20250815-182626-resnet18-224/checkpoint/checkpoint-279.pth.tar', 77.76000004882812)

2025-08-15 19:50:02,629 -                train: [    INFO] - Train: 289 [   0/97 (  0%)]  Loss: 3.790 (3.79)  Loss_feat: 2.646 (2.65)  Loss_gt: 1.144 (1.14) LR: 1.162e-03
2025-08-15 19:50:18,542 -                train: [    INFO] - Train: 289 [  96/97 (100%)]  Loss: 3.819 (3.80)  Loss_feat: 2.640 (2.64)  Loss_gt: 1.179 (1.16) LR: 1.162e-03
2025-08-15 19:50:18,542 -                train: [    INFO] - Distributing BatchNorm running means and vars
2025-08-15 19:50:18,864 -                train: [    INFO] - Test: [   0/19]  Time: 0.318 (0.318)  Loss:  0.9381 (0.9381)  Acc@1: 79.2969 (79.2969)  Acc@5: 94.5312 (94.5312)
2025-08-15 19:50:19,374 -                train: [    INFO] - Test: [  19/19]  Time: 0.009 (0.041)  Loss:  0.9321 (0.9589)  Acc@1: 79.0441 (78.0700)  Acc@5: 94.8529 (94.6400)
2025-08-15 19:50:19,594 - timm.utils.checkpoint_saver: [    INFO] - Current checkpoints:
 ('./output/train/20250815-182626-resnet18-224/checkpoint/checkpoint-288.pth.tar', 78.20999998779297)
 ('./output/train/20250815-182626-resnet18-224/checkpoint/checkpoint-289.pth.tar', 78.06999987792969)
 ('./output/train/20250815-182626-resnet18-224/checkpoint/checkpoint-283.pth.tar', 77.99000007324219)
 ('./output/train/20250815-182626-resnet18-224/checkpoint/checkpoint-278.pth.tar', 77.97999990234375)
 ('./output/train/20250815-182626-resnet18-224/checkpoint/checkpoint-276.pth.tar', 77.95999997558594)
 ('./output/train/20250815-182626-resnet18-224/checkpoint/checkpoint-285.pth.tar', 77.88000008544923)
 ('./output/train/20250815-182626-resnet18-224/checkpoint/checkpoint-286.pth.tar', 77.86999982910156)
 ('./output/train/20250815-182626-resnet18-224/checkpoint/checkpoint-287.pth.tar', 77.84000002441407)
 ('./output/train/20250815-182626-resnet18-224/checkpoint/checkpoint-284.pth.tar', 77.82999993896485)
 ('./output/train/20250815-182626-resnet18-224/checkpoint/checkpoint-282.pth.tar', 77.81999987792969)

2025-08-15 19:50:19,933 -                train: [    INFO] - Train: 290 [   0/97 (  0%)]  Loss: 3.759 (3.76)  Loss_feat: 2.545 (2.54)  Loss_gt: 1.214 (1.21) LR: 1.134e-03
2025-08-15 19:50:35,873 -                train: [    INFO] - Train: 290 [  96/97 (100%)]  Loss: 3.709 (3.73)  Loss_feat: 2.531 (2.54)  Loss_gt: 1.178 (1.20) LR: 1.134e-03
2025-08-15 19:50:35,874 -                train: [    INFO] - Distributing BatchNorm running means and vars
2025-08-15 19:50:36,136 -                train: [    INFO] - Test: [   0/19]  Time: 0.259 (0.259)  Loss:  0.9573 (0.9573)  Acc@1: 78.5156 (78.5156)  Acc@5: 94.5312 (94.5312)
2025-08-15 19:50:36,704 -                train: [    INFO] - Test: [  19/19]  Time: 0.009 (0.041)  Loss:  0.9166 (0.9629)  Acc@1: 80.1471 (78.2300)  Acc@5: 94.4853 (94.4500)
2025-08-15 19:50:36,973 - timm.utils.checkpoint_saver: [    INFO] - Current checkpoints:
 ('./output/train/20250815-182626-resnet18-224/checkpoint/checkpoint-290.pth.tar', 78.23000014648437)
 ('./output/train/20250815-182626-resnet18-224/checkpoint/checkpoint-288.pth.tar', 78.20999998779297)
 ('./output/train/20250815-182626-resnet18-224/checkpoint/checkpoint-289.pth.tar', 78.06999987792969)
 ('./output/train/20250815-182626-resnet18-224/checkpoint/checkpoint-283.pth.tar', 77.99000007324219)
 ('./output/train/20250815-182626-resnet18-224/checkpoint/checkpoint-278.pth.tar', 77.97999990234375)
 ('./output/train/20250815-182626-resnet18-224/checkpoint/checkpoint-276.pth.tar', 77.95999997558594)
 ('./output/train/20250815-182626-resnet18-224/checkpoint/checkpoint-285.pth.tar', 77.88000008544923)
 ('./output/train/20250815-182626-resnet18-224/checkpoint/checkpoint-286.pth.tar', 77.86999982910156)
 ('./output/train/20250815-182626-resnet18-224/checkpoint/checkpoint-287.pth.tar', 77.84000002441407)
 ('./output/train/20250815-182626-resnet18-224/checkpoint/checkpoint-284.pth.tar', 77.82999993896485)

2025-08-15 19:50:37,287 -                train: [    INFO] - Train: 291 [   0/97 (  0%)]  Loss: 3.565 (3.56)  Loss_feat: 2.418 (2.42)  Loss_gt: 1.147 (1.15) LR: 1.109e-03
2025-08-15 19:50:53,174 -                train: [    INFO] - Train: 291 [  96/97 (100%)]  Loss: 3.566 (3.57)  Loss_feat: 2.418 (2.42)  Loss_gt: 1.148 (1.15) LR: 1.109e-03
2025-08-15 19:50:53,174 -                train: [    INFO] - Distributing BatchNorm running means and vars
2025-08-15 19:50:53,536 -                train: [    INFO] - Test: [   0/19]  Time: 0.358 (0.358)  Loss:  0.9595 (0.9595)  Acc@1: 79.6875 (79.6875)  Acc@5: 93.7500 (93.7500)
2025-08-15 19:50:53,998 -                train: [    INFO] - Test: [  19/19]  Time: 0.009 (0.041)  Loss:  0.9412 (0.9778)  Acc@1: 78.6765 (78.0200)  Acc@5: 94.8529 (94.4300)
2025-08-15 19:50:54,356 - timm.utils.checkpoint_saver: [    INFO] - Current checkpoints:
 ('./output/train/20250815-182626-resnet18-224/checkpoint/checkpoint-290.pth.tar', 78.23000014648437)
 ('./output/train/20250815-182626-resnet18-224/checkpoint/checkpoint-288.pth.tar', 78.20999998779297)
 ('./output/train/20250815-182626-resnet18-224/checkpoint/checkpoint-289.pth.tar', 78.06999987792969)
 ('./output/train/20250815-182626-resnet18-224/checkpoint/checkpoint-291.pth.tar', 78.02000013427734)
 ('./output/train/20250815-182626-resnet18-224/checkpoint/checkpoint-283.pth.tar', 77.99000007324219)
 ('./output/train/20250815-182626-resnet18-224/checkpoint/checkpoint-278.pth.tar', 77.97999990234375)
 ('./output/train/20250815-182626-resnet18-224/checkpoint/checkpoint-276.pth.tar', 77.95999997558594)
 ('./output/train/20250815-182626-resnet18-224/checkpoint/checkpoint-285.pth.tar', 77.88000008544923)
 ('./output/train/20250815-182626-resnet18-224/checkpoint/checkpoint-286.pth.tar', 77.86999982910156)
 ('./output/train/20250815-182626-resnet18-224/checkpoint/checkpoint-287.pth.tar', 77.84000002441407)

2025-08-15 19:50:54,618 -                train: [    INFO] - Train: 292 [   0/97 (  0%)]  Loss: 3.502 (3.50)  Loss_feat: 2.346 (2.35)  Loss_gt: 1.156 (1.16) LR: 1.086e-03
2025-08-15 19:51:10,527 -                train: [    INFO] - Train: 292 [  96/97 (100%)]  Loss: 3.522 (3.51)  Loss_feat: 2.320 (2.33)  Loss_gt: 1.202 (1.18) LR: 1.086e-03
2025-08-15 19:51:10,527 -                train: [    INFO] - Distributing BatchNorm running means and vars
2025-08-15 19:51:10,847 -                train: [    INFO] - Test: [   0/19]  Time: 0.316 (0.316)  Loss:  0.9518 (0.9518)  Acc@1: 79.4922 (79.4922)  Acc@5: 93.9453 (93.9453)
2025-08-15 19:51:11,360 -                train: [    INFO] - Test: [  19/19]  Time: 0.009 (0.041)  Loss:  0.9267 (0.9661)  Acc@1: 79.4118 (78.0800)  Acc@5: 94.4853 (94.5100)
2025-08-15 19:51:11,896 - timm.utils.checkpoint_saver: [    INFO] - Current checkpoints:
 ('./output/train/20250815-182626-resnet18-224/checkpoint/checkpoint-290.pth.tar', 78.23000014648437)
 ('./output/train/20250815-182626-resnet18-224/checkpoint/checkpoint-288.pth.tar', 78.20999998779297)
 ('./output/train/20250815-182626-resnet18-224/checkpoint/checkpoint-292.pth.tar', 78.08000003662109)
 ('./output/train/20250815-182626-resnet18-224/checkpoint/checkpoint-289.pth.tar', 78.06999987792969)
 ('./output/train/20250815-182626-resnet18-224/checkpoint/checkpoint-291.pth.tar', 78.02000013427734)
 ('./output/train/20250815-182626-resnet18-224/checkpoint/checkpoint-283.pth.tar', 77.99000007324219)
 ('./output/train/20250815-182626-resnet18-224/checkpoint/checkpoint-278.pth.tar', 77.97999990234375)
 ('./output/train/20250815-182626-resnet18-224/checkpoint/checkpoint-276.pth.tar', 77.95999997558594)
 ('./output/train/20250815-182626-resnet18-224/checkpoint/checkpoint-285.pth.tar', 77.88000008544923)
 ('./output/train/20250815-182626-resnet18-224/checkpoint/checkpoint-286.pth.tar', 77.86999982910156)

2025-08-15 19:51:12,157 -                train: [    INFO] - Train: 293 [   0/97 (  0%)]  Loss: 3.416 (3.42)  Loss_feat: 2.242 (2.24)  Loss_gt: 1.173 (1.17) LR: 1.066e-03
2025-08-15 19:51:28,020 -                train: [    INFO] - Train: 293 [  96/97 (100%)]  Loss: 3.427 (3.42)  Loss_feat: 2.259 (2.25)  Loss_gt: 1.168 (1.17) LR: 1.066e-03
2025-08-15 19:51:28,020 -                train: [    INFO] - Distributing BatchNorm running means and vars
2025-08-15 19:51:28,303 -                train: [    INFO] - Test: [   0/19]  Time: 0.279 (0.279)  Loss:  0.9614 (0.9614)  Acc@1: 80.2734 (80.2734)  Acc@5: 93.7500 (93.7500)
2025-08-15 19:51:28,820 -                train: [    INFO] - Test: [  19/19]  Time: 0.009 (0.040)  Loss:  0.9679 (0.9948)  Acc@1: 80.1471 (78.0300)  Acc@5: 93.7500 (94.4500)
2025-08-15 19:51:29,481 - timm.utils.checkpoint_saver: [    INFO] - Current checkpoints:
 ('./output/train/20250815-182626-resnet18-224/checkpoint/checkpoint-290.pth.tar', 78.23000014648437)
 ('./output/train/20250815-182626-resnet18-224/checkpoint/checkpoint-288.pth.tar', 78.20999998779297)
 ('./output/train/20250815-182626-resnet18-224/checkpoint/checkpoint-292.pth.tar', 78.08000003662109)
 ('./output/train/20250815-182626-resnet18-224/checkpoint/checkpoint-289.pth.tar', 78.06999987792969)
 ('./output/train/20250815-182626-resnet18-224/checkpoint/checkpoint-293.pth.tar', 78.03000014648437)
 ('./output/train/20250815-182626-resnet18-224/checkpoint/checkpoint-291.pth.tar', 78.02000013427734)
 ('./output/train/20250815-182626-resnet18-224/checkpoint/checkpoint-283.pth.tar', 77.99000007324219)
 ('./output/train/20250815-182626-resnet18-224/checkpoint/checkpoint-278.pth.tar', 77.97999990234375)
 ('./output/train/20250815-182626-resnet18-224/checkpoint/checkpoint-276.pth.tar', 77.95999997558594)
 ('./output/train/20250815-182626-resnet18-224/checkpoint/checkpoint-285.pth.tar', 77.88000008544923)

2025-08-15 19:51:29,738 -                train: [    INFO] - Train: 294 [   0/97 (  0%)]  Loss: 3.323 (3.32)  Loss_feat: 2.190 (2.19)  Loss_gt: 1.132 (1.13) LR: 1.048e-03
2025-08-15 19:51:45,618 -                train: [    INFO] - Train: 294 [  96/97 (100%)]  Loss: 3.340 (3.33)  Loss_feat: 2.182 (2.19)  Loss_gt: 1.158 (1.15) LR: 1.048e-03
2025-08-15 19:51:45,618 -                train: [    INFO] - Distributing BatchNorm running means and vars
2025-08-15 19:51:45,964 -                train: [    INFO] - Test: [   0/19]  Time: 0.343 (0.343)  Loss:  0.9447 (0.9447)  Acc@1: 78.5156 (78.5156)  Acc@5: 93.5547 (93.5547)
2025-08-15 19:51:46,443 -                train: [    INFO] - Test: [  19/19]  Time: 0.009 (0.041)  Loss:  0.9264 (0.9549)  Acc@1: 80.8824 (78.2400)  Acc@5: 94.8529 (94.4100)
2025-08-15 19:51:46,833 - timm.utils.checkpoint_saver: [    INFO] - Current checkpoints:
 ('./output/train/20250815-182626-resnet18-224/checkpoint/checkpoint-294.pth.tar', 78.24000004882812)
 ('./output/train/20250815-182626-resnet18-224/checkpoint/checkpoint-290.pth.tar', 78.23000014648437)
 ('./output/train/20250815-182626-resnet18-224/checkpoint/checkpoint-288.pth.tar', 78.20999998779297)
 ('./output/train/20250815-182626-resnet18-224/checkpoint/checkpoint-292.pth.tar', 78.08000003662109)
 ('./output/train/20250815-182626-resnet18-224/checkpoint/checkpoint-289.pth.tar', 78.06999987792969)
 ('./output/train/20250815-182626-resnet18-224/checkpoint/checkpoint-293.pth.tar', 78.03000014648437)
 ('./output/train/20250815-182626-resnet18-224/checkpoint/checkpoint-291.pth.tar', 78.02000013427734)
 ('./output/train/20250815-182626-resnet18-224/checkpoint/checkpoint-283.pth.tar', 77.99000007324219)
 ('./output/train/20250815-182626-resnet18-224/checkpoint/checkpoint-278.pth.tar', 77.97999990234375)
 ('./output/train/20250815-182626-resnet18-224/checkpoint/checkpoint-276.pth.tar', 77.95999997558594)

2025-08-15 19:51:47,092 -                train: [    INFO] - Train: 295 [   0/97 (  0%)]  Loss: 3.283 (3.28)  Loss_feat: 2.124 (2.12)  Loss_gt: 1.159 (1.16) LR: 1.034e-03
2025-08-15 19:52:03,022 -                train: [    INFO] - Train: 295 [  96/97 (100%)]  Loss: 3.289 (3.29)  Loss_feat: 2.121 (2.12)  Loss_gt: 1.168 (1.16) LR: 1.034e-03
2025-08-15 19:52:03,022 -                train: [    INFO] - Distributing BatchNorm running means and vars
2025-08-15 19:52:03,344 -                train: [    INFO] - Test: [   0/19]  Time: 0.318 (0.318)  Loss:  0.9497 (0.9497)  Acc@1: 80.0781 (80.0781)  Acc@5: 94.3359 (94.3359)
2025-08-15 19:52:03,844 -                train: [    INFO] - Test: [  19/19]  Time: 0.009 (0.041)  Loss:  0.9196 (0.9678)  Acc@1: 80.1471 (78.3900)  Acc@5: 94.4853 (94.6000)
2025-08-15 19:52:04,159 - timm.utils.checkpoint_saver: [    INFO] - Current checkpoints:
 ('./output/train/20250815-182626-resnet18-224/checkpoint/checkpoint-295.pth.tar', 78.38999993896485)
 ('./output/train/20250815-182626-resnet18-224/checkpoint/checkpoint-294.pth.tar', 78.24000004882812)
 ('./output/train/20250815-182626-resnet18-224/checkpoint/checkpoint-290.pth.tar', 78.23000014648437)
 ('./output/train/20250815-182626-resnet18-224/checkpoint/checkpoint-288.pth.tar', 78.20999998779297)
 ('./output/train/20250815-182626-resnet18-224/checkpoint/checkpoint-292.pth.tar', 78.08000003662109)
 ('./output/train/20250815-182626-resnet18-224/checkpoint/checkpoint-289.pth.tar', 78.06999987792969)
 ('./output/train/20250815-182626-resnet18-224/checkpoint/checkpoint-293.pth.tar', 78.03000014648437)
 ('./output/train/20250815-182626-resnet18-224/checkpoint/checkpoint-291.pth.tar', 78.02000013427734)
 ('./output/train/20250815-182626-resnet18-224/checkpoint/checkpoint-283.pth.tar', 77.99000007324219)
 ('./output/train/20250815-182626-resnet18-224/checkpoint/checkpoint-278.pth.tar', 77.97999990234375)

2025-08-15 19:52:04,434 -                train: [    INFO] - Train: 296 [   0/97 (  0%)]  Loss: 3.230 (3.23)  Loss_feat: 2.073 (2.07)  Loss_gt: 1.157 (1.16) LR: 1.021e-03
2025-08-15 19:52:20,329 -                train: [    INFO] - Train: 296 [  96/97 (100%)]  Loss: 3.244 (3.24)  Loss_feat: 2.077 (2.07)  Loss_gt: 1.167 (1.16) LR: 1.021e-03
2025-08-15 19:52:20,329 -                train: [    INFO] - Distributing BatchNorm running means and vars
2025-08-15 19:52:20,686 -                train: [    INFO] - Test: [   0/19]  Time: 0.353 (0.353)  Loss:  0.9731 (0.9731)  Acc@1: 78.9062 (78.9062)  Acc@5: 93.7500 (93.7500)
2025-08-15 19:52:21,138 -                train: [    INFO] - Test: [  19/19]  Time: 0.009 (0.040)  Loss:  0.9386 (0.9810)  Acc@1: 79.0441 (78.1100)  Acc@5: 93.3824 (94.3200)
2025-08-15 19:52:21,476 - timm.utils.checkpoint_saver: [    INFO] - Current checkpoints:
 ('./output/train/20250815-182626-resnet18-224/checkpoint/checkpoint-295.pth.tar', 78.38999993896485)
 ('./output/train/20250815-182626-resnet18-224/checkpoint/checkpoint-294.pth.tar', 78.24000004882812)
 ('./output/train/20250815-182626-resnet18-224/checkpoint/checkpoint-290.pth.tar', 78.23000014648437)
 ('./output/train/20250815-182626-resnet18-224/checkpoint/checkpoint-288.pth.tar', 78.20999998779297)
 ('./output/train/20250815-182626-resnet18-224/checkpoint/checkpoint-296.pth.tar', 78.11000008544922)
 ('./output/train/20250815-182626-resnet18-224/checkpoint/checkpoint-292.pth.tar', 78.08000003662109)
 ('./output/train/20250815-182626-resnet18-224/checkpoint/checkpoint-289.pth.tar', 78.06999987792969)
 ('./output/train/20250815-182626-resnet18-224/checkpoint/checkpoint-293.pth.tar', 78.03000014648437)
 ('./output/train/20250815-182626-resnet18-224/checkpoint/checkpoint-291.pth.tar', 78.02000013427734)
 ('./output/train/20250815-182626-resnet18-224/checkpoint/checkpoint-283.pth.tar', 77.99000007324219)

2025-08-15 19:52:21,749 -                train: [    INFO] - Train: 297 [   0/97 (  0%)]  Loss: 3.202 (3.20)  Loss_feat: 2.022 (2.02)  Loss_gt: 1.180 (1.18) LR: 1.012e-03
2025-08-15 19:52:37,665 -                train: [    INFO] - Train: 297 [  96/97 (100%)]  Loss: 3.211 (3.21)  Loss_feat: 2.027 (2.02)  Loss_gt: 1.184 (1.18) LR: 1.012e-03
2025-08-15 19:52:37,665 -                train: [    INFO] - Distributing BatchNorm running means and vars
2025-08-15 19:52:38,008 -                train: [    INFO] - Test: [   0/19]  Time: 0.339 (0.339)  Loss:  0.9835 (0.9835)  Acc@1: 78.3203 (78.3203)  Acc@5: 93.5547 (93.5547)
2025-08-15 19:52:38,496 -                train: [    INFO] - Test: [  19/19]  Time: 0.009 (0.041)  Loss:  0.9711 (0.9929)  Acc@1: 78.6765 (78.1600)  Acc@5: 95.2206 (94.3200)
2025-08-15 19:52:39,062 - timm.utils.checkpoint_saver: [    INFO] - Current checkpoints:
 ('./output/train/20250815-182626-resnet18-224/checkpoint/checkpoint-295.pth.tar', 78.38999993896485)
 ('./output/train/20250815-182626-resnet18-224/checkpoint/checkpoint-294.pth.tar', 78.24000004882812)
 ('./output/train/20250815-182626-resnet18-224/checkpoint/checkpoint-290.pth.tar', 78.23000014648437)
 ('./output/train/20250815-182626-resnet18-224/checkpoint/checkpoint-288.pth.tar', 78.20999998779297)
 ('./output/train/20250815-182626-resnet18-224/checkpoint/checkpoint-297.pth.tar', 78.16000013427734)
 ('./output/train/20250815-182626-resnet18-224/checkpoint/checkpoint-296.pth.tar', 78.11000008544922)
 ('./output/train/20250815-182626-resnet18-224/checkpoint/checkpoint-292.pth.tar', 78.08000003662109)
 ('./output/train/20250815-182626-resnet18-224/checkpoint/checkpoint-289.pth.tar', 78.06999987792969)
 ('./output/train/20250815-182626-resnet18-224/checkpoint/checkpoint-293.pth.tar', 78.03000014648437)
 ('./output/train/20250815-182626-resnet18-224/checkpoint/checkpoint-291.pth.tar', 78.02000013427734)

2025-08-15 19:52:39,336 -                train: [    INFO] - Train: 298 [   0/97 (  0%)]  Loss: 3.205 (3.20)  Loss_feat: 2.005 (2.01)  Loss_gt: 1.199 (1.20) LR: 1.005e-03
2025-08-15 19:52:55,258 -                train: [    INFO] - Train: 298 [  96/97 (100%)]  Loss: 3.181 (3.19)  Loss_feat: 2.011 (2.01)  Loss_gt: 1.171 (1.18) LR: 1.005e-03
2025-08-15 19:52:55,259 -                train: [    INFO] - Distributing BatchNorm running means and vars
2025-08-15 19:52:55,572 -                train: [    INFO] - Test: [   0/19]  Time: 0.309 (0.309)  Loss:  0.9512 (0.9512)  Acc@1: 78.5156 (78.5156)  Acc@5: 94.3359 (94.3359)
2025-08-15 19:52:56,079 -                train: [    INFO] - Test: [  19/19]  Time: 0.009 (0.041)  Loss:  0.9353 (0.9685)  Acc@1: 79.4118 (78.4700)  Acc@5: 94.4853 (94.5800)
2025-08-15 19:52:56,520 - timm.utils.checkpoint_saver: [    INFO] - Current checkpoints:
 ('./output/train/20250815-182626-resnet18-224/checkpoint/checkpoint-298.pth.tar', 78.47000003662109)
 ('./output/train/20250815-182626-resnet18-224/checkpoint/checkpoint-295.pth.tar', 78.38999993896485)
 ('./output/train/20250815-182626-resnet18-224/checkpoint/checkpoint-294.pth.tar', 78.24000004882812)
 ('./output/train/20250815-182626-resnet18-224/checkpoint/checkpoint-290.pth.tar', 78.23000014648437)
 ('./output/train/20250815-182626-resnet18-224/checkpoint/checkpoint-288.pth.tar', 78.20999998779297)
 ('./output/train/20250815-182626-resnet18-224/checkpoint/checkpoint-297.pth.tar', 78.16000013427734)
 ('./output/train/20250815-182626-resnet18-224/checkpoint/checkpoint-296.pth.tar', 78.11000008544922)
 ('./output/train/20250815-182626-resnet18-224/checkpoint/checkpoint-292.pth.tar', 78.08000003662109)
 ('./output/train/20250815-182626-resnet18-224/checkpoint/checkpoint-289.pth.tar', 78.06999987792969)
 ('./output/train/20250815-182626-resnet18-224/checkpoint/checkpoint-293.pth.tar', 78.03000014648437)

2025-08-15 19:52:56,793 -                train: [    INFO] - Train: 299 [   0/97 (  0%)]  Loss: 3.180 (3.18)  Loss_feat: 1.993 (1.99)  Loss_gt: 1.186 (1.19) LR: 1.001e-03
2025-08-15 19:53:12,726 -                train: [    INFO] - Train: 299 [  96/97 (100%)]  Loss: 3.174 (3.18)  Loss_feat: 1.986 (1.99)  Loss_gt: 1.188 (1.19) LR: 1.001e-03
2025-08-15 19:53:12,726 -                train: [    INFO] - Distributing BatchNorm running means and vars
2025-08-15 19:53:12,992 -                train: [    INFO] - Test: [   0/19]  Time: 0.261 (0.261)  Loss:  0.9474 (0.9474)  Acc@1: 80.2734 (80.2734)  Acc@5: 94.5312 (94.5312)
2025-08-15 19:53:13,524 -                train: [    INFO] - Test: [  19/19]  Time: 0.009 (0.040)  Loss:  0.9166 (0.9631)  Acc@1: 80.1471 (77.9700)  Acc@5: 93.3824 (94.5400)
2025-08-15 19:53:14,381 -                train: [    INFO] - *** Best metric: 78.47000003662109 (epoch 298)
